0	-30.1323
1	-31.3265
2	-44.8096
3	-50.2392
4	-50.4601
5	-50.6852
6	-50.2248
7	-50.3972
8	-50.36
9	-50.597
10	-50.923
11	-50.7782
12	-50.91
13	-50.9323
14	-50.8194
15	-51.0844
16	-50.3145
17	-50.2504
18	-50.7516
19	-51.2249
20	-51.4081
21	-51.1699
22	-50.4445
23	-50.2882
24	-50.3793
25	-50.7312
26	-50.5232
27	-50.4777
28	-50.6827
29	-50.6841
30	-51.0867
31	-51.0387
32	-50.9862
33	-50.4874
34	-50.7964
35	-50.4948
36	-50.4094
37	-50.831
38	-50.9587
39	-51.2197
40	-50.9102
41	-50.814
42	-50.9285
43	-51.333
44	-51.1324
45	-51.1268
46	-51.1363
47	-50.8169
48	-50.8921
49	-50.6912
50	-51.2147
51	-50.9362
52	-50.7136
53	-50.6512
54	-50.5608
55	-50.5258
56	-50.3524
57	-50.6201
58	-50.9089
59	-51.0428
60	-51.3095
61	-51.103
62	-51.0457
63	-50.8052
64	-50.7748
65	-50.8464
66	-51.0049
67	-51.0512
68	-51
69	-51.1566
70	-51.0355
71	-50.993
72	-51.1837
73	-51.4702
74	-50.7814
75	-50.5084
76	-50.5932
77	-51.1443
78	-51.3957
79	-51.0013
80	-50.5801
81	-50.7992
82	-50.8596
83	-50.7566
84	-50.4225
85	-50.692
86	-50.7265
87	-51.2569
88	-51.5239
89	-51.118
90	-50.7791
91	-50.7657
92	-50.578
93	-50.4027
94	-50.8824
95	-50.9646
96	-51.1988
97	-51.1836
98	-51.0877
99	-50.574
100	-50.5471
101	-50.9319
102	-50.8812
103	-50.9005
104	-51.005
105	-50.5827
106	-50.8787
107	-51.3184
108	-51.2227
109	-51.0818
110	-51.2715
111	-50.967
112	-50.8935
113	-50.8593
114	-51.1583
115	-50.7401
116	-50.9528
117	-51.0389
118	-51.1284
119	-50.7613
120	-50.7761
121	-51.0868
122	-51.4655
123	-51.2822
124	-50.9951
125	-50.9845
126	-50.7888
127	-51.2635
128	-50.9665
129	-50.864
130	-50.9107
131	-51.1508
132	-50.7817
133	-50.8301
134	-50.918
135	-50.9021
136	-51.0784
137	-50.7691
138	-50.9002
139	-50.4426
140	-50.6418
141	-51.1806
142	-50.9897
143	-51.0409
144	-51.3579
145	-50.9095
146	-50.8116
147	-50.5734
148	-50.929
149	-50.8447
150	-50.5922
151	-51.1496
152	-51.3737
153	-51.0355
154	-51.2917
155	-51.3813
156	-51.6536
157	-51.2274
158	-51.1981
159	-51.2833
160	-50.7643
161	-51.0234
162	-50.9296
163	-51.0993
164	-50.9829
165	-50.9842
166	-50.959
167	-51.0875
168	-50.7513
169	-50.8621
170	-50.9511
171	-51.327
172	-51.1361
173	-50.8602
174	-51.28
175	-51.1562
176	-51.2333
177	-51.2795
178	-50.9436
179	-51.0288
180	-51.3505
181	-51.5923
182	-51.5016
183	-51.441
184	-51.0567
185	-50.9593
186	-51.514
187	-50.7766
188	-50.4625
189	-50.7184
190	-51.226
191	-51.0822
192	-51.2578
193	-51.3348
194	-50.9414
195	-50.9622
196	-50.9304
197	-51.176
198	-50.8719
199	-51.1844
200	-51.2145
201	-51.2317
202	-51.2024
203	-51.1081
204	-50.837
205	-50.7808
206	-51.1634
207	-51.8533
208	-51.258
209	-50.8716
210	-51.2388
211	-51.5502
212	-51.3297
213	-51.1185
214	-50.9268
215	-50.8381
216	-50.8505
217	-51.1207
218	-51.3038
219	-51.3715
220	-51.2743
221	-50.8184
222	-51.3069
223	-51.1578
224	-50.7389
225	-51.3764
226	-51.4883
227	-51.0598
228	-51.2657
229	-50.899
230	-50.7415
231	-51.013
232	-51.132
233	-51.0551
234	-51.0067
235	-50.8075
236	-50.9481
237	-50.8521
238	-51.0613
239	-51.2691
240	-51.3954
241	-51.3077
242	-51.3397
243	-51.0837
244	-50.9511
245	-51.3589
246	-51.523
247	-51.493
248	-51.5873
249	-51.4484
250	-51.6045
251	-51.1381
252	-51.1595
253	-51.215
254	-51.3036
255	-51.6928
256	-51.2021
257	-51.0636
258	-51.2665
259	-51.1166
260	-51.2108
261	-51.0543
262	-50.8294
263	-51.048
264	-51.046
265	-50.8858
266	-51.2641
267	-51.1721
268	-51.2971
269	-51.1153
270	-51.5809
271	-51.532
272	-51.206
273	-51.5287
274	-51.1913
275	-51.0641
276	-51.0727
277	-51.4292
278	-51.429
279	-50.9737
280	-51.003
281	-51.3297
282	-51.6904
283	-51.4855
284	-51.7001
285	-52.1792
286	-51.8363
287	-51.5383
288	-51.2466
289	-51.0595
290	-51.1464
291	-51.7648
292	-51.7264
293	-51.7905
294	-51.6183
295	-51.5893
296	-51.8585
297	-51.3796
298	-51.2566
299	-50.7299
300	-49.8207
301	-50.8166
302	-51.3098
303	-51.7205
304	-51.6082
305	-51.0801
306	-51.1904
307	-51.122
308	-51.9652
309	-51.4681
310	-51.3338
311	-51.541
312	-51.4801
313	-51.1405
314	-51.1846
315	-51.4029
316	-51.5541
317	-51.7082
318	-51.468
319	-51.4421
320	-51.507
321	-50.9401
322	-50.8702
323	-51.4959
324	-51.6346
325	-51.5048
326	-51.7347
327	-51.214
328	-51.3918
329	-51.467
330	-51.4536
331	-51.551
332	-51.5563
333	-51.3268
334	-51.6332
335	-51.7428
336	-51.3635
337	-51.3412
338	-51.7392
339	-51.4252
340	-51.6407
341	-51.996
342	-51.8734
343	-51.4646
344	-51.3957
345	-51.3616
346	-51.5327
347	-51.8857
348	-51.5916
349	-51.6236
350	-51.2996
351	-51.4135
352	-51.5004
353	-51.4406
354	-51.7227
355	-51.545
356	-51.0479
357	-51.218
358	-51.5299
359	-51.6386
360	-52.1371
361	-51.558
362	-51.4762
363	-51.6165
364	-51.5713
365	-51.4041
366	-52.0737
367	-51.8033
368	-51.7418
369	-51.6162
370	-51.5538
371	-51.5589
372	-51.7096
373	-51.6815
374	-51.7042
375	-51.6068
376	-51.584
377	-51.4806
378	-51.4649
379	-51.1799
380	-51.5074
381	-51.6586
382	-51.6406
383	-51.6351
384	-51.6735
385	-51.5114
386	-51.2026
387	-51.5718
388	-51.6143
389	-51.3555
390	-51.8734
391	-51.4786
392	-51.5685
393	-51.6113
394	-51.511
395	-51.5335
396	-51.8219
397	-51.7216
398	-51.7015
399	-51.8653
400	-52.4751
401	-52.1703
402	-52.4192
403	-52.1491
404	-51.7569
405	-51.8124
406	-51.6604
407	-51.7631
408	-51.7039
409	-51.7306
410	-51.9577
411	-51.9469
412	-51.9481
413	-52.0487
414	-52.1006
415	-51.9545
416	-51.7378
417	-52.1803
418	-51.9132
419	-51.9512
420	-52.1955
421	-52.08
422	-51.9494
423	-52.0257
424	-52.1116
425	-51.9763
426	-52.1576
427	-52.1874
428	-52.0449
429	-51.8292
430	-51.7297
431	-52.0949
432	-51.6175
433	-51.9408
434	-51.8598
435	-51.6357
436	-51.5968
437	-51.6287
438	-51.8051
439	-52.2267
440	-52.2211
441	-52.262
442	-52.6637
443	-52.466
444	-52.1447
445	-51.5371
446	-52.1595
447	-52.3518
448	-52.3495
449	-52.0948
450	-52.0162
451	-52.2262
452	-52.0259
453	-52.1582
454	-52.2028
455	-52.0186
456	-51.9846
457	-51.8492
458	-51.5516
459	-51.8746
460	-51.9472
461	-51.9623
462	-52.4984
463	-51.9321
464	-51.8823
465	-52.0948
466	-52.197
467	-52.0156
468	-52.2345
469	-52.0452
470	-52.0523
471	-52.4923
472	-52.4287
473	-52.3134
474	-51.8539
475	-51.8028
476	-52.0741
477	-51.8862
478	-51.884
479	-52.3014
480	-52.0562
481	-51.9254
482	-51.7582
483	-52.187
484	-51.889
485	-52.201
486	-52.3996
487	-52.2867
488	-52.3998
489	-52.1821
490	-51.8004
491	-51.8588
492	-52.1634
493	-51.8081
494	-51.7713
495	-52.3484
496	-51.9501
497	-51.9157
498	-52.402
499	-52.1816
500	-52.3076
501	-52.1332
502	-51.8634
503	-52.0925
504	-52.2737
505	-52.0324
506	-52.5539
507	-52.0963
508	-52.3725
509	-52.1166
510	-52.2133
511	-52.6597
512	-52.3963
513	-52.3119
514	-51.9078
515	-51.9966
516	-52.1641
517	-52.4415
518	-52.4297
519	-52.5892
520	-52.508
521	-51.9891
522	-52.0212
523	-52.4501
524	-53.094
525	-52.559
526	-52.0819
527	-52.241
528	-52.4875
529	-52.57
530	-52.5132
531	-52.1984
532	-52.4605
533	-52.3561
534	-52.3438
535	-52.1963
536	-52.5945
537	-52.3957
538	-52.1872
539	-52.0209
540	-52.2102
541	-52.7008
542	-52.4028
543	-52.2497
544	-52.3413
545	-52.1848
546	-52.2414
547	-52.364
548	-52.1904
549	-52.3646
550	-52.6308
551	-52.8858
552	-52.7032
553	-52.6174
554	-52.7881
555	-52.754
556	-52.7605
557	-52.5943
558	-52.4243
559	-52.3755
560	-52.6492
561	-52.5566
562	-52.7566
563	-52.8655
564	-52.6479
565	-51.7266
566	-51.9869
567	-52.5194
568	-52.3098
569	-52.4498
570	-52.6607
571	-52.5687
572	-52.608
573	-52.4378
574	-52.6228
575	-52.8864
576	-52.9329
577	-52.7686
578	-52.8812
579	-52.7004
580	-52.8155
581	-52.5147
582	-52.6439
583	-53.1135
584	-52.7717
585	-52.532
586	-52.1901
587	-52.3796
588	-52.6548
589	-52.5181
590	-52.3685
591	-52.55
592	-52.2076
593	-52.5878
594	-52.6491
595	-52.1573
596	-52.4663
597	-52.9265
598	-52.8405
599	-52.9221
600	-52.7019
601	-52.2205
602	-52.3531
603	-52.8919
604	-52.7432
605	-52.8613
606	-52.6078
607	-52.9844
608	-52.9036
609	-52.8929
610	-53.5351
611	-52.9019
612	-52.8954
613	-52.762
614	-52.5952
615	-52.7502
616	-53.0042
617	-53.0593
618	-52.5842
619	-52.392
620	-52.5041
621	-52.4429
622	-52.414
623	-52.8213
624	-53.0585
625	-53.0526
626	-53.0647
627	-52.9484
628	-52.6862
629	-53.0342
630	-52.9273
631	-52.7401
632	-52.6565
633	-53.0469
634	-53.178
635	-52.8592
636	-53.1296
637	-53.1942
638	-53.1188
639	-52.683
640	-52.7173
641	-52.5864
642	-52.5168
643	-52.7142
644	-53.1159
645	-52.9046
646	-52.6494
647	-52.5262
648	-52.8159
649	-53.0311
650	-53.4222
651	-53.2844
652	-52.8448
653	-52.9319
654	-52.5206
655	-52.5743
656	-53.202
657	-53.0547
658	-52.9594
659	-52.8921
660	-52.7438
661	-53.1309
662	-53.2324
663	-53.0457
664	-53.1758
665	-53.0439
666	-53.4206
667	-53.1884
668	-53.1448
669	-53.2516
670	-53.1657
671	-53.4395
672	-53.0233
673	-52.4844
674	-52.4955
675	-52.9392
676	-52.8934
677	-52.8715
678	-52.8308
679	-52.9666
680	-53.0271
681	-53.3626
682	-53.4771
683	-53.3081
684	-53.1969
685	-53.0226
686	-52.8549
687	-52.9064
688	-52.8171
689	-52.7511
690	-52.784
691	-52.9126
692	-53.4503
693	-53.4417
694	-53.1168
695	-53.0146
696	-52.8029
697	-52.9532
698	-53.3051
699	-53.2515
700	-53.1661
701	-53.3825
702	-53.1018
703	-53.0047
704	-53.27
705	-53.0962
706	-52.9433
707	-52.9081
708	-52.9869
709	-53.2349
710	-53.3849
711	-53.2073
712	-53.1777
713	-53.0704
714	-53.2529
715	-53.1008
716	-52.9467
717	-53.1374
718	-53.1567
719	-53.1619
720	-53.167
721	-53.3363
722	-53.1816
723	-53.0048
724	-52.6852
725	-52.666
726	-53.026
727	-53.3565
728	-53.4065
729	-53.2993
730	-53.2207
731	-53.1302
732	-53.1631
733	-53.5902
734	-53.9916
735	-53.6212
736	-53.1997
737	-53.1184
738	-52.9816
739	-53.0253
740	-53.1623
741	-53.5819
742	-53.4374
743	-53.337
744	-53.4947
745	-53.5139
746	-53.3657
747	-53.3096
748	-53.3034
749	-53.4729
750	-53.2412
751	-53.401
752	-53.1554
753	-52.7893
754	-52.8186
755	-53.6112
756	-53.4154
757	-53.4573
758	-53.2949
759	-53.4456
760	-53.4295
761	-53.8099
762	-53.7688
763	-53.9463
764	-53.4752
765	-53.7708
766	-53.6264
767	-53.8299
768	-53.2332
769	-53.1328
770	-53.3158
771	-53.2616
772	-53.256
773	-53.3821
774	-53.1741
775	-52.9497
776	-53.3963
777	-53.3022
778	-52.9978
779	-53.274
780	-52.82
781	-53.0085
782	-53.4873
783	-53.5415
784	-53.8699
785	-53.5772
786	-53.7577
787	-53.8019
788	-53.4916
789	-53.4078
790	-53.5321
791	-53.6444
792	-53.2165
793	-53.1841
794	-53.5526
795	-53.4036
796	-52.9971
797	-53.4533
798	-53.4724
799	-53.667
800	-53.4802
801	-53.2969
802	-53.726
803	-54.1231
804	-53.7253
805	-53.733
806	-53.4752
807	-53.9346
808	-53.8637
809	-53.1782
810	-53.0151
811	-53.3627
812	-53.4444
813	-53.8216
814	-53.4996
815	-53.6192
816	-53.9954
817	-54.0308
818	-53.9811
819	-53.9309
820	-53.8622
821	-53.6451
822	-53.3472
823	-53.64
824	-53.6604
825	-53.5288
826	-53.6313
827	-53.7332
828	-53.5166
829	-53.3872
830	-53.3034
831	-53.821
832	-53.9588
833	-53.9676
834	-53.304
835	-53.5002
836	-53.6636
837	-54.0573
838	-53.7258
839	-53.6948
840	-53.5112
841	-53.4187
842	-53.6363
843	-53.6995
844	-53.6031
845	-53.7018
846	-53.5315
847	-53.0258
848	-53.493
849	-53.6088
850	-53.7612
851	-54.1208
852	-53.3518
853	-53.4547
854	-53.3559
855	-53.3804
856	-53.68
857	-53.8275
858	-54.259
859	-53.4727
860	-53.875
861	-53.5653
862	-53.8153
863	-54.2038
864	-54.4039
865	-53.8955
866	-54.1104
867	-54.3887
868	-53.9565
869	-53.841
870	-54.0066
871	-53.9363
872	-54.1016
873	-54.3755
874	-53.8021
875	-53.837
876	-54.4044
877	-54.1006
878	-53.8435
879	-53.5071
880	-53.6424
881	-54.1512
882	-54.1179
883	-53.9922
884	-54.1996
885	-54.1447
886	-54.0867
887	-53.9741
888	-53.7421
889	-53.479
890	-53.9756
891	-54.1563
892	-53.9683
893	-53.865
894	-54.1133
895	-53.7413
896	-54.1653
897	-54.0591
898	-54.0359
899	-53.8734
900	-54.0599
901	-53.8568
902	-54.082
903	-54.0812
904	-53.7981
905	-54.1016
906	-54.4114
907	-54.3733
908	-53.742
909	-53.6931
910	-53.8791
911	-54.0326
912	-53.8847
913	-54.1833
914	-53.7723
915	-54.3601
916	-54.2249
917	-54.1619
918	-54.2344
919	-54.1221
920	-53.9476
921	-54.1584
922	-54.2264
923	-53.8118
924	-53.8202
925	-53.6255
926	-54.2816
927	-54.3396
928	-54.4207
929	-54.2723
930	-54.1882
931	-54.3785
932	-54.3348
933	-54.2131
934	-54.0843
935	-54.4248
936	-54.2354
937	-53.9807
938	-53.7652
939	-54.2342
940	-54.6172
941	-54.4108
942	-54.1585
943	-54.4399
944	-54.512
945	-54.0636
946	-54.5742
947	-54.5288
948	-53.9484
949	-53.5554
950	-53.5873
951	-54.0648
952	-54.5312
953	-54.1965
954	-54.109
955	-54.4945
956	-54.5462
957	-54.4935
958	-53.8847
959	-54.4147
960	-54.6586
961	-54.375
962	-54.1657
963	-54.4085
964	-54.9096
965	-54.6955
966	-54.4212
967	-54.3867
968	-54.4532
969	-54.491
970	-54.1477
971	-54.1137
972	-54.3217
973	-54.3011
974	-54.2484
975	-54.1845
976	-54.0827
977	-54.3381
978	-54.5374
979	-54.6499
980	-54.7142
981	-54.4734
982	-54.5813
983	-54.4786
984	-54.4815
985	-54.3528
986	-54.4882
987	-54.6818
988	-54.1474
989	-54.6338
990	-54.7847
991	-54.5073
992	-54.4498
993	-54.6638
994	-54.7517
995	-54.6018
996	-54.3042
997	-54.3623
998	-54.3052
999	-54.5167
1000	-54.2556
1001	-54.8447
1002	-54.7867
1003	-54.0506
1004	-54.1053
1005	-54.2413
1006	-54.1763
1007	-54.3326
1008	-54.6355
1009	-54.551
1010	-54.4952
1011	-54.7965
1012	-54.4243
1013	-54.4182
1014	-54.4858
1015	-54.4715
1016	-54.2325
1017	-54.6342
1018	-55.0028
1019	-54.7882
1020	-54.4725
1021	-54.3323
1022	-54.7713
1023	-54.7881
1024	-54.6424
1025	-54.8293
1026	-54.635
1027	-54.5336
1028	-54.4987
1029	-54.6933
1030	-54.495
1031	-54.4981
1032	-55.0571
1033	-54.8729
1034	-54.3234
1035	-54.6485
1036	-54.7352
1037	-54.7572
1038	-54.7722
1039	-54.5419
1040	-54.9099
1041	-54.7094
1042	-54.5898
1043	-54.6429
1044	-54.9526
1045	-54.7464
1046	-54.5776
1047	-54.6192
1048	-54.5858
1049	-54.3124
1050	-54.7445
1051	-54.9813
1052	-54.5491
1053	-54.578
1054	-54.1894
1055	-54.9309
1056	-54.806
1057	-54.6004
1058	-54.4034
1059	-54.5203
1060	-54.5506
1061	-54.781
1062	-54.904
1063	-54.8908
1064	-54.9683
1065	-55.0378
1066	-54.7499
1067	-54.6907
1068	-54.8898
1069	-54.7537
1070	-54.9508
1071	-55.0344
1072	-54.9489
1073	-55.0973
1074	-54.6609
1075	-54.9361
1076	-54.9061
1077	-55.0136
1078	-54.7454
1079	-54.7815
1080	-54.748
1081	-55.057
1082	-54.6443
1083	-54.4174
1084	-54.9562
1085	-54.7344
1086	-54.8782
1087	-54.8975
1088	-55.1362
1089	-55.0557
1090	-54.6001
1091	-54.675
1092	-55.1208
1093	-55.3217
1094	-55.2253
1095	-55.0932
1096	-54.6517
1097	-54.3555
1098	-54.8917
1099	-54.8067
1100	-54.4173
1101	-55.0814
1102	-55.1659
1103	-54.8972
1104	-54.9675
1105	-55.0541
1106	-55.1457
1107	-55.5121
1108	-55.2301
1109	-54.6295
1110	-54.8111
1111	-54.9188
1112	-54.6695
1113	-55.4953
1114	-55.1365
1115	-54.8214
1116	-55.2668
1117	-55.0773
1118	-54.9114
1119	-54.5706
1120	-55.1467
1121	-55.4978
1122	-55.2236
1123	-55.1316
1124	-55.2612
1125	-55.0593
1126	-55.0655
1127	-54.8679
1128	-54.779
1129	-54.8958
1130	-55.0295
1131	-55.0221
1132	-55.3388
1133	-55.3954
1134	-55.0018
1135	-54.9499
1136	-54.9114
1137	-55.4416
1138	-55.5568
1139	-55.3719
1140	-55.0871
1141	-55.1273
1142	-55.3181
1143	-55.3444
1144	-55.6334
1145	-55.6818
1146	-55.6639
1147	-55.8056
1148	-55.489
1149	-55.0554
1150	-55.0479
1151	-54.9717
1152	-54.6858
1153	-55.0142
1154	-55.2764
1155	-55.4449
1156	-55.372
1157	-55.5084
1158	-55.1812
1159	-55.245
1160	-55.5716
1161	-55.3887
1162	-55.5499
1163	-55.1945
1164	-55.2007
1165	-55.5934
1166	-55.3085
1167	-54.8602
1168	-55.3296
1169	-55.2232
1170	-55.0973
1171	-55.2706
1172	-54.9185
1173	-55.1348
1174	-55.2562
1175	-55.3583
1176	-55.289
1177	-55.0575
1178	-55.0685
1179	-54.8715
1180	-55.1757
1181	-55.5381
1182	-55.3343
1183	-55.2069
1184	-54.9926
1185	-55.3256
1186	-55.6744
1187	-55.4992
1188	-55.3541
1189	-55.3765
1190	-55.248
1191	-55.4653
1192	-55.2205
1193	-55.6178
1194	-55.5407
1195	-55.3318
1196	-55.0471
1197	-55.1645
1198	-55.3925
1199	-55.3104
1200	-55.4327
1201	-55.1788
1202	-55.3593
1203	-55.286
1204	-55.3303
1205	-55.3468
1206	-55.2105
1207	-55.1975
1208	-55.3856
1209	-56.1291
1210	-55.6053
1211	-55.2185
1212	-55.6877
1213	-55.7857
1214	-55.5871
1215	-54.8264
1216	-55.1294
1217	-55.3531
1218	-55.5313
1219	-55.6837
1220	-55.9403
1221	-55.8637
1222	-55.731
1223	-55.2973
1224	-55.0032
1225	-55.4343
1226	-55.2587
1227	-55.4394
1228	-55.3621
1229	-55.9779
1230	-55.936
1231	-55.7556
1232	-55.7317
1233	-55.0994
1234	-55.2696
1235	-55.8461
1236	-55.9509
1237	-55.9732
1238	-55.698
1239	-55.8643
1240	-55.3636
1241	-55.5922
1242	-55.5279
1243	-55.3836
1244	-55.1346
1245	-55.5833
1246	-55.5421
1247	-55.7926
1248	-55.4347
1249	-55.57
1250	-56.1949
1251	-55.6721
1252	-55.606
1253	-55.9201
1254	-56.12
1255	-55.6194
1256	-55.6861
1257	-55.5767
1258	-56.05
1259	-55.7848
1260	-55.5714
1261	-55.4713
1262	-55.7989
1263	-55.6938
1264	-55.5383
1265	-56.1508
1266	-56.1128
1267	-55.8234
1268	-55.6266
1269	-55.611
1270	-56.0042
1271	-55.8629
1272	-55.525
1273	-55.5684
1274	-55.8157
1275	-56.0402
1276	-55.7989
1277	-55.7027
1278	-55.4634
1279	-55.4774
1280	-55.0261
1281	-55.1817
1282	-55.6179
1283	-55.6727
1284	-55.6825
1285	-55.776
1286	-55.7318
1287	-55.947
1288	-55.9997
1289	-56.0899
1290	-55.8062
1291	-55.8716
1292	-55.7244
1293	-55.4759
1294	-55.6035
1295	-55.7065
1296	-55.8044
1297	-55.9683
1298	-56.0516
1299	-56.0158
1300	-55.9591
1301	-55.7576
1302	-55.9201
1303	-55.9681
1304	-55.9087
1305	-55.6146
1306	-55.95
1307	-55.7609
1308	-55.8757
1309	-55.8597
1310	-55.7625
1311	-56.0826
1312	-55.8421
1313	-55.7337
1314	-56.1369
1315	-55.9418
1316	-56.0596
1317	-55.7263
1318	-55.6855
1319	-56.0389
1320	-55.9304
1321	-56.3868
1322	-56.4429
1323	-56.0273
1324	-55.943
1325	-56.2934
1326	-56.1852
1327	-55.9283
1328	-55.657
1329	-55.5053
1330	-55.8483
1331	-55.6921
1332	-55.5679
1333	-55.8353
1334	-56.0695
1335	-56.0713
1336	-55.8932
1337	-56.0385
1338	-56.0915
1339	-55.8818
1340	-56.3445
1341	-56.274
1342	-55.794
1343	-55.9776
1344	-56.4529
1345	-56.1852
1346	-55.8806
1347	-55.6527
1348	-55.5571
1349	-56.1708
1350	-56.5545
1351	-56.5959
1352	-56.2204
1353	-56.0333
1354	-55.9492
1355	-56.0063
1356	-56.0795
1357	-55.8644
1358	-56.2421
1359	-56.1712
1360	-55.944
1361	-56.0965
1362	-55.9971
1363	-56.2454
1364	-55.9629
1365	-55.7896
1366	-55.9716
1367	-55.9364
1368	-56.041
1369	-56.063
1370	-56.6542
1371	-56.632
1372	-56.3731
1373	-56.2872
1374	-56.3623
1375	-55.8609
1376	-55.8156
1377	-55.8935
1378	-55.6981
1379	-56.0118
1380	-56.3431
1381	-56.2934
1382	-56.3932
1383	-56.3835
1384	-56.6267
1385	-56.0626
1386	-55.969
1387	-56.1214
1388	-56.3892
1389	-56.7165
1390	-56.8374
1391	-56.5499
1392	-56.3661
1393	-55.9004
1394	-56.2771
1395	-56.0806
1396	-56.0567
1397	-55.8314
1398	-56.1015
1399	-56.0391
1400	-55.9415
1401	-56.1696
1402	-56.5151
1403	-56.3099
1404	-56.2856
1405	-56.5299
1406	-56.5855
1407	-56.4045
1408	-56.3533
1409	-56.3414
1410	-56.4086
1411	-56.2644
1412	-56.5143
1413	-56.5683
1414	-56.1887
1415	-55.851
1416	-56.1912
1417	-56.1143
1418	-56.1874
1419	-56.5183
1420	-56.5833
1421	-56.4849
1422	-56.2907
1423	-56.3215
1424	-56.2068
1425	-56.1475
1426	-56.3363
1427	-56.3889
1428	-56.7812
1429	-56.8128
1430	-56.3464
1431	-55.8207
1432	-56.3775
1433	-56.5773
1434	-56.3281
1435	-56.7986
1436	-56.4742
1437	-56.2678
1438	-56.2835
1439	-56.6453
1440	-56.7986
1441	-56.4038
1442	-56.687
1443	-56.2043
1444	-56.7359
1445	-56.5875
1446	-56.6115
1447	-56.3374
1448	-56.6646
1449	-56.2666
1450	-56.2341
1451	-56.645
1452	-56.6005
1453	-56.4449
1454	-56.1997
1455	-56.5966
1456	-56.2348
1457	-56.2103
1458	-56.6382
1459	-56.0842
1460	-56.4994
1461	-56.4034
1462	-56.3788
1463	-56.5137
1464	-56.4618
1465	-56.0946
1466	-56.5547
1467	-56.7887
1468	-56.6585
1469	-56.6325
1470	-56.6929
1471	-56.9223
1472	-56.6208
1473	-56.6971
1474	-56.4822
1475	-56.8177
1476	-56.8512
1477	-56.6881
1478	-56.7338
1479	-56.878
1480	-56.7644
1481	-56.5486
1482	-56.4427
1483	-56.5202
1484	-56.602
1485	-56.6156
1486	-56.929
1487	-56.7659
1488	-56.0885
1489	-56.0886
1490	-56.318
1491	-56.5135
1492	-56.5589
1493	-56.2709
1494	-56.3254
1495	-56.5803
1496	-56.3133
1497	-56.2697
1498	-56.5889
1499	-56.401
1500	-56.7883
1501	-56.6278
1502	-56.4952
1503	-56.3977
1504	-56.5288
1505	-56.5956
1506	-56.6249
1507	-56.9779
1508	-57.0402
1509	-56.762
1510	-56.7414
1511	-56.4554
1512	-56.6679
1513	-57.0175
1514	-56.7629
1515	-56.3545
1516	-56.8214
1517	-56.679
1518	-56.5423
1519	-56.4753
1520	-56.62
1521	-56.8523
1522	-56.6974
1523	-56.7928
1524	-56.8824
1525	-57.0611
1526	-56.7281
1527	-56.9088
1528	-56.9691
1529	-56.8167
1530	-57.1359
1531	-56.7703
1532	-56.9157
1533	-56.8461
1534	-57.1119
1535	-57.207
1536	-57.1278
1537	-56.6829
1538	-56.8455
1539	-56.8915
1540	-57.0763
1541	-57.1365
1542	-56.6508
1543	-56.6814
1544	-56.9032
1545	-56.3467
1546	-56.7411
1547	-56.3803
1548	-56.3884
1549	-56.7236
1550	-57.1321
1551	-57.3358
1552	-57.3543
1553	-57.1976
1554	-56.7111
1555	-56.4634
1556	-57.0082
1557	-57.0905
1558	-57.1569
1559	-56.5974
1560	-56.3758
1561	-56.8833
1562	-56.8989
1563	-57.6058
1564	-56.8475
1565	-56.5873
1566	-56.6596
1567	-57.0386
1568	-56.8363
1569	-56.8476
1570	-57.3024
1571	-56.8462
1572	-56.7809
1573	-56.8726
1574	-56.6634
1575	-57.1211
1576	-56.8762
1577	-56.8512
1578	-56.9642
1579	-57.2866
1580	-56.991
1581	-56.8533
1582	-56.6462
1583	-56.6866
1584	-56.878
1585	-57.079
1586	-56.7972
1587	-57.3242
1588	-57.1269
1589	-56.6564
1590	-57.157
1591	-57.1298
1592	-57.0745
1593	-56.6738
1594	-56.8375
1595	-57.0744
1596	-57.2552
1597	-57.2511
1598	-57.053
1599	-57.2212
1600	-57.1187
1601	-56.7875
1602	-56.5568
1603	-56.8445
1604	-56.6762
1605	-56.585
1606	-57.1178
1607	-57.0235
1608	-56.5552
1609	-56.692
1610	-57.2364
1611	-57.1319
1612	-57.0783
1613	-57.2863
1614	-57.2934
1615	-57.2558
1616	-57.2245
1617	-56.7174
1618	-57.1708
1619	-57.238
1620	-57.3322
1621	-57.4544
1622	-56.9974
1623	-56.6995
1624	-57.2932
1625	-56.7447
1626	-56.8684
1627	-56.9738
1628	-57.4323
1629	-57.3311
1630	-57.2878
1631	-57.281
1632	-57.2833
1633	-57.3444
1634	-57.2457
1635	-57.0031
1636	-57.1407
1637	-57.1203
1638	-57.075
1639	-57.0882
1640	-57.2658
1641	-56.8704
1642	-56.9217
1643	-57.6817
1644	-57.6347
1645	-56.9746
1646	-57.2356
1647	-57.1554
1648	-57.1892
1649	-56.8718
1650	-57.234
1651	-57.6859
1652	-57.648
1653	-57.5999
1654	-57.1317
1655	-57.1266
1656	-57.2932
1657	-57.1199
1658	-57.2587
1659	-57.0092
1660	-57.1608
1661	-57.2274
1662	-57.2284
1663	-57.0656
1664	-57.2551
1665	-57.4417
1666	-57.8235
1667	-57.3967
1668	-57.3523
1669	-57.2746
1670	-57.4697
1671	-57.6135
1672	-57.1916
1673	-56.9444
1674	-57.1222
1675	-57.2193
1676	-57.0179
1677	-56.7692
1678	-57.453
1679	-57.9622
1680	-57.8166
1681	-57.3761
1682	-57.1502
1683	-57.3184
1684	-57.2928
1685	-57.5148
1686	-57.4901
1687	-57.4645
1688	-57.5283
1689	-57.2434
1690	-57.7055
1691	-57.6459
1692	-57.5052
1693	-57.5321
1694	-57.3226
1695	-56.968
1696	-57.139
1697	-57.2918
1698	-57.5213
1699	-57.2349
1700	-57.5769
1701	-58.0831
1702	-58.1053
1703	-57.6297
1704	-57.5421
1705	-57.7969
1706	-57.7137
1707	-57.1163
1708	-57.068
1709	-56.902
1710	-57.4325
1711	-56.898
1712	-57.0941
1713	-57.5985
1714	-57.5851
1715	-57.4373
1716	-57.883
1717	-57.6394
1718	-57.4764
1719	-57.2391
1720	-57.5341
1721	-56.9999
1722	-57.1912
1723	-57.2561
1724	-57.2109
1725	-57.2375
1726	-57.671
1727	-57.6457
1728	-57.5128
1729	-57.4055
1730	-57.2679
1731	-57.6864
1732	-57.5275
1733	-57.5013
1734	-57.2683
1735	-57.5708
1736	-57.9831
1737	-57.6209
1738	-57.6702
1739	-57.3787
1740	-57.4434
1741	-58.3199
1742	-58.0415
1743	-57.6193
1744	-57.1401
1745	-57.1727
1746	-57.6022
1747	-57.7525
1748	-57.8551
1749	-58.432
1750	-57.8737
1751	-57.3269
1752	-57.2894
1753	-57.1212
1754	-57.6734
1755	-57.6245
1756	-57.4276
1757	-57.8651
1758	-57.821
1759	-57.8898
1760	-58.0395
1761	-57.8056
1762	-57.8955
1763	-57.3543
1764	-57.8371
1765	-58.04
1766	-57.6231
1767	-57.2083
1768	-57.4772
1769	-57.5148
1770	-57.6452
1771	-57.3447
1772	-57.8173
1773	-57.7637
1774	-57.2663
1775	-57.2947
1776	-57.8279
1777	-57.6151
1778	-57.8537
1779	-57.8605
1780	-58.1731
1781	-57.6856
1782	-57.9821
1783	-57.7879
1784	-57.4082
1785	-57.3371
1786	-57.9032
1787	-57.2863
1788	-57.313
1789	-57.813
1790	-58.3468
1791	-57.849
1792	-57.6352
1793	-57.2397
1794	-57.6032
1795	-58.0662
1796	-57.83
1797	-57.2293
1798	-57.586
1799	-58.0283
1800	-58.1267
1801	-57.6708
1802	-57.5343
1803	-57.6713
1804	-58.1138
1805	-57.9404
1806	-58.0862
1807	-58.1497
1808	-58.0766
1809	-58.0726
1810	-57.3875
1811	-57.4602
1812	-57.6076
1813	-57.9395
1814	-57.8927
1815	-57.65
1816	-57.5792
1817	-57.8811
1818	-57.9754
1819	-57.9016
1820	-57.86
1821	-57.7887
1822	-57.5394
1823	-57.8501
1824	-58.1073
1825	-57.9892
1826	-57.7763
1827	-57.9041
1828	-57.593
1829	-57.9391
1830	-58.2979
1831	-58.508
1832	-58.4231
1833	-58.0084
1834	-58.0341
1835	-57.9014
1836	-57.5505
1837	-57.6493
1838	-57.9313
1839	-57.9726
1840	-57.9558
1841	-57.9113
1842	-58.3922
1843	-58.052
1844	-57.7568
1845	-57.6602
1846	-57.1997
1847	-57.4599
1848	-57.9428
1849	-57.949
1850	-58.1229
1851	-58.1758
1852	-57.8572
1853	-58.0554
1854	-57.657
1855	-57.8346
1856	-58.0045
1857	-57.7569
1858	-57.9226
1859	-58.1357
1860	-57.7996
1861	-57.6241
1862	-57.3168
1863	-57.242
1864	-57.977
1865	-58.7721
1866	-58.6346
1867	-58.0783
1868	-58.3156
1869	-58.4853
1870	-57.5556
1871	-57.8881
1872	-57.8664
1873	-58.1881
1874	-58.4359
1875	-58.3577
1876	-57.8104
1877	-58.0093
1878	-57.9705
1879	-58.0942
1880	-58.6015
1881	-58.2361
1882	-58.144
1883	-57.8833
1884	-57.9925
1885	-57.9345
1886	-57.9615
1887	-57.66
1888	-57.845
1889	-57.8135
1890	-58.1583
1891	-58.1621
1892	-58.0953
1893	-58.0428
1894	-57.8412
1895	-58.0597
1896	-57.8321
1897	-57.7348
1898	-58.0757
1899	-58.0443
1900	-57.7958
1901	-57.7763
1902	-57.9801
1903	-58.106
1904	-57.8603
1905	-58.0871
1906	-58.5264
1907	-58.31
1908	-58.2654
1909	-57.6996
1910	-58.0244
1911	-58.453
1912	-58.4095
1913	-58.051
1914	-58.3003
1915	-58.4718
1916	-58.2475
1917	-58.2013
1918	-58.0408
1919	-58.1683
1920	-58.217
1921	-58.3547
1922	-58.1634
1923	-58.2268
1924	-58.4806
1925	-58.1536
1926	-58.1988
1927	-58.4208
1928	-58.1112
1929	-57.9484
1930	-57.7574
1931	-57.7961
1932	-57.9225
1933	-58.1447
1934	-58.5075
1935	-58.2919
1936	-58.2589
1937	-58.2322
1938	-58.2628
1939	-58.2824
1940	-57.8672
1941	-58.3758
1942	-58.673
1943	-58.2341
1944	-58.2443
1945	-58.2311
1946	-57.8808
1947	-58.0952
1948	-58.0369
1949	-58.2652
1950	-58.5837
1951	-58.4901
1952	-58.7356
1953	-58.4813
1954	-57.9351
1955	-57.867
1956	-58.0461
1957	-58.3754
1958	-58.6738
1959	-58.3219
1960	-58.4323
1961	-58.596
1962	-58.3098
1963	-58.2617
1964	-58.2389
1965	-58.445
1966	-58.4266
1967	-58.7554
1968	-58.7662
1969	-58.691
1970	-58.3207
1971	-58.3577
1972	-58.4315
1973	-58.1413
1974	-58.0121
1975	-58.0761
1976	-57.9916
1977	-58.2317
1978	-58.2458
1979	-58.4023
1980	-58.6053
1981	-58.3645
1982	-58.3372
1983	-58.0035
1984	-58.0421
1985	-58.2074
1986	-58.0199
1987	-58.3907
1988	-58.6067
1989	-58.3361
1990	-58.3506
1991	-58.3145
1992	-57.8992
1993	-57.952
1994	-58.1522
1995	-58.4972
1996	-58.5443
1997	-58.7187
1998	-58.5428
1999	-58.2871
2000	-58.1299
2001	-58.1798
2002	-58.2508
2003	-58.4382
2004	-58.3916
2005	-58.0341
2006	-57.8613
2007	-57.9392
2008	-58.3418
2009	-58.6709
2010	-58.3241
2011	-58.0502
2012	-58.6137
2013	-58.1973
2014	-58.2651
2015	-58.6341
2016	-58.8302
2017	-58.9189
2018	-58.7691
2019	-58.9432
2020	-58.6221
2021	-58.3555
2022	-58.3171
2023	-58.5613
2024	-58.5739
2025	-58.4762
2026	-58.5584
2027	-58.5637
2028	-58.182
2029	-58.134
2030	-58.2925
2031	-58.2002
2032	-58.5901
2033	-58.4028
2034	-58.3562
2035	-58.6429
2036	-58.5039
2037	-58.1177
2038	-58.5975
2039	-58.7103
2040	-58.5576
2041	-59.0079
2042	-58.6598
2043	-58.3505
2044	-58.4725
2045	-58.6885
2046	-58.5911
2047	-58.5188
2048	-58.5873
2049	-58.3882
2050	-58.4811
2051	-58.484
2052	-58.6282
2053	-58.624
2054	-58.6835
2055	-58.8211
2056	-58.8445
2057	-58.7651
2058	-58.9728
2059	-58.8236
2060	-59.009
2061	-58.8592
2062	-58.2663
2063	-58.3141
2064	-58.775
2065	-58.8032
2066	-58.8249
2067	-58.8299
2068	-58.7173
2069	-58.8029
2070	-58.4642
2071	-58.5898
2072	-58.5793
2073	-58.7703
2074	-58.5495
2075	-58.5565
2076	-58.4719
2077	-58.3069
2078	-58.7706
2079	-58.6287
2080	-59.1119
2081	-58.7785
2082	-58.7399
2083	-58.8772
2084	-58.679
2085	-58.9743
2086	-58.972
2087	-58.8897
2088	-58.7905
2089	-58.8762
2090	-58.6842
2091	-58.8657
2092	-58.7862
2093	-58.5348
2094	-58.55
2095	-58.8311
2096	-58.8898
2097	-59.1016
2098	-59.2023
2099	-58.6208
2100	-58.7036
2101	-58.7648
2102	-59.0892
2103	-59.0777
2104	-58.5696
2105	-58.4769
2106	-58.7369
2107	-58.7945
2108	-59.04
2109	-58.621
2110	-58.6319
2111	-58.9114
2112	-58.6904
2113	-58.9801
2114	-58.7949
2115	-58.8748
2116	-58.7394
2117	-58.6046
2118	-58.3772
2119	-58.591
2120	-59.0164
2121	-59.1208
2122	-58.6725
2123	-58.6322
2124	-59.0079
2125	-58.8408
2126	-58.9608
2127	-58.8102
2128	-59.077
2129	-58.8343
2130	-58.7491
2131	-59.0048
2132	-59.0172
2133	-58.9527
2134	-59.2633
2135	-58.9529
2136	-58.9556
2137	-59.3051
2138	-59.181
2139	-58.8431
2140	-58.5729
2141	-58.5938
2142	-58.796
2143	-58.9893
2144	-58.5629
2145	-58.5115
2146	-59.0736
2147	-59.3557
2148	-59.144
2149	-59.2303
2150	-58.9658
2151	-58.7072
2152	-59.2276
2153	-59.1255
2154	-58.8741
2155	-58.9072
2156	-58.8254
2157	-58.7003
2158	-58.6958
2159	-59.0773
2160	-58.8056
2161	-59.2107
2162	-58.9514
2163	-59.1112
2164	-58.8725
2165	-58.9202
2166	-59.0103
2167	-58.6389
2168	-58.9517
2169	-59.3376
2170	-59.3953
2171	-58.9214
2172	-58.7065
2173	-58.594
2174	-59.028
2175	-58.9526
2176	-59.422
2177	-59.7952
2178	-59.7388
2179	-59.1279
2180	-59.1765
2181	-58.9516
2182	-58.7431
2183	-58.6649
2184	-58.9866
2185	-59.0551
2186	-58.9299
2187	-59.1783
2188	-59.1942
2189	-58.7534
2190	-58.8612
2191	-59.2104
2192	-59.4479
2193	-59.1009
2194	-59.0674
2195	-59.3799
2196	-59.2169
2197	-58.9798
2198	-59.1874
2199	-59.0578
2200	-59.3366
2201	-59.0916
2202	-59.0076
2203	-58.8291
2204	-58.8504
2205	-59.0969
2206	-59.4206
2207	-59.4622
2208	-58.9442
2209	-59.4393
2210	-59.5371
2211	-59.2528
2212	-58.6889
2213	-58.8716
2214	-58.7488
2215	-58.8992
2216	-59.0757
2217	-58.9657
2218	-58.9611
2219	-58.807
2220	-58.9628
2221	-59.0914
2222	-59.4506
2223	-59.2142
2224	-59.5133
2225	-59.5414
2226	-58.8775
2227	-58.9438
2228	-58.8063
2229	-58.8304
2230	-59.2144
2231	-59.1777
2232	-59.0372
2233	-59.602
2234	-59.5029
2235	-58.9031
2236	-58.8003
2237	-58.9781
2238	-59.1279
2239	-58.8059
2240	-58.8341
2241	-59.3335
2242	-59.2439
2243	-58.9176
2244	-58.9326
2245	-59.2902
2246	-59.3968
2247	-59.2903
2248	-59.1816
2249	-59.3532
2250	-59.3329
2251	-59.3454
2252	-59.292
2253	-59.5887
2254	-59.1882
2255	-59.0077
2256	-59.4889
2257	-59.2588
2258	-59.1629
2259	-59.4697
2260	-59.5321
2261	-59.1901
2262	-59.2977
2263	-59.5165
2264	-59.458
2265	-59.4726
2266	-59.2446
2267	-59.185
2268	-59.2249
2269	-59.4756
2270	-59.6204
2271	-59.6185
2272	-59.3334
2273	-59.3639
2274	-59.4989
2275	-58.9782
2276	-59.1249
2277	-59.4783
2278	-59.393
2279	-59.2071
2280	-58.8558
2281	-59.1318
2282	-59.2675
2283	-59.0856
2284	-59.1056
2285	-59.2557
2286	-59.137
2287	-59.3791
2288	-59.2885
2289	-59.2282
2290	-59.4034
2291	-59.2361
2292	-59.4411
2293	-59.4541
2294	-59.5675
2295	-59.7833
2296	-59.3105
2297	-59.2155
2298	-59.5158
2299	-59.7876
2300	-59.8922
2301	-59.7835
2302	-59.6191
2303	-59.7235
2304	-59.4656
2305	-59.4016
2306	-59.3358
2307	-58.9658
2308	-59.1113
2309	-59.4714
2310	-59.7109
2311	-59.5702
2312	-59.5022
2313	-59.1292
2314	-59.6386
2315	-59.4272
2316	-59.288
2317	-59.4098
2318	-59.2846
2319	-59.455
2320	-59.6875
2321	-59.3698
2322	-59.6856
2323	-59.4778
2324	-59.8512
2325	-59.8465
2326	-59.4309
2327	-59.1424
2328	-59.4195
2329	-59.436
2330	-59.4576
2331	-59.9244
2332	-59.7175
2333	-59.4004
2334	-59.9269
2335	-60.0149
2336	-59.6483
2337	-59.775
2338	-59.4173
2339	-59.3069
2340	-59.3908
2341	-59.2464
2342	-59.5377
2343	-59.7224
2344	-59.633
2345	-59.4724
2346	-59.2211
2347	-59.1629
2348	-59.638
2349	-59.4213
2350	-59.326
2351	-59.6601
2352	-59.632
2353	-59.6756
2354	-59.8172
2355	-59.7936
2356	-59.8078
2357	-59.7885
2358	-59.9303
2359	-59.7846
2360	-59.5917
2361	-59.2712
2362	-59.5381
2363	-59.5269
2364	-59.3846
2365	-59.9487
2366	-59.9263
2367	-59.9536
2368	-59.5755
2369	-59.1525
2370	-59.4164
2371	-59.7212
2372	-60.2206
2373	-60.073
2374	-59.6335
2375	-59.8118
2376	-59.6806
2377	-59.8268
2378	-59.4217
2379	-59.2961
2380	-59.0412
2381	-59.4667
2382	-60.0046
2383	-59.8464
2384	-59.4966
2385	-59.7741
2386	-59.5301
2387	-59.601
2388	-59.458
2389	-59.5118
2390	-59.4853
2391	-59.6569
2392	-59.6036
2393	-59.2102
2394	-59.4441
2395	-59.5323
2396	-60.0017
2397	-59.9592
2398	-59.828
2399	-59.886
2400	-60.0114
2401	-59.8237
2402	-59.7247
2403	-59.3062
2404	-59.2588
2405	-59.5371
2406	-59.2602
2407	-59.5061
2408	-59.633
2409	-59.9076
2410	-60.1747
2411	-59.6804
2412	-59.748
2413	-59.4934
2414	-59.4399
2415	-59.6005
2416	-59.6456
2417	-59.8229
2418	-60.0061
2419	-59.769
2420	-60.1208
2421	-59.4406
2422	-59.4196
2423	-59.9642
2424	-60.0511
2425	-60.3471
2426	-60.0313
2427	-60.0385
2428	-59.6743
2429	-59.7527
2430	-59.6357
2431	-59.7457
2432	-59.8292
2433	-59.4368
2434	-59.8086
2435	-59.8225
2436	-59.6309
2437	-59.6372
2438	-59.6913
2439	-59.2472
2440	-59.2747
2441	-59.5898
2442	-59.8903
2443	-59.8337
2444	-60.2316
2445	-59.8398
2446	-59.4123
2447	-59.6693
2448	-59.8459
2449	-59.8602
2450	-59.4515
2451	-59.8279
2452	-59.9193
2453	-60.3448
2454	-60.1208
2455	-59.7936
2456	-59.6556
2457	-59.8558
2458	-60.1019
2459	-59.9095
2460	-60.1479
2461	-60.0727
2462	-59.9911
2463	-59.6642
2464	-59.5998
2465	-59.6954
2466	-59.6075
2467	-59.7671
2468	-59.8271
2469	-59.4362
2470	-59.9734
2471	-59.8514
2472	-59.8054
2473	-59.511
2474	-59.5164
2475	-60.039
2476	-60.2677
2477	-60.1317
2478	-59.9814
2479	-60.1086
2480	-59.8202
2481	-59.9945
2482	-60.207
2483	-59.8135
2484	-59.5638
2485	-59.48
2486	-59.5296
2487	-59.9998
2488	-60.2943
2489	-59.8396
2490	-59.3656
2491	-59.7176
2492	-59.9098
2493	-59.6692
2494	-59.8707
2495	-59.7342
2496	-59.9349
2497	-60.2539
2498	-59.9685
2499	-59.8749
2500	-59.9345
2501	-59.5653
2502	-59.6963
2503	-60.0181
2504	-60.1404
2505	-60.1462
2506	-60.3408
2507	-59.8623
2508	-59.9584
2509	-60.0907
2510	-59.8661
2511	-60.1137
2512	-59.9138
2513	-59.8411
2514	-59.5389
2515	-59.7874
2516	-59.5902
2517	-59.8183
2518	-60.1658
2519	-60.1172
2520	-59.517
2521	-60.0308
2522	-60.3914
2523	-59.7475
2524	-60.1164
2525	-60.161
2526	-59.4656
2527	-59.7386
2528	-60.1449
2529	-59.7465
2530	-59.7125
2531	-60.1263
2532	-60.3608
2533	-60.247
2534	-60.0439
2535	-59.682
2536	-59.9267
2537	-60.1178
2538	-60.2361
2539	-60.2894
2540	-60.3266
2541	-60.0696
2542	-59.7303
2543	-59.4354
2544	-59.4177
2545	-60.1507
2546	-60.4771
2547	-60.1488
2548	-59.9401
2549	-59.7873
2550	-60.2129
2551	-60.4117
2552	-60.5332
2553	-59.9822
2554	-60.5978
2555	-60.242
2556	-60.0933
2557	-60.0702
2558	-60.2786
2559	-60.2857
2560	-60.1111
2561	-60.1792
2562	-60.3079
2563	-60.0508
2564	-59.9832
2565	-59.9984
2566	-60.1014
2567	-59.6387
2568	-59.7842
2569	-59.7592
2570	-59.9608
2571	-59.9816
2572	-60.157
2573	-60.1665
2574	-60.3644
2575	-60.418
2576	-60.3648
2577	-60.2527
2578	-60.3479
2579	-60.2423
2580	-60.418
2581	-60.3432
2582	-60.0321
2583	-60.0669
2584	-60.4738
2585	-60.423
2586	-59.9901
2587	-60.3868
2588	-60.0001
2589	-60.3465
2590	-60.3584
2591	-60.0188
2592	-59.899
2593	-60.8016
2594	-60.8888
2595	-60.1215
2596	-60.5075
2597	-60.3458
2598	-59.9784
2599	-60.1467
2600	-60.0972
2601	-60.0043
2602	-60.2104
2603	-60.9464
2604	-61.0835
2605	-60.6171
2606	-60.0347
2607	-59.9645
2608	-60.2681
2609	-60.4915
2610	-60.6823
2611	-60.2433
2612	-59.8784
2613	-60.1755
2614	-60.2
2615	-60.1735
2616	-60.2733
2617	-59.8846
2618	-60.2318
2619	-60.0911
2620	-60.0454
2621	-60.395
2622	-60.2631
2623	-60.1477
2624	-60.4513
2625	-60.5381
2626	-60.6752
2627	-60.2213
2628	-60.2203
2629	-60.0399
2630	-60.0859
2631	-59.9984
2632	-60.0845
2633	-59.9976
2634	-59.6775
2635	-59.797
2636	-60.1263
2637	-60.1429
2638	-60.4866
2639	-60.4222
2640	-60.2261
2641	-60.6124
2642	-60.4835
2643	-60.3832
2644	-60.7108
2645	-60.3818
2646	-60.2301
2647	-60.0202
2648	-60.0097
2649	-60.4826
2650	-60.5164
2651	-60.8769
2652	-60.5778
2653	-60.0989
2654	-60.3107
2655	-60.7952
2656	-60.7728
2657	-60.5837
2658	-60.5333
2659	-60.261
2660	-60.5242
2661	-60.2093
2662	-60.3229
2663	-60.3693
2664	-60.6252
2665	-60.6299
2666	-60.7986
2667	-60.5399
2668	-60.6808
2669	-60.376
2670	-60.3544
2671	-60.5214
2672	-60.3104
2673	-60.5177
2674	-60.6721
2675	-60.2515
2676	-60.538
2677	-60.2977
2678	-60.1281
2679	-60.3222
2680	-60.3829
2681	-60.2098
2682	-60.1333
2683	-60.5541
2684	-60.7248
2685	-60.5299
2686	-60.4673
2687	-60.3121
2688	-60.4725
2689	-60.6441
2690	-60.52
2691	-60.2913
2692	-60.2513
2693	-60.1343
2694	-60.4756
2695	-60.5537
2696	-60.7661
2697	-60.7248
2698	-60.9613
2699	-61.0339
2700	-60.6795
2701	-60.4548
2702	-60.5683
2703	-60.7537
2704	-60.6851
2705	-61.0576
2706	-60.991
2707	-60.5454
2708	-60.6075
2709	-60.5503
2710	-60.5276
2711	-60.4517
2712	-60.48
2713	-60.6397
2714	-61.0056
2715	-60.9836
2716	-60.7384
2717	-60.8862
2718	-60.7298
2719	-60.6694
2720	-60.5645
2721	-60.3516
2722	-60.4726
2723	-60.3204
2724	-60.3189
2725	-60.6007
2726	-60.7372
2727	-60.769
2728	-60.9696
2729	-60.8852
2730	-60.5088
2731	-60.4678
2732	-60.6126
2733	-60.5548
2734	-60.5302
2735	-60.6207
2736	-60.9307
2737	-60.9961
2738	-60.7371
2739	-60.7775
2740	-60.5462
2741	-60.8367
2742	-60.7751
2743	-60.697
2744	-60.5541
2745	-60.5631
2746	-60.3733
2747	-60.8793
2748	-60.7502
2749	-60.7005
2750	-60.7503
2751	-60.4349
2752	-60.8762
2753	-60.6724
2754	-60.9278
2755	-60.4174
2756	-60.5055
2757	-60.7318
2758	-60.6385
2759	-61.013
2760	-61.4279
2761	-60.8833
2762	-60.858
2763	-60.343
2764	-60.5165
2765	-60.1123
2766	-60.5812
2767	-61.2576
2768	-61.1171
2769	-60.6878
2770	-60.1709
2771	-60.4132
2772	-60.4795
2773	-60.5298
2774	-60.9364
2775	-60.6539
2776	-60.369
2777	-60.9328
2778	-60.8259
2779	-60.9489
2780	-60.668
2781	-60.8605
2782	-61.0007
2783	-60.9472
2784	-60.7494
2785	-60.6273
2786	-60.492
2787	-60.6707
2788	-60.6782
2789	-60.4358
2790	-60.4665
2791	-60.5546
2792	-60.3405
2793	-60.4181
2794	-60.5294
2795	-60.6619
2796	-60.9391
2797	-60.6919
2798	-60.6481
2799	-60.6282
2800	-60.6953
2801	-61.2737
2802	-60.8776
2803	-60.7449
2804	-60.7813
2805	-60.54
2806	-61.0761
2807	-60.7086
2808	-60.9815
2809	-60.86
2810	-60.6933
2811	-60.5066
2812	-60.6884
2813	-60.6368
2814	-60.8028
2815	-60.667
2816	-60.9413
2817	-60.9723
2818	-60.9115
2819	-60.3866
2820	-60.209
2821	-60.3734
2822	-60.6343
2823	-60.215
2824	-60.6448
2825	-61.0488
2826	-60.8809
2827	-60.6197
2828	-60.5674
2829	-61.204
2830	-61.0133
2831	-60.9355
2832	-60.2675
2833	-60.6947
2834	-60.7244
2835	-60.5637
2836	-60.8456
2837	-60.8335
2838	-60.8325
2839	-60.831
2840	-60.852
2841	-60.7779
2842	-61.0347
2843	-60.8548
2844	-60.8452
2845	-60.5509
2846	-60.9242
2847	-60.6828
2848	-60.7128
2849	-60.7487
2850	-60.7473
2851	-60.6075
2852	-60.6998
2853	-60.8742
2854	-60.8762
2855	-60.8249
2856	-60.7873
2857	-60.4715
2858	-60.4034
2859	-60.7628
2860	-60.3964
2861	-60.6119
2862	-60.4588
2863	-60.7214
2864	-61.0233
2865	-61.0068
2866	-61.3085
2867	-60.8218
2868	-60.7756
2869	-61.1544
2870	-60.8628
2871	-60.8025
2872	-60.6078
2873	-60.7856
2874	-61.063
2875	-61.3811
2876	-60.6311
2877	-60.8183
2878	-60.7648
2879	-61.043
2880	-60.9472
2881	-60.6307
2882	-61.3325
2883	-61.4486
2884	-61.7035
2885	-61.2305
2886	-61.3127
2887	-61.3451
2888	-60.9126
2889	-60.649
2890	-60.7661
2891	-60.7534
2892	-61.0473
2893	-61.0659
2894	-60.8057
2895	-60.9498
2896	-60.9561
2897	-61.2147
2898	-60.9276
2899	-61.0846
2900	-60.9924
2901	-61.0518
2902	-61.1098
2903	-61.24
2904	-61.2897
2905	-61.3836
2906	-61.0426
2907	-60.8709
2908	-60.8579
2909	-60.8143
2910	-60.8242
2911	-60.9571
2912	-61.1187
2913	-61.0333
2914	-61.205
2915	-60.9394
2916	-61.1114
2917	-61.0722
2918	-61.4247
2919	-61.0294
2920	-61.0313
2921	-60.8984
2922	-61.2027
2923	-61.0448
2924	-60.8824
2925	-60.632
2926	-60.8853
2927	-61.0807
2928	-60.6109
2929	-60.7045
2930	-61.065
2931	-61.2948
2932	-61.1539
2933	-61.0617
2934	-61.0532
2935	-61.1222
2936	-61.5317
2937	-61.3574
2938	-61.1659
2939	-60.7332
2940	-61.0706
2941	-61.5054
2942	-61.167
2943	-61.0074
2944	-60.9704
2945	-61.4564
2946	-61.5445
2947	-61.3515
2948	-60.8159
2949	-60.8111
2950	-60.916
2951	-60.8576
2952	-60.7601
2953	-61.2218
2954	-61.622
2955	-61.1788
2956	-60.9692
2957	-60.8248
2958	-61.1568
2959	-61.0661
2960	-61.0529
2961	-61.0647
2962	-61.4209
2963	-61.517
2964	-61.042
2965	-61.2603
2966	-61.1412
2967	-61.2428
2968	-61.631
2969	-61.8445
2970	-61.1002
2971	-61.3131
2972	-60.782
2973	-61.0961
2974	-61.4847
2975	-61.2689
2976	-61.0215
2977	-60.9785
2978	-61.0626
2979	-60.9414
2980	-61.402
2981	-61.6511
2982	-61.7977
2983	-61.0646
2984	-61.1601
2985	-61.1651
2986	-61.2272
2987	-61.2128
2988	-61.0917
2989	-61.2275
2990	-61.73
2991	-61.7021
2992	-61.3448
2993	-61.3112
2994	-61.512
2995	-61.4455
2996	-61.3044
2997	-61.4348
2998	-61.529
2999	-61.0881
3000	-60.8009
3001	-60.8321
3002	-61.1432
3003	-61.3396
3004	-60.8963
3005	-61.1284
3006	-61.3612
3007	-60.8964
3008	-61.4502
3009	-61.2023
3010	-61.3785
3011	-61.4819
3012	-61.5308
3013	-61.7351
3014	-61.4326
3015	-61.5687
3016	-61.1174
3017	-61.2788
3018	-61.5255
3019	-61.2598
3020	-61.3228
3021	-61.1488
3022	-61.2981
3023	-61.4994
3024	-61.6611
3025	-61.273
3026	-61.2087
3027	-60.9211
3028	-61.1399
3029	-61.4695
3030	-61.2532
3031	-61.2619
3032	-61.2464
3033	-61.3828
3034	-61.3519
3035	-61.2212
3036	-61.5933
3037	-61.5013
3038	-61.0452
3039	-60.916
3040	-60.8629
3041	-60.7623
3042	-61.0843
3043	-61.0373
3044	-61.1249
3045	-61.3703
3046	-61.615
3047	-61.7226
3048	-61.3398
3049	-61.055
3050	-61.1316
3051	-61.1519
3052	-61.3834
3053	-61.4403
3054	-61.8492
3055	-61.9911
3056	-61.4735
3057	-61.2553
3058	-61.3881
3059	-61.5013
3060	-61.2392
3061	-60.9178
3062	-60.838
3063	-60.9873
3064	-61.1135
3065	-61.0297
3066	-61.1676
3067	-61.1496
3068	-61.4485
3069	-61.2897
3070	-61.2472
3071	-61.2741
3072	-61.3102
3073	-61.3007
3074	-61.2845
3075	-61.5298
3076	-61.7326
3077	-61.8491
3078	-61.8773
3079	-61.4777
3080	-60.6513
3081	-60.8436
3082	-61.0517
3083	-61.0835
3084	-61.3443
3085	-61.7227
3086	-61.4413
3087	-61.0923
3088	-61.4412
3089	-61.7448
3090	-61.7502
3091	-61.5474
3092	-61.617
3093	-61.3279
3094	-61.6405
3095	-61.2833
3096	-61.3461
3097	-61.4645
3098	-61.1008
3099	-61.6587
3100	-61.4676
3101	-61.3866
3102	-61.5616
3103	-61.5065
3104	-61.7759
3105	-61.5082
3106	-61.3146
3107	-61.3743
3108	-61.7251
3109	-61.4168
3110	-61.4156
3111	-61.3834
3112	-61.2666
3113	-61.397
3114	-61.546
3115	-61.2733
3116	-61.404
3117	-61.5371
3118	-61.5816
3119	-61.5509
3120	-62.239
3121	-61.7634
3122	-61.5158
3123	-61.3942
3124	-61.48
3125	-61.4679
3126	-61.5349
3127	-61.6636
3128	-61.5198
3129	-61.7968
3130	-61.517
3131	-61.6506
3132	-61.5568
3133	-61.5452
3134	-61.8506
3135	-62.0731
3136	-61.7434
3137	-61.9087
3138	-61.6584
3139	-61.782
3140	-61.6137
3141	-61.9684
3142	-61.6232
3143	-61.7664
3144	-61.9267
3145	-61.705
3146	-61.8594
3147	-61.7578
3148	-61.7341
3149	-61.642
3150	-61.5526
3151	-61.7334
3152	-61.7165
3153	-61.673
3154	-61.8148
3155	-61.3853
3156	-61.4715
3157	-61.3041
3158	-61.4541
3159	-61.8178
3160	-61.4915
3161	-61.1263
3162	-61.3978
3163	-61.8661
3164	-61.8174
3165	-61.5661
3166	-61.1983
3167	-61.1917
3168	-61.3744
3169	-61.4035
3170	-61.5965
3171	-61.7307
3172	-61.7269
3173	-61.154
3174	-61.2921
3175	-61.4795
3176	-61.9738
3177	-61.7687
3178	-61.3928
3179	-61.6977
3180	-61.3845
3181	-61.4244
3182	-61.36
3183	-61.4825
3184	-61.7787
3185	-61.5076
3186	-61.5012
3187	-61.554
3188	-61.1776
3189	-61.307
3190	-61.8467
3191	-61.6271
3192	-61.6713
3193	-61.724
3194	-62.0474
3195	-61.8343
3196	-61.4256
3197	-61.2968
3198	-61.4906
3199	-61.6796
3200	-61.815
3201	-61.6464
3202	-61.2454
3203	-61.5091
3204	-61.6194
3205	-61.6024
3206	-61.4306
3207	-60.8806
3208	-61.2511
3209	-61.9613
3210	-62.15
3211	-61.779
3212	-61.828
3213	-61.8205
3214	-61.6463
3215	-61.7655
3216	-62.1805
3217	-61.6426
3218	-61.5537
3219	-62.1171
3220	-61.7525
3221	-61.3913
3222	-61.5752
3223	-61.7597
3224	-61.8923
3225	-61.7547
3226	-61.5593
3227	-61.5342
3228	-61.5674
3229	-61.9082
3230	-61.49
3231	-61.5725
3232	-61.9591
3233	-61.7042
3234	-61.8712
3235	-62.1657
3236	-61.9471
3237	-62.0348
3238	-61.6628
3239	-61.8173
3240	-61.8772
3241	-61.6326
3242	-61.7073
3243	-61.6664
3244	-61.644
3245	-61.8131
3246	-62.23
3247	-61.9395
3248	-61.7316
3249	-61.3253
3250	-61.333
3251	-61.6342
3252	-61.8714
3253	-62.3149
3254	-61.7576
3255	-61.7683
3256	-61.565
3257	-61.4488
3258	-61.5674
3259	-61.4508
3260	-61.7186
3261	-61.8211
3262	-61.5346
3263	-61.6731
3264	-61.9424
3265	-62.0565
3266	-62.0759
3267	-61.576
3268	-61.6439
3269	-61.8219
3270	-61.924
3271	-61.9217
3272	-61.9516
3273	-61.5604
3274	-61.533
3275	-61.4964
3276	-61.3625
3277	-61.7666
3278	-61.9415
3279	-62.1973
3280	-61.9424
3281	-61.9259
3282	-61.6084
3283	-61.9658
3284	-62.2767
3285	-61.9146
3286	-61.9367
3287	-61.6976
3288	-61.4569
3289	-61.7436
3290	-61.9277
3291	-62.3511
3292	-61.9046
3293	-61.6037
3294	-61.8817
3295	-62.0162
3296	-62.0263
3297	-62.1502
3298	-61.8807
3299	-62.3195
3300	-62.1913
3301	-61.7811
3302	-61.9201
3303	-61.5481
3304	-61.6185
3305	-62.0222
3306	-62.0771
3307	-61.8886
3308	-61.8898
3309	-61.7677
3310	-61.9958
3311	-62.2926
3312	-61.9201
3313	-61.5213
3314	-61.9588
3315	-61.9529
3316	-61.7086
3317	-62.0887
3318	-62.2426
3319	-62.1215
3320	-62.1984
3321	-62.1413
3322	-62.2596
3323	-62.3998
3324	-62.4118
3325	-62.2171
3326	-61.9895
3327	-62.3613
3328	-61.9975
3329	-61.986
3330	-61.9142
3331	-61.8562
3332	-61.8424
3333	-61.8241
3334	-61.9573
3335	-62.255
3336	-62.2317
3337	-62.1026
3338	-62.0366
3339	-62.0602
3340	-62.0727
3341	-62.0405
3342	-61.7952
3343	-62.1099
3344	-62.0181
3345	-61.9925
3346	-62.186
3347	-62.0549
3348	-62.2205
3349	-61.9921
3350	-61.96
3351	-61.9502
3352	-62.3379
3353	-62.1842
3354	-62.195
3355	-62.1612
3356	-61.914
3357	-61.9916
3358	-62.1988
3359	-62.0219
3360	-62.2224
3361	-62.1286
3362	-61.8641
3363	-61.7627
3364	-61.7017
3365	-61.5019
3366	-62.0159
3367	-62.1227
3368	-62.1314
3369	-62.0652
3370	-62.0553
3371	-61.9587
3372	-62.4131
3373	-62.2215
3374	-61.9327
3375	-61.9413
3376	-62.0692
3377	-62.0482
3378	-61.9202
3379	-61.5224
3380	-61.796
3381	-61.9143
3382	-62.2441
3383	-62.2335
3384	-62.0598
3385	-62.0443
3386	-62.1225
3387	-61.9061
3388	-61.9177
3389	-62.0913
3390	-62.3213
3391	-62.2531
3392	-61.7208
3393	-61.57
3394	-61.9011
3395	-62.2857
3396	-62.0286
3397	-61.535
3398	-61.7968
3399	-61.9743
3400	-61.7794
3401	-62.0589
3402	-61.8153
3403	-61.8817
3404	-62.1597
3405	-62.29
3406	-62.2272
3407	-61.9485
3408	-62.068
3409	-62.0072
3410	-62.3834
3411	-62.3544
3412	-61.9995
3413	-62.4015
3414	-62.4639
3415	-62.3101
3416	-62.4573
3417	-62.0667
3418	-61.6363
3419	-62.5189
3420	-62.4242
3421	-61.8592
3422	-62.1121
3423	-62.0929
3424	-62.3501
3425	-62.2599
3426	-62.3334
3427	-62.296
3428	-62.2664
3429	-61.8113
3430	-62.3457
3431	-62.3499
3432	-62.1933
3433	-61.9058
3434	-61.9791
3435	-61.8157
3436	-62.1778
3437	-62.2743
3438	-61.938
3439	-62.2856
3440	-61.8874
3441	-62.0789
3442	-62.3555
3443	-62.217
3444	-62.0894
3445	-62.6214
3446	-62.3486
3447	-62.485
3448	-62.6001
3449	-62.0191
3450	-62.2386
3451	-62.3618
3452	-62.2039
3453	-61.9755
3454	-61.7823
3455	-61.7731
3456	-62.0564
3457	-61.9054
3458	-62.1784
3459	-61.991
3460	-62.2427
3461	-62.2073
3462	-61.9834
3463	-62.1364
3464	-62.212
3465	-62.2985
3466	-61.7494
3467	-61.82
3468	-62.2333
3469	-62.0957
3470	-62.1839
3471	-62.3748
3472	-62.1635
3473	-61.9098
3474	-62.1796
3475	-62.2353
3476	-61.8239
3477	-62.1239
3478	-62.4845
3479	-62.7264
3480	-62.651
3481	-62.09
3482	-62.2822
3483	-62.5376
3484	-62.331
3485	-62.369
3486	-62.1896
3487	-62.5488
3488	-62.424
3489	-62.4164
3490	-62.3236
3491	-62.1095
3492	-62.187
3493	-62.5208
3494	-62.759
3495	-62.6262
3496	-62.3569
3497	-62.5716
3498	-62.365
3499	-62.7596
3500	-62.686
3501	-62.556
3502	-62.373
3503	-62.0439
3504	-62.2428
3505	-62.313
3506	-62.5531
3507	-62.099
3508	-62.15
3509	-62.3336
3510	-62.7205
3511	-62.1243
3512	-62.1125
3513	-62.5977
3514	-62.7364
3515	-62.2331
3516	-62.2992
3517	-62.156
3518	-62.3317
3519	-62.6512
3520	-62.4994
3521	-62.1603
3522	-62.1742
3523	-61.7781
3524	-62.076
3525	-62.4697
3526	-62.6892
3527	-62.3879
3528	-61.8985
3529	-61.6822
3530	-62.4175
3531	-61.9276
3532	-62.2582
3533	-62.2446
3534	-62.3101
3535	-62.3332
3536	-62.0096
3537	-62.4895
3538	-62.3366
3539	-62.5502
3540	-62.4618
3541	-62.1849
3542	-62.6877
3543	-62.1694
3544	-62.5071
3545	-62.4011
3546	-62.3556
3547	-62.5393
3548	-62.3344
3549	-62.4175
3550	-62.8304
3551	-62.5283
3552	-62.39
3553	-62.142
3554	-61.9002
3555	-61.9627
3556	-62.2304
3557	-62.1817
3558	-62.4763
3559	-62.5208
3560	-62.4248
3561	-62.1104
3562	-62.2211
3563	-62.648
3564	-62.3775
3565	-62.0551
3566	-62.5189
3567	-62.145
3568	-62.0946
3569	-62.1702
3570	-62.1102
3571	-62.2867
3572	-62.0356
3573	-62.5116
3574	-62.8116
3575	-62.3015
3576	-62.7071
3577	-62.5304
3578	-62.2804
3579	-62.5033
3580	-62.429
3581	-62.089
3582	-62.3971
3583	-62.5141
3584	-62.4328
3585	-62.348
3586	-62.8697
3587	-62.8181
3588	-62.3825
3589	-61.848
3590	-62.0214
3591	-62.4787
3592	-62.2947
3593	-62.6592
3594	-62.4987
3595	-62.4935
3596	-62.5201
3597	-62.5656
3598	-62.6772
3599	-62.3735
3600	-62.7891
3601	-62.6594
3602	-62.3771
3603	-62.4981
3604	-62.8352
3605	-62.8463
3606	-62.3282
3607	-62.4025
3608	-62.2435
3609	-62.0571
3610	-61.8987
3611	-62.1759
3612	-62.4188
3613	-62.707
3614	-63.0194
3615	-62.7661
3616	-62.8706
3617	-62.7947
3618	-62.6926
3619	-62.9528
3620	-62.5023
3621	-61.9884
3622	-62.4134
3623	-62.3075
3624	-62.2574
3625	-62.6819
3626	-62.5021
3627	-62.2944
3628	-62.4883
3629	-62.7456
3630	-62.5686
3631	-62.344
3632	-62.7946
3633	-62.7794
3634	-62.3096
3635	-62.7418
3636	-62.6357
3637	-62.5225
3638	-62.6275
3639	-62.549
3640	-62.2824
3641	-62.8924
3642	-62.5709
3643	-62.831
3644	-62.9328
3645	-62.7136
3646	-62.4767
3647	-62.4946
3648	-62.5841
3649	-62.3548
3650	-62.3793
3651	-62.7403
3652	-62.3017
3653	-61.8663
3654	-62.6334
3655	-62.5416
3656	-62.3224
3657	-62.5959
3658	-62.6861
3659	-62.5739
3660	-62.5859
3661	-62.6677
3662	-62.798
3663	-63.0565
3664	-62.8119
3665	-62.5007
3666	-62.5967
3667	-62.7716
3668	-62.8675
3669	-62.9041
3670	-62.6602
3671	-62.9434
3672	-62.5114
3673	-62.1448
3674	-62.2712
3675	-62.2038
3676	-62.6084
3677	-62.4519
3678	-62.5566
3679	-62.0419
3680	-62.4045
3681	-62.5778
3682	-62.5097
3683	-62.7544
3684	-62.4826
3685	-62.4509
3686	-62.5859
3687	-62.6575
3688	-62.8015
3689	-62.5889
3690	-62.714
3691	-62.6485
3692	-62.5804
3693	-62.1249
3694	-62.8068
3695	-62.6966
3696	-62.8016
3697	-62.554
3698	-62.3076
3699	-62.3059
3700	-62.7378
3701	-62.9603
3702	-62.463
3703	-62.7609
3704	-62.5364
3705	-61.9125
3706	-62.256
3707	-62.4987
3708	-62.4153
3709	-62.8277
3710	-62.6854
3711	-62.4588
3712	-62.7117
3713	-62.7685
3714	-62.4609
3715	-62.3744
3716	-62.8681
3717	-62.6832
3718	-62.4558
3719	-62.6284
3720	-63.1697
3721	-62.4905
3722	-62.477
3723	-62.5762
3724	-62.4665
3725	-62.4812
3726	-62.83
3727	-62.9112
3728	-62.6856
3729	-62.8567
3730	-62.7751
3731	-62.4953
3732	-63.1439
3733	-63.0206
3734	-62.8273
3735	-62.8151
3736	-62.9974
3737	-63.1668
3738	-63.1509
3739	-63.169
3740	-62.8393
3741	-62.7565
3742	-63.3109
3743	-62.9903
3744	-62.5376
3745	-62.7579
3746	-62.3776
3747	-62.4466
3748	-62.7243
3749	-62.878
3750	-62.7631
3751	-62.8501
3752	-62.911
3753	-62.5008
3754	-62.6879
3755	-62.8251
3756	-62.6987
3757	-62.5735
3758	-62.7663
3759	-62.751
3760	-63.2707
3761	-63.2985
3762	-62.5813
3763	-62.1992
3764	-62.1445
3765	-62.4005
3766	-62.6102
3767	-62.8446
3768	-62.7221
3769	-62.7741
3770	-62.4905
3771	-62.5794
3772	-62.3455
3773	-62.3937
3774	-62.9503
3775	-63.1167
3776	-62.5613
3777	-62.2142
3778	-62.7133
3779	-62.9483
3780	-62.892
3781	-62.6452
3782	-62.9177
3783	-63.0555
3784	-63.3308
3785	-63.0901
3786	-62.6587
3787	-62.7592
3788	-62.696
3789	-62.6969
3790	-62.9168
3791	-63.1275
3792	-62.5408
3793	-62.2803
3794	-62.8643
3795	-63.104
3796	-63.2625
3797	-62.733
3798	-62.8636
3799	-62.9518
3800	-62.899
3801	-62.5895
3802	-62.4627
3803	-62.3653
3804	-63.0837
3805	-63.1617
3806	-62.9452
3807	-62.738
3808	-62.29
3809	-62.8263
3810	-62.8557
3811	-62.6696
3812	-62.9541
3813	-62.3064
3814	-62.6965
3815	-62.6
3816	-62.5918
3817	-62.8359
3818	-62.9319
3819	-62.519
3820	-62.478
3821	-62.8796
3822	-63.2613
3823	-63.1101
3824	-62.6835
3825	-62.8931
3826	-62.7307
3827	-62.9592
3828	-62.8822
3829	-63.2022
3830	-63.0295
3831	-62.7909
3832	-62.8455
3833	-63.2887
3834	-62.7735
3835	-62.7294
3836	-63.2965
3837	-63.3702
3838	-62.9326
3839	-62.7324
3840	-63.0663
3841	-62.8868
3842	-62.7174
3843	-62.5143
3844	-62.3759
3845	-62.9828
3846	-62.9195
3847	-63.2138
3848	-62.9142
3849	-62.7384
3850	-62.8008
3851	-63.0284
3852	-63.1432
3853	-63.2306
3854	-62.971
3855	-63.2833
3856	-63.1021
3857	-63.1004
3858	-62.7272
3859	-62.5792
3860	-63.1665
3861	-63.3055
3862	-63.1724
3863	-62.4981
3864	-62.7446
3865	-62.9968
3866	-62.7375
3867	-62.7533
3868	-63.0665
3869	-62.7965
3870	-62.9358
3871	-62.6481
3872	-62.5688
3873	-63.0916
3874	-62.7648
3875	-63.1644
3876	-63.0845
3877	-62.8969
3878	-62.4193
3879	-63.022
3880	-63.1165
3881	-62.6771
3882	-62.9186
3883	-62.7883
3884	-62.8378
3885	-62.6333
3886	-62.806
3887	-63.0404
3888	-62.6164
3889	-62.8131
3890	-63.1531
3891	-63.2147
3892	-62.9575
3893	-62.9261
3894	-63.5353
3895	-63.3446
3896	-63.6737
3897	-62.9321
3898	-62.8866
3899	-63.7056
3900	-63.5534
3901	-63.6244
3902	-63.6359
3903	-63.5147
3904	-63.1739
3905	-63.0727
3906	-62.9928
3907	-63.197
3908	-63.0822
3909	-62.8127
3910	-62.7311
3911	-62.8958
3912	-62.9752
3913	-62.9128
3914	-62.717
3915	-63.113
3916	-63.316
3917	-62.9987
3918	-62.9605
3919	-63.1437
3920	-63.4127
3921	-63.5434
3922	-63.2747
3923	-63.0079
3924	-62.8699
3925	-63.2266
3926	-63.4681
3927	-63.0971
3928	-62.8828
3929	-63.2952
3930	-63.2315
3931	-63.2308
3932	-63.067
3933	-63.0198
3934	-63.2618
3935	-62.8164
3936	-62.6675
3937	-62.6577
3938	-62.7451
3939	-62.7126
3940	-63.1884
3941	-63.6471
3942	-63.4518
3943	-63.6474
3944	-63.8585
3945	-63.4722
3946	-63.3529
3947	-63.3688
3948	-62.8941
3949	-63.0541
3950	-63.4047
3951	-63.2777
3952	-62.8157
3953	-63.3025
3954	-63.2648
3955	-63.5066
3956	-63.347
3957	-63.0144
3958	-63.2536
3959	-63.0207
3960	-63.0675
3961	-63.5237
3962	-63.6205
3963	-63.289
3964	-63.3665
3965	-63.8074
3966	-63.2934
3967	-62.7223
3968	-62.9778
3969	-62.8815
3970	-63.2542
3971	-63.3192
3972	-62.9721
3973	-63.0603
3974	-63.5663
3975	-63.8039
3976	-63.7887
3977	-63.4925
3978	-63.3221
3979	-63.0438
3980	-63.296
3981	-63.1935
3982	-63.3608
3983	-63.6285
3984	-63.3132
3985	-63.3294
3986	-63.2764
3987	-63.312
3988	-63.0881
3989	-63.1701
3990	-63.1899
3991	-63.0196
3992	-62.5946
3993	-63.0364
3994	-63.5874
3995	-63.0595
3996	-63.1782
3997	-63.0886
3998	-63.5511
3999	-63.3108
4000	-63.1229
4001	-63.4307
4002	-63.4609
4003	-62.8392
4004	-62.8357
4005	-62.9554
4006	-63.2036
4007	-63.0662
4008	-63.2248
4009	-63.4537
4010	-63.2342
4011	-63.0607
4012	-63.2185
4013	-62.9216
4014	-62.9223
4015	-63.404
4016	-63.1395
4017	-63.0821
4018	-63.1612
4019	-63.387
4020	-63.5331
4021	-63.4324
4022	-63.4027
4023	-63.2798
4024	-63.5976
4025	-63.4987
4026	-63.2412
4027	-63.1715
4028	-63.423
4029	-63.2511
4030	-63.0267
4031	-63.2291
4032	-63.1803
4033	-63.589
4034	-63.4752
4035	-63.1882
4036	-63.2142
4037	-63.4199
4038	-63.3953
4039	-62.9984
4040	-63.3856
4041	-63.4061
4042	-63.7172
4043	-63.3976
4044	-63.19
4045	-63.0974
4046	-63.0779
4047	-63.2615
4048	-62.9211
4049	-63.365
4050	-63.3869
4051	-63.2437
4052	-63.5774
4053	-63.3561
4054	-63.2176
4055	-63.2423
4056	-63.4823
4057	-63.6433
4058	-63.1281
4059	-63.6002
4060	-63.2102
4061	-63.4263
4062	-63.2772
4063	-63.3986
4064	-63.3024
4065	-63.4965
4066	-63.113
4067	-63.1446
4068	-63.0851
4069	-63.7564
4070	-63.6418
4071	-63.5936
4072	-63.2418
4073	-63.4658
4074	-63.1031
4075	-63.4557
4076	-63.0308
4077	-62.824
4078	-62.8345
4079	-63.3696
4080	-63.5346
4081	-63.182
4082	-63.1851
4083	-63.1847
4084	-63.6612
4085	-63.7309
4086	-63.7917
4087	-63.4065
4088	-63.0709
4089	-63.0411
4090	-62.9155
4091	-63.4729
4092	-63.4392
4093	-63.8297
4094	-63.6307
4095	-63.4679
4096	-63.2079
4097	-63.3927
4098	-63.3519
4099	-63.129
4100	-63.2153
4101	-63.1415
4102	-63.2407
4103	-63.164
4104	-63.2401
4105	-62.9515
4106	-63.4005
4107	-63.219
4108	-63.3506
4109	-63.2595
4110	-63.5094
4111	-63.2032
4112	-63.6704
4113	-63.1685
4114	-63.4026
4115	-63.4451
4116	-63.1134
4117	-63.1385
4118	-63.7359
4119	-63.7124
4120	-63.3102
4121	-63.2884
4122	-63.4062
4123	-63.1671
4124	-63.2286
4125	-63.1331
4126	-63.1526
4127	-62.9797
4128	-63.2574
4129	-63.5518
4130	-63.093
4131	-63.4805
4132	-63.0994
4133	-63.4787
4134	-63.5396
4135	-63.4461
4136	-63.7982
4137	-63.6783
4138	-62.8526
4139	-63.3357
4140	-63.6455
4141	-63.7388
4142	-63.7077
4143	-63.862
4144	-63.7763
4145	-63.552
4146	-63.0465
4147	-63.1677
4148	-63.969
4149	-63.6622
4150	-63.4864
4151	-63.3722
4152	-63.3399
4153	-63.3698
4154	-63.549
4155	-63.6499
4156	-63.5879
4157	-63.4927
4158	-63.1398
4159	-63.3908
4160	-63.4369
4161	-63.6575
4162	-63.1388
4163	-63.3309
4164	-63.2582
4165	-63.0488
4166	-63.5873
4167	-63.3617
4168	-63.5094
4169	-64.0347
4170	-63.7114
4171	-63.8962
4172	-63.4364
4173	-63.7561
4174	-63.7001
4175	-63.4685
4176	-63.7134
4177	-63.1556
4178	-62.9931
4179	-62.9379
4180	-63.3119
4181	-63.4827
4182	-63.5962
4183	-63.3569
4184	-63.4218
4185	-63.5093
4186	-63.7562
4187	-63.8064
4188	-63.5586
4189	-63.4733
4190	-63.7239
4191	-63.4731
4192	-63.3691
4193	-63.4321
4194	-63.4938
4195	-63.4748
4196	-63.3731
4197	-63.4491
4198	-63.2984
4199	-63.6387
4200	-63.5369
4201	-63.5765
4202	-63.868
4203	-64.0477
4204	-63.6614
4205	-63.7388
4206	-63.4182
4207	-63.4791
4208	-63.5406
4209	-63.6075
4210	-63.3505
4211	-63.4129
4212	-63.492
4213	-63.5564
4214	-63.6856
4215	-63.4974
4216	-63.5254
4217	-63.6718
4218	-63.6228
4219	-63.4034
4220	-63.6149
4221	-64.0594
4222	-63.7172
4223	-63.6648
4224	-64.184
4225	-64.0784
4226	-63.9257
4227	-63.8808
4228	-63.7367
4229	-64.0282
4230	-63.9561
4231	-63.3325
4232	-63.4614
4233	-63.5021
4234	-63.5903
4235	-63.8604
4236	-63.6722
4237	-63.4814
4238	-63.7259
4239	-63.558
4240	-63.5732
4241	-63.6684
4242	-63.5606
4243	-63.7434
4244	-63.5017
4245	-63.7955
4246	-63.5999
4247	-63.6283
4248	-63.9957
4249	-63.6035
4250	-63.3884
4251	-63.189
4252	-64.0209
4253	-63.5092
4254	-63.6604
4255	-63.3714
4256	-63.6224
4257	-63.798
4258	-63.9133
4259	-63.7683
4260	-63.7596
4261	-63.8427
4262	-63.8399
4263	-63.6355
4264	-63.5506
4265	-63.4687
4266	-63.4781
4267	-64.2222
4268	-63.9443
4269	-63.5894
4270	-63.4713
4271	-62.9582
4272	-63.3045
4273	-63.463
4274	-63.5486
4275	-63.6268
4276	-64.1222
4277	-64.352
4278	-63.8579
4279	-63.6639
4280	-63.6877
4281	-63.5848
4282	-64.0896
4283	-64.1916
4284	-63.8648
4285	-63.3078
4286	-63.1704
4287	-63.5352
4288	-63.7364
4289	-63.1762
4290	-63.597
4291	-63.3009
4292	-63.3506
4293	-63.6433
4294	-63.7034
4295	-63.6135
4296	-63.749
4297	-63.6458
4298	-63.4771
4299	-63.5127
4300	-63.8253
4301	-63.5994
4302	-63.8783
4303	-63.5464
4304	-64.0251
4305	-63.9763
4306	-63.9648
4307	-64.4981
4308	-64.1177
4309	-63.3895
4310	-63.6214
4311	-63.5989
4312	-64.0805
4313	-64.0448
4314	-63.5623
4315	-63.7985
4316	-64.3706
4317	-63.5501
4318	-63.5202
4319	-63.2099
4320	-63.6109
4321	-64.0016
4322	-63.9728
4323	-63.7886
4324	-63.7029
4325	-63.8492
4326	-63.6271
4327	-63.8569
4328	-64.0566
4329	-64.092
4330	-64.2272
4331	-63.5354
4332	-63.966
4333	-63.6459
4334	-63.5721
4335	-63.8045
4336	-63.7023
4337	-63.738
4338	-63.7475
4339	-63.8275
4340	-63.8312
4341	-63.6269
4342	-63.8261
4343	-63.7909
4344	-63.4008
4345	-63.7533
4346	-63.9299
4347	-63.6301
4348	-63.5013
4349	-63.4996
4350	-64.1859
4351	-64.2325
4352	-64.2581
4353	-63.8828
4354	-63.7452
4355	-63.718
4356	-63.875
4357	-64.1651
4358	-64.2723
4359	-63.9721
4360	-63.6911
4361	-63.294
4362	-63.5978
4363	-63.8246
4364	-63.8742
4365	-63.8406
4366	-63.7181
4367	-63.8969
4368	-64.0308
4369	-63.8434
4370	-63.7133
4371	-63.7902
4372	-63.6939
4373	-63.6503
4374	-63.6
4375	-63.3985
4376	-63.2955
4377	-63.4366
4378	-63.6203
4379	-63.9231
4380	-63.8394
4381	-63.9656
4382	-63.9843
4383	-63.8341
4384	-63.5921
4385	-64.088
4386	-63.7567
4387	-63.6196
4388	-63.9192
4389	-64.004
4390	-64.303
4391	-63.4646
4392	-63.4369
4393	-63.7073
4394	-63.7388
4395	-63.6722
4396	-63.5641
4397	-63.865
4398	-63.8527
4399	-64.0211
4400	-63.7723
4401	-63.7924
4402	-63.4153
4403	-63.6175
4404	-64.0266
4405	-64.1987
4406	-64.1073
4407	-64.0821
4408	-64.1447
4409	-64.2633
4410	-64.4594
4411	-63.5534
4412	-63.8568
4413	-63.7699
4414	-63.6482
4415	-63.9483
4416	-63.8219
4417	-63.5624
4418	-63.4703
4419	-63.7287
4420	-64.0697
4421	-64.2859
4422	-63.6283
4423	-63.959
4424	-64.1362
4425	-63.5442
4426	-63.6185
4427	-64.2387
4428	-64.2122
4429	-63.9204
4430	-64.0375
4431	-63.6474
4432	-63.7067
4433	-64.1229
4434	-63.5605
4435	-64.0528
4436	-63.9675
4437	-64.3312
4438	-64.094
4439	-63.7775
4440	-64.1063
4441	-63.9101
4442	-64.05
4443	-64.0115
4444	-64.1051
4445	-63.3135
4446	-63.6902
4447	-63.8798
4448	-63.4463
4449	-63.7215
4450	-63.7134
4451	-63.8377
4452	-63.8976
4453	-63.591
4454	-63.6589
4455	-63.6882
4456	-64.0432
4457	-63.9036
4458	-63.6859
4459	-63.6798
4460	-63.5447
4461	-63.6549
4462	-63.511
4463	-63.7799
4464	-64.0238
4465	-64.3129
4466	-64.1213
4467	-63.796
4468	-63.9826
4469	-63.7198
4470	-63.6179
4471	-63.8331
4472	-63.8064
4473	-63.9082
4474	-63.8458
4475	-63.6706
4476	-63.626
4477	-64.1216
4478	-63.6398
4479	-63.943
4480	-63.7956
4481	-63.31
4482	-63.2547
4483	-63.3469
4484	-63.7481
4485	-63.9102
4486	-63.8727
4487	-63.9711
4488	-63.9145
4489	-64.2992
4490	-64.0057
4491	-63.6796
4492	-64.0281
4493	-63.984
4494	-63.6744
4495	-64.2509
4496	-64.4651
4497	-64.428
4498	-63.9482
4499	-64.0964
4500	-64.0412
4501	-64.148
4502	-63.7902
4503	-63.9365
4504	-63.9648
4505	-63.8614
4506	-64.035
4507	-64.1105
4508	-64.0791
4509	-63.8077
4510	-63.9899
4511	-64.1281
4512	-63.8016
4513	-63.9913
4514	-63.9324
4515	-64.2943
4516	-64.2696
4517	-64.1125
4518	-63.8455
4519	-63.8782
4520	-63.7731
4521	-64.2207
4522	-64.2554
4523	-64.1904
4524	-63.9818
4525	-63.8022
4526	-63.8398
4527	-64.1761
4528	-64.1652
4529	-64.0869
4530	-63.8521
4531	-64.1493
4532	-63.9791
4533	-63.8837
4534	-63.8867
4535	-64.2696
4536	-64.4827
4537	-64.4006
4538	-64.1622
4539	-63.9397
4540	-63.923
4541	-64.216
4542	-64.2125
4543	-64.1489
4544	-64.0474
4545	-64.0414
4546	-63.8497
4547	-64.051
4548	-63.6849
4549	-64.0856
4550	-63.8985
4551	-64.3043
4552	-64.3301
4553	-63.786
4554	-63.6434
4555	-64.012
4556	-64.0947
4557	-63.8948
4558	-63.9273
4559	-64.1837
4560	-64.099
4561	-63.9442
4562	-64.137
4563	-63.9313
4564	-64.3476
4565	-63.8349
4566	-64.1613
4567	-64.582
4568	-64.2933
4569	-64.1269
4570	-64.2582
4571	-64.2273
4572	-64.0953
4573	-64.2377
4574	-64.2748
4575	-64.1564
4576	-64.6268
4577	-64.1836
4578	-64.0859
4579	-63.9609
4580	-64.1272
4581	-64.3718
4582	-64.1363
4583	-63.7995
4584	-63.9793
4585	-63.9598
4586	-63.8347
4587	-63.685
4588	-63.9272
4589	-63.8077
4590	-64.2311
4591	-64.337
4592	-64.2729
4593	-63.9612
4594	-64.5278
4595	-64.4373
4596	-63.8735
4597	-63.9443
4598	-63.5417
4599	-63.43
4600	-63.8208
4601	-64.1367
4602	-64.1789
4603	-64.2322
4604	-63.8229
4605	-64.2352
4606	-64.3472
4607	-64.1291
4608	-64.4038
4609	-64.4771
4610	-63.897
4611	-63.9284
4612	-64.5021
4613	-64.1802
4614	-64.0892
4615	-64.0054
4616	-64.5574
4617	-64.7416
4618	-64.5868
4619	-64.0121
4620	-64.2021
4621	-64.3291
4622	-64.3509
4623	-64.4822
4624	-64.5862
4625	-64.1443
4626	-63.88
4627	-64.0756
4628	-64.2369
4629	-64.4727
4630	-64.4173
4631	-64.2188
4632	-63.9855
4633	-63.5635
4634	-63.8927
4635	-64.0402
4636	-63.7676
4637	-64.0169
4638	-64.2335
4639	-64.0303
4640	-64.3421
4641	-64.3391
4642	-64.2893
4643	-64.6347
4644	-64.4108
4645	-64.0806
4646	-64.1771
4647	-64.4329
4648	-64.4148
4649	-64.4073
4650	-63.8226
4651	-64.0901
4652	-64.3463
4653	-64.3886
4654	-64.1883
4655	-64.1581
4656	-64.3718
4657	-64.5108
4658	-64.4001
4659	-64.3027
4660	-64.1109
4661	-64.0914
4662	-64.2742
4663	-64.0821
4664	-64.3515
4665	-64.0502
4666	-64.1964
4667	-64.439
4668	-64.6295
4669	-64.4158
4670	-64.0215
4671	-63.8856
4672	-63.8773
4673	-64.5527
4674	-64.8826
4675	-64.552
4676	-64.0843
4677	-64.0134
4678	-64.4032
4679	-64.4378
4680	-63.9355
4681	-64.2882
4682	-64.1892
4683	-63.9623
4684	-64.3016
4685	-64.6523
4686	-63.9764
4687	-64.4196
4688	-63.9622
4689	-64.1216
4690	-64.1818
4691	-64.3019
4692	-64.1566
4693	-64.3161
4694	-64.4978
4695	-64.54
4696	-64.5005
4697	-64.2781
4698	-64.3797
4699	-64.7523
4700	-64.8675
4701	-64.6511
4702	-64.6071
4703	-64.5726
4704	-64.4245
4705	-64.446
4706	-64.2929
4707	-64.2135
4708	-64.2971
4709	-64.1616
4710	-64.1899
4711	-64.6292
4712	-64.7272
4713	-64.2341
4714	-64.1353
4715	-64.1596
4716	-64.6252
4717	-64.2457
4718	-64.348
4719	-64.5215
4720	-64.3969
4721	-64.1267
4722	-64.6576
4723	-64.4993
4724	-63.8478
4725	-64.0872
4726	-64.3987
4727	-63.9162
4728	-64.0474
4729	-64.4483
4730	-64.6438
4731	-64.1934
4732	-64.1665
4733	-64.213
4734	-64.6695
4735	-64.1494
4736	-64.1144
4737	-64.3747
4738	-63.7546
4739	-64.061
4740	-64.5387
4741	-64.5554
4742	-64.6291
4743	-64.4891
4744	-64.3561
4745	-64.0529
4746	-64.1104
4747	-64.1684
4748	-64.6485
4749	-64.9703
4750	-63.8339
4751	-64.1811
4752	-64.2704
4753	-63.9926
4754	-64.1987
4755	-64.2077
4756	-64.6505
4757	-64.329
4758	-64.2005
4759	-64.173
4760	-64.1587
4761	-64.325
4762	-64.3003
4763	-64.3084
4764	-64.1339
4765	-64.4437
4766	-64.7662
4767	-64.6319
4768	-65.052
4769	-65.2058
4770	-64.9027
4771	-64.2582
4772	-64.46
4773	-64.6758
4774	-64.674
4775	-64.1996
4776	-64.0897
4777	-64.2503
4778	-64.4483
4779	-64.8609
4780	-64.7429
4781	-64.5576
4782	-64.6237
4783	-64.1823
4784	-64.4668
4785	-64.4756
4786	-64.4262
4787	-64.5359
4788	-64.6077
4789	-64.5639
4790	-64.9349
4791	-64.6906
4792	-64.6146
4793	-64.1106
4794	-64.579
4795	-64.5341
4796	-64.2986
4797	-64.6879
4798	-64.629
4799	-64.4187
4800	-64.2628
4801	-64.6043
4802	-64.3931
4803	-64.4369
4804	-64.5198
4805	-64.3362
4806	-64.0496
4807	-64.3873
4808	-64.8372
4809	-64.6997
4810	-64.631
4811	-64.1852
4812	-64.5844
4813	-64.3252
4814	-64.0902
4815	-63.9191
4816	-63.7294
4817	-63.9943
4818	-64.7292
4819	-64.7816
4820	-64.6295
4821	-64.2544
4822	-64.4709
4823	-64.4044
4824	-64.5017
4825	-64.4757
4826	-64.5025
4827	-65.0651
4828	-64.6282
4829	-64.6345
4830	-64.4577
4831	-64.0843
4832	-64.0794
4833	-64.2237
4834	-64.2596
4835	-64.115
4836	-64.3054
4837	-64.3587
4838	-64.5282
4839	-64.5935
4840	-64.6574
4841	-64.3295
4842	-64.247
4843	-64.5081
4844	-64.7546
4845	-64.4075
4846	-64.5987
4847	-64.6793
4848	-64.6441
4849	-64.4069
4850	-64.7196
4851	-64.6687
4852	-64.6124
4853	-64.4227
4854	-64.6745
4855	-64.6079
4856	-64.5238
4857	-64.2133
4858	-63.9583
4859	-64.3771
4860	-64.4459
4861	-64.3842
4862	-64.6906
4863	-64.8492
4864	-64.7533
4865	-64.4386
4866	-64.55
4867	-64.2943
4868	-64.5554
4869	-64.4169
4870	-64.4621
4871	-64.4816
4872	-64.6213
4873	-64.236
4874	-64.4403
4875	-64.6241
4876	-64.6653
4877	-64.7614
4878	-64.4455
4879	-64.2063
4880	-64.3582
4881	-64.493
4882	-64.7398
4883	-64.7467
4884	-64.832
4885	-64.5398
4886	-64.452
4887	-64.5772
4888	-64.8694
4889	-64.6764
4890	-64.4957
4891	-64.2369
4892	-64.3343
4893	-64.5229
4894	-64.3075
4895	-64.5528
4896	-64.5947
4897	-64.8967
4898	-64.1191
4899	-64.5865
4900	-64.5966
4901	-64.3715
4902	-64.3493
4903	-64.4597
4904	-64.8073
4905	-64.7368
4906	-64.7236
4907	-64.9302
4908	-64.5515
4909	-64.4243
4910	-64.3553
4911	-64.4691
4912	-64.7629
4913	-64.4727
4914	-64.8087
4915	-64.8136
4916	-64.6666
4917	-64.8567
4918	-64.5664
4919	-64.6378
4920	-64.6342
4921	-64.9284
4922	-64.9133
4923	-65.0158
4924	-64.6059
4925	-64.7591
4926	-64.3831
4927	-64.3099
4928	-64.7095
4929	-64.6813
4930	-64.2496
4931	-64.2796
4932	-64.8322
4933	-64.5783
4934	-64.3828
4935	-64.6456
4936	-64.6048
4937	-64.3946
4938	-64.557
4939	-64.4545
4940	-64.3845
4941	-64.6197
4942	-64.6823
4943	-64.4389
4944	-64.5859
4945	-65.0737
4946	-64.6857
4947	-64.3068
4948	-64.2145
4949	-64.6105
4950	-65.0166
4951	-64.5102
4952	-64.7395
4953	-64.8344
4954	-64.9194
4955	-64.4439
4956	-64.7451
4957	-65.1679
4958	-64.6212
4959	-64.534
4960	-65.1574
4961	-64.8252
4962	-64.4525
4963	-64.8223
4964	-64.6215
4965	-64.2416
4966	-64.4606
4967	-64.6696
4968	-64.849
4969	-65.2471
4970	-64.9098
4971	-64.6339
4972	-64.9634
4973	-64.7337
4974	-64.628
4975	-65.058
4976	-64.6995
4977	-64.4685
4978	-64.5299
4979	-64.8646
4980	-65.0289
4981	-64.7447
4982	-64.6895
4983	-64.4805
4984	-64.7363
4985	-64.6887
4986	-65.0418
4987	-64.9168
4988	-64.733
4989	-64.5692
4990	-64.7788
4991	-65.0184
4992	-64.9439
4993	-64.4424
4994	-64.6827
4995	-64.569
4996	-64.8496
4997	-64.9578
4998	-64.6605
4999	-64.5861
5000	-64.5259
5001	-64.5674
5002	-64.7572
5003	-64.4346
5004	-64.6779
5005	-64.6389
5006	-64.4493
5007	-64.0234
5008	-64.2551
5009	-63.9182
5010	-64.4546
5011	-64.4833
5012	-64.6521
5013	-64.4845
5014	-64.2346
5015	-64.1083
5016	-64.6829
5017	-64.9435
5018	-65.1787
5019	-64.5162
5020	-64.6043
5021	-64.6008
5022	-64.4508
5023	-64.3744
5024	-65.1506
5025	-65.1943
5026	-65.2972
5027	-64.8751
5028	-64.351
5029	-64.4603
5030	-64.8824
5031	-64.827
5032	-64.7528
5033	-64.9899
5034	-64.7807
5035	-64.8002
5036	-64.7867
5037	-64.9759
5038	-65.2546
5039	-65.2026
5040	-65.0123
5041	-64.3978
5042	-64.5114
5043	-64.4878
5044	-64.8714
5045	-64.8738
5046	-64.7356
5047	-64.8883
5048	-64.911
5049	-65.1378
5050	-64.6837
5051	-64.3551
5052	-64.854
5053	-64.8256
5054	-64.9411
5055	-64.657
5056	-64.6341
5057	-64.9652
5058	-64.8512
5059	-65.1666
5060	-64.8231
5061	-65.0577
5062	-65.1812
5063	-64.6059
5064	-64.26
5065	-64.4196
5066	-64.7416
5067	-64.4846
5068	-64.653
5069	-64.4765
5070	-64.5311
5071	-64.9058
5072	-64.4708
5073	-64.3257
5074	-64.7349
5075	-65.0075
5076	-65.1086
5077	-64.7178
5078	-64.6001
5079	-64.7295
5080	-64.9975
5081	-64.8056
5082	-64.5059
5083	-64.7575
5084	-65.1463
5085	-65.0659
5086	-64.8532
5087	-64.6642
5088	-64.7646
5089	-64.8851
5090	-64.9698
5091	-64.9965
5092	-64.5789
5093	-64.3633
5094	-64.8863
5095	-64.9477
5096	-65.065
5097	-64.8054
5098	-65.0634
5099	-64.7286
5100	-64.641
5101	-64.693
5102	-64.9
5103	-64.9616
5104	-64.3173
5105	-64.6112
5106	-64.3795
5107	-64.5167
5108	-64.4629
5109	-64.2801
5110	-64.8802
5111	-65.0516
5112	-65.1749
5113	-65.4184
5114	-65.2057
5115	-64.7964
5116	-64.6978
5117	-64.6931
5118	-65.0506
5119	-64.8551
5120	-64.6054
5121	-64.5034
5122	-64.7496
5123	-64.8969
5124	-64.7821
5125	-64.5283
5126	-64.7082
5127	-64.8398
5128	-65.0365
5129	-65.1434
5130	-64.812
5131	-64.7469
5132	-65.0699
5133	-65.3382
5134	-65.3242
5135	-65.1998
5136	-65.2523
5137	-65.275
5138	-65.2108
5139	-64.6952
5140	-64.6583
5141	-64.9534
5142	-65.0385
5143	-64.6784
5144	-65.1697
5145	-65.4762
5146	-65.0961
5147	-64.7499
5148	-64.8276
5149	-64.5733
5150	-64.559
5151	-64.9496
5152	-64.9038
5153	-64.887
5154	-65.402
5155	-65.3542
5156	-65.0854
5157	-64.6938
5158	-64.7168
5159	-64.499
5160	-64.7384
5161	-64.7464
5162	-65.1087
5163	-64.9727
5164	-64.7513
5165	-65.0509
5166	-65.1849
5167	-64.887
5168	-64.6399
5169	-64.6463
5170	-64.3846
5171	-64.6068
5172	-64.6963
5173	-64.8986
5174	-65.4465
5175	-65.3484
5176	-65.0338
5177	-64.9411
5178	-65.2786
5179	-65.0786
5180	-65.0292
5181	-65.2084
5182	-64.7989
5183	-65.2764
5184	-65.0814
5185	-64.9403
5186	-64.8688
5187	-64.6681
5188	-64.8662
5189	-64.6602
5190	-64.7754
5191	-65.3528
5192	-65.5848
5193	-65.2885
5194	-65.0747
5195	-65.0617
5196	-64.7379
5197	-64.8938
5198	-65.1121
5199	-64.9419
5200	-64.6834
5201	-65.2936
5202	-65.0007
5203	-65.3006
5204	-65.4677
5205	-65.1748
5206	-64.8448
5207	-64.9767
5208	-64.6435
5209	-64.8648
5210	-65.25
5211	-65.0426
5212	-64.7247
5213	-64.9761
5214	-64.7257
5215	-64.8425
5216	-64.6763
5217	-64.7407
5218	-64.9958
5219	-64.6584
5220	-64.9156
5221	-65.2596
5222	-65.079
5223	-65.2218
5224	-65.2004
5225	-65.3206
5226	-64.9724
5227	-64.9405
5228	-64.8425
5229	-65.2139
5230	-64.8138
5231	-64.7216
5232	-64.8187
5233	-64.6748
5234	-64.9446
5235	-64.7595
5236	-64.8831
5237	-64.833
5238	-65.0064
5239	-64.2763
5240	-64.3176
5241	-64.5543
5242	-64.9743
5243	-64.651
5244	-64.8507
5245	-64.6114
5246	-64.9734
5247	-64.9878
5248	-65.2443
5249	-64.7027
5250	-64.8458
5251	-64.7623
5252	-65.081
5253	-65.392
5254	-65.1749
5255	-64.9299
5256	-64.9151
5257	-65.0277
5258	-64.9038
5259	-65.1475
5260	-65.0438
5261	-64.7324
5262	-64.7573
5263	-65.0253
5264	-64.8909
5265	-65.387
5266	-65.3402
5267	-65.1684
5268	-64.9285
5269	-64.728
5270	-64.8066
5271	-65.2524
5272	-64.8983
5273	-65.2517
5274	-65.2715
5275	-64.9506
5276	-65.1728
5277	-64.851
5278	-65.0835
5279	-65.1522
5280	-64.9627
5281	-65.0516
5282	-64.9629
5283	-64.755
5284	-64.3848
5285	-64.8627
5286	-65.1006
5287	-65.1437
5288	-65.1542
5289	-65.0848
5290	-64.6171
5291	-64.6723
5292	-64.6335
5293	-65.0102
5294	-65.5596
5295	-65.2912
5296	-64.7546
5297	-64.9542
5298	-65.2309
5299	-64.7173
5300	-64.779
5301	-65.1182
5302	-65.1334
5303	-65.256
5304	-65.0119
5305	-64.9547
5306	-64.6375
5307	-65.0209
5308	-65.1582
5309	-65.3414
5310	-65.4104
5311	-64.9683
5312	-64.7894
5313	-64.7709
5314	-64.8646
5315	-64.6439
5316	-64.8725
5317	-64.6565
5318	-64.4919
5319	-64.8582
5320	-65.4408
5321	-65.344
5322	-65.0753
5323	-64.5252
5324	-64.8415
5325	-65.0991
5326	-65.4145
5327	-65.1847
5328	-64.9986
5329	-64.99
5330	-65.0218
5331	-64.7975
5332	-65.1309
5333	-65.544
5334	-65.1031
5335	-65.1816
5336	-65.641
5337	-65.1504
5338	-65.188
5339	-64.9193
5340	-64.9657
5341	-65.1944
5342	-64.9775
5343	-65.3865
5344	-65.0314
5345	-65.1458
5346	-65.2075
5347	-65.3369
5348	-64.9306
5349	-65.1815
5350	-65.3441
5351	-65.0127
5352	-65.0971
5353	-65.2011
5354	-65.1768
5355	-65.6239
5356	-65.4679
5357	-65.1941
5358	-65.3185
5359	-65.2895
5360	-65.4601
5361	-65.0306
5362	-64.7188
5363	-65.2154
5364	-65.0571
5365	-65.1354
5366	-65.1503
5367	-64.7908
5368	-64.9591
5369	-64.9097
5370	-64.858
5371	-64.9996
5372	-64.7984
5373	-65.2563
5374	-65.5752
5375	-65.292
5376	-65.2481
5377	-65.0417
5378	-65.3935
5379	-65.2666
5380	-65.1979
5381	-65.2174
5382	-65.1129
5383	-64.9047
5384	-65.1137
5385	-65.0823
5386	-64.8772
5387	-65.4846
5388	-65.2061
5389	-64.7189
5390	-64.8865
5391	-65.5979
5392	-65.6725
5393	-65.5308
5394	-65.5557
5395	-65.4131
5396	-65.5667
5397	-65.4031
5398	-65.2062
5399	-65.4321
5400	-65.7144
5401	-65.6939
5402	-65.1599
5403	-65.064
5404	-64.9287
5405	-64.9106
5406	-65.1023
5407	-65.309
5408	-65.13
5409	-65.3546
5410	-65.2607
5411	-64.9569
5412	-65.1728
5413	-65.0111
5414	-64.7149
5415	-65.1481
5416	-64.9167
5417	-65.2014
5418	-65.22
5419	-64.7225
5420	-64.8042
5421	-65.076
5422	-64.6788
5423	-65.2623
5424	-65.1824
5425	-65.3312
5426	-65.1933
5427	-65.1294
5428	-65.4195
5429	-65.4822
5430	-65.5129
5431	-65.2702
5432	-65.7017
5433	-65.5561
5434	-65.6055
5435	-65.0902
5436	-64.9027
5437	-65.1598
5438	-65.3242
5439	-65.0526
5440	-65.003
5441	-65.1678
5442	-65.1847
5443	-64.9904
5444	-65.3408
5445	-65.6769
5446	-65.3134
5447	-65.4011
5448	-64.9085
5449	-65.2978
5450	-65.1381
5451	-65.5731
5452	-65.2569
5453	-65.481
5454	-65.6214
5455	-65.2809
5456	-65.2876
5457	-65.1561
5458	-65.5816
5459	-65.1768
5460	-64.9061
5461	-65.5529
5462	-65.3643
5463	-64.895
5464	-65.21
5465	-65.4401
5466	-65.4605
5467	-65.3384
5468	-65.1914
5469	-65.2543
5470	-65.0814
5471	-64.9188
5472	-65.4137
5473	-65.2538
5474	-65.154
5475	-65.5691
5476	-65.5681
5477	-65.2322
5478	-65.0676
5479	-64.9768
5480	-65.7881
5481	-65.3471
5482	-65.1129
5483	-65.4238
5484	-65.413
5485	-65.6216
5486	-65.757
5487	-65.2133
5488	-65.573
5489	-65.6174
5490	-65.5226
5491	-65.1606
5492	-64.8728
5493	-65.4934
5494	-65.6468
5495	-65.1446
5496	-65.094
5497	-65.1286
5498	-65.519
5499	-65.6379
5500	-65.5531
5501	-65.3887
5502	-65.4959
5503	-65.3068
5504	-65.553
5505	-65.3172
5506	-65.436
5507	-65.3582
5508	-65.5277
5509	-65.1279
5510	-64.9992
5511	-65.1022
5512	-65.213
5513	-64.9302
5514	-64.944
5515	-65.2424
5516	-65.2086
5517	-64.9629
5518	-65.46
5519	-65.5883
5520	-65.2243
5521	-65.0373
5522	-64.9584
5523	-65.4429
5524	-65.509
5525	-65.6393
5526	-65.2006
5527	-65.0093
5528	-65.3839
5529	-65.4237
5530	-65.1044
5531	-65.5894
5532	-65.7101
5533	-65.1235
5534	-64.9616
5535	-65.0453
5536	-65.4603
5537	-65.3105
5538	-65.2263
5539	-65.4485
5540	-65.3387
5541	-65.0812
5542	-65.4619
5543	-65.439
5544	-65.5703
5545	-65.6375
5546	-65.3369
5547	-65.4609
5548	-65.4207
5549	-65.0848
5550	-65.0582
5551	-65.0468
5552	-65.366
5553	-65.5115
5554	-65.4168
5555	-65.6446
5556	-65.468
5557	-65.531
5558	-65.2584
5559	-64.9156
5560	-64.6851
5561	-65.0169
5562	-65.0983
5563	-65.715
5564	-65.7263
5565	-65.446
5566	-65.549
5567	-65.6305
5568	-65.3756
5569	-65.4431
5570	-65.4084
5571	-65.0263
5572	-65.1199
5573	-64.9167
5574	-65.1669
5575	-64.9853
5576	-65.0532
5577	-65.1555
5578	-65.1416
5579	-65.5183
5580	-65.4678
5581	-65.3827
5582	-65.7875
5583	-65.7873
5584	-65.4664
5585	-65.1032
5586	-65.3696
5587	-65.547
5588	-65.0639
5589	-64.9627
5590	-64.988
5591	-65.2709
5592	-65.1998
5593	-65.2877
5594	-65.5337
5595	-65.5844
5596	-65.8361
5597	-65.9571
5598	-65.5465
5599	-65.5241
5600	-65.2633
5601	-65.1803
5602	-65.6575
5603	-65.3554
5604	-65.3686
5605	-64.9366
5606	-65.0789
5607	-65.4339
5608	-65.4342
5609	-65.779
5610	-65.7393
5611	-65.221
5612	-64.9318
5613	-65.3455
5614	-65.5838
5615	-65.7962
5616	-65.6308
5617	-65.2097
5618	-65.0489
5619	-65.4378
5620	-65.3646
5621	-65.6385
5622	-65.814
5623	-65.8712
5624	-65.4885
5625	-65.7744
5626	-65.4793
5627	-65.6354
5628	-65.5268
5629	-65.2122
5630	-65.0996
5631	-65.4663
5632	-65.6227
5633	-65.4177
5634	-65.2529
5635	-65.3657
5636	-65.2025
5637	-65.578
5638	-65.7403
5639	-65.9181
5640	-65.8077
5641	-65.3802
5642	-65.46
5643	-65.2001
5644	-65.2245
5645	-65.2596
5646	-65.2413
5647	-65.5805
5648	-65.4678
5649	-65.2064
5650	-65.0449
5651	-65.2811
5652	-65.1277
5653	-65.3742
5654	-65.3842
5655	-65.8932
5656	-65.4651
5657	-65.4323
5658	-65.1478
5659	-65.4846
5660	-65.4514
5661	-65.8011
5662	-65.5234
5663	-65.5032
5664	-65.542
5665	-65.2959
5666	-65.3356
5667	-65.3839
5668	-65.41
5669	-65.0777
5670	-65.2057
5671	-65.1598
5672	-65.1139
5673	-65.3362
5674	-65.5748
5675	-65.4831
5676	-65.6112
5677	-65.6621
5678	-66.0612
5679	-65.7418
5680	-65.596
5681	-65.54
5682	-65.5549
5683	-65.9961
5684	-65.7544
5685	-65.6914
5686	-65.5362
5687	-65.5466
5688	-65.2619
5689	-65.6894
5690	-65.996
5691	-65.9017
5692	-65.3361
5693	-65.5257
5694	-65.2211
5695	-65.778
5696	-65.5456
5697	-65.6994
5698	-65.8989
5699	-65.7118
5700	-65.255
5701	-65.5458
5702	-65.2815
5703	-65.5329
5704	-65.4104
5705	-65.8475
5706	-66.0434
5707	-65.6788
5708	-65.6802
5709	-65.5636
5710	-65.5304
5711	-65.0827
5712	-65.5145
5713	-65.609
5714	-65.5934
5715	-65.7192
5716	-65.4579
5717	-65.1516
5718	-65.0924
5719	-65.1207
5720	-65.2503
5721	-65.2553
5722	-65.6301
5723	-65.8227
5724	-65.6306
5725	-65.2157
5726	-65.1322
5727	-65.3625
5728	-65.7265
5729	-65.9482
5730	-65.6286
5731	-65.5245
5732	-65.3613
5733	-65.4742
5734	-65.5248
5735	-65.4592
5736	-65.1963
5737	-65.5804
5738	-65.9462
5739	-65.96
5740	-65.9322
5741	-65.9252
5742	-65.7256
5743	-65.4041
5744	-65.8091
5745	-65.5795
5746	-65.5941
5747	-65.7041
5748	-65.6281
5749	-65.7339
5750	-65.3931
5751	-65.486
5752	-65.2301
5753	-65.401
5754	-65.8128
5755	-65.374
5756	-65.5795
5757	-65.6267
5758	-65.6417
5759	-65.5566
5760	-65.4191
5761	-65.6924
5762	-65.8707
5763	-65.6253
5764	-65.7214
5765	-65.8325
5766	-65.7844
5767	-65.4668
5768	-65.5652
5769	-65.6767
5770	-65.5553
5771	-65.7383
5772	-65.6463
5773	-65.5983
5774	-65.6941
5775	-65.9428
5776	-66.0266
5777	-65.7706
5778	-65.5537
5779	-65.5241
5780	-65.5149
5781	-66.041
5782	-65.8886
5783	-65.8643
5784	-65.6318
5785	-65.615
5786	-65.6372
5787	-65.132
5788	-64.6631
5789	-64.9856
5790	-65.5824
5791	-65.3653
5792	-65.2605
5793	-65.7262
5794	-65.2597
5795	-65.5476
5796	-65.7156
5797	-65.8677
5798	-65.508
5799	-65.4158
5800	-65.4724
5801	-65.5789
5802	-65.6318
5803	-65.5136
5804	-65.5506
5805	-65.9409
5806	-66.1057
5807	-65.3048
5808	-65.7363
5809	-65.9263
5810	-65.825
5811	-65.982
5812	-65.7844
5813	-65.6009
5814	-65.353
5815	-65.5727
5816	-65.8124
5817	-65.7868
5818	-66.0426
5819	-66.0792
5820	-65.6063
5821	-65.4692
5822	-65.257
5823	-65.68
5824	-65.796
5825	-65.5292
5826	-65.7038
5827	-65.8725
5828	-65.5381
5829	-65.6044
5830	-65.7699
5831	-65.5079
5832	-65.2217
5833	-65.1648
5834	-65.1749
5835	-65.7591
5836	-65.331
5837	-65.3587
5838	-65.7591
5839	-65.7563
5840	-65.4891
5841	-65.3583
5842	-65.4421
5843	-65.47
5844	-65.7476
5845	-65.5702
5846	-65.878
5847	-66.0703
5848	-65.3813
5849	-65.646
5850	-65.7577
5851	-65.5914
5852	-65.3184
5853	-65.7903
5854	-65.4483
5855	-65.5456
5856	-65.3115
5857	-65.723
5858	-65.7467
5859	-65.996
5860	-65.4315
5861	-65.3267
5862	-65.8017
5863	-65.9354
5864	-65.6901
5865	-65.5358
5866	-65.8139
5867	-65.8169
5868	-65.8284
5869	-66.2244
5870	-66.1537
5871	-65.8279
5872	-65.7853
5873	-65.1927
5874	-65.2961
5875	-65.3923
5876	-65.46
5877	-65.8265
5878	-66.0021
5879	-66.1776
5880	-65.772
5881	-65.8505
5882	-65.4212
5883	-65.6611
5884	-65.6193
5885	-65.8709
5886	-66.0149
5887	-65.765
5888	-65.8623
5889	-65.4599
5890	-65.6921
5891	-65.7061
5892	-65.7015
5893	-66.0937
5894	-65.8281
5895	-65.5727
5896	-65.4617
5897	-65.967
5898	-66.0569
5899	-65.8727
5900	-65.9545
5901	-66.0572
5902	-65.5719
5903	-65.4879
5904	-65.6413
5905	-65.8817
5906	-65.709
5907	-65.1289
5908	-65.3048
5909	-66.1606
5910	-65.6454
5911	-65.6969
5912	-65.529
5913	-65.7031
5914	-65.9417
5915	-65.6383
5916	-65.6265
5917	-65.6445
5918	-65.8614
5919	-65.6644
5920	-65.5114
5921	-65.7482
5922	-65.5168
5923	-65.6297
5924	-66.3679
5925	-65.6302
5926	-65.7599
5927	-66.0133
5928	-65.7129
5929	-65.3021
5930	-65.505
5931	-65.5125
5932	-65.9945
5933	-65.8054
5934	-65.8554
5935	-65.4166
5936	-65.4901
5937	-66.0686
5938	-65.9944
5939	-65.9778
5940	-65.9875
5941	-65.5442
5942	-65.399
5943	-65.145
5944	-65.7108
5945	-65.9356
5946	-65.8243
5947	-65.5769
5948	-65.5206
5949	-65.5707
5950	-65.8425
5951	-65.8633
5952	-65.6181
5953	-65.8734
5954	-65.7519
5955	-66.0385
5956	-66.0771
5957	-66.0051
5958	-65.7674
5959	-66.0325
5960	-65.9519
5961	-65.3992
5962	-65.5226
5963	-65.9163
5964	-65.827
5965	-65.9327
5966	-65.9859
5967	-65.883
5968	-65.3422
5969	-65.5425
5970	-65.8823
5971	-66.1892
5972	-66.104
5973	-65.6249
5974	-65.9468
5975	-66.0269
5976	-65.8665
5977	-66.2853
5978	-66.0834
5979	-66.2379
5980	-66.2571
5981	-65.8611
5982	-65.8142
5983	-65.6423
5984	-65.4368
5985	-65.9557
5986	-66.1307
5987	-66.2531
5988	-66.2114
5989	-66.1767
5990	-66.4512
5991	-66.4755
5992	-66.0161
5993	-66.0508
5994	-65.8193
5995	-65.972
5996	-65.676
5997	-65.4892
5998	-65.8848
5999	-65.8168
6000	-65.638
6001	-65.586
6002	-65.899
6003	-65.9353
6004	-65.7945
6005	-65.7211
6006	-65.8595
6007	-65.9845
6008	-65.742
6009	-65.889
6010	-66.1585
6011	-65.8927
6012	-66.1554
6013	-65.9406
6014	-66.291
6015	-66.0242
6016	-66.0631
6017	-66.0859
6018	-65.9372
6019	-66.2672
6020	-66.0813
6021	-65.8461
6022	-65.4367
6023	-65.6591
6024	-66.3222
6025	-66.0434
6026	-66.0125
6027	-66.056
6028	-65.8294
6029	-65.8186
6030	-66.0692
6031	-66.0054
6032	-65.636
6033	-65.704
6034	-66.2727
6035	-66.6259
6036	-65.9787
6037	-65.8365
6038	-65.8257
6039	-66.1165
6040	-65.8513
6041	-66.0356
6042	-66.1082
6043	-66.106
6044	-65.9072
6045	-65.8586
6046	-66.0511
6047	-65.7872
6048	-65.8621
6049	-65.8097
6050	-65.972
6051	-66.2631
6052	-66.0539
6053	-66.2096
6054	-66.2111
6055	-66.2998
6056	-66.0917
6057	-65.4717
6058	-65.715
6059	-66.1677
6060	-65.9832
6061	-65.941
6062	-65.82
6063	-65.3647
6064	-65.6992
6065	-65.792
6066	-66.2049
6067	-65.9674
6068	-65.7765
6069	-65.3906
6070	-66.0295
6071	-66.003
6072	-66.0338
6073	-66.1515
6074	-66.2134
6075	-66.0298
6076	-65.7157
6077	-65.9078
6078	-65.7395
6079	-66.1588
6080	-66.1398
6081	-66.1796
6082	-66.8173
6083	-66.5897
6084	-65.9201
6085	-66.0968
6086	-66.0042
6087	-66.241
6088	-65.8293
6089	-65.5361
6090	-66.1893
6091	-66.3388
6092	-66.3504
6093	-66.1498
6094	-65.6058
6095	-65.4048
6096	-65.4153
6097	-65.9006
6098	-66.1819
6099	-65.9273
6100	-65.8808
6101	-66.2823
6102	-66.15
6103	-65.8281
6104	-65.59
6105	-66.0119
6106	-66.0714
6107	-66.0821
6108	-66.5305
6109	-66.242
6110	-65.9034
6111	-65.8777
6112	-65.7248
6113	-65.7822
6114	-65.9829
6115	-66.2681
6116	-66.0822
6117	-65.7654
6118	-65.7165
6119	-66.2438
6120	-65.7422
6121	-65.663
6122	-66.017
6123	-65.7714
6124	-66.1653
6125	-66.5404
6126	-66.1607
6127	-66.0672
6128	-66.1367
6129	-65.8215
6130	-65.89
6131	-65.7909
6132	-66.0403
6133	-65.8464
6134	-65.782
6135	-65.8354
6136	-65.9125
6137	-65.8122
6138	-65.7581
6139	-66.1662
6140	-66.1226
6141	-66.2626
6142	-66.2985
6143	-66.0222
6144	-65.6833
6145	-65.9253
6146	-66.3568
6147	-66.496
6148	-66.4203
6149	-66.0077
6150	-66.079
6151	-66.3268
6152	-65.9397
6153	-65.7738
6154	-66.1028
6155	-66.1062
6156	-65.9569
6157	-65.9106
6158	-66.0198
6159	-65.9759
6160	-65.9115
6161	-65.8914
6162	-65.898
6163	-65.9964
6164	-65.8873
6165	-66.0112
6166	-65.7457
6167	-65.6416
6168	-65.8407
6169	-66.3438
6170	-66.2483
6171	-66.0725
6172	-65.4972
6173	-65.6951
6174	-66.0095
6175	-65.7509
6176	-65.9105
6177	-66.2509
6178	-66.3171
6179	-65.9317
6180	-65.9775
6181	-65.9849
6182	-66.1975
6183	-66.0361
6184	-65.8874
6185	-66.3189
6186	-66.3571
6187	-65.9899
6188	-66.1025
6189	-66.1563
6190	-66.0426
6191	-66.0414
6192	-66.1528
6193	-66.1623
6194	-66.0076
6195	-66.3489
6196	-66.1688
6197	-65.9036
6198	-65.9022
6199	-65.9585
6200	-65.6018
6201	-65.405
6202	-66.0279
6203	-65.9496
6204	-66.2429
6205	-66.1442
6206	-66.4706
6207	-66.418
6208	-66.2349
6209	-66.0996
6210	-66.1392
6211	-66.5241
6212	-66.2232
6213	-66.0503
6214	-66.0677
6215	-66.2196
6216	-66.3214
6217	-66.2396
6218	-66.3436
6219	-66.4534
6220	-65.9312
6221	-66.1649
6222	-65.9856
6223	-66.1021
6224	-66.3363
6225	-66.0648
6226	-66.2114
6227	-66.2903
6228	-65.9594
6229	-65.6237
6230	-65.9063
6231	-66.2322
6232	-66.0447
6233	-65.9103
6234	-66.1592
6235	-65.8108
6236	-65.9491
6237	-65.821
6238	-66.1667
6239	-66.119
6240	-66.4241
6241	-66.1642
6242	-65.9414
6243	-66.2594
6244	-65.9299
6245	-65.9549
6246	-66.2732
6247	-66.4458
6248	-66.2779
6249	-66.3605
6250	-66.1366
6251	-66.1642
6252	-65.8719
6253	-65.5885
6254	-66.0881
6255	-65.6309
6256	-65.8401
6257	-65.5956
6258	-65.903
6259	-66.2439
6260	-66.1756
6261	-66.2879
6262	-65.8552
6263	-65.9552
6264	-66.1864
6265	-66.1969
6266	-65.9785
6267	-66.0565
6268	-66.3117
6269	-66.5688
6270	-66.6966
6271	-66.7286
6272	-66.4048
6273	-66.1167
6274	-66.4765
6275	-66.2218
6276	-65.8797
6277	-66.0612
6278	-66.1285
6279	-65.9267
6280	-65.7249
6281	-65.859
6282	-66.0284
6283	-66.0168
6284	-65.6446
6285	-65.7912
6286	-65.9453
6287	-65.8615
6288	-65.9886
6289	-66.2425
6290	-66.1747
6291	-66.0056
6292	-65.8247
6293	-65.9811
6294	-66.1806
6295	-66.1503
6296	-66.0385
6297	-65.8539
6298	-66.4129
6299	-66.2507
6300	-66.1288
6301	-66.1265
6302	-65.6036
6303	-66.0644
6304	-66.0993
6305	-66.2445
6306	-65.9868
6307	-66.2092
6308	-66.1482
6309	-66.4251
6310	-66.5436
6311	-66.7184
6312	-66.4602
6313	-66.0295
6314	-66.075
6315	-66.156
6316	-65.7255
6317	-65.9518
6318	-65.7889
6319	-65.9375
6320	-65.8129
6321	-66.1675
6322	-66.2751
6323	-66.2546
6324	-65.9342
6325	-66.0668
6326	-66.0177
6327	-66.0029
6328	-66.0806
6329	-66.2635
6330	-66.4851
6331	-65.8722
6332	-65.9178
6333	-66.362
6334	-66.1724
6335	-66.1734
6336	-66.4921
6337	-66.5124
6338	-66.1135
6339	-66.642
6340	-66.1848
6341	-66.1141
6342	-66.1405
6343	-65.5258
6344	-66.4643
6345	-66.7321
6346	-65.796
6347	-65.9529
6348	-65.8316
6349	-66.048
6350	-66.4055
6351	-66.5228
6352	-66.0881
6353	-65.7435
6354	-65.8283
6355	-65.8161
6356	-66.3991
6357	-66.0479
6358	-66.1698
6359	-66.3738
6360	-66.5247
6361	-66.5237
6362	-66.3973
6363	-66.141
6364	-66.3182
6365	-66.3349
6366	-66.1229
6367	-66.2223
6368	-66.4734
6369	-66.443
6370	-66.4475
6371	-66.3755
6372	-65.7889
6373	-65.9317
6374	-65.7508
6375	-65.8926
6376	-66.1381
6377	-66.4239
6378	-66.0357
6379	-65.7204
6380	-65.9333
6381	-66.2467
6382	-66.1742
6383	-66.2648
6384	-66.2339
6385	-66.4052
6386	-65.9919
6387	-65.9816
6388	-66.245
6389	-66.1961
6390	-66.1655
6391	-66.4395
6392	-66.2577
6393	-65.6044
6394	-66.0563
6395	-66.6398
6396	-66.6094
6397	-66.0268
6398	-65.9211
6399	-66.2054
6400	-66.4003
6401	-65.708
6402	-66.082
6403	-66.1712
6404	-66.4286
6405	-66.0781
6406	-66.1448
6407	-66.2638
6408	-66.3683
6409	-66.1118
6410	-65.9052
6411	-66.5451
6412	-66.4338
6413	-66.6436
6414	-66.6156
6415	-66.2991
6416	-65.9357
6417	-66.1379
6418	-65.8983
6419	-65.853
6420	-66.2053
6421	-66.3683
6422	-66.1884
6423	-66.5367
6424	-66.4994
6425	-66.1296
6426	-66.0011
6427	-66.0741
6428	-66.1445
6429	-66.3474
6430	-66.4728
6431	-66.1591
6432	-66.2186
6433	-66.1972
6434	-66.2522
6435	-66.6682
6436	-66.9267
6437	-66.3827
6438	-66.0003
6439	-66.4401
6440	-66.5371
6441	-66.2143
6442	-66.4157
6443	-66.4067
6444	-65.8523
6445	-66.3058
6446	-66.366
6447	-66.4794
6448	-66.1562
6449	-66.1005
6450	-66.3367
6451	-66.3061
6452	-66.2821
6453	-66.0032
6454	-66.2594
6455	-66.5275
6456	-66.6173
6457	-66.1198
6458	-66.138
6459	-66.4682
6460	-66.3118
6461	-66.3237
6462	-66.533
6463	-66.5418
6464	-66.3498
6465	-66.3463
6466	-66.3096
6467	-66.8462
6468	-66.5214
6469	-66.3861
6470	-66.2842
6471	-66.2428
6472	-66.8193
6473	-66.6348
6474	-66.1928
6475	-66.4175
6476	-66.4008
6477	-66.2247
6478	-66.2447
6479	-66.6027
6480	-66.2841
6481	-66.184
6482	-66.2136
6483	-66.1941
6484	-66.4352
6485	-66.1999
6486	-66.7419
6487	-66.8461
6488	-66.4522
6489	-66.1527
6490	-66.2277
6491	-66.3485
6492	-66.1124
6493	-66.2638
6494	-66.7554
6495	-66.5028
6496	-66.198
6497	-66.165
6498	-65.9799
6499	-66.4382
6500	-66.1496
6501	-66.2408
6502	-66.7052
6503	-66.5077
6504	-66.1317
6505	-66.6764
6506	-66.9262
6507	-66.554
6508	-66.4505
6509	-66.5366
6510	-66.325
6511	-66.2706
6512	-66.3503
6513	-66.8815
6514	-66.7747
6515	-66.6637
6516	-66.7072
6517	-66.5419
6518	-66.7316
6519	-66.061
6520	-66.2603
6521	-66.5887
6522	-66.3004
6523	-66.1916
6524	-66.031
6525	-66.389
6526	-66.2213
6527	-66.3836
6528	-66.4701
6529	-66.2956
6530	-66.33
6531	-66.1847
6532	-66.0864
6533	-66.3147
6534	-66.614
6535	-66.3204
6536	-66.4304
6537	-66.4965
6538	-66.1924
6539	-66.2519
6540	-66.4218
6541	-66.3572
6542	-66.2928
6543	-66.351
6544	-66.2522
6545	-66.1628
6546	-66.099
6547	-66.3997
6548	-66.0392
6549	-66.4241
6550	-66.1883
6551	-66.2534
6552	-66.1175
6553	-66.0285
6554	-66.012
6555	-66.7773
6556	-66.4766
6557	-66.3393
6558	-66.5552
6559	-66.3476
6560	-66.5272
6561	-66.5143
6562	-66.3437
6563	-66.1649
6564	-65.9566
6565	-66.2262
6566	-66.4642
6567	-66.9046
6568	-66.3878
6569	-66.2022
6570	-66.3613
6571	-66.5105
6572	-66.044
6573	-66.2234
6574	-66.224
6575	-66.3378
6576	-66.181
6577	-66.4568
6578	-66.4038
6579	-66.4477
6580	-66.8156
6581	-66.6727
6582	-66.8993
6583	-66.5416
6584	-66.3315
6585	-66.4159
6586	-66.5845
6587	-66.2591
6588	-66.7254
6589	-66.5304
6590	-66.1374
6591	-66.3711
6592	-66.3525
6593	-66.415
6594	-66.4685
6595	-66.2829
6596	-66.0813
6597	-66.1797
6598	-66.6867
6599	-66.621
6600	-66.734
6601	-66.4177
6602	-66.4905
6603	-66.1508
6604	-66.5039
6605	-66.5807
6606	-66.6061
6607	-66.0201
6608	-66.1674
6609	-66.5051
6610	-66.5131
6611	-66.5255
6612	-66.5863
6613	-66.3043
6614	-66.514
6615	-66.7237
6616	-66.722
6617	-66.3999
6618	-66.4783
6619	-66.4979
6620	-66.2924
6621	-65.9985
6622	-66.0962
6623	-66.3078
6624	-66.3283
6625	-66.7257
6626	-66.8427
6627	-66.6304
6628	-66.2825
6629	-66.1443
6630	-66.2552
6631	-66.6265
6632	-66.6145
6633	-66.6762
6634	-66.4136
6635	-66.4104
6636	-66.2465
6637	-66.3479
6638	-66.4362
6639	-66.202
6640	-66.2819
6641	-66.1746
6642	-66.414
6643	-67.0152
6644	-65.9265
6645	-66.133
6646	-66.4689
6647	-66.0789
6648	-66.5003
6649	-66.3046
6650	-66.5804
6651	-66.3144
6652	-66.4922
6653	-66.427
6654	-66.2011
6655	-66.2705
6656	-66.1518
6657	-66.2172
6658	-66.5075
6659	-66.3806
6660	-66.8943
6661	-66.8311
6662	-66.9438
6663	-67.1121
6664	-66.8974
6665	-66.9016
6666	-66.8219
6667	-66.777
6668	-66.6018
6669	-66.4431
6670	-66.4038
6671	-66.1744
6672	-66.637
6673	-66.248
6674	-66.341
6675	-66.1017
6676	-66.4533
6677	-66.2233
6678	-66.4522
6679	-67.1271
6680	-66.6987
6681	-66.7003
6682	-66.7947
6683	-66.448
6684	-66.5707
6685	-66.5974
6686	-66.6357
6687	-66.6596
6688	-66.6184
6689	-66.4744
6690	-66.3762
6691	-66.2483
6692	-66.3968
6693	-66.5676
6694	-66.5277
6695	-66.6141
6696	-66.8594
6697	-67.1055
6698	-67.0056
6699	-66.3435
6700	-66.3251
6701	-66.497
6702	-66.8461
6703	-66.7175
6704	-66.7927
6705	-66.6317
6706	-66.956
6707	-66.3298
6708	-66.4101
6709	-66.7746
6710	-66.411
6711	-66.4197
6712	-66.6107
6713	-66.4135
6714	-66.6901
6715	-66.8194
6716	-66.6005
6717	-66.8931
6718	-67.1095
6719	-66.4982
6720	-66.3053
6721	-66.6097
6722	-66.6656
6723	-66.5171
6724	-66.4997
6725	-66.1999
6726	-66.5839
6727	-66.9581
6728	-66.7828
6729	-66.5392
6730	-66.5175
6731	-66.606
6732	-66.4332
6733	-66.5823
6734	-66.6061
6735	-66.4525
6736	-66.2462
6737	-66.778
6738	-66.4087
6739	-66.3968
6740	-66.3079
6741	-66.5496
6742	-66.4748
6743	-66.3037
6744	-66.1024
6745	-66.6657
6746	-66.7426
6747	-66.497
6748	-66.4278
6749	-66.2328
6750	-66.1747
6751	-66.5525
6752	-66.4212
6753	-66.7694
6754	-66.7328
6755	-67.0073
6756	-67.082
6757	-66.341
6758	-66.5907
6759	-66.6968
6760	-66.4565
6761	-66.0792
6762	-66.0726
6763	-66.0513
6764	-66.1817
6765	-66.5306
6766	-66.8151
6767	-66.1723
6768	-66.8873
6769	-66.8139
6770	-66.607
6771	-66.4157
6772	-66.5616
6773	-66.8125
6774	-66.4732
6775	-66.578
6776	-66.6218
6777	-66.8618
6778	-66.8876
6779	-66.5289
6780	-66.8358
6781	-66.6029
6782	-66.4071
6783	-66.7094
6784	-66.5225
6785	-66.7188
6786	-66.8917
6787	-66.4816
6788	-66.6296
6789	-66.6265
6790	-66.4468
6791	-66.4846
6792	-66.7461
6793	-67.012
6794	-66.7164
6795	-66.4838
6796	-66.7769
6797	-66.4782
6798	-66.3755
6799	-66.3832
6800	-66.6679
6801	-66.5042
6802	-66.2396
6803	-66.684
6804	-66.8354
6805	-66.9268
6806	-66.5633
6807	-66.2738
6808	-66.647
6809	-66.2876
6810	-66.4535
6811	-66.6952
6812	-66.956
6813	-66.67
6814	-66.6201
6815	-66.7078
6816	-66.9874
6817	-67.1459
6818	-66.7322
6819	-66.9609
6820	-66.5839
6821	-66.36
6822	-66.4605
6823	-66.7152
6824	-66.7275
6825	-66.7936
6826	-66.6495
6827	-66.5895
6828	-66.3752
6829	-66.2077
6830	-66.0423
6831	-66.434
6832	-66.7687
6833	-66.4021
6834	-66.4509
6835	-66.6311
6836	-66.4239
6837	-66.2193
6838	-66.4804
6839	-66.7973
6840	-66.5699
6841	-66.2498
6842	-66.5335
6843	-66.2443
6844	-66.3641
6845	-66.4194
6846	-66.5813
6847	-66.6638
6848	-66.977
6849	-66.7577
6850	-66.4554
6851	-66.2411
6852	-66.7027
6853	-66.8786
6854	-66.6655
6855	-66.622
6856	-66.6361
6857	-66.7371
6858	-66.7216
6859	-66.8126
6860	-66.8227
6861	-66.3481
6862	-66.1644
6863	-65.956
6864	-66.3224
6865	-66.6219
6866	-67.023
6867	-67.486
6868	-66.987
6869	-67.4245
6870	-66.8399
6871	-66.7607
6872	-66.4603
6873	-66.4185
6874	-66.6504
6875	-66.7808
6876	-66.7982
6877	-66.8776
6878	-66.6321
6879	-66.2747
6880	-66.1254
6881	-66.3416
6882	-66.4814
6883	-66.4155
6884	-66.8493
6885	-66.4465
6886	-66.7662
6887	-66.6715
6888	-67.1611
6889	-66.6734
6890	-66.7201
6891	-66.5116
6892	-66.5082
6893	-66.5847
6894	-66.6043
6895	-66.5852
6896	-66.8401
6897	-66.84
6898	-66.7992
6899	-66.5365
6900	-66.3561
6901	-66.5953
6902	-67.0079
6903	-67.0782
6904	-66.6582
6905	-66.4965
6906	-66.984
6907	-66.5616
6908	-66.8139
6909	-66.8473
6910	-66.9364
6911	-66.3821
6912	-66.7436
6913	-67.2593
6914	-66.7909
6915	-66.8944
6916	-67.1567
6917	-67.3452
6918	-67.2997
6919	-67.0267
6920	-66.6371
6921	-66.5196
6922	-66.3005
6923	-66.3064
6924	-66.5726
6925	-66.7231
6926	-66.9407
6927	-66.9497
6928	-66.8661
6929	-66.6772
6930	-66.6531
6931	-66.7078
6932	-66.4621
6933	-66.6538
6934	-66.8993
6935	-66.7202
6936	-66.3291
6937	-66.6208
6938	-66.6093
6939	-66.9796
6940	-67.0232
6941	-66.7582
6942	-66.76
6943	-66.5115
6944	-66.5335
6945	-66.6959
6946	-66.9485
6947	-67.1295
6948	-66.8283
6949	-66.998
6950	-67.0853
6951	-67.0307
6952	-66.7167
6953	-67.1754
6954	-67.0132
6955	-67.1165
6956	-66.9991
6957	-66.9111
6958	-66.8298
6959	-66.9889
6960	-67.134
6961	-66.764
6962	-66.9047
6963	-67.0029
6964	-67.1027
6965	-66.7747
6966	-66.8919
6967	-66.9352
6968	-66.6272
6969	-66.915
6970	-66.9401
6971	-66.7764
6972	-66.9156
6973	-67.3097
6974	-66.9436
6975	-66.6051
6976	-67.2821
6977	-67.0503
6978	-66.8624
6979	-66.9179
6980	-67.2235
6981	-67.1159
6982	-66.9802
6983	-67.1286
6984	-67.0201
6985	-67.1227
6986	-66.8948
6987	-66.8717
6988	-66.5516
6989	-66.336
6990	-67.09
6991	-66.7133
6992	-66.6985
6993	-66.3975
6994	-66.8803
6995	-66.718
6996	-66.6955
6997	-67.4259
6998	-67.4126
6999	-66.7361
7000	-66.9775
7001	-66.9082
7002	-66.4891
7003	-66.63
7004	-66.8146
7005	-66.6066
7006	-66.5194
7007	-66.7404
7008	-67.2369
7009	-67.0383
7010	-67.1282
7011	-66.7531
7012	-66.5156
7013	-66.6854
7014	-66.8871
7015	-66.5297
7016	-66.4444
7017	-66.6499
7018	-66.508
7019	-66.5247
7020	-66.7322
7021	-66.42
7022	-66.6789
7023	-66.5902
7024	-66.6998
7025	-66.7566
7026	-66.4768
7027	-66.4524
7028	-66.9032
7029	-66.9769
7030	-66.7581
7031	-66.4783
7032	-66.7557
7033	-67.0919
7034	-66.7217
7035	-66.6367
7036	-66.6905
7037	-66.5893
7038	-66.3382
7039	-66.3663
7040	-66.5114
7041	-66.7849
7042	-66.8907
7043	-67.16
7044	-66.8979
7045	-67.0929
7046	-67.0081
7047	-67.0701
7048	-66.8461
7049	-66.4608
7050	-66.8833
7051	-67.1198
7052	-66.813
7053	-66.5677
7054	-66.9424
7055	-67.4237
7056	-66.6147
7057	-66.8159
7058	-66.8778
7059	-66.827
7060	-66.8519
7061	-66.9447
7062	-66.8444
7063	-66.8222
7064	-66.7792
7065	-66.8496
7066	-66.7958
7067	-66.8458
7068	-67.2704
7069	-67.1585
7070	-67.0817
7071	-66.6788
7072	-66.7832
7073	-66.8762
7074	-66.7798
7075	-66.8734
7076	-66.8533
7077	-66.6453
7078	-66.601
7079	-66.8139
7080	-66.8953
7081	-66.7166
7082	-67.0764
7083	-67.0093
7084	-66.5586
7085	-66.733
7086	-66.8782
7087	-66.9663
7088	-67.04
7089	-66.7705
7090	-67.0109
7091	-66.612
7092	-66.8314
7093	-66.9397
7094	-66.7784
7095	-66.9718
7096	-66.8153
7097	-66.7757
7098	-67.065
7099	-67.1964
7100	-66.5823
7101	-66.6524
7102	-66.5447
7103	-67.0973
7104	-67.311
7105	-67.1042
7106	-67.0089
7107	-67.0669
7108	-66.5467
7109	-66.4457
7110	-66.7039
7111	-66.6785
7112	-66.5818
7113	-67.036
7114	-67.3058
7115	-66.926
7116	-66.7361
7117	-66.7855
7118	-66.7521
7119	-66.188
7120	-66.6355
7121	-67.0404
7122	-66.7814
7123	-66.7343
7124	-66.5529
7125	-66.7447
7126	-66.8508
7127	-66.6363
7128	-66.6571
7129	-66.8441
7130	-66.7611
7131	-66.2703
7132	-66.7496
7133	-66.5592
7134	-66.5738
7135	-66.486
7136	-66.7038
7137	-66.8663
7138	-66.8608
7139	-67.1818
7140	-67.1127
7141	-66.6758
7142	-66.6847
7143	-66.5618
7144	-66.5613
7145	-66.6696
7146	-66.5533
7147	-66.5722
7148	-66.5967
7149	-66.8296
7150	-66.5133
7151	-66.5433
7152	-67.013
7153	-66.9552
7154	-67.226
7155	-66.6929
7156	-66.5462
7157	-66.9033
7158	-66.9609
7159	-67.0222
7160	-67.2998
7161	-67.1196
7162	-66.8045
7163	-67.4408
7164	-67.343
7165	-67.1423
7166	-66.4204
7167	-66.4194
7168	-66.7645
7169	-66.8358
7170	-67.0941
7171	-66.9946
7172	-66.6567
7173	-67.4241
7174	-67.1317
7175	-66.7872
7176	-66.5379
7177	-67.0142
7178	-67.0797
7179	-67.0288
7180	-66.804
7181	-66.7529
7182	-67.1172
7183	-67.0776
7184	-66.4266
7185	-66.6455
7186	-66.9621
7187	-67.0985
7188	-67.3754
7189	-66.9857
7190	-66.7747
7191	-67.0548
7192	-67.2523
7193	-66.6656
7194	-66.7789
7195	-66.9686
7196	-67.0362
7197	-67.1268
7198	-67.2191
7199	-67.1561
7200	-66.8702
7201	-66.2632
7202	-66.1981
7203	-66.5594
7204	-66.7221
7205	-67.2118
7206	-67.6223
7207	-67.1523
7208	-66.6785
7209	-66.8917
7210	-67.3585
7211	-66.9403
7212	-66.8971
7213	-67.0602
7214	-66.9958
7215	-66.7778
7216	-66.8235
7217	-66.707
7218	-66.8011
7219	-66.9289
7220	-66.8209
7221	-67.3138
7222	-67.337
7223	-67.1896
7224	-67.3025
7225	-66.9986
7226	-66.8975
7227	-67.0228
7228	-67.128
7229	-67.101
7230	-67.0638
7231	-66.97
7232	-66.7939
7233	-67.0105
7234	-66.8266
7235	-67.5826
7236	-66.845
7237	-66.7802
7238	-67.0761
7239	-67.2193
7240	-67.149
7241	-66.7333
7242	-66.9927
7243	-67.3505
7244	-67.0142
7245	-66.866
7246	-66.9922
7247	-67.2854
7248	-67.1447
7249	-67.1167
7250	-67.2898
7251	-66.8227
7252	-66.7989
7253	-66.7428
7254	-67.0306
7255	-66.8679
7256	-66.7429
7257	-66.6523
7258	-66.9617
7259	-67.2595
7260	-66.8253
7261	-67.0055
7262	-67.346
7263	-66.8974
7264	-67.2325
7265	-67.3105
7266	-67.2342
7267	-66.4234
7268	-66.8426
7269	-67.2001
7270	-66.9899
7271	-67.1939
7272	-66.9419
7273	-67.068
7274	-67.321
7275	-66.9921
7276	-67.02
7277	-67.3702
7278	-66.9507
7279	-66.8739
7280	-66.4899
7281	-66.9169
7282	-67.1273
7283	-66.7714
7284	-66.6189
7285	-66.6643
7286	-66.9714
7287	-67.1398
7288	-66.8143
7289	-67.0118
7290	-66.5875
7291	-66.8097
7292	-67.1022
7293	-67.0668
7294	-67.0144
7295	-66.6906
7296	-66.8218
7297	-66.9662
7298	-67.1743
7299	-67.2247
7300	-67.0474
7301	-67.0082
7302	-67.3884
7303	-66.672
7304	-66.8957
7305	-67.0494
7306	-67.218
7307	-67.1582
7308	-67.3255
7309	-67.1088
7310	-67.0226
7311	-66.9556
7312	-66.8623
7313	-67.2847
7314	-67.3107
7315	-67.3204
7316	-67.1137
7317	-67.1168
7318	-67.0779
7319	-67.1772
7320	-67.0081
7321	-67.0381
7322	-67.1166
7323	-66.9888
7324	-66.8069
7325	-66.8191
7326	-67.1475
7327	-66.9727
7328	-67.3544
7329	-67.2626
7330	-67.2787
7331	-66.9235
7332	-67.036
7333	-67.2546
7334	-67.2184
7335	-67.0945
7336	-67.2996
7337	-66.9449
7338	-66.7958
7339	-67.0677
7340	-67.9006
7341	-67.3927
7342	-67.1443
7343	-67.1081
7344	-67.0821
7345	-67.1095
7346	-66.6393
7347	-67.1064
7348	-67.107
7349	-66.9968
7350	-66.9055
7351	-67.2962
7352	-67.0373
7353	-66.99
7354	-67.1665
7355	-67.3224
7356	-67.2973
7357	-67.3865
7358	-67.1265
7359	-67.2263
7360	-67.1875
7361	-67.0076
7362	-67.3881
7363	-67.3922
7364	-67.3915
7365	-66.5603
7366	-66.7588
7367	-66.8002
7368	-67.0419
7369	-66.9127
7370	-67.0328
7371	-66.7706
7372	-66.6958
7373	-67.0358
7374	-67.2141
7375	-67.059
7376	-66.7148
7377	-66.8409
7378	-67.5254
7379	-67.6719
7380	-67.3052
7381	-67.0732
7382	-66.8974
7383	-67.0457
7384	-67.6373
7385	-67.649
7386	-67.5736
7387	-67.523
7388	-66.8265
7389	-66.7796
7390	-66.8731
7391	-67.1236
7392	-67.3082
7393	-66.8153
7394	-66.9399
7395	-66.6549
7396	-66.9407
7397	-67.243
7398	-67.4699
7399	-67.4953
7400	-67.1145
7401	-67.0527
7402	-67.4099
7403	-67.5213
7404	-67.6649
7405	-67.3297
7406	-67.254
7407	-67.7286
7408	-67.2727
7409	-67.1559
7410	-67.3227
7411	-67.2591
7412	-67.4495
7413	-67.2032
7414	-67.349
7415	-66.9091
7416	-67.0645
7417	-67.1516
7418	-67.7093
7419	-67.2103
7420	-67.2778
7421	-67.4779
7422	-67.8097
7423	-67.7465
7424	-67.7812
7425	-67.0758
7426	-66.9678
7427	-67.165
7428	-66.7881
7429	-67.4462
7430	-67.3137
7431	-67.0519
7432	-67.0593
7433	-67.2326
7434	-67.4231
7435	-67.2447
7436	-67.0045
7437	-66.8617
7438	-67.1506
7439	-66.7908
7440	-67.1286
7441	-67.3265
7442	-67.3898
7443	-66.7846
7444	-67.1642
7445	-66.9297
7446	-67.0697
7447	-67.2041
7448	-67.1747
7449	-66.98
7450	-67.1991
7451	-67.61
7452	-67.5049
7453	-66.8167
7454	-67.2861
7455	-67.337
7456	-67.0608
7457	-66.9073
7458	-67.3117
7459	-67.5555
7460	-67.5295
7461	-67.8213
7462	-67.4345
7463	-67.2308
7464	-67.1706
7465	-67.1023
7466	-67.0038
7467	-67.225
7468	-67.3966
7469	-67.2909
7470	-67.3628
7471	-67.5769
7472	-67.04
7473	-67.1436
7474	-67.5378
7475	-67.0728
7476	-66.7886
7477	-66.8982
7478	-67.3921
7479	-67.388
7480	-67.3196
7481	-67.6222
7482	-66.7985
7483	-67.0797
7484	-67.6346
7485	-67.566
7486	-67.2604
7487	-67.1557
7488	-66.738
7489	-66.8893
7490	-66.9567
7491	-66.7973
7492	-66.6439
7493	-67.4579
7494	-67.0784
7495	-67.3301
7496	-67.4084
7497	-66.805
7498	-66.6747
7499	-67.1584
7500	-67.3173
7501	-67.2065
7502	-66.9943
7503	-66.8512
7504	-67.4814
7505	-67.3749
7506	-67.361
7507	-67.7928
7508	-67.5016
7509	-67.4467
7510	-67.3693
7511	-67.1577
7512	-66.8511
7513	-66.9111
7514	-67.1851
7515	-67.2647
7516	-66.9605
7517	-66.8922
7518	-66.8538
7519	-67.009
7520	-67.3004
7521	-67.2542
7522	-67.3678
7523	-67.5398
7524	-67.248
7525	-67.4122
7526	-67.2925
7527	-67.4716
7528	-67.5034
7529	-67.5438
7530	-67.2954
7531	-67.4374
7532	-67.4498
7533	-66.9886
7534	-66.9363
7535	-67.3585
7536	-67.1889
7537	-67.4204
7538	-67.3531
7539	-67.3754
7540	-66.974
7541	-67.259
7542	-67.2642
7543	-67.0456
7544	-67.386
7545	-67.0705
7546	-67.3167
7547	-67.6553
7548	-67.4894
7549	-67.1036
7550	-67.4157
7551	-66.9835
7552	-67.2405
7553	-67.3459
7554	-67.6136
7555	-67.2076
7556	-67.2402
7557	-66.9816
7558	-67.136
7559	-67.5835
7560	-67.3606
7561	-67.0891
7562	-67.2333
7563	-67.4706
7564	-67.3999
7565	-67.2106
7566	-67.1857
7567	-67.2824
7568	-67.347
7569	-67.1694
7570	-67.0544
7571	-67.1287
7572	-67.2087
7573	-67.0713
7574	-66.9756
7575	-67.3261
7576	-67.6921
7577	-67.8648
7578	-67.8486
7579	-67.7045
7580	-67.2248
7581	-67.5064
7582	-67.2844
7583	-67.2436
7584	-67.034
7585	-67.4662
7586	-67.4299
7587	-67.1766
7588	-67.329
7589	-67.5404
7590	-67.4363
7591	-67.5149
7592	-67.639
7593	-67.4035
7594	-67.3947
7595	-67.4027
7596	-67.6768
7597	-67.4658
7598	-67.5219
7599	-67.1745
7600	-66.9425
7601	-67.1429
7602	-67.1221
7603	-67.6421
7604	-67.0035
7605	-66.898
7606	-67.4338
7607	-67.1051
7608	-66.9789
7609	-67.4805
7610	-67.2425
7611	-67.4312
7612	-67.4638
7613	-67.271
7614	-67.3995
7615	-67.4027
7616	-67.1466
7617	-67.572
7618	-67.4316
7619	-67.0037
7620	-67.2283
7621	-67.2147
7622	-67.5314
7623	-67.3562
7624	-67.3275
7625	-67.6824
7626	-67.5689
7627	-67.2885
7628	-67.3251
7629	-67.3799
7630	-67.5985
7631	-67.2925
7632	-67.505
7633	-67.4413
7634	-67.4712
7635	-67.5183
7636	-67.3211
7637	-67.8074
7638	-67.6263
7639	-67.4606
7640	-67.7123
7641	-67.5066
7642	-67.4754
7643	-67.2338
7644	-67.3713
7645	-67.54
7646	-67.6139
7647	-67.5107
7648	-67.6541
7649	-67.2357
7650	-67.4142
7651	-67.1474
7652	-66.9594
7653	-67.1315
7654	-67.2965
7655	-66.8232
7656	-67.0609
7657	-67.3022
7658	-67.2131
7659	-67.2696
7660	-67.7505
7661	-67.7966
7662	-67.8573
7663	-67.826
7664	-67.8547
7665	-67.4639
7666	-66.747
7667	-66.9929
7668	-67.2448
7669	-67.4081
7670	-67.4435
7671	-67.6133
7672	-66.7979
7673	-66.8383
7674	-66.999
7675	-66.9476
7676	-67.1524
7677	-67.5925
7678	-67.6288
7679	-67.2891
7680	-67.3183
7681	-67.1377
7682	-67.3225
7683	-67.1273
7684	-66.9722
7685	-67.355
7686	-67.8222
7687	-67.4889
7688	-67.0279
7689	-67.2139
7690	-67.4217
7691	-67.3994
7692	-67.2027
7693	-67.0395
7694	-67.3637
7695	-67.475
7696	-67.3019
7697	-67.4071
7698	-67.3856
7699	-67.4673
7700	-67.6898
7701	-67.5082
7702	-67.5038
7703	-67.2467
7704	-67.5389
7705	-67.2899
7706	-66.8305
7707	-67.414
7708	-67.691
7709	-67.6309
7710	-67.5948
7711	-67.6113
7712	-67.4517
7713	-67.4824
7714	-67.0667
7715	-66.6172
7716	-67.1991
7717	-67.627
7718	-67.3641
7719	-67.0484
7720	-67.0581
7721	-67.3168
7722	-67.1246
7723	-67.4529
7724	-67.2752
7725	-67.5887
7726	-67.5771
7727	-67.5941
7728	-67.5367
7729	-67.9649
7730	-67.3989
7731	-67.7631
7732	-67.5711
7733	-67.3027
7734	-67.3103
7735	-67.4513
7736	-67.2551
7737	-67.1649
7738	-67.501
7739	-67.6144
7740	-67.511
7741	-67.1708
7742	-67.465
7743	-67.6295
7744	-67.6552
7745	-67.6398
7746	-67.5016
7747	-67.6268
7748	-67.348
7749	-67.7504
7750	-67.6053
7751	-67.5616
7752	-67.4571
7753	-67.1709
7754	-67.1089
7755	-67.414
7756	-67.2208
7757	-67.3991
7758	-67.6362
7759	-67.4501
7760	-67.3909
7761	-67.7548
7762	-67.5988
7763	-67.2236
7764	-67.2587
7765	-67.2104
7766	-67.3703
7767	-67.4254
7768	-67.3217
7769	-67.5239
7770	-67.8704
7771	-67.9748
7772	-67.2105
7773	-66.9956
7774	-67.8654
7775	-67.4908
7776	-66.9925
7777	-67.2829
7778	-67.3404
7779	-67.7844
7780	-67.3557
7781	-67.3397
7782	-67.49
7783	-67.2669
7784	-67.0964
7785	-67.4984
7786	-67.6224
7787	-67.6703
7788	-67.4429
7789	-67.3079
7790	-67.3149
7791	-67.1031
7792	-66.868
7793	-67.0514
7794	-67.665
7795	-67.3833
7796	-67.6621
7797	-67.4119
7798	-67.1974
7799	-67.3901
7800	-67.5083
7801	-67.445
7802	-67.3632
7803	-67.5824
7804	-68.0585
7805	-67.4899
7806	-67.3286
7807	-67.5445
7808	-67.3153
7809	-67.6506
7810	-67.7018
7811	-67.1843
7812	-67.3652
7813	-67.4443
7814	-67.2317
7815	-67.2323
7816	-67.7822
7817	-67.4584
7818	-67.6199
7819	-67.8818
7820	-67.7291
7821	-67.5324
7822	-67.664
7823	-67.7154
7824	-67.4325
7825	-67.3918
7826	-67.3677
7827	-67.2731
7828	-67.5762
7829	-67.6557
7830	-67.7094
7831	-67.7251
7832	-67.1641
7833	-67.3445
7834	-67.5242
7835	-67.5029
7836	-67.1775
7837	-67.4228
7838	-67.5398
7839	-67.8255
7840	-67.601
7841	-67.5523
7842	-67.6914
7843	-67.8934
7844	-67.7687
7845	-67.2322
7846	-67.4577
7847	-67.6489
7848	-67.6227
7849	-67.4723
7850	-67.996
7851	-67.8463
7852	-67.4249
7853	-67.6661
7854	-67.2889
7855	-67.363
7856	-67.586
7857	-67.471
7858	-67.1991
7859	-67.6759
7860	-67.5787
7861	-67.3093
7862	-67.024
7863	-67.4991
7864	-67.8979
7865	-67.8874
7866	-67.5428
7867	-67.6668
7868	-67.2092
7869	-67.068
7870	-67.2659
7871	-67.5188
7872	-67.4852
7873	-67.1965
7874	-67.2545
7875	-67.5215
7876	-68.0112
7877	-67.3656
7878	-67.5398
7879	-67.7002
7880	-67.1634
7881	-67.5764
7882	-67.5426
7883	-67.6534
7884	-67.2167
7885	-67.0973
7886	-67.3582
7887	-67.4958
7888	-67.6925
7889	-67.5476
7890	-67.5296
7891	-67.6639
7892	-67.8238
7893	-67.4976
7894	-67.2648
7895	-67.4083
7896	-67.8683
7897	-67.4935
7898	-67.2263
7899	-67.2626
7900	-67.848
7901	-67.5856
7902	-67.5202
7903	-67.3477
7904	-67.2299
7905	-67.3657
7906	-67.5839
7907	-68.1399
7908	-67.7053
7909	-67.3791
7910	-67.5181
7911	-67.768
7912	-67.4959
7913	-67.6286
7914	-67.946
7915	-67.4787
7916	-67.2543
7917	-67.4921
7918	-67.5709
7919	-67.4571
7920	-67.6845
7921	-67.7581
7922	-67.2818
7923	-67.4858
7924	-67.8283
7925	-67.4112
7926	-67.7635
7927	-68.0385
7928	-68.0597
7929	-67.4645
7930	-67.1952
7931	-67.5709
7932	-67.3337
7933	-67.2224
7934	-67.33
7935	-67.4092
7936	-67.6034
7937	-67.3704
7938	-67.6546
7939	-67.8306
7940	-67.3923
7941	-67.1229
7942	-67.0591
7943	-67.128
7944	-67.3853
7945	-67.4178
7946	-67.8236
7947	-67.7308
7948	-67.936
7949	-67.9972
7950	-67.7262
7951	-67.8052
7952	-67.825
7953	-67.717
7954	-67.4105
7955	-67.6298
7956	-67.8386
7957	-68.0977
7958	-67.8315
7959	-67.4557
7960	-67.2858
7961	-67.3571
7962	-67.6598
7963	-67.2552
7964	-67.4338
7965	-67.4807
7966	-67.2296
7967	-67.2278
7968	-67.975
7969	-67.8358
7970	-67.5372
7971	-67.8595
7972	-67.4324
7973	-67.3615
7974	-67.7042
7975	-67.9009
7976	-67.8645
7977	-67.9693
7978	-67.7006
7979	-67.4704
7980	-67.5029
7981	-67.6431
7982	-67.3593
7983	-67.3448
7984	-67.5615
7985	-67.5773
7986	-67.195
7987	-67.5412
7988	-68.0297
7989	-67.9146
7990	-67.611
7991	-67.4739
7992	-67.5706
7993	-67.703
7994	-67.4122
7995	-67.512
7996	-67.4422
7997	-67.3934
7998	-67.2686
7999	-67.546
8000	-67.4574
8001	-67.1226
8002	-67.7027
8003	-67.5154
8004	-67.4314
8005	-67.7414
8006	-68.0443
8007	-67.5837
8008	-67.4529
8009	-67.3566
8010	-67.856
8011	-67.6854
8012	-67.5012
8013	-67.5408
8014	-67.2249
8015	-67.1674
8016	-67.6626
8017	-67.6494
8018	-67.2732
8019	-67.599
8020	-67.8387
8021	-67.861
8022	-67.7307
8023	-67.6939
8024	-67.8967
8025	-67.3477
8026	-67.2955
8027	-67.2684
8028	-67.8157
8029	-67.5922
8030	-67.2235
8031	-67.3615
8032	-67.6205
8033	-67.4425
8034	-67.623
8035	-67.3319
8036	-67.731
8037	-67.4788
8038	-67.5066
8039	-67.3022
8040	-67.4414
8041	-67.5134
8042	-67.7097
8043	-67.4107
8044	-67.6065
8045	-67.7283
8046	-67.9486
8047	-67.4709
8048	-67.6174
8049	-67.6656
8050	-67.5912
8051	-67.6469
8052	-67.7722
8053	-68.0218
8054	-67.9057
8055	-67.9685
8056	-67.7122
8057	-67.9187
8058	-67.3877
8059	-67.678
8060	-67.6245
8061	-67.6665
8062	-68.1164
8063	-67.9536
8064	-67.3305
8065	-67.0274
8066	-67.1364
8067	-67.2479
8068	-67.6345
8069	-67.9144
8070	-67.8004
8071	-67.7098
8072	-67.4689
8073	-67.4843
8074	-67.6192
8075	-67.5499
8076	-67.4723
8077	-67.5598
8078	-67.3093
8079	-67.7109
8080	-68.0551
8081	-67.8807
8082	-68.1059
8083	-67.9709
8084	-68.2202
8085	-68.0012
8086	-67.6854
8087	-67.3591
8088	-67.5542
8089	-67.7851
8090	-67.6592
8091	-68.0641
8092	-67.9096
8093	-67.7218
8094	-67.5234
8095	-67.7126
8096	-67.5422
8097	-67.5465
8098	-67.0332
8099	-67.0943
8100	-67.6445
8101	-67.8125
8102	-67.4486
8103	-67.3484
8104	-67.7136
8105	-67.8041
8106	-68.0968
8107	-67.8314
8108	-67.7775
8109	-67.8067
8110	-67.7144
8111	-67.7346
8112	-67.097
8113	-67.7012
8114	-67.8266
8115	-67.743
8116	-67.9076
8117	-67.4148
8118	-67.5483
8119	-67.8307
8120	-67.8739
8121	-67.6325
8122	-67.8677
8123	-67.577
8124	-67.8225
8125	-67.9012
8126	-68.2111
8127	-67.8062
8128	-67.6477
8129	-68.0211
8130	-67.8407
8131	-67.8773
8132	-67.8321
8133	-67.2352
8134	-67.6824
8135	-68.129
8136	-67.5436
8137	-67.4882
8138	-67.5179
8139	-67.5196
8140	-67.4963
8141	-67.5194
8142	-67.5089
8143	-67.3645
8144	-67.8466
8145	-67.751
8146	-68.0537
8147	-67.6294
8148	-67.2165
8149	-67.8459
8150	-67.7961
8151	-67.4639
8152	-67.4658
8153	-67.5998
8154	-67.6635
8155	-68.1227
8156	-68.1275
8157	-67.6636
8158	-67.5121
8159	-67.8309
8160	-67.8112
8161	-68.0605
8162	-68.0334
8163	-67.779
8164	-67.5678
8165	-67.5514
8166	-67.7585
8167	-68.0856
8168	-68.4408
8169	-68.108
8170	-67.6754
8171	-67.4208
8172	-67.31
8173	-67.3163
8174	-67.7973
8175	-68.1824
8176	-67.7098
8177	-67.547
8178	-67.7265
8179	-68.0624
8180	-67.9669
8181	-67.8947
8182	-67.6894
8183	-67.6108
8184	-67.9849
8185	-67.9618
8186	-68.0121
8187	-67.909
8188	-67.4728
8189	-67.8456
8190	-67.486
8191	-67.8608
8192	-67.8207
8193	-67.6356
8194	-67.6587
8195	-67.6495
8196	-68.0719
8197	-67.5238
8198	-67.7028
8199	-67.7107
8200	-67.7066
8201	-68.0265
8202	-67.8435
8203	-67.8367
8204	-67.6415
8205	-67.9152
8206	-67.4522
8207	-67.8381
8208	-67.9671
8209	-67.9748
8210	-67.6484
8211	-67.8637
8212	-67.5254
8213	-67.3095
8214	-67.5104
8215	-67.9919
8216	-67.8309
8217	-68.0569
8218	-68.0411
8219	-67.832
8220	-67.8114
8221	-67.7784
8222	-67.6832
8223	-67.414
8224	-67.1283
8225	-67.7599
8226	-67.9014
8227	-67.3802
8228	-67.5904
8229	-67.8459
8230	-67.7792
8231	-67.7325
8232	-67.8651
8233	-68.2552
8234	-68.0631
8235	-67.9843
8236	-67.8543
8237	-67.9058
8238	-67.9501
8239	-67.8354
8240	-67.66
8241	-67.6
8242	-67.9927
8243	-68.029
8244	-67.6269
8245	-67.8964
8246	-67.7658
8247	-67.6559
8248	-67.3552
8249	-67.7022
8250	-67.7324
8251	-67.5852
8252	-68.0959
8253	-68.4567
8254	-68.2304
8255	-68.1829
8256	-68.239
8257	-68.11
8258	-68.2292
8259	-68.1447
8260	-67.8925
8261	-68.2713
8262	-67.7365
8263	-67.595
8264	-67.5292
8265	-67.3471
8266	-67.5011
8267	-67.6239
8268	-67.7475
8269	-67.6758
8270	-68.0041
8271	-67.9974
8272	-67.7397
8273	-67.9809
8274	-67.5693
8275	-67.6927
8276	-67.9188
8277	-67.7428
8278	-67.4457
8279	-67.6876
8280	-68.048
8281	-68.1768
8282	-67.9919
8283	-67.7435
8284	-68.0837
8285	-68.082
8286	-67.91
8287	-67.6428
8288	-67.7481
8289	-67.8269
8290	-68.0747
8291	-68.1571
8292	-68.0176
8293	-67.8916
8294	-68.1253
8295	-68.2727
8296	-67.9736
8297	-67.2182
8298	-67.4801
8299	-67.7481
8300	-67.6731
8301	-67.8439
8302	-68.3832
8303	-68.04
8304	-67.7651
8305	-68.0168
8306	-67.8612
8307	-68.0064
8308	-67.813
8309	-67.6184
8310	-67.7344
8311	-67.8288
8312	-67.8176
8313	-67.6725
8314	-67.6719
8315	-67.5984
8316	-68.1908
8317	-68.4021
8318	-68.0907
8319	-67.9622
8320	-67.6221
8321	-67.59
8322	-67.7389
8323	-67.9305
8324	-67.4636
8325	-67.1039
8326	-67.0086
8327	-67.6489
8328	-67.8478
8329	-67.9231
8330	-67.8557
8331	-67.5933
8332	-67.6166
8333	-67.505
8334	-67.7216
8335	-67.7064
8336	-68.0047
8337	-67.8621
8338	-67.9131
8339	-67.7407
8340	-68.1138
8341	-67.8488
8342	-67.9307
8343	-67.93
8344	-68.1482
8345	-67.9063
8346	-67.7816
8347	-68.0121
8348	-68.0395
8349	-67.6927
8350	-67.9329
8351	-68.0162
8352	-68.0494
8353	-67.8729
8354	-67.8469
8355	-67.6752
8356	-67.6239
8357	-67.8369
8358	-68.1326
8359	-67.9988
8360	-67.5895
8361	-67.4766
8362	-67.6226
8363	-67.7138
8364	-67.8161
8365	-67.532
8366	-67.529
8367	-67.8115
8368	-67.8947
8369	-67.7978
8370	-67.8324
8371	-67.927
8372	-68.4434
8373	-67.522
8374	-67.571
8375	-67.7039
8376	-67.4513
8377	-68.0681
8378	-67.9613
8379	-67.941
8380	-67.8757
8381	-67.82
8382	-67.9091
8383	-67.7043
8384	-67.6648
8385	-67.8843
8386	-67.816
8387	-67.3641
8388	-67.8051
8389	-68.1344
8390	-68.0223
8391	-67.8824
8392	-68.104
8393	-67.9183
8394	-68.0415
8395	-68.0348
8396	-68.3048
8397	-68.5209
8398	-67.9838
8399	-67.6416
8400	-67.7266
8401	-67.8304
8402	-68.0062
8403	-67.6381
8404	-67.6481
8405	-67.4988
8406	-67.5921
8407	-67.5852
8408	-67.7021
8409	-67.4626
8410	-67.649
8411	-67.6252
8412	-67.8572
8413	-68.1076
8414	-68.1162
8415	-67.642
8416	-67.8778
8417	-68.0352
8418	-68.1349
8419	-68.0354
8420	-68.0511
8421	-67.9795
8422	-68.133
8423	-67.908
8424	-67.879
8425	-68.0245
8426	-68.052
8427	-67.8075
8428	-67.746
8429	-67.4024
8430	-68.1499
8431	-68.1155
8432	-68.2024
8433	-67.6896
8434	-67.893
8435	-68.068
8436	-68.1439
8437	-67.8329
8438	-68.108
8439	-68.2123
8440	-68.194
8441	-68.2747
8442	-67.8876
8443	-67.7725
8444	-67.9695
8445	-67.5918
8446	-67.6839
8447	-67.6808
8448	-67.6865
8449	-67.9717
8450	-68.3082
8451	-68.006
8452	-68.0477
8453	-68.1118
8454	-67.8823
8455	-67.7293
8456	-67.8126
8457	-67.3425
8458	-68.1042
8459	-68.0545
8460	-68.1689
8461	-68.5137
8462	-68.4569
8463	-67.923
8464	-68.2777
8465	-68.2914
8466	-67.8601
8467	-67.5786
8468	-68.0377
8469	-67.9954
8470	-68.068
8471	-68.0623
8472	-67.8294
8473	-67.5808
8474	-67.8425
8475	-68.385
8476	-68.3767
8477	-68.3332
8478	-67.9017
8479	-67.9904
8480	-67.2743
8481	-67.7467
8482	-67.7765
8483	-67.7749
8484	-67.9862
8485	-68.2263
8486	-68.3753
8487	-67.8726
8488	-67.9147
8489	-68.0196
8490	-67.6474
8491	-67.5775
8492	-67.9231
8493	-68.6764
8494	-68.2054
8495	-68.0975
8496	-67.9705
8497	-67.9378
8498	-67.691
8499	-67.9962
8500	-67.9558
8501	-68.0224
8502	-67.7603
8503	-67.5036
8504	-67.427
8505	-68.0284
8506	-67.8471
8507	-68.0759
8508	-67.5726
8509	-68.0015
8510	-67.81
8511	-67.4904
8512	-67.5534
8513	-68.3375
8514	-68.0767
8515	-67.901
8516	-68.0174
8517	-68.0124
8518	-68.0219
8519	-68.2184
8520	-68.0662
8521	-67.7335
8522	-67.6594
8523	-68.0287
8524	-68.2132
8525	-68.1367
8526	-67.9906
8527	-67.5324
8528	-67.8897
8529	-67.7737
8530	-68.1171
8531	-67.7642
8532	-67.7685
8533	-67.6666
8534	-67.4268
8535	-67.4349
8536	-67.2412
8537	-67.7383
8538	-68.1166
8539	-67.9477
8540	-67.7998
8541	-68.1293
8542	-67.792
8543	-67.967
8544	-67.9045
8545	-68.039
8546	-68.144
8547	-68.1722
8548	-68.2679
8549	-68.1836
8550	-68.0762
8551	-68.099
8552	-68.049
8553	-67.9529
8554	-68.0487
8555	-67.7384
8556	-68.1523
8557	-68.525
8558	-67.8539
8559	-67.8079
8560	-67.8174
8561	-67.6521
8562	-67.768
8563	-68.1525
8564	-68.17
8565	-68.5241
8566	-68.4151
8567	-68.4891
8568	-67.8368
8569	-67.9646
8570	-68.1552
8571	-67.6921
8572	-67.5644
8573	-67.9608
8574	-68.2214
8575	-68.4453
8576	-68.3189
8577	-67.805
8578	-67.9333
8579	-68.13
8580	-67.7694
8581	-67.7357
8582	-67.8225
8583	-67.8477
8584	-67.8106
8585	-67.9788
8586	-67.9835
8587	-68.0876
8588	-68.0841
8589	-67.8625
8590	-68.037
8591	-67.9375
8592	-68.1866
8593	-68.1438
8594	-68.0087
8595	-68.2103
8596	-67.959
8597	-67.725
8598	-67.6441
8599	-68.7802
8600	-68.2881
8601	-68.4486
8602	-68.2608
8603	-68.2241
8604	-68.2646
8605	-68.037
8606	-67.8857
8607	-67.8657
8608	-67.935
8609	-68.1504
8610	-68.4788
8611	-68.1015
8612	-67.9147
8613	-67.8279
8614	-68.1546
8615	-67.9367
8616	-68.0176
8617	-68.0293
8618	-68.068
8619	-68.2539
8620	-68.0227
8621	-67.7771
8622	-67.7424
8623	-67.8213
8624	-68.3617
8625	-68.2445
8626	-67.5767
8627	-67.749
8628	-68.0168
8629	-68.1502
8630	-68.3118
8631	-68.2518
8632	-67.92
8633	-67.9901
8634	-68.4968
8635	-67.9975
8636	-67.7955
8637	-68.0461
8638	-68.128
8639	-68.2383
8640	-68.205
8641	-68.0217
8642	-67.63
8643	-67.7324
8644	-68.0608
8645	-68.2334
8646	-68.3695
8647	-67.8111
8648	-68.005
8649	-67.7418
8650	-67.8513
8651	-67.7513
8652	-68.0281
8653	-67.8153
8654	-68.2816
8655	-68.4027
8656	-67.8598
8657	-68.0481
8658	-67.8938
8659	-68.2935
8660	-68.1327
8661	-68.2226
8662	-68.0168
8663	-68.1575
8664	-68.1615
8665	-68.2347
8666	-68.4171
8667	-68.3921
8668	-68.2716
8669	-67.9469
8670	-67.955
8671	-68.2734
8672	-68.2485
8673	-68.6736
8674	-68.507
8675	-68.2724
8676	-68.262
8677	-68.238
8678	-68.3544
8679	-68.2872
8680	-68.0004
8681	-68.1383
8682	-68.0098
8683	-67.9519
8684	-68.1242
8685	-68.2999
8686	-68.5396
8687	-68.3988
8688	-68.6633
8689	-68.353
8690	-68.5263
8691	-68.3647
8692	-68.0706
8693	-68.0337
8694	-68.0732
8695	-68.2639
8696	-68.2289
8697	-68.5588
8698	-68.6027
8699	-68.282
8700	-67.8996
8701	-68.2236
8702	-67.8577
8703	-67.7032
8704	-67.6266
8705	-67.9079
8706	-68.258
8707	-68.0952
8708	-68.5388
8709	-68.3649
8710	-68.0915
8711	-68.1941
8712	-68.2267
8713	-67.895
8714	-67.9018
8715	-67.9024
8716	-67.5674
8717	-67.7716
8718	-68.2435
8719	-68.2871
8720	-68.2818
8721	-68.0308
8722	-67.7966
8723	-67.5526
8724	-67.9502
8725	-67.7825
8726	-68.0795
8727	-68.3378
8728	-68.1437
8729	-68.1927
8730	-68.4487
8731	-68.2503
8732	-68.0899
8733	-67.8534
8734	-68.2817
8735	-68.5206
8736	-68.3004
8737	-67.8911
8738	-67.6658
8739	-68.004
8740	-68.3076
8741	-68.0454
8742	-67.8427
8743	-68.3
8744	-67.8019
8745	-67.8902
8746	-67.6274
8747	-67.5846
8748	-67.9214
8749	-68.1326
8750	-67.6846
8751	-68.0533
8752	-68.4309
8753	-68.4879
8754	-68.38
8755	-68.2811
8756	-67.4711
8757	-68.0699
8758	-68.0505
8759	-68.0864
8760	-68.6513
8761	-68.1277
8762	-67.775
8763	-67.98
8764	-68.3584
8765	-68.2275
8766	-68.1053
8767	-67.611
8768	-67.7753
8769	-68.3301
8770	-68.1611
8771	-67.9191
8772	-67.872
8773	-68.1295
8774	-68.4073
8775	-67.8955
8776	-67.9532
8777	-68.0276
8778	-67.7764
8779	-68.4625
8780	-68.0449
8781	-68.0593
8782	-68.1431
8783	-68.1325
8784	-67.9422
8785	-68.1706
8786	-68.3521
8787	-68.3015
8788	-68.4056
8789	-68.6778
8790	-68.1676
8791	-67.8605
8792	-67.7116
8793	-68.2899
8794	-68.5219
8795	-68.539
8796	-68.0765
8797	-68.0812
8798	-68.1073
8799	-68.2525
8800	-68.3982
8801	-68.2104
8802	-68.0086
8803	-68.4548
8804	-68.2897
8805	-68.3919
8806	-68.5489
8807	-68.0458
8808	-67.9031
8809	-67.9622
8810	-68.3266
8811	-68.2369
8812	-68.3451
8813	-68.5777
8814	-68.3567
8815	-68.1327
8816	-68.0224
8817	-68.0749
8818	-68.4119
8819	-67.9683
8820	-68.0012
8821	-68.3961
8822	-68.3026
8823	-68.3446
8824	-68.0767
8825	-67.8925
8826	-68.1674
8827	-68.4264
8828	-68.324
8829	-68.1314
8830	-68.0898
8831	-67.6753
8832	-68.3278
8833	-68.5085
8834	-68.1846
8835	-68.6183
8836	-68.2525
8837	-67.9242
8838	-68.7651
8839	-68.2787
8840	-68.0547
8841	-68.2017
8842	-67.9432
8843	-67.755
8844	-68.0546
8845	-68.1569
8846	-68.4679
8847	-68.1954
8848	-68.1734
8849	-68.1331
8850	-68.007
8851	-68.2374
8852	-68.0954
8853	-67.9783
8854	-67.9503
8855	-68.52
8856	-68.5472
8857	-68.242
8858	-68.1572
8859	-68.3018
8860	-68.0991
8861	-68.0337
8862	-68.3365
8863	-68.2049
8864	-67.9467
8865	-68.2371
8866	-67.9222
8867	-68.2651
8868	-68.2909
8869	-68.2
8870	-68.0757
8871	-68.1904
8872	-68.1201
8873	-68.2002
8874	-68.1495
8875	-68.7017
8876	-68.709
8877	-68.3602
8878	-67.9666
8879	-68.3029
8880	-68.5967
8881	-68.4261
8882	-67.9507
8883	-67.9369
8884	-68.6385
8885	-68.4246
8886	-68.025
8887	-68.1588
8888	-68.4095
8889	-68.3552
8890	-68.1716
8891	-68.2306
8892	-68.3912
8893	-68.4146
8894	-68.1571
8895	-68.1945
8896	-68.0378
8897	-68.0649
8898	-68.5773
8899	-68.4462
8900	-68.317
8901	-68.4485
8902	-68.4337
8903	-68.7765
8904	-68.7371
8905	-68.4103
8906	-68.2005
8907	-68.1054
8908	-68.3409
8909	-67.8459
8910	-68.07
8911	-67.977
8912	-67.8582
8913	-67.9807
8914	-68.079
8915	-67.9995
8916	-68.3467
8917	-68.0011
8918	-68.0718
8919	-68.7773
8920	-68.6397
8921	-68.5069
8922	-68.2108
8923	-68.1043
8924	-67.9023
8925	-68.1013
8926	-68.63
8927	-68.7399
8928	-68.4936
8929	-67.9319
8930	-68.0469
8931	-68.203
8932	-68.4617
8933	-68.7632
8934	-68.5551
8935	-68.3248
8936	-68.0216
8937	-68.3902
8938	-68.3552
8939	-68.0165
8940	-67.7081
8941	-68.3011
8942	-68.4089
8943	-68.3717
8944	-67.9492
8945	-67.8688
8946	-68.2204
8947	-68.0426
8948	-68.1436
8949	-68.2604
8950	-68.0113
8951	-68.4209
8952	-68.2283
8953	-67.7485
8954	-68.2929
8955	-69.0976
8956	-68.1723
8957	-68.0396
8958	-68.278
8959	-68.2673
8960	-68.384
8961	-68.1865
8962	-68.321
8963	-68.1641
8964	-68.2796
8965	-68.3555
8966	-68.1304
8967	-67.9891
8968	-68.8243
8969	-68.3269
8970	-68.4327
8971	-68.5236
8972	-68.6408
8973	-68.7377
8974	-68.5823
8975	-68.6873
8976	-68.3251
8977	-68.0559
8978	-68.1454
8979	-68.0479
8980	-67.9743
8981	-68.2054
8982	-68.2038
8983	-68.6409
8984	-68.3197
8985	-68.1907
8986	-68.3707
8987	-68.8588
8988	-68.3237
8989	-68.3139
8990	-68.173
8991	-68.1247
8992	-68.6469
8993	-68.3125
8994	-68.3459
8995	-68.12
8996	-68.1065
8997	-68.1864
8998	-68.3539
8999	-68.186
9000	-68.446
9001	-68.5507
9002	-68.6514
9003	-68.4958
9004	-68.135
9005	-68.3266
9006	-68.4468
9007	-68.9764
9008	-68.7154
9009	-68.4956
9010	-68.1276
9011	-68.1099
9012	-68.082
9013	-68.4074
9014	-68.6195
9015	-68.4734
9016	-68.2139
9017	-68.4342
9018	-68.6681
9019	-68.6935
9020	-68.6548
9021	-68.2634
9022	-68.0567
9023	-68.0402
9024	-67.8358
9025	-68.4912
9026	-68.3708
9027	-68.4333
9028	-68.2108
9029	-68.2555
9030	-68.0757
9031	-68.2379
9032	-68.55
9033	-68.4494
9034	-68.4276
9035	-68.3546
9036	-68.3869
9037	-68.3432
9038	-68.65
9039	-68.5499
9040	-68.579
9041	-68.0547
9042	-68.1079
9043	-68.3266
9044	-67.9104
9045	-68.1237
9046	-68.5092
9047	-68.5232
9048	-68.504
9049	-68.3387
9050	-68.2346
9051	-68.3003
9052	-68.5135
9053	-68.2421
9054	-68.1824
9055	-68.2662
9056	-68.594
9057	-68.1671
9058	-68.1487
9059	-68.149
9060	-68.1864
9061	-68.7725
9062	-68.0951
9063	-68.0643
9064	-67.9546
9065	-68.3033
9066	-68.5303
9067	-68.4107
9068	-68.3229
9069	-68.457
9070	-68.4652
9071	-68.5537
9072	-68.6841
9073	-68.6025
9074	-68.3343
9075	-68.2327
9076	-68.6259
9077	-68.423
9078	-68.2419
9079	-68.4703
9080	-68.2841
9081	-68.599
9082	-68.3657
9083	-68.288
9084	-68.2
9085	-68.5735
9086	-68.3012
9087	-68.3659
9088	-68.5942
9089	-68.4496
9090	-68.1084
9091	-68.2511
9092	-68.8201
9093	-68.3852
9094	-68.0927
9095	-68.5497
9096	-68.6089
9097	-68.7786
9098	-68.078
9099	-68.2763
9100	-68.448
9101	-68.6509
9102	-67.9363
9103	-67.5756
9104	-67.9565
9105	-68.5135
9106	-68.6131
9107	-68.6222
9108	-68.5922
9109	-68.2061
9110	-68.092
9111	-68.4063
9112	-68.3246
9113	-68.6533
9114	-68.3731
9115	-67.9838
9116	-68.6516
9117	-68.1259
9118	-68.1329
9119	-68.2409
9120	-68.3537
9121	-68.3048
9122	-68.1792
9123	-67.8182
9124	-67.7715
9125	-68.3057
9126	-68.2003
9127	-68.2049
9128	-68.4543
9129	-68.3655
9130	-68.4438
9131	-68.2734
9132	-67.9639
9133	-68.2008
9134	-68.7208
9135	-68.4212
9136	-68.0255
9137	-68.7009
9138	-69.0901
9139	-68.8509
9140	-68.8329
9141	-68.599
9142	-68.141
9143	-68.2132
9144	-68.2127
9145	-68.1221
9146	-68.6214
9147	-68.6
9148	-68.3772
9149	-68.198
9150	-68.2844
9151	-68.4232
9152	-68.2087
9153	-68.1223
9154	-68.2764
9155	-68.6046
9156	-68.3757
9157	-68.2558
9158	-68.0623
9159	-67.8945
9160	-68.2491
9161	-68.231
9162	-68.2769
9163	-68.5116
9164	-68.4402
9165	-68.2373
9166	-68.5067
9167	-68.468
9168	-68.7007
9169	-68.3476
9170	-68.4943
9171	-68.0485
9172	-68.7125
9173	-68.4437
9174	-68.1983
9175	-68.2073
9176	-68.467
9177	-68.8569
9178	-68.4801
9179	-68.4256
9180	-69.0063
9181	-69.0548
9182	-68.7201
9183	-68.5649
9184	-68.5596
9185	-68.5455
9186	-68.5414
9187	-68.1946
9188	-68.0853
9189	-68.0733
9190	-67.8282
9191	-68.1862
9192	-68.2329
9193	-68.5265
9194	-68.5649
9195	-68.257
9196	-68.2784
9197	-68.3156
9198	-68.7048
9199	-68.1823
9200	-67.9157
9201	-68.2658
9202	-68.6049
9203	-68.4562
9204	-68.2562
9205	-68.6355
9206	-68.2698
9207	-68.2289
9208	-68.3102
9209	-68.2989
9210	-68.1463
9211	-68.2298
9212	-68.8304
9213	-68.2976
9214	-68.1216
9215	-68.7341
9216	-68.4302
9217	-68.1881
9218	-68.5282
9219	-68.3348
9220	-68.4522
9221	-68.3914
9222	-68.2079
9223	-68.4235
9224	-68.2816
9225	-68.4828
9226	-68.7936
9227	-68.1104
9228	-67.9786
9229	-68.4046
9230	-68.5157
9231	-68.3692
9232	-68.0116
9233	-68.1085
9234	-67.8173
9235	-67.8957
9236	-68.7661
9237	-69.0672
9238	-67.9443
9239	-67.9973
9240	-68.318
9241	-68.6534
9242	-68.9188
9243	-68.5465
9244	-68.3599
9245	-68.134
9246	-68.4644
9247	-68.5417
9248	-68.6686
9249	-68.3128
9250	-68.3709
9251	-68.2452
9252	-68.446
9253	-68.4125
9254	-68.2494
9255	-68.0652
9256	-68.4023
9257	-68.5793
9258	-68.6473
9259	-68.597
9260	-68.6263
9261	-68.7494
9262	-68.599
9263	-68.8311
9264	-68.9371
9265	-68.6597
9266	-68.3606
9267	-68.719
9268	-68.6091
9269	-68.5933
9270	-68.1886
9271	-68.2785
9272	-68.5734
9273	-68.3339
9274	-68.6682
9275	-68.5939
9276	-68.4944
9277	-68.1637
9278	-68.4858
9279	-68.1154
9280	-68.0631
9281	-68.6619
9282	-69.0198
9283	-69.0821
9284	-68.7742
9285	-68.7587
9286	-68.2321
9287	-67.9573
9288	-68.1727
9289	-68.2786
9290	-68.1545
9291	-68.0032
9292	-68.4398
9293	-68.8111
9294	-68.6905
9295	-68.3046
9296	-68.3437
9297	-68.286
9298	-68.3894
9299	-68.52
9300	-68.4324
9301	-68.3498
9302	-68.4214
9303	-68.3941
9304	-68.3715
9305	-68.7384
9306	-68.534
9307	-68.5498
9308	-68.5474
9309	-68.5707
9310	-68.5296
9311	-68.824
9312	-68.7476
9313	-68.0963
9314	-68.4289
9315	-68.493
9316	-68.2757
9317	-68.1801
9318	-68.2873
9319	-68.6042
9320	-68.9465
9321	-68.1906
9322	-68.1635
9323	-68.7669
9324	-68.8868
9325	-68.9327
9326	-68.5552
9327	-68.3223
9328	-68.2195
9329	-68.2311
9330	-68.5384
9331	-68.5766
9332	-68.0521
9333	-68.4473
9334	-68.6225
9335	-68.7375
9336	-68.3107
9337	-68.5064
9338	-68.6636
9339	-68.8211
9340	-68.2261
9341	-68.2352
9342	-68.6066
9343	-68.6584
9344	-68.4987
9345	-68.1504
9346	-68.471
9347	-68.2889
9348	-68.5923
9349	-68.6868
9350	-68.7788
9351	-68.4685
9352	-68.551
9353	-68.42
9354	-68.6069
9355	-68.2086
9356	-68.4477
9357	-68.6028
9358	-68.5157
9359	-68.3047
9360	-68.2422
9361	-68.4842
9362	-68.7591
9363	-68.3312
9364	-68.5169
9365	-68.6039
9366	-68.6308
9367	-68.3925
9368	-68.5042
9369	-68.5566
9370	-68.6187
9371	-68.7205
9372	-68.1271
9373	-68.1634
9374	-68.7323
9375	-68.5897
9376	-68.5225
9377	-68.4981
9378	-68.6212
9379	-68.5821
9380	-68.5477
9381	-69.0075
9382	-68.9071
9383	-68.7785
9384	-68.5619
9385	-68.5541
9386	-68.3677
9387	-68.3759
9388	-68.4488
9389	-68.4055
9390	-68.3285
9391	-68.1261
9392	-68.3457
9393	-68.303
9394	-68.2133
9395	-68.4911
9396	-68.5043
9397	-68.2032
9398	-68.5933
9399	-69.026
9400	-68.9424
9401	-68.795
9402	-68.6106
9403	-68.7065
9404	-68.4294
9405	-68.528
9406	-68.6009
9407	-68.5735
9408	-68.4469
9409	-68.5166
9410	-68.7261
9411	-68.399
9412	-68.2709
9413	-68.2372
9414	-68.465
9415	-68.6132
9416	-68.4543
9417	-68.2633
9418	-68.0071
9419	-68.6393
9420	-68.729
9421	-68.5938
9422	-68.4433
9423	-68.5106
9424	-68.6032
9425	-68.494
9426	-68.3742
9427	-68.2557
9428	-68.4932
9429	-68.4776
9430	-68.4712
9431	-68.2196
9432	-68.7074
9433	-68.9625
9434	-68.8564
9435	-68.662
9436	-68.7177
9437	-68.6089
9438	-68.5294
9439	-68.7105
9440	-68.6681
9441	-68.8044
9442	-68.3573
9443	-68.1272
9444	-68.1379
9445	-68.7239
9446	-68.5819
9447	-68.7261
9448	-68.8394
9449	-69.0954
9450	-68.8422
9451	-68.2236
9452	-67.878
9453	-68.7839
9454	-68.6134
9455	-68.6075
9456	-68.012
9457	-68.3948
9458	-68.9885
9459	-68.8966
9460	-68.5467
9461	-68.6608
9462	-68.7506
9463	-68.5031
9464	-68.4885
9465	-68.1568
9466	-67.9284
9467	-68.4367
9468	-68.6744
9469	-68.4256
9470	-68.6037
9471	-68.8018
9472	-68.6043
9473	-68.6565
9474	-68.5002
9475	-68.4901
9476	-68.8274
9477	-68.7992
9478	-68.9064
9479	-68.5623
9480	-68.1772
9481	-68.0106
9482	-68.4878
9483	-68.5798
9484	-68.3963
9485	-68.5836
9486	-69.0454
9487	-69.0983
9488	-68.6263
9489	-68.4334
9490	-68.534
9491	-68.8352
9492	-68.1588
9493	-68.2817
9494	-68.4665
9495	-69.0504
9496	-68.6613
9497	-68.3938
9498	-68.5942
9499	-68.7006
9500	-68.7351
9501	-68.7802
9502	-68.9712
9503	-68.5517
9504	-68.5744
9505	-68.4958
9506	-68.4813
9507	-68.8512
9508	-68.6317
9509	-68.8384
9510	-68.6462
9511	-68.6252
9512	-68.525
9513	-68.5121
9514	-68.5897
9515	-68.8313
9516	-68.7076
9517	-68.3738
9518	-68.0846
9519	-68.6606
9520	-68.3209
9521	-68.5958
9522	-68.5502
9523	-68.6491
9524	-68.6219
9525	-68.5094
9526	-68.6735
9527	-68.9552
9528	-68.6411
9529	-68.7183
9530	-68.8033
9531	-68.9747
9532	-68.732
9533	-68.502
9534	-68.4113
9535	-68.8208
9536	-68.5128
9537	-68.4572
9538	-68.4629
9539	-68.6392
9540	-68.9178
9541	-68.7608
9542	-68.5162
9543	-68.8743
9544	-68.884
9545	-68.8057
9546	-68.8527
9547	-68.7659
9548	-68.2905
9549	-68.6068
9550	-68.1579
9551	-68.1146
9552	-68.6871
9553	-68.8571
9554	-68.6351
9555	-68.4626
9556	-68.4594
9557	-68.5389
9558	-68.0683
9559	-68.577
9560	-68.59
9561	-68.806
9562	-68.8196
9563	-68.8444
9564	-68.8487
9565	-69.0574
9566	-68.8659
9567	-68.9444
9568	-68.8845
9569	-68.7169
9570	-68.7774
9571	-68.9137
9572	-68.6874
9573	-68.6944
9574	-68.7473
9575	-69.0145
9576	-68.7403
9577	-68.6787
9578	-68.7469
9579	-68.8972
9580	-68.4667
9581	-68.5367
9582	-68.9175
9583	-68.6691
9584	-68.8132
9585	-68.708
9586	-68.4993
9587	-68.5091
9588	-68.2615
9589	-68.3237
9590	-68.6153
9591	-69.1074
9592	-69.0513
9593	-68.8476
9594	-68.3583
9595	-68.685
9596	-68.649
9597	-68.9512
9598	-68.7202
9599	-68.9079
9600	-68.7593
9601	-68.5854
9602	-68.4532
9603	-68.8199
9604	-68.9606
9605	-68.5299
9606	-68.5846
9607	-68.7669
9608	-68.991
9609	-69.0698
9610	-68.7384
9611	-68.5529
9612	-68.3451
9613	-68.8753
9614	-68.4896
9615	-68.8048
9616	-68.4568
9617	-68.54
9618	-68.5825
9619	-68.3505
9620	-68.7039
9621	-68.934
9622	-68.7926
9623	-68.7454
9624	-68.6564
9625	-69.047
9626	-68.5791
9627	-68.5768
9628	-68.5424
9629	-68.7326
9630	-68.6471
9631	-68.4686
9632	-68.9266
9633	-68.8894
9634	-68.5449
9635	-68.5577
9636	-68.8898
9637	-68.9972
9638	-68.6098
9639	-68.9175
9640	-68.5769
9641	-68.3876
9642	-69.0066
9643	-68.779
9644	-68.3055
9645	-68.733
9646	-68.595
9647	-68.515
9648	-68.4725
9649	-69.064
9650	-68.7369
9651	-68.562
9652	-68.6258
9653	-68.9551
9654	-68.7348
9655	-68.6041
9656	-68.381
9657	-68.1617
9658	-68.544
9659	-68.9013
9660	-68.9463
9661	-68.844
9662	-68.6343
9663	-68.6012
9664	-68.6602
9665	-69.1423
9666	-69.0086
9667	-68.7814
9668	-69.1317
9669	-68.95
9670	-68.6984
9671	-68.7435
9672	-68.5067
9673	-68.4608
9674	-68.6264
9675	-68.7744
9676	-68.7304
9677	-69.0054
9678	-68.7813
9679	-68.4384
9680	-68.2728
9681	-68.4465
9682	-68.4983
9683	-68.6408
9684	-69.1769
9685	-68.8846
9686	-68.5857
9687	-68.3428
9688	-68.9508
9689	-68.4867
9690	-68.3941
9691	-68.7853
9692	-69.2354
9693	-69.3411
9694	-69.0316
9695	-68.8963
9696	-68.7674
9697	-68.7432
9698	-68.8164
9699	-68.6971
9700	-68.9737
9701	-68.7951
9702	-68.5008
9703	-68.7833
9704	-68.8377
9705	-68.6313
9706	-68.3246
9707	-68.3611
9708	-68.6453
9709	-68.619
9710	-68.6433
9711	-68.9603
9712	-69.0482
9713	-68.3925
9714	-68.2997
9715	-68.2872
9716	-69.0282
9717	-69.1079
9718	-69.1817
9719	-68.8051
9720	-68.3847
9721	-68.7072
9722	-68.7412
9723	-68.5065
9724	-68.4113
9725	-68.7883
9726	-68.9798
9727	-69.1409
9728	-68.7909
9729	-68.6205
9730	-68.9049
9731	-68.875
9732	-69.0373
9733	-68.9765
9734	-68.8416
9735	-68.5384
9736	-68.5679
9737	-68.4086
9738	-68.33
9739	-68.4824
9740	-68.7489
9741	-68.6058
9742	-68.7346
9743	-68.9399
9744	-68.5226
9745	-68.9753
9746	-69.1907
9747	-69.0117
9748	-68.6057
9749	-68.6702
9750	-68.8148
9751	-68.7982
9752	-68.7814
9753	-68.4947
9754	-68.5937
9755	-68.5726
9756	-68.6488
9757	-68.7978
9758	-68.5516
9759	-68.3006
9760	-68.594
9761	-68.9263
9762	-69.1611
9763	-69.1056
9764	-69.0117
9765	-68.6236
9766	-68.3666
9767	-69.076
9768	-69.1804
9769	-69.0472
9770	-69.1847
9771	-69.0458
9772	-68.8419
9773	-68.9185
9774	-68.6839
9775	-68.6097
9776	-68.8372
9777	-68.6784
9778	-68.8683
9779	-69.1187
9780	-69.0038
9781	-69.1201
9782	-69.1586
9783	-68.606
9784	-68.5933
9785	-68.8887
9786	-69.1853
9787	-69.0921
9788	-68.8077
9789	-69.1171
9790	-68.8121
9791	-68.4853
9792	-68.5358
9793	-68.45
9794	-68.769
9795	-69.0029
9796	-68.9613
9797	-68.7678
9798	-68.4912
9799	-68.4341
9800	-68.6828
9801	-68.8414
9802	-69.0328
9803	-68.8699
9804	-68.365
9805	-68.4058
9806	-68.5182
9807	-68.6266
9808	-68.8838
9809	-68.4957
9810	-68.3995
9811	-68.7592
9812	-69.0629
9813	-68.6214
9814	-68.7223
9815	-68.9466
9816	-68.3982
9817	-68.7071
9818	-68.5563
9819	-69.0417
9820	-69.1468
9821	-69.0595
9822	-69.1795
9823	-68.8808
9824	-68.8646
9825	-68.698
9826	-68.5383
9827	-68.6439
9828	-68.4845
9829	-68.794
9830	-68.9283
9831	-68.6317
9832	-68.4844
9833	-68.1573
9834	-68.0549
9835	-68.7751
9836	-68.8429
9837	-68.4928
9838	-68.3845
9839	-68.5444
9840	-68.6628
9841	-69.0816
9842	-68.8675
9843	-68.9912
9844	-69.0627
9845	-68.5251
9846	-68.4807
9847	-68.7199
9848	-68.779
9849	-68.8052
9850	-69.0656
9851	-68.9735
9852	-68.4399
9853	-68.7565
9854	-68.9101
9855	-69.1919
9856	-68.8592
9857	-68.8535
9858	-68.6316
9859	-68.848
9860	-68.9691
9861	-69.0584
9862	-68.7994
9863	-68.2886
9864	-68.5319
9865	-68.7049
9866	-68.882
9867	-68.6217
9868	-69.0014
9869	-69.0701
9870	-68.9806
9871	-68.6015
9872	-68.5055
9873	-68.4556
9874	-68.3891
9875	-68.5959
9876	-68.8327
9877	-68.5123
9878	-68.4684
9879	-68.5949
9880	-68.8451
9881	-68.6183
9882	-68.5533
9883	-68.7527
9884	-68.9253
9885	-68.7605
9886	-68.6811
9887	-68.646
9888	-68.7403
9889	-69.1819
9890	-68.464
9891	-68.285
9892	-68.9396
9893	-68.592
9894	-68.5746
9895	-68.7519
9896	-68.7879
9897	-68.9883
9898	-68.7784
9899	-68.6597
9900	-68.7157
9901	-68.6048
9902	-68.6003
9903	-68.8542
9904	-69.5164
9905	-69.3249
9906	-69.2865
9907	-68.9238
9908	-69.0713
9909	-69.2633
9910	-69.2496
9911	-69.0792
9912	-69.244
9913	-68.763
9914	-68.8176
9915	-69.0673
9916	-68.5406
9917	-68.3597
9918	-68.6174
9919	-68.4785
9920	-68.8728
9921	-68.848
9922	-68.652
9923	-68.4437
9924	-68.9716
9925	-69.2716
9926	-68.7995
9927	-68.3751
9928	-68.8302
9929	-68.9564
9930	-69.1516
9931	-68.9573
9932	-68.9605
9933	-68.9476
9934	-68.9066
9935	-69.2425
9936	-68.8357
9937	-68.6745
9938	-68.352
9939	-68.8184
9940	-68.6275
9941	-68.5681
9942	-68.8359
9943	-68.5237
9944	-68.6799
9945	-69.0008
9946	-69.0068
9947	-69.0578
9948	-68.6877
9949	-68.7403
9950	-68.4615
9951	-68.7849
9952	-68.799
9953	-68.6069
9954	-68.4781
9955	-69.0321
9956	-68.882
9957	-68.4077
9958	-68.6832
9959	-68.8448
9960	-68.8395
9961	-68.7409
9962	-68.9048
9963	-69.2494
9964	-68.9305
9965	-68.8478
9966	-68.7198
9967	-68.9232
9968	-69.2819
9969	-69.2041
9970	-68.8881
9971	-68.763
9972	-68.448
9973	-68.3855
9974	-69.2661
9975	-68.9094
9976	-68.8845
9977	-68.9458
9978	-69.1214
9979	-69.0622
9980	-68.7857
9981	-69.0661
9982	-69.1546
9983	-68.7833
9984	-68.7183
9985	-68.9945
9986	-69.0923
9987	-68.8078
9988	-69.0141
9989	-68.7178
9990	-68.6469
9991	-68.7673
9992	-69.0153
9993	-69.3463
9994	-69.1368
9995	-68.7859
9996	-68.57
9997	-68.9368
9998	-68.9567
9999	-68.95
10000	-68.8977
10001	-68.6542
10002	-68.7318
10003	-69.0085
10004	-68.7801
10005	-68.9023
10006	-68.5436
10007	-68.8553
10008	-69.1055
10009	-68.5567
10010	-68.8985
10011	-68.837
10012	-68.8192
10013	-69.2451
10014	-69.0142
10015	-68.8562
10016	-69.0231
10017	-68.9757
10018	-68.7789
10019	-68.6917
10020	-68.6634
10021	-68.4578
10022	-68.7101
10023	-69.1235
10024	-69.2678
10025	-68.6185
10026	-68.4469
10027	-68.6918
10028	-68.6604
10029	-68.8266
10030	-69.2803
10031	-68.754
10032	-68.6898
10033	-68.8116
10034	-68.6195
10035	-68.8405
10036	-68.8309
10037	-69.1223
10038	-68.8088
10039	-69.3666
10040	-68.7074
10041	-68.6264
10042	-68.753
10043	-68.9401
10044	-68.9509
10045	-68.859
10046	-69.2503
10047	-68.9321
10048	-68.8618
10049	-68.8044
10050	-68.9178
10051	-68.7587
10052	-68.3782
10053	-68.6782
10054	-68.8176
10055	-68.9885
10056	-69.2939
10057	-69.4376
10058	-68.7667
10059	-68.446
10060	-68.7944
10061	-68.944
10062	-68.9584
10063	-69.0281
10064	-69.0052
10065	-69.0498
10066	-68.8412
10067	-68.6939
10068	-68.5887
10069	-68.7509
10070	-69.1665
10071	-69.7285
10072	-69.0552
10073	-68.5719
10074	-68.7833
10075	-68.6613
10076	-68.7698
10077	-68.7097
10078	-68.674
10079	-68.7623
10080	-68.6533
10081	-68.4311
10082	-69.0592
10083	-69.2123
10084	-69.1174
10085	-68.8752
10086	-69.1815
10087	-69.4465
10088	-69.139
10089	-68.8526
10090	-68.7803
10091	-68.9153
10092	-68.8578
10093	-68.7378
10094	-69.3151
10095	-69.2887
10096	-68.9918
10097	-68.752
10098	-68.9652
10099	-69.0889
10100	-68.6351
10101	-68.9114
10102	-68.8514
10103	-68.9087
10104	-68.9454
10105	-68.6538
10106	-68.6761
10107	-68.8638
10108	-68.9405
10109	-68.7949
10110	-68.8543
10111	-68.6281
10112	-68.78
10113	-68.9375
10114	-68.7541
10115	-68.9659
10116	-68.9487
10117	-69.1079
10118	-68.9176
10119	-68.6392
10120	-68.6474
10121	-68.8033
10122	-69.1842
10123	-69.163
10124	-69.1402
10125	-69.2089
10126	-68.8419
10127	-68.888
10128	-68.6713
10129	-68.7431
10130	-68.9523
10131	-68.8502
10132	-69.0618
10133	-69.0215
10134	-69.1042
10135	-68.7788
10136	-68.7233
10137	-68.7556
10138	-68.8377
10139	-68.841
10140	-68.8617
10141	-69.1649
10142	-69.4224
10143	-69.2451
10144	-69.0061
10145	-68.9744
10146	-68.5162
10147	-68.7368
10148	-68.944
10149	-69.1322
10150	-69.0042
10151	-68.6564
10152	-68.8331
10153	-68.4484
10154	-69.0411
10155	-69.0515
10156	-68.8481
10157	-69.3317
10158	-69.3255
10159	-68.8052
10160	-68.4933
10161	-68.7634
10162	-69.1549
10163	-69.0231
10164	-68.795
10165	-68.8535
10166	-68.7695
10167	-68.9165
10168	-69.1168
10169	-69.0848
10170	-68.951
10171	-69.0352
10172	-68.9172
10173	-69.1781
10174	-68.989
10175	-68.7482
10176	-69.3158
10177	-69.1047
10178	-69.3181
10179	-68.9299
10180	-68.7235
10181	-68.5343
10182	-68.7034
10183	-68.676
10184	-68.4476
10185	-68.5638
10186	-68.5079
10187	-68.4391
10188	-68.6891
10189	-68.8988
10190	-69.1534
10191	-69.1985
10192	-68.8205
10193	-68.6898
10194	-69.0817
10195	-68.7427
10196	-68.7348
10197	-68.4444
10198	-68.4108
10199	-68.9213
10200	-68.8095
10201	-69.14
10202	-68.8488
10203	-68.6049
10204	-68.718
10205	-69.0001
10206	-69.3192
10207	-69.2034
10208	-69.0524
10209	-68.6635
10210	-69.0209
10211	-69.172
10212	-69.2321
10213	-68.8175
10214	-69.0459
10215	-68.9773
10216	-69.0959
10217	-68.747
10218	-69.1608
10219	-69.1525
10220	-68.9659
10221	-68.6771
10222	-69.0856
10223	-68.7387
10224	-68.9384
10225	-69.0738
10226	-68.9175
10227	-68.6998
10228	-68.5626
10229	-68.937
10230	-68.9438
10231	-69.1893
10232	-69.1282
10233	-68.7542
10234	-68.408
10235	-68.8354
10236	-69.0461
10237	-68.8402
10238	-69.2243
10239	-69.4187
10240	-69.2877
10241	-69.2537
10242	-69.1654
10243	-69.0255
10244	-69.069
10245	-69.0414
10246	-68.9746
10247	-68.9091
10248	-68.9882
10249	-68.6953
10250	-69.0657
10251	-68.9984
10252	-69.0109
10253	-68.9338
10254	-69.0475
10255	-69.2451
10256	-68.6925
10257	-68.7279
10258	-68.5035
10259	-68.8198
10260	-69.231
10261	-69.2908
10262	-69.13
10263	-68.911
10264	-68.9009
10265	-68.9589
10266	-69.2823
10267	-69.0651
10268	-68.9541
10269	-69.2038
10270	-68.835
10271	-68.9355
10272	-69.379
10273	-69.0372
10274	-68.8011
10275	-68.7171
10276	-68.7911
10277	-69.1879
10278	-69.1002
10279	-68.8766
10280	-68.6947
10281	-68.7445
10282	-68.932
10283	-68.8848
10284	-68.8853
10285	-69.0676
10286	-68.9544
10287	-68.9935
10288	-68.8698
10289	-68.481
10290	-68.5475
10291	-68.5944
10292	-68.578
10293	-68.5111
10294	-68.7908
10295	-68.674
10296	-68.9612
10297	-69.065
10298	-69.0258
10299	-68.9149
10300	-69.0365
10301	-68.9312
10302	-69.2234
10303	-69.2914
10304	-68.9985
10305	-68.8393
10306	-69.0189
10307	-69.2802
10308	-69.2312
10309	-69.1477
10310	-69.0247
10311	-68.8424
10312	-68.7419
10313	-69.0028
10314	-69.2177
10315	-68.9669
10316	-69.0925
10317	-69.1204
10318	-69.1526
10319	-69.1758
10320	-69.0722
10321	-68.7743
10322	-69.1182
10323	-69.1233
10324	-69.0103
10325	-69.2332
10326	-69.527
10327	-69.3452
10328	-68.9534
10329	-68.8229
10330	-69.0035
10331	-69.0698
10332	-69.217
10333	-68.9266
10334	-69.1124
10335	-68.8473
10336	-69.1125
10337	-69.3981
10338	-69.2262
10339	-69.218
10340	-69.2328
10341	-68.6588
10342	-68.8002
10343	-68.77
10344	-68.9159
10345	-69.0275
10346	-69.0785
10347	-69.0992
10348	-69.3864
10349	-69.2552
10350	-68.9198
10351	-68.8717
10352	-68.5031
10353	-68.6646
10354	-69.0286
10355	-68.9044
10356	-68.8776
10357	-68.7597
10358	-68.6468
10359	-68.3114
10360	-68.6687
10361	-69.2301
10362	-69.1027
10363	-69.4644
10364	-68.9417
10365	-68.8537
10366	-68.5024
10367	-68.9893
10368	-68.9238
10369	-68.5838
10370	-68.7572
10371	-68.9948
10372	-69.4372
10373	-69.6451
10374	-69.1211
10375	-69.1448
10376	-68.9332
10377	-69.1945
10378	-69.0871
10379	-68.9223
10380	-68.8953
10381	-68.7184
10382	-68.8071
10383	-69.1454
10384	-69.4509
10385	-69.6011
10386	-69.219
10387	-69.4215
10388	-69.187
10389	-69.1092
10390	-69.04
10391	-68.9099
10392	-68.9815
10393	-69.2315
10394	-68.9778
10395	-69.0073
10396	-69.1649
10397	-69.1548
10398	-69.1261
10399	-69.3186
10400	-69.0718
10401	-68.7714
10402	-68.8609
10403	-68.9039
10404	-69.016
10405	-69.176
10406	-69.5052
10407	-69.0965
10408	-69.4249
10409	-69.2872
10410	-68.8678
10411	-68.9696
10412	-68.8843
10413	-69.1133
10414	-68.9323
10415	-69.4529
10416	-69.1502
10417	-69.0531
10418	-68.9897
10419	-69.0475
10420	-69.3218
10421	-69.0659
10422	-68.969
10423	-69.0056
10424	-69.126
10425	-69.3936
10426	-69.453
10427	-69.9197
10428	-68.9659
10429	-68.7534
10430	-69.1177
10431	-68.9602
10432	-69.1598
10433	-69.2296
10434	-69.2032
10435	-69.0877
10436	-68.9227
10437	-68.9198
10438	-68.6362
10439	-69.0662
10440	-69.0243
10441	-68.8361
10442	-69.0129
10443	-68.8238
10444	-69.3828
10445	-69.2337
10446	-69.0988
10447	-69.5214
10448	-69.5425
10449	-69.1822
10450	-68.6644
10451	-68.8768
10452	-69.4312
10453	-69.4749
10454	-69.2199
10455	-68.855
10456	-68.8895
10457	-69.056
10458	-69.1465
10459	-69.2397
10460	-69.3992
10461	-69.3735
10462	-68.9094
10463	-68.914
10464	-69.0058
10465	-68.7651
10466	-68.6702
10467	-68.9995
10468	-69.2349
10469	-69.1303
10470	-69.1343
10471	-69.2962
10472	-69.3111
10473	-68.8489
10474	-68.8321
10475	-69.2031
10476	-69.017
10477	-69.083
10478	-68.9513
10479	-68.8006
10480	-69.1511
10481	-69.304
10482	-69.348
10483	-69.3603
10484	-69.1309
10485	-69.0607
10486	-69.1431
10487	-69.1493
10488	-69.1242
10489	-68.9453
10490	-69.0659
10491	-69.2685
10492	-69.2394
10493	-69.5203
10494	-69.2544
10495	-68.9342
10496	-69.3319
10497	-69.2738
10498	-69.13
10499	-68.9656
10500	-68.8817
10501	-68.7229
10502	-68.9835
10503	-69.0688
10504	-69.0018
10505	-68.8897
10506	-68.927
10507	-68.9439
10508	-69.0943
10509	-69.1323
10510	-69.1043
10511	-69.2095
10512	-69.6963
10513	-69.5381
10514	-68.8762
10515	-68.7523
10516	-69.1512
10517	-68.8451
10518	-68.7222
10519	-68.5988
10520	-68.6464
10521	-68.9978
10522	-69.5271
10523	-69.0052
10524	-69.164
10525	-69.7427
10526	-69.4224
10527	-69.4994
10528	-69.2536
10529	-69.4058
10530	-68.9291
10531	-68.9923
10532	-69.0331
10533	-69.0898
10534	-69.328
10535	-69.3433
10536	-69.1174
10537	-69.0626
10538	-68.8399
10539	-68.5409
10540	-68.7585
10541	-68.9895
10542	-68.886
10543	-68.8736
10544	-69.2122
10545	-69.0581
10546	-69.2429
10547	-69.3755
10548	-69.0222
10549	-69.3616
10550	-68.9536
10551	-68.9204
10552	-69.2176
10553	-69.3238
10554	-69.3609
10555	-69.0413
10556	-69.2378
10557	-69.1491
10558	-69.1672
10559	-68.9796
10560	-69.1668
10561	-69.0292
10562	-68.9562
10563	-69.2239
10564	-69.3032
10565	-69.3347
10566	-69.4008
10567	-69.1555
10568	-68.8478
10569	-69.0065
10570	-69.2525
10571	-69.142
10572	-69.0725
10573	-68.8369
10574	-69.0188
10575	-69.361
10576	-69.302
10577	-69.5208
10578	-69.2767
10579	-68.8781
10580	-68.6844
10581	-68.8579
10582	-68.7739
10583	-69.0336
10584	-68.9664
10585	-68.8356
10586	-69.0041
10587	-68.9975
10588	-69.3593
10589	-69.3666
10590	-69.4888
10591	-69.4497
10592	-69.2294
10593	-69.0482
10594	-69.4095
10595	-69.017
10596	-69.3937
10597	-69.0475
10598	-69.131
10599	-69.0999
10600	-69.0258
10601	-68.9701
10602	-69.427
10603	-69.269
10604	-69.0735
10605	-69.137
10606	-69.2316
10607	-69.3052
10608	-69.0113
10609	-69.1492
10610	-69.589
10611	-69.2045
10612	-69.1665
10613	-69.0469
10614	-68.8448
10615	-69.0934
10616	-69.3429
10617	-69.0618
10618	-68.8154
10619	-69.257
10620	-68.9822
10621	-69.1459
10622	-69.1499
10623	-69.358
10624	-69.1687
10625	-68.866
10626	-68.4943
10627	-68.724
10628	-69.1025
10629	-68.9792
10630	-69.1983
10631	-68.889
10632	-68.4866
10633	-68.5245
10634	-68.8072
10635	-69.0894
10636	-69.1445
10637	-69.1942
10638	-69.0462
10639	-69.1498
10640	-69.2336
10641	-68.9947
10642	-69.1886
10643	-69.1781
10644	-69.0873
10645	-69.3471
10646	-69.1178
10647	-68.8094
10648	-69.0875
10649	-69.3699
10650	-69.4353
10651	-68.9602
10652	-68.8394
10653	-69.2292
10654	-69.4189
10655	-69.1338
10656	-69.3752
10657	-69.045
10658	-69.1952
10659	-69.7989
10660	-69.0894
10661	-68.9748
10662	-69.4357
10663	-69.4364
10664	-69.2441
10665	-69.3911
10666	-69.2631
10667	-69.0465
10668	-69.2401
10669	-69.426
10670	-69.48
10671	-69.0887
10672	-69.2015
10673	-69.2329
10674	-69.2637
10675	-69.3369
10676	-69.528
10677	-69.2488
10678	-69.4705
10679	-69.2878
10680	-69.4825
10681	-69.1351
10682	-68.8781
10683	-68.8942
10684	-69.2524
10685	-69.1409
10686	-69.2825
10687	-69.654
10688	-69.5308
10689	-69.2638
10690	-69.2085
10691	-69.2268
10692	-69.5164
10693	-69.1878
10694	-69.4221
10695	-69.143
10696	-69.4782
10697	-68.9636
10698	-69.273
10699	-69.2518
10700	-69.3596
10701	-69.3934
10702	-69.3686
10703	-68.8944
10704	-68.8361
10705	-69.179
10706	-69.1138
10707	-69.0277
10708	-69.1973
10709	-69.6052
10710	-69.3579
10711	-69.2559
10712	-68.8797
10713	-69.0892
10714	-69.7111
10715	-69.2153
10716	-69.3038
10717	-69.8274
10718	-69.3998
10719	-68.9816
10720	-69.0503
10721	-68.9417
10722	-68.98
10723	-69.2399
10724	-68.9031
10725	-69.0011
10726	-69.2631
10727	-68.7061
10728	-69.1704
10729	-69.1066
10730	-69.4695
10731	-69.46
10732	-69.0512
10733	-69.5531
10734	-69.4496
10735	-69.1022
10736	-69.0363
10737	-69.2102
10738	-69.1815
10739	-69.2058
10740	-69.1801
10741	-69.24
10742	-69.3316
10743	-68.9349
10744	-69.2025
10745	-68.7868
10746	-69.2263
10747	-69.6756
10748	-69.3721
10749	-69.2482
10750	-69.4966
10751	-69.5216
10752	-69.7204
10753	-69.4885
10754	-69.2564
10755	-68.8969
10756	-68.9958
10757	-69.1986
10758	-69.3935
10759	-69.4736
10760	-69.3277
10761	-69.4526
10762	-69.2349
10763	-69.5557
10764	-69.3485
10765	-69.5202
10766	-69.5241
10767	-68.9294
10768	-69.228
10769	-69.2564
10770	-69.145
10771	-69.1365
10772	-69.1144
10773	-69.4826
10774	-69.3356
10775	-69.7985
10776	-69.587
10777	-69.5443
10778	-69.2077
10779	-69.2701
10780	-69.3974
10781	-69.4515
10782	-69.4289
10783	-69.4649
10784	-69.3416
10785	-69.198
10786	-69.5554
10787	-69.1115
10788	-69.3326
10789	-69.4424
10790	-69.1549
10791	-69.1543
10792	-69.1278
10793	-69.0382
10794	-69.2548
10795	-69.0744
10796	-69.3054
10797	-69.2649
10798	-69.2714
10799	-69.4606
10800	-69.7687
10801	-69.2644
10802	-68.9912
10803	-68.8963
10804	-69.203
10805	-69.6093
10806	-69.5561
10807	-69.2249
10808	-69.1411
10809	-69.2716
10810	-69.3291
10811	-69.423
10812	-69.772
10813	-69.6282
10814	-69.603
10815	-69.4694
10816	-68.8142
10817	-68.9056
10818	-69.0489
10819	-69.6586
10820	-69.9927
10821	-69.6308
10822	-69.6142
10823	-69.1588
10824	-69.2328
10825	-69.3637
10826	-69.8266
10827	-69.6184
10828	-69.3106
10829	-69.2597
10830	-69.2441
10831	-69.7414
10832	-69.6323
10833	-69.6248
10834	-69.4077
10835	-69.3681
10836	-69.2292
10837	-69.4067
10838	-69.213
10839	-68.988
10840	-68.7653
10841	-68.9853
10842	-69.0962
10843	-69.8123
10844	-69.3811
10845	-68.8616
10846	-69.138
10847	-69.1614
10848	-69.2817
10849	-69.7623
10850	-69.1285
10851	-69.0769
10852	-69.0877
10853	-69.2942
10854	-69.2543
10855	-69.4742
10856	-69.6994
10857	-69.6344
10858	-69.5903
10859	-69.339
10860	-69.2855
10861	-69.6077
10862	-69.1379
10863	-69.1324
10864	-68.952
10865	-68.8228
10866	-69.2199
10867	-69.1549
10868	-69.4468
10869	-69.2389
10870	-69.0603
10871	-69.0101
10872	-68.9373
10873	-68.979
10874	-69.1029
10875	-69.2959
10876	-69.3095
10877	-69.0806
10878	-68.8648
10879	-69.3747
10880	-69.1575
10881	-69.0374
10882	-69.1171
10883	-69.4183
10884	-69.6276
10885	-69.3526
10886	-69.4521
10887	-69.2402
10888	-69.5973
10889	-69.4893
10890	-68.9506
10891	-69.2251
10892	-69.5753
10893	-69.5342
10894	-69.0043
10895	-69.1715
10896	-69.3186
10897	-68.912
10898	-69.1983
10899	-69.0675
10900	-69.255
10901	-69.6659
10902	-68.9924
10903	-69.1354
10904	-69.4143
10905	-69.2134
10906	-69.1191
10907	-68.9513
10908	-69.4628
10909	-69.4427
10910	-69.3027
10911	-69.2388
10912	-69.1449
10913	-69.9118
10914	-69.4696
10915	-69.2947
10916	-69.1189
10917	-69.0461
10918	-69.2947
10919	-69.2292
10920	-69.3213
10921	-69.1099
10922	-69.5213
10923	-69.126
10924	-69.0605
10925	-69.1748
10926	-69.4652
10927	-69.572
10928	-69.2753
10929	-69.1975
10930	-69.0893
10931	-69.1849
10932	-69.3892
10933	-69.1455
10934	-69.083
10935	-69.0549
10936	-68.9565
10937	-69.4472
10938	-69.5141
10939	-69.6146
10940	-69.9088
10941	-69.4681
10942	-69.4577
10943	-69.1931
10944	-68.8626
10945	-69.0311
10946	-69.0689
10947	-69.3205
10948	-69.4972
10949	-69.3767
10950	-69.7095
10951	-69.7215
10952	-69.4029
10953	-69.3131
10954	-69.3229
10955	-69.1417
10956	-69.5402
10957	-69.6966
10958	-69.3158
10959	-69.6907
10960	-68.8881
10961	-69.2471
10962	-69.4872
10963	-69.1378
10964	-68.988
10965	-69.0559
10966	-69.408
10967	-69.2302
10968	-69.1104
10969	-69.1795
10970	-69.3887
10971	-69.1538
10972	-69.4172
10973	-69.5463
10974	-68.9942
10975	-69.2764
10976	-69.2325
10977	-69.1781
10978	-69.0189
10979	-69.0543
10980	-69.2281
10981	-69.3311
10982	-69.3398
10983	-69.5966
10984	-69.7713
10985	-69.1333
10986	-69.0954
10987	-69.1925
10988	-69.7816
10989	-69.4921
10990	-69.5794
10991	-69.623
10992	-69.3119
10993	-69.2623
10994	-69.4313
10995	-69.276
10996	-69.2782
10997	-68.8903
10998	-69.3592
10999	-69.0933
11000	-69.3708
11001	-69.2808
11002	-69.1737
11003	-69.4024
11004	-69.1947
11005	-69.3266
11006	-69.3086
11007	-69.5393
11008	-69.395
11009	-69.5786
11010	-69.3277
11011	-69.0272
11012	-68.5998
11013	-69.1408
11014	-69.2712
11015	-69.4901
11016	-68.8437
11017	-68.8702
11018	-69.2589
11019	-69.5956
11020	-69.3379
11021	-69.2317
11022	-69.4091
11023	-69.642
11024	-69.3178
11025	-69.2602
11026	-69.6246
11027	-69.6315
11028	-69.1204
11029	-69.2034
11030	-69.4791
11031	-69.1489
11032	-69.3058
11033	-69.1861
11034	-69.2547
11035	-69.2472
11036	-69.5396
11037	-69.147
11038	-69.2213
11039	-69.5348
11040	-69.4159
11041	-69.3501
11042	-69.4089
11043	-69.2388
11044	-69.245
11045	-69.2727
11046	-69.2224
11047	-69.1322
11048	-69.7624
11049	-69.6212
11050	-69.5253
11051	-69.1731
11052	-69.1926
11053	-69.1992
11054	-69.2844
11055	-69.2412
11056	-69.1115
11057	-69.4585
11058	-69.4166
11059	-69.4277
11060	-69.836
11061	-69.492
11062	-69.2662
11063	-69.1357
11064	-69.5953
11065	-69.593
11066	-69.8664
11067	-70.1066
11068	-69.8431
11069	-69.6309
11070	-69.7576
11071	-69.0485
11072	-68.9866
11073	-69.3318
11074	-69.2891
11075	-69.2511
11076	-69.5454
11077	-69.4798
11078	-69.0488
11079	-69.3152
11080	-69.4182
11081	-69.382
11082	-69.1889
11083	-69.3121
11084	-69.1989
11085	-69.3616
11086	-69.7029
11087	-69.7984
11088	-69.5252
11089	-69.0505
11090	-69.3948
11091	-69.9855
11092	-69.8617
11093	-69.6513
11094	-69.6529
11095	-69.6424
11096	-69.2393
11097	-69.4304
11098	-69.6859
11099	-69.5598
11100	-69.6631
11101	-69.4061
11102	-69.3269
11103	-69.6134
11104	-69.6216
11105	-69.5741
11106	-69.4978
11107	-69.0475
11108	-68.7822
11109	-69.0565
11110	-69.3392
11111	-69.2463
11112	-69.4964
11113	-69.1693
11114	-69.4435
11115	-69.1699
11116	-69.3278
11117	-69.5955
11118	-69.4259
11119	-69.049
11120	-69.2617
11121	-69.4588
11122	-69.3366
11123	-68.9385
11124	-69.6432
11125	-69.439
11126	-69.3262
11127	-69.4888
11128	-69.2149
11129	-69.3173
11130	-69.2836
11131	-69.1085
11132	-69.4924
11133	-69.3174
11134	-69.2562
11135	-69.2253
11136	-69.3004
11137	-69.6737
11138	-69.8671
11139	-69.7269
11140	-69.2791
11141	-69.1671
11142	-69.0076
11143	-69.2256
11144	-69.2393
11145	-69.2632
11146	-69.0092
11147	-69.4645
11148	-69.4768
11149	-69.7595
11150	-69.925
11151	-69.9197
11152	-69.5459
11153	-69.1549
11154	-69.29
11155	-69.4046
11156	-69.558
11157	-69.4604
11158	-69.4406
11159	-69.6754
11160	-69.4404
11161	-69.6157
11162	-69.3109
11163	-69.4245
11164	-69.4861
11165	-69.5907
11166	-69.5764
11167	-69.4813
11168	-69.3301
11169	-69.1731
11170	-69.0695
11171	-69.0203
11172	-69.2895
11173	-69.1283
11174	-69.3507
11175	-69.0542
11176	-69.6456
11177	-69.5154
11178	-69.6097
11179	-69.6554
11180	-69.1604
11181	-69.5989
11182	-69.7816
11183	-69.3632
11184	-69.3616
11185	-69.4786
11186	-69.5109
11187	-69.5616
11188	-69.2886
11189	-69.3788
11190	-69.4601
11191	-69.3252
11192	-69.3633
11193	-69.2475
11194	-68.7865
11195	-68.9321
11196	-69.0265
11197	-69.9826
11198	-70.1275
11199	-69.5378
11200	-69.2639
11201	-69.2183
11202	-69.7015
11203	-69.5022
11204	-69.5418
11205	-69.4338
11206	-69.122
11207	-68.9429
11208	-69.067
11209	-69.6434
11210	-69.9934
11211	-69.7324
11212	-69.4112
11213	-69.5948
11214	-69.2184
11215	-69.3754
11216	-69.9703
11217	-69.6334
11218	-69.2523
11219	-69.1764
11220	-69.1981
11221	-69.2378
11222	-69.0505
11223	-69.1668
11224	-69.0684
11225	-69.3446
11226	-69.498
11227	-69.5571
11228	-69.3985
11229	-69.3779
11230	-69.485
11231	-69.2269
11232	-69.2455
11233	-70.0155
11234	-69.4755
11235	-69.6115
11236	-69.228
11237	-69.0525
11238	-69.315
11239	-69.2778
11240	-69.324
11241	-69.0543
11242	-69.0843
11243	-69.1297
11244	-69.779
11245	-69.6624
11246	-69.4927
11247	-69.5413
11248	-69.5669
11249	-69.3437
11250	-69.1501
11251	-69.3656
11252	-69.3847
11253	-69.5541
11254	-69.4578
11255	-69.4579
11256	-69.3637
11257	-69.3484
11258	-69.2753
11259	-69.362
11260	-69.123
11261	-69.0391
11262	-69.3616
11263	-69.2008
11264	-69.1348
11265	-69.3647
11266	-69.3295
11267	-69.355
11268	-69.3657
11269	-69.3428
11270	-69.711
11271	-69.7083
11272	-69.4312
11273	-69.5515
11274	-69.9294
11275	-70.0191
11276	-69.735
11277	-69.9022
11278	-70.1836
11279	-70.1425
11280	-69.3204
11281	-69.0445
11282	-69.3662
11283	-69.4857
11284	-69.2256
11285	-69.4518
11286	-69.652
11287	-69.3702
11288	-69.441
11289	-69.8139
11290	-69.2016
11291	-69.4385
11292	-69.6368
11293	-69.2432
11294	-69.4395
11295	-69.5208
11296	-69.4645
11297	-69.5044
11298	-69.5413
11299	-69.6721
11300	-69.9447
11301	-69.2951
11302	-69.2841
11303	-69.4225
11304	-69.4514
11305	-69.5795
11306	-69.7248
11307	-69.1867
11308	-69.8505
11309	-69.6165
11310	-69.195
11311	-69.1422
11312	-69.3461
11313	-69.1389
11314	-69.3439
11315	-68.9291
11316	-69.2446
11317	-70.004
11318	-69.8696
11319	-69.4972
11320	-69.5666
11321	-69.8637
11322	-69.8483
11323	-69.4973
11324	-69.4095
11325	-69.5079
11326	-69.5415
11327	-69.2327
11328	-69.2213
11329	-69.5522
11330	-69.6089
11331	-69.4033
11332	-69.3097
11333	-69.5407
11334	-69.4421
11335	-69.6646
11336	-69.8891
11337	-69.6745
11338	-69.3512
11339	-69.1054
11340	-69.339
11341	-69.5885
11342	-69.3994
11343	-69.3463
11344	-69.5173
11345	-69.5856
11346	-69.67
11347	-69.3996
11348	-69.5691
11349	-69.7063
11350	-69.38
11351	-69.2032
11352	-69.2801
11353	-69.4777
11354	-69.4411
11355	-69.4419
11356	-69.3338
11357	-69.5039
11358	-69.6376
11359	-69.7077
11360	-69.3079
11361	-69.5393
11362	-69.7545
11363	-69.2359
11364	-69.2591
11365	-69.862
11366	-70.1271
11367	-69.6613
11368	-69.2569
11369	-69.5347
11370	-69.7285
11371	-69.2109
11372	-69.4766
11373	-69.6543
11374	-69.3415
11375	-69.2952
11376	-69.3144
11377	-69.5388
11378	-69.3663
11379	-69.5072
11380	-69.6228
11381	-69.2244
11382	-69.2522
11383	-69.2142
11384	-69.4212
11385	-69.4471
11386	-69.3302
11387	-69.6254
11388	-69.2697
11389	-69.0831
11390	-69.5642
11391	-69.4121
11392	-69.7927
11393	-69.6787
11394	-69.2998
11395	-69.4173
11396	-69.1939
11397	-69.7442
11398	-69.7267
11399	-69.5811
11400	-69.6811
11401	-69.6164
11402	-69.6924
11403	-69.5694
11404	-69.5197
11405	-69.7084
11406	-69.6792
11407	-70.169
11408	-69.762
11409	-69.2481
11410	-69.5624
11411	-69.6351
11412	-69.7141
11413	-69.3325
11414	-69.124
11415	-69.613
11416	-69.5902
11417	-69.3973
11418	-69.1635
11419	-69.4183
11420	-69.2245
11421	-69.1646
11422	-69.2554
11423	-69.4861
11424	-69.5244
11425	-69.4607
11426	-69.5922
11427	-69.5277
11428	-69.5178
11429	-69.5509
11430	-69.5275
11431	-69.5655
11432	-69.6593
11433	-69.468
11434	-69.3131
11435	-69.4736
11436	-69.4018
11437	-69.8859
11438	-69.2295
11439	-69.2592
11440	-69.3825
11441	-69.4173
11442	-69.4562
11443	-69.8926
11444	-69.4383
11445	-69.0457
11446	-69.6305
11447	-69.7835
11448	-69.2724
11449	-69.6456
11450	-69.2735
11451	-69.475
11452	-69.4716
11453	-69.5891
11454	-69.8237
11455	-69.489
11456	-69.1927
11457	-69.3025
11458	-69.2306
11459	-69.1071
11460	-69.1627
11461	-69.3426
11462	-69.1945
11463	-69.3186
11464	-69.4378
11465	-69.7465
11466	-69.4631
11467	-69.5535
11468	-69.2941
11469	-69.3486
11470	-69.3886
11471	-69.5776
11472	-69.527
11473	-69.3036
11474	-69.3828
11475	-69.3415
11476	-69.3109
11477	-69.6388
11478	-69.5025
11479	-69.5664
11480	-69.8562
11481	-69.7275
11482	-69.6549
11483	-69.8506
11484	-69.6581
11485	-69.7492
11486	-69.6533
11487	-69.7405
11488	-69.7919
11489	-69.7298
11490	-69.8288
11491	-70.0318
11492	-69.3551
11493	-69.272
11494	-69.5843
11495	-69.6649
11496	-69.783
11497	-69.5718
11498	-69.4539
11499	-69.3401
11500	-69.4545
11501	-69.5877
11502	-69.5275
11503	-69.7816
11504	-69.5255
11505	-69.0198
11506	-69.5744
11507	-69.0526
11508	-69.1524
11509	-69.3512
11510	-69.5888
11511	-69.3862
11512	-69.4205
11513	-69.351
11514	-69.1837
11515	-69.2366
11516	-69.6252
11517	-68.9836
11518	-69.0061
11519	-69.2122
11520	-69.431
11521	-69.8783
11522	-69.5375
11523	-69.2749
11524	-69.3237
11525	-69.5288
11526	-70.027
11527	-69.6122
11528	-69.4161
11529	-69.4552
11530	-69.2812
11531	-69.5273
11532	-69.4583
11533	-69.3756
11534	-69.2277
11535	-69.6277
11536	-69.4921
11537	-69.5704
11538	-69.4249
11539	-69.8565
11540	-69.9959
11541	-69.7206
11542	-69.9493
11543	-69.7857
11544	-69.6337
11545	-69.3029
11546	-69.8214
11547	-69.7507
11548	-69.7317
11549	-70.097
11550	-69.8201
11551	-69.6189
11552	-69.4513
11553	-69.8007
11554	-69.5689
11555	-69.6373
11556	-69.3739
11557	-69.683
11558	-69.5927
11559	-69.4428
11560	-69.5088
11561	-69.373
11562	-69.7012
11563	-69.8043
11564	-69.5199
11565	-69.3965
11566	-69.493
11567	-69.6203
11568	-69.498
11569	-69.4191
11570	-69.2161
11571	-69.9197
11572	-69.7206
11573	-69.6794
11574	-69.8485
11575	-69.4153
11576	-69.2296
11577	-69.6819
11578	-69.5244
11579	-69.7428
11580	-69.7641
11581	-69.9291
11582	-70.1641
11583	-69.5719
11584	-69.5222
11585	-69.4957
11586	-69.4784
11587	-69.6379
11588	-69.3368
11589	-69.9645
11590	-69.6754
11591	-69.3375
11592	-69.5851
11593	-69.6429
11594	-69.3758
11595	-69.5546
11596	-69.5837
11597	-69.3741
11598	-69.6324
11599	-69.7042
11600	-69.4412
11601	-69.3081
11602	-69.6079
11603	-69.7379
11604	-69.4784
11605	-69.363
11606	-69.785
11607	-69.8841
11608	-70.0423
11609	-69.9133
11610	-70.1321
11611	-69.9402
11612	-69.7938
11613	-69.7563
11614	-69.5261
11615	-69.6141
11616	-69.6279
11617	-69.5912
11618	-69.426
11619	-69.4559
11620	-69.7192
11621	-69.9122
11622	-69.6635
11623	-69.4591
11624	-69.7557
11625	-69.7457
11626	-69.8321
11627	-69.7697
11628	-69.265
11629	-69.5031
11630	-69.471
11631	-69.7664
11632	-70.1827
11633	-70.1843
11634	-69.4409
11635	-69.5106
11636	-69.6907
11637	-69.4023
11638	-69.3618
11639	-69.6437
11640	-69.7166
11641	-69.7655
11642	-70.2381
11643	-69.6059
11644	-69.0716
11645	-69.1054
11646	-69.0747
11647	-69.5755
11648	-69.4552
11649	-69.5079
11650	-69.939
11651	-70.1253
11652	-70.2878
11653	-70.3824
11654	-69.9875
11655	-69.4285
11656	-69.2714
11657	-69.5156
11658	-69.3837
11659	-69.2526
11660	-69.716
11661	-69.1243
11662	-68.9734
11663	-69.3734
11664	-70.1219
11665	-69.9653
11666	-70.0532
11667	-69.9857
11668	-69.7495
11669	-69.6689
11670	-69.6339
11671	-69.4739
11672	-69.1493
11673	-69.5047
11674	-69.5555
11675	-69.8897
11676	-70.1035
11677	-69.9729
11678	-69.5492
11679	-69.3812
11680	-69.6985
11681	-69.9471
11682	-69.7337
11683	-69.6355
11684	-69.7435
11685	-69.4228
11686	-69.8183
11687	-70.095
11688	-69.7482
11689	-69.9257
11690	-69.8994
11691	-69.7285
11692	-69.4629
11693	-69.7085
11694	-69.7807
11695	-69.4357
11696	-69.5209
11697	-69.475
11698	-68.9002
11699	-69.7814
11700	-69.7939
11701	-69.5558
11702	-69.8688
11703	-69.6622
11704	-69.6221
11705	-69.6054
11706	-69.5485
11707	-69.3863
11708	-69.4722
11709	-69.9214
11710	-69.1608
11711	-69.4914
11712	-69.5719
11713	-69.3022
11714	-69.6436
11715	-69.468
11716	-70.0002
11717	-69.9647
11718	-69.4678
11719	-69.7375
11720	-70.0483
11721	-70.084
11722	-69.8623
11723	-69.7759
11724	-69.6468
11725	-69.2381
11726	-69.2141
11727	-69.6311
11728	-69.6313
11729	-69.5997
11730	-69.4288
11731	-69.4545
11732	-69.1085
11733	-69.1814
11734	-69.4812
11735	-69.9617
11736	-69.8289
11737	-69.8785
11738	-69.7263
11739	-69.5243
11740	-69.4773
11741	-69.6145
11742	-69.7894
11743	-69.9591
11744	-69.9618
11745	-69.6496
11746	-69.5941
11747	-69.3429
11748	-69.6318
11749	-69.6379
11750	-69.6986
11751	-69.4568
11752	-69.6178
11753	-69.6174
11754	-69.1608
11755	-69.5915
11756	-69.8327
11757	-69.967
11758	-69.2877
11759	-69.3392
11760	-69.6103
11761	-69.8564
11762	-69.4693
11763	-69.5721
11764	-69.7991
11765	-69.5532
11766	-69.7082
11767	-69.6609
11768	-69.8129
11769	-69.7459
11770	-69.6992
11771	-69.7361
11772	-70.3522
11773	-69.9321
11774	-69.762
11775	-69.3901
11776	-69.5011
11777	-69.4643
11778	-69.5905
11779	-69.7703
11780	-69.6453
11781	-69.6855
11782	-69.2735
11783	-69.167
11784	-69.7502
11785	-70.2676
11786	-69.6837
11787	-69.3839
11788	-69.8657
11789	-69.7272
11790	-69.1961
11791	-69.1136
11792	-69.4647
11793	-69.8821
11794	-69.8283
11795	-69.5902
11796	-69.7382
11797	-69.4917
11798	-69.2979
11799	-69.1648
11800	-69.4672
11801	-69.8307
11802	-69.577
11803	-69.814
11804	-69.6901
11805	-69.7215
11806	-69.2987
11807	-69.2744
11808	-69.4095
11809	-69.539
11810	-69.4022
11811	-69.2796
11812	-69.4752
11813	-69.3818
11814	-69.1965
11815	-69.2936
11816	-69.4661
11817	-69.5291
11818	-70.036
11819	-70.0956
11820	-70.1191
11821	-69.8678
11822	-69.6749
11823	-69.7895
11824	-69.8646
11825	-69.4256
11826	-69.9424
11827	-69.8926
11828	-69.9287
11829	-69.8541
11830	-69.8313
11831	-69.7126
11832	-69.7704
11833	-69.6832
11834	-69.8904
11835	-70.0631
11836	-70.1387
11837	-70.0096
11838	-69.8235
11839	-69.7632
11840	-69.5089
11841	-69.6956
11842	-69.822
11843	-69.8386
11844	-70.279
11845	-70.3708
11846	-69.9138
11847	-69.5187
11848	-69.5082
11849	-69.4538
11850	-69.6464
11851	-69.489
11852	-69.9916
11853	-69.9366
11854	-69.7975
11855	-69.9008
11856	-69.525
11857	-69.9193
11858	-69.6565
11859	-69.4316
11860	-69.4984
11861	-69.3591
11862	-69.6936
11863	-69.6728
11864	-69.8418
11865	-69.3593
11866	-69.6226
11867	-69.2326
11868	-69.4263
11869	-69.7587
11870	-69.8483
11871	-69.9475
11872	-70.0748
11873	-69.7302
11874	-69.6611
11875	-69.5266
11876	-69.5126
11877	-69.375
11878	-69.3522
11879	-69.6394
11880	-70.019
11881	-69.4508
11882	-69.3346
11883	-69.3079
11884	-69.2923
11885	-69.4008
11886	-70.2099
11887	-69.9078
11888	-69.28
11889	-69.2372
11890	-69.3532
11891	-69.5257
11892	-69.7334
11893	-69.6367
11894	-69.7253
11895	-70.4655
11896	-69.8233
11897	-69.5615
11898	-69.5185
11899	-69.7034
11900	-69.6814
11901	-69.4427
11902	-69.645
11903	-69.6433
11904	-69.4488
11905	-69.3268
11906	-69.6142
11907	-69.6472
11908	-69.8547
11909	-69.7773
11910	-69.6147
11911	-69.7803
11912	-69.6246
11913	-69.5875
11914	-69.5259
11915	-69.4645
11916	-69.2583
11917	-69.7774
11918	-70.0569
11919	-69.8543
11920	-70.0042
11921	-70.0481
11922	-69.9171
11923	-69.9148
11924	-69.8416
11925	-69.8923
11926	-69.5405
11927	-69.7318
11928	-69.4372
11929	-69.3453
11930	-69.5812
11931	-69.6244
11932	-69.4618
11933	-69.4788
11934	-69.5786
11935	-69.6096
11936	-69.7621
11937	-69.5603
11938	-69.8669
11939	-69.6582
11940	-69.9349
11941	-70.0709
11942	-69.4262
11943	-69.2602
11944	-69.7595
11945	-69.9742
11946	-69.8726
11947	-70.258
11948	-70.1509
11949	-70.0881
11950	-69.2094
11951	-69.6896
11952	-69.5158
11953	-69.63
11954	-69.7539
11955	-69.8075
11956	-69.8498
11957	-69.2361
11958	-69.5758
11959	-69.7194
11960	-69.8959
11961	-69.9834
11962	-70.3228
11963	-69.87
11964	-69.766
11965	-69.7553
11966	-70.166
11967	-69.9152
11968	-69.4301
11969	-69.3077
11970	-69.6043
11971	-69.8771
11972	-69.906
11973	-69.9204
11974	-69.93
11975	-69.96
11976	-69.57
11977	-69.8513
11978	-69.4483
11979	-69.6776
11980	-69.7247
11981	-69.3412
11982	-69.4276
11983	-69.4084
11984	-69.9675
11985	-69.9533
11986	-69.5956
11987	-69.6524
11988	-69.4325
11989	-69.3678
11990	-69.3042
11991	-69.6473
11992	-69.8458
11993	-69.7883
11994	-70.3403
11995	-70.0563
11996	-70.1235
11997	-69.9152
11998	-70.0351
11999	-69.9845
12000	-70.0835
12001	-70.0788
12002	-70.2992
12003	-69.606
12004	-69.4508
12005	-69.4299
12006	-69.5253
12007	-69.2819
12008	-69.4582
12009	-69.3102
12010	-69.4884
12011	-69.2667
12012	-69.7178
12013	-70.0394
12014	-70.1213
12015	-69.9485
12016	-70.0863
12017	-69.6089
12018	-69.5411
12019	-69.4272
12020	-69.8892
12021	-70.142
12022	-70.3318
12023	-69.7833
12024	-69.888
12025	-70.0455
12026	-69.7536
12027	-69.6185
12028	-70.0479
12029	-70.5915
12030	-70.2286
12031	-69.9133
12032	-69.8248
12033	-69.8605
12034	-69.7706
12035	-70.0258
12036	-69.9416
12037	-69.9084
12038	-69.6054
12039	-69.5643
12040	-69.59
12041	-69.5998
12042	-69.8383
12043	-69.4686
12044	-69.6895
12045	-69.5237
12046	-69.7314
12047	-69.3985
12048	-69.6061
12049	-69.4225
12050	-69.7166
12051	-69.6302
12052	-69.674
12053	-69.5407
12054	-69.5795
12055	-69.6241
12056	-69.4911
12057	-70.0937
12058	-69.9527
12059	-69.7435
12060	-69.6958
12061	-69.6497
12062	-69.6827
12063	-69.4054
12064	-69.3695
12065	-69.682
12066	-69.6135
12067	-69.9916
12068	-69.9552
12069	-69.6852
12070	-69.7632
12071	-69.718
12072	-70.2958
12073	-70.5656
12074	-70.1804
12075	-70.0247
12076	-69.8147
12077	-69.682
12078	-69.6456
12079	-69.7884
12080	-70.071
12081	-69.8868
12082	-70.0208
12083	-70.1825
12084	-70.2964
12085	-69.6676
12086	-69.7966
12087	-69.8358
12088	-69.6854
12089	-69.8935
12090	-69.7816
12091	-69.6436
12092	-69.6619
12093	-69.7189
12094	-69.7643
12095	-69.63
12096	-69.253
12097	-69.7927
12098	-69.7662
12099	-69.4854
12100	-69.6918
12101	-69.8174
12102	-69.7553
12103	-69.9999
12104	-69.7948
12105	-69.471
12106	-69.7893
12107	-70.2457
12108	-70.1248
12109	-69.1902
12110	-69.6461
12111	-69.5474
12112	-69.38
12113	-69.6805
12114	-69.7641
12115	-69.8819
12116	-69.7438
12117	-69.736
12118	-69.8424
12119	-69.8329
12120	-69.8475
12121	-69.5166
12122	-69.4059
12123	-69.4332
12124	-69.8378
12125	-69.9864
12126	-69.7529
12127	-69.7174
12128	-69.5053
12129	-69.6765
12130	-69.6824
12131	-69.7603
12132	-69.5793
12133	-69.7837
12134	-69.7677
12135	-70.0097
12136	-69.5874
12137	-69.4849
12138	-69.7108
12139	-69.5689
12140	-69.2585
12141	-69.2136
12142	-69.5111
12143	-69.8941
12144	-69.8203
12145	-69.6955
12146	-69.4175
12147	-69.4463
12148	-69.7276
12149	-69.7063
12150	-69.6656
12151	-69.6463
12152	-69.4223
12153	-69.7113
12154	-69.7153
12155	-69.6588
12156	-69.615
12157	-69.8386
12158	-69.5173
12159	-69.7693
12160	-70.1313
12161	-70.305
12162	-69.7317
12163	-69.5518
12164	-69.5011
12165	-69.5028
12166	-69.6482
12167	-69.7882
12168	-70.0518
12169	-69.7689
12170	-69.8396
12171	-70.1705
12172	-69.5535
12173	-69.7271
12174	-69.711
12175	-69.681
12176	-70.073
12177	-69.9241
12178	-69.7952
12179	-69.6417
12180	-69.3741
12181	-69.6394
12182	-69.6204
12183	-69.8037
12184	-69.9422
12185	-69.9793
12186	-70.194
12187	-69.9675
12188	-69.8387
12189	-69.6612
12190	-69.8908
12191	-69.3616
12192	-69.4633
12193	-69.821
12194	-69.8383
12195	-69.8578
12196	-70.1398
12197	-70.1463
12198	-70.3219
12199	-70.4931
12200	-70.3542
12201	-69.6768
12202	-70.1142
12203	-69.7957
12204	-69.532
12205	-69.8217
12206	-70.0337
12207	-69.6906
12208	-69.9402
12209	-70.1311
12210	-70.0567
12211	-70.042
12212	-69.5643
12213	-69.7533
12214	-69.3368
12215	-69.1558
12216	-69.4894
12217	-69.6659
12218	-69.7525
12219	-69.7524
12220	-69.9984
12221	-69.9777
12222	-70.0183
12223	-69.905
12224	-69.8571
12225	-69.7829
12226	-69.5912
12227	-69.5805
12228	-69.636
12229	-69.557
12230	-69.9107
12231	-69.7432
12232	-69.9469
12233	-69.9557
12234	-70.0242
12235	-70.3142
12236	-69.9575
12237	-69.8053
12238	-69.6121
12239	-69.4113
12240	-70.0009
12241	-70.1393
12242	-69.78
12243	-69.3668
12244	-69.7486
12245	-70.1301
12246	-70.0628
12247	-70.1825
12248	-70.0269
12249	-69.8608
12250	-69.8049
12251	-69.9535
12252	-70.0569
12253	-70.0232
12254	-70.1001
12255	-70.0391
12256	-70.2453
12257	-70.208
12258	-70.1443
12259	-69.8703
12260	-69.5333
12261	-69.4462
12262	-69.4888
12263	-69.5922
12264	-69.7769
12265	-69.8369
12266	-70.1078
12267	-70.1107
12268	-69.7982
12269	-69.6835
12270	-69.2763
12271	-69.6524
12272	-70.2567
12273	-70.0678
12274	-69.3771
12275	-69.8719
12276	-69.9306
12277	-70.0564
12278	-70.0797
12279	-69.8892
12280	-69.888
12281	-69.6845
12282	-69.5085
12283	-69.4885
12284	-69.8435
12285	-69.4299
12286	-69.5027
12287	-69.5502
12288	-69.7835
12289	-70.416
12290	-69.961
12291	-70.0233
12292	-70.0487
12293	-69.9416
12294	-69.4705
12295	-69.107
12296	-69.7195
12297	-69.8486
12298	-69.8147
12299	-69.8658
12300	-69.8904
12301	-70.2095
12302	-70.0476
12303	-70.1037
12304	-69.7902
12305	-69.6203
12306	-69.7071
12307	-69.7358
12308	-69.8594
12309	-69.8018
12310	-69.859
12311	-69.9684
12312	-69.7712
12313	-69.5629
12314	-70.0142
12315	-69.9329
12316	-69.7776
12317	-69.7147
12318	-69.8928
12319	-69.9014
12320	-69.9581
12321	-69.854
12322	-69.6281
12323	-69.6018
12324	-69.6579
12325	-70.2835
12326	-69.8107
12327	-69.9842
12328	-70.1018
12329	-69.873
12330	-69.9001
12331	-69.7236
12332	-69.6059
12333	-70.3107
12334	-70.4529
12335	-70.0257
12336	-69.7407
12337	-70.0042
12338	-69.4864
12339	-69.5566
12340	-70.0071
12341	-69.9861
12342	-69.9727
12343	-70.1803
12344	-70.2374
12345	-69.7222
12346	-69.8701
12347	-69.9402
12348	-69.6256
12349	-69.9544
12350	-70.0178
12351	-70.1316
12352	-70.1135
12353	-70.1543
12354	-69.8997
12355	-70.0789
12356	-69.9092
12357	-69.9135
12358	-70.1863
12359	-70.2988
12360	-70.2113
12361	-70.0114
12362	-69.6781
12363	-70.2711
12364	-70.2336
12365	-70.4745
12366	-70.5401
12367	-70.1431
12368	-70.0845
12369	-69.955
12370	-69.8353
12371	-69.9547
12372	-69.939
12373	-70.2444
12374	-70.2113
12375	-69.7021
12376	-69.6969
12377	-69.6588
12378	-70.1646
12379	-69.8558
12380	-69.8577
12381	-69.6845
12382	-69.8591
12383	-70.0527
12384	-69.9469
12385	-70.2037
12386	-69.5794
12387	-69.6239
12388	-69.6829
12389	-69.7025
12390	-69.4752
12391	-69.5889
12392	-69.6203
12393	-69.8816
12394	-70.0947
12395	-70.0365
12396	-69.5618
12397	-69.8376
12398	-69.7015
12399	-69.7552
12400	-70.0139
12401	-69.9807
12402	-69.944
12403	-70.122
12404	-69.8875
12405	-69.8884
12406	-69.7289
12407	-69.6879
12408	-69.7544
12409	-70.0474
12410	-69.8303
12411	-70.1589
12412	-70.2756
12413	-70.3823
12414	-70.2025
12415	-69.6888
12416	-70.3296
12417	-69.8189
12418	-69.7825
12419	-69.6879
12420	-69.9237
12421	-69.5729
12422	-69.7138
12423	-69.5515
12424	-69.5553
12425	-69.9018
12426	-69.773
12427	-69.693
12428	-69.954
12429	-69.8503
12430	-69.6666
12431	-70.1752
12432	-70.246
12433	-69.9057
12434	-69.4906
12435	-70.0492
12436	-70.0739
12437	-69.9834
12438	-69.8399
12439	-70.15
12440	-70.2858
12441	-70.2548
12442	-70.0688
12443	-70.3044
12444	-70.3908
12445	-70.0608
12446	-70.6012
12447	-70.6628
12448	-70.0145
12449	-70.0727
12450	-69.8792
12451	-70.1687
12452	-69.7924
12453	-69.7523
12454	-69.6732
12455	-69.4407
12456	-69.9132
12457	-69.572
12458	-69.7128
12459	-69.5635
12460	-69.5594
12461	-69.7391
12462	-69.9874
12463	-70.0755
12464	-69.7797
12465	-70.1899
12466	-70.0076
12467	-69.804
12468	-69.6969
12469	-70.0658
12470	-69.5013
12471	-69.7821
12472	-69.8723
12473	-69.8428
12474	-69.5198
12475	-70.1115
12476	-70.4535
12477	-69.9622
12478	-69.7351
12479	-70.1523
12480	-69.811
12481	-70.0696
12482	-69.8015
12483	-69.8103
12484	-69.9202
12485	-70.1652
12486	-69.9104
12487	-69.873
12488	-69.7669
12489	-70.1285
12490	-69.7805
12491	-69.9913
12492	-69.92
12493	-69.9025
12494	-69.9149
12495	-70.1346
12496	-70.3896
12497	-70.1772
12498	-70.0815
12499	-70.0191
12500	-69.8678
12501	-69.9584
12502	-69.7048
12503	-69.9089
12504	-70.4252
12505	-70.1962
12506	-69.7012
12507	-69.8968
12508	-70.0504
12509	-70.191
12510	-69.8429
12511	-69.9257
12512	-70.0559
12513	-70.2603
12514	-70.1985
12515	-70.0742
12516	-69.7916
12517	-69.7252
12518	-69.6313
12519	-69.9081
12520	-70.1745
12521	-70.0304
12522	-69.9107
12523	-69.8369
12524	-69.9699
12525	-70.0413
12526	-69.7242
12527	-69.8035
12528	-69.7764
12529	-69.7662
12530	-70.1215
12531	-70.2516
12532	-70.123
12533	-70.1386
12534	-69.7937
12535	-69.8055
12536	-70.309
12537	-70.0162
12538	-69.8707
12539	-69.8398
12540	-69.9584
12541	-70.0787
12542	-70.0645
12543	-69.7996
12544	-69.666
12545	-69.8531
12546	-69.5931
12547	-70.0358
12548	-69.9428
12549	-70.1074
12550	-69.7593
12551	-69.9737
12552	-69.8583
12553	-69.8768
12554	-69.8864
12555	-70.2867
12556	-69.902
12557	-70.3258
12558	-70.3602
12559	-70.0035
12560	-69.6935
12561	-69.6906
12562	-70.1758
12563	-70.2103
12564	-70.0333
12565	-69.7161
12566	-69.7934
12567	-69.6004
12568	-70.2703
12569	-70.053
12570	-69.9845
12571	-69.869
12572	-69.7678
12573	-69.8211
12574	-69.9434
12575	-70.1067
12576	-70.2097
12577	-70.0472
12578	-69.7379
12579	-69.9011
12580	-69.6955
12581	-70.0442
12582	-70.1099
12583	-70.0165
12584	-69.7184
12585	-69.5687
12586	-69.9143
12587	-69.9784
12588	-69.6959
12589	-69.7159
12590	-70.2653
12591	-70.0884
12592	-69.9775
12593	-69.9676
12594	-70.1067
12595	-70.2018
12596	-70.0402
12597	-69.5183
12598	-69.7479
12599	-69.5603
12600	-69.6457
12601	-69.9221
12602	-70.4787
12603	-70.3529
12604	-69.8991
12605	-70.0859
12606	-70.0141
12607	-70.0337
12608	-70.1347
12609	-70.2826
12610	-70.0168
12611	-69.9799
12612	-69.7911
12613	-69.8565
12614	-69.5365
12615	-69.9881
12616	-69.8325
12617	-70.2362
12618	-69.6148
12619	-70.1288
12620	-69.9408
12621	-69.6701
12622	-69.983
12623	-70.2841
12624	-70.3368
12625	-70.0436
12626	-70.0863
12627	-70.3275
12628	-70.0007
12629	-69.9101
12630	-70.4748
12631	-70.0703
12632	-69.8328
12633	-70.1831
12634	-70.1698
12635	-70.0845
12636	-69.886
12637	-69.4915
12638	-69.773
12639	-69.8731
12640	-69.9912
12641	-70.0055
12642	-70.4187
12643	-70.3393
12644	-70.2195
12645	-69.8201
12646	-69.8976
12647	-69.7241
12648	-69.9675
12649	-69.6824
12650	-69.4894
12651	-69.8025
12652	-70.0319
12653	-70.1579
12654	-70.1367
12655	-69.891
12656	-69.7735
12657	-69.7989
12658	-70.0807
12659	-69.6947
12660	-70.0118
12661	-70.0314
12662	-69.8721
12663	-69.8386
12664	-69.725
12665	-69.8104
12666	-70.1687
12667	-70.1685
12668	-70.3516
12669	-70.2517
12670	-70.1005
12671	-70.0558
12672	-69.9751
12673	-70.2407
12674	-70.2743
12675	-69.8545
12676	-69.5947
12677	-69.6161
12678	-69.7297
12679	-69.7381
12680	-69.6946
12681	-69.7666
12682	-70.0309
12683	-69.979
12684	-70.245
12685	-70.0388
12686	-70.2836
12687	-70.5129
12688	-70.5051
12689	-70.3627
12690	-70.3821
12691	-70.2623
12692	-70.6391
12693	-70.3728
12694	-70.1794
12695	-70.2458
12696	-69.8185
12697	-69.6582
12698	-69.7036
12699	-69.3603
12700	-69.979
12701	-70.2936
12702	-70.1093
12703	-70.2517
12704	-70.1055
12705	-70.2595
12706	-70.2435
12707	-70.4139
12708	-69.8992
12709	-69.9399
12710	-70.0106
12711	-70.5181
12712	-70.6954
12713	-70.174
12714	-69.878
12715	-69.9623
12716	-70.0199
12717	-70.2128
12718	-69.6181
12719	-69.6256
12720	-69.3949
12721	-69.8558
12722	-70.177
12723	-69.7246
12724	-69.6801
12725	-69.7151
12726	-69.7984
12727	-70.4157
12728	-70.4277
12729	-69.8022
12730	-69.6708
12731	-70.1834
12732	-70.2439
12733	-70.4315
12734	-70.257
12735	-69.939
12736	-69.5506
12737	-69.8821
12738	-69.9854
12739	-69.8104
12740	-69.4754
12741	-69.5114
12742	-69.6623
12743	-70.0214
12744	-70.1323
12745	-70.0514
12746	-70.249
12747	-70.2676
12748	-70.2825
12749	-70.3795
12750	-70.1267
12751	-69.8898
12752	-70.0137
12753	-69.8334
12754	-70.3161
12755	-70.2722
12756	-70.0319
12757	-70.0621
12758	-69.9486
12759	-70.0693
12760	-70.0481
12761	-69.8924
12762	-70.0703
12763	-69.9129
12764	-70.1053
12765	-70.148
12766	-69.9265
12767	-70.0625
12768	-69.9618
12769	-70.2389
12770	-70.002
12771	-69.8646
12772	-69.5724
12773	-69.5715
12774	-69.7302
12775	-69.8855
12776	-69.9791
12777	-70.0237
12778	-69.7352
12779	-70.2763
12780	-70.4507
12781	-70.1621
12782	-70.0354
12783	-69.6951
12784	-69.8639
12785	-70.2627
12786	-70.1503
12787	-70.1434
12788	-69.9504
12789	-69.8144
12790	-70.1084
12791	-70.0492
12792	-69.7892
12793	-70.2082
12794	-70.1186
12795	-69.8062
12796	-69.7672
12797	-69.8144
12798	-70.0913
12799	-70.1627
12800	-70.3214
12801	-70.1292
12802	-69.8018
12803	-69.6496
12804	-69.9064
12805	-70.0459
12806	-70.1172
12807	-69.9357
12808	-70.0662
12809	-70.2674
12810	-70.1517
12811	-69.8861
12812	-70.0456
12813	-69.7929
12814	-70.0139
12815	-69.9845
12816	-70.0149
12817	-69.8967
12818	-70.0391
12819	-70.494
12820	-70.4939
12821	-69.934
12822	-70.1784
12823	-70.1112
12824	-70.0164
12825	-69.9809
12826	-69.6012
12827	-69.889
12828	-70.0385
12829	-70.2725
12830	-69.8454
12831	-69.8862
12832	-69.8565
12833	-70.2799
12834	-70.6085
12835	-70.3522
12836	-70.0282
12837	-70.0207
12838	-70.167
12839	-70.2821
12840	-70.0975
12841	-70.4228
12842	-70.4178
12843	-70.3767
12844	-70.1788
12845	-70.0628
12846	-69.7472
12847	-69.8285
12848	-69.9343
12849	-69.5757
12850	-69.7144
12851	-70.1219
12852	-69.9883
12853	-69.9095
12854	-69.6883
12855	-70.1477
12856	-70.4075
12857	-70.3178
12858	-70.3697
12859	-70.1804
12860	-69.9613
12861	-70.3069
12862	-69.9804
12863	-69.7931
12864	-70.3764
12865	-70.4024
12866	-70.1266
12867	-70.3838
12868	-70.0146
12869	-69.5286
12870	-69.6605
12871	-70.0735
12872	-70.2297
12873	-69.9484
12874	-69.8892
12875	-70.0125
12876	-69.4244
12877	-69.9928
12878	-70.3254
12879	-69.7451
12880	-69.4418
12881	-69.8211
12882	-70.1975
12883	-70.0537
12884	-69.7923
12885	-70.1023
12886	-70.1502
12887	-69.8594
12888	-70.2941
12889	-70.1635
12890	-70.2407
12891	-69.8193
12892	-69.6558
12893	-70.255
12894	-70.4802
12895	-70.1852
12896	-70.1899
12897	-70.2513
12898	-70.0541
12899	-70.0836
12900	-69.9047
12901	-70.5141
12902	-70.2165
12903	-70.2842
12904	-70.6697
12905	-70.3648
12906	-70.2334
12907	-70.0602
12908	-69.7785
12909	-70.1421
12910	-69.6996
12911	-69.7773
12912	-70.0834
12913	-69.9294
12914	-70.0645
12915	-70.312
12916	-70.0316
12917	-69.8555
12918	-70.0604
12919	-70.1354
12920	-70.6169
12921	-70.1091
12922	-70.147
12923	-70.1151
12924	-70.4152
12925	-70.1107
12926	-70.3212
12927	-70.2076
12928	-69.7401
12929	-70.4029
12930	-70.1079
12931	-69.6833
12932	-69.6333
12933	-69.9703
12934	-70.323
12935	-70.3492
12936	-69.9603
12937	-70.3268
12938	-70.2891
12939	-70.0291
12940	-70.3171
12941	-70.1041
12942	-69.9672
12943	-69.9927
12944	-69.8829
12945	-69.9279
12946	-70.1061
12947	-69.9714
12948	-70.3658
12949	-70.5209
12950	-70.2855
12951	-70.529
12952	-70.3378
12953	-70.0341
12954	-69.9941
12955	-69.7198
12956	-69.7894
12957	-69.6041
12958	-69.821
12959	-69.8423
12960	-69.9285
12961	-70.1229
12962	-70.2068
12963	-69.921
12964	-69.5027
12965	-69.6108
12966	-70.3566
12967	-70.3562
12968	-70.1908
12969	-70.0007
12970	-69.707
12971	-70.0498
12972	-70.0023
12973	-69.9676
12974	-70.1681
12975	-70.267
12976	-70.0007
12977	-70.3687
12978	-69.8214
12979	-69.2545
12980	-69.3537
12981	-69.9261
12982	-70.1987
12983	-70.2984
12984	-70.3411
12985	-70.2448
12986	-69.879
12987	-70.1503
12988	-69.9862
12989	-70.1549
12990	-70.4398
12991	-70.0635
12992	-69.9751
12993	-70.2778
12994	-70.1756
12995	-70.2066
12996	-70.4162
12997	-70.4138
12998	-70.7964
12999	-70.0766
13000	-69.8293
13001	-69.5068
13002	-69.7483
13003	-69.4973
13004	-69.2946
13005	-69.7024
13006	-70.026
13007	-70.1988
13008	-70.7307
13009	-70.0024
13010	-70.1186
13011	-70.1208
13012	-70.5828
13013	-70.537
13014	-70.3584
13015	-70.1968
13016	-69.9198
13017	-69.6587
13018	-69.5853
13019	-70.052
13020	-70.2975
13021	-70.0556
13022	-70.0709
13023	-70.2097
13024	-70.4101
13025	-70.1222
13026	-69.6899
13027	-69.8681
13028	-69.8419
13029	-70.1845
13030	-70.525
13031	-70.3175
13032	-69.8437
13033	-70.3984
13034	-70.1927
13035	-70.1722
13036	-70.4696
13037	-70.1962
13038	-69.9191
13039	-70.0083
13040	-70.3909
13041	-70.2748
13042	-70.4048
13043	-70.2392
13044	-69.8201
13045	-69.7351
13046	-70.1087
13047	-70.2602
13048	-69.9
13049	-69.9109
13050	-70.1189
13051	-70.0287
13052	-70.1272
13053	-70.2247
13054	-69.8417
13055	-70.2624
13056	-69.942
13057	-69.6033
13058	-69.6351
13059	-69.7671
13060	-70.0417
13061	-70.0294
13062	-69.9691
13063	-69.9118
13064	-70.2708
13065	-70.0549
13066	-69.6344
13067	-69.8041
13068	-70.2734
13069	-70.0684
13070	-70.167
13071	-70.2174
13072	-69.9702
13073	-70.2619
13074	-70.2948
13075	-69.9839
13076	-69.8798
13077	-70.2325
13078	-70.2919
13079	-70.1224
13080	-70.1279
13081	-69.9883
13082	-70.4017
13083	-70.253
13084	-70.4332
13085	-70.0447
13086	-70.0256
13087	-70.5434
13088	-70.5296
13089	-70.6186
13090	-69.8447
13091	-69.9149
13092	-70.2881
13093	-70.1773
13094	-70.1328
13095	-70.2221
13096	-70.1159
13097	-69.9548
13098	-69.8858
13099	-70.2944
13100	-69.8257
13101	-70.3162
13102	-70.1037
13103	-69.6656
13104	-69.9165
13105	-70.2023
13106	-69.9196
13107	-70.2512
13108	-70.562
13109	-70.1606
13110	-70.3401
13111	-70.2095
13112	-70.0359
13113	-70.2941
13114	-70.6798
13115	-70.4204
13116	-69.9665
13117	-69.9768
13118	-70.3243
13119	-70.3762
13120	-70.3297
13121	-70.2499
13122	-70.23
13123	-70.6669
13124	-70.343
13125	-70.3879
13126	-70.3361
13127	-70.4923
13128	-70.6653
13129	-70.1725
13130	-70.0209
13131	-70.1105
13132	-69.9468
13133	-70.1541
13134	-69.9306
13135	-69.6719
13136	-69.4953
13137	-69.4287
13138	-69.5488
13139	-70.2225
13140	-70.6916
13141	-70.4955
13142	-70.4925
13143	-70.401
13144	-70.0081
13145	-70.1494
13146	-69.7983
13147	-70.2978
13148	-70.2399
13149	-70.5792
13150	-70.4694
13151	-69.8831
13152	-70.282
13153	-70.4397
13154	-70.076
13155	-70.1256
13156	-70.3356
13157	-69.8422
13158	-70.0118
13159	-70.5033
13160	-69.9347
13161	-70.1449
13162	-70.3641
13163	-70.12
13164	-70.192
13165	-69.8653
13166	-69.9145
13167	-70.355
13168	-70.7609
13169	-69.855
13170	-69.8022
13171	-70.0685
13172	-70.2983
13173	-70.1989
13174	-70.2556
13175	-70.3125
13176	-70.3566
13177	-70.3531
13178	-70.4962
13179	-69.993
13180	-70.5092
13181	-70.0431
13182	-70.036
13183	-69.7446
13184	-69.6562
13185	-69.667
13186	-70.0912
13187	-69.9087
13188	-69.8172
13189	-69.7786
13190	-70.1717
13191	-70.1499
13192	-70.1055
13193	-69.4592
13194	-69.7797
13195	-70.1773
13196	-70.2101
13197	-70.0824
13198	-70.0971
13199	-69.966
13200	-70.0737
13201	-70.1445
13202	-70.2624
13203	-69.9266
13204	-70.3618
13205	-70.2533
13206	-70.1366
13207	-69.8869
13208	-70.3402
13209	-70.1913
13210	-70.4563
13211	-70.6129
13212	-70.4791
13213	-70.4012
13214	-70.2687
13215	-70.2669
13216	-69.8551
13217	-69.8775
13218	-69.8251
13219	-70.2981
13220	-70.186
13221	-69.7917
13222	-70.1085
13223	-70.439
13224	-70.7379
13225	-70.1566
13226	-70.0385
13227	-70.3918
13228	-70.192
13229	-70.372
13230	-69.8826
13231	-70.4541
13232	-70.561
13233	-69.9452
13234	-70.2522
13235	-70.4263
13236	-70.2192
13237	-70.2288
13238	-70.4074
13239	-70.3403
13240	-70.2796
13241	-70.366
13242	-70.1506
13243	-70.3797
13244	-69.7896
13245	-69.3844
13246	-69.5071
13247	-69.9105
13248	-70.2235
13249	-70.0828
13250	-70.1068
13251	-70.1165
13252	-70.1532
13253	-70.1589
13254	-70.601
13255	-70.3758
13256	-69.6585
13257	-69.8028
13258	-70.214
13259	-70.5611
13260	-70.3265
13261	-70.1627
13262	-70.0015
13263	-69.9531
13264	-70.3912
13265	-69.9749
13266	-69.7654
13267	-70.181
13268	-70.3531
13269	-70.7751
13270	-70.2296
13271	-70.4524
13272	-70.6918
13273	-70.2545
13274	-70.2982
13275	-70.5097
13276	-70.7718
13277	-70.1391
13278	-70.7212
13279	-70.9447
13280	-70.6909
13281	-70.1614
13282	-70.4773
13283	-70.6106
13284	-70.9947
13285	-70.5877
13286	-70.4405
13287	-70.275
13288	-69.7749
13289	-69.7177
13290	-70.0924
13291	-69.8679
13292	-69.9711
13293	-70.5179
13294	-70.2885
13295	-70.2276
13296	-70.345
13297	-70.2321
13298	-70.3164
13299	-70.5627
13300	-70.561
13301	-70.2422
13302	-69.9018
13303	-69.6254
13304	-69.9159
13305	-69.8602
13306	-70.511
13307	-70.2924
13308	-70.0044
13309	-69.9332
13310	-69.7976
13311	-70.1362
13312	-69.8628
13313	-69.9803
13314	-70.2863
13315	-70.2837
13316	-69.9549
13317	-69.9414
13318	-70.4036
13319	-70.5406
13320	-70.5052
13321	-70.2865
13322	-70.523
13323	-70.662
13324	-70.1159
13325	-70.4198
13326	-69.9782
13327	-70.395
13328	-70.3028
13329	-70.4644
13330	-70.4159
13331	-70.2314
13332	-70.1365
13333	-69.7391
13334	-69.8971
13335	-69.7954
13336	-70.0579
13337	-70.2246
13338	-70.2525
13339	-69.8149
13340	-70.0092
13341	-70.0732
13342	-70.4936
13343	-70.2041
13344	-70.0766
13345	-70.0582
13346	-69.8029
13347	-70.2693
13348	-70.4214
13349	-70.5373
13350	-70.4959
13351	-70.0792
13352	-70.3575
13353	-70.3669
13354	-69.9864
13355	-70.108
13356	-70.3118
13357	-70.2213
13358	-70.2517
13359	-70.2158
13360	-70.2215
13361	-69.9505
13362	-70.1324
13363	-70.2571
13364	-69.9964
13365	-70.0489
13366	-70.0988
13367	-70.0668
13368	-70.1464
13369	-70.1866
13370	-70.297
13371	-70.2381
13372	-70.1862
13373	-70.2394
13374	-70.0057
13375	-70.0718
13376	-69.9541
13377	-70.159
13378	-70.0926
13379	-70.3166
13380	-70.6106
13381	-70.0483
13382	-69.6833
13383	-69.5113
13384	-69.9757
13385	-70.1162
13386	-70.4094
13387	-70.0878
13388	-70.2597
13389	-70.5121
13390	-69.9539
13391	-70.2028
13392	-70.2843
13393	-69.9811
13394	-69.4649
13395	-69.7301
13396	-70.3227
13397	-70.2596
13398	-69.8064
13399	-69.7141
13400	-70.3027
13401	-70.3882
13402	-70.089
13403	-70.1496
13404	-70.6964
13405	-70.4985
13406	-70.2102
13407	-70.107
13408	-70.3817
13409	-69.9133
13410	-70.1981
13411	-70.268
13412	-70.0586
13413	-70.0867
13414	-69.9782
13415	-70.5614
13416	-70.3974
13417	-70.0297
13418	-70.2563
13419	-70.4896
13420	-70.4382
13421	-69.9884
13422	-69.9515
13423	-69.9243
13424	-69.5441
13425	-69.7539
13426	-70.3816
13427	-70.3417
13428	-69.8287
13429	-70.0515
13430	-69.8809
13431	-70.432
13432	-70.3107
13433	-70.2383
13434	-70.352
13435	-70.4753
13436	-70.3722
13437	-70.179
13438	-70.0314
13439	-70.1131
13440	-70.5254
13441	-70.4845
13442	-70.3047
13443	-70.1536
13444	-70.071
13445	-70.3539
13446	-70.3668
13447	-70.3078
13448	-70.2518
13449	-70.4811
13450	-70.5848
13451	-70.477
13452	-69.9226
13453	-70.3019
13454	-70.2735
13455	-70.3585
13456	-70.5933
13457	-70.2856
13458	-70.0258
13459	-70.5418
13460	-70.2764
13461	-70.2548
13462	-70.1774
13463	-70.3054
13464	-70.2563
13465	-70.1455
13466	-70.1823
13467	-70.6912
13468	-70.195
13469	-70.4817
13470	-70.1357
13471	-70.1261
13472	-70.5927
13473	-70.4561
13474	-69.9881
13475	-70.3063
13476	-70.4973
13477	-70.5359
13478	-70.2062
13479	-70.4529
13480	-69.978
13481	-69.9638
13482	-70.3809
13483	-70.3507
13484	-70.079
13485	-69.859
13486	-70.6664
13487	-70.3625
13488	-70.0192
13489	-70.15
13490	-70.0411
13491	-69.8852
13492	-70.3487
13493	-69.8898
13494	-70.2831
13495	-70.5069
13496	-70.6361
13497	-70.4535
13498	-70.3544
13499	-70.0037
13500	-70.4737
13501	-70.37
13502	-70.2755
13503	-70.3253
13504	-70.1415
13505	-69.7976
13506	-69.7656
13507	-70.2222
13508	-70.1299
13509	-70.2574
13510	-70.6869
13511	-70.0612
13512	-70.0834
13513	-70.4384
13514	-70.4078
13515	-69.8847
13516	-69.7075
13517	-69.9551
13518	-70.5799
13519	-70.211
13520	-69.5926
13521	-70.3381
13522	-70.3905
13523	-70.742
13524	-70.7167
13525	-70.1504
13526	-70.1573
13527	-70.196
13528	-70.0312
13529	-70.5658
13530	-70.2582
13531	-69.9583
13532	-70.1561
13533	-70.3308
13534	-70.0315
13535	-70.5686
13536	-70.6467
13537	-70.5842
13538	-70.5034
13539	-70.1271
13540	-70.4446
13541	-70.5609
13542	-70.3985
13543	-70.1457
13544	-70.3344
13545	-70.1959
13546	-70.2453
13547	-70.3688
13548	-69.953
13549	-70.2098
13550	-70.338
13551	-70.2632
13552	-70.4529
13553	-70.5641
13554	-70.5251
13555	-70.084
13556	-70.4789
13557	-70.3436
13558	-70.4798
13559	-70.1111
13560	-70.4305
13561	-70.3139
13562	-70.1348
13563	-69.9389
13564	-70.6329
13565	-70.3263
13566	-70.279
13567	-70.3043
13568	-70.5856
13569	-70.4939
13570	-70.0664
13571	-70.2682
13572	-70.6109
13573	-70.6332
13574	-70.1228
13575	-70.1915
13576	-70.2258
13577	-70.0135
13578	-69.8054
13579	-70.2428
13580	-70.5263
13581	-70.5609
13582	-70.0104
13583	-70.1439
13584	-70.1351
13585	-69.9948
13586	-69.8291
13587	-69.9181
13588	-70.2992
13589	-70.3561
13590	-69.9249
13591	-70.1202
13592	-70.0824
13593	-69.9702
13594	-70.3211
13595	-70.4691
13596	-70.3808
13597	-70.3223
13598	-70.3936
13599	-70.4752
13600	-70.7441
13601	-70.1934
13602	-69.6701
13603	-70.0828
13604	-70.3577
13605	-70.2227
13606	-69.9191
13607	-70.066
13608	-70.3571
13609	-70.1479
13610	-70.1775
13611	-70.4615
13612	-70.1345
13613	-70.3069
13614	-70.096
13615	-70.0166
13616	-70.0195
13617	-69.92
13618	-70.4051
13619	-70.405
13620	-70.2446
13621	-70.2303
13622	-69.9609
13623	-69.9704
13624	-70.213
13625	-70.1092
13626	-70.2191
13627	-70.4771
13628	-70.3648
13629	-70.2964
13630	-70.3863
13631	-70.1174
13632	-70.1485
13633	-70.2139
13634	-70.2993
13635	-70.1824
13636	-70.1167
13637	-70.2891
13638	-70.0895
13639	-70.1992
13640	-70.2255
13641	-69.9998
13642	-70.2217
13643	-70.0851
13644	-69.8921
13645	-70.3301
13646	-70.1498
13647	-70.1707
13648	-70.1591
13649	-70.1129
13650	-70.3987
13651	-70.3324
13652	-70.3546
13653	-70.3614
13654	-70.2934
13655	-70.1964
13656	-70.2557
13657	-70.1461
13658	-70.3449
13659	-70.2018
13660	-70.1615
13661	-70.1295
13662	-70.5031
13663	-70.637
13664	-70.2773
13665	-70.3532
13666	-70.7974
13667	-70.6511
13668	-70.5182
13669	-70.3026
13670	-70.3663
13671	-70.184
13672	-70.6433
13673	-70.7529
13674	-70.3926
13675	-70.6291
13676	-70.5899
13677	-70.4712
13678	-70.0958
13679	-70.1211
13680	-69.9789
13681	-70.2057
13682	-70.1173
13683	-70.1567
13684	-70.5988
13685	-70.1606
13686	-70.4875
13687	-70.0999
13688	-69.9528
13689	-69.8287
13690	-70.1352
13691	-70.2346
13692	-70.3278
13693	-70.6301
13694	-70.0017
13695	-70.2256
13696	-70.5633
13697	-70.45
13698	-70.5839
13699	-70.2235
13700	-70.1707
13701	-70.0461
13702	-70.2457
13703	-70.5264
13704	-70.2728
13705	-70.3119
13706	-70.3239
13707	-70.3345
13708	-70.4731
13709	-70.7406
13710	-70.4761
13711	-70.3327
13712	-70.4909
13713	-70.5673
13714	-70.8513
13715	-70.7012
13716	-70.68
13717	-70.7301
13718	-70.4151
13719	-69.8628
13720	-70.2868
13721	-70.6016
13722	-70.4196
13723	-70.5063
13724	-70.154
13725	-70.2188
13726	-70.0105
13727	-70.0951
13728	-70.3728
13729	-70.3119
13730	-70.2537
13731	-70.4168
13732	-70.1386
13733	-69.858
13734	-70.3016
13735	-70.399
13736	-70.7556
13737	-70.5043
13738	-70.1103
13739	-70.0432
13740	-70.6387
13741	-70.7203
13742	-70.5218
13743	-70.645
13744	-70.3527
13745	-70.4161
13746	-70.1361
13747	-70.2716
13748	-70.4001
13749	-70.5949
13750	-70.3205
13751	-69.9236
13752	-70.62
13753	-70.4093
13754	-70.3848
13755	-70.4483
13756	-70.4868
13757	-70.7535
13758	-70.3967
13759	-70.0783
13760	-70.3094
13761	-70.9163
13762	-70.5546
13763	-70.037
13764	-70.4607
13765	-70.9659
13766	-70.7796
13767	-70.548
13768	-70.3346
13769	-70.0426
13770	-70.3169
13771	-70.4643
13772	-70.3446
13773	-70.5169
13774	-70.6714
13775	-70.5225
13776	-69.955
13777	-70.4932
13778	-70.2632
13779	-70.103
13780	-70.7153
13781	-70.3167
13782	-70.3033
13783	-70.0835
13784	-70.089
13785	-70.3758
13786	-70.4833
13787	-70.5799
13788	-70.3783
13789	-69.9128
13790	-69.85
13791	-70.273
13792	-69.8871
13793	-70.1115
13794	-70.384
13795	-70.2206
13796	-70.2696
13797	-70.457
13798	-70.3856
13799	-70.2769
13800	-70.313
13801	-70.5377
13802	-70.4331
13803	-70.3594
13804	-70.2395
13805	-70.2209
13806	-70.4286
13807	-70.4941
13808	-70.5203
13809	-70.2578
13810	-70.3365
13811	-70.4128
13812	-70.2862
13813	-70.5963
13814	-70.5604
13815	-70.4059
13816	-70.6767
13817	-70.3119
13818	-70.566
13819	-70.2951
13820	-70.1383
13821	-70.4651
13822	-70.5035
13823	-70.3903
13824	-70.3946
13825	-70.3505
13826	-70.3741
13827	-70.3755
13828	-70.5246
13829	-70.4102
13830	-70.2882
13831	-71.0919
13832	-70.6612
13833	-70.6031
13834	-70.177
13835	-70.6732
13836	-70.4778
13837	-70.5907
13838	-70.3632
13839	-70.5933
13840	-70.7139
13841	-70.636
13842	-70.291
13843	-70.0684
13844	-70.1765
13845	-70.333
13846	-70.1306
13847	-70.4176
13848	-70.6265
13849	-70.3909
13850	-70.0588
13851	-70.2316
13852	-70.5412
13853	-70.2014
13854	-70.3087
13855	-70.7388
13856	-70.1033
13857	-70.3452
13858	-70.7901
13859	-70.5999
13860	-70.2446
13861	-70.2112
13862	-70.5816
13863	-70.2846
13864	-70.3394
13865	-70.482
13866	-70.7073
13867	-70.689
13868	-70.3749
13869	-70.6386
13870	-70.6452
13871	-70.7871
13872	-70.286
13873	-70.0526
13874	-70.4294
13875	-70.4884
13876	-70.9444
13877	-70.6296
13878	-70.6753
13879	-70.8896
13880	-70.6696
13881	-70.3262
13882	-70.5573
13883	-70.2074
13884	-70.1758
13885	-70.6847
13886	-70.7808
13887	-70.4222
13888	-70.5361
13889	-70.0813
13890	-70.4303
13891	-70.3733
13892	-70.2785
13893	-70.3961
13894	-70.0625
13895	-69.942
13896	-70.053
13897	-70.5898
13898	-70.6015
13899	-70.6183
13900	-70.3353
13901	-70.1516
13902	-70.0399
13903	-70.3922
13904	-70.5752
13905	-70.5651
13906	-70.3318
13907	-70.3281
13908	-70.1332
13909	-70.7285
13910	-70.0652
13911	-69.8456
13912	-70.0616
13913	-70.3239
13914	-70.3399
13915	-70.1092
13916	-69.9554
13917	-70.0437
13918	-70.5201
13919	-69.9921
13920	-69.9626
13921	-69.834
13922	-70.004
13923	-70.363
13924	-69.8734
13925	-69.9731
13926	-70.3974
13927	-70.5283
13928	-70.7034
13929	-70.319
13930	-70.1214
13931	-70.236
13932	-69.8745
13933	-70.2579
13934	-70.3659
13935	-70.5874
13936	-70.9077
13937	-70.8745
13938	-70.5072
13939	-70.2468
13940	-70.6141
13941	-70.5124
13942	-70.2377
13943	-69.8368
13944	-69.7785
13945	-70.2105
13946	-70.2901
13947	-70.0343
13948	-69.9806
13949	-70.3399
13950	-70.5425
13951	-70.2064
13952	-70.5495
13953	-70.1235
13954	-70.2083
13955	-70.35
13956	-70.9248
13957	-70.5213
13958	-70.4936
13959	-70.6236
13960	-70.5684
13961	-70.3527
13962	-70.1915
13963	-70.3363
13964	-70.9076
13965	-70.7374
13966	-69.9088
13967	-70.3317
13968	-70.4822
13969	-70.1038
13970	-69.9713
13971	-70.2093
13972	-70.6365
13973	-70.3799
13974	-70.7303
13975	-70.3747
13976	-70.23
13977	-70.2931
13978	-70.2141
13979	-70.2195
13980	-70.282
13981	-70.4357
13982	-70.8946
13983	-70.8995
13984	-70.5605
13985	-70.4611
13986	-70.0136
13987	-70.0099
13988	-69.7567
13989	-70.2394
13990	-70.4702
13991	-70.6739
13992	-69.9042
13993	-69.9045
13994	-70.5025
13995	-70.5695
13996	-70.4926
13997	-70.5727
13998	-70.3345
13999	-70.9196
14000	-70.9474
14001	-70.471
14002	-70.5929
14003	-70.5689
14004	-70.502
14005	-70.1286
14006	-70.206
14007	-69.6928
14008	-70.0921
14009	-70.5606
14010	-70.484
14011	-70.2288
14012	-70.2633
14013	-70.0372
14014	-70.4331
14015	-70.5583
14016	-70.5359
14017	-70.5691
14018	-70.1746
14019	-70.5049
14020	-70.1446
14021	-70.3589
14022	-70.188
14023	-70.3584
14024	-70.1208
14025	-70.0541
14026	-70.5984
14027	-70.3737
14028	-70.3739
14029	-70.0879
14030	-70.2112
14031	-70.4886
14032	-70.6095
14033	-70.4035
14034	-70.5276
14035	-70.3816
14036	-70.6238
14037	-70.3106
14038	-70.4507
14039	-70.331
14040	-70.0947
14041	-70.0327
14042	-70.6167
14043	-70.9003
14044	-70.4386
14045	-70.3626
14046	-70.9255
14047	-71.1665
14048	-70.6458
14049	-70.7137
14050	-70.1545
14051	-70.8827
14052	-70.7283
14053	-70.5659
14054	-70.4466
14055	-70.8103
14056	-70.512
14057	-70.3752
14058	-70.7863
14059	-70.3963
14060	-70.8498
14061	-70.4024
14062	-70.2599
14063	-70.3519
14064	-70.7998
14065	-70.7014
14066	-70.7784
14067	-70.8429
14068	-70.7442
14069	-70.5096
14070	-70.4308
14071	-70.2858
14072	-70.3675
14073	-70.4868
14074	-70.3641
14075	-70.5857
14076	-70.6154
14077	-70.2537
14078	-70.3373
14079	-70.9635
14080	-70.6537
14081	-70.0609
14082	-70.0987
14083	-70.4373
14084	-70.6376
14085	-70.6266
14086	-70.2747
14087	-70.1349
14088	-70.0806
14089	-70.3936
14090	-70.8028
14091	-70.4965
14092	-70.5494
14093	-70.2723
14094	-70.1426
14095	-70.3891
14096	-70.4446
14097	-70.5424
14098	-70.5092
14099	-70.2659
14100	-70.397
14101	-70.4796
14102	-70.7651
14103	-70.8768
14104	-70.6465
14105	-70.4816
14106	-70.6421
14107	-70.4282
14108	-70.4443
14109	-70.3738
14110	-70.301
14111	-70.6507
14112	-70.8221
14113	-70.721
14114	-70.3754
14115	-70.386
14116	-70.532
14117	-70.3259
14118	-70.2799
14119	-70.1798
14120	-70.4863
14121	-70.8401
14122	-70.6495
14123	-70.8593
14124	-70.6285
14125	-70.739
14126	-70.3313
14127	-69.8058
14128	-69.9538
14129	-70.5079
14130	-70.4597
14131	-70.3491
14132	-70.0295
14133	-70.0644
14134	-70.1631
14135	-70.406
14136	-70.6761
14137	-70.7574
14138	-70.5415
14139	-70.6453
14140	-70.5166
14141	-70.3829
14142	-70.1666
14143	-70.4612
14144	-70.6918
14145	-71.0607
14146	-70.7659
14147	-70.2966
14148	-70.471
14149	-70.6638
14150	-70.3659
14151	-70.564
14152	-70.3642
14153	-70.184
14154	-70.049
14155	-69.8252
14156	-70.07
14157	-70.2006
14158	-70.2983
14159	-70.2554
14160	-70.4888
14161	-70.7833
14162	-70.3149
14163	-70.4025
14164	-70.3176
14165	-70.8364
14166	-71.0336
14167	-70.8675
14168	-70.7063
14169	-70.2163
14170	-70.5551
14171	-70.6152
14172	-70.1708
14173	-70.4928
14174	-70.33
14175	-70.2537
14176	-70.2622
14177	-70.3162
14178	-70.5338
14179	-70.6858
14180	-70.3342
14181	-70.0977
14182	-70.0228
14183	-70.2079
14184	-70.4692
14185	-70.4237
14186	-70.5175
14187	-70.4635
14188	-70.4997
14189	-70.5826
14190	-70.7492
14191	-70.7501
14192	-70.7768
14193	-70.6968
14194	-70.6327
14195	-70.3347
14196	-70.3567
14197	-70.2282
14198	-70.489
14199	-70.2938
14200	-70.6413
14201	-70.5718
14202	-70.1928
14203	-70.1537
14204	-70.4468
14205	-70.9835
14206	-70.5846
14207	-70.538
14208	-70.3723
14209	-70.2244
14210	-70.335
14211	-69.9076
14212	-69.9867
14213	-70.5508
14214	-70.3486
14215	-70.4281
14216	-70.3584
14217	-70.354
14218	-70.171
14219	-70.2842
14220	-70.4573
14221	-70.1885
14222	-70.3329
14223	-70.2496
14224	-70.2755
14225	-70.5387
14226	-70.6971
14227	-70.661
14228	-70.8598
14229	-70.6206
14230	-71.0451
14231	-70.8558
14232	-70.3175
14233	-70.4774
14234	-70.2697
14235	-70.6359
14236	-70.2676
14237	-70.8123
14238	-71.0154
14239	-70.3918
14240	-70.627
14241	-70.426
14242	-70.73
14243	-70.6992
14244	-70.9787
14245	-70.5463
14246	-70.4054
14247	-70.1616
14248	-70.643
14249	-70.8641
14250	-70.9281
14251	-70.5771
14252	-70.6139
14253	-70.4885
14254	-70.3931
14255	-69.9803
14256	-70.085
14257	-70.2778
14258	-70.0879
14259	-70.2459
14260	-70.574
14261	-70.8154
14262	-70.7093
14263	-70.1972
14264	-70.514
14265	-70.3842
14266	-70.4913
14267	-70.6387
14268	-70.4204
14269	-70.1848
14270	-70.3216
14271	-70.4522
14272	-70.552
14273	-70.3381
14274	-69.9236
14275	-70.0587
14276	-70.275
14277	-70.1314
14278	-70.4622
14279	-70.2365
14280	-70.3368
14281	-70.4944
14282	-70.4561
14283	-70.7056
14284	-70.6872
14285	-70.795
14286	-70.3874
14287	-70.4074
14288	-70.621
14289	-70.792
14290	-70.804
14291	-70.6207
14292	-70.276
14293	-70.1956
14294	-70.064
14295	-70.2511
14296	-70.2425
14297	-70.3436
14298	-70.1825
14299	-70.2448
14300	-70.4642
14301	-70.6824
14302	-70.4639
14303	-70.415
14304	-70.3824
14305	-70.2023
14306	-70.5109
14307	-70.2847
14308	-70.3986
14309	-70.2106
14310	-70.3709
14311	-70.4904
14312	-70.2175
14313	-70.1283
14314	-70.2897
14315	-70.1306
14316	-70.1979
14317	-70.5839
14318	-70.3181
14319	-70.1809
14320	-70.4049
14321	-70.4707
14322	-70.5073
14323	-70.6607
14324	-70.3893
14325	-70.7485
14326	-70.549
14327	-70.4647
14328	-70.3827
14329	-70.5517
14330	-70.4658
14331	-70.5124
14332	-69.891
14333	-70.1146
14334	-70.5006
14335	-70.5654
14336	-70.1852
14337	-70.4357
14338	-70.7508
14339	-70.2323
14340	-70.0426
14341	-70.6675
14342	-70.2124
14343	-70.4933
14344	-70.3006
14345	-70.3796
14346	-70.5341
14347	-70.2435
14348	-70.6611
14349	-70.8273
14350	-70.7778
14351	-70.4794
14352	-70.808
14353	-70.6608
14354	-70.5896
14355	-70.936
14356	-70.5927
14357	-70.1624
14358	-70.2198
14359	-70.3634
14360	-70.6487
14361	-71.0305
14362	-70.9724
14363	-70.4662
14364	-70.6043
14365	-70.5553
14366	-70.5587
14367	-70.8056
14368	-70.3286
14369	-70.3642
14370	-70.4528
14371	-70.5255
14372	-70.7798
14373	-70.7637
14374	-70.4541
14375	-70.2707
14376	-70.218
14377	-70.4198
14378	-70.3186
14379	-70.388
14380	-70.3414
14381	-70.585
14382	-70.5698
14383	-70.4189
14384	-70.5138
14385	-70.3205
14386	-70.5809
14387	-70.754
14388	-70.644
14389	-70.7973
14390	-70.5794
14391	-70.1134
14392	-70.4789
14393	-70.5087
14394	-70.8375
14395	-70.7674
14396	-71.011
14397	-71.0757
14398	-70.8164
14399	-70.5921
14400	-70.5477
14401	-70.5973
14402	-70.4551
14403	-70.4056
14404	-70.4619
14405	-70.2022
14406	-70.2086
14407	-70.1717
14408	-70.0128
14409	-70.35
14410	-70.3631
14411	-70.4482
14412	-70.6207
14413	-70.7606
14414	-70.9043
14415	-70.504
14416	-70.6407
14417	-70.7172
14418	-70.4366
14419	-70.5507
14420	-70.5628
14421	-70.9473
14422	-70.7075
14423	-70.6528
14424	-70.6027
14425	-70.6053
14426	-70.6791
14427	-70.817
14428	-70.4144
14429	-70.6598
14430	-70.5801
14431	-70.3431
14432	-70.4591
14433	-70.4583
14434	-70.0482
14435	-70.4324
14436	-70.0273
14437	-70.4737
14438	-70.6824
14439	-70.494
14440	-70.8546
14441	-71.4111
14442	-70.7552
14443	-70.3664
14444	-70.1397
14445	-70.1183
14446	-70.5766
14447	-70.3522
14448	-70.1518
14449	-70.2439
14450	-70.4361
14451	-70.0619
14452	-70.0895
14453	-70.1716
14454	-70.5994
14455	-70.7825
14456	-70.8226
14457	-70.5308
14458	-70.5197
14459	-70.6305
14460	-70.6138
14461	-70.4359
14462	-70.7126
14463	-70.7567
14464	-70.6988
14465	-70.7338
14466	-70.3425
14467	-70.5063
14468	-70.4268
14469	-70.5479
14470	-70.6165
14471	-70.3472
14472	-70.7016
14473	-70.9309
14474	-70.7208
14475	-70.2173
14476	-70.4884
14477	-70.8635
14478	-70.4253
14479	-70.6974
14480	-71.0503
14481	-70.4366
14482	-70.8184
14483	-70.9544
14484	-70.7198
14485	-70.4316
14486	-70.7284
14487	-70.6749
14488	-70.3983
14489	-70.1534
14490	-70.0077
14491	-70.274
14492	-70.5117
14493	-70.6573
14494	-70.5421
14495	-70.0426
14496	-70.0727
14497	-70.4159
14498	-70.5998
14499	-70.6308
14500	-70.7052
14501	-70.4231
14502	-70.6581
14503	-70.7917
14504	-70.5649
14505	-70.3203
14506	-70.6669
14507	-70.7591
14508	-70.9331
14509	-70.8238
14510	-70.2679
14511	-70.292
14512	-70.1099
14513	-70.2788
14514	-70.2712
14515	-70.218
14516	-70.213
14517	-70.3702
14518	-70.5676
14519	-70.7607
14520	-70.907
14521	-70.7208
14522	-70.4458
14523	-70.2318
14524	-70.3764
14525	-70.7684
14526	-70.6394
14527	-70.4371
14528	-70.9103
14529	-70.4671
14530	-70.3276
14531	-70.2019
14532	-70.537
14533	-71.1915
14534	-70.8286
14535	-70.4905
14536	-70.5706
14537	-70.474
14538	-70.5928
14539	-70.6904
14540	-71.0246
14541	-70.9955
14542	-70.9859
14543	-70.9249
14544	-70.8039
14545	-70.453
14546	-70.1971
14547	-71.0025
14548	-70.8549
14549	-71.0419
14550	-70.7465
14551	-70.4102
14552	-70.6193
14553	-70.6122
14554	-70.6537
14555	-70.7062
14556	-70.4531
14557	-70.2523
14558	-70.4608
14559	-70.3726
14560	-70.5312
14561	-70.4795
14562	-70.2915
14563	-70.5612
14564	-70.7446
14565	-70.7743
14566	-70.6819
14567	-70.8777
14568	-70.692
14569	-70.1323
14570	-70.3868
14571	-71.1976
14572	-70.6596
14573	-70.5081
14574	-70.4908
14575	-71.2302
14576	-70.6503
14577	-70.3665
14578	-70.4697
14579	-70.3245
14580	-70.4368
14581	-70.4522
14582	-70.0799
14583	-70.0346
14584	-70.4629
14585	-70.2637
14586	-70.3075
14587	-70.8567
14588	-70.8578
14589	-70.3985
14590	-70.6064
14591	-70.6074
14592	-70.9134
14593	-70.6689
14594	-70.7169
14595	-70.6423
14596	-70.9085
14597	-70.8845
14598	-70.7791
14599	-70.5047
14600	-70.5671
14601	-70.6268
14602	-70.4477
14603	-70.4764
14604	-70.7638
14605	-70.5801
14606	-70.5084
14607	-70.5229
14608	-70.5711
14609	-70.738
14610	-71.0939
14611	-70.6171
14612	-70.6002
14613	-70.3879
14614	-70.4685
14615	-70.514
14616	-70.9865
14617	-70.9531
14618	-70.6767
14619	-70.4323
14620	-70.1939
14621	-70.1303
14622	-70.6796
14623	-70.5826
14624	-70.5582
14625	-70.5316
14626	-70.4339
14627	-70.5092
14628	-70.4691
14629	-70.8115
14630	-70.6318
14631	-70.4247
14632	-70.3512
14633	-70.5947
14634	-70.2789
14635	-70.2154
14636	-70.6727
14637	-71.0726
14638	-70.7156
14639	-70.7434
14640	-70.6246
14641	-70.6711
14642	-70.6987
14643	-70.3949
14644	-70.5739
14645	-70.4731
14646	-70.2968
14647	-70.5395
14648	-70.6102
14649	-70.3794
14650	-70.5999
14651	-70.6017
14652	-70.5443
14653	-70.5436
14654	-70.4572
14655	-70.4434
14656	-70.4997
14657	-70.6529
14658	-70.9184
14659	-70.6275
14660	-70.5937
14661	-70.726
14662	-70.5377
14663	-70.5239
14664	-70.8224
14665	-70.6334
14666	-70.104
14667	-70.5738
14668	-70.4157
14669	-70.2219
14670	-70.9582
14671	-70.8043
14672	-70.3507
14673	-70.1128
14674	-70.2052
14675	-70.7482
14676	-70.2684
14677	-70.6565
14678	-70.5623
14679	-70.4545
14680	-70.866
14681	-70.8504
14682	-70.2399
14683	-69.8705
14684	-70.2824
14685	-70.8371
14686	-70.9439
14687	-70.7164
14688	-70.5044
14689	-70.5283
14690	-70.3869
14691	-70.4314
14692	-70.9069
14693	-70.7185
14694	-70.5265
14695	-70.6971
14696	-70.3544
14697	-70.3518
14698	-70.6282
14699	-70.6856
14700	-70.6141
14701	-70.7293
14702	-70.6548
14703	-70.7011
14704	-70.6447
14705	-70.7621
14706	-70.4571
14707	-70.7125
14708	-70.9453
14709	-70.7362
14710	-70.482
14711	-71.0232
14712	-70.7492
14713	-70.7908
14714	-70.9657
14715	-70.9672
14716	-70.5086
14717	-70.6225
14718	-70.7506
14719	-70.6823
14720	-70.7127
14721	-70.7741
14722	-71.0394
14723	-70.939
14724	-70.9728
14725	-70.5043
14726	-70.2438
14727	-70.7918
14728	-70.5047
14729	-70.2665
14730	-70.7561
14731	-70.7838
14732	-70.5004
14733	-70.7993
14734	-70.6852
14735	-70.8046
14736	-70.7692
14737	-70.5944
14738	-70.3909
14739	-70.4822
14740	-70.5596
14741	-70.4188
14742	-70.6349
14743	-70.603
14744	-70.2866
14745	-70.3754
14746	-70.7915
14747	-70.8946
14748	-70.7443
14749	-70.8284
14750	-70.5299
14751	-70.1244
14752	-71.101
14753	-70.7053
14754	-70.556
14755	-71.1882
14756	-71.2251
14757	-70.8554
14758	-70.7234
14759	-70.9089
14760	-70.7057
14761	-70.754
14762	-70.7931
14763	-70.7924
14764	-70.6135
14765	-70.4471
14766	-70.5457
14767	-70.7274
14768	-70.6013
14769	-70.2942
14770	-70.3833
14771	-70.8172
14772	-70.4898
14773	-70.4806
14774	-70.7183
14775	-70.4018
14776	-70.3304
14777	-70.5196
14778	-70.7162
14779	-70.7941
14780	-70.5266
14781	-70.4203
14782	-70.827
14783	-70.7786
14784	-70.4956
14785	-70.8664
14786	-71.147
14787	-70.7898
14788	-70.5346
14789	-70.9743
14790	-70.5184
14791	-70.6895
14792	-70.6964
14793	-70.9074
14794	-70.7183
14795	-70.2317
14796	-70.454
14797	-70.7283
14798	-70.8486
14799	-70.3708
14800	-70.4515
14801	-70.5457
14802	-70.5954
14803	-70.4391
14804	-70.7763
14805	-71.1859
14806	-70.8641
14807	-70.5921
14808	-71.0265
14809	-70.5323
14810	-70.3272
14811	-70.3891
14812	-70.3864
14813	-70.4899
14814	-70.1933
14815	-70.5456
14816	-70.8066
14817	-70.3674
14818	-70.4636
14819	-70.4565
14820	-70.8312
14821	-70.6493
14822	-70.7712
14823	-70.7285
14824	-70.6914
14825	-70.483
14826	-70.3306
14827	-70.4852
14828	-70.6345
14829	-70.3163
14830	-70.199
14831	-70.4664
14832	-71.0735
14833	-70.5219
14834	-70.6369
14835	-70.4728
14836	-70.5095
14837	-70.841
14838	-70.6665
14839	-70.4391
14840	-70.7772
14841	-70.4512
14842	-70.6215
14843	-70.5567
14844	-70.3858
14845	-70.6015
14846	-70.8138
14847	-70.8838
14848	-70.9627
14849	-70.5397
14850	-70.6328
14851	-70.5482
14852	-70.5143
14853	-70.6892
14854	-70.8494
14855	-71.0369
14856	-71.0392
14857	-70.6319
14858	-70.788
14859	-70.7104
14860	-70.6341
14861	-70.5747
14862	-70.9033
14863	-70.7163
14864	-71.065
14865	-70.6197
14866	-70.6847
14867	-70.6661
14868	-70.9428
14869	-70.9886
14870	-70.9634
14871	-70.9151
14872	-70.4937
14873	-70.7525
14874	-71.3593
14875	-70.9943
14876	-70.6348
14877	-70.8872
14878	-70.408
14879	-70.4647
14880	-70.9019
14881	-70.9127
14882	-71.0953
14883	-70.925
14884	-70.8768
14885	-70.6798
14886	-70.6342
14887	-70.8474
14888	-70.2702
14889	-70.4939
14890	-70.7136
14891	-70.9038
14892	-70.7843
14893	-70.7481
14894	-70.7913
14895	-70.9221
14896	-70.5937
14897	-70.4682
14898	-70.7251
14899	-70.7096
14900	-70.63
14901	-70.5951
14902	-71.1562
14903	-70.9008
14904	-70.6991
14905	-70.8828
14906	-71.0901
14907	-70.6729
14908	-70.6755
14909	-70.7097
14910	-70.9498
14911	-70.8632
14912	-71.1592
14913	-70.6108
14914	-70.7031
14915	-70.6756
14916	-70.8235
14917	-71.1301
14918	-70.6526
14919	-70.7312
14920	-70.7214
14921	-70.5487
14922	-70.7256
14923	-70.6261
14924	-70.7527
14925	-71.0307
14926	-70.5926
14927	-70.6053
14928	-71.0434
14929	-70.8474
14930	-70.8339
14931	-70.6594
14932	-70.9966
14933	-71.0451
14934	-71.2595
14935	-70.9139
14936	-70.9636
14937	-70.9618
14938	-70.7862
14939	-70.4448
14940	-70.3601
14941	-70.4076
14942	-70.7478
14943	-70.5228
14944	-71.078
14945	-70.8005
14946	-70.4887
14947	-70.7858
14948	-70.5385
14949	-70.5258
14950	-71.163
14951	-70.7489
14952	-70.4604
14953	-70.4409
14954	-70.9054
14955	-71.1278
14956	-71.1582
14957	-70.8702
14958	-70.526
14959	-70.6086
14960	-70.3571
14961	-70.2221
14962	-70.8807
14963	-70.8776
14964	-70.7245
14965	-70.6787
14966	-70.619
14967	-70.8306
14968	-70.5738
14969	-70.3131
14970	-70.5765
14971	-70.8758
14972	-71.0738
14973	-70.8791
14974	-71.0279
14975	-70.4806
14976	-70.3244
14977	-70.3723
14978	-70.7292
14979	-70.289
14980	-70.3603
14981	-70.8978
14982	-70.9172
14983	-70.3734
14984	-70.5475
14985	-70.6596
14986	-70.5237
14987	-70.4675
14988	-70.7366
14989	-70.6778
14990	-70.4909
14991	-70.4546
14992	-70.733
14993	-70.7455
14994	-70.5168
14995	-70.6942
14996	-70.7833
14997	-70.4466
14998	-70.2826
14999	-70.3455
15000	-70.3109
15001	-70.559
15002	-70.6979
15003	-70.918
15004	-70.798
15005	-70.5986
15006	-70.98
15007	-70.6899
15008	-70.4848
15009	-70.6802
15010	-70.6735
15011	-70.2272
15012	-70.8133
15013	-70.8509
15014	-70.8487
15015	-70.5924
15016	-70.6926
15017	-70.9738
15018	-70.7435
15019	-70.7885
15020	-70.6747
15021	-70.2446
15022	-70.3954
15023	-70.435
15024	-70.4615
15025	-70.7465
15026	-70.6704
15027	-70.7178
15028	-70.8547
15029	-70.6798
15030	-70.4985
15031	-70.6082
15032	-70.6461
15033	-70.3543
15034	-70.7067
15035	-70.9204
15036	-70.8312
15037	-70.8491
15038	-70.7904
15039	-70.8277
15040	-70.6238
15041	-70.6774
15042	-70.1858
15043	-70.2862
15044	-71.0022
15045	-70.8896
15046	-71.0945
15047	-71.1238
15048	-71.0307
15049	-70.9593
15050	-70.8389
15051	-70.6983
15052	-70.7275
15053	-70.4701
15054	-70.4908
15055	-70.4723
15056	-70.4703
15057	-70.3359
15058	-70.1939
15059	-70.3472
15060	-70.5534
15061	-70.5796
15062	-70.2646
15063	-70.7437
15064	-70.7391
15065	-70.8174
15066	-70.5813
15067	-70.6364
15068	-70.892
15069	-71.0232
15070	-70.5904
15071	-70.4337
15072	-70.481
15073	-70.2765
15074	-70.8593
15075	-70.5105
15076	-70.7558
15077	-70.62
15078	-70.543
15079	-70.9053
15080	-70.746
15081	-70.4134
15082	-70.4642
15083	-70.4015
15084	-70.5032
15085	-70.0576
15086	-70.6647
15087	-70.8799
15088	-70.577
15089	-70.4116
15090	-70.4908
15091	-70.3671
15092	-71.4355
15093	-71.1173
15094	-70.7064
15095	-70.5081
15096	-70.5703
15097	-70.6739
15098	-70.5078
15099	-70.563
15100	-70.7992
15101	-70.6956
15102	-70.5313
15103	-70.7379
15104	-70.5496
15105	-70.7401
15106	-70.8252
15107	-70.8417
15108	-70.4202
15109	-70.3167
15110	-70.7409
15111	-70.3439
15112	-70.4963
15113	-70.4805
15114	-70.4805
15115	-70.2867
15116	-70.8032
15117	-70.8169
15118	-71.0336
15119	-70.8893
15120	-70.323
15121	-70.4987
15122	-70.5845
15123	-70.7341
15124	-70.7578
15125	-70.3666
15126	-70.9384
15127	-71.0433
15128	-70.5925
15129	-70.8182
15130	-70.4455
15131	-70.2325
15132	-70.2256
15133	-70.6763
15134	-70.8198
15135	-70.7113
15136	-70.9631
15137	-70.745
15138	-70.8289
15139	-70.3635
15140	-70.4538
15141	-70.59
15142	-70.7911
15143	-70.4901
15144	-70.6178
15145	-70.5502
15146	-70.5989
15147	-70.6484
15148	-70.6835
15149	-70.5186
15150	-70.7962
15151	-70.4599
15152	-69.9531
15153	-70.6237
15154	-71.2145
15155	-70.8462
15156	-70.8602
15157	-71.1426
15158	-71.1837
15159	-70.984
15160	-71.1312
15161	-71.3595
15162	-71.1364
15163	-70.5831
15164	-70.7063
15165	-70.4972
15166	-70.6135
15167	-70.517
15168	-70.5442
15169	-70.6463
15170	-70.7949
15171	-71.0022
15172	-70.8908
15173	-70.8739
15174	-70.6915
15175	-70.6462
15176	-70.7648
15177	-71.0056
15178	-70.9424
15179	-70.6583
15180	-70.6874
15181	-70.7196
15182	-70.8504
15183	-70.8187
15184	-70.9627
15185	-70.7536
15186	-70.7411
15187	-70.5858
15188	-70.4227
15189	-70.923
15190	-70.843
15191	-70.6989
15192	-70.3647
15193	-70.7248
15194	-70.9572
15195	-70.9716
15196	-70.8731
15197	-70.6666
15198	-71.0196
15199	-70.8232
15200	-70.839
15201	-70.5348
15202	-70.4459
15203	-70.7499
15204	-70.6495
15205	-70.8229
15206	-71.0216
15207	-70.6795
15208	-70.618
15209	-70.6165
15210	-70.8763
15211	-70.694
15212	-70.7254
15213	-70.813
15214	-71.0712
15215	-70.7709
15216	-70.6425
15217	-70.5328
15218	-70.6881
15219	-70.8829
15220	-70.578
15221	-70.5621
15222	-71.0398
15223	-71.3026
15224	-70.7533
15225	-70.5265
15226	-70.4425
15227	-70.7563
15228	-70.8291
15229	-70.7757
15230	-70.5707
15231	-70.8061
15232	-70.8225
15233	-70.5534
15234	-70.3499
15235	-70.7881
15236	-71.0369
15237	-70.8144
15238	-70.5482
15239	-71.0102
15240	-70.9442
15241	-70.9527
15242	-70.8764
15243	-70.6324
15244	-70.7538
15245	-70.746
15246	-70.3087
15247	-70.3745
15248	-70.5284
15249	-70.3507
15250	-70.6998
15251	-70.814
15252	-70.5182
15253	-70.5876
15254	-70.5711
15255	-70.6862
15256	-70.6878
15257	-71.001
15258	-71.1588
15259	-70.7287
15260	-70.9164
15261	-70.3655
15262	-70.6417
15263	-70.7007
15264	-70.498
15265	-70.6361
15266	-70.8822
15267	-70.6452
15268	-70.8794
15269	-71.3563
15270	-71.2245
15271	-70.7717
15272	-70.8121
15273	-70.7495
15274	-70.5024
15275	-70.6255
15276	-70.8279
15277	-70.5522
15278	-70.2835
15279	-70.1768
15280	-70.6657
15281	-70.6166
15282	-70.6008
15283	-70.6241
15284	-70.4825
15285	-70.594
15286	-70.7668
15287	-70.8514
15288	-71.2628
15289	-71.046
15290	-70.7543
15291	-70.6422
15292	-70.6801
15293	-70.6788
15294	-70.7872
15295	-70.9443
15296	-70.7207
15297	-70.4915
15298	-70.6292
15299	-70.6438
15300	-70.741
15301	-70.7695
15302	-70.7353
15303	-70.7203
15304	-70.5691
15305	-70.8272
15306	-71.0726
15307	-70.8544
15308	-70.6151
15309	-70.8691
15310	-70.8565
15311	-70.9
15312	-70.8723
15313	-70.66
15314	-71.2739
15315	-71.0561
15316	-71.1951
15317	-70.9551
15318	-70.7692
15319	-70.7326
15320	-70.696
15321	-70.7697
15322	-70.6147
15323	-70.4545
15324	-70.415
15325	-70.7098
15326	-71.0464
15327	-70.8329
15328	-70.3881
15329	-71.1228
15330	-70.9761
15331	-70.859
15332	-70.8193
15333	-70.6546
15334	-70.7421
15335	-70.9675
15336	-70.7295
15337	-70.872
15338	-71.1674
15339	-71.1309
15340	-70.7338
15341	-70.4455
15342	-70.562
15343	-70.36
15344	-70.4942
15345	-70.5252
15346	-70.264
15347	-70.3982
15348	-70.4818
15349	-70.3059
15350	-70.6816
15351	-71.2643
15352	-71.0197
15353	-70.7588
15354	-70.6269
15355	-70.2223
15356	-70.6651
15357	-70.4408
15358	-70.8057
15359	-70.7872
15360	-70.5998
15361	-70.5516
15362	-70.8852
15363	-70.7666
15364	-70.6978
15365	-70.7483
15366	-70.9029
15367	-70.7638
15368	-70.6245
15369	-70.6593
15370	-70.5296
15371	-70.4892
15372	-71.0097
15373	-70.9331
15374	-70.7331
15375	-71.0797
15376	-71.0108
15377	-71.0519
15378	-70.4371
15379	-70.6063
15380	-70.8829
15381	-70.6153
15382	-70.4785
15383	-70.6099
15384	-70.685
15385	-70.8181
15386	-70.8992
15387	-70.4213
15388	-70.5011
15389	-70.3041
15390	-70.8107
15391	-70.4352
15392	-70.665
15393	-70.445
15394	-70.842
15395	-70.7728
15396	-70.7037
15397	-70.4803
15398	-70.6542
15399	-70.233
15400	-70.4227
15401	-70.8067
15402	-70.8746
15403	-70.4952
15404	-70.3584
15405	-70.5301
15406	-70.793
15407	-70.6261
15408	-70.8195
15409	-70.8196
15410	-70.5815
15411	-70.7434
15412	-70.8833
15413	-70.6925
15414	-70.3747
15415	-70.6896
15416	-70.8164
15417	-70.7072
15418	-70.9133
15419	-70.9603
15420	-71.0105
15421	-70.5211
15422	-70.8808
15423	-70.3722
15424	-70.3937
15425	-70.6421
15426	-70.2487
15427	-70.3017
15428	-70.4637
15429	-70.7235
15430	-71.1943
15431	-70.8141
15432	-70.4334
15433	-70.607
15434	-70.6162
15435	-70.4648
15436	-70.6146
15437	-70.3755
15438	-70.7759
15439	-70.4549
15440	-70.1311
15441	-70.2448
15442	-70.3523
15443	-69.8735
15444	-70.3433
15445	-70.8898
15446	-70.6646
15447	-70.7959
15448	-71.0235
15449	-70.6449
15450	-71.0291
15451	-71.1874
15452	-70.9804
15453	-70.2938
15454	-70.5962
15455	-70.5501
15456	-70.3426
15457	-70.3865
15458	-70.641
15459	-70.8142
15460	-70.3316
15461	-70.7377
15462	-70.4313
15463	-70.5642
15464	-70.5128
15465	-70.498
15466	-70.5414
15467	-70.3681
15468	-70.319
15469	-70.0443
15470	-70.1638
15471	-70.1511
15472	-70.1709
15473	-69.9483
15474	-70.0474
15475	-69.5022
15476	-69.8646
15477	-69.9947
15478	-69.8336
15479	-69.7816
15480	-69.7157
15481	-70.241
15482	-70.3009
15483	-70.3115
15484	-70.0843
15485	-69.8893
15486	-69.7203
15487	-69.5673
15488	-69.3155
15489	-69.4988
15490	-69.5346
15491	-69.4543
15492	-69.3025
15493	-69.068
15494	-69.297
15495	-69.3481
15496	-69.0704
15497	-69.1248
15498	-69.0957
15499	-69.1479
15500	-68.8967
15501	-68.3476
15502	-68.1967
15503	-67.6319
15504	-67.6715
15505	-67.5538
15506	-67.444
15507	-67.2048
15508	-66.7183
15509	-66.5998
15510	-66.5387
15511	-66.329
15512	-66.1339
15513	-66.3093
15514	-65.642
15515	-65.368
15516	-64.6018
15517	-63.8487
15518	-64.1474
15519	-63.836
15520	-62.5253
15521	-62.3648
15522	-61.9357
15523	-61.5972
15524	-60.9448
15525	-60.8249
15526	-60.8524
15527	-60.2086
15528	-58.7451
15529	-58.6903
15530	-57.894
15531	-57.068
15532	-56.7313
15533	-56.2181
15534	-55.5101
15535	-55.1419
15536	-54.9392
15537	-54.5144
15538	-53.7104
15539	-52.9967
15540	-52.7097
15541	-52.6963
15542	-52.4563
15543	-52.0229
15544	-52.0388
15545	-52.0407
15546	-51.4837
15547	-51.1532
15548	-51.588
15549	-51.4036
15550	-51.7562
15551	-51.6158
15552	-51.6196
15553	-51.3758
15554	-52.1482
15555	-51.7382
15556	-52.4999
15557	-53.1899
15558	-53.7682
15559	-53.6082
15560	-54.0536
15561	-54.0583
15562	-54.4042
15563	-55.132
15564	-55.5974
15565	-56.0387
15566	-56.6405
15567	-56.9724
15568	-57.3899
15569	-57.5891
15570	-58.0536
15571	-58.5325
15572	-59.3426
15573	-60.1527
15574	-60.3372
15575	-60.8531
15576	-61.5639
15577	-62.1439
15578	-62.5493
15579	-62.7366
15580	-63.5485
15581	-63.8486
15582	-63.8363
15583	-63.9188
15584	-64.5656
15585	-65.0235
15586	-65.5304
15587	-65.5254
15588	-65.9056
15589	-66.4644
15590	-66.4231
15591	-66.7004
15592	-66.5633
15593	-66.8709
15594	-67.2091
15595	-67.2021
15596	-67.144
15597	-67.454
15598	-67.8653
15599	-68.1001
15600	-68.3426
15601	-69.1245
15602	-68.9413
15603	-69.2408
15604	-68.8862
15605	-68.6272
15606	-68.625
15607	-68.9308
15608	-69.3857
15609	-69.0577
15610	-69.1531
15611	-69.6503
15612	-69.3135
15613	-69.2954
15614	-69.6521
15615	-69.6355
15616	-70.0104
15617	-70.0535
15618	-70.1375
15619	-70.1828
15620	-69.9697
15621	-69.7446
15622	-69.7996
15623	-70.3072
15624	-70.4622
15625	-70.3976
15626	-70.5493
15627	-70.6621
15628	-70.233
15629	-70.1431
15630	-69.4931
15631	-69.759
15632	-70.1959
15633	-70.5758
15634	-70.4576
15635	-70.3333
15636	-70.5894
15637	-70.5699
15638	-70.574
15639	-70.543
15640	-70.7605
15641	-70.5992
15642	-70.2426
15643	-70.3832
15644	-70.5555
15645	-70.9488
15646	-70.41
15647	-70.0849
15648	-70.034
15649	-70.3373
15650	-70.4733
15651	-70.7888
15652	-70.929
15653	-70.4022
15654	-70.3006
15655	-70.5576
15656	-70.1765
15657	-70.312
15658	-70.5446
15659	-70.1359
15660	-70.8196
15661	-70.5271
15662	-70.8207
15663	-70.8706
15664	-71.0755
15665	-71.0405
15666	-70.848
15667	-70.8829
15668	-71.2344
15669	-70.9925
15670	-70.7696
15671	-70.851
15672	-70.8422
15673	-70.848
15674	-70.5193
15675	-70.3443
15676	-70.3093
15677	-70.9689
15678	-70.9604
15679	-70.496
15680	-70.458
15681	-70.51
15682	-70.501
15683	-70.5096
15684	-70.7261
15685	-70.5757
15686	-70.7009
15687	-70.8823
15688	-70.6567
15689	-70.7523
15690	-70.5244
15691	-70.6344
15692	-70.3574
15693	-70.4675
15694	-70.2609
15695	-70.6253
15696	-70.7232
15697	-70.6306
15698	-70.5841
15699	-70.7702
15700	-70.6845
15701	-70.4524
15702	-70.8762
15703	-70.8567
15704	-71.2247
15705	-70.5721
15706	-70.2266
15707	-70.3705
15708	-70.5399
15709	-70.7066
15710	-70.8114
15711	-71.0677
15712	-70.7708
15713	-70.9746
15714	-70.9437
15715	-70.1467
15716	-70.7535
15717	-71.0567
15718	-70.9305
15719	-71.4254
15720	-71.1147
15721	-71.0619
15722	-70.9613
15723	-71.0199
15724	-70.9836
15725	-70.701
15726	-70.9722
15727	-70.9102
15728	-70.7661
15729	-71.0123
15730	-71.1675
15731	-71.1538
15732	-71.232
15733	-70.8958
15734	-70.7622
15735	-70.8571
15736	-70.8068
15737	-70.6525
15738	-71.02
15739	-70.6134
15740	-70.5674
15741	-70.501
15742	-70.5346
15743	-70.9743
15744	-71.0422
15745	-71.1729
15746	-71.1107
15747	-70.8028
15748	-70.8099
15749	-70.9875
15750	-70.6627
15751	-70.3707
15752	-70.8194
15753	-70.8599
15754	-70.642
15755	-70.7928
15756	-71.2895
15757	-71.0892
15758	-70.9698
15759	-70.3552
15760	-70.4726
15761	-70.7616
15762	-70.8677
15763	-70.8499
15764	-70.6747
15765	-70.5593
15766	-70.5924
15767	-70.6592
15768	-70.6297
15769	-70.6058
15770	-70.8099
15771	-70.8691
15772	-71.0699
15773	-70.7961
15774	-71.0153
15775	-70.919
15776	-71.0554
15777	-71.2489
15778	-71.0951
15779	-70.8382
15780	-70.7377
15781	-70.3191
15782	-70.7128
15783	-70.6697
15784	-70.5472
15785	-70.5899
15786	-70.8075
15787	-70.4949
15788	-70.4144
15789	-70.5144
15790	-70.227
15791	-70.3716
15792	-70.8135
15793	-70.9336
15794	-70.7795
15795	-70.8089
15796	-71.0045
15797	-70.8837
15798	-71.1058
15799	-70.9737
15800	-70.6782
15801	-70.7791
15802	-70.9232
15803	-70.8319
15804	-71.0191
15805	-71.3221
15806	-71.0649
15807	-70.6638
15808	-70.8842
15809	-70.7436
15810	-70.7756
15811	-70.8558
15812	-70.4602
15813	-70.5289
15814	-70.9058
15815	-71.22
15816	-70.8499
15817	-71.1112
15818	-71.1452
15819	-70.7881
15820	-70.7644
15821	-70.8415
15822	-70.874
15823	-70.9958
15824	-71.0202
15825	-70.7715
15826	-70.8973
15827	-71.2176
15828	-71.0767
15829	-70.8849
15830	-71.1399
15831	-70.7694
15832	-71.1457
15833	-71.0223
15834	-70.8313
15835	-70.8282
15836	-70.9484
15837	-70.5498
15838	-70.6525
15839	-70.4025
15840	-70.4159
15841	-70.7983
15842	-70.6867
15843	-70.4094
15844	-70.4787
15845	-71.0194
15846	-71.1406
15847	-71.1995
15848	-70.6462
15849	-70.7053
15850	-70.9411
15851	-70.8916
15852	-70.8114
15853	-70.8884
15854	-70.782
15855	-70.6753
15856	-70.7982
15857	-71.0401
15858	-70.6691
15859	-70.894
15860	-70.9786
15861	-71.2431
15862	-71.014
15863	-70.8186
15864	-70.4854
15865	-70.663
15866	-71.3099
15867	-70.7302
15868	-70.6829
15869	-71.1233
15870	-70.9044
15871	-70.8935
15872	-70.8409
15873	-70.8086
15874	-71.0303
15875	-70.9667
15876	-70.8221
15877	-70.681
15878	-70.6517
15879	-70.9212
15880	-71.0484
15881	-71.0236
15882	-70.8925
15883	-70.7673
15884	-70.953
15885	-70.6238
15886	-71.2471
15887	-70.8384
15888	-71.0198
15889	-70.9409
15890	-71.0545
15891	-70.7291
15892	-70.6456
15893	-71.0017
15894	-71.2807
15895	-71.0854
15896	-71.3358
15897	-71.4149
15898	-71.1001
15899	-70.8468
15900	-71.1922
15901	-71.0047
15902	-70.8278
15903	-71.074
15904	-70.9389
15905	-70.7451
15906	-70.7055
15907	-70.8117
15908	-71.0307
15909	-71.1188
15910	-70.9059
15911	-71.0567
15912	-71.1752
15913	-70.6253
15914	-70.647
15915	-70.944
15916	-70.9207
15917	-70.2818
15918	-70.5394
15919	-70.9816
15920	-71.1136
15921	-71.0966
15922	-70.6718
15923	-70.972
15924	-70.5799
15925	-70.4731
15926	-70.81
15927	-71.2417
15928	-71.2357
15929	-71.0824
15930	-70.6281
15931	-70.6151
15932	-70.7544
15933	-71.0697
15934	-71.2059
15935	-70.978
15936	-70.5672
15937	-70.6892
15938	-71.188
15939	-71.0171
15940	-70.9809
15941	-70.9803
15942	-71.101
15943	-70.6158
15944	-70.9839
15945	-70.7953
15946	-70.7121
15947	-70.8306
15948	-71.0165
15949	-71.2461
15950	-71.0778
15951	-70.9881
15952	-70.8076
15953	-70.7419
15954	-71.0215
15955	-70.9931
15956	-70.6187
15957	-70.7416
15958	-71.0098
15959	-71.0761
15960	-70.8256
15961	-70.7735
15962	-70.9934
15963	-70.5594
15964	-70.3301
15965	-70.7761
15966	-70.696
15967	-70.8065
15968	-70.3912
15969	-70.6121
15970	-70.6798
15971	-70.7492
15972	-71.136
15973	-71.0537
15974	-70.8564
15975	-70.7886
15976	-70.472
15977	-70.4337
15978	-70.6177
15979	-70.6734
15980	-70.9006
15981	-71.0355
15982	-71.1334
15983	-70.7216
15984	-70.7141
15985	-70.5704
15986	-71.0489
15987	-71.314
15988	-71.0866
15989	-70.517
15990	-70.7983
15991	-71.1371
15992	-70.9694
15993	-71.0019
15994	-70.8607
15995	-70.9006
15996	-70.9619
15997	-70.9569
15998	-71.2268
15999	-71.119
16000	-71.027
16001	-70.8017
16002	-70.2994
16003	-70.4396
16004	-70.7125
16005	-70.9905
16006	-70.8601
16007	-71.3463
16008	-71.226
16009	-71.0401
16010	-70.9045
16011	-70.7745
16012	-70.4583
16013	-70.5029
16014	-70.6625
16015	-71.3315
16016	-71.3165
16017	-71.0529
16018	-70.9478
16019	-71.1213
16020	-71.0332
16021	-70.7143
16022	-71.2574
16023	-71.0855
16024	-70.9252
16025	-70.9278
16026	-70.1885
16027	-70.7354
16028	-71.0632
16029	-70.9901
16030	-71.2017
16031	-70.874
16032	-71.1008
16033	-70.6708
16034	-70.7441
16035	-71.0337
16036	-71.0212
16037	-70.751
16038	-70.9285
16039	-71.0894
16040	-71.5277
16041	-70.8137
16042	-70.4956
16043	-70.8287
16044	-70.8268
16045	-70.4143
16046	-70.809
16047	-70.7008
16048	-70.7877
16049	-70.9102
16050	-70.9435
16051	-71.053
16052	-71.0469
16053	-70.7899
16054	-70.9778
16055	-71.0481
16056	-70.9984
16057	-70.6652
16058	-70.752
16059	-70.9098
16060	-71.4073
16061	-71.2217
16062	-71.0051
16063	-70.8704
16064	-71.1586
16065	-71.3145
16066	-71.1369
16067	-70.7252
16068	-70.7224
16069	-70.8018
16070	-70.8691
16071	-70.7839
16072	-71.2145
16073	-71.6675
16074	-71.1878
16075	-71.0171
16076	-70.9444
16077	-70.9278
16078	-71.1637
16079	-71.1035
16080	-71.3073
16081	-71.2186
16082	-70.9217
16083	-70.8551
16084	-70.8815
16085	-70.7682
16086	-71.178
16087	-71.0328
16088	-71.0531
16089	-71.0874
16090	-71.0824
16091	-70.909
16092	-70.7377
16093	-70.6937
16094	-70.9286
16095	-71.0405
16096	-70.5816
16097	-70.985
16098	-71.023
16099	-70.9361
16100	-71.271
16101	-71.1238
16102	-71.156
16103	-70.9669
16104	-71.22
16105	-71.0313
16106	-70.7419
16107	-70.5196
16108	-70.4191
16109	-70.8113
16110	-71.1115
16111	-71.4124
16112	-71.0803
16113	-71.0754
16114	-71.0902
16115	-70.8853
16116	-70.6186
16117	-71.1417
16118	-70.7865
16119	-70.6944
16120	-70.9218
16121	-71.0888
16122	-71.2027
16123	-70.6025
16124	-70.6923
16125	-70.766
16126	-71.3141
16127	-71.0545
16128	-70.9553
16129	-71.3591
16130	-71.2584
16131	-71.0984
16132	-71.0228
16133	-70.5958
16134	-70.7135
16135	-70.923
16136	-71.196
16137	-71.2979
16138	-71.1279
16139	-70.9091
16140	-70.8114
16141	-70.8959
16142	-71.2011
16143	-70.9777
16144	-70.9274
16145	-71.201
16146	-70.9968
16147	-71.0344
16148	-70.7453
16149	-70.9466
16150	-71.3362
16151	-71.456
16152	-70.5962
16153	-70.9085
16154	-70.9924
16155	-70.3636
16156	-70.5011
16157	-70.9667
16158	-70.9845
16159	-70.6811
16160	-70.8226
16161	-70.9612
16162	-71.2455
16163	-70.8116
16164	-70.7364
16165	-71.0779
16166	-71.0255
16167	-70.5738
16168	-70.9061
16169	-71.1452
16170	-71.1644
16171	-70.8915
16172	-70.5802
16173	-70.7672
16174	-70.8676
16175	-70.6851
16176	-71.1756
16177	-71.286
16178	-71.4104
16179	-71.1703
16180	-71.2128
16181	-71.0324
16182	-71.0495
16183	-70.7992
16184	-70.6556
16185	-70.7671
16186	-70.8816
16187	-70.6627
16188	-71.0233
16189	-70.9174
16190	-70.8777
16191	-70.5813
16192	-70.9756
16193	-70.9527
16194	-71.0206
16195	-70.8842
16196	-70.81
16197	-70.8734
16198	-70.9109
16199	-70.8128
16200	-70.9623
16201	-71.1037
16202	-71.0512
16203	-71.1348
16204	-70.6968
16205	-70.9606
16206	-71.381
16207	-71.5727
16208	-71.5544
16209	-71.1643
16210	-70.8873
16211	-70.7935
16212	-71.1858
16213	-71.3516
16214	-70.8971
16215	-70.8969
16216	-70.8378
16217	-70.7599
16218	-71.115
16219	-71.1565
16220	-71.1047
16221	-70.849
16222	-70.8815
16223	-71.1774
16224	-70.7534
16225	-71.1063
16226	-71.0501
16227	-70.8281
16228	-70.7865
16229	-70.8087
16230	-70.5019
16231	-70.9509
16232	-71.1796
16233	-71.1602
16234	-70.8365
16235	-71.0007
16236	-71.1972
16237	-71.3649
16238	-71.194
16239	-71.1326
16240	-70.8107
16241	-70.9673
16242	-71.401
16243	-71.2106
16244	-70.8476
16245	-70.7964
16246	-70.8697
16247	-70.6418
16248	-71.1104
16249	-71.1741
16250	-71.3676
16251	-71.2258
16252	-71.1854
16253	-71.2315
16254	-71.4869
16255	-71.1974
16256	-70.9547
16257	-71.2478
16258	-71.5407
16259	-71.6256
16260	-70.9837
16261	-70.9058
16262	-71.126
16263	-71.3715
16264	-70.8498
16265	-70.5832
16266	-70.3577
16267	-71.2234
16268	-71.3006
16269	-71.1135
16270	-71.4954
16271	-71.1077
16272	-70.9458
16273	-70.8287
16274	-70.9106
16275	-71.0226
16276	-71.0324
16277	-71.0223
16278	-70.7535
16279	-70.8275
16280	-70.9045
16281	-70.73
16282	-70.1141
16283	-70.8612
16284	-70.9377
16285	-71.3072
16286	-71.0506
16287	-71.1493
16288	-70.9001
16289	-70.8369
16290	-71.0898
16291	-70.6281
16292	-70.5961
16293	-71.1905
16294	-71.009
16295	-71.0667
16296	-71.2607
16297	-71.0001
16298	-70.8015
16299	-70.8659
16300	-71.0649
16301	-71.0854
16302	-71.3483
16303	-70.7626
16304	-70.7282
16305	-70.8047
16306	-70.9826
16307	-70.7454
16308	-71.0734
16309	-71.244
16310	-70.8659
16311	-70.7446
16312	-70.8305
16313	-70.9884
16314	-70.9452
16315	-71.0159
16316	-70.7844
16317	-70.7357
16318	-70.8872
16319	-71.0132
16320	-71.2745
16321	-71.1178
16322	-70.8827
16323	-70.9183
16324	-70.7693
16325	-70.914
16326	-71.1255
16327	-70.9584
16328	-70.872
16329	-70.7066
16330	-70.4236
16331	-70.7052
16332	-71.1179
16333	-71.1569
16334	-70.7933
16335	-70.6902
16336	-71.0023
16337	-71.1311
16338	-71.369
16339	-71.3653
16340	-71.2596
16341	-70.7716
16342	-70.8964
16343	-70.9487
16344	-71.2209
16345	-71.4299
16346	-70.912
16347	-70.9204
16348	-71.2846
16349	-71.0878
16350	-71.2923
16351	-70.8357
16352	-70.9438
16353	-70.4008
16354	-70.8535
16355	-71.0064
16356	-71.0411
16357	-70.8669
16358	-71.0197
16359	-70.7506
16360	-71.3833
16361	-71.2664
16362	-71.2597
16363	-71.0925
16364	-71.0482
16365	-70.9498
16366	-70.806
16367	-70.8627
16368	-71.1511
16369	-71.1884
16370	-71.2534
16371	-71.527
16372	-70.8341
16373	-70.9799
16374	-70.8535
16375	-70.6427
16376	-70.5808
16377	-70.8194
16378	-71.0827
16379	-71.0503
16380	-70.9316
16381	-70.9799
16382	-71.0238
16383	-71.244
16384	-70.7674
16385	-70.7094
16386	-70.8274
16387	-71.0795
16388	-71.5079
16389	-70.8539
16390	-71.0275
16391	-71.187
16392	-71.1134
16393	-71.5444
16394	-71.624
16395	-70.8801
16396	-70.8485
16397	-70.9413
16398	-71.0686
16399	-71.2595
16400	-71.2452
16401	-71.4436
16402	-71.1206
16403	-70.9893
16404	-71.3187
16405	-71.3629
16406	-70.9634
16407	-70.6213
16408	-71.1417
16409	-71.0373
16410	-71.4529
16411	-71.5847
16412	-71.121
16413	-71.0316
16414	-71.0253
16415	-70.9824
16416	-71.291
16417	-71.303
16418	-71.1232
16419	-70.9557
16420	-71.2449
16421	-71.185
16422	-71.2626
16423	-71.0391
16424	-71.0129
16425	-71.0086
16426	-70.7099
16427	-71.2068
16428	-71.072
16429	-70.977
16430	-71.2202
16431	-71.3621
16432	-71.4775
16433	-71.3315
16434	-71.295
16435	-71.1085
16436	-70.9385
16437	-70.6734
16438	-71.0267
16439	-71.0918
16440	-71.127
16441	-71.2648
16442	-71.2784
16443	-70.6836
16444	-70.6646
16445	-71.3311
16446	-70.6971
16447	-70.6123
16448	-70.8373
16449	-70.7789
16450	-70.7126
16451	-70.9097
16452	-70.8431
16453	-71.217
16454	-70.9994
16455	-70.8766
16456	-70.5871
16457	-71.0075
16458	-71.055
16459	-71.2868
16460	-71.5053
16461	-71.3864
16462	-71.0093
16463	-70.8164
16464	-70.9479
16465	-71.0714
16466	-71.1842
16467	-71.3124
16468	-71.0848
16469	-71.1964
16470	-70.7459
16471	-70.5991
16472	-70.7648
16473	-71.2284
16474	-71.1911
16475	-71.1093
16476	-70.9954
16477	-71.3187
16478	-71.1508
16479	-70.8754
16480	-71.0526
16481	-70.8385
16482	-71.1892
16483	-71.3573
16484	-71.1047
16485	-70.741
16486	-70.956
16487	-71.3451
16488	-71.0105
16489	-70.5157
16490	-71.1517
16491	-71.2069
16492	-70.8523
16493	-70.3205
16494	-70.6113
16495	-70.8689
16496	-70.9232
16497	-71.0248
16498	-71.185
16499	-70.9628
16500	-71.0116
16501	-70.8093
16502	-70.8704
16503	-71.3266
16504	-71.1272
16505	-71.1493
16506	-71.0697
16507	-71.1928
16508	-71.3428
16509	-71.2087
16510	-70.7626
16511	-70.8902
16512	-70.9323
16513	-71.1836
16514	-71.5487
16515	-71.2326
16516	-70.867
16517	-71.0996
16518	-70.7894
16519	-71.069
16520	-70.7514
16521	-70.8373
16522	-70.8483
16523	-71.3336
16524	-71.1009
16525	-70.9779
16526	-71.1227
16527	-71.0983
16528	-71.4075
16529	-70.9667
16530	-70.9398
16531	-71.296
16532	-70.5267
16533	-70.9012
16534	-70.7614
16535	-70.6448
16536	-71.2881
16537	-71.3299
16538	-71.11
16539	-71.0496
16540	-70.9252
16541	-70.9587
16542	-71.233
16543	-71.4455
16544	-71.459
16545	-71.0058
16546	-70.733
16547	-70.8622
16548	-70.7084
16549	-70.8803
16550	-71.0134
16551	-71.111
16552	-71.1981
16553	-71.0375
16554	-70.9349
16555	-70.8874
16556	-70.6133
16557	-70.9298
16558	-71.0073
16559	-71.01
16560	-70.8841
16561	-71.105
16562	-71.1322
16563	-70.8649
16564	-70.7761
16565	-70.9568
16566	-71.1692
16567	-70.9247
16568	-70.6075
16569	-70.9128
16570	-71.0103
16571	-70.9645
16572	-71.0981
16573	-71.0625
16574	-71.2952
16575	-71.112
16576	-71.3968
16577	-71.2892
16578	-70.9377
16579	-71.3856
16580	-71.0798
16581	-71.1487
16582	-70.8681
16583	-71.0383
16584	-71.0318
16585	-70.7215
16586	-70.5624
16587	-70.9705
16588	-71.1425
16589	-71.2371
16590	-71.3216
16591	-71.2136
16592	-71.367
16593	-71.115
16594	-71.1037
16595	-70.8319
16596	-71.2942
16597	-70.9143
16598	-70.8161
16599	-71.0247
16600	-71.0607
16601	-71.0649
16602	-71.381
16603	-71.2929
16604	-71.278
16605	-71.2539
16606	-71.4413
16607	-71.1431
16608	-70.6969
16609	-70.8008
16610	-70.8268
16611	-70.9204
16612	-71.2167
16613	-71.3262
16614	-71.0317
16615	-70.9922
16616	-70.8311
16617	-70.9293
16618	-70.9398
16619	-71.2246
16620	-71.0408
16621	-71.4323
16622	-71.5557
16623	-71.2825
16624	-71.265
16625	-71.2709
16626	-71.0863
16627	-71.2775
16628	-71.2559
16629	-70.9191
16630	-70.882
16631	-70.731
16632	-71.0805
16633	-71.2755
16634	-70.7516
16635	-71.1235
16636	-71.2268
16637	-71.0568
16638	-71.1299
16639	-70.9015
16640	-71.1906
16641	-71.0177
16642	-71.1025
16643	-71.0182
16644	-70.8818
16645	-70.9685
16646	-71.1085
16647	-71.2607
16648	-71.2499
16649	-71.2043
16650	-71.178
16651	-71.2999
16652	-71.2026
16653	-71.2503
16654	-71.1994
16655	-71.016
16656	-71.3624
16657	-71.2197
16658	-71.3832
16659	-70.9493
16660	-70.9972
16661	-70.788
16662	-70.9591
16663	-71.0882
16664	-70.6568
16665	-71.1007
16666	-71.2359
16667	-71.4551
16668	-71.3094
16669	-70.9761
16670	-70.9775
16671	-70.6968
16672	-71.0944
16673	-70.9463
16674	-71.0202
16675	-71.0235
16676	-71.417
16677	-70.8689
16678	-71.0414
16679	-71.2864
16680	-71.2995
16681	-71.2739
16682	-71.0186
16683	-71.0845
16684	-71.1398
16685	-70.9918
16686	-71.0728
16687	-71.0555
16688	-71.193
16689	-71.2974
16690	-71.018
16691	-71.2784
16692	-71.0624
16693	-70.6278
16694	-71.0811
16695	-71.1858
16696	-70.8731
16697	-71.1235
16698	-71.1
16699	-71.0589
16700	-70.9783
16701	-71.0612
16702	-71.2708
16703	-71.2853
16704	-71.0246
16705	-71.0327
16706	-70.7824
16707	-70.7607
16708	-71.1119
16709	-71.0326
16710	-71.1116
16711	-71.5321
16712	-71.5961
16713	-71.2583
16714	-71.0674
16715	-71.2137
16716	-71.2661
16717	-71.3187
16718	-71.1532
16719	-71.091
16720	-70.9757
16721	-71.0114
16722	-70.5251
16723	-70.7184
16724	-71.0206
16725	-71.1726
16726	-70.944
16727	-70.9375
16728	-71.4741
16729	-71.2347
16730	-70.8176
16731	-70.6466
16732	-70.7752
16733	-71.0744
16734	-70.9371
16735	-71.1973
16736	-71.624
16737	-71.7156
16738	-71.2944
16739	-70.7087
16740	-70.9503
16741	-71.1798
16742	-71.1152
16743	-70.4582
16744	-70.9495
16745	-71.2707
16746	-71.2138
16747	-71.0996
16748	-70.9291
16749	-71.0136
16750	-70.7126
16751	-70.6603
16752	-70.7369
16753	-70.9311
16754	-70.9416
16755	-71.1342
16756	-71.5281
16757	-70.9121
16758	-70.7502
16759	-71.2329
16760	-71.3199
16761	-70.7876
16762	-71.0414
16763	-71.3015
16764	-71.4764
16765	-71.4993
16766	-71.2288
16767	-71.1958
16768	-70.91
16769	-71.2917
16770	-71.5174
16771	-71.2888
16772	-71.4013
16773	-71.8939
16774	-71.3891
16775	-70.7373
16776	-70.9274
16777	-71.3054
16778	-70.9549
16779	-70.7372
16780	-70.6697
16781	-71.025
16782	-70.7169
16783	-70.8088
16784	-71.1068
16785	-71.2958
16786	-70.9795
16787	-71.0604
16788	-70.832
16789	-70.9944
16790	-71.4869
16791	-71.2937
16792	-70.9841
16793	-71.1656
16794	-71.2017
16795	-70.8403
16796	-71.0532
16797	-71.0074
16798	-71.0163
16799	-71.0607
16800	-71.2837
16801	-71.1283
16802	-70.9977
16803	-71.3078
16804	-71.0105
16805	-71.5296
16806	-70.9446
16807	-70.7227
16808	-70.9163
16809	-71.2942
16810	-71.2736
16811	-71.4605
16812	-70.9466
16813	-71.2195
16814	-71.6329
16815	-70.9318
16816	-71.0548
16817	-71.2247
16818	-71.4163
16819	-70.8622
16820	-70.7109
16821	-70.8985
16822	-70.9343
16823	-70.9911
16824	-71.1742
16825	-71.2543
16826	-70.9163
16827	-71.169
16828	-70.8566
16829	-71.0371
16830	-70.697
16831	-71.0558
16832	-70.9439
16833	-70.7788
16834	-71.258
16835	-71.2318
16836	-71.3867
16837	-71.3856
16838	-71.5662
16839	-71.0001
16840	-71.0414
16841	-70.6567
16842	-70.7616
16843	-70.8108
16844	-70.8296
16845	-71.1982
16846	-70.8365
16847	-70.6003
16848	-70.9412
16849	-71.1292
16850	-71.4551
16851	-71.413
16852	-71.1191
16853	-70.9142
16854	-70.9298
16855	-70.7653
16856	-70.7048
16857	-70.588
16858	-71.0846
16859	-71.6064
16860	-71.6626
16861	-71.0647
16862	-71.2481
16863	-71.4918
16864	-70.8733
16865	-71.0592
16866	-71.3415
16867	-70.8267
16868	-70.9395
16869	-71.1021
16870	-70.9433
16871	-71.2178
16872	-70.7672
16873	-70.6542
16874	-70.7584
16875	-70.8521
16876	-70.8386
16877	-70.5953
16878	-70.8842
16879	-70.6795
16880	-70.9468
16881	-70.6475
16882	-71.013
16883	-71.2025
16884	-70.8769
16885	-70.979
16886	-71.0962
16887	-70.9787
16888	-71.3872
16889	-71.0881
16890	-71.1592
16891	-71.7257
16892	-71.0949
16893	-71.3296
16894	-71.2808
16895	-71.1316
16896	-70.8987
16897	-71.1354
16898	-70.8117
16899	-71.3562
16900	-70.9976
16901	-70.8954
16902	-71.119
16903	-71.0867
16904	-70.9932
16905	-71.2146
16906	-71.3818
16907	-71.0233
16908	-70.7223
16909	-71.0532
16910	-71.3217
16911	-71.6781
16912	-71.1886
16913	-71.3355
16914	-71.2567
16915	-71.1736
16916	-71.3477
16917	-71.0494
16918	-71.0722
16919	-71.6886
16920	-71.4353
16921	-71.1809
16922	-71.5425
16923	-70.8363
16924	-71.0526
16925	-71.2052
16926	-71.0605
16927	-71.4127
16928	-70.9756
16929	-71.0124
16930	-71.1364
16931	-71.1654
16932	-71.4301
16933	-71.2402
16934	-71.3018
16935	-71.4509
16936	-71.2883
16937	-70.9427
16938	-71.0827
16939	-70.9984
16940	-70.9399
16941	-71.0599
16942	-71.4626
16943	-70.7927
16944	-71.1523
16945	-71.2452
16946	-70.449
16947	-70.8644
16948	-71.1503
16949	-71.164
16950	-71.2652
16951	-71.136
16952	-70.856
16953	-71.3281
16954	-71.6284
16955	-71.0438
16956	-70.9996
16957	-71.0297
16958	-71.5137
16959	-71.2395
16960	-71.182
16961	-71.1456
16962	-71.1705
16963	-70.9612
16964	-71.8741
16965	-71.5253
16966	-71.3662
16967	-70.9521
16968	-71.0121
16969	-71.3679
16970	-71.1652
16971	-71.5917
16972	-71.4555
16973	-71.649
16974	-71.2735
16975	-71.0665
16976	-71.1432
16977	-71.4717
16978	-71.5496
16979	-71.0979
16980	-71.5637
16981	-71.5499
16982	-70.8661
16983	-71.2657
16984	-71.4858
16985	-71.3005
16986	-71.2804
16987	-71.4105
16988	-71.1984
16989	-71.1073
16990	-71.1028
16991	-71.1542
16992	-71.1127
16993	-71.1382
16994	-70.9668
16995	-71.2122
16996	-71.2465
16997	-71.4896
16998	-71.4216
16999	-71.202
17000	-71.032
17001	-70.9845
17002	-70.8813
17003	-70.9307
17004	-70.9627
17005	-71.3535
17006	-71.4949
17007	-71.2496
17008	-70.9027
17009	-70.9727
17010	-71.025
17011	-71.0515
17012	-71.3364
17013	-71.4967
17014	-71.2611
17015	-71.4446
17016	-71.4746
17017	-71.2789
17018	-71.294
17019	-71.2472
17020	-71.2879
17021	-70.9214
17022	-71.1932
17023	-71.2209
17024	-70.9105
17025	-71.4053
17026	-70.9189
17027	-71.1596
17028	-71.0924
17029	-71.3812
17030	-71.2996
17031	-70.9141
17032	-70.9223
17033	-71.1674
17034	-71.1423
17035	-71.2208
17036	-71.0052
17037	-71.1871
17038	-71.5022
17039	-71.695
17040	-71.3989
17041	-71.4732
17042	-71.5237
17043	-71.1072
17044	-70.9051
17045	-70.93
17046	-71.1787
17047	-71.3705
17048	-71.3044
17049	-71.292
17050	-71.5117
17051	-71.6629
17052	-71.1879
17053	-71.4307
17054	-71.1756
17055	-71.2131
17056	-70.9876
17057	-71.1468
17058	-71.2794
17059	-71.2383
17060	-70.941
17061	-70.8343
17062	-70.8883
17063	-70.9635
17064	-71.6903
17065	-71.229
17066	-71.1243
17067	-71.385
17068	-71.1178
17069	-71.1165
17070	-70.9968
17071	-71.2285
17072	-70.9036
17073	-70.9141
17074	-70.9961
17075	-70.914
17076	-71.3795
17077	-71.277
17078	-71.1524
17079	-71.1329
17080	-71.6049
17081	-71.5672
17082	-71.5582
17083	-71.422
17084	-71.0999
17085	-71.4688
17086	-71.4052
17087	-71.2776
17088	-71.1204
17089	-71.3301
17090	-71.082
17091	-70.9388
17092	-70.9591
17093	-71.1079
17094	-71.2068
17095	-71.0605
17096	-70.967
17097	-70.8579
17098	-71.1125
17099	-71.3978
17100	-71.4173
17101	-71.2759
17102	-71.4675
17103	-71.2489
17104	-70.9868
17105	-70.9357
17106	-71.0174
17107	-71.0585
17108	-71.4881
17109	-71.2974
17110	-70.8961
17111	-71.3728
17112	-71.5057
17113	-71.3408
17114	-71.2109
17115	-71.3981
17116	-71.4813
17117	-71.4191
17118	-71.2903
17119	-71.4346
17120	-71.2894
17121	-70.7842
17122	-70.9007
17123	-71.1455
17124	-71.2291
17125	-70.8932
17126	-71.4623
17127	-70.973
17128	-70.9971
17129	-70.8559
17130	-70.7411
17131	-70.6458
17132	-70.8257
17133	-71.2951
17134	-71.5253
17135	-71.4751
17136	-71.4061
17137	-70.8274
17138	-70.8697
17139	-71.3341
17140	-71.2059
17141	-71.3886
17142	-71.2722
17143	-71.2571
17144	-71.0162
17145	-70.6116
17146	-70.8841
17147	-70.8445
17148	-70.9998
17149	-70.8888
17150	-71.4211
17151	-71.4253
17152	-71.1174
17153	-71.0787
17154	-71.1603
17155	-71.303
17156	-71.014
17157	-70.9051
17158	-71.3755
17159	-71.6559
17160	-71.3085
17161	-71.2663
17162	-71.2821
17163	-71.0051
17164	-70.8953
17165	-71.026
17166	-70.8107
17167	-71.0916
17168	-71.2652
17169	-71.2023
17170	-71.1659
17171	-71.3336
17172	-71.0786
17173	-71.2369
17174	-71.1079
17175	-71.355
17176	-71.4861
17177	-71.2992
17178	-71.1713
17179	-71.0444
17180	-71.2954
17181	-71.2788
17182	-71.0917
17183	-71.1991
17184	-71.2104
17185	-71.6707
17186	-71.2125
17187	-70.9521
17188	-70.934
17189	-70.4778
17190	-70.9863
17191	-71.338
17192	-71.0858
17193	-71.6766
17194	-71.2248
17195	-71.4563
17196	-71.5191
17197	-71.3052
17198	-70.9728
17199	-71.4212
17200	-70.9363
17201	-70.7771
17202	-71.1315
17203	-71.0827
17204	-71.3784
17205	-71.2099
17206	-70.9836
17207	-71.0651
17208	-71.0709
17209	-71.1353
17210	-71.3159
17211	-71.4571
17212	-71.5954
17213	-71.4608
17214	-71.4111
17215	-71.2647
17216	-70.9896
17217	-70.5208
17218	-70.7238
17219	-71.0681
17220	-70.9469
17221	-70.901
17222	-71.0597
17223	-71.0422
17224	-71.5025
17225	-71.4243
17226	-71.5364
17227	-71.3558
17228	-71.2248
17229	-71.3709
17230	-71.292
17231	-71.5631
17232	-71.4592
17233	-71.2651
17234	-71.0742
17235	-71.2458
17236	-71.3002
17237	-71.4698
17238	-71.5797
17239	-71.3926
17240	-70.9713
17241	-71.0768
17242	-71.4028
17243	-71.249
17244	-71.1216
17245	-70.8726
17246	-70.8714
17247	-71.0882
17248	-70.9474
17249	-70.7429
17250	-71.3434
17251	-71.4728
17252	-71.3768
17253	-71.3243
17254	-71.6968
17255	-71.2655
17256	-70.9922
17257	-71.3726
17258	-71.0212
17259	-70.7449
17260	-71.1356
17261	-71.2907
17262	-71.1398
17263	-70.9004
17264	-71.2573
17265	-71.3074
17266	-70.6969
17267	-71.1951
17268	-70.8522
17269	-71.3104
17270	-71.6009
17271	-71.2533
17272	-71.2019
17273	-71.1403
17274	-71.0943
17275	-71.1597
17276	-70.8165
17277	-70.8704
17278	-70.7567
17279	-71.2528
17280	-70.8486
17281	-71.0053
17282	-71.1451
17283	-71.2302
17284	-71.3144
17285	-71.2487
17286	-71.6101
17287	-71.3684
17288	-71.4195
17289	-71.2729
17290	-71.2988
17291	-71.4959
17292	-71.5031
17293	-71.3453
17294	-71.2353
17295	-71.3171
17296	-71.2559
17297	-70.7641
17298	-70.7766
17299	-70.8519
17300	-70.8538
17301	-71.0034
17302	-71.2636
17303	-71.254
17304	-71.3228
17305	-71.19
17306	-70.9818
17307	-71.2513
17308	-71.8386
17309	-71.3532
17310	-71.35
17311	-71.2324
17312	-71.5041
17313	-71.5346
17314	-71.4094
17315	-70.9713
17316	-71.1196
17317	-71.4657
17318	-71.7925
17319	-71.6327
17320	-71.4622
17321	-71.1777
17322	-71.066
17323	-70.8146
17324	-70.8835
17325	-71.1469
17326	-71.4302
17327	-71.4254
17328	-71.4754
17329	-71.5681
17330	-71.2789
17331	-71.2265
17332	-71.0078
17333	-71.3225
17334	-71.4846
17335	-71.4832
17336	-71.1598
17337	-71.5545
17338	-71.3908
17339	-70.9788
17340	-70.9563
17341	-70.9276
17342	-70.6304
17343	-70.7313
17344	-71.3064
17345	-71.4277
17346	-71.3205
17347	-70.9793
17348	-71.2887
17349	-71.4793
17350	-71.1626
17351	-70.7333
17352	-71.0837
17353	-71.061
17354	-71.1115
17355	-71.3521
17356	-71.1791
17357	-71.2246
17358	-71.3663
17359	-71.4034
17360	-71.4852
17361	-71.4709
17362	-71.5073
17363	-71.0339
17364	-71.6183
17365	-71.7613
17366	-71.3273
17367	-71.287
17368	-71.4849
17369	-71.3112
17370	-71.2524
17371	-71.2608
17372	-71.0749
17373	-71.0583
17374	-71.2785
17375	-71.3364
17376	-71.4738
17377	-71.0944
17378	-71.1253
17379	-71.4996
17380	-71.0107
17381	-71.0533
17382	-70.9045
17383	-70.9469
17384	-71.3639
17385	-71.5623
17386	-71.3909
17387	-71.2842
17388	-71.2598
17389	-71.3792
17390	-71.4063
17391	-71.4444
17392	-71.0598
17393	-71.2734
17394	-71.5265
17395	-71.3432
17396	-71.0857
17397	-71.3419
17398	-71.4492
17399	-71.1726
17400	-71.3948
17401	-71.5561
17402	-71.3693
17403	-70.8042
17404	-71.06
17405	-70.9239
17406	-71.0455
17407	-70.8702
17408	-71.0375
17409	-70.9822
17410	-71.2786
17411	-71.4409
17412	-71.3632
17413	-71.0565
17414	-71.4353
17415	-71.3081
17416	-71.213
17417	-71.2746
17418	-71.1625
17419	-70.9639
17420	-71.2333
17421	-71.1313
17422	-71.4665
17423	-71.8535
17424	-71.2511
17425	-71.1595
17426	-71.3793
17427	-71.1182
17428	-71.6213
17429	-70.9465
17430	-70.8975
17431	-71.1432
17432	-71.2827
17433	-71.0362
17434	-71.2297
17435	-71.4038
17436	-71.1249
17437	-71.3249
17438	-71.3287
17439	-71.2447
17440	-70.9401
17441	-71.4335
17442	-71.6705
17443	-71.4246
17444	-71.2287
17445	-71.09
17446	-71.3892
17447	-70.9858
17448	-71.407
17449	-71.5103
17450	-71.4695
17451	-71.453
17452	-71.0095
17453	-71.2862
17454	-71.6917
17455	-71.8748
17456	-71.6187
17457	-71.1263
17458	-71.093
17459	-71.2413
17460	-71.2121
17461	-71.4086
17462	-71.2976
17463	-71.1948
17464	-71.2901
17465	-70.929
17466	-71.2494
17467	-71.1048
17468	-70.9959
17469	-71.2332
17470	-71.4815
17471	-71.3389
17472	-71.1674
17473	-71.252
17474	-70.9157
17475	-71.358
17476	-71.2622
17477	-71.4228
17478	-71.3209
17479	-71.1147
17480	-71.3509
17481	-71.4299
17482	-71.0099
17483	-71.0055
17484	-71.5753
17485	-71.6425
17486	-71.004
17487	-71.1112
17488	-71.2438
17489	-71.3308
17490	-70.7225
17491	-71.005
17492	-71.0769
17493	-70.8246
17494	-71.4872
17495	-71.5145
17496	-71.3606
17497	-71.1041
17498	-71.3689
17499	-71.4036
17500	-71.231
17501	-71.1871
17502	-71.0663
17503	-71.1718
17504	-70.8123
17505	-70.8571
17506	-71.2985
17507	-71.4851
17508	-71.1202
17509	-71.1931
17510	-70.9953
17511	-71.1736
17512	-71.4222
17513	-71.5626
17514	-71.4289
17515	-71.1164
17516	-71.4996
17517	-71.6557
17518	-71.1813
17519	-71.1179
17520	-71.2279
17521	-71.1605
17522	-71.4075
17523	-71.371
17524	-71.0212
17525	-71.0072
17526	-71.1963
17527	-71.0792
17528	-71.1688
17529	-70.8849
17530	-71.1796
17531	-71.213
17532	-71.5559
17533	-71.3433
17534	-71.1451
17535	-71.6115
17536	-71.5091
17537	-71.1441
17538	-71.2132
17539	-71.1171
17540	-71.1086
17541	-71.437
17542	-71.4894
17543	-71.1502
17544	-71.7042
17545	-71.2661
17546	-70.9492
17547	-70.7879
17548	-71.1782
17549	-71.2181
17550	-71.6043
17551	-71.4479
17552	-71.1411
17553	-71.3232
17554	-71.1046
17555	-71.1832
17556	-71.2372
17557	-71.1288
17558	-71.5434
17559	-71.4467
17560	-71.282
17561	-71.1755
17562	-71.0183
17563	-71.4654
17564	-71.4881
17565	-71.135
17566	-71.2403
17567	-71.7752
17568	-71.4444
17569	-71.0043
17570	-70.6127
17571	-71.2267
17572	-71.5105
17573	-71.2035
17574	-70.7504
17575	-71.213
17576	-71.0464
17577	-71.4941
17578	-71.3475
17579	-71.3071
17580	-71.4138
17581	-70.9115
17582	-71.0413
17583	-71.251
17584	-71.5499
17585	-71.9328
17586	-71.4873
17587	-70.8353
17588	-70.4178
17589	-70.5261
17590	-70.819
17591	-71.2136
17592	-71.1985
17593	-71.3848
17594	-71.1033
17595	-71.0309
17596	-71.3892
17597	-70.7982
17598	-70.7533
17599	-71.0741
17600	-71.1239
17601	-71.4083
17602	-71.3986
17603	-71.3216
17604	-71.2177
17605	-70.5763
17606	-71.2776
17607	-71.185
17608	-71.5248
17609	-71.7241
17610	-71.3858
17611	-70.974
17612	-71.2482
17613	-71.3655
17614	-71.3637
17615	-71.4562
17616	-71.3667
17617	-71.3585
17618	-71.5912
17619	-71.1741
17620	-71.1861
17621	-71.5096
17622	-71.2558
17623	-71.1044
17624	-71.0354
17625	-71.2789
17626	-71.4295
17627	-71.5507
17628	-71.4227
17629	-71.6386
17630	-71.4695
17631	-71.1497
17632	-71.2203
17633	-71.4184
17634	-71.1789
17635	-71.2962
17636	-71.0189
17637	-71.4299
17638	-71.5832
17639	-71.2324
17640	-71.6368
17641	-71.283
17642	-71.3969
17643	-71.0787
17644	-71.1758
17645	-71.2542
17646	-71.4078
17647	-71.6266
17648	-71.1828
17649	-71.4261
17650	-71.3687
17651	-71.0729
17652	-71.3417
17653	-71.1482
17654	-71.2684
17655	-71.4945
17656	-71.364
17657	-71.2442
17658	-71.6585
17659	-71.3767
17660	-71.4169
17661	-71.559
17662	-71.4712
17663	-71.4354
17664	-71.1126
17665	-70.8342
17666	-70.6836
17667	-70.8563
17668	-71.4247
17669	-71.4718
17670	-71.3175
17671	-71.0824
17672	-71.1623
17673	-71.1559
17674	-71.2875
17675	-71.2627
17676	-71.3981
17677	-71.5678
17678	-71.4137
17679	-71.1783
17680	-71.3136
17681	-71.1132
17682	-71.3163
17683	-71.2195
17684	-71.3616
17685	-71.1532
17686	-71.3884
17687	-71.0637
17688	-70.9512
17689	-71.0893
17690	-71.3169
17691	-71.2861
17692	-70.8693
17693	-71.1225
17694	-71.2508
17695	-71.2576
17696	-71.1154
17697	-70.9051
17698	-71.2138
17699	-71.3661
17700	-70.9979
17701	-71.1054
17702	-71.2852
17703	-71.1872
17704	-71.5061
17705	-71.5738
17706	-71.2915
17707	-71.0065
17708	-70.9808
17709	-70.7069
17710	-70.9478
17711	-71.1614
17712	-71.4062
17713	-71.374
17714	-70.9029
17715	-71.2259
17716	-71.4623
17717	-71.3416
17718	-71.0564
17719	-71.0927
17720	-71.0763
17721	-70.9595
17722	-71.0829
17723	-71.225
17724	-71.4751
17725	-71.4246
17726	-70.8878
17727	-71.7066
17728	-71.3885
17729	-71.0037
17730	-71.719
17731	-71.3342
17732	-71.2641
17733	-71.5149
17734	-70.9658
17735	-70.9909
17736	-71.0253
17737	-71.0723
17738	-71.229
17739	-71.0489
17740	-70.7063
17741	-71.3915
17742	-71.9251
17743	-71.8163
17744	-71.5961
17745	-71.3755
17746	-71.3606
17747	-71.2594
17748	-71.1992
17749	-71.5202
17750	-71.0995
17751	-71.1443
17752	-71.3805
17753	-71.1152
17754	-71.1886
17755	-71.1159
17756	-71.3251
17757	-71.4197
17758	-71.8156
17759	-71.559
17760	-71.2652
17761	-71.4782
17762	-71.84
17763	-71.8734
17764	-71.6286
17765	-71.4497
17766	-71.2945
17767	-71.7114
17768	-71.4098
17769	-71.7205
17770	-71.5381
17771	-71.7519
17772	-71.42
17773	-71.304
17774	-70.957
17775	-71.1321
17776	-71.3621
17777	-71.0623
17778	-70.8409
17779	-70.8987
17780	-70.9016
17781	-71.6705
17782	-71.2804
17783	-71.109
17784	-71.2091
17785	-71.3358
17786	-71.3836
17787	-71.4629
17788	-71.4753
17789	-71.4324
17790	-70.9645
17791	-71.5031
17792	-71.2169
17793	-71.0423
17794	-71.0869
17795	-71.2833
17796	-71.3038
17797	-71.4526
17798	-71.284
17799	-71.6396
17800	-71.6179
17801	-71.4073
17802	-71.4424
17803	-71.2133
17804	-71.1987
17805	-71.4605
17806	-71.5568
17807	-71.4359
17808	-71.5676
17809	-71.1541
17810	-71.0988
17811	-71.5139
17812	-71.1497
17813	-71.4452
17814	-71.3459
17815	-71.1772
17816	-70.7414
17817	-71.2519
17818	-71.7377
17819	-71.6359
17820	-71.4752
17821	-71.0152
17822	-71.0476
17823	-71.5127
17824	-71.6811
17825	-71.4559
17826	-71.1376
17827	-70.9609
17828	-71.0311
17829	-71.253
17830	-71.9338
17831	-71.2719
17832	-71.0247
17833	-70.8344
17834	-71.0488
17835	-70.9512
17836	-71.0094
17837	-71.1123
17838	-71.1726
17839	-71.4262
17840	-71.7537
17841	-71.6137
17842	-71.3051
17843	-71.25
17844	-71.7291
17845	-71.3679
17846	-71.0523
17847	-71.1826
17848	-71.6653
17849	-71.3749
17850	-71.5922
17851	-71.1589
17852	-71.2204
17853	-71.1036
17854	-70.9795
17855	-71.4205
17856	-71.19
17857	-71.1062
17858	-70.9381
17859	-71.6013
17860	-71.1928
17861	-70.9554
17862	-70.8461
17863	-71.4835
17864	-71.2067
17865	-70.9646
17866	-71.1084
17867	-71.2201
17868	-71.5788
17869	-70.9334
17870	-70.7742
17871	-70.9805
17872	-71.2768
17873	-71.2485
17874	-71.2135
17875	-71.2251
17876	-71.2559
17877	-70.9948
17878	-70.8246
17879	-71.1864
17880	-71.0875
17881	-71.1924
17882	-71.4001
17883	-71.4319
17884	-71.493
17885	-71.267
17886	-70.8845
17887	-71.8502
17888	-71.4917
17889	-71.2119
17890	-71.5735
17891	-71.4553
17892	-70.873
17893	-70.4605
17894	-70.9236
17895	-71.4272
17896	-71.5914
17897	-71.6347
17898	-71.617
17899	-71.9059
17900	-71.2145
17901	-71.4203
17902	-71.1657
17903	-71.4118
17904	-71.0479
17905	-71.1315
17906	-71.3947
17907	-71.5649
17908	-71.8152
17909	-71.45
17910	-71.4145
17911	-71.434
17912	-71.131
17913	-71.4296
17914	-71.5927
17915	-71.2835
17916	-71.5222
17917	-71.3673
17918	-71.3327
17919	-70.9971
17920	-71.3483
17921	-70.9803
17922	-71.2816
17923	-71.1308
17924	-71.1464
17925	-71.3764
17926	-71.1116
17927	-71.0583
17928	-71.2722
17929	-71.2268
17930	-71.3041
17931	-71.2964
17932	-71.446
17933	-71.0811
17934	-71.3198
17935	-71.355
17936	-70.9291
17937	-71.2802
17938	-71.11
17939	-71.1134
17940	-71.4806
17941	-71.4621
17942	-71.249
17943	-71.6104
17944	-71.6661
17945	-71.5771
17946	-71.6261
17947	-71.5933
17948	-71.3349
17949	-71.1087
17950	-71.1827
17951	-70.768
17952	-70.9833
17953	-70.9774
17954	-71.0133
17955	-71.2976
17956	-71.3694
17957	-71.0984
17958	-71.27
17959	-71.3527
17960	-71.1937
17961	-71.5072
17962	-71.6379
17963	-71.2689
17964	-71.0012
17965	-71.2509
17966	-71.6337
17967	-71.3893
17968	-70.8789
17969	-71.1879
17970	-71.4512
17971	-71.1242
17972	-70.9478
17973	-71.3184
17974	-71.936
17975	-71.3371
17976	-71.2099
17977	-71.1148
17978	-70.9762
17979	-71.5618
17980	-71.9768
17981	-71.302
17982	-71.4471
17983	-71.6198
17984	-71.3097
17985	-71.3303
17986	-70.9584
17987	-71.379
17988	-70.8252
17989	-71.1429
17990	-71.2624
17991	-71.1473
17992	-71.4061
17993	-71.6773
17994	-71.5475
17995	-71.4312
17996	-71.1823
17997	-71.6861
17998	-71.4454
17999	-71.171
18000	-71.3304
18001	-71.247
18002	-71.3211
18003	-71.8203
18004	-71.472
18005	-71.1393
18006	-71.2759
18007	-71.9265
18008	-72.0247
18009	-71.3845
18010	-71.4163
18011	-72.322
18012	-71.5946
18013	-71.2235
18014	-70.9714
18015	-70.6387
18016	-71.408
18017	-71.5485
18018	-71.3247
18019	-71.0485
18020	-71.1539
18021	-71.7026
18022	-71.8208
18023	-71.6188
18024	-71.6978
18025	-71.3962
18026	-71.0184
18027	-71.1053
18028	-71.2326
18029	-71.6724
18030	-71.4522
18031	-71.6279
18032	-71.1363
18033	-71.3026
18034	-71.1573
18035	-71.4076
18036	-71.2734
18037	-71.0721
18038	-71.327
18039	-71.369
18040	-70.6815
18041	-71.107
18042	-71.3483
18043	-71.4101
18044	-71.144
18045	-71.2697
18046	-71.6254
18047	-71.4488
18048	-71.77
18049	-71.7001
18050	-71.531
18051	-71.1239
18052	-71.1117
18053	-71.2387
18054	-70.8885
18055	-71.0619
18056	-71.465
18057	-71.4914
18058	-71.4549
18059	-71.1885
18060	-71.3849
18061	-71.1296
18062	-71.2909
18063	-71.4383
18064	-71.4512
18065	-71.0549
18066	-70.8087
18067	-70.931
18068	-70.8959
18069	-71.0386
18070	-71.3177
18071	-71.4446
18072	-70.9382
18073	-70.9316
18074	-71.1012
18075	-70.8206
18076	-71.1513
18077	-71.2319
18078	-71.3853
18079	-71.3209
18080	-70.9351
18081	-70.753
18082	-71.4128
18083	-71.5506
18084	-71.6158
18085	-71.4426
18086	-71.4695
18087	-71.238
18088	-71.3618
18089	-71.463
18090	-71.6378
18091	-71.4265
18092	-71.7569
18093	-71.9212
18094	-71.3189
18095	-71.4941
18096	-71.111
18097	-71.3253
18098	-71.5535
18099	-71.451
18100	-71.2483
18101	-71.3338
18102	-71.5516
18103	-71.306
18104	-71.265
18105	-71.0889
18106	-71.5042
18107	-71.2903
18108	-71.0185
18109	-71.3612
18110	-71.5294
18111	-71.2701
18112	-71.4023
18113	-71.0462
18114	-71.3112
18115	-71.4411
18116	-71.9008
18117	-71.4399
18118	-71.1356
18119	-71.3147
18120	-71.551
18121	-71.4266
18122	-71.3851
18123	-71.2255
18124	-71.0374
18125	-71.2195
18126	-71.3629
18127	-71.3919
18128	-71.3639
18129	-71.3219
18130	-71.1206
18131	-71.3353
18132	-71.281
18133	-71.0099
18134	-71.5969
18135	-71.4444
18136	-71.3178
18137	-71.3712
18138	-71.1192
18139	-71.4336
18140	-71.6148
18141	-71.2266
18142	-71.1377
18143	-71.8048
18144	-71.9581
18145	-71.5748
18146	-71.716
18147	-71.1926
18148	-71.4325
18149	-71.6232
18150	-71.4822
18151	-71.3937
18152	-71.6419
18153	-71.6843
18154	-71.5217
18155	-71.328
18156	-70.9729
18157	-70.7466
18158	-71.1344
18159	-71.5498
18160	-71.0939
18161	-71.2321
18162	-71.5177
18163	-71.0502
18164	-71.3891
18165	-71.2116
18166	-71.4747
18167	-71.2581
18168	-70.9835
18169	-71.3591
18170	-71.7492
18171	-71.1946
18172	-71.2372
18173	-71.2985
18174	-71.0214
18175	-71.2337
18176	-71.3335
18177	-71.4004
18178	-71.188
18179	-71.6646
18180	-71.5143
18181	-71.2097
18182	-71.5304
18183	-71.5174
18184	-71.271
18185	-71.6446
18186	-71.2405
18187	-70.8834
18188	-71.3408
18189	-71.3303
18190	-71.2738
18191	-71.1966
18192	-71.2669
18193	-71.0737
18194	-71.7616
18195	-71.5661
18196	-71.8299
18197	-71.5647
18198	-71.5096
18199	-71.2221
18200	-71.3033
18201	-71.0382
18202	-71.1975
18203	-70.8905
18204	-71.2607
18205	-71.3403
18206	-71.0771
18207	-71.0714
18208	-71.4971
18209	-71.612
18210	-71.3325
18211	-71.2483
18212	-71.2995
18213	-71.3434
18214	-71.1146
18215	-71.3093
18216	-71.4534
18217	-70.8879
18218	-70.9422
18219	-71.4849
18220	-71.6119
18221	-70.8968
18222	-71.0527
18223	-71.2542
18224	-70.9791
18225	-71.0761
18226	-71.5017
18227	-71.2873
18228	-71.395
18229	-71.3487
18230	-71.3491
18231	-71.1349
18232	-71.1533
18233	-71.414
18234	-70.9968
18235	-71.3732
18236	-71.4654
18237	-71.3428
18238	-70.7303
18239	-70.8584
18240	-70.9869
18241	-71.2361
18242	-71.6676
18243	-71.5569
18244	-71.6294
18245	-71.4223
18246	-71.2471
18247	-71.4368
18248	-71.6566
18249	-71.6879
18250	-72.2178
18251	-71.3434
18252	-70.9099
18253	-71.2656
18254	-71.4462
18255	-71.5973
18256	-71.6399
18257	-71.4351
18258	-71.3669
18259	-71.5554
18260	-71.423
18261	-71.5071
18262	-71.5036
18263	-71.4919
18264	-71.8429
18265	-71.3639
18266	-71.0897
18267	-71.4575
18268	-71.5799
18269	-71.4062
18270	-71.3449
18271	-71.5445
18272	-71.9171
18273	-71.5504
18274	-71.6274
18275	-71.3208
18276	-71.1438
18277	-71.0523
18278	-71.0958
18279	-71.4084
18280	-71.5616
18281	-71.5216
18282	-71.4396
18283	-71.5995
18284	-71.4272
18285	-71.6359
18286	-71.6958
18287	-71.4234
18288	-71.0761
18289	-71.1125
18290	-71.1687
18291	-71.5528
18292	-71.4473
18293	-71.1923
18294	-71.3665
18295	-71.4998
18296	-71.6242
18297	-71.7734
18298	-72.0116
18299	-71.9135
18300	-71.5524
18301	-71.3849
18302	-71.442
18303	-71.3262
18304	-71.4035
18305	-71.6622
18306	-71.4715
18307	-71.3047
18308	-71.1401
18309	-71.0801
18310	-71.3126
18311	-71.4885
18312	-71.5725
18313	-71.0879
18314	-71.2691
18315	-70.9008
18316	-71.3516
18317	-71.439
18318	-71.6163
18319	-71.389
18320	-71.1283
18321	-71.6485
18322	-71.863
18323	-71.6748
18324	-71.365
18325	-71.2393
18326	-71.0365
18327	-71.3804
18328	-71.3629
18329	-71.5113
18330	-71.7306
18331	-71.0751
18332	-70.9533
18333	-71.1438
18334	-71.5883
18335	-71.6242
18336	-71.6647
18337	-71.9628
18338	-71.8617
18339	-71.4322
18340	-71.0799
18341	-71.3505
18342	-71.6985
18343	-71.4831
18344	-71.5255
18345	-71.4957
18346	-71.7177
18347	-71.4917
18348	-71.2684
18349	-70.9611
18350	-70.7783
18351	-71.047
18352	-70.7507
18353	-70.9285
18354	-71.4611
18355	-71.6035
18356	-71.2294
18357	-71.0959
18358	-71.3976
18359	-70.8942
18360	-71.1657
18361	-71.6879
18362	-71.2081
18363	-71.1696
18364	-71.3656
18365	-71.789
18366	-71.5889
18367	-71.1935
18368	-71.059
18369	-71.3949
18370	-71.1684
18371	-71.3129
18372	-71.6972
18373	-71.8347
18374	-71.3742
18375	-71.2642
18376	-71.4055
18377	-71.6075
18378	-70.909
18379	-71.174
18380	-71.2663
18381	-71.1731
18382	-71.3185
18383	-71.3017
18384	-71.3459
18385	-71.6424
18386	-71.4235
18387	-71.6628
18388	-71.4902
18389	-71.2832
18390	-71.1917
18391	-71.1979
18392	-71.4943
18393	-71.2453
18394	-71.0901
18395	-70.8973
18396	-71.1525
18397	-71.536
18398	-71.4276
18399	-71.1296
18400	-71.1021
18401	-71.3204
18402	-71.5327
18403	-71.3471
18404	-71.4216
18405	-71.3714
18406	-71.5278
18407	-71.5725
18408	-71.4035
18409	-71.0886
18410	-71.1009
18411	-71.2563
18412	-71.5861
18413	-71.3936
18414	-71.1999
18415	-71.334
18416	-71.5547
18417	-71.3502
18418	-71.3255
18419	-71.4765
18420	-71.2175
18421	-71.2604
18422	-71.1091
18423	-71.0457
18424	-71.1633
18425	-71.8694
18426	-72.0555
18427	-71.8455
18428	-71.6658
18429	-71.4523
18430	-71.238
18431	-71.7142
18432	-71.6561
18433	-71.318
18434	-71.2459
18435	-71.3672
18436	-71.5139
18437	-71.2539
18438	-71.3814
18439	-71.6541
18440	-71.4055
18441	-71.6206
18442	-71.0671
18443	-71.3091
18444	-71.2039
18445	-71.0656
18446	-70.882
18447	-71.5248
18448	-71.244
18449	-71.1113
18450	-71.6117
18451	-71.3511
18452	-71.3633
18453	-71.1755
18454	-71.5578
18455	-71.2803
18456	-70.8667
18457	-71.2095
18458	-71.3892
18459	-71.4299
18460	-71.8768
18461	-71.7244
18462	-71.7931
18463	-71.7913
18464	-71.6817
18465	-71.8942
18466	-71.5326
18467	-71.0942
18468	-71.1262
18469	-71.183
18470	-71.0254
18471	-71.1483
18472	-71.5138
18473	-71.6846
18474	-71.7818
18475	-71.5123
18476	-71.3874
18477	-71.233
18478	-71.527
18479	-71.863
18480	-71.638
18481	-71.3111
18482	-71.1817
18483	-71.0662
18484	-71.2103
18485	-70.9374
18486	-70.8294
18487	-71.4194
18488	-71.4537
18489	-71.2699
18490	-71.5269
18491	-71.2623
18492	-71.7711
18493	-71.59
18494	-71.2804
18495	-71.8229
18496	-71.8198
18497	-71.3884
18498	-71.2668
18499	-71.6465
18500	-71.2327
18501	-71.4997
18502	-71.7953
18503	-71.9975
18504	-71.757
18505	-71.3599
18506	-71.1458
18507	-71.7706
18508	-71.5506
18509	-71.4781
18510	-71.345
18511	-71.174
18512	-70.9636
18513	-71.3263
18514	-71.6253
18515	-71.2093
18516	-71.0183
18517	-71.0661
18518	-71.26
18519	-71.6364
18520	-71.4512
18521	-70.9966
18522	-71.2466
18523	-71.9755
18524	-71.4936
18525	-71.2069
18526	-71.2646
18527	-71.508
18528	-71.4026
18529	-71.4629
18530	-71.5233
18531	-71.3864
18532	-71.3095
18533	-71.4927
18534	-71.2624
18535	-71.3222
18536	-71.2707
18537	-71.4003
18538	-71.536
18539	-71.1332
18540	-71.2506
18541	-71.3671
18542	-71.2507
18543	-71.9086
18544	-71.8613
18545	-71.5867
18546	-71.7383
18547	-71.7257
18548	-71.6788
18549	-71.4485
18550	-71.3765
18551	-71.4874
18552	-71.6142
18553	-71.8835
18554	-71.2773
18555	-70.9608
18556	-70.966
18557	-71.5945
18558	-70.8972
18559	-71.2141
18560	-71.4809
18561	-71.6925
18562	-71.2442
18563	-71.3985
18564	-71.1288
18565	-71.567
18566	-71.7373
18567	-71.2809
18568	-71.6744
18569	-71.6649
18570	-72.06
18571	-72.0928
18572	-71.4518
18573	-71.3737
18574	-71.1214
18575	-71.4702
18576	-71.4141
18577	-71.1385
18578	-71.1274
18579	-70.8138
18580	-71.2368
18581	-71.4166
18582	-71.4917
18583	-71.4486
18584	-71.6864
18585	-71.5676
18586	-71.3243
18587	-71.5083
18588	-71.462
18589	-71.3214
18590	-71.1908
18591	-71.3743
18592	-71.2267
18593	-71.2115
18594	-71.3545
18595	-71.2982
18596	-71.4761
18597	-71.4949
18598	-71.2329
18599	-71.2531
18600	-71.5056
18601	-71.4667
18602	-71.4073
18603	-71.1099
18604	-71.5802
18605	-71.8358
18606	-71.6572
18607	-71.6608
18608	-71.7142
18609	-71.2935
18610	-71.4721
18611	-71.1649
18612	-71.5488
18613	-71.4785
18614	-71.4097
18615	-71.4192
18616	-71.3183
18617	-71.4433
18618	-71.4451
18619	-71.0781
18620	-71.4588
18621	-71.2637
18622	-71.4663
18623	-71.5057
18624	-71.4476
18625	-71.1142
18626	-71.3794
18627	-71.2207
18628	-71.5832
18629	-71.4488
18630	-71.2352
18631	-71.5777
18632	-72.0828
18633	-72.0249
18634	-71.6937
18635	-71.779
18636	-71.6168
18637	-71.3705
18638	-71.5647
18639	-71.6775
18640	-71.4977
18641	-71.5436
18642	-71.5044
18643	-71.3307
18644	-71.0933
18645	-71.6347
18646	-71.8225
18647	-71.3461
18648	-71.5539
18649	-71.6151
18650	-71.4882
18651	-71.7043
18652	-71.5668
18653	-71.6656
18654	-71.6591
18655	-71.4737
18656	-71.5102
18657	-71.4382
18658	-71.5473
18659	-71.4615
18660	-71.1916
18661	-71.602
18662	-71.4524
18663	-71.5857
18664	-71.72
18665	-70.9347
18666	-71.5379
18667	-71.34
18668	-71.3905
18669	-71.4039
18670	-71.0332
18671	-71.0892
18672	-71.5613
18673	-71.0013
18674	-70.681
18675	-71.1488
18676	-71.5437
18677	-71.8369
18678	-71.8482
18679	-71.9783
18680	-72.0468
18681	-71.5767
18682	-71.4761
18683	-71.3963
18684	-71.3994
18685	-71.4548
18686	-71.2883
18687	-71.5099
18688	-71.7688
18689	-71.9926
18690	-71.7026
18691	-71.2117
18692	-71.1509
18693	-71.4736
18694	-71.2292
18695	-71.156
18696	-71.607
18697	-71.1072
18698	-71.6157
18699	-71.3903
18700	-71.3739
18701	-71.4041
18702	-71.1582
18703	-71.8847
18704	-71.8753
18705	-71.6225
18706	-71.3795
18707	-71.3172
18708	-71.5802
18709	-71.3575
18710	-71.3671
18711	-70.948
18712	-70.9947
18713	-71.3071
18714	-71.4718
18715	-71.3867
18716	-72.0083
18717	-71.728
18718	-71.3061
18719	-71.7092
18720	-71.4183
18721	-71.4676
18722	-71.4998
18723	-71.198
18724	-71.7936
18725	-71.3385
18726	-71.4934
18727	-71.8171
18728	-71.9599
18729	-71.7205
18730	-70.914
18731	-70.9183
18732	-71.0173
18733	-71.3264
18734	-71.6428
18735	-71.4752
18736	-71.5455
18737	-71.6516
18738	-71.1424
18739	-70.993
18740	-71.3145
18741	-71.5386
18742	-71.505
18743	-71.5229
18744	-71.6987
18745	-71.2197
18746	-71.5538
18747	-71.7558
18748	-71.5037
18749	-71.8139
18750	-71.3761
18751	-71.6312
18752	-71.6749
18753	-71.6883
18754	-71.292
18755	-71.3693
18756	-71.6837
18757	-71.4546
18758	-71.5153
18759	-71.4545
18760	-71.2473
18761	-71.2753
18762	-71.4751
18763	-71.4711
18764	-71.2723
18765	-71.2173
18766	-72.0091
18767	-71.5904
18768	-71.9448
18769	-71.4557
18770	-71.5727
18771	-71.7477
18772	-71.0414
18773	-71.0962
18774	-71.6349
18775	-71.4941
18776	-71.4001
18777	-71.9364
18778	-71.6465
18779	-71.3375
18780	-71.6782
18781	-71.5554
18782	-71.5544
18783	-71.4533
18784	-71.6002
18785	-71.3043
18786	-71.5147
18787	-71.7627
18788	-71.4879
18789	-71.1149
18790	-71.0418
18791	-71.4711
18792	-71.6713
18793	-71.5983
18794	-71.6154
18795	-71.5665
18796	-71.3999
18797	-71.3698
18798	-71.423
18799	-71.5528
18800	-71.6059
18801	-71.2345
18802	-71.5419
18803	-71.7456
18804	-71.4056
18805	-71.4992
18806	-71.3585
18807	-71.6928
18808	-71.3803
18809	-71.4659
18810	-71.5752
18811	-71.8137
18812	-71.7054
18813	-71.8445
18814	-71.6603
18815	-72.4905
18816	-71.6238
18817	-71.3116
18818	-71.5162
18819	-71.424
18820	-71.4685
18821	-71.759
18822	-71.6106
18823	-71.3231
18824	-71.3449
18825	-71.2661
18826	-71.4467
18827	-71.2671
18828	-71.545
18829	-71.5346
18830	-71.6963
18831	-71.7274
18832	-71.5588
18833	-71.6984
18834	-71.5637
18835	-70.9879
18836	-71.3222
18837	-71.2852
18838	-71.3821
18839	-71.4237
18840	-71.1892
18841	-71.0187
18842	-71.2113
18843	-71.3831
18844	-71.3147
18845	-71.6003
18846	-71.0523
18847	-71.322
18848	-71.6144
18849	-71.4379
18850	-71.3639
18851	-71.4996
18852	-71.0694
18853	-71.433
18854	-71.1939
18855	-71.2787
18856	-71.3673
18857	-71.876
18858	-71.6959
18859	-71.283
18860	-71.3881
18861	-71.8771
18862	-71.6901
18863	-71.9838
18864	-71.6084
18865	-71.7633
18866	-71.595
18867	-71.1511
18868	-71.0443
18869	-71.9911
18870	-71.7621
18871	-71.6375
18872	-71.4652
18873	-71.383
18874	-71.3299
18875	-72.0067
18876	-71.6452
18877	-71.8501
18878	-71.4362
18879	-71.9679
18880	-71.8058
18881	-71.3859
18882	-71.2453
18883	-71.5522
18884	-71.2199
18885	-71.4443
18886	-71.7494
18887	-71.7771
18888	-71.812
18889	-71.6625
18890	-71.5505
18891	-71.3498
18892	-71.543
18893	-71.6146
18894	-71.7242
18895	-71.2483
18896	-71.3984
18897	-71.2147
18898	-71.2762
18899	-71.4673
18900	-71.4207
18901	-71.4406
18902	-71.7029
18903	-71.8006
18904	-71.8912
18905	-71.6288
18906	-71.7402
18907	-71.6091
18908	-71.3283
18909	-71.3884
18910	-71.5069
18911	-70.7702
18912	-71.29
18913	-71.8623
18914	-71.3843
18915	-72.002
18916	-71.9661
18917	-71.5582
18918	-71.5226
18919	-71.1002
18920	-71.3831
18921	-71.6228
18922	-71.5203
18923	-71.3446
18924	-71.239
18925	-71.1654
18926	-71.4252
18927	-71.6288
18928	-71.7311
18929	-71.9476
18930	-71.6112
18931	-71.6501
18932	-72.0452
18933	-71.5123
18934	-71.7609
18935	-71.8476
18936	-71.2365
18937	-71.7514
18938	-71.6818
18939	-71.6128
18940	-71.2793
18941	-71.5884
18942	-71.6849
18943	-71.8492
18944	-71.25
18945	-71.3425
18946	-71.4243
18947	-71.4339
18948	-71.8703
18949	-71.9156
18950	-71.2651
18951	-71.2164
18952	-71.4453
18953	-71.5669
18954	-71.6977
18955	-71.1646
18956	-71.1734
18957	-71.619
18958	-71.6199
18959	-71.9951
18960	-71.9547
18961	-71.3533
18962	-71.3741
18963	-71.4466
18964	-71.5754
18965	-72.3223
18966	-71.6738
18967	-71.5486
18968	-71.9378
18969	-72.0882
18970	-71.7591
18971	-71.9367
18972	-72.0623
18973	-71.416
18974	-71.3551
18975	-71.3074
18976	-71.5195
18977	-71.7699
18978	-71.4457
18979	-71.2195
18980	-70.9918
18981	-71.5319
18982	-71.717
18983	-71.716
18984	-71.359
18985	-71.1212
18986	-71.4886
18987	-71.4337
18988	-71.5399
18989	-71.1917
18990	-71.631
18991	-71.3869
18992	-71.2489
18993	-70.8506
18994	-71.469
18995	-71.864
18996	-71.5463
18997	-71.8359
18998	-71.4977
18999	-71.7045
19000	-71.6643
19001	-71.6317
19002	-71.4585
19003	-71.4
19004	-71.3239
19005	-71.7535
19006	-71.372
19007	-71.4442
19008	-71.417
19009	-71.7488
19010	-71.6702
19011	-71.3879
19012	-71.2217
19013	-71.4558
19014	-71.452
19015	-71.1546
19016	-71.5721
19017	-71.6768
19018	-71.7297
19019	-71.5547
19020	-71.4393
19021	-71.686
19022	-71.7043
19023	-71.6883
19024	-71.4698
19025	-71.3958
19026	-71.6473
19027	-71.3721
19028	-71.0043
19029	-71.3234
19030	-71.3686
19031	-71.3275
19032	-71.5529
19033	-71.991
19034	-71.6999
19035	-71.8761
19036	-71.5907
19037	-71.9485
19038	-71.8337
19039	-71.5999
19040	-71.4259
19041	-71.3675
19042	-71.2687
19043	-71.2262
19044	-71.5844
19045	-71.6477
19046	-71.6728
19047	-71.5517
19048	-71.545
19049	-71.2572
19050	-71.0777
19051	-71.098
19052	-71.402
19053	-71.5071
19054	-71.5153
19055	-71.3284
19056	-71.2873
19057	-71.5078
19058	-71.6918
19059	-71.7443
19060	-71.3524
19061	-71.2238
19062	-71.6613
19063	-71.6446
19064	-71.9936
19065	-71.6072
19066	-71.502
19067	-71.2053
19068	-71.2487
19069	-71.1975
19070	-71.4192
19071	-71.2157
19072	-71.6093
19073	-71.6526
19074	-71.636
19075	-71.3559
19076	-71.5385
19077	-71.6436
19078	-71.7965
19079	-71.8298
19080	-71.5737
19081	-71.8949
19082	-71.3192
19083	-71.2399
19084	-70.996
19085	-71.4138
19086	-71.4989
19087	-71.1853
19088	-71.315
19089	-71.4937
19090	-71.9492
19091	-71.6684
19092	-71.2617
19093	-71.0625
19094	-71.5081
19095	-71.3855
19096	-71.7269
19097	-71.9698
19098	-71.6498
19099	-71.646
19100	-71.6565
19101	-71.4312
19102	-71.3896
19103	-71.4256
19104	-71.6344
19105	-71.5184
19106	-71.4055
19107	-71.2384
19108	-71.1588
19109	-71.1295
19110	-71.6304
19111	-71.1896
19112	-71.079
19113	-71.5193
19114	-71.2751
19115	-71.7515
19116	-71.5692
19117	-71.4489
19118	-71.2903
19119	-71.1489
19120	-71.56
19121	-71.4098
19122	-71.1629
19123	-71.2403
19124	-71.8864
19125	-71.7687
19126	-71.401
19127	-71.3123
19128	-71.4123
19129	-71.5209
19130	-71.2875
19131	-71.3544
19132	-71.5228
19133	-71.7092
19134	-71.313
19135	-71.4156
19136	-71.6408
19137	-71.953
19138	-71.4167
19139	-71.3511
19140	-71.4427
19141	-71.5172
19142	-71.6485
19143	-71.4407
19144	-71.3793
19145	-71.7844
19146	-71.7018
19147	-71.4333
19148	-71.3798
19149	-71.6797
19150	-71.9457
19151	-71.8568
19152	-71.7353
19153	-71.6296
19154	-71.0963
19155	-71.2658
19156	-71.1953
19157	-71.4608
19158	-71.811
19159	-71.6351
19160	-71.4914
19161	-71.1796
19162	-71.5278
19163	-71.2819
19164	-71.3829
19165	-71.2135
19166	-71.8083
19167	-71.7478
19168	-71.5392
19169	-71.4992
19170	-71.636
19171	-71.7583
19172	-71.5655
19173	-71.8291
19174	-71.9864
19175	-71.9576
19176	-71.5705
19177	-71.9094
19178	-71.9061
19179	-71.2482
19180	-71.354
19181	-71.5628
19182	-71.3157
19183	-71.5272
19184	-71.4611
19185	-71.3164
19186	-71.2126
19187	-71.178
19188	-71.3078
19189	-71.2618
19190	-71.5283
19191	-71.5341
19192	-71.3567
19193	-71.5463
19194	-71.4213
19195	-71.5369
19196	-71.2527
19197	-71.5492
19198	-71.5541
19199	-71.4236
19200	-71.6173
19201	-71.4157
19202	-71.5576
19203	-71.2466
19204	-71.1469
19205	-71.749
19206	-71.8179
19207	-71.5967
19208	-71.3821
19209	-71.552
19210	-71.7522
19211	-71.2574
19212	-71.152
19213	-71.4764
19214	-71.9557
19215	-71.4237
19216	-71.0821
19217	-71.5159
19218	-71.8298
19219	-71.9418
19220	-72.0007
19221	-71.9402
19222	-71.7277
19223	-71.5659
19224	-71.3636
19225	-71.1841
19226	-71.2014
19227	-71.4626
19228	-71.1656
19229	-71.6992
19230	-71.6493
19231	-71.4561
19232	-71.5231
19233	-71.4577
19234	-71.3511
19235	-71.4705
19236	-71.7836
19237	-72.0682
19238	-71.5828
19239	-71.4734
19240	-71.4022
19241	-71.3998
19242	-71.5184
19243	-71.4658
19244	-71.4406
19245	-71.5486
19246	-71.548
19247	-71.5678
19248	-71.2627
19249	-71.6013
19250	-71.7778
19251	-71.7422
19252	-71.4751
19253	-71.3383
19254	-71.1562
19255	-71.4397
19256	-71.8247
19257	-71.8897
19258	-71.6015
19259	-71.5762
19260	-71.7341
19261	-71.4204
19262	-71.5279
19263	-71.5908
19264	-71.8979
19265	-71.611
19266	-71.4552
19267	-71.6204
19268	-71.6809
19269	-71.5864
19270	-71.2759
19271	-71
19272	-71.3157
19273	-71.6562
19274	-71.565
19275	-71.2566
19276	-71.4083
19277	-71.7348
19278	-71.9482
19279	-71.5747
19280	-71.461
19281	-71.9162
19282	-71.745
19283	-71.4017
19284	-71.8413
19285	-71.6536
19286	-71.7984
19287	-71.7994
19288	-71.5693
19289	-71.5785
19290	-71.8652
19291	-71.3789
19292	-71.8025
19293	-71.168
19294	-71.4111
19295	-71.3686
19296	-71.9137
19297	-71.4673
19298	-71.0702
19299	-71.1314
19300	-71.4477
19301	-71.8346
19302	-71.6615
19303	-71.4304
19304	-71.1614
19305	-71.1959
19306	-71.4948
19307	-71.4936
19308	-71.7119
19309	-71.5106
19310	-71.5042
19311	-71.4002
19312	-71.406
19313	-71.4223
19314	-71.4955
19315	-71.2917
19316	-71.4942
19317	-71.3772
19318	-71.4481
19319	-71.3529
19320	-71.3682
19321	-71.4309
19322	-71.5063
19323	-71.9025
19324	-71.6261
19325	-71.3854
19326	-71.5198
19327	-71.6267
19328	-71.303
19329	-71.3371
19330	-71.4937
19331	-71.2461
19332	-71.4075
19333	-71.3949
19334	-71.9754
19335	-71.6201
19336	-71.5553
19337	-71.4116
19338	-71.0874
19339	-71.4686
19340	-71.777
19341	-71.343
19342	-71.344
19343	-71.3297
19344	-71.1089
19345	-70.9835
19346	-71.4301
19347	-71.5387
19348	-71.8754
19349	-71.3108
19350	-71.3666
19351	-71.4919
19352	-71.5103
19353	-71.6484
19354	-71.9053
19355	-71.8123
19356	-71.2418
19357	-71.0789
19358	-71.303
19359	-71.2309
19360	-71.5773
19361	-71.4003
19362	-71.5691
19363	-71.6002
19364	-71.1242
19365	-71.2353
19366	-71.4305
19367	-71.3055
19368	-71.7624
19369	-71.811
19370	-71.2497
19371	-71.3351
19372	-71.5883
19373	-71.3432
19374	-71.7327
19375	-71.4082
19376	-71.1585
19377	-71.6141
19378	-71.8607
19379	-71.9906
19380	-72.1181
19381	-71.6547
19382	-71.6156
19383	-71.4683
19384	-71.5837
19385	-71.7785
19386	-71.6375
19387	-71.8304
19388	-71.7933
19389	-71.5529
19390	-71.6167
19391	-71.0884
19392	-71.6283
19393	-71.4461
19394	-71.51
19395	-71.4829
19396	-71.3685
19397	-71.611
19398	-71.5161
19399	-71.654
19400	-71.8113
19401	-71.8563
19402	-71.8173
19403	-71.5776
19404	-71.5032
19405	-71.3438
19406	-71.7189
19407	-71.5462
19408	-71.2893
19409	-71.8448
19410	-71.9792
19411	-71.8752
19412	-71.72
19413	-71.1164
19414	-71.5171
19415	-71.6044
19416	-71.5638
19417	-71.3168
19418	-71.3675
19419	-71.9474
19420	-71.8505
19421	-72.0019
19422	-71.5586
19423	-71.5821
19424	-70.8867
19425	-71.495
19426	-71.4319
19427	-71.3097
19428	-71.4744
19429	-71.1555
19430	-71.1039
19431	-71.3732
19432	-71.572
19433	-71.6692
19434	-71.851
19435	-71.6513
19436	-71.365
19437	-71.6258
19438	-71.5505
19439	-71.4357
19440	-71.7404
19441	-71.4236
19442	-71.5767
19443	-71.4377
19444	-71.4719
19445	-71.6175
19446	-71.5461
19447	-71.6497
19448	-71.5543
19449	-71.7502
19450	-71.6054
19451	-71.5125
19452	-71.3239
19453	-71.4713
19454	-71.0018
19455	-71.2616
19456	-71.5453
19457	-71.7571
19458	-71.8267
19459	-71.6286
19460	-71.4961
19461	-71.1599
19462	-71.5033
19463	-71.5929
19464	-71.6693
19465	-71.6061
19466	-71.4236
19467	-71.2143
19468	-71.4944
19469	-71.2536
19470	-71.5852
19471	-72.1199
19472	-71.7602
19473	-71.9467
19474	-71.8139
19475	-71.5794
19476	-71.4632
19477	-71.1639
19478	-71.2549
19479	-71.369
19480	-71.3261
19481	-71.476
19482	-71.4772
19483	-71.4773
19484	-71.5828
19485	-71.1959
19486	-71.2607
19487	-71.1817
19488	-71.5685
19489	-71.8492
19490	-71.0299
19491	-71.1029
19492	-71.3027
19493	-71.1989
19494	-71.2072
19495	-71.4295
19496	-71.8482
19497	-71.6411
19498	-71.2388
19499	-71.5196
19500	-71.4912
19501	-71.479
19502	-71.5914
19503	-71.2467
19504	-71.5638
19505	-71.6308
19506	-71.9116
19507	-71.7719
19508	-71.4285
19509	-71.2828
19510	-71.8069
19511	-71.7668
19512	-71.7522
19513	-71.4799
19514	-71.1691
19515	-71.5775
19516	-71.7072
19517	-71.6671
19518	-71.1041
19519	-71.638
19520	-71.7044
19521	-71.6159
19522	-71.6686
19523	-71.3893
19524	-71.3459
19525	-71.7285
19526	-71.8053
19527	-71.5819
19528	-71.247
19529	-70.9027
19530	-71.2292
19531	-71.4478
19532	-72.0819
19533	-71.9222
19534	-71.8792
19535	-71.9753
19536	-71.6474
19537	-71.6135
19538	-71.4718
19539	-71.6331
19540	-71.7766
19541	-71.5185
19542	-71.606
19543	-71.8637
19544	-72.1642
19545	-71.4357
19546	-71.5449
19547	-71.4691
19548	-71.5748
19549	-71.4391
19550	-71.5608
19551	-71.3213
19552	-71.639
19553	-71.779
19554	-72.1052
19555	-71.4516
19556	-71.4708
19557	-71.5189
19558	-71.4697
19559	-71.7986
19560	-72.3103
19561	-71.7266
19562	-72.0262
19563	-71.6306
19564	-71.4604
19565	-71.4355
19566	-71.4745
19567	-71.3152
19568	-71.3179
19569	-71.1658
19570	-71.3454
19571	-71.2239
19572	-71.4005
19573	-71.7958
19574	-71.2751
19575	-71.2905
19576	-71.4844
19577	-71.4744
19578	-71.451
19579	-71.7316
19580	-71.8361
19581	-72.1609
19582	-71.8444
19583	-71.7348
19584	-71.6405
19585	-71.364
19586	-71.52
19587	-71.1797
19588	-71.5283
19589	-71.2992
19590	-70.978
19591	-71.6022
19592	-71.5224
19593	-71.3449
19594	-71.3919
19595	-71.5265
19596	-71.5502
19597	-71.5108
19598	-71.5846
19599	-71.3507
19600	-71.0286
19601	-71.6779
19602	-71.6795
19603	-71.4231
19604	-71.1794
19605	-71.3618
19606	-71.387
19607	-71.7443
19608	-71.6345
19609	-71.106
19610	-71.3176
19611	-71.5175
19612	-71.2692
19613	-71.3163
19614	-71.5599
19615	-71.9344
19616	-71.4294
19617	-71.8459
19618	-71.6962
19619	-71.7473
19620	-71.8182
19621	-71.7011
19622	-71.7696
19623	-71.6642
19624	-71.3824
19625	-71.5472
19626	-71.9556
19627	-71.9139
19628	-71.7137
19629	-71.4338
19630	-71.6105
19631	-71.7816
19632	-72.0564
19633	-71.4342
19634	-71.2256
19635	-71.5508
19636	-71.8649
19637	-71.9362
19638	-71.9831
19639	-71.3371
19640	-71.2566
19641	-71.601
19642	-71.8493
19643	-71.6588
19644	-71.5399
19645	-71.4995
19646	-71.8087
19647	-71.4176
19648	-71.7025
19649	-71.5971
19650	-71.6094
19651	-71.357
19652	-71.6051
19653	-71.8777
19654	-71.4731
19655	-71.2524
19656	-71.0186
19657	-71.3085
19658	-71.7803
19659	-71.7569
19660	-71.6312
19661	-71.7327
19662	-71.4249
19663	-71.5006
19664	-71.8139
19665	-71.6235
19666	-71.7724
19667	-71.6101
19668	-71.256
19669	-71.5714
19670	-71.6121
19671	-71.592
19672	-71.4237
19673	-71.6135
19674	-71.7617
19675	-71.6172
19676	-71.3294
19677	-71.6968
19678	-71.9538
19679	-71.8711
19680	-72.0423
19681	-71.8159
19682	-71.6232
19683	-71.4917
19684	-71.306
19685	-71.6962
19686	-71.5977
19687	-71.4272
19688	-71.919
19689	-71.8368
19690	-71.7978
19691	-71.6191
19692	-71.7174
19693	-71.7354
19694	-71.6056
19695	-71.6878
19696	-71.6689
19697	-71.3819
19698	-71.3768
19699	-71.6029
19700	-71.719
19701	-72.0641
19702	-71.7385
19703	-71.8178
19704	-71.6106
19705	-71.4402
19706	-71.0682
19707	-70.8975
19708	-71.2492
19709	-71.343
19710	-71.3439
19711	-71.6505
19712	-71.8238
19713	-71.9408
19714	-71.4831
19715	-71.6901
19716	-71.5702
19717	-71.4619
19718	-71.6546
19719	-70.9152
19720	-71.3067
19721	-71.6686
19722	-71.4052
19723	-71.5334
19724	-71.7611
19725	-71.6827
19726	-71.3376
19727	-71.2136
19728	-71.573
19729	-71.7716
19730	-71.4697
19731	-71.532
19732	-71.847
19733	-71.6986
19734	-71.8146
19735	-71.822
19736	-71.8866
19737	-71.7538
19738	-71.4393
19739	-71.3808
19740	-71.4567
19741	-71.652
19742	-72.0332
19743	-71.8474
19744	-71.3951
19745	-71.7124
19746	-71.8044
19747	-71.6436
19748	-71.4563
19749	-71.0487
19750	-71.3531
19751	-71.6352
19752	-71.1448
19753	-71.5751
19754	-71.4901
19755	-71.5392
19756	-71.7481
19757	-71.6793
19758	-71.7517
19759	-71.7004
19760	-71.99
19761	-71.8599
19762	-71.6781
19763	-71.7351
19764	-71.5887
19765	-71.2843
19766	-71.5247
19767	-71.7002
19768	-71.698
19769	-71.4715
19770	-71.6885
19771	-71.6519
19772	-71.2846
19773	-71.196
19774	-71.6378
19775	-71.742
19776	-71.901
19777	-71.5492
19778	-71.4698
19779	-71.9508
19780	-71.9985
19781	-71.7316
19782	-71.8987
19783	-71.5903
19784	-71.1051
19785	-70.7462
19786	-71.4038
19787	-71.9927
19788	-71.8616
19789	-71.8622
19790	-71.8314
19791	-71.9863
19792	-71.6212
19793	-71.525
19794	-71.3972
19795	-71.8571
19796	-71.9212
19797	-72.1961
19798	-72.0799
19799	-71.668
19800	-71.6503
19801	-71.7544
19802	-71.5445
19803	-71.2628
19804	-71.3428
19805	-71.6203
19806	-71.6589
19807	-71.5614
19808	-71.3192
19809	-71.6116
19810	-71.7101
19811	-71.5537
19812	-71.8511
19813	-71.6004
19814	-71.7237
19815	-71.7302
19816	-71.4884
19817	-71.4206
19818	-71.4465
19819	-71.8565
19820	-71.6083
19821	-71.7574
19822	-71.7899
19823	-71.5448
19824	-71.543
19825	-71.5001
19826	-71.2414
19827	-71.2422
19828	-71.691
19829	-71.3427
19830	-71.3225
19831	-71.1711
19832	-71.0363
19833	-71.7765
19834	-71.614
19835	-71.5404
19836	-71.5931
19837	-71.5437
19838	-71.5834
19839	-71.8363
19840	-71.6073
19841	-71.6278
19842	-71.5936
19843	-71.3481
19844	-71.3778
19845	-71.5643
19846	-71.5956
19847	-71.5697
19848	-71.6722
19849	-71.661
19850	-71.4763
19851	-71.0975
19852	-71.2606
19853	-71.2744
19854	-71.2024
19855	-71.496
19856	-71.3188
19857	-70.9492
19858	-71.3522
19859	-71.0101
19860	-71.0435
19861	-71.3819
19862	-71.2995
19863	-71.0524
19864	-71.3012
19865	-71.0046
19866	-70.5713
19867	-70.7559
19868	-71.1705
19869	-71.086
19870	-70.6229
19871	-70.5215
19872	-70.5337
19873	-70.7846
19874	-70.2319
19875	-70.4723
19876	-70.3824
19877	-70.6067
19878	-71.0322
19879	-71.2076
19880	-70.6312
19881	-70.8615
19882	-71.1751
19883	-70.9046
19884	-70.5148
19885	-70.6456
19886	-70.8237
19887	-70.1452
19888	-70.3453
19889	-70.4505
19890	-70.5519
19891	-70.8992
19892	-70.7448
19893	-70.6678
19894	-70.5859
19895	-70.1031
19896	-70.7128
19897	-70.317
19898	-70.0415
19899	-71.0963
19900	-70.6727
19901	-70.3618
19902	-70.3833
19903	-70.4702
19904	-70.7173
19905	-70.5516
19906	-70.0798
19907	-70.5506
19908	-70.4145
19909	-70.6867
19910	-71.009
19911	-70.4197
19912	-70.259
19913	-70.5337
19914	-70.3743
19915	-70.4792
19916	-70.8975
19917	-70.9409
19918	-70.6759
19919	-71.245
19920	-71.2382
19921	-71.1089
19922	-71.1282
19923	-70.9651
19924	-71.1356
19925	-71.1194
19926	-71.1218
19927	-71.1487
19928	-71.0081
19929	-70.6908
19930	-70.9993
19931	-70.863
19932	-70.9196
19933	-70.6578
19934	-71.0063
19935	-71.1895
19936	-71.3372
19937	-71.6383
19938	-71.3023
19939	-70.9855
19940	-71.0461
19941	-70.8753
19942	-71.0766
19943	-71.4681
19944	-71.5918
19945	-71.5917
19946	-71.2076
19947	-71.3946
19948	-71.3964
19949	-71.1079
19950	-71.2306
19951	-71.6119
19952	-71.4487
19953	-71.5525
19954	-71.4438
19955	-71.3741
19956	-71.4511
19957	-71.5822
19958	-71.5179
19959	-71.9932
19960	-71.5423
19961	-71.4439
19962	-71.9425
19963	-71.974
19964	-71.7433
19965	-71.7035
19966	-71.613
19967	-71.7795
19968	-71.6522
19969	-71.2952
19970	-71.5383
19971	-71.992
19972	-71.6594
19973	-71.4801
19974	-71.1359
19975	-71.6305
19976	-71.7667
19977	-72.081
19978	-71.6938
19979	-71.8424
19980	-71.522
19981	-71.5954
19982	-71.7782
19983	-71.65
19984	-71.6183
19985	-71.4518
19986	-71.6773
19987	-71.7159
19988	-71.4925
19989	-71.1129
19990	-71.2278
19991	-71.2955
19992	-71.5532
19993	-71.2713
19994	-71.4017
19995	-71.2749
19996	-71.7216
19997	-71.5776
19998	-71.6203
19999	-71.6377
20000	-71.728
20001	-71.921
20002	-71.4589
20003	-71.4257
20004	-71.341
20005	-71.6119
20006	-71.7877
20007	-71.5398
20008	-71.4846
20009	-71.8813
20010	-72.0532
20011	-71.8617
20012	-71.669
20013	-71.8094
20014	-71.7557
20015	-71.8019
20016	-71.5536
20017	-72.0216
20018	-72.0356
20019	-71.9029
20020	-72.0255
20021	-71.8671
20022	-71.7648
20023	-71.7642
20024	-71.5768
20025	-71.6205
20026	-71.4051
20027	-71.3676
20028	-71.7477
20029	-71.7021
20030	-71.9651
20031	-71.6606
20032	-71.7972
20033	-71.3765
20034	-71.6809
20035	-71.6762
20036	-71.8697
20037	-71.2071
20038	-71.0443
20039	-71.4277
20040	-71.4428
20041	-71.6416
20042	-71.3469
20043	-71.5506
20044	-71.8403
20045	-71.9181
20046	-71.6654
20047	-71.6811
20048	-71.6112
20049	-71.5316
20050	-71.7078
20051	-71.938
20052	-71.7815
20053	-71.1297
20054	-71.4135
20055	-71.2167
20056	-71.4397
20057	-71.4794
20058	-71.614
20059	-71.5623
20060	-71.659
20061	-71.5825
20062	-71.5704
20063	-71.6
20064	-71.7755
20065	-71.3572
20066	-71.4545
20067	-71.2006
20068	-71.8795
20069	-72.1421
20070	-71.6544
20071	-71.7532
20072	-71.6297
20073	-71.6069
20074	-71.4547
20075	-71.4356
20076	-71.2423
20077	-71.4623
20078	-71.6509
20079	-71.2715
20080	-71.2665
20081	-71.4398
20082	-71.4123
20083	-71.0981
20084	-71.6122
20085	-71.6276
20086	-71.5964
20087	-71.3636
20088	-71.5061
20089	-71.6073
20090	-71.4288
20091	-71.5026
20092	-71.7314
20093	-71.7745
20094	-71.6569
20095	-71.7591
20096	-71.4132
20097	-71.575
20098	-71.7015
20099	-71.2809
20100	-71.5234
20101	-71.5619
20102	-71.832
20103	-71.5462
20104	-71.1608
20105	-71.5148
20106	-71.5612
20107	-71.8184
20108	-71.8847
20109	-71.3858
20110	-71.7572
20111	-71.6174
20112	-71.7329
20113	-71.9986
20114	-71.9997
20115	-72.0089
20116	-71.9245
20117	-71.4848
20118	-71.2589
20119	-71.457
20120	-71.5534
20121	-71.7188
20122	-71.7843
20123	-71.8101
20124	-71.7383
20125	-71.3298
20126	-71.1784
20127	-71.3789
20128	-71.6757
20129	-71.6505
20130	-71.8236
20131	-71.8175
20132	-71.5699
20133	-71.4321
20134	-71.1662
20135	-71.3171
20136	-71.5544
20137	-71.6232
20138	-71.5661
20139	-71.9363
20140	-71.8611
20141	-71.1794
20142	-71.3556
20143	-71.7261
20144	-71.8596
20145	-71.563
20146	-71.4183
20147	-71.3294
20148	-71.4791
20149	-71.3018
20150	-71.8241
20151	-72.06
20152	-71.9237
20153	-72.2216
20154	-71.5356
20155	-71.466
20156	-71.806
20157	-71.4228
20158	-71.6597
20159	-71.3402
20160	-71.6233
20161	-72.0114
20162	-72.078
20163	-71.8117
20164	-71.7245
20165	-71.6296
20166	-71.7009
20167	-71.4216
20168	-71.5124
20169	-71.3448
20170	-71.7762
20171	-71.5643
20172	-71.6893
20173	-71.609
20174	-71.6212
20175	-71.3489
20176	-71.6994
20177	-71.8
20178	-71.3574
20179	-71.2981
20180	-71.356
20181	-71.2619
20182	-71.2254
20183	-71.414
20184	-71.3595
20185	-71.1427
20186	-71.4245
20187	-71.4573
20188	-71.3806
20189	-71.7289
20190	-72.6417
20191	-72.252
20192	-71.6704
20193	-71.4771
20194	-71.4756
20195	-71.4204
20196	-71.2327
20197	-70.9941
20198	-71.5262
20199	-71.8451
20200	-71.8421
20201	-71.4545
20202	-71.3378
20203	-71.2777
20204	-71.4309
20205	-71.6445
20206	-71.497
20207	-71.4101
20208	-71.5279
20209	-71.6105
20210	-71.3726
20211	-71.7096
20212	-71.5329
20213	-71.7166
20214	-71.9791
20215	-72.0344
20216	-71.6289
20217	-71.9079
20218	-72.3444
20219	-71.9613
20220	-71.8944
20221	-72.0134
20222	-72.1064
20223	-71.8552
20224	-71.7661
20225	-71.3444
20226	-71.4664
20227	-71.7032
20228	-71.4738
20229	-71.3887
20230	-71.8133
20231	-71.7608
20232	-71.9833
20233	-71.2907
20234	-71.5397
20235	-71.9026
20236	-71.3301
20237	-71.5644
20238	-71.8335
20239	-71.6756
20240	-71.4433
20241	-71.363
20242	-71.3031
20243	-71.3444
20244	-71.6329
20245	-71.7782
20246	-71.7831
20247	-71.7925
20248	-71.451
20249	-71.3764
20250	-71.7121
20251	-72.0888
20252	-71.6872
20253	-71.9331
20254	-71.7302
20255	-71.7678
20256	-71.6258
20257	-71.693
20258	-72.1184
20259	-71.917
20260	-71.6834
20261	-71.7287
20262	-71.531
20263	-71.6048
20264	-71.959
20265	-71.7145
20266	-71.5575
20267	-71.7996
20268	-71.7708
20269	-71.506
20270	-72.1208
20271	-72.0212
20272	-72.0581
20273	-71.9375
20274	-71.5473
20275	-71.4667
20276	-71.3067
20277	-71.8865
20278	-71.6596
20279	-71.1556
20280	-71.1952
20281	-71.6513
20282	-71.8342
20283	-71.8774
20284	-71.5299
20285	-71.7064
20286	-71.6683
20287	-71.668
20288	-71.5981
20289	-71.777
20290	-71.8196
20291	-71.8854
20292	-71.6702
20293	-71.9617
20294	-71.2856
20295	-71.1507
20296	-71.7935
20297	-72.0403
20298	-71.8255
20299	-71.526
20300	-71.4722
20301	-71.5361
20302	-71.7053
20303	-71.5221
20304	-71.6586
20305	-72.2732
20306	-71.7637
20307	-71.8006
20308	-71.7478
20309	-71.6338
20310	-71.8981
20311	-71.7497
20312	-71.7815
20313	-72.0015
20314	-71.7191
20315	-71.4299
20316	-72.0025
20317	-72.2047
20318	-71.8932
20319	-71.2952
20320	-71.3492
20321	-71.507
20322	-71.4946
20323	-71.5883
20324	-71.8531
20325	-71.6844
20326	-71.8861
20327	-71.3775
20328	-71.7559
20329	-71.705
20330	-71.6526
20331	-71.8009
20332	-72.1764
20333	-71.5928
20334	-71.9169
20335	-71.8205
20336	-72.0316
20337	-71.744
20338	-71.7706
20339	-71.9758
20340	-71.7336
20341	-71.6961
20342	-71.8978
20343	-71.9251
20344	-71.8442
20345	-71.7075
20346	-71.6632
20347	-71.6788
20348	-71.6963
20349	-71.7313
20350	-72.0814
20351	-71.9963
20352	-71.6299
20353	-72.053
20354	-71.7357
20355	-71.5216
20356	-71.4772
20357	-71.8331
20358	-71.6958
20359	-71.363
20360	-71.4682
20361	-71.3868
20362	-71.6372
20363	-71.5753
20364	-71.7473
20365	-71.442
20366	-71.1719
20367	-71.5043
20368	-71.8305
20369	-71.6253
20370	-72.2521
20371	-71.7899
20372	-71.3684
20373	-71.539
20374	-71.7078
20375	-71.6288
20376	-71.5865
20377	-71.7916
20378	-71.7963
20379	-71.612
20380	-71.5783
20381	-71.5493
20382	-71.6389
20383	-71.5098
20384	-71.1916
20385	-71.5642
20386	-71.4508
20387	-71.4966
20388	-71.8333
20389	-71.7575
20390	-71.7018
20391	-71.5173
20392	-71.4843
20393	-71.5644
20394	-71.7376
20395	-71.5946
20396	-71.7547
20397	-71.7632
20398	-71.5635
20399	-71.6692
20400	-71.9359
20401	-71.7786
20402	-71.561
20403	-71.8581
20404	-71.7647
20405	-72.1515
20406	-71.9802
20407	-71.4414
20408	-71.4894
20409	-71.2299
20410	-71.4136
20411	-71.7149
20412	-71.9694
20413	-72.0606
20414	-71.9156
20415	-71.6022
20416	-71.5339
20417	-71.6124
20418	-72.2164
20419	-71.8973
20420	-71.6868
20421	-71.377
20422	-71.4493
20423	-71.5672
20424	-71.7467
20425	-71.5644
20426	-71.7281
20427	-72.1361
20428	-71.686
20429	-71.6028
20430	-71.3956
20431	-71.6596
20432	-71.579
20433	-71.4659
20434	-71.5305
20435	-71.5573
20436	-70.9062
20437	-71.5258
20438	-71.3788
20439	-71.7381
20440	-71.9877
20441	-71.6743
20442	-71.1302
20443	-71.0177
20444	-71.3311
20445	-71.8858
20446	-72.023
20447	-71.616
20448	-71.7963
20449	-71.5986
20450	-71.8115
20451	-71.9573
20452	-72.0238
20453	-71.7289
20454	-71.8615
20455	-71.7499
20456	-71.9091
20457	-71.5001
20458	-71.5038
20459	-71.981
20460	-72.0892
20461	-72.0791
20462	-71.8405
20463	-71.5284
20464	-71.5464
20465	-71.5769
20466	-71.9823
20467	-71.6459
20468	-71.6489
20469	-71.8628
20470	-71.9698
20471	-72.0405
20472	-71.7162
20473	-71.9881
20474	-71.8915
20475	-71.8677
20476	-71.7366
20477	-71.2294
20478	-71.1396
20479	-71.6934
20480	-72.341
20481	-71.7596
20482	-71.7788
20483	-72.1113
20484	-71.8764
20485	-71.6191
20486	-71.8462
20487	-71.4846
20488	-71.5771
20489	-71.8854
20490	-71.6801
20491	-71.7614
20492	-71.5663
20493	-71.9378
20494	-72.1825
20495	-72.1354
20496	-71.7756
20497	-71.5364
20498	-71.6996
20499	-72.1052
20500	-71.7823
20501	-71.7818
20502	-72.1371
20503	-71.9521
20504	-71.8237
20505	-71.5767
20506	-71.6525
20507	-71.7531
20508	-72.3648
20509	-71.958
20510	-71.8064
20511	-71.4773
20512	-71.8342
20513	-71.8027
20514	-71.7097
20515	-71.9115
20516	-71.6935
20517	-71.4463
20518	-71.4745
20519	-71.628
20520	-71.5761
20521	-71.8545
20522	-71.8203
20523	-72.1983
20524	-71.807
20525	-71.8871
20526	-71.7276
20527	-71.8697
20528	-71.79
20529	-71.7242
20530	-71.8869
20531	-71.5642
20532	-71.6663
20533	-71.6798
20534	-72.0418
20535	-71.8252
20536	-72.276
20537	-71.8357
20538	-72.0309
20539	-71.9331
20540	-71.6179
20541	-71.5087
20542	-71.4031
20543	-71.5692
20544	-71.5256
20545	-71.6422
20546	-71.7382
20547	-71.9405
20548	-71.8171
20549	-72.148
20550	-71.8204
20551	-72.1465
20552	-71.7409
20553	-71.9332
20554	-72.1001
20555	-72.3091
20556	-72.2431
20557	-71.5581
20558	-71.2968
20559	-71.509
20560	-71.7841
20561	-71.7421
20562	-71.7835
20563	-71.9709
20564	-72.1901
20565	-71.7466
20566	-72.1796
20567	-71.82
20568	-71.9858
20569	-71.7525
20570	-71.5468
20571	-71.7508
20572	-72.0366
20573	-72.0309
20574	-71.9057
20575	-71.7692
20576	-71.8108
20577	-71.5722
20578	-71.3505
20579	-71.7794
20580	-71.6015
20581	-71.7643
20582	-71.8242
20583	-71.6447
20584	-71.5068
20585	-71.2764
20586	-71.5972
20587	-71.8779
20588	-71.4664
20589	-71.6931
20590	-71.5365
20591	-71.7269
20592	-71.9021
20593	-71.9933
20594	-71.9138
20595	-71.6894
20596	-71.9273
20597	-71.8296
20598	-71.6389
20599	-71.4999
20600	-71.5609
20601	-71.5242
20602	-71.5789
20603	-71.8615
20604	-71.3394
20605	-71.4169
20606	-71.5953
20607	-71.3014
20608	-71.4168
20609	-71.4964
20610	-71.5228
20611	-71.8267
20612	-71.8486
20613	-71.8152
20614	-71.8084
20615	-71.5211
20616	-71.8282
20617	-71.8207
20618	-71.7729
20619	-71.5235
20620	-71.4747
20621	-71.7864
20622	-71.737
20623	-71.5283
20624	-71.8311
20625	-71.887
20626	-71.725
20627	-71.6394
20628	-71.8113
20629	-71.8164
20630	-71.7271
20631	-71.7669
20632	-71.5564
20633	-71.4059
20634	-71.2457
20635	-71.5542
20636	-71.8661
20637	-71.8654
20638	-71.6797
20639	-71.672
20640	-71.5363
20641	-71.2838
20642	-71.4825
20643	-71.2636
20644	-71.3694
20645	-71.5829
20646	-71.614
20647	-71.7928
20648	-72.1316
20649	-71.5905
20650	-71.6115
20651	-71.7821
20652	-71.7938
20653	-71.6402
20654	-71.8021
20655	-71.9518
20656	-71.8819
20657	-71.8115
20658	-71.7326
20659	-71.912
20660	-71.9922
20661	-72.1498
20662	-71.6816
20663	-71.8317
20664	-72.1619
20665	-72.0713
20666	-71.7712
20667	-71.7798
20668	-71.7666
20669	-71.9672
20670	-71.8919
20671	-71.6115
20672	-71.5079
20673	-71.5073
20674	-71.6859
20675	-72.1245
20676	-71.5912
20677	-71.4547
20678	-71.7275
20679	-71.7464
20680	-72.0594
20681	-72.019
20682	-71.8543
20683	-71.6127
20684	-71.5485
20685	-71.798
20686	-71.4448
20687	-71.6281
20688	-71.4208
20689	-71.7175
20690	-71.705
20691	-71.8421
20692	-71.7485
20693	-71.7305
20694	-71.7682
20695	-71.6194
20696	-71.695
20697	-71.7078
20698	-71.4643
20699	-71.4691
20700	-71.8316
20701	-71.5804
20702	-71.2453
20703	-71.3558
20704	-71.5346
20705	-71.8383
20706	-71.4867
20707	-71.6381
20708	-71.967
20709	-71.6511
20710	-71.691
20711	-71.6055
20712	-71.8645
20713	-71.8321
20714	-71.7639
20715	-71.6887
20716	-71.5116
20717	-71.1982
20718	-71.1603
20719	-71.414
20720	-71.6871
20721	-71.7913
20722	-71.966
20723	-72.1204
20724	-71.7507
20725	-71.5452
20726	-71.7787
20727	-71.7456
20728	-71.6291
20729	-71.422
20730	-71.4416
20731	-71.629
20732	-71.744
20733	-71.4243
20734	-71.921
20735	-71.9016
20736	-71.7272
20737	-71.8368
20738	-71.3502
20739	-71.6696
20740	-71.7727
20741	-71.8736
20742	-71.5718
20743	-71.9928
20744	-71.6752
20745	-71.9913
20746	-71.8114
20747	-71.7511
20748	-71.7947
20749	-71.6299
20750	-71.6837
20751	-71.3899
20752	-71.6125
20753	-71.6226
20754	-71.7807
20755	-71.7747
20756	-71.8109
20757	-71.9501
20758	-71.6133
20759	-71.8407
20760	-71.8896
20761	-72.1908
20762	-72.1856
20763	-72.1419
20764	-71.7753
20765	-71.8224
20766	-71.5871
20767	-71.766
20768	-71.544
20769	-71.5639
20770	-71.7119
20771	-71.4982
20772	-71.3954
20773	-71.3892
20774	-71.5314
20775	-71.7622
20776	-71.8455
20777	-71.8253
20778	-71.6269
20779	-71.4805
20780	-71.5967
20781	-71.6693
20782	-72.0445
20783	-72.084
20784	-71.9936
20785	-71.8007
20786	-72.1674
20787	-72.1556
20788	-71.8963
20789	-72.0429
20790	-71.5743
20791	-71.6219
20792	-71.4135
20793	-71.2205
20794	-71.3845
20795	-71.6409
20796	-71.4483
20797	-72.1679
20798	-72.1762
20799	-72.0477
20800	-72.1628
20801	-71.874
20802	-71.2428
20803	-71.3276
20804	-71.5568
20805	-72.0228
20806	-71.5384
20807	-71.5833
20808	-71.7681
20809	-72.1384
20810	-71.65
20811	-71.8393
20812	-71.8149
20813	-71.6927
20814	-71.808
20815	-71.999
20816	-72.1236
20817	-72.0086
20818	-71.6283
20819	-71.2943
20820	-71.7724
20821	-72.2918
20822	-72.0023
20823	-71.7459
20824	-72.0206
20825	-71.8229
20826	-71.3033
20827	-71.7987
20828	-71.785
20829	-71.8047
20830	-71.5319
20831	-71.4382
20832	-71.86
20833	-72.1242
20834	-71.9817
20835	-71.7894
20836	-71.8269
20837	-71.7627
20838	-71.6952
20839	-71.8458
20840	-71.8776
20841	-71.9538
20842	-71.9865
20843	-72.2123
20844	-71.7779
20845	-71.9021
20846	-71.5964
20847	-71.5957
20848	-71.9029
20849	-71.9657
20850	-71.7771
20851	-71.5529
20852	-71.7476
20853	-72.091
20854	-71.8247
20855	-71.7563
20856	-71.7653
20857	-71.3571
20858	-71.9507
20859	-71.7846
20860	-71.663
20861	-71.8737
20862	-71.8744
20863	-71.7181
20864	-71.9466
20865	-72.4106
20866	-72.0044
20867	-71.8842
20868	-72.0597
20869	-72.1378
20870	-72.1041
20871	-72.2668
20872	-72.3419
20873	-72.0223
20874	-72.0818
20875	-71.5414
20876	-71.4115
20877	-71.9845
20878	-72.3168
20879	-72.3174
20880	-71.9537
20881	-71.1465
20882	-71.5406
20883	-71.822
20884	-72.2023
20885	-72.115
20886	-71.6496
20887	-71.7178
20888	-71.7269
20889	-71.5896
20890	-71.7673
20891	-71.8224
20892	-71.683
20893	-71.8038
20894	-72.0911
20895	-71.8299
20896	-71.5953
20897	-71.5319
20898	-71.506
20899	-71.8202
20900	-71.713
20901	-72.0051
20902	-72.0343
20903	-72.5697
20904	-72.1113
20905	-71.8379
20906	-71.8668
20907	-71.865
20908	-71.9486
20909	-71.7681
20910	-71.667
20911	-71.6428
20912	-71.2452
20913	-71.8296
20914	-71.5127
20915	-71.6218
20916	-71.3957
20917	-71.5729
20918	-71.8141
20919	-71.716
20920	-71.7785
20921	-71.5223
20922	-71.6066
20923	-71.6688
20924	-71.8772
20925	-71.96
20926	-71.7843
20927	-71.4571
20928	-71.4905
20929	-71.0414
20930	-71.3723
20931	-71.5042
20932	-71.5396
20933	-71.61
20934	-71.8152
20935	-71.5026
20936	-71.8847
20937	-71.5423
20938	-71.7282
20939	-71.8229
20940	-71.5047
20941	-71.618
20942	-71.6433
20943	-71.8352
20944	-71.9722
20945	-72.1208
20946	-71.813
20947	-71.6867
20948	-71.8612
20949	-71.9135
20950	-72.0651
20951	-71.7192
20952	-71.3957
20953	-72.0753
20954	-72.2043
20955	-72.0467
20956	-72.2453
20957	-71.8781
20958	-71.6728
20959	-71.5599
20960	-71.7166
20961	-71.5871
20962	-71.6304
20963	-71.7602
20964	-72.025
20965	-71.8303
20966	-71.6394
20967	-71.5113
20968	-72.0098
20969	-71.6334
20970	-71.3634
20971	-71.6812
20972	-71.7144
20973	-71.8598
20974	-72.0073
20975	-71.9841
20976	-71.7407
20977	-71.8343
20978	-71.7095
20979	-71.2482
20980	-71.547
20981	-71.3348
20982	-71.2902
20983	-71.2688
20984	-71.2935
20985	-71.5682
20986	-71.607
20987	-71.6251
20988	-71.3429
20989	-71.5351
20990	-71.5433
20991	-71.5757
20992	-71.8027
20993	-71.6872
20994	-71.6357
20995	-71.6158
20996	-71.6147
20997	-71.5569
20998	-71.4218
20999	-71.7685
21000	-71.8131
21001	-71.7559
21002	-71.8421
21003	-71.7805
21004	-72.0932
21005	-71.9246
21006	-72.1576
21007	-71.807
21008	-72.025
21009	-72.1501
21010	-72.2292
21011	-72.3251
21012	-72.3974
21013	-71.5508
21014	-71.4943
21015	-71.7816
21016	-71.7203
21017	-71.6301
21018	-71.5015
21019	-71.5111
21020	-71.5486
21021	-71.7714
21022	-71.8736
21023	-71.6761
21024	-71.9686
21025	-71.9863
21026	-71.6036
21027	-71.6686
21028	-71.8163
21029	-71.5206
21030	-71.5787
21031	-71.8471
21032	-71.9569
21033	-72.0493
21034	-72.0317
21035	-71.8979
21036	-71.9198
21037	-71.8857
21038	-71.7324
21039	-71.8263
21040	-71.5766
21041	-71.6181
21042	-71.4182
21043	-71.3754
21044	-71.6729
21045	-71.9058
21046	-72.313
21047	-72.2379
21048	-71.8008
21049	-71.7706
21050	-72.1695
21051	-71.9161
21052	-71.7856
21053	-71.4642
21054	-71.8422
21055	-71.832
21056	-71.7281
21057	-71.7489
21058	-72.026
21059	-72.3013
21060	-72.5803
21061	-72.0642
21062	-71.7576
21063	-71.8261
21064	-71.9748
21065	-71.8257
21066	-71.8793
21067	-72.1308
21068	-71.6736
21069	-71.6454
21070	-71.7475
21071	-71.2699
21072	-71.6527
21073	-71.8981
21074	-71.5291
21075	-71.6149
21076	-71.3299
21077	-71.8605
21078	-71.8394
21079	-72.0347
21080	-72.0099
21081	-71.6328
21082	-71.8281
21083	-71.9596
21084	-72.0228
21085	-72.0979
21086	-72.3083
21087	-71.7545
21088	-71.7352
21089	-71.9975
21090	-71.6226
21091	-71.8978
21092	-71.896
21093	-71.9443
21094	-71.2584
21095	-71.7325
21096	-71.9387
21097	-71.5907
21098	-71.8365
21099	-72.0785
21100	-71.6966
21101	-71.7989
21102	-71.7909
21103	-71.9787
21104	-71.5941
21105	-71.748
21106	-72.0809
21107	-72.0718
21108	-71.8819
21109	-71.5201
21110	-71.6061
21111	-71.4982
21112	-71.4197
21113	-71.8944
21114	-72.0113
21115	-71.7988
21116	-71.897
21117	-71.6816
21118	-71.8352
21119	-71.5177
21120	-71.7176
21121	-71.833
21122	-72.2275
21123	-71.8837
21124	-71.4881
21125	-71.6209
21126	-71.9883
21127	-72.0525
21128	-71.6351
21129	-72.0342
21130	-71.8278
21131	-71.6056
21132	-71.9891
21133	-71.8863
21134	-71.6815
21135	-71.6993
21136	-71.9124
21137	-72.5009
21138	-72.1887
21139	-72.0697
21140	-71.6548
21141	-72.0714
21142	-71.7766
21143	-71.3982
21144	-71.4245
21145	-71.2726
21146	-71.4929
21147	-71.6629
21148	-72.0499
21149	-71.7476
21150	-71.8133
21151	-71.6663
21152	-72.1091
21153	-72.0614
21154	-71.5017
21155	-71.6788
21156	-72.1311
21157	-71.9068
21158	-72.0654
21159	-71.9769
21160	-71.5189
21161	-71.5041
21162	-71.6546
21163	-71.9413
21164	-71.8354
21165	-72.0524
21166	-71.9489
21167	-71.6252
21168	-71.9389
21169	-71.6963
21170	-71.3693
21171	-71.592
21172	-71.6936
21173	-71.6812
21174	-71.5548
21175	-71.4601
21176	-71.7984
21177	-71.9642
21178	-71.8215
21179	-71.8003
21180	-71.5036
21181	-71.659
21182	-71.913
21183	-71.6006
21184	-71.1939
21185	-71.4724
21186	-71.6397
21187	-71.9544
21188	-72.0797
21189	-72.0974
21190	-72.1165
21191	-71.5218
21192	-71.8164
21193	-71.9568
21194	-71.86
21195	-71.8096
21196	-71.5907
21197	-71.7139
21198	-71.6385
21199	-71.8992
21200	-71.6852
21201	-71.699
21202	-71.4623
21203	-71.5236
21204	-72.0815
21205	-71.7931
21206	-71.4395
21207	-71.3522
21208	-71.4867
21209	-71.92
21210	-71.8609
21211	-71.9378
21212	-71.3111
21213	-71.5672
21214	-71.685
21215	-71.484
21216	-71.9844
21217	-71.7253
21218	-71.8705
21219	-71.6479
21220	-71.6503
21221	-71.7016
21222	-71.6715
21223	-71.717
21224	-71.9042
21225	-71.6584
21226	-71.9757
21227	-71.9767
21228	-72.4896
21229	-71.8505
21230	-71.6607
21231	-71.7395
21232	-71.8897
21233	-71.9993
21234	-72.2603
21235	-71.7573
21236	-71.4148
21237	-71.5631
21238	-71.849
21239	-71.4266
21240	-71.6912
21241	-72.1198
21242	-71.6505
21243	-71.7133
21244	-71.6372
21245	-71.3825
21246	-71.6769
21247	-71.6882
21248	-71.6531
21249	-71.6007
21250	-71.9
21251	-71.8665
21252	-71.9292
21253	-72.246
21254	-71.7999
21255	-71.453
21256	-71.4354
21257	-71.4783
21258	-71.5567
21259	-71.5258
21260	-71.6567
21261	-72.0309
21262	-71.9555
21263	-71.9711
21264	-71.6144
21265	-71.5042
21266	-71.8418
21267	-71.8721
21268	-71.6974
21269	-71.6612
21270	-71.7459
21271	-72.035
21272	-72.1481
21273	-71.9556
21274	-71.6661
21275	-71.4897
21276	-71.3286
21277	-71.2836
21278	-71.9369
21279	-71.8553
21280	-71.6791
21281	-71.7459
21282	-71.8393
21283	-71.5814
21284	-71.6421
21285	-71.8417
21286	-72.0514
21287	-72.0197
21288	-71.6107
21289	-71.5196
21290	-71.6976
21291	-71.8237
21292	-71.8372
21293	-71.573
21294	-71.4685
21295	-71.9677
21296	-71.9768
21297	-71.8856
21298	-71.7941
21299	-72.196
21300	-72.0504
21301	-72.3581
21302	-71.6847
21303	-71.4784
21304	-71.6635
21305	-71.9127
21306	-71.8444
21307	-71.6424
21308	-71.6358
21309	-71.7665
21310	-71.5894
21311	-71.9312
21312	-71.9445
21313	-71.6402
21314	-71.7063
21315	-72.1488
21316	-71.8855
21317	-71.3655
21318	-72.2233
21319	-71.9335
21320	-71.9682
21321	-71.9706
21322	-72.0872
21323	-71.8951
21324	-71.9517
21325	-71.704
21326	-71.736
21327	-71.9654
21328	-71.9212
21329	-71.9457
21330	-72.0596
21331	-72.0866
21332	-72.2675
21333	-71.9298
21334	-71.5943
21335	-71.7165
21336	-71.3269
21337	-71.7582
21338	-71.9646
21339	-71.868
21340	-71.984
21341	-71.7668
21342	-71.9094
21343	-71.8176
21344	-71.3716
21345	-71.1811
21346	-71.2823
21347	-71.8108
21348	-71.5076
21349	-71.4422
21350	-71.2866
21351	-71.5368
21352	-72.0465
21353	-71.921
21354	-71.6656
21355	-71.6209
21356	-71.7403
21357	-71.919
21358	-71.8617
21359	-71.9784
21360	-71.8357
21361	-71.5966
21362	-71.8103
21363	-71.8524
21364	-71.838
21365	-71.7208
21366	-72.0327
21367	-72.1361
21368	-71.8492
21369	-71.87
21370	-71.9192
21371	-71.6115
21372	-71.9916
21373	-71.7242
21374	-71.8053
21375	-71.8284
21376	-71.6536
21377	-71.3891
21378	-71.5245
21379	-72.253
21380	-72.1293
21381	-72.0087
21382	-71.7327
21383	-71.9344
21384	-71.713
21385	-71.7929
21386	-71.5271
21387	-71.6244
21388	-72.0342
21389	-71.8561
21390	-71.6165
21391	-71.7521
21392	-71.6175
21393	-71.7061
21394	-71.4859
21395	-71.6267
21396	-71.5535
21397	-71.8482
21398	-71.7398
21399	-71.9159
21400	-71.8423
21401	-71.6031
21402	-71.1919
21403	-71.3998
21404	-71.6321
21405	-71.8186
21406	-71.8378
21407	-71.6753
21408	-72.1132
21409	-72.1304
21410	-71.9174
21411	-71.8119
21412	-71.9513
21413	-71.5226
21414	-71.5176
21415	-71.5235
21416	-71.4562
21417	-71.547
21418	-71.7785
21419	-72.2683
21420	-71.944
21421	-71.5745
21422	-71.5181
21423	-71.8381
21424	-71.853
21425	-71.7809
21426	-71.891
21427	-71.8536
21428	-72.436
21429	-72.1259
21430	-71.941
21431	-71.997
21432	-71.6863
21433	-71.549
21434	-71.704
21435	-71.8806
21436	-71.8002
21437	-71.5218
21438	-71.6223
21439	-71.5388
21440	-71.4357
21441	-71.6874
21442	-71.6778
21443	-71.7
21444	-71.9785
21445	-72.2741
21446	-72.1166
21447	-71.6822
21448	-71.3797
21449	-71.8738
21450	-71.8852
21451	-71.7928
21452	-71.5645
21453	-71.9509
21454	-72.4427
21455	-71.9842
21456	-71.6953
21457	-71.7539
21458	-71.541
21459	-71.8287
21460	-72.2222
21461	-72.081
21462	-71.9211
21463	-72.3491
21464	-72.3899
21465	-72.2497
21466	-72.1595
21467	-72.0358
21468	-71.7188
21469	-71.8484
21470	-71.9889
21471	-71.6276
21472	-71.5812
21473	-72.0818
21474	-72.1836
21475	-71.7219
21476	-71.5994
21477	-71.5101
21478	-71.5802
21479	-71.7338
21480	-71.642
21481	-72.0467
21482	-72.2095
21483	-71.693
21484	-71.9281
21485	-72.0097
21486	-71.3478
21487	-71.2781
21488	-71.3161
21489	-71.679
21490	-72.059
21491	-71.534
21492	-71.7617
21493	-71.9039
21494	-71.3971
21495	-71.3921
21496	-71.9101
21497	-71.7586
21498	-72.104
21499	-71.8731
21500	-71.8461
21501	-72.1069
21502	-71.7949
21503	-71.7128
21504	-72.0062
21505	-72.1581
21506	-71.8791
21507	-72.0416
21508	-71.5349
21509	-71.676
21510	-71.9112
21511	-71.9459
21512	-71.7028
21513	-71.5013
21514	-71.3402
21515	-71.716
21516	-71.6971
21517	-71.9451
21518	-71.7986
21519	-71.4268
21520	-71.3752
21521	-71.963
21522	-71.9521
21523	-71.958
21524	-71.8421
21525	-71.7194
21526	-71.9848
21527	-71.743
21528	-71.6645
21529	-71.8496
21530	-71.9913
21531	-71.7535
21532	-72.0454
21533	-72.0677
21534	-71.9817
21535	-72.3027
21536	-71.9687
21537	-71.4484
21538	-71.6713
21539	-71.8964
21540	-71.9524
21541	-71.7724
21542	-71.668
21543	-71.6597
21544	-71.3425
21545	-71.4531
21546	-71.7668
21547	-71.9327
21548	-72.196
21549	-71.9089
21550	-71.9069
21551	-71.9864
21552	-71.7622
21553	-71.6658
21554	-71.6329
21555	-71.5673
21556	-71.5322
21557	-71.4597
21558	-71.8955
21559	-71.6851
21560	-72.0546
21561	-72.0775
21562	-72.1068
21563	-71.9055
21564	-71.7727
21565	-71.545
21566	-71.5172
21567	-71.6099
21568	-72.017
21569	-71.921
21570	-71.6271
21571	-71.5578
21572	-71.959
21573	-71.688
21574	-71.5765
21575	-71.5599
21576	-71.5113
21577	-71.7354
21578	-71.6242
21579	-71.6109
21580	-72.1904
21581	-72.1851
21582	-72.1554
21583	-71.7182
21584	-72.02
21585	-72.3748
21586	-71.7623
21587	-71.5764
21588	-71.3044
21589	-71.5599
21590	-72.2076
21591	-71.8347
21592	-71.5277
21593	-71.6497
21594	-71.9072
21595	-71.9152
21596	-71.8263
21597	-71.8138
21598	-72.0283
21599	-71.5709
21600	-71.6766
21601	-71.9653
21602	-72.0905
21603	-72.0028
21604	-71.9637
21605	-72.2922
21606	-72.0164
21607	-72.1837
21608	-71.6917
21609	-71.4042
21610	-71.991
21611	-71.5264
21612	-71.7088
21613	-72.0331
21614	-72.1687
21615	-72.0442
21616	-71.6767
21617	-71.7131
21618	-71.5502
21619	-71.4029
21620	-71.3162
21621	-71.5841
21622	-71.7447
21623	-71.7873
21624	-71.405
21625	-71.9904
21626	-72.0623
21627	-72.2651
21628	-71.7703
21629	-71.7601
21630	-71.7427
21631	-71.6657
21632	-71.6794
21633	-71.8253
21634	-71.8219
21635	-71.9152
21636	-71.7854
21637	-71.9809
21638	-71.8928
21639	-71.7297
21640	-72.1412
21641	-72.2057
21642	-71.6299
21643	-71.3337
21644	-71.5557
21645	-72.2933
21646	-72.2339
21647	-72.1357
21648	-72.13
21649	-72.0401
21650	-72.0773
21651	-71.7652
21652	-71.4678
21653	-71.3551
21654	-71.771
21655	-71.5329
21656	-71.9389
21657	-72.0886
21658	-71.9735
21659	-72.0694
21660	-72.1522
21661	-71.65
21662	-71.6634
21663	-71.4062
21664	-71.6969
21665	-71.9608
21666	-72.1239
21667	-71.9159
21668	-71.3789
21669	-71.8886
21670	-71.9171
21671	-72.3046
21672	-71.9958
21673	-71.6886
21674	-71.6678
21675	-72.1726
21676	-71.9918
21677	-71.582
21678	-71.5132
21679	-71.5235
21680	-71.8267
21681	-71.7704
21682	-71.5308
21683	-71.7701
21684	-71.8633
21685	-71.9594
21686	-72.2226
21687	-71.9458
21688	-71.8656
21689	-71.9078
21690	-71.9003
21691	-71.8318
21692	-71.6337
21693	-71.8863
21694	-71.5491
21695	-71.1997
21696	-71.5609
21697	-71.7448
21698	-71.7188
21699	-71.3529
21700	-71.4789
21701	-71.1918
21702	-71.6625
21703	-71.387
21704	-71.6203
21705	-71.7389
21706	-71.689
21707	-71.6575
21708	-71.6176
21709	-71.9222
21710	-72.1605
21711	-71.8752
21712	-71.5519
21713	-71.7354
21714	-71.6679
21715	-71.4025
21716	-71.8759
21717	-72.1651
21718	-72.0314
21719	-71.9752
21720	-71.5314
21721	-71.6843
21722	-71.8247
21723	-71.791
21724	-71.9334
21725	-72.25
21726	-72.2291
21727	-72.2271
21728	-71.901
21729	-71.9027
21730	-71.9626
21731	-71.9626
21732	-71.7477
21733	-71.8688
21734	-72.2196
21735	-71.6193
21736	-70.7768
21737	-70.7485
21738	-71.6807
21739	-71.9107
21740	-71.9944
21741	-72.2498
21742	-72.0454
21743	-71.7189
21744	-71.6707
21745	-72.0303
21746	-72.1545
21747	-72.1305
21748	-71.745
21749	-72.1253
21750	-72.2211
21751	-72.2675
21752	-72.0342
21753	-71.8912
21754	-71.736
21755	-71.5641
21756	-71.7011
21757	-71.7539
21758	-71.9232
21759	-72.0612
21760	-71.8581
21761	-71.7261
21762	-71.4615
21763	-71.627
21764	-71.6431
21765	-71.8623
21766	-71.3461
21767	-71.4982
21768	-71.6292
21769	-71.8949
21770	-71.891
21771	-71.619
21772	-71.4062
21773	-71.6906
21774	-71.7203
21775	-71.8923
21776	-71.7657
21777	-71.7739
21778	-72.1556
21779	-71.8484
21780	-71.8752
21781	-72.2998
21782	-72.209
21783	-71.5993
21784	-71.7612
21785	-71.4688
21786	-71.6186
21787	-71.257
21788	-71.7399
21789	-71.6915
21790	-71.169
21791	-71.6676
21792	-71.5554
21793	-71.433
21794	-71.4037
21795	-71.3906
21796	-71.5213
21797	-71.793
21798	-71.932
21799	-71.9142
21800	-71.8744
21801	-71.8183
21802	-71.7718
21803	-71.4449
21804	-71.817
21805	-71.6898
21806	-71.489
21807	-71.4404
21808	-71.4733
21809	-71.2474
21810	-71.144
21811	-71.1843
21812	-71.4303
21813	-71.4381
21814	-71.7788
21815	-72.0892
21816	-71.7821
21817	-71.6848
21818	-72.0402
21819	-71.838
21820	-71.8726
21821	-71.6749
21822	-71.718
21823	-71.4958
21824	-71.7181
21825	-71.6701
21826	-71.3248
21827	-71.5495
21828	-71.8824
21829	-71.7939
21830	-71.9717
21831	-71.8753
21832	-71.6731
21833	-71.7247
21834	-71.8519
21835	-71.9978
21836	-71.3694
21837	-71.3992
21838	-71.3633
21839	-71.5071
21840	-71.7397
21841	-71.8395
21842	-71.8851
21843	-71.9488
21844	-71.7777
21845	-71.4601
21846	-71.0349
21847	-71.435
21848	-71.6007
21849	-71.7276
21850	-71.3966
21851	-71.4351
21852	-72.0817
21853	-71.9995
21854	-71.6329
21855	-71.3649
21856	-71.4035
21857	-71.326
21858	-70.9901
21859	-71.1969
21860	-71.3409
21861	-71.6687
21862	-71.313
21863	-71.6076
21864	-71.4274
21865	-71.7362
21866	-71.8951
21867	-71.7541
21868	-71.3816
21869	-71.1715
21870	-71.6792
21871	-71.9852
21872	-71.7947
21873	-71.9248
21874	-71.8589
21875	-71.2637
21876	-71.7282
21877	-71.6105
21878	-72.0319
21879	-71.8116
21880	-71.7976
21881	-71.6566
21882	-71.1962
21883	-71.7213
21884	-71.8094
21885	-71.2703
21886	-71.2182
21887	-71.8977
21888	-71.854
21889	-71.9741
21890	-71.8327
21891	-71.6022
21892	-71.6831
21893	-71.467
21894	-71.6649
21895	-71.7289
21896	-71.3135
21897	-71.2684
21898	-71.7088
21899	-71.9999
21900	-71.6467
21901	-71.8045
21902	-71.8991
21903	-71.758
21904	-71.2519
21905	-71.1651
21906	-71.6026
21907	-71.6281
21908	-71.3561
21909	-71.2954
21910	-71.5018
21911	-71.5525
21912	-71.5641
21913	-71.1891
21914	-71.2427
21915	-71.1363
21916	-70.4378
21917	-69.6467
21918	-70.747
21919	-71.4819
21920	-71.7325
21921	-71.2334
21922	-70.9205
21923	-71.4437
21924	-71.6317
21925	-71.552
21926	-71.6092
21927	-71.7345
21928	-71.4545
21929	-71.855
21930	-71.6899
21931	-71.4166
21932	-71.3923
21933	-71.3208
21934	-70.9592
21935	-71.7577
21936	-71.9164
21937	-71.3443
21938	-71.6388
21939	-71.3264
21940	-71.0234
21941	-70.9047
21942	-71.2844
21943	-71.3223
21944	-71.2324
21945	-71.4573
21946	-71.2481
21947	-71.239
21948	-71.5743
21949	-71.3491
21950	-71.1311
21951	-70.8452
21952	-71.252
21953	-71.6993
21954	-71.5388
21955	-71.1803
21956	-71.3528
21957	-71.2408
21958	-71.2963
21959	-71.2493
21960	-71.2794
21961	-71.2613
21962	-71.4887
21963	-71.4524
21964	-70.7938
21965	-71.2467
21966	-71.0865
21967	-71.3052
21968	-71.3954
21969	-71.572
21970	-71.3678
21971	-71.4178
21972	-71.191
21973	-70.9787
21974	-71.326
21975	-71.2657
21976	-71.4473
21977	-71.1064
21978	-71.255
21979	-71.4161
21980	-71.1495
21981	-71.2117
21982	-71.7432
21983	-71.4926
21984	-71.0943
21985	-71.2194
21986	-71.5509
21987	-71.2757
21988	-70.8706
21989	-71.168
21990	-71.074
21991	-70.9421
21992	-70.9135
21993	-71.1985
21994	-71.1132
21995	-71.4076
21996	-71.1187
21997	-70.9052
21998	-70.8206
21999	-71.1575
22000	-70.8771
22001	-71.2407
22002	-71.4473
22003	-71.4395
22004	-71.0209
22005	-71.3519
22006	-71.3703
22007	-71.2676
22008	-71.0852
22009	-71.2717
22010	-71.2225
22011	-71.3741
22012	-70.8719
22013	-70.6897
22014	-70.7465
22015	-70.9129
22016	-70.6697
22017	-70.7174
22018	-71.0345
22019	-71.1351
22020	-71.0417
22021	-70.6287
22022	-70.7905
22023	-70.7651
22024	-70.5678
22025	-70.541
22026	-70.6923
22027	-70.6684
22028	-71.1343
22029	-71.036
22030	-71.0452
22031	-70.5765
22032	-70.7639
22033	-71.0572
22034	-70.7684
22035	-70.6861
22036	-70.4515
22037	-70.4349
22038	-70.2961
22039	-70.5258
22040	-70.3027
22041	-70.3171
22042	-70.3416
22043	-70.3921
22044	-70.4784
22045	-70.6853
22046	-70.4609
22047	-70.7294
22048	-70.7525
22049	-70.4445
22050	-70.1989
22051	-70.4571
22052	-70.2905
22053	-70.5238
22054	-70.3776
22055	-70.4241
22056	-70.5958
22057	-70.5215
22058	-70.8321
22059	-70.1302
22060	-70.3637
22061	-70.4004
22062	-70.7404
22063	-70.9296
22064	-70.7322
22065	-70.2171
22066	-70.1398
22067	-69.6841
22068	-69.91
22069	-69.8273
22070	-69.8605
22071	-69.7098
22072	-69.993
22073	-70.2474
22074	-70.0626
22075	-70.082
22076	-70.2355
22077	-70.254
22078	-69.8516
22079	-69.8595
22080	-69.6033
22081	-69.875
22082	-70.2329
22083	-70.7652
22084	-70.5241
22085	-69.8828
22086	-70.1715
22087	-69.9674
22088	-69.5731
22089	-69.8819
22090	-70.2219
22091	-69.7079
22092	-69.4609
22093	-69.3603
22094	-69.2679
22095	-69.2721
22096	-65.2591
22097	-64.0829
22098	-67.9131
22099	-69.1697
22100	-69.4689
22101	-69.474
22102	-69.4165
22103	-69.5244
22104	-69.6212
22105	-69.5459
22106	-69.3958
22107	-69.0671
22108	-69.8419
22109	-69.5541
22110	-69.6005
22111	-69.3667
22112	-69.3495
22113	-69.5354
22114	-69.374
22115	-69.0658
22116	-69.2859
22117	-69.1676
22118	-69.4454
22119	-69.7773
22120	-69.8465
22121	-69.1385
22122	-69.0426
22123	-69.2382
22124	-69.1402
22125	-69.6364
22126	-69.1789
22127	-69.2687
22128	-69.0457
22129	-69.0183
22130	-69.0384
22131	-69.3419
22132	-69.2892
22133	-69.2283
22134	-68.9731
22135	-68.8391
22136	-68.9171
22137	-69.0679
22138	-68.9995
22139	-69.0459
22140	-69.2232
22141	-68.9258
22142	-69.0343
22143	-68.9942
22144	-69.3614
22145	-68.9475
22146	-68.9229
22147	-69.2916
22148	-68.9263
22149	-68.5701
22150	-68.8258
22151	-68.615
22152	-69.2203
22153	-69.2022
22154	-69.0243
22155	-68.6665
22156	-68.5636
22157	-68.1992
22158	-68.4472
22159	-68.7922
22160	-68.7328
22161	-68.6574
22162	-68.656
22163	-68.7932
22164	-68.7236
22165	-68.6339
22166	-68.6199
22167	-68.3029
22168	-68.196
22169	-68.5898
22170	-68.4184
22171	-68.69
22172	-68.5606
22173	-68.3074
22174	-68.1124
22175	-68.6059
22176	-68.5636
22177	-68.5009
22178	-68.3525
22179	-68.6484
22180	-68.8205
22181	-68.2428
22182	-68.0085
22183	-68.4337
22184	-68.2378
22185	-68.3216
22186	-68.4019
22187	-68.4943
22188	-68.2595
22189	-67.6419
22190	-67.657
22191	-68.3959
22192	-68.0659
22193	-68.0615
22194	-68.4074
22195	-68.2269
22196	-67.9797
22197	-68.0887
22198	-68.2743
22199	-67.6554
22200	-67.7854
22201	-68.2306
22202	-67.932
22203	-67.7946
22204	-67.9919
22205	-68.1819
22206	-68.5683
22207	-68.1108
22208	-68.0898
22209	-67.9604
22210	-67.9802
22211	-67.7089
22212	-67.8617
22213	-68.5269
22214	-68.1123
22215	-68.0317
22216	-68.1019
22217	-68.0526
22218	-68.0416
22219	-67.7354
22220	-67.932
22221	-67.5052
22222	-67.9577
22223	-67.9056
22224	-67.9627
22225	-67.8349
22226	-67.7263
22227	-68.0012
22228	-67.9679
22229	-67.5477
22230	-67.7221
22231	-68.3454
22232	-67.9406
22233	-67.7484
22234	-67.9615
22235	-68.198
22236	-68.0571
22237	-67.2297
22238	-67.8719
22239	-68.1812
22240	-68.1193
22241	-68.2493
22242	-68.2536
22243	-68.3644
22244	-67.7828
22245	-67.8471
22246	-67.9088
22247	-67.9562
22248	-67.9255
22249	-67.6382
22250	-68.1067
22251	-68.2163
22252	-68.1839
22253	-67.6314
22254	-67.9943
22255	-67.9283
22256	-67.8914
22257	-67.6673
22258	-67.8764
22259	-67.9829
22260	-67.8099
22261	-68.3238
22262	-67.9646
22263	-68.2604
22264	-68.3815
22265	-67.9786
22266	-67.8325
22267	-67.945
22268	-68.1114
22269	-67.853
22270	-67.4269
22271	-67.4836
22272	-67.2918
22273	-67.5363
22274	-67.0317
22275	-66.054
22276	-60.6527
22277	-59.1322
22278	-64.8356
22279	-67.2627
22280	-67.2339
22281	-67.5505
22282	-67.5302
22283	-68.0748
22284	-68.2612
22285	-67.9925
22286	-67.9229
22287	-68.1855
22288	-68.4954
22289	-68.786
22290	-68.0626
22291	-67.6971
22292	-67.8829
22293	-68.1231
22294	-68.2811
22295	-68.2656
22296	-68.113
22297	-68.0893
22298	-68.6196
22299	-68.5194
22300	-68.2074
22301	-68.6739
22302	-68.2291
22303	-68.228
22304	-68.1906
22305	-68.0953
22306	-68.5998
22307	-68.629
22308	-68.2269
22309	-68.6506
22310	-68.5962
22311	-68.4826
22312	-68.3723
22313	-68.6062
22314	-68.3299
22315	-68.8564
22316	-69.1112
22317	-69.2619
22318	-68.9467
22319	-68.4919
22320	-68.3809
22321	-68.6823
22322	-69.0816
22323	-69.1181
22324	-68.7912
22325	-68.8739
22326	-68.8109
22327	-68.8197
22328	-68.4822
22329	-68.996
22330	-68.8303
22331	-69.2446
22332	-68.846
22333	-69.0646
22334	-69.2065
22335	-69.0065
22336	-68.9418
22337	-68.8244
22338	-68.5558
22339	-68.9001
22340	-68.8717
22341	-69.2465
22342	-69.1944
22343	-69.7173
22344	-69.5187
22345	-69.5781
22346	-69.0069
22347	-68.9933
22348	-69.1648
22349	-69.1334
22350	-69.2179
22351	-69.3047
22352	-69.0791
22353	-69.6953
22354	-69.2418
22355	-69.1011
22356	-69.0809
22357	-69.1565
22358	-69.169
22359	-69.5167
22360	-69.8287
22361	-69.5214
22362	-69.5704
22363	-69.8204
22364	-69.6358
22365	-69.5283
22366	-69.4839
22367	-69.9025
22368	-69.9093
22369	-70.1595
22370	-69.731
22371	-69.5378
22372	-69.5208
22373	-69.7815
22374	-70.0899
22375	-69.7005
22376	-69.8866
22377	-70.0216
22378	-70.1612
22379	-69.6457
22380	-69.9379
22381	-69.6801
22382	-69.5855
22383	-69.8119
22384	-70.0667
22385	-70.3045
22386	-69.8187
22387	-70.2387
22388	-69.6493
22389	-70.2104
22390	-69.9809
22391	-69.7615
22392	-69.7119
22393	-70.2039
22394	-70.1675
22395	-70.2503
22396	-70.1388
22397	-69.6533
22398	-69.8854
22399	-70.1714
22400	-69.9091
22401	-70.1575
22402	-70.1118
22403	-70.1653
22404	-70.0732
22405	-70.2742
22406	-70.514
22407	-70.0552
22408	-69.9185
22409	-70.0702
22410	-70.0015
22411	-70.4752
22412	-70.5146
22413	-70.3404
22414	-70.0075
22415	-70.3457
22416	-70.5997
22417	-70.6306
22418	-70.3276
22419	-70.2604
22420	-70.4291
22421	-70.5466
22422	-70.7021
22423	-70.7405
22424	-70.6168
22425	-70.5008
22426	-70.7836
22427	-70.8257
22428	-70.6057
22429	-70.762
22430	-70.4943
22431	-70.7143
22432	-70.8065
22433	-70.5296
22434	-70.8043
22435	-70.8111
22436	-70.7871
22437	-70.8699
22438	-70.5117
22439	-70.67
22440	-70.8307
22441	-70.336
22442	-70.5286
22443	-70.681
22444	-70.8201
22445	-70.7048
22446	-70.9591
22447	-70.8293
22448	-70.7506
22449	-70.7588
22450	-70.5725
22451	-70.7527
22452	-70.828
22453	-70.6772
22454	-70.3212
22455	-69.8036
22456	-67.7048
22457	-67.2811
22458	-69.869
22459	-70.308
22460	-70.1829
22461	-70.5599
22462	-70.6532
22463	-70.7984
22464	-70.9569
22465	-70.7294
22466	-71.1291
22467	-70.7224
22468	-70.8097
22469	-71.179
22470	-71.2533
22471	-70.9944
22472	-70.9003
22473	-70.6228
22474	-70.8354
22475	-71.1315
22476	-71.0217
22477	-71.2781
22478	-70.6767
22479	-70.8843
22480	-70.79
22481	-71.1192
22482	-71.0491
22483	-70.9389
22484	-71.0712
22485	-71.1524
22486	-71.4695
22487	-71.4456
22488	-71.415
22489	-70.7111
22490	-70.9316
22491	-70.842
22492	-70.6854
22493	-70.8514
22494	-71.0595
22495	-71.3098
22496	-71.564
22497	-71.5473
22498	-71.479
22499	-71.4444
22500	-71.2837
22501	-71.2053
22502	-70.9394
22503	-70.8091
22504	-71.4461
22505	-71.4907
22506	-71.2214
22507	-71.2013
22508	-71.5464
22509	-71.4287
22510	-71.267
22511	-71.1183
22512	-71.3693
22513	-71.3543
22514	-71.7973
22515	-71.4475
22516	-71.7875
22517	-71.3358
22518	-71.2965
22519	-71.3248
22520	-71.2158
22521	-71.5037
22522	-71.1641
22523	-71.5136
22524	-72.1854
22525	-71.805
22526	-71.6894
22527	-71.2483
22528	-71.3664
22529	-71.6651
22530	-71.4798
22531	-71.4572
22532	-71.2456
22533	-71.2003
22534	-71.2301
22535	-71.5206
22536	-71.5637
22537	-71.4679
22538	-71.4452
22539	-72.2207
22540	-71.8987
22541	-71.7046
22542	-71.647
22543	-72.0596
22544	-71.6954
22545	-71.6644
22546	-71.6175
22547	-71.6711
22548	-71.5127
22549	-71.3673
22550	-71.4091
22551	-71.9839
22552	-71.5106
22553	-71.5768
22554	-71.8459
22555	-72.1577
22556	-71.7376
22557	-71.9082
22558	-71.9629
22559	-71.6805
22560	-71.734
22561	-71.79
22562	-71.4118
22563	-71.4064
22564	-71.7498
22565	-71.7389
22566	-71.5713
22567	-71.7913
22568	-71.6608
22569	-71.4743
22570	-71.7103
22571	-71.6907
22572	-71.9798
22573	-72.2781
22574	-71.9232
22575	-71.5484
22576	-71.8045
22577	-71.8511
22578	-71.7602
22579	-71.6859
22580	-71.6363
22581	-71.9821
22582	-71.9959
22583	-71.1734
22584	-71.9152
22585	-71.9309
22586	-71.6313
22587	-71.3845
22588	-71.7058
22589	-71.8688
22590	-71.6659
22591	-71.4973
22592	-71.6545
22593	-71.7178
22594	-71.905
22595	-71.4964
22596	-71.1763
22597	-71.8466
22598	-72.1268
22599	-71.4967
22600	-71.3829
22601	-71.4969
22602	-71.9019
22603	-71.4804
22604	-71.4837
22605	-71.5302
22606	-71.4972
22607	-71.8542
22608	-71.7791
22609	-71.5476
22610	-71.8648
22611	-71.8416
22612	-71.8208
22613	-72.0695
22614	-72.222
22615	-71.8043
22616	-71.698
22617	-71.5683
22618	-72.1976
22619	-71.9074
22620	-71.5807
22621	-71.9584
22622	-71.699
22623	-71.8212
22624	-71.8422
22625	-71.8683
22626	-71.6734
22627	-71.7226
22628	-71.5743
22629	-71.5995
22630	-71.7919
22631	-71.8243
22632	-71.6791
22633	-71.5498
22634	-71.7832
22635	-71.8061
22636	-70.5986
22637	-70.5793
22638	-71.8618
22639	-71.9141
22640	-71.7019
22641	-71.6043
22642	-71.9203
22643	-71.7917
22644	-71.6854
22645	-71.8396
22646	-71.6122
22647	-71.5647
22648	-71.8161
22649	-72.0486
22650	-72.2298
22651	-72.1946
22652	-71.9348
22653	-71.7654
22654	-71.4751
22655	-71.3228
22656	-71.6187
22657	-71.485
22658	-71.9297
22659	-71.8168
22660	-71.6553
22661	-71.6615
22662	-71.7138
22663	-71.5913
22664	-71.9634
22665	-71.897
22666	-71.7305
22667	-71.6192
22668	-72.0097
22669	-72.0106
22670	-71.8553
22671	-71.9339
22672	-71.2501
22673	-71.5546
22674	-71.8235
22675	-72.0872
22676	-71.7831
22677	-71.9699
22678	-72.0299
22679	-72.0605
22680	-71.717
22681	-71.669
22682	-71.8033
22683	-71.893
22684	-71.8772
22685	-72.0258
22686	-71.8158
22687	-71.5611
22688	-71.6875
22689	-71.8176
22690	-72.2137
22691	-71.9168
22692	-71.6836
22693	-71.8246
22694	-71.5713
22695	-71.6039
22696	-71.8939
22697	-71.8501
22698	-71.7201
22699	-71.9455
22700	-72.1812
22701	-71.9353
22702	-72.211
22703	-71.9124
22704	-71.73
22705	-71.7463
22706	-71.757
22707	-71.6001
22708	-71.6794
22709	-71.8381
22710	-71.7868
22711	-71.837
22712	-71.65
22713	-72.0822
22714	-71.9872
22715	-71.9598
22716	-71.7672
22717	-71.8046
22718	-71.9763
22719	-72.2925
22720	-72.1899
22721	-71.7224
22722	-71.7749
22723	-71.5361
22724	-71.8406
22725	-71.9057
22726	-71.6268
22727	-71.8452
22728	-72.0489
22729	-71.9031
22730	-72.4421
22731	-71.9552
22732	-72.1596
22733	-72.0824
22734	-71.773
22735	-71.5611
22736	-71.5484
22737	-71.5983
22738	-71.8835
22739	-71.6937
22740	-72.1662
22741	-71.9186
22742	-72.0531
22743	-71.7114
22744	-72.2031
22745	-72.5336
22746	-72.124
22747	-71.6362
22748	-71.8522
22749	-71.3853
22750	-71.5586
22751	-72.0187
22752	-72.6419
22753	-72.1068
22754	-72.293
22755	-71.8686
22756	-71.7637
22757	-72.0043
22758	-71.6638
22759	-71.671
22760	-71.9852
22761	-72.0422
22762	-71.6179
22763	-71.9285
22764	-72.5111
22765	-72.1681
22766	-72.6266
22767	-72.1588
22768	-71.9822
22769	-71.7211
22770	-72.0203
22771	-71.7957
22772	-71.7541
22773	-71.7597
22774	-71.7273
22775	-72.1392
22776	-72.1458
22777	-72.0962
22778	-72.1675
22779	-72.1689
22780	-72.026
22781	-72.035
22782	-71.7417
22783	-71.8967
22784	-72.1758
22785	-71.6377
22786	-72.1529
22787	-72.066
22788	-71.9728
22789	-71.8893
22790	-71.8917
22791	-72.2897
22792	-72.3167
22793	-72.2627
22794	-72.32
22795	-71.9808
22796	-72.182
22797	-72.0995
22798	-72.1963
22799	-71.953
22800	-72.0391
22801	-71.952
22802	-71.7106
22803	-72.0689
22804	-71.8831
22805	-71.6358
22806	-72.1258
22807	-72.0156
22808	-72.0118
22809	-72.0733
22810	-71.9717
22811	-71.7919
22812	-71.836
22813	-71.8914
22814	-71.8061
22815	-71.6161
22816	-71.49
22817	-71.6695
22818	-72.1328
22819	-72.0995
22820	-71.9835
22821	-71.9396
22822	-71.7148
22823	-71.8747
22824	-71.735
22825	-71.645
22826	-71.6692
22827	-71.6744
22828	-71.4411
22829	-71.4929
22830	-71.6366
22831	-71.9932
22832	-72.0796
22833	-71.4583
22834	-71.4859
22835	-71.7564
22836	-71.5872
22837	-71.9093
22838	-71.5119
22839	-71.9135
22840	-71.9729
22841	-71.7725
22842	-71.9922
22843	-71.7357
22844	-71.8406
22845	-71.6531
22846	-72.0439
22847	-72.3265
22848	-72.1705
22849	-71.6995
22850	-71.6775
22851	-71.8272
22852	-72.0987
22853	-72.0025
22854	-72.0126
22855	-71.9329
22856	-71.6902
22857	-71.8169
22858	-71.6746
22859	-71.7678
22860	-71.5506
22861	-71.9572
22862	-72.3554
22863	-72.3794
22864	-71.9277
22865	-72.1374
22866	-72.2499
22867	-71.8883
22868	-71.5435
22869	-71.6676
22870	-72.1068
22871	-71.7147
22872	-71.7237
22873	-72.004
22874	-72.2198
22875	-72.1212
22876	-72.1275
22877	-72.0009
22878	-71.6949
22879	-71.7136
22880	-71.7311
22881	-71.9588
22882	-71.8187
22883	-71.8767
22884	-72.1912
22885	-71.6069
22886	-71.7455
22887	-71.966
22888	-71.8435
22889	-71.8958
22890	-71.8529
22891	-71.6916
22892	-71.5741
22893	-71.8684
22894	-72.3748
22895	-71.969
22896	-72.2915
22897	-72.5702
22898	-72.2508
22899	-71.8414
22900	-72.1946
22901	-72.2079
22902	-72.1278
22903	-71.8141
22904	-71.8991
22905	-71.893
22906	-71.5867
22907	-71.3732
22908	-71.8674
22909	-72.1825
22910	-71.7033
22911	-71.7186
22912	-71.436
22913	-71.8464
22914	-72.46
22915	-71.9564
22916	-71.765
22917	-71.5593
22918	-71.7323
22919	-71.9629
22920	-72.1569
22921	-72.2632
22922	-72.1529
22923	-72.3724
22924	-72.2376
22925	-71.8205
22926	-72.0588
22927	-71.8867
22928	-71.9821
22929	-72.1381
22930	-72.0609
22931	-71.7717
22932	-71.6295
22933	-71.7571
22934	-72.032
22935	-72.3217
22936	-72.15
22937	-72.4052
22938	-72.5138
22939	-72.3709
22940	-71.7335
22941	-71.7367
22942	-71.4074
22943	-71.6989
22944	-71.821
22945	-71.8937
22946	-72.0576
22947	-72.1403
22948	-71.9919
22949	-71.7238
22950	-72.0735
22951	-71.9926
22952	-71.99
22953	-72.1663
22954	-72.2005
22955	-72.0648
22956	-71.9048
22957	-72.0856
22958	-71.9346
22959	-72.2868
22960	-72.1495
22961	-71.6711
22962	-71.7319
22963	-72.0704
22964	-72.0416
22965	-72.2799
22966	-72.1652
22967	-72.2619
22968	-72.2789
22969	-72.4656
22970	-72.3101
22971	-72.113
22972	-72.1259
22973	-71.9209
22974	-71.7632
22975	-71.902
22976	-71.8169
22977	-71.8022
22978	-71.8914
22979	-72.2113
22980	-71.984
22981	-71.4044
22982	-71.2777
22983	-71.8647
22984	-72.3179
22985	-71.9283
22986	-72.565
22987	-71.9854
22988	-71.8873
22989	-71.9055
22990	-72.0473
22991	-72.0981
22992	-72.2731
22993	-71.9818
22994	-71.5758
22995	-72.1584
22996	-72.0644
22997	-72.238
22998	-71.8872
22999	-72.1123
23000	-72.1666
23001	-71.7507
23002	-71.5579
23003	-71.5791
23004	-72.0346
23005	-71.8252
23006	-71.8071
23007	-71.8695
23008	-72.1915
23009	-71.9476
23010	-71.6355
23011	-71.5208
23012	-71.6511
23013	-71.7372
23014	-71.8869
23015	-72.0937
23016	-72.1201
23017	-72.1784
23018	-72.0187
23019	-72.183
23020	-72.2722
23021	-72.059
23022	-72.2805
23023	-72.2291
23024	-72.2561
23025	-71.952
23026	-71.9371
23027	-72.1595
23028	-72.0829
23029	-72.0318
23030	-71.8871
23031	-72.0861
23032	-72.2391
23033	-71.8103
23034	-71.7884
23035	-71.7341
23036	-71.9576
23037	-72.428
23038	-72.047
23039	-72.1428
23040	-72.1126
23041	-72.2826
23042	-72.0839
23043	-72.5393
23044	-72.3126
23045	-72.2003
23046	-72.4973
23047	-72.1097
23048	-71.8572
23049	-71.8318
23050	-71.9989
23051	-71.8109
23052	-72.2136
23053	-72.1478
23054	-71.7826
23055	-71.4457
23056	-72.1349
23057	-72.2148
23058	-72.2711
23059	-71.9917
23060	-71.7713
23061	-72.0878
23062	-71.9499
23063	-72.4583
23064	-72.1314
23065	-72.2879
23066	-72.2587
23067	-72.5329
23068	-72.046
23069	-71.9571
23070	-72.0458
23071	-72.0857
23072	-71.2899
23073	-71.6924
23074	-72.0699
23075	-72.2614
23076	-72.3007
23077	-71.7402
23078	-71.5825
23079	-71.9827
23080	-72.3323
23081	-72.1579
23082	-71.9332
23083	-71.8257
23084	-71.8982
23085	-71.9524
23086	-72.0762
23087	-72.1157
23088	-72.149
23089	-72.0945
23090	-71.7952
23091	-71.8613
23092	-71.6902
23093	-71.7643
23094	-71.9195
23095	-71.9874
23096	-72.1111
23097	-72.0877
23098	-72.3313
23099	-72.3469
23100	-72.1913
23101	-71.7131
23102	-71.7669
23103	-72.0859
23104	-72.0114
23105	-71.9308
23106	-72.2534
23107	-72.0435
23108	-71.7326
23109	-71.8215
23110	-72.1707
23111	-71.9987
23112	-71.6421
23113	-71.4748
23114	-71.6575
23115	-72.2164
23116	-72.1221
23117	-72.1298
23118	-72.2445
23119	-72.4657
23120	-71.9689
23121	-71.557
23122	-72.1867
23123	-71.9139
23124	-72.1257
23125	-71.8941
23126	-71.863
23127	-72.0328
23128	-72.3786
23129	-72.3282
23130	-72.3553
23131	-72.4228
23132	-72.2988
23133	-71.9626
23134	-71.7932
23135	-72.0371
23136	-72.247
23137	-71.7311
23138	-71.6034
23139	-71.695
23140	-72.2333
23141	-72.145
23142	-71.9393
23143	-71.8961
23144	-71.9037
23145	-71.7111
23146	-71.762
23147	-71.816
23148	-72.0847
23149	-72.0087
23150	-72.219
23151	-72.4982
23152	-72.0824
23153	-71.85
23154	-71.5285
23155	-72.157
23156	-72.4396
23157	-72.6325
23158	-72.7023
23159	-72.0743
23160	-72.0556
23161	-71.7522
23162	-71.8108
23163	-72.0679
23164	-72.3652
23165	-72.4177
23166	-71.9359
23167	-71.7941
23168	-71.7219
23169	-72.0477
23170	-72.4491
23171	-72.55
23172	-72.2668
23173	-72.2453
23174	-72.0633
23175	-72.286
23176	-71.7719
23177	-71.6495
23178	-71.9496
23179	-72.1024
23180	-72.0427
23181	-72.107
23182	-72.3651
23183	-72.1682
23184	-72.2524
23185	-72.2787
23186	-72.4001
23187	-71.9593
23188	-71.8657
23189	-71.792
23190	-72.0592
23191	-72.1151
23192	-71.9759
23193	-71.975
23194	-71.9237
23195	-72.0695
23196	-72.1873
23197	-72.3461
23198	-72.1609
23199	-72.0794
23200	-72.2097
23201	-72.0736
23202	-71.7751
23203	-71.9088
23204	-72.421
23205	-72.2609
23206	-72.2549
23207	-71.9278
23208	-71.8075
23209	-72.1333
23210	-72.1708
23211	-71.8465
23212	-71.9657
23213	-72.1692
23214	-72.4507
23215	-72.4392
23216	-72.255
23217	-72.067
23218	-72.0707
23219	-71.6766
23220	-71.4696
23221	-71.5055
23222	-72.1957
23223	-72.362
23224	-72.0505
23225	-72.6747
23226	-71.889
23227	-71.941
23228	-71.58
23229	-71.7717
23230	-72.1231
23231	-72.0535
23232	-71.9987
23233	-71.8915
23234	-72.1834
23235	-72.1139
23236	-72.2896
23237	-72.0548
23238	-72.0353
23239	-71.9536
23240	-72.3662
23241	-72.134
23242	-71.997
23243	-72.1525
23244	-72.3045
23245	-72.1968
23246	-72.4724
23247	-72.6512
23248	-72.1183
23249	-72.1989
23250	-71.8463
23251	-72.0955
23252	-71.9257
23253	-71.8476
23254	-72.3422
23255	-72.4153
23256	-72.5948
23257	-72.1564
23258	-71.9671
23259	-72.4114
23260	-72.4023
23261	-71.9588
23262	-71.9533
23263	-72.157
23264	-71.7576
23265	-71.8337
23266	-71.9413
23267	-72.2143
23268	-71.977
23269	-72.11
23270	-72.093
23271	-72.0482
23272	-72.1951
23273	-72.0138
23274	-71.6885
23275	-71.6264
23276	-71.9447
23277	-72.2165
23278	-71.8808
23279	-71.9815
23280	-71.9506
23281	-72.0262
23282	-72.1037
23283	-71.8373
23284	-71.8516
23285	-71.9501
23286	-71.9579
23287	-72.227
23288	-71.9307
23289	-71.7166
23290	-71.697
23291	-72.0858
23292	-72.0976
23293	-71.6957
23294	-72.1653
23295	-72.5167
23296	-71.7892
23297	-71.8774
23298	-72.0822
23299	-71.9765
23300	-72.2887
23301	-71.963
23302	-72.1653
23303	-72.2454
23304	-72.4692
23305	-71.9136
23306	-71.7668
23307	-72.1396
23308	-71.8886
23309	-72.0922
23310	-71.9398
23311	-72.1147
23312	-72.1642
23313	-72.0878
23314	-72.5606
23315	-72.469
23316	-72.1027
23317	-72.3539
23318	-72.1225
23319	-71.9832
23320	-72.067
23321	-72.1021
23322	-72.135
23323	-71.9173
23324	-71.7407
23325	-71.8263
23326	-71.9857
23327	-71.8886
23328	-72.2157
23329	-72.3444
23330	-71.9535
23331	-72.1153
23332	-72.1092
23333	-71.8882
23334	-71.943
23335	-71.9627
23336	-72.2224
23337	-72.019
23338	-71.8498
23339	-71.7938
23340	-71.6112
23341	-72.0398
23342	-72.001
23343	-72.3819
23344	-72.6513
23345	-72.3417
23346	-71.9477
23347	-72.1036
23348	-72.2414
23349	-72.0471
23350	-71.6598
23351	-71.7121
23352	-72.1399
23353	-72.2353
23354	-72.0029
23355	-71.6527
23356	-71.7665
23357	-72.0993
23358	-72.3911
23359	-72.6589
23360	-72.1452
23361	-71.9394
23362	-72.0108
23363	-72.0917
23364	-72.4051
23365	-72.1211
23366	-71.8346
23367	-71.4845
23368	-71.6725
23369	-72.0472
23370	-71.988
23371	-72.1058
23372	-71.7731
23373	-71.6791
23374	-71.7466
23375	-71.6238
23376	-72.1142
23377	-71.905
23378	-71.7126
23379	-72.3378
23380	-71.8068
23381	-71.7352
23382	-72.2367
23383	-72.2641
23384	-72.0532
23385	-71.3562
23386	-71.472
23387	-71.8171
23388	-71.7282
23389	-71.7828
23390	-72.2603
23391	-72.1499
23392	-72.0582
23393	-72.4002
23394	-71.8835
23395	-71.7559
23396	-71.6882
23397	-71.9576
23398	-72.3673
23399	-72.0245
23400	-71.8292
23401	-71.8437
23402	-72.3164
23403	-72.3201
23404	-71.9299
23405	-71.9737
23406	-72.0631
23407	-72.0252
23408	-72.1028
23409	-71.8876
23410	-72.2417
23411	-71.9822
23412	-71.9305
23413	-72.3715
23414	-72.3662
23415	-72.1712
23416	-71.7487
23417	-71.9909
23418	-71.999
23419	-71.9949
23420	-71.7769
23421	-71.9239
23422	-72.171
23423	-71.5416
23424	-71.7167
23425	-71.8971
23426	-72.3128
23427	-72.2399
23428	-71.9101
23429	-71.8799
23430	-72.0661
23431	-71.9703
23432	-71.792
23433	-72.3169
23434	-72.2695
23435	-71.5881
23436	-71.9611
23437	-72.2831
23438	-72.351
23439	-72.1407
23440	-72.2607
23441	-71.7307
23442	-71.8441
23443	-72.0812
23444	-72.0863
23445	-72.1136
23446	-72.496
23447	-72.7329
23448	-72.3623
23449	-71.9929
23450	-72.1957
23451	-72.2416
23452	-72.4329
23453	-72.0252
23454	-71.7621
23455	-71.6715
23456	-71.9637
23457	-72.0004
23458	-72.3692
23459	-72.3973
23460	-71.9211
23461	-72.0809
23462	-72.2919
23463	-72.2928
23464	-72.341
23465	-72.1866
23466	-72.2196
23467	-72.4937
23468	-72.3442
23469	-72.2064
23470	-72.0134
23471	-72.3259
23472	-71.7165
23473	-72.0224
23474	-71.8136
23475	-72.0905
23476	-71.9001
23477	-71.994
23478	-72.1471
23479	-72.0276
23480	-71.5786
23481	-72.0785
23482	-72.1874
23483	-71.7882
23484	-71.7802
23485	-71.9032
23486	-72.0192
23487	-72.1884
23488	-72.3267
23489	-72.3046
23490	-72.2701
23491	-72.1962
23492	-72.0045
23493	-72.2952
23494	-72.1764
23495	-72.243
23496	-71.7812
23497	-71.9157
23498	-71.63
23499	-71.7691
23500	-71.7189
23501	-71.9364
23502	-71.9177
23503	-71.8463
23504	-72.2588
23505	-72.4071
23506	-71.992
23507	-71.8429
23508	-71.7682
23509	-71.9878
23510	-71.9585
23511	-71.8454
23512	-72.3785
23513	-72.6645
23514	-72.2191
23515	-71.9767
23516	-72.2899
23517	-72.6121
23518	-72.5043
23519	-72.0554
23520	-72.1007
23521	-72.0121
23522	-72.2228
23523	-72.4194
23524	-72.2344
23525	-72.1156
23526	-71.7603
23527	-72.3222
23528	-72.2183
23529	-72.186
23530	-72.1014
23531	-72.0404
23532	-71.9936
23533	-72.3629
23534	-71.9357
23535	-71.7101
23536	-71.5489
23537	-71.7801
23538	-72.1244
23539	-72.3462
23540	-72.0556
23541	-72.078
23542	-71.5842
23543	-71.6131
23544	-71.7385
23545	-72.1451
23546	-71.9199
23547	-71.8994
23548	-71.9587
23549	-71.7849
23550	-71.7028
23551	-72.4175
23552	-72.2252
23553	-72.1595
23554	-71.9313
23555	-72.0816
23556	-72.399
23557	-72.1511
23558	-72.1119
23559	-72.3783
23560	-72.0358
23561	-71.9234
23562	-72.8752
23563	-72.1091
23564	-71.8435
23565	-71.3698
23566	-71.9823
23567	-72.5199
23568	-72.3169
23569	-72.0248
23570	-71.7263
23571	-71.9213
23572	-71.7151
23573	-71.9603
23574	-72.0262
23575	-71.6417
23576	-71.7308
23577	-72.232
23578	-72.0912
23579	-72.42
23580	-72.3375
23581	-72.5568
23582	-72.4176
23583	-72.5589
23584	-72.2463
23585	-71.9448
23586	-71.9442
23587	-72.0488
23588	-71.9904
23589	-71.7376
23590	-72.3021
23591	-72.3556
23592	-72.143
23593	-72.1146
23594	-72.0431
23595	-71.8307
23596	-71.8022
23597	-71.8035
23598	-72.1475
23599	-71.9308
23600	-71.7515
23601	-71.7964
23602	-72.0142
23603	-72.3371
23604	-72.2499
23605	-72.1822
23606	-72.0997
23607	-71.8501
23608	-72.0149
23609	-71.7689
23610	-72.0974
23611	-72.1551
23612	-72.2352
23613	-71.986
23614	-72.0036
23615	-72.1718
23616	-71.998
23617	-72.0724
23618	-72.195
23619	-72.4386
23620	-72.3922
23621	-72.0953
23622	-71.5675
23623	-71.629
23624	-72.0363
23625	-71.9843
23626	-72.2422
23627	-72.7042
23628	-72.4877
23629	-72.4154
23630	-71.9955
23631	-72.0937
23632	-72.4275
23633	-72.432
23634	-72.2447
23635	-72.255
23636	-72.544
23637	-72.4878
23638	-72.7009
23639	-72.5537
23640	-72.5863
23641	-72.4475
23642	-72.2525
23643	-72.1505
23644	-72.2218
23645	-72.4879
23646	-72.1553
23647	-72.2297
23648	-72.3121
23649	-72.632
23650	-72.3365
23651	-71.8519
23652	-72.2058
23653	-72.3257
23654	-72.0128
23655	-71.6237
23656	-72.1565
23657	-72.3461
23658	-72.4905
23659	-72.4731
23660	-72.3833
23661	-72.4544
23662	-72.37
23663	-72.4236
23664	-72.5458
23665	-72.1622
23666	-71.7021
23667	-71.7644
23668	-71.9842
23669	-72.316
23670	-72.5787
23671	-71.9244
23672	-72.0514
23673	-71.8819
23674	-72.2188
23675	-71.8581
23676	-72.0183
23677	-72.1041
23678	-71.6623
23679	-71.9472
23680	-71.9642
23681	-71.9813
23682	-72.1626
23683	-72.4161
23684	-72.1348
23685	-72.3399
23686	-71.9671
23687	-71.9039
23688	-72.35
23689	-72.6379
23690	-72.5268
23691	-71.7732
23692	-71.883
23693	-71.7191
23694	-72.0934
23695	-72.5964
23696	-72.1129
23697	-72.2418
23698	-72.228
23699	-71.8448
23700	-71.8726
23701	-72.1267
23702	-72.1103
23703	-71.9139
23704	-71.9356
23705	-71.7147
23706	-71.7686
23707	-72.072
23708	-72.0688
23709	-72.0599
23710	-71.976
23711	-72.1846
23712	-71.8877
23713	-71.9073
23714	-72.1028
23715	-72.4247
23716	-72.0684
23717	-71.9795
23718	-72.2713
23719	-72.0389
23720	-72.1194
23721	-72.5117
23722	-72.489
23723	-71.9806
23724	-71.8834
23725	-71.9542
23726	-72.0738
23727	-72.4114
23728	-72.374
23729	-72.109
23730	-72.004
23731	-72.2906
23732	-72.4994
23733	-71.8852
23734	-72.09
23735	-72.3258
23736	-72.0062
23737	-71.9562
23738	-71.8876
23739	-71.972
23740	-72.0856
23741	-71.9586
23742	-71.917
23743	-72.2657
23744	-72.4162
23745	-72.4299
23746	-72.1405
23747	-72.416
23748	-72.1917
23749	-71.7404
23750	-71.8783
23751	-72.0336
23752	-72.126
23753	-72.253
23754	-72.3767
23755	-71.7975
23756	-71.9299
23757	-71.9215
23758	-71.7838
23759	-72.2145
23760	-72.2834
23761	-72.0233
23762	-72.1553
23763	-72.5991
23764	-72.0753
23765	-72.0693
23766	-72.28
23767	-72.407
23768	-72.1356
23769	-72.0374
23770	-72.0311
23771	-71.6521
23772	-71.752
23773	-71.9044
23774	-72.3501
23775	-72.2007
23776	-72.0953
23777	-71.9767
23778	-71.9384
23779	-72.3245
23780	-72.129
23781	-71.764
23782	-71.9265
23783	-72.0267
23784	-71.7557
23785	-72.0259
23786	-71.99
23787	-72.4529
23788	-71.915
23789	-71.8737
23790	-71.9883
23791	-71.8056
23792	-72.2091
23793	-72.0869
23794	-71.9755
23795	-72.3213
23796	-72.1666
23797	-72.5133
23798	-72.2315
23799	-72.5715
23800	-72.2525
23801	-72.1768
23802	-72.1988
23803	-72.0114
23804	-72.5881
23805	-72.7328
23806	-72.4806
23807	-72.6005
23808	-72.8372
23809	-72.2812
23810	-71.9102
23811	-71.7358
23812	-71.7503
23813	-72.1286
23814	-72.01
23815	-71.7961
23816	-71.7339
23817	-72.1413
23818	-72.1256
23819	-72.4066
23820	-71.9104
23821	-71.7847
23822	-71.7468
23823	-71.9724
23824	-72.411
23825	-72.0252
23826	-72.0191
23827	-72.0879
23828	-72.3046
23829	-72.5805
23830	-72.44
23831	-72.1845
23832	-71.9706
23833	-72.2873
23834	-72.306
23835	-72.3637
23836	-72.2088
23837	-72.2882
23838	-72.2309
23839	-72.5425
23840	-72.2979
23841	-72.3569
23842	-72.3688
23843	-71.7198
23844	-71.6197
23845	-72.0106
23846	-71.7326
23847	-72.0664
23848	-72.0782
23849	-72.1915
23850	-71.9999
23851	-72.1363
23852	-71.6793
23853	-71.7313
23854	-71.7079
23855	-71.9342
23856	-72.3554
23857	-72.252
23858	-71.8779
23859	-71.8405
23860	-71.8243
23861	-72.1574
23862	-72.0249
23863	-71.7031
23864	-72.2411
23865	-72.4766
23866	-72.0496
23867	-72.1041
23868	-72.2253
23869	-72.2624
23870	-72.0045
23871	-72.2344
23872	-72.5524
23873	-72.2383
23874	-72.039
23875	-71.9829
23876	-71.9907
23877	-71.9333
23878	-72.1904
23879	-72.2627
23880	-72.6581
23881	-71.9009
23882	-71.7896
23883	-71.9052
23884	-72.0436
23885	-72.1264
23886	-72.1353
23887	-72.0967
23888	-71.9435
23889	-71.9904
23890	-71.7654
23891	-72.0862
23892	-72.3108
23893	-72.3574
23894	-72.2735
23895	-72.5105
23896	-71.9689
23897	-71.884
23898	-72.7167
23899	-72.6407
23900	-72.1714
23901	-72.1633
23902	-72.3831
23903	-72.2183
23904	-72.6454
23905	-72.1302
23906	-72.0817
23907	-71.7952
23908	-72.1889
23909	-72.4128
23910	-72.3531
23911	-72.5286
23912	-72.5695
23913	-71.9353
23914	-71.8736
23915	-72.3247
23916	-72.0176
23917	-72.1135
23918	-72.211
23919	-71.9836
23920	-71.9726
23921	-71.5468
23922	-71.8477
23923	-71.8032
23924	-72.0524
23925	-72.2396
23926	-71.9148
23927	-71.5477
23928	-71.6214
23929	-72.1754
23930	-72.1446
23931	-72.4822
23932	-72.2817
23933	-72.3477
23934	-72.4231
23935	-72.0298
23936	-71.8195
23937	-72.3086
23938	-72.0378
23939	-71.9625
23940	-72.0075
23941	-72.3555
23942	-71.8961
23943	-72.0635
23944	-71.9121
23945	-72.0259
23946	-72.4253
23947	-72.3293
23948	-72.3687
23949	-71.8807
23950	-72.1306
23951	-72.0204
23952	-72.1878
23953	-72.2844
23954	-72.4401
23955	-72.3567
23956	-72.0112
23957	-71.866
23958	-71.8998
23959	-72.6724
23960	-72.4335
23961	-72.1294
23962	-71.9201
23963	-72.2187
23964	-71.7444
23965	-71.8776
23966	-72.0987
23967	-72.2726
23968	-72.2476
23969	-72.4265
23970	-72.5695
23971	-72.2404
23972	-72.6407
23973	-72.3621
23974	-72.1779
23975	-72.0989
23976	-71.9818
23977	-71.6358
23978	-72.1917
23979	-72.2001
23980	-71.8469
23981	-72.4541
23982	-72.6539
23983	-72.0944
23984	-71.9945
23985	-71.9823
23986	-72.0743
23987	-72.211
23988	-72.1558
23989	-72.304
23990	-72.3741
23991	-72.7931
23992	-72.1641
23993	-72.1936
23994	-71.7952
23995	-72.4158
23996	-72.437
23997	-72.2246
23998	-72.012
23999	-72.2265
24000	-72.2707
24001	-72.284
24002	-71.9948
24003	-71.8155
24004	-72.0934
24005	-72.2641
24006	-72.097
24007	-72.471
24008	-72.2301
24009	-72.5729
24010	-72.4816
24011	-71.9233
24012	-72.3095
24013	-71.8483
24014	-71.7502
24015	-71.8915
24016	-72.1148
24017	-72.0228
24018	-71.8132
24019	-71.8817
24020	-72.0964
24021	-72.0693
24022	-72.2998
24023	-71.9411
24024	-72.2129
24025	-71.8738
24026	-72.0719
24027	-72.313
24028	-72.3561
24029	-71.928
24030	-71.743
24031	-72.0592
24032	-72.1347
24033	-72.1505
24034	-72.2487
24035	-72.2882
24036	-72.2922
24037	-72.3032
24038	-72.1867
24039	-71.807
24040	-71.7041
24041	-71.4687
24042	-72.028
24043	-72.3152
24044	-72.287
24045	-72.3446
24046	-72.5204
24047	-72.128
24048	-72.2322
24049	-71.9215
24050	-71.7744
24051	-71.8927
24052	-72.0899
24053	-71.6775
24054	-72.2002
24055	-71.9438
24056	-72.0773
24057	-72.1473
24058	-72.1968
24059	-72.4791
24060	-72.3516
24061	-72.009
24062	-72.2115
24063	-72.069
24064	-72.3162
24065	-71.7873
24066	-71.8324
24067	-71.8625
24068	-72.0483
24069	-72.2332
24070	-71.8477
24071	-71.6656
24072	-71.9282
24073	-72.0323
24074	-71.9391
24075	-72.167
24076	-72.2728
24077	-72.1814
24078	-72.2245
24079	-71.9453
24080	-71.8325
24081	-72.1616
24082	-72.6547
24083	-72.38
24084	-72.4295
24085	-71.9407
24086	-71.7497
24087	-72.1391
24088	-72.2014
24089	-71.9595
24090	-71.8624
24091	-72.1091
24092	-72.3729
24093	-71.8331
24094	-71.8065
24095	-72.5917
24096	-72.693
24097	-72.2929
24098	-71.8234
24099	-71.6326
24100	-72.0757
24101	-72.3677
24102	-72.1938
24103	-71.9011
24104	-71.3969
24105	-71.937
24106	-72.1392
24107	-72.0929
24108	-72.1668
24109	-72.3501
24110	-72.545
24111	-72.0258
24112	-71.813
24113	-72.2115
24114	-72.185
24115	-72.0796
24116	-71.9679
24117	-72.3102
24118	-71.9522
24119	-71.9268
24120	-72.0286
24121	-71.9927
24122	-72.1359
24123	-72.3352
24124	-71.7244
24125	-71.8594
24126	-72.0659
24127	-71.9157
24128	-72.0469
24129	-72.1856
24130	-72.2883
24131	-71.8549
24132	-71.9416
24133	-72.0257
24134	-72.1111
24135	-71.6693
24136	-71.6596
24137	-72.0354
24138	-72.2323
24139	-72.3293
24140	-72.0706
24141	-71.908
24142	-72.0425
24143	-72.1363
24144	-72.1465
24145	-72.0917
24146	-72.0432
24147	-72.0092
24148	-72.2157
24149	-72.3202
24150	-72.2181
24151	-72.1875
24152	-72.2759
24153	-72.199
24154	-72.1721
24155	-72.3982
24156	-72.3733
24157	-72.1447
24158	-72.3604
24159	-72.554
24160	-72.4107
24161	-72.3535
24162	-72.3855
24163	-72.1486
24164	-72.1995
24165	-71.9872
24166	-71.9483
24167	-71.5143
24168	-72.696
24169	-72.7938
24170	-72.419
24171	-72.3088
24172	-72.1361
24173	-72.4122
24174	-72.2767
24175	-72.0731
24176	-72.3692
24177	-72.3721
24178	-71.7383
24179	-71.6988
24180	-71.9202
24181	-72.0077
24182	-72.1862
24183	-72.1521
24184	-72.2592
24185	-72.4937
24186	-72.1591
24187	-72.0658
24188	-72.2707
24189	-71.8711
24190	-71.7603
24191	-71.9991
24192	-71.6647
24193	-71.8065
24194	-71.7475
24195	-71.8732
24196	-72.2433
24197	-72.5798
24198	-72.0835
24199	-72.4364
24200	-72.1529
24201	-72.1863
24202	-71.8693
24203	-71.7707
24204	-71.7816
24205	-72.5744
24206	-72.6461
24207	-72.4552
24208	-72.1401
24209	-72.1309
24210	-72.168
24211	-72.5159
24212	-72.4595
24213	-72.4225
24214	-71.9693
24215	-71.8079
24216	-72.1725
24217	-71.9706
24218	-72.1564
24219	-72.3993
24220	-72.1079
24221	-72.1729
24222	-71.7637
24223	-72.4539
24224	-72.2269
24225	-72.1932
24226	-72.1409
24227	-72.4554
24228	-71.7486
24229	-71.9202
24230	-72.1687
24231	-72.6229
24232	-72.2148
24233	-72.3174
24234	-71.8563
24235	-71.8822
24236	-72.0055
24237	-72.0512
24238	-71.8317
24239	-72.0239
24240	-72.2703
24241	-71.8594
24242	-72.0219
24243	-71.8898
24244	-72.155
24245	-72.4322
24246	-72.2415
24247	-72.1655
24248	-71.7961
24249	-72.434
24250	-72.4681
24251	-72.2858
24252	-72.2917
24253	-72.4471
24254	-72.3037
24255	-72.0696
24256	-72.0569
24257	-71.7426
24258	-72.075
24259	-72.0246
24260	-71.976
24261	-72.053
24262	-72.1846
24263	-72.2191
24264	-71.7663
24265	-71.772
24266	-72.051
24267	-72.1855
24268	-72.6532
24269	-72.2039
24270	-72.0331
24271	-72.1695
24272	-72.1071
24273	-72.2299
24274	-72.0771
24275	-72.48
24276	-72.4326
24277	-72.4671
24278	-72.6835
24279	-72.4163
24280	-72.3991
24281	-72.5471
24282	-72.2484
24283	-72.2919
24284	-72.0873
24285	-72.3782
24286	-72.2139
24287	-72.0548
24288	-72.3466
24289	-72.3419
24290	-72.251
24291	-72.2127
24292	-72.2528
24293	-72.4579
24294	-72.3758
24295	-72.0126
24296	-72.0199
24297	-72.5833
24298	-72.4285
24299	-72.1626
24300	-72.3896
24301	-71.997
24302	-71.5869
24303	-71.6713
24304	-72.0983
24305	-72.2618
24306	-72.4547
24307	-72.4138
24308	-72.3768
24309	-72.158
24310	-72.0378
24311	-71.865
24312	-72.1605
24313	-71.8335
24314	-71.9434
24315	-72.003
24316	-71.9621
24317	-72.3802
24318	-72.1994
24319	-72.122
24320	-71.7852
24321	-72.3594
24322	-71.8549
24323	-71.9374
24324	-72.0438
24325	-72.4167
24326	-72.5145
24327	-72.2357
24328	-72.1564
24329	-72.2823
24330	-71.9123
24331	-71.5384
24332	-71.7045
24333	-72.4532
24334	-72.4685
24335	-72.638
24336	-72.2778
24337	-72.1888
24338	-72.1663
24339	-71.8219
24340	-72.0814
24341	-72.7737
24342	-72.3838
24343	-72.4204
24344	-72.0701
24345	-72.1506
24346	-72.716
24347	-72.2872
24348	-72.2212
24349	-72.2478
24350	-72.1839
24351	-72.4035
24352	-72.2633
24353	-72.4409
24354	-71.933
24355	-72.03
24356	-72.2218
24357	-71.8463
24358	-72.0308
24359	-71.9763
24360	-71.8902
24361	-71.9003
24362	-71.842
24363	-71.9425
24364	-71.8428
24365	-71.8086
24366	-71.7998
24367	-71.8264
24368	-71.9896
24369	-72.1569
24370	-72.369
24371	-72.1959
24372	-72.1411
24373	-72.202
24374	-72.0862
24375	-71.8897
24376	-72.3627
24377	-72.2332
24378	-72.1105
24379	-72.4827
24380	-72.1306
24381	-72.0835
24382	-72.3918
24383	-72.6064
24384	-72.419
24385	-72.5518
24386	-72.0302
24387	-71.7455
24388	-72.0678
24389	-72.2188
24390	-72.1886
24391	-72.1502
24392	-71.8687
24393	-71.9055
24394	-72.3669
24395	-72.3168
24396	-72.2464
24397	-71.841
24398	-72.2301
24399	-71.8861
24400	-71.884
24401	-72.1005
24402	-72.1062
24403	-72.0112
24404	-71.9818
24405	-71.8704
24406	-72.2143
24407	-71.8325
24408	-71.9748
24409	-72.1165
24410	-72.3356
24411	-72.1336
24412	-72.1177
24413	-72.2063
24414	-72.5267
24415	-72.5905
24416	-72.3007
24417	-72.2018
24418	-72.1223
24419	-72.0748
24420	-72.4041
24421	-72.092
24422	-72.1095
24423	-72.2467
24424	-71.8793
24425	-71.8662
24426	-72.0907
24427	-72.1553
24428	-72.1937
24429	-72.3947
24430	-72.0553
24431	-71.9214
24432	-72.0866
24433	-72.3055
24434	-71.9711
24435	-72.1215
24436	-72.1323
24437	-71.8223
24438	-71.8375
24439	-72.0647
24440	-72.251
24441	-72.3731
24442	-72.0703
24443	-72.2039
24444	-71.8493
24445	-71.8898
24446	-71.827
24447	-71.8036
24448	-72.0392
24449	-72.3401
24450	-72.5954
24451	-72.0429
24452	-72.0475
24453	-72.306
24454	-72.3042
24455	-72.2686
24456	-71.7869
24457	-72.0665
24458	-72.0335
24459	-71.9824
24460	-71.7557
24461	-72.0786
24462	-72.0647
24463	-71.9099
24464	-72.0778
24465	-71.9291
24466	-72.4245
24467	-72.2962
24468	-72.4154
24469	-72.6076
24470	-71.8757
24471	-71.9791
24472	-72.2375
24473	-72.3355
24474	-72.3708
24475	-72.2572
24476	-72.2639
24477	-72.2895
24478	-71.5391
24479	-71.6918
24480	-72.2747
24481	-72.4707
24482	-72.288
24483	-72.0395
24484	-71.9603
24485	-72.4557
24486	-71.9942
24487	-72.0226
24488	-72.4812
24489	-72.2249
24490	-71.9702
24491	-71.9489
24492	-72.1471
24493	-72.016
24494	-72.4382
24495	-72.4645
24496	-72.3634
24497	-72.6724
24498	-72.5749
24499	-72.1921
24500	-72.2795
24501	-72.13
24502	-72.2382
24503	-72.1451
24504	-72.2172
24505	-71.9678
24506	-72.1435
24507	-71.9373
24508	-71.7082
24509	-72.2952
24510	-72.4259
24511	-72.53
24512	-72.3034
24513	-72.3935
24514	-72.3944
24515	-72.2022
24516	-72.1733
24517	-72.2508
24518	-72.4059
24519	-72.6657
24520	-72.3051
24521	-72.0927
24522	-72.1864
24523	-72.0047
24524	-72.2869
24525	-72.2927
24526	-72.4834
24527	-72.1437
24528	-72.1394
24529	-72.3116
24530	-72.386
24531	-72.1762
24532	-71.994
24533	-72.1347
24534	-72.2794
24535	-72.2298
24536	-72.1254
24537	-72.1297
24538	-71.9993
24539	-71.7932
24540	-72.2561
24541	-72.4788
24542	-72.5653
24543	-72.1144
24544	-72.4706
24545	-72.1139
24546	-72.097
24547	-72.1012
24548	-72.3366
24549	-72.2349
24550	-72.2616
24551	-72.2277
24552	-72.305
24553	-72.0034
24554	-72.1327
24555	-72.1754
24556	-72.1926
24557	-72.5913
24558	-72.3397
24559	-72.5405
24560	-72.4112
24561	-71.9276
24562	-71.5594
24563	-71.952
24564	-72.3271
24565	-71.9523
24566	-72.109
24567	-72.0199
24568	-71.9753
24569	-71.9757
24570	-71.865
24571	-71.618
24572	-71.7229
24573	-71.6535
24574	-71.9755
24575	-72.3805
24576	-72.1464
24577	-72.3179
24578	-72.2438
24579	-72.2196
24580	-72.4309
24581	-72.5793
24582	-71.9316
24583	-71.7588
24584	-71.7612
24585	-72.2383
24586	-72.1974
24587	-72.0378
24588	-71.987
24589	-72.0954
24590	-72.0592
24591	-71.9664
24592	-71.8543
24593	-72.1663
24594	-72.2416
24595	-72.2463
24596	-72.6766
24597	-72.3115
24598	-72.2294
24599	-72.0839
24600	-71.8905
24601	-71.8613
24602	-72.3195
24603	-72.2993
24604	-72.3196
24605	-71.9862
24606	-72.1203
24607	-71.9235
24608	-72.1456
24609	-72.7473
24610	-72.7608
24611	-72.3241
24612	-72.1141
24613	-72.1124
24614	-72.3229
24615	-72.1133
24616	-72.3363
24617	-72.4857
24618	-71.8643
24619	-71.6315
24620	-71.9568
24621	-72.3517
24622	-72.6228
24623	-72.1607
24624	-72.283
24625	-72.1385
24626	-72.3718
24627	-72.075
24628	-72.2192
24629	-72.2751
24630	-72.1514
24631	-72.2076
24632	-72.0803
24633	-72.0556
24634	-72.1524
24635	-72.2881
24636	-72.2962
24637	-72.3105
24638	-72.3407
24639	-72.5769
24640	-72.1264
24641	-71.9367
24642	-72.1668
24643	-72.2591
24644	-72.5623
24645	-72.2888
24646	-72.1488
24647	-71.8059
24648	-72.2539
24649	-71.7805
24650	-71.8229
24651	-72.2479
24652	-72.0779
24653	-71.9684
24654	-71.8249
24655	-71.5948
24656	-71.8287
24657	-71.7376
24658	-71.6751
24659	-71.6731
24660	-71.7668
24661	-72.1065
24662	-72.5314
24663	-72.4087
24664	-72.0152
24665	-71.9361
24666	-71.9999
24667	-72.0087
24668	-72.2467
24669	-72.2373
24670	-71.8632
24671	-71.8782
24672	-72.5612
24673	-72.9836
24674	-72.6677
24675	-72.3255
24676	-72.2667
24677	-72.2145
24678	-72.0676
24679	-72.6863
24680	-72.0688
24681	-72.0603
24682	-72.2143
24683	-72.6053
24684	-72.4437
24685	-72.2727
24686	-72.413
24687	-72.4597
24688	-72.041
24689	-72.3114
24690	-72.3607
24691	-71.9723
24692	-72.0133
24693	-72.2858
24694	-72.1584
24695	-72.0641
24696	-72.0126
24697	-71.8883
24698	-71.9689
24699	-72.2888
24700	-72.3675
24701	-72.1703
24702	-72.0532
24703	-72.0867
24704	-72.0529
24705	-71.9771
24706	-72.2257
24707	-72.1221
24708	-72.0648
24709	-72.1014
24710	-71.9333
24711	-72.0563
24712	-71.9763
24713	-72.3526
24714	-72.1535
24715	-72.4149
24716	-72.2701
24717	-72.0514
24718	-71.9188
24719	-72.0457
24720	-72.3122
24721	-72.3829
24722	-72.4451
24723	-72.0298
24724	-71.5988
24725	-71.708
24726	-72.1721
24727	-72.0196
24728	-72.2842
24729	-72.339
24730	-72.1967
24731	-71.9135
24732	-72.2119
24733	-72.0337
24734	-72.177
24735	-72.4148
24736	-72.0984
24737	-71.8401
24738	-72.196
24739	-72.1336
24740	-72.0835
24741	-72.1769
24742	-71.8353
24743	-71.9107
24744	-71.9874
24745	-71.9828
24746	-72.2401
24747	-71.9849
24748	-71.9223
24749	-71.7632
24750	-71.8643
24751	-72.1396
24752	-72.496
24753	-72.6686
24754	-72.675
24755	-72.2546
24756	-72.456
24757	-72.3303
24758	-72.4527
24759	-72.6569
24760	-72.1604
24761	-72.0786
24762	-72.3718
24763	-72.135
24764	-71.9692
24765	-72.3661
24766	-72.3536
24767	-72.0095
24768	-72.1227
24769	-72.5719
24770	-72.4045
24771	-72.5581
24772	-72.4838
24773	-72.1473
24774	-72.4689
24775	-72.5954
24776	-72.744
24777	-72.0838
24778	-71.8107
24779	-72.1567
24780	-72.4633
24781	-72.222
24782	-72.7133
24783	-72.2286
24784	-72.2407
24785	-72.6319
24786	-72.0653
24787	-72.1647
24788	-72.5073
24789	-72.3467
24790	-71.8916
24791	-72.0973
24792	-72.5187
24793	-72.7696
24794	-72.6644
24795	-72.3362
24796	-72.5037
24797	-72.706
24798	-72.0288
24799	-72.0277
24800	-72.3646
24801	-72.1061
24802	-71.8992
24803	-72.4387
24804	-72.3195
24805	-72.1307
24806	-72.0543
24807	-72.2146
24808	-72.3692
24809	-72.6369
24810	-72.35
24811	-72.1282
24812	-72.2663
24813	-72.4482
24814	-72.1231
24815	-71.9455
24816	-71.8153
24817	-72.4676
24818	-72.2969
24819	-72.1642
24820	-72.1108
24821	-71.9071
24822	-71.9409
24823	-72.0978
24824	-72.2375
24825	-72.2221
24826	-72.0106
24827	-71.7173
24828	-72.3316
24829	-72.1416
24830	-72.2708
24831	-72.2547
24832	-72.2532
24833	-71.9876
24834	-71.8769
24835	-72.1265
24836	-72.591
24837	-72.3341
24838	-72.2561
24839	-72.1873
24840	-72.3432
24841	-72.1875
24842	-72.0807
24843	-72.6071
24844	-72.3419
24845	-72.4542
24846	-72.0534
24847	-72.1621
24848	-72.09
24849	-72.2195
24850	-72.3421
24851	-72.0845
24852	-71.9255
24853	-71.6661
24854	-72.3338
24855	-72.127
24856	-71.7988
24857	-72.1043
24858	-72.5122
24859	-72.6897
24860	-72.2385
24861	-71.8401
24862	-72.106
24863	-72.5768
24864	-72.0816
24865	-72.1065
24866	-71.9354
24867	-72.3799
24868	-72.2966
24869	-72.4326
24870	-71.7356
24871	-71.9249
24872	-71.9055
24873	-72.0983
24874	-72.4872
24875	-72.3534
24876	-72.1864
24877	-71.9198
24878	-71.7672
24879	-71.5779
24880	-71.8408
24881	-72.3213
24882	-72.3194
24883	-72.1831
24884	-72.2939
24885	-72.4564
24886	-72.4533
24887	-72.0232
24888	-72.1502
24889	-71.8458
24890	-71.926
24891	-71.7847
24892	-71.9473
24893	-72.0123
24894	-72.0683
24895	-72.0568
24896	-72.2804
24897	-72.0447
24898	-72.0386
24899	-72.3572
24900	-72.3044
24901	-72.4598
24902	-72.3188
24903	-72.2924
24904	-72.3292
24905	-72.2431
24906	-72.1029
24907	-72.506
24908	-72.4224
24909	-72.3116
24910	-72.1845
24911	-72.1755
24912	-72.098
24913	-72.1866
24914	-72.1552
24915	-72.2071
24916	-72.4349
24917	-72.1972
24918	-72.0271
24919	-72.058
24920	-71.929
24921	-72.1444
24922	-72.4072
24923	-72.1321
24924	-72.0645
24925	-71.7863
24926	-71.7906
24927	-71.8122
24928	-72.052
24929	-72.2119
24930	-72.2741
24931	-72.1424
24932	-72.3805
24933	-72.3928
24934	-72.3441
24935	-72.1478
24936	-72.1568
24937	-72.4096
24938	-72.1597
24939	-71.7146
24940	-72.0089
24941	-72.014
24942	-72.4255
24943	-72.7013
24944	-72.0645
24945	-72.0076
24946	-71.6738
24947	-72.0163
24948	-72.114
24949	-72.0682
24950	-72.294
24951	-72.2665
24952	-72.1587
24953	-72.3381
24954	-72.1894
24955	-72.2912
24956	-72.782
24957	-72.5066
24958	-72.2913
24959	-72.2573
24960	-71.9809
24961	-72.2989
24962	-72.1384
24963	-72.1634
24964	-72.1272
24965	-72.5322
24966	-72.465
24967	-72.168
24968	-71.602
24969	-72.0207
24970	-72.0957
24971	-72.1477
24972	-72.1958
24973	-72.1631
24974	-71.9001
24975	-72.0913
24976	-72.3623
24977	-72.3008
24978	-72.2051
24979	-71.9666
24980	-72.0635
24981	-71.7495
24982	-72.0225
24983	-72.2397
24984	-72.4376
24985	-72.5867
24986	-72.3187
24987	-71.8554
24988	-71.8314
24989	-72.2277
24990	-71.6916
24991	-71.8468
24992	-72.2556
24993	-72.3065
24994	-72.1366
24995	-72.3185
24996	-72.4125
24997	-72.0289
24998	-72.3121
24999	-72.4175
25000	-72.0881
25001	-72.3529
25002	-72.1726
25003	-71.9059
25004	-71.8748
25005	-71.8753
25006	-71.7728
25007	-71.8565
25008	-71.9253
25009	-72.5377
25010	-72.5652
25011	-72.4538
25012	-71.9272
25013	-72.2257
25014	-72.3818
25015	-72.0656
25016	-71.9715
25017	-71.6228
25018	-71.6622
25019	-71.9128
25020	-72.1307
25021	-72.3499
25022	-72.6636
25023	-72.1974
25024	-72.176
25025	-72.345
25026	-72.403
25027	-72.0291
25028	-72.1253
25029	-72.1441
25030	-72.1265
25031	-71.7855
25032	-72.1055
25033	-72.494
25034	-72.5273
25035	-72.2725
25036	-71.9697
25037	-71.973
25038	-72.4494
25039	-72.7101
25040	-72.4505
25041	-71.9493
25042	-72.2542
25043	-72.7358
25044	-72.2556
25045	-72.1762
25046	-72.4182
25047	-72.3648
25048	-72.2072
25049	-72.0901
25050	-71.9671
25051	-72.0353
25052	-72.5286
25053	-72.1938
25054	-71.7456
25055	-72.0507
25056	-72.0901
25057	-72.0484
25058	-72.5957
25059	-72.5727
25060	-72.3314
25061	-72.3014
25062	-72.329
25063	-72.3377
25064	-72.2784
25065	-72.0544
25066	-72.6328
25067	-72.0918
25068	-72.3558
25069	-72.5766
25070	-72.4927
25071	-72.5455
25072	-72.3317
25073	-72.2822
25074	-72.2339
25075	-72.3131
25076	-72.3218
25077	-72.0477
25078	-71.7594
25079	-71.9531
25080	-71.9196
25081	-71.9072
25082	-72.003
25083	-71.8828
25084	-72.0375
25085	-72.1387
25086	-71.8822
25087	-72.0143
25088	-72.2482
25089	-72.2462
25090	-71.9761
25091	-72.0413
25092	-72.5018
25093	-72.48
25094	-72.2813
25095	-72.3508
25096	-72.6442
25097	-72.5349
25098	-71.9962
25099	-71.9428
25100	-72.4266
25101	-72.807
25102	-72.4536
25103	-72.2902
25104	-72.0579
25105	-72.3766
25106	-72.3668
25107	-72.3233
25108	-72.5277
25109	-72.0669
25110	-72.0854
25111	-72.2592
25112	-72.1657
25113	-72.3682
25114	-72.2041
25115	-72.2583
25116	-72.1378
25117	-72.1459
25118	-72.2261
25119	-72.1177
25120	-72.5415
25121	-72.3062
25122	-72.2508
25123	-72.1562
25124	-72.0132
25125	-71.9948
25126	-71.9116
25127	-72.5185
25128	-72.505
25129	-72.4591
25130	-72.0828
25131	-72.3376
25132	-71.9265
25133	-71.9103
25134	-71.9344
25135	-72.1924
25136	-71.9697
25137	-71.8856
25138	-72.2503
25139	-72.1308
25140	-71.7814
25141	-72.2527
25142	-72.2423
25143	-72.0389
25144	-71.7539
25145	-72.0855
25146	-72.1157
25147	-72.3753
25148	-72.5377
25149	-72.5825
25150	-72.2616
25151	-72.5154
25152	-72.2684
25153	-72.1193
25154	-72.1244
25155	-72.2851
25156	-72.2549
25157	-72.408
25158	-72.5654
25159	-72.3797
25160	-71.8361
25161	-72.2262
25162	-72.7505
25163	-72.3027
25164	-72.1845
25165	-72.3523
25166	-72.3581
25167	-72.1796
25168	-72.0574
25169	-72.5666
25170	-72.1791
25171	-72.1128
25172	-72.3185
25173	-72.4284
25174	-72.2338
25175	-72.3871
25176	-72.4799
25177	-72.2184
25178	-72.5368
25179	-72.1747
25180	-72.6152
25181	-72.4452
25182	-72.2484
25183	-72.147
25184	-72.1644
25185	-72.4658
25186	-72.4033
25187	-72.313
25188	-72.6093
25189	-72.4776
25190	-72.3166
25191	-72.3514
25192	-72.1734
25193	-72.0102
25194	-72.1469
25195	-72.116
25196	-72.2801
25197	-72.5538
25198	-72.3538
25199	-72.2237
25200	-72.3095
25201	-72.2933
25202	-72.2486
25203	-72.9412
25204	-72.3517
25205	-72.4813
25206	-72.2962
25207	-72.0663
25208	-72.2351
25209	-72.2374
25210	-72.3351
25211	-72.1956
25212	-72.2701
25213	-71.9215
25214	-72.3337
25215	-72.3152
25216	-72.5192
25217	-72.5207
25218	-72.5733
25219	-72.8959
25220	-72.3168
25221	-72.4906
25222	-72.6299
25223	-72.7313
25224	-72.4704
25225	-72.0168
25226	-72.0979
25227	-72.1905
25228	-72.5291
25229	-72.0807
25230	-71.8602
25231	-72.0355
25232	-72.0382
25233	-72.0697
25234	-72.117
25235	-71.9427
25236	-72.0122
25237	-72.3648
25238	-72.7658
25239	-72.3082
25240	-72.1997
25241	-72.3711
25242	-72.4422
25243	-72.4713
25244	-72.4749
25245	-72.231
25246	-71.8287
25247	-72.1177
25248	-72.1514
25249	-72.1322
25250	-72.3719
25251	-71.941
25252	-71.9685
25253	-72.0668
25254	-72.3154
25255	-72.4396
25256	-72.4695
25257	-72.3827
25258	-72.4277
25259	-71.7918
25260	-71.6775
25261	-72.0544
25262	-71.9972
25263	-72.0671
25264	-71.7966
25265	-72.2792
25266	-72.2992
25267	-72.262
25268	-72.434
25269	-72.8751
25270	-72.2108
25271	-72.116
25272	-72.4326
25273	-72.3051
25274	-72.143
25275	-72.2785
25276	-72.0762
25277	-72.0839
25278	-72.3115
25279	-73.1822
25280	-72.3834
25281	-71.8764
25282	-72.4744
25283	-72.6195
25284	-72.6056
25285	-72.7988
25286	-72.4193
25287	-72.5125
25288	-71.9578
25289	-72.3239
25290	-72.182
25291	-72.0401
25292	-72.2831
25293	-72.1174
25294	-71.878
25295	-71.9434
25296	-72.2058
25297	-71.9427
25298	-72.5078
25299	-72.3779
25300	-71.8811
25301	-72.1467
25302	-72.0477
25303	-72.0741
25304	-72.3337
25305	-72.0319
25306	-72.1114
25307	-72.2665
25308	-72.2391
25309	-72.2056
25310	-72.2819
25311	-72.2968
25312	-72.4238
25313	-72.3499
25314	-72.1575
25315	-72.356
25316	-72.2823
25317	-72.2286
25318	-72.436
25319	-72.3568
25320	-72.63
25321	-72.4247
25322	-72.2237
25323	-71.9727
25324	-72.0137
25325	-72.5413
25326	-72.2051
25327	-72.0165
25328	-72.3191
25329	-72.2794
25330	-71.8884
25331	-72.3405
25332	-72.4541
25333	-72.2844
25334	-71.8431
25335	-72.4085
25336	-72.5677
25337	-72.4065
25338	-72.3798
25339	-72.2869
25340	-72.184
25341	-72.0842
25342	-72.0686
25343	-72.2962
25344	-72.0754
25345	-72.1541
25346	-72.031
25347	-72.2703
25348	-72.0709
25349	-72.0563
25350	-72.5261
25351	-72.0591
25352	-72.2208
25353	-72.3485
25354	-72.7706
25355	-72.7981
25356	-72.4223
25357	-72.1748
25358	-72.0436
25359	-72.4028
25360	-72.2386
25361	-71.9655
25362	-72.0456
25363	-71.944
25364	-72.3442
25365	-72.6668
25366	-72.2032
25367	-72.1096
25368	-71.9825
25369	-72.38
25370	-72.0939
25371	-72.3389
25372	-72.1525
25373	-72.2172
25374	-72.2593
25375	-72.2693
25376	-72.4523
25377	-72.6346
25378	-71.8743
25379	-71.8509
25380	-71.9485
25381	-72.1964
25382	-72.1903
25383	-72.3266
25384	-72.5824
25385	-72.4828
25386	-72.3304
25387	-72.119
25388	-71.9276
25389	-72.2049
25390	-72.1356
25391	-72.0325
25392	-72.0012
25393	-72.3883
25394	-72.6662
25395	-72.2116
25396	-72.0492
25397	-72.0693
25398	-71.9031
25399	-71.8777
25400	-71.975
25401	-72.2801
25402	-72.3854
25403	-72.164
25404	-72.2903
25405	-72.2674
25406	-72.0923
25407	-72.3894
25408	-72.3415
25409	-72.0874
25410	-71.913
25411	-71.4938
25412	-71.5027
25413	-71.839
25414	-72.414
25415	-72.1998
25416	-72.3091
25417	-72.4105
25418	-72.6652
25419	-72.4615
25420	-72.6323
25421	-72.1225
25422	-72.4162
25423	-72.374
25424	-72.3338
25425	-72.0949
25426	-72.1734
25427	-72.3038
25428	-72.3061
25429	-72.4477
25430	-72.477
25431	-72.2508
25432	-72.1791
25433	-72.1524
25434	-72.414
25435	-72.0735
25436	-72.2301
25437	-72.2552
25438	-71.9664
25439	-71.9977
25440	-72.7845
25441	-72.4052
25442	-72.2885
25443	-72.4335
25444	-72.1994
25445	-72.703
25446	-72.5814
25447	-72.3443
25448	-72.2275
25449	-72.5149
25450	-72.2042
25451	-72.7315
25452	-72.3108
25453	-72.2345
25454	-72.5189
25455	-71.9898
25456	-72.1517
25457	-72.1549
25458	-72.3866
25459	-72.2783
25460	-72.1666
25461	-71.9456
25462	-71.9951
25463	-72.1209
25464	-72.5297
25465	-72.6651
25466	-72.1663
25467	-72.02
25468	-72.5098
25469	-72.2649
25470	-72.0814
25471	-72.1452
25472	-72.4764
25473	-72.2881
25474	-72.1739
25475	-72.065
25476	-72.0001
25477	-72.1765
25478	-72.3667
25479	-72.3752
25480	-72.5342
25481	-72.2424
25482	-72.1078
25483	-72.2059
25484	-72.61
25485	-72.486
25486	-72.4966
25487	-72.2822
25488	-72.266
25489	-72.3839
25490	-72.173
25491	-71.9049
25492	-71.4672
25493	-71.8383
25494	-72.3744
25495	-72.6014
25496	-72.7225
25497	-72.1107
25498	-71.8782
25499	-72.144
25500	-72.3766
25501	-72.2021
25502	-72.0724
25503	-71.9478
25504	-72.0766
25505	-72.1705
25506	-72.5759
25507	-72.4607
25508	-72.2673
25509	-72.1455
25510	-72.016
25511	-71.8253
25512	-71.9124
25513	-71.9573
25514	-71.9473
25515	-71.7941
25516	-72.0225
25517	-72.4112
25518	-72.0262
25519	-71.7492
25520	-71.7668
25521	-72.1407
25522	-72.3978
25523	-71.9503
25524	-72.1187
25525	-72.5756
25526	-72.7979
25527	-72.4134
25528	-72.5856
25529	-72.377
25530	-72.2067
25531	-72.3678
25532	-72.113
25533	-71.8836
25534	-72.3143
25535	-72.1085
25536	-72.1416
25537	-72.1798
25538	-72.2477
25539	-72.7067
25540	-72.7414
25541	-72.6414
25542	-72.4937
25543	-72.6688
25544	-72.386
25545	-71.8504
25546	-72.0581
25547	-71.8926
25548	-72.1582
25549	-72.4712
25550	-72.136
25551	-72.4861
25552	-72.3194
25553	-72.3327
25554	-72.1527
25555	-72.3721
25556	-72.0255
25557	-71.9313
25558	-71.9474
25559	-72.2422
25560	-72.6744
25561	-72.7443
25562	-72.0036
25563	-72.25
25564	-72.3995
25565	-72.665
25566	-72.3264
25567	-72.4744
25568	-72.6419
25569	-72.0887
25570	-72.4047
25571	-72.2767
25572	-72.4142
25573	-72.5528
25574	-72.5855
25575	-71.9315
25576	-72.1936
25577	-72.0017
25578	-72.3527
25579	-72.6874
25580	-72.4541
25581	-72.2506
25582	-72.2081
25583	-71.9484
25584	-72.191
25585	-72.4232
25586	-72.4109
25587	-71.9817
25588	-72.4208
25589	-72.8076
25590	-72.4482
25591	-72.3205
25592	-72.7133
25593	-72.768
25594	-72.5149
25595	-71.944
25596	-71.9951
25597	-72.4729
25598	-72.4329
25599	-72.1308
25600	-71.9151
25601	-72.4291
25602	-72.655
25603	-72.106
25604	-72.2415
25605	-72.2452
25606	-72.1949
25607	-72.0783
25608	-72.0529
25609	-72.4722
25610	-72.1431
25611	-72.0608
25612	-71.8628
25613	-72.0231
25614	-72.3331
25615	-72.2611
25616	-72.1364
25617	-72.3427
25618	-72.4444
25619	-72.4428
25620	-71.9473
25621	-71.9747
25622	-71.9226
25623	-71.9352
25624	-72.0653
25625	-72.1274
25626	-72.0476
25627	-72.0711
25628	-72.0215
25629	-72.0548
25630	-72.7689
25631	-72.5729
25632	-72.7601
25633	-72.4293
25634	-72.176
25635	-72.2305
25636	-72.3276
25637	-72.3142
25638	-72.2518
25639	-72.0562
25640	-72.3942
25641	-72.601
25642	-72.685
25643	-72.4736
25644	-72.239
25645	-72.0806
25646	-72.0582
25647	-72.5842
25648	-72.6272
25649	-72.5328
25650	-72.7085
25651	-72.2282
25652	-71.8744
25653	-72.1218
25654	-72.4448
25655	-72.2865
25656	-72.6148
25657	-72.5613
25658	-72.182
25659	-72.1819
25660	-72.2186
25661	-72.2531
25662	-72.2317
25663	-71.9277
25664	-72.4185
25665	-72.261
25666	-72.413
25667	-72.4468
25668	-72.4704
25669	-72.5579
25670	-72.4845
25671	-72.0785
25672	-72.3153
25673	-72.0616
25674	-72.0414
25675	-72.6682
25676	-72.8855
25677	-72.9083
25678	-72.6613
25679	-72.4647
25680	-71.9433
25681	-71.9041
25682	-72.0493
25683	-72.1919
25684	-72.1255
25685	-71.9602
25686	-71.9103
25687	-72.1538
25688	-72.0376
25689	-71.8825
25690	-72.1348
25691	-72.3062
25692	-72.0371
25693	-71.9732
25694	-72.0242
25695	-71.847
25696	-71.8837
25697	-72.1422
25698	-72.1428
25699	-72.0316
25700	-72.1518
25701	-72.1766
25702	-71.9188
25703	-72.0801
25704	-71.8879
25705	-71.8989
25706	-72.2826
25707	-72.5001
25708	-71.7585
25709	-71.5836
25710	-71.907
25711	-71.9266
25712	-72.0319
25713	-71.9607
25714	-72.1015
25715	-72.4314
25716	-72.1556
25717	-72.2815
25718	-71.7894
25719	-72.2779
25720	-72.3725
25721	-72.0882
25722	-72.0847
25723	-71.8852
25724	-72.2731
25725	-72.3897
25726	-72.8857
25727	-72.8932
25728	-72.5814
25729	-72.5114
25730	-72.2493
25731	-72.3814
25732	-72.1829
25733	-71.9279
25734	-72.1955
25735	-71.8151
25736	-71.7043
25737	-71.8908
25738	-71.901
25739	-72.3855
25740	-72.0816
25741	-72.476
25742	-72.2778
25743	-72.4952
25744	-71.9098
25745	-72.115
25746	-72.185
25747	-72.4812
25748	-72.7293
25749	-72.307
25750	-71.9078
25751	-72.5585
25752	-72.2773
25753	-72.3124
25754	-72.2609
25755	-72.2031
25756	-72.4379
25757	-72.6345
25758	-72.3552
25759	-72.4785
25760	-72.1005
25761	-71.9876
25762	-72.3621
25763	-72.2115
25764	-71.8995
25765	-71.977
25766	-72.2344
25767	-72.0332
25768	-72.43
25769	-72.0386
25770	-71.8471
25771	-72.3428
25772	-72.2305
25773	-72.0903
25774	-71.92
25775	-72.4042
25776	-72.2193
25777	-72.0078
25778	-71.706
25779	-71.8722
25780	-72.1481
25781	-72.5238
25782	-72.6041
25783	-72.6247
25784	-72.091
25785	-72.1508
25786	-72.0921
25787	-71.8449
25788	-72.0904
25789	-72.1408
25790	-72.0476
25791	-71.9761
25792	-72.448
25793	-72.1809
25794	-72.3748
25795	-72.138
25796	-71.8761
25797	-71.9054
25798	-72.0053
25799	-72.1226
25800	-72.1049
25801	-72.0152
25802	-72.1935
25803	-72.002
25804	-72.331
25805	-72.744
25806	-72.6616
25807	-72.0462
25808	-72.3349
25809	-72.3157
25810	-72.3132
25811	-72.1693
25812	-71.9647
25813	-72.428
25814	-72.3189
25815	-72.1388
25816	-71.8745
25817	-72.0862
25818	-72.0923
25819	-72.4493
25820	-72.429
25821	-72.3411
25822	-72.1864
25823	-72.0715
25824	-71.9547
25825	-72.1382
25826	-72.04
25827	-72.0768
25828	-72.3912
25829	-72.2548
25830	-72.1481
25831	-72.0165
25832	-72.2962
25833	-72.2467
25834	-72.2407
25835	-72.4047
25836	-72.3478
25837	-72.8438
25838	-73.0362
25839	-72.7099
25840	-72.26
25841	-72.6417
25842	-72.342
25843	-72.4727
25844	-72.1027
25845	-72.1698
25846	-72.6061
25847	-72.8783
25848	-72.3503
25849	-72.2748
25850	-72.5598
25851	-72.3658
25852	-72.2273
25853	-72.1381
25854	-72.2048
25855	-72.2054
25856	-72.3019
25857	-72.338
25858	-72.1089
25859	-72.0047
25860	-71.9757
25861	-71.7866
25862	-72.0065
25863	-72.7222
25864	-72.7806
25865	-72.3605
25866	-72.1377
25867	-72.0399
25868	-72.2799
25869	-72.2323
25870	-72.6165
25871	-72.4921
25872	-72.1756
25873	-71.8612
25874	-72.2122
25875	-72.0657
25876	-71.7536
25877	-72.4462
25878	-72.4363
25879	-72.3649
25880	-72.2276
25881	-71.9468
25882	-71.9786
25883	-71.7316
25884	-72.4499
25885	-72.7542
25886	-72.6657
25887	-72.6078
25888	-72.26
25889	-72.5892
25890	-72.726
25891	-72.6009
25892	-72.417
25893	-72.5086
25894	-72.4534
25895	-72.3006
25896	-71.9849
25897	-72.0606
25898	-72.3567
25899	-72.6646
25900	-72.4021
25901	-72.1091
25902	-72.0565
25903	-72.2004
25904	-72.4131
25905	-72.1094
25906	-72.2213
25907	-72.3074
25908	-72.5335
25909	-72.3503
25910	-72.1915
25911	-72.0234
25912	-72.0523
25913	-72.1515
25914	-72.4508
25915	-72.0202
25916	-72.2633
25917	-72.5408
25918	-72.8897
25919	-72.5519
25920	-72.3138
25921	-72.2637
25922	-72.2169
25923	-72.3633
25924	-72.2943
25925	-72.4831
25926	-72.2974
25927	-72.5346
25928	-72.2063
25929	-72.1442
25930	-72.473
25931	-72.4591
25932	-72.1947
25933	-72.2523
25934	-72.199
25935	-72.0111
25936	-72.885
25937	-72.4133
25938	-72.4284
25939	-72.5709
25940	-72.2409
25941	-72.2637
25942	-72.1239
25943	-72.2377
25944	-72.3379
25945	-72.3456
25946	-71.8109
25947	-72.1198
25948	-72.3597
25949	-72.0226
25950	-72.3544
25951	-72.7257
25952	-72.3178
25953	-72.2794
25954	-72.298
25955	-72.3636
25956	-72.2758
25957	-72.3132
25958	-72.5427
25959	-72.5964
25960	-72.3516
25961	-72.464
25962	-72.4913
25963	-72.9131
25964	-72.3895
25965	-72.2858
25966	-72.3806
25967	-72.1707
25968	-71.9789
25969	-72.0547
25970	-72.3165
25971	-72.1473
25972	-72.0076
25973	-72.389
25974	-72.2453
25975	-72.2026
25976	-72.3537
25977	-72.3562
25978	-71.755
25979	-71.7438
25980	-72.123
25981	-72.3622
25982	-72.2645
25983	-71.8939
25984	-72.1151
25985	-72.0026
25986	-72.0815
25987	-72.5707
25988	-72.2215
25989	-71.9382
25990	-72.107
25991	-72.9795
25992	-72.5057
25993	-72.3603
25994	-72.1969
25995	-72.2451
25996	-72.2621
25997	-72.5223
25998	-72.4725
25999	-72.3863
26000	-72.2766
26001	-71.8556
26002	-72.2003
26003	-72.1141
26004	-72.7037
26005	-72.3105
26006	-72.4084
26007	-72.7702
26008	-72.6788
26009	-72.334
26010	-72.9866
26011	-73.069
26012	-72.7384
26013	-72.7081
26014	-72.2462
26015	-72.1928
26016	-72.6765
26017	-72.2893
26018	-72.2659
26019	-71.9436
26020	-72.3736
26021	-72.1882
26022	-71.9828
26023	-72.2267
26024	-72.3932
26025	-72.0244
26026	-72.2566
26027	-72.0946
26028	-72.4337
26029	-72.544
26030	-72.1753
26031	-71.8833
26032	-72.3418
26033	-72.1276
26034	-72.0828
26035	-72.0297
26036	-72.4332
26037	-72.423
26038	-71.9025
26039	-71.9668
26040	-72.046
26041	-72.3552
26042	-72.0501
26043	-72.3596
26044	-71.982
26045	-72.1776
26046	-72.4108
26047	-72.0493
26048	-72.2669
26049	-72.3305
26050	-72.236
26051	-72.3776
26052	-72.0379
26053	-72.0808
26054	-72.775
26055	-72.6576
26056	-72.4355
26057	-72.3721
26058	-72.3114
26059	-72.391
26060	-72.4488
26061	-72.3964
26062	-72.1388
26063	-72.118
26064	-71.9937
26065	-72.3599
26066	-72.7864
26067	-72.1511
26068	-72.4378
26069	-72.5638
26070	-72.6051
26071	-72.5736
26072	-72.0906
26073	-72.0405
26074	-72.0992
26075	-72.2925
26076	-72.7655
26077	-72.2829
26078	-71.8995
26079	-72.315
26080	-72.1564
26081	-71.7223
26082	-72.1049
26083	-72.4701
26084	-72.176
26085	-72.2515
26086	-72.6383
26087	-72.978
26088	-72.773
26089	-72.4308
26090	-72.3123
26091	-72.4821
26092	-72.1563
26093	-72.0321
26094	-72.5067
26095	-72.3119
26096	-71.9337
26097	-72.3342
26098	-72.5701
26099	-72.5989
26100	-72.5923
26101	-72.792
26102	-72.2522
26103	-72.4243
26104	-72.4429
26105	-71.9611
26106	-71.9298
26107	-71.9609
26108	-72.4719
26109	-72.5867
26110	-72.1963
26111	-72.2248
26112	-72.0361
26113	-72.3657
26114	-72.4513
26115	-72.8951
26116	-72.3496
26117	-72.5005
26118	-72.2475
26119	-72.2949
26120	-72.7715
26121	-72.2056
26122	-71.9211
26123	-72.2228
26124	-72.4838
26125	-72.6887
26126	-72.5108
26127	-72.3445
26128	-72.3604
26129	-72.6723
26130	-72.3196
26131	-71.9264
26132	-72.3999
26133	-72.2747
26134	-72.2942
26135	-72.6566
26136	-72.5968
26137	-72.3619
26138	-72.3609
26139	-72.1955
26140	-72.2041
26141	-72.2547
26142	-72.3936
26143	-72.4453
26144	-71.99
26145	-72.4958
26146	-72.6308
26147	-72.4371
26148	-72.3011
26149	-72.2631
26150	-72.4989
26151	-72.0537
26152	-72.3713
26153	-71.986
26154	-72.327
26155	-72.0792
26156	-72.1119
26157	-72.3869
26158	-72.4904
26159	-72.4319
26160	-72.503
26161	-72.3177
26162	-72.5021
26163	-72.5671
26164	-72.5044
26165	-72.2526
26166	-71.9025
26167	-72.2059
26168	-71.8304
26169	-72.1084
26170	-72.1795
26171	-72.1839
26172	-72.4883
26173	-72.188
26174	-72.3789
26175	-72.3042
26176	-72.3318
26177	-72.2395
26178	-72.4391
26179	-72.7878
26180	-73.0034
26181	-72.1402
26182	-72.5131
26183	-72.3287
26184	-72.0067
26185	-71.9129
26186	-72.0685
26187	-72.1119
26188	-72.4189
26189	-72.5278
26190	-72.1904
26191	-72.4369
26192	-71.9395
26193	-72.5171
26194	-72.6959
26195	-72.4551
26196	-72.5633
26197	-71.9693
26198	-72.1082
26199	-72.3692
26200	-72.295
26201	-72.1062
26202	-72.161
26203	-72.3625
26204	-72.502
26205	-72.1099
26206	-72.4224
26207	-72.5923
26208	-72.5636
26209	-72.7701
26210	-72.5789
26211	-72.3121
26212	-72.4794
26213	-72.4416
26214	-72.5043
26215	-72.6786
26216	-72.639
26217	-72.6588
26218	-72.2443
26219	-72.6677
26220	-72.6162
26221	-72.5619
26222	-72.3525
26223	-71.9825
26224	-72.4661
26225	-72.4711
26226	-72.0234
26227	-72.4339
26228	-72.5207
26229	-72.8448
26230	-72.8319
26231	-72.5321
26232	-72.2794
26233	-72.4434
26234	-72.3551
26235	-72.4689
26236	-72.3445
26237	-72.0202
26238	-71.6676
26239	-72.1571
26240	-72.38
26241	-72.0183
26242	-72.2462
26243	-72.2701
26244	-72.4543
26245	-72.4724
26246	-72.6533
26247	-72.5337
26248	-72.3417
26249	-72.4223
26250	-72.0125
26251	-72.1033
26252	-72.0839
26253	-72.2984
26254	-71.9765
26255	-72.2127
26256	-72.0953
26257	-72.2948
26258	-72.3706
26259	-71.9689
26260	-71.8464
26261	-72.204
26262	-71.7082
26263	-71.7521
26264	-72.3529
26265	-72.4764
26266	-72.4833
26267	-72.0134
26268	-72.0674
26269	-72.542
26270	-72.4347
26271	-72.3666
26272	-72.5609
26273	-72.5751
26274	-72.6609
26275	-72.4329
26276	-72.232
26277	-71.8777
26278	-72.3013
26279	-72.3722
26280	-72.602
26281	-72.5156
26282	-72.5988
26283	-72.497
26284	-72.2
26285	-71.7549
26286	-71.9169
26287	-71.9517
26288	-72.2895
26289	-72.5245
26290	-72.271
26291	-72.3364
26292	-72.7705
26293	-72.9032
26294	-72.6554
26295	-72.4399
26296	-72.4977
26297	-72.3913
26298	-72.5704
26299	-72.532
26300	-72.5109
26301	-72.3413
26302	-72.4452
26303	-71.6489
26304	-71.8423
26305	-72.1924
26306	-72.5541
26307	-72.3303
26308	-72.3214
26309	-72.1263
26310	-72.436
26311	-72.2727
26312	-72.3377
26313	-72.1229
26314	-71.7206
26315	-72.2554
26316	-72.0344
26317	-72.1134
26318	-71.865
26319	-72.1534
26320	-72.3903
26321	-72.0795
26322	-72.1216
26323	-71.7078
26324	-71.9526
26325	-72.2471
26326	-71.9708
26327	-72.284
26328	-72.28
26329	-72.0214
26330	-72.4595
26331	-72.6622
26332	-72.4586
26333	-72.0868
26334	-72.0384
26335	-72.1369
26336	-72.1868
26337	-72.155
26338	-72.4806
26339	-72.4631
26340	-72.3072
26341	-72.4706
26342	-71.9304
26343	-71.9476
26344	-72.3893
26345	-72.7246
26346	-72.5274
26347	-72.3165
26348	-72.4156
26349	-72.2521
26350	-72.1371
26351	-72.3585
26352	-72.3609
26353	-72.7495
26354	-72.7754
26355	-72.4319
26356	-72.2734
26357	-72.1752
26358	-72.0469
26359	-72.3351
26360	-72.5488
26361	-72.7036
26362	-72.552
26363	-72.4802
26364	-72.5322
26365	-72.9046
26366	-72.8256
26367	-72.6594
26368	-72.3144
26369	-72.4559
26370	-72.5391
26371	-72.2578
26372	-72.1845
26373	-72.5841
26374	-72.5734
26375	-72.2871
26376	-72.2934
26377	-72.2776
26378	-72.3345
26379	-72.3144
26380	-72.1963
26381	-72.2875
26382	-72.0887
26383	-72.4187
26384	-72.5532
26385	-72.1805
26386	-71.7875
26387	-72.0906
26388	-72.2276
26389	-72.5147
26390	-72.9869
26391	-72.201
26392	-72.1672
26393	-72.0628
26394	-72.281
26395	-72.0824
26396	-72.0674
26397	-71.6061
26398	-71.8975
26399	-72.4335
26400	-73.0174
26401	-72.8731
26402	-72.4414
26403	-72.6512
26404	-72.7457
26405	-72.3228
26406	-72.8691
26407	-72.5211
26408	-72.4973
26409	-72.1808
26410	-72.2606
26411	-72.5484
26412	-72.4043
26413	-71.8704
26414	-72.0052
26415	-72.3726
26416	-72.0601
26417	-71.7595
26418	-71.8824
26419	-72.5013
26420	-72.4375
26421	-72.7822
26422	-72.7839
26423	-72.4223
26424	-72.2533
26425	-72.6477
26426	-72.5765
26427	-72.6018
26428	-72.4028
26429	-72.2378
26430	-72.1134
26431	-72.2945
26432	-72.3722
26433	-72.3075
26434	-72.2519
26435	-72.2971
26436	-72.3732
26437	-72.2483
26438	-72.0477
26439	-72.4971
26440	-72.5123
26441	-72.032
26442	-72.4396
26443	-72.7044
26444	-72.6109
26445	-72.3565
26446	-72.4371
26447	-72.6182
26448	-72.4715
26449	-72.4391
26450	-72.2597
26451	-72.5058
26452	-72.2095
26453	-72.3913
26454	-72.6144
26455	-72.4924
26456	-72.2875
26457	-71.6955
26458	-71.9973
26459	-72.2048
26460	-71.8716
26461	-71.8362
26462	-72.4033
26463	-71.8491
26464	-72.3569
26465	-72.5661
26466	-72.4582
26467	-72.3622
26468	-72.4057
26469	-72.4069
26470	-72.4847
26471	-72.5253
26472	-72.254
26473	-72.3711
26474	-72.3663
26475	-72.2436
26476	-72.6822
26477	-72.2961
26478	-72.3795
26479	-72.3596
26480	-72.556
26481	-72.4703
26482	-72.2355
26483	-72.5965
26484	-72.4851
26485	-72.3569
26486	-72.2002
26487	-72.4481
26488	-72.4931
26489	-72.4641
26490	-72.3167
26491	-72.3724
26492	-72.5957
26493	-72.4133
26494	-72.0629
26495	-72.0358
26496	-72.0242
26497	-72.1741
26498	-72.1688
26499	-72.0275
26500	-72.13
26501	-72.3474
26502	-72.2518
26503	-72.2887
26504	-72.0733
26505	-71.8344
26506	-72.0944
26507	-72.3209
26508	-72.7261
26509	-72.6475
26510	-72.288
26511	-72.3538
26512	-72.2977
26513	-72.188
26514	-72.4351
26515	-72.4449
26516	-72.4281
26517	-72.2014
26518	-71.9973
26519	-72.3425
26520	-72.8742
26521	-72.5883
26522	-71.9885
26523	-72.1719
26524	-72.2518
26525	-72.6006
26526	-72.527
26527	-72.1338
26528	-72.1329
26529	-72.2478
26530	-72.1215
26531	-71.7979
26532	-72.1606
26533	-72.3262
26534	-71.9039
26535	-72.1377
26536	-72.475
26537	-72.3787
26538	-72.0257
26539	-71.9667
26540	-72.0923
26541	-72.0267
26542	-72.4597
26543	-72.2172
26544	-72.5623
26545	-72.2626
26546	-72.0971
26547	-72.0593
26548	-72.5039
26549	-72.2129
26550	-72.3793
26551	-72.5547
26552	-72.1328
26553	-72.4511
26554	-72.6363
26555	-72.4501
26556	-72.5719
26557	-72.2113
26558	-72.2181
26559	-72.6847
26560	-72.5017
26561	-72.5677
26562	-72.4077
26563	-72.7215
26564	-72.4123
26565	-72.2391
26566	-72.1814
26567	-72.2385
26568	-72.1666
26569	-72.3233
26570	-72.3576
26571	-72.2875
26572	-72.2168
26573	-72.1447
26574	-71.8426
26575	-72.1515
26576	-72.7403
26577	-72.9885
26578	-72.4906
26579	-72.0194
26580	-72.1116
26581	-72.295
26582	-72.6265
26583	-72.3742
26584	-72.2026
26585	-72.4875
26586	-72.6547
26587	-72.3437
26588	-72.0752
26589	-72.2945
26590	-72.9099
26591	-72.7206
26592	-72.1555
26593	-72.5437
26594	-72.404
26595	-72.6095
26596	-72.2163
26597	-71.8275
26598	-72.0889
26599	-72.3355
26600	-72.6945
26601	-72.2926
26602	-72.2645
26603	-72.2612
26604	-72.58
26605	-72.3269
26606	-72.3848
26607	-72.5345
26608	-72.0291
26609	-72.0738
26610	-72.4516
26611	-72.0625
26612	-71.938
26613	-71.7337
26614	-72.0904
26615	-72.245
26616	-72.2685
26617	-72.3937
26618	-72.2201
26619	-72.4872
26620	-72.0934
26621	-72.2698
26622	-72.136
26623	-72.2827
26624	-72.2494
26625	-72.3215
26626	-72.2898
26627	-72.5661
26628	-72.6712
26629	-72.4683
26630	-72.4304
26631	-72.379
26632	-72.4474
26633	-72.2484
26634	-72.2972
26635	-72.5669
26636	-72.9876
26637	-72.8683
26638	-72.6575
26639	-72.2076
26640	-72.4175
26641	-72.9375
26642	-72.3744
26643	-72.1483
26644	-72.2049
26645	-72.2883
26646	-72.0141
26647	-71.7936
26648	-72.3542
26649	-72.5606
26650	-72.7562
26651	-72.441
26652	-72.7096
26653	-72.8871
26654	-72.5156
26655	-72.1278
26656	-72.8175
26657	-72.3055
26658	-72.3061
26659	-72.6173
26660	-72.6832
26661	-72.5979
26662	-72.4193
26663	-72.2566
26664	-72.1492
26665	-72.3615
26666	-72.2667
26667	-72.4183
26668	-72.5133
26669	-72.492
26670	-72.4265
26671	-72.0393
26672	-71.7915
26673	-72.4685
26674	-72.4447
26675	-72.5714
26676	-72.0569
26677	-72.0968
26678	-72.555
26679	-72.2318
26680	-72.3771
26681	-72.6358
26682	-72.6422
26683	-72.5546
26684	-72.5813
26685	-72.2637
26686	-72.2281
26687	-72.0301
26688	-71.8838
26689	-72.2418
26690	-72.067
26691	-72.3618
26692	-72.3702
26693	-72.5389
26694	-72.1612
26695	-72.3316
26696	-72.209
26697	-72.6028
26698	-72.6114
26699	-72.7165
26700	-72.2329
26701	-72.2822
26702	-72.3241
26703	-72.3521
26704	-72.2793
26705	-72.4811
26706	-72.2897
26707	-72.4542
26708	-72.2582
26709	-72.3971
26710	-72.049
26711	-71.9869
26712	-72.3279
26713	-72.054
26714	-72.521
26715	-72.4765
26716	-72.4347
26717	-72.2661
26718	-72.7669
26719	-72.5945
26720	-72.1592
26721	-72.4339
26722	-72.2432
26723	-72.0756
26724	-72.1428
26725	-72.4057
26726	-72.4514
26727	-72.4304
26728	-72.0207
26729	-72.0042
26730	-72.3896
26731	-72.8378
26732	-72.4472
26733	-72.0015
26734	-72.3248
26735	-72.4102
26736	-72.7889
26737	-72.1919
26738	-72.1633
26739	-72.9477
26740	-72.3851
26741	-72.9321
26742	-72.2457
26743	-72.2041
26744	-72.5228
26745	-72.4125
26746	-72.575
26747	-72.386
26748	-72.3318
26749	-72.4561
26750	-72.5149
26751	-72.3454
26752	-72.5054
26753	-72.352
26754	-72.385
26755	-72.1519
26756	-72.2889
26757	-72.828
26758	-72.3868
26759	-72.6971
26760	-72.2875
26761	-72.4539
26762	-72.168
26763	-72.0875
26764	-72.5926
26765	-72.6775
26766	-72.3156
26767	-72.3095
26768	-72.3878
26769	-72.4044
26770	-72.259
26771	-72.3909
26772	-72.5146
26773	-72.4165
26774	-72.1357
26775	-72.4449
26776	-72.1516
26777	-72.7794
26778	-72.453
26779	-72.2842
26780	-71.8546
26781	-72.1701
26782	-72.4255
26783	-72.6452
26784	-72.8523
26785	-72.5071
26786	-71.9085
26787	-72.3952
26788	-72.3506
26789	-72.675
26790	-72.2396
26791	-72.213
26792	-72.158
26793	-72.0547
26794	-72.3355
26795	-72.7215
26796	-72.3745
26797	-72.4738
26798	-72.3399
26799	-72.5416
26800	-72.2776
26801	-72.3159
26802	-72.8829
26803	-72.869
26804	-72.4267
26805	-71.9563
26806	-71.9814
26807	-72.4054
26808	-72.3727
26809	-72.1677
26810	-72.5896
26811	-72.2975
26812	-72.4208
26813	-72.872
26814	-72.8079
26815	-72.6749
26816	-72.4214
26817	-72.4991
26818	-72.3487
26819	-72.5616
26820	-72.6512
26821	-72.3097
26822	-72.2212
26823	-72.0218
26824	-72.7656
26825	-72.4772
26826	-72.5142
26827	-72.4904
26828	-72.0945
26829	-71.896
26830	-72.0695
26831	-72.6385
26832	-71.92
26833	-72.3025
26834	-72.0227
26835	-71.9798
26836	-72.2538
26837	-72.4172
26838	-72.3447
26839	-72.0922
26840	-72.1129
26841	-72.2443
26842	-72.3771
26843	-72.6604
26844	-72.1271
26845	-72.0189
26846	-72.1859
26847	-72.2673
26848	-72.0782
26849	-72.0937
26850	-72.2122
26851	-72.3422
26852	-72.155
26853	-72.1808
26854	-72.4435
26855	-72.2165
26856	-72.5096
26857	-72.0003
26858	-72.0154
26859	-72.2525
26860	-72.2276
26861	-72.444
26862	-72.4878
26863	-72.2823
26864	-72.1141
26865	-72.4717
26866	-72.2562
26867	-72.6443
26868	-72.78
26869	-72.6213
26870	-72.3734
26871	-72.3306
26872	-72.5716
26873	-72.2624
26874	-72.1792
26875	-72.0599
26876	-72.2359
26877	-72.3451
26878	-72.5062
26879	-71.923
26880	-71.6033
26881	-72.0345
26882	-72.4887
26883	-72.618
26884	-72.5464
26885	-72.0517
26886	-72.0324
26887	-71.6684
26888	-72.3604
26889	-72.4276
26890	-72.3127
26891	-71.9992
26892	-72.2241
26893	-72.1912
26894	-72.7194
26895	-72.3486
26896	-71.9599
26897	-72.1589
26898	-72.2448
26899	-71.8288
26900	-71.9981
26901	-72.5345
26902	-72.2372
26903	-71.8058
26904	-72.5907
26905	-72.4521
26906	-72.4974
26907	-72.4785
26908	-72.1639
26909	-72.2418
26910	-72.2055
26911	-72.3393
26912	-72.4672
26913	-72.1896
26914	-72.5354
26915	-72.5841
26916	-72.4503
26917	-72.5217
26918	-72.2229
26919	-72.1627
26920	-72.2848
26921	-72.0905
26922	-72.4796
26923	-72.5326
26924	-72.3789
26925	-72.4525
26926	-72.0983
26927	-71.9329
26928	-72.2905
26929	-72.5996
26930	-72.1653
26931	-72.4073
26932	-72.6821
26933	-72.5119
26934	-71.9126
26935	-72.3132
26936	-71.935
26937	-72.3863
26938	-72.983
26939	-72.4966
26940	-72.3239
26941	-72.203
26942	-72.3944
26943	-72.1751
26944	-72.1473
26945	-72.5618
26946	-72.2973
26947	-72.1023
26948	-72.7546
26949	-72.75
26950	-72.476
26951	-72.3248
26952	-71.9845
26953	-72.2038
26954	-72.0721
26955	-72.237
26956	-72.2469
26957	-72.6992
26958	-72.9006
26959	-72.8371
26960	-72.8262
26961	-72.5217
26962	-72.2374
26963	-72.289
26964	-72.4577
26965	-72.2185
26966	-71.9138
26967	-72.2753
26968	-72.3698
26969	-72.3296
26970	-72.3878
26971	-72.0846
26972	-72.2324
26973	-71.7993
26974	-72.4599
26975	-72.8919
26976	-72.716
26977	-72.2056
26978	-72.0457
26979	-72.0577
26980	-72.4157
26981	-72.3579
26982	-72.5479
26983	-72.4145
26984	-72.1381
26985	-71.9932
26986	-72.2126
26987	-72.1611
26988	-72.4541
26989	-72.1247
26990	-71.9972
26991	-72.6188
26992	-72.5761
26993	-72.1189
26994	-72.3835
26995	-72.6711
26996	-72.4287
26997	-72.3845
26998	-72.577
26999	-72.4576
27000	-72.3762
27001	-72.1693
27002	-71.9777
27003	-72.0327
27004	-72.2752
27005	-72.5025
27006	-72.8319
27007	-72.5168
27008	-72.4988
27009	-72.7283
27010	-72.3507
27011	-72.3576
27012	-73.0497
27013	-72.837
27014	-72.657
27015	-72.5525
27016	-72.476
27017	-72.5352
27018	-72.0876
27019	-72.2886
27020	-72.2214
27021	-72.0598
27022	-71.9672
27023	-71.9423
27024	-71.7404
27025	-72.3375
27026	-72.4989
27027	-72.401
27028	-72.3905
27029	-72.3558
27030	-72.4915
27031	-72.2405
27032	-72.2512
27033	-72.2858
27034	-72.0316
27035	-72.428
27036	-72.4804
27037	-72.6778
27038	-72.5467
27039	-72.5842
27040	-72.3011
27041	-72.7202
27042	-72.5152
27043	-72.3258
27044	-72.4597
27045	-72.4594
27046	-71.8284
27047	-72.1673
27048	-72.1375
27049	-72.0059
27050	-72.4084
27051	-72.4478
27052	-72.4272
27053	-72.2248
27054	-72.3562
27055	-71.9743
27056	-72.1046
27057	-72.6683
27058	-72.6196
27059	-72.0179
27060	-72.0689
27061	-72.0853
27062	-72.3789
27063	-72.5632
27064	-72.3919
27065	-72.3512
27066	-72.3155
27067	-72.5753
27068	-71.9187
27069	-72.2007
27070	-72.2987
27071	-72.1045
27072	-71.9084
27073	-71.8222
27074	-71.8671
27075	-72.3407
27076	-72.6073
27077	-72.6905
27078	-72.3354
27079	-72.7212
27080	-72.5124
27081	-71.9202
27082	-72.2466
27083	-72.8491
27084	-72.6591
27085	-72.3233
27086	-72.1501
27087	-72.0782
27088	-72.255
27089	-72.5914
27090	-72.3662
27091	-72.328
27092	-72.4744
27093	-72.317
27094	-72.4504
27095	-72.6839
27096	-72.496
27097	-72.7766
27098	-72.5736
27099	-72.6541
27100	-72.1386
27101	-72.2741
27102	-72.3219
27103	-72.6259
27104	-72.6235
27105	-72.3478
27106	-72.15
27107	-71.9487
27108	-72.0192
27109	-72.1487
27110	-72.4743
27111	-72.4427
27112	-72.1971
27113	-72.4567
27114	-72.7203
27115	-72.0937
27116	-72.2168
27117	-72.4942
27118	-72.4673
27119	-72.4621
27120	-72.421
27121	-72.0998
27122	-71.9736
27123	-72.8153
27124	-72.4986
27125	-72.451
27126	-72.126
27127	-72.2781
27128	-72.3605
27129	-72.6324
27130	-72.2513
27131	-72.2753
27132	-72.0599
27133	-71.858
27134	-71.7521
27135	-72.1687
27136	-72.58
27137	-72.8812
27138	-72.2179
27139	-72.3812
27140	-72.2363
27141	-72.0778
27142	-72.1429
27143	-72.5603
27144	-72.4546
27145	-72.6475
27146	-72.4644
27147	-72.2132
27148	-72.1316
27149	-72.1835
27150	-72.1389
27151	-72.8917
27152	-72.6595
27153	-72.537
27154	-72.53
27155	-72.5667
27156	-72.1286
27157	-71.8624
27158	-72.411
27159	-72.7675
27160	-72.7713
27161	-73.0259
27162	-72.7022
27163	-72.6151
27164	-72.5213
27165	-72.2453
27166	-72.028
27167	-72.0587
27168	-72.2141
27169	-72.2762
27170	-72.5319
27171	-73.0907
27172	-72.2669
27173	-71.8494
27174	-71.708
27175	-72.1173
27176	-71.8765
27177	-72.0231
27178	-72.1376
27179	-72.3302
27180	-73.1648
27181	-72.373
27182	-72.1662
27183	-72.9094
27184	-72.6661
27185	-72.2138
27186	-71.9864
27187	-72.0504
27188	-72.1106
27189	-71.702
27190	-71.7093
27191	-72.2411
27192	-73.0166
27193	-72.7758
27194	-72.5627
27195	-72.5338
27196	-72.0652
27197	-72.1688
27198	-72.5541
27199	-72.3513
27200	-72.6455
27201	-72.512
27202	-72.164
27203	-72.3632
27204	-72.2613
27205	-72.5959
27206	-72.4617
27207	-72.9168
27208	-72.4356
27209	-72.3867
27210	-72.0214
27211	-72.2398
27212	-72.402
27213	-72.3753
27214	-72.0831
27215	-71.8664
27216	-71.8423
27217	-72.4119
27218	-72.5873
27219	-72.5496
27220	-72.4891
27221	-72.6473
27222	-72.1718
27223	-72.3381
27224	-72.3138
27225	-72.1992
27226	-72.0673
27227	-72.399
27228	-72.3158
27229	-72.2562
27230	-73.0756
27231	-72.4099
27232	-71.9203
27233	-72.0756
27234	-72.3369
27235	-72.4956
27236	-72.2799
27237	-72.3709
27238	-72.7188
27239	-72.7616
27240	-72.3173
27241	-72.2033
27242	-72.3012
27243	-72.6465
27244	-72.7935
27245	-72.6238
27246	-72.549
27247	-72.3359
27248	-72.6186
27249	-72.6887
27250	-72.4594
27251	-72.4137
27252	-72.8092
27253	-72.7088
27254	-72.1383
27255	-72.394
27256	-72.5545
27257	-72.1275
27258	-71.8919
27259	-72.2924
27260	-72.3045
27261	-72.5058
27262	-72.4392
27263	-72.6031
27264	-72.9098
27265	-72.7066
27266	-72.4979
27267	-72.3521
27268	-72.3135
27269	-72.3829
27270	-72.4116
27271	-72.4583
27272	-72.6264
27273	-72.7643
27274	-72.5092
27275	-72.5035
27276	-72.6804
27277	-72.6156
27278	-72.6699
27279	-72.3775
27280	-72.5033
27281	-72.3495
27282	-72.0303
27283	-72.5422
27284	-72.1917
27285	-72.5554
27286	-72.2932
27287	-72.3169
27288	-72.4454
27289	-72.1709
27290	-72.2747
27291	-72.5406
27292	-72.6862
27293	-72.3228
27294	-72.5431
27295	-72.7435
27296	-72.395
27297	-72.4475
27298	-72.878
27299	-72.8385
27300	-72.6033
27301	-72.6467
27302	-72.4821
27303	-72.3968
27304	-72.3918
27305	-72.3779
27306	-72.3395
27307	-71.966
27308	-71.9844
27309	-72.2719
27310	-72.3076
27311	-72.6607
27312	-72.4585
27313	-72.0966
27314	-72.1673
27315	-71.9799
27316	-71.9224
27317	-72.3357
27318	-72.417
27319	-72.6513
27320	-72.8344
27321	-72.6
27322	-72.3392
27323	-72.4194
27324	-72.716
27325	-72.4687
27326	-72.0187
27327	-71.9941
27328	-72.0482
27329	-72.2491
27330	-71.9719
27331	-71.8924
27332	-71.8979
27333	-72.4221
27334	-72.3289
27335	-72.4537
27336	-72.1635
27337	-72.0985
27338	-71.7973
27339	-72.2555
27340	-72.3437
27341	-72.2688
27342	-72.5224
27343	-72.5588
27344	-72.3556
27345	-72.3531
27346	-72.5139
27347	-72.7235
27348	-72.8227
27349	-72.6225
27350	-72.8201
27351	-72.5085
27352	-72.507
27353	-72.836
27354	-72.3105
27355	-72.3948
27356	-72.7667
27357	-72.6932
27358	-72.6435
27359	-72.369
27360	-72.3205
27361	-72.1586
27362	-72.3386
27363	-72.7872
27364	-72.3713
27365	-72.229
27366	-72.686
27367	-72.496
27368	-72.7912
27369	-72.4014
27370	-72.0633
27371	-72.555
27372	-72.6129
27373	-72.3799
27374	-72.4106
27375	-72.5482
27376	-72.4365
27377	-72.5726
27378	-72.7801
27379	-72.3931
27380	-72.2818
27381	-72.1636
27382	-72.22
27383	-72.2314
27384	-72.2342
27385	-72.1895
27386	-72.4296
27387	-72.412
27388	-72.1191
27389	-72.3646
27390	-72.2734
27391	-72.6334
27392	-72.3416
27393	-72.4378
27394	-72.5289
27395	-72.3647
27396	-72.5565
27397	-72.5109
27398	-72.5249
27399	-72.5003
27400	-72.4596
27401	-71.8445
27402	-72.365
27403	-72.1419
27404	-72.1552
27405	-72.3123
27406	-72.5286
27407	-72.6997
27408	-72.5823
27409	-72.2285
27410	-72.2396
27411	-72.5811
27412	-72.4826
27413	-72.3754
27414	-72.2784
27415	-72.327
27416	-72.0529
27417	-72.448
27418	-72.2701
27419	-72.5667
27420	-72.1601
27421	-72.3067
27422	-72.1856
27423	-72.247
27424	-72.382
27425	-72.2573
27426	-72.45
27427	-72.679
27428	-72.6186
27429	-72.469
27430	-72.3016
27431	-72.7116
27432	-72.4715
27433	-72.5307
27434	-72.5771
27435	-72.3175
27436	-72.2858
27437	-72.5048
27438	-72.5171
27439	-72.8542
27440	-72.4709
27441	-72.6479
27442	-72.7268
27443	-72.2314
27444	-71.8893
27445	-72.305
27446	-72.416
27447	-72.3648
27448	-72.4166
27449	-72.3777
27450	-72.5189
27451	-72.6176
27452	-72.9655
27453	-72.4174
27454	-72.364
27455	-72.6809
27456	-72.4931
27457	-72.4742
27458	-72.4127
27459	-72.3
27460	-72.0126
27461	-72.052
27462	-72.4417
27463	-72.4715
27464	-72.476
27465	-72.8983
27466	-72.5351
27467	-72.6596
27468	-72.4046
27469	-71.7716
27470	-71.6997
27471	-72.32
27472	-72.2826
27473	-72.5036
27474	-72.4192
27475	-72.3693
27476	-72.242
27477	-72.0694
27478	-72.5786
27479	-72.8676
27480	-72.6772
27481	-72.6131
27482	-72.5328
27483	-72.4016
27484	-72.2211
27485	-72.159
27486	-72.5484
27487	-72.1348
27488	-72.6654
27489	-72.3021
27490	-72.2312
27491	-72.4738
27492	-72.4164
27493	-72.8485
27494	-72.921
27495	-72.4676
27496	-72.5151
27497	-72.2199
27498	-72.7653
27499	-72.693
27500	-72.4672
27501	-72.7822
27502	-72.4935
27503	-72.6395
27504	-72.6082
27505	-72.7875
27506	-72.4478
27507	-72.3736
27508	-72.5341
27509	-72.1267
27510	-72.5299
27511	-72.4954
27512	-72.4943
27513	-72.5715
27514	-72.0837
27515	-72.2451
27516	-72.137
27517	-72.2885
27518	-72.5384
27519	-72.4376
27520	-72.0019
27521	-72.1194
27522	-72.5407
27523	-72.4033
27524	-72.6458
27525	-72.6101
27526	-72.0733
27527	-72.4251
27528	-72.6278
27529	-72.2021
27530	-72.4305
27531	-72.4891
27532	-72.4334
27533	-72.5733
27534	-72.3059
27535	-72.2118
27536	-72.3246
27537	-72.285
27538	-72.4298
27539	-72.2604
27540	-72.3905
27541	-72.442
27542	-72.471
27543	-72.3141
27544	-72.0651
27545	-72.0007
27546	-72.0002
27547	-72.2473
27548	-72.5274
27549	-72.5824
27550	-72.3724
27551	-71.994
27552	-72.406
27553	-72.4271
27554	-72.3679
27555	-72.6357
27556	-73.1153
27557	-72.5236
27558	-72.3198
27559	-72.1533
27560	-72.2294
27561	-72.1097
27562	-72.3432
27563	-72.4414
27564	-72.4856
27565	-72.4441
27566	-72.4608
27567	-72.4862
27568	-72.1131
27569	-72.2437
27570	-72.4182
27571	-72.5259
27572	-72.4245
27573	-72.5738
27574	-72.6019
27575	-72.268
27576	-72.7103
27577	-72.4113
27578	-72.4764
27579	-72.3709
27580	-72.027
27581	-72.0677
27582	-72.5807
27583	-72.629
27584	-72.6513
27585	-72.4513
27586	-72.2003
27587	-71.9286
27588	-72.2347
27589	-71.7446
27590	-71.8687
27591	-71.9139
27592	-72.1122
27593	-72.2713
27594	-72.3072
27595	-71.8352
27596	-72.1999
27597	-72.9735
27598	-72.6477
27599	-72.127
27600	-72.3265
27601	-72.736
27602	-72.675
27603	-72.6489
27604	-72.5638
27605	-72.3606
27606	-72.309
27607	-72.0608
27608	-72.0131
27609	-72.1131
27610	-72.3821
27611	-72.5575
27612	-72.6113
27613	-72.6793
27614	-72.1916
27615	-72.0964
27616	-72.0481
27617	-72.698
27618	-72.4357
27619	-72.7909
27620	-72.3682
27621	-72.2839
27622	-72.2842
27623	-72.3181
27624	-72.5629
27625	-72.2007
27626	-72.2255
27627	-72.5854
27628	-72.5372
27629	-72.1462
27630	-72.4643
27631	-72.8279
27632	-72.574
27633	-72.3431
27634	-72.5829
27635	-72.2025
27636	-72.0957
27637	-72.4135
27638	-73.0094
27639	-72.5918
27640	-72.0234
27641	-72.2515
27642	-72.0385
27643	-71.912
27644	-72.2648
27645	-72.099
27646	-72.4443
27647	-72.8517
27648	-72.6332
27649	-72.7149
27650	-72.3633
27651	-72.3869
27652	-72.1918
27653	-72.1872
27654	-72.5411
27655	-72.2169
27656	-72.3165
27657	-72.2842
27658	-72.4503
27659	-72.2609
27660	-72.3919
27661	-72.4193
27662	-72.8003
27663	-72.505
27664	-72.3164
27665	-72.6412
27666	-72.3899
27667	-72.6396
27668	-72.6887
27669	-72.3525
27670	-72.4682
27671	-72.6094
27672	-72.247
27673	-72.2633
27674	-72.0643
27675	-71.9487
27676	-72.1364
27677	-72.2406
27678	-72.1551
27679	-72.0196
27680	-72.4561
27681	-72.6874
27682	-72.6854
27683	-72.6119
27684	-72.1494
27685	-71.9712
27686	-72.2885
27687	-72.7015
27688	-72.8003
27689	-72.3455
27690	-72.1303
27691	-72.3339
27692	-72.6917
27693	-72.4598
27694	-72.1225
27695	-72.2844
27696	-72.6005
27697	-72.6368
27698	-72.5293
27699	-72.2059
27700	-72.0012
27701	-72.2087
27702	-72.503
27703	-72.6413
27704	-72.4662
27705	-72.6022
27706	-72.898
27707	-72.9066
27708	-72.5141
27709	-72.3032
27710	-72.5144
27711	-72.3768
27712	-72.3955
27713	-72.4474
27714	-72.6105
27715	-72.6919
27716	-72.3992
27717	-71.9804
27718	-72.4962
27719	-72.8296
27720	-72.7205
27721	-72.1598
27722	-72.1256
27723	-72.0911
27724	-72.1717
27725	-72.3704
27726	-72.4982
27727	-72.3441
27728	-72.2323
27729	-72.4192
27730	-72.619
27731	-72.6218
27732	-72.407
27733	-72.3779
27734	-72.5569
27735	-72.4513
27736	-72.5535
27737	-72.7126
27738	-72.7688
27739	-72.7371
27740	-72.5566
27741	-72.3576
27742	-72.5111
27743	-72.6645
27744	-72.5035
27745	-72.2803
27746	-72.3613
27747	-72.6068
27748	-72.4363
27749	-72.379
27750	-72.5286
27751	-72.5351
27752	-72.9601
27753	-71.9542
27754	-71.749
27755	-71.8896
27756	-72.5015
27757	-72.7041
27758	-72.6117
27759	-72.2186
27760	-72.0209
27761	-72.1961
27762	-72.746
27763	-72.9581
27764	-72.1887
27765	-71.9482
27766	-71.5587
27767	-72.3525
27768	-72.121
27769	-72.7758
27770	-72.6581
27771	-72.1958
27772	-71.9732
27773	-72.2279
27774	-72.646
27775	-72.818
27776	-73.0423
27777	-72.6222
27778	-72.373
27779	-72.4744
27780	-72.5787
27781	-72.5672
27782	-72.4492
27783	-72.5415
27784	-72.4096
27785	-72.315
27786	-72.5859
27787	-72.6007
27788	-72.0009
27789	-72.1342
27790	-72.1792
27791	-71.9468
27792	-72.0574
27793	-72.6647
27794	-72.2567
27795	-72.074
27796	-72.0375
27797	-72.6563
27798	-72.0794
27799	-72.179
27800	-72.4421
27801	-72.6055
27802	-72.0123
27803	-72.6796
27804	-72.451
27805	-72.5471
27806	-72.3175
27807	-72.268
27808	-72.1445
27809	-72.1685
27810	-72.1823
27811	-72.1239
27812	-72.4654
27813	-72.3408
27814	-72.4909
27815	-72.1812
27816	-71.8458
27817	-72.69
27818	-72.3424
27819	-72.3519
27820	-71.8519
27821	-72.4764
27822	-72.7069
27823	-72.4503
27824	-71.9198
27825	-71.8461
27826	-72.6492
27827	-72.405
27828	-72.6879
27829	-72.3237
27830	-72.3845
27831	-72.439
27832	-72.1878
27833	-71.9874
27834	-71.7882
27835	-72.0576
27836	-72.4547
27837	-72.6608
27838	-72.6425
27839	-72.5847
27840	-72.1476
27841	-72.1466
27842	-72.0475
27843	-72.4782
27844	-72.7755
27845	-72.7682
27846	-72.7736
27847	-72.2656
27848	-72.1118
27849	-72.2133
27850	-72.5799
27851	-72.0759
27852	-72.4207
27853	-72.6573
27854	-72.9206
27855	-72.8333
27856	-72.4818
27857	-72.5794
27858	-72.5908
27859	-72.4656
27860	-72.3216
27861	-72.6764
27862	-72.7787
27863	-72.4046
27864	-72.1829
27865	-72.47
27866	-72.3418
27867	-72.2194
27868	-72.4598
27869	-72.1978
27870	-72.3212
27871	-72.1251
27872	-72.722
27873	-72.8248
27874	-72.5348
27875	-72.3642
27876	-72.5003
27877	-72.5329
27878	-72.6271
27879	-72.9194
27880	-72.8349
27881	-72.5744
27882	-72.6776
27883	-72.4486
27884	-72.0519
27885	-72.0059
27886	-71.8147
27887	-71.9666
27888	-72.1848
27889	-72.4567
27890	-72.2366
27891	-72.8093
27892	-72.8129
27893	-72.5467
27894	-72.1761
27895	-71.9987
27896	-72.2634
27897	-72.2107
27898	-72.1523
27899	-72.3475
27900	-72.5662
27901	-72.673
27902	-72.9994
27903	-72.0464
27904	-72.3983
27905	-72.3838
27906	-72.1208
27907	-71.9033
27908	-71.9727
27909	-72.0813
27910	-72.4859
27911	-72.444
27912	-72.3858
27913	-72.4991
27914	-73.0516
27915	-72.2963
27916	-72.4138
27917	-72.2799
27918	-72.4633
27919	-72.5562
27920	-72.6276
27921	-71.9662
27922	-72.5032
27923	-72.664
27924	-72.3597
27925	-72.1676
27926	-72.4083
27927	-72.7996
27928	-72.4654
27929	-72.1506
27930	-72.52
27931	-72.4817
27932	-72.4072
27933	-72.1017
27934	-72.5949
27935	-72.7697
27936	-72.8147
27937	-72.5201
27938	-72.4575
27939	-71.9799
27940	-72.278
27941	-72.1828
27942	-72.1519
27943	-72.3606
27944	-72.0689
27945	-72.2892
27946	-72.2396
27947	-72.8565
27948	-72.6235
27949	-72.791
27950	-72.4758
27951	-72.0148
27952	-72.3765
27953	-72.6508
27954	-72.4105
27955	-72.3544
27956	-72.2706
27957	-71.8579
27958	-72.4375
27959	-72.6117
27960	-72.6354
27961	-72.3719
27962	-72.1573
27963	-72.3599
27964	-72.1955
27965	-72.2606
27966	-72.589
27967	-72.6719
27968	-72.5017
27969	-72.4782
27970	-72.3832
27971	-72.3815
27972	-72.2199
27973	-72.4474
27974	-72.2427
27975	-72.4593
27976	-72.3827
27977	-72.2276
27978	-72.371
27979	-72.4318
27980	-72.4565
27981	-72.4957
27982	-72.2162
27983	-72.5682
27984	-72.9127
27985	-72.8276
27986	-72.1937
27987	-72.1076
27988	-72.1667
27989	-72.4231
27990	-72.8469
27991	-72.8197
27992	-72.5602
27993	-72.5692
27994	-72.493
27995	-72.1576
27996	-72.3914
27997	-72.6088
27998	-72.5223
27999	-72.3061
28000	-72.4935
28001	-72.3489
28002	-72.2949
28003	-72.4679
28004	-72.6912
28005	-72.973
28006	-72.8912
28007	-72.5368
28008	-72.7597
28009	-72.5675
28010	-72.4986
28011	-72.6735
28012	-72.2306
28013	-72.5057
28014	-72.5212
28015	-72.5448
28016	-72.6237
28017	-72.676
28018	-72.5183
28019	-71.8784
28020	-72.4378
28021	-72.7339
28022	-72.8929
28023	-72.5208
28024	-72.5944
28025	-72.8021
28026	-72.636
28027	-72.2111
28028	-72.3433
28029	-72.2842
28030	-72.4592
28031	-72.1397
28032	-72.2011
28033	-72.1654
28034	-72.9331
28035	-72.4549
28036	-72.4167
28037	-72.4115
28038	-72.3998
28039	-72.8559
28040	-72.9816
28041	-72.4144
28042	-72.347
28043	-72.5841
28044	-72.7528
28045	-73.0414
28046	-72.9322
28047	-72.7696
28048	-72.3278
28049	-72.3761
28050	-72.4108
28051	-72.3366
28052	-72.2044
28053	-72.4281
28054	-72.5478
28055	-72.3405
28056	-72.0167
28057	-71.9968
28058	-71.9041
28059	-72.6731
28060	-72.7865
28061	-72.7818
28062	-72.6079
28063	-72.6454
28064	-72.368
28065	-72.2856
28066	-72.9051
28067	-72.8561
28068	-72.4769
28069	-72.6144
28070	-72.8505
28071	-72.207
28072	-72.4727
28073	-72.7225
28074	-72.5011
28075	-72.1679
28076	-71.9403
28077	-72.444
28078	-72.4544
28079	-72.6031
28080	-72.5886
28081	-72.3278
28082	-72.5538
28083	-72.2963
28084	-72.676
28085	-72.5276
28086	-72.3469
28087	-72.7634
28088	-72.7922
28089	-72.475
28090	-72.2751
28091	-72.1345
28092	-72.3533
28093	-72.5359
28094	-72.4863
28095	-72.4674
28096	-72.4102
28097	-72.5794
28098	-72.9213
28099	-72.5102
28100	-72.0969
28101	-72.3651
28102	-72.6266
28103	-72.299
28104	-73.0729
28105	-72.7957
28106	-73.0539
28107	-72.5337
28108	-72.4308
28109	-72.3324
28110	-72.4472
28111	-72.591
28112	-72.5133
28113	-72.207
28114	-72.3035
28115	-72.0184
28116	-72.2506
28117	-72.6746
28118	-72.354
28119	-71.8249
28120	-72.4499
28121	-72.4087
28122	-72.6038
28123	-72.3036
28124	-72.2956
28125	-72.3251
28126	-72.1382
28127	-72.553
28128	-72.4976
28129	-72.8648
28130	-72.342
28131	-72.484
28132	-72.3222
28133	-72.5633
28134	-72.2937
28135	-72.5165
28136	-72.1963
28137	-72.4614
28138	-72.2041
28139	-72.0356
28140	-72.1436
28141	-72.441
28142	-72.197
28143	-72.5951
28144	-72.4356
28145	-72.5008
28146	-72.8331
28147	-72.5398
28148	-72.1177
28149	-72.376
28150	-72.4214
28151	-72.4015
28152	-73.0176
28153	-72.6331
28154	-72.6634
28155	-72.2356
28156	-72.0072
28157	-71.9828
28158	-72.5475
28159	-72.0192
28160	-72.6895
28161	-73.1045
28162	-72.9276
28163	-72.5212
28164	-72.3285
28165	-72.5624
28166	-72.5636
28167	-72.2534
28168	-72.4636
28169	-72.5737
28170	-72.4654
28171	-72.4769
28172	-72.9136
28173	-72.8474
28174	-72.5555
28175	-72.2108
28176	-72.4224
28177	-72.9806
28178	-72.4348
28179	-72.0195
28180	-72.1743
28181	-71.8996
28182	-72.4443
28183	-72.6189
28184	-72.4266
28185	-72.4716
28186	-72.5779
28187	-72.7529
28188	-72.2637
28189	-72.3054
28190	-72.548
28191	-72.6627
28192	-72.2511
28193	-72.2334
28194	-72.5549
28195	-72.4147
28196	-72.2266
28197	-72.2719
28198	-72.1592
28199	-72.6185
28200	-72.4551
28201	-72.3692
28202	-72.2598
28203	-72.3196
28204	-72.6748
28205	-72.8643
28206	-72.7074
28207	-72.5253
28208	-72.7507
28209	-72.528
28210	-72.3647
28211	-72.6612
28212	-72.0921
28213	-72.6085
28214	-72.754
28215	-73.0249
28216	-72.6149
28217	-72.9599
28218	-72.3866
28219	-72.651
28220	-72.4717
28221	-72.402
28222	-72.409
28223	-72.6125
28224	-72.4644
28225	-72.2036
28226	-72.3916
28227	-72.673
28228	-72.8439
28229	-72.3966
28230	-72.5032
28231	-72.563
28232	-72.1481
28233	-72.5317
28234	-72.6989
28235	-72.7731
28236	-72.7769
28237	-72.7351
28238	-72.6756
28239	-72.4939
28240	-72.59
28241	-72.3828
28242	-72.2956
28243	-72.4471
28244	-72.6711
28245	-72.2746
28246	-72.3726
28247	-72.2359
28248	-72.2212
28249	-72.4354
28250	-72.0931
28251	-72.4193
28252	-72.2393
28253	-72.5173
28254	-72.5119
28255	-72.3662
28256	-72.3902
28257	-72.5283
28258	-72.5097
28259	-72.2273
28260	-72.2718
28261	-72.2995
28262	-72.24
28263	-72.5837
28264	-72.6602
28265	-72.5432
28266	-72.2398
28267	-72.8404
28268	-72.8794
28269	-72.6909
28270	-72.0204
28271	-71.8862
28272	-72.2705
28273	-72.7903
28274	-72.7119
28275	-73.2308
28276	-73.0215
28277	-72.5163
28278	-72.5598
28279	-72.74
28280	-72.5381
28281	-72.15
28282	-71.8792
28283	-72.1456
28284	-72.721
28285	-72.493
28286	-72.4423
28287	-72.4813
28288	-72.3692
28289	-72.3741
28290	-72.8844
28291	-72.4168
28292	-72.1662
28293	-72.651
28294	-72.7561
28295	-72.7223
28296	-72.1403
28297	-72.3293
28298	-73.0358
28299	-73.2556
28300	-72.6996
28301	-72.5016
28302	-72.5177
28303	-72.3499
28304	-72.2453
28305	-72.5847
28306	-72.4968
28307	-72.533
28308	-72.1323
28309	-72.4591
28310	-72.6076
28311	-72.4852
28312	-72.5241
28313	-72.7735
28314	-72.673
28315	-72.0916
28316	-71.9699
28317	-72.2754
28318	-72.3647
28319	-72.064
28320	-72.7163
28321	-72.2274
28322	-72.252
28323	-72.608
28324	-72.8622
28325	-72.4435
28326	-72.216
28327	-72.6638
28328	-72.349
28329	-72.5965
28330	-72.5003
28331	-72.5534
28332	-72.0773
28333	-72.0936
28334	-72.2862
28335	-72.6811
28336	-73.1118
28337	-72.4676
28338	-72.108
28339	-72.0898
28340	-72.5606
28341	-72.7238
28342	-72.4718
28343	-72.1246
28344	-72.1066
28345	-72.0828
28346	-72.2128
28347	-72.1809
28348	-72.4761
28349	-72.3694
28350	-72.1051
28351	-72.3679
28352	-72.6326
28353	-72.6533
28354	-72.8283
28355	-73.1673
28356	-72.6954
28357	-72.602
28358	-72.422
28359	-72.9142
28360	-72.7303
28361	-72.7738
28362	-72.66
28363	-72.5239
28364	-72.485
28365	-72.3494
28366	-72.6576
28367	-72.2981
28368	-72.3092
28369	-72.2625
28370	-72.4076
28371	-72.2249
28372	-72.2893
28373	-72.3971
28374	-72.7738
28375	-72.6704
28376	-72.6872
28377	-72.4959
28378	-72.1609
28379	-72.1464
28380	-72.5614
28381	-72.3571
28382	-72.4911
28383	-72.4177
28384	-72.0156
28385	-71.8948
28386	-71.8525
28387	-72.7887
28388	-72.4018
28389	-71.9047
28390	-72.5671
28391	-72.7307
28392	-72.5656
28393	-72.7861
28394	-72.6916
28395	-72.3284
28396	-72.0075
28397	-72.5091
28398	-72.8768
28399	-72.486
28400	-71.8563
28401	-72.6895
28402	-72.7008
28403	-72.69
28404	-72.818
28405	-72.811
28406	-72.4046
28407	-72.2031
28408	-72.477
28409	-72.3252
28410	-72.5339
28411	-72.4624
28412	-72.7825
28413	-72.5584
28414	-72.4026
28415	-72.2579
28416	-72.1158
28417	-72.1031
28418	-72.198
28419	-72.485
28420	-72.4148
28421	-72.5403
28422	-72.894
28423	-72.6969
28424	-72.3992
28425	-72.2557
28426	-72.4029
28427	-72.2727
28428	-72.5262
28429	-72.1681
28430	-72.1571
28431	-72.3022
28432	-72.9303
28433	-72.3814
28434	-71.7184
28435	-71.885
28436	-72.1157
28437	-72.3509
28438	-72.5055
28439	-72.8031
28440	-72.209
28441	-72.4923
28442	-72.7251
28443	-72.3006
28444	-72.5248
28445	-72.3792
28446	-72.2516
28447	-72.5143
28448	-72.3954
28449	-72.1161
28450	-72.298
28451	-72.3493
28452	-72.2877
28453	-72.3424
28454	-72.3274
28455	-72.212
28456	-72.1956
28457	-72.4783
28458	-72.3571
28459	-72.5264
28460	-72.5726
28461	-72.3133
28462	-72.4034
28463	-72.7215
28464	-72.7243
28465	-72.1703
28466	-72.4761
28467	-72.396
28468	-72.4656
28469	-72.3518
28470	-72.1664
28471	-72.4244
28472	-72.5135
28473	-72.5237
28474	-72.6551
28475	-72.7402
28476	-72.8389
28477	-72.7971
28478	-72.5725
28479	-72.1782
28480	-72.2593
28481	-72.2909
28482	-72.4748
28483	-72.3398
28484	-72.1849
28485	-72.4599
28486	-72.4611
28487	-72.2957
28488	-72.6016
28489	-72.2938
28490	-72.6045
28491	-72.5149
28492	-72.3126
28493	-72.1745
28494	-72.6577
28495	-72.3237
28496	-72.4981
28497	-72.6385
28498	-72.6253
28499	-72.3508
28500	-72.5356
28501	-72.6285
28502	-72.7598
28503	-72.7251
28504	-72.441
28505	-72.0242
28506	-71.9511
28507	-72.2515
28508	-72.3417
28509	-72.1675
28510	-72.3873
28511	-72.3109
28512	-72.3624
28513	-72.2034
28514	-72.309
28515	-72.211
28516	-72.2934
28517	-71.9106
28518	-72.1312
28519	-72.3265
28520	-72.5481
28521	-72.168
28522	-72.5243
28523	-72.4599
28524	-72.2301
28525	-72.2211
28526	-72.0884
28527	-72.3188
28528	-72.2071
28529	-72.4144
28530	-72.1993
28531	-72.1679
28532	-72.4696
28533	-73.0097
28534	-72.7561
28535	-72.4243
28536	-72.2358
28537	-71.8574
28538	-72.049
28539	-72.6515
28540	-72.7764
28541	-72.5314
28542	-72.542
28543	-72.6474
28544	-72.4791
28545	-72.4424
28546	-72.4136
28547	-72.7511
28548	-72.5195
28549	-72.4996
28550	-71.8029
28551	-72.3071
28552	-72.2207
28553	-72.5013
28554	-72.3438
28555	-71.9776
28556	-71.8827
28557	-72.5028
28558	-72.7465
28559	-72.8168
28560	-72.74
28561	-71.9938
28562	-72.426
28563	-72.7452
28564	-72.5506
28565	-72.7846
28566	-72.8193
28567	-72.7177
28568	-72.5342
28569	-72.7963
28570	-72.5892
28571	-72.2365
28572	-72.4132
28573	-72.2961
28574	-72.1639
28575	-72.2801
28576	-72.3876
28577	-72.432
28578	-72.745
28579	-72.6217
28580	-72.4401
28581	-72.6087
28582	-72.8772
28583	-72.6287
28584	-72.297
28585	-72.2264
28586	-72.3008
28587	-72.4598
28588	-72.5544
28589	-72.405
28590	-72.4009
28591	-72.617
28592	-72.4957
28593	-72.6326
28594	-72.8055
28595	-72.3203
28596	-72.4173
28597	-72.4878
28598	-72.2537
28599	-72.8133
28600	-72.8357
28601	-72.6839
28602	-72.8241
28603	-72.6097
28604	-72.7442
28605	-72.5296
28606	-72.2623
28607	-72.6768
28608	-73.184
28609	-72.6037
28610	-72.2727
28611	-71.9708
28612	-72.1591
28613	-72.3163
28614	-72.8147
28615	-72.3334
28616	-72.4363
28617	-72.725
28618	-72.71
28619	-72.2555
28620	-72.3142
28621	-71.9995
28622	-72.1534
28623	-72.5913
28624	-72.3284
28625	-72.3292
28626	-72.6115
28627	-72.3649
28628	-72.5166
28629	-72.2094
28630	-72.2145
28631	-72.5733
28632	-72.6084
28633	-72.3301
28634	-72.3674
28635	-72.3593
28636	-72.4555
28637	-72.0706
28638	-72.2188
28639	-72.7336
28640	-72.4616
28641	-72.9536
28642	-72.3413
28643	-72.3789
28644	-71.7632
28645	-71.65
28646	-72.0999
28647	-72.5792
28648	-72.7623
28649	-72.6016
28650	-72.3531
28651	-72.5088
28652	-72.1942
28653	-72.2558
28654	-73.0002
28655	-72.5206
28656	-72.4013
28657	-72.4618
28658	-72.6082
28659	-72.7886
28660	-72.8924
28661	-72.2936
28662	-72.8072
28663	-72.6815
28664	-72.6629
28665	-72.215
28666	-72.3504
28667	-72.6389
28668	-72.5819
28669	-72.5121
28670	-72.5473
28671	-72.2181
28672	-72.3008
28673	-72.3994
28674	-72.4477
28675	-72.3797
28676	-72.3355
28677	-72.3274
28678	-72.6004
28679	-72.5969
28680	-72.4751
28681	-72.2772
28682	-72.4188
28683	-72.4421
28684	-72.5093
28685	-72.1371
28686	-72.3371
28687	-72.4168
28688	-71.7969
28689	-72.0668
28690	-72.5654
28691	-72.4823
28692	-72.3915
28693	-72.53
28694	-72.5968
28695	-72.7427
28696	-72.9503
28697	-72.6167
28698	-72.6642
28699	-72.7912
28700	-72.6315
28701	-72.6257
28702	-72.7652
28703	-72.8802
28704	-72.2676
28705	-72.3662
28706	-72.3712
28707	-72.5101
28708	-71.9357
28709	-72.4239
28710	-72.6627
28711	-72.1987
28712	-72.3738
28713	-72.3008
28714	-72.543
28715	-72.4544
28716	-72.5956
28717	-72.3926
28718	-71.8986
28719	-72.727
28720	-72.4927
28721	-72.747
28722	-72.6996
28723	-72.6991
28724	-72.6933
28725	-72.8066
28726	-72.967
28727	-72.5456
28728	-72.1654
28729	-72.3605
28730	-72.2943
28731	-72.5989
28732	-72.4961
28733	-72.0177
28734	-72.2779
28735	-72.144
28736	-72.2719
28737	-72.3072
28738	-72.5277
28739	-72.5898
28740	-72.5543
28741	-72.0842
28742	-72.6486
28743	-72.6294
28744	-72.6211
28745	-72.2742
28746	-72.601
28747	-72.2134
28748	-72.5315
28749	-72.6007
28750	-72.5077
28751	-72.3902
28752	-72.174
28753	-72.5232
28754	-71.993
28755	-72.2633
28756	-72.1957
28757	-72.5979
28758	-72.8818
28759	-72.9325
28760	-72.7763
28761	-72.7997
28762	-72.4612
28763	-72.863
28764	-72.7288
28765	-72.9421
28766	-72.5391
28767	-72.6196
28768	-72.2153
28769	-72.1531
28770	-72.2778
28771	-72.4311
28772	-72.2217
28773	-72.5734
28774	-73.0833
28775	-73.0822
28776	-72.477
28777	-72.6269
28778	-72.5066
28779	-72.1476
28780	-72.2877
28781	-72.9325
28782	-72.7964
28783	-72.5042
28784	-72.3349
28785	-72.2965
28786	-72.561
28787	-72.5579
28788	-72.7726
28789	-72.9192
28790	-72.2471
28791	-72.372
28792	-72.6258
28793	-72.508
28794	-72.4638
28795	-72.7638
28796	-72.3652
28797	-72.2568
28798	-72.1088
28799	-72.2908
28800	-72.5364
28801	-72.5501
28802	-72.2266
28803	-72.3179
28804	-72.125
28805	-72.4998
28806	-72.3455
28807	-72.5763
28808	-72.2843
28809	-72.9209
28810	-72.8643
28811	-72.9283
28812	-72.9302
28813	-72.8781
28814	-72.236
28815	-72.2618
28816	-71.9277
28817	-72.3422
28818	-72.5275
28819	-72.0465
28820	-72.27
28821	-72.672
28822	-72.7473
28823	-72.687
28824	-72.6639
28825	-72.1938
28826	-72.3647
28827	-72.6198
28828	-72.4773
28829	-72.4372
28830	-72.4896
28831	-72.5847
28832	-71.9494
28833	-72.2076
28834	-72.5083
28835	-72.7159
28836	-72.5723
28837	-72.4277
28838	-72.6725
28839	-72.5163
28840	-72.0416
28841	-72.2818
28842	-72.4516
28843	-72.5009
28844	-72.3469
28845	-72.1402
28846	-72.1905
28847	-72.2373
28848	-72.7156
28849	-72.5422
28850	-72.5549
28851	-72.7089
28852	-72.4113
28853	-72.262
28854	-72.3428
28855	-72.2925
28856	-72.2806
28857	-72.368
28858	-72.6198
28859	-72.7646
28860	-72.6761
28861	-72.467
28862	-72.4345
28863	-72.0487
28864	-72.4219
28865	-72.5848
28866	-72.6515
28867	-72.5776
28868	-72.8361
28869	-72.5389
28870	-72.231
28871	-72.1324
28872	-72.278
28873	-72.5159
28874	-72.5584
28875	-72.5851
28876	-72.4613
28877	-72.438
28878	-72.4343
28879	-72.566
28880	-71.9979
28881	-72.1567
28882	-72.4887
28883	-72.2564
28884	-72.5853
28885	-72.2998
28886	-72.1479
28887	-72.1046
28888	-72.2216
28889	-72.4689
28890	-72.8219
28891	-72.6268
28892	-72.2131
28893	-72.164
28894	-72.2986
28895	-72.1849
28896	-72.1426
28897	-72.4204
28898	-72.3204
28899	-72.3503
28900	-72.5256
28901	-72.7597
28902	-72.8705
28903	-72.3892
28904	-72.3667
28905	-72.5699
28906	-72.7004
28907	-72.6154
28908	-72.5184
28909	-72.467
28910	-72.4795
28911	-72.6334
28912	-72.2785
28913	-72.2573
28914	-72.2163
28915	-72.2918
28916	-71.9657
28917	-72.5776
28918	-72.0464
28919	-71.7686
28920	-72.3638
28921	-72.6252
28922	-72.6526
28923	-72.164
28924	-72.6163
28925	-72.8818
28926	-72.6992
28927	-72.3156
28928	-72.3529
28929	-72.5781
28930	-72.4623
28931	-72.2846
28932	-72.6173
28933	-73.004
28934	-72.891
28935	-72.3995
28936	-72.224
28937	-72.6451
28938	-72.3831
28939	-72.6875
28940	-72.5427
28941	-72.2249
28942	-72.2629
28943	-72.3273
28944	-72.9621
28945	-72.4425
28946	-72.2728
28947	-72.3433
28948	-72.4152
28949	-72.7433
28950	-72.1973
28951	-72.7317
28952	-72.955
28953	-72.6383
28954	-72.8708
28955	-72.7748
28956	-72.4305
28957	-72.2106
28958	-72.1111
28959	-72.133
28960	-72.4536
28961	-72.4993
28962	-72.4834
28963	-72.4503
28964	-72.6108
28965	-72.5427
28966	-72.5311
28967	-72.5341
28968	-72.3028
28969	-72.3182
28970	-72.5114
28971	-73.0873
28972	-72.9883
28973	-72.7065
28974	-73.1106
28975	-73.0695
28976	-72.3872
28977	-71.9676
28978	-72.3801
28979	-72.3517
28980	-72.5015
28981	-72.284
28982	-72.0707
28983	-72.7397
28984	-72.7502
28985	-73.0762
28986	-72.5679
28987	-72.5222
28988	-72.2506
28989	-72.5354
28990	-72.8332
28991	-72.481
28992	-72.4482
28993	-72.6208
28994	-72.6671
28995	-72.1056
28996	-72.1579
28997	-72.2849
28998	-72.3651
28999	-72.3222
29000	-71.9748
29001	-72.4017
29002	-72.6188
29003	-72.6259
29004	-72.2462
29005	-72.3382
29006	-72.1711
29007	-72.4688
29008	-72.0774
29009	-72.2302
29010	-72.3963
29011	-72.5598
29012	-72.8444
29013	-72.5474
29014	-72.4507
29015	-72.2695
29016	-72.6119
29017	-72.5562
29018	-72.4797
29019	-72.0118
29020	-72.2472
29021	-72.4974
29022	-72.494
29023	-72.5465
29024	-72.532
29025	-72.4519
29026	-72.3513
29027	-72.3016
29028	-72.9243
29029	-72.8395
29030	-72.6349
29031	-72.6007
29032	-73.0128
29033	-72.7108
29034	-72.5896
29035	-72.3661
29036	-72.7861
29037	-72.366
29038	-72.0506
29039	-72.2376
29040	-72.2219
29041	-72.0227
29042	-72.5168
29043	-72.3394
29044	-72.0349
29045	-72.1798
29046	-72.3441
29047	-72.4519
29048	-72.19
29049	-72.39
29050	-72.6857
29051	-72.6347
29052	-72.3089
29053	-72.496
29054	-72.7355
29055	-72.6498
29056	-72.3643
29057	-72.1129
29058	-72.5081
29059	-72.8317
29060	-72.8404
29061	-72.7834
29062	-72.7877
29063	-72.4887
29064	-72.6912
29065	-72.2848
29066	-72.4221
29067	-72.441
29068	-72.2941
29069	-72.7491
29070	-72.4582
29071	-72.8409
29072	-72.5842
29073	-72.6393
29074	-72.443
29075	-72.6418
29076	-72.2134
29077	-72.1348
29078	-72.4478
29079	-72.3024
29080	-72.0252
29081	-72.102
29082	-72.4026
29083	-72.6983
29084	-73.1431
29085	-73.0495
29086	-72.9967
29087	-72.2665
29088	-72.0588
29089	-72.2486
29090	-72.6529
29091	-72.6095
29092	-72.2606
29093	-72.4055
29094	-72.7107
29095	-72.5432
29096	-72.472
29097	-72.7079
29098	-72.4474
29099	-72.506
29100	-72.7515
29101	-72.8472
29102	-72.2029
29103	-72.405
29104	-72.9654
29105	-72.9055
29106	-72.8365
29107	-72.9399
29108	-72.4178
29109	-72.3464
29110	-72.0228
29111	-72.2145
29112	-72.3658
29113	-72.2573
29114	-72.7618
29115	-72.6392
29116	-72.6708
29117	-72.9171
29118	-72.9352
29119	-72.4588
29120	-72.5541
29121	-72.3904
29122	-72.4434
29123	-72.3984
29124	-72.778
29125	-72.8707
29126	-72.5713
29127	-72.5591
29128	-72.5776
29129	-72.2478
29130	-71.9856
29131	-72.0719
29132	-72.3549
29133	-72.4871
29134	-72.5637
29135	-72.7922
29136	-72.6031
29137	-72.6791
29138	-72.3101
29139	-71.9947
29140	-72.0711
29141	-72.0074
29142	-72.12
29143	-72.4001
29144	-72.6488
29145	-72.4485
29146	-72.0166
29147	-72.6641
29148	-72.8016
29149	-72.6999
29150	-72.6159
29151	-72.6169
29152	-72.5992
29153	-72.7281
29154	-72.3792
29155	-72.4245
29156	-72.5377
29157	-72.3906
29158	-72.4191
29159	-72.6193
29160	-72.5433
29161	-72.5377
29162	-72.8356
29163	-72.556
29164	-72.7072
29165	-71.9834
29166	-72.3439
29167	-72.3792
29168	-72.3345
29169	-72.5373
29170	-72.7034
29171	-72.681
29172	-72.6668
29173	-72.5694
29174	-72.6175
29175	-72.5137
29176	-72.6638
29177	-72.6058
29178	-72.5567
29179	-72.7132
29180	-72.3793
29181	-72.7645
29182	-72.3827
29183	-72.9552
29184	-72.6904
29185	-72.5154
29186	-72.1383
29187	-72.7321
29188	-73.0279
29189	-72.4157
29190	-72.2188
29191	-72.7206
29192	-72.7444
29193	-72.8091
29194	-72.5974
29195	-71.8194
29196	-72.5089
29197	-72.1475
29198	-72.3686
29199	-72.1871
29200	-72.2367
29201	-72.1633
29202	-72.5608
29203	-72.5277
29204	-72.5061
29205	-72.7377
29206	-72.6077
29207	-72.1764
29208	-72.2529
29209	-72.583
29210	-72.7881
29211	-72.6636
29212	-72.6064
29213	-72.5144
29214	-72.4209
29215	-72.4398
29216	-72.5055
29217	-72.3397
29218	-72.3871
29219	-72.2128
29220	-72.7336
29221	-72.6437
29222	-72.2585
29223	-72.3534
29224	-72.7593
29225	-72.2775
29226	-72.1158
29227	-72.4217
29228	-72.6584
29229	-72.3496
29230	-72.2618
29231	-72.7783
29232	-72.6142
29233	-72.2189
29234	-72.2597
29235	-72.1538
29236	-72.2778
29237	-72.344
29238	-72.4492
29239	-72.7036
29240	-72.1128
29241	-72.4742
29242	-72.3416
29243	-72.5584
29244	-72.5133
29245	-72.484
29246	-72.5559
29247	-72.1131
29248	-72.3557
29249	-72.6177
29250	-72.4265
29251	-72.4845
29252	-72.5982
29253	-72.6959
29254	-72.477
29255	-72.7297
29256	-73.0669
29257	-72.9963
29258	-72.5716
29259	-72.5764
29260	-72.248
29261	-72.0366
29262	-71.735
29263	-72.1616
29264	-72.2558
29265	-72.3191
29266	-72.1847
29267	-72.2633
29268	-72.634
29269	-72.6962
29270	-72.9701
29271	-72.5279
29272	-72.4164
29273	-72.3155
29274	-72.5871
29275	-72.3326
29276	-72.1612
29277	-72.0322
29278	-72.1682
29279	-72.0557
29280	-72.2411
29281	-72.5333
29282	-72.9489
29283	-72.6357
29284	-72.402
29285	-72.2219
29286	-72.616
29287	-72.7852
29288	-72.5697
29289	-72.7139
29290	-72.5236
29291	-72.4248
29292	-72.7015
29293	-72.4898
29294	-72.093
29295	-72.4705
29296	-72.651
29297	-72.7126
29298	-72.8151
29299	-72.3994
29300	-72.7034
29301	-72.1694
29302	-72.6013
29303	-72.5471
29304	-72.2873
29305	-72.4535
29306	-72.6912
29307	-72.3715
29308	-72.4019
29309	-72.848
29310	-72.5357
29311	-72.83
29312	-72.4226
29313	-72.0023
29314	-72.024
29315	-72.2507
29316	-72.4472
29317	-72.108
29318	-71.8916
29319	-72.4903
29320	-72.4906
29321	-72.344
29322	-72.874
29323	-72.5378
29324	-72.2476
29325	-72.1332
29326	-72.6829
29327	-72.2886
29328	-72.3686
29329	-72.4448
29330	-72.8144
29331	-72.5024
29332	-72.4146
29333	-72.7518
29334	-72.5032
29335	-72.8978
29336	-72.7147
29337	-72.9778
29338	-72.9547
29339	-73.0322
29340	-72.7323
29341	-72.6599
29342	-72.4914
29343	-72.2015
29344	-72.6837
29345	-72.5131
29346	-72.0957
29347	-72.3226
29348	-72.7749
29349	-73.4052
29350	-72.9261
29351	-72.523
29352	-72.3866
29353	-72.4868
29354	-72.5879
29355	-72.6173
29356	-72.4979
29357	-72.1091
29358	-72.531
29359	-72.7957
29360	-73.0427
29361	-72.8324
29362	-72.4704
29363	-72.5435
29364	-72.3544
29365	-72.2601
29366	-72.9327
29367	-72.7116
29368	-72.5899
29369	-72.8947
29370	-72.9502
29371	-72.459
29372	-72.479
29373	-72.1879
29374	-72.4148
29375	-72.4463
29376	-72.5558
29377	-72.5811
29378	-72.4096
29379	-72.3117
29380	-72.4394
29381	-72.1677
29382	-72.7873
29383	-72.7028
29384	-72.1797
29385	-72.384
29386	-72.6588
29387	-72.3599
29388	-72.7075
29389	-72.7234
29390	-72.5209
29391	-72.506
29392	-72.3583
29393	-72.7693
29394	-72.9078
29395	-72.8697
29396	-72.7951
29397	-72.6513
29398	-72.5991
29399	-72.9035
29400	-72.4744
29401	-72.4201
29402	-72.2701
29403	-72.6638
29404	-73.028
29405	-72.746
29406	-72.4092
29407	-72.5088
29408	-72.4991
29409	-72.7267
29410	-72.5365
29411	-72.7617
29412	-72.5414
29413	-72.2582
29414	-72.4212
29415	-73.0879
29416	-72.6037
29417	-72.6326
29418	-72.5694
29419	-72.3546
29420	-72.5659
29421	-72.7768
29422	-72.7568
29423	-72.8232
29424	-72.536
29425	-72.1973
29426	-72.3771
29427	-72.566
29428	-72.615
29429	-72.2612
29430	-72.5466
29431	-72.4936
29432	-72.5272
29433	-72.7944
29434	-72.7967
29435	-72.453
29436	-72.5719
29437	-72.7878
29438	-72.3593
29439	-72.2301
29440	-72.3332
29441	-72.7679
29442	-72.7513
29443	-72.679
29444	-72.6347
29445	-72.5608
29446	-72.1372
29447	-72.7154
29448	-72.7234
29449	-72.6603
29450	-72.5726
29451	-72.2226
29452	-72.1729
29453	-72.3885
29454	-72.5329
29455	-72.5497
29456	-72.8303
29457	-72.72
29458	-72.5636
29459	-72.4646
29460	-72.5815
29461	-72.8116
29462	-72.3976
29463	-72.5895
29464	-72.4336
29465	-72.5851
29466	-72.5873
29467	-72.4714
29468	-72.7308
29469	-72.843
29470	-72.5184
29471	-72.2253
29472	-72.3277
29473	-72.4212
29474	-72.4648
29475	-72.8826
29476	-72.7736
29477	-72.7401
29478	-72.8027
29479	-72.6893
29480	-72.7584
29481	-72.415
29482	-72.6819
29483	-72.6775
29484	-72.7963
29485	-72.9121
29486	-72.7145
29487	-72.7197
29488	-72.5719
29489	-72.5192
29490	-72.7207
29491	-72.5776
29492	-72.5206
29493	-72.2718
29494	-72.4984
29495	-72.4271
29496	-72.5161
29497	-72.1148
29498	-72.6208
29499	-72.7633
29500	-72.6147
29501	-72.7439
29502	-72.2159
29503	-72.4646
29504	-72.5968
29505	-72.5769
29506	-72.7995
29507	-73.0151
29508	-72.844
29509	-72.6343
29510	-72.5556
29511	-72.8231
29512	-72.715
29513	-72.4682
29514	-72.25
29515	-72.0943
29516	-72.3566
29517	-72.5193
29518	-72.5513
29519	-72.6273
29520	-72.4124
29521	-72.1763
29522	-72.237
29523	-72.2827
29524	-72.7785
29525	-72.7386
29526	-72.8502
29527	-72.536
29528	-72.3441
29529	-72.5172
29530	-72.6017
29531	-72.4887
29532	-72.5754
29533	-72.3795
29534	-72.6214
29535	-72.4367
29536	-72.8837
29537	-72.3915
29538	-72.2847
29539	-72.4009
29540	-72.5706
29541	-72.661
29542	-72.5765
29543	-72.3574
29544	-72.0117
29545	-72.2394
29546	-72.4557
29547	-72.5234
29548	-72.4367
29549	-72.6808
29550	-73.0105
29551	-72.6177
29552	-72.7021
29553	-72.3006
29554	-72.0059
29555	-72.3514
29556	-72.428
29557	-72.559
29558	-72.4484
29559	-72.5167
29560	-72.5761
29561	-72.4863
29562	-72.5694
29563	-72.5693
29564	-72.6457
29565	-72.6113
29566	-72.4571
29567	-72.3249
29568	-72.1052
29569	-72.6866
29570	-72.5379
29571	-72.7096
29572	-72.8415
29573	-72.8788
29574	-72.8931
29575	-72.8364
29576	-72.3887
29577	-72.4488
29578	-72.8376
29579	-72.4511
29580	-72.7655
29581	-72.8715
29582	-73.052
29583	-72.6374
29584	-72.1255
29585	-72.2305
29586	-72.6357
29587	-72.4456
29588	-72.4368
29589	-72.9851
29590	-72.7132
29591	-72.7441
29592	-72.7443
29593	-72.4517
29594	-72.6058
29595	-72.3729
29596	-72.1771
29597	-72.3454
29598	-72.3613
29599	-72.7534
29600	-72.486
29601	-72.4001
29602	-72.6099
29603	-72.497
29604	-72.8661
29605	-72.6461
29606	-72.7739
29607	-72.7088
29608	-72.3719
29609	-72.6351
29610	-72.423
29611	-72.4142
29612	-72.383
29613	-72.6082
29614	-72.7423
29615	-72.1651
29616	-72.3998
29617	-72.4355
29618	-72.5474
29619	-72.2535
29620	-72.9001
29621	-73.011
29622	-72.4542
29623	-72.3587
29624	-72.4449
29625	-72.5014
29626	-72.5674
29627	-72.7469
29628	-72.5896
29629	-72.5382
29630	-72.5619
29631	-72.1925
29632	-72.141
29633	-72.4635
29634	-72.1588
29635	-71.9345
29636	-72.5436
29637	-72.3352
29638	-72.2021
29639	-72.3071
29640	-72.4518
29641	-72.8579
29642	-72.7409
29643	-72.8102
29644	-72.4758
29645	-72.5402
29646	-72.5677
29647	-72.5128
29648	-72.3458
29649	-72.7052
29650	-72.5737
29651	-72.4941
29652	-72.4736
29653	-72.3289
29654	-72.3419
29655	-72.4687
29656	-72.6326
29657	-72.5644
29658	-72.7821
29659	-73.0002
29660	-72.639
29661	-72.3537
29662	-72.566
29663	-72.4228
29664	-72.8764
29665	-72.8715
29666	-72.4557
29667	-72.4391
29668	-72.5138
29669	-72.5986
29670	-72.4812
29671	-72.3616
29672	-72.5836
29673	-72.5295
29674	-72.1242
29675	-72.1516
29676	-72.2936
29677	-72.5877
29678	-72.7599
29679	-72.5746
29680	-72.2051
29681	-72.1593
29682	-72.2479
29683	-72.1945
29684	-72.9235
29685	-72.6405
29686	-72.4072
29687	-72.0303
29688	-72.9614
29689	-72.6796
29690	-72.4066
29691	-72.3947
29692	-72.4655
29693	-72.6342
29694	-72.8199
29695	-72.8891
29696	-72.878
29697	-72.7236
29698	-72.3653
29699	-72.3836
29700	-72.7869
29701	-72.7062
29702	-72.431
29703	-72.5051
29704	-72.4872
29705	-72.5541
29706	-72.6649
29707	-72.4853
29708	-72.7822
29709	-72.657
29710	-72.8283
29711	-72.6212
29712	-72.6169
29713	-72.5713
29714	-72.6354
29715	-72.8588
29716	-72.5618
29717	-72.3861
29718	-72.6047
29719	-72.685
29720	-72.4613
29721	-72.1795
29722	-72.6146
29723	-72.9146
29724	-72.8589
29725	-72.8259
29726	-72.9137
29727	-72.9474
29728	-72.6412
29729	-72.3342
29730	-72.7151
29731	-72.6441
29732	-72.5628
29733	-72.542
29734	-72.536
29735	-72.4673
29736	-72.5967
29737	-72.3306
29738	-72.6931
29739	-72.7335
29740	-72.5253
29741	-72.8692
29742	-72.8647
29743	-72.7678
29744	-72.4247
29745	-72.3706
29746	-72.5619
29747	-73.0663
29748	-73.1556
29749	-72.8518
29750	-72.5876
29751	-72.1309
29752	-72.3131
29753	-72.4622
29754	-72.2045
29755	-72.2042
29756	-72.6643
29757	-72.4616
29758	-72.4264
29759	-72.6775
29760	-72.4838
29761	-72.6008
29762	-73.0102
29763	-73.053
29764	-72.8161
29765	-72.2411
29766	-72.2857
29767	-72.7468
29768	-72.4146
29769	-72.4515
29770	-72.4775
29771	-72.1767
29772	-73.0438
29773	-72.9117
29774	-72.6365
29775	-72.5437
29776	-72.4039
29777	-72.3146
29778	-72.8151
29779	-72.7558
29780	-72.1226
29781	-72.215
29782	-72.5946
29783	-72.7337
29784	-72.5241
29785	-72.7688
29786	-72.4622
29787	-72.2263
29788	-72.5379
29789	-72.5225
29790	-72.6154
29791	-72.7398
29792	-72.1616
29793	-72.29
29794	-72.8246
29795	-72.6967
29796	-72.0448
29797	-72.2564
29798	-72.5138
29799	-72.5364
29800	-72.6562
29801	-72.5547
29802	-72.5527
29803	-72.5302
29804	-72.7678
29805	-72.5108
29806	-72.4128
29807	-72.8329
29808	-72.6934
29809	-73.0094
29810	-72.817
29811	-72.574
29812	-72.1023
29813	-72.4323
29814	-72.7411
29815	-72.272
29816	-72.785
29817	-72.7903
29818	-72.344
29819	-72.4315
29820	-72.2626
29821	-71.7769
29822	-72.0175
29823	-72.359
29824	-72.5576
29825	-72.5263
29826	-72.6441
29827	-72.5682
29828	-72.7851
29829	-72.286
29830	-72.6743
29831	-72.6657
29832	-72.1587
29833	-72.2677
29834	-72.3565
29835	-72.6136
29836	-72.6564
29837	-72.8802
29838	-72.3639
29839	-72.2653
29840	-72.4444
29841	-72.4424
29842	-72.5631
29843	-72.443
29844	-72.7033
29845	-72.7238
29846	-72.5392
29847	-72.61
29848	-72.4731
29849	-72.846
29850	-72.7152
29851	-72.5372
29852	-72.9414
29853	-73.0584
29854	-72.7954
29855	-72.6696
29856	-72.4717
29857	-72.4203
29858	-72.6999
29859	-72.1797
29860	-72.9167
29861	-72.9017
29862	-72.81
29863	-72.8043
29864	-72.6556
29865	-72.5006
29866	-72.4091
29867	-72.1195
29868	-72.256
29869	-72.7633
29870	-72.2306
29871	-72.3046
29872	-72.6937
29873	-72.768
29874	-72.5938
29875	-72.0181
29876	-72.5049
29877	-72.4648
29878	-72.2572
29879	-72.4716
29880	-72.786
29881	-72.6297
29882	-72.2212
29883	-72.6876
29884	-72.6414
29885	-72.5048
29886	-72.4425
29887	-72.374
29888	-72.4675
29889	-72.4063
29890	-72.7221
29891	-72.9124
29892	-72.6019
29893	-72.1043
29894	-72.606
29895	-72.8484
29896	-72.2243
29897	-72.4453
29898	-72.6795
29899	-72.7715
29900	-72.587
29901	-72.1816
29902	-72.3539
29903	-72.5015
29904	-72.2859
29905	-72.0641
29906	-72.2773
29907	-72.6493
29908	-72.75
29909	-72.3541
29910	-72.434
29911	-72.4652
29912	-72.3434
29913	-72.426
29914	-72.4491
29915	-72.3395
29916	-72.2871
29917	-72.5802
29918	-72.536
29919	-72.5095
29920	-72.4974
29921	-72.3423
29922	-72.2428
29923	-72.3234
29924	-72.5948
29925	-72.4004
29926	-72.4919
29927	-72.5381
29928	-72.6486
29929	-72.9185
29930	-73.0693
29931	-72.2224
29932	-72.2602
29933	-72.463
29934	-72.677
29935	-72.5328
29936	-72.3615
29937	-72.4359
29938	-72.6984
29939	-72.4076
29940	-72.1937
29941	-72.5022
29942	-72.7589
29943	-72.8323
29944	-72.4529
29945	-72.0832
29946	-72.4924
29947	-72.3333
29948	-72.0926
29949	-72.4577
29950	-72.5856
29951	-72.6037
29952	-72.2937
29953	-72.3011
29954	-72.347
29955	-72.3894
29956	-72.2273
29957	-72.1889
29958	-72.4215
29959	-72.3809
29960	-71.8858
29961	-72.0363
29962	-72.6266
29963	-72.1486
29964	-72.182
29965	-72.2067
29966	-72.2073
29967	-72.2719
29968	-72.3315
29969	-72.776
29970	-72.145
29971	-72.1469
29972	-72.179
29973	-72.4595
29974	-72.4136
29975	-72.4756
29976	-72.3777
29977	-72.4217
29978	-72.6141
29979	-72.5216
29980	-72.2265
29981	-72.5528
29982	-72.6693
29983	-72.5294
29984	-72.3203
29985	-72.4998
29986	-72.9276
29987	-72.6999
29988	-72.4303
29989	-72.4751
29990	-72.2083
29991	-72.9298
29992	-73
29993	-72.4419
29994	-72.351
29995	-72.193
29996	-72.3255
29997	-73.0009
29998	-73.0664
29999	-69.5753
30000	-67.8144
30001	-71.332
30002	-72.8749
30003	-73.0422
30004	-72.9884
30005	-73.0426
30006	-73.0409
30007	-72.4932
30008	-72.275
30009	-72.3467
30010	-72.3407
30011	-72.6762
30012	-72.3663
30013	-72.7878
30014	-72.5699
30015	-72.5727
30016	-72.7077
30017	-72.3261
30018	-72.3163
30019	-72.1787
30020	-71.7935
30021	-72.2579
30022	-72.0472
30023	-72.4781
30024	-72.5451
30025	-72.5139
30026	-72.5211
30027	-72.4803
30028	-72.6321
30029	-72.7338
30030	-72.5059
30031	-72.3661
30032	-72.8922
30033	-72.6667
30034	-72.7271
30035	-72.6566
30036	-72.5492
30037	-72.8571
30038	-72.6343
30039	-72.8057
30040	-72.8598
30041	-72.7827
30042	-72.9746
30043	-72.7634
30044	-72.9955
30045	-72.7481
30046	-72.4869
30047	-72.8614
30048	-72.8972
30049	-73.152
30050	-72.7724
30051	-72.2088
30052	-72.0681
30053	-72.2951
30054	-72.5112
30055	-72.453
30056	-73.2221
30057	-72.8285
30058	-72.5755
30059	-72.2284
30060	-71.8958
30061	-72.5215
30062	-72.9609
30063	-72.9703
30064	-72.7412
30065	-72.7303
30066	-72.81
30067	-72.81
30068	-72.5925
30069	-72.6279
30070	-73.0647
30071	-72.7235
30072	-72.357
30073	-72.5508
30074	-72.4951
30075	-72.4427
30076	-73.3415
30077	-73.5221
30078	-72.9861
30079	-72.4916
30080	-72.7155
30081	-72.6282
30082	-72.5237
30083	-72.4547
30084	-72.3929
30085	-72.602
30086	-72.4975
30087	-72.5146
30088	-72.442
30089	-72.4435
30090	-72.6499
30091	-72.0438
30092	-72.3725
30093	-72.2134
30094	-72.7206
30095	-72.4564
30096	-72.4824
30097	-72.8111
30098	-72.4031
30099	-72.3921
30100	-72.1596
30101	-72.1854
30102	-72.4071
30103	-72.0519
30104	-72.12
30105	-72.3171
30106	-72.5608
30107	-72.9164
30108	-72.7513
30109	-72.5369
30110	-72.0914
30111	-72.4747
30112	-72.5473
30113	-72.6351
30114	-72.8458
30115	-72.6856
30116	-72.6897
30117	-72.6457
30118	-72.0868
30119	-72.3996
30120	-72.6711
30121	-72.6152
30122	-72.2427
30123	-72.4481
30124	-72.6755
30125	-72.8677
30126	-72.8756
30127	-72.3489
30128	-72.7071
30129	-72.8143
30130	-72.7207
30131	-72.924
30132	-72.9089
30133	-72.2174
30134	-72.3358
30135	-72.7535
30136	-72.5859
30137	-72.5213
30138	-72.3522
30139	-72.7391
30140	-72.6025
30141	-72.1105
30142	-72.6729
30143	-72.4404
30144	-72.8642
30145	-72.555
30146	-72.4629
30147	-72.7274
30148	-72.7824
30149	-72.9542
30150	-72.4517
30151	-72.1549
30152	-72.4614
30153	-72.5726
30154	-72.6037
30155	-72.8584
30156	-72.7651
30157	-72.4883
30158	-72.328
30159	-72.3505
30160	-72.3669
30161	-72.0231
30162	-72.5202
30163	-72.3427
30164	-72.659
30165	-72.7297
30166	-72.3855
30167	-72.7832
30168	-72.7911
30169	-72.5692
30170	-72.3269
30171	-72.6954
30172	-72.8371
30173	-72.7114
30174	-72.7808
30175	-72.4086
30176	-72.6732
30177	-72.7108
30178	-72.6338
30179	-72.3204
30180	-72.899
30181	-72.6117
30182	-72.7194
30183	-72.4727
30184	-72.481
30185	-72.6812
30186	-72.6729
30187	-72.7236
30188	-72.5779
30189	-72.3041
30190	-72.3107
30191	-72.5891
30192	-72.3209
30193	-72.4176
30194	-72.6093
30195	-72.5706
30196	-72.83
30197	-72.585
30198	-72.5763
30199	-72.8257
30200	-72.1963
30201	-72.4994
30202	-72.5165
30203	-72.8949
30204	-73.1341
30205	-72.3723
30206	-72.0662
30207	-72.5624
30208	-72.5209
30209	-72.8518
30210	-72.7544
30211	-72.2569
30212	-72.7349
30213	-72.5244
30214	-72.3941
30215	-72.1756
30216	-72.7356
30217	-73.0511
30218	-71.9416
30219	-72.2633
30220	-72.6326
30221	-72.7572
30222	-72.5368
30223	-72.4243
30224	-72.6092
30225	-72.54
30226	-72.7116
30227	-72.9568
30228	-72.4801
30229	-72.2883
30230	-72.268
30231	-72.3646
30232	-72.2145
30233	-72.6117
30234	-72.6298
30235	-72.4756
30236	-72.6221
30237	-72.4712
30238	-72.4901
30239	-72.4984
30240	-72.5392
30241	-72.4962
30242	-72.2954
30243	-72.5411
30244	-72.3413
30245	-72.2644
30246	-72.3143
30247	-72.646
30248	-72.3652
30249	-72.2212
30250	-72.5276
30251	-73.0062
30252	-73.1401
30253	-72.7709
30254	-72.6353
30255	-72.5306
30256	-72.6516
30257	-72.3866
30258	-72.3699
30259	-72.683
30260	-72.7528
30261	-72.7594
30262	-72.641
30263	-72.5228
30264	-72.4354
30265	-72.7288
30266	-72.3663
30267	-72.3659
30268	-72.2272
30269	-72.4812
30270	-72.635
30271	-72.7212
30272	-72.5453
30273	-72.3873
30274	-72.6814
30275	-72.8095
30276	-72.3653
30277	-72.789
30278	-72.7518
30279	-72.5385
30280	-72.7843
30281	-72.9404
30282	-72.5561
30283	-72.2106
30284	-72.4795
30285	-72.6008
30286	-73.0637
30287	-72.8776
30288	-72.7044
30289	-72.414
30290	-72.2294
30291	-72.4078
30292	-72.3594
30293	-72.2263
30294	-72.7978
30295	-72.7691
30296	-72.3887
30297	-72.3156
30298	-72.1701
30299	-72.875
30300	-72.7137
30301	-72.6675
30302	-72.839
30303	-72.2402
30304	-72.4126
30305	-72.2298
30306	-72.4526
30307	-72.6989
30308	-72.3616
30309	-72.2684
30310	-72.0681
30311	-72.5155
30312	-72.7082
30313	-72.6787
30314	-72.9033
30315	-72.9479
30316	-72.8009
30317	-72.5396
30318	-72.559
30319	-72.305
30320	-72.7622
30321	-72.8469
30322	-73.1591
30323	-72.5633
30324	-72.8643
30325	-72.6131
30326	-72.3187
30327	-72.244
30328	-72.3987
30329	-72.2441
30330	-72.4363
30331	-72.5565
30332	-72.6919
30333	-72.669
30334	-72.6018
30335	-72.5811
30336	-72.7721
30337	-72.7123
30338	-72.5167
30339	-72.9255
30340	-73.0027
30341	-72.6218
30342	-72.6587
30343	-72.7328
30344	-72.8208
30345	-72.8605
30346	-72.7078
30347	-72.5367
30348	-72.5849
30349	-72.3298
30350	-72.2334
30351	-72.7243
30352	-72.7929
30353	-72.242
30354	-72.2987
30355	-72.4115
30356	-72.4117
30357	-72.5882
30358	-72.4931
30359	-72.5733
30360	-72.5932
30361	-72.2947
30362	-72.9093
30363	-73.1866
30364	-72.761
30365	-72.8068
30366	-72.5513
30367	-72.36
30368	-72.6139
30369	-72.9126
30370	-72.6759
30371	-72.7883
30372	-72.7593
30373	-72.9574
30374	-72.6602
30375	-72.7089
30376	-72.2452
30377	-72.1816
30378	-72.5671
30379	-72.7388
30380	-72.6499
30381	-72.419
30382	-72.5263
30383	-72.7849
30384	-72.826
30385	-72.4131
30386	-72.5959
30387	-73.2085
30388	-72.9455
30389	-72.7146
30390	-72.3976
30391	-72.6555
30392	-72.7737
30393	-72.5711
30394	-72.0153
30395	-72.2873
30396	-72.0581
30397	-71.9756
30398	-72.6557
30399	-72.5325
30400	-72.8052
30401	-72.7295
30402	-72.2451
30403	-72.1484
30404	-72.1763
30405	-72.035
30406	-72.367
30407	-72.3777
30408	-72.8903
30409	-72.5367
30410	-72.3396
30411	-72.4294
30412	-72.5245
30413	-72.7273
30414	-72.5661
30415	-72.463
30416	-72.9505
30417	-72.7764
30418	-72.7551
30419	-72.5065
30420	-72.8305
30421	-72.6961
30422	-72.779
30423	-72.3821
30424	-72.1568
30425	-72.6141
30426	-72.804
30427	-72.5043
30428	-72.6502
30429	-72.8549
30430	-72.4358
30431	-72.5455
30432	-72.6078
30433	-72.5377
30434	-72.3215
30435	-72.8182
30436	-72.8681
30437	-72.9594
30438	-72.8748
30439	-72.4139
30440	-72.3523
30441	-72.4944
30442	-72.5007
30443	-72.5985
30444	-72.3079
30445	-72.2696
30446	-72.1068
30447	-72.4655
30448	-72.0252
30449	-72.1436
30450	-72.4187
30451	-73.2486
30452	-72.5673
30453	-72.3108
30454	-72.6944
30455	-72.2271
30456	-72.4865
30457	-72.4625
30458	-72.8343
30459	-72.8927
30460	-72.5391
30461	-72.4197
30462	-72.6084
30463	-72.8313
30464	-72.5368
30465	-72.424
30466	-72.5477
30467	-72.4154
30468	-72.1316
30469	-71.9707
30470	-72.6247
30471	-72.6675
30472	-72.7182
30473	-72.7763
30474	-72.5409
30475	-72.4491
30476	-72.4012
30477	-72.466
30478	-72.1173
30479	-72.1488
30480	-72.5659
30481	-72.755
30482	-72.7483
30483	-72.6923
30484	-72.2898
30485	-72.3391
30486	-72.8678
30487	-72.9943
30488	-72.7874
30489	-72.3954
30490	-72.4286
30491	-72.3738
30492	-72.2953
30493	-72.1931
30494	-72.6344
30495	-72.4482
30496	-72.13
30497	-72.5228
30498	-72.1971
30499	-72.3368
30500	-72.6639
30501	-72.717
30502	-72.3335
30503	-72.3719
30504	-72.2093
30505	-72.2629
30506	-72.7019
30507	-72.4323
30508	-72.587
30509	-72.5558
30510	-72.4626
30511	-72.858
30512	-72.7202
30513	-72.6441
30514	-72.4833
30515	-72.7237
30516	-72.6206
30517	-72.8215
30518	-72.7023
30519	-72.4364
30520	-72.8064
30521	-72.8543
30522	-72.8164
30523	-72.5639
30524	-72.57
30525	-72.5296
30526	-72.759
30527	-72.4902
30528	-72.8831
30529	-72.8586
30530	-72.8787
30531	-72.971
30532	-72.6885
30533	-72.6858
30534	-72.3999
30535	-72.2818
30536	-72.3036
30537	-72.3423
30538	-72.8978
30539	-72.9296
30540	-72.6946
30541	-72.4149
30542	-72.5006
30543	-72.7144
30544	-72.6464
30545	-72.0705
30546	-72.2563
30547	-72.8718
30548	-72.9982
30549	-72.8336
30550	-72.6174
30551	-73.033
30552	-72.8077
30553	-72.2464
30554	-72.4757
30555	-72.5054
30556	-72.5455
30557	-73.036
30558	-72.3133
30559	-72.1995
30560	-72.2097
30561	-72.2467
30562	-72.4059
30563	-72.5801
30564	-72.6354
30565	-72.7798
30566	-72.3488
30567	-73.0295
30568	-73.0045
30569	-72.5335
30570	-72.6589
30571	-72.677
30572	-72.3421
30573	-72.7213
30574	-72.5774
30575	-72.8965
30576	-72.7846
30577	-72.3957
30578	-72.6186
30579	-72.5579
30580	-72.6158
30581	-72.8142
30582	-72.6468
30583	-72.2991
30584	-72.4003
30585	-72.3423
30586	-72.6911
30587	-72.5885
30588	-72.8783
30589	-72.7468
30590	-72.7704
30591	-73.1617
30592	-72.7286
30593	-72.8413
30594	-72.4998
30595	-72.4896
30596	-72.9994
30597	-72.7753
30598	-72.2317
30599	-72.259
30600	-72.4304
30601	-72.5977
30602	-72.6711
30603	-72.4579
30604	-72.2829
30605	-72.4515
30606	-72.7293
30607	-72.7799
30608	-72.7676
30609	-73.2052
30610	-72.5444
30611	-72.2219
30612	-72.247
30613	-72.8418
30614	-73.1149
30615	-72.616
30616	-72.4257
30617	-72.5985
30618	-72.3722
30619	-72.3577
30620	-72.8376
30621	-72.6841
30622	-72.621
30623	-72.5061
30624	-72.61
30625	-72.782
30626	-72.6898
30627	-72.9867
30628	-72.8477
30629	-72.3863
30630	-72.575
30631	-72.6711
30632	-72.2726
30633	-72.2219
30634	-72.5293
30635	-72.5019
30636	-72.3026
30637	-72.4738
30638	-72.6373
30639	-72.5546
30640	-72.4526
30641	-72.8048
30642	-73.1221
30643	-73.0691
30644	-73.0932
30645	-72.6845
30646	-72.4291
30647	-72.3651
30648	-72.4833
30649	-72.4157
30650	-72.4236
30651	-72.2681
30652	-72.5111
30653	-73.0025
30654	-72.4068
30655	-72.7464
30656	-72.7306
30657	-72.6049
30658	-72.4422
30659	-72.4221
30660	-71.9557
30661	-72.0021
30662	-72.323
30663	-72.5028
30664	-72.8759
30665	-72.4827
30666	-72.2301
30667	-72.2621
30668	-72.1985
30669	-72.8856
30670	-72.6425
30671	-73.0283
30672	-72.8268
30673	-72.3485
30674	-72.5814
30675	-72.3233
30676	-72.4978
30677	-72.9455
30678	-72.7347
30679	-72.1904
30680	-72.2923
30681	-72.1283
30682	-72.1713
30683	-72.284
30684	-72.7588
30685	-73.0995
30686	-73.1126
30687	-72.7941
30688	-72.3316
30689	-72.4804
30690	-72.5112
30691	-72.4847
30692	-72.2762
30693	-72.8227
30694	-72.8186
30695	-72.1989
30696	-72.1576
30697	-72.5061
30698	-72.7962
30699	-72.512
30700	-72.71
30701	-72.777
30702	-72.4475
30703	-72.4297
30704	-72.4345
30705	-72.6448
30706	-73.2278
30707	-72.9497
30708	-72.8692
30709	-72.7957
30710	-72.6698
30711	-72.5627
30712	-72.2373
30713	-72.0449
30714	-72.5891
30715	-72.5572
30716	-72.738
30717	-73.1039
30718	-72.5263
30719	-72.4875
30720	-72.6907
30721	-72.6917
30722	-72.8643
30723	-72.5573
30724	-72.3145
30725	-72.564
30726	-72.4835
30727	-72.9218
30728	-72.7124
30729	-72.5441
30730	-72.6631
30731	-72.847
30732	-72.8441
30733	-72.8692
30734	-72.9865
30735	-72.7971
30736	-72.5633
30737	-72.8582
30738	-72.7907
30739	-72.6335
30740	-72.2401
30741	-72.6134
30742	-72.8743
30743	-72.619
30744	-72.7175
30745	-72.7534
30746	-72.7858
30747	-72.4682
30748	-72.2972
30749	-72.5763
30750	-72.6501
30751	-72.7057
30752	-72.8786
30753	-73.0522
30754	-72.5679
30755	-72.6751
30756	-72.6805
30757	-72.7132
30758	-72.973
30759	-72.9905
30760	-72.8451
30761	-72.8932
30762	-72.8772
30763	-72.981
30764	-72.7692
30765	-72.557
30766	-72.4898
30767	-72.6127
30768	-72.5786
30769	-72.4519
30770	-72.5171
30771	-72.6877
30772	-72.6521
30773	-72.4119
30774	-71.9613
30775	-71.9168
30776	-72.1919
30777	-72.2354
30778	-72.327
30779	-72.6046
30780	-72.7351
30781	-72.6608
30782	-72.8562
30783	-72.7967
30784	-72.7191
30785	-72.5112
30786	-72.7349
30787	-72.8283
30788	-72.5155
30789	-72.2882
30790	-72.6432
30791	-72.6443
30792	-72.8623
30793	-72.61
30794	-72.587
30795	-72.8608
30796	-72.5865
30797	-72.1736
30798	-72.2483
30799	-72.5542
30800	-72.5288
30801	-72.6456
30802	-72.9585
30803	-73.0385
30804	-72.7456
30805	-72.5055
30806	-72.6733
30807	-72.7576
30808	-72.4734
30809	-72.1197
30810	-72.8433
30811	-72.5991
30812	-72.212
30813	-72.1034
30814	-71.9232
30815	-72.4936
30816	-72.4377
30817	-72.7041
30818	-72.7614
30819	-72.5116
30820	-72.6055
30821	-72.2235
30822	-72.4053
30823	-72.7444
30824	-73.1972
30825	-72.8458
30826	-72.7963
30827	-72.8141
30828	-72.2127
30829	-72.7683
30830	-72.1849
30831	-72.4564
30832	-72.6309
30833	-72.8235
30834	-72.6238
30835	-72.5027
30836	-72.212
30837	-72.4846
30838	-72.4003
30839	-72.317
30840	-72.5807
30841	-73.2455
30842	-72.9965
30843	-72.7273
30844	-72.0913
30845	-72.4111
30846	-72.4674
30847	-72.2733
30848	-72.1481
30849	-72.262
30850	-72.805
30851	-73.061
30852	-72.96
30853	-72.8269
30854	-72.5612
30855	-72.5881
30856	-72.8361
30857	-72.6657
30858	-72.2951
30859	-73.0358
30860	-72.537
30861	-72.7463
30862	-72.4564
30863	-72.6411
30864	-72.8292
30865	-72.9225
30866	-72.8572
30867	-72.5837
30868	-72.204
30869	-72.2019
30870	-72.5698
30871	-72.7487
30872	-72.663
30873	-72.5379
30874	-72.671
30875	-72.6941
30876	-72.7449
30877	-72.7248
30878	-72.9201
30879	-72.6588
30880	-72.4997
30881	-72.3887
30882	-72.5666
30883	-72.5457
30884	-72.8809
30885	-73.0395
30886	-72.8227
30887	-72.9077
30888	-72.8974
30889	-72.3974
30890	-72.4368
30891	-72.4643
30892	-72.3983
30893	-72.4801
30894	-72.8821
30895	-72.4081
30896	-72.7592
30897	-72.6943
30898	-72.2628
30899	-72.8174
30900	-72.7054
30901	-72.3345
30902	-72.5486
30903	-73.1875
30904	-73.1255
30905	-72.8376
30906	-72.9109
30907	-72.7539
30908	-72.5092
30909	-72.3721
30910	-72.2923
30911	-72.2877
30912	-72.4048
30913	-72.3298
30914	-72.5363
30915	-72.6074
30916	-72.5148
30917	-72.4901
30918	-72.6451
30919	-72.5873
30920	-72.9257
30921	-72.9074
30922	-72.46
30923	-72.3826
30924	-72.8515
30925	-73.1467
30926	-72.8974
30927	-72.6785
30928	-72.6297
30929	-72.3209
30930	-72.9301
30931	-72.8391
30932	-72.9866
30933	-72.8221
30934	-72.7907
30935	-72.9709
30936	-73.0118
30937	-72.8076
30938	-72.6347
30939	-72.7861
30940	-72.6476
30941	-72.4183
30942	-72.7645
30943	-72.5525
30944	-72.6037
30945	-72.6127
30946	-72.4084
30947	-72.4823
30948	-72.5994
30949	-73.0385
30950	-72.9003
30951	-72.4818
30952	-72.7806
30953	-72.9609
30954	-72.5869
30955	-72.3244
30956	-72.2113
30957	-72.518
30958	-71.9632
30959	-72.2842
30960	-73.08
30961	-73.1704
30962	-72.5624
30963	-72.96
30964	-73.1286
30965	-72.5807
30966	-72.3134
30967	-72.3471
30968	-72.47
30969	-72.5668
30970	-72.6443
30971	-72.981
30972	-72.9993
30973	-72.567
30974	-72.6027
30975	-72.829
30976	-72.9541
30977	-72.8431
30978	-72.5443
30979	-72.7499
30980	-72.4578
30981	-72.681
30982	-72.2926
30983	-72.5847
30984	-72.6093
30985	-72.6817
30986	-72.5279
30987	-72.395
30988	-72.283
30989	-72.7488
30990	-72.6302
30991	-72.4068
30992	-72.421
30993	-72.5046
30994	-72.3634
30995	-72.4677
30996	-72.6471
30997	-72.749
30998	-72.5931
30999	-72.474
31000	-72.5986
31001	-72.7216
31002	-72.5811
31003	-72.7312
31004	-72.6026
31005	-72.2641
31006	-72.024
31007	-72.3161
31008	-72.6692
31009	-72.2674
31010	-72.4089
31011	-72.4004
31012	-72.1559
31013	-72.175
31014	-72.7252
31015	-72.9929
31016	-72.5851
31017	-72.4667
31018	-72.5828
31019	-72.5169
31020	-72.2348
31021	-72.4216
31022	-72.2253
31023	-72.0293
31024	-72.2601
31025	-72.0208
31026	-71.7557
31027	-72.4678
31028	-72.5372
31029	-72.2312
31030	-72.0292
31031	-72.23
31032	-72.2164
31033	-72.1328
31034	-72.2172
31035	-72.4301
31036	-72.0297
31037	-71.7011
31038	-71.8458
31039	-71.9755
31040	-71.4015
31041	-71.3739
31042	-71.522
31043	-71.7979
31044	-71.8141
31045	-71.5197
31046	-71.5347
31047	-71.3148
31048	-71.1279
31049	-71.0941
31050	-71.2057
31051	-71.2544
31052	-71.0492
31053	-71.1688
31054	-70.6161
31055	-70.6631
31056	-70.8431
31057	-70.5265
31058	-70.5187
31059	-70.7029
31060	-70.859
31061	-70.3629
31062	-70.0214
31063	-70.3281
31064	-69.7309
31065	-69.7415
31066	-69.9728
31067	-69.9331
31068	-69.4419
31069	-69.8844
31070	-69.6135
31071	-69.4463
31072	-69.3631
31073	-69.2268
31074	-69.0001
31075	-69.1154
31076	-69.3755
31077	-69.4181
31078	-69.2074
31079	-68.9166
31080	-69.2135
31081	-69.3894
31082	-69.079
31083	-68.6648
31084	-68.8494
31085	-68.7242
31086	-68.8618
31087	-68.7692
31088	-68.814
31089	-69.0129
31090	-68.7594
31091	-68.8663
31092	-68.6615
31093	-68.479
31094	-68.6652
31095	-69.0276
31096	-68.6035
31097	-68.3322
31098	-68.4816
31099	-68.2908
31100	-68.7005
31101	-68.4608
31102	-68.4188
31103	-68.3982
31104	-68.5461
31105	-68.6192
31106	-68.5375
31107	-68.5208
31108	-68.589
31109	-68.5068
31110	-68.7879
31111	-68.6533
31112	-68.8096
31113	-69.1683
31114	-68.7564
31115	-68.5544
31116	-68.7413
31117	-69.0421
31118	-69.1055
31119	-69.0578
31120	-69.3932
31121	-70.0157
31122	-69.9609
31123	-69.6354
31124	-69.4385
31125	-69.6083
31126	-69.746
31127	-69.7389
31128	-69.7666
31129	-69.7988
31130	-69.6967
31131	-70.1598
31132	-70.1925
31133	-69.7011
31134	-70.2896
31135	-70.3777
31136	-70.7278
31137	-70.4879
31138	-70.4099
31139	-70.1699
31140	-70.9189
31141	-70.8977
31142	-70.6614
31143	-70.8938
31144	-70.9941
31145	-71.6426
31146	-71.1161
31147	-71.0679
31148	-71.2065
31149	-71.2811
31150	-71.9146
31151	-71.7845
31152	-71.0978
31153	-71.2166
31154	-71.4255
31155	-71.6168
31156	-71.5987
31157	-71.2345
31158	-71.6432
31159	-72.0819
31160	-72.0424
31161	-72.4163
31162	-71.8084
31163	-71.8942
31164	-71.8381
31165	-71.9423
31166	-72.0096
31167	-71.4582
31168	-71.7915
31169	-72.3374
31170	-72.6336
31171	-72.5336
31172	-72.0264
31173	-71.7889
31174	-71.986
31175	-72.1195
31176	-72.0933
31177	-72.1052
31178	-72.3611
31179	-72.3846
31180	-72.4065
31181	-72.0115
31182	-72.6818
31183	-72.6684
31184	-72.3586
31185	-72.1244
31186	-71.9985
31187	-72.5805
31188	-73.037
31189	-72.6767
31190	-72.1937
31191	-72.2173
31192	-72.7318
31193	-72.5352
31194	-72.425
31195	-72.2919
31196	-72.5904
31197	-72.3899
31198	-72.5404
31199	-72.1935
31200	-72.3074
31201	-72.2598
31202	-71.9941
31203	-72.3906
31204	-72.2587
31205	-72.3754
31206	-72.6947
31207	-72.8588
31208	-72.196
31209	-71.9083
31210	-72.4909
31211	-72.6649
31212	-72.6486
31213	-72.3695
31214	-72.3696
31215	-72.69
31216	-72.7824
31217	-72.5062
31218	-72.6776
31219	-72.1564
31220	-72.6721
31221	-73.0134
31222	-72.8137
31223	-72.6758
31224	-72.3885
31225	-72.31
31226	-72.9831
31227	-72.428
31228	-72.287
31229	-72.6767
31230	-72.4947
31231	-72.7638
31232	-72.954
31233	-72.9059
31234	-72.9673
31235	-72.4953
31236	-72.7229
31237	-72.3619
31238	-72.3832
31239	-72.744
31240	-72.4944
31241	-73.0705
31242	-72.5979
31243	-72.3966
31244	-72.2508
31245	-72.5502
31246	-72.1917
31247	-72.4327
31248	-72.6891
31249	-72.9189
31250	-72.3321
31251	-72.3288
31252	-72.7726
31253	-72.8275
31254	-72.4656
31255	-72.5389
31256	-72.4379
31257	-72.5473
31258	-72.6276
31259	-72.6198
31260	-72.4349
31261	-72.5909
31262	-72.6581
31263	-72.2753
31264	-72.2475
31265	-72.5529
31266	-72.4921
31267	-72.5596
31268	-72.6377
31269	-72.5603
31270	-72.7392
31271	-72.6818
31272	-72.2857
31273	-72.3369
31274	-72.8524
31275	-72.7099
31276	-72.5192
31277	-72.5916
31278	-72.915
31279	-72.7401
31280	-72.6541
31281	-72.978
31282	-73.2965
31283	-72.5845
31284	-72.3112
31285	-72.6057
31286	-72.6775
31287	-72.3681
31288	-72.6796
31289	-73.3065
31290	-72.5587
31291	-72.4285
31292	-72.3886
31293	-72.5612
31294	-72.6627
31295	-72.7317
31296	-72.3514
31297	-72.5385
31298	-73.1911
31299	-72.8372
31300	-72.5296
31301	-73.0261
31302	-72.9719
31303	-72.8768
31304	-72.8134
31305	-72.5578
31306	-72.4018
31307	-72.364
31308	-72.4655
31309	-72.657
31310	-72.4286
31311	-72.4649
31312	-72.4695
31313	-72.6011
31314	-72.7764
31315	-73.0528
31316	-72.7099
31317	-72.7435
31318	-72.5718
31319	-72.7032
31320	-72.8338
31321	-72.5629
31322	-72.7244
31323	-72.5148
31324	-72.6907
31325	-72.4207
31326	-72.3826
31327	-72.269
31328	-72.599
31329	-72.4456
31330	-72.9578
31331	-72.7006
31332	-72.3088
31333	-72.5382
31334	-72.7417
31335	-72.9709
31336	-73.0556
31337	-72.9212
31338	-73.106
31339	-72.7731
31340	-72.6469
31341	-72.8948
31342	-73.0986
31343	-72.9886
31344	-72.8721
31345	-72.5886
31346	-72.4102
31347	-72.1616
31348	-72.1877
31349	-72.1345
31350	-72.5245
31351	-72.9586
31352	-72.7433
31353	-72.5368
31354	-72.9248
31355	-72.5601
31356	-72.4003
31357	-72.5447
31358	-72.0305
31359	-73.0031
31360	-72.7563
31361	-72.5876
31362	-72.8437
31363	-72.8216
31364	-72.8132
31365	-73.0074
31366	-72.6998
31367	-72.7303
31368	-72.6555
31369	-72.5206
31370	-72.7715
31371	-72.6739
31372	-72.7817
31373	-72.5231
31374	-72.2855
31375	-72.4877
31376	-72.486
31377	-72.5715
31378	-72.7109
31379	-72.6215
31380	-72.9626
31381	-72.5606
31382	-72.262
31383	-72.4769
31384	-72.7512
31385	-72.5798
31386	-73.0016
31387	-72.7596
31388	-72.9077
31389	-72.6047
31390	-72.5844
31391	-73.1462
31392	-72.7496
31393	-72.2763
31394	-72.6883
31395	-73.0578
31396	-73.1494
31397	-72.9029
31398	-72.8764
31399	-72.4406
31400	-72.5513
31401	-72.4897
31402	-72.1116
31403	-72.4409
31404	-72.336
31405	-72.5828
31406	-72.6953
31407	-72.9444
31408	-73.0112
31409	-72.7401
31410	-72.598
31411	-72.9516
31412	-72.667
31413	-72.3934
31414	-72.5633
31415	-72.4039
31416	-72.7615
31417	-72.9867
31418	-72.9116
31419	-72.4632
31420	-72.2492
31421	-72.5129
31422	-72.6885
31423	-73.0493
31424	-73.5675
31425	-73.0564
31426	-73.0156
31427	-73.033
31428	-72.5217
31429	-72.5783
31430	-72.359
31431	-72.5763
31432	-72.6796
31433	-72.734
31434	-72.7424
31435	-73.124
31436	-72.8226
31437	-72.5404
31438	-72.9511
31439	-72.6162
31440	-72.715
31441	-73.0347
31442	-72.4863
31443	-72.6867
31444	-72.9609
31445	-73.1726
31446	-72.8649
31447	-72.6834
31448	-72.5061
31449	-72.4325
31450	-72.3235
31451	-72.1473
31452	-72.5638
31453	-72.7585
31454	-72.679
31455	-72.5561
31456	-72.7706
31457	-72.3933
31458	-72.6476
31459	-72.7042
31460	-72.3088
31461	-72.2762
31462	-72.4754
31463	-72.7314
31464	-72.4581
31465	-73.0072
31466	-73.0521
31467	-72.8867
31468	-72.7176
31469	-72.4639
31470	-72.9625
31471	-72.9906
31472	-72.6165
31473	-72.533
31474	-72.5788
31475	-72.523
31476	-72.7277
31477	-72.6826
31478	-72.7103
31479	-72.643
31480	-72.8194
31481	-72.8037
31482	-72.771
31483	-72.6862
31484	-72.8995
31485	-72.3172
31486	-72.0744
31487	-72.6638
31488	-72.4581
31489	-72.5188
31490	-72.6475
31491	-72.812
31492	-72.9144
31493	-72.7361
31494	-72.6062
31495	-72.3755
31496	-72.5111
31497	-72.2317
31498	-72.4413
31499	-72.8563
31500	-73.1129
31501	-73.0758
31502	-72.7463
31503	-72.7188
31504	-72.5451
31505	-72.3542
31506	-72.1034
31507	-72.4971
31508	-72.9058
31509	-72.9725
31510	-72.6255
31511	-72.65
31512	-72.4892
31513	-72.42
31514	-72.4231
31515	-72.7002
31516	-72.1412
31517	-72.0754
31518	-72.5765
31519	-73.0742
31520	-72.7643
31521	-72.3707
31522	-72.5589
31523	-72.4769
31524	-72.3044
31525	-72.7249
31526	-72.4591
31527	-72.6114
31528	-73.2597
31529	-73.0259
31530	-72.5404
31531	-72.7736
31532	-72.7338
31533	-72.7088
31534	-72.7613
31535	-72.602
31536	-73.0468
31537	-73.0035
31538	-72.857
31539	-72.4694
31540	-73.0676
31541	-72.5252
31542	-72.3405
31543	-72.4046
31544	-72.1993
31545	-72.4992
31546	-72.8618
31547	-72.33
31548	-72.6172
31549	-72.7871
31550	-72.4934
31551	-72.7351
31552	-72.389
31553	-72.5166
31554	-72.5742
31555	-72.4702
31556	-72.5641
31557	-72.2775
31558	-72.4719
31559	-72.8888
31560	-72.6048
31561	-72.5231
31562	-72.9016
31563	-72.7471
31564	-72.9099
31565	-72.3132
31566	-72.1858
31567	-72.275
31568	-72.3952
31569	-72.5025
31570	-72.3227
31571	-72.7605
31572	-72.6158
31573	-72.5023
31574	-72.7864
31575	-73.0117
31576	-72.9198
31577	-72.9513
31578	-72.6069
31579	-72.331
31580	-72.4548
31581	-72.6415
31582	-73.0727
31583	-72.761
31584	-72.3698
31585	-72.5856
31586	-72.376
31587	-72.3946
31588	-72.6235
31589	-72.7614
31590	-72.5004
31591	-73.0748
31592	-72.9667
31593	-72.7357
31594	-72.901
31595	-72.6032
31596	-72.6783
31597	-72.3034
31598	-72.8771
31599	-72.2583
31600	-72.3002
31601	-72.4925
31602	-72.5484
31603	-72.6032
31604	-72.3834
31605	-72.3441
31606	-72.1917
31607	-72.0104
31608	-72.145
31609	-72.6318
31610	-72.8036
31611	-72.7364
31612	-72.7022
31613	-72.7987
31614	-72.65
31615	-72.8357
31616	-72.9328
31617	-72.5307
31618	-72.5725
31619	-73.051
31620	-72.704
31621	-72.4074
31622	-72.5634
31623	-72.592
31624	-72.4357
31625	-72.2809
31626	-72.7234
31627	-72.787
31628	-72.6859
31629	-72.4819
31630	-72.4599
31631	-72.3071
31632	-72.5844
31633	-72.5207
31634	-72.4468
31635	-72.7441
31636	-72.597
31637	-72.5333
31638	-72.8608
31639	-72.5028
31640	-72.5403
31641	-72.406
31642	-72.5275
31643	-72.6612
31644	-72.5611
31645	-72.4681
31646	-72.4334
31647	-72.4695
31648	-72.6781
31649	-72.2214
31650	-72.5128
31651	-72.6599
31652	-73.0828
31653	-73.2851
31654	-72.2053
31655	-71.787
31656	-72.3461
31657	-72.5978
31658	-72.6842
31659	-73.1625
31660	-73.0308
31661	-72.5056
31662	-72.7295
31663	-72.7901
31664	-72.8362
31665	-73.2207
31666	-73.0334
31667	-72.7685
31668	-72.4888
31669	-72.4949
31670	-72.2847
31671	-72.4573
31672	-72.8253
31673	-72.7231
31674	-72.6075
31675	-72.4863
31676	-72.706
31677	-72.5017
31678	-73.0328
31679	-72.8558
31680	-72.8667
31681	-72.8897
31682	-72.5152
31683	-72.7323
31684	-72.8835
31685	-73.2658
31686	-72.8925
31687	-72.3543
31688	-72.5035
31689	-72.6961
31690	-72.9933
31691	-72.5959
31692	-72.3745
31693	-72.5044
31694	-72.8287
31695	-72.7719
31696	-72.8289
31697	-72.6079
31698	-73.0532
31699	-72.6481
31700	-72.7145
31701	-72.6723
31702	-72.4625
31703	-72.7838
31704	-72.6566
31705	-72.5309
31706	-72.7296
31707	-72.7924
31708	-72.5956
31709	-72.8262
31710	-72.8653
31711	-72.6237
31712	-72.7021
31713	-72.7491
31714	-72.8796
31715	-73.0637
31716	-72.6192
31717	-72.6906
31718	-72.7201
31719	-72.883
31720	-72.9227
31721	-72.6409
31722	-72.7052
31723	-73.0514
31724	-72.6167
31725	-72.5772
31726	-72.4278
31727	-72.8189
31728	-72.5784
31729	-72.4607
31730	-72.169
31731	-72.2945
31732	-72.3491
31733	-72.3277
31734	-72.0629
31735	-72.3748
31736	-72.8216
31737	-72.6228
31738	-72.1596
31739	-72.4283
31740	-72.711
31741	-72.5368
31742	-72.9091
31743	-72.5044
31744	-72.1231
31745	-72.7527
31746	-72.6556
31747	-72.7802
31748	-72.7113
31749	-72.653
31750	-72.5716
31751	-72.6345
31752	-72.5475
31753	-72.8656
31754	-72.6757
31755	-72.8168
31756	-72.5947
31757	-72.9353
31758	-72.4154
31759	-72.3485
31760	-72.0242
31761	-72.2254
31762	-72.4008
31763	-73.0994
31764	-73.0905
31765	-72.5972
31766	-72.633
31767	-72.7653
31768	-72.3587
31769	-72.6573
31770	-72.7449
31771	-72.5194
31772	-72.7305
31773	-72.5468
31774	-72.4104
31775	-72.7603
31776	-72.8594
31777	-72.1237
31778	-72.1307
31779	-72.1553
31780	-72.6643
31781	-72.6875
31782	-72.665
31783	-72.3726
31784	-72.4616
31785	-72.8433
31786	-72.4863
31787	-72.5886
31788	-72.6699
31789	-72.7466
31790	-72.5265
31791	-72.3767
31792	-72.5032
31793	-72.5861
31794	-72.9234
31795	-72.6327
31796	-72.7765
31797	-72.3751
31798	-72.1243
31799	-72.1902
31800	-72.838
31801	-72.6446
31802	-72.7462
31803	-72.7679
31804	-72.642
31805	-72.3436
31806	-72.3106
31807	-72.542
31808	-72.406
31809	-72.4165
31810	-72.7708
31811	-72.5772
31812	-72.5096
31813	-72.5669
31814	-72.5029
31815	-72.3742
31816	-72.6757
31817	-72.7993
31818	-72.6848
31819	-72.6681
31820	-72.7554
31821	-72.8409
31822	-72.7255
31823	-73.0353
31824	-72.8435
31825	-72.9122
31826	-72.804
31827	-72.7421
31828	-72.5993
31829	-72.2421
31830	-71.877
31831	-72.2547
31832	-72.366
31833	-72.7676
31834	-72.5848
31835	-72.5585
31836	-72.6789
31837	-72.5832
31838	-72.7603
31839	-72.8911
31840	-72.9721
31841	-72.8161
31842	-72.411
31843	-72.509
31844	-72.6776
31845	-72.6977
31846	-72.4749
31847	-72.6917
31848	-72.6594
31849	-72.3666
31850	-72.256
31851	-72.6209
31852	-72.5068
31853	-72.3283
31854	-72.8824
31855	-72.7142
31856	-72.6852
31857	-73.0323
31858	-72.7451
31859	-72.3671
31860	-72.9755
31861	-72.7796
31862	-72.8427
31863	-72.6013
31864	-72.5223
31865	-72.4484
31866	-72.8423
31867	-72.659
31868	-72.5816
31869	-73.0425
31870	-72.8445
31871	-72.2795
31872	-72.5679
31873	-72.3545
31874	-72.2162
31875	-72.4246
31876	-72.6741
31877	-72.8733
31878	-72.3658
31879	-72.4011
31880	-72.4451
31881	-72.8098
31882	-72.5762
31883	-72.5522
31884	-72.3155
31885	-72.5154
31886	-72.207
31887	-72.5324
31888	-72.534
31889	-72.5702
31890	-72.7527
31891	-72.8791
31892	-72.7768
31893	-72.5724
31894	-72.2875
31895	-72.2311
31896	-72.6423
31897	-72.7552
31898	-72.5704
31899	-72.4979
31900	-72.1977
31901	-72.6805
31902	-72.9668
31903	-73.1715
31904	-72.6091
31905	-72.4356
31906	-72.3721
31907	-72.6117
31908	-72.4785
31909	-72.9865
31910	-72.4949
31911	-72.4403
31912	-72.5679
31913	-72.8977
31914	-72.7939
31915	-72.56
31916	-72.4528
31917	-72.641
31918	-72.4022
31919	-72.3972
31920	-72.7029
31921	-72.717
31922	-72.6474
31923	-72.3551
31924	-72.4233
31925	-72.4636
31926	-72.4369
31927	-72.6712
31928	-72.5358
31929	-72.6205
31930	-72.2567
31931	-72.5353
31932	-72.6109
31933	-72.3505
31934	-72.5844
31935	-72.7973
31936	-72.814
31937	-72.8523
31938	-72.3322
31939	-72.6176
31940	-73.033
31941	-72.9027
31942	-72.7892
31943	-72.836
31944	-72.8592
31945	-72.6417
31946	-72.5137
31947	-72.7524
31948	-73.012
31949	-72.3911
31950	-72.3733
31951	-72.3702
31952	-72.1292
31953	-72.1517
31954	-72.2754
31955	-72.6622
31956	-72.9537
31957	-72.7948
31958	-72.5359
31959	-72.5296
31960	-72.8159
31961	-72.5504
31962	-72.5781
31963	-72.7724
31964	-73.031
31965	-72.5114
31966	-72.2781
31967	-72.4745
31968	-72.5728
31969	-72.9531
31970	-73.3755
31971	-72.5902
31972	-72.7644
31973	-72.8358
31974	-72.5514
31975	-72.0924
31976	-72.6352
31977	-72.6548
31978	-72.7548
31979	-73.0383
31980	-72.8037
31981	-73.0809
31982	-72.8354
31983	-72.6387
31984	-72.6891
31985	-72.4271
31986	-72.4153
31987	-72.1373
31988	-72.6428
31989	-72.7125
31990	-72.4864
31991	-72.3587
31992	-72.7619
31993	-72.6008
31994	-72.3835
31995	-72.4836
31996	-72.3273
31997	-72.5373
31998	-72.6202
31999	-72.5582
32000	-72.4736
32001	-72.4545
32002	-72.8314
32003	-72.7412
32004	-72.9116
32005	-72.8263
32006	-72.788
32007	-73.054
32008	-72.6195
32009	-72.9693
32010	-73.3847
32011	-73.3151
32012	-72.6678
32013	-72.6443
32014	-73.2416
32015	-72.9989
32016	-72.9184
32017	-72.8339
32018	-72.7522
32019	-72.6283
32020	-72.4688
32021	-72.6281
32022	-72.5619
32023	-72.7718
32024	-72.5316
32025	-72.4642
32026	-72.5169
32027	-72.8544
32028	-72.8651
32029	-72.6551
32030	-72.7139
32031	-72.6322
32032	-72.7206
32033	-72.8859
32034	-72.4803
32035	-72.3737
32036	-72.5083
32037	-72.8452
32038	-72.8107
32039	-72.7989
32040	-72.5396
32041	-72.9543
32042	-72.83
32043	-72.7511
32044	-72.9705
32045	-72.4434
32046	-72.0711
32047	-72.8415
32048	-72.677
32049	-72.7862
32050	-72.8346
32051	-72.389
32052	-72.3949
32053	-72.792
32054	-73.0327
32055	-73.0985
32056	-73.037
32057	-72.7655
32058	-72.4076
32059	-71.9079
32060	-72.4656
32061	-72.6648
32062	-73.0661
32063	-72.7505
32064	-72.948
32065	-72.5571
32066	-72.5953
32067	-72.3546
32068	-72.536
32069	-72.4904
32070	-72.1453
32071	-72.7724
32072	-72.8936
32073	-72.574
32074	-72.9767
32075	-72.8683
32076	-72.4851
32077	-72.8049
32078	-72.5012
32079	-72.5895
32080	-72.2794
32081	-72.6502
32082	-72.8003
32083	-73.0031
32084	-73.1285
32085	-72.5913
32086	-72.3018
32087	-72.3332
32088	-72.571
32089	-72.8389
32090	-72.6929
32091	-72.7789
32092	-72.6841
32093	-72.7866
32094	-72.5264
32095	-72.7409
32096	-73.1373
32097	-72.8672
32098	-72.2904
32099	-72.8077
32100	-72.7015
32101	-72.5064
32102	-72.7456
32103	-72.8169
32104	-73.0866
32105	-73.1299
32106	-73.3034
32107	-72.9569
32108	-72.7557
32109	-72.4814
32110	-72.5573
32111	-72.7364
32112	-72.9327
32113	-72.8962
32114	-72.9581
32115	-72.8184
32116	-72.6715
32117	-72.5276
32118	-72.6309
32119	-72.4989
32120	-72.2747
32121	-72.2647
32122	-72.4355
32123	-72.5373
32124	-72.6125
32125	-72.6625
32126	-72.4909
32127	-71.9378
32128	-72.4632
32129	-72.6511
32130	-72.5069
32131	-72.6639
32132	-72.8147
32133	-72.7535
32134	-72.508
32135	-72.4685
32136	-72.3207
32137	-72.3674
32138	-72.7308
32139	-73.0031
32140	-72.5705
32141	-72.2307
32142	-72.5007
32143	-72.7182
32144	-72.3939
32145	-72.2715
32146	-72.3302
32147	-72.3311
32148	-72.7362
32149	-72.5098
32150	-72.709
32151	-72.679
32152	-72.7391
32153	-72.7368
32154	-72.4167
32155	-72.6926
32156	-72.9004
32157	-73.1459
32158	-72.7733
32159	-72.7892
32160	-72.7079
32161	-73.0573
32162	-72.9411
32163	-72.4815
32164	-72.5636
32165	-72.6334
32166	-72.488
32167	-72.5386
32168	-72.4675
32169	-72.9962
32170	-72.8781
32171	-72.5875
32172	-72.8643
32173	-72.667
32174	-73.1446
32175	-73.0786
32176	-72.542
32177	-72.866
32178	-72.9223
32179	-72.8208
32180	-72.5528
32181	-72.4426
32182	-72.5784
32183	-72.7343
32184	-72.4983
32185	-72.1834
32186	-72.5911
32187	-72.6452
32188	-72.6478
32189	-72.8513
32190	-72.6823
32191	-73.0008
32192	-72.9357
32193	-72.6966
32194	-73.0389
32195	-73.0049
32196	-72.5825
32197	-72.5703
32198	-72.5405
32199	-72.5494
32200	-72.667
32201	-72.8106
32202	-72.7006
32203	-73.0695
32204	-73.1502
32205	-72.6672
32206	-72.1231
32207	-72.5052
32208	-72.377
32209	-72.6316
32210	-72.3552
32211	-72.6697
32212	-72.7887
32213	-72.8584
32214	-72.5554
32215	-72.6621
32216	-72.9406
32217	-72.4614
32218	-72.534
32219	-72.6478
32220	-72.5173
32221	-72.4596
32222	-72.3268
32223	-72.5625
32224	-72.7297
32225	-72.2961
32226	-72.0607
32227	-72.3263
32228	-72.6995
32229	-73.0285
32230	-72.7102
32231	-72.9594
32232	-73.1122
32233	-72.9374
32234	-72.8681
32235	-72.7574
32236	-73.1242
32237	-73.0158
32238	-72.979
32239	-72.9631
32240	-72.7193
32241	-72.8177
32242	-72.9075
32243	-73.0788
32244	-73.0258
32245	-72.8788
32246	-72.9171
32247	-72.706
32248	-72.8288
32249	-72.5451
32250	-72.3373
32251	-72.4105
32252	-72.6701
32253	-72.5338
32254	-72.4817
32255	-72.4101
32256	-72.7619
32257	-72.5876
32258	-72.5505
32259	-72.4095
32260	-72.1721
32261	-72.6202
32262	-72.9195
32263	-72.2843
32264	-72.7184
32265	-72.6411
32266	-72.5891
32267	-72.5485
32268	-72.624
32269	-72.7862
32270	-72.7233
32271	-72.7285
32272	-72.8045
32273	-72.8707
32274	-72.4818
32275	-72.545
32276	-72.8176
32277	-72.9849
32278	-72.8587
32279	-72.876
32280	-72.793
32281	-72.7704
32282	-72.8476
32283	-72.441
32284	-72.5115
32285	-72.902
32286	-72.6455
32287	-72.6644
32288	-72.6986
32289	-72.7044
32290	-72.5932
32291	-72.3807
32292	-72.5074
32293	-72.5261
32294	-72.4666
32295	-72.7877
32296	-73.0269
32297	-72.7376
32298	-72.7947
32299	-73.1489
32300	-72.8751
32301	-72.6221
32302	-72.5594
32303	-72.1594
32304	-72.7561
32305	-73.1217
32306	-73.123
32307	-72.8252
32308	-72.912
32309	-72.8998
32310	-72.7096
32311	-72.4704
32312	-72.3781
32313	-72.5679
32314	-72.6458
32315	-72.6271
32316	-72.6039
32317	-72.452
32318	-72.3418
32319	-72.7674
32320	-72.9286
32321	-72.3177
32322	-72.2139
32323	-72.0138
32324	-72.6481
32325	-72.9445
32326	-72.4802
32327	-72.4055
32328	-72.7404
32329	-72.7166
32330	-72.5648
32331	-72.3997
32332	-72.8273
32333	-72.8518
32334	-72.4984
32335	-72.4758
32336	-72.6554
32337	-72.5301
32338	-72.5271
32339	-72.3626
32340	-72.2692
32341	-72.9071
32342	-73.2263
32343	-72.9743
32344	-72.4526
32345	-72.5352
32346	-72.5763
32347	-72.4515
32348	-72.9115
32349	-72.4593
32350	-72.1139
32351	-72.2206
32352	-72.2179
32353	-73.062
32354	-73.0265
32355	-72.6262
32356	-72.5687
32357	-72.7822
32358	-72.8535
32359	-72.3251
32360	-72.3261
32361	-72.6989
32362	-72.3676
32363	-72.2211
32364	-72.4566
32365	-72.6366
32366	-72.935
32367	-73.0313
32368	-72.8706
32369	-72.757
32370	-73.1552
32371	-72.6485
32372	-72.7085
32373	-72.8259
32374	-73.0477
32375	-72.7855
32376	-72.5499
32377	-72.4165
32378	-72.363
32379	-72.5486
32380	-72.5132
32381	-72.4917
32382	-72.8982
32383	-73.0436
32384	-72.4119
32385	-72.1257
32386	-72.4161
32387	-72.6221
32388	-72.4855
32389	-72.7413
32390	-73.0131
32391	-73.0615
32392	-72.4775
32393	-72.2947
32394	-72.4048
32395	-72.8677
32396	-72.7501
32397	-72.5371
32398	-72.8963
32399	-72.7804
32400	-72.6905
32401	-72.6286
32402	-72.4958
32403	-72.6326
32404	-72.6613
32405	-73.1508
32406	-72.6448
32407	-72.7165
32408	-72.7304
32409	-72.6394
32410	-73.1883
32411	-72.7005
32412	-72.4779
32413	-72.631
32414	-72.4828
32415	-72.4019
32416	-72.7909
32417	-72.61
32418	-73.0545
32419	-72.6449
32420	-72.8841
32421	-72.9067
32422	-73.1911
32423	-73.142
32424	-72.9277
32425	-73.0438
32426	-72.6712
32427	-72.5885
32428	-72.4321
32429	-72.1752
32430	-72.3435
32431	-72.2849
32432	-72.8188
32433	-73.0286
32434	-72.6605
32435	-72.8812
32436	-72.7458
32437	-72.84
32438	-72.9066
32439	-72.9231
32440	-72.4662
32441	-72.2228
32442	-72.0641
32443	-72.6233
32444	-72.8069
32445	-72.5795
32446	-72.4086
32447	-72.3204
32448	-73.0395
32449	-73.1007
32450	-72.7791
32451	-72.4451
32452	-72.558
32453	-72.4439
32454	-72.1718
32455	-71.8807
32456	-72.1178
32457	-72.8444
32458	-72.8325
32459	-72.705
32460	-73.0536
32461	-73.2918
32462	-72.9562
32463	-72.3966
32464	-72.4961
32465	-72.349
32466	-72.5606
32467	-72.8386
32468	-72.391
32469	-72.7359
32470	-72.8669
32471	-72.6726
32472	-72.5584
32473	-72.1995
32474	-72.5661
32475	-72.432
32476	-72.2395
32477	-72.2831
32478	-72.2424
32479	-72.1885
32480	-72.8188
32481	-72.9388
32482	-72.5241
32483	-72.3055
32484	-72.8588
32485	-73.1271
32486	-72.4612
32487	-72.3772
32488	-72.6091
32489	-73.041
32490	-72.6392
32491	-72.3667
32492	-72.8591
32493	-72.6198
32494	-72.6064
32495	-72.6225
32496	-72.4422
32497	-72.5257
32498	-72.4162
32499	-72.5958
32500	-72.5026
32501	-72.3419
32502	-72.6375
32503	-72.5868
32504	-72.7319
32505	-72.6447
32506	-72.4072
32507	-72.325
32508	-72.7691
32509	-72.8494
32510	-72.7103
32511	-72.6813
32512	-73.1207
32513	-72.7595
32514	-72.5649
32515	-72.8609
32516	-72.9411
32517	-72.7104
32518	-73.0906
32519	-72.6701
32520	-72.949
32521	-72.8639
32522	-72.6852
32523	-72.6801
32524	-72.8953
32525	-72.449
32526	-72.2252
32527	-72.2682
32528	-72.2993
32529	-72.2457
32530	-72.4968
32531	-72.6849
32532	-72.5822
32533	-72.7833
32534	-72.7599
32535	-72.4705
32536	-72.9599
32537	-72.4437
32538	-72.2241
32539	-72.8074
32540	-72.8417
32541	-72.9746
32542	-72.767
32543	-72.8817
32544	-72.6966
32545	-72.656
32546	-72.6668
32547	-72.4531
32548	-72.5094
32549	-73.1369
32550	-72.9378
32551	-72.7503
32552	-72.2869
32553	-72.2638
32554	-72.4125
32555	-72.6584
32556	-72.4238
32557	-72.8239
32558	-72.5705
32559	-72.4739
32560	-71.9884
32561	-72.2087
32562	-72.5206
32563	-72.4777
32564	-72.7616
32565	-73.1483
32566	-73.2957
32567	-72.9117
32568	-73.2836
32569	-73.4505
32570	-72.7787
32571	-72.602
32572	-72.5501
32573	-72.6985
32574	-72.3252
32575	-72.4409
32576	-72.8777
32577	-72.6326
32578	-72.5532
32579	-72.5315
32580	-72.6127
32581	-72.8316
32582	-73.1651
32583	-72.8143
32584	-73.1736
32585	-72.7973
32586	-72.6904
32587	-72.6642
32588	-72.4195
32589	-72.7065
32590	-72.71
32591	-72.3045
32592	-72.1479
32593	-72.0601
32594	-72.4392
32595	-72.3591
32596	-72.4105
32597	-72.6418
32598	-72.2632
32599	-72.438
32600	-72.9488
32601	-72.6021
32602	-72.6192
32603	-72.7542
32604	-72.6097
32605	-72.4218
32606	-72.3111
32607	-72.4433
32608	-72.4685
32609	-72.6319
32610	-72.6743
32611	-72.7232
32612	-72.8169
32613	-72.5335
32614	-73.0073
32615	-72.5649
32616	-72.4839
32617	-72.4653
32618	-72.4928
32619	-72.6288
32620	-72.5753
32621	-72.6023
32622	-72.3883
32623	-72.4633
32624	-72.5363
32625	-72.7553
32626	-72.6313
32627	-72.515
32628	-72.9683
32629	-72.6469
32630	-72.6375
32631	-72.7178
32632	-73.0306
32633	-72.8974
32634	-72.7595
32635	-72.4912
32636	-72.6306
32637	-73.0066
32638	-73.057
32639	-72.9456
32640	-72.7995
32641	-72.5577
32642	-72.52
32643	-72.8298
32644	-72.8082
32645	-72.714
32646	-72.8076
32647	-72.4939
32648	-72.5209
32649	-72.5533
32650	-72.7611
32651	-72.9435
32652	-72.4524
32653	-72.6303
32654	-72.7912
32655	-72.9897
32656	-72.6438
32657	-72.8172
32658	-72.9447
32659	-72.5787
32660	-72.5628
32661	-72.8402
32662	-72.7627
32663	-72.4999
32664	-72.6652
32665	-72.7514
32666	-72.5584
32667	-72.7762
32668	-72.5698
32669	-72.474
32670	-72.6769
32671	-72.7973
32672	-72.5961
32673	-72.8082
32674	-73.0331
32675	-73.045
32676	-72.7276
32677	-72.8146
32678	-72.9866
32679	-72.0967
32680	-72.2922
32681	-72.3588
32682	-72.6409
32683	-72.882
32684	-72.925
32685	-73.0259
32686	-72.8728
32687	-72.8626
32688	-72.9622
32689	-72.5867
32690	-72.573
32691	-72.6317
32692	-72.7187
32693	-72.4366
32694	-72.4961
32695	-72.8556
32696	-72.7086
32697	-72.4311
32698	-72.4501
32699	-72.6683
32700	-72.7202
32701	-72.636
32702	-72.8282
32703	-72.704
32704	-72.6673
32705	-72.3937
32706	-72.6613
32707	-72.3714
32708	-72.3801
32709	-72.2588
32710	-72.5564
32711	-72.4586
32712	-72.3245
32713	-72.6766
32714	-72.8071
32715	-72.6217
32716	-72.7328
32717	-72.8369
32718	-72.9661
32719	-72.9329
32720	-72.6562
32721	-72.5255
32722	-72.5739
32723	-72.7438
32724	-72.436
32725	-72.2953
32726	-72.6624
32727	-72.8658
32728	-72.626
32729	-72.4464
32730	-72.5725
32731	-72.9354
32732	-72.7138
32733	-72.6459
32734	-72.2367
32735	-72.5504
32736	-72.6237
32737	-72.7113
32738	-72.9689
32739	-72.8353
32740	-72.9885
32741	-72.5228
32742	-72.6384
32743	-72.654
32744	-72.664
32745	-72.6795
32746	-72.9028
32747	-72.6797
32748	-72.6231
32749	-72.973
32750	-72.8538
32751	-72.433
32752	-72.6202
32753	-72.4737
32754	-72.7516
32755	-72.6961
32756	-72.5075
32757	-72.8496
32758	-72.792
32759	-72.5792
32760	-72.8369
32761	-72.7531
32762	-72.438
32763	-72.9086
32764	-72.6098
32765	-72.7519
32766	-72.5969
32767	-72.3325
32768	-72.4724
32769	-72.529
32770	-72.9048
32771	-72.6199
32772	-72.74
32773	-72.7217
32774	-72.8655
32775	-72.7388
32776	-72.8273
32777	-72.8022
32778	-72.4182
32779	-72.3102
32780	-72.3801
32781	-72.331
32782	-72.2997
32783	-72.5137
32784	-72.4893
32785	-72.9391
32786	-72.9007
32787	-73.0368
32788	-73.1319
32789	-72.8922
32790	-72.9153
32791	-72.3918
32792	-72.5179
32793	-72.6319
32794	-73.0181
32795	-72.5807
32796	-72.7485
32797	-72.7368
32798	-72.6724
32799	-72.4452
32800	-72.6576
32801	-72.9688
32802	-72.937
32803	-72.6927
32804	-72.7857
32805	-72.9093
32806	-72.7453
32807	-72.9367
32808	-72.8302
32809	-72.7895
32810	-72.8178
32811	-72.9269
32812	-73.2099
32813	-73.0454
32814	-72.6747
32815	-72.7165
32816	-72.6956
32817	-72.9476
32818	-73.1292
32819	-72.9776
32820	-72.7361
32821	-72.8023
32822	-72.6579
32823	-72.386
32824	-72.6799
32825	-72.7363
32826	-72.991
32827	-72.9472
32828	-72.3704
32829	-72.3268
32830	-72.7831
32831	-72.8015
32832	-73.1495
32833	-72.9056
32834	-72.9054
32835	-72.8663
32836	-72.7925
32837	-72.596
32838	-72.2455
32839	-72.3852
32840	-72.5088
32841	-72.6306
32842	-72.6869
32843	-72.4796
32844	-72.3691
32845	-72.121
32846	-72.3655
32847	-72.7121
32848	-72.7789
32849	-72.8383
32850	-72.9859
32851	-72.8885
32852	-72.4
32853	-72.4999
32854	-72.4065
32855	-72.2783
32856	-72.458
32857	-72.8195
32858	-72.9106
32859	-73.176
32860	-73.2403
32861	-72.8431
32862	-73.0581
32863	-72.6999
32864	-72.6325
32865	-72.3728
32866	-72.1273
32867	-72.3667
32868	-72.4747
32869	-72.3171
32870	-72.8224
32871	-72.9683
32872	-73.1146
32873	-72.8722
32874	-72.7596
32875	-72.7107
32876	-72.8868
32877	-72.8039
32878	-72.7026
32879	-72.3241
32880	-72.7896
32881	-73.0655
32882	-72.8511
32883	-72.56
32884	-72.9368
32885	-72.3739
32886	-72.4818
32887	-72.3487
32888	-72.8899
32889	-72.691
32890	-72.7006
32891	-72.5179
32892	-72.4991
32893	-72.5627
32894	-73.462
32895	-73.1905
32896	-73.0608
32897	-73.0018
32898	-72.6225
32899	-72.5291
32900	-72.6976
32901	-72.5696
32902	-72.4778
32903	-72.9186
32904	-72.986
32905	-72.3851
32906	-72.6373
32907	-72.826
32908	-72.4531
32909	-72.6022
32910	-73.0104
32911	-73.0236
32912	-72.7332
32913	-73.0349
32914	-72.9483
32915	-73.2782
32916	-72.5937
32917	-72.4522
32918	-72.7242
32919	-72.8508
32920	-72.8701
32921	-72.7967
32922	-72.5328
32923	-72.6637
32924	-72.6799
32925	-72.6572
32926	-72.5194
32927	-72.2148
32928	-72.6964
32929	-73.0069
32930	-72.7198
32931	-72.551
32932	-72.458
32933	-72.7016
32934	-72.6825
32935	-72.7702
32936	-72.686
32937	-72.4792
32938	-72.4571
32939	-72.3981
32940	-72.98
32941	-73.1703
32942	-73.4812
32943	-73.242
32944	-72.7126
32945	-72.3062
32946	-72.5975
32947	-72.5941
32948	-72.6547
32949	-72.777
32950	-72.5628
32951	-72.3868
32952	-72.6895
32953	-72.7639
32954	-73.0041
32955	-72.7514
32956	-72.3893
32957	-72.4289
32958	-72.6369
32959	-72.6357
32960	-72.498
32961	-72.5908
32962	-72.7776
32963	-73.023
32964	-72.6781
32965	-72.4156
32966	-72.1501
32967	-72.724
32968	-73.5189
32969	-72.7778
32970	-72.5202
32971	-72.4386
32972	-72.1145
32973	-72.3146
32974	-72.5564
32975	-72.4074
32976	-72.7443
32977	-73.076
32978	-72.7239
32979	-72.6313
32980	-72.5623
32981	-72.6968
32982	-72.4938
32983	-72.7281
32984	-72.9238
32985	-73.0198
32986	-72.862
32987	-72.6402
32988	-72.9445
32989	-72.727
32990	-72.8187
32991	-73.0589
32992	-73.0632
32993	-73.4106
32994	-72.5458
32995	-72.5626
32996	-72.6827
32997	-72.5764
32998	-72.4653
32999	-72.9974
33000	-72.7143
33001	-72.6245
33002	-72.7855
33003	-72.607
33004	-72.3821
33005	-72.2027
33006	-72.5007
33007	-72.6207
33008	-72.4886
33009	-72.5235
33010	-72.5091
33011	-73.0167
33012	-72.6806
33013	-72.61
33014	-72.3905
33015	-72.2292
33016	-72.7503
33017	-72.5416
33018	-72.3998
33019	-72.934
33020	-73.2322
33021	-73.2002
33022	-72.772
33023	-72.6979
33024	-72.6084
33025	-72.2313
33026	-72.4681
33027	-72.9172
33028	-72.7903
33029	-72.2878
33030	-72.5558
33031	-72.765
33032	-72.6117
33033	-72.6275
33034	-72.2705
33035	-72.5847
33036	-72.8063
33037	-72.6519
33038	-72.9503
33039	-72.6775
33040	-72.7108
33041	-72.8303
33042	-72.8839
33043	-72.7402
33044	-72.2621
33045	-72.0885
33046	-72.4179
33047	-72.7654
33048	-73.0702
33049	-72.4517
33050	-72.7159
33051	-72.8566
33052	-73.1078
33053	-72.6435
33054	-72.674
33055	-72.698
33056	-72.538
33057	-72.3848
33058	-73.0255
33059	-72.8847
33060	-72.4795
33061	-72.8757
33062	-72.7194
33063	-72.9776
33064	-73.2071
33065	-73.169
33066	-72.7619
33067	-72.276
33068	-72.6134
33069	-72.8302
33070	-72.5223
33071	-72.5086
33072	-72.7518
33073	-73.0429
33074	-72.7945
33075	-72.9451
33076	-72.6431
33077	-72.5001
33078	-72.6828
33079	-73.0934
33080	-73.0415
33081	-72.9174
33082	-72.6037
33083	-72.9713
33084	-72.8514
33085	-73.077
33086	-73.0162
33087	-72.4879
33088	-72.5079
33089	-72.2705
33090	-72.26
33091	-72.9931
33092	-72.6985
33093	-72.5024
33094	-72.7961
33095	-72.6077
33096	-72.6508
33097	-72.6127
33098	-72.7599
33099	-73.1153
33100	-72.7197
33101	-73.1412
33102	-72.7668
33103	-72.5173
33104	-72.3183
33105	-72.5771
33106	-72.6591
33107	-72.2579
33108	-72.5022
33109	-72.4163
33110	-72.6726
33111	-72.96
33112	-72.6555
33113	-72.7373
33114	-72.5802
33115	-72.4918
33116	-72.8807
33117	-72.797
33118	-72.8862
33119	-72.899
33120	-72.8917
33121	-72.6695
33122	-72.6643
33123	-72.6711
33124	-72.9328
33125	-73.1739
33126	-72.7152
33127	-72.8467
33128	-72.7806
33129	-72.7348
33130	-72.7179
33131	-72.4174
33132	-72.3764
33133	-72.7581
33134	-72.9991
33135	-73.0406
33136	-72.6641
33137	-72.3239
33138	-72.3097
33139	-72.4147
33140	-72.97
33141	-72.7568
33142	-72.9758
33143	-72.7348
33144	-72.6205
33145	-72.8415
33146	-73.1842
33147	-73.3408
33148	-72.4239
33149	-72.6512
33150	-72.6838
33151	-72.6651
33152	-72.55
33153	-72.4605
33154	-72.3727
33155	-72.3146
33156	-72.4957
33157	-72.568
33158	-72.6833
33159	-72.7521
33160	-72.3101
33161	-72.2517
33162	-72.3974
33163	-72.5956
33164	-72.9371
33165	-72.56
33166	-72.4176
33167	-72.6111
33168	-72.5688
33169	-72.5811
33170	-72.7002
33171	-72.76
33172	-72.8507
33173	-72.6751
33174	-72.5351
33175	-72.3947
33176	-73.0271
33177	-73.1614
33178	-72.9827
33179	-72.7234
33180	-72.9008
33181	-72.5378
33182	-72.4901
33183	-72.9045
33184	-72.9987
33185	-72.791
33186	-72.5602
33187	-72.7069
33188	-72.7972
33189	-72.8126
33190	-73.0106
33191	-72.7651
33192	-72.1839
33193	-72.315
33194	-72.2048
33195	-72.4435
33196	-72.7817
33197	-73.2223
33198	-73.1201
33199	-72.5683
33200	-72.722
33201	-72.3772
33202	-72.3698
33203	-72.6339
33204	-72.3887
33205	-72.4927
33206	-72.4633
33207	-72.4436
33208	-72.8104
33209	-73.0117
33210	-72.958
33211	-72.6061
33212	-72.4675
33213	-72.6129
33214	-72.6573
33215	-72.7466
33216	-72.5381
33217	-72.8259
33218	-72.8991
33219	-72.9836
33220	-72.9273
33221	-72.4458
33222	-72.6425
33223	-72.5768
33224	-72.6795
33225	-73.0594
33226	-72.6166
33227	-72.5416
33228	-72.3755
33229	-72.4272
33230	-72.6139
33231	-72.7791
33232	-73.1072
33233	-72.8165
33234	-72.6472
33235	-73.2145
33236	-72.8843
33237	-73.0264
33238	-72.9846
33239	-72.9338
33240	-72.6248
33241	-72.5365
33242	-72.5686
33243	-72.3913
33244	-72.7186
33245	-72.7104
33246	-72.2442
33247	-72.4079
33248	-72.7756
33249	-72.9124
33250	-73.0397
33251	-73.1897
33252	-72.7111
33253	-72.8541
33254	-72.4039
33255	-72.9831
33256	-73.1814
33257	-73.0451
33258	-72.7855
33259	-72.7372
33260	-72.9316
33261	-73.165
33262	-72.6534
33263	-72.5501
33264	-72.8226
33265	-72.1626
33266	-72.2604
33267	-72.6861
33268	-72.5563
33269	-73.0631
33270	-72.6827
33271	-72.4992
33272	-72.5718
33273	-72.6545
33274	-72.9934
33275	-72.6827
33276	-72.4046
33277	-72.7712
33278	-72.761
33279	-72.7753
33280	-72.4811
33281	-72.661
33282	-73.1618
33283	-72.8307
33284	-72.6583
33285	-73.0869
33286	-72.9081
33287	-72.804
33288	-72.6483
33289	-73.0155
33290	-73.0855
33291	-72.956
33292	-72.5128
33293	-72.9364
33294	-72.9554
33295	-72.9576
33296	-73.155
33297	-72.764
33298	-72.2216
33299	-72.7242
33300	-72.6021
33301	-72.9616
33302	-72.8649
33303	-72.6915
33304	-72.5642
33305	-72.7044
33306	-72.5514
33307	-73.1098
33308	-72.8636
33309	-72.9595
33310	-73.143
33311	-72.8676
33312	-72.8686
33313	-72.6768
33314	-72.4456
33315	-72.4107
33316	-72.3592
33317	-72.449
33318	-72.6963
33319	-72.9295
33320	-73.0037
33321	-73.0405
33322	-72.7461
33323	-72.9442
33324	-72.9251
33325	-72.6795
33326	-73.5066
33327	-73.0272
33328	-72.7693
33329	-72.6264
33330	-72.8157
33331	-72.8544
33332	-72.2394
33333	-72.2786
33334	-72.3572
33335	-72.4514
33336	-72.7904
33337	-72.9787
33338	-72.6476
33339	-72.7333
33340	-72.7619
33341	-73.0234
33342	-72.6596
33343	-72.6947
33344	-73.063
33345	-73.0633
33346	-72.6814
33347	-72.5494
33348	-72.559
33349	-72.3158
33350	-72.4441
33351	-72.5147
33352	-72.8598
33353	-72.7462
33354	-72.5548
33355	-72.7415
33356	-72.7997
33357	-73.0991
33358	-72.8441
33359	-72.5749
33360	-72.6831
33361	-72.352
33362	-72.6652
33363	-72.3336
33364	-72.377
33365	-72.7721
33366	-73.0353
33367	-73.185
33368	-72.862
33369	-73.0733
33370	-72.7695
33371	-72.7192
33372	-72.5407
33373	-72.9475
33374	-72.5691
33375	-72.527
33376	-72.2255
33377	-72.5105
33378	-72.5272
33379	-72.868
33380	-72.9166
33381	-72.5753
33382	-72.6958
33383	-73.0589
33384	-72.8865
33385	-73.087
33386	-73.3862
33387	-72.723
33388	-72.818
33389	-72.8126
33390	-73.1052
33391	-72.9212
33392	-72.6592
33393	-72.4657
33394	-72.3746
33395	-72.1901
33396	-72.1887
33397	-72.1632
33398	-72.6154
33399	-72.8684
33400	-72.98
33401	-72.561
33402	-72.8625
33403	-72.9765
33404	-72.872
33405	-72.9746
33406	-72.7881
33407	-72.9747
33408	-73.2426
33409	-73.0908
33410	-72.5047
33411	-72.5322
33412	-72.7319
33413	-72.916
33414	-72.9679
33415	-73.0157
33416	-73.0401
33417	-72.6106
33418	-72.877
33419	-73.4332
33420	-73.2188
33421	-72.8445
33422	-72.6292
33423	-72.6287
33424	-72.8956
33425	-72.8777
33426	-72.7167
33427	-72.7849
33428	-72.6018
33429	-72.5132
33430	-73.026
33431	-73.3925
33432	-73.1803
33433	-72.6814
33434	-72.3279
33435	-72.3943
33436	-72.6446
33437	-72.4975
33438	-73.1142
33439	-72.9566
33440	-72.712
33441	-72.8459
33442	-72.8838
33443	-72.8378
33444	-72.7296
33445	-72.3851
33446	-72.4162
33447	-72.7786
33448	-72.9604
33449	-72.7213
33450	-72.5607
33451	-72.9215
33452	-72.7809
33453	-72.9132
33454	-72.5118
33455	-72.6979
33456	-72.431
33457	-72.6183
33458	-72.4079
33459	-72.3571
33460	-72.5682
33461	-72.2149
33462	-72.6173
33463	-72.6028
33464	-72.9134
33465	-72.9306
33466	-72.7793
33467	-73.1979
33468	-72.908
33469	-72.949
33470	-72.9617
33471	-72.9891
33472	-72.5947
33473	-72.8486
33474	-72.7643
33475	-72.5379
33476	-72.9031
33477	-72.9655
33478	-73.0567
33479	-72.9834
33480	-72.3074
33481	-72.3734
33482	-72.6703
33483	-73.0565
33484	-73.1225
33485	-72.7427
33486	-72.7175
33487	-72.4355
33488	-72.7474
33489	-72.6369
33490	-72.4453
33491	-72.7326
33492	-72.3281
33493	-72.4881
33494	-72.5516
33495	-72.3555
33496	-72.498
33497	-72.8201
33498	-72.5412
33499	-72.8231
33500	-72.868
33501	-72.798
33502	-73.2304
33503	-73.259
33504	-72.8504
33505	-72.5245
33506	-72.6003
33507	-72.522
33508	-72.7234
33509	-72.8392
33510	-72.8684
33511	-72.6918
33512	-72.9045
33513	-72.621
33514	-72.6452
33515	-72.5509
33516	-72.6706
33517	-72.4621
33518	-72.8945
33519	-72.7761
33520	-72.5258
33521	-72.4586
33522	-72.6755
33523	-72.8839
33524	-72.8015
33525	-72.6818
33526	-72.8369
33527	-72.4786
33528	-72.872
33529	-72.8717
33530	-72.7972
33531	-72.6141
33532	-72.67
33533	-72.772
33534	-72.9443
33535	-73.0174
33536	-72.5454
33537	-72.0842
33538	-72.7647
33539	-72.5429
33540	-72.6455
33541	-72.6598
33542	-72.1508
33543	-72.1447
33544	-72.755
33545	-72.7464
33546	-72.1102
33547	-72.4533
33548	-72.694
33549	-72.8904
33550	-72.594
33551	-72.2711
33552	-72.7897
33553	-72.7481
33554	-72.4755
33555	-72.6695
33556	-72.4712
33557	-73.164
33558	-72.6204
33559	-72.4492
33560	-72.6218
33561	-72.4976
33562	-72.7509
33563	-72.9978
33564	-72.9067
33565	-72.7037
33566	-72.4372
33567	-72.4575
33568	-72.3822
33569	-72.8607
33570	-73.2008
33571	-73.0881
33572	-73.0705
33573	-73.1856
33574	-72.9902
33575	-72.727
33576	-72.5547
33577	-72.7075
33578	-72.7441
33579	-73.0532
33580	-73.2123
33581	-72.6987
33582	-72.5851
33583	-72.7796
33584	-73.2733
33585	-72.9702
33586	-72.7258
33587	-72.692
33588	-72.467
33589	-72.7412
33590	-72.7203
33591	-72.784
33592	-72.7055
33593	-72.5305
33594	-72.7169
33595	-73.0299
33596	-73.0967
33597	-72.8424
33598	-73.0098
33599	-73.3539
33600	-72.9949
33601	-72.983
33602	-72.8202
33603	-73.0757
33604	-72.8901
33605	-72.8555
33606	-72.6739
33607	-72.982
33608	-72.7482
33609	-72.815
33610	-72.8513
33611	-72.7382
33612	-72.1904
33613	-72.6968
33614	-72.886
33615	-72.7447
33616	-72.7575
33617	-72.492
33618	-72.5064
33619	-72.2715
33620	-72.293
33621	-72.7066
33622	-72.7524
33623	-72.4353
33624	-72.6462
33625	-72.8884
33626	-72.7936
33627	-73.2894
33628	-72.8982
33629	-72.579
33630	-72.9088
33631	-72.7626
33632	-72.4991
33633	-72.3399
33634	-72.8206
33635	-72.4487
33636	-73.0007
33637	-72.9488
33638	-72.7535
33639	-72.7502
33640	-72.4597
33641	-72.5812
33642	-72.6548
33643	-72.9374
33644	-73.0588
33645	-73.0702
33646	-72.3324
33647	-72.6449
33648	-73.0935
33649	-73.0942
33650	-72.8243
33651	-72.8505
33652	-72.5827
33653	-72.9837
33654	-72.7597
33655	-72.3258
33656	-72.2407
33657	-72.1718
33658	-72.4111
33659	-72.9127
33660	-73.0324
33661	-72.9562
33662	-72.761
33663	-72.7111
33664	-72.8062
33665	-72.6489
33666	-72.9618
33667	-72.7103
33668	-72.7109
33669	-73.0136
33670	-72.9123
33671	-73.1848
33672	-73.0241
33673	-72.6887
33674	-72.5835
33675	-72.3865
33676	-72.7042
33677	-73.2906
33678	-73.0657
33679	-72.6887
33680	-72.4036
33681	-72.6957
33682	-72.5973
33683	-72.2808
33684	-72.0968
33685	-72.4951
33686	-72.2768
33687	-72.6049
33688	-72.5712
33689	-72.5447
33690	-72.3129
33691	-72.226
33692	-72.4266
33693	-72.5953
33694	-72.9193
33695	-72.872
33696	-72.798
33697	-73.1795
33698	-72.5319
33699	-72.7412
33700	-72.6628
33701	-72.9021
33702	-72.5175
33703	-72.7201
33704	-72.7919
33705	-72.7095
33706	-72.7276
33707	-72.462
33708	-72.4626
33709	-72.6654
33710	-73.2527
33711	-72.8487
33712	-72.4215
33713	-72.3782
33714	-72.981
33715	-73.0404
33716	-72.894
33717	-72.9455
33718	-72.7677
33719	-72.7146
33720	-72.879
33721	-72.8092
33722	-72.7469
33723	-72.7225
33724	-72.6719
33725	-73.195
33726	-72.9084
33727	-73.0372
33728	-73.0237
33729	-72.7051
33730	-72.7162
33731	-72.8988
33732	-72.8289
33733	-72.4665
33734	-72.7869
33735	-72.7393
33736	-72.5063
33737	-72.5944
33738	-72.627
33739	-72.6507
33740	-72.7585
33741	-72.5429
33742	-72.7756
33743	-72.9518
33744	-72.4039
33745	-72.671
33746	-72.4837
33747	-72.457
33748	-72.5128
33749	-73.2172
33750	-73.2394
33751	-72.6877
33752	-72.6201
33753	-72.6788
33754	-72.9352
33755	-72.4091
33756	-72.9459
33757	-72.7578
33758	-72.542
33759	-72.7882
33760	-72.9634
33761	-72.4763
33762	-72.6757
33763	-72.3707
33764	-71.9663
33765	-72.3378
33766	-72.6384
33767	-72.709
33768	-72.6967
33769	-72.5227
33770	-72.9075
33771	-73.0759
33772	-72.9457
33773	-72.9321
33774	-72.7248
33775	-72.482
33776	-72.7175
33777	-72.7516
33778	-72.8095
33779	-72.6793
33780	-73.0751
33781	-72.678
33782	-72.2594
33783	-72.9229
33784	-72.8431
33785	-72.7634
33786	-72.4189
33787	-72.7315
33788	-72.7106
33789	-72.5499
33790	-72.631
33791	-73.1845
33792	-73.3082
33793	-73.0431
33794	-72.7171
33795	-72.9809
33796	-72.7396
33797	-72.7464
33798	-72.4311
33799	-72.8235
33800	-73.0993
33801	-73.1917
33802	-73.1754
33803	-72.8567
33804	-72.5697
33805	-72.6971
33806	-72.7312
33807	-72.4779
33808	-72.6857
33809	-72.3127
33810	-72.3314
33811	-72.4257
33812	-72.6291
33813	-72.5699
33814	-72.9168
33815	-72.9361
33816	-72.6894
33817	-72.818
33818	-72.8069
33819	-72.7714
33820	-72.419
33821	-72.3763
33822	-72.4629
33823	-72.6171
33824	-72.7284
33825	-72.7475
33826	-72.9861
33827	-72.8938
33828	-72.3816
33829	-72.0064
33830	-72.4311
33831	-72.4694
33832	-72.7834
33833	-72.9779
33834	-72.8861
33835	-72.6707
33836	-73.3043
33837	-72.8391
33838	-72.6852
33839	-72.427
33840	-72.1676
33841	-72.3177
33842	-73.0308
33843	-72.8931
33844	-72.7077
33845	-73.0547
33846	-72.8636
33847	-72.9203
33848	-72.5291
33849	-72.2993
33850	-72.2386
33851	-72.6595
33852	-72.53
33853	-72.5997
33854	-72.5619
33855	-72.7245
33856	-72.6048
33857	-72.9613
33858	-73.0774
33859	-72.8335
33860	-72.9408
33861	-72.7297
33862	-72.7021
33863	-72.8508
33864	-72.6174
33865	-73.0087
33866	-73.0561
33867	-72.8752
33868	-72.7234
33869	-73.0331
33870	-72.6601
33871	-72.7218
33872	-72.7393
33873	-72.7435
33874	-72.8076
33875	-72.8333
33876	-73.0229
33877	-72.7304
33878	-72.7689
33879	-72.8211
33880	-72.573
33881	-72.5356
33882	-72.386
33883	-72.593
33884	-72.4226
33885	-72.4186
33886	-72.5027
33887	-73.0651
33888	-72.6616
33889	-72.8161
33890	-73.3644
33891	-72.893
33892	-72.6522
33893	-72.5613
33894	-72.7556
33895	-72.6799
33896	-73.0358
33897	-72.8631
33898	-72.7587
33899	-72.6425
33900	-72.6814
33901	-72.672
33902	-72.8561
33903	-72.7389
33904	-72.9788
33905	-72.4435
33906	-72.5353
33907	-72.3573
33908	-72.4327
33909	-72.3901
33910	-72.4019
33911	-72.5896
33912	-72.8332
33913	-73.0323
33914	-72.843
33915	-73.337
33916	-73.2802
33917	-72.7792
33918	-73.0151
33919	-73.0338
33920	-72.8947
33921	-72.4003
33922	-72.3159
33923	-73.0309
33924	-73.2579
33925	-72.9785
33926	-73.2418
33927	-72.6378
33928	-72.4378
33929	-72.3946
33930	-72.5563
33931	-72.6167
33932	-72.5095
33933	-72.6457
33934	-72.5576
33935	-73.0204
33936	-73.0419
33937	-72.5726
33938	-72.4666
33939	-72.4609
33940	-72.39
33941	-72.74
33942	-72.5021
33943	-72.4405
33944	-72.8078
33945	-72.5166
33946	-72.5728
33947	-72.8684
33948	-72.6829
33949	-72.6406
33950	-72.4394
33951	-72.7066
33952	-72.8449
33953	-73.0204
33954	-72.8322
33955	-73.0113
33956	-72.865
33957	-72.9105
33958	-72.9868
33959	-72.6956
33960	-72.4834
33961	-72.535
33962	-72.8221
33963	-72.8585
33964	-72.6768
33965	-72.7339
33966	-72.9001
33967	-72.795
33968	-72.424
33969	-72.7503
33970	-72.7604
33971	-72.5886
33972	-72.6899
33973	-72.4305
33974	-72.525
33975	-72.6379
33976	-72.6556
33977	-73.1488
33978	-72.9185
33979	-72.955
33980	-72.6887
33981	-72.8366
33982	-72.879
33983	-72.7877
33984	-73.0416
33985	-72.9886
33986	-72.7097
33987	-72.3247
33988	-72.4409
33989	-72.8605
33990	-72.8844
33991	-72.7671
33992	-72.5315
33993	-72.7976
33994	-73.0346
33995	-72.7563
33996	-72.8568
33997	-72.815
33998	-72.4174
33999	-72.6919
34000	-72.954
34001	-72.7261
34002	-72.344
34003	-72.5638
34004	-72.5633
34005	-72.6848
34006	-72.4363
34007	-72.6314
34008	-72.7548
34009	-72.5889
34010	-72.6729
34011	-72.9194
34012	-72.9276
34013	-73.0616
34014	-72.4019
34015	-72.3738
34016	-72.8684
34017	-72.4832
34018	-72.6554
34019	-73.2446
34020	-72.5908
34021	-72.5255
34022	-72.8692
34023	-72.727
34024	-72.8199
34025	-72.8123
34026	-72.4511
34027	-72.2873
34028	-72.6195
34029	-72.9952
34030	-72.9683
34031	-72.1538
34032	-72.3444
34033	-72.7941
34034	-72.8426
34035	-73.0368
34036	-72.6086
34037	-72.6667
34038	-72.6745
34039	-72.2214
34040	-72.6258
34041	-72.8761
34042	-72.7869
34043	-72.5457
34044	-72.482
34045	-72.7045
34046	-72.6906
34047	-73.2782
34048	-73.0351
34049	-72.7324
34050	-72.5902
34051	-72.9306
34052	-73.0109
34053	-72.9006
34054	-72.7924
34055	-72.5038
34056	-72.746
34057	-73.0362
34058	-73.0338
34059	-72.8407
34060	-72.5385
34061	-72.396
34062	-72.7167
34063	-72.7235
34064	-72.9348
34065	-72.7998
34066	-72.5009
34067	-72.394
34068	-72.6671
34069	-72.5757
34070	-72.5836
34071	-72.7202
34072	-72.5352
34073	-72.3301
34074	-72.568
34075	-72.9498
34076	-72.6458
34077	-72.4311
34078	-72.3284
34079	-72.5432
34080	-72.4458
34081	-72.4193
34082	-72.5398
34083	-72.9471
34084	-72.9532
34085	-72.8964
34086	-72.7439
34087	-73.1317
34088	-72.9964
34089	-72.9848
34090	-72.4948
34091	-72.4264
34092	-72.5749
34093	-73.1732
34094	-72.8981
34095	-72.6734
34096	-72.9314
34097	-72.7254
34098	-72.5153
34099	-72.6842
34100	-72.6268
34101	-72.5212
34102	-72.6212
34103	-72.5776
34104	-72.7014
34105	-72.753
34106	-72.6784
34107	-72.6659
34108	-72.6812
34109	-72.5332
34110	-72.4938
34111	-72.672
34112	-72.5595
34113	-72.3374
34114	-72.6376
34115	-72.918
34116	-72.7332
34117	-72.5906
34118	-72.7858
34119	-72.6268
34120	-72.9442
34121	-72.8528
34122	-72.5566
34123	-72.3958
34124	-72.9356
34125	-73.0014
34126	-72.7033
34127	-72.9925
34128	-72.9639
34129	-72.7479
34130	-72.9641
34131	-72.7161
34132	-72.5795
34133	-72.9585
34134	-72.9399
34135	-72.5922
34136	-72.848
34137	-72.9702
34138	-73.066
34139	-73.1267
34140	-73.0463
34141	-72.572
34142	-72.9053
34143	-73.0993
34144	-73.0379
34145	-72.6975
34146	-72.7273
34147	-72.8588
34148	-72.6199
34149	-72.2417
34150	-72.8114
34151	-72.678
34152	-72.6251
34153	-73.1225
34154	-73.0272
34155	-72.698
34156	-72.7186
34157	-73.082
34158	-73.0507
34159	-72.6457
34160	-72.8524
34161	-72.9028
34162	-72.749
34163	-72.8949
34164	-73.1634
34165	-72.8438
34166	-72.6062
34167	-72.9222
34168	-73.0366
34169	-72.7019
34170	-72.2725
34171	-72.6512
34172	-72.7859
34173	-72.6511
34174	-72.8511
34175	-72.7105
34176	-72.4002
34177	-72.4735
34178	-72.8384
34179	-72.4374
34180	-72.7331
34181	-72.9302
34182	-72.8485
34183	-72.7
34184	-72.5236
34185	-72.5831
34186	-72.4727
34187	-72.6387
34188	-72.9115
34189	-73.2463
34190	-72.9041
34191	-72.6041
34192	-72.5628
34193	-72.5191
34194	-72.5469
34195	-72.8476
34196	-73.0406
34197	-72.9506
34198	-72.4554
34199	-72.5658
34200	-72.6284
34201	-72.79
34202	-72.7791
34203	-73.0189
34204	-72.697
34205	-72.4441
34206	-72.2567
34207	-72.5295
34208	-72.8684
34209	-72.8487
34210	-72.5997
34211	-73.0667
34212	-73.2257
34213	-72.3225
34214	-72.4492
34215	-72.8118
34216	-72.8299
34217	-72.8843
34218	-73.1922
34219	-72.9886
34220	-73.0703
34221	-72.8125
34222	-72.9769
34223	-73.0101
34224	-72.9253
34225	-73.1751
34226	-73.1328
34227	-72.9744
34228	-73.175
34229	-72.7391
34230	-72.7792
34231	-73.1514
34232	-72.8061
34233	-73.0984
34234	-73.0934
34235	-72.8899
34236	-72.8739
34237	-72.6091
34238	-73.103
34239	-73.2618
34240	-72.8434
34241	-72.6629
34242	-72.5568
34243	-72.4958
34244	-72.8422
34245	-72.8587
34246	-72.7832
34247	-72.6621
34248	-73.1391
34249	-73.2891
34250	-73.0268
34251	-72.4343
34252	-72.5844
34253	-72.7625
34254	-72.748
34255	-72.9281
34256	-72.9743
34257	-72.8954
34258	-72.6654
34259	-72.9645
34260	-72.8985
34261	-72.8368
34262	-73.0374
34263	-72.8561
34264	-72.9894
34265	-73.2013
34266	-72.9633
34267	-72.8478
34268	-72.9686
34269	-72.875
34270	-73.0236
34271	-72.8825
34272	-73.0463
34273	-72.9794
34274	-72.7494
34275	-72.4777
34276	-72.498
34277	-72.6186
34278	-73.0263
34279	-73.0801
34280	-72.7099
34281	-72.5553
34282	-73.0305
34283	-73.3555
34284	-73.1501
34285	-72.6875
34286	-72.8267
34287	-72.9846
34288	-72.9151
34289	-72.7803
34290	-72.8338
34291	-72.9524
34292	-72.9753
34293	-73.2054
34294	-72.854
34295	-72.5179
34296	-72.9522
34297	-73.1459
34298	-72.8867
34299	-72.9344
34300	-73.2276
34301	-72.8572
34302	-72.8149
34303	-72.6412
34304	-73.0955
34305	-73.0859
34306	-72.5681
34307	-73.0287
34308	-72.8064
34309	-73.0088
34310	-72.9121
34311	-72.9886
34312	-72.8085
34313	-72.6099
34314	-72.8416
34315	-72.5728
34316	-72.554
34317	-73.1754
34318	-73.2185
34319	-72.9726
34320	-72.7773
34321	-72.7349
34322	-72.497
34323	-72.8354
34324	-72.9006
34325	-72.4424
34326	-72.7419
34327	-72.432
34328	-72.8079
34329	-72.76
34330	-73.336
34331	-73.1969
34332	-72.9316
34333	-72.9212
34334	-72.7325
34335	-72.5648
34336	-72.7819
34337	-72.7891
34338	-72.9514
34339	-72.4923
34340	-72.5196
34341	-72.8862
34342	-72.7515
34343	-72.7733
34344	-72.725
34345	-72.8563
34346	-72.8321
34347	-72.5317
34348	-72.5701
34349	-72.1836
34350	-72.272
34351	-72.5834
34352	-72.8528
34353	-73.0766
34354	-72.847
34355	-72.6485
34356	-72.6018
34357	-72.903
34358	-73.0841
34359	-73.2728
34360	-72.701
34361	-72.8825
34362	-72.7062
34363	-72.6154
34364	-72.459
34365	-72.4633
34366	-72.6577
34367	-72.903
34368	-72.5865
34369	-72.5796
34370	-72.9402
34371	-72.7839
34372	-72.7993
34373	-72.84
34374	-72.7941
34375	-72.812
34376	-72.6129
34377	-72.7989
34378	-72.7697
34379	-72.7793
34380	-72.8148
34381	-72.5795
34382	-72.2196
34383	-72.6764
34384	-72.6666
34385	-72.8272
34386	-72.9576
34387	-72.6129
34388	-72.433
34389	-72.919
34390	-72.9369
34391	-72.7567
34392	-72.6688
34393	-72.3614
34394	-72.17
34395	-72.4308
34396	-72.4803
34397	-72.3696
34398	-72.5687
34399	-72.5958
34400	-72.7298
34401	-72.3814
34402	-72.3646
34403	-72.8406
34404	-73.2336
34405	-73.1628
34406	-72.6826
34407	-72.5083
34408	-72.4245
34409	-72.2997
34410	-72.3296
34411	-72.6836
34412	-72.6652
34413	-72.5632
34414	-72.5783
34415	-72.7388
34416	-72.936
34417	-72.8183
34418	-72.8735
34419	-72.8816
34420	-72.5353
34421	-72.6355
34422	-72.2584
34423	-72.7162
34424	-73.0113
34425	-72.8038
34426	-73.1252
34427	-73.2219
34428	-72.8986
34429	-72.4458
34430	-72.5827
34431	-72.6781
34432	-72.5989
34433	-72.5861
34434	-72.6249
34435	-72.7079
34436	-72.6747
34437	-72.7966
34438	-72.717
34439	-72.8386
34440	-72.9259
34441	-72.9893
34442	-72.4248
34443	-72.4861
34444	-72.8684
34445	-72.5339
34446	-72.6471
34447	-72.5114
34448	-72.8251
34449	-72.7926
34450	-72.8276
34451	-72.6075
34452	-72.9921
34453	-72.6872
34454	-72.8873
34455	-73.1509
34456	-72.432
34457	-72.6273
34458	-73.1068
34459	-72.8899
34460	-72.6359
34461	-72.6864
34462	-73.2495
34463	-72.8877
34464	-72.7964
34465	-73.1136
34466	-72.7038
34467	-72.6685
34468	-72.5562
34469	-72.3818
34470	-72.6992
34471	-73.0425
34472	-72.5005
34473	-72.36
34474	-72.632
34475	-73.1356
34476	-73.3735
34477	-72.9179
34478	-72.5696
34479	-72.6194
34480	-72.5515
34481	-72.2762
34482	-72.5979
34483	-72.595
34484	-72.7569
34485	-72.9408
34486	-72.3237
34487	-72.153
34488	-72.8723
34489	-73.0171
34490	-73.0691
34491	-73.0553
34492	-72.9139
34493	-72.9028
34494	-72.8992
34495	-73.1892
34496	-72.6289
34497	-72.4151
34498	-72.6397
34499	-72.5013
34500	-72.8305
34501	-72.7253
34502	-72.495
34503	-72.1725
34504	-72.6311
34505	-73.0153
34506	-72.5802
34507	-72.7956
34508	-72.9575
34509	-72.7945
34510	-72.5032
34511	-72.7196
34512	-72.9828
34513	-72.9756
34514	-72.9276
34515	-72.6463
34516	-72.7986
34517	-72.9908
34518	-72.8425
34519	-72.8341
34520	-73.0594
34521	-72.7931
34522	-73.0621
34523	-73.1765
34524	-72.9177
34525	-73.0624
34526	-72.7546
34527	-72.8099
34528	-72.8271
34529	-72.722
34530	-72.6921
34531	-72.4484
34532	-72.704
34533	-72.8988
34534	-73.1063
34535	-73.0699
34536	-72.9845
34537	-72.5013
34538	-72.3285
34539	-72.4234
34540	-72.7409
34541	-72.5638
34542	-72.8019
34543	-72.5097
34544	-72.739
34545	-73.2043
34546	-72.9738
34547	-72.6548
34548	-72.8314
34549	-72.5431
34550	-72.8681
34551	-72.9053
34552	-72.9798
34553	-72.9432
34554	-72.7425
34555	-73.1075
34556	-73.3982
34557	-73.1614
34558	-73.1263
34559	-72.7922
34560	-72.8929
34561	-73.3048
34562	-73.254
34563	-72.2887
34564	-72.2895
34565	-72.0514
34566	-72.4773
34567	-72.7083
34568	-72.4898
34569	-72.923
34570	-72.5482
34571	-72.5018
34572	-72.7706
34573	-73.1779
34574	-73.0475
34575	-72.7845
34576	-73.1022
34577	-73.3709
34578	-72.7654
34579	-72.619
34580	-72.8197
34581	-72.8143
34582	-72.5834
34583	-72.6755
34584	-72.9231
34585	-72.6909
34586	-72.8335
34587	-72.7364
34588	-73.3589
34589	-72.9889
34590	-73.2966
34591	-73.2679
34592	-73.1134
34593	-72.6583
34594	-72.7806
34595	-72.8362
34596	-72.8348
34597	-72.9996
34598	-72.8329
34599	-72.8683
34600	-72.9386
34601	-72.9857
34602	-72.967
34603	-72.8278
34604	-72.5701
34605	-72.5881
34606	-72.9672
34607	-72.9614
34608	-72.62
34609	-72.895
34610	-73.2205
34611	-72.7731
34612	-72.9391
34613	-73.0206
34614	-72.6373
34615	-72.4683
34616	-72.7949
34617	-72.567
34618	-72.72
34619	-72.8825
34620	-72.9962
34621	-72.7941
34622	-72.7169
34623	-72.7612
34624	-72.9493
34625	-72.9159
34626	-72.9745
34627	-73.1167
34628	-73.1257
34629	-72.6969
34630	-72.4322
34631	-72.7229
34632	-72.8084
34633	-72.0106
34634	-72.1163
34635	-72.595
34636	-72.986
34637	-72.9682
34638	-72.655
34639	-72.6833
34640	-72.8049
34641	-72.8037
34642	-72.8767
34643	-73.01
34644	-73.3171
34645	-72.9447
34646	-72.6182
34647	-72.6273
34648	-72.6465
34649	-72.9462
34650	-72.3844
34651	-72.1436
34652	-72.323
34653	-72.5952
34654	-73.1402
34655	-72.8541
34656	-72.5809
34657	-72.7976
34658	-72.7422
34659	-72.896
34660	-72.626
34661	-73.154
34662	-72.7341
34663	-72.8055
34664	-72.8364
34665	-72.8479
34666	-73.2366
34667	-72.9309
34668	-72.8248
34669	-72.8033
34670	-73.0324
34671	-72.5751
34672	-72.5018
34673	-72.799
34674	-72.8866
34675	-72.664
34676	-72.5135
34677	-72.3441
34678	-72.7477
34679	-73.0697
34680	-73.0313
34681	-72.4576
34682	-72.7256
34683	-72.6445
34684	-72.4552
34685	-72.6818
34686	-72.5386
34687	-72.8707
34688	-72.8505
34689	-73.2502
34690	-72.9791
34691	-73.1049
34692	-72.458
34693	-72.4887
34694	-72.5024
34695	-72.4938
34696	-73.0912
34697	-73.298
34698	-73.018
34699	-72.8413
34700	-72.7364
34701	-72.8797
34702	-72.4982
34703	-72.408
34704	-72.9921
34705	-72.8653
34706	-72.6084
34707	-72.4982
34708	-72.4638
34709	-72.4495
34710	-72.2889
34711	-72.592
34712	-72.7994
34713	-72.7628
34714	-72.9738
34715	-72.7104
34716	-73.0305
34717	-72.7085
34718	-72.9739
34719	-72.6024
34720	-72.7135
34721	-73.132
34722	-73.0879
34723	-72.7893
34724	-72.7006
34725	-72.818
34726	-72.6412
34727	-72.8756
34728	-72.6125
34729	-72.6963
34730	-73.0136
34731	-72.7855
34732	-72.7912
34733	-72.7125
34734	-72.5821
34735	-72.5221
34736	-72.55
34737	-72.5443
34738	-72.297
34739	-72.6822
34740	-72.6313
34741	-72.8717
34742	-72.9249
34743	-72.7792
34744	-72.3899
34745	-72.4974
34746	-72.7226
34747	-72.6782
34748	-72.883
34749	-72.6324
34750	-72.7361
34751	-73.0676
34752	-72.6208
34753	-72.8522
34754	-72.6744
34755	-72.8749
34756	-72.3818
34757	-72.6599
34758	-72.6562
34759	-72.4268
34760	-72.705
34761	-72.8247
34762	-72.8677
34763	-72.3902
34764	-72.5348
34765	-72.582
34766	-72.8326
34767	-72.8834
34768	-72.7221
34769	-72.8963
34770	-72.9657
34771	-72.6326
34772	-72.2392
34773	-72.676
34774	-72.9548
34775	-72.8878
34776	-72.9035
34777	-72.53
34778	-72.5573
34779	-72.9321
34780	-73.0443
34781	-72.9
34782	-72.7893
34783	-72.7333
34784	-72.8152
34785	-72.7388
34786	-72.7275
34787	-72.5793
34788	-72.5378
34789	-72.9891
34790	-72.7705
34791	-72.771
34792	-72.9133
34793	-72.8016
34794	-73.2637
34795	-72.9313
34796	-72.8499
34797	-72.8672
34798	-72.709
34799	-72.6715
34800	-72.7266
34801	-72.8536
34802	-72.7092
34803	-73.0179
34804	-72.8589
34805	-72.7181
34806	-72.6906
34807	-72.7227
34808	-72.5617
34809	-72.7021
34810	-72.8663
34811	-72.8611
34812	-72.6268
34813	-72.7162
34814	-72.8591
34815	-72.8464
34816	-72.4097
34817	-72.9257
34818	-72.8232
34819	-72.9928
34820	-73.1401
34821	-73.2722
34822	-72.8836
34823	-72.6913
34824	-72.7866
34825	-73.1788
34826	-72.9292
34827	-72.7894
34828	-72.5829
34829	-73.0347
34830	-73.1176
34831	-72.9601
34832	-72.5939
34833	-72.9153
34834	-73.2732
34835	-73.0601
34836	-72.866
34837	-72.7849
34838	-72.8905
34839	-73.0505
34840	-72.7346
34841	-72.8956
34842	-73.1899
34843	-72.5829
34844	-72.7374
34845	-72.7417
34846	-72.42
34847	-72.665
34848	-72.6098
34849	-72.6769
34850	-72.8344
34851	-72.9669
34852	-72.9498
34853	-72.6415
34854	-73.1918
34855	-72.7877
34856	-72.7731
34857	-73.0139
34858	-72.362
34859	-72.6237
34860	-72.9814
34861	-73.3998
34862	-73.1272
34863	-72.7278
34864	-73.0715
34865	-73.0078
34866	-72.8599
34867	-72.4964
34868	-72.3805
34869	-72.6266
34870	-72.4019
34871	-72.7149
34872	-72.6516
34873	-72.829
34874	-72.9709
34875	-72.8279
34876	-72.7597
34877	-72.416
34878	-72.7568
34879	-73.0652
34880	-73.0734
34881	-73.1441
34882	-72.9045
34883	-72.5619
34884	-72.4941
34885	-72.7843
34886	-72.967
34887	-72.499
34888	-72.5113
34889	-72.7781
34890	-72.1725
34891	-72.351
34892	-72.3518
34893	-72.4603
34894	-72.7926
34895	-73.0876
34896	-72.8417
34897	-72.754
34898	-72.6275
34899	-72.7256
34900	-73.0598
34901	-72.6839
34902	-73.1701
34903	-73.2617
34904	-73.0787
34905	-72.7871
34906	-72.81
34907	-72.9707
34908	-73.5331
34909	-73.3006
34910	-72.5391
34911	-72.7461
34912	-72.683
34913	-72.7844
34914	-72.853
34915	-72.9634
34916	-72.7993
34917	-72.7909
34918	-72.6928
34919	-73.0377
34920	-72.6134
34921	-72.7997
34922	-72.5811
34923	-72.9861
34924	-72.8552
34925	-72.6895
34926	-72.8919
34927	-72.6433
34928	-72.5705
34929	-72.5032
34930	-72.6056
34931	-72.2959
34932	-72.6404
34933	-73.1009
34934	-72.8873
34935	-72.9954
34936	-73.1326
34937	-73.1503
34938	-72.7315
34939	-72.5121
34940	-72.388
34941	-72.736
34942	-73.1208
34943	-72.8039
34944	-73.0179
34945	-72.4371
34946	-72.4289
34947	-72.7115
34948	-72.9862
34949	-73.0396
34950	-72.9116
34951	-72.1379
34952	-72.2217
34953	-72.6702
34954	-72.6238
34955	-72.7653
34956	-72.5452
34957	-72.2164
34958	-72.7796
34959	-72.8215
34960	-72.9249
34961	-72.7118
34962	-72.6987
34963	-72.6794
34964	-72.4783
34965	-72.8953
34966	-73.2034
34967	-72.8719
34968	-72.9138
34969	-72.9922
34970	-72.8596
34971	-73.0045
34972	-73.4446
34973	-72.9982
34974	-73.0085
34975	-73.192
34976	-72.8743
34977	-72.8939
34978	-72.9346
34979	-72.6271
34980	-72.4431
34981	-72.7602
34982	-72.8516
34983	-73.4657
34984	-73.3299
34985	-72.7944
34986	-72.731
34987	-72.7766
34988	-73.1111
34989	-72.953
34990	-72.6018
34991	-72.5658
34992	-73.2893
34993	-72.9199
34994	-72.9854
34995	-72.695
34996	-72.6491
34997	-72.5494
34998	-72.6098
34999	-72.7236
35000	-72.4383
35001	-72.8015
35002	-72.9893
35003	-72.3108
35004	-72.5614
35005	-72.9912
35006	-72.8487
35007	-73.0452
35008	-72.8354
35009	-72.7109
35010	-72.6449
35011	-72.6343
35012	-73.0386
35013	-72.5212
35014	-72.5266
35015	-73.1434
35016	-73.0019
35017	-73.3943
35018	-73.2899
35019	-73.3896
35020	-72.8813
35021	-72.8485
35022	-72.775
35023	-72.9242
35024	-72.7544
35025	-72.2186
35026	-72.465
35027	-72.6976
35028	-72.7994
35029	-73.1145
35030	-72.7906
35031	-72.9298
35032	-73.0775
35033	-73.1967
35034	-73.2134
35035	-73.1938
35036	-72.4704
35037	-72.2698
35038	-72.6198
35039	-72.8786
35040	-72.7869
35041	-72.7723
35042	-73.0825
35043	-73.0726
35044	-72.9459
35045	-72.9359
35046	-72.4441
35047	-72.6756
35048	-72.8921
35049	-72.7144
35050	-72.5105
35051	-72.777
35052	-72.7823
35053	-72.9567
35054	-72.5936
35055	-72.7335
35056	-72.8808
35057	-72.9982
35058	-72.6893
35059	-72.3349
35060	-72.2374
35061	-72.1522
35062	-72.0149
35063	-71.9615
35064	-72.6631
35065	-72.744
35066	-73.3142
35067	-73.2628
35068	-72.9133
35069	-73.3891
35070	-73.0628
35071	-72.9042
35072	-72.8511
35073	-72.6422
35074	-72.5371
35075	-72.8276
35076	-72.4538
35077	-72.3719
35078	-72.4858
35079	-72.9243
35080	-72.7416
35081	-72.8647
35082	-72.728
35083	-72.9557
35084	-72.807
35085	-72.9097
35086	-72.6662
35087	-72.9174
35088	-72.3921
35089	-72.463
35090	-72.775
35091	-72.7851
35092	-72.4959
35093	-72.5515
35094	-73.0131
35095	-72.9118
35096	-72.8742
35097	-72.8007
35098	-72.963
35099	-72.9739
35100	-72.7076
35101	-72.7946
35102	-72.8422
35103	-72.5922
35104	-72.3953
35105	-72.5842
35106	-72.7989
35107	-72.7132
35108	-72.9296
35109	-72.8244
35110	-72.9362
35111	-72.7512
35112	-72.5597
35113	-72.5038
35114	-72.6412
35115	-72.9064
35116	-73.2486
35117	-73.072
35118	-73.1017
35119	-72.9777
35120	-72.8142
35121	-72.8026
35122	-72.5916
35123	-72.4993
35124	-72.4153
35125	-72.4483
35126	-72.7682
35127	-72.8245
35128	-72.7189
35129	-72.7494
35130	-73.029
35131	-73.154
35132	-73.1011
35133	-73.3075
35134	-73.2796
35135	-72.9096
35136	-72.6126
35137	-72.5251
35138	-72.4102
35139	-72.4652
35140	-72.9626
35141	-72.8477
35142	-72.732
35143	-72.5909
35144	-72.8655
35145	-72.5456
35146	-72.2776
35147	-72.5962
35148	-73.234
35149	-72.8965
35150	-72.9514
35151	-73.1631
35152	-73.1755
35153	-73.7522
35154	-73.3641
35155	-72.5921
35156	-72.3774
35157	-72.4093
35158	-73.0554
35159	-73.0368
35160	-72.9572
35161	-72.9333
35162	-72.8099
35163	-72.3686
35164	-72.7564
35165	-72.7711
35166	-72.7191
35167	-72.7201
35168	-72.9198
35169	-72.4604
35170	-72.3651
35171	-72.5272
35172	-72.6762
35173	-72.7774
35174	-72.7577
35175	-72.6644
35176	-72.7611
35177	-72.7468
35178	-72.7598
35179	-72.7857
35180	-73.0495
35181	-72.7657
35182	-72.6736
35183	-72.8813
35184	-72.652
35185	-72.5949
35186	-72.8034
35187	-72.7001
35188	-72.5548
35189	-72.8233
35190	-72.8589
35191	-72.9432
35192	-73.2867
35193	-73.3424
35194	-73.0459
35195	-72.9534
35196	-72.6526
35197	-72.991
35198	-72.6692
35199	-72.8597
35200	-72.6524
35201	-72.5577
35202	-72.7693
35203	-73.0337
35204	-72.5725
35205	-73.1616
35206	-73.687
35207	-73.115
35208	-72.869
35209	-72.9202
35210	-73.1664
35211	-73.0579
35212	-72.8649
35213	-72.9373
35214	-72.8064
35215	-72.4798
35216	-73.1394
35217	-73.254
35218	-73.0479
35219	-72.6937
35220	-72.9777
35221	-73.2081
35222	-72.9205
35223	-72.2631
35224	-72.2593
35225	-72.3962
35226	-72.9233
35227	-73.2181
35228	-72.574
35229	-72.5661
35230	-72.6904
35231	-73.0185
35232	-72.7875
35233	-72.7771
35234	-73.091
35235	-72.7476
35236	-72.6493
35237	-72.918
35238	-73.1947
35239	-72.7479
35240	-72.5401
35241	-72.3991
35242	-72.7829
35243	-73.1992
35244	-73.164
35245	-72.747
35246	-72.6103
35247	-72.8171
35248	-72.6514
35249	-72.8012
35250	-72.7071
35251	-72.6272
35252	-72.799
35253	-72.5493
35254	-72.6237
35255	-72.8666
35256	-72.8449
35257	-72.6837
35258	-72.386
35259	-72.6065
35260	-73.0846
35261	-73.1417
35262	-72.5853
35263	-72.5463
35264	-72.7556
35265	-72.9158
35266	-72.6265
35267	-72.3866
35268	-72.5523
35269	-72.4256
35270	-72.3156
35271	-72.4169
35272	-72.8712
35273	-72.9397
35274	-72.8973
35275	-72.6254
35276	-72.6831
35277	-72.8852
35278	-72.8405
35279	-73.1488
35280	-73.0796
35281	-73.1908
35282	-73.1824
35283	-73.0042
35284	-72.7869
35285	-72.652
35286	-73.1052
35287	-73.0117
35288	-72.9588
35289	-72.8717
35290	-72.9005
35291	-72.7941
35292	-72.5883
35293	-72.4429
35294	-72.8245
35295	-72.9332
35296	-72.8133
35297	-72.3864
35298	-72.4867
35299	-72.5191
35300	-72.9571
35301	-72.794
35302	-72.8472
35303	-72.7787
35304	-72.7183
35305	-72.685
35306	-72.6716
35307	-72.6242
35308	-72.8133
35309	-72.6741
35310	-72.9337
35311	-72.6771
35312	-73.3028
35313	-73.1527
35314	-73.0429
35315	-72.7986
35316	-72.6702
35317	-72.6078
35318	-73.0299
35319	-72.6445
35320	-72.9526
35321	-72.8743
35322	-72.7251
35323	-72.7887
35324	-72.7885
35325	-72.745
35326	-72.6774
35327	-72.7769
35328	-72.7847
35329	-72.6884
35330	-72.0407
35331	-72.8466
35332	-72.9641
35333	-73.0441
35334	-72.6897
35335	-72.6238
35336	-72.6794
35337	-72.5897
35338	-72.4248
35339	-72.9169
35340	-72.9558
35341	-72.4984
35342	-72.3011
35343	-72.6497
35344	-72.7854
35345	-73.183
35346	-73.1936
35347	-73.2397
35348	-73.2363
35349	-72.6453
35350	-72.4932
35351	-72.5848
35352	-72.5103
35353	-73.1163
35354	-73.2208
35355	-72.7554
35356	-72.7331
35357	-72.773
35358	-72.869
35359	-72.7723
35360	-72.919
35361	-72.6517
35362	-72.9293
35363	-72.7566
35364	-73.08
35365	-73.0508
35366	-72.9911
35367	-72.7946
35368	-72.8637
35369	-72.7268
35370	-72.6692
35371	-72.6269
35372	-72.7943
35373	-72.9682
35374	-73.2176
35375	-72.9944
35376	-72.9147
35377	-72.8959
35378	-72.9483
35379	-73.3306
35380	-73.0778
35381	-72.7498
35382	-73.0126
35383	-72.7509
35384	-72.654
35385	-72.677
35386	-72.6671
35387	-72.7969
35388	-72.7867
35389	-72.5448
35390	-72.5348
35391	-73.3035
35392	-72.7886
35393	-72.447
35394	-72.3099
35395	-72.8447
35396	-73.1941
35397	-73.0335
35398	-72.6973
35399	-72.3893
35400	-72.4632
35401	-72.7829
35402	-72.4633
35403	-72.5648
35404	-72.3668
35405	-72.4296
35406	-72.8451
35407	-72.9515
35408	-72.6095
35409	-72.4897
35410	-72.6537
35411	-72.591
35412	-72.7839
35413	-72.6215
35414	-72.3009
35415	-72.5581
35416	-72.8571
35417	-73.0296
35418	-72.8029
35419	-72.6924
35420	-72.4339
35421	-72.3329
35422	-72.7343
35423	-72.6138
35424	-72.4946
35425	-72.6865
35426	-72.3283
35427	-72.5298
35428	-72.6845
35429	-72.3181
35430	-72.6128
35431	-72.7361
35432	-72.5049
35433	-72.602
35434	-72.7538
35435	-72.8277
35436	-72.9355
35437	-72.5282
35438	-72.8734
35439	-73.0766
35440	-73.2419
35441	-72.907
35442	-72.5669
35443	-72.7509
35444	-72.6955
35445	-73.026
35446	-73.1857
35447	-72.7697
35448	-72.6771
35449	-73.0791
35450	-73.032
35451	-72.9362
35452	-72.7885
35453	-72.6477
35454	-72.9112
35455	-72.7566
35456	-72.6777
35457	-72.7524
35458	-72.8835
35459	-72.8873
35460	-72.746
35461	-72.4901
35462	-72.6746
35463	-72.7835
35464	-72.786
35465	-73.183
35466	-73.1595
35467	-73.1041
35468	-72.8827
35469	-72.5778
35470	-72.9895
35471	-72.299
35472	-72.4063
35473	-72.8648
35474	-72.8818
35475	-72.8003
35476	-72.6621
35477	-72.452
35478	-72.8476
35479	-72.7594
35480	-72.7923
35481	-72.5466
35482	-72.7383
35483	-73.4036
35484	-73.0724
35485	-72.5865
35486	-72.4289
35487	-72.4405
35488	-72.6992
35489	-72.6568
35490	-73.2571
35491	-72.9558
35492	-72.555
35493	-72.6281
35494	-72.7867
35495	-72.8502
35496	-72.9437
35497	-72.7172
35498	-72.6572
35499	-72.8588
35500	-73.1536
35501	-72.867
35502	-73.2254
35503	-73.3546
35504	-73.0383
35505	-72.6907
35506	-72.3416
35507	-72.6395
35508	-72.8963
35509	-72.7231
35510	-72.4975
35511	-72.7837
35512	-72.7741
35513	-72.7062
35514	-72.6075
35515	-72.4846
35516	-72.7232
35517	-73.0104
35518	-72.7742
35519	-73.1081
35520	-72.9276
35521	-73.003
35522	-72.6378
35523	-72.8574
35524	-73.1661
35525	-72.7521
35526	-72.8737
35527	-72.7549
35528	-72.5589
35529	-72.3125
35530	-72.3534
35531	-72.7569
35532	-72.7292
35533	-72.7408
35534	-72.5947
35535	-73.1511
35536	-73.1561
35537	-72.778
35538	-72.9714
35539	-72.998
35540	-72.6145
35541	-73.3951
35542	-72.7878
35543	-72.5097
35544	-72.8316
35545	-73.0205
35546	-72.9058
35547	-72.9455
35548	-72.8389
35549	-72.5328
35550	-72.6948
35551	-72.8844
35552	-72.7268
35553	-72.5301
35554	-72.5855
35555	-72.6837
35556	-72.766
35557	-72.9727
35558	-72.6125
35559	-72.4394
35560	-72.3898
35561	-72.8431
35562	-73.1415
35563	-72.9836
35564	-72.7514
35565	-72.6798
35566	-73.0128
35567	-73.2161
35568	-72.8882
35569	-72.1675
35570	-72.5576
35571	-73.0806
35572	-72.9379
35573	-72.8177
35574	-72.7269
35575	-72.4778
35576	-72.724
35577	-72.7812
35578	-72.6013
35579	-72.8513
35580	-72.9757
35581	-72.7503
35582	-72.5338
35583	-72.6605
35584	-72.519
35585	-72.769
35586	-72.7373
35587	-72.3595
35588	-72.6763
35589	-72.6683
35590	-72.4254
35591	-72.6913
35592	-72.9626
35593	-73.0304
35594	-73.02
35595	-73.2569
35596	-73.0382
35597	-72.9346
35598	-73.2346
35599	-72.7042
35600	-72.6426
35601	-72.575
35602	-72.7357
35603	-72.6703
35604	-72.3968
35605	-72.8804
35606	-72.9209
35607	-73.2616
35608	-73.5165
35609	-72.9658
35610	-72.682
35611	-72.7826
35612	-72.8768
35613	-72.6775
35614	-72.638
35615	-72.5688
35616	-73.0243
35617	-73.032
35618	-72.5151
35619	-72.8453
35620	-72.8696
35621	-72.4853
35622	-72.6721
35623	-72.8955
35624	-72.4715
35625	-72.545
35626	-73.0077
35627	-72.4134
35628	-73.0597
35629	-72.855
35630	-73.0495
35631	-73.2361
35632	-73.057
35633	-72.7496
35634	-72.9406
35635	-72.5552
35636	-72.8241
35637	-72.8251
35638	-72.8967
35639	-72.7913
35640	-72.7669
35641	-72.7141
35642	-72.8093
35643	-73.0579
35644	-72.9878
35645	-72.8329
35646	-73.0412
35647	-72.7634
35648	-72.8332
35649	-72.6943
35650	-72.8877
35651	-72.6535
35652	-72.6836
35653	-72.7914
35654	-72.8778
35655	-73.0376
35656	-72.624
35657	-72.5302
35658	-72.528
35659	-72.5488
35660	-72.7342
35661	-72.6335
35662	-72.9869
35663	-73.0559
35664	-72.7077
35665	-72.8836
35666	-73.062
35667	-72.5791
35668	-72.442
35669	-72.738
35670	-72.9336
35671	-72.5938
35672	-73.4197
35673	-73.5914
35674	-72.7866
35675	-72.9738
35676	-72.5521
35677	-72.2893
35678	-72.9324
35679	-72.9241
35680	-72.8925
35681	-72.9808
35682	-72.9111
35683	-73.2373
35684	-73.277
35685	-72.9265
35686	-72.6367
35687	-72.7707
35688	-73.0157
35689	-72.6415
35690	-72.58
35691	-72.6818
35692	-72.8186
35693	-72.8476
35694	-72.5973
35695	-72.5528
35696	-72.9469
35697	-72.9351
35698	-72.9616
35699	-73.0067
35700	-72.3881
35701	-72.7254
35702	-72.9997
35703	-72.8314
35704	-73.2294
35705	-73.0329
35706	-72.4788
35707	-72.6485
35708	-72.6724
35709	-72.8087
35710	-72.7701
35711	-72.8365
35712	-72.9226
35713	-72.5052
35714	-72.4437
35715	-72.4869
35716	-72.8851
35717	-72.8334
35718	-72.4574
35719	-72.553
35720	-72.3661
35721	-72.5459
35722	-72.525
35723	-72.3786
35724	-72.5111
35725	-72.6149
35726	-73.1414
35727	-73.1127
35728	-72.9271
35729	-72.7154
35730	-72.6293
35731	-73.0361
35732	-72.6016
35733	-72.0563
35734	-72.524
35735	-72.7831
35736	-73.0394
35737	-72.8433
35738	-72.8065
35739	-72.8832
35740	-72.5144
35741	-72.7827
35742	-72.8008
35743	-72.6201
35744	-72.6268
35745	-72.3601
35746	-72.8036
35747	-73.1553
35748	-72.9132
35749	-73.1856
35750	-73.1705
35751	-72.7223
35752	-72.8327
35753	-72.8457
35754	-72.9429
35755	-72.9416
35756	-73.0044
35757	-72.9484
35758	-72.9959
35759	-73.0631
35760	-72.6796
35761	-72.5813
35762	-72.7962
35763	-72.6911
35764	-72.7335
35765	-72.6939
35766	-72.5367
35767	-72.5028
35768	-73.05
35769	-73.2372
35770	-73.2504
35771	-73.0276
35772	-72.6592
35773	-72.4846
35774	-72.5044
35775	-72.5985
35776	-72.7604
35777	-72.8983
35778	-72.8793
35779	-72.9044
35780	-72.9839
35781	-73.0723
35782	-73.185
35783	-72.8223
35784	-72.7746
35785	-72.5305
35786	-72.802
35787	-73.059
35788	-73.3826
35789	-72.9666
35790	-73.0212
35791	-72.6539
35792	-72.8502
35793	-73.306
35794	-73.1504
35795	-72.5522
35796	-72.5613
35797	-72.5555
35798	-72.7859
35799	-72.4403
35800	-72.7667
35801	-73.101
35802	-73.0967
35803	-72.6009
35804	-72.7453
35805	-72.9525
35806	-73.2028
35807	-73.0836
35808	-72.6034
35809	-72.9731
35810	-72.6444
35811	-72.658
35812	-72.5818
35813	-72.8102
35814	-73.0281
35815	-73.0734
35816	-72.9181
35817	-73.0129
35818	-72.6145
35819	-72.8502
35820	-73.1423
35821	-73.1217
35822	-73.0581
35823	-72.5781
35824	-73.036
35825	-72.9625
35826	-72.5586
35827	-72.5422
35828	-73.1949
35829	-72.5098
35830	-72.7202
35831	-72.7461
35832	-72.4008
35833	-72.4933
35834	-72.7629
35835	-72.8355
35836	-72.4803
35837	-73.0301
35838	-73.1801
35839	-73.0744
35840	-72.7175
35841	-72.5769
35842	-72.9341
35843	-72.928
35844	-72.5648
35845	-72.8401
35846	-73.141
35847	-73.1231
35848	-73.0002
35849	-73.1734
35850	-73.0132
35851	-72.9188
35852	-73.1411
35853	-72.787
35854	-73.1972
35855	-72.9663
35856	-72.7626
35857	-73.0409
35858	-73.0042
35859	-73.0487
35860	-72.5279
35861	-72.2515
35862	-72.3015
35863	-72.5519
35864	-72.7753
35865	-73.0485
35866	-73.455
35867	-72.99
35868	-72.8515
35869	-72.8671
35870	-72.8086
35871	-72.6174
35872	-73.1357
35873	-72.7188
35874	-72.7725
35875	-72.7028
35876	-73.1167
35877	-73.1599
35878	-73.1457
35879	-73.0147
35880	-72.955
35881	-73.0039
35882	-73.0935
35883	-72.8454
35884	-72.814
35885	-72.5634
35886	-72.5081
35887	-72.735
35888	-72.5921
35889	-72.96
35890	-73.2795
35891	-73.2282
35892	-72.8302
35893	-73.1673
35894	-73.0446
35895	-72.8885
35896	-73.234
35897	-72.6595
35898	-72.3504
35899	-72.4822
35900	-72.8864
35901	-73.0377
35902	-72.9667
35903	-72.6549
35904	-72.9363
35905	-72.856
35906	-72.8224
35907	-72.8358
35908	-72.864
35909	-72.9526
35910	-72.8661
35911	-72.7134
35912	-72.4462
35913	-72.6531
35914	-72.8706
35915	-72.9421
35916	-72.5454
35917	-72.9646
35918	-73.2124
35919	-73.0765
35920	-72.8185
35921	-72.7299
35922	-72.6382
35923	-72.4778
35924	-72.7433
35925	-72.9655
35926	-72.6651
35927	-72.8457
35928	-72.4772
35929	-72.5427
35930	-72.7804
35931	-72.6982
35932	-73.1691
35933	-72.7435
35934	-72.7241
35935	-72.6513
35936	-72.7088
35937	-72.7388
35938	-72.7766
35939	-72.7469
35940	-72.7968
35941	-72.7095
35942	-72.5695
35943	-72.7231
35944	-72.8556
35945	-73.2963
35946	-72.8917
35947	-72.4224
35948	-72.5753
35949	-72.6542
35950	-72.9456
35951	-72.9321
35952	-72.8688
35953	-73.0587
35954	-72.8847
35955	-72.7634
35956	-72.654
35957	-72.9696
35958	-73.0266
35959	-73.1224
35960	-73.2004
35961	-72.5987
35962	-72.5276
35963	-72.8783
35964	-72.903
35965	-72.9492
35966	-72.7091
35967	-72.3878
35968	-72.8265
35969	-72.8318
35970	-72.9234
35971	-72.7266
35972	-73.0345
35973	-73.0215
35974	-72.8298
35975	-72.8975
35976	-73.2293
35977	-72.8111
35978	-73.0248
35979	-73.344
35980	-72.9846
35981	-72.922
35982	-72.6996
35983	-72.8597
35984	-72.9262
35985	-72.9109
35986	-72.91
35987	-73.1316
35988	-73.0529
35989	-72.689
35990	-72.4558
35991	-72.9915
35992	-72.9198
35993	-72.4504
35994	-72.856
35995	-73.0407
35996	-72.711
35997	-72.5011
35998	-72.4022
35999	-72.2486
36000	-72.2422
36001	-72.6533
36002	-72.9726
36003	-73.1888
36004	-72.738
36005	-73.0876
36006	-73.1063
36007	-72.4904
36008	-72.7506
36009	-73.016
36010	-72.9969
36011	-73.062
36012	-73.0868
36013	-73.1951
36014	-72.9124
36015	-73.35
36016	-72.9079
36017	-72.6719
36018	-72.8353
36019	-72.7527
36020	-72.9315
36021	-72.7479
36022	-72.5139
36023	-72.6886
36024	-72.9983
36025	-73.3119
36026	-72.7249
36027	-72.7614
36028	-73.2204
36029	-72.7782
36030	-72.4679
36031	-72.89
36032	-72.687
36033	-73.0015
36034	-72.9225
36035	-72.6817
36036	-72.6345
36037	-72.8114
36038	-72.9347
36039	-72.8288
36040	-73.0334
36041	-72.8379
36042	-72.5416
36043	-72.5664
36044	-72.9339
36045	-72.8395
36046	-72.8188
36047	-72.6075
36048	-72.4512
36049	-72.6263
36050	-72.8594
36051	-72.6928
36052	-72.3275
36053	-72.8415
36054	-72.6565
36055	-72.6356
36056	-72.6681
36057	-72.8779
36058	-72.9352
36059	-73.1817
36060	-72.9431
36061	-72.8629
36062	-72.7143
36063	-72.6057
36064	-72.3647
36065	-73.1192
36066	-72.7223
36067	-72.9316
36068	-73.4838
36069	-73.1041
36070	-73.0815
36071	-72.5963
36072	-72.7822
36073	-72.5809
36074	-72.8446
36075	-72.8698
36076	-72.6908
36077	-72.7
36078	-72.9547
36079	-72.5137
36080	-72.5673
36081	-72.9109
36082	-73.1451
36083	-72.7798
36084	-72.5881
36085	-72.6611
36086	-72.8512
36087	-72.7611
36088	-73.004
36089	-72.5048
36090	-72.6179
36091	-72.7087
36092	-72.7635
36093	-73.0405
36094	-72.456
36095	-72.2664
36096	-72.6394
36097	-73.0264
36098	-73.1391
36099	-72.7223
36100	-72.3144
36101	-72.6163
36102	-72.4979
36103	-72.8846
36104	-72.9161
36105	-72.7125
36106	-72.6694
36107	-73.0073
36108	-73.5164
36109	-73.0387
36110	-72.8305
36111	-72.5609
36112	-73.0339
36113	-72.8882
36114	-72.6414
36115	-72.9343
36116	-73.1948
36117	-72.8094
36118	-72.424
36119	-72.747
36120	-72.8708
36121	-72.7157
36122	-72.7052
36123	-72.7642
36124	-73.0069
36125	-72.8105
36126	-72.9603
36127	-73.0732
36128	-72.748
36129	-72.9264
36130	-72.6667
36131	-72.6263
36132	-72.4163
36133	-72.5439
36134	-72.6936
36135	-72.8496
36136	-73.2512
36137	-73.4579
36138	-72.9013
36139	-72.9192
36140	-72.6873
36141	-72.6007
36142	-72.3778
36143	-72.6825
36144	-72.6146
36145	-72.488
36146	-72.5936
36147	-72.988
36148	-72.9543
36149	-72.9171
36150	-72.6874
36151	-72.7788
36152	-73.0156
36153	-72.651
36154	-72.9216
36155	-72.7486
36156	-72.4488
36157	-72.4053
36158	-72.9738
36159	-73
36160	-73.1074
36161	-72.696
36162	-72.991
36163	-73.1848
36164	-72.9808
36165	-73.2492
36166	-73.2633
36167	-72.7971
36168	-72.5167
36169	-72.9189
36170	-73.0271
36171	-73.1917
36172	-73.232
36173	-72.8869
36174	-73.1076
36175	-73.1204
36176	-72.6653
36177	-72.7888
36178	-72.612
36179	-72.5934
36180	-72.5396
36181	-72.3941
36182	-72.2874
36183	-72.7095
36184	-72.7213
36185	-72.8096
36186	-72.2977
36187	-72.5429
36188	-72.7357
36189	-72.8595
36190	-72.8598
36191	-72.7965
36192	-72.6484
36193	-72.9586
36194	-73.2189
36195	-73.2077
36196	-73.1686
36197	-72.5737
36198	-72.6931
36199	-73.1151
36200	-72.7686
36201	-72.6833
36202	-72.6966
36203	-72.6343
36204	-72.8115
36205	-72.7943
36206	-72.4486
36207	-72.6854
36208	-72.6773
36209	-72.8297
36210	-72.74
36211	-72.9403
36212	-72.6428
36213	-72.3326
36214	-72.6994
36215	-72.4196
36216	-72.9501
36217	-73.0599
36218	-72.7139
36219	-72.8476
36220	-73.058
36221	-73.0599
36222	-73.1927
36223	-72.8189
36224	-72.8285
36225	-72.6627
36226	-72.7229
36227	-72.899
36228	-72.4001
36229	-72.6147
36230	-72.7723
36231	-72.7478
36232	-72.5918
36233	-73.1568
36234	-73.0501
36235	-72.3604
36236	-72.5478
36237	-73.1065
36238	-73.2095
36239	-73.051
36240	-72.383
36241	-72.5499
36242	-72.8555
36243	-72.8177
36244	-72.4498
36245	-72.6425
36246	-72.9744
36247	-72.9026
36248	-72.8239
36249	-72.4545
36250	-72.816
36251	-72.7467
36252	-72.9269
36253	-73.3625
36254	-73.4
36255	-72.8395
36256	-73.1704
36257	-73.0995
36258	-73.068
36259	-73.0485
36260	-73.0404
36261	-73.2641
36262	-73.1066
36263	-72.8801
36264	-72.3628
36265	-72.6593
36266	-72.9666
36267	-72.9467
36268	-73.0318
36269	-72.7301
36270	-72.6782
36271	-72.2184
36272	-72.5412
36273	-72.7458
36274	-72.7052
36275	-72.686
36276	-72.817
36277	-72.7007
36278	-72.601
36279	-72.6616
36280	-72.9283
36281	-73.028
36282	-72.6582
36283	-72.8484
36284	-72.6414
36285	-72.5363
36286	-72.8591
36287	-72.7408
36288	-72.8873
36289	-72.7354
36290	-73.0997
36291	-72.7532
36292	-72.5279
36293	-72.4083
36294	-72.7855
36295	-73.2431
36296	-73.1659
36297	-73.0232
36298	-73.0237
36299	-73.245
36300	-72.956
36301	-72.9003
36302	-72.8296
36303	-72.7879
36304	-72.8464
36305	-72.8723
36306	-72.7162
36307	-72.8909
36308	-72.6915
36309	-72.6156
36310	-72.4858
36311	-72.771
36312	-72.4511
36313	-72.8059
36314	-72.4767
36315	-72.6561
36316	-72.8535
36317	-72.7924
36318	-72.5373
36319	-72.6516
36320	-72.5646
36321	-72.9588
36322	-73.3706
36323	-72.7484
36324	-72.6815
36325	-72.9137
36326	-72.9124
36327	-73.2299
36328	-73.2096
36329	-72.8708
36330	-72.5572
36331	-72.7476
36332	-72.9318
36333	-72.8607
36334	-73.503
36335	-73.3171
36336	-72.943
36337	-73.0126
36338	-73.0153
36339	-72.706
36340	-72.9839
36341	-73.2883
36342	-73.1463
36343	-73.0975
36344	-72.8719
36345	-72.8435
36346	-73.1713
36347	-72.8069
36348	-73.0084
36349	-72.9292
36350	-72.7374
36351	-72.5233
36352	-72.5998
36353	-72.8869
36354	-72.8997
36355	-72.6836
36356	-72.4901
36357	-72.9889
36358	-72.6019
36359	-72.5673
36360	-72.3217
36361	-72.734
36362	-73.3994
36363	-72.6268
36364	-72.3638
36365	-72.7012
36366	-72.7921
36367	-72.5939
36368	-72.4436
36369	-72.4915
36370	-72.5035
36371	-72.9706
36372	-73.2056
36373	-72.6915
36374	-72.3459
36375	-72.5455
36376	-72.9143
36377	-72.5288
36378	-72.533
36379	-72.5933
36380	-72.3835
36381	-72.4418
36382	-72.6937
36383	-72.9892
36384	-72.873
36385	-72.8071
36386	-72.9002
36387	-72.6878
36388	-72.5198
36389	-72.7713
36390	-72.4774
36391	-72.6523
36392	-72.7775
36393	-72.7218
36394	-72.8307
36395	-73.2761
36396	-73.1738
36397	-72.7757
36398	-72.6696
36399	-72.7311
36400	-72.4335
36401	-72.5619
36402	-72.9784
36403	-72.8304
36404	-72.5329
36405	-72.4965
36406	-72.7212
36407	-73.0403
36408	-72.6957
36409	-72.8488
36410	-72.8415
36411	-72.8298
36412	-72.8282
36413	-72.8516
36414	-72.7597
36415	-73.2455
36416	-73.0242
36417	-72.7815
36418	-72.3925
36419	-72.6523
36420	-72.3975
36421	-72.9395
36422	-72.6097
36423	-72.7766
36424	-72.4699
36425	-73.124
36426	-73.2516
36427	-72.9534
36428	-72.6342
36429	-72.7409
36430	-72.6109
36431	-72.6998
36432	-72.6387
36433	-72.2367
36434	-72.5009
36435	-72.927
36436	-72.9115
36437	-72.9945
36438	-73.3381
36439	-72.8102
36440	-72.8269
36441	-72.503
36442	-72.3963
36443	-72.7967
36444	-72.6096
36445	-73.174
36446	-73.1466
36447	-73.2512
36448	-72.7311
36449	-72.7739
36450	-72.9814
36451	-73.3257
36452	-73.3395
36453	-73.0446
36454	-73.1145
36455	-73.2766
36456	-73.0161
36457	-72.8393
36458	-72.9395
36459	-73.3033
36460	-73.7481
36461	-72.8615
36462	-72.4889
36463	-72.5848
36464	-73.0444
36465	-72.7578
36466	-72.9453
36467	-73.31
36468	-72.7462
36469	-72.5884
36470	-72.6734
36471	-72.7807
36472	-73.0086
36473	-73.0823
36474	-72.9316
36475	-73.1611
36476	-73.2287
36477	-72.7105
36478	-72.4509
36479	-72.6915
36480	-72.6067
36481	-72.9142
36482	-73.1309
36483	-72.8081
36484	-72.7426
36485	-73.1224
36486	-72.9833
36487	-72.9707
36488	-72.4051
36489	-72.4191
36490	-72.3686
36491	-72.8745
36492	-72.6385
36493	-72.7388
36494	-72.9368
36495	-72.5591
36496	-72.7328
36497	-72.4764
36498	-72.8898
36499	-73.2833
36500	-73.0247
36501	-72.8861
36502	-72.694
36503	-72.6439
36504	-72.6138
36505	-73.0616
36506	-72.9184
36507	-72.5218
36508	-72.5186
36509	-72.6171
36510	-72.8549
36511	-72.7729
36512	-72.9348
36513	-72.7633
36514	-72.407
36515	-73.0302
36516	-72.9422
36517	-72.7061
36518	-72.2296
36519	-72.4502
36520	-72.5071
36521	-72.6034
36522	-72.7929
36523	-72.6015
36524	-72.2894
36525	-72.5059
36526	-72.4394
36527	-72.5506
36528	-72.701
36529	-72.7792
36530	-72.8133
36531	-72.9134
36532	-72.6828
36533	-72.8162
36534	-72.8513
36535	-72.7645
36536	-72.8334
36537	-73.0853
36538	-73.3064
36539	-72.8709
36540	-72.9652
36541	-72.832
36542	-72.8766
36543	-73.1862
36544	-72.8446
36545	-72.8044
36546	-72.87
36547	-73.4793
36548	-73.3936
36549	-72.7801
36550	-72.6119
36551	-72.8051
36552	-72.9498
36553	-72.7836
36554	-72.9031
36555	-72.6445
36556	-72.897
36557	-73.0808
36558	-73.0981
36559	-73.0678
36560	-72.7797
36561	-73.0425
36562	-73.1967
36563	-73.0213
36564	-72.6452
36565	-72.5833
36566	-72.4685
36567	-72.8456
36568	-72.9406
36569	-72.6461
36570	-72.5228
36571	-72.8736
36572	-72.5326
36573	-72.2113
36574	-72.5504
36575	-72.8404
36576	-73.139
36577	-72.8829
36578	-73.0221
36579	-72.6675
36580	-72.7977
36581	-72.5201
36582	-72.7964
36583	-72.9571
36584	-72.9438
36585	-72.8959
36586	-72.6167
36587	-72.4117
36588	-72.6237
36589	-73.4073
36590	-73.0579
36591	-72.7098
36592	-72.9057
36593	-72.9759
36594	-72.5393
36595	-72.6451
36596	-72.8727
36597	-73.0664
36598	-72.5595
36599	-72.6035
36600	-73.0959
36601	-73.028
36602	-73.248
36603	-72.9634
36604	-72.8804
36605	-73.1237
36606	-73.0263
36607	-72.9323
36608	-73.3077
36609	-73.331
36610	-72.8906
36611	-72.9836
36612	-72.9587
36613	-72.6057
36614	-72.8019
36615	-72.9475
36616	-72.8545
36617	-73.2224
36618	-73.0324
36619	-72.5704
36620	-72.9868
36621	-72.5738
36622	-72.7999
36623	-73.1286
36624	-73.6531
36625	-73.0275
36626	-72.7974
36627	-72.5914
36628	-72.4499
36629	-72.4743
36630	-72.7648
36631	-73.0743
36632	-72.816
36633	-72.6754
36634	-72.6286
36635	-72.5069
36636	-72.8961
36637	-73.4052
36638	-73.0933
36639	-73.2999
36640	-73.3049
36641	-73.289
36642	-73.0165
36643	-72.5984
36644	-72.4356
36645	-72.7152
36646	-73.1062
36647	-73.0961
36648	-72.9339
36649	-72.5933
36650	-72.9941
36651	-72.7783
36652	-72.449
36653	-72.722
36654	-72.9582
36655	-72.2994
36656	-72.3953
36657	-72.4545
36658	-72.478
36659	-73.0321
36660	-73.1825
36661	-72.7519
36662	-72.2548
36663	-72.7288
36664	-72.7567
36665	-72.8686
36666	-72.9015
36667	-72.7
36668	-72.7823
36669	-72.941
36670	-72.3929
36671	-72.7181
36672	-72.8954
36673	-73.0799
36674	-72.8716
36675	-72.9111
36676	-72.9635
36677	-73.0469
36678	-72.9558
36679	-73.0163
36680	-72.8707
36681	-72.7243
36682	-72.7338
36683	-72.4921
36684	-72.8179
36685	-73.0109
36686	-72.7776
36687	-72.8213
36688	-72.6303
36689	-72.7827
36690	-73.0367
36691	-72.7181
36692	-72.9092
36693	-72.9735
36694	-72.7677
36695	-72.7298
36696	-72.7379
36697	-72.9759
36698	-73.406
36699	-72.7869
36700	-72.6247
36701	-72.7994
36702	-73.047
36703	-72.7445
36704	-72.6859
36705	-72.8892
36706	-73.2107
36707	-73.1078
36708	-72.8949
36709	-73.0467
36710	-73.0559
36711	-72.7537
36712	-72.4538
36713	-73.0025
36714	-72.5165
36715	-72.7323
36716	-72.9543
36717	-72.9739
36718	-72.8027
36719	-72.7683
36720	-72.6951
36721	-72.944
36722	-72.7778
36723	-73.3902
36724	-73.2025
36725	-72.6499
36726	-72.645
36727	-72.9117
36728	-72.9179
36729	-72.7866
36730	-72.8829
36731	-72.8888
36732	-72.6337
36733	-73.1529
36734	-73.5672
36735	-73.2627
36736	-72.9901
36737	-72.9214
36738	-72.9647
36739	-73.0175
36740	-72.9552
36741	-72.9357
36742	-73.0722
36743	-72.9401
36744	-72.5249
36745	-72.3966
36746	-72.7077
36747	-73.0521
36748	-72.8438
36749	-72.7371
36750	-72.9759
36751	-72.4583
36752	-73.0048
36753	-72.9609
36754	-72.7428
36755	-72.3294
36756	-72.6098
36757	-72.9284
36758	-72.7707
36759	-72.474
36760	-72.7259
36761	-72.498
36762	-72.608
36763	-72.3752
36764	-72.5054
36765	-72.5724
36766	-72.4979
36767	-73.0174
36768	-72.7038
36769	-72.8515
36770	-72.7427
36771	-72.9958
36772	-73.0295
36773	-73.1625
36774	-72.6821
36775	-72.4904
36776	-72.7969
36777	-72.9064
36778	-72.5868
36779	-72.6978
36780	-72.7294
36781	-73.1543
36782	-73.2943
36783	-72.8004
36784	-73.081
36785	-73.4592
36786	-72.9592
36787	-73.0582
36788	-73.1296
36789	-73.0122
36790	-72.9703
36791	-73.0531
36792	-72.6665
36793	-72.6815
36794	-72.4212
36795	-72.88
36796	-72.8252
36797	-72.7487
36798	-72.8493
36799	-72.9094
36800	-73.1988
36801	-73.5461
36802	-72.9603
36803	-72.2992
36804	-72.424
36805	-72.6204
36806	-72.8324
36807	-72.8671
36808	-72.9794
36809	-72.6442
36810	-72.5497
36811	-72.7483
36812	-72.721
36813	-72.3957
36814	-72.5279
36815	-72.6453
36816	-72.8582
36817	-73.0144
36818	-72.9453
36819	-72.8352
36820	-72.7995
36821	-72.8316
36822	-72.9704
36823	-73.1841
36824	-73.0149
36825	-73.0904
36826	-72.9529
36827	-72.8331
36828	-72.6383
36829	-72.7175
36830	-72.6292
36831	-72.8128
36832	-72.5834
36833	-72.6354
36834	-72.6871
36835	-72.956
36836	-72.8147
36837	-72.7967
36838	-72.5697
36839	-72.5432
36840	-72.6925
36841	-72.6374
36842	-72.8406
36843	-73.1511
36844	-73.2885
36845	-72.7946
36846	-72.512
36847	-72.8539
36848	-72.8077
36849	-72.803
36850	-72.629
36851	-72.3329
36852	-72.8018
36853	-73.0753
36854	-73.0678
36855	-72.806
36856	-73.1041
36857	-72.7818
36858	-72.9283
36859	-72.9626
36860	-72.7871
36861	-72.7415
36862	-72.889
36863	-73.1764
36864	-73.0959
36865	-73.0491
36866	-72.5547
36867	-72.4854
36868	-73.001
36869	-73.2408
36870	-73.0488
36871	-73.0105
36872	-72.8785
36873	-72.6347
36874	-72.7626
36875	-73.0255
36876	-73.0603
36877	-72.9869
36878	-73.0298
36879	-72.9394
36880	-72.9741
36881	-72.6991
36882	-72.8284
36883	-72.9159
36884	-72.621
36885	-72.7976
36886	-72.5451
36887	-72.5438
36888	-73.2065
36889	-73.1832
36890	-72.8647
36891	-72.4013
36892	-72.6091
36893	-72.5964
36894	-72.5132
36895	-72.6724
36896	-72.686
36897	-72.7629
36898	-72.3828
36899	-72.7932
36900	-73.2121
36901	-73.2236
36902	-72.8472
36903	-73.0049
36904	-72.7124
36905	-72.4785
36906	-72.7424
36907	-72.8708
36908	-72.9025
36909	-72.7957
36910	-72.9397
36911	-73.0105
36912	-73.0234
36913	-72.7074
36914	-73.1348
36915	-73.1695
36916	-73.1973
36917	-73.2886
36918	-73.0028
36919	-72.7819
36920	-72.8652
36921	-72.7848
36922	-72.4775
36923	-72.4083
36924	-72.6676
36925	-72.7753
36926	-72.7902
36927	-72.9339
36928	-72.8968
36929	-72.8809
36930	-72.9414
36931	-72.9765
36932	-73.1213
36933	-73.2161
36934	-72.6553
36935	-73.1449
36936	-73.1176
36937	-72.9475
36938	-72.8608
36939	-72.6528
36940	-72.7182
36941	-72.9117
36942	-72.7219
36943	-72.7614
36944	-72.9567
36945	-73.2055
36946	-72.8351
36947	-72.8904
36948	-72.5868
36949	-73.0148
36950	-72.7799
36951	-72.4456
36952	-72.8496
36953	-72.6941
36954	-72.9766
36955	-73.1925
36956	-73.2282
36957	-73.303
36958	-73.2244
36959	-72.9779
36960	-73.2641
36961	-72.8584
36962	-72.7764
36963	-72.8963
36964	-73.033
36965	-73.0019
36966	-72.7014
36967	-72.7454
36968	-72.5123
36969	-72.7254
36970	-72.6414
36971	-72.7673
36972	-72.7071
36973	-72.565
36974	-72.4274
36975	-72.9641
36976	-72.8985
36977	-72.501
36978	-72.0545
36979	-72.3053
36980	-72.7099
36981	-72.4435
36982	-72.4464
36983	-72.7927
36984	-72.9747
36985	-72.6288
36986	-72.8513
36987	-72.8711
36988	-72.6384
36989	-72.6396
36990	-72.9315
36991	-72.9721
36992	-72.656
36993	-72.2612
36994	-72.7542
36995	-72.8687
36996	-73.1264
36997	-73.0081
36998	-72.852
36999	-72.5469
37000	-72.9175
37001	-72.679
37002	-72.6962
37003	-72.7184
37004	-72.7237
37005	-72.9122
37006	-73.1257
37007	-73.3189
37008	-72.9104
37009	-72.591
37010	-72.6861
37011	-72.667
37012	-72.5251
37013	-72.7229
37014	-72.4993
37015	-72.4463
37016	-72.4418
37017	-72.8263
37018	-72.7465
37019	-72.5832
37020	-72.7337
37021	-72.6288
37022	-72.8455
37023	-72.698
37024	-72.9801
37025	-72.8871
37026	-73.1171
37027	-73.0471
37028	-73.051
37029	-72.8112
37030	-73.0643
37031	-73.048
37032	-73.0446
37033	-73.1148
37034	-72.8386
37035	-72.6539
37036	-73.015
37037	-73.0558
37038	-72.8515
37039	-73.0401
37040	-73.1135
37041	-73.0561
37042	-72.7416
37043	-73.396
37044	-73.189
37045	-72.6948
37046	-72.7403
37047	-72.6333
37048	-72.9067
37049	-72.7996
37050	-72.4659
37051	-72.7147
37052	-73.1947
37053	-72.9367
37054	-72.6149
37055	-72.5267
37056	-73.136
37057	-72.9267
37058	-73.1923
37059	-72.8624
37060	-73.1014
37061	-73.1296
37062	-73.0922
37063	-72.6826
37064	-72.9257
37065	-72.9545
37066	-72.6885
37067	-72.7604
37068	-72.9894
37069	-72.7668
37070	-72.7287
37071	-73.0421
37072	-72.8045
37073	-72.9032
37074	-73.0128
37075	-72.7829
37076	-73.0697
37077	-72.8511
37078	-73.0634
37079	-72.7055
37080	-72.9379
37081	-73.0775
37082	-72.9542
37083	-72.8047
37084	-72.7984
37085	-72.8212
37086	-73.245
37087	-72.9884
37088	-72.6927
37089	-72.4204
37090	-72.53
37091	-73.1883
37092	-72.7367
37093	-72.9266
37094	-72.9114
37095	-73.2207
37096	-72.8201
37097	-72.9273
37098	-72.8573
37099	-73.0165
37100	-72.8322
37101	-73.0702
37102	-73.3252
37103	-73.1172
37104	-73.3241
37105	-73.1149
37106	-73.118
37107	-73.0762
37108	-72.6851
37109	-72.9036
37110	-73.024
37111	-72.6838
37112	-72.652
37113	-72.4232
37114	-72.9449
37115	-73.0471
37116	-72.9184
37117	-72.7511
37118	-72.7848
37119	-73.1855
37120	-73.148
37121	-72.5964
37122	-73.2276
37123	-72.9347
37124	-73.0157
37125	-72.7029
37126	-73.166
37127	-72.9599
37128	-72.9006
37129	-73.0213
37130	-73.0207
37131	-73.2306
37132	-72.7119
37133	-72.9366
37134	-72.8749
37135	-73.174
37136	-72.8889
37137	-72.8093
37138	-72.4566
37139	-72.4848
37140	-72.626
37141	-73.1487
37142	-73.0382
37143	-72.7112
37144	-72.7336
37145	-72.8317
37146	-73.0014
37147	-72.6342
37148	-72.5845
37149	-72.4009
37150	-72.596
37151	-72.7305
37152	-72.6238
37153	-73.0851
37154	-73.1011
37155	-72.9075
37156	-72.9808
37157	-72.8921
37158	-73.0854
37159	-73.127
37160	-72.8403
37161	-72.9487
37162	-72.6783
37163	-72.6787
37164	-72.9093
37165	-73.3153
37166	-73.1488
37167	-73.0113
37168	-73.0295
37169	-73.2541
37170	-73.0242
37171	-73.2313
37172	-73.0687
37173	-72.9983
37174	-73.0962
37175	-73.0695
37176	-72.9682
37177	-72.752
37178	-73.1307
37179	-73.0652
37180	-73.1523
37181	-72.8485
37182	-72.665
37183	-72.7969
37184	-72.8351
37185	-72.9218
37186	-72.3709
37187	-72.5824
37188	-73.0282
37189	-72.6568
37190	-72.606
37191	-72.5445
37192	-72.7957
37193	-72.5886
37194	-72.7599
37195	-73.0772
37196	-73.0447
37197	-73.1113
37198	-72.8292
37199	-72.9552
37200	-72.7737
37201	-72.7267
37202	-72.9485
37203	-72.9673
37204	-72.747
37205	-72.7669
37206	-72.772
37207	-73.223
37208	-72.8223
37209	-72.4394
37210	-72.5497
37211	-72.8613
37212	-72.8629
37213	-72.5962
37214	-72.8708
37215	-72.6813
37216	-72.7018
37217	-72.5088
37218	-72.9893
37219	-72.5937
37220	-72.4627
37221	-72.682
37222	-72.6843
37223	-72.5918
37224	-72.9833
37225	-72.6722
37226	-72.7807
37227	-72.7504
37228	-73.0409
37229	-73.0105
37230	-72.9026
37231	-72.8742
37232	-72.8359
37233	-72.9157
37234	-73.1074
37235	-73.1002
37236	-72.8097
37237	-72.6175
37238	-72.5844
37239	-72.936
37240	-72.7834
37241	-72.949
37242	-73.0014
37243	-72.9132
37244	-73.0319
37245	-73.123
37246	-72.7126
37247	-73.2887
37248	-72.6691
37249	-72.4071
37250	-72.5373
37251	-72.8326
37252	-72.7955
37253	-72.7538
37254	-72.7753
37255	-72.8211
37256	-72.2899
37257	-72.7734
37258	-73.1899
37259	-72.5916
37260	-72.5796
37261	-72.8144
37262	-73.2442
37263	-72.815
37264	-72.7239
37265	-73.1588
37266	-72.8132
37267	-73.0812
37268	-72.5016
37269	-72.8879
37270	-72.9903
37271	-72.8822
37272	-72.8974
37273	-72.8464
37274	-72.6813
37275	-72.5875
37276	-73.024
37277	-73.0867
37278	-72.8256
37279	-72.8077
37280	-72.8136
37281	-72.785
37282	-72.5825
37283	-72.3781
37284	-72.8663
37285	-72.9282
37286	-73.0397
37287	-72.8198
37288	-72.4793
37289	-72.6495
37290	-72.6931
37291	-72.615
37292	-72.5964
37293	-72.6749
37294	-72.3785
37295	-72.3028
37296	-72.4122
37297	-72.5407
37298	-72.8487
37299	-73.0404
37300	-72.8443
37301	-73.0567
37302	-73.3628
37303	-72.6624
37304	-72.6597
37305	-72.8122
37306	-72.8233
37307	-72.9362
37308	-72.5475
37309	-72.3023
37310	-72.7467
37311	-73.1589
37312	-73.3331
37313	-72.9031
37314	-72.4807
37315	-72.9635
37316	-73.339
37317	-72.7336
37318	-72.6118
37319	-72.6988
37320	-72.5122
37321	-72.8043
37322	-72.8886
37323	-72.592
37324	-72.7363
37325	-72.9286
37326	-72.9059
37327	-72.7484
37328	-72.6114
37329	-72.5474
37330	-72.6128
37331	-72.5835
37332	-72.5273
37333	-72.4379
37334	-72.5324
37335	-72.6265
37336	-72.7063
37337	-72.9807
37338	-72.7531
37339	-72.6055
37340	-72.8496
37341	-73.2279
37342	-72.7855
37343	-72.989
37344	-72.7313
37345	-72.7221
37346	-72.9276
37347	-72.8205
37348	-72.4443
37349	-72.2794
37350	-72.7266
37351	-72.9867
37352	-72.8612
37353	-72.8394
37354	-72.6082
37355	-72.5254
37356	-72.5941
37357	-72.7108
37358	-72.9549
37359	-72.7024
37360	-72.6586
37361	-73.1525
37362	-73.2545
37363	-73.4786
37364	-72.8119
37365	-72.5985
37366	-72.4864
37367	-72.6801
37368	-72.4732
37369	-72.6031
37370	-72.6992
37371	-72.6788
37372	-73.2187
37373	-72.8254
37374	-73.0958
37375	-73.1784
37376	-73.0194
37377	-72.8078
37378	-72.7744
37379	-72.6096
37380	-72.4264
37381	-72.4611
37382	-72.6618
37383	-72.646
37384	-72.3056
37385	-72.7511
37386	-72.8348
37387	-72.9701
37388	-73.1355
37389	-72.6787
37390	-72.4481
37391	-72.6573
37392	-72.7901
37393	-72.7174
37394	-72.5555
37395	-72.9755
37396	-73.2278
37397	-73.2522
37398	-73.3502
37399	-73.1649
37400	-72.9036
37401	-72.9025
37402	-72.8214
37403	-72.9606
37404	-73.1644
37405	-72.8501
37406	-72.8673
37407	-72.991
37408	-72.8684
37409	-72.39
37410	-72.4948
37411	-72.9458
37412	-73.3785
37413	-73.3733
37414	-72.9659
37415	-72.9963
37416	-72.7894
37417	-72.3736
37418	-72.4574
37419	-72.659
37420	-72.5614
37421	-72.5645
37422	-72.9646
37423	-73.2345
37424	-72.7625
37425	-72.8372
37426	-72.7484
37427	-72.4903
37428	-72.4581
37429	-72.8141
37430	-73.0623
37431	-72.604
37432	-72.5003
37433	-72.7593
37434	-73.0938
37435	-72.933
37436	-72.9941
37437	-72.8915
37438	-72.3755
37439	-72.3969
37440	-72.0786
37441	-72.4301
37442	-72.6768
37443	-72.6037
37444	-72.9243
37445	-72.8602
37446	-72.8509
37447	-72.8686
37448	-72.713
37449	-72.456
37450	-72.7696
37451	-72.5587
37452	-72.9836
37453	-73.0075
37454	-72.9132
37455	-72.6772
37456	-73.3728
37457	-73.4828
37458	-73.5722
37459	-72.843
37460	-72.6709
37461	-72.5738
37462	-72.684
37463	-72.4495
37464	-72.5551
37465	-72.7168
37466	-72.5691
37467	-72.5034
37468	-72.8806
37469	-72.4929
37470	-72.6879
37471	-72.9215
37472	-73.1552
37473	-72.9408
37474	-72.9129
37475	-73.0163
37476	-73.0546
37477	-73.1331
37478	-73.4594
37479	-72.9396
37480	-72.6711
37481	-72.8589
37482	-72.8651
37483	-72.8686
37484	-72.7997
37485	-73.1126
37486	-73.1769
37487	-73.1378
37488	-72.8553
37489	-72.9195
37490	-72.9776
37491	-73.0178
37492	-72.542
37493	-72.6619
37494	-72.9801
37495	-72.6272
37496	-72.6887
37497	-72.2977
37498	-72.5424
37499	-72.0318
37500	-67.8407
37501	-69.0269
37502	-72.3392
37503	-72.2785
37504	-72.7379
37505	-72.5033
37506	-72.3412
37507	-72.3725
37508	-73.1545
37509	-72.7294
37510	-72.6666
37511	-72.706
37512	-72.4559
37513	-72.92
37514	-72.7673
37515	-72.568
37516	-72.9393
37517	-72.5614
37518	-72.9752
37519	-72.8493
37520	-72.8054
37521	-72.957
37522	-72.6234
37523	-72.795
37524	-72.8244
37525	-72.7868
37526	-72.9098
37527	-72.7727
37528	-73.194
37529	-72.823
37530	-72.5348
37531	-72.6881
37532	-72.8772
37533	-72.7185
37534	-72.7348
37535	-72.594
37536	-72.8663
37537	-72.5206
37538	-72.8625
37539	-72.9242
37540	-72.9371
37541	-72.5469
37542	-72.326
37543	-72.6045
37544	-73.0299
37545	-72.9491
37546	-73.1482
37547	-72.7718
37548	-72.1565
37549	-72.8393
37550	-72.7437
37551	-73.06
37552	-73.1362
37553	-72.6248
37554	-72.2814
37555	-72.0877
37556	-72.7379
37557	-72.8458
37558	-72.9919
37559	-72.3093
37560	-72.7163
37561	-72.6042
37562	-72.7506
37563	-72.7084
37564	-72.9113
37565	-72.9796
37566	-72.8247
37567	-72.7945
37568	-72.7777
37569	-72.7498
37570	-72.6612
37571	-72.6405
37572	-72.8173
37573	-72.5641
37574	-72.5411
37575	-72.9419
37576	-72.7644
37577	-72.897
37578	-73.0038
37579	-72.8062
37580	-72.8195
37581	-72.6471
37582	-72.6777
37583	-72.7712
37584	-73.0285
37585	-72.8617
37586	-73.0933
37587	-72.8684
37588	-72.752
37589	-72.7872
37590	-73.0131
37591	-72.9592
37592	-72.9374
37593	-72.7189
37594	-72.7732
37595	-72.7539
37596	-72.7769
37597	-72.6919
37598	-72.5475
37599	-72.4518
37600	-72.4459
37601	-72.9971
37602	-72.8836
37603	-72.6681
37604	-73.0317
37605	-72.8241
37606	-73.0116
37607	-72.9487
37608	-72.5461
37609	-73.3252
37610	-73.2197
37611	-72.5596
37612	-72.8513
37613	-72.8491
37614	-72.906
37615	-72.9613
37616	-72.8673
37617	-72.7431
37618	-72.4521
37619	-72.704
37620	-72.6385
37621	-72.2693
37622	-72.7478
37623	-72.8509
37624	-72.9205
37625	-72.8057
37626	-72.8516
37627	-72.6816
37628	-72.7135
37629	-72.9144
37630	-72.9597
37631	-73.1886
37632	-73.3532
37633	-72.7943
37634	-72.1714
37635	-72.07
37636	-72.4968
37637	-73.0665
37638	-73.2802
37639	-72.8682
37640	-72.9911
37641	-72.9668
37642	-72.8626
37643	-72.8935
37644	-72.7672
37645	-72.9493
37646	-72.991
37647	-72.9065
37648	-72.7232
37649	-73.1839
37650	-73.2324
37651	-72.8693
37652	-73.1542
37653	-72.8486
37654	-72.6534
37655	-72.5099
37656	-72.6858
37657	-72.4051
37658	-72.7548
37659	-72.9704
37660	-73.0652
37661	-72.66
37662	-72.7929
37663	-72.8606
37664	-72.8801
37665	-72.5774
37666	-72.456
37667	-73.1047
37668	-72.8859
37669	-72.9071
37670	-72.7158
37671	-73.0894
37672	-73.1066
37673	-73.0436
37674	-72.9006
37675	-73.2611
37676	-73.2299
37677	-73.0933
37678	-72.92
37679	-72.7458
37680	-72.6091
37681	-72.6589
37682	-72.5699
37683	-72.6703
37684	-72.4738
37685	-72.3859
37686	-73.0158
37687	-72.9392
37688	-72.6945
37689	-72.558
37690	-72.4333
37691	-72.9807
37692	-72.9444
37693	-72.8436
37694	-72.6445
37695	-72.714
37696	-72.9276
37697	-73.2967
37698	-73.1292
37699	-73.3116
37700	-73.3582
37701	-72.8484
37702	-72.3805
37703	-72.8978
37704	-73.1279
37705	-73.7349
37706	-73.1055
37707	-73.1168
37708	-72.7715
37709	-72.8711
37710	-72.8674
37711	-72.9885
37712	-72.7034
37713	-72.5963
37714	-73.0906
37715	-73.0387
37716	-72.7103
37717	-72.746
37718	-72.215
37719	-72.6556
37720	-73.0748
37721	-72.8371
37722	-72.6374
37723	-72.55
37724	-72.6623
37725	-72.3292
37726	-72.7945
37727	-72.9921
37728	-72.6168
37729	-72.9381
37730	-72.689
37731	-72.6734
37732	-72.9513
37733	-72.8585
37734	-73.2899
37735	-73.1029
37736	-72.4073
37737	-72.6345
37738	-72.5339
37739	-72.5415
37740	-72.603
37741	-72.6017
37742	-72.9112
37743	-72.9557
37744	-72.8474
37745	-72.6463
37746	-72.4335
37747	-72.5064
37748	-72.7698
37749	-72.6765
37750	-73.0682
37751	-72.8396
37752	-72.8957
37753	-73.0202
37754	-72.9537
37755	-73.1593
37756	-72.8013
37757	-72.9079
37758	-73.1962
37759	-73.031
37760	-73.1357
37761	-72.7605
37762	-72.7324
37763	-72.857
37764	-72.5109
37765	-72.6848
37766	-72.9539
37767	-72.4496
37768	-72.6987
37769	-72.8755
37770	-73.0751
37771	-73.111
37772	-72.9116
37773	-72.7466
37774	-72.6389
37775	-73.2531
37776	-73.1718
37777	-72.7462
37778	-72.9666
37779	-72.5455
37780	-72.173
37781	-72.7272
37782	-72.5409
37783	-72.3868
37784	-72.2604
37785	-72.6195
37786	-72.8857
37787	-72.7333
37788	-72.7895
37789	-72.8068
37790	-72.858
37791	-72.6094
37792	-72.8356
37793	-72.8694
37794	-72.6667
37795	-72.43
37796	-72.2925
37797	-72.7323
37798	-72.9349
37799	-72.4672
37800	-72.4027
37801	-72.6593
37802	-72.5637
37803	-72.6196
37804	-72.2718
37805	-72.504
37806	-73.1785
37807	-72.9295
37808	-72.933
37809	-72.6375
37810	-72.4111
37811	-72.7034
37812	-72.9279
37813	-72.7458
37814	-72.7999
37815	-72.7766
37816	-72.981
37817	-72.7657
37818	-72.8411
37819	-73.1746
37820	-73.1048
37821	-72.844
37822	-72.6944
37823	-72.6749
37824	-73.1574
37825	-72.8129
37826	-72.9943
37827	-73.0491
37828	-72.9715
37829	-73.4077
37830	-73.0312
37831	-72.4873
37832	-72.4796
37833	-73.093
37834	-73.2695
37835	-72.8574
37836	-72.3921
37837	-72.3935
37838	-72.7225
37839	-72.865
37840	-72.6555
37841	-72.4714
37842	-72.5372
37843	-72.6957
37844	-72.8543
37845	-73.1696
37846	-73.0259
37847	-73.2225
37848	-72.9774
37849	-72.9381
37850	-72.7863
37851	-72.9094
37852	-72.7694
37853	-72.6495
37854	-72.5201
37855	-72.8456
37856	-72.9346
37857	-73.006
37858	-72.9549
37859	-72.955
37860	-72.6049
37861	-72.4761
37862	-72.3498
37863	-72.9446
37864	-72.7905
37865	-72.9505
37866	-72.7948
37867	-73.0063
37868	-73.1463
37869	-73.1495
37870	-73.2913
37871	-72.8196
37872	-72.3083
37873	-72.9692
37874	-72.8076
37875	-72.7157
37876	-72.4669
37877	-72.6371
37878	-73.1049
37879	-72.7182
37880	-73.0102
37881	-72.7618
37882	-72.8952
37883	-73.1123
37884	-72.8172
37885	-73.1385
37886	-73.0339
37887	-73.027
37888	-73.1565
37889	-72.6908
37890	-72.9868
37891	-73.1019
37892	-72.8471
37893	-73.1168
37894	-73.0977
37895	-73.2724
37896	-73.0102
37897	-73.026
37898	-72.7022
37899	-72.48
37900	-72.7798
37901	-73.4952
37902	-73.1539
37903	-72.9905
37904	-73.0356
37905	-72.7034
37906	-72.5321
37907	-72.4851
37908	-72.2801
37909	-72.4129
37910	-72.8612
37911	-72.6812
37912	-72.8003
37913	-72.4006
37914	-72.4601
37915	-72.914
37916	-72.8045
37917	-72.7522
37918	-72.824
37919	-72.6542
37920	-72.7331
37921	-72.3566
37922	-72.519
37923	-73.0134
37924	-72.7274
37925	-72.9468
37926	-72.7597
37927	-72.6307
37928	-72.7207
37929	-72.8611
37930	-72.7556
37931	-72.7314
37932	-72.9106
37933	-72.8958
37934	-72.8553
37935	-72.5229
37936	-73.007
37937	-73.3408
37938	-72.5436
37939	-72.2867
37940	-72.3084
37941	-72.7467
37942	-72.676
37943	-72.8981
37944	-73.3556
37945	-73.2916
37946	-72.907
37947	-72.877
37948	-72.9454
37949	-72.9674
37950	-72.7119
37951	-72.9254
37952	-73.2676
37953	-72.9173
37954	-72.6247
37955	-73.0773
37956	-72.8146
37957	-72.8902
37958	-72.6315
37959	-73.0745
37960	-73.0823
37961	-73.3161
37962	-73.1527
37963	-72.8877
37964	-72.7404
37965	-72.5983
37966	-73.248
37967	-72.8798
37968	-72.4921
37969	-73.0519
37970	-72.9419
37971	-73.0973
37972	-72.7158
37973	-72.4656
37974	-73.1388
37975	-72.793
37976	-72.7411
37977	-73.0239
37978	-72.9179
37979	-73.1434
37980	-73.0578
37981	-73.0991
37982	-72.6526
37983	-72.8655
37984	-72.7821
37985	-72.9495
37986	-72.7336
37987	-72.5057
37988	-72.7582
37989	-72.8486
37990	-72.7377
37991	-73.3552
37992	-73.4159
37993	-73.0222
37994	-72.6535
37995	-72.9639
37996	-72.6657
37997	-72.7619
37998	-72.8487
37999	-72.9428
38000	-72.7553
38001	-72.8035
38002	-72.9329
38003	-72.6653
38004	-72.4931
38005	-72.7611
38006	-72.9496
38007	-73.0656
38008	-73.2748
38009	-73.3381
38010	-73.1005
38011	-72.9308
38012	-72.8818
38013	-73.0957
38014	-72.9247
38015	-73.0082
38016	-73.1281
38017	-72.7655
38018	-72.8193
38019	-72.6858
38020	-72.7888
38021	-73.0126
38022	-72.9352
38023	-72.8981
38024	-72.5538
38025	-72.5524
38026	-72.3629
38027	-72.826
38028	-72.6759
38029	-72.8201
38030	-72.9525
38031	-72.9084
38032	-72.6757
38033	-72.8695
38034	-72.8655
38035	-73.1453
38036	-72.6762
38037	-72.8454
38038	-72.6146
38039	-72.9444
38040	-72.8188
38041	-72.6805
38042	-72.9533
38043	-72.8584
38044	-73.0189
38045	-72.5972
38046	-73.1116
38047	-73.0068
38048	-72.9937
38049	-72.8717
38050	-72.7215
38051	-72.545
38052	-72.382
38053	-72.9077
38054	-72.675
38055	-72.8032
38056	-72.797
38057	-72.7539
38058	-72.5982
38059	-72.7932
38060	-72.7701
38061	-72.7253
38062	-72.4387
38063	-72.8021
38064	-73.2702
38065	-73.2893
38066	-72.9491
38067	-72.7832
38068	-72.8501
38069	-72.7132
38070	-72.808
38071	-72.8195
38072	-72.8764
38073	-73.1431
38074	-72.8703
38075	-72.5628
38076	-72.9687
38077	-72.8253
38078	-72.6075
38079	-72.6513
38080	-72.7854
38081	-73.2246
38082	-73.1268
38083	-73.1333
38084	-73.0265
38085	-72.8434
38086	-72.5752
38087	-72.8982
38088	-72.8805
38089	-73.066
38090	-72.9685
38091	-73.0727
38092	-73.1924
38093	-72.978
38094	-72.4072
38095	-72.9146
38096	-73.0348
38097	-73.1582
38098	-73.2889
38099	-72.9598
38100	-73.1949
38101	-72.6662
38102	-72.6311
38103	-73.0726
38104	-72.7132
38105	-72.9013
38106	-72.4044
38107	-72.4247
38108	-72.7684
38109	-72.9447
38110	-73.1392
38111	-72.9577
38112	-72.9584
38113	-72.5764
38114	-72.7405
38115	-73.051
38116	-73.0685
38117	-72.5762
38118	-72.8813
38119	-72.9482
38120	-73.243
38121	-73.0719
38122	-72.6378
38123	-72.7284
38124	-72.9588
38125	-72.5277
38126	-72.8066
38127	-72.4848
38128	-72.7427
38129	-72.9139
38130	-73.0807
38131	-73.1055
38132	-73.1256
38133	-72.9979
38134	-72.886
38135	-72.2873
38136	-72.2837
38137	-72.6685
38138	-73.0016
38139	-73.0456
38140	-73.0141
38141	-73.0501
38142	-73.056
38143	-73.156
38144	-73.1397
38145	-72.838
38146	-72.8296
38147	-73.0336
38148	-72.7647
38149	-72.3796
38150	-72.4529
38151	-72.3144
38152	-72.2626
38153	-72.7835
38154	-72.3968
38155	-72.5261
38156	-72.4846
38157	-72.8572
38158	-72.9022
38159	-72.1824
38160	-72.5853
38161	-72.6334
38162	-72.9042
38163	-73.227
38164	-73.1684
38165	-73.0488
38166	-72.7774
38167	-72.9744
38168	-72.9714
38169	-72.8406
38170	-72.8842
38171	-72.7693
38172	-72.7473
38173	-72.7537
38174	-72.7397
38175	-72.1766
38176	-72.3849
38177	-72.5601
38178	-72.2562
38179	-73.0245
38180	-72.8968
38181	-72.5797
38182	-72.6851
38183	-72.7483
38184	-72.8423
38185	-72.6359
38186	-72.6326
38187	-72.9584
38188	-72.4564
38189	-72.6193
38190	-72.6047
38191	-72.2718
38192	-73.0054
38193	-73.2827
38194	-73.0282
38195	-72.959
38196	-72.7903
38197	-73.2882
38198	-72.9642
38199	-72.7309
38200	-73.0015
38201	-72.9614
38202	-72.5871
38203	-72.7107
38204	-72.5096
38205	-72.6207
38206	-72.6624
38207	-72.839
38208	-72.5653
38209	-72.8325
38210	-72.9152
38211	-72.6414
38212	-73.0201
38213	-72.4985
38214	-72.4968
38215	-72.3496
38216	-73.3995
38217	-73.0618
38218	-72.9715
38219	-73.0478
38220	-72.9638
38221	-72.6152
38222	-72.9729
38223	-72.3858
38224	-72.9015
38225	-72.76
38226	-72.3123
38227	-72.7521
38228	-72.6155
38229	-72.6854
38230	-72.7707
38231	-72.2846
38232	-71.504
38233	-72.4792
38234	-72.9446
38235	-72.7297
38236	-72.6563
38237	-72.6292
38238	-72.6302
38239	-72.7017
38240	-72.7088
38241	-72.7017
38242	-72.7709
38243	-73.0748
38244	-72.7482
38245	-72.9814
38246	-73.2117
38247	-72.7902
38248	-72.7513
38249	-72.9385
38250	-72.364
38251	-72.8542
38252	-72.879
38253	-73.1439
38254	-72.6826
38255	-72.8798
38256	-73.0117
38257	-73.3248
38258	-72.9605
38259	-73.0293
38260	-73.0027
38261	-72.6884
38262	-72.7513
38263	-72.5003
38264	-72.5895
38265	-72.8841
38266	-73.0005
38267	-73.009
38268	-73.0307
38269	-72.952
38270	-73.2298
38271	-73.38
38272	-73.6093
38273	-73.4099
38274	-72.9209
38275	-72.3482
38276	-72.2816
38277	-72.5727
38278	-72.8254
38279	-72.4807
38280	-72.7196
38281	-72.4611
38282	-72.5204
38283	-72.733
38284	-72.876
38285	-72.7954
38286	-72.7903
38287	-72.8298
38288	-72.5899
38289	-72.679
38290	-72.5963
38291	-72.7372
38292	-72.6689
38293	-72.3907
38294	-72.7334
38295	-72.6213
38296	-72.9491
38297	-72.8283
38298	-72.8003
38299	-72.8469
38300	-72.6719
38301	-72.7962
38302	-73.0101
38303	-72.9129
38304	-72.5175
38305	-72.494
38306	-72.4208
38307	-72.7276
38308	-73.0577
38309	-72.95
38310	-73.1496
38311	-72.9099
38312	-72.984
38313	-73.073
38314	-72.9141
38315	-73.0831
38316	-73.0357
38317	-73.2419
38318	-72.898
38319	-72.829
38320	-73.2252
38321	-72.9674
38322	-73.287
38323	-73.1058
38324	-72.5858
38325	-72.822
38326	-72.8602
38327	-73.0472
38328	-73.2815
38329	-73.1304
38330	-72.7467
38331	-73.0749
38332	-72.9542
38333	-72.7516
38334	-72.6918
38335	-73.1272
38336	-72.9652
38337	-72.7384
38338	-72.915
38339	-72.9185
38340	-72.9164
38341	-72.7993
38342	-72.2801
38343	-72.5192
38344	-72.7863
38345	-73.2202
38346	-73.0282
38347	-72.9212
38348	-72.7852
38349	-72.5609
38350	-72.5772
38351	-72.9853
38352	-73.121
38353	-72.9362
38354	-72.8588
38355	-72.8574
38356	-72.9227
38357	-72.9187
38358	-73.0036
38359	-73.0441
38360	-72.3033
38361	-72.0141
38362	-72.311
38363	-73.0036
38364	-72.8468
38365	-73.0974
38366	-72.973
38367	-73.0342
38368	-73.2625
38369	-72.8881
38370	-72.6047
38371	-72.616
38372	-72.4392
38373	-73.0125
38374	-73.0692
38375	-73.0573
38376	-72.6025
38377	-72.9222
38378	-72.8565
38379	-72.6796
38380	-72.5371
38381	-72.3904
38382	-72.7486
38383	-72.9286
38384	-73.1827
38385	-72.6999
38386	-72.4309
38387	-72.2655
38388	-72.2818
38389	-72.5149
38390	-72.815
38391	-73.0581
38392	-72.9818
38393	-72.8873
38394	-73.2259
38395	-73.0714
38396	-73.0199
38397	-72.6884
38398	-72.4515
38399	-72.4247
38400	-72.631
38401	-72.9973
38402	-72.888
38403	-72.5074
38404	-72.7342
38405	-72.6511
38406	-73.1359
38407	-73.0681
38408	-72.7377
38409	-72.2645
38410	-72.2861
38411	-71.9589
38412	-71.3078
38413	-72.544
38414	-73.1514
38415	-72.9263
38416	-73.1389
38417	-73.0113
38418	-73.0543
38419	-72.6569
38420	-72.7032
38421	-72.5051
38422	-72.5535
38423	-72.7414
38424	-73.3708
38425	-73.0384
38426	-72.14
38427	-72.4635
38428	-73.1387
38429	-73.0186
38430	-72.9632
38431	-72.9188
38432	-73.0339
38433	-73.1696
38434	-73.0152
38435	-72.8643
38436	-73.1451
38437	-72.7326
38438	-72.8441
38439	-72.6878
38440	-72.466
38441	-72.8051
38442	-73.0528
38443	-72.3518
38444	-72.429
38445	-72.6286
38446	-73.1322
38447	-72.4907
38448	-72.5291
38449	-72.9327
38450	-72.6878
38451	-72.3098
38452	-72.4022
38453	-72.6587
38454	-72.9233
38455	-73.1414
38456	-73.121
38457	-72.8002
38458	-73.1853
38459	-72.8604
38460	-72.6799
38461	-72.5994
38462	-72.7522
38463	-73.1558
38464	-72.998
38465	-72.7838
38466	-72.9149
38467	-72.6102
38468	-73.0108
38469	-72.8703
38470	-72.7255
38471	-72.556
38472	-72.9259
38473	-72.5795
38474	-72.2523
38475	-72.6338
38476	-72.908
38477	-73.083
38478	-72.6742
38479	-71.9794
38480	-72.1816
38481	-72.9737
38482	-73.1903
38483	-72.861
38484	-72.9295
38485	-73.0754
38486	-73.0705
38487	-72.726
38488	-72.9601
38489	-72.5668
38490	-72.4773
38491	-72.9317
38492	-72.742
38493	-72.5922
38494	-72.6081
38495	-72.8097
38496	-72.6067
38497	-72.5814
38498	-73.0651
38499	-73.1693
38500	-72.8642
38501	-72.9227
38502	-72.3473
38503	-72.7118
38504	-72.3988
38505	-72.6552
38506	-73.2539
38507	-73.2098
38508	-73.252
38509	-72.9437
38510	-73.3217
38511	-72.8128
38512	-72.8362
38513	-72.8175
38514	-72.8535
38515	-72.6409
38516	-73.0192
38517	-72.9286
38518	-73.28
38519	-72.844
38520	-72.5318
38521	-72.6441
38522	-73.1042
38523	-73.3226
38524	-72.9818
38525	-72.9745
38526	-72.5874
38527	-72.8417
38528	-72.9981
38529	-73.0089
38530	-72.7995
38531	-72.3288
38532	-72.6758
38533	-72.445
38534	-72.8107
38535	-73.0722
38536	-72.3041
38537	-72.6704
38538	-72.7399
38539	-73.1204
38540	-73.3436
38541	-73.269
38542	-72.7404
38543	-72.7911
38544	-72.5497
38545	-72.6921
38546	-72.9014
38547	-72.5737
38548	-72.5415
38549	-72.6054
38550	-72.5704
38551	-72.5893
38552	-72.7881
38553	-72.8505
38554	-72.2037
38555	-72.2276
38556	-72.1922
38557	-73.0336
38558	-72.7287
38559	-72.7652
38560	-72.865
38561	-72.9948
38562	-72.5865
38563	-72.6781
38564	-72.7128
38565	-73.0644
38566	-72.7268
38567	-72.6439
38568	-73.0303
38569	-72.5368
38570	-72.5498
38571	-72.828
38572	-72.4457
38573	-72.639
38574	-72.4122
38575	-72.5579
38576	-72.5546
38577	-72.54
38578	-72.6758
38579	-72.4406
38580	-72.2718
38581	-72.2094
38582	-72.7638
38583	-72.2382
38584	-72.7363
38585	-72.4708
38586	-72.475
38587	-72.7476
38588	-72.5291
38589	-72.6679
38590	-72.3601
38591	-69.8819
38592	-68.7529
38593	-71.3354
38594	-72.4554
38595	-72.6623
38596	-72.6181
38597	-72.7176
38598	-72.6029
38599	-72.1911
38600	-72.5652
38601	-72.5556
38602	-72.9698
38603	-72.8036
38604	-72.6456
38605	-72.2554
38606	-72.2596
38607	-72.395
38608	-72.7642
38609	-73.1902
38610	-72.9243
38611	-72.6025
38612	-72.6335
38613	-72.763
38614	-72.7304
38615	-72.2526
38616	-72.7781
38617	-72.7791
38618	-72.8822
38619	-72.5596
38620	-72.419
38621	-72.7123
38622	-72.625
38623	-72.4859
38624	-72.1556
38625	-72.1406
38626	-72.4384
38627	-72.2063
38628	-72.4585
38629	-72.7282
38630	-72.6913
38631	-72.7121
38632	-72.6107
38633	-72.6673
38634	-72.081
38635	-72.5912
38636	-72.81
38637	-72.6475
38638	-72.385
38639	-72.9125
38640	-72.642
38641	-72.5441
38642	-72.742
38643	-72.6958
38644	-72.1755
38645	-72.5519
38646	-72.4282
38647	-72.3521
38648	-72.3433
38649	-72.6421
38650	-72.4591
38651	-72.0914
38652	-72.0967
38653	-72.0903
38654	-72.1932
38655	-72.9435
38656	-73.1097
38657	-72.6787
38658	-72.4986
38659	-72.4395
38660	-72.6429
38661	-72.4312
38662	-72.8785
38663	-72.8381
38664	-72.9108
38665	-72.4631
38666	-72.5181
38667	-72.7735
38668	-72.5371
38669	-72.3473
38670	-72.453
38671	-72.4917
38672	-72.4916
38673	-72.3666
38674	-72.2686
38675	-72.232
38676	-72.1139
38677	-72.5057
38678	-72.7804
38679	-72.2519
38680	-72.2154
38681	-72.5157
38682	-72.605
38683	-72.4006
38684	-72.5886
38685	-72.5387
38686	-72.3111
38687	-72.3184
38688	-72.9936
38689	-72.8614
38690	-72.8804
38691	-72.602
38692	-72.2117
38693	-72.5759
38694	-72.5853
38695	-72.3554
38696	-72.5344
38697	-72.434
38698	-72.2546
38699	-72.3951
38700	-72.0004
38701	-72.1451
38702	-72.4406
38703	-72.1169
38704	-72.0731
38705	-72.312
38706	-72.5942
38707	-72.5737
38708	-72.736
38709	-72.251
38710	-72.1459
38711	-72.1327
38712	-71.9268
38713	-72.1178
38714	-72.5631
38715	-72.278
38716	-71.8528
38717	-72.2004
38718	-72.4523
38719	-72.0574
38720	-72.207
38721	-72.4105
38722	-72.3962
38723	-72.5221
38724	-72.2686
38725	-72.1553
38726	-72.3854
38727	-72.035
38728	-71.5819
38729	-71.369
38730	-71.9103
38731	-71.7469
38732	-72.2241
38733	-71.8643
38734	-72.1678
38735	-71.9622
38736	-71.6867
38737	-72.2998
38738	-71.7436
38739	-71.4707
38740	-71.6403
38741	-71.8135
38742	-71.7834
38743	-71.6278
38744	-71.6093
38745	-71.5391
38746	-71.517
38747	-71.9111
38748	-71.5008
38749	-71.4764
38750	-71.2022
38751	-71.5887
38752	-71.5175
38753	-71.0417
38754	-71.0074
38755	-71.5649
38756	-71.64
38757	-70.8487
38758	-70.7681
38759	-70.8122
38760	-71.5235
38761	-71.3626
38762	-71.0672
38763	-71.272
38764	-71.2533
38765	-70.7691
38766	-70.39
38767	-70.4917
38768	-70.5465
38769	-70.4884
38770	-68.828
38771	-61.9691
38772	-60.5751
38773	-66.5754
38774	-70.0683
38775	-70.0834
38776	-70.4974
38777	-70.6529
38778	-70.2626
38779	-70.2112
38780	-70.125
38781	-70.7183
38782	-70.6363
38783	-70.0602
38784	-70.5205
38785	-70.3738
38786	-70.3626
38787	-70.3022
38788	-70.3861
38789	-70.5283
38790	-70.2071
38791	-70.1749
38792	-70.1928
38793	-70.1333
38794	-69.9148
38795	-70.0041
38796	-70.3368
38797	-70.3397
38798	-70.5287
38799	-70.1026
38800	-70.3492
38801	-70.2545
38802	-69.6129
38803	-69.6801
38804	-70.3414
38805	-70.1892
38806	-70.1774
38807	-70.1014
38808	-69.9045
38809	-69.9111
38810	-70.0789
38811	-69.5311
38812	-69.3873
38813	-69.5495
38814	-69.2846
38815	-69.6814
38816	-70.2174
38817	-69.9088
38818	-69.8481
38819	-69.8068
38820	-69.9647
38821	-69.7371
38822	-69.3971
38823	-69.6508
38824	-69.3458
38825	-69.2864
38826	-69.5433
38827	-69.3764
38828	-69.1827
38829	-69.2753
38830	-69.7838
38831	-69.6451
38832	-69.0987
38833	-69.5929
38834	-69.6107
38835	-69.2657
38836	-69.3477
38837	-69.0067
38838	-69.0683
38839	-69.7353
38840	-69.0823
38841	-68.4592
38842	-69.0146
38843	-69.0833
38844	-69.3479
38845	-69.4635
38846	-68.9916
38847	-68.9942
38848	-69.3142
38849	-69.2028
38850	-69.0094
38851	-68.7282
38852	-68.7397
38853	-68.7283
38854	-69.0166
38855	-69.088
38856	-68.784
38857	-68.7639
38858	-69.3573
38859	-69.0542
38860	-68.9211
38861	-68.9189
38862	-69.0382
38863	-68.8258
38864	-69.0188
38865	-68.7488
38866	-68.8381
38867	-69.1978
38868	-69.2549
38869	-68.8887
38870	-68.7675
38871	-68.6383
38872	-68.7007
38873	-69.0372
38874	-68.988
38875	-69.0655
38876	-68.809
38877	-69.0041
38878	-68.9789
38879	-68.6226
38880	-68.6877
38881	-68.619
38882	-68.9174
38883	-69.1757
38884	-69.037
38885	-69.1324
38886	-68.8634
38887	-68.7511
38888	-68.546
38889	-68.8992
38890	-68.5632
38891	-68.213
38892	-68.6445
38893	-68.8142
38894	-68.517
38895	-68.8681
38896	-69.1667
38897	-69.1696
38898	-68.9944
38899	-68.8864
38900	-68.512
38901	-68.8003
38902	-69.2903
38903	-69.0604
38904	-69.1851
38905	-68.9394
38906	-68.7124
38907	-68.8312
38908	-68.9503
38909	-68.9971
38910	-68.9864
38911	-69.0299
38912	-69.3459
38913	-69.4263
38914	-69.2473
38915	-69.0351
38916	-68.9095
38917	-68.7766
38918	-69.1032
38919	-69.2333
38920	-69.4034
38921	-69.2784
38922	-68.87
38923	-69.1249
38924	-69.4277
38925	-69.4346
38926	-69.2887
38927	-69.3691
38928	-69.405
38929	-69.0848
38930	-69.4648
38931	-69.3267
38932	-69.5508
38933	-69.2562
38934	-69.4004
38935	-69.1342
38936	-69.2505
38937	-69.3125
38938	-69.7091
38939	-69.5181
38940	-69.0397
38941	-69.0602
38942	-69.2388
38943	-68.9152
38944	-69.3975
38945	-69.477
38946	-69.5769
38947	-69.3794
38948	-69.313
38949	-69.2736
38950	-66.8823
38951	-58.6479
38952	-57.4083
38953	-64.6325
38954	-68.7681
38955	-69.6399
38956	-69.8875
38957	-70.3733
38958	-69.5898
38959	-69.7676
38960	-69.8421
38961	-70.1287
38962	-70.3031
38963	-70.0977
38964	-70.066
38965	-70.1634
38966	-69.961
38967	-69.5908
38968	-69.7902
38969	-70.5006
38970	-70.439
38971	-70.1193
38972	-70.44
38973	-70.3691
38974	-69.9851
38975	-69.9331
38976	-70.2003
38977	-70.5658
38978	-70.5349
38979	-70.6868
38980	-70.9753
38981	-70.8171
38982	-70.4672
38983	-70.6347
38984	-70.4321
38985	-70.8032
38986	-70.8998
38987	-70.7894
38988	-71.0895
38989	-70.9377
38990	-70.9945
38991	-71.2404
38992	-70.8997
38993	-71.0704
38994	-70.8672
38995	-70.9613
38996	-71.4947
38997	-71.5417
38998	-71.0283
38999	-71.1622
39000	-70.83
39001	-71.415
39002	-71.4127
39003	-71.7002
39004	-71.4194
39005	-71.0115
39006	-71.1052
39007	-70.9414
39008	-71.7608
39009	-72.0764
39010	-71.7423
39011	-71.5868
39012	-71.1879
39013	-71.2548
39014	-70.9808
39015	-71.1473
39016	-71.4995
39017	-71.4795
39018	-71.3334
39019	-71.5785
39020	-71.5586
39021	-71.475
39022	-71.5153
39023	-71.6539
39024	-71.3336
39025	-71.5885
39026	-71.6709
39027	-71.6468
39028	-71.7653
39029	-72.1613
39030	-72.2364
39031	-72.0191
39032	-71.8046
39033	-72.2703
39034	-72.1041
39035	-72.4005
39036	-72.1843
39037	-71.8973
39038	-72.2984
39039	-72.3413
39040	-72.1854
39041	-72.6622
39042	-72.2691
39043	-72.0245
39044	-72.1304
39045	-72.1717
39046	-72.3005
39047	-72.5104
39048	-72.5777
39049	-72.2893
39050	-71.9977
39051	-71.82
39052	-71.7148
39053	-72.3912
39054	-72.228
39055	-71.9546
39056	-72.1343
39057	-72.1631
39058	-72.2059
39059	-72.8698
39060	-72.7248
39061	-72.3742
39062	-72.2948
39063	-72.4571
39064	-72.2656
39065	-72.3111
39066	-72.0604
39067	-72.7423
39068	-72.6675
39069	-72.3504
39070	-72.4309
39071	-72.1472
39072	-72.382
39073	-72.5373
39074	-72.0023
39075	-72.2814
39076	-72.5907
39077	-72.5951
39078	-73.0135
39079	-72.8918
39080	-72.4626
39081	-72.1545
39082	-72.3731
39083	-72.7331
39084	-72.845
39085	-72.8261
39086	-72.5697
39087	-72.5043
39088	-72.5531
39089	-72.1634
39090	-72.2383
39091	-72.3991
39092	-72.6912
39093	-72.6157
39094	-72.6195
39095	-72.5919
39096	-72.7575
39097	-72.4738
39098	-72.44
39099	-72.7545
39100	-72.4607
39101	-72.5968
39102	-72.9794
39103	-72.8264
39104	-72.5513
39105	-73.0006
39106	-72.4887
39107	-72.0652
39108	-72.1997
39109	-72.7409
39110	-72.6906
39111	-73.0166
39112	-72.6181
39113	-72.5761
39114	-72.6045
39115	-72.6723
39116	-72.4034
39117	-72.7676
39118	-72.7368
39119	-73.1384
39120	-72.8455
39121	-72.5939
39122	-72.8388
39123	-72.6482
39124	-72.1737
39125	-72.4648
39126	-72.9832
39127	-72.2596
39128	-72.238
39129	-72.5027
39130	-72.0292
39131	-68.7998
39132	-68.3734
39133	-72.1373
39134	-72.2622
39135	-72.0216
39136	-72.4622
39137	-72.8252
39138	-72.7845
39139	-72.6883
39140	-72.591
39141	-72.9197
39142	-72.6207
39143	-72.593
39144	-72.786
39145	-72.9042
39146	-72.4585
39147	-72.6071
39148	-72.37
39149	-72.5341
39150	-72.539
39151	-72.3077
39152	-72.2557
39153	-72.7861
39154	-72.4186
39155	-72.2781
39156	-72.63
39157	-72.8199
39158	-72.5714
39159	-72.7049
39160	-72.675
39161	-72.2165
39162	-72.0474
39163	-72.328
39164	-72.6555
39165	-73.0179
39166	-72.6294
39167	-72.7533
39168	-72.3122
39169	-72.4066
39170	-72.3964
39171	-72.6893
39172	-73.0023
39173	-72.7714
39174	-72.7892
39175	-72.4075
39176	-72.2093
39177	-72.587
39178	-72.9527
39179	-72.4731
39180	-72.3306
39181	-72.5836
39182	-72.6906
39183	-73.0806
39184	-72.6603
39185	-72.7112
39186	-73.0751
39187	-72.88
39188	-72.4416
39189	-72.9289
39190	-73.0355
39191	-72.3111
39192	-72.3906
39193	-72.8162
39194	-73.3256
39195	-72.9025
39196	-72.0208
39197	-72.0517
39198	-72.8383
39199	-72.4929
39200	-72.5957
39201	-72.9864
39202	-73.1191
39203	-72.5442
39204	-72.5092
39205	-72.5924
39206	-72.4307
39207	-72.8494
39208	-72.7146
39209	-72.7582
39210	-72.7123
39211	-72.8689
39212	-72.9663
39213	-72.8383
39214	-72.806
39215	-73.0167
39216	-72.6051
39217	-72.8027
39218	-72.4302
39219	-73.1348
39220	-73.5426
39221	-73.2554
39222	-72.7276
39223	-72.5952
39224	-72.4095
39225	-72.5216
39226	-72.7204
39227	-72.8122
39228	-72.7839
39229	-73.0564
39230	-72.5824
39231	-72.7086
39232	-72.6632
39233	-72.9033
39234	-73.0617
39235	-73.1405
39236	-73.2689
39237	-73.1844
39238	-72.8972
39239	-72.8353
39240	-72.6954
39241	-72.6074
39242	-72.8224
39243	-72.8482
39244	-72.9273
39245	-72.9658
39246	-72.9347
39247	-72.5418
39248	-72.7977
39249	-72.91
39250	-72.9116
39251	-72.5866
39252	-72.6593
39253	-72.3131
39254	-73.0911
39255	-73.1287
39256	-73.205
39257	-73.5465
39258	-72.9166
39259	-73.0643
39260	-73.2403
39261	-73.1204
39262	-73.1649
39263	-73.1946
39264	-72.9154
39265	-72.5947
39266	-73.1401
39267	-72.9304
39268	-72.8605
39269	-73.081
39270	-72.7396
39271	-72.9411
39272	-72.8294
39273	-72.5403
39274	-72.5014
39275	-72.2752
39276	-72.1297
39277	-72.4242
39278	-72.7833
39279	-72.8759
39280	-72.8083
39281	-72.9739
39282	-72.587
39283	-72.7847
39284	-72.8408
39285	-72.5621
39286	-72.5945
39287	-72.4967
39288	-72.9746
39289	-72.7932
39290	-72.8412
39291	-73.0201
39292	-72.68
39293	-72.6138
39294	-72.853
39295	-73.2548
39296	-73.0603
39297	-73.0323
39298	-72.592
39299	-72.8392
39300	-72.5661
39301	-72.8346
39302	-72.8453
39303	-72.642
39304	-73.2679
39305	-72.9342
39306	-72.9107
39307	-72.5976
39308	-72.6781
39309	-72.9993
39310	-72.6083
39311	-71.472
39312	-71.3672
39313	-72.6129
39314	-73.1118
39315	-72.9484
39316	-72.6044
39317	-72.818
39318	-73.296
39319	-73.5518
39320	-72.7804
39321	-72.7214
39322	-72.9694
39323	-72.8255
39324	-72.6142
39325	-73.1358
39326	-73.3194
39327	-72.8126
39328	-72.4929
39329	-72.3598
39330	-72.5052
39331	-72.8961
39332	-72.8572
39333	-72.731
39334	-72.5933
39335	-72.3544
39336	-72.709
39337	-72.5374
39338	-73.0258
39339	-73.0824
39340	-73.0797
39341	-72.9005
39342	-72.6187
39343	-72.9049
39344	-72.5364
39345	-72.7675
39346	-72.5418
39347	-72.6063
39348	-72.7526
39349	-72.699
39350	-73.1008
39351	-73.0701
39352	-73.0409
39353	-73.0725
39354	-72.986
39355	-72.8564
39356	-72.821
39357	-73.0421
39358	-72.7976
39359	-72.4574
39360	-72.3335
39361	-72.5029
39362	-72.4169
39363	-72.7188
39364	-72.609
39365	-72.9994
39366	-73.0507
39367	-73.0349
39368	-72.7622
39369	-72.6676
39370	-72.8439
39371	-72.5024
39372	-72.6514
39373	-72.7961
39374	-72.6397
39375	-72.4887
39376	-73.0382
39377	-73.0998
39378	-73.2008
39379	-73.1996
39380	-73.083
39381	-73.016
39382	-72.9442
39383	-72.4434
39384	-72.5272
39385	-73.1395
39386	-72.8499
39387	-72.7408
39388	-72.9651
39389	-72.8551
39390	-72.5625
39391	-72.6781
39392	-72.4191
39393	-72.7029
39394	-72.9261
39395	-72.7238
39396	-72.9834
39397	-72.9127
39398	-73.2567
39399	-73.0786
39400	-72.846
39401	-72.9004
39402	-72.6053
39403	-72.2588
39404	-72.7877
39405	-72.9563
39406	-72.8557
39407	-72.5631
39408	-73.0595
39409	-73.5302
39410	-73.0682
39411	-73.0371
39412	-72.3877
39413	-72.3824
39414	-72.762
39415	-72.6339
39416	-72.6606
39417	-72.7388
39418	-72.972
39419	-72.5478
39420	-72.5837
39421	-72.5431
39422	-72.9587
39423	-73.3604
39424	-73.0866
39425	-72.9692
39426	-72.9945
39427	-72.8138
39428	-72.5324
39429	-72.62
39430	-72.5282
39431	-72.863
39432	-72.5095
39433	-72.3225
39434	-72.4523
39435	-72.9906
39436	-73.0879
39437	-72.8476
39438	-73.1552
39439	-73.0217
39440	-72.9566
39441	-72.8614
39442	-72.6901
39443	-72.9382
39444	-72.9195
39445	-73.0047
39446	-73.0116
39447	-73.1424
39448	-72.9464
39449	-72.9085
39450	-72.6526
39451	-72.878
39452	-73.008
39453	-73.2918
39454	-73.3289
39455	-72.5436
39456	-73.1289
39457	-72.9118
39458	-72.8892
39459	-72.9348
39460	-72.637
39461	-72.9902
39462	-73.3091
39463	-73.306
39464	-72.8923
39465	-73.192
39466	-72.5487
39467	-72.7521
39468	-72.8865
39469	-73.2518
39470	-72.7403
39471	-72.7608
39472	-72.84
39473	-73.0013
39474	-72.8934
39475	-72.9585
39476	-72.9047
39477	-73.0095
39478	-73.0722
39479	-73.0879
39480	-73.0287
39481	-72.7964
39482	-72.7766
39483	-72.4717
39484	-72.897
39485	-73.1475
39486	-73.1394
39487	-72.9431
39488	-72.8327
39489	-72.8001
39490	-73.1012
39491	-72.0888
39492	-71.8977
39493	-72.4276
39494	-72.578
39495	-72.8101
39496	-72.6778
39497	-72.6324
39498	-72.7763
39499	-72.8443
39500	-72.7917
39501	-72.6762
39502	-72.9347
39503	-72.9047
39504	-72.5884
39505	-72.369
39506	-72.6981
39507	-73.0452
39508	-73.2155
39509	-73.3392
39510	-72.7736
39511	-72.7927
39512	-72.3625
39513	-72.672
39514	-72.8334
39515	-73.1347
39516	-72.9015
39517	-73.0217
39518	-73.2736
39519	-73.1981
39520	-72.6968
39521	-73.0618
39522	-73.0881
39523	-73.1829
39524	-73.0144
39525	-72.509
39526	-72.8768
39527	-72.9386
39528	-72.6395
39529	-72.1148
39530	-72.9177
39531	-73.1475
39532	-72.8551
39533	-73.0454
39534	-72.6243
39535	-72.9906
39536	-73.1874
39537	-73.0002
39538	-72.2717
39539	-72.3745
39540	-72.7158
39541	-72.7132
39542	-73.1249
39543	-72.976
39544	-73.0805
39545	-72.4562
39546	-72.8105
39547	-72.803
39548	-73.0579
39549	-72.8457
39550	-72.7237
39551	-72.5598
39552	-72.7126
39553	-72.7465
39554	-72.5258
39555	-72.9978
39556	-72.925
39557	-72.8233
39558	-72.6349
39559	-72.7332
39560	-72.5389
39561	-73.0505
39562	-72.8631
39563	-72.7635
39564	-73.0629
39565	-73.1664
39566	-73.0691
39567	-73.0303
39568	-72.8487
39569	-72.8922
39570	-72.7266
39571	-72.864
39572	-73.166
39573	-73.2863
39574	-73.541
39575	-73.273
39576	-72.9765
39577	-73.0909
39578	-72.8692
39579	-72.7891
39580	-72.4803
39581	-72.8785
39582	-72.652
39583	-72.8084
39584	-73.4886
39585	-73.338
39586	-72.7837
39587	-72.7455
39588	-72.561
39589	-72.6016
39590	-72.9844
39591	-72.8752
39592	-72.8342
39593	-72.7709
39594	-72.7416
39595	-73.2915
39596	-72.7016
39597	-72.6383
39598	-72.778
39599	-72.8369
39600	-73.1135
39601	-73.0466
39602	-72.5336
39603	-72.8036
39604	-73.2528
39605	-73.112
39606	-73.0141
39607	-72.8184
39608	-72.8393
39609	-73.1187
39610	-73.1386
39611	-72.7531
39612	-73.0636
39613	-72.8667
39614	-72.913
39615	-72.6736
39616	-72.6888
39617	-72.9446
39618	-72.4869
39619	-72.3699
39620	-72.946
39621	-73.133
39622	-72.6971
39623	-72.6863
39624	-73.0554
39625	-73.2143
39626	-72.8059
39627	-73.0734
39628	-73.1015
39629	-73.1077
39630	-73.1505
39631	-72.7587
39632	-72.3564
39633	-72.3686
39634	-72.6447
39635	-72.7422
39636	-72.5462
39637	-73.1036
39638	-73.2172
39639	-72.7104
39640	-72.3664
39641	-73.0719
39642	-73.0428
39643	-72.9562
39644	-72.9156
39645	-72.9979
39646	-73.3373
39647	-72.8598
39648	-72.7446
39649	-73.2581
39650	-73.4168
39651	-73.0192
39652	-72.7898
39653	-72.5794
39654	-73.1865
39655	-72.7529
39656	-72.4858
39657	-72.5077
39658	-73.0792
39659	-72.9795
39660	-72.6192
39661	-72.3535
39662	-72.397
39663	-72.5729
39664	-72.3143
39665	-72.1786
39666	-72.4547
39667	-72.6435
39668	-72.6219
39669	-72.966
39670	-72.7187
39671	-72.4516
39672	-72.3357
39673	-73.0192
39674	-73.3348
39675	-72.8161
39676	-72.6098
39677	-72.5126
39678	-72.4907
39679	-72.5934
39680	-72.4902
39681	-72.8121
39682	-73.0827
39683	-72.8256
39684	-72.5951
39685	-72.7615
39686	-72.9819
39687	-72.9726
39688	-72.8598
39689	-72.7853
39690	-72.448
39691	-72.8003
39692	-72.6948
39693	-73.2287
39694	-73.1393
39695	-72.9512
39696	-72.8551
39697	-72.9012
39698	-73.4218
39699	-72.8796
39700	-72.9163
39701	-72.6151
39702	-72.7014
39703	-73.0587
39704	-72.9667
39705	-72.9068
39706	-72.5013
39707	-72.2429
39708	-72.6877
39709	-73.1513
39710	-72.9394
39711	-72.7661
39712	-72.5491
39713	-72.9376
39714	-72.9285
39715	-72.8569
39716	-72.682
39717	-72.4955
39718	-72.6343
39719	-72.5605
39720	-72.6205
39721	-72.4909
39722	-72.4006
39723	-72.6575
39724	-72.4178
39725	-72.8562
39726	-73.2238
39727	-73.3911
39728	-72.9377
39729	-72.5555
39730	-72.7044
39731	-72.8514
39732	-72.7721
39733	-72.8657
39734	-73.1781
39735	-72.7467
39736	-72.9396
39737	-72.726
39738	-72.4352
39739	-72.6677
39740	-72.641
39741	-72.5717
39742	-72.7226
39743	-72.8472
39744	-72.704
39745	-72.4724
39746	-73.2687
39747	-72.5608
39748	-72.6141
39749	-72.4449
39750	-72.4925
39751	-72.9075
39752	-72.4493
39753	-72.3847
39754	-72.7138
39755	-72.895
39756	-73.0658
39757	-72.8064
39758	-72.7331
39759	-72.5325
39760	-72.9245
39761	-72.4544
39762	-72.7678
39763	-72.3813
39764	-72.7173
39765	-72.5897
39766	-72.5949
39767	-72.7028
39768	-72.8184
39769	-72.5313
39770	-72.9278
39771	-73.0172
39772	-72.6321
39773	-73.0212
39774	-72.6411
39775	-72.7156
39776	-72.911
39777	-72.6935
39778	-72.4642
39779	-72.6352
39780	-72.9117
39781	-72.7065
39782	-73.2357
39783	-72.9256
39784	-72.5815
39785	-72.5534
39786	-72.6453
39787	-72.9241
39788	-72.5187
39789	-72.9952
39790	-72.8768
39791	-72.9326
39792	-72.5552
39793	-72.7252
39794	-72.8497
39795	-73.1557
39796	-72.7166
39797	-72.8282
39798	-72.5772
39799	-72.4085
39800	-73.0467
39801	-72.9779
39802	-72.5708
39803	-73.0304
39804	-73.0239
39805	-72.7228
39806	-73.0361
39807	-73.2247
39808	-73.2625
39809	-73.1419
39810	-72.9031
39811	-72.7635
39812	-72.7253
39813	-72.8241
39814	-72.7877
39815	-72.5275
39816	-72.7022
39817	-73.1908
39818	-73.4405
39819	-73.1154
39820	-72.6837
39821	-72.4483
39822	-72.7436
39823	-73.1042
39824	-72.7413
39825	-72.8028
39826	-72.6644
39827	-72.5307
39828	-73.1031
39829	-73.1656
39830	-73.1729
39831	-72.9688
39832	-72.7804
39833	-72.62
39834	-72.7285
39835	-73.2003
39836	-72.7905
39837	-72.5532
39838	-72.7363
39839	-72.6971
39840	-73.0657
39841	-72.8263
39842	-72.6447
39843	-72.4989
39844	-72.6201
39845	-72.8576
39846	-73.1194
39847	-73.0121
39848	-72.4232
39849	-72.53
39850	-72.7082
39851	-72.0904
39852	-72.217
39853	-72.7651
39854	-72.7849
39855	-72.6437
39856	-72.6276
39857	-72.9599
39858	-72.9639
39859	-72.7383
39860	-72.994
39861	-72.9856
39862	-72.9321
39863	-73.0085
39864	-72.767
39865	-72.7027
39866	-72.8711
39867	-72.7554
39868	-72.826
39869	-72.9923
39870	-73.2288
39871	-73.3122
39872	-73.3805
39873	-72.9657
39874	-72.6163
39875	-72.6744
39876	-73.2471
39877	-72.6241
39878	-72.739
39879	-72.797
39880	-73.0057
39881	-72.9836
39882	-72.5447
39883	-72.8991
39884	-73.3733
39885	-73.2843
39886	-73.119
39887	-73.0985
39888	-73.0189
39889	-73.058
39890	-73.0652
39891	-73.1048
39892	-72.5219
39893	-72.737
39894	-72.834
39895	-72.5655
39896	-72.6533
39897	-72.9114
39898	-72.7853
39899	-72.7326
39900	-73.0084
39901	-72.9993
39902	-73.0746
39903	-72.8921
39904	-73.0942
39905	-72.7212
39906	-72.7491
39907	-73.2112
39908	-73.1271
39909	-73.3439
39910	-73.0528
39911	-72.5768
39912	-72.8674
39913	-72.7803
39914	-72.7967
39915	-72.7586
39916	-72.952
39917	-72.7731
39918	-72.5267
39919	-72.4125
39920	-72.7392
39921	-73.1426
39922	-72.7844
39923	-72.6293
39924	-72.9121
39925	-73.0933
39926	-72.8986
39927	-72.9194
39928	-72.8676
39929	-73.1296
39930	-72.4352
39931	-72.6977
39932	-72.4255
39933	-72.81
39934	-72.8061
39935	-72.7572
39936	-72.877
39937	-73.3443
39938	-73.3256
39939	-73.4135
39940	-72.8745
39941	-72.48
39942	-72.4338
39943	-72.1935
39944	-72.9421
39945	-72.6401
39946	-72.9208
39947	-72.8451
39948	-72.7438
39949	-72.7962
39950	-72.6707
39951	-72.7866
39952	-72.8885
39953	-73.0553
39954	-73.2708
39955	-72.9065
39956	-72.667
39957	-72.8902
39958	-73.0127
39959	-72.6322
39960	-72.7712
39961	-72.4888
39962	-72.009
39963	-72.5562
39964	-72.7151
39965	-73.0387
39966	-72.824
39967	-72.3482
39968	-72.641
39969	-72.5107
39970	-72.6427
39971	-73.1065
39972	-73.1518
39973	-72.7894
39974	-72.8975
39975	-72.7775
39976	-72.883
39977	-72.9735
39978	-72.8783
39979	-72.9103
39980	-73.3035
39981	-73.2638
39982	-73.1433
39983	-72.2915
39984	-72.2792
39985	-72.8178
39986	-72.4513
39987	-72.883
39988	-73.1749
39989	-72.8037
39990	-72.517
39991	-72.6304
39992	-72.3519
39993	-72.9658
39994	-72.9138
39995	-72.6537
39996	-72.8964
39997	-72.521
39998	-72.2908
39999	-72.5725
40000	-72.3461
40001	-72.4086
40002	-72.4985
40003	-72.3864
40004	-72.9656
40005	-72.949
40006	-72.5684
40007	-72.3675
40008	-72.154
40009	-71.9269
40010	-71.7301
40011	-71.7647
40012	-71.9205
40013	-71.6947
40014	-71.8198
40015	-71.7984
40016	-71.4484
40017	-71.5303
40018	-71.583
40019	-71.2072
40020	-71.0427
40021	-70.7311
40022	-70.7812
40023	-70.8073
40024	-70.0623
40025	-70.1026
40026	-69.8874
40027	-69.2403
40028	-68.9274
40029	-69.0303
40030	-68.6558
40031	-68.1397
40032	-68.2264
40033	-67.8167
40034	-67.2262
40035	-66.8266
40036	-66.7696
40037	-66.4109
40038	-65.7913
40039	-65.1775
40040	-64.6307
40041	-64.7492
40042	-64.0076
40043	-63.4913
40044	-63.1559
40045	-62.8672
40046	-62.5826
40047	-62.9447
40048	-62.0938
40049	-62.2215
40050	-61.9374
40051	-61.9745
40052	-61.8791
40053	-61.7125
40054	-61.5885
40055	-61.9913
40056	-61.9749
40057	-62.0065
40058	-62.1013
40059	-62.6783
40060	-63.3284
40061	-63.5226
40062	-63.3614
40063	-63.8721
40064	-64.4609
40065	-64.9229
40066	-65.4026
40067	-65.9059
40068	-66.1881
40069	-66.3314
40070	-66.964
40071	-67.4567
40072	-67.7345
40073	-68.1881
40074	-68.2903
40075	-68.5621
40076	-68.7269
40077	-69.528
40078	-69.6021
40079	-69.9659
40080	-70.2629
40081	-69.8657
40082	-70.0671
40083	-70.2777
40084	-71.0346
40085	-71.1161
40086	-71.2417
40087	-71.7535
40088	-71.8154
40089	-72.0956
40090	-71.7629
40091	-71.989
40092	-71.9465
40093	-71.7897
40094	-71.8645
40095	-72.0046
40096	-72.1198
40097	-72.1492
40098	-72.3567
40099	-72.1428
40100	-72.1436
40101	-72.208
40102	-72.3361
40103	-72.0793
40104	-72.1396
40105	-72.0467
40106	-72.6463
40107	-72.5174
40108	-72.7709
40109	-72.1506
40110	-72.1642
40111	-72.4819
40112	-72.6545
40113	-73.0958
40114	-72.8005
40115	-72.4015
40116	-72.4954
40117	-72.6656
40118	-72.9144
40119	-73.282
40120	-72.9026
40121	-72.8001
40122	-72.5481
40123	-72.929
40124	-72.6636
40125	-72.8058
40126	-72.6898
40127	-72.3708
40128	-72.6457
40129	-72.4652
40130	-72.7758
40131	-73.121
40132	-72.9185
40133	-72.6053
40134	-72.7426
40135	-72.9755
40136	-72.8437
40137	-72.6698
40138	-73.1811
40139	-73.2227
40140	-73.0735
40141	-72.6777
40142	-72.5352
40143	-72.8842
40144	-72.8945
40145	-72.5887
40146	-73.1357
40147	-73.0232
40148	-72.4469
40149	-72.9513
40150	-72.7856
40151	-72.8138
40152	-72.6335
40153	-72.8263
40154	-72.8193
40155	-72.5688
40156	-73.1123
40157	-72.8217
40158	-72.6096
40159	-72.8268
40160	-72.3905
40161	-72.5306
40162	-72.9051
40163	-72.818
40164	-72.4926
40165	-72.5467
40166	-72.5427
40167	-72.8671
40168	-72.737
40169	-72.6463
40170	-72.6583
40171	-72.6487
40172	-73.1641
40173	-73.2081
40174	-72.9646
40175	-72.4403
40176	-72.7565
40177	-73.0442
40178	-72.9658
40179	-72.9203
40180	-72.6878
40181	-72.903
40182	-72.8919
40183	-72.5981
40184	-72.7961
40185	-72.8001
40186	-73.083
40187	-73.1429
40188	-73.1766
40189	-72.9626
40190	-73.0266
40191	-73.1077
40192	-73.128
40193	-72.7799
40194	-72.7242
40195	-72.9083
40196	-72.944
40197	-72.7941
40198	-72.6683
40199	-73.0926
40200	-73.1118
40201	-73.0796
40202	-72.9206
40203	-72.9432
40204	-72.4594
40205	-72.167
40206	-72.3403
40207	-72.6855
40208	-72.5857
40209	-72.858
40210	-72.7112
40211	-72.5383
40212	-72.7534
40213	-73.0987
40214	-72.8515
40215	-73.0896
40216	-72.9584
40217	-72.8976
40218	-73.2443
40219	-72.9404
40220	-73.3818
40221	-73.3109
40222	-73.27
40223	-73.4672
40224	-72.7923
40225	-72.9346
40226	-73.0555
40227	-73.0768
40228	-73.0965
40229	-73.1736
40230	-72.9062
40231	-73.3868
40232	-73.1568
40233	-72.9839
40234	-73.0855
40235	-72.8378
40236	-73.2639
40237	-73.0366
40238	-73.0179
40239	-73.4437
40240	-72.9068
40241	-72.8338
40242	-72.8039
40243	-72.6733
40244	-72.6419
40245	-72.9821
40246	-72.4208
40247	-72.5546
40248	-73.0264
40249	-72.6204
40250	-72.7619
40251	-73.0418
40252	-72.7744
40253	-73.0785
40254	-73.276
40255	-73.2003
40256	-73.4972
40257	-73.2412
40258	-73.0623
40259	-72.881
40260	-72.6838
40261	-72.6428
40262	-72.7265
40263	-72.4951
40264	-72.769
40265	-72.4647
40266	-72.866
40267	-72.9047
40268	-73.1296
40269	-73.2623
40270	-73.2654
40271	-73.1496
40272	-72.8767
40273	-72.6949
40274	-72.9907
40275	-73.2781
40276	-73.1832
40277	-72.8432
40278	-72.5711
40279	-73.0347
40280	-73.0208
40281	-72.7245
40282	-72.4659
40283	-72.5829
40284	-72.6889
40285	-73.1753
40286	-72.8823
40287	-72.8544
40288	-72.7408
40289	-72.8439
40290	-72.5641
40291	-72.9257
40292	-72.8369
40293	-72.9349
40294	-72.7115
40295	-72.5811
40296	-72.6648
40297	-72.6206
40298	-72.5147
40299	-72.5496
40300	-73.0443
40301	-72.7961
40302	-73.1247
40303	-73.0982
40304	-72.7481
40305	-73.0173
40306	-73.072
40307	-73.1931
40308	-72.7544
40309	-72.6789
40310	-72.9864
40311	-72.7087
40312	-73.1799
40313	-72.9642
40314	-72.9166
40315	-73.0383
40316	-73.218
40317	-73.0765
40318	-72.7155
40319	-72.7782
40320	-72.7445
40321	-72.809
40322	-72.7905
40323	-72.9268
40324	-73.0662
40325	-72.9759
40326	-72.9624
40327	-72.9605
40328	-72.8145
40329	-72.539
40330	-72.688
40331	-72.826
40332	-73.0321
40333	-72.9376
40334	-72.819
40335	-72.7184
40336	-72.9339
40337	-73.3208
40338	-72.3246
40339	-72.5553
40340	-73.1425
40341	-72.7594
40342	-72.4737
40343	-72.5656
40344	-72.9257
40345	-72.611
40346	-73.0044
40347	-73.0779
40348	-73.3716
40349	-72.5171
40350	-72.3984
40351	-72.3773
40352	-72.5741
40353	-72.984
40354	-73.3847
40355	-73.09
40356	-73.1423
40357	-73.2663
40358	-72.9457
40359	-73.0868
40360	-73.2404
40361	-72.6469
40362	-72.7669
40363	-72.5476
40364	-72.8841
40365	-73.4532
40366	-73.0875
40367	-73.0419
40368	-72.9885
40369	-73.3399
40370	-73.0147
40371	-72.8946
40372	-73.1894
40373	-73.0992
40374	-72.7857
40375	-72.5699
40376	-72.54
40377	-73.085
40378	-72.9178
40379	-72.7386
40380	-72.6775
40381	-73.1098
40382	-73.3123
40383	-73.262
40384	-72.9362
40385	-72.7407
40386	-72.4003
40387	-72.4223
40388	-72.5421
40389	-72.722
40390	-72.8948
40391	-72.4999
40392	-73.1513
40393	-72.981
40394	-72.951
40395	-72.7994
40396	-72.6592
40397	-72.6302
40398	-72.7225
40399	-72.6035
40400	-72.7861
40401	-72.5746
40402	-72.2774
40403	-72.3992
40404	-72.6656
40405	-72.8589
40406	-72.8774
40407	-72.6617
40408	-72.7913
40409	-72.7377
40410	-73.0657
40411	-73.0697
40412	-72.6559
40413	-72.7996
40414	-72.8375
40415	-72.9346
40416	-72.9591
40417	-72.522
40418	-72.3735
40419	-72.7825
40420	-72.8658
40421	-73.2529
40422	-73.1444
40423	-72.6516
40424	-72.5276
40425	-72.7244
40426	-73.0612
40427	-72.779
40428	-72.7889
40429	-72.708
40430	-72.89
40431	-73.205
40432	-73.0179
40433	-73.2699
40434	-72.8791
40435	-72.6779
40436	-72.6487
40437	-72.8193
40438	-72.9708
40439	-73.2253
40440	-73.1635
40441	-72.9021
40442	-72.9382
40443	-72.5595
40444	-72.8609
40445	-73.3049
40446	-73.0882
40447	-72.7815
40448	-73.3256
40449	-73.159
40450	-72.9888
40451	-73.0293
40452	-73.107
40453	-72.616
40454	-72.3624
40455	-72.4129
40456	-73.0247
40457	-73.0307
40458	-72.8234
40459	-72.6192
40460	-72.4017
40461	-72.9312
40462	-72.7112
40463	-72.833
40464	-72.8905
40465	-73.1367
40466	-72.8831
40467	-72.9878
40468	-73.0467
40469	-72.9932
40470	-72.9714
40471	-72.7735
40472	-72.8067
40473	-72.9702
40474	-73.5851
40475	-73.0956
40476	-72.8253
40477	-73.125
40478	-73.1942
40479	-73.0376
40480	-72.8559
40481	-72.9538
40482	-73.1726
40483	-72.9397
40484	-72.6558
40485	-72.7905
40486	-72.7738
40487	-72.5921
40488	-72.8661
40489	-72.9796
40490	-72.885
40491	-73.3427
40492	-72.7382
40493	-72.717
40494	-72.4183
40495	-72.8513
40496	-72.8892
40497	-72.9335
40498	-73.4016
40499	-73.2271
40500	-72.8804
40501	-73.256
40502	-73.0703
40503	-72.8419
40504	-72.8063
40505	-73.2077
40506	-72.787
40507	-73.0263
40508	-73.3566
40509	-72.8183
40510	-72.5613
40511	-72.7947
40512	-72.6863
40513	-72.5415
40514	-72.6979
40515	-72.9831
40516	-73.0138
40517	-72.847
40518	-72.7143
40519	-72.5232
40520	-72.9988
40521	-72.6415
40522	-73.0372
40523	-73.0909
40524	-73.1763
40525	-73.316
40526	-73.2494
40527	-73.0213
40528	-72.8425
40529	-73.3022
40530	-73.4951
40531	-73.257
40532	-72.9583
40533	-72.961
40534	-72.8694
40535	-73.0808
40536	-72.9438
40537	-72.7823
40538	-72.5484
40539	-72.3653
40540	-72.9782
40541	-72.9724
40542	-72.9494
40543	-73.0323
40544	-72.6185
40545	-72.5254
40546	-72.6402
40547	-73.1405
40548	-72.9628
40549	-73.3013
40550	-72.373
40551	-72.2476
40552	-73.0534
40553	-72.6367
40554	-72.9297
40555	-73.0808
40556	-73.2192
40557	-72.9954
40558	-73.071
40559	-72.8038
40560	-72.4703
40561	-72.6956
40562	-72.8903
40563	-72.8106
40564	-72.9673
40565	-72.9499
40566	-72.8102
40567	-73.2273
40568	-73.091
40569	-72.9543
40570	-72.7921
40571	-73.2326
40572	-72.6896
40573	-72.5938
40574	-72.8474
40575	-72.7138
40576	-72.6647
40577	-72.8781
40578	-73.1581
40579	-73.3581
40580	-73.2861
40581	-73.4079
40582	-73.4473
40583	-73.1036
40584	-72.7152
40585	-72.8549
40586	-72.9326
40587	-72.8519
40588	-73.0082
40589	-73.0078
40590	-73.1686
40591	-73.028
40592	-73.1656
40593	-72.9024
40594	-73.126
40595	-72.913
40596	-72.7557
40597	-73.1583
40598	-73.4176
40599	-73.1522
40600	-73.0644
40601	-72.6952
40602	-72.7093
40603	-72.3858
40604	-72.7967
40605	-72.8715
40606	-72.9765
40607	-72.7415
40608	-72.7425
40609	-72.7326
40610	-72.8394
40611	-72.7569
40612	-72.9552
40613	-73.2172
40614	-72.8869
40615	-72.9777
40616	-73.1816
40617	-73.0997
40618	-73.3774
40619	-73.3009
40620	-72.8921
40621	-72.9699
40622	-72.7612
40623	-73.0499
40624	-72.8057
40625	-72.5549
40626	-72.3528
40627	-72.451
40628	-72.7083
40629	-72.9308
40630	-72.9262
40631	-72.6855
40632	-72.5773
40633	-72.5492
40634	-72.332
40635	-72.6894
40636	-72.8017
40637	-73.08
40638	-72.947
40639	-72.9651
40640	-72.9334
40641	-72.7452
40642	-72.9712
40643	-72.9866
40644	-72.9456
40645	-73.157
40646	-72.8759
40647	-72.5556
40648	-72.5992
40649	-72.4583
40650	-72.513
40651	-73.3798
40652	-73.2137
40653	-72.9453
40654	-73.0753
40655	-72.9494
40656	-73.0655
40657	-73.006
40658	-72.7234
40659	-72.5594
40660	-72.8307
40661	-72.5996
40662	-72.3961
40663	-73.1205
40664	-72.8433
40665	-72.7608
40666	-72.8146
40667	-72.7507
40668	-73.0958
40669	-72.6103
40670	-73.2483
40671	-72.6909
40672	-72.7727
40673	-73.0242
40674	-73.3091
40675	-73.2958
40676	-72.8594
40677	-72.5522
40678	-72.8354
40679	-73.3598
40680	-73.0654
40681	-72.7223
40682	-73.3232
40683	-72.9993
40684	-73.1328
40685	-72.9772
40686	-72.7976
40687	-72.7926
40688	-72.5818
40689	-72.8768
40690	-72.9154
40691	-73.0863
40692	-73.0701
40693	-72.4936
40694	-72.7505
40695	-72.8759
40696	-73.1406
40697	-73.3831
40698	-72.962
40699	-73.2444
40700	-73.4246
40701	-72.9943
40702	-73.0183
40703	-72.831
40704	-72.9877
40705	-72.8534
40706	-72.8368
40707	-72.6713
40708	-72.5143
40709	-72.2401
40710	-72.4859
40711	-73.0648
40712	-72.5135
40713	-72.2622
40714	-72.3228
40715	-72.683
40716	-73.1526
40717	-73.129
40718	-72.6241
40719	-72.794
40720	-73.0406
40721	-73.2918
40722	-72.9702
40723	-73.2859
40724	-73.2515
40725	-73.0184
40726	-73.117
40727	-73.1525
40728	-72.7107
40729	-72.4396
40730	-72.728
40731	-72.5592
40732	-73.243
40733	-73.0941
40734	-72.6407
40735	-72.7079
40736	-72.829
40737	-73.1127
40738	-73.2155
40739	-72.8813
40740	-72.7503
40741	-72.6052
40742	-72.7008
40743	-72.4866
40744	-72.7769
40745	-72.7476
40746	-72.6925
40747	-72.3414
40748	-72.5543
40749	-72.9003
40750	-73.1459
40751	-72.45
40752	-72.7839
40753	-73.0623
40754	-73.0181
40755	-72.6739
40756	-72.7966
40757	-72.8817
40758	-72.9255
40759	-73.1962
40760	-72.7576
40761	-72.7888
40762	-72.9518
40763	-72.9825
40764	-73.3904
40765	-72.7988
40766	-72.5181
40767	-72.8583
40768	-72.8929
40769	-72.9089
40770	-72.6752
40771	-72.9485
40772	-72.6058
40773	-72.9938
40774	-73.1493
40775	-73.1815
40776	-72.4579
40777	-72.3864
40778	-72.6978
40779	-73.099
40780	-73.0275
40781	-72.8839
40782	-73.1232
40783	-73.1088
40784	-72.5544
40785	-72.6597
40786	-72.7276
40787	-73.1582
40788	-73.3197
40789	-73.1638
40790	-72.9098
40791	-73.2128
40792	-72.9529
40793	-72.7583
40794	-72.9732
40795	-72.9027
40796	-72.7719
40797	-73.1783
40798	-73.2753
40799	-73.1117
40800	-73.1202
40801	-72.7113
40802	-72.2042
40803	-72.641
40804	-73.0117
40805	-73.178
40806	-72.6219
40807	-73.1188
40808	-73.0884
40809	-72.8774
40810	-72.95
40811	-72.9868
40812	-72.909
40813	-72.6141
40814	-73.1137
40815	-73.1002
40816	-72.7044
40817	-73.1208
40818	-73.2351
40819	-73.028
40820	-72.8725
40821	-72.8745
40822	-72.9139
40823	-73.0127
40824	-72.9615
40825	-72.7635
40826	-72.5253
40827	-72.8404
40828	-72.7089
40829	-72.896
40830	-73.006
40831	-72.9244
40832	-73.2363
40833	-72.9079
40834	-72.4182
40835	-72.7115
40836	-72.9878
40837	-73.0187
40838	-72.6333
40839	-72.6352
40840	-73.3171
40841	-72.8594
40842	-72.717
40843	-72.8026
40844	-72.9134
40845	-72.9115
40846	-72.7646
40847	-72.3772
40848	-73.0782
40849	-73.0907
40850	-73.0122
40851	-73.2708
40852	-73.0358
40853	-72.787
40854	-72.7087
40855	-72.8737
40856	-73.2614
40857	-73.256
40858	-73.1698
40859	-72.8671
40860	-72.736
40861	-73.0197
40862	-72.8392
40863	-73.2977
40864	-72.7807
40865	-73.1528
40866	-72.7864
40867	-72.6022
40868	-72.6201
40869	-72.5547
40870	-72.9648
40871	-72.679
40872	-72.81
40873	-72.905
40874	-73.4814
40875	-72.8018
40876	-72.8182
40877	-73.3116
40878	-72.9657
40879	-72.6616
40880	-72.697
40881	-72.7924
40882	-72.5289
40883	-73.2184
40884	-73.024
40885	-72.9534
40886	-73.2565
40887	-73.3521
40888	-72.9373
40889	-72.9006
40890	-72.8018
40891	-73.1843
40892	-72.8639
40893	-72.9061
40894	-73.3815
40895	-73.0778
40896	-73.1278
40897	-73.0531
40898	-72.8077
40899	-73.4056
40900	-72.9404
40901	-72.7461
40902	-72.9895
40903	-73.1719
40904	-72.8067
40905	-72.7511
40906	-72.9397
40907	-72.7459
40908	-73.6112
40909	-73.1861
40910	-73.1121
40911	-72.7161
40912	-73.5489
40913	-73.5218
40914	-73.0098
40915	-72.7537
40916	-72.8856
40917	-72.8568
40918	-72.5801
40919	-73.3031
40920	-72.9167
40921	-72.798
40922	-72.8901
40923	-72.9431
40924	-73.2464
40925	-73.1886
40926	-73.2118
40927	-72.8883
40928	-72.8948
40929	-72.806
40930	-73.0391
40931	-72.7606
40932	-72.7279
40933	-72.8857
40934	-73.0612
40935	-72.8402
40936	-72.7247
40937	-72.768
40938	-72.5814
40939	-72.8516
40940	-73.2474
40941	-72.724
40942	-72.9764
40943	-73.0188
40944	-73.1072
40945	-73.1522
40946	-73.2991
40947	-72.8822
40948	-73.0657
40949	-72.7954
40950	-72.5907
40951	-73.344
40952	-73.3889
40953	-73.1062
40954	-72.8963
40955	-72.7678
40956	-72.6611
40957	-72.2927
40958	-72.4637
40959	-73.0854
40960	-72.9535
40961	-72.757
40962	-72.8257
40963	-73.0906
40964	-73.2285
40965	-72.9786
40966	-72.9334
40967	-72.7414
40968	-72.6615
40969	-72.6259
40970	-72.9045
40971	-72.6809
40972	-73.0597
40973	-73.3493
40974	-73.1278
40975	-73.4786
40976	-73.076
40977	-72.8338
40978	-73.0359
40979	-72.9382
40980	-72.9026
40981	-73.0183
40982	-73.1777
40983	-72.7267
40984	-72.4941
40985	-72.4331
40986	-72.5455
40987	-72.723
40988	-72.6144
40989	-72.8266
40990	-73.3802
40991	-73.1073
40992	-72.6692
40993	-72.5766
40994	-72.6123
40995	-72.5688
40996	-72.542
40997	-72.7605
40998	-72.8576
40999	-72.901
41000	-73.249
41001	-73.0788
41002	-72.8518
41003	-73.0103
41004	-72.8953
41005	-72.7553
41006	-72.5849
41007	-72.9584
41008	-72.8954
41009	-73.0049
41010	-73.3436
41011	-73.3913
41012	-73.0709
41013	-73.1175
41014	-73.364
41015	-73.2177
41016	-72.9966
41017	-72.7908
41018	-72.6215
41019	-72.9538
41020	-73.1802
41021	-72.9558
41022	-73.081
41023	-73.0054
41024	-73.5149
41025	-73.1755
41026	-72.4182
41027	-72.6224
41028	-72.9295
41029	-72.4374
41030	-72.3451
41031	-72.6901
41032	-72.7334
41033	-72.939
41034	-72.9444
41035	-72.9349
41036	-72.7866
41037	-72.9925
41038	-72.7256
41039	-72.8099
41040	-73.101
41041	-73.2199
41042	-72.8616
41043	-72.8656
41044	-73.3483
41045	-73.1563
41046	-72.7455
41047	-72.7431
41048	-73.0088
41049	-72.8784
41050	-73.0408
41051	-72.7629
41052	-72.7766
41053	-72.6832
41054	-72.7429
41055	-72.7274
41056	-73.0102
41057	-73.1632
41058	-73.1075
41059	-73.1005
41060	-73.0456
41061	-72.8646
41062	-72.8388
41063	-72.8402
41064	-72.5505
41065	-72.7775
41066	-72.904
41067	-72.9949
41068	-73.0185
41069	-73.0369
41070	-72.8469
41071	-72.8757
41072	-72.9534
41073	-73.1404
41074	-72.9333
41075	-73.0139
41076	-72.9858
41077	-72.8559
41078	-72.5759
41079	-72.7787
41080	-73.2247
41081	-73.5977
41082	-73.2792
41083	-72.854
41084	-72.5314
41085	-72.6354
41086	-72.7185
41087	-72.4125
41088	-72.9745
41089	-72.7357
41090	-72.7173
41091	-73.0007
41092	-72.9713
41093	-72.8983
41094	-73.1758
41095	-73.4043
41096	-73.0923
41097	-73.0234
41098	-72.8711
41099	-72.8543
41100	-72.8856
41101	-73.1547
41102	-73.251
41103	-73.4505
41104	-73.0103
41105	-72.9907
41106	-73.177
41107	-73.1285
41108	-72.9243
41109	-73.0867
41110	-73.0549
41111	-72.8971
41112	-72.7175
41113	-73.0091
41114	-72.8657
41115	-72.8963
41116	-73.1333
41117	-73.2733
41118	-72.8773
41119	-72.6432
41120	-72.8034
41121	-73.1081
41122	-73.2094
41123	-72.5792
41124	-72.658
41125	-72.941
41126	-72.8064
41127	-72.6211
41128	-72.9487
41129	-73.3711
41130	-73.4086
41131	-72.8653
41132	-72.9516
41133	-72.9631
41134	-73.0318
41135	-72.739
41136	-72.7629
41137	-72.7738
41138	-72.7116
41139	-72.3023
41140	-72.6943
41141	-72.9991
41142	-73.3878
41143	-73.5019
41144	-73.3209
41145	-72.8238
41146	-72.7953
41147	-72.7338
41148	-73.1261
41149	-73.3706
41150	-72.7313
41151	-72.5929
41152	-72.9747
41153	-73.1358
41154	-73.4538
41155	-73.4391
41156	-73.1221
41157	-72.9045
41158	-73.0104
41159	-72.9781
41160	-72.9731
41161	-73.047
41162	-73.161
41163	-72.966
41164	-72.7864
41165	-72.5538
41166	-72.3171
41167	-72.583
41168	-73.2051
41169	-72.9802
41170	-72.5934
41171	-72.8597
41172	-72.6594
41173	-72.803
41174	-73.0536
41175	-73.029
41176	-72.8738
41177	-72.99
41178	-72.9131
41179	-72.8245
41180	-72.4623
41181	-72.6059
41182	-73.2098
41183	-73.1143
41184	-73.0496
41185	-73.1159
41186	-72.9758
41187	-72.5044
41188	-72.843
41189	-73.0058
41190	-73.0772
41191	-73.013
41192	-73.1385
41193	-73.2409
41194	-73.0211
41195	-72.8959
41196	-73.2482
41197	-73.2032
41198	-73.0556
41199	-73.3296
41200	-72.9668
41201	-72.6597
41202	-72.7002
41203	-72.9868
41204	-73.0876
41205	-72.828
41206	-72.7884
41207	-72.9565
41208	-73.1637
41209	-72.9807
41210	-72.9315
41211	-72.9145
41212	-72.6219
41213	-72.872
41214	-73.0177
41215	-72.866
41216	-72.9447
41217	-72.8891
41218	-72.5283
41219	-72.2636
41220	-72.8213
41221	-73.0186
41222	-73.171
41223	-73.0738
41224	-73.3366
41225	-73.0443
41226	-72.9461
41227	-72.675
41228	-72.7368
41229	-73.0191
41230	-72.7196
41231	-72.4517
41232	-72.609
41233	-73.1265
41234	-73.1447
41235	-73.0491
41236	-73.1682
41237	-73.1705
41238	-73.0382
41239	-72.7528
41240	-73.0158
41241	-73.0545
41242	-72.6163
41243	-72.9312
41244	-72.8556
41245	-72.8281
41246	-72.9649
41247	-72.914
41248	-72.6203
41249	-72.7337
41250	-72.8101
41251	-72.8626
41252	-72.879
41253	-73.1075
41254	-73.1886
41255	-72.8228
41256	-72.7296
41257	-72.5828
41258	-72.8368
41259	-72.8154
41260	-73.0555
41261	-73.0335
41262	-72.8526
41263	-72.539
41264	-72.6176
41265	-72.9573
41266	-73.1795
41267	-73.3029
41268	-72.8426
41269	-72.441
41270	-72.63
41271	-72.9473
41272	-72.8116
41273	-72.9995
41274	-73.1894
41275	-73.2524
41276	-72.5878
41277	-72.6184
41278	-72.8508
41279	-72.7739
41280	-72.3252
41281	-72.7995
41282	-73.0964
41283	-73.2068
41284	-72.9584
41285	-72.5999
41286	-73.1243
41287	-72.8701
41288	-72.9453
41289	-72.8348
41290	-72.9132
41291	-73.3861
41292	-73.1141
41293	-72.9543
41294	-72.9963
41295	-72.6271
41296	-73.5079
41297	-73.5094
41298	-73.4435
41299	-73.1834
41300	-73.0878
41301	-73.4102
41302	-72.9762
41303	-72.9087
41304	-72.8358
41305	-73.1202
41306	-73.2148
41307	-73.0995
41308	-72.9295
41309	-72.9257
41310	-72.9067
41311	-73.2697
41312	-73.0408
41313	-72.3669
41314	-72.7925
41315	-73.055
41316	-73.0721
41317	-72.9576
41318	-72.8983
41319	-72.9591
41320	-72.817
41321	-72.9717
41322	-73.381
41323	-73.2651
41324	-72.6013
41325	-72.4249
41326	-72.9186
41327	-73.1205
41328	-72.6977
41329	-72.8504
41330	-73.171
41331	-73.1777
41332	-73.2334
41333	-73.0988
41334	-73.01
41335	-72.5569
41336	-72.5304
41337	-72.6946
41338	-73.0187
41339	-72.9702
41340	-73.3149
41341	-72.7864
41342	-72.6903
41343	-72.6398
41344	-72.6378
41345	-72.883
41346	-73.0548
41347	-72.9558
41348	-73.3189
41349	-72.6612
41350	-72.9717
41351	-72.9213
41352	-72.6749
41353	-73.1008
41354	-73.159
41355	-73.0005
41356	-73.0722
41357	-73.2508
41358	-73.2443
41359	-73.0704
41360	-73.0827
41361	-73.1303
41362	-72.9771
41363	-72.9383
41364	-73.3399
41365	-73.0912
41366	-73.2513
41367	-73.1116
41368	-73.2623
41369	-73.1089
41370	-73.0063
41371	-73.0278
41372	-72.917
41373	-72.8096
41374	-72.6027
41375	-72.6345
41376	-72.8695
41377	-72.7111
41378	-73.1008
41379	-73.2111
41380	-72.9865
41381	-72.9366
41382	-72.8993
41383	-72.849
41384	-73.1994
41385	-72.9614
41386	-72.6166
41387	-72.5627
41388	-73.1153
41389	-73.057
41390	-73.0648
41391	-72.6606
41392	-72.6453
41393	-72.6123
41394	-73.0879
41395	-72.982
41396	-73.0507
41397	-73.0604
41398	-72.917
41399	-73.067
41400	-72.8023
41401	-72.13
41402	-72.6993
41403	-72.8327
41404	-72.7529
41405	-72.9858
41406	-72.9005
41407	-72.8777
41408	-72.8227
41409	-72.8744
41410	-72.7579
41411	-72.4921
41412	-72.7662
41413	-73.062
41414	-72.8952
41415	-73.33
41416	-73.0299
41417	-73.069
41418	-73.2761
41419	-73.3009
41420	-73.0853
41421	-73.114
41422	-73.3022
41423	-73.0631
41424	-73.0357
41425	-73.1016
41426	-73.1425
41427	-73.0507
41428	-72.5966
41429	-72.6126
41430	-72.594
41431	-73.054
41432	-72.7677
41433	-72.8975
41434	-72.5394
41435	-72.9203
41436	-72.9504
41437	-72.9425
41438	-72.9419
41439	-72.8486
41440	-73.3073
41441	-72.968
41442	-72.5675
41443	-72.7084
41444	-72.765
41445	-72.5527
41446	-72.6037
41447	-72.9796
41448	-72.6608
41449	-72.7147
41450	-73.4294
41451	-73.1625
41452	-72.9428
41453	-72.8978
41454	-73.0245
41455	-73.0723
41456	-72.9134
41457	-73.0101
41458	-72.9622
41459	-73.1535
41460	-72.9361
41461	-72.5917
41462	-72.6482
41463	-72.9762
41464	-72.93
41465	-72.8295
41466	-72.908
41467	-72.8197
41468	-72.5954
41469	-72.9676
41470	-73.2301
41471	-72.9096
41472	-73.0086
41473	-73.3024
41474	-73.3308
41475	-73.1681
41476	-72.6578
41477	-72.5214
41478	-73.3598
41479	-73.1008
41480	-72.7589
41481	-72.6902
41482	-72.5933
41483	-72.9396
41484	-73.3585
41485	-73.3643
41486	-72.9794
41487	-73.2282
41488	-72.8709
41489	-72.9425
41490	-73.2824
41491	-73.1482
41492	-72.6413
41493	-72.6862
41494	-72.6892
41495	-72.8675
41496	-73.0131
41497	-72.5779
41498	-72.7473
41499	-72.7387
41500	-72.6927
41501	-72.7314
41502	-73.0188
41503	-73.2619
41504	-73.194
41505	-73.2152
41506	-73.1441
41507	-73.09
41508	-73.1932
41509	-73.0758
41510	-72.7388
41511	-72.5449
41512	-73.0587
41513	-73.2794
41514	-72.8004
41515	-72.7033
41516	-72.9699
41517	-73.4348
41518	-73.0837
41519	-72.9785
41520	-73.1037
41521	-72.8422
41522	-72.5631
41523	-72.7399
41524	-72.6389
41525	-72.951
41526	-72.9873
41527	-73.2011
41528	-73.3883
41529	-73.3383
41530	-72.9142
41531	-73.2822
41532	-73.2497
41533	-73.0769
41534	-72.9812
41535	-73.0016
41536	-73.0006
41537	-72.8316
41538	-73.4442
41539	-72.9356
41540	-72.7879
41541	-72.6147
41542	-72.9307
41543	-72.8959
41544	-73.2597
41545	-73.1218
41546	-72.9272
41547	-72.2366
41548	-72.1047
41549	-72.7995
41550	-72.7469
41551	-72.6829
41552	-73.2198
41553	-73.1237
41554	-72.8772
41555	-73.006
41556	-73.4029
41557	-72.7215
41558	-72.6183
41559	-72.8535
41560	-72.7589
41561	-72.6126
41562	-72.6237
41563	-72.819
41564	-72.9045
41565	-72.6681
41566	-72.8157
41567	-73.0032
41568	-73.0453
41569	-72.757
41570	-72.8584
41571	-72.9457
41572	-72.7549
41573	-72.9708
41574	-72.9775
41575	-72.9841
41576	-72.9847
41577	-72.6171
41578	-72.9311
41579	-73.0505
41580	-72.6031
41581	-72.6568
41582	-72.51
41583	-72.687
41584	-72.7676
41585	-73.1787
41586	-73.0881
41587	-73.2742
41588	-73.0241
41589	-72.7674
41590	-72.6013
41591	-72.3464
41592	-72.6114
41593	-73.1413
41594	-73.1126
41595	-73.2406
41596	-72.9958
41597	-72.7569
41598	-73.2932
41599	-73.3938
41600	-73.2486
41601	-72.7084
41602	-72.283
41603	-72.4961
41604	-72.4461
41605	-72.8244
41606	-72.8555
41607	-72.7843
41608	-72.7096
41609	-72.6165
41610	-72.9722
41611	-72.8825
41612	-72.5733
41613	-73.0198
41614	-73.1151
41615	-73.1409
41616	-72.6957
41617	-72.8691
41618	-73.4342
41619	-73.2915
41620	-72.5815
41621	-72.7917
41622	-73.2747
41623	-73.1554
41624	-73.2368
41625	-73.3305
41626	-73.2058
41627	-73.2712
41628	-72.9721
41629	-72.759
41630	-72.8943
41631	-73.0968
41632	-73.0094
41633	-72.9651
41634	-72.9477
41635	-73.0947
41636	-72.9988
41637	-72.8128
41638	-72.5982
41639	-72.6667
41640	-72.5574
41641	-72.57
41642	-72.9122
41643	-73.2989
41644	-73.1014
41645	-73.0333
41646	-73.2138
41647	-73.0395
41648	-73.2447
41649	-73.2763
41650	-73.263
41651	-73.3347
41652	-73.0542
41653	-72.6528
41654	-72.9121
41655	-72.9059
41656	-73.0333
41657	-73.0444
41658	-73.0328
41659	-72.8601
41660	-72.7132
41661	-72.8461
41662	-73.0285
41663	-72.8325
41664	-73.0851
41665	-72.6745
41666	-72.716
41667	-72.7944
41668	-72.9772
41669	-72.9416
41670	-72.7542
41671	-72.6768
41672	-72.4877
41673	-72.9372
41674	-72.8076
41675	-72.6033
41676	-72.6302
41677	-72.7113
41678	-73.071
41679	-72.9328
41680	-72.6792
41681	-72.7057
41682	-72.7667
41683	-72.6284
41684	-72.5861
41685	-72.8721
41686	-72.757
41687	-72.7664
41688	-72.9301
41689	-72.9899
41690	-72.755
41691	-72.7943
41692	-73.1052
41693	-73.1442
41694	-72.9516
41695	-73.0084
41696	-73.2963
41697	-73.1344
41698	-73.0442
41699	-73.0221
41700	-73.1496
41701	-72.9549
41702	-72.9321
41703	-73.1784
41704	-73.0762
41705	-72.7919
41706	-72.9983
41707	-73.2926
41708	-73.5491
41709	-72.5989
41710	-73.0344
41711	-73.4596
41712	-73.6165
41713	-72.7701
41714	-73.0405
41715	-73.1285
41716	-72.8269
41717	-72.8532
41718	-72.9867
41719	-72.9068
41720	-72.5854
41721	-72.6594
41722	-73.1012
41723	-72.9061
41724	-72.9112
41725	-72.6203
41726	-73.006
41727	-72.9074
41728	-72.7454
41729	-72.9639
41730	-72.9473
41731	-72.865
41732	-72.8427
41733	-72.8157
41734	-72.9256
41735	-72.91
41736	-72.9126
41737	-73.0746
41738	-72.9703
41739	-72.8985
41740	-73.0649
41741	-72.9724
41742	-72.9393
41743	-73.3835
41744	-72.9938
41745	-72.7709
41746	-72.5592
41747	-72.9197
41748	-72.9299
41749	-72.8456
41750	-72.7634
41751	-73.1159
41752	-73.2794
41753	-73.0717
41754	-72.831
41755	-72.8513
41756	-72.8689
41757	-72.8608
41758	-72.9914
41759	-73.0832
41760	-73.2338
41761	-73.0956
41762	-72.7065
41763	-73.1509
41764	-73.0123
41765	-72.946
41766	-72.9827
41767	-72.8047
41768	-73.2485
41769	-72.8413
41770	-72.8943
41771	-72.9468
41772	-73.2482
41773	-73.2439
41774	-73.1841
41775	-72.8456
41776	-72.9149
41777	-72.6981
41778	-72.9337
41779	-72.5986
41780	-72.6645
41781	-72.9165
41782	-72.6987
41783	-72.6843
41784	-73.0033
41785	-72.817
41786	-72.8067
41787	-73.2198
41788	-72.7201
41789	-72.7635
41790	-73.141
41791	-72.8526
41792	-73.0522
41793	-73.1553
41794	-73.0875
41795	-72.9945
41796	-73.235
41797	-73.2483
41798	-73.1028
41799	-72.782
41800	-72.9281
41801	-72.7916
41802	-73.1381
41803	-72.939
41804	-72.7936
41805	-72.9439
41806	-73.2593
41807	-73.1449
41808	-72.8656
41809	-72.8638
41810	-73.1649
41811	-73.128
41812	-72.9516
41813	-73.0076
41814	-72.9975
41815	-72.7527
41816	-72.8342
41817	-73.224
41818	-73.1228
41819	-73.0524
41820	-72.9576
41821	-72.7272
41822	-73.0244
41823	-72.6056
41824	-72.6993
41825	-73.1641
41826	-73.2394
41827	-73.2185
41828	-73.1293
41829	-73.0612
41830	-73.1747
41831	-73.2686
41832	-72.4539
41833	-72.5567
41834	-72.9051
41835	-73.0388
41836	-72.9273
41837	-73.2606
41838	-73.4463
41839	-73.0316
41840	-73.1972
41841	-72.5444
41842	-72.5478
41843	-73.0515
41844	-73.0523
41845	-72.9189
41846	-72.9162
41847	-72.8941
41848	-73.2372
41849	-72.8831
41850	-72.6559
41851	-72.459
41852	-72.8817
41853	-72.6048
41854	-72.5342
41855	-73.0151
41856	-72.7141
41857	-72.8285
41858	-73.1914
41859	-72.9525
41860	-72.666
41861	-72.6836
41862	-73.2332
41863	-73.2117
41864	-73.3835
41865	-73.496
41866	-73.2962
41867	-72.8658
41868	-72.9019
41869	-72.9399
41870	-73.3289
41871	-73.1096
41872	-73.4626
41873	-72.9898
41874	-72.7344
41875	-72.94
41876	-72.545
41877	-72.7322
41878	-72.9291
41879	-73.3077
41880	-73.0138
41881	-72.9683
41882	-73.0311
41883	-72.834
41884	-72.7202
41885	-72.3507
41886	-72.5638
41887	-72.7546
41888	-72.641
41889	-72.8623
41890	-72.8836
41891	-72.5084
41892	-72.6051
41893	-72.4008
41894	-72.9083
41895	-72.8632
41896	-72.5261
41897	-72.144
41898	-72.3754
41899	-73.2028
41900	-73.2728
41901	-73.3261
41902	-73.3702
41903	-72.7839
41904	-72.9752
41905	-72.6752
41906	-72.8387
41907	-73.0464
41908	-73.0238
41909	-73.5848
41910	-73.032
41911	-73.2629
41912	-73.0983
41913	-72.9896
41914	-72.797
41915	-72.4808
41916	-72.7732
41917	-72.4819
41918	-73.0989
41919	-73.161
41920	-72.855
41921	-72.9659
41922	-73.3289
41923	-73.4892
41924	-73.3433
41925	-73.3407
41926	-73.0346
41927	-72.9209
41928	-72.8118
41929	-72.9643
41930	-72.9025
41931	-73.1306
41932	-73.0231
41933	-73.0097
41934	-72.7659
41935	-73.2143
41936	-72.6864
41937	-73.0827
41938	-73.0173
41939	-73.1002
41940	-73.2293
41941	-73.2719
41942	-72.8347
41943	-73.1913
41944	-72.7925
41945	-72.8737
41946	-72.8232
41947	-73.2171
41948	-72.9563
41949	-72.7788
41950	-73.0473
41951	-73.4947
41952	-73.3732
41953	-73.1324
41954	-73.2668
41955	-72.9625
41956	-72.8905
41957	-72.7908
41958	-72.4489
41959	-72.8222
41960	-72.9662
41961	-73.2232
41962	-72.9328
41963	-73.2495
41964	-73.2749
41965	-73.2089
41966	-73.2006
41967	-73.0124
41968	-72.8556
41969	-73.008
41970	-72.9893
41971	-73.0373
41972	-72.9707
41973	-72.6537
41974	-72.7214
41975	-72.9181
41976	-73.0398
41977	-72.843
41978	-72.8668
41979	-73.2985
41980	-73.0703
41981	-72.6941
41982	-72.7244
41983	-72.7757
41984	-72.833
41985	-73.1652
41986	-73.2933
41987	-72.9288
41988	-73.0228
41989	-72.9992
41990	-72.8601
41991	-72.8881
41992	-73.1245
41993	-72.8357
41994	-72.9889
41995	-72.9897
41996	-73.0195
41997	-72.7713
41998	-73.0505
41999	-73.0102
42000	-72.6063
42001	-72.593
42002	-72.5895
42003	-72.5809
42004	-72.844
42005	-73.3483
42006	-72.7974
42007	-72.6398
42008	-72.805
42009	-72.7648
42010	-73.104
42011	-73.545
42012	-73.4791
42013	-73.0066
42014	-72.7457
42015	-73.0384
42016	-73.2464
42017	-73.8107
42018	-73.373
42019	-72.8707
42020	-72.9245
42021	-72.7239
42022	-72.5227
42023	-72.8159
42024	-72.7252
42025	-72.7083
42026	-72.6564
42027	-72.6224
42028	-72.5159
42029	-72.6328
42030	-72.7324
42031	-73.005
42032	-73.466
42033	-73.3481
42034	-72.6157
42035	-73.1665
42036	-73.1972
42037	-73.3238
42038	-73.1256
42039	-73.0623
42040	-72.912
42041	-73.0038
42042	-72.6788
42043	-72.9575
42044	-73.1263
42045	-73.1927
42046	-72.8032
42047	-72.4666
42048	-72.7833
42049	-72.629
42050	-72.4939
42051	-72.4254
42052	-72.4361
42053	-73.143
42054	-73.3642
42055	-73.2387
42056	-73.0822
42057	-72.9834
42058	-72.8802
42059	-73.1581
42060	-72.9762
42061	-72.4726
42062	-72.4653
42063	-72.4924
42064	-72.9937
42065	-72.9001
42066	-73.3631
42067	-73.0465
42068	-73.1375
42069	-73.0725
42070	-72.9586
42071	-73.4099
42072	-73.0426
42073	-72.9124
42074	-72.8899
42075	-72.5122
42076	-72.9935
42077	-73.0312
42078	-73.2199
42079	-73.2721
42080	-73.0428
42081	-72.8088
42082	-73.0157
42083	-72.9782
42084	-73.0421
42085	-73.1601
42086	-73.0553
42087	-72.7182
42088	-72.7392
42089	-73.3041
42090	-73.2963
42091	-72.9091
42092	-73.0462
42093	-73.197
42094	-72.9749
42095	-72.5792
42096	-72.9699
42097	-73.1645
42098	-73.0992
42099	-72.7887
42100	-72.3322
42101	-72.2663
42102	-72.629
42103	-72.7545
42104	-72.9231
42105	-72.4687
42106	-72.8769
42107	-73.2948
42108	-73.417
42109	-73.4526
42110	-72.7094
42111	-72.4174
42112	-72.8984
42113	-73.3887
42114	-73.3093
42115	-73.2575
42116	-72.9816
42117	-73.0819
42118	-72.8369
42119	-73.0651
42120	-73.1687
42121	-73.023
42122	-72.9904
42123	-72.403
42124	-72.7792
42125	-72.9039
42126	-73.1338
42127	-73.231
42128	-72.7052
42129	-72.9693
42130	-73.1289
42131	-73.0977
42132	-73.072
42133	-73.3059
42134	-73.3034
42135	-72.8892
42136	-73.2249
42137	-73.1023
42138	-72.807
42139	-72.4637
42140	-72.3668
42141	-72.6586
42142	-73.1021
42143	-73.1028
42144	-73.4833
42145	-73.3544
42146	-73.2213
42147	-72.8571
42148	-72.7642
42149	-72.912
42150	-72.3561
42151	-72.3118
42152	-72.7802
42153	-72.874
42154	-72.5615
42155	-72.8194
42156	-72.8913
42157	-73.2265
42158	-72.8206
42159	-72.8068
42160	-72.9276
42161	-72.6708
42162	-73.049
42163	-73.4782
42164	-73.3438
42165	-73.25
42166	-73.2262
42167	-73.1917
42168	-72.9812
42169	-73.0497
42170	-72.7143
42171	-72.5609
42172	-72.8865
42173	-72.6791
42174	-72.6213
42175	-72.7322
42176	-73.14
42177	-73.2011
42178	-73.1073
42179	-73.3107
42180	-72.9118
42181	-73.0707
42182	-72.8666
42183	-73.1766
42184	-73.1544
42185	-73.2793
42186	-72.8318
42187	-72.753
42188	-72.4575
42189	-72.6295
42190	-72.4852
42191	-72.5489
42192	-72.5348
42193	-72.7916
42194	-72.7196
42195	-72.8258
42196	-72.9651
42197	-72.7599
42198	-73.3249
42199	-72.9488
42200	-72.8615
42201	-73.2771
42202	-73.0814
42203	-73.2127
42204	-72.6332
42205	-72.8576
42206	-72.6793
42207	-72.7527
42208	-72.7744
42209	-72.9103
42210	-73.2517
42211	-73.0639
42212	-73.203
42213	-73.2907
42214	-73.0517
42215	-73.0533
42216	-73.0337
42217	-72.7957
42218	-72.8339
42219	-72.8188
42220	-72.6387
42221	-73.293
42222	-73.176
42223	-73.3417
42224	-73.4844
42225	-73.4784
42226	-73.2297
42227	-73.2019
42228	-72.7259
42229	-72.5679
42230	-72.7512
42231	-72.8916
42232	-72.9773
42233	-72.9545
42234	-72.7633
42235	-73.0913
42236	-73.1549
42237	-73.2049
42238	-72.6829
42239	-72.5342
42240	-72.4468
42241	-72.4718
42242	-72.8158
42243	-72.827
42244	-72.9075
42245	-72.8424
42246	-72.9519
42247	-73.0505
42248	-72.8791
42249	-72.6651
42250	-72.6287
42251	-72.9414
42252	-73.2861
42253	-73.3191
42254	-72.839
42255	-72.9204
42256	-72.8164
42257	-72.9043
42258	-73.1963
42259	-72.9058
42260	-73.0733
42261	-73.6642
42262	-72.9483
42263	-72.8693
42264	-72.8919
42265	-73.336
42266	-73.3237
42267	-73.2798
42268	-72.7391
42269	-73.0148
42270	-72.5649
42271	-72.7118
42272	-72.936
42273	-73.0195
42274	-72.8044
42275	-72.8515
42276	-72.9966
42277	-72.7332
42278	-72.9208
42279	-72.475
42280	-72.9249
42281	-73.2391
42282	-73.0406
42283	-72.4566
42284	-72.3231
42285	-72.7533
42286	-73.3216
42287	-72.7501
42288	-72.6238
42289	-72.7041
42290	-72.6995
42291	-73.1807
42292	-72.9363
42293	-73.0043
42294	-73.0268
42295	-72.6602
42296	-73.1374
42297	-73.4754
42298	-73.4769
42299	-73.0829
42300	-73.1032
42301	-73.3264
42302	-73.3227
42303	-72.7946
42304	-72.6929
42305	-72.8807
42306	-73.1325
42307	-73.431
42308	-73.3964
42309	-72.9698
42310	-72.6775
42311	-73.0339
42312	-72.825
42313	-72.397
42314	-72.7648
42315	-73.0466
42316	-73.3423
42317	-73.2318
42318	-72.9196
42319	-73.175
42320	-73.1709
42321	-73.0118
42322	-72.9215
42323	-72.729
42324	-72.7298
42325	-72.6639
42326	-73.0449
42327	-73.1584
42328	-73.0086
42329	-72.8811
42330	-72.6841
42331	-72.4109
42332	-72.9082
42333	-72.7932
42334	-72.5912
42335	-72.6895
42336	-72.7767
42337	-72.6491
42338	-72.4381
42339	-72.1526
42340	-72.9726
42341	-72.5629
42342	-72.7727
42343	-72.6161
42344	-72.6687
42345	-72.5464
42346	-73.5921
42347	-73.2783
42348	-73.0331
42349	-73.2757
42350	-72.8947
42351	-72.7093
42352	-73.4753
42353	-73.4113
42354	-72.8629
42355	-72.6777
42356	-72.8741
42357	-73.2107
42358	-73.2279
42359	-73.0215
42360	-73.0469
42361	-73.3231
42362	-72.9122
42363	-72.6397
42364	-72.6955
42365	-72.8021
42366	-72.557
42367	-72.7001
42368	-72.9333
42369	-72.6322
42370	-72.7412
42371	-72.7295
42372	-73.0526
42373	-72.9462
42374	-73.1468
42375	-73.1612
42376	-72.8909
42377	-72.6707
42378	-72.7882
42379	-72.6335
42380	-72.7251
42381	-72.8759
42382	-73.5101
42383	-73.268
42384	-73.06
42385	-72.9727
42386	-72.4244
42387	-73.0792
42388	-72.8479
42389	-72.679
42390	-72.7607
42391	-72.7582
42392	-72.4947
42393	-72.7144
42394	-72.6944
42395	-72.7333
42396	-72.8558
42397	-73.1648
42398	-72.9036
42399	-72.8935
42400	-72.8234
42401	-73.1493
42402	-73.0202
42403	-73.1072
42404	-73.3054
42405	-73.0981
42406	-72.9718
42407	-73.08
42408	-73.0389
42409	-72.693
42410	-73.287
42411	-72.7725
42412	-72.7634
42413	-73.0292
42414	-72.8411
42415	-72.8329
42416	-72.9148
42417	-72.8174
42418	-72.9691
42419	-73.1538
42420	-72.8301
42421	-72.8863
42422	-72.8083
42423	-73.2489
42424	-73.1466
42425	-73.1877
42426	-73.3197
42427	-73.0828
42428	-73.0812
42429	-73.3821
42430	-72.9827
42431	-73.2889
42432	-72.8754
42433	-72.8918
42434	-72.7258
42435	-72.8996
42436	-73.2351
42437	-73.0821
42438	-73.3159
42439	-72.847
42440	-72.8163
42441	-72.866
42442	-73.6313
42443	-73.5495
42444	-73.0097
42445	-72.9216
42446	-72.9294
42447	-72.9522
42448	-72.8053
42449	-72.8344
42450	-73.3931
42451	-73.3216
42452	-72.955
42453	-72.9318
42454	-73.0075
42455	-72.9984
42456	-72.8502
42457	-73.2317
42458	-73.4787
42459	-73.0761
42460	-72.8755
42461	-72.9497
42462	-72.5406
42463	-72.6625
42464	-72.9907
42465	-73.2605
42466	-73.3166
42467	-73.0774
42468	-73.0857
42469	-73.0613
42470	-73.1089
42471	-73.0148
42472	-72.8003
42473	-72.9381
42474	-73.0511
42475	-72.9601
42476	-73.0755
42477	-72.6875
42478	-73.0055
42479	-72.7853
42480	-72.715
42481	-72.851
42482	-73.1388
42483	-72.9065
42484	-72.748
42485	-72.805
42486	-72.5762
42487	-72.6541
42488	-73.0167
42489	-73.03
42490	-73.0526
42491	-73.1616
42492	-73.0841
42493	-73.1289
42494	-73.0929
42495	-72.6065
42496	-72.8277
42497	-72.6869
42498	-72.7737
42499	-72.8878
42500	-73.2078
42501	-73.1674
42502	-72.9677
42503	-73.4058
42504	-73.3552
42505	-73.1497
42506	-73.0239
42507	-73.2559
42508	-72.9823
42509	-73.3969
42510	-73.2996
42511	-73.2553
42512	-72.835
42513	-73.0096
42514	-72.9161
42515	-72.9011
42516	-72.9015
42517	-73.3439
42518	-73.2253
42519	-73.2067
42520	-72.7887
42521	-72.976
42522	-73.1371
42523	-72.8774
42524	-72.5724
42525	-72.7383
42526	-72.5247
42527	-72.7179
42528	-73.3839
42529	-73.3308
42530	-72.8579
42531	-72.654
42532	-73.0833
42533	-73.1398
42534	-72.7107
42535	-72.921
42536	-72.6978
42537	-72.2179
42538	-72.951
42539	-72.7464
42540	-72.4691
42541	-72.6772
42542	-72.773
42543	-73.1239
42544	-72.8704
42545	-73.1028
42546	-73.2026
42547	-72.924
42548	-73.007
42549	-73.2093
42550	-73.5438
42551	-73.3925
42552	-73.1986
42553	-73.3396
42554	-72.7906
42555	-72.893
42556	-72.8913
42557	-73.2707
42558	-73.0423
42559	-73.067
42560	-72.9847
42561	-72.8561
42562	-72.7401
42563	-72.7995
42564	-73.1124
42565	-73.0515
42566	-73.0921
42567	-72.9999
42568	-73.1142
42569	-72.7875
42570	-72.9152
42571	-73.2488
42572	-73.3284
42573	-72.918
42574	-72.8357
42575	-72.8135
42576	-72.3709
42577	-72.7549
42578	-72.8202
42579	-72.893
42580	-73.1498
42581	-72.819
42582	-72.8536
42583	-73.1269
42584	-72.9894
42585	-73.1139
42586	-72.8443
42587	-72.8381
42588	-73.2309
42589	-73.255
42590	-73.3478
42591	-73.4555
42592	-73.1602
42593	-72.9153
42594	-72.9785
42595	-72.6033
42596	-72.7727
42597	-73.1741
42598	-72.9463
42599	-73.0895
42600	-73.0138
42601	-72.7843
42602	-72.7551
42603	-72.896
42604	-72.97
42605	-72.8316
42606	-72.9095
42607	-73.0429
42608	-73.0352
42609	-73.0051
42610	-72.7554
42611	-72.5819
42612	-72.8528
42613	-73.0576
42614	-73.1157
42615	-72.9222
42616	-72.7399
42617	-72.6254
42618	-72.7298
42619	-72.9027
42620	-73.006
42621	-73.0123
42622	-72.8578
42623	-72.7576
42624	-72.5605
42625	-72.8525
42626	-73.2962
42627	-73.0859
42628	-73.0931
42629	-73.2944
42630	-73.1119
42631	-73.2834
42632	-72.9675
42633	-73.2774
42634	-73.2508
42635	-72.8655
42636	-72.8298
42637	-73.0798
42638	-73.0689
42639	-72.9486
42640	-73.0553
42641	-72.6417
42642	-72.7099
42643	-72.3668
42644	-72.6008
42645	-72.8382
42646	-72.9713
42647	-73.1749
42648	-72.6403
42649	-72.5582
42650	-72.4946
42651	-72.9775
42652	-73.2961
42653	-73.4951
42654	-72.9333
42655	-72.2057
42656	-72.4112
42657	-72.8453
42658	-72.7205
42659	-72.7506
42660	-73.1275
42661	-72.9702
42662	-73.0096
42663	-72.9566
42664	-72.8896
42665	-72.8635
42666	-72.7073
42667	-72.8257
42668	-72.9844
42669	-73.4449
42670	-73.3421
42671	-73.2486
42672	-73.2013
42673	-72.9268
42674	-72.9553
42675	-72.6845
42676	-72.8533
42677	-73.2528
42678	-73.0033
42679	-73.1712
42680	-72.9456
42681	-72.7075
42682	-72.7938
42683	-72.8458
42684	-72.7993
42685	-72.9943
42686	-72.799
42687	-72.9646
42688	-72.8441
42689	-72.8568
42690	-72.7053
42691	-72.9888
42692	-72.6672
42693	-72.592
42694	-72.8838
42695	-73.2941
42696	-72.7609
42697	-73.0026
42698	-72.8993
42699	-72.772
42700	-72.8546
42701	-72.3209
42702	-72.8203
42703	-72.4679
42704	-72.481
42705	-72.7835
42706	-72.4869
42707	-72.6625
42708	-72.9686
42709	-73.1722
42710	-72.8136
42711	-72.6579
42712	-73.0504
42713	-73.1206
42714	-72.8751
42715	-72.6549
42716	-73.2564
42717	-72.9513
42718	-72.9452
42719	-73.153
42720	-72.9777
42721	-72.7965
42722	-73.2113
42723	-73.2749
42724	-72.6798
42725	-73.055
42726	-73.2422
42727	-72.9235
42728	-73.025
42729	-73.214
42730	-73.0498
42731	-73.2853
42732	-73.1109
42733	-72.8276
42734	-72.6784
42735	-73.0061
42736	-72.6894
42737	-72.8364
42738	-72.7847
42739	-72.686
42740	-73.0015
42741	-72.8149
42742	-73.0491
42743	-72.9722
42744	-72.6115
42745	-73.0108
42746	-72.7174
42747	-72.8396
42748	-72.8881
42749	-72.8217
42750	-73.136
42751	-72.9632
42752	-73.3072
42753	-73.0432
42754	-73.0206
42755	-73.083
42756	-72.7425
42757	-73.0488
42758	-73.2487
42759	-73.0324
42760	-73.2559
42761	-73.1167
42762	-72.9964
42763	-73.1396
42764	-73.2228
42765	-72.9872
42766	-72.9514
42767	-72.8771
42768	-73.3889
42769	-73.412
42770	-73.0457
42771	-73.2683
42772	-73.1604
42773	-72.7031
42774	-72.8912
42775	-72.8084
42776	-72.6938
42777	-73.1846
42778	-73.1707
42779	-73.1633
42780	-72.8107
42781	-72.7094
42782	-72.5318
42783	-73.4167
42784	-72.8734
42785	-72.7832
42786	-72.8113
42787	-72.6496
42788	-72.7993
42789	-73.1725
42790	-73.1027
42791	-72.651
42792	-72.8349
42793	-72.9134
42794	-72.8723
42795	-72.8799
42796	-72.9245
42797	-73.0928
42798	-72.9138
42799	-72.9621
42800	-72.3592
42801	-72.4606
42802	-73.0521
42803	-72.9609
42804	-72.779
42805	-72.629
42806	-72.7074
42807	-73.0162
42808	-72.9029
42809	-72.8341
42810	-73.2574
42811	-73.0329
42812	-72.7571
42813	-73.1315
42814	-73.1156
42815	-73.0232
42816	-72.6642
42817	-72.8904
42818	-73.5483
42819	-72.9922
42820	-73.1853
42821	-72.7514
42822	-72.5116
42823	-72.7355
42824	-72.9239
42825	-73.0743
42826	-73.0327
42827	-73.0951
42828	-73.0587
42829	-72.3185
42830	-73.3799
42831	-73.1136
42832	-73.1179
42833	-72.8593
42834	-72.8101
42835	-72.7702
42836	-72.8483
42837	-73.2354
42838	-73.1162
42839	-72.8894
42840	-72.8012
42841	-73.086
42842	-73.1898
42843	-73.1229
42844	-72.9767
42845	-73.1375
42846	-72.8651
42847	-72.9662
42848	-73.1361
42849	-72.944
42850	-72.7604
42851	-73.2228
42852	-73.4323
42853	-73.308
42854	-72.7479
42855	-72.644
42856	-72.8208
42857	-73.0917
42858	-73.0048
42859	-73.2452
42860	-73.0218
42861	-73.0832
42862	-73.015
42863	-73.1903
42864	-73.0043
42865	-73.1551
42866	-72.6562
42867	-72.784
42868	-73.1285
42869	-72.9274
42870	-72.8739
42871	-72.9016
42872	-73.066
42873	-72.9998
42874	-72.9965
42875	-73.0857
42876	-72.9939
42877	-72.6926
42878	-72.9566
42879	-72.9756
42880	-72.5785
42881	-73.0737
42882	-72.7119
42883	-72.5201
42884	-72.8466
42885	-72.873
42886	-73.0893
42887	-72.9278
42888	-72.7799
42889	-72.6236
42890	-72.6603
42891	-72.6856
42892	-73.1893
42893	-73.0957
42894	-72.8014
42895	-73.2466
42896	-73.0006
42897	-73.2385
42898	-73.0104
42899	-72.9925
42900	-72.8321
42901	-72.9158
42902	-72.9512
42903	-72.7018
42904	-72.5864
42905	-72.5573
42906	-72.8969
42907	-73.495
42908	-73.1195
42909	-72.7141
42910	-72.1768
42911	-72.6409
42912	-72.6805
42913	-72.6024
42914	-72.6706
42915	-72.8518
42916	-73.0004
42917	-73.2264
42918	-72.8395
42919	-72.7225
42920	-73.1616
42921	-72.6604
42922	-72.7339
42923	-73.2301
42924	-73.2505
42925	-73.2893
42926	-73.1948
42927	-73.2908
42928	-73.4272
42929	-73.1403
42930	-73.3927
42931	-72.6345
42932	-72.9403
42933	-72.9494
42934	-73.1237
42935	-73.0505
42936	-72.5767
42937	-72.556
42938	-72.7876
42939	-72.7363
42940	-72.7851
42941	-72.8613
42942	-72.9783
42943	-72.8495
42944	-72.7764
42945	-72.9388
42946	-73.0952
42947	-73.4076
42948	-73.4795
42949	-73.0192
42950	-72.8191
42951	-72.6849
42952	-72.6645
42953	-72.7234
42954	-73.1569
42955	-73.1112
42956	-73.3549
42957	-73.1255
42958	-73.0539
42959	-72.9756
42960	-72.8422
42961	-72.7087
42962	-72.7931
42963	-72.7834
42964	-73.1676
42965	-73.1252
42966	-73.0703
42967	-73.0704
42968	-72.9063
42969	-72.7667
42970	-73.1394
42971	-72.7761
42972	-72.5815
42973	-72.7731
42974	-73.173
42975	-73.2116
42976	-73.1309
42977	-73.0721
42978	-73.1077
42979	-73.1892
42980	-73.1565
42981	-73.2379
42982	-72.7933
42983	-72.5142
42984	-72.8652
42985	-73.1393
42986	-72.9577
42987	-73.0017
42988	-73.2958
42989	-73.2692
42990	-73.2031
42991	-72.4239
42992	-72.4843
42993	-72.7411
42994	-72.7452
42995	-73.127
42996	-73.288
42997	-73.2154
42998	-73.0602
42999	-72.753
43000	-72.5234
43001	-73.0143
43002	-72.9774
43003	-72.9347
43004	-73.3538
43005	-73.0745
43006	-73.1282
43007	-72.7225
43008	-72.6645
43009	-72.6777
43010	-73.2208
43011	-73.1413
43012	-73.047
43013	-72.8122
43014	-72.8231
43015	-72.8163
43016	-73.1673
43017	-73.0093
43018	-73.2937
43019	-73.2949
43020	-73.0171
43021	-73.4295
43022	-73.1493
43023	-72.9113
43024	-73.5066
43025	-73.1873
43026	-72.9485
43027	-72.9715
43028	-72.6765
43029	-72.3519
43030	-72.5629
43031	-72.6273
43032	-73.2215
43033	-73.137
43034	-72.8157
43035	-72.6112
43036	-72.658
43037	-72.2933
43038	-72.9435
43039	-73.0541
43040	-73.1514
43041	-73.0544
43042	-72.9532
43043	-73.308
43044	-73.4375
43045	-73.2993
43046	-73.0265
43047	-73.0161
43048	-73.2239
43049	-72.9729
43050	-72.7894
43051	-72.6542
43052	-73.0761
43053	-72.8156
43054	-72.9571
43055	-72.6706
43056	-72.7613
43057	-73.0556
43058	-73.2556
43059	-72.6644
43060	-72.8065
43061	-73.1491
43062	-73.2657
43063	-72.9315
43064	-72.9235
43065	-73.0651
43066	-72.7108
43067	-72.4722
43068	-72.4286
43069	-72.5192
43070	-73.1793
43071	-72.9288
43072	-72.8588
43073	-73.0658
43074	-73.7752
43075	-72.8811
43076	-72.8118
43077	-73.1356
43078	-73.2238
43079	-73.0348
43080	-72.7504
43081	-73.2424
43082	-73.1478
43083	-73.2424
43084	-72.8283
43085	-72.9555
43086	-72.9668
43087	-73.1375
43088	-73.4355
43089	-73.144
43090	-73.0122
43091	-72.9929
43092	-73.2797
43093	-72.8008
43094	-72.8029
43095	-73.0242
43096	-73.2652
43097	-73.2327
43098	-73.2162
43099	-72.9964
43100	-72.9806
43101	-72.797
43102	-72.8377
43103	-72.7679
43104	-72.9652
43105	-72.9153
43106	-72.8741
43107	-73.1312
43108	-72.9954
43109	-72.9305
43110	-72.9348
43111	-72.8678
43112	-72.3079
43113	-72.461
43114	-73.0962
43115	-73.057
43116	-72.7327
43117	-72.8548
43118	-73.1149
43119	-72.8396
43120	-72.8992
43121	-72.6576
43122	-72.4698
43123	-72.6184
43124	-73.0137
43125	-72.5696
43126	-72.6264
43127	-72.9759
43128	-72.8962
43129	-72.9522
43130	-72.9546
43131	-73.1093
43132	-73.0736
43133	-72.7975
43134	-72.9302
43135	-72.9571
43136	-73.2389
43137	-73.2374
43138	-73.3763
43139	-72.8981
43140	-72.7704
43141	-72.8964
43142	-73.0182
43143	-73.5504
43144	-73.4581
43145	-73.0536
43146	-72.7642
43147	-72.9978
43148	-72.8961
43149	-72.7415
43150	-72.636
43151	-73.0763
43152	-72.6569
43153	-72.4391
43154	-72.8588
43155	-72.8515
43156	-72.6169
43157	-72.8209
43158	-72.6621
43159	-72.6937
43160	-72.834
43161	-72.5949
43162	-72.5228
43163	-73.1443
43164	-73.1083
43165	-73.1514
43166	-73.199
43167	-73.231
43168	-72.9364
43169	-72.9203
43170	-72.6002
43171	-72.8095
43172	-73.3239
43173	-73.0993
43174	-73.1063
43175	-72.9374
43176	-72.736
43177	-72.5263
43178	-73.0059
43179	-73.3416
43180	-73.228
43181	-73.1616
43182	-72.871
43183	-72.983
43184	-73.0848
43185	-73.3105
43186	-72.9066
43187	-72.5399
43188	-72.618
43189	-73.0756
43190	-73.2563
43191	-72.6927
43192	-73.0825
43193	-73.0078
43194	-73.1129
43195	-72.6736
43196	-72.5947
43197	-72.3817
43198	-72.7591
43199	-73.1186
43200	-72.8345
43201	-72.6736
43202	-72.7603
43203	-73.2244
43204	-73.2629
43205	-73.179
43206	-73.0552
43207	-73.0037
43208	-73.0364
43209	-72.79
43210	-72.9104
43211	-72.588
43212	-72.809
43213	-72.9807
43214	-72.857
43215	-72.8922
43216	-73.3145
43217	-73.1528
43218	-72.7825
43219	-72.5646
43220	-72.6961
43221	-73.1701
43222	-73.1295
43223	-73.1282
43224	-73.1811
43225	-72.8519
43226	-72.6772
43227	-72.8781
43228	-73.1707
43229	-73.0193
43230	-72.9528
43231	-72.6884
43232	-73.0248
43233	-73.0717
43234	-72.7288
43235	-72.6599
43236	-72.9589
43237	-72.8518
43238	-72.9525
43239	-73.0394
43240	-72.5389
43241	-72.8849
43242	-72.8032
43243	-72.7907
43244	-72.9181
43245	-73.249
43246	-73.0205
43247	-73.0787
43248	-72.8275
43249	-72.496
43250	-72.8024
43251	-72.7313
43252	-72.4382
43253	-72.9687
43254	-72.5614
43255	-72.7218
43256	-72.8923
43257	-72.6933
43258	-72.7041
43259	-73.0185
43260	-72.8355
43261	-72.9776
43262	-73.5244
43263	-73.3087
43264	-72.8225
43265	-72.7086
43266	-73.111
43267	-73.0114
43268	-73.2948
43269	-73.1076
43270	-72.9397
43271	-73.1566
43272	-73.5414
43273	-73.4857
43274	-72.9394
43275	-72.585
43276	-72.905
43277	-72.9717
43278	-72.7293
43279	-73.0418
43280	-73.4348
43281	-72.7678
43282	-73.179
43283	-73.1363
43284	-73.4067
43285	-72.9601
43286	-73.0748
43287	-73.1626
43288	-73.1724
43289	-72.8485
43290	-73.131
43291	-72.5015
43292	-72.728
43293	-72.8896
43294	-73.1361
43295	-73.0035
43296	-73.1012
43297	-73.2927
43298	-72.9275
43299	-72.9346
43300	-72.9417
43301	-73.3542
43302	-73.1552
43303	-72.9159
43304	-72.9458
43305	-73.4319
43306	-73.1967
43307	-73.0215
43308	-73.2098
43309	-73.2557
43310	-73.1533
43311	-72.9219
43312	-73.2217
43313	-73.1593
43314	-73.3603
43315	-73.3959
43316	-73.1913
43317	-73.2161
43318	-72.83
43319	-72.9105
43320	-72.9804
43321	-73.1185
43322	-72.7221
43323	-72.9165
43324	-72.6711
43325	-72.7813
43326	-72.5798
43327	-72.7616
43328	-72.6972
43329	-72.5494
43330	-72.6454
43331	-72.7338
43332	-72.798
43333	-72.9324
43334	-72.8828
43335	-73.0936
43336	-73.141
43337	-73.0677
43338	-73.1362
43339	-73.2109
43340	-72.8984
43341	-72.8999
43342	-72.947
43343	-73.4415
43344	-73.3987
43345	-72.9929
43346	-73.0839
43347	-73.193
43348	-72.724
43349	-72.7608
43350	-72.8206
43351	-72.9065
43352	-73.1974
43353	-73.6833
43354	-73.7299
43355	-73.5087
43356	-73.3412
43357	-73.1832
43358	-73.4341
43359	-73.0936
43360	-72.464
43361	-72.1367
43362	-72.7015
43363	-73.2294
43364	-73.0216
43365	-72.8714
43366	-72.9802
43367	-72.9517
43368	-72.7757
43369	-72.8688
43370	-73.2651
43371	-73.112
43372	-73.5992
43373	-73.1058
43374	-73.3823
43375	-73.1053
43376	-72.9819
43377	-72.9244
43378	-73.0201
43379	-72.9121
43380	-72.8026
43381	-72.7275
43382	-72.8503
43383	-72.7675
43384	-72.4341
43385	-72.6268
43386	-73.199
43387	-73.3222
43388	-73.0901
43389	-73.4392
43390	-73.0367
43391	-72.9677
43392	-73.1794
43393	-73.038
43394	-73.0432
43395	-73.1083
43396	-72.6813
43397	-72.8727
43398	-72.9351
43399	-73.0148
43400	-73.1224
43401	-73.0772
43402	-73.0298
43403	-73.2315
43404	-72.7939
43405	-72.4265
43406	-72.6622
43407	-72.6934
43408	-72.9965
43409	-73.1122
43410	-73.3883
43411	-73.1487
43412	-72.9647
43413	-72.6848
43414	-73.0157
43415	-72.5375
43416	-72.8473
43417	-72.6935
43418	-73.0448
43419	-73.1141
43420	-72.9117
43421	-72.7361
43422	-72.6772
43423	-72.9696
43424	-72.8109
43425	-73.1113
43426	-72.8396
43427	-73.1966
43428	-73.1014
43429	-73.0387
43430	-73.1513
43431	-73.5219
43432	-73.505
43433	-73.4227
43434	-73.0693
43435	-73.1967
43436	-73.0187
43437	-72.9873
43438	-73.0832
43439	-73.0637
43440	-73.0547
43441	-73.1242
43442	-73.2077
43443	-73.199
43444	-73.1017
43445	-72.7293
43446	-72.6577
43447	-72.6701
43448	-73.0258
43449	-73.2424
43450	-73.1624
43451	-73.182
43452	-73.0799
43453	-72.5649
43454	-72.629
43455	-72.7118
43456	-72.8155
43457	-72.9601
43458	-72.7394
43459	-72.9815
43460	-72.6464
43461	-72.4213
43462	-72.6166
43463	-72.5627
43464	-72.6684
43465	-72.8342
43466	-73.3147
43467	-73.0437
43468	-73.2141
43469	-73.3499
43470	-73.332
43471	-73.2725
43472	-73.2427
43473	-73.1986
43474	-72.9545
43475	-73.1187
43476	-72.8631
43477	-72.9246
43478	-73.0287
43479	-73.0009
43480	-72.7251
43481	-72.5236
43482	-72.9954
43483	-73.2358
43484	-73.1554
43485	-72.878
43486	-73.3857
43487	-73.442
43488	-73.578
43489	-73.4004
43490	-73.5677
43491	-72.9828
43492	-72.9141
43493	-72.474
43494	-72.8018
43495	-73.1717
43496	-73.5862
43497	-73.2151
43498	-73.531
43499	-73.4253
43500	-73.1078
43501	-72.7596
43502	-72.637
43503	-72.8418
43504	-72.8302
43505	-72.7767
43506	-73.2248
43507	-73.1314
43508	-73.2086
43509	-72.8247
43510	-73.283
43511	-73.5611
43512	-73.3573
43513	-72.8911
43514	-72.4276
43515	-72.5821
43516	-72.5652
43517	-72.6517
43518	-72.8979
43519	-72.7835
43520	-73.0012
43521	-72.7562
43522	-73.0686
43523	-73.3136
43524	-73.1407
43525	-72.6621
43526	-72.3449
43527	-72.6671
43528	-72.7916
43529	-73.1162
43530	-73.0611
43531	-72.4082
43532	-72.5614
43533	-72.9751
43534	-72.9958
43535	-72.7815
43536	-72.6751
43537	-72.5492
43538	-72.6903
43539	-72.8962
43540	-72.6082
43541	-72.1808
43542	-72.7724
43543	-72.8537
43544	-73.1388
43545	-72.909
43546	-72.7738
43547	-72.8029
43548	-72.7174
43549	-72.6922
43550	-72.8081
43551	-72.8346
43552	-72.5627
43553	-72.5062
43554	-73.0621
43555	-73.0078
43556	-72.8635
43557	-72.9789
43558	-73.5182
43559	-73.5356
43560	-72.8964
43561	-72.6893
43562	-72.5599
43563	-72.6219
43564	-72.5986
43565	-72.8027
43566	-72.9054
43567	-72.8114
43568	-73.1063
43569	-73.2376
43570	-73.3627
43571	-73.1246
43572	-72.8555
43573	-72.9354
43574	-72.6106
43575	-72.8043
43576	-73.2089
43577	-73.1617
43578	-72.9397
43579	-72.8849
43580	-72.4885
43581	-73.0488
43582	-72.7099
43583	-72.5122
43584	-72.6731
43585	-72.4064
43586	-72.6084
43587	-72.8026
43588	-72.5766
43589	-72.5331
43590	-72.9507
43591	-73.0086
43592	-73.2723
43593	-73.0198
43594	-72.7323
43595	-72.9777
43596	-72.9163
43597	-72.8503
43598	-73.1585
43599	-73.1369
43600	-72.9027
43601	-72.9301
43602	-72.9707
43603	-73.2769
43604	-73.4663
43605	-73.0303
43606	-72.5016
43607	-72.8378
43608	-72.9151
43609	-72.8824
43610	-73.0086
43611	-73.2381
43612	-73.1719
43613	-72.816
43614	-72.6298
43615	-72.6612
43616	-72.9162
43617	-72.9986
43618	-72.8588
43619	-72.7045
43620	-72.6529
43621	-72.6805
43622	-72.5259
43623	-72.9003
43624	-72.9258
43625	-72.8236
43626	-72.4803
43627	-72.6563
43628	-73.0267
43629	-72.8474
43630	-72.6516
43631	-72.9748
43632	-73.264
43633	-72.9426
43634	-73.2317
43635	-72.8376
43636	-72.977
43637	-73.0421
43638	-72.9362
43639	-72.1911
43640	-72.5215
43641	-73.0839
43642	-72.7271
43643	-72.7028
43644	-72.9575
43645	-73.0643
43646	-73.1228
43647	-72.9563
43648	-72.8769
43649	-72.4953
43650	-72.6844
43651	-72.7518
43652	-73.2454
43653	-73.1958
43654	-73.378
43655	-73.3375
43656	-73.1178
43657	-72.8952
43658	-72.8125
43659	-72.5823
43660	-72.7283
43661	-72.7279
43662	-73.102
43663	-72.7824
43664	-72.886
43665	-72.7364
43666	-72.9363
43667	-73.2039
43668	-73.3279
43669	-73.0496
43670	-72.9465
43671	-72.8814
43672	-72.9452
43673	-72.9486
43674	-73.1078
43675	-72.9242
43676	-72.8869
43677	-72.5784
43678	-72.8326
43679	-72.8526
43680	-72.9101
43681	-73.0327
43682	-73.0549
43683	-72.6289
43684	-72.6144
43685	-72.8988
43686	-73.0236
43687	-72.6646
43688	-72.8132
43689	-73.1852
43690	-73.1135
43691	-72.9729
43692	-73.0978
43693	-73.1815
43694	-73.0511
43695	-73.025
43696	-72.929
43697	-72.8597
43698	-72.6348
43699	-72.5606
43700	-72.4029
43701	-73.0606
43702	-72.9773
43703	-72.9597
43704	-72.6702
43705	-72.5169
43706	-72.8629
43707	-72.9547
43708	-73.3358
43709	-73.0685
43710	-73.3365
43711	-72.7735
43712	-72.6785
43713	-72.8915
43714	-72.8648
43715	-73.0072
43716	-73.1432
43717	-72.9678
43718	-73.2946
43719	-73.3008
43720	-73.1552
43721	-73.3468
43722	-73.0256
43723	-72.9504
43724	-73.349
43725	-72.7885
43726	-72.556
43727	-72.8857
43728	-72.9412
43729	-73.2163
43730	-72.9699
43731	-72.9841
43732	-73.364
43733	-72.7186
43734	-73.1077
43735	-72.6248
43736	-72.8614
43737	-73.2854
43738	-73.2886
43739	-72.6358
43740	-72.8974
43741	-72.6566
43742	-72.8682
43743	-72.7787
43744	-72.8455
43745	-72.8332
43746	-72.6608
43747	-73.3096
43748	-73.0333
43749	-72.9654
43750	-73.1173
43751	-73.1139
43752	-72.9508
43753	-72.9084
43754	-72.6127
43755	-72.9826
43756	-72.958
43757	-73.0392
43758	-73.1197
43759	-73.2772
43760	-72.8151
43761	-73.13
43762	-73.301
43763	-73.4721
43764	-72.9581
43765	-72.5188
43766	-72.3742
43767	-72.8777
43768	-73.2544
43769	-73.6218
43770	-73.2069
43771	-73.0984
43772	-72.7312
43773	-72.7021
43774	-72.7915
43775	-72.9823
43776	-72.6065
43777	-72.8642
43778	-72.8284
43779	-72.7758
43780	-72.5498
43781	-72.6542
43782	-72.9585
43783	-73.0446
43784	-73.1844
43785	-73.0894
43786	-73.1603
43787	-73.5392
43788	-73.1543
43789	-72.7468
43790	-73.0471
43791	-72.9483
43792	-72.9425
43793	-73.3299
43794	-73.2068
43795	-72.8955
43796	-72.9011
43797	-73.001
43798	-72.8524
43799	-72.7458
43800	-72.989
43801	-72.8421
43802	-73.0965
43803	-72.9324
43804	-73.0813
43805	-73.2316
43806	-72.8494
43807	-72.8217
43808	-73.0248
43809	-72.9374
43810	-72.6488
43811	-72.8177
43812	-73.3037
43813	-73.3222
43814	-73.0238
43815	-72.7724
43816	-72.8827
43817	-73.315
43818	-73.103
43819	-73.3093
43820	-73.007
43821	-73.0449
43822	-73.1555
43823	-73.0054
43824	-73.2009
43825	-73.3618
43826	-73.1851
43827	-73.0741
43828	-73.0616
43829	-72.8077
43830	-72.9379
43831	-73.2323
43832	-72.7609
43833	-72.8641
43834	-72.9937
43835	-73.2705
43836	-72.7611
43837	-72.9261
43838	-72.9766
43839	-72.9756
43840	-73.316
43841	-72.8292
43842	-72.6604
43843	-72.5048
43844	-72.5212
43845	-73.0081
43846	-72.7151
43847	-72.5132
43848	-72.7182
43849	-72.9581
43850	-73.0457
43851	-73.1961
43852	-72.9219
43853	-72.8696
43854	-73.2234
43855	-72.978
43856	-73.0601
43857	-73.7155
43858	-73.7114
43859	-73.0496
43860	-72.6928
43861	-73.3404
43862	-73.0088
43863	-73.1443
43864	-73.1837
43865	-72.9261
43866	-72.6069
43867	-72.9105
43868	-72.8393
43869	-72.8894
43870	-72.7145
43871	-73.028
43872	-72.8921
43873	-72.7646
43874	-73.42
43875	-72.9439
43876	-73.0325
43877	-73.2649
43878	-72.9276
43879	-73.0204
43880	-73.3208
43881	-73.1675
43882	-73.3836
43883	-73.2587
43884	-72.7926
43885	-72.9648
43886	-72.9137
43887	-72.7554
43888	-72.6435
43889	-72.7659
43890	-72.9726
43891	-72.9975
43892	-72.8923
43893	-72.9898
43894	-72.3065
43895	-72.8826
43896	-72.9909
43897	-72.688
43898	-72.6896
43899	-72.8603
43900	-73.1264
43901	-72.7136
43902	-72.7977
43903	-72.8087
43904	-72.9536
43905	-72.8266
43906	-72.5519
43907	-72.9611
43908	-73.1971
43909	-72.5816
43910	-72.8064
43911	-72.8194
43912	-72.8381
43913	-72.994
43914	-73.1636
43915	-73.1085
43916	-72.6346
43917	-72.7759
43918	-73.1138
43919	-72.6436
43920	-72.6621
43921	-72.657
43922	-72.7902
43923	-73.0191
43924	-72.9789
43925	-72.5523
43926	-72.4221
43927	-72.9052
43928	-73.2288
43929	-73.2916
43930	-72.9455
43931	-72.5233
43932	-72.9494
43933	-73.0276
43934	-73.2767
43935	-73.2339
43936	-72.9295
43937	-72.8291
43938	-72.8929
43939	-72.9756
43940	-72.7622
43941	-73.3852
43942	-72.8836
43943	-72.5952
43944	-72.9581
43945	-73.2791
43946	-73.0201
43947	-72.9149
43948	-73.0188
43949	-73.112
43950	-72.603
43951	-72.9442
43952	-73.2172
43953	-72.8082
43954	-72.791
43955	-72.8866
43956	-72.6806
43957	-72.8598
43958	-72.9298
43959	-73.1733
43960	-72.791
43961	-73.0837
43962	-73.0615
43963	-72.9211
43964	-72.705
43965	-72.4974
43966	-72.7924
43967	-72.9638
43968	-72.7487
43969	-73.3012
43970	-72.9323
43971	-72.9538
43972	-72.9228
43973	-73.0074
43974	-73.0429
43975	-73.1565
43976	-73.0098
43977	-72.891
43978	-73.3011
43979	-72.975
43980	-72.8279
43981	-72.8265
43982	-72.8274
43983	-72.7582
43984	-72.9805
43985	-73.0942
43986	-72.9839
43987	-73.0527
43988	-72.8382
43989	-73.0966
43990	-73.2723
43991	-73.3029
43992	-73.1531
43993	-73.0919
43994	-72.7385
43995	-72.6105
43996	-73.0256
43997	-72.9525
43998	-73.3258
43999	-72.7497
44000	-72.7432
44001	-73.1821
44002	-73.0178
44003	-72.862
44004	-72.7472
44005	-72.5906
44006	-72.7099
44007	-73.1467
44008	-73.4228
44009	-73.4667
44010	-72.7958
44011	-73.0871
44012	-72.8818
44013	-72.6195
44014	-72.4738
44015	-72.9127
44016	-73.0047
44017	-73.0523
44018	-73.1172
44019	-73.0734
44020	-72.9872
44021	-73.0168
44022	-72.9673
44023	-73.0482
44024	-72.7612
44025	-72.5316
44026	-72.7737
44027	-72.7892
44028	-72.8395
44029	-73.1625
44030	-72.701
44031	-72.6456
44032	-72.7739
44033	-73.4165
44034	-73.2548
44035	-73.3305
44036	-73.3297
44037	-73.252
44038	-73.2071
44039	-72.9679
44040	-73.064
44041	-73.0479
44042	-73.064
44043	-73.1949
44044	-72.959
44045	-72.5905
44046	-72.7836
44047	-73.3826
44048	-73.5881
44049	-73.3249
44050	-73.0167
44051	-73.1901
44052	-73.6236
44053	-73.3745
44054	-73.222
44055	-72.8156
44056	-72.9372
44057	-72.7587
44058	-73.0425
44059	-72.7704
44060	-72.7723
44061	-73.0919
44062	-73.2974
44063	-73.2405
44064	-73.1278
44065	-72.7869
44066	-72.9713
44067	-72.7766
44068	-72.5388
44069	-73.1426
44070	-73.2135
44071	-72.9927
44072	-72.8318
44073	-72.8363
44074	-72.8764
44075	-72.6479
44076	-72.7637
44077	-72.7981
44078	-72.6861
44079	-72.7276
44080	-72.9257
44081	-72.8797
44082	-73.1875
44083	-72.9841
44084	-72.984
44085	-72.937
44086	-73.0419
44087	-73.1415
44088	-72.8117
44089	-72.6238
44090	-72.688
44091	-73.0144
44092	-72.9125
44093	-73.034
44094	-73.0999
44095	-73.2351
44096	-73.3298
44097	-73.2835
44098	-73.2995
44099	-73.1562
44100	-72.5521
44101	-72.5796
44102	-72.7703
44103	-73.0331
44104	-72.8019
44105	-73.1207
44106	-72.9074
44107	-73.1672
44108	-72.9142
44109	-73.0252
44110	-73.3553
44111	-73.1159
44112	-73.3175
44113	-73.5946
44114	-73.2682
44115	-73.0515
44116	-73.1566
44117	-72.9786
44118	-72.8613
44119	-72.8274
44120	-73.163
44121	-73.2557
44122	-73.1501
44123	-73.2804
44124	-73.4513
44125	-73.5991
44126	-73.0616
44127	-72.5474
44128	-72.9806
44129	-73.1369
44130	-73.0602
44131	-73.4129
44132	-73.3105
44133	-73.0891
44134	-72.855
44135	-72.8253
44136	-73.2607
44137	-73.2013
44138	-73.1708
44139	-73.11
44140	-73.2491
44141	-73.5932
44142	-73.7105
44143	-73.144
44144	-73.346
44145	-73.1565
44146	-72.8781
44147	-72.7719
44148	-72.5996
44149	-72.9605
44150	-73.1447
44151	-73.0812
44152	-72.6902
44153	-72.4726
44154	-73.0357
44155	-72.9351
44156	-72.9483
44157	-73.0966
44158	-72.964
44159	-72.833
44160	-72.7238
44161	-72.9492
44162	-73.5096
44163	-73.3618
44164	-73.2205
44165	-72.9063
44166	-73.0706
44167	-72.8261
44168	-72.6008
44169	-73.1182
44170	-73.1109
44171	-73.0157
44172	-73.3731
44173	-73.0709
44174	-72.8578
44175	-72.8862
44176	-72.6263
44177	-72.8506
44178	-72.6575
44179	-72.9273
44180	-73.7086
44181	-72.9723
44182	-72.6338
44183	-72.8044
44184	-72.7849
44185	-72.7489
44186	-73.0357
44187	-73.0141
44188	-72.9236
44189	-72.8254
44190	-72.9492
44191	-73.0451
44192	-73.0269
44193	-72.4856
44194	-72.794
44195	-72.8536
44196	-73.2039
44197	-73.5556
44198	-73.3623
44199	-72.7259
44200	-72.7079
44201	-73.2502
44202	-72.8423
44203	-73.0306
44204	-72.9632
44205	-72.7254
44206	-72.7379
44207	-72.4081
44208	-72.7625
44209	-72.6915
44210	-72.8475
44211	-72.8826
44212	-72.7123
44213	-73.2617
44214	-73.1109
44215	-72.9019
44216	-72.48
44217	-72.6471
44218	-72.8835
44219	-72.9033
44220	-72.9405
44221	-73.0107
44222	-73.3683
44223	-73.1374
44224	-72.6612
44225	-72.717
44226	-72.7801
44227	-73.2928
44228	-73.5129
44229	-72.8102
44230	-72.673
44231	-73.0436
44232	-72.9198
44233	-72.8289
44234	-72.6184
44235	-72.5857
44236	-72.8613
44237	-73.0694
44238	-72.6199
44239	-72.6668
44240	-72.8866
44241	-72.9502
44242	-72.9417
44243	-73.1309
44244	-73.0828
44245	-72.8171
44246	-72.9601
44247	-72.9725
44248	-73.1728
44249	-73.2959
44250	-73.217
44251	-72.953
44252	-72.9686
44253	-72.8494
44254	-73.212
44255	-73.176
44256	-72.7681
44257	-72.5053
44258	-72.7005
44259	-72.8137
44260	-72.8869
44261	-72.889
44262	-72.6762
44263	-72.825
44264	-72.9427
44265	-73.2541
44266	-73.4396
44267	-73.1864
44268	-73.0925
44269	-72.7078
44270	-72.9902
44271	-72.8066
44272	-72.8354
44273	-72.6101
44274	-72.8663
44275	-73.0121
44276	-73.2356
44277	-73.0753
44278	-72.6795
44279	-72.4739
44280	-72.9847
44281	-73.123
44282	-73.1243
44283	-72.822
44284	-72.9178
44285	-73.0983
44286	-73.0865
44287	-73.0131
44288	-73.1224
44289	-72.9815
44290	-73.0899
44291	-72.5495
44292	-72.8945
44293	-72.8228
44294	-72.432
44295	-72.3671
44296	-72.7551
44297	-72.7344
44298	-73.1124
44299	-72.9298
44300	-72.9803
44301	-73.3162
44302	-73.1568
44303	-72.8596
44304	-73.2333
44305	-73.0976
44306	-72.5919
44307	-72.4343
44308	-72.9533
44309	-73.2206
44310	-73.484
44311	-73.4648
44312	-73.0221
44313	-72.586
44314	-72.9007
44315	-73.2048
44316	-73.5285
44317	-73.3396
44318	-72.9257
44319	-73.0234
44320	-72.9672
44321	-72.8782
44322	-73.2489
44323	-72.8636
44324	-72.8227
44325	-72.6831
44326	-72.7189
44327	-72.722
44328	-72.7072
44329	-73.0521
44330	-72.8087
44331	-72.2328
44332	-72.8913
44333	-72.7471
44334	-72.9666
44335	-73.0295
44336	-72.8399
44337	-73.3539
44338	-73.1948
44339	-72.6908
44340	-72.7661
44341	-72.7746
44342	-72.9371
44343	-73.3777
44344	-73.103
44345	-72.6568
44346	-72.5813
44347	-72.7326
44348	-72.7018
44349	-73.1151
44350	-73.4952
44351	-73.2448
44352	-72.7074
44353	-72.679
44354	-73.039
44355	-73.2009
44356	-73.481
44357	-73.1657
44358	-72.9403
44359	-73.0262
44360	-73.5422
44361	-72.8887
44362	-72.9994
44363	-73.1331
44364	-72.8784
44365	-72.5948
44366	-72.5847
44367	-72.7228
44368	-72.7821
44369	-73.075
44370	-73.4594
44371	-73.3812
44372	-72.9797
44373	-73.0984
44374	-72.5159
44375	-72.7701
44376	-73.3829
44377	-73.4794
44378	-73.0429
44379	-72.9562
44380	-72.9341
44381	-73.1639
44382	-72.9133
44383	-73.1901
44384	-73.3802
44385	-72.7231
44386	-72.8407
44387	-73.1389
44388	-72.8623
44389	-72.6148
44390	-73.0402
44391	-73.3418
44392	-72.9835
44393	-72.5282
44394	-73.1089
44395	-73.2456
44396	-73.2839
44397	-72.9859
44398	-73.2161
44399	-73.6145
44400	-73.2713
44401	-73.3288
44402	-72.6418
44403	-72.715
44404	-72.5404
44405	-72.4445
44406	-72.6877
44407	-73.1065
44408	-73.3205
44409	-73.4465
44410	-73.2906
44411	-72.8745
44412	-72.8252
44413	-72.9747
44414	-72.936
44415	-73.1078
44416	-72.6562
44417	-73.0534
44418	-73.0319
44419	-73.251
44420	-73.2244
44421	-72.4016
44422	-72.7839
44423	-72.9709
44424	-73.0175
44425	-72.9158
44426	-73.1266
44427	-73.169
44428	-73.2147
44429	-73.5
44430	-73.287
44431	-72.8608
44432	-73.2042
44433	-73.4647
44434	-73.0689
44435	-72.901
44436	-73.0218
44437	-72.8351
44438	-72.7011
44439	-73.0752
44440	-73.0614
44441	-72.9132
44442	-73.0139
44443	-72.9386
44444	-72.727
44445	-72.7751
44446	-72.568
44447	-72.815
44448	-73.1008
44449	-73.3076
44450	-73.0842
44451	-73.1746
44452	-72.6172
44453	-72.6536
44454	-73.2889
44455	-73.5733
44456	-73.337
44457	-73.0469
44458	-72.8858
44459	-72.7876
44460	-72.8239
44461	-73.436
44462	-72.9169
44463	-72.8863
44464	-72.9485
44465	-72.8011
44466	-72.7641
44467	-73.0779
44468	-72.8024
44469	-72.8232
44470	-72.9906
44471	-72.6726
44472	-72.7162
44473	-73.0765
44474	-73.1479
44475	-73.0065
44476	-73.3811
44477	-73.0692
44478	-73.221
44479	-73.1827
44480	-72.9387
44481	-72.8178
44482	-72.8058
44483	-72.8717
44484	-72.6347
44485	-73.0083
44486	-73.5143
44487	-73.1991
44488	-73.2736
44489	-72.7556
44490	-72.6988
44491	-72.9886
44492	-73.305
44493	-72.8052
44494	-72.2764
44495	-72.5548
44496	-72.8041
44497	-72.6175
44498	-72.7025
44499	-72.5211
44500	-73.013
44501	-73.1611
44502	-73.1101
44503	-72.724
44504	-73.161
44505	-73.3226
44506	-73.0196
44507	-73.0413
44508	-72.7722
44509	-72.6688
44510	-72.5144
44511	-72.9764
44512	-73.192
44513	-73.464
44514	-73.3053
44515	-73.1352
44516	-73.2368
44517	-73.3305
44518	-72.6883
44519	-72.9418
44520	-72.8562
44521	-72.6816
44522	-72.7348
44523	-73.0377
44524	-73.2005
44525	-73.4233
44526	-73.1097
44527	-72.6064
44528	-72.8493
44529	-72.9817
44530	-73.1697
44531	-72.8945
44532	-73.2556
44533	-73.134
44534	-72.6275
44535	-72.8789
44536	-73.1218
44537	-72.6253
44538	-72.5908
44539	-72.5212
44540	-72.6524
44541	-72.7982
44542	-73.0041
44543	-72.7567
44544	-73.2791
44545	-73.0252
44546	-73.0562
44547	-73.0806
44548	-72.7865
44549	-72.9888
44550	-73.0656
44551	-73.4668
44552	-73.2729
44553	-72.9858
44554	-72.9711
44555	-72.8188
44556	-72.99
44557	-72.4355
44558	-72.6099
44559	-72.8341
44560	-72.9646
44561	-73.0593
44562	-72.9685
44563	-73.0495
44564	-73.2685
44565	-73.7738
44566	-73.4161
44567	-72.7415
44568	-72.5698
44569	-72.6382
44570	-72.9276
44571	-72.969
44572	-73.1218
44573	-73.2663
44574	-72.9883
44575	-72.9789
44576	-72.6856
44577	-73.2681
44578	-72.9112
44579	-72.8018
44580	-73.0384
44581	-73.3136
44582	-72.9648
44583	-73.2711
44584	-72.968
44585	-72.8324
44586	-73.0585
44587	-73.0708
44588	-73.3061
44589	-73.1466
44590	-73.0514
44591	-73.2436
44592	-73.1158
44593	-73.142
44594	-73.2636
44595	-73.0209
44596	-73.4314
44597	-72.9258
44598	-72.6156
44599	-73.3702
44600	-73.8461
44601	-73.1508
44602	-72.5762
44603	-73.0225
44604	-72.7203
44605	-72.725
44606	-72.6802
44607	-72.9699
44608	-73.1242
44609	-73.4222
44610	-73.3312
44611	-73.1848
44612	-72.9495
44613	-72.8418
44614	-73.0771
44615	-73.2165
44616	-73.0645
44617	-72.9479
44618	-73.0768
44619	-72.8844
44620	-73.1109
44621	-73.3882
44622	-72.8239
44623	-73.063
44624	-72.9279
44625	-72.8525
44626	-73.2848
44627	-73.3274
44628	-73.2529
44629	-72.8761
44630	-72.5268
44631	-72.8367
44632	-72.6878
44633	-72.8938
44634	-72.5342
44635	-72.8903
44636	-73.2723
44637	-73.0772
44638	-72.8888
44639	-72.857
44640	-72.3908
44641	-72.8341
44642	-73.138
44643	-73.0363
44644	-72.8006
44645	-72.7161
44646	-73.43
44647	-73.1662
44648	-72.7766
44649	-72.8443
44650	-73.1889
44651	-72.8594
44652	-72.9057
44653	-73.2677
44654	-73.191
44655	-73.1776
44656	-72.9458
44657	-72.8872
44658	-73.1187
44659	-73.1109
44660	-73.4047
44661	-73.2142
44662	-72.4733
44663	-72.5601
44664	-72.5947
44665	-72.8088
44666	-73.0623
44667	-72.9789
44668	-72.8425
44669	-72.9374
44670	-72.9113
44671	-73.1067
44672	-73.0713
44673	-73.1987
44674	-73.6709
44675	-73.4034
44676	-72.825
44677	-72.8089
44678	-73.0512
44679	-72.6285
44680	-73.1472
44681	-72.9507
44682	-72.4517
44683	-72.9909
44684	-73.0543
44685	-73.2629
44686	-72.6668
44687	-72.6038
44688	-72.9479
44689	-72.7327
44690	-72.4787
44691	-72.9543
44692	-72.8
44693	-73.3495
44694	-73.1554
44695	-73.2947
44696	-73.3158
44697	-73.563
44698	-73.3725
44699	-73.3624
44700	-72.7882
44701	-72.9372
44702	-73.0077
44703	-72.6771
44704	-72.9985
44705	-72.7824
44706	-73.0357
44707	-72.8568
44708	-72.5573
44709	-72.7762
44710	-73.0009
44711	-72.9042
44712	-73.0985
44713	-73.086
44714	-72.5465
44715	-72.6585
44716	-72.5239
44717	-73.0892
44718	-73.3075
44719	-72.9622
44720	-72.9173
44721	-72.9314
44722	-72.6657
44723	-73.0604
44724	-72.7756
44725	-73.2366
44726	-72.9309
44727	-73.0659
44728	-72.6802
44729	-73.1471
44730	-72.8441
44731	-73.0293
44732	-73.0482
44733	-73.2497
44734	-72.9985
44735	-73.0009
44736	-73.2171
44737	-73.545
44738	-73.2467
44739	-73.5621
44740	-73.0917
44741	-72.9768
44742	-73.0652
44743	-72.8119
44744	-73.3626
44745	-73.2981
44746	-72.8813
44747	-72.9226
44748	-72.6309
44749	-72.9707
44750	-73.4494
44751	-73.1058
44752	-73.3027
44753	-73.1184
44754	-72.9719
44755	-72.8324
44756	-72.7995
44757	-73.0319
44758	-72.8807
44759	-72.8272
44760	-73.312
44761	-72.9312
44762	-73.2099
44763	-72.8904
44764	-72.6424
44765	-72.7865
44766	-73.2032
44767	-72.9823
44768	-73.1579
44769	-73.3258
44770	-73.0222
44771	-72.9875
44772	-73.347
44773	-73.0607
44774	-72.6031
44775	-72.9113
44776	-73.0213
44777	-72.8006
44778	-72.6659
44779	-73.2262
44780	-73.0095
44781	-72.9818
44782	-72.9242
44783	-73.2426
44784	-73.0891
44785	-73.5516
44786	-73.153
44787	-73.1178
44788	-72.9289
44789	-72.8773
44790	-72.9239
44791	-72.9919
44792	-73.1456
44793	-73.0046
44794	-72.9832
44795	-72.6579
44796	-73.0611
44797	-72.708
44798	-72.9386
44799	-72.9521
44800	-72.6591
44801	-72.5887
44802	-72.9418
44803	-72.6211
44804	-72.7161
44805	-72.593
44806	-72.8442
44807	-72.7871
44808	-72.8027
44809	-73.025
44810	-73.0561
44811	-72.8216
44812	-73.0188
44813	-72.9169
44814	-72.6898
44815	-73.1039
44816	-72.9578
44817	-73.209
44818	-73.1189
44819	-73.326
44820	-73.2274
44821	-73.1617
44822	-72.9298
44823	-72.8891
44824	-73.1762
44825	-72.7946
44826	-72.6141
44827	-72.7413
44828	-72.7254
44829	-73.1304
44830	-73.5596
44831	-73.1722
44832	-72.9334
44833	-73.0357
44834	-73.2144
44835	-73.2565
44836	-73.0078
44837	-72.9606
44838	-72.9761
44839	-73.2061
44840	-73.0212
44841	-73.3221
44842	-73.1759
44843	-72.9169
44844	-72.9728
44845	-72.8394
44846	-73.2109
44847	-73.2928
44848	-72.6777
44849	-72.5186
44850	-72.4648
44851	-72.4752
44852	-73.0513
44853	-73.269
44854	-73.2198
44855	-73.0171
44856	-72.7865
44857	-73.0598
44858	-72.7801
44859	-72.7878
44860	-73.3252
44861	-73.153
44862	-73.2271
44863	-72.7073
44864	-72.8612
44865	-73.0407
44866	-73.0395
44867	-73.0199
44868	-73.0235
44869	-72.9296
44870	-73.052
44871	-72.756
44872	-72.9356
44873	-72.6331
44874	-72.4489
44875	-72.504
44876	-73.0326
44877	-73.0805
44878	-72.9315
44879	-73.6667
44880	-73.3158
44881	-73.1229
44882	-73.0258
44883	-72.8208
44884	-73.0174
44885	-73.2205
44886	-73.5038
44887	-73.0486
44888	-73.1532
44889	-72.8472
44890	-73.2355
44891	-73.1498
44892	-73.0373
44893	-73.2487
44894	-73.1281
44895	-72.8061
44896	-73.049
44897	-72.8719
44898	-73.0337
44899	-73.2033
44900	-72.3717
44901	-72.7684
44902	-73.0564
44903	-73.1234
44904	-73.5362
44905	-73.2705
44906	-73.1278
44907	-73.388
44908	-72.5907
44909	-72.9177
44910	-73.2527
44911	-73.0913
44912	-73.2534
44913	-73.2323
44914	-73.3571
44915	-73.0191
44916	-72.8351
44917	-72.7897
44918	-72.9052
44919	-72.7336
44920	-72.953
44921	-73.0277
44922	-72.838
44923	-72.7549
44924	-72.5213
44925	-72.8713
44926	-73.2596
44927	-72.9865
44928	-73.0632
44929	-73.1706
44930	-73.1524
44931	-72.9017
44932	-72.8187
44933	-73.2492
44934	-73.0789
44935	-72.7175
44936	-73.0574
44937	-73.5519
44938	-73.0671
44939	-73.0931
44940	-73.1336
44941	-72.6368
44942	-72.9871
44943	-72.7333
44944	-72.6932
44945	-72.9732
44946	-73.3145
44947	-73.1422
44948	-73.0805
44949	-72.8249
44950	-72.8841
44951	-73.0094
44952	-73.2502
44953	-73.1891
44954	-72.8792
44955	-72.4886
44956	-72.3722
44957	-72.7975
44958	-72.8481
44959	-72.9691
44960	-72.7516
44961	-72.7758
44962	-73.0526
44963	-73.543
44964	-73.1714
44965	-72.7969
44966	-72.9211
44967	-72.8889
44968	-73.3697
44969	-73.2916
44970	-72.8795
44971	-73.3295
44972	-73.0546
44973	-73.1373
44974	-73.1527
44975	-73.2684
44976	-73.3527
44977	-73.1815
44978	-72.7775
44979	-72.9718
44980	-73.2343
44981	-73.017
44982	-72.9285
44983	-72.8024
44984	-73.2044
44985	-73.0379
44986	-73.1929
44987	-73.1088
44988	-72.9097
44989	-72.8016
44990	-72.7455
44991	-73.0917
44992	-73.4781
44993	-73.0895
44994	-73.4426
44995	-73.3493
44996	-73.0778
44997	-72.8368
44998	-72.5982
44999	-72.7639
45000	-73.1304
45001	-73.0957
45002	-73.164
45003	-72.9693
45004	-73.0732
45005	-72.936
45006	-72.9879
45007	-72.8698
45008	-73.2401
45009	-72.8082
45010	-72.6062
45011	-72.7071
45012	-72.9404
45013	-73.4455
45014	-73.262
45015	-73.1007
45016	-72.827
45017	-72.8243
45018	-72.8896
45019	-73.3318
45020	-73.3463
45021	-73.1428
45022	-73.0562
45023	-72.9185
45024	-72.9674
45025	-73.2246
45026	-73.0796
45027	-73.0298
45028	-72.8991
45029	-72.9743
45030	-72.7837
45031	-73.0925
45032	-73.5503
45033	-73.6803
45034	-73.5072
45035	-73.1132
45036	-72.5384
45037	-72.5926
45038	-73.0064
45039	-73.0172
45040	-73.2425
45041	-72.8811
45042	-72.8366
45043	-72.788
45044	-73.3175
45045	-72.9082
45046	-72.5284
45047	-72.3465
45048	-72.506
45049	-72.9523
45050	-72.8869
45051	-73.143
45052	-72.9451
45053	-72.7267
45054	-72.4344
45055	-72.6487
45056	-73.0692
45057	-72.9362
45058	-73.1156
45059	-73.2473
45060	-73.2968
45061	-73.2977
45062	-72.9593
45063	-73.2196
45064	-73.5537
45065	-73.4279
45066	-73.2318
45067	-72.8861
45068	-72.9029
45069	-72.6986
45070	-72.9197
45071	-72.947
45072	-72.9996
45073	-72.7679
45074	-72.8316
45075	-72.9463
45076	-72.7871
45077	-72.907
45078	-72.9138
45079	-73.0478
45080	-73.2952
45081	-73.4393
45082	-73.3386
45083	-72.7973
45084	-73.2442
45085	-73.0985
45086	-72.8733
45087	-73.0287
45088	-73.0064
45089	-73.2163
45090	-73.184
45091	-73.2546
45092	-73
45093	-72.9264
45094	-72.536
45095	-73.0619
45096	-72.8068
45097	-72.8502
45098	-73.3517
45099	-73.5801
45100	-73.0496
45101	-73.2296
45102	-73.2709
45103	-73.0005
45104	-72.9817
45105	-72.8717
45106	-72.4181
45107	-72.0976
45108	-72.4865
45109	-72.8543
45110	-72.9766
45111	-72.9715
45112	-73.4431
45113	-73.337
45114	-73.0314
45115	-72.9434
45116	-72.6936
45117	-72.5647
45118	-72.273
45119	-73.0369
45120	-73.2228
45121	-73.3391
45122	-72.6924
45123	-72.6015
45124	-72.9507
45125	-73.0536
45126	-72.9044
45127	-73.2148
45128	-72.7112
45129	-73.5693
45130	-73.5491
45131	-73.0548
45132	-72.881
45133	-72.6236
45134	-73.2894
45135	-72.8584
45136	-72.7585
45137	-73.2231
45138	-73.1389
45139	-72.898
45140	-73.0858
45141	-72.8883
45142	-73.0159
45143	-72.8506
45144	-72.7089
45145	-72.8928
45146	-73.3026
45147	-72.7482
45148	-72.7587
45149	-72.907
45150	-72.6635
45151	-72.5489
45152	-73.0435
45153	-73.1124
45154	-73.2423
45155	-72.984
45156	-73.3832
45157	-73.5555
45158	-73.005
45159	-72.6653
45160	-72.864
45161	-72.7831
45162	-73.1519
45163	-73.1244
45164	-73.0094
45165	-73.1729
45166	-72.5263
45167	-72.5811
45168	-73.0594
45169	-73.1399
45170	-73.1434
45171	-72.9977
45172	-72.6738
45173	-72.5621
45174	-72.7338
45175	-73.4045
45176	-72.9323
45177	-73.1268
45178	-73.19
45179	-73.0083
45180	-73.1301
45181	-72.9033
45182	-72.9295
45183	-73.2255
45184	-73.0035
45185	-73.0546
45186	-73.1345
45187	-72.8132
45188	-73.2326
45189	-73.0304
45190	-73.0481
45191	-72.9564
45192	-72.4682
45193	-72.6995
45194	-72.9263
45195	-73.3174
45196	-73.2832
45197	-73.3778
45198	-72.8781
45199	-72.9552
45200	-73.1524
45201	-73.0111
45202	-72.7176
45203	-72.8857
45204	-73.2265
45205	-72.7015
45206	-72.8396
45207	-73.0657
45208	-72.8887
45209	-72.8207
45210	-72.6368
45211	-72.8143
45212	-72.7525
45213	-72.5861
45214	-72.8715
45215	-72.5286
45216	-73.1152
45217	-72.9706
45218	-72.8874
45219	-72.8641
45220	-72.9422
45221	-72.6291
45222	-72.9319
45223	-72.8431
45224	-73.2049
45225	-72.9477
45226	-73.3786
45227	-73.0304
45228	-73.1533
45229	-72.895
45230	-72.7195
45231	-72.8661
45232	-72.9441
45233	-72.9497
45234	-72.852
45235	-72.9705
45236	-72.7754
45237	-72.844
45238	-73.015
45239	-72.9193
45240	-72.9654
45241	-72.979
45242	-73.1901
45243	-73.0252
45244	-72.6394
45245	-72.8388
45246	-73.0601
45247	-73.0518
45248	-73.0234
45249	-72.7997
45250	-73.0416
45251	-72.6121
45252	-73.0107
45253	-72.7403
45254	-72.8905
45255	-72.8872
45256	-73.1034
45257	-73.0003
45258	-72.8893
45259	-73.4897
45260	-73.3641
45261	-73.3182
45262	-73.003
45263	-72.6999
45264	-72.8546
45265	-72.7253
45266	-72.9175
45267	-72.8501
45268	-72.8595
45269	-72.522
45270	-72.6738
45271	-72.856
45272	-73.1999
45273	-73.1741
45274	-72.7922
45275	-72.7141
45276	-72.6335
45277	-72.9579
45278	-73.1689
45279	-73.0782
45280	-72.7554
45281	-72.8648
45282	-73.0494
45283	-73.0208
45284	-73.0232
45285	-72.5219
45286	-72.7403
45287	-73.029
45288	-73.1219
45289	-73.1568
45290	-72.8819
45291	-72.6404
45292	-72.9644
45293	-73.3541
45294	-73.5264
45295	-72.4642
45296	-72.6345
45297	-72.6992
45298	-73.0588
45299	-73.0626
45300	-73.1571
45301	-73.0967
45302	-72.831
45303	-73.2287
45304	-73.38
45305	-73.1709
45306	-72.8651
45307	-73.2021
45308	-73.387
45309	-73.2215
45310	-72.9966
45311	-72.7774
45312	-72.7737
45313	-73.0804
45314	-73.2519
45315	-73.1772
45316	-73.1765
45317	-73.1302
45318	-73.6534
45319	-73.5369
45320	-73.2494
45321	-72.7893
45322	-72.6026
45323	-72.7408
45324	-72.5717
45325	-72.7727
45326	-73.0479
45327	-72.8554
45328	-72.5286
45329	-72.7121
45330	-72.7952
45331	-73.0381
45332	-72.6893
45333	-72.8533
45334	-72.7619
45335	-72.9253
45336	-72.719
45337	-72.5715
45338	-72.7165
45339	-72.5967
45340	-72.9639
45341	-72.7104
45342	-72.9308
45343	-73.0225
45344	-73.3006
45345	-73.0694
45346	-73.1088
45347	-72.5036
45348	-72.6126
45349	-73.0988
45350	-73.3298
45351	-73.2852
45352	-72.791
45353	-73.0138
45354	-73.2818
45355	-73.3062
45356	-73.711
45357	-72.7208
45358	-72.818
45359	-73.0218
45360	-73.5646
45361	-73.2924
45362	-73.0471
45363	-72.9277
45364	-72.788
45365	-72.7237
45366	-73.3652
45367	-73.1257
45368	-73.4027
45369	-72.9258
45370	-72.6265
45371	-72.9669
45372	-72.797
45373	-73.2248
45374	-73.0367
45375	-72.4441
45376	-72.5185
45377	-72.5738
45378	-72.5136
45379	-72.8035
45380	-72.7286
45381	-72.8364
45382	-73.3689
45383	-73.2542
45384	-73.2278
45385	-72.7676
45386	-72.9128
45387	-72.8461
45388	-73.006
45389	-72.5854
45390	-72.8287
45391	-72.6925
45392	-73.0539
45393	-72.9057
45394	-72.9478
45395	-73.0101
45396	-73.0123
45397	-73.1059
45398	-72.9941
45399	-72.8358
45400	-72.9874
45401	-72.9029
45402	-73.0986
45403	-73.0204
45404	-72.7885
45405	-72.7286
45406	-72.9012
45407	-72.8805
45408	-72.6093
45409	-72.6647
45410	-72.9725
45411	-73.2225
45412	-73.2649
45413	-73.1534
45414	-73.4221
45415	-72.6544
45416	-72.8658
45417	-73.1302
45418	-73.3393
45419	-73.2256
45420	-72.754
45421	-72.7569
45422	-72.9977
45423	-72.7405
45424	-72.7179
45425	-73.0359
45426	-73.334
45427	-73.3627
45428	-72.9935
45429	-72.9053
45430	-73.327
45431	-73.0684
45432	-72.8387
45433	-72.7443
45434	-73.2171
45435	-73.2133
45436	-73.1167
45437	-72.9219
45438	-72.7678
45439	-72.8826
45440	-72.8134
45441	-72.9071
45442	-72.6751
45443	-72.5481
45444	-73.106
45445	-73.1767
45446	-72.7469
45447	-72.7964
45448	-72.6369
45449	-72.7774
45450	-73.2027
45451	-73.0612
45452	-72.5376
45453	-72.5873
45454	-73.2041
45455	-73.3983
45456	-73.1573
45457	-73.0102
45458	-73.0227
45459	-72.8825
45460	-72.9356
45461	-72.8732
45462	-72.938
45463	-73.1085
45464	-72.9723
45465	-73.1281
45466	-73.2503
45467	-73.415
45468	-72.8607
45469	-73.1997
45470	-73.1759
45471	-73.0735
45472	-72.817
45473	-72.9528
45474	-73.2543
45475	-72.8636
45476	-73.0061
45477	-73.0637
45478	-73.1887
45479	-72.9956
45480	-72.6723
45481	-72.8767
45482	-72.809
45483	-73.1793
45484	-73.3365
45485	-73.2008
45486	-72.8254
45487	-72.7649
45488	-73.2201
45489	-73.0514
45490	-72.7705
45491	-72.8024
45492	-73.0239
45493	-72.6721
45494	-73.0708
45495	-73.1906
45496	-72.8634
45497	-73.0562
45498	-73.2018
45499	-72.822
45500	-72.5952
45501	-72.6195
45502	-73.1141
45503	-72.6458
45504	-72.6469
45505	-73.1525
45506	-72.9779
45507	-72.9137
45508	-72.8872
45509	-72.5533
45510	-72.7376
45511	-72.6859
45512	-73.1734
45513	-73.2023
45514	-73.3153
45515	-73.2095
45516	-73.1468
45517	-72.8362
45518	-73.2214
45519	-73.8936
45520	-73.2889
45521	-73.0187
45522	-73.3347
45523	-72.6779
45524	-72.5661
45525	-72.9264
45526	-73.2403
45527	-72.8546
45528	-73.0793
45529	-72.7451
45530	-72.4359
45531	-72.8967
45532	-72.8424
45533	-73.0124
45534	-73.2071
45535	-72.9688
45536	-73.2482
45537	-72.7741
45538	-72.9715
45539	-73.1341
45540	-72.8537
45541	-73.2051
45542	-72.6858
45543	-72.5861
45544	-72.9093
45545	-72.9711
45546	-73.1132
45547	-72.9423
45548	-72.9363
45549	-73.0084
45550	-72.6343
45551	-72.9163
45552	-73.0824
45553	-73.0185
45554	-72.804
45555	-73.0491
45556	-72.8768
45557	-72.8249
45558	-72.8438
45559	-72.8006
45560	-72.9836
45561	-73.1028
45562	-72.7996
45563	-72.8905
45564	-73.1798
45565	-73.1112
45566	-73.1235
45567	-72.9944
45568	-72.9394
45569	-73.0727
45570	-72.6773
45571	-72.6763
45572	-73.0056
45573	-73.1475
45574	-73.3367
45575	-73.3152
45576	-72.8609
45577	-72.8644
45578	-72.8698
45579	-73.0791
45580	-73.0332
45581	-72.7284
45582	-72.9356
45583	-73.0971
45584	-72.8674
45585	-72.5333
45586	-73.2231
45587	-73.1527
45588	-72.6424
45589	-72.9843
45590	-72.6799
45591	-72.6737
45592	-72.8365
45593	-73.0779
45594	-72.962
45595	-72.8891
45596	-72.7064
45597	-73.1794
45598	-73.3285
45599	-72.8189
45600	-72.5386
45601	-72.8703
45602	-72.7827
45603	-72.7375
45604	-72.8096
45605	-72.8575
45606	-72.8313
45607	-73.356
45608	-73.0028
45609	-72.6414
45610	-73.0609
45611	-72.9684
45612	-73.0262
45613	-73.011
45614	-72.8024
45615	-72.7093
45616	-72.8258
45617	-73.0706
45618	-73.3693
45619	-72.9125
45620	-72.9522
45621	-73.2067
45622	-73.3822
45623	-73.1617
45624	-72.9898
45625	-73.2673
45626	-72.936
45627	-72.7192
45628	-72.6508
45629	-72.8863
45630	-72.9148
45631	-72.9061
45632	-73.0097
45633	-72.6385
45634	-72.5923
45635	-72.985
45636	-73.077
45637	-73.1295
45638	-73.36
45639	-73.2604
45640	-73.3807
45641	-73.4461
45642	-73.3551
45643	-72.9018
45644	-72.7021
45645	-72.6817
45646	-72.9591
45647	-72.6706
45648	-73.0568
45649	-73.14
45650	-72.836
45651	-72.413
45652	-72.5648
45653	-72.5424
45654	-72.785
45655	-72.9952
45656	-73.3263
45657	-72.8545
45658	-72.8453
45659	-72.6232
45660	-72.7887
45661	-73.1917
45662	-73.3979
45663	-73.1759
45664	-73.4134
45665	-72.8049
45666	-72.7575
45667	-72.5894
45668	-72.89
45669	-73.1859
45670	-72.4798
45671	-72.6085
45672	-72.8098
45673	-72.8485
45674	-73.011
45675	-73.6097
45676	-73.3036
45677	-72.8511
45678	-72.9689
45679	-73.056
45680	-72.9934
45681	-73.0094
45682	-73.0365
45683	-72.9199
45684	-72.8459
45685	-72.804
45686	-73.1185
45687	-73.1549
45688	-72.8411
45689	-72.8709
45690	-72.8491
45691	-73.3627
45692	-73.1547
45693	-73.2
45694	-73.4345
45695	-73.4496
45696	-72.8481
45697	-73.261
45698	-72.9738
45699	-73.0301
45700	-73.0562
45701	-72.7234
45702	-72.6239
45703	-72.6177
45704	-73.0474
45705	-73.0306
45706	-73.3292
45707	-73.2233
45708	-72.7156
45709	-73.0093
45710	-73.0306
45711	-72.8726
45712	-73.4445
45713	-72.6375
45714	-72.9411
45715	-73.0847
45716	-73.121
45717	-72.7846
45718	-72.5018
45719	-72.842
45720	-73.1818
45721	-72.8318
45722	-72.8993
45723	-72.8485
45724	-73.4292
45725	-73.412
45726	-72.9365
45727	-73.266
45728	-73.0524
45729	-72.5321
45730	-72.9085
45731	-72.9401
45732	-73.1496
45733	-73.2365
45734	-72.7601
45735	-72.8662
45736	-72.7303
45737	-72.9981
45738	-72.6736
45739	-72.7258
45740	-72.8399
45741	-73.2055
45742	-73.1876
45743	-73.1423
45744	-73.2445
45745	-73.1066
45746	-72.9052
45747	-72.5322
45748	-72.462
45749	-72.4563
45750	-72.7577
45751	-72.8028
45752	-72.9824
45753	-72.8605
45754	-73.2441
45755	-73.2574
45756	-72.936
45757	-72.184
45758	-72.8233
45759	-73.3901
45760	-73.2101
45761	-73.2525
45762	-73.3938
45763	-73.0457
45764	-73.3839
45765	-73.2196
45766	-73.2584
45767	-72.9926
45768	-72.4593
45769	-72.547
45770	-73.0957
45771	-72.931
45772	-73.0289
45773	-72.822
45774	-73.3385
45775	-73.3588
45776	-72.966
45777	-72.8069
45778	-72.9488
45779	-72.9097
45780	-72.7722
45781	-72.9455
45782	-73.0445
45783	-72.7957
45784	-72.8161
45785	-72.975
45786	-72.9453
45787	-73.3122
45788	-73.1522
45789	-73.1213
45790	-72.8592
45791	-72.8429
45792	-72.8429
45793	-72.5488
45794	-72.7016
45795	-72.9142
45796	-72.9867
45797	-73.1658
45798	-72.7531
45799	-72.8951
45800	-72.9427
45801	-73.2807
45802	-72.9887
45803	-73.0885
45804	-73.0101
45805	-72.9933
45806	-73.0517
45807	-73.2156
45808	-72.8894
45809	-72.6329
45810	-72.8784
45811	-73.0709
45812	-72.6875
45813	-72.8938
45814	-73.1039
45815	-73.0467
45816	-72.9493
45817	-73.0371
45818	-72.9807
45819	-72.9724
45820	-72.9617
45821	-72.8996
45822	-72.732
45823	-72.4386
45824	-72.3996
45825	-72.7075
45826	-72.9948
45827	-73.2216
45828	-73.2737
45829	-72.7863
45830	-72.8669
45831	-73.0369
45832	-73.0057
45833	-72.9727
45834	-73.5218
45835	-73.3339
45836	-73.0628
45837	-72.8381
45838	-73.0682
45839	-73.2417
45840	-72.9752
45841	-72.9409
45842	-72.8452
45843	-72.9442
45844	-72.7538
45845	-72.9866
45846	-72.9885
45847	-72.5795
45848	-72.7232
45849	-73.1756
45850	-73.0392
45851	-73.0918
45852	-73.057
45853	-73.1491
45854	-73.2457
45855	-72.7892
45856	-72.7942
45857	-72.7972
45858	-72.8271
45859	-72.711
45860	-72.8965
45861	-72.8055
45862	-72.7729
45863	-72.5028
45864	-72.6925
45865	-73.0012
45866	-73.3885
45867	-73.2663
45868	-73.0557
45869	-72.8722
45870	-72.7696
45871	-73.1048
45872	-72.8838
45873	-72.4239
45874	-72.6839
45875	-72.8633
45876	-72.9326
45877	-73.1778
45878	-73.1639
45879	-72.9623
45880	-73.071
45881	-72.7567
45882	-72.9427
45883	-72.9613
45884	-73.0692
45885	-72.8041
45886	-72.7576
45887	-72.9357
45888	-73.2375
45889	-73.0954
45890	-72.7532
45891	-73.1943
45892	-72.9365
45893	-72.8247
45894	-72.4744
45895	-72.6631
45896	-73.0855
45897	-72.9322
45898	-72.9657
45899	-73.2003
45900	-73.3044
45901	-73.2131
45902	-73.0811
45903	-72.8391
45904	-72.4541
45905	-72.8502
45906	-73.2034
45907	-73.0555
45908	-73.0092
45909	-72.9582
45910	-72.8959
45911	-72.9003
45912	-72.8683
45913	-72.9955
45914	-73.0103
45915	-73.0877
45916	-73.254
45917	-73.0453
45918	-72.8597
45919	-72.9603
45920	-73.115
45921	-73.0884
45922	-72.538
45923	-72.6156
45924	-72.8535
45925	-72.6393
45926	-73.0943
45927	-73.2589
45928	-73.059
45929	-73.2936
45930	-72.9038
45931	-72.8864
45932	-72.9731
45933	-72.9931
45934	-73.4855
45935	-72.8298
45936	-72.9836
45937	-72.682
45938	-72.8816
45939	-73.0771
45940	-72.781
45941	-72.7302
45942	-72.9517
45943	-73.1704
45944	-73.0978
45945	-73.2543
45946	-72.7103
45947	-73.0816
45948	-73.1905
45949	-73.1474
45950	-73.2284
45951	-72.7072
45952	-72.8289
45953	-73.1153
45954	-72.7669
45955	-73.0003
45956	-73.1432
45957	-73.3202
45958	-72.9294
45959	-73.0404
45960	-73.1964
45961	-73.4853
45962	-73.2371
45963	-73.3655
45964	-73.0659
45965	-72.8523
45966	-72.714
45967	-72.7973
45968	-72.9105
45969	-72.9114
45970	-72.6925
45971	-72.6206
45972	-72.6058
45973	-72.8129
45974	-72.9651
45975	-72.8154
45976	-72.8727
45977	-73.2543
45978	-73.4281
45979	-72.8223
45980	-72.7616
45981	-73.1295
45982	-73.3508
45983	-73.1857
45984	-72.6936
45985	-73.0391
45986	-73.4856
45987	-73.0932
45988	-73.1159
45989	-73.0059
45990	-73.1344
45991	-73.2716
45992	-73.1127
45993	-73.0592
45994	-72.8262
45995	-72.8117
45996	-73.2793
45997	-73.1429
45998	-73.0926
45999	-73.0509
46000	-72.784
46001	-72.749
46002	-73.0708
46003	-72.7268
46004	-72.392
46005	-72.5219
46006	-72.9107
46007	-72.9635
46008	-73.1916
46009	-73.3585
46010	-73.2489
46011	-72.5091
46012	-72.7363
46013	-73.0279
46014	-73.3728
46015	-73.0053
46016	-72.7855
46017	-73.0301
46018	-73.0534
46019	-72.8731
46020	-72.5879
46021	-73.5036
46022	-73.0755
46023	-72.8405
46024	-72.7962
46025	-73.0326
46026	-73.2826
46027	-73.6014
46028	-72.965
46029	-72.5303
46030	-72.9858
46031	-73.2661
46032	-73.3823
46033	-73.2251
46034	-73.1808
46035	-73.0205
46036	-72.8487
46037	-72.6038
46038	-72.8554
46039	-72.732
46040	-72.7411
46041	-73.0752
46042	-72.9507
46043	-72.9077
46044	-73.3358
46045	-73.3737
46046	-73.1162
46047	-73.2213
46048	-73.0373
46049	-73.1844
46050	-73.2199
46051	-72.8219
46052	-72.6966
46053	-72.9804
46054	-72.8607
46055	-72.8196
46056	-72.9518
46057	-72.7443
46058	-72.8791
46059	-72.7656
46060	-73.0167
46061	-73.0641
46062	-72.9185
46063	-72.9634
46064	-73.3875
46065	-73.3368
46066	-73.4684
46067	-73.2212
46068	-73.3497
46069	-73.03
46070	-72.6767
46071	-73.0881
46072	-73.4063
46073	-73.1283
46074	-72.6956
46075	-72.0765
46076	-72.144
46077	-72.7776
46078	-72.9995
46079	-73.3413
46080	-73.1118
46081	-73.0767
46082	-73.1913
46083	-72.9173
46084	-73.0022
46085	-73.2913
46086	-72.8128
46087	-72.6671
46088	-72.7246
46089	-72.7028
46090	-72.3678
46091	-72.2839
46092	-72.6171
46093	-72.5311
46094	-72.8489
46095	-72.9053
46096	-72.8823
46097	-73.4414
46098	-73.391
46099	-73.4613
46100	-73.5096
46101	-73.1031
46102	-72.806
46103	-72.7879
46104	-72.9662
46105	-73.2782
46106	-73.0532
46107	-73.047
46108	-72.8453
46109	-73.0177
46110	-73.3261
46111	-73.1346
46112	-72.7918
46113	-72.984
46114	-73.1229
46115	-73.1172
46116	-72.8709
46117	-72.5658
46118	-72.8257
46119	-73.0139
46120	-72.9137
46121	-73.0317
46122	-72.8721
46123	-72.9409
46124	-72.8234
46125	-72.8776
46126	-73.0061
46127	-73.245
46128	-72.855
46129	-72.8515
46130	-72.9254
46131	-73.2961
46132	-73.2439
46133	-72.9056
46134	-72.8079
46135	-72.9675
46136	-73.1648
46137	-72.8564
46138	-72.8613
46139	-72.7155
46140	-72.9926
46141	-73.1191
46142	-72.837
46143	-72.6122
46144	-72.5982
46145	-73.0622
46146	-73.2391
46147	-73.3396
46148	-73.1111
46149	-72.8893
46150	-72.7282
46151	-72.9133
46152	-72.6878
46153	-73.083
46154	-72.9429
46155	-73.2201
46156	-73.4014
46157	-72.9863
46158	-73.0169
46159	-72.9534
46160	-72.8781
46161	-73.1475
46162	-73.0226
46163	-72.9592
46164	-73.1153
46165	-72.8308
46166	-73.4081
46167	-72.8877
46168	-72.6785
46169	-73.4274
46170	-73.4355
46171	-73.1822
46172	-72.9147
46173	-73.1135
46174	-73.2847
46175	-72.924
46176	-72.8239
46177	-72.7819
46178	-72.7385
46179	-73.0482
46180	-72.858
46181	-72.6085
46182	-73.0996
46183	-73.0965
46184	-72.8184
46185	-73.0528
46186	-73.0391
46187	-73.3645
46188	-73.18
46189	-72.9406
46190	-72.9247
46191	-73.3192
46192	-73.1648
46193	-72.8562
46194	-72.7914
46195	-72.9912
46196	-72.7313
46197	-72.8389
46198	-73.2899
46199	-73.3201
46200	-72.8705
46201	-72.7545
46202	-72.742
46203	-73.1059
46204	-72.8502
46205	-73.0678
46206	-73.3578
46207	-73.0196
46208	-73.0259
46209	-72.7444
46210	-73.0794
46211	-72.8534
46212	-72.3813
46213	-72.7628
46214	-72.8213
46215	-73.0431
46216	-73.2616
46217	-72.7863
46218	-72.7952
46219	-72.6667
46220	-72.9586
46221	-73.0855
46222	-73.2015
46223	-73.0095
46224	-73.334
46225	-72.835
46226	-72.7795
46227	-72.9814
46228	-73.0463
46229	-73.0366
46230	-72.838
46231	-73.284
46232	-72.7846
46233	-73.1631
46234	-73.2103
46235	-73.0881
46236	-72.9026
46237	-72.8929
46238	-73.2897
46239	-73.0838
46240	-72.7269
46241	-72.5452
46242	-73.0358
46243	-72.9494
46244	-72.8487
46245	-73.1659
46246	-73.2763
46247	-73.1814
46248	-72.8556
46249	-72.8807
46250	-72.9348
46251	-72.8508
46252	-72.7488
46253	-72.6906
46254	-73.1659
46255	-73.3174
46256	-73.3251
46257	-73.1049
46258	-72.8379
46259	-73.1233
46260	-73.1213
46261	-72.9227
46262	-73.2706
46263	-72.9475
46264	-72.8966
46265	-72.9397
46266	-73.274
46267	-73.1077
46268	-73.2523
46269	-73.1797
46270	-73.228
46271	-73.3108
46272	-72.6014
46273	-72.8123
46274	-72.9149
46275	-73.0142
46276	-73.2956
46277	-72.8016
46278	-72.9426
46279	-73.277
46280	-73.0736
46281	-72.9948
46282	-72.7143
46283	-72.8494
46284	-73.3175
46285	-73.6639
46286	-73.2998
46287	-72.8894
46288	-72.9886
46289	-73.2307
46290	-72.9348
46291	-72.7736
46292	-73.1788
46293	-73.0779
46294	-72.8222
46295	-72.6086
46296	-72.9931
46297	-72.7189
46298	-72.7928
46299	-72.7452
46300	-72.6899
46301	-72.5959
46302	-73.0158
46303	-72.5019
46304	-72.7801
46305	-73.2013
46306	-73.2909
46307	-73.2668
46308	-73.0047
46309	-73.1482
46310	-73.3759
46311	-72.9058
46312	-72.7192
46313	-73.0179
46314	-73.1506
46315	-73.0453
46316	-72.5284
46317	-72.441
46318	-72.567
46319	-72.7906
46320	-72.7106
46321	-72.5283
46322	-72.7869
46323	-72.5648
46324	-72.5812
46325	-72.6583
46326	-72.6623
46327	-73.0893
46328	-73.0288
46329	-72.6914
46330	-72.6874
46331	-72.7465
46332	-72.9635
46333	-73.1941
46334	-72.9344
46335	-73.0881
46336	-72.9634
46337	-73.0082
46338	-72.9047
46339	-72.7461
46340	-72.7912
46341	-73.3866
46342	-73.2874
46343	-73.2959
46344	-73.2987
46345	-72.9777
46346	-72.4128
46347	-73.062
46348	-72.909
46349	-72.9827
46350	-73.2824
46351	-72.9799
46352	-73.2928
46353	-73.306
46354	-73.3234
46355	-73.3322
46356	-73.0753
46357	-72.8408
46358	-73.2437
46359	-72.8043
46360	-72.5422
46361	-72.9186
46362	-73.2089
46363	-72.9825
46364	-72.9061
46365	-72.8692
46366	-73.2333
46367	-73.2054
46368	-72.8875
46369	-72.6768
46370	-72.6591
46371	-72.8418
46372	-72.7553
46373	-72.7862
46374	-72.5661
46375	-72.7817
46376	-73.1102
46377	-73.3019
46378	-73.1453
46379	-72.8694
46380	-73.0174
46381	-73.3389
46382	-72.9971
46383	-72.9681
46384	-73.3176
46385	-72.8831
46386	-73.249
46387	-73.2488
46388	-73.1645
46389	-73.4736
46390	-73.0112
46391	-72.9442
46392	-73.001
46393	-73.1707
46394	-72.7503
46395	-72.8519
46396	-73.2428
46397	-73.2771
46398	-73.0216
46399	-73.1001
46400	-72.8312
46401	-72.9395
46402	-72.6775
46403	-72.8894
46404	-73.131
46405	-73.444
46406	-73.8113
46407	-72.9766
46408	-72.9385
46409	-73.0663
46410	-73.022
46411	-72.8384
46412	-73.2694
46413	-72.9294
46414	-72.8042
46415	-73.0682
46416	-73.1648
46417	-72.7545
46418	-72.8291
46419	-72.9265
46420	-72.3186
46421	-72.4808
46422	-72.885
46423	-73.0312
46424	-72.9396
46425	-72.5527
46426	-72.7084
46427	-73.3502
46428	-73.3699
46429	-73.3415
46430	-73.0273
46431	-72.7742
46432	-72.5376
46433	-72.8245
46434	-72.8156
46435	-72.957
46436	-72.893
46437	-72.8292
46438	-72.8057
46439	-73.3715
46440	-73.3657
46441	-72.8726
46442	-72.6618
46443	-72.9273
46444	-73.2417
46445	-73.2961
46446	-72.9181
46447	-72.9413
46448	-73.0814
46449	-73.2075
46450	-73.1053
46451	-72.9372
46452	-72.9565
46453	-72.9082
46454	-72.7671
46455	-72.8966
46456	-73.0342
46457	-73.1066
46458	-73.0053
46459	-72.6998
46460	-72.7402
46461	-73.1094
46462	-73.3579
46463	-73.4792
46464	-73.1609
46465	-73.3404
46466	-72.9966
46467	-73.1862
46468	-73.5192
46469	-73.2817
46470	-72.9356
46471	-73.2812
46472	-73.2966
46473	-73.1932
46474	-72.9171
46475	-72.9977
46476	-73.1612
46477	-72.9531
46478	-73.419
46479	-73.3305
46480	-73.4257
46481	-72.9557
46482	-73.1073
46483	-73.1968
46484	-72.9774
46485	-72.7367
46486	-73.064
46487	-73.1366
46488	-73.2883
46489	-73.1683
46490	-72.791
46491	-72.9444
46492	-72.9379
46493	-73.1296
46494	-73.0273
46495	-73.3172
46496	-72.903
46497	-73.1923
46498	-73.3186
46499	-73.3087
46500	-73.2427
46501	-72.7646
46502	-72.9475
46503	-73.1468
46504	-72.6628
46505	-72.647
46506	-72.7889
46507	-73.2521
46508	-73.5109
46509	-73.4017
46510	-72.9461
46511	-72.8633
46512	-73.5033
46513	-73.2283
46514	-73.0316
46515	-72.9863
46516	-72.9049
46517	-72.7571
46518	-72.6199
46519	-73.1062
46520	-72.9394
46521	-73.0872
46522	-72.9684
46523	-72.659
46524	-73.0485
46525	-73.1785
46526	-73.1818
46527	-73.4229
46528	-73.2206
46529	-72.9933
46530	-73.096
46531	-72.8626
46532	-73.0664
46533	-73.0363
46534	-72.6573
46535	-72.512
46536	-72.8178
46537	-72.6571
46538	-72.8255
46539	-72.8204
46540	-72.7633
46541	-72.6597
46542	-72.4942
46543	-72.9674
46544	-73.2801
46545	-72.9084
46546	-72.8538
46547	-72.9198
46548	-72.6788
46549	-72.6206
46550	-72.671
46551	-72.377
46552	-72.7981
46553	-73.0537
46554	-72.7357
46555	-72.9378
46556	-72.7723
46557	-73.0383
46558	-73.201
46559	-73.4838
46560	-73.3819
46561	-73.0322
46562	-72.7964
46563	-73.3032
46564	-73.4432
46565	-72.9705
46566	-73.0705
46567	-73.0092
46568	-73.2903
46569	-73.1857
46570	-73.1883
46571	-73.2539
46572	-73.0761
46573	-73.1217
46574	-73.1795
46575	-73.0384
46576	-73.0446
46577	-72.531
46578	-72.7224
46579	-72.6337
46580	-72.9236
46581	-73.1317
46582	-72.9474
46583	-73.0528
46584	-73.0539
46585	-72.6634
46586	-73.2881
46587	-73.1168
46588	-73.0744
46589	-73.3148
46590	-73.0868
46591	-73.0305
46592	-73.0562
46593	-72.9716
46594	-73.1452
46595	-73.5745
46596	-73.15
46597	-73.1806
46598	-73.1888
46599	-72.7672
46600	-72.7045
46601	-72.8646
46602	-72.7366
46603	-72.8238
46604	-72.7903
46605	-72.8982
46606	-72.9847
46607	-73.1488
46608	-72.4048
46609	-72.6251
46610	-72.929
46611	-72.7977
46612	-73.2617
46613	-72.8572
46614	-72.9941
46615	-72.8726
46616	-72.8108
46617	-72.7984
46618	-73.3804
46619	-73.4292
46620	-73.2478
46621	-73.081
46622	-73.2
46623	-73.4007
46624	-73.3787
46625	-73.0633
46626	-72.93
46627	-72.7323
46628	-73.4489
46629	-73.4212
46630	-73.4101
46631	-73.3205
46632	-72.9986
46633	-72.9035
46634	-73.0116
46635	-72.8948
46636	-72.9356
46637	-73.1083
46638	-73.1602
46639	-73.2503
46640	-72.9618
46641	-73.5893
46642	-73.2171
46643	-73.1516
46644	-72.7205
46645	-72.8733
46646	-72.9608
46647	-73.14
46648	-73.2268
46649	-72.7104
46650	-72.4664
46651	-72.8239
46652	-72.4694
46653	-72.5334
46654	-72.7218
46655	-72.9807
46656	-73.0909
46657	-72.7292
46658	-72.6805
46659	-73.0647
46660	-72.7627
46661	-72.4778
46662	-72.9727
46663	-73.0461
46664	-73.1528
46665	-72.9726
46666	-72.9511
46667	-73.0183
46668	-72.8577
46669	-73.1651
46670	-72.8805
46671	-72.9928
46672	-73.2237
46673	-73.513
46674	-73.292
46675	-72.7788
46676	-73.1191
46677	-73.1441
46678	-72.8431
46679	-73.212
46680	-73.1852
46681	-73.353
46682	-73.0842
46683	-73.1371
46684	-73.0599
46685	-72.6949
46686	-72.5762
46687	-73.1673
46688	-73.1002
46689	-72.8614
46690	-72.8963
46691	-72.9224
46692	-73.2141
46693	-73.2498
46694	-73.0902
46695	-73.1679
46696	-73.3183
46697	-73.1248
46698	-73.0888
46699	-73.0996
46700	-72.9821
46701	-72.6769
46702	-72.7147
46703	-72.596
46704	-72.7042
46705	-72.5099
46706	-72.7176
46707	-72.8603
46708	-73.0535
46709	-72.7163
46710	-72.9766
46711	-72.9113
46712	-73.3596
46713	-73.4591
46714	-73.3611
46715	-73.1253
46716	-72.9984
46717	-73.1152
46718	-72.8697
46719	-73.095
46720	-73.0604
46721	-73.1898
46722	-73.6183
46723	-73.1337
46724	-73.0633
46725	-73.4448
46726	-73.0275
46727	-72.9128
46728	-73.2934
46729	-72.8645
46730	-72.8479
46731	-72.8492
46732	-72.9563
46733	-72.6968
46734	-72.5918
46735	-72.8338
46736	-73.0471
46737	-72.9258
46738	-73.0658
46739	-72.8588
46740	-73.1251
46741	-73.0392
46742	-72.8423
46743	-73.0098
46744	-73.3723
46745	-73.3979
46746	-73.029
46747	-73.3707
46748	-73.426
46749	-73.344
46750	-72.8428
46751	-73.3274
46752	-73.5224
46753	-72.9871
46754	-72.8764
46755	-72.8428
46756	-73.0438
46757	-72.7467
46758	-72.8863
46759	-73.0047
46760	-73.2883
46761	-72.8044
46762	-72.683
46763	-72.9235
46764	-72.715
46765	-72.5666
46766	-72.725
46767	-73.1193
46768	-73.0342
46769	-72.7298
46770	-72.653
46771	-73.1608
46772	-73.2372
46773	-73.0451
46774	-73.1769
46775	-72.9188
46776	-72.5255
46777	-72.5515
46778	-72.8255
46779	-72.9673
46780	-73.0338
46781	-72.9513
46782	-72.9714
46783	-72.6416
46784	-72.9116
46785	-73.2602
46786	-72.857
46787	-73.1309
46788	-73.3442
46789	-73.5698
46790	-73.1633
46791	-73.2914
46792	-73.0857
46793	-73.0716
46794	-72.6752
46795	-72.6872
46796	-73.006
46797	-72.6412
46798	-72.5702
46799	-72.814
46800	-72.7225
46801	-73.0458
46802	-73.0411
46803	-72.8982
46804	-72.8245
46805	-72.8378
46806	-73.3074
46807	-73.1987
46808	-73.1241
46809	-73.1841
46810	-72.8544
46811	-73.3586
46812	-73.3935
46813	-73.0868
46814	-73.0062
46815	-72.8644
46816	-72.9088
46817	-73.1779
46818	-72.868
46819	-72.8441
46820	-72.7019
46821	-73.1417
46822	-73.0016
46823	-73.0133
46824	-73.1599
46825	-73.5714
46826	-73.2376
46827	-72.9797
46828	-72.6433
46829	-72.3442
46830	-72.7441
46831	-73.2051
46832	-72.8919
46833	-72.8581
46834	-73.1138
46835	-73.1549
46836	-73.4506
46837	-72.8775
46838	-72.667
46839	-73.197
46840	-72.6628
46841	-72.6929
46842	-72.6162
46843	-73.06
46844	-73.1868
46845	-72.7031
46846	-72.7151
46847	-72.5597
46848	-72.9119
46849	-73.4006
46850	-73.4295
46851	-73.2445
46852	-73.3389
46853	-72.8516
46854	-73.1768
46855	-73.5243
46856	-73.696
46857	-73.1507
46858	-73.2109
46859	-73.1587
46860	-73.001
46861	-72.9148
46862	-72.8455
46863	-73.4642
46864	-72.739
46865	-73.2122
46866	-72.8621
46867	-72.8149
46868	-73.0348
46869	-73.2341
46870	-73.1758
46871	-73.1974
46872	-72.8043
46873	-72.9365
46874	-73.1597
46875	-73.0865
46876	-73.2123
46877	-73.3082
46878	-73.2791
46879	-72.9964
46880	-72.9407
46881	-73.0517
46882	-72.4731
46883	-72.5042
46884	-73.2079
46885	-73.3785
46886	-72.9806
46887	-72.9438
46888	-72.9708
46889	-72.9056
46890	-72.9245
46891	-72.9632
46892	-72.8779
46893	-72.6607
46894	-72.9957
46895	-72.6681
46896	-72.9538
46897	-72.7534
46898	-73.0537
46899	-72.8923
46900	-73.2402
46901	-73.1004
46902	-73.0123
46903	-73.0074
46904	-73.072
46905	-72.8926
46906	-73.3199
46907	-73.3982
46908	-73.0499
46909	-72.6789
46910	-72.5522
46911	-73.0825
46912	-72.9319
46913	-73.2307
46914	-73.0539
46915	-72.836
46916	-72.5367
46917	-72.6617
46918	-72.616
46919	-73.1495
46920	-73.1659
46921	-73.0284
46922	-73.2651
46923	-72.8824
46924	-72.587
46925	-73.307
46926	-72.9658
46927	-73.3484
46928	-73.2334
46929	-73.184
46930	-73.1583
46931	-73.5532
46932	-73.3578
46933	-73.0184
46934	-73.0836
46935	-73.4037
46936	-73.4988
46937	-73.1402
46938	-73.2026
46939	-73.3162
46940	-73.0748
46941	-72.7729
46942	-72.7396
46943	-72.6671
46944	-72.5062
46945	-72.646
46946	-72.6794
46947	-73.0033
46948	-73.1808
46949	-73.2678
46950	-73.0397
46951	-73.3261
46952	-72.6005
46953	-72.77
46954	-72.9116
46955	-72.9417
46956	-72.9918
46957	-73.0668
46958	-73.1689
46959	-73.2335
46960	-73.0734
46961	-73.0713
46962	-73.3267
46963	-72.8886
46964	-73.4954
46965	-73.1099
46966	-72.6445
46967	-72.8791
46968	-72.7252
46969	-73.0647
46970	-72.9707
46971	-72.7424
46972	-72.9934
46973	-73.2046
46974	-73.4882
46975	-72.6651
46976	-72.4623
46977	-72.699
46978	-72.9526
46979	-73.2616
46980	-73.4059
46981	-73.1335
46982	-72.8918
46983	-72.9489
46984	-73.0685
46985	-72.8481
46986	-72.9156
46987	-72.7274
46988	-72.8225
46989	-72.9469
46990	-72.4955
46991	-72.6474
46992	-72.8236
46993	-72.956
46994	-72.7517
46995	-72.948
46996	-72.9179
46997	-72.9502
46998	-72.6483
46999	-72.956
47000	-73.3449
47001	-73.3241
47002	-73.2654
47003	-72.9338
47004	-72.9659
47005	-73.1156
47006	-73.0263
47007	-73.2904
47008	-72.8854
47009	-72.9338
47010	-72.7605
47011	-72.5914
47012	-73.1359
47013	-73.0091
47014	-72.9979
47015	-73.1276
47016	-73.0388
47017	-73.0162
47018	-73.0089
47019	-73.105
47020	-73.4219
47021	-73.0329
47022	-73.2697
47023	-73.3323
47024	-72.9497
47025	-72.9486
47026	-72.7609
47027	-72.9632
47028	-73.1944
47029	-72.5121
47030	-72.8443
47031	-73.1144
47032	-72.5413
47033	-72.7395
47034	-73.0757
47035	-73.0313
47036	-73.1488
47037	-73.1588
47038	-72.8221
47039	-72.9502
47040	-72.9554
47041	-72.9613
47042	-73.1996
47043	-73.0459
47044	-72.8125
47045	-73.2747
47046	-73.253
47047	-73.1797
47048	-73.0873
47049	-73.0007
47050	-72.8729
47051	-72.5581
47052	-72.7295
47053	-73.3179
47054	-73.52
47055	-73.735
47056	-73.1886
47057	-72.7679
47058	-72.7035
47059	-72.8834
47060	-73.3597
47061	-73.2051
47062	-72.9226
47063	-72.991
47064	-72.72
47065	-72.6479
47066	-73.0419
47067	-72.8568
47068	-72.6693
47069	-72.916
47070	-73.1207
47071	-73.1589
47072	-72.9749
47073	-72.775
47074	-72.7872
47075	-73.0261
47076	-73.2418
47077	-73.2391
47078	-73.4154
47079	-73.345
47080	-73.6656
47081	-73.4469
47082	-73.3772
47083	-72.9119
47084	-72.8314
47085	-72.5888
47086	-72.3775
47087	-72.8075
47088	-72.7712
47089	-73.2606
47090	-73.2066
47091	-73.0197
47092	-72.7233
47093	-72.9322
47094	-72.8732
47095	-72.4869
47096	-72.657
47097	-73.2445
47098	-72.9845
47099	-72.8339
47100	-72.9909
47101	-72.4218
47102	-72.4775
47103	-72.8552
47104	-72.8981
47105	-73.0655
47106	-73.2929
47107	-72.9366
47108	-73.2792
47109	-73.0499
47110	-72.8357
47111	-73.2057
47112	-72.7056
47113	-73.0881
47114	-72.9933
47115	-73.3065
47116	-73.0204
47117	-72.8327
47118	-72.9221
47119	-73.3273
47120	-73.1978
47121	-73.0932
47122	-73.1978
47123	-73.0773
47124	-72.9432
47125	-72.8814
47126	-73.2646
47127	-73.0596
47128	-73.1469
47129	-72.9692
47130	-73.0425
47131	-72.919
47132	-72.9913
47133	-72.9019
47134	-72.7798
47135	-72.717
47136	-73.0408
47137	-73.0831
47138	-72.8658
47139	-73.1438
47140	-73.0982
47141	-73.1366
47142	-73.1959
47143	-72.8321
47144	-72.9675
47145	-72.9965
47146	-73.0305
47147	-73.468
47148	-73.409
47149	-72.8157
47150	-72.9131
47151	-72.792
47152	-72.9999
47153	-72.8709
47154	-72.8533
47155	-72.6745
47156	-73.2905
47157	-72.8956
47158	-73.0372
47159	-72.991
47160	-72.9528
47161	-73.1135
47162	-73.0676
47163	-72.7377
47164	-72.6935
47165	-73.1068
47166	-73.2575
47167	-72.9167
47168	-73.1476
47169	-73.2053
47170	-72.9803
47171	-73.0568
47172	-72.9837
47173	-73.2442
47174	-73.419
47175	-72.9255
47176	-72.9896
47177	-73.251
47178	-73.0721
47179	-72.8039
47180	-73.1287
47181	-73.0122
47182	-73.3432
47183	-73.2215
47184	-73.0891
47185	-72.8982
47186	-72.7247
47187	-72.795
47188	-72.6549
47189	-72.6702
47190	-73.0904
47191	-73.0849
47192	-73.4416
47193	-73.2783
47194	-72.9449
47195	-72.9896
47196	-73.0262
47197	-72.9289
47198	-73.2704
47199	-72.8968
47200	-72.6058
47201	-73.0693
47202	-73.1936
47203	-72.9339
47204	-72.7872
47205	-73.3114
47206	-73.3854
47207	-73.1614
47208	-72.7902
47209	-72.76
47210	-72.9007
47211	-72.948
47212	-73.1069
47213	-73.1471
47214	-72.837
47215	-72.7574
47216	-72.7743
47217	-72.9436
47218	-73.1252
47219	-73.3087
47220	-73.4241
47221	-73.0452
47222	-72.9913
47223	-73.1027
47224	-72.8546
47225	-73.3785
47226	-73.0628
47227	-73.2331
47228	-72.8954
47229	-73.4616
47230	-73.1532
47231	-73.3451
47232	-73.2772
47233	-73.288
47234	-73.2264
47235	-72.9025
47236	-72.8577
47237	-72.6359
47238	-72.8404
47239	-73.5674
47240	-73.2842
47241	-73.1482
47242	-72.9678
47243	-73.051
47244	-73.0048
47245	-72.8137
47246	-72.811
47247	-72.7978
47248	-73.0736
47249	-73.0745
47250	-73.0013
47251	-73.233
47252	-72.7411
47253	-73.0398
47254	-72.6355
47255	-72.8235
47256	-72.8495
47257	-73.1311
47258	-73.2516
47259	-73.0827
47260	-72.8076
47261	-72.8571
47262	-73.2684
47263	-73.1311
47264	-72.75
47265	-73.1611
47266	-73.3285
47267	-73.228
47268	-72.922
47269	-72.8371
47270	-73.0612
47271	-73.1746
47272	-73.2053
47273	-73.0428
47274	-73.5401
47275	-73.4838
47276	-73.26
47277	-73.2451
47278	-72.9952
47279	-73.0851
47280	-73.2278
47281	-73.2876
47282	-72.8459
47283	-72.8865
47284	-72.9551
47285	-72.6595
47286	-72.9743
47287	-73.3079
47288	-73.2406
47289	-72.4957
47290	-72.6537
47291	-72.8548
47292	-72.7437
47293	-72.6159
47294	-73.0597
47295	-73.4386
47296	-72.9066
47297	-72.8271
47298	-72.7751
47299	-72.8835
47300	-72.7742
47301	-72.9561
47302	-72.8835
47303	-72.1251
47304	-72.9721
47305	-72.9703
47306	-72.5417
47307	-72.7381
47308	-73.2431
47309	-73.3506
47310	-73.1729
47311	-73.5703
47312	-72.9543
47313	-73.1742
47314	-73.0478
47315	-72.8302
47316	-73.2843
47317	-73.5548
47318	-72.827
47319	-72.5009
47320	-72.5411
47321	-72.979
47322	-72.9617
47323	-72.9597
47324	-73.506
47325	-73.3604
47326	-73.0481
47327	-73.0395
47328	-73.061
47329	-72.689
47330	-72.7306
47331	-72.9084
47332	-73.1062
47333	-72.8772
47334	-72.8606
47335	-72.85
47336	-73.001
47337	-73.1884
47338	-73.1468
47339	-73.0577
47340	-72.8805
47341	-73.4674
47342	-73.0766
47343	-72.996
47344	-72.8993
47345	-72.9465
47346	-72.9585
47347	-73.1102
47348	-73.3223
47349	-73.2067
47350	-72.5831
47351	-72.7738
47352	-72.8867
47353	-73.1123
47354	-72.8756
47355	-72.8585
47356	-73.0271
47357	-72.7734
47358	-72.7001
47359	-72.8968
47360	-73.3521
47361	-72.9278
47362	-72.8263
47363	-72.5523
47364	-72.6839
47365	-73.1777
47366	-73.4466
47367	-73.0301
47368	-72.9268
47369	-73.022
47370	-72.87
47371	-73.3765
47372	-73.0028
47373	-73.1101
47374	-72.8846
47375	-72.6186
47376	-73.0239
47377	-73.394
47378	-73.2142
47379	-72.7549
47380	-72.8606
47381	-73.0941
47382	-73.046
47383	-72.7049
47384	-73.1249
47385	-73.1396
47386	-72.5846
47387	-72.9419
47388	-73.2058
47389	-72.9914
47390	-72.7301
47391	-72.4572
47392	-73.0222
47393	-73.3006
47394	-73.1612
47395	-73.156
47396	-73.6867
47397	-73.4541
47398	-73.0204
47399	-73.1037
47400	-72.8752
47401	-72.8609
47402	-72.9968
47403	-72.9763
47404	-73.0064
47405	-72.8813
47406	-72.7563
47407	-72.8543
47408	-73.1011
47409	-73.0624
47410	-73.0763
47411	-73.0837
47412	-72.5409
47413	-72.7495
47414	-72.6199
47415	-72.8272
47416	-73.1985
47417	-73.0129
47418	-73.0034
47419	-72.9464
47420	-73.0584
47421	-73.354
47422	-72.7744
47423	-73.1581
47424	-73.3674
47425	-73.3454
47426	-73.0775
47427	-72.8512
47428	-73.0093
47429	-72.9259
47430	-73.2338
47431	-73.0055
47432	-72.9775
47433	-73.1395
47434	-72.7046
47435	-72.7703
47436	-73.0368
47437	-73.1581
47438	-73.3071
47439	-72.7724
47440	-72.9866
47441	-72.9937
47442	-72.9061
47443	-73.3376
47444	-72.929
47445	-72.9701
47446	-72.7876
47447	-72.7426
47448	-72.8782
47449	-72.9876
47450	-73.295
47451	-72.8679
47452	-73.1542
47453	-72.9846
47454	-72.8639
47455	-72.7844
47456	-72.7926
47457	-73.1434
47458	-73.1973
47459	-73.0995
47460	-73.178
47461	-72.9766
47462	-72.7433
47463	-72.8529
47464	-73.2104
47465	-73.1524
47466	-72.5855
47467	-72.7275
47468	-72.8792
47469	-72.855
47470	-72.9877
47471	-72.9905
47472	-72.8836
47473	-72.7065
47474	-72.836
47475	-72.6843
47476	-72.8451
47477	-72.7696
47478	-72.4732
47479	-72.6523
47480	-73.2596
47481	-73.2711
47482	-72.8278
47483	-73.1216
47484	-73.2677
47485	-73.1242
47486	-72.855
47487	-72.9806
47488	-72.9699
47489	-72.8004
47490	-72.7516
47491	-72.8467
47492	-72.832
47493	-72.889
47494	-72.8262
47495	-72.7591
47496	-72.8922
47497	-73.0012
47498	-73.0273
47499	-72.9771
47500	-72.8695
47501	-73.0143
47502	-72.9032
47503	-72.6757
47504	-72.9805
47505	-73.1748
47506	-73.2402
47507	-73.5256
47508	-73.7013
47509	-72.7976
47510	-72.8536
47511	-72.8694
47512	-72.953
47513	-73.07
47514	-73.0925
47515	-73.1116
47516	-73.0194
47517	-73.0936
47518	-73.1457
47519	-72.8486
47520	-72.6555
47521	-72.8977
47522	-73.371
47523	-73.3986
47524	-73.1634
47525	-72.9078
47526	-72.935
47527	-72.6402
47528	-72.9524
47529	-72.9496
47530	-73.1089
47531	-72.908
47532	-72.819
47533	-72.8126
47534	-72.6112
47535	-72.7276
47536	-73.1501
47537	-73.223
47538	-72.8271
47539	-72.4015
47540	-72.9006
47541	-73.6639
47542	-73.4985
47543	-73.2958
47544	-72.928
47545	-73.229
47546	-73.3837
47547	-73.1109
47548	-72.9638
47549	-73.1399
47550	-72.9161
47551	-73.0886
47552	-73.1468
47553	-72.7321
47554	-72.7479
47555	-73.1282
47556	-73.0362
47557	-72.9417
47558	-73.0372
47559	-73.4525
47560	-72.8875
47561	-72.7331
47562	-73.0915
47563	-72.9496
47564	-72.6662
47565	-72.8261
47566	-73.1294
47567	-72.9714
47568	-72.8594
47569	-72.5429
47570	-72.7704
47571	-72.7899
47572	-72.6902
47573	-72.8842
47574	-72.8078
47575	-72.9197
47576	-73.1402
47577	-73.3011
47578	-72.8836
47579	-72.8498
47580	-72.8209
47581	-73.5677
47582	-73.3408
47583	-72.9958
47584	-73.0082
47585	-73.2747
47586	-73.1065
47587	-72.7203
47588	-72.7988
47589	-72.985
47590	-73.1965
47591	-72.8641
47592	-72.555
47593	-73.0104
47594	-72.9822
47595	-73.0672
47596	-73.0532
47597	-73.0308
47598	-72.4601
47599	-72.3298
47600	-73.0907
47601	-73.3455
47602	-73.1927
47603	-72.9388
47604	-73.5902
47605	-73.312
47606	-73.1052
47607	-72.8981
47608	-73.2472
47609	-73.0246
47610	-72.8877
47611	-72.7001
47612	-72.9852
47613	-72.9996
47614	-73.2858
47615	-73.412
47616	-72.7889
47617	-73.0312
47618	-73.2749
47619	-72.9512
47620	-73.1128
47621	-72.7579
47622	-72.6
47623	-72.7126
47624	-73.2061
47625	-72.9456
47626	-73.2232
47627	-73.5692
47628	-73.0677
47629	-73.2014
47630	-72.8805
47631	-72.973
47632	-72.8761
47633	-72.5542
47634	-72.6597
47635	-72.6184
47636	-72.6128
47637	-72.0864
47638	-72.6049
47639	-72.8259
47640	-72.8973
47641	-72.9201
47642	-73.4116
47643	-73.4551
47644	-73.5036
47645	-73.2566
47646	-73.0599
47647	-73.2056
47648	-73.2217
47649	-73.1593
47650	-73.0359
47651	-73.1179
47652	-72.8579
47653	-72.8967
47654	-73.1917
47655	-72.9535
47656	-73.0209
47657	-72.4873
47658	-73.2345
47659	-73.2081
47660	-72.9969
47661	-72.7646
47662	-73.0375
47663	-72.7365
47664	-72.7454
47665	-72.6937
47666	-72.8339
47667	-72.9642
47668	-73.0591
47669	-73.1843
47670	-72.8397
47671	-72.9386
47672	-73.0405
47673	-73.0865
47674	-72.8336
47675	-72.7319
47676	-72.6951
47677	-72.6419
47678	-73.0829
47679	-73.1932
47680	-72.8621
47681	-73.2027
47682	-73.0822
47683	-72.8326
47684	-73.1254
47685	-73.4987
47686	-73.286
47687	-73.0693
47688	-73.2034
47689	-72.8723
47690	-72.6299
47691	-72.9378
47692	-73.3597
47693	-73.0173
47694	-72.9691
47695	-73.1263
47696	-72.9237
47697	-72.8776
47698	-72.8219
47699	-72.7324
47700	-72.9935
47701	-73.0208
47702	-73.4842
47703	-72.9014
47704	-73.1767
47705	-73.1304
47706	-73.2135
47707	-73.0378
47708	-72.9827
47709	-73.0466
47710	-73.2358
47711	-73.4387
47712	-73.1228
47713	-72.9459
47714	-72.9757
47715	-73.2692
47716	-73.4818
47717	-73.3995
47718	-73.0829
47719	-72.642
47720	-72.9804
47721	-72.9688
47722	-73.1792
47723	-73.4463
47724	-73.2107
47725	-73.0524
47726	-73.0835
47727	-72.5938
47728	-72.82
47729	-72.5565
47730	-72.6472
47731	-72.7952
47732	-72.921
47733	-73.354
47734	-73.0373
47735	-73.0714
47736	-72.8914
47737	-72.596
47738	-72.8554
47739	-73.1369
47740	-73.3619
47741	-73.0227
47742	-72.8265
47743	-72.9138
47744	-73.2904
47745	-72.6862
47746	-72.4698
47747	-73.0361
47748	-72.6779
47749	-72.9372
47750	-73.0566
47751	-73.1409
47752	-72.7966
47753	-73.2365
47754	-72.6238
47755	-72.2754
47756	-73.249
47757	-73.0057
47758	-72.8971
47759	-73.2867
47760	-73.5488
47761	-73.3656
47762	-73.5283
47763	-72.9568
47764	-72.741
47765	-72.5999
47766	-72.7149
47767	-73.2931
47768	-72.9041
47769	-73.0232
47770	-73.0843
47771	-73.1794
47772	-72.8862
47773	-73.051
47774	-73.2537
47775	-73.4113
47776	-73.324
47777	-73.428
47778	-73.0946
47779	-72.9356
47780	-72.5665
47781	-72.8825
47782	-73.0719
47783	-73.0808
47784	-73.2006
47785	-72.9429
47786	-72.9761
47787	-73.4574
47788	-73.1584
47789	-72.8735
47790	-73.0414
47791	-73.0305
47792	-72.717
47793	-72.5176
47794	-72.8049
47795	-73.2726
47796	-73.5109
47797	-73.2185
47798	-73.0628
47799	-73.2464
47800	-72.8147
47801	-72.802
47802	-72.9714
47803	-73.2272
47804	-72.8007
47805	-72.9045
47806	-73.0463
47807	-72.8988
47808	-72.6827
47809	-72.4881
47810	-72.881
47811	-73.3198
47812	-73.7502
47813	-73.7785
47814	-73.407
47815	-73.4748
47816	-73.1093
47817	-73.227
47818	-73.2232
47819	-72.9284
47820	-72.7719
47821	-72.5996
47822	-72.784
47823	-72.7462
47824	-72.8278
47825	-72.9513
47826	-73.5816
47827	-73.0141
47828	-73.1922
47829	-73.2625
47830	-73.116
47831	-73.1824
47832	-72.9903
47833	-73.1201
47834	-73.0535
47835	-73.4852
47836	-73.2903
47837	-73.0121
47838	-72.8635
47839	-72.8719
47840	-72.6565
47841	-73.2819
47842	-72.939
47843	-72.8898
47844	-72.6484
47845	-72.7396
47846	-72.6514
47847	-73.2248
47848	-73.3237
47849	-73.4694
47850	-73.0754
47851	-73.1654
47852	-73.1566
47853	-72.8349
47854	-72.9829
47855	-73.2119
47856	-73.1752
47857	-72.6448
47858	-72.7762
47859	-73.2469
47860	-73.1444
47861	-73.1547
47862	-73.2135
47863	-73.233
47864	-72.2652
47865	-72.4768
47866	-72.4738
47867	-72.7779
47868	-72.9026
47869	-73.0257
47870	-73.287
47871	-72.9677
47872	-72.7754
47873	-73.1549
47874	-73.1969
47875	-73.0985
47876	-72.6027
47877	-72.9374
47878	-72.9786
47879	-73.0808
47880	-73.4913
47881	-72.8015
47882	-73.0781
47883	-73.3006
47884	-73.3832
47885	-73.2196
47886	-72.6598
47887	-73.0111
47888	-72.8015
47889	-73.0706
47890	-73.0644
47891	-72.9585
47892	-73.1373
47893	-72.7658
47894	-73.3264
47895	-73.5825
47896	-72.99
47897	-72.7439
47898	-73.3408
47899	-73.3373
47900	-73.0788
47901	-73.0384
47902	-72.7345
47903	-72.881
47904	-73.2108
47905	-72.6908
47906	-73.0172
47907	-73.0447
47908	-72.9135
47909	-72.6182
47910	-72.5588
47911	-73.145
47912	-73.0477
47913	-73.1123
47914	-73.4014
47915	-73.0958
47916	-73.1201
47917	-73.1764
47918	-73.4308
47919	-73.0057
47920	-72.9747
47921	-73.0786
47922	-73.2093
47923	-72.857
47924	-72.6153
47925	-72.7203
47926	-72.8118
47927	-73.396
47928	-73.2207
47929	-72.9374
47930	-72.7118
47931	-73.0127
47932	-72.6051
47933	-72.5154
47934	-73.0713
47935	-72.9446
47936	-73.1389
47937	-73.237
47938	-72.7981
47939	-73.0734
47940	-73.07
47941	-73.1094
47942	-72.8709
47943	-72.7857
47944	-73.0649
47945	-73.5123
47946	-73.5868
47947	-72.8935
47948	-72.8546
47949	-72.899
47950	-72.787
47951	-73.0256
47952	-73.1756
47953	-73.013
47954	-72.5403
47955	-73.0577
47956	-73.1303
47957	-73.2696
47958	-73.024
47959	-72.6687
47960	-72.7169
47961	-72.7182
47962	-72.3315
47963	-72.7135
47964	-73.6458
47965	-73.5472
47966	-73.0552
47967	-73.0521
47968	-72.9558
47969	-72.8935
47970	-73.1448
47971	-73.1359
47972	-73.4375
47973	-73.1701
47974	-72.9867
47975	-72.9142
47976	-72.9207
47977	-72.8456
47978	-73.0721
47979	-73.2454
47980	-72.9477
47981	-73.4402
47982	-72.7914
47983	-72.5778
47984	-73.1729
47985	-72.7595
47986	-72.6858
47987	-73.1261
47988	-72.86
47989	-73.2685
47990	-73.0429
47991	-72.9704
47992	-73.0331
47993	-73.2067
47994	-72.9553
47995	-72.9728
47996	-73.0159
47997	-73.3243
47998	-73.0408
47999	-73.3672
48000	-73.0884
48001	-73.1401
48002	-73.1493
48003	-72.7958
48004	-72.8161
48005	-73.0263
48006	-73.1757
48007	-73.2119
48008	-73.3748
48009	-72.7383
48010	-73.025
48011	-72.8323
48012	-72.7178
48013	-73.1521
48014	-73.079
48015	-72.8244
48016	-73.1512
48017	-73.1497
48018	-73.0263
48019	-73.1688
48020	-73.3953
48021	-73.2036
48022	-72.932
48023	-72.6856
48024	-73.0432
48025	-72.6629
48026	-72.7088
48027	-72.8481
48028	-72.909
48029	-73.1162
48030	-73.2228
48031	-72.9111
48032	-73.2267
48033	-72.8122
48034	-72.7265
48035	-73.007
48036	-73.215
48037	-72.8635
48038	-72.4333
48039	-72.9707
48040	-72.8139
48041	-72.8437
48042	-72.8839
48043	-72.7184
48044	-72.8982
48045	-72.8957
48046	-73.1792
48047	-73.0676
48048	-73.1837
48049	-73.7081
48050	-72.6933
48051	-72.5291
48052	-72.5365
48053	-73.0449
48054	-72.7022
48055	-72.7416
48056	-72.7001
48057	-72.4694
48058	-72.796
48059	-73.0184
48060	-72.9161
48061	-72.7696
48062	-73.3368
48063	-73.0504
48064	-72.715
48065	-72.7316
48066	-73.1581
48067	-72.9705
48068	-72.7664
48069	-73.2919
48070	-73.1596
48071	-72.8357
48072	-73.2074
48073	-73.078
48074	-72.9155
48075	-73.2448
48076	-73.0912
48077	-73.3946
48078	-72.587
48079	-72.9078
48080	-72.5147
48081	-72.9328
48082	-72.8159
48083	-73.2077
48084	-72.9642
48085	-72.9403
48086	-72.7849
48087	-72.7304
48088	-72.7434
48089	-72.6577
48090	-72.9881
48091	-73.2226
48092	-72.7082
48093	-72.8788
48094	-72.5632
48095	-72.7327
48096	-72.6772
48097	-72.44
48098	-72.2659
48099	-72.5099
48100	-72.905
48101	-73.1268
48102	-72.8457
48103	-72.7515
48104	-72.8663
48105	-73.0558
48106	-73.1618
48107	-73.0401
48108	-73.3391
48109	-72.9404
48110	-72.4938
48111	-72.6461
48112	-73.135
48113	-72.847
48114	-72.5501
48115	-72.803
48116	-73.4765
48117	-73.1751
48118	-72.9533
48119	-72.6962
48120	-72.5772
48121	-72.5378
48122	-72.8426
48123	-73.1039
48124	-73.4225
48125	-73.4622
48126	-73.1278
48127	-72.6886
48128	-72.2464
48129	-72.7797
48130	-73.0742
48131	-72.7864
48132	-73.2022
48133	-73.6858
48134	-73.6385
48135	-72.9326
48136	-73.0102
48137	-73.4339
48138	-73.1165
48139	-72.8584
48140	-73.2369
48141	-72.8295
48142	-72.7506
48143	-72.8675
48144	-72.7039
48145	-72.5424
48146	-72.9813
48147	-72.9585
48148	-73.0374
48149	-72.9933
48150	-72.93
48151	-72.4378
48152	-72.9002
48153	-73.1602
48154	-73.3731
48155	-73.2512
48156	-73.2652
48157	-73.2264
48158	-73.2509
48159	-73.2593
48160	-72.978
48161	-73.087
48162	-73.0278
48163	-73.3273
48164	-72.845
48165	-72.5812
48166	-72.6123
48167	-72.9663
48168	-72.5211
48169	-72.9065
48170	-72.9863
48171	-72.8621
48172	-73.1983
48173	-73.0682
48174	-73.1843
48175	-73.1609
48176	-73.5877
48177	-73.2338
48178	-73.3373
48179	-73.184
48180	-73.1449
48181	-73.4171
48182	-73.2345
48183	-72.7817
48184	-72.7688
48185	-72.4811
48186	-72.5913
48187	-72.2607
48188	-72.6042
48189	-73.0658
48190	-73.1131
48191	-73.1788
48192	-73.0861
48193	-73.1291
48194	-72.9138
48195	-73.1926
48196	-73.1083
48197	-72.9172
48198	-73.0653
48199	-73.0383
48200	-73.113
48201	-72.8065
48202	-72.6796
48203	-72.7706
48204	-73.1122
48205	-72.9545
48206	-72.8391
48207	-72.5755
48208	-72.6209
48209	-72.7358
48210	-73.3801
48211	-73.6558
48212	-73.3348
48213	-73.2306
48214	-73.0357
48215	-73.014
48216	-73.2857
48217	-73.4229
48218	-73.2878
48219	-73.2189
48220	-73.258
48221	-73.339
48222	-72.8233
48223	-73.1874
48224	-73.1357
48225	-73.2884
48226	-73.1944
48227	-73.1375
48228	-73.5373
48229	-73.3254
48230	-72.8672
48231	-72.8281
48232	-73.1286
48233	-73.496
48234	-73.0178
48235	-72.382
48236	-73.0686
48237	-73.0684
48238	-73.1106
48239	-72.9988
48240	-73.4397
48241	-73.4175
48242	-73.1178
48243	-73.1914
48244	-73.0354
48245	-73.2423
48246	-73.2666
48247	-73.0304
48248	-73.0653
48249	-73.2761
48250	-73.1032
48251	-73.2144
48252	-73.1076
48253	-72.9574
48254	-72.8595
48255	-72.8342
48256	-72.8361
48257	-73.0565
48258	-72.9265
48259	-73.0224
48260	-72.9824
48261	-72.9106
48262	-73.153
48263	-73.0577
48264	-73.1426
48265	-73.2606
48266	-73.4229
48267	-73.181
48268	-72.9802
48269	-73.18
48270	-73.1765
48271	-73.2847
48272	-73.3234
48273	-73.0963
48274	-72.6152
48275	-72.7551
48276	-72.7835
48277	-72.9929
48278	-73.4243
48279	-72.7839
48280	-72.8344
48281	-72.7025
48282	-72.9002
48283	-72.8978
48284	-72.8445
48285	-72.8204
48286	-72.9412
48287	-72.6754
48288	-72.6842
48289	-73.2729
48290	-72.7441
48291	-72.8886
48292	-72.9627
48293	-72.7003
48294	-72.838
48295	-73.118
48296	-73.1356
48297	-73.3336
48298	-73.3974
48299	-73.4151
48300	-73.0641
48301	-73.2216
48302	-73.1386
48303	-72.8067
48304	-72.8034
48305	-72.7673
48306	-73.0028
48307	-73.0825
48308	-73.0143
48309	-72.98
48310	-73.2332
48311	-72.8529
48312	-72.9364
48313	-73.1071
48314	-73.2959
48315	-73.0795
48316	-73.0875
48317	-72.808
48318	-72.8043
48319	-72.6284
48320	-72.8695
48321	-72.953
48322	-72.5394
48323	-72.7633
48324	-72.8482
48325	-72.9886
48326	-72.6801
48327	-72.7501
48328	-72.5977
48329	-73.0087
48330	-72.9604
48331	-73.0282
48332	-73.1096
48333	-73.4591
48334	-73.0368
48335	-73.0935
48336	-73.1934
48337	-73.0359
48338	-73.0745
48339	-73.4278
48340	-73.667
48341	-73.6949
48342	-73.7514
48343	-72.9606
48344	-72.9479
48345	-72.922
48346	-72.7683
48347	-73.3234
48348	-73.2567
48349	-73.143
48350	-72.7551
48351	-73.0863
48352	-73.0123
48353	-73.2097
48354	-72.9264
48355	-72.9878
48356	-73.0175
48357	-72.754
48358	-73.4245
48359	-73.4076
48360	-72.8683
48361	-72.7302
48362	-73.023
48363	-73.0471
48364	-72.888
48365	-73.1251
48366	-72.8484
48367	-73.1929
48368	-73.0767
48369	-72.8933
48370	-73.4249
48371	-73.0987
48372	-73.2551
48373	-73.1616
48374	-72.9853
48375	-73.2805
48376	-73.1339
48377	-72.824
48378	-73.3175
48379	-73.3391
48380	-72.8146
48381	-72.6671
48382	-73.3141
48383	-73.1774
48384	-72.6982
48385	-73.1708
48386	-73.6013
48387	-73.0517
48388	-73.2315
48389	-73.1516
48390	-72.4657
48391	-73.0184
48392	-73.508
48393	-72.9807
48394	-72.7152
48395	-72.9522
48396	-72.6588
48397	-73.0936
48398	-73.0522
48399	-73.1512
48400	-73.005
48401	-73.2717
48402	-73.0465
48403	-72.923
48404	-72.9239
48405	-72.6931
48406	-73.2211
48407	-73.3966
48408	-73.3102
48409	-73.0204
48410	-73.2145
48411	-72.9753
48412	-72.7532
48413	-72.6405
48414	-73.0061
48415	-73.1199
48416	-72.9642
48417	-72.8137
48418	-72.7668
48419	-72.955
48420	-72.9669
48421	-72.9747
48422	-72.7218
48423	-73.0007
48424	-73.084
48425	-72.9039
48426	-72.6603
48427	-73.0501
48428	-73.0154
48429	-72.6732
48430	-73.0068
48431	-73.1083
48432	-73.1843
48433	-73.0493
48434	-72.8047
48435	-72.9294
48436	-73.0777
48437	-73.0004
48438	-72.8451
48439	-73.1382
48440	-73.0137
48441	-73.2961
48442	-73.136
48443	-73.111
48444	-73.2024
48445	-73.0548
48446	-72.8122
48447	-72.5307
48448	-72.7232
48449	-73.0907
48450	-72.9432
48451	-73.3159
48452	-73.2274
48453	-73.3297
48454	-73.0348
48455	-72.9994
48456	-73.2836
48457	-73.262
48458	-72.9664
48459	-73.039
48460	-73.0178
48461	-72.833
48462	-72.8931
48463	-72.9654
48464	-73.0882
48465	-73.2383
48466	-73.0293
48467	-73.2285
48468	-73.075
48469	-72.735
48470	-72.8336
48471	-72.768
48472	-72.9478
48473	-72.9193
48474	-72.7465
48475	-72.4878
48476	-73.275
48477	-73.1493
48478	-73.2224
48479	-73.6177
48480	-73.0085
48481	-72.8364
48482	-72.5981
48483	-72.5985
48484	-73.0165
48485	-72.9955
48486	-73.2614
48487	-72.8678
48488	-73.0872
48489	-73.2342
48490	-73.0524
48491	-73.2807
48492	-72.9617
48493	-72.9836
48494	-72.9636
48495	-72.7472
48496	-72.5662
48497	-72.739
48498	-72.6595
48499	-72.821
48500	-72.911
48501	-73.0434
48502	-73.094
48503	-73.3222
48504	-73.1059
48505	-72.9178
48506	-72.6957
48507	-72.4823
48508	-73.3846
48509	-73.3562
48510	-73.1922
48511	-73.1303
48512	-73.2654
48513	-73.1554
48514	-73.0252
48515	-72.8672
48516	-72.8297
48517	-72.6525
48518	-72.7627
48519	-73.025
48520	-73.4491
48521	-73.2571
48522	-72.9006
48523	-73.0477
48524	-73.3871
48525	-72.9845
48526	-72.8568
48527	-72.9856
48528	-72.9276
48529	-72.9557
48530	-73.1941
48531	-73.072
48532	-73.2152
48533	-73.0255
48534	-73.272
48535	-72.9263
48536	-73.0491
48537	-73.3365
48538	-73.5467
48539	-72.7597
48540	-72.5149
48541	-73.2799
48542	-73.4506
48543	-73.399
48544	-72.8644
48545	-72.4244
48546	-72.9465
48547	-72.7408
48548	-72.8405
48549	-72.8959
48550	-72.7299
48551	-72.7844
48552	-72.7381
48553	-72.819
48554	-72.7848
48555	-73.048
48556	-73.0581
48557	-72.676
48558	-72.8031
48559	-72.7962
48560	-72.8906
48561	-73.132
48562	-72.7539
48563	-72.8889
48564	-73.0855
48565	-72.9867
48566	-72.7924
48567	-72.7268
48568	-72.9298
48569	-73.0997
48570	-72.8949
48571	-72.9047
48572	-72.9855
48573	-72.9205
48574	-73.2986
48575	-72.5989
48576	-72.7199
48577	-72.8493
48578	-72.6412
48579	-72.4847
48580	-72.8275
48581	-73.1277
48582	-73.3607
48583	-73.043
48584	-73.0123
48585	-73.1726
48586	-73.0834
48587	-72.4551
48588	-73.2788
48589	-73.502
48590	-73.4089
48591	-73.257
48592	-72.923
48593	-73.1646
48594	-72.9164
48595	-73.1313
48596	-73.5092
48597	-73.3845
48598	-73.1822
48599	-73.0084
48600	-72.8036
48601	-73.1708
48602	-73.3674
48603	-73.4226
48604	-73.07
48605	-73.208
48606	-73.2087
48607	-73.2242
48608	-73.2401
48609	-73.2326
48610	-72.8229
48611	-72.8674
48612	-72.9945
48613	-73.3626
48614	-73.1807
48615	-72.9066
48616	-73.0516
48617	-73.5096
48618	-73.2869
48619	-73.2416
48620	-73.2755
48621	-73.1749
48622	-72.907
48623	-72.6693
48624	-72.9126
48625	-73.1788
48626	-73.0467
48627	-72.6596
48628	-72.9901
48629	-72.9171
48630	-72.8092
48631	-72.6927
48632	-73.2211
48633	-73.1561
48634	-72.5002
48635	-72.7513
48636	-72.8433
48637	-72.7016
48638	-72.9732
48639	-73.1685
48640	-72.803
48641	-73.1209
48642	-72.7657
48643	-72.4637
48644	-73.0514
48645	-73.044
48646	-73.359
48647	-73.3782
48648	-73.127
48649	-72.8365
48650	-72.9604
48651	-73.0137
48652	-72.7158
48653	-72.6447
48654	-73.0326
48655	-73.0314
48656	-72.9177
48657	-72.942
48658	-72.9056
48659	-72.8273
48660	-73.5338
48661	-73.1973
48662	-72.778
48663	-72.9836
48664	-73.3702
48665	-73.1853
48666	-73.1396
48667	-72.9514
48668	-72.9999
48669	-72.6663
48670	-73.045
48671	-73.2976
48672	-72.9667
48673	-73.1279
48674	-73.1718
48675	-72.8487
48676	-73.4991
48677	-73.0881
48678	-73.4823
48679	-72.7319
48680	-72.8355
48681	-72.7242
48682	-72.9358
48683	-72.8344
48684	-72.5898
48685	-72.9169
48686	-73.1341
48687	-73.3244
48688	-72.6627
48689	-72.5522
48690	-73.166
48691	-73.0704
48692	-73.2526
48693	-73.1633
48694	-73.0321
48695	-73.3843
48696	-73.2046
48697	-72.7416
48698	-72.9809
48699	-72.7487
48700	-72.5531
48701	-72.8578
48702	-72.9329
48703	-73.1731
48704	-73.05
48705	-73.1029
48706	-73.1385
48707	-72.989
48708	-72.8386
48709	-73.0215
48710	-72.9156
48711	-72.79
48712	-72.3753
48713	-72.4553
48714	-72.7925
48715	-73.159
48716	-72.9458
48717	-72.814
48718	-72.8493
48719	-72.8588
48720	-72.8682
48721	-72.7812
48722	-72.9908
48723	-73.2602
48724	-73.151
48725	-72.9202
48726	-72.8492
48727	-73.1677
48728	-72.9368
48729	-73.029
48730	-72.9514
48731	-72.9766
48732	-72.9091
48733	-72.9982
48734	-72.9821
48735	-72.8077
48736	-72.705
48737	-72.7117
48738	-72.5046
48739	-72.7044
48740	-73.2041
48741	-72.7263
48742	-72.6398
48743	-72.6806
48744	-73.3119
48745	-72.9247
48746	-72.8965
48747	-73.0252
48748	-72.7325
48749	-72.4891
48750	-72.7206
48751	-73.007
48752	-73.3912
48753	-73.0724
48754	-73.0505
48755	-73.4811
48756	-72.9937
48757	-72.6773
48758	-72.7795
48759	-72.9448
48760	-72.9861
48761	-73.3427
48762	-73.553
48763	-73.2917
48764	-72.5978
48765	-73.0351
48766	-73.2525
48767	-73.2985
48768	-72.9568
48769	-73.0159
48770	-73.0321
48771	-72.9566
48772	-72.7776
48773	-73.0114
48774	-73.1811
48775	-73.3761
48776	-73.0907
48777	-73.3716
48778	-73.1496
48779	-73.1696
48780	-72.8583
48781	-72.6781
48782	-72.6564
48783	-73.2335
48784	-72.9475
48785	-73.1856
48786	-73.545
48787	-73.081
48788	-72.8833
48789	-72.948
48790	-72.7914
48791	-73.0824
48792	-73.0609
48793	-73.0526
48794	-72.2868
48795	-72.8984
48796	-73.0275
48797	-73.1433
48798	-73.1861
48799	-72.6368
48800	-72.686
48801	-72.8085
48802	-73.1157
48803	-72.8514
48804	-72.6046
48805	-72.874
48806	-73.0448
48807	-72.894
48808	-72.7053
48809	-72.7424
48810	-72.7433
48811	-72.6035
48812	-72.5791
48813	-72.7671
48814	-73.4817
48815	-72.9319
48816	-73.038
48817	-73.3322
48818	-73.5428
48819	-72.9096
48820	-72.8587
48821	-72.8819
48822	-72.7941
48823	-72.6752
48824	-72.8033
48825	-72.8548
48826	-73.2092
48827	-73.4287
48828	-73.1349
48829	-72.9306
48830	-72.9855
48831	-72.7786
48832	-73.1247
48833	-72.7128
48834	-73.0699
48835	-73.0854
48836	-72.8563
48837	-73.5231
48838	-73.3621
48839	-73.3269
48840	-73.2891
48841	-72.4914
48842	-72.3223
48843	-73.2059
48844	-73.3508
48845	-72.7445
48846	-72.9461
48847	-73.0377
48848	-72.8184
48849	-72.7414
48850	-72.8992
48851	-72.8809
48852	-72.8397
48853	-72.948
48854	-73.0169
48855	-72.9422
48856	-72.5877
48857	-72.8789
48858	-72.9074
48859	-73.189
48860	-73.2618
48861	-72.8595
48862	-72.6799
48863	-72.5595
48864	-72.5655
48865	-72.866
48866	-72.4541
48867	-73.1489
48868	-72.7924
48869	-72.706
48870	-72.8065
48871	-72.9771
48872	-73.0033
48873	-72.6888
48874	-72.5777
48875	-72.7393
48876	-72.9447
48877	-72.9257
48878	-73.4827
48879	-72.7933
48880	-72.9005
48881	-73.0179
48882	-73.2705
48883	-73.3264
48884	-73.0036
48885	-72.5782
48886	-72.5193
48887	-72.5769
48888	-73.3982
48889	-73.0871
48890	-72.92
48891	-72.9762
48892	-73.7134
48893	-72.9808
48894	-72.7169
48895	-72.8708
48896	-73.2632
48897	-73.4079
48898	-73.373
48899	-73.1948
48900	-72.9538
48901	-73.0554
48902	-72.7528
48903	-72.4056
48904	-72.6516
48905	-72.4881
48906	-72.8413
48907	-73.0291
48908	-73.2311
48909	-73.2087
48910	-73.2025
48911	-73.2384
48912	-72.642
48913	-73.1994
48914	-72.8413
48915	-72.5694
48916	-72.9657
48917	-72.4206
48918	-72.475
48919	-72.9213
48920	-73.2149
48921	-73.0283
48922	-73.2219
48923	-73.3274
48924	-72.9089
48925	-72.9568
48926	-72.7094
48927	-73.0552
48928	-72.9326
48929	-72.7076
48930	-72.1763
48931	-72.1536
48932	-72.2952
48933	-71.7839
48934	-71.8246
48935	-71.9079
48936	-72.0119
48937	-71.8809
48938	-71.8521
48939	-71.8837
48940	-71.2647
48941	-71.1712
48942	-71.3076
48943	-71.1986
48944	-71.3812
48945	-71.5367
48946	-71.388
48947	-71.2501
48948	-71.2265
48949	-71.3029
48950	-71.397
48951	-71.508
48952	-71.2478
48953	-71.9661
48954	-72.2156
48955	-71.9482
48956	-72.0291
48957	-72.1817
48958	-72.1551
48959	-71.8762
48960	-71.7953
48961	-71.8727
48962	-72.0744
48963	-72.49
48964	-72.2057
48965	-72.2268
48966	-72.2206
48967	-71.6782
48968	-71.5775
48969	-71.9765
48970	-71.8067
48971	-71.726
48972	-71.4932
48973	-71.4517
48974	-71.7151
48975	-71.307
48976	-70.9686
48977	-70.9555
48978	-71.0753
48979	-71.004
48980	-70.5065
48981	-70.2378
48982	-70.4146
48983	-69.9885
48984	-70.1517
48985	-69.9825
48986	-69.6619
48987	-69.9656
48988	-69.6274
48989	-68.7027
48990	-68.9666
48991	-68.9979
48992	-68.7784
48993	-68.6644
48994	-68.1543
48995	-67.5981
48996	-67.5317
48997	-67.4454
48998	-67.3298
48999	-66.963
49000	-66.925
49001	-66.9693
49002	-66.6224
49003	-65.9849
49004	-65.7631
49005	-65.2276
49006	-65.61
49007	-65.3437
49008	-64.9231
49009	-64.5118
49010	-64.5775
49011	-64.2823
49012	-63.8403
49013	-63.3734
49014	-63.7671
49015	-63.1245
49016	-63.0366
49017	-62.7626
49018	-62.8846
49019	-62.3856
49020	-62.4434
49021	-62.18
49022	-62.0686
49023	-61.7479
49024	-61.8768
49025	-61.5148
49026	-61.6111
49027	-61.2579
49028	-61.4969
49029	-61.1352
49030	-61.391
49031	-61.008
49032	-60.9499
49033	-61.4003
49034	-61.529
49035	-61.5077
49036	-61.6719
49037	-61.9249
49038	-62.0429
49039	-62.193
49040	-62.0337
49041	-62.022
49042	-62.462
49043	-62.6151
49044	-62.819
49045	-62.9997
49046	-63.5208
49047	-63.7152
49048	-64.2408
49049	-64.6516
49050	-64.9676
49051	-64.7854
49052	-65.1289
49053	-65.6571
49054	-65.9812
49055	-65.8707
49056	-65.8255
49057	-66.2839
49058	-66.2782
49059	-66.8181
49060	-66.9868
49061	-67.1526
49062	-67.6894
49063	-67.5781
49064	-67.8191
49065	-68.3143
49066	-68.2457
49067	-68.6951
49068	-68.5561
49069	-68.8303
49070	-68.7134
49071	-69.3202
49072	-69.2797
49073	-69.4097
49074	-69.0711
49075	-68.7621
49076	-68.7829
49077	-68.6798
49078	-68.5233
49079	-67.9695
49080	-66.9914
49081	-67.0042
49082	-66.5032
49083	-65.4587
49084	-64.3351
49085	-64.2446
49086	-63.8881
49087	-63.3006
49088	-62.2478
49089	-61.287
49090	-60.5523
49091	-59.7735
49092	-59.3023
49093	-59.1913
49094	-59.0727
49095	-59.0341
49096	-59.6971
49097	-60.5385
49098	-61.4593
49099	-62.5303
49100	-63.5195
49101	-64.4965
49102	-65.93
49103	-67.0702
49104	-67.4566
49105	-68.3655
49106	-69.0301
49107	-69.3095
49108	-70.1155
49109	-70.5213
49110	-70.6124
49111	-71.0259
49112	-71.319
49113	-71.8762
49114	-71.7073
49115	-71.8712
49116	-71.8759
49117	-72.2883
49118	-72.0521
49119	-72.091
49120	-72.8152
49121	-72.7592
49122	-72.6942
49123	-72.5305
49124	-72.6485
49125	-72.7677
49126	-72.8592
49127	-72.715
49128	-72.5421
49129	-72.3735
49130	-72.5817
49131	-72.8394
49132	-73.1252
49133	-72.6689
49134	-72.6234
49135	-72.5077
49136	-72.8638
49137	-72.5039
49138	-72.6886
49139	-73.101
49140	-73.3042
49141	-72.7099
49142	-72.7052
49143	-72.4696
49144	-72.5259
49145	-72.4439
49146	-72.6104
49147	-72.7545
49148	-72.8889
49149	-72.8099
49150	-72.8404
49151	-72.9087
49152	-72.9931
49153	-73.0181
49154	-72.8966
49155	-72.7651
49156	-72.7809
49157	-72.57
49158	-72.4787
49159	-72.1045
49160	-72.1534
49161	-72.2745
49162	-72.4156
49163	-72.1116
49164	-71.6435
49165	-71.7139
49166	-71.3961
49167	-71.4309
49168	-71.4773
49169	-71.6417
49170	-71.3753
49171	-71.087
49172	-71.3022
49173	-71.6193
49174	-71.8576
49175	-71.7994
49176	-71.5802
49177	-72.116
49178	-72.5493
49179	-72.4814
49180	-72.3912
49181	-72.6515
49182	-72.8072
49183	-73.1701
49184	-73.1542
49185	-72.8952
49186	-72.8377
49187	-72.7937
49188	-72.9174
49189	-72.7634
49190	-72.5078
49191	-72.2545
49192	-72.2657
49193	-72.6829
49194	-72.7828
49195	-72.8195
49196	-72.6672
49197	-72.8366
49198	-73.0273
49199	-72.835
49200	-72.8377
49201	-72.7215
49202	-72.8789
49203	-73.0085
49204	-73.1021
49205	-72.804
49206	-72.6397
49207	-73.1132
49208	-73.2524
49209	-73.1913
49210	-72.9152
49211	-73.5754
49212	-73.353
49213	-73.0188
49214	-72.8116
49215	-73.1722
49216	-72.828
49217	-72.753
49218	-72.6126
49219	-73.0001
49220	-72.4729
49221	-72.5695
49222	-72.6247
49223	-72.9332
49224	-73.0271
49225	-72.8268
49226	-72.8497
49227	-73.0346
49228	-73.1412
49229	-72.7292
49230	-72.6441
49231	-72.5947
49232	-72.0746
49233	-72.2328
49234	-72.3446
49235	-72.1483
49236	-71.7532
49237	-71.8806
49238	-71.6626
49239	-71.2284
49240	-70.9258
49241	-70.9768
49242	-71.0303
49243	-70.2803
49244	-70.1491
49245	-70.2753
49246	-70.5763
49247	-70.4942
49248	-70.8338
49249	-70.8857
49250	-71.3074
49251	-71.9925
49252	-71.7774
49253	-71.3489
49254	-71.8421
49255	-72.095
49256	-72.7658
49257	-72.8967
49258	-72.8026
49259	-73.0929
49260	-72.9422
49261	-72.4901
49262	-72.9965
49263	-72.987
49264	-73.0444
49265	-73.2434
49266	-72.9846
49267	-73.2689
49268	-72.9475
49269	-72.7954
49270	-72.8306
49271	-73.1328
49272	-72.984
49273	-72.7756
49274	-72.7276
49275	-72.7122
49276	-72.5084
49277	-73.1131
49278	-72.6606
49279	-72.6561
49280	-72.8914
49281	-73.0735
49282	-73.2434
49283	-73.0208
49284	-73.0378
49285	-72.6952
49286	-72.7859
49287	-72.972
49288	-72.9351
49289	-72.7717
49290	-72.9105
49291	-72.6861
49292	-73.0493
49293	-73.2423
49294	-73.0528
49295	-72.9761
49296	-73.0385
49297	-72.7108
49298	-72.9679
49299	-72.9766
49300	-72.7474
49301	-72.5139
49302	-72.8626
49303	-73.1456
49304	-72.8388
49305	-72.948
49306	-73.0343
49307	-73.1798
49308	-72.8341
49309	-72.6856
49310	-72.7943
49311	-73.101
49312	-73.1678
49313	-72.8126
49314	-72.7249
49315	-72.6879
49316	-72.5373
49317	-72.8586
49318	-72.4165
49319	-72.6999
49320	-72.6502
49321	-72.6991
49322	-72.9026
49323	-72.668
49324	-72.6132
49325	-72.791
49326	-72.8691
49327	-72.9595
49328	-73.0446
49329	-72.7708
49330	-72.9341
49331	-72.9599
49332	-72.9938
49333	-73.2608
49334	-73.1189
49335	-72.7508
49336	-73.0657
49337	-73.0372
49338	-72.4948
49339	-72.6115
49340	-73.2262
49341	-73.2829
49342	-73.0783
49343	-73.0621
49344	-73.1025
49345	-72.5947
49346	-72.8512
49347	-73.2384
49348	-73.2838
49349	-73.0397
49350	-73.2385
49351	-73.2898
49352	-73.1108
49353	-73.3313
49354	-72.8493
49355	-72.7454
49356	-72.333
49357	-72.6419
49358	-72.984
49359	-72.9853
49360	-72.9135
49361	-72.9413
49362	-73.4559
49363	-73.391
49364	-72.6963
49365	-73.1619
49366	-73.1241
49367	-73.2634
49368	-73.1921
49369	-73.1719
49370	-72.9388
49371	-72.7666
49372	-72.6815
49373	-72.9868
49374	-72.8233
49375	-72.8111
49376	-73.1158
49377	-72.9165
49378	-72.56
49379	-72.9572
49380	-73.3342
49381	-73.0395
49382	-73.2024
49383	-73.0463
49384	-72.9522
49385	-73.3327
49386	-73.3805
49387	-73.1503
49388	-73.4562
49389	-73.2396
49390	-73.0523
49391	-73.1253
49392	-73.0618
49393	-72.8409
49394	-72.8607
49395	-72.7132
49396	-72.3158
49397	-72.1565
49398	-72.3131
49399	-73.1139
49400	-72.5709
49401	-72.6365
49402	-72.8899
49403	-72.5303
49404	-72.7753
49405	-73.0105
49406	-73.2753
49407	-73.1058
49408	-73.201
49409	-73.2367
49410	-72.7073
49411	-72.6969
49412	-72.8608
49413	-73.0605
49414	-73.5032
49415	-73.5583
49416	-73.0747
49417	-73.2321
49418	-72.9216
49419	-73.0591
49420	-73.0659
49421	-72.9919
49422	-73.1339
49423	-73.1521
49424	-73.1401
49425	-72.8871
49426	-72.5689
49427	-72.7547
49428	-72.9432
49429	-72.8356
49430	-72.7128
49431	-73.2048
49432	-73.187
49433	-73.224
49434	-73.1513
49435	-72.921
49436	-72.8223
49437	-72.7683
49438	-72.9229
49439	-72.8046
49440	-73.1649
49441	-73.0332
49442	-73.0234
49443	-73.1799
49444	-73.1496
49445	-73.043
49446	-73.475
49447	-73.2647
49448	-73.1173
49449	-73.2432
49450	-72.8605
49451	-73.0643
49452	-73.4293
49453	-72.9878
49454	-72.9058
49455	-73.1202
49456	-73.2748
49457	-73.0452
49458	-72.9088
49459	-72.9684
49460	-73.2204
49461	-73.2513
49462	-73.1197
49463	-72.9448
49464	-73.1509
49465	-72.9866
49466	-72.7536
49467	-72.6664
49468	-73.0275
49469	-73.1688
49470	-73.4036
49471	-73.0506
49472	-72.816
49473	-72.9794
49474	-72.9361
49475	-73.3873
49476	-72.8694
49477	-73.2208
49478	-73.3975
49479	-73.5773
49480	-73.0004
49481	-72.6637
49482	-73.6388
49483	-73.118
49484	-72.9924
49485	-73.1912
49486	-73.0051
49487	-72.8608
49488	-73.0795
49489	-73.1965
49490	-73.068
49491	-73.0179
49492	-72.8791
49493	-72.7983
49494	-73.0992
49495	-73.3614
49496	-73.2256
49497	-73.1207
49498	-72.9818
49499	-73.0048
49500	-73.1468
49501	-73.0073
49502	-72.923
49503	-73.5175
49504	-73.3754
49505	-73.1042
49506	-72.8824
49507	-72.5571
49508	-72.8982
49509	-72.9511
49510	-72.5921
49511	-72.8401
49512	-73.3458
49513	-73.2003
49514	-73.1838
49515	-73.0367
49516	-72.6717
49517	-73.0501
49518	-72.5649
49519	-72.832
49520	-72.7592
49521	-72.7016
49522	-72.8322
49523	-73.3139
49524	-72.8229
49525	-73.2654
49526	-73.2008
49527	-73.207
49528	-73.1994
49529	-73.6331
49530	-73.4178
49531	-72.9312
49532	-72.9352
49533	-73.4353
49534	-73.2851
49535	-73.1638
49536	-72.9507
49537	-73.0249
49538	-73.1266
49539	-72.8309
49540	-72.9679
49541	-73.1459
49542	-72.8334
49543	-72.8821
49544	-72.5204
49545	-73.0453
49546	-72.8834
49547	-73.012
49548	-73.0931
49549	-72.7558
49550	-72.8704
49551	-72.9749
49552	-72.7075
49553	-72.6679
49554	-72.6324
49555	-73.2746
49556	-73.4036
49557	-73.0103
49558	-73.0679
49559	-73.1217
49560	-73.0567
49561	-72.7917
49562	-72.9997
49563	-72.8607
49564	-73.2088
49565	-73.3505
49566	-73.147
49567	-73.1882
49568	-73.0984
49569	-73.1216
49570	-72.9929
49571	-73.1681
49572	-73.3325
49573	-73.0509
49574	-73.2964
49575	-72.8887
49576	-73.1358
49577	-73.0509
49578	-72.9594
49579	-72.8117
49580	-72.6266
49581	-72.9958
49582	-72.687
49583	-73.1243
49584	-73.3323
49585	-73.1133
49586	-73.0514
49587	-72.6346
49588	-72.8239
49589	-72.7165
49590	-73.0074
49591	-73.0458
49592	-72.6145
49593	-72.8341
49594	-72.8575
49595	-72.8454
49596	-73.3923
49597	-73.2587
49598	-72.9614
49599	-73.2602
49600	-73.0596
49601	-72.9248
49602	-73.0428
49603	-72.907
49604	-73.058
49605	-72.636
49606	-72.9051
49607	-72.8374
49608	-72.6274
49609	-72.5387
49610	-73.0856
49611	-72.6663
49612	-72.6634
49613	-72.9817
49614	-73.0392
49615	-73.1278
49616	-73.0608
49617	-73.0381
49618	-73.109
49619	-72.8021
49620	-72.9113
49621	-72.84
49622	-73.4687
49623	-73.292
49624	-73.0789
49625	-73.3705
49626	-72.8961
49627	-72.5506
49628	-72.6688
49629	-73.1373
49630	-73.1973
49631	-73.1053
49632	-72.9787
49633	-73.3177
49634	-73.4614
49635	-73.5831
49636	-73.2124
49637	-72.8473
49638	-73.1957
49639	-72.6234
49640	-73.0142
49641	-73.4234
49642	-73.2136
49643	-72.9642
49644	-72.7936
49645	-73.089
49646	-73.1355
49647	-73.1484
49648	-73.0395
49649	-72.8837
49650	-73.0064
49651	-73.1331
49652	-73.2022
49653	-72.803
49654	-72.7197
49655	-72.9631
49656	-72.7728
49657	-73.3402
49658	-72.8972
49659	-72.9962
49660	-72.9341
49661	-72.9526
49662	-72.8996
49663	-73.1559
49664	-73.0754
49665	-73.0781
49666	-73.439
49667	-73.4997
49668	-73.0505
49669	-72.65
49670	-72.6198
49671	-73.1893
49672	-73.1039
49673	-73.565
49674	-74.141
49675	-73.8193
49676	-73.6607
49677	-73.1421
49678	-73.0471
49679	-73.2868
49680	-73.3902
49681	-72.9207
49682	-73.0915
49683	-72.6941
49684	-72.8563
49685	-72.8195
49686	-73.0711
49687	-72.8751
49688	-72.735
49689	-72.9862
49690	-72.9585
49691	-73.2288
49692	-72.9216
49693	-73.0276
49694	-73.0842
49695	-73.0503
49696	-72.8775
49697	-73.0295
49698	-73.5848
49699	-73.0913
49700	-72.8448
49701	-73.0396
49702	-73.0798
49703	-73.1706
49704	-73.1656
49705	-73.1303
49706	-72.9126
49707	-72.8559
49708	-73.0145
49709	-73.4825
49710	-73.7724
49711	-73.5782
49712	-73.3512
49713	-72.8166
49714	-72.9877
49715	-73.2826
49716	-72.7907
49717	-73.24
49718	-73.2931
49719	-73.1331
49720	-72.9806
49721	-73.1249
49722	-73.3702
49723	-73.1991
49724	-73.1685
49725	-73.0099
49726	-72.79
49727	-72.7801
49728	-73.0498
49729	-72.8172
49730	-72.6858
49731	-72.8265
49732	-73.2019
49733	-72.9396
49734	-72.7924
49735	-72.7805
49736	-73.3542
49737	-73.0935
49738	-73.4566
49739	-73.1545
49740	-73.2794
49741	-73.3487
49742	-73.2765
49743	-73.2745
49744	-73.0277
49745	-72.5903
49746	-72.6286
49747	-72.8414
49748	-73.2459
49749	-73.3647
49750	-73.1719
49751	-72.6148
49752	-72.5371
49753	-72.654
49754	-72.7668
49755	-72.774
49756	-72.8742
49757	-73.0793
49758	-73.2026
49759	-72.9303
49760	-73.0997
49761	-72.9982
49762	-73.0727
49763	-72.9949
49764	-73.5846
49765	-72.9466
49766	-72.4948
49767	-73.237
49768	-73.2343
49769	-73.2113
49770	-73.2441
49771	-73.5424
49772	-73.0281
49773	-72.833
49774	-73.0972
49775	-73.2441
49776	-72.837
49777	-72.6479
49778	-72.6828
49779	-72.8201
49780	-73.0117
49781	-72.7799
49782	-72.5529
49783	-72.7342
49784	-73.0563
49785	-73.0898
49786	-73.2778
49787	-72.602
49788	-72.466
49789	-72.7969
49790	-73.0149
49791	-73.0883
49792	-73.0821
49793	-72.8603
49794	-72.9801
49795	-73.1382
49796	-73.0238
49797	-72.8465
49798	-72.8802
49799	-72.6542
49800	-72.7166
49801	-72.6941
49802	-73.0145
49803	-72.9346
49804	-73.4766
49805	-73.3822
49806	-73.069
49807	-72.7538
49808	-72.7352
49809	-72.7881
49810	-73.0395
49811	-73.3312
49812	-73.0691
49813	-73.0254
49814	-72.7698
49815	-73.0188
49816	-73.2695
49817	-73.0224
49818	-72.9597
49819	-73.4431
49820	-73.5334
49821	-72.9539
49822	-73.2788
49823	-73.1845
49824	-73.2003
49825	-73.2955
49826	-73.2529
49827	-73.4676
49828	-73.3504
49829	-73.2104
49830	-72.9402
49831	-73.1605
49832	-72.9375
49833	-72.9506
49834	-73.3187
49835	-73.1595
49836	-73.0198
49837	-72.8534
49838	-73.1669
49839	-73.1714
49840	-72.9919
49841	-73.0848
49842	-73.3653
49843	-72.9967
49844	-72.9885
49845	-72.9652
49846	-72.596
49847	-72.6023
49848	-72.7054
49849	-73.0865
49850	-72.8717
49851	-72.9261
49852	-72.8795
49853	-73.1931
49854	-73.4004
49855	-73.0236
49856	-72.6929
49857	-72.6504
49858	-73.1491
49859	-72.8854
49860	-72.7453
49861	-72.8246
49862	-72.9302
49863	-73.2301
49864	-73.2506
49865	-73.338
49866	-72.8781
49867	-72.7621
49868	-72.8321
49869	-72.9438
49870	-72.9986
49871	-73.1152
49872	-72.7596
49873	-72.5182
49874	-72.939
49875	-73.018
49876	-72.9765
49877	-72.7765
49878	-72.9517
49879	-73.0094
49880	-72.9907
49881	-72.901
49882	-72.722
49883	-73.0773
49884	-73.0582
49885	-73.1797
49886	-73.0857
49887	-73.4221
49888	-72.8258
49889	-73.2865
49890	-73.0751
49891	-72.9279
49892	-72.9651
49893	-72.8788
49894	-73.3123
49895	-73.261
49896	-73.0563
49897	-72.8901
49898	-73.046
49899	-73.4656
49900	-73.409
49901	-73.003
49902	-72.9647
49903	-72.8893
49904	-72.6617
49905	-72.7192
49906	-72.9632
49907	-73.3454
49908	-73.3633
49909	-72.9043
49910	-72.8411
49911	-72.9017
49912	-73.1038
49913	-73.1883
49914	-72.8505
49915	-73.4389
49916	-72.6307
49917	-73.1491
49918	-73.1495
49919	-73.1975
49920	-72.7847
49921	-73.2002
49922	-72.7307
49923	-72.7761
49924	-72.8705
49925	-72.9403
49926	-73.4084
49927	-73.2428
49928	-72.7734
49929	-73.2574
49930	-73.6899
49931	-73.3227
49932	-73.1539
49933	-72.9473
49934	-73.1253
49935	-73.5279
49936	-73.462
49937	-72.8393
49938	-72.971
49939	-72.8302
49940	-73.0321
49941	-72.8301
49942	-73.195
49943	-73.1041
49944	-72.7053
49945	-72.8142
49946	-72.917
49947	-72.6824
49948	-72.7278
49949	-72.5682
49950	-72.6513
49951	-72.5923
49952	-72.5155
49953	-72.6604
49954	-72.6986
49955	-72.8227
49956	-73.0203
49957	-72.9953
49958	-73.2167
49959	-73.2024
49960	-73.0908
49961	-73.1872
49962	-73.1443
49963	-72.7027
49964	-73.1012
49965	-72.661
49966	-73.2556
49967	-73.3149
49968	-73.067
49969	-73.0656
49970	-72.7461
49971	-72.8797
49972	-73.0147
49973	-72.814
49974	-72.836
49975	-73.1844
49976	-73.0014
49977	-72.9659
49978	-72.9295
49979	-72.6416
49980	-72.7723
49981	-72.9702
49982	-72.8283
49983	-72.9869
49984	-72.8901
49985	-72.9059
49986	-72.8392
49987	-72.7466
49988	-72.6401
49989	-73.0916
49990	-72.796
49991	-72.4939
49992	-72.8508
49993	-73.0085
49994	-72.6914
49995	-72.8219
49996	-73.0827
49997	-73.055
49998	-72.9624
49999	-73.2931
