0	-2.3948
1	-3.99984
2	-19.9608
3	-62.7495
4	-65.2306
5	-67.0181
6	-67.885
7	-68.4579
8	-69.277
9	-69.9696
10	-70.3384
11	-70.8513
12	-71.1637
13	-71.7482
14	-71.6267
15	-71.9907
16	-72.0337
17	-72.9152
18	-73.1332
19	-73.0891
20	-72.9911
21	-72.9543
22	-73.4004
23	-73.5621
24	-73.7869
25	-73.9343
26	-74.0838
27	-73.7913
28	-73.7848
29	-73.5588
30	-73.7202
31	-73.8811
32	-73.8445
33	-73.9541
34	-74.0716
35	-74.504
36	-74.564
37	-74.3415
38	-74.7146
39	-74.4482
40	-74.3056
41	-74.3026
42	-74.2633
43	-74.2429
44	-74.4044
45	-74.4408
46	-74.6987
47	-74.3768
48	-74.3337
49	-74.4867
50	-74.3986
51	-74.6826
52	-74.697
53	-75.0679
54	-75.194
55	-74.5435
56	-74.6075
57	-74.577
58	-74.8037
59	-75.081
60	-74.7491
61	-75.0027
62	-75.4523
63	-75.4586
64	-75.2008
65	-75.0858
66	-74.5776
67	-74.7059
68	-74.6123
69	-74.6838
70	-74.9811
71	-74.8024
72	-75.0788
73	-75.741
74	-75.1065
75	-74.633
76	-74.818
77	-75.0334
78	-75.4118
79	-74.9335
80	-75.2631
81	-74.754
82	-74.5168
83	-74.6918
84	-74.8046
85	-74.9917
86	-75.4881
87	-75.3425
88	-75.0756
89	-74.879
90	-74.9374
91	-74.9434
92	-75.0743
93	-74.7579
94	-75.1281
95	-75.0936
96	-75.0455
97	-75.0437
98	-74.924
99	-74.8209
100	-75.1195
101	-75.1908
102	-74.9006
103	-75.2481
104	-75.5779
105	-75.6021
106	-75.3198
107	-75.1672
108	-75.3197
109	-75.3578
110	-75.2722
111	-75.1628
112	-75.3805
113	-75.1823
114	-75.0696
115	-75.0304
116	-75.4323
117	-75.2888
118	-74.9083
119	-75.2961
120	-75.444
121	-74.8889
122	-75.143
123	-75.0459
124	-75.0918
125	-75.2596
126	-75.0136
127	-74.9752
128	-75.1038
129	-74.9727
130	-75.4587
131	-75.3876
132	-75.1897
133	-75.3398
134	-75.8095
135	-75.9418
136	-75.4032
137	-74.9923
138	-75.1917
139	-75.0617
140	-75.2162
141	-75.5509
142	-75.1593
143	-75.4707
144	-75.6025
145	-75.1562
146	-75.3481
147	-75.3471
148	-75.1585
149	-75.5041
150	-75.0628
151	-75.0565
152	-75.553
153	-75.5179
154	-75.1179
155	-75.0151
156	-75.7096
157	-75.676
158	-75.2022
159	-75.2805
160	-74.584
161	-74.7127
162	-74.9507
163	-75.1921
164	-75.4116
165	-75.0513
166	-75.3924
167	-75.3791
168	-75.0206
169	-75.249
170	-75.5103
171	-75.6572
172	-75.2761
173	-75.0238
174	-75.3947
175	-75.6013
176	-75.3255
177	-75.5236
178	-75.2739
179	-75.1849
180	-75.1914
181	-75.5589
182	-75.5787
183	-75.3676
184	-75.2524
185	-75.4878
186	-75.6157
187	-75.787
188	-75.4418
189	-75.1724
190	-75.2383
191	-75.0402
192	-75.3182
193	-74.9469
194	-75.0165
195	-75.5336
196	-75.768
197	-75.4278
198	-75.0025
199	-74.9832
200	-75.2038
201	-75.2712
202	-75.2252
203	-75.5594
204	-75.7308
205	-75.5812
206	-75.4015
207	-75.2579
208	-75.4859
209	-75.601
210	-76.0137
211	-75.8042
212	-75.782
213	-75.4808
214	-75.6403
215	-75.6219
216	-75.7057
217	-75.7629
218	-75.3499
219	-75.3379
220	-75.5199
221	-75.2695
222	-75.1993
223	-75.3984
224	-75.6885
225	-75.7105
226	-75.3296
227	-75.7051
228	-75.3759
229	-75.3114
230	-75.4715
231	-75.4689
232	-75.3166
233	-75.3444
234	-75.5398
235	-75.5413
236	-75.3733
237	-75.1789
238	-75.2206
239	-74.9792
240	-75.0696
241	-74.8606
242	-74.9066
243	-74.9925
244	-75.2911
245	-75.4253
246	-75.2377
247	-75.2191
248	-75.2881
249	-75.4668
250	-75.3141
251	-75.6831
252	-75.3498
253	-75.5918
254	-75.6906
255	-75.4771
256	-75.2311
257	-75.4453
258	-75.4597
259	-75.5287
260	-75.0299
261	-75.247
262	-75.1922
263	-75.2917
264	-75.4822
265	-75.5565
266	-75.4794
267	-75.2078
268	-75.5259
269	-75.4234
270	-75.5019
271	-75.4108
272	-75.5434
273	-75.401
274	-75.1878
275	-75.6704
276	-75.9238
277	-75.7673
278	-75.6551
279	-75.3993
280	-75.6518
281	-75.85
282	-75.2126
283	-75.5146
284	-75.5791
285	-75.5921
286	-75.416
287	-75.256
288	-75.0921
289	-75.5781
290	-75.398
291	-75.2817
292	-75.3055
293	-75.825
294	-75.4611
295	-75.4931
296	-75.1159
297	-75.203
298	-75.3093
299	-74.7673
300	-75.422
301	-75.4257
302	-75.45
303	-75.9849
304	-75.4064
305	-75.5852
306	-75.3883
307	-75.4647
308	-75.8532
309	-75.6006
310	-75.5597
311	-75.5573
312	-75.3944
313	-75.5201
314	-75.6227
315	-75.5868
316	-75.6567
317	-75.3869
318	-75.2108
319	-75.0339
320	-75.5778
321	-75.4761
322	-75.4942
323	-75.3331
324	-75.4051
325	-75.568
326	-75.7409
327	-75.9862
328	-75.9744
329	-75.3519
330	-75.1737
331	-75.6633
332	-76.0028
333	-75.9081
334	-75.5906
335	-75.5258
336	-75.2717
337	-75.0463
338	-75.2281
339	-75.4918
340	-75.1859
341	-75.0837
342	-75.5131
343	-75.3188
344	-75.6593
345	-75.8112
346	-75.6589
347	-75.3477
348	-75.3342
349	-75.3278
350	-75.2218
351	-75.5664
352	-75.2122
353	-75.6247
354	-75.2519
355	-75.2063
356	-75.5911
357	-75.4701
358	-75.7608
359	-75.7732
360	-75.6503
361	-75.7322
362	-75.6139
363	-75.4578
364	-75.8311
365	-75.5095
366	-75.3654
367	-75.4698
368	-75.2551
369	-75.42
370	-75.6333
371	-75.625
372	-75.563
373	-75.2124
374	-75.4131
375	-75.3198
376	-75.4645
377	-75.4368
378	-75.2207
379	-75.2203
380	-75.0425
381	-75.2765
382	-75.9649
383	-75.765
384	-75.5514
385	-75.7074
386	-75.5341
387	-75.4589
388	-75.2413
389	-74.9317
390	-75.464
391	-75.4089
392	-75.3869
393	-75.2069
394	-75.1492
395	-75.2273
396	-75.6466
397	-75.5653
398	-75.3336
399	-75.2099
400	-75.3093
401	-75.6528
402	-75.6457
403	-75.5744
404	-75.5466
405	-75.4212
406	-75.2974
407	-75.4772
408	-75.7704
409	-75.6686
410	-76.0381
411	-75.7128
412	-75.6638
413	-75.4597
414	-75.1613
415	-75.1216
416	-75.3997
417	-75.3907
418	-75.5714
419	-75.3367
420	-75.5949
421	-75.2455
422	-75.2439
423	-75.871
424	-75.5661
425	-75.7395
426	-75.9281
427	-75.7087
428	-75.2908
429	-75.0489
430	-75.3342
431	-75.5635
432	-75.5171
433	-75.6352
434	-75.3391
435	-75.4651
436	-75.4304
437	-75.4596
438	-75.5428
439	-75.5546
440	-75.4783
441	-75.1646
442	-75.4152
443	-75.2589
444	-75.3463
445	-75.3282
446	-75.1087
447	-75.176
448	-75.2237
449	-75.3742
450	-75.0765
451	-75.3191
452	-75.3333
453	-75.6405
454	-75.6019
455	-75.5566
456	-75.3551
457	-75.5667
458	-75.5744
459	-75.4744
460	-75.2937
461	-75.1638
462	-75.3032
463	-75.8379
464	-76.0281
465	-75.9772
466	-75.3901
467	-75.4825
468	-75.2108
469	-75.1217
470	-75.6632
471	-75.9526
472	-75.8296
473	-75.3562
474	-75.2993
475	-75.1744
476	-75.3032
477	-75.3338
478	-75.4107
479	-75.6775
480	-75.5574
481	-75.4287
482	-75.6785
483	-75.5227
484	-74.9833
485	-75.7798
486	-75.4435
487	-74.9943
488	-75.216
489	-75.3387
490	-75.0359
491	-75.1499
492	-75.3458
493	-75.1472
494	-74.8498
495	-74.7681
496	-75.192
497	-75.3257
498	-75.284
499	-75.2035
500	-75.4539
501	-75.4243
502	-75.4459
503	-75.3037
504	-75.3061
505	-75.2034
506	-75.1052
507	-75.5304
508	-75.5503
509	-75.2432
510	-75.2638
511	-75.3232
512	-75.4063
513	-75.6287
514	-75.2148
515	-75.5499
516	-75.2393
517	-75.5749
518	-75.6246
519	-75.862
520	-75.6285
521	-75.7448
522	-75.6287
523	-75.3933
524	-75.6701
525	-75.8047
526	-75.5437
527	-76.0095
528	-75.7612
529	-75.3328
530	-75.1516
531	-75.6697
532	-75.5933
533	-75.7288
534	-75.5298
535	-75.094
536	-75.5697
537	-75.7347
538	-75.3406
539	-75.3879
540	-75.3976
541	-75.4674
542	-75.3492
543	-75.298
544	-75.4971
545	-75.6693
546	-75.1441
547	-75.3025
548	-75.3325
549	-75.2688
550	-75.9533
551	-75.6762
552	-75.9025
553	-75.6006
554	-75.2744
555	-75.2418
556	-75.4105
557	-75.7193
558	-75.5886
559	-75.5714
560	-75.4026
561	-75.4605
562	-75.2425
563	-75.1914
564	-75.3389
565	-75.3518
566	-75.7983
567	-75.9693
568	-75.5634
569	-76.1935
570	-76.3761
571	-75.9563
572	-75.8763
573	-75.7468
574	-75.8939
575	-75.546
576	-75.7005
577	-75.8733
578	-75.3165
579	-75.2679
580	-75.1184
581	-75.3039
582	-75.7274
583	-75.6873
584	-75.7697
585	-75.8168
586	-75.6164
587	-75.8377
588	-75.6087
589	-75.4748
590	-75.595
591	-75.6597
592	-75.3613
593	-75.4857
594	-75.2664
595	-75.4183
596	-75.0826
597	-75.3094
598	-75.4828
599	-75.8515
600	-75.4895
601	-75.7845
602	-75.2896
603	-75.5727
604	-75.5589
605	-75.5602
606	-75.2958
607	-75.3529
608	-75.7072
609	-75.8038
610	-75.7301
611	-75.1044
612	-75.1414
613	-75.5829
614	-75.6248
615	-75.5542
616	-75.833
617	-75.6792
618	-75.4162
619	-75.4081
620	-75.6581
621	-75.7586
622	-75.1054
623	-74.9046
624	-75.5421
625	-75.4794
626	-75.5828
627	-75.5848
628	-75.5335
629	-75.3059
630	-75.1254
631	-74.9257
632	-75.1725
633	-75.6035
634	-75.8431
635	-75.6561
636	-75.4679
637	-75.8451
638	-75.5286
639	-75.7245
640	-75.7072
641	-75.6869
642	-75.5499
643	-75.5483
644	-75.2951
645	-75.2501
646	-75.1382
647	-75.0881
648	-75.4907
649	-75.7139
650	-75.3852
651	-75.5165
652	-75.6455
653	-75.5244
654	-74.9653
655	-75.3257
656	-75.6771
657	-75.5453
658	-75.507
659	-75.4879
660	-75.1778
661	-75.1384
662	-75.76
663	-75.7871
664	-75.9544
665	-75.8856
666	-75.6744
667	-75.5139
668	-75.5851
669	-75.8015
670	-75.5304
671	-75.3151
672	-75.1568
673	-75.5771
674	-75.662
675	-75.5286
676	-75.2048
677	-75.4114
678	-75.724
679	-75.5231
680	-75.5153
681	-76.2478
682	-75.593
683	-75.8951
684	-75.5036
685	-75.3294
686	-75.5826
687	-75.49
688	-75.683
689	-75.509
690	-74.9974
691	-75.26
692	-75.2707
693	-75.4075
694	-75.4222
695	-75.2783
696	-75.6523
697	-75.8608
698	-75.378
699	-75.7738
700	-75.6939
701	-75.3066
702	-75.3498
703	-75.4199
704	-75.0952
705	-74.7287
706	-75.0604
707	-75.5707
708	-75.6676
709	-75.6321
710	-75.5368
711	-75.5519
712	-75.6069
713	-75.4758
714	-75.1058
715	-75.1776
716	-75.2526
717	-75.3741
718	-75.6954
719	-75.8577
720	-75.2136
721	-75.3047
722	-75.1368
723	-75.0621
724	-75.7835
725	-75.8579
726	-75.2896
727	-75.181
728	-75.2948
729	-75.1283
730	-75.3558
731	-75.4157
732	-75.2172
733	-75.2355
734	-75.2933
735	-75.6299
736	-75.7929
737	-75.8234
738	-75.5207
739	-75.3358
740	-75.443
741	-75.3436
742	-75.3038
743	-75.0033
744	-75.2537
745	-75.7277
746	-75.8675
747	-75.6856
748	-75.8522
749	-75.6304
750	-75.7884
751	-75.872
752	-75.5649
753	-75.4884
754	-75.684
755	-75.8988
756	-75.5127
757	-75.5278
758	-75.5743
759	-75.5213
760	-75.4173
761	-75.365
762	-75.5539
763	-75.6346
764	-75.275
765	-75.5208
766	-76.2816
767	-75.7368
768	-75.3885
769	-75.1009
770	-75.081
771	-75.2095
772	-75.4578
773	-75.4283
774	-75.421
775	-75.5161
776	-76.0675
777	-75.9497
778	-75.7439
779	-75.3761
780	-75.1843
781	-75.3709
782	-75.9332
783	-76.0366
784	-75.4855
785	-75.1526
786	-75.7778
787	-75.6874
788	-74.9061
789	-75.4772
790	-75.5229
791	-75.4173
792	-75.6154
793	-75.5588
794	-75.3436
795	-75.8472
796	-75.9719
797	-76.0316
798	-75.5568
799	-75.7052
800	-75.5568
801	-76.0138
802	-76.1271
803	-75.2016
804	-75.2566
805	-75.5862
806	-75.3081
807	-75.1432
808	-75.2085
809	-75.5178
810	-75.3142
811	-75.4394
812	-75.5011
813	-75.1773
814	-75.159
815	-75.2629
816	-75.4426
817	-75.1655
818	-75.4443
819	-75.6519
820	-75.6474
821	-75.497
822	-75.0295
823	-75.168
824	-75.5248
825	-75.2597
826	-74.9452
827	-75.2568
828	-75.5829
829	-75.6312
830	-75.4553
831	-75.2389
832	-75.1782
833	-75.5287
834	-75.7771
835	-75.9876
836	-75.7644
837	-75.8925
838	-75.7624
839	-75.7738
840	-75.8883
841	-75.4517
842	-75.5712
843	-75.0497
844	-75.4284
845	-75.8258
846	-75.5321
847	-75.4137
848	-75.7899
849	-75.626
850	-75.5963
851	-75.7848
852	-75.6309
853	-75.3741
854	-75.6197
855	-75.5911
856	-75.3418
857	-75.8116
858	-75.5679
859	-75.2591
860	-75.4225
861	-75.3756
862	-75.4302
863	-75.5524
864	-75.6392
865	-75.475
866	-75.5632
867	-75.8538
868	-75.3877
869	-75.225
870	-75.2567
871	-75.6708
872	-75.6679
873	-75.7547
874	-76.1779
875	-76.0909
876	-75.5705
877	-74.8995
878	-74.6282
879	-75.0923
880	-75.4792
881	-75.6847
882	-75.3424
883	-75.5834
884	-76.2228
885	-75.8384
886	-75.5671
887	-75.6332
888	-75.9304
889	-75.4135
890	-75.4475
891	-75.5469
892	-75.4214
893	-75.6254
894	-75.8635
895	-75.5681
896	-75.7412
897	-75.4709
898	-75.8649
899	-75.6466
900	-75.9088
901	-75.716
902	-75.7256
903	-75.2361
904	-75.7614
905	-75.791
906	-75.6598
907	-75.2613
908	-75.2004
909	-75.2112
910	-75.3701
911	-75.651
912	-75.7638
913	-76.1283
914	-75.9469
915	-75.5358
916	-75.7711
917	-75.4302
918	-75.3241
919	-75.6449
920	-75.6283
921	-75.2104
922	-75.6052
923	-75.5974
924	-75.8212
925	-76.0301
926	-75.4625
927	-75.6183
928	-75.393
929	-75.2459
930	-75.5955
931	-75.6005
932	-75.4797
933	-75.6404
934	-75.0854
935	-75.5799
936	-75.2435
937	-75.4657
938	-75.5541
939	-75.481
940	-75.8611
941	-75.9719
942	-75.9638
943	-75.5873
944	-75.4045
945	-75.3582
946	-75.5957
947	-75.7393
948	-75.4011
949	-75.7306
950	-75.8796
951	-75.5629
952	-75.5652
953	-75.7877
954	-75.729
955	-75.6826
956	-75.6838
957	-75.7099
958	-75.415
959	-75.7652
960	-75.8563
961	-75.3644
962	-75.5775
963	-75.7893
964	-76.0949
965	-75.8637
966	-75.8335
967	-75.4953
968	-74.9803
969	-75.1965
970	-75.3668
971	-75.6009
972	-75.653
973	-75.6017
974	-75.203
975	-75.7319
976	-75.6332
977	-75.471
978	-75.343
979	-75.5168
980	-75.2649
981	-75.4256
982	-75.4811
983	-75.3488
984	-75.175
985	-75.7311
986	-75.4258
987	-75.6081
988	-75.9096
989	-76.0632
990	-75.9026
991	-75.4653
992	-75.3266
993	-75.5074
994	-75.3503
995	-75.3318
996	-75.8078
997	-76.1467
998	-75.5591
999	-75.4005
1000	-75.4727
1001	-75.7699
1002	-75.9499
1003	-75.7243
1004	-75.763
1005	-75.2124
1006	-75.1234
1007	-74.9829
1008	-75.129
1009	-75.5533
1010	-75.7885
1011	-75.6068
1012	-75.241
1013	-75.6802
1014	-75.6508
1015	-75.925
1016	-75.915
1017	-75.7579
1018	-75.7985
1019	-75.8091
1020	-75.5014
1021	-75.4203
1022	-75.2811
1023	-75.6941
1024	-75.5418
1025	-75.9569
1026	-75.5551
1027	-75.6021
1028	-75.7528
1029	-75.5536
1030	-75.3408
1031	-75.1369
1032	-75.204
1033	-75.3918
1034	-75.5142
1035	-75.1941
1036	-75.5058
1037	-76.0455
1038	-75.9448
1039	-75.7288
1040	-75.3808
1041	-75.6278
1042	-75.8505
1043	-76.0039
1044	-75.5582
1045	-75.2776
1046	-75.4074
1047	-75.1373
1048	-75.284
1049	-75.5836
1050	-75.6864
1051	-75.2082
1052	-75.2593
1053	-75.5059
1054	-75.5724
1055	-75.8807
1056	-75.7796
1057	-75.6415
1058	-75.837
1059	-75.6868
1060	-75.5327
1061	-75.6891
1062	-75.8872
1063	-75.792
1064	-75.5405
1065	-75.3858
1066	-75.7732
1067	-75.4245
1068	-75.2203
1069	-75.5404
1070	-75.7143
1071	-75.1991
1072	-75.1164
1073	-75.2133
1074	-75.6097
1075	-75.7211
1076	-75.8795
1077	-75.6411
1078	-75.7178
1079	-75.5962
1080	-75.4695
1081	-75.2937
1082	-74.9709
1083	-75.3054
1084	-75.6909
1085	-75.8281
1086	-75.7709
1087	-75.465
1088	-75.7142
1089	-76.0828
1090	-76.1677
1091	-75.7426
1092	-75.3125
1093	-75.5577
1094	-75.4198
1095	-75.5947
1096	-75.5337
1097	-75.6265
1098	-75.6266
1099	-75.6029
1100	-75.2665
1101	-75.2797
1102	-75.4653
1103	-74.8722
1104	-75.5019
1105	-75.3238
1106	-75.2329
1107	-75.8018
1108	-75.8303
1109	-75.5248
1110	-75.567
1111	-75.4495
1112	-75.4841
1113	-75.7258
1114	-75.5947
1115	-75.5069
1116	-75.7148
1117	-75.7383
1118	-75.4744
1119	-75.5203
1120	-75.2792
1121	-75.4892
1122	-75.4246
1123	-75.7665
1124	-75.5655
1125	-75.349
1126	-75.5713
1127	-74.9647
1128	-75.2232
1129	-75.9281
1130	-75.9202
1131	-75.6721
1132	-75.3781
1133	-75.5831
1134	-75.5959
1135	-75.3418
1136	-75.3398
1137	-75.6699
1138	-75.9389
1139	-75.302
1140	-75.2031
1141	-75.4434
1142	-75.0766
1143	-75.4492
1144	-75.3647
1145	-75.2237
1146	-75.2145
1147	-75.3635
1148	-75.7458
1149	-75.4702
1150	-75.0932
1151	-75.2928
1152	-75.4915
1153	-75.6721
1154	-75.6971
1155	-74.9869
1156	-75.3215
1157	-75.8236
1158	-75.7984
1159	-75.8486
1160	-75.9988
1161	-75.7973
1162	-75.4989
1163	-75.986
1164	-75.3706
1165	-75.5977
1166	-75.5114
1167	-75.7077
1168	-75.6615
1169	-75.8155
1170	-75.556
1171	-75.5857
1172	-75.4429
1173	-75.4822
1174	-75.5665
1175	-76.015
1176	-76.1311
1177	-75.1611
1178	-75.2277
1179	-75.5439
1180	-75.9819
1181	-75.6526
1182	-75.3354
1183	-75.6868
1184	-75.4893
1185	-75.6315
1186	-75.6876
1187	-75.6683
1188	-75.3298
1189	-75.507
1190	-75.5401
1191	-75.1946
1192	-75.546
1193	-76.1408
1194	-75.5581
1195	-75.9391
1196	-75.4812
1197	-75.5803
1198	-75.7078
1199	-75.2857
1200	-75.0366
1201	-75.3559
1202	-75.8747
1203	-75.7741
1204	-75.5009
1205	-75.3732
1206	-75.2948
1207	-75.4654
1208	-75.5004
1209	-75.7148
1210	-75.7661
1211	-75.7016
1212	-75.6623
1213	-75.4915
1214	-75.7163
1215	-75.7975
1216	-75.8245
1217	-75.6746
1218	-75.569
1219	-75.8216
1220	-75.5331
1221	-75.3268
1222	-75.2316
1223	-75.4246
1224	-75.6616
1225	-76.011
1226	-75.9293
1227	-75.4077
1228	-75.2946
1229	-75.1645
1230	-75.4559
1231	-75.5097
1232	-75.3616
1233	-75.5637
1234	-75.5241
1235	-75.7886
1236	-75.9286
1237	-75.9341
1238	-75.3637
1239	-75.4349
1240	-75.3303
1241	-75.7712
1242	-75.3176
1243	-75.1982
1244	-75.6558
1245	-75.8981
1246	-75.9724
1247	-75.7068
1248	-75.405
1249	-75.0302
1250	-75.467
1251	-75.7391
1252	-75.6626
1253	-75.7165
1254	-75.5119
1255	-75.4904
1256	-75.37
1257	-75.4289
1258	-75.7797
1259	-75.7711
1260	-75.4057
1261	-75.3943
1262	-75.0839
1263	-75.0311
1264	-75.2563
1265	-75.5794
1266	-75.6029
1267	-75.3987
1268	-75.2834
1269	-75.621
1270	-75.8836
1271	-75.8704
1272	-75.6006
1273	-75.6088
1274	-75.5318
1275	-75.234
1276	-75.3861
1277	-75.5798
1278	-75.0958
1279	-75.6252
1280	-75.5296
1281	-75.0173
1282	-75.3952
1283	-75.508
1284	-75.2853
1285	-75.48
1286	-75.5989
1287	-75.5141
1288	-75.4749
1289	-75.8253
1290	-75.3164
1291	-75.5231
1292	-75.4928
1293	-75.5272
1294	-75.4708
1295	-75.3496
1296	-75.8099
1297	-75.7087
1298	-75.7425
1299	-75.5931
1300	-75.2307
1301	-75.4548
1302	-75.8351
1303	-75.4457
1304	-75.5283
1305	-75.7499
1306	-75.5649
1307	-75.6764
1308	-75.9169
1309	-75.8232
1310	-75.5957
1311	-75.4087
1312	-75.5146
1313	-75.5754
1314	-75.9706
1315	-75.5789
1316	-75.1959
1317	-75.5199
1318	-75.3593
1319	-75.5633
1320	-75.9515
1321	-75.5101
1322	-75.2684
1323	-75.68
1324	-75.9405
1325	-75.6534
1326	-75.8883
1327	-75.7305
1328	-75.1798
1329	-75.4455
1330	-75.323
1331	-75.7582
1332	-75.9845
1333	-75.7867
1334	-75.6388
1335	-75.8609
1336	-75.7984
1337	-75.759
1338	-75.7998
1339	-75.4937
1340	-75.2079
1341	-75.5753
1342	-75.7395
1343	-75.9323
1344	-75.9268
1345	-75.9387
1346	-76.0847
1347	-75.7376
1348	-75.6737
1349	-75.7388
1350	-75.9722
1351	-75.6369
1352	-75.4452
1353	-75.4644
1354	-76.22
1355	-76.0937
1356	-75.688
1357	-75.6108
1358	-75.2932
1359	-75.3123
1360	-75.7114
1361	-75.9688
1362	-75.6082
1363	-75.4851
1364	-75.0792
1365	-75.1894
1366	-75.7851
1367	-76.1522
1368	-75.9069
1369	-75.4279
1370	-75.0718
1371	-75.3131
1372	-75.5214
1373	-75.4419
1374	-75.6156
1375	-75.8296
1376	-75.6611
1377	-75.6837
1378	-75.3937
1379	-75.3668
1380	-75.6748
1381	-75.7524
1382	-75.5061
1383	-75.5889
1384	-75.2999
1385	-75.3485
1386	-75.5054
1387	-75.7918
1388	-75.5529
1389	-75.7667
1390	-75.4032
1391	-75.3643
1392	-76.0887
1393	-75.8964
1394	-75.3645
1395	-75.5249
1396	-75.486
1397	-75.5513
1398	-75.7694
1399	-75.3044
1400	-75.6913
1401	-75.8197
1402	-75.2913
1403	-75.4806
1404	-75.7753
1405	-75.7229
1406	-75.4946
1407	-75.4601
1408	-75.3913
1409	-75.0418
1410	-75.6721
1411	-75.5159
1412	-75.7613
1413	-75.7142
1414	-75.6309
1415	-75.5077
1416	-75.8609
1417	-75.965
1418	-75.8316
1419	-75.3835
1420	-75.1839
1421	-75.7166
1422	-75.8541
1423	-75.888
1424	-75.6134
1425	-75.8486
1426	-75.6957
1427	-75.5498
1428	-75.4663
1429	-75.5786
1430	-75.3476
1431	-75.7891
1432	-75.6327
1433	-75.6397
1434	-75.6173
1435	-75.9399
1436	-75.4809
1437	-75.5469
1438	-75.728
1439	-75.4552
1440	-75.6043
1441	-75.4772
1442	-75.4408
1443	-75.8004
1444	-75.4217
1445	-75.3578
1446	-75.396
1447	-75.8405
1448	-75.8282
1449	-75.9041
1450	-75.791
1451	-75.6149
1452	-75.1515
1453	-75.3643
1454	-75.5216
1455	-75.7358
1456	-75.4923
1457	-75.0968
1458	-75.2911
1459	-75.8801
1460	-75.5181
1461	-75.8616
1462	-75.4975
1463	-75.6869
1464	-75.3629
1465	-75.8103
1466	-75.5674
1467	-75.5921
1468	-75.8038
1469	-75.6248
1470	-75.7207
1471	-75.338
1472	-75.7998
1473	-75.2198
1474	-75.6053
1475	-75.5794
1476	-75.795
1477	-75.7522
1478	-75.4818
1479	-75.3422
1480	-75.8072
1481	-75.7348
1482	-75.7843
1483	-75.7326
1484	-75.6381
1485	-75.8612
1486	-75.7615
1487	-75.2867
1488	-75.4908
1489	-75.4642
1490	-75.645
1491	-75.9727
1492	-76.2119
1493	-75.6895
1494	-75.3764
1495	-75.8067
1496	-75.3309
1497	-75.7916
1498	-75.3901
1499	-75.2252
1500	-75.3264
1501	-75.8539
1502	-75.7274
1503	-75.6224
1504	-75.5354
1505	-75.4119
1506	-75.3384
1507	-75.286
1508	-75.5038
1509	-75.4757
1510	-74.962
1511	-75.252
1512	-75.9363
1513	-75.994
1514	-76.0177
1515	-75.8545
1516	-75.5258
1517	-75.1378
1518	-75.0279
1519	-75.4605
1520	-75.9781
1521	-75.8975
1522	-75.7138
1523	-75.7942
1524	-75.6533
1525	-75.6514
1526	-75.4498
1527	-75.7676
1528	-75.4045
1529	-75.3888
1530	-75.6979
1531	-75.481
1532	-75.4749
1533	-75.7291
1534	-75.5462
1535	-75.361
1536	-75.4125
1537	-75.2834
1538	-75.2871
1539	-75.3916
1540	-75.7667
1541	-75.5979
1542	-76.1787
1543	-75.905
1544	-75.684
1545	-75.9094
1546	-75.6268
1547	-75.5098
1548	-75.585
1549	-75.9641
1550	-76.0211
1551	-75.4739
1552	-75.8151
1553	-75.9544
1554	-75.9289
1555	-76.0019
1556	-75.3532
1557	-75.5899
1558	-75.5035
1559	-75.7714
1560	-75.4908
1561	-75.0756
1562	-75.7653
1563	-75.5632
1564	-75.3262
1565	-75.3631
1566	-75.1809
1567	-75.7336
1568	-75.893
1569	-76.0467
1570	-75.3526
1571	-75.1076
1572	-75.8272
1573	-75.4236
1574	-75.6355
1575	-75.8181
1576	-75.6636
1577	-75.6513
1578	-75.3366
1579	-75.258
1580	-75.6321
1581	-75.4862
1582	-75.4697
1583	-75.2871
1584	-75.5186
1585	-75.32
1586	-75.1973
1587	-75.5433
1588	-75.6275
1589	-75.6575
1590	-75.2886
1591	-75.1677
1592	-75.4489
1593	-75.5351
1594	-75.4835
1595	-75.7962
1596	-75.6602
1597	-75.7611
1598	-75.5874
1599	-75.6922
1600	-75.5761
1601	-75.2793
1602	-75.8754
1603	-75.3572
1604	-75.5948
1605	-75.5129
1606	-75.5371
1607	-75.8038
1608	-75.7873
1609	-75.6221
1610	-75.7805
1611	-75.8432
1612	-75.4586
1613	-75.9034
1614	-75.2335
1615	-75.2146
1616	-75.8338
1617	-75.6595
1618	-75.2925
1619	-75.6817
1620	-75.7615
1621	-75.8176
1622	-75.7767
1623	-75.3051
1624	-75.4463
1625	-75.5535
1626	-75.9525
1627	-75.6326
1628	-76.0529
1629	-76.0682
1630	-75.7548
1631	-75.4487
1632	-75.259
1633	-75.2337
1634	-75.6366
1635	-75.741
1636	-75.4759
1637	-75.3373
1638	-75.6351
1639	-75.8179
1640	-75.805
1641	-75.4696
1642	-75.7583
1643	-75.6033
1644	-75.6373
1645	-75.4656
1646	-75.2974
1647	-74.9504
1648	-75.1506
1649	-75.1089
1650	-75.251
1651	-75.437
1652	-75.5777
1653	-75.6162
1654	-75.6341
1655	-75.5933
1656	-75.3383
1657	-75.5082
1658	-75.357
1659	-75.4208
1660	-75.7878
1661	-75.4024
1662	-75.6289
1663	-75.6769
1664	-75.5556
1665	-75.4375
1666	-75.3379
1667	-75.6014
1668	-75.5795
1669	-75.279
1670	-74.8972
1671	-75.3794
1672	-75.7441
1673	-75.8362
1674	-75.6882
1675	-75.7529
1676	-75.0849
1677	-75.5272
1678	-76.0218
1679	-75.268
1680	-75.4556
1681	-75.9791
1682	-75.7249
1683	-75.4444
1684	-75.715
1685	-75.1918
1686	-75.6863
1687	-75.4565
1688	-75.5483
1689	-75.773
1690	-75.6415
1691	-75.1256
1692	-74.9727
1693	-75.4861
1694	-75.3934
1695	-75.6619
1696	-75.4062
1697	-75.6679
1698	-75.6779
1699	-75.7849
1700	-75.6161
1701	-75.6594
1702	-75.6868
1703	-75.7486
1704	-75.4268
1705	-75.3815
1706	-75.1167
1707	-75.3643
1708	-75.3169
1709	-75.5135
1710	-75.5966
1711	-76.1106
1712	-75.6657
1713	-75.4942
1714	-75.6606
1715	-75.831
1716	-75.4565
1717	-75.1857
1718	-75.5361
1719	-75.1841
1720	-75.2817
1721	-75.7083
1722	-75.7778
1723	-75.1832
1724	-74.9136
1725	-75.469
1726	-75.4802
1727	-75.6663
1728	-75.5336
1729	-75.3371
1730	-75.1442
1731	-75.078
1732	-75.4019
1733	-75.1627
1734	-75.4438
1735	-75.5248
1736	-75.5904
1737	-75.2344
1738	-75.9925
1739	-75.7765
1740	-75.859
1741	-75.26
1742	-75.469
1743	-75.6993
1744	-75.8119
1745	-75.46
1746	-75.2784
1747	-75.379
1748	-75.4143
1749	-75.3717
1750	-75.4096
1751	-75.2683
1752	-75.324
1753	-75.6487
1754	-75.2167
1755	-75.2838
1756	-75.7312
1757	-75.5772
1758	-75.527
1759	-75.2757
1760	-75.6819
1761	-75.3477
1762	-75.4179
1763	-75.2343
1764	-75.5098
1765	-75.6871
1766	-75.3857
1767	-75.3373
1768	-74.9653
1769	-75.5726
1770	-75.7544
1771	-75.5421
1772	-75.4013
1773	-75.2217
1774	-75.1255
1775	-75.2543
1776	-75.6622
1777	-75.861
1778	-75.5846
1779	-75.32
1780	-75.3838
1781	-75.6619
1782	-75.0577
1783	-75.0635
1784	-74.9347
1785	-74.7657
1786	-75.2391
1787	-74.8215
1788	-74.8891
1789	-74.7094
1790	-74.701
1791	-74.8389
1792	-74.2284
1793	-74.5056
1794	-74.1487
1795	-74.0961
1796	-74.1068
1797	-73.9221
1798	-74.0731
1799	-73.8491
1800	-73.6832
1801	-73.4813
1802	-73.2257
1803	-73.1556
1804	-73.3709
1805	-73.584
1806	-73.8238
1807	-73.9366
1808	-74.0012
1809	-73.4623
1810	-73.6166
1811	-73.7253
1812	-73.994
1813	-73.9423
1814	-74.0875
1815	-74.1604
1816	-74.0513
1817	-74.4302
1818	-74.6981
1819	-74.7493
1820	-74.2978
1821	-74.6725
1822	-74.543
1823	-74.0385
1824	-74.386
1825	-74.4775
1826	-74.2444
1827	-74.6579
1828	-74.6302
1829	-74.6754
1830	-74.9836
1831	-75.2273
1832	-75.0955
1833	-75.6129
1834	-75.2544
1835	-74.8533
1836	-74.9207
1837	-75.0044
1838	-75.233
1839	-75.006
1840	-75.1343
1841	-75.2876
1842	-75.1831
1843	-75.2221
1844	-75.2237
1845	-75.4547
1846	-75.5102
1847	-75.45
1848	-74.8584
1849	-75.0891
1850	-74.9386
1851	-74.4778
1852	-74.6538
1853	-75.1645
1854	-75.0184
1855	-74.9041
1856	-74.9086
1857	-75.4392
1858	-74.7404
1859	-74.7217
1860	-75.1505
1861	-75.2161
1862	-75.2988
1863	-75.0363
1864	-74.768
1865	-73.9663
1866	-74.387
1867	-74.6301
1868	-74.4649
1869	-74.9414
1870	-75.3957
1871	-74.8432
1872	-74.533
1873	-74.9914
1874	-74.8578
1875	-75.0032
1876	-75.1122
1877	-74.6666
1878	-74.1583
1879	-74.301
1880	-74.5665
1881	-74.4041
1882	-73.9494
1883	-74.1515
1884	-74.3295
1885	-74.5497
1886	-74.4259
1887	-74.5967
1888	-74.5316
1889	-74.6236
1890	-74.2419
1891	-74.2023
1892	-74.3823
1893	-74.0386
1894	-74.201
1895	-74.191
1896	-74.1328
1897	-73.935
1898	-73.8354
1899	-73.9516
1900	-73.8515
1901	-73.9382
1902	-73.7399
1903	-73.7288
1904	-73.7774
1905	-74.069
1906	-73.9338
1907	-73.866
1908	-73.9776
1909	-73.566
1910	-73.5811
1911	-74.0667
1912	-74.2135
1913	-73.7865
1914	-73.8972
1915	-73.8879
1916	-73.8377
1917	-73.7767
1918	-73.9486
1919	-73.9816
1920	-74.0304
1921	-74.2879
1922	-74.4386
1923	-74.352
1924	-74.1037
1925	-74.078
1926	-74.0921
1927	-74.3334
1928	-74.3785
1929	-74.422
1930	-74.3209
1931	-74.4686
1932	-74.1535
1933	-74.4843
1934	-74.7544
1935	-74.5343
1936	-74.5232
1937	-74.5826
1938	-74.5013
1939	-74.2351
1940	-74.2137
1941	-74.3321
1942	-74.3161
1943	-74.0301
1944	-74.0053
1945	-74.4002
1946	-74.1094
1947	-74.359
1948	-74.4367
1949	-74.5436
1950	-74.9273
1951	-75.3252
1952	-75.2315
1953	-74.8061
1954	-74.4118
1955	-74.7356
1956	-74.7786
1957	-74.1786
1958	-73.9543
1959	-74.3337
1960	-74.6757
1961	-74.5551
1962	-74.5272
1963	-74.3556
1964	-74.7697
1965	-75.0126
1966	-74.9333
1967	-74.9748
1968	-74.7736
1969	-75.0176
1970	-75.1958
1971	-74.6722
1972	-74.4463
1973	-74.5545
1974	-74.4928
1975	-74.5726
1976	-75.0835
1977	-74.9962
1978	-74.799
1979	-75.3715
1980	-74.8122
1981	-74.7346
1982	-74.6284
1983	-74.5587
1984	-75.0898
1985	-75.2884
1986	-74.8039
1987	-74.9774
1988	-75.0102
1989	-74.9539
1990	-75.4502
1991	-74.9008
1992	-74.9721
1993	-75.5946
1994	-75.3741
1995	-75.1654
1996	-75.0256
1997	-75.47
1998	-75.7313
1999	-75.6514
2000	-75.6313
2001	-75.2916
2002	-75.1803
2003	-75.4351
2004	-75.5041
2005	-75.4311
2006	-75.3963
2007	-75.2429
2008	-75.5558
2009	-75.4253
2010	-75.5914
2011	-75.6273
2012	-75.6282
2013	-75.864
2014	-75.4589
2015	-75.5609
2016	-75.6858
2017	-75.8605
2018	-75.4882
2019	-75.3729
2020	-75.221
2021	-75.1158
2022	-75.3895
2023	-75.301
2024	-75.6504
2025	-75.7381
2026	-75.9493
2027	-75.6822
2028	-75.1216
2029	-75.6533
2030	-76.0484
2031	-75.7803
2032	-75.6287
2033	-75.0901
2034	-75.2945
2035	-75.778
2036	-75.6992
2037	-75.6596
2038	-75.3716
2039	-75.3392
2040	-75.5504
2041	-75.24
2042	-75.0589
2043	-75.2273
2044	-75.1798
2045	-75.4456
2046	-75.6645
2047	-75.2149
2048	-75.2192
2049	-75.4317
2050	-75.4373
2051	-75.1474
2052	-75.0073
2053	-75.3621
2054	-75.7977
2055	-75.4031
2056	-75.3477
2057	-75.6059
2058	-75.6591
2059	-75.8109
2060	-75.7158
2061	-75.8716
2062	-75.4184
2063	-75.8128
2064	-75.5221
2065	-75.0846
2066	-75.1712
2067	-75.8199
2068	-75.5559
2069	-75.3895
2070	-75.2681
2071	-75.3532
2072	-75.2897
2073	-75.5301
2074	-75.6993
2075	-75.4654
2076	-75.5918
2077	-75.5034
2078	-75.3278
2079	-75.1
2080	-75.3663
2081	-75.3871
2082	-75.4019
2083	-75.2389
2084	-75.3468
2085	-75.1907
2086	-75.6281
2087	-75.6157
2088	-75.5167
2089	-75.6254
2090	-75.5323
2091	-75.3415
2092	-75.3365
2093	-75.7289
2094	-75.8063
2095	-75.5039
2096	-75.5507
2097	-75.659
2098	-75.7808
2099	-75.6395
2100	-75.2848
2101	-75.6942
2102	-75.3355
2103	-75.3812
2104	-75.6886
2105	-75.5037
2106	-75.5264
2107	-75.4026
2108	-75.7441
2109	-75.7979
2110	-75.9049
2111	-75.6469
2112	-75.7252
2113	-75.487
2114	-75.4327
2115	-75.5057
2116	-75.5993
2117	-75.6959
2118	-75.816
2119	-75.5158
2120	-75.3867
2121	-75.3853
2122	-75.5492
2123	-75.582
2124	-75.4047
2125	-75.291
2126	-75.1567
2127	-75.0255
2128	-75.4917
2129	-75.5099
2130	-75.7096
2131	-75.8646
2132	-75.9353
2133	-75.4926
2134	-75.2438
2135	-75.4678
2136	-75.7769
2137	-76.1751
2138	-75.3516
2139	-74.9683
2140	-75.4492
2141	-75.2967
2142	-75.7421
2143	-75.3963
2144	-75.2523
2145	-75.1891
2146	-75.5388
2147	-75.3208
2148	-75.4329
2149	-75.8939
2150	-75.5763
2151	-75.2955
2152	-75.2965
2153	-75.4441
2154	-75.4939
2155	-75.3058
2156	-75.3944
2157	-75.275
2158	-75.1324
2159	-75.7793
2160	-75.9317
2161	-75.6877
2162	-75.6968
2163	-75.2368
2164	-75.0538
2165	-75.1356
2166	-75.373
2167	-75.6963
2168	-75.5692
2169	-75.3403
2170	-75.5809
2171	-75.6687
2172	-75.3871
2173	-75.4636
2174	-75.029
2175	-75.7183
2176	-75.8734
2177	-75.156
2178	-75.1853
2179	-75.7268
2180	-75.4508
2181	-75.4125
2182	-75.6318
2183	-75.7049
2184	-75.5572
2185	-75.4901
2186	-75.8052
2187	-75.7495
2188	-75.7677
2189	-75.5061
2190	-75.8168
2191	-75.8056
2192	-75.9886
2193	-75.5256
2194	-75.3263
2195	-75.5023
2196	-75.4876
2197	-75.4057
2198	-76.0336
2199	-75.4414
2200	-75.1657
2201	-75.4455
2202	-75.6615
2203	-75.5121
2204	-75.8126
2205	-75.0791
2206	-75.1201
2207	-75.0281
2208	-75.5473
2209	-75.6367
2210	-75.7439
2211	-75.1397
2212	-75.6388
2213	-76.1101
2214	-75.6472
2215	-75.5588
2216	-75.3391
2217	-75.4216
2218	-75.2628
2219	-75.7806
2220	-75.8639
2221	-75.9169
2222	-75.572
2223	-75.2304
2224	-75.0484
2225	-75.215
2226	-75.5877
2227	-75.5417
2228	-75.8221
2229	-75.787
2230	-75.6898
2231	-75.8066
2232	-75.3754
2233	-75.367
2234	-75.7034
2235	-75.9472
2236	-75.6897
2237	-75.5725
2238	-75.4298
2239	-75.5506
2240	-75.1396
2241	-75.3861
2242	-75.6497
2243	-75.4064
2244	-75.1514
2245	-75.3936
2246	-75.4043
2247	-75.6092
2248	-75.7226
2249	-75.6422
2250	-75.3593
2251	-75.3933
2252	-75.9544
2253	-76.3167
2254	-75.7892
2255	-75.5648
2256	-75.8951
2257	-75.6602
2258	-75.6787
2259	-75.665
2260	-75.8171
2261	-75.8136
2262	-75.8064
2263	-75.5863
2264	-75.5863
2265	-75.5457
2266	-75.6501
2267	-75.7091
2268	-75.9907
2269	-75.7004
2270	-75.4424
2271	-75.5808
2272	-75.6938
2273	-76.0237
2274	-75.4255
2275	-75.8728
2276	-75.5668
2277	-75.6641
2278	-75.6531
2279	-75.7243
2280	-75.6876
2281	-75.6762
2282	-75.4307
2283	-75.5503
2284	-75.1192
2285	-74.8249
2286	-74.871
2287	-75.2433
2288	-75.6331
2289	-75.3659
2290	-75.73
2291	-75.5666
2292	-75.8044
2293	-75.7085
2294	-75.8729
2295	-75.8253
2296	-75.5944
2297	-75.5421
2298	-75.3393
2299	-75.4938
2300	-75.993
2301	-75.875
2302	-75.6786
2303	-75.1133
2304	-75.3502
2305	-75.5126
2306	-75.4464
2307	-75.5214
2308	-75.1392
2309	-75.2427
2310	-75.5302
2311	-75.4594
2312	-75.4154
2313	-75.495
2314	-75.5253
2315	-75.9433
2316	-75.7331
2317	-75.2509
2318	-75.4426
2319	-75.2968
2320	-75.7632
2321	-75.6905
2322	-75.1312
2323	-75.6981
2324	-75.7225
2325	-75.5273
2326	-75.5732
2327	-75.5766
2328	-75.4263
2329	-75.6151
2330	-75.5636
2331	-75.5365
2332	-75.6929
2333	-75.8621
2334	-75.3842
2335	-75.2983
2336	-75.5964
2337	-75.7928
2338	-75.7978
2339	-75.753
2340	-75.6773
2341	-75.3702
2342	-75.6904
2343	-75.6399
2344	-75.4761
2345	-75.3648
2346	-75.1973
2347	-75.4412
2348	-75.9445
2349	-75.6363
2350	-75.518
2351	-75.565
2352	-75.591
2353	-75.5993
2354	-75.1919
2355	-74.9972
2356	-75.2552
2357	-74.7587
2358	-74.8866
2359	-75.2416
2360	-75.5895
2361	-75.9402
2362	-75.5731
2363	-75.3157
2364	-75.3388
2365	-75.023
2366	-75.6072
2367	-75.7185
2368	-75.5229
2369	-75.5756
2370	-75.5416
2371	-76.0666
2372	-75.7163
2373	-75.7576
2374	-76.0927
2375	-75.4337
2376	-75.5585
2377	-75.0105
2378	-75.2562
2379	-75.279
2380	-75.5186
2381	-75.5201
2382	-75.5968
2383	-75.333
2384	-75.5881
2385	-75.5215
2386	-75.6187
2387	-75.4088
2388	-75.5609
2389	-75.6497
2390	-75.4385
2391	-75.8182
2392	-75.3202
2393	-75.3237
2394	-76.0313
2395	-76.2582
2396	-75.5441
2397	-75.0995
2398	-75.0163
2399	-75.1069
2400	-75.3783
2401	-75.9954
2402	-75.8251
2403	-75.6831
2404	-75.2249
2405	-75.0857
2406	-75.365
2407	-75.5603
2408	-75.9346
2409	-75.431
2410	-75.5758
2411	-75.5681
2412	-75.4112
2413	-75.1348
2414	-75.0455
2415	-75.3188
2416	-75.4877
2417	-75.4787
2418	-75.2441
2419	-75.136
2420	-75.6962
2421	-75.7997
2422	-75.4251
2423	-74.9367
2424	-75.3421
2425	-75.4887
2426	-75.2358
2427	-75.5555
2428	-75.4013
2429	-75.1502
2430	-75.3086
2431	-75.4024
2432	-75.3671
2433	-75.2057
2434	-75.4475
2435	-75.9192
2436	-75.8535
2437	-75.5225
2438	-75.7206
2439	-75.5511
2440	-75.4265
2441	-75.1281
2442	-75.1728
2443	-75.423
2444	-75.4159
2445	-75.8701
2446	-75.7597
2447	-75.6213
2448	-75.8061
2449	-75.4652
2450	-75.3976
2451	-75.4844
2452	-75.6851
2453	-75.9876
2454	-75.9397
2455	-75.7145
2456	-75.2196
2457	-75.4016
2458	-75.7151
2459	-75.4336
2460	-75.5056
2461	-75.4888
2462	-75.3455
2463	-75.1166
2464	-75.3794
2465	-75.4173
2466	-75.4768
2467	-75.2982
2468	-75.3468
2469	-75.3344
2470	-75.2877
2471	-75.5135
2472	-75.338
2473	-75.2671
2474	-75.2309
2475	-75.6942
2476	-76.0233
2477	-75.535
2478	-75.9279
2479	-76.1571
2480	-75.7826
2481	-75.6377
2482	-75.4321
2483	-75.1143
2484	-75.239
2485	-75.3199
2486	-75.6954
2487	-75.6255
2488	-75.1171
2489	-75.555
2490	-75.625
2491	-75.9094
2492	-76.2416
2493	-75.7231
2494	-75.326
2495	-75.3793
2496	-75.7524
2497	-75.5151
2498	-75.1515
2499	-75.4645
2500	-74.8284
2501	-75.129
2502	-75.276
2503	-75.469
2504	-75.4434
2505	-75.6755
2506	-75.5443
2507	-75.1766
2508	-75.4169
2509	-75.6407
2510	-75.4464
2511	-75.5133
2512	-75.6425
2513	-75.3885
2514	-75.5917
2515	-75.7013
2516	-75.4637
2517	-75.2775
2518	-75.8834
2519	-76.0132
2520	-75.6733
2521	-75.9685
2522	-76.1564
2523	-75.4641
2524	-75.5128
2525	-75.4193
2526	-75.2844
2527	-75.5075
2528	-75.6352
2529	-75.6798
2530	-75.3517
2531	-74.7877
2532	-75.3335
2533	-75.3384
2534	-75.4597
2535	-75.3493
2536	-75.4057
2537	-75.467
2538	-75.8517
2539	-75.7759
2540	-75.9395
2541	-75.5506
2542	-74.9322
2543	-75.3613
2544	-75.6441
2545	-75.3007
2546	-75.4021
2547	-75.6148
2548	-75.2858
2549	-75.3796
2550	-75.6408
2551	-75.4334
2552	-75.3445
2553	-75.2001
2554	-75.793
2555	-75.8167
2556	-75.4568
2557	-75.4888
2558	-75.8376
2559	-75.5476
2560	-75.5746
2561	-75.5088
2562	-74.9755
2563	-75.0197
2564	-75.3512
2565	-75.6744
2566	-75.7871
2567	-75.415
2568	-75.8603
2569	-75.8424
2570	-75.5472
2571	-75.4568
2572	-75.3379
2573	-75.4815
2574	-75.6026
2575	-75.6155
2576	-75.9687
2577	-76.2105
2578	-76.1811
2579	-75.6185
2580	-75.2178
2581	-75.2284
2582	-75.635
2583	-75.6758
2584	-75.5676
2585	-75.2102
2586	-75.438
2587	-75.5944
2588	-75.5679
2589	-75.7712
2590	-76.0366
2591	-75.7802
2592	-75.6023
2593	-76.31
2594	-75.452
2595	-75.5891
2596	-75.5007
2597	-75.6062
2598	-75.7247
2599	-75.4024
2600	-75.2637
2601	-75.3727
2602	-75.7302
2603	-75.4176
2604	-75.0768
2605	-75.1538
2606	-75.6025
2607	-75.1878
2608	-75.4835
2609	-75.5389
2610	-75.3459
2611	-75.3102
2612	-75.4097
2613	-75.5456
2614	-75.4215
2615	-75.5067
2616	-75.7421
2617	-75.7044
2618	-75.6045
2619	-75.9778
2620	-75.479
2621	-75.4018
2622	-75.791
2623	-75.2507
2624	-75.2648
2625	-75.4672
2626	-75.2776
2627	-75.2072
2628	-75.5038
2629	-75.2766
2630	-75.1372
2631	-75.0933
2632	-75.4039
2633	-75.7298
2634	-76.0345
2635	-75.5745
2636	-75.5245
2637	-75.6044
2638	-75.6968
2639	-75.5855
2640	-75.5785
2641	-75.4936
2642	-75.2004
2643	-75.3037
2644	-75.5052
2645	-75.943
2646	-75.6035
2647	-75.3781
2648	-75.9866
2649	-75.3759
2650	-75.376
2651	-75.7021
2652	-75.8204
2653	-75.912
2654	-75.433
2655	-75.3497
2656	-75.8791
2657	-75.6037
2658	-75.2665
2659	-75.0645
2660	-75.3707
2661	-75.6909
2662	-75.7232
2663	-75.7908
2664	-75.9095
2665	-75.6586
2666	-75.5932
2667	-75.3669
2668	-75.3374
2669	-75.6911
2670	-75.7772
2671	-75.5146
2672	-75.8744
2673	-76.4474
2674	-75.9099
2675	-75.6227
2676	-75.7717
2677	-75.6891
2678	-75.8488
2679	-75.5491
2680	-75.548
2681	-75.1062
2682	-75.3566
2683	-76.0063
2684	-75.4973
2685	-75.8208
2686	-75.9477
2687	-75.5415
2688	-75.6606
2689	-75.7558
2690	-75.5977
2691	-75.5609
2692	-75.4915
2693	-75.4178
2694	-75.3455
2695	-75.5744
2696	-75.7597
2697	-75.7088
2698	-75.8571
2699	-75.8677
2700	-75.7475
2701	-75.5606
2702	-75.7764
2703	-75.5186
2704	-75.5192
2705	-75.3661
2706	-75.057
2707	-75.4921
2708	-75.3539
2709	-75.8277
2710	-75.9807
2711	-75.6891
2712	-75.4203
2713	-75.5152
2714	-75.441
2715	-75.4505
2716	-75.7554
2717	-76.1601
2718	-76.1874
2719	-75.7942
2720	-75.5613
2721	-75.7523
2722	-75.9042
2723	-75.3913
2724	-75.1483
2725	-75.4361
2726	-75.2276
2727	-75.3107
2728	-75.5488
2729	-75.7749
2730	-75.9525
2731	-75.6054
2732	-75.2295
2733	-75.2775
2734	-75.1603
2735	-75.2748
2736	-75.5882
2737	-75.4441
2738	-75.3584
2739	-75.4968
2740	-75.8691
2741	-75.7246
2742	-75.736
2743	-76.0133
2744	-76.0011
2745	-75.6483
2746	-75.4442
2747	-75.5856
2748	-76.0525
2749	-75.6096
2750	-75.7718
2751	-75.6973
2752	-75.514
2753	-75.788
2754	-75.2086
2755	-75.6199
2756	-75.3779
2757	-75.55
2758	-75.5911
2759	-76.0211
2760	-75.7944
2761	-75.2601
2762	-75.5732
2763	-75.5498
2764	-75.6466
2765	-75.5806
2766	-75.4552
2767	-75.7237
2768	-75.9966
2769	-75.8552
2770	-75.9386
2771	-75.0974
2772	-75.0389
2773	-75.3565
2774	-75.8876
2775	-75.3132
2776	-74.8472
2777	-74.8881
2778	-75.499
2779	-75.6353
2780	-75.1086
2781	-75.2037
2782	-75.4885
2783	-75.2595
2784	-75.2646
2785	-75.4485
2786	-75.8211
2787	-75.2954
2788	-75.6694
2789	-75.5633
2790	-75.4462
2791	-75.285
2792	-75.5279
2793	-75.6904
2794	-75.4574
2795	-74.9384
2796	-75.4207
2797	-75.766
2798	-76.0574
2799	-75.4284
2800	-75.5223
2801	-75.4751
2802	-75.776
2803	-75.6431
2804	-75.6803
2805	-75.4651
2806	-75.5348
2807	-75.6063
2808	-75.542
2809	-75.7655
2810	-75.9441
2811	-75.4317
2812	-75.3155
2813	-75.231
2814	-75.2647
2815	-75.1575
2816	-75.0357
2817	-75.4262
2818	-75.7371
2819	-75.1217
2820	-75.3881
2821	-75.3897
2822	-75.5332
2823	-75.4153
2824	-75.6822
2825	-75.1297
2826	-75.6247
2827	-75.8133
2828	-75.242
2829	-75.3794
2830	-74.8916
2831	-74.9246
2832	-74.8943
2833	-75.1046
2834	-75.5623
2835	-75.535
2836	-75.6957
2837	-75.5587
2838	-75.8973
2839	-75.7031
2840	-75.417
2841	-75.295
2842	-75.5917
2843	-75.3823
2844	-76.0233
2845	-76.0177
2846	-75.0223
2847	-75.2288
2848	-75.6295
2849	-75.7064
2850	-75.2197
2851	-75.4319
2852	-75.6375
2853	-75.6308
2854	-75.8174
2855	-75.5145
2856	-75.4421
2857	-75.1675
2858	-75.379
2859	-75.5253
2860	-75.3156
2861	-75.685
2862	-75.809
2863	-75.4037
2864	-75.0498
2865	-75.3613
2866	-75.566
2867	-75.6227
2868	-75.5789
2869	-75.6025
2870	-75.9024
2871	-75.3676
2872	-75.4257
2873	-75.5868
2874	-75.6839
2875	-75.4603
2876	-75.5998
2877	-75.7314
2878	-75.447
2879	-75.261
2880	-75.4838
2881	-75.3236
2882	-75.4882
2883	-75.6636
2884	-75.4086
2885	-75.4058
2886	-75.7381
2887	-75.5865
2888	-75.4279
2889	-75.381
2890	-75.5087
2891	-75.8664
2892	-75.8581
2893	-75.5277
2894	-75.597
2895	-75.7545
2896	-76.0495
2897	-75.4887
2898	-75.5957
2899	-75.5496
2900	-75.4586
2901	-75.4514
2902	-75.1723
2903	-75.2117
2904	-75.327
2905	-75.4844
2906	-75.651
2907	-75.4191
2908	-75.3142
2909	-75.528
2910	-75.4726
2911	-75.3072
2912	-75.5693
2913	-75.8756
2914	-76.0772
2915	-75.8344
2916	-75.7644
2917	-75.7048
2918	-75.3181
2919	-75.5074
2920	-75.7781
2921	-75.6242
2922	-75.5107
2923	-75.4817
2924	-75.7241
2925	-75.4978
2926	-75.487
2927	-75.6592
2928	-75.2905
2929	-75.479
2930	-75.3461
2931	-75.3583
2932	-75.8922
2933	-75.3097
2934	-75.1378
2935	-75.1451
2936	-75.6578
2937	-75.7762
2938	-75.626
2939	-75.5859
2940	-75.4992
2941	-75.879
2942	-75.4492
2943	-75.5935
2944	-75.712
2945	-75.603
2946	-75.1503
2947	-75.2656
2948	-75.8471
2949	-75.8687
2950	-75.2712
2951	-75.079
2952	-75.2814
2953	-75.4975
2954	-75.3917
2955	-75.6474
2956	-75.6979
2957	-75.5708
2958	-75.6621
2959	-75.6781
2960	-75.3673
2961	-75.4409
2962	-75.534
2963	-75.3093
2964	-75.4245
2965	-75.7195
2966	-75.5015
2967	-75.4799
2968	-75.3716
2969	-75.5418
2970	-75.6526
2971	-75.5174
2972	-75.4572
2973	-75.5007
2974	-75.6565
2975	-75.5547
2976	-75.7896
2977	-75.71
2978	-75.5691
2979	-75.4299
2980	-75.2701
2981	-75.6036
2982	-75.5957
2983	-75.5631
2984	-75.8312
2985	-75.5629
2986	-75.4454
2987	-75.4323
2988	-75.159
2989	-75.3831
2990	-75.4297
2991	-75.3248
2992	-75.1013
2993	-75.4
2994	-75.447
2995	-75.2986
2996	-75.2729
2997	-75.52
2998	-76.0534
2999	-75.4554
3000	-75.4946
3001	-75.6792
3002	-75.5808
3003	-75.3404
3004	-75.3308
3005	-75.596
3006	-75.589
3007	-75.7114
3008	-75.7547
3009	-75.7444
3010	-75.6701
3011	-75.6205
3012	-75.6475
3013	-75.4076
3014	-75.4062
3015	-75.3629
3016	-75.3668
3017	-75.8143
3018	-75.8603
3019	-75.7038
3020	-75.4722
3021	-75.4782
3022	-75.4005
3023	-75.2616
3024	-75.2998
3025	-75.8834
3026	-75.7422
3027	-75.356
3028	-75.3393
3029	-75.5929
3030	-75.7206
3031	-75.5531
3032	-75.6933
3033	-75.5526
3034	-75.6827
3035	-75.6667
3036	-75.942
3037	-75.3776
3038	-75.5994
3039	-75.8753
3040	-75.3758
3041	-75.5592
3042	-75.4386
3043	-75.5913
3044	-76.2347
3045	-76.0175
3046	-75.8223
3047	-75.4548
3048	-75.3822
3049	-75.7075
3050	-75.5775
3051	-75.5758
3052	-75.4116
3053	-75.3686
3054	-75.7607
3055	-75.6954
3056	-75.3021
3057	-75.7911
3058	-75.7093
3059	-75.2649
3060	-75.4999
3061	-75.6801
3062	-75.5792
3063	-75.4475
3064	-75.1852
3065	-75.4986
3066	-75.397
3067	-75.7726
3068	-76.0106
3069	-75.5977
3070	-75.9549
3071	-75.3626
3072	-75.4065
3073	-75.4117
3074	-75.3871
3075	-75.8594
3076	-75.6545
3077	-75.6311
3078	-75.8933
3079	-75.7988
3080	-75.7129
3081	-75.5839
3082	-75.5595
3083	-75.4141
3084	-75.5505
3085	-75.5532
3086	-75.6298
3087	-76.0836
3088	-76.0234
3089	-75.8473
3090	-75.5905
3091	-75.5486
3092	-75.5262
3093	-75.6856
3094	-75.6883
3095	-75.8286
3096	-75.4701
3097	-75.4591
3098	-75.3286
3099	-75.4062
3100	-75.4924
3101	-75.5877
3102	-75.7885
3103	-75.7514
3104	-75.7424
3105	-75.608
3106	-75.5991
3107	-76.0255
3108	-75.8133
3109	-75.652
3110	-74.9813
3111	-75.1994
3112	-75.3205
3113	-75.3835
3114	-75.8218
3115	-75.4073
3116	-74.9592
3117	-75.0438
3118	-75.1223
3119	-75.2607
3120	-75.3735
3121	-75.5289
3122	-75.4872
3123	-75.3742
3124	-75.6658
3125	-75.2133
3126	-75.2894
3127	-75.0458
3128	-74.8699
3129	-75.1334
3130	-75.3263
3131	-75.698
3132	-75.7252
3133	-75.7164
3134	-75.4933
3135	-75.1691
3136	-75.4697
3137	-75.5332
3138	-75.4234
3139	-75.8324
3140	-75.5374
3141	-75.2099
3142	-75.4027
3143	-75.5624
3144	-75.3988
3145	-75.4907
3146	-75.6296
3147	-75.3364
3148	-75.3574
3149	-75.2127
3150	-75.0648
3151	-75.2952
3152	-75.7522
3153	-75.8769
3154	-75.5311
3155	-75.1347
3156	-75.3011
3157	-75.2886
3158	-75.2679
3159	-75.5074
3160	-75.7566
3161	-75.6089
3162	-75.4352
3163	-75.1509
3164	-74.9319
3165	-75.3915
3166	-75.7596
3167	-75.7192
3168	-75.7948
3169	-75.6894
3170	-75.5685
3171	-75.535
3172	-75.1088
3173	-75.5402
3174	-75.2054
3175	-75.804
3176	-75.2968
3177	-75.5098
3178	-75.6951
3179	-76.0104
3180	-75.5034
3181	-75.5764
3182	-75.6039
3183	-75.2612
3184	-75.5723
3185	-75.807
3186	-75.8874
3187	-75.4018
3188	-75.6309
3189	-75.6638
3190	-76.0016
3191	-75.6721
3192	-75.9704
3193	-76.007
3194	-75.5093
3195	-75.1526
3196	-75.3082
3197	-75.42
3198	-75.5555
3199	-75.1737
3200	-75.0113
3201	-75.3398
3202	-75.6226
3203	-76.0352
3204	-75.575
3205	-75.4985
3206	-75.5002
3207	-74.9151
3208	-75.3705
3209	-75.5288
3210	-75.3761
3211	-75.8653
3212	-75.6437
3213	-75.4074
3214	-75.0619
3215	-74.9414
3216	-75.3463
3217	-75.751
3218	-75.6612
3219	-75.0559
3220	-75.2297
3221	-75.2124
3222	-75.1525
3223	-75.3642
3224	-75.7311
3225	-75.5759
3226	-75.8046
3227	-75.7696
3228	-75.6661
3229	-75.6078
3230	-75.755
3231	-75.7761
3232	-75.8756
3233	-76.0567
3234	-76.1319
3235	-75.891
3236	-75.2488
3237	-75.2689
3238	-75.7693
3239	-75.352
3240	-75.7445
3241	-75.7389
3242	-75.6876
3243	-75.2655
3244	-75.5398
3245	-75.6788
3246	-75.8783
3247	-75.676
3248	-75.7979
3249	-75.606
3250	-75.4629
3251	-75.6317
3252	-75.8593
3253	-75.924
3254	-75.9356
3255	-75.7737
3256	-75.5717
3257	-75.4338
3258	-75.1788
3259	-75.4308
3260	-75.7308
3261	-75.837
3262	-75.0956
3263	-75.1107
3264	-75.4038
3265	-75.7422
3266	-75.7285
3267	-75.8348
3268	-75.8675
3269	-75.5035
3270	-75.4969
3271	-75.5365
3272	-75.1722
3273	-75.1909
3274	-75.0202
3275	-74.9848
3276	-75.4424
3277	-75.6048
3278	-75.7122
3279	-75.7476
3280	-75.3841
3281	-75.4879
3282	-75.5845
3283	-75.5954
3284	-75.5569
3285	-75.5725
3286	-75.7104
3287	-75.7555
3288	-75.468
3289	-75.4308
3290	-75.4012
3291	-75.608
3292	-75.6781
3293	-75.0279
3294	-75.1324
3295	-75.4107
3296	-75.2905
3297	-75.3514
3298	-75.3869
3299	-75.3882
3300	-75.1487
3301	-75.2473
3302	-75.5274
3303	-75.676
3304	-75.7639
3305	-75.4705
3306	-75.6404
3307	-75.5537
3308	-75.3686
3309	-75.6669
3310	-75.838
3311	-75.4581
3312	-75.2806
3313	-75.778
3314	-75.5766
3315	-75.5431
3316	-75.5325
3317	-75.8487
3318	-75.5012
3319	-75.1445
3320	-75.5984
3321	-75.9651
3322	-75.678
3323	-75.3251
3324	-75.5414
3325	-75.8551
3326	-75.715
3327	-75.7636
3328	-75.5129
3329	-75.7785
3330	-75.5938
3331	-75.8216
3332	-75.6494
3333	-76.0689
3334	-76.2234
3335	-75.8146
3336	-75.7439
3337	-75.4508
3338	-75.5529
3339	-75.1607
3340	-75.157
3341	-75.6295
3342	-75.7507
3343	-75.8288
3344	-74.9451
3345	-75.2277
3346	-75.867
3347	-75.8318
3348	-75.3723
3349	-75.0777
3350	-75.1789
3351	-75.3659
3352	-75.5527
3353	-75.6365
3354	-75.7957
3355	-75.4359
3356	-75.4959
3357	-75.6364
3358	-75.3771
3359	-75.5345
3360	-75.9936
3361	-75.2411
3362	-75.5471
3363	-75.6287
3364	-75.2133
3365	-74.6415
3366	-75.1909
3367	-75.2835
3368	-75.3472
3369	-75.6006
3370	-75.9
3371	-75.7535
3372	-75.7012
3373	-75.6884
3374	-75.3
3375	-75.5644
3376	-75.5809
3377	-75.5001
3378	-75.789
3379	-75.2191
3380	-75.3785
3381	-75.34
3382	-75.4365
3383	-76.0609
3384	-76.1013
3385	-75.7036
3386	-75.3569
3387	-75.3128
3388	-75.4824
3389	-75.2938
3390	-75.44
3391	-75.41
3392	-75.3993
3393	-75.4649
3394	-75.7368
3395	-75.7812
3396	-75.4483
3397	-75.4375
3398	-75.4163
3399	-75.402
3400	-75.3498
3401	-74.9649
3402	-75.2958
3403	-75.4682
3404	-75.4836
3405	-75.4933
3406	-75.3875
3407	-75.3433
3408	-75.4563
3409	-75.2632
3410	-75.3236
3411	-75.4129
3412	-75.4554
3413	-75.5974
3414	-75.6042
3415	-75.4031
3416	-75.3418
3417	-75.2166
3418	-75.6945
3419	-75.8766
3420	-75.401
3421	-75.5912
3422	-75.655
3423	-75.3951
3424	-75.1082
3425	-75.1532
3426	-75.1837
3427	-75.2316
3428	-75.6501
3429	-75.5798
3430	-75.5121
3431	-76.0933
3432	-75.6072
3433	-75.4625
3434	-75.3901
3435	-75.3968
3436	-75.6401
3437	-76.2776
3438	-76.0728
3439	-75.6928
3440	-75.2924
3441	-75.1511
3442	-75.9379
3443	-75.7771
3444	-75.5376
3445	-75.4509
3446	-75.5445
3447	-75.5025
3448	-75.7889
3449	-75.8667
3450	-75.043
3451	-75.3553
3452	-75.1963
3453	-75.6216
3454	-76.0362
3455	-75.6635
3456	-75.1755
3457	-75.207
3458	-75.4976
3459	-75.1849
3460	-75.276
3461	-75.3651
3462	-75.5762
3463	-75.3065
3464	-75.306
3465	-75.8561
3466	-75.8302
3467	-75.7896
3468	-75.8666
3469	-75.6324
3470	-75.1638
3471	-75.3255
3472	-75.3832
3473	-75.3632
3474	-75.2543
3475	-75.5083
3476	-75.5068
3477	-75.4694
3478	-75.379
3479	-75.2573
3480	-75.7218
3481	-75.7201
3482	-75.5335
3483	-75.3885
3484	-74.7578
3485	-75.2351
3486	-75.5784
3487	-75.7104
3488	-76.0147
3489	-75.7718
3490	-75.5321
3491	-75.6163
3492	-75.7807
3493	-75.7843
3494	-75.986
3495	-75.645
3496	-75.6747
3497	-75.1334
3498	-75.5862
3499	-75.6226
3500	-75.4571
3501	-75.5041
3502	-75.3846
3503	-75.5747
3504	-75.7721
3505	-75.1096
3506	-74.8143
3507	-75.0535
3508	-75.4304
3509	-75.3289
3510	-75.3881
3511	-75.6123
3512	-75.1817
3513	-75.1632
3514	-75.4362
3515	-75.5123
3516	-75.4722
3517	-75.5139
3518	-75.5493
3519	-75.797
3520	-75.4943
3521	-75.4236
3522	-75.5655
3523	-75.6018
3524	-75.8218
3525	-75.4938
3526	-75.4949
3527	-75.4242
3528	-75.5011
3529	-75.5504
3530	-75.7472
3531	-75.8417
3532	-75.4522
3533	-75.4663
3534	-75.6498
3535	-75.4359
3536	-75.4115
3537	-75.1919
3538	-75.335
3539	-75.2903
3540	-75.4926
3541	-75.4246
3542	-75.3975
3543	-75.7246
3544	-75.6063
3545	-75.578
3546	-75.1259
3547	-75.5584
3548	-75.7546
3549	-75.3984
3550	-75.3509
3551	-75.5956
3552	-75.6939
3553	-75.4741
3554	-75.0993
3555	-75.4308
3556	-75.7309
3557	-75.6098
3558	-75.3734
3559	-75.3974
3560	-75.213
3561	-75.4183
3562	-75.5949
3563	-75.5276
3564	-75.5776
3565	-75.6359
3566	-75.5374
3567	-75.5065
3568	-75.3924
3569	-75.3367
3570	-75.4266
3571	-75.7142
3572	-75.2605
3573	-75.2531
3574	-75.8459
3575	-75.9004
3576	-75.5104
3577	-75.5072
3578	-75.4187
3579	-75.4333
3580	-75.2398
3581	-75.4676
3582	-75.7216
3583	-75.3885
3584	-75.3953
3585	-76.0523
3586	-75.545
3587	-75.3436
3588	-75.7774
3589	-75.3485
3590	-75.4083
3591	-75.7736
3592	-75.7615
3593	-75.9068
3594	-75.7784
3595	-75.6688
3596	-75.8627
3597	-75.4253
3598	-75.4193
3599	-75.3758
3600	-75.6611
3601	-75.5788
3602	-75.538
3603	-75.3546
3604	-75.3101
3605	-75.7168
3606	-75.396
3607	-75.6612
3608	-75.8286
3609	-75.6323
3610	-75.2752
3611	-75.543
3612	-75.5793
3613	-75.7231
3614	-75.6437
3615	-75.7832
3616	-76.1121
3617	-75.7055
3618	-75.4845
3619	-75.2429
3620	-75.092
3621	-75.603
3622	-75.4477
3623	-75.3975
3624	-75.5988
3625	-75.6506
3626	-75.824
3627	-75.81
3628	-75.4422
3629	-75.5551
3630	-75.7227
3631	-75.5592
3632	-75.3422
3633	-75.4527
3634	-75.1534
3635	-75.5442
3636	-75.513
3637	-75.9326
3638	-75.559
3639	-75.4749
3640	-75.8911
3641	-75.7797
3642	-75.6235
3643	-75.5623
3644	-75.4268
3645	-75.771
3646	-75.8752
3647	-75.5611
3648	-75.885
3649	-75.4452
3650	-75.3108
3651	-75.6867
3652	-75.678
3653	-75.2721
3654	-75.1716
3655	-75.3928
3656	-75.257
3657	-75.195
3658	-75.2097
3659	-74.9131
3660	-75.5048
3661	-76.0368
3662	-75.6987
3663	-75.5116
3664	-75.4546
3665	-75.3062
3666	-75.2065
3667	-75.5163
3668	-75.4824
3669	-75.5785
3670	-75.6809
3671	-75.249
3672	-75.1335
3673	-75.2887
3674	-75.4383
3675	-75.6749
3676	-75.0818
3677	-75.2491
3678	-75.2567
3679	-75.0649
3680	-75.3259
3681	-75.11
3682	-75.1845
3683	-75.3779
3684	-75.5525
3685	-75.8358
3686	-75.5304
3687	-75.2761
3688	-76.0071
3689	-75.6947
3690	-75.0215
3691	-75.4936
3692	-75.098
3693	-75.0494
3694	-75.2153
3695	-75.3296
3696	-75.5709
3697	-75.7322
3698	-75.2175
3699	-75.0907
3700	-75.8075
3701	-75.8859
3702	-75.6738
3703	-75.7574
3704	-75.4706
3705	-75.3071
3706	-75.3985
3707	-75.4848
3708	-75.5902
3709	-75.6311
3710	-75.7913
3711	-75.2944
3712	-75.3098
3713	-75.5945
3714	-75.2303
3715	-75.2104
3716	-75.5069
3717	-75.5789
3718	-75.4055
3719	-75.3772
3720	-75.2809
3721	-75.75
3722	-75.6576
3723	-75.3183
3724	-75.4669
3725	-75.6084
3726	-75.7412
3727	-75.5956
3728	-75.3978
3729	-75.6796
3730	-75.5717
3731	-75.9455
3732	-75.4457
3733	-75.2988
3734	-75.3668
3735	-75.5745
3736	-75.252
3737	-75.1462
3738	-74.8046
3739	-75.0957
3740	-75.0421
3741	-74.655
3742	-75.0483
3743	-75.0525
3744	-75.2131
3745	-75.3372
3746	-75.2971
3747	-75.2984
3748	-75.3809
3749	-75.3593
3750	-75.0503
3751	-75.3457
3752	-75.2923
3753	-75.438
3754	-75.1347
3755	-75.2461
3756	-75.1164
3757	-75.2143
3758	-75.6014
3759	-75.1865
3760	-75.3629
3761	-75.5445
3762	-75.3717
3763	-75.4616
3764	-75.7269
3765	-75.7719
3766	-75.962
3767	-75.2889
3768	-75.7418
3769	-75.4925
3770	-75.2852
3771	-75.0923
3772	-75.5014
3773	-75.8767
3774	-75.5069
3775	-75.3696
3776	-75.4372
3777	-75.8051
3778	-75.3156
3779	-75.0912
3780	-75.1006
3781	-75.161
3782	-75.3935
3783	-75.7862
3784	-75.3313
3785	-75.5191
3786	-75.6101
3787	-75.4584
3788	-75.5221
3789	-75.4432
3790	-75.5794
3791	-75.2218
3792	-75.5331
3793	-75.7349
3794	-75.7839
3795	-75.9819
3796	-75.6139
3797	-75.2055
3798	-74.9057
3799	-74.903
3800	-75.3266
3801	-75.1953
3802	-75.2899
3803	-75.6669
3804	-75.9288
3805	-75.3955
3806	-75.5801
3807	-75.133
3808	-75.1034
3809	-75.1832
3810	-75.0694
3811	-75.2429
3812	-75.433
3813	-75.1329
3814	-75.0749
3815	-75.0174
3816	-75.4672
3817	-75.5648
3818	-75.661
3819	-75.6781
3820	-75.3226
3821	-74.7693
3822	-75.1517
3823	-75.6714
3824	-75.1124
3825	-75.2175
3826	-75.6523
3827	-75.4098
3828	-75.2302
3829	-75.2848
3830	-75.4018
3831	-75.0649
3832	-75.2824
3833	-75.1665
3834	-74.9133
3835	-75.0971
3836	-75.049
3837	-75.1067
3838	-75.5357
3839	-74.9996
3840	-75.2141
3841	-75.4522
3842	-75.5724
3843	-75.2193
3844	-75.1079
3845	-75.5439
3846	-75.6756
3847	-75.5632
3848	-75.5022
3849	-74.9881
3850	-75.3021
3851	-75.5189
3852	-75.6429
3853	-75.4497
3854	-75.1869
3855	-74.9341
3856	-75.1232
3857	-75.3139
3858	-75.5151
3859	-75.2751
3860	-75.0341
3861	-75.1122
3862	-75.5897
3863	-75.8073
3864	-75.7486
3865	-75.4244
3866	-75.8496
3867	-75.4251
3868	-75.1533
3869	-75.7666
3870	-75.3387
3871	-75.2713
3872	-75.3093
3873	-75.2957
3874	-75.2429
3875	-75.4835
3876	-75.0615
3877	-75.3655
3878	-75.5374
3879	-75.0857
3880	-75.0743
3881	-75.3931
3882	-75.1595
3883	-75.4888
3884	-75.4432
3885	-75.8304
3886	-75.5477
3887	-75.4124
3888	-75.7115
3889	-75.3037
3890	-75.1787
3891	-75.3355
3892	-75.4717
3893	-75.4962
3894	-75.7781
3895	-75.3361
3896	-75.321
3897	-75.7676
3898	-75.8803
3899	-75.7069
3900	-74.9916
3901	-75.3602
3902	-75.2331
3903	-75.4018
3904	-75.4472
3905	-75.6658
3906	-75.4156
3907	-75.0896
3908	-75.582
3909	-75.3957
3910	-75.459
3911	-75.8805
3912	-75.4912
3913	-75.2173
3914	-75.3672
3915	-75.6568
3916	-75.25
3917	-75.5036
3918	-75.4436
3919	-75.0647
3920	-75.2558
3921	-75.1891
3922	-75.5757
3923	-75.7009
3924	-75.3199
3925	-75.1129
3926	-75.3324
3927	-75.3269
3928	-75.3812
3929	-75.3433
3930	-75.8093
3931	-75.5052
3932	-75.5682
3933	-75.4027
3934	-75.118
3935	-75.2949
3936	-75.0489
3937	-75.2243
3938	-75.3776
3939	-75.7423
3940	-75.4055
3941	-75.5419
3942	-75.3889
3943	-75.6017
3944	-75.3904
3945	-75.3894
3946	-75.8149
3947	-75.2219
3948	-75.2135
3949	-75.6913
3950	-75.7405
3951	-75.6103
3952	-75.3359
3953	-75.8387
3954	-75.4592
3955	-75.3114
3956	-75.4335
3957	-74.9686
3958	-74.9791
3959	-75.5711
3960	-75.4996
3961	-75.3649
3962	-75.5482
3963	-75.2923
3964	-75.3153
3965	-75.5783
3966	-75.6654
3967	-75.4617
3968	-75.4911
3969	-75.543
3970	-75.6425
3971	-75.4112
3972	-75.0972
3973	-75.0264
3974	-75.3402
3975	-75.465
3976	-75.6396
3977	-75.4835
3978	-75.3165
3979	-75.6625
3980	-75.2146
3981	-75.3129
3982	-75.6992
3983	-75.7619
3984	-75.8914
3985	-75.3084
3986	-75.2388
3987	-75.4618
3988	-75.1492
3989	-74.9408
3990	-75.1682
3991	-75.4324
3992	-75.3508
3993	-75.1897
3994	-75.283
3995	-75.3311
3996	-75.2402
3997	-75.5558
3998	-75.4785
3999	-75.6267
4000	-75.5024
4001	-75.3668
4002	-75.5758
4003	-75.4812
4004	-75.804
4005	-75.6475
4006	-75.8461
4007	-75.6989
4008	-75.4961
4009	-75.4597
4010	-75.3912
4011	-75.3032
4012	-75.6884
4013	-75.658
4014	-75.7379
4015	-75.5192
4016	-75.4454
4017	-75.5388
4018	-75.482
4019	-75.005
4020	-75.4542
4021	-75.9777
4022	-75.4633
4023	-75.2651
4024	-75.4525
4025	-75.1644
4026	-75.3692
4027	-75.6042
4028	-75.2865
4029	-75.4014
4030	-74.9612
4031	-75.5074
4032	-75.4875
4033	-75.2831
4034	-75.6082
4035	-75.7311
4036	-75.4562
4037	-75.6538
4038	-75.5259
4039	-75.1594
4040	-75.0234
4041	-75.1887
4042	-75.3956
4043	-75.6932
4044	-75.2279
4045	-75.2274
4046	-75.4949
4047	-75.4802
4048	-75.3691
4049	-75.3272
4050	-75.2676
4051	-75.1114
4052	-75.6467
4053	-75.5754
4054	-75.4215
4055	-75.4729
4056	-75.5977
4057	-75.4476
4058	-75.3331
4059	-74.9802
4060	-75.3439
4061	-75.1148
4062	-75.1952
4063	-75.0793
4064	-74.7221
4065	-75.1513
4066	-75.0827
4067	-75.2527
4068	-75.4029
4069	-75.205
4070	-75.336
4071	-75.1481
4072	-75.3385
4073	-75.3774
4074	-75.0092
4075	-75.1825
4076	-75.4476
4077	-75.5517
4078	-75.374
4079	-75.4409
4080	-75.0019
4081	-75.6008
4082	-75.6588
4083	-75.2429
4084	-75.2929
4085	-75.7288
4086	-75.9666
4087	-75.8968
4088	-75.3491
4089	-75.4558
4090	-75.3762
4091	-75.0051
4092	-74.9428
4093	-75.5839
4094	-75.8364
4095	-75.6493
4096	-76.0004
4097	-75.7034
4098	-75.1662
4099	-75.046
4100	-75.3327
4101	-75.463
4102	-75.2833
4103	-75.3363
4104	-75.5088
4105	-75.2546
4106	-75.2948
4107	-75.2432
4108	-75.9484
4109	-75.8345
4110	-75.4166
4111	-75.2927
4112	-74.8874
4113	-75.1876
4114	-75.2709
4115	-75.2461
4116	-75.4473
4117	-75.4593
4118	-75.6984
4119	-75.4146
4120	-75.309
4121	-75.0492
4122	-75.5312
4123	-75.6131
4124	-75.4314
4125	-75.8863
4126	-74.9957
4127	-75.0744
4128	-74.9738
4129	-75.0272
4130	-75.3503
4131	-75.526
4132	-75.5153
4133	-75.6511
4134	-75.6599
4135	-75.7198
4136	-75.5124
4137	-75.3095
4138	-75.3641
4139	-75.6413
4140	-75.7799
4141	-75.4973
4142	-75.1166
4143	-75.127
4144	-75.374
4145	-75.4592
4146	-75.4383
4147	-75.5075
4148	-75.6825
4149	-75.4756
4150	-75.4221
4151	-75.36
4152	-75.6052
4153	-75.6836
4154	-75.4662
4155	-75.3178
4156	-75.5991
4157	-75.6838
4158	-75.4292
4159	-75.3357
4160	-75.5502
4161	-75.6128
4162	-75.3846
4163	-74.8539
4164	-75.0703
4165	-75.3062
4166	-75.1363
4167	-74.8473
4168	-75.6132
4169	-75.4609
4170	-75.3031
4171	-75.4049
4172	-75.363
4173	-75.1709
4174	-75.2024
4175	-75.3506
4176	-75.4153
4177	-75.5779
4178	-75.8015
4179	-75.9612
4180	-75.805
4181	-76.0786
4182	-75.7621
4183	-75.5778
4184	-75.5032
4185	-75.411
4186	-75.5503
4187	-75.8758
4188	-75.6549
4189	-75.4417
4190	-75.3859
4191	-75.57
4192	-75.3592
4193	-75.3804
4194	-75.4221
4195	-75.4333
4196	-75.6294
4197	-75.2677
4198	-75.4013
4199	-75.472
4200	-75.4873
4201	-75.7203
4202	-75.5207
4203	-75.3717
4204	-75.1545
4205	-75.3989
4206	-75.3745
4207	-74.9417
4208	-74.9831
4209	-74.9994
4210	-75.31
4211	-75.4856
4212	-75.3529
4213	-75.4042
4214	-75.3685
4215	-75.5366
4216	-75.8669
4217	-76.0483
4218	-75.5
4219	-75.4134
4220	-75.5289
4221	-75.5095
4222	-75.4637
4223	-75.501
4224	-75.4775
4225	-75.6463
4226	-75.6532
4227	-75.1359
4228	-74.8157
4229	-75.0958
4230	-75.1407
4231	-75.2131
4232	-75.4825
4233	-75.4568
4234	-75.1598
4235	-75.1801
4236	-75.0182
4237	-75.0638
4238	-75.2324
4239	-76.0027
4240	-75.6466
4241	-75.6431
4242	-75.465
4243	-75.1689
4244	-75.2859
4245	-75.5547
4246	-75.5674
4247	-74.7907
4248	-75.133
4249	-75.4605
4250	-75.5883
4251	-75.701
4252	-75.7926
4253	-75.4598
4254	-75.5596
4255	-75.2936
4256	-75.2394
4257	-75.2879
4258	-75.5111
4259	-75.6554
4260	-75.2018
4261	-74.8655
4262	-75.1101
4263	-74.9425
4264	-75.3639
4265	-75.4259
4266	-75.7853
4267	-75.442
4268	-75.4984
4269	-75.4202
4270	-75.282
4271	-75.2606
4272	-75.3806
4273	-75.4114
4274	-75.2308
4275	-75.4005
4276	-75.1322
4277	-75.153
4278	-75.4976
4279	-75.1201
4280	-74.9032
4281	-75.2682
4282	-75.1851
4283	-75.3478
4284	-75.3325
4285	-75.2662
4286	-75.351
4287	-75.9298
4288	-75.9029
4289	-75.5052
4290	-75.0937
4291	-75.4763
4292	-75.2485
4293	-75.0822
4294	-75.6026
4295	-75.5736
4296	-75.4552
4297	-75.5071
4298	-75.5184
4299	-75.1067
4300	-75.3062
4301	-75.5995
4302	-75.5506
4303	-75.2411
4304	-75.1641
4305	-75.3591
4306	-75.2825
4307	-75.2678
4308	-75.4498
4309	-76.1193
4310	-75.9543
4311	-75.5324
4312	-75.7183
4313	-75.4957
4314	-75.5282
4315	-75.8916
4316	-75.4876
4317	-75.2812
4318	-75.465
4319	-75.9439
4320	-76.0412
4321	-75.3808
4322	-75.5834
4323	-75.4993
4324	-75.5322
4325	-75.4268
4326	-75.3156
4327	-75.1725
4328	-75.2288
4329	-75.7373
4330	-75.536
4331	-75.4542
4332	-75.3132
4333	-75.2912
4334	-75.4026
4335	-75.3031
4336	-75.5095
4337	-74.971
4338	-74.8897
4339	-75.2896
4340	-75.3181
4341	-75.3021
4342	-75.037
4343	-75.1412
4344	-75.1534
4345	-75.3193
4346	-75.1802
4347	-75.844
4348	-76.0756
4349	-75.9279
4350	-75.901
4351	-75.5531
4352	-75.286
4353	-75.5875
4354	-75.8396
4355	-75.3962
4356	-75.754
4357	-75.5202
4358	-75.4458
4359	-75.3665
4360	-75.3644
4361	-75.6569
4362	-75.4347
4363	-75.5246
4364	-75.3326
4365	-75.1223
4366	-75.5511
4367	-75.3672
4368	-75.5135
4369	-75.4353
4370	-75.7725
4371	-75.7423
4372	-75.4405
4373	-75.4278
4374	-75.5185
4375	-75.3776
4376	-75.7616
4377	-75.8757
4378	-75.4027
4379	-75.8332
4380	-75.4307
4381	-75.6213
4382	-75.642
4383	-75.3992
4384	-75.2234
4385	-75.2074
4386	-75.5909
4387	-75.4303
4388	-75.2378
4389	-75.0599
4390	-75.2702
4391	-75.5812
4392	-75.7012
4393	-75.4256
4394	-75.322
4395	-75.7799
4396	-75.6333
4397	-75.4259
4398	-75.3706
4399	-74.9891
4400	-75.197
4401	-75.2226
4402	-75.321
4403	-75.3811
4404	-75.0519
4405	-75.3464
4406	-75.3388
4407	-75.7328
4408	-75.5001
4409	-75.3286
4410	-75.4963
4411	-75.3866
4412	-75.1025
4413	-75.5676
4414	-74.9356
4415	-74.957
4416	-75.2381
4417	-75.1225
4418	-75.6862
4419	-75.6179
4420	-75.8264
4421	-75.9793
4422	-75.9426
4423	-75.671
4424	-75.32
4425	-75.3141
4426	-75.5189
4427	-75.275
4428	-75.6588
4429	-75.4784
4430	-75.4836
4431	-75.6016
4432	-75.1833
4433	-75.5645
4434	-75.9215
4435	-75.3295
4436	-75.1749
4437	-75.1652
4438	-75.2078
4439	-75.1892
4440	-75.3257
4441	-75.3441
4442	-75.6666
4443	-75.7246
4444	-75.6876
4445	-75.3713
4446	-74.9696
4447	-75.0881
4448	-75.3827
4449	-75.0441
4450	-75.265
4451	-75.7089
4452	-75.6227
4453	-75.3975
4454	-75.1569
4455	-75.2788
4456	-75.3421
4457	-75.3345
4458	-75.5982
4459	-75.4943
4460	-75.4005
4461	-75.3631
4462	-75.5308
4463	-75.5822
4464	-75.3618
4465	-74.9782
4466	-75.5083
4467	-75.5288
4468	-75.339
4469	-75.7285
4470	-75.4424
4471	-75.2319
4472	-75.3772
4473	-75.1826
4474	-75.4955
4475	-75.1093
4476	-75.2683
4477	-75.1405
4478	-75.2318
4479	-75.3972
4480	-75.8021
4481	-75.5106
4482	-75.3523
4483	-75.7216
4484	-75.815
4485	-75.4747
4486	-75.5766
4487	-75.3499
4488	-75.2665
4489	-75.4476
4490	-75.4784
4491	-75.474
4492	-75.5692
4493	-75.7046
4494	-75.4589
4495	-75.6704
4496	-75.4976
4497	-75.2798
4498	-75.3573
4499	-75.4278
4500	-75.5058
4501	-75.5523
4502	-75.707
4503	-75.6309
4504	-75.531
4505	-75.5644
4506	-75.4256
4507	-75.1004
4508	-75.0881
4509	-75.5183
4510	-75.5799
4511	-75.6728
4512	-75.3002
4513	-75.107
4514	-75.2048
4515	-74.9338
4516	-75.2853
4517	-75.3921
4518	-75.3785
4519	-75.6774
4520	-75.443
4521	-75.425
4522	-75.1262
4523	-75.0242
4524	-75.484
4525	-75.4632
4526	-75.4054
4527	-75.101
4528	-75.4271
4529	-75.3468
4530	-75.1082
4531	-75.3777
4532	-75.4937
4533	-75.4281
4534	-75.8125
4535	-75.5189
4536	-75.7418
4537	-75.1944
4538	-75.4048
4539	-75.6422
4540	-75.5248
4541	-75.577
4542	-75.173
4543	-75.3767
4544	-75.5199
4545	-75.357
4546	-75.4682
4547	-75.1001
4548	-75.0792
4549	-75.0832
4550	-75.3645
4551	-75.3907
4552	-75.2769
4553	-75.0983
4554	-75.3294
4555	-75.721
4556	-75.7263
4557	-75.6489
4558	-75.8202
4559	-75.3861
4560	-75.3138
4561	-75.4169
4562	-75.5463
4563	-75.6522
4564	-75.3591
4565	-75.3472
4566	-75.4517
4567	-75.778
4568	-76.0367
4569	-75.2478
4570	-75.0985
4571	-75.2119
4572	-75.316
4573	-75.1046
4574	-75.1655
4575	-75.4228
4576	-74.9285
4577	-75.1523
4578	-75.2235
4579	-75.0531
4580	-75.4869
4581	-75.6823
4582	-75.0186
4583	-75.2286
4584	-75.4472
4585	-75.1953
4586	-75.0209
4587	-74.7638
4588	-75.2385
4589	-75.1698
4590	-75.2974
4591	-75.5301
4592	-75.5814
4593	-75.5462
4594	-75.544
4595	-75.6161
4596	-75.3655
4597	-75.5934
4598	-75.4118
4599	-75.4162
4600	-75.1048
4601	-74.8075
4602	-74.9635
4603	-75.2147
4604	-75.5418
4605	-75.1751
4606	-75.2976
4607	-75.3275
4608	-75.6169
4609	-75.4488
4610	-75.3659
4611	-75.2779
4612	-75.44
4613	-75.0358
4614	-74.8115
4615	-75.636
4616	-75.4662
4617	-75.0878
4618	-75.1654
4619	-75.287
4620	-75.3321
4621	-75.4052
4622	-75.5439
4623	-75.2295
4624	-75.2022
4625	-75.204
4626	-75.0632
4627	-75.2492
4628	-75.2014
4629	-75.4584
4630	-75.3478
4631	-75.3519
4632	-75.3685
4633	-75.2413
4634	-75.3269
4635	-75.2898
4636	-75.4137
4637	-75.2264
4638	-75.4651
4639	-75.491
4640	-75.349
4641	-75.6089
4642	-75.6875
4643	-75.5708
4644	-75.2957
4645	-75.2912
4646	-74.9827
4647	-75.4689
4648	-75.2834
4649	-75.6707
4650	-75.6764
4651	-75.4355
4652	-75.6103
4653	-75.2262
4654	-75.1337
4655	-75.2237
4656	-75.1327
4657	-75.6043
4658	-75.616
4659	-75.2823
4660	-75.4117
4661	-75.578
4662	-75.7879
4663	-75.5245
4664	-75.4038
4665	-75.5101
4666	-75.1661
4667	-75.0423
4668	-75.085
4669	-75.0957
4670	-75.4185
4671	-75.3608
4672	-75.4573
4673	-75.824
4674	-75.3722
4675	-75.1713
4676	-75.5741
4677	-75.2455
4678	-75.5866
4679	-75.475
4680	-75.3351
4681	-75.6818
4682	-75.4761
4683	-75.3877
4684	-75.5662
4685	-75.4369
4686	-75.3444
4687	-74.9424
4688	-75.0329
4689	-75.2783
4690	-75.2471
4691	-75.2185
4692	-75.8228
4693	-75.6188
4694	-75.1747
4695	-75.2339
4696	-75.2957
4697	-74.9169
4698	-75.3012
4699	-75.3041
4700	-75.2276
4701	-75.4982
4702	-75.2663
4703	-75.3516
4704	-75.4314
4705	-75.1137
4706	-75.2018
4707	-75.6898
4708	-75.8982
4709	-75.5528
4710	-75.3189
4711	-75.2225
4712	-75.2695
4713	-75.1995
4714	-75.4073
4715	-75.226
4716	-75.5134
4717	-75.6583
4718	-75.0905
4719	-75.249
4720	-75.6452
4721	-75.4433
4722	-75.219
4723	-75.24
4724	-75.0628
4725	-75.4174
4726	-75.4
4727	-75.0672
4728	-75.5849
4729	-75.2488
4730	-75.2895
4731	-75.5512
4732	-75.9403
4733	-75.7757
4734	-75.3873
4735	-75.693
4736	-75.2655
4737	-75.3435
4738	-75.7476
4739	-75.1619
4740	-75.1999
4741	-75.2769
4742	-75.1014
4743	-75.1666
4744	-75.0388
4745	-75.2344
4746	-75.6308
4747	-75.1654
4748	-75.2743
4749	-75.5233
4750	-75.4218
4751	-75.5308
4752	-75.2436
4753	-75.0279
4754	-75.267
4755	-75.0182
4756	-75.1398
4757	-75.6872
4758	-75.5565
4759	-75.7571
4760	-75.2463
4761	-75.2068
4762	-75.2933
4763	-75.6283
4764	-75.4543
4765	-75.3845
4766	-75.7647
4767	-75.7552
4768	-75.2231
4769	-75.1053
4770	-75.3493
4771	-75.7601
4772	-76.0946
4773	-75.3036
4774	-75.2874
4775	-75.3077
4776	-75.1934
4777	-75.3445
4778	-75.5793
4779	-75.9384
4780	-75.318
4781	-74.8222
4782	-74.5811
4783	-75.264
4784	-75.8064
4785	-75.3512
4786	-75.3943
4787	-75.5483
4788	-75.6377
4789	-75.4656
4790	-75.3219
4791	-75.5005
4792	-75.6899
4793	-75.6406
4794	-75.1919
4795	-75.2539
4796	-75.4165
4797	-75.8004
4798	-75.6385
4799	-75.3417
4800	-75.3532
4801	-75.2695
4802	-75.2113
4803	-75.533
4804	-75.6144
4805	-75.3196
4806	-75.7548
4807	-75.7672
4808	-75.5239
4809	-75.4478
4810	-75.5554
4811	-75.1231
4812	-75.1246
4813	-75.2219
4814	-75.3213
4815	-75.2769
4816	-75.3214
4817	-75.3773
4818	-75.5683
4819	-75.6075
4820	-75.8004
4821	-75.5449
4822	-75.518
4823	-75.4021
4824	-75.3359
4825	-74.9168
4826	-75.1436
4827	-75.1367
4828	-75.1075
4829	-75.4469
4830	-75.1264
4831	-75.5139
4832	-75.2051
4833	-75.352
4834	-75.59
4835	-75.7221
4836	-75.3506
4837	-75.3684
4838	-75.4292
4839	-75.1169
4840	-75.3808
4841	-75.677
4842	-75.2667
4843	-74.9677
4844	-74.9265
4845	-75.1146
4846	-75.0426
4847	-74.7295
4848	-75.078
4849	-74.9021
4850	-75.1014
4851	-75.5895
4852	-75.4774
4853	-75.4111
4854	-75.2992
4855	-75.3153
4856	-75.1431
4857	-75.6241
4858	-75.2491
4859	-75.1133
4860	-75.3994
4861	-75.2368
4862	-75.0255
4863	-75.4055
4864	-75.4316
4865	-75.3253
4866	-75.2456
4867	-75.1233
4868	-75.0051
4869	-74.8162
4870	-75.2434
4871	-75.5685
4872	-75.6658
4873	-75.0131
4874	-75.1204
4875	-75.1746
4876	-75.6112
4877	-75.5492
4878	-75.3058
4879	-75.1591
4880	-75.7962
4881	-75.3514
4882	-75.0876
4883	-75.2693
4884	-75.5414
4885	-75.0504
4886	-75.0983
4887	-75.1499
4888	-74.9602
4889	-75.0586
4890	-75.0416
4891	-75.4922
4892	-75.2802
4893	-75.3636
4894	-75.2079
4895	-75.045
4896	-75.3994
4897	-74.9827
4898	-74.9032
4899	-75.1227
4900	-75.5011
4901	-75.7936
4902	-75.7683
4903	-75.5094
4904	-75.4888
4905	-75.1964
4906	-75.5709
4907	-75.1346
4908	-75.0664
4909	-74.9804
4910	-75.4757
4911	-75.2689
4912	-75.0799
4913	-75.6486
4914	-75.3049
4915	-74.985
4916	-75.2332
4917	-75.1835
4918	-75.4172
4919	-75.1132
4920	-75.4096
4921	-75.6139
4922	-75.5876
4923	-75.4135
4924	-75.569
4925	-75.352
4926	-75.6958
4927	-75.5228
4928	-74.9024
4929	-74.882
4930	-75.2915
4931	-75.502
4932	-75.5159
4933	-75.2882
4934	-75.162
4935	-75.2655
4936	-75.0888
4937	-75.3148
4938	-75.6806
4939	-75.7055
4940	-75.7111
4941	-75.7293
4942	-75.5806
4943	-75.389
4944	-75.2143
4945	-74.9396
4946	-75.2002
4947	-75.0589
4948	-75.034
4949	-75.3464
4950	-75.7127
4951	-75.5391
4952	-75.4548
4953	-75.3663
4954	-75.5062
4955	-75.3427
4956	-75.653
4957	-75.7964
4958	-75.5359
4959	-75.3257
4960	-75.0369
4961	-75.2663
4962	-75.2122
4963	-75.2308
4964	-75.0275
4965	-75.1931
4966	-75.3912
4967	-75.2427
4968	-75.1726
4969	-75.3889
4970	-75.1679
4971	-75.0349
4972	-75.3503
4973	-75.6758
4974	-75.2727
4975	-74.8971
4976	-75.3971
4977	-75.5191
4978	-75.4218
4979	-75.4182
4980	-75.085
4981	-75.3617
4982	-75.2631
4983	-75.1182
4984	-75.1175
4985	-75.5572
4986	-75.3424
4987	-75.3355
4988	-75.2251
4989	-74.899
4990	-75.235
4991	-75.4007
4992	-75.116
4993	-75.2195
4994	-75.5002
4995	-75.3538
4996	-75.4908
4997	-75.6023
4998	-75.6041
4999	-75.434
5000	-75.4581
5001	-75.5691
5002	-75.4202
5003	-74.9377
5004	-75.195
5005	-75.3747
5006	-75.2344
5007	-75.1961
5008	-75.045
5009	-75.04
5010	-75.3421
5011	-75.2511
5012	-75.3611
5013	-75.3677
5014	-75.1255
5015	-75.0397
5016	-75.0507
5017	-75.0616
5018	-75.5067
5019	-75.2826
5020	-75.2735
5021	-75.7103
5022	-75.5965
5023	-75.5012
5024	-75.103
5025	-75.0975
5026	-75.2596
5027	-75.2385
5028	-74.9925
5029	-74.941
5030	-75.3921
5031	-75.4051
5032	-75.5152
5033	-75.2873
5034	-75.6472
5035	-75.3799
5036	-75.4601
5037	-75.3597
5038	-75.2813
5039	-75.4908
5040	-75.3866
5041	-75.6765
5042	-75.6164
5043	-75.8159
5044	-75.4114
5045	-75.3374
5046	-75.2906
5047	-75.5253
5048	-75.1449
5049	-75.4507
5050	-75.5009
5051	-75.2196
5052	-75.6697
5053	-75.5786
5054	-75.1264
5055	-74.9201
5056	-75.1601
5057	-75.1612
5058	-75.2006
5059	-75.1897
5060	-75.44
5061	-75.3304
5062	-75.2628
5063	-74.9244
5064	-75.0726
5065	-75.118
5066	-75.1151
5067	-75.5007
5068	-75.1467
5069	-75.1533
5070	-75.3445
5071	-75.3088
5072	-75.7435
5073	-75.6063
5074	-75.4098
5075	-75.2229
5076	-75.3699
5077	-75.3761
5078	-75.5288
5079	-75.2592
5080	-75.3815
5081	-75.144
5082	-75.4259
5083	-75.3071
5084	-74.9152
5085	-75.2346
5086	-75.2988
5087	-74.7879
5088	-75.0941
5089	-75.7641
5090	-75.4032
5091	-75.5471
5092	-75.2762
5093	-75.6789
5094	-75.5769
5095	-75.4521
5096	-75.18
5097	-75.2267
5098	-75.1866
5099	-75.4936
5100	-75.0784
5101	-75.063
5102	-75.4226
5103	-75.4962
5104	-75.4694
5105	-75.1201
5106	-74.9508
5107	-74.8788
5108	-75.359
5109	-75.388
5110	-75.2977
5111	-75.2827
5112	-75.2557
5113	-75.5043
5114	-75.3654
5115	-75.6456
5116	-75.603
5117	-75.2959
5118	-75.2332
5119	-75.4678
5120	-75.3184
5121	-75.2944
5122	-75.307
5123	-75.4186
5124	-75.0823
5125	-75.3739
5126	-75.6688
5127	-75.5678
5128	-75.5699
5129	-75.3356
5130	-75.0266
5131	-75.3249
5132	-75.4745
5133	-75.9315
5134	-75.3532
5135	-75.1541
5136	-75.2805
5137	-75.7562
5138	-75.6964
5139	-75.1354
5140	-75.172
5141	-75.263
5142	-75.0864
5143	-75.4345
5144	-75.3799
5145	-75.5703
5146	-75.3213
5147	-74.9685
5148	-75.2515
5149	-75.5325
5150	-75.75
5151	-75.8974
5152	-75.457
5153	-75.4155
5154	-75.5634
5155	-75.5347
5156	-75.2584
5157	-75.4347
5158	-75.5233
5159	-75.108
5160	-75.3213
5161	-74.8579
5162	-75.0299
5163	-75.3708
5164	-75.9697
5165	-75.6572
5166	-75.2811
5167	-75.5109
5168	-75.5018
5169	-75.4031
5170	-74.977
5171	-75.48
5172	-75.7784
5173	-75.5465
5174	-75.2942
5175	-75.3219
5176	-75.3698
5177	-75.2815
5178	-75.2793
5179	-75.5087
5180	-75.4272
5181	-75.497
5182	-75.5408
5183	-75.7114
5184	-75.5367
5185	-75.1117
5186	-75.5888
5187	-75.4705
5188	-75.2818
5189	-75.0669
5190	-75.8538
5191	-75.0901
5192	-75.5279
5193	-75.1178
5194	-75.2771
5195	-75.166
5196	-75.0231
5197	-75.1372
5198	-75.1976
5199	-75.4478
5200	-75.1591
5201	-75.0899
5202	-75.1324
5203	-75.1578
5204	-75.4893
5205	-75.4731
5206	-75.3855
5207	-75.1408
5208	-74.9859
5209	-75.286
5210	-75.281
5211	-75.2579
5212	-75.1773
5213	-75.4154
5214	-75.644
5215	-75.5624
5216	-74.8543
5217	-75.167
5218	-75.17
5219	-74.9621
5220	-75.1859
5221	-75.1477
5222	-74.9256
5223	-74.7927
5224	-74.8969
5225	-75.0267
5226	-75.2775
5227	-75.4558
5228	-75.4278
5229	-75.6712
5230	-75.0354
5231	-75.1255
5232	-75.4324
5233	-75.2699
5234	-74.9943
5235	-75.2058
5236	-75.1369
5237	-75.1548
5238	-74.9655
5239	-75.3321
5240	-75.4289
5241	-75.1412
5242	-74.764
5243	-75.1715
5244	-75.4345
5245	-75.4316
5246	-75.2623
5247	-75.7011
5248	-75.382
5249	-75.2133
5250	-75.0754
5251	-75.3932
5252	-75.4254
5253	-75.5412
5254	-75.1493
5255	-75.6688
5256	-75.4583
5257	-75.0079
5258	-75.0196
5259	-75.3849
5260	-75.2196
5261	-75.2489
5262	-75.5505
5263	-75.1719
5264	-75.4636
5265	-75.5537
5266	-75.3632
5267	-75.5059
5268	-75.3955
5269	-75.0787
5270	-74.7898
5271	-75.1216
5272	-75.0697
5273	-74.9181
5274	-75.4216
5275	-75.6515
5276	-75.5745
5277	-75.4912
5278	-75.285
5279	-75.0516
5280	-74.7336
5281	-75.004
5282	-75.2752
5283	-75.2825
5284	-75.415
5285	-75.5432
5286	-75.5146
5287	-75.3242
5288	-75.2254
5289	-75.2115
5290	-75.4048
5291	-75.0641
5292	-75.0634
5293	-75.3031
5294	-75.5265
5295	-75.422
5296	-75.3658
5297	-75.9392
5298	-75.6696
5299	-75.3887
5300	-75.3056
5301	-75.121
5302	-75.1352
5303	-75.2307
5304	-75.0247
5305	-75.4494
5306	-75.4516
5307	-75.341
5308	-75.452
5309	-75.0886
5310	-75.3795
5311	-75.6459
5312	-74.9208
5313	-74.9244
5314	-75.3052
5315	-75.6792
5316	-75.04
5317	-74.9823
5318	-75.1416
5319	-74.5932
5320	-74.9542
5321	-75.2183
5322	-75.2878
5323	-75.1558
5324	-74.8649
5325	-74.8224
5326	-75.2746
5327	-75.4414
5328	-75.2285
5329	-75.152
5330	-75.1942
5331	-75.2941
5332	-75.0588
5333	-75.2944
5334	-74.912
5335	-75.4036
5336	-75.3043
5337	-75.2256
5338	-75.5183
5339	-75.1475
5340	-75.159
5341	-75.2025
5342	-75.047
5343	-74.8342
5344	-75.2479
5345	-75.4821
5346	-75.0186
5347	-75.0293
5348	-75.0143
5349	-75.1241
5350	-75.5015
5351	-75.3577
5352	-75.457
5353	-75.2077
5354	-75.2855
5355	-75.3291
5356	-75.0131
5357	-75.0927
5358	-75.422
5359	-75.7035
5360	-75.6739
5361	-75.0021
5362	-75.0497
5363	-75.397
5364	-75.8596
5365	-75.7215
5366	-75.4953
5367	-75.0768
5368	-74.6422
5369	-75.1117
5370	-75.1849
5371	-75.3052
5372	-75.3103
5373	-75.1547
5374	-75.0671
5375	-75.3325
5376	-75.1353
5377	-74.9697
5378	-75.1639
5379	-75.1908
5380	-74.6515
5381	-75.1205
5382	-75.1588
5383	-75.2525
5384	-75.1421
5385	-75.2763
5386	-75.2358
5387	-75.0986
5388	-75.0764
5389	-75.2452
5390	-75.2295
5391	-75.3234
5392	-74.988
5393	-74.8346
5394	-75.4385
5395	-75.3855
5396	-75.0038
5397	-75.1941
5398	-75.37
5399	-75.1436
5400	-75.1837
5401	-75.0626
5402	-75.3993
5403	-75.5881
5404	-75.4641
5405	-75.4474
5406	-75.2201
5407	-75.5469
5408	-75.1755
5409	-75.1462
5410	-75.1252
5411	-75.1068
5412	-75.5098
5413	-75.438
5414	-75.1876
5415	-74.9028
5416	-75.1451
5417	-75.569
5418	-75.6089
5419	-75.2363
5420	-75.4337
5421	-75.4534
5422	-75.1346
5423	-75.3517
5424	-75.4918
5425	-74.9817
5426	-75.1981
5427	-74.8402
5428	-75.4465
5429	-75.3637
5430	-75.8062
5431	-75.5097
5432	-75.5085
5433	-75.3611
5434	-75.0851
5435	-75.0936
5436	-75.5315
5437	-75.225
5438	-75.4734
5439	-75.7089
5440	-75.3866
5441	-75.2302
5442	-74.9576
5443	-75.0507
5444	-74.9536
5445	-75.2329
5446	-75.1489
5447	-74.8332
5448	-75.1144
5449	-75.0159
5450	-74.9118
5451	-75.0784
5452	-75.0565
5453	-75.0898
5454	-75.4568
5455	-74.868
5456	-75.2924
5457	-75.8404
5458	-75.437
5459	-75.2899
5460	-74.8722
5461	-75.2113
5462	-75.1399
5463	-75.0272
5464	-75.3059
5465	-75.3969
5466	-75.4798
5467	-75.0262
5468	-74.9136
5469	-75.1494
5470	-75.0858
5471	-75.4919
5472	-75.0394
5473	-75.0184
5474	-75.2601
5475	-75.1249
5476	-75.1222
5477	-75.2636
5478	-75.3975
5479	-75.0401
5480	-75.0029
5481	-75.4012
5482	-75.4873
5483	-75.6956
5484	-75.1677
5485	-75.3399
5486	-75.2265
5487	-75.2457
5488	-75.0418
5489	-75.4116
5490	-75.3046
5491	-75.0777
5492	-74.8404
5493	-75.2939
5494	-75.4198
5495	-75.4412
5496	-75.3672
5497	-75.0119
5498	-75.3078
5499	-75.2876
5500	-75.3134
5501	-75.2718
5502	-75.2722
5503	-75.4117
5504	-75.5923
5505	-75.7565
5506	-75.0166
5507	-75.0063
5508	-75.0281
5509	-74.7819
5510	-75.361
5511	-75.7053
5512	-75.3346
5513	-75.0137
5514	-74.973
5515	-75.3659
5516	-75.6458
5517	-75.6176
5518	-74.9817
5519	-75.0842
5520	-74.9574
5521	-74.9699
5522	-75.3206
5523	-75.2873
5524	-75.4007
5525	-75.9197
5526	-75.941
5527	-75.3357
5528	-75.1296
5529	-75.3183
5530	-75.4381
5531	-75.2071
5532	-75.3855
5533	-75.1245
5534	-75.0913
5535	-75.1812
5536	-74.8811
5537	-75.1032
5538	-75.2347
5539	-75.2545
5540	-75.4302
5541	-75.4072
5542	-75.4326
5543	-75.388
5544	-75.0169
5545	-75.2102
5546	-75.6565
5547	-75.6264
5548	-75.1338
5549	-74.8484
5550	-75.0545
5551	-75.2945
5552	-75.3565
5553	-75.1728
5554	-75.3944
5555	-75.5394
5556	-75.5158
5557	-75.1288
5558	-75.2899
5559	-74.9661
5560	-74.8494
5561	-75.1435
5562	-74.6015
5563	-74.6588
5564	-74.8698
5565	-75.0918
5566	-75.3013
5567	-75.2154
5568	-75.2166
5569	-75.0772
5570	-75.03
5571	-75.196
5572	-75.0037
5573	-75.2705
5574	-75.4378
5575	-75.5464
5576	-74.8959
5577	-75.1688
5578	-75.5335
5579	-75.1486
5580	-74.9931
5581	-75.2591
5582	-75.7275
5583	-75.6015
5584	-75.3676
5585	-75.105
5586	-75.411
5587	-75.2217
5588	-74.7876
5589	-74.8875
5590	-74.9149
5591	-75.1923
5592	-75.3512
5593	-75.5507
5594	-75.238
5595	-75.2509
5596	-75.0908
5597	-74.8087
5598	-74.9224
5599	-74.8656
5600	-74.8983
5601	-75.1526
5602	-75.2609
5603	-75.1153
5604	-75.2015
5605	-75.2035
5606	-75.3345
5607	-75.4056
5608	-75.0239
5609	-75.4811
5610	-75.4565
5611	-75.3737
5612	-75.2571
5613	-74.7646
5614	-74.802
5615	-74.9519
5616	-75.4648
5617	-75.5489
5618	-75.0141
5619	-75.3432
5620	-74.8595
5621	-74.7852
5622	-74.9672
5623	-75.1189
5624	-75.1855
5625	-75.0377
5626	-75.1203
5627	-75.1405
5628	-75.3719
5629	-75.0543
5630	-75.0068
5631	-75.3467
5632	-75.2702
5633	-75.3738
5634	-75.4223
5635	-75.1616
5636	-75.0017
5637	-74.8689
5638	-75.1343
5639	-75.1341
5640	-75.5243
5641	-75.4178
5642	-75.0457
5643	-74.7787
5644	-74.9243
5645	-75.1653
5646	-75.351
5647	-74.939
5648	-75.134
5649	-75.2684
5650	-75.2037
5651	-75.2188
5652	-75.2151
5653	-75.1894
5654	-75.4478
5655	-75.1043
5656	-75.3756
5657	-75.34
5658	-75.2717
5659	-75.2543
5660	-75.0825
5661	-75.3714
5662	-75.0762
5663	-75.1002
5664	-75.5267
5665	-75.5416
5666	-75.0148
5667	-74.73
5668	-75.1223
5669	-75.0108
5670	-74.7744
5671	-74.9271
5672	-75.0212
5673	-75.3871
5674	-75.4824
5675	-75.7005
5676	-75.3187
5677	-75.1286
5678	-75.1825
5679	-75.2654
5680	-75.3213
5681	-75.017
5682	-75.1335
5683	-75.1583
5684	-75.0868
5685	-75.1015
5686	-75.6116
5687	-75.2594
5688	-75.0979
5689	-75.0272
5690	-74.9391
5691	-74.9786
5692	-75.1477
5693	-75.1331
5694	-75.2845
5695	-75.4475
5696	-75.1626
5697	-75.068
5698	-75.8315
5699	-75.2982
5700	-75.2983
5701	-75.2035
5702	-75.4137
5703	-75.1961
5704	-74.9786
5705	-75.5088
5706	-75.4312
5707	-75.6716
5708	-75.469
5709	-75.1781
5710	-75.2119
5711	-75.1096
5712	-75.4929
5713	-75.3127
5714	-75.3912
5715	-75.8311
5716	-75.4052
5717	-75.3869
5718	-75.3374
5719	-75.3587
5720	-75.3766
5721	-75.2384
5722	-75.1541
5723	-75.245
5724	-74.6829
5725	-74.9149
5726	-75.1616
5727	-75.4955
5728	-75.7641
5729	-75.1258
5730	-74.8135
5731	-74.7219
5732	-74.9439
5733	-75.0808
5734	-75.5854
5735	-75.2918
5736	-75.2154
5737	-75.3299
5738	-75.3628
5739	-75.2072
5740	-75.1811
5741	-75.0824
5742	-75.0913
5743	-74.8587
5744	-75.0199
5745	-75.0532
5746	-75.1825
5747	-75.2728
5748	-75.1896
5749	-75.5749
5750	-75.6746
5751	-76.0582
5752	-75.5095
5753	-75.5018
5754	-75.5836
5755	-75.7606
5756	-75.2447
5757	-75.261
5758	-75.2815
5759	-75.3501
5760	-75.1546
5761	-75.2372
5762	-75.1313
5763	-75.3698
5764	-75.3496
5765	-75.3886
5766	-75.3943
5767	-75.2468
5768	-75.2184
5769	-74.9604
5770	-75.0256
5771	-75.4026
5772	-75.5051
5773	-75.4049
5774	-75.4287
5775	-75.3255
5776	-75.5103
5777	-75.4821
5778	-75.2774
5779	-75.3185
5780	-75.4596
5781	-75.4092
5782	-75.4851
5783	-74.9786
5784	-75.3849
5785	-75.2283
5786	-75.3765
5787	-75.1579
5788	-74.9908
5789	-75.4066
5790	-75.2673
5791	-75.2551
5792	-75.0087
5793	-75.174
5794	-75.4784
5795	-75.6233
5796	-75.5427
5797	-75.3679
5798	-75.5302
5799	-75.3987
5800	-75.3978
5801	-75.2294
5802	-75.0006
5803	-75.3031
5804	-75.4143
5805	-75.5698
5806	-75.2914
5807	-75.4289
5808	-75.3306
5809	-75.0509
5810	-75.0392
5811	-75.3011
5812	-75.0914
5813	-75.3511
5814	-75.0943
5815	-75.0441
5816	-74.8195
5817	-74.9892
5818	-75.3879
5819	-75.378
5820	-75.0968
5821	-75.1516
5822	-75.3595
5823	-75.0384
5824	-75.2999
5825	-75.2883
5826	-75.1932
5827	-75.287
5828	-75.5735
5829	-75.5992
5830	-75.3367
5831	-75.2422
5832	-75.3048
5833	-75.5717
5834	-75.107
5835	-75.3232
5836	-75.3308
5837	-75.3133
5838	-75.6715
5839	-75.742
5840	-75.027
5841	-75.1015
5842	-76.0381
5843	-75.352
5844	-75.2282
5845	-75.0243
5846	-75.3382
5847	-75.1347
5848	-75.0558
5849	-75.2147
5850	-74.9909
5851	-75.2169
5852	-75.7413
5853	-75.3865
5854	-75.419
5855	-75.2068
5856	-75.0393
5857	-74.9652
5858	-75.0929
5859	-75.0953
5860	-75.3914
5861	-75.7089
5862	-74.7073
5863	-75.3244
5864	-75.727
5865	-75.4212
5866	-75.2371
5867	-75.3353
5868	-74.8359
5869	-75.1476
5870	-74.9914
5871	-75.0694
5872	-75.3201
5873	-75.3307
5874	-75.5388
5875	-75.5568
5876	-75.3349
5877	-75.1446
5878	-74.7904
5879	-74.9382
5880	-74.8958
5881	-75.1446
5882	-74.9079
5883	-75.2765
5884	-75.2623
5885	-75.0233
5886	-75.2575
5887	-75.5774
5888	-75.0334
5889	-74.9732
5890	-75.5376
5891	-75.1011
5892	-75.1351
5893	-75.3541
5894	-75.4419
5895	-75.1924
5896	-75.3891
5897	-75.2655
5898	-75.1348
5899	-75.3867
5900	-74.8283
5901	-74.7015
5902	-75.0808
5903	-75.2456
5904	-75.3142
5905	-75.1399
5906	-75.3832
5907	-75.6494
5908	-75.5273
5909	-75.6809
5910	-75.5197
5911	-75.0335
5912	-74.8862
5913	-74.8917
5914	-74.71
5915	-75.1877
5916	-75.349
5917	-75.4687
5918	-75.5023
5919	-75.1354
5920	-75.2092
5921	-75.4397
5922	-75.3928
5923	-75.5535
5924	-75.1066
5925	-75.1084
5926	-75.1486
5927	-75.2205
5928	-75.0777
5929	-74.6786
5930	-74.9878
5931	-75.362
5932	-75.2728
5933	-75.2459
5934	-75.5535
5935	-74.9638
5936	-75.0115
5937	-75.3324
5938	-75.3756
5939	-75.2805
5940	-75.2165
5941	-75.1334
5942	-75.0249
5943	-75.3712
5944	-75.5289
5945	-75.5888
5946	-75.7034
5947	-75.115
5948	-75.1484
5949	-75.2959
5950	-75.3258
5951	-75.6973
5952	-75.1531
5953	-75.0757
5954	-74.9659
5955	-75.1315
5956	-75.4444
5957	-75.5517
5958	-75.3698
5959	-75.226
5960	-75.6725
5961	-75.47
5962	-74.9588
5963	-74.9188
5964	-75.0457
5965	-75.3742
5966	-75.2266
5967	-75.2995
5968	-75.438
5969	-75.4794
5970	-74.8201
5971	-74.9696
5972	-74.8936
5973	-74.5935
5974	-75.4659
5975	-75.1625
5976	-74.7907
5977	-75.346
5978	-75.4887
5979	-75.3662
5980	-75.5915
5981	-75.4862
5982	-75.036
5983	-75.1109
5984	-75.0907
5985	-75.2246
5986	-74.8242
5987	-75.6658
5988	-75.4693
5989	-75.1213
5990	-75.0293
5991	-75.3822
5992	-75.5228
5993	-74.7321
5994	-74.9026
5995	-75.3004
5996	-75.2351
5997	-75.288
5998	-75.7043
5999	-75.2688
6000	-75.1056
6001	-75.3796
6002	-75.309
6003	-75.2083
6004	-75.3677
6005	-75.5185
6006	-74.7479
6007	-74.9093
6008	-75.2361
6009	-74.9721
6010	-75.0178
6011	-74.8573
6012	-74.7944
6013	-75.2245
6014	-75.2938
6015	-75.1395
6016	-75.1919
6017	-75.3228
6018	-75.7052
6019	-75.4958
6020	-75.2296
6021	-75.2628
6022	-75.3816
6023	-75.043
6024	-75.1238
6025	-75.2875
6026	-74.9305
6027	-74.9455
6028	-75.1778
6029	-75.5551
6030	-75.0575
6031	-74.7961
6032	-75.1755
6033	-75.323
6034	-75.2709
6035	-75.312
6036	-75.4343
6037	-75.3956
6038	-75.2303
6039	-75.2348
6040	-75.0051
6041	-75.4452
6042	-75.0864
6043	-75.424
6044	-75.1935
6045	-75.2179
6046	-75.367
6047	-75.382
6048	-75.5638
6049	-75.0121
6050	-75.3478
6051	-75.3912
6052	-75.0202
6053	-75.3371
6054	-75.5844
6055	-75.3948
6056	-75.3235
6057	-75.3065
6058	-75.3813
6059	-74.8994
6060	-75.1907
6061	-75.2883
6062	-74.8094
6063	-75.1736
6064	-75.2766
6065	-74.9761
6066	-75.5873
6067	-75.5055
6068	-75.1903
6069	-75.4647
6070	-75.3728
6071	-75.5806
6072	-75.6276
6073	-75.3322
6074	-75.2052
6075	-74.9844
6076	-75.1852
6077	-75.603
6078	-75.6287
6079	-75.3391
6080	-75.406
6081	-74.9961
6082	-75.1095
6083	-75.1314
6084	-74.8351
6085	-75.0048
6086	-74.6147
6087	-75.2003
6088	-75.0598
6089	-75.3645
6090	-75.337
6091	-75.711
6092	-75.5944
6093	-75.2245
6094	-75.2915
6095	-75.2165
6096	-75.0614
6097	-74.9475
6098	-74.8372
6099	-75.1715
6100	-75.5751
6101	-75.5874
6102	-75.1162
6103	-75.1499
6104	-75.2894
6105	-75.4174
6106	-75.5116
6107	-75.6695
6108	-75.5183
6109	-75.7558
6110	-75.7432
6111	-75.0222
6112	-74.8694
6113	-74.9992
6114	-75.1537
6115	-75.3828
6116	-75.095
6117	-74.7616
6118	-75.0034
6119	-75.3133
6120	-75.2315
6121	-75.2373
6122	-75.7354
6123	-75.4477
6124	-75.3166
6125	-74.9867
6126	-75.226
6127	-75.6016
6128	-75.8598
6129	-76.0498
6130	-75.559
6131	-75.0372
6132	-75.0827
6133	-75.1615
6134	-74.8316
6135	-75.1234
6136	-75.365
6137	-75.4978
6138	-75.383
6139	-75.4688
6140	-75.4686
6141	-75.8553
6142	-75.4568
6143	-75.0875
6144	-75.1886
6145	-75.3642
6146	-75.2077
6147	-75.1989
6148	-75.2491
6149	-75.1184
6150	-74.9961
6151	-75.3134
6152	-75.5345
6153	-75.2138
6154	-75.0725
6155	-75.2761
6156	-75.1754
6157	-74.9205
6158	-74.9554
6159	-75.0554
6160	-75.199
6161	-75.5017
6162	-75.3338
6163	-75.2093
6164	-75.2409
6165	-75.678
6166	-75.6526
6167	-75.3352
6168	-75.7198
6169	-75.0733
6170	-75.0961
6171	-75.1677
6172	-74.9915
6173	-74.9037
6174	-74.7694
6175	-74.781
6176	-75.0677
6177	-74.9627
6178	-74.5565
6179	-74.9462
6180	-75.1899
6181	-75.205
6182	-75.4533
6183	-75.3099
6184	-75.0404
6185	-75.2424
6186	-75.4291
6187	-75.5293
6188	-75.5558
6189	-75.7828
6190	-75.7917
6191	-75.4324
6192	-75.113
6193	-75.143
6194	-75.0315
6195	-75.0439
6196	-75.1598
6197	-75.384
6198	-75.3138
6199	-75.1497
6200	-75.415
6201	-74.7643
6202	-75.4451
6203	-75.5989
6204	-75.2167
6205	-75.1784
6206	-75.6917
6207	-75.2683
6208	-75.1903
6209	-75.6859
6210	-75.1323
6211	-74.8675
6212	-74.8042
6213	-75.0797
6214	-74.9623
6215	-75.0637
6216	-75.2336
6217	-75.7446
6218	-75.551
6219	-74.9444
6220	-75.4269
6221	-75.3468
6222	-75.2173
6223	-75.2887
6224	-75.3234
6225	-75.184
6226	-75.4348
6227	-75.5076
6228	-75.0984
6229	-74.8268
6230	-74.9297
6231	-75.1513
6232	-75.4513
6233	-75.1203
6234	-74.7834
6235	-74.94
6236	-75.2827
6237	-75.4801
6238	-75.3298
6239	-75.3488
6240	-75.2419
6241	-75.6903
6242	-75.7105
6243	-74.938
6244	-74.9019
6245	-75.1768
6246	-75.1943
6247	-75.1914
6248	-75.0902
6249	-74.8275
6250	-75.0244
6251	-75.5883
6252	-75.5009
6253	-75.4004
6254	-75.2156
6255	-75.0189
6256	-75.296
6257	-75.7035
6258	-75.3442
6259	-75.2113
6260	-75.6273
6261	-75.3102
6262	-75.5031
6263	-75.3484
6264	-75.1979
6265	-74.8745
6266	-74.9404
6267	-75.3335
6268	-75.5677
6269	-75.4547
6270	-75.5967
6271	-75.7027
6272	-75.4033
6273	-75.1189
6274	-74.9869
6275	-75.1628
6276	-75.0081
6277	-75.1415
6278	-75.2123
6279	-75.1029
6280	-74.8504
6281	-75.1696
6282	-75.4006
6283	-75.806
6284	-75.6167
6285	-75.3749
6286	-74.9627
6287	-74.7209
6288	-74.8832
6289	-74.6015
6290	-74.5597
6291	-75.0168
6292	-75.1107
6293	-75.221
6294	-75.1202
6295	-75.2001
6296	-75.0654
6297	-75.4941
6298	-75.4368
6299	-75.3978
6300	-75.5104
6301	-75.5563
6302	-75.2932
6303	-75.2734
6304	-75.7708
6305	-75.4981
6306	-75.1515
6307	-75.3591
6308	-75.427
6309	-75.5546
6310	-75.4683
6311	-75.3219
6312	-75.5826
6313	-75.7973
6314	-75.5732
6315	-75.5639
6316	-75.1737
6317	-75.5929
6318	-75.2252
6319	-75.3164
6320	-75.1389
6321	-75.0019
6322	-75.0736
6323	-74.9953
6324	-75.1717
6325	-75.7609
6326	-75.2981
6327	-75.3454
6328	-75.0042
6329	-75.1301
6330	-75.0861
6331	-75.0732
6332	-75.221
6333	-75.0611
6334	-75.0965
6335	-75.1356
6336	-75.2838
6337	-75.2685
6338	-75.3474
6339	-74.9598
6340	-75.1925
6341	-75.2917
6342	-74.9174
6343	-75.3242
6344	-75.2222
6345	-75.4634
6346	-75.2
6347	-75.1039
6348	-75.2267
6349	-75.381
6350	-75.1913
6351	-75.3354
6352	-75.657
6353	-74.9025
6354	-75.3323
6355	-75.3886
6356	-75.0571
6357	-75.28
6358	-74.9134
6359	-75.1568
6360	-75.2251
6361	-75.5164
6362	-75.1003
6363	-75.2294
6364	-75.2556
6365	-75.4373
6366	-75.6727
6367	-75.4944
6368	-75.4923
6369	-75.5454
6370	-75.2197
6371	-75.4734
6372	-75.4392
6373	-75.5626
6374	-75.4214
6375	-75.3834
6376	-75.1957
6377	-75.0284
6378	-74.9338
6379	-75.4202
6380	-75.5659
6381	-75.4682
6382	-75.6736
6383	-75.5141
6384	-75.3311
6385	-75.255
6386	-75.2151
6387	-75.2516
6388	-75.3018
6389	-75.3305
6390	-74.9977
6391	-75.4372
6392	-75.8639
6393	-75.9196
6394	-75.5228
6395	-75.0549
6396	-75.1927
6397	-75.2636
6398	-75.1852
6399	-75.0356
6400	-75.3254
6401	-75.2589
6402	-75.3251
6403	-75.2592
6404	-74.9887
6405	-75.1432
6406	-75.5606
6407	-75.0197
6408	-75.0631
6409	-75.1928
6410	-74.8382
6411	-74.7419
6412	-75.3065
6413	-75.0594
6414	-75.1688
6415	-75.2153
6416	-74.8036
6417	-75.0912
6418	-75.1971
6419	-75.4937
6420	-75.0214
6421	-75.2854
6422	-75.212
6423	-75.2895
6424	-75.2807
6425	-75.4359
6426	-75.495
6427	-75.3189
6428	-75.1806
6429	-75.0012
6430	-75.4861
6431	-75.5912
6432	-75.73
6433	-75.0529
6434	-75.1574
6435	-75.1489
6436	-75.2996
6437	-75.1752
6438	-75.3167
6439	-75.2571
6440	-75.1742
6441	-75.1713
6442	-75.0736
6443	-75.1823
6444	-75.5315
6445	-75.0791
6446	-75.0645
6447	-75.2473
6448	-75.4294
6449	-75.7093
6450	-75.0205
6451	-75.1592
6452	-75.1178
6453	-75.1523
6454	-75.229
6455	-75.8174
6456	-75.2941
6457	-75.0239
6458	-75.4068
6459	-75.654
6460	-75.3372
6461	-75.0257
6462	-75.1346
6463	-75.6164
6464	-75.345
6465	-75.04
6466	-75.4435
6467	-75.5429
6468	-75.7648
6469	-75.0834
6470	-74.9842
6471	-74.7722
6472	-75.1957
6473	-75.1178
6474	-75.0884
6475	-75.144
6476	-75.5171
6477	-75.0838
6478	-75.4537
6479	-75.2997
6480	-75.3145
6481	-74.9308
6482	-74.7523
6483	-74.9498
6484	-74.9542
6485	-75.1869
6486	-75.1069
6487	-75.0134
6488	-75.0419
6489	-75.3948
6490	-75.2856
6491	-75.0849
6492	-75.0463
6493	-75.0258
6494	-74.9809
6495	-75.1597
6496	-75.0496
6497	-75.1849
6498	-75.3272
6499	-75.0889
6500	-74.9807
6501	-75.0282
6502	-75.3144
6503	-75.1616
6504	-75.3331
6505	-75.2251
6506	-75.0185
6507	-74.9768
6508	-75.1169
6509	-75.2365
6510	-75.3917
6511	-75.7812
6512	-75.8378
6513	-75.2734
6514	-74.935
6515	-75.2998
6516	-75.0431
6517	-75.1228
6518	-74.8631
6519	-75.0426
6520	-75.3029
6521	-75.4031
6522	-75.7434
6523	-75.62
6524	-75.6598
6525	-75.3266
6526	-75.3614
6527	-74.9878
6528	-75.2958
6529	-75.5939
6530	-75.2987
6531	-75.0535
6532	-75.5795
6533	-75.4219
6534	-75.3713
6535	-75.275
6536	-75.4626
6537	-75.2519
6538	-75.6171
6539	-75.0846
6540	-74.5391
6541	-75.1339
6542	-75.2964
6543	-75.1721
6544	-75.2474
6545	-75.4514
6546	-75.1831
6547	-75.3434
6548	-75.1804
6549	-74.7696
6550	-74.5423
6551	-75.1946
6552	-75.4141
6553	-75.445
6554	-75.3098
6555	-75.2763
6556	-75.096
6557	-75.397
6558	-75.6165
6559	-75.6696
6560	-75.2812
6561	-75.466
6562	-75.0343
6563	-75.2628
6564	-75.0529
6565	-74.9396
6566	-75.2755
6567	-75.3998
6568	-75.3641
6569	-75.5535
6570	-75.0952
6571	-75.3223
6572	-75.4103
6573	-75.5056
6574	-75.6193
6575	-75.3445
6576	-75.4384
6577	-75.1812
6578	-75.1474
6579	-75.05
6580	-75.0306
6581	-74.9836
6582	-75.4152
6583	-75.0672
6584	-75.3247
6585	-75.5535
6586	-75.5118
6587	-75.2566
6588	-75.4563
6589	-75.53
6590	-75.3967
6591	-75.4962
6592	-75.6918
6593	-75.6391
6594	-75.0748
6595	-75.1889
6596	-75.5531
6597	-75.4316
6598	-75.1899
6599	-74.6879
6600	-74.8538
6601	-75.441
6602	-75.515
6603	-75.4614
6604	-75.4438
6605	-75.2034
6606	-75.0849
6607	-75.189
6608	-75.0217
6609	-75.2967
6610	-75.5428
6611	-75.5533
6612	-75.4673
6613	-75.2892
6614	-75.1694
6615	-75.0071
6616	-75.0655
6617	-75.2187
6618	-74.9305
6619	-74.8651
6620	-74.8776
6621	-75.0929
6622	-75.219
6623	-75.0655
6624	-75.1193
6625	-75.3481
6626	-75.4504
6627	-75.2619
6628	-75.5391
6629	-75.7228
6630	-75.3521
6631	-75.2824
6632	-75.2873
6633	-75.091
6634	-75.0971
6635	-75.1746
6636	-75.3341
6637	-75.3677
6638	-75.3039
6639	-75.1734
6640	-75.283
6641	-75.3946
6642	-75.5879
6643	-75.4572
6644	-75.0147
6645	-74.7763
6646	-75.1189
6647	-75.2368
6648	-74.9149
6649	-75.0154
6650	-75.1929
6651	-75.2814
6652	-75.3223
6653	-74.9353
6654	-74.8059
6655	-75.3809
6656	-75.2733
6657	-75.0807
6658	-75.3424
6659	-75.261
6660	-75.2959
6661	-75.4238
6662	-75.3383
6663	-75.0589
6664	-75.0664
6665	-75.0457
6666	-75.2492
6667	-75.013
6668	-74.7793
6669	-74.6438
6670	-74.9103
6671	-75.4324
6672	-75.1095
6673	-75.0416
6674	-75.6202
6675	-75.3581
6676	-74.9015
6677	-74.7905
6678	-75.0576
6679	-75.5992
6680	-75.7628
6681	-75.5622
6682	-75.491
6683	-75.294
6684	-75.3048
6685	-75.0235
6686	-75.02
6687	-75.477
6688	-75.56
6689	-75.0789
6690	-75.2312
6691	-75.4453
6692	-75.5366
6693	-75.5765
6694	-75.5953
6695	-75.7243
6696	-75.63
6697	-75.4182
6698	-75.4888
6699	-75.6571
6700	-75.3277
6701	-75.0405
6702	-75.1508
6703	-75.4083
6704	-75.4128
6705	-75.562
6706	-75.2323
6707	-75.0045
6708	-75.023
6709	-75.3504
6710	-75.5843
6711	-75.2508
6712	-75.1706
6713	-74.9809
6714	-75.1224
6715	-75.3839
6716	-75.5501
6717	-75.2023
6718	-75.443
6719	-75.3476
6720	-75.2683
6721	-75.3539
6722	-75.5202
6723	-75.3189
6724	-75.3005
6725	-75.1318
6726	-75.0266
6727	-75.1844
6728	-75.3432
6729	-75.1879
6730	-75.4613
6731	-75.1387
6732	-75.1656
6733	-75.1359
6734	-75.1272
6735	-75.1138
6736	-75.4814
6737	-76.0664
6738	-76.075
6739	-75.4222
6740	-75.1702
6741	-75.056
6742	-75.3586
6743	-75.265
6744	-75.1131
6745	-75.0575
6746	-75.0035
6747	-74.7896
6748	-75.1678
6749	-75.626
6750	-75.2928
6751	-74.84
6752	-75.4075
6753	-75.4807
6754	-75.6497
6755	-75.7318
6756	-75.2488
6757	-75.0203
6758	-75.2996
6759	-75.4732
6760	-74.9785
6761	-75.0818
6762	-75.5829
6763	-75.5818
6764	-75.5445
6765	-75.4326
6766	-75.5108
6767	-75.105
6768	-75.2647
6769	-75.8752
6770	-75.2833
6771	-75.0579
6772	-74.7244
6773	-75.0823
6774	-75.5409
6775	-75.6727
6776	-75.561
6777	-75.5759
6778	-75.8847
6779	-75.4784
6780	-75.3608
6781	-75.5452
6782	-75.6673
6783	-75.8045
6784	-75.0911
6785	-75.1778
6786	-75.1699
6787	-75.16
6788	-75.9188
6789	-75.5496
6790	-75.2061
6791	-75.2685
6792	-75.3987
6793	-75.4366
6794	-75.4473
6795	-75.3032
6796	-74.9413
6797	-75.1551
6798	-75.3802
6799	-75.2762
6800	-75.0383
6801	-75.1902
6802	-75.3029
6803	-75.3497
6804	-74.9141
6805	-74.5797
6806	-75.0143
6807	-75.0665
6808	-74.8807
6809	-75.1297
6810	-75.3512
6811	-75.4187
6812	-75.2877
6813	-75.1855
6814	-75.1156
6815	-75.065
6816	-74.9874
6817	-75.3309
6818	-75.5104
6819	-75.3342
6820	-75.3514
6821	-75.1643
6822	-75.5394
6823	-75.47
6824	-74.8196
6825	-75.0198
6826	-75.429
6827	-75.5815
6828	-75.2838
6829	-75.3016
6830	-74.7123
6831	-74.8865
6832	-75.0946
6833	-75.0221
6834	-75.1019
6835	-75.1448
6836	-75.1092
6837	-75.4486
6838	-75.1039
6839	-75.084
6840	-75.4764
6841	-75.2224
6842	-75.3663
6843	-75.3934
6844	-75.565
6845	-75.6431
6846	-75.5185
6847	-75.4431
6848	-75.5912
6849	-75.2504
6850	-75.1064
6851	-75.0474
6852	-75.1987
6853	-75.1374
6854	-75.027
6855	-75.3795
6856	-75.5733
6857	-75.0523
6858	-75.0664
6859	-75.2348
6860	-75.0359
6861	-75.3054
6862	-75.4109
6863	-75.3684
6864	-75.1973
6865	-75.5289
6866	-75.2857
6867	-74.6782
6868	-74.7553
6869	-75.4526
6870	-75.2176
6871	-75.2113
6872	-74.7834
6873	-74.7833
6874	-75.2163
6875	-75.4725
6876	-75.0767
6877	-75.1387
6878	-75.3827
6879	-75.2443
6880	-75.4928
6881	-75.0383
6882	-75.2973
6883	-75.2429
6884	-75.5196
6885	-75.7853
6886	-75.1442
6887	-75.5493
6888	-75.5878
6889	-75.6489
6890	-75.5972
6891	-75.2599
6892	-75.3653
6893	-75.7085
6894	-75.4401
6895	-75.256
6896	-75.3939
6897	-75.3807
6898	-75.4697
6899	-75.4447
6900	-74.8855
6901	-75.0136
6902	-75.3205
6903	-75.1316
6904	-75.1005
6905	-75.2031
6906	-75.3262
6907	-75.0142
6908	-75.0389
6909	-75.5161
6910	-75.2121
6911	-75.3602
6912	-75.8222
6913	-75.5623
6914	-75.3868
6915	-75.3312
6916	-75.4149
6917	-75.2881
6918	-74.8947
6919	-75.0628
6920	-74.9433
6921	-75.3145
6922	-75.4167
6923	-75.0322
6924	-75.3951
6925	-75.7427
6926	-75.4174
6927	-75.0573
6928	-75.3492
6929	-75.1435
6930	-75.4069
6931	-75.6847
6932	-75.399
6933	-75.1869
6934	-75.1752
6935	-75.1681
6936	-75.1164
6937	-75.1728
6938	-75.4701
6939	-75.517
6940	-75.2822
6941	-75.0058
6942	-74.6781
6943	-75.1635
6944	-75.1433
6945	-75.1508
6946	-75.3136
6947	-75.0373
6948	-75.0337
6949	-74.89
6950	-74.9548
6951	-75.3788
6952	-75.2492
6953	-75.2266
6954	-75.4155
6955	-75.7553
6956	-75.7636
6957	-75.5093
6958	-75.0744
6959	-74.9778
6960	-75.259
6961	-75.5017
6962	-75.6007
6963	-75.3143
6964	-75.2552
6965	-75.382
6966	-74.9944
6967	-75.402
6968	-75.4856
6969	-75.5075
6970	-75.5125
6971	-75.5883
6972	-75.3587
6973	-75.0005
6974	-75.0859
6975	-75.7189
6976	-75.7052
6977	-75.3783
6978	-75.3821
6979	-75.3683
6980	-75.2496
6981	-75.5975
6982	-75.7581
6983	-75.3573
6984	-75.3466
6985	-75.1784
6986	-75.1343
6987	-74.9104
6988	-75.2071
6989	-75.4984
6990	-75.4907
6991	-75.2682
6992	-75.2993
6993	-75.3262
6994	-75.4137
6995	-75.2534
6996	-75.0284
6997	-75.5053
6998	-75.214
6999	-75.1925
7000	-75.2064
7001	-75.3031
7002	-75.4134
7003	-75.0229
7004	-75.378
7005	-75.7563
7006	-75.233
7007	-75.2474
7008	-75.0961
7009	-74.8693
7010	-74.6241
7011	-75.0242
7012	-75.4601
7013	-75.2649
7014	-75.2356
7015	-75.3464
7016	-75.2449
7017	-75.3508
7018	-74.8554
7019	-75.0196
7020	-75.323
7021	-75.518
7022	-75.7019
7023	-75.5951
7024	-75.8301
7025	-75.7444
7026	-75.4681
7027	-75.2848
7028	-75.7485
7029	-75.6741
7030	-75.3755
7031	-75.1196
7032	-75.2029
7033	-75.172
7034	-75.1048
7035	-75.4161
7036	-75.1529
7037	-74.8791
7038	-75.2576
7039	-75.3395
7040	-75.2739
7041	-75.4317
7042	-75.0454
7043	-75.2939
7044	-75.7171
7045	-75.2532
7046	-75.062
7047	-75.2128
7048	-75.6058
7049	-75.3407
7050	-75.6259
7051	-75.3971
7052	-75.3612
7053	-75.4708
7054	-75.4012
7055	-75.3085
7056	-75.2406
7057	-75.9521
7058	-75.555
7059	-75.1264
7060	-75.0129
7061	-75.3852
7062	-75.3645
7063	-75.7039
7064	-75.2423
7065	-75.3576
7066	-75.0954
7067	-75.3064
7068	-75.5736
7069	-75.178
7070	-75.014
7071	-75.328
7072	-75.3546
7073	-75.2675
7074	-75.5183
7075	-75.7822
7076	-75.4295
7077	-75.533
7078	-75.0942
7079	-75.5121
7080	-75.2293
7081	-75.1351
7082	-75.0054
7083	-74.9152
7084	-75.2534
7085	-75.2418
7086	-74.886
7087	-75.0098
7088	-74.906
7089	-75.1136
7090	-75.3084
7091	-75.1818
7092	-75.0914
7093	-75.2398
7094	-75.2892
7095	-74.7461
7096	-74.771
7097	-74.9029
7098	-75.2296
7099	-75.6551
7100	-75.8419
7101	-75.4297
7102	-75.4812
7103	-75.5572
7104	-75.4079
7105	-75.358
7106	-75.3444
7107	-75.5931
7108	-75.4886
7109	-75.786
7110	-75.4801
7111	-75.1338
7112	-75.3749
7113	-75.7629
7114	-75.4394
7115	-75.7085
7116	-75.48
7117	-75.1238
7118	-74.882
7119	-75.0645
7120	-75.6154
7121	-75.2504
7122	-75.0979
7123	-75.4225
7124	-75.3384
7125	-74.9645
7126	-75.6305
7127	-75.5924
7128	-75.2365
7129	-75.2933
7130	-75.5283
7131	-75.3861
7132	-75.1904
7133	-75.1848
7134	-75.2499
7135	-75.64
7136	-75.4486
7137	-75.2261
7138	-75.7595
7139	-75.7559
7140	-75.2372
7141	-75.0686
7142	-75.0673
7143	-75.3779
7144	-75.2553
7145	-75.3999
7146	-75.7812
7147	-75.4077
7148	-75.6243
7149	-75.6286
7150	-75.214
7151	-75.094
7152	-75.4939
7153	-75.1195
7154	-74.8834
7155	-75.1206
7156	-75.1184
7157	-75.4768
7158	-75.0228
7159	-75.4581
7160	-75.361
7161	-75.6581
7162	-75.446
7163	-75.3162
7164	-75.1977
7165	-75.2371
7166	-75.2713
7167	-75.1465
7168	-75.4476
7169	-75.2347
7170	-75.3388
7171	-75.5705
7172	-75.2729
7173	-75.1187
7174	-75.0048
7175	-75.4563
7176	-75.1378
7177	-75.2434
7178	-75.3371
7179	-75.7571
7180	-75.3392
7181	-75.3858
7182	-75.5951
7183	-75.1477
7184	-75.2158
7185	-75.0842
7186	-75.1241
7187	-75.1076
7188	-74.8831
7189	-75.057
7190	-75.3236
7191	-75.0585
7192	-75.3819
7193	-75.1644
7194	-75.5891
7195	-75.4972
7196	-75.5992
7197	-75.4811
7198	-74.9346
7199	-75.1916
7200	-74.8826
7201	-75.0665
7202	-75.1912
7203	-75.3691
7204	-75.3434
7205	-75.0979
7206	-74.6773
7207	-75.4003
7208	-75.5401
7209	-75.5887
7210	-75.3649
7211	-75.4661
7212	-75.5214
7213	-75.5401
7214	-75.5448
7215	-75.5102
7216	-75.3909
7217	-75.2558
7218	-75.1566
7219	-75.3091
7220	-75.1367
7221	-75.0199
7222	-75.0429
7223	-75.325
7224	-75.3788
7225	-75.7186
7226	-75.4045
7227	-75.373
7228	-75.5862
7229	-75.556
7230	-75.0859
7231	-75.4532
7232	-75.8089
7233	-75.8135
7234	-75.7699
7235	-75.8064
7236	-75.7698
7237	-75.2064
7238	-74.8913
7239	-75.5475
7240	-75.9028
7241	-75.19
7242	-75.4527
7243	-74.9785
7244	-75.106
7245	-75.1993
7246	-75.5235
7247	-75.3092
7248	-75.2691
7249	-75.6171
7250	-75.574
7251	-75.1368
7252	-75.1806
7253	-75.6605
7254	-75.6355
7255	-75.4321
7256	-75.6206
7257	-74.9787
7258	-75.4064
7259	-75.0265
7260	-75.1775
7261	-75.6489
7262	-75.4637
7263	-75.2238
7264	-75.1629
7265	-75.1261
7266	-75.374
7267	-75.4116
7268	-75.4885
7269	-75.6363
7270	-75.4717
7271	-75.7615
7272	-74.9813
7273	-74.6322
7274	-75.1534
7275	-75.1987
7276	-75.2078
7277	-75.4784
7278	-75.4919
7279	-75.1624
7280	-75.2928
7281	-75.3535
7282	-75.9243
7283	-76.103
7284	-75.7043
7285	-75.6328
7286	-75.228
7287	-75.3257
7288	-74.9645
7289	-75.1973
7290	-75.1993
7291	-75.1405
7292	-75.3618
7293	-75.761
7294	-75.1032
7295	-75.2007
7296	-75.0488
7297	-75.1548
7298	-75.432
7299	-76.026
7300	-75.4145
7301	-75.2336
7302	-75.5317
7303	-75.5278
7304	-75.2552
7305	-75.4299
7306	-75.3438
7307	-75.4379
7308	-75.4551
7309	-75.1881
7310	-75.2846
7311	-75.4829
7312	-75.5953
7313	-75.3848
7314	-75.1191
7315	-75.1262
7316	-75.2301
7317	-75.6973
7318	-75.7049
7319	-75.2489
7320	-75.287
7321	-75.7412
7322	-75.2639
7323	-75.0682
7324	-75.0048
7325	-74.714
7326	-74.9157
7327	-75.1263
7328	-75.4558
7329	-75.4788
7330	-75.5865
7331	-75.3868
7332	-75.4038
7333	-75.5907
7334	-75.5867
7335	-75.2281
7336	-75.1696
7337	-75.2182
7338	-74.9925
7339	-75.1585
7340	-75.508
7341	-75.3301
7342	-74.9109
7343	-74.9207
7344	-75.1751
7345	-75.5063
7346	-75.3569
7347	-75.2941
7348	-75.3312
7349	-74.9515
7350	-75.6289
7351	-75.463
7352	-75.2554
7353	-75.3717
7354	-75.5709
7355	-75.8682
7356	-75.6464
7357	-75.6207
7358	-75.6297
7359	-75.7475
7360	-75.7676
7361	-75.5118
7362	-75.1702
7363	-75.559
7364	-75.6934
7365	-75.4813
7366	-75.8109
7367	-75.155
7368	-75.5694
7369	-75.3274
7370	-75.1624
7371	-75.6606
7372	-75.3431
7373	-75.3191
7374	-74.9139
7375	-75.217
7376	-75.3224
7377	-75.2476
7378	-74.9676
7379	-75.1634
7380	-75.5107
7381	-75.2636
7382	-75.0505
7383	-75.0508
7384	-75.0841
7385	-75.2488
7386	-75.9689
7387	-75.1292
7388	-75.0985
7389	-75.0884
7390	-74.929
7391	-75.2305
7392	-75.5326
7393	-75.5626
7394	-74.9733
7395	-75.02
7396	-75.2641
7397	-75.2444
7398	-75.1712
7399	-75.1637
7400	-75.3905
7401	-74.9139
7402	-75.2211
7403	-75.2407
7404	-75.1673
7405	-75.4462
7406	-75.2982
7407	-75.4698
7408	-75.0295
7409	-75.467
7410	-75.4091
7411	-75.3338
7412	-74.8726
7413	-74.9781
7414	-75.3414
7415	-75.4426
7416	-75.4898
7417	-75.7722
7418	-75.2444
7419	-75.3659
7420	-75.5528
7421	-75.5196
7422	-75.212
7423	-75.4853
7424	-75.4658
7425	-75.2536
7426	-75.5269
7427	-75.2513
7428	-75.2586
7429	-75.6486
7430	-75.2771
7431	-75.0072
7432	-74.9658
7433	-75.061
7434	-75.3172
7435	-75.4166
7436	-75.2028
7437	-75.198
7438	-75.2007
7439	-75.2459
7440	-75.6856
7441	-75.0393
7442	-74.7874
7443	-75.5382
7444	-75.3598
7445	-75.4644
7446	-75.6596
7447	-75.3737
7448	-75.1144
7449	-74.8547
7450	-75.2324
7451	-75.559
7452	-75.4328
7453	-75.2527
7454	-75.0815
7455	-75.2049
7456	-75.4675
7457	-74.9324
7458	-75.2556
7459	-75.0138
7460	-75.0292
7461	-75.0717
7462	-75.297
7463	-75.2963
7464	-75.0632
7465	-74.8437
7466	-75.6554
7467	-75.2613
7468	-75.0494
7469	-75.1825
7470	-75.1308
7471	-75.0872
7472	-75.4485
7473	-75.1477
7474	-74.9882
7475	-75.2302
7476	-75.4694
7477	-75.3304
7478	-75.3276
7479	-75.5043
7480	-75.4497
7481	-75.8346
7482	-75.3653
7483	-75.1256
7484	-74.8633
7485	-75.0004
7486	-75.2616
7487	-75.0729
7488	-75.3775
7489	-75.5985
7490	-75.3626
7491	-75.5874
7492	-75.3948
7493	-75.1147
7494	-75.3376
7495	-75.3292
7496	-75.3538
7497	-75.2122
7498	-75.6914
7499	-75.4616
7500	-75.1689
7501	-74.9953
7502	-75.2273
7503	-75.4839
7504	-75.6221
7505	-75.6447
7506	-75.8148
7507	-76.1472
7508	-75.4611
7509	-75.3962
7510	-75.5781
7511	-75.7067
7512	-75.7782
7513	-75.3181
7514	-75.3463
7515	-75.4215
7516	-75.2234
7517	-75.3173
7518	-75.808
7519	-75.8295
7520	-76.1144
7521	-75.603
7522	-75.6271
7523	-75.7191
7524	-75.4769
7525	-75.4915
7526	-75.3648
7527	-75.5276
7528	-75.2767
7529	-75.5375
7530	-75.4659
7531	-75.1024
7532	-75.2807
7533	-75.1645
7534	-74.8989
7535	-75.2598
7536	-75.6259
7537	-75.6091
7538	-75.4645
7539	-75.0867
7540	-75.2403
7541	-75.1742
7542	-75.1574
7543	-74.9851
7544	-75.4666
7545	-75.5267
7546	-75.5396
7547	-75.2873
7548	-75.1589
7549	-75.2849
7550	-75.0808
7551	-75.5901
7552	-75.6424
7553	-75.6255
7554	-75.0728
7555	-75.1808
7556	-75.355
7557	-75.578
7558	-75.7214
7559	-75.2732
7560	-75.4637
7561	-75.5053
7562	-75.5014
7563	-75.2734
7564	-75.4968
7565	-75.8538
7566	-75.8448
7567	-75.6231
7568	-75.2604
7569	-74.9834
7570	-75.4695
7571	-75.3754
7572	-75.1928
7573	-74.9778
7574	-75.3589
7575	-75.5905
7576	-75.3847
7577	-75.653
7578	-75.7979
7579	-75.8702
7580	-75.4301
7581	-75.4508
7582	-75.1698
7583	-75.0272
7584	-75.3559
7585	-75.1075
7586	-75.1174
7587	-75.5456
7588	-75.8838
7589	-75.3456
7590	-75.6211
7591	-75.7216
7592	-75.036
7593	-75.0982
7594	-75.366
7595	-75.0739
7596	-75.2545
7597	-74.8541
7598	-75.2627
7599	-75.5837
7600	-75.4572
7601	-75.3138
7602	-75.6038
7603	-75.3686
7604	-75.4066
7605	-75.4533
7606	-74.9888
7607	-75.1389
7608	-75.2431
7609	-75.0869
7610	-75.5462
7611	-75.4092
7612	-75.1539
7613	-75.365
7614	-75.341
7615	-75.6673
7616	-75.5478
7617	-75.235
7618	-75.3114
7619	-75.9498
7620	-75.3595
7621	-75.3557
7622	-75.2472
7623	-75.0007
7624	-75.1238
7625	-75.2469
7626	-75.8289
7627	-75.5374
7628	-75.3238
7629	-75.2437
7630	-75.4571
7631	-75.4274
7632	-75.3084
7633	-75.4182
7634	-75.5444
7635	-75.5424
7636	-75.8841
7637	-75.2842
7638	-75.7753
7639	-76.0295
7640	-75.7011
7641	-75.6443
7642	-75.1507
7643	-75.2491
7644	-75.2788
7645	-75.3274
7646	-74.9652
7647	-75.5137
7648	-75.3377
7649	-75.7956
7650	-75.7743
7651	-75.7169
7652	-75.3577
7653	-75.1856
7654	-74.8348
7655	-75.2304
7656	-75.4131
7657	-75.3705
7658	-75.327
7659	-75.7019
7660	-75.5808
7661	-75.3641
7662	-75.0528
7663	-75.3499
7664	-76.053
7665	-75.3823
7666	-75.1737
7667	-75.3058
7668	-75.1344
7669	-75.2817
7670	-75.421
7671	-75.5423
7672	-75.2408
7673	-75.0844
7674	-75.1004
7675	-75.4546
7676	-75.8018
7677	-75.5917
7678	-75.363
7679	-75.9352
7680	-75.8001
7681	-75.4894
7682	-75.5657
7683	-75.4916
7684	-75.1358
7685	-75.4139
7686	-75.2022
7687	-75.1971
7688	-75.0972
7689	-75.4967
7690	-75.7076
7691	-75.632
7692	-75.3331
7693	-75.2929
7694	-75.5613
7695	-75.7132
7696	-75.4544
7697	-75.9431
7698	-75.7717
7699	-75.2504
7700	-75.6994
7701	-75.7183
7702	-75.2847
7703	-75.5207
7704	-75.1295
7705	-75.2518
7706	-75.4818
7707	-75.8164
7708	-75.3634
7709	-74.8238
7710	-74.8971
7711	-75.5184
7712	-75.4417
7713	-75.508
7714	-75.418
7715	-75.383
7716	-75.2112
7717	-75.4875
7718	-75.1493
7719	-75.2622
7720	-75.179
7721	-75.0561
7722	-75.5456
7723	-75.5874
7724	-75.6014
7725	-75.0729
7726	-75.4764
7727	-75.2072
7728	-75.1728
7729	-75.2598
7730	-75.3311
7731	-75.6003
7732	-75.9526
7733	-75.5033
7734	-75.138
7735	-75.1269
7736	-75.4775
7737	-75.3495
7738	-75.5049
7739	-75.5636
7740	-75.5613
7741	-75.1902
7742	-75.0296
7743	-75.4258
7744	-75.1866
7745	-75.0691
7746	-75.3
7747	-75.3983
7748	-74.9781
7749	-74.6521
7750	-75.1472
7751	-75.3089
7752	-75.215
7753	-75.3259
7754	-75.4495
7755	-75.2489
7756	-75.4427
7757	-75.2548
7758	-75.2595
7759	-75.5696
7760	-75.1435
7761	-75.012
7762	-75.0893
7763	-75.237
7764	-75.2023
7765	-75.5173
7766	-75.2638
7767	-75.2667
7768	-75.6574
7769	-75.1505
7770	-75.4049
7771	-75.5941
7772	-75.543
7773	-75.714
7774	-75.41
7775	-75.4345
7776	-75.2988
7777	-75.0508
7778	-75.3713
7779	-75.6713
7780	-75.4879
7781	-75.7286
7782	-75.4582
7783	-75.1042
7784	-75.4988
7785	-75.0485
7786	-75.2645
7787	-75.3135
7788	-75.0982
7789	-75.4784
7790	-75.4557
7791	-75.4815
7792	-75.3117
7793	-75.2147
7794	-75.649
7795	-75.6206
7796	-75.6238
7797	-75.4934
7798	-75.4519
7799	-75.1874
7800	-75.2352
7801	-75.5756
7802	-75.362
7803	-75.2845
7804	-75.1513
7805	-74.9514
7806	-74.8693
7807	-75.1704
7808	-75.3926
7809	-75.7169
7810	-75.4852
7811	-75.2606
7812	-75.5827
7813	-75.6799
7814	-75.8539
7815	-75.5338
7816	-75.4513
7817	-75.3242
7818	-75.3709
7819	-75.3475
7820	-75.5095
7821	-75.6254
7822	-74.9526
7823	-74.8072
7824	-75.0693
7825	-75.3011
7826	-75.3742
7827	-75.3712
7828	-75.3316
7829	-75.2759
7830	-75.4075
7831	-75.5164
7832	-75.6935
7833	-75.5787
7834	-75.492
7835	-75.2243
7836	-75.2949
7837	-75.3498
7838	-75.3477
7839	-75.1936
7840	-75.2703
7841	-75.6818
7842	-75.5697
7843	-75.3566
7844	-75.4903
7845	-75.7398
7846	-75.3803
7847	-75.2164
7848	-75.2701
7849	-75.4045
7850	-75.1677
7851	-74.7486
7852	-75.0885
7853	-75.2835
7854	-75.5001
7855	-75.301
7856	-75.0749
7857	-75.1799
7858	-75.5469
7859	-75.4018
7860	-75.2761
7861	-75.4014
7862	-75.2888
7863	-74.715
7864	-74.8126
7865	-75.3526
7866	-75.1342
7867	-74.9093
7868	-75.0724
7869	-75.3325
7870	-74.9716
7871	-74.9012
7872	-74.7877
7873	-75.3368
7874	-75.4998
7875	-75.2981
7876	-75.4267
7877	-75.0674
7878	-74.8436
7879	-75.4216
7880	-75.7819
7881	-75.6445
7882	-75.0561
7883	-75.2129
7884	-75.4076
7885	-75.0172
7886	-75.2818
7887	-75.1828
7888	-75.4855
7889	-75.6534
7890	-75.477
7891	-75.4001
7892	-75.7997
7893	-75.2771
7894	-75.0692
7895	-75.1618
7896	-75.4188
7897	-75.4234
7898	-75.5104
7899	-75.2332
7900	-75.2198
7901	-75.3875
7902	-75.9351
7903	-75.6393
7904	-75.4232
7905	-75.5326
7906	-75.4498
7907	-75.195
7908	-75.8097
7909	-75.6172
7910	-75.4628
7911	-75.2732
7912	-75.2156
7913	-75.7108
7914	-75.6529
7915	-75.3712
7916	-75.3615
7917	-75.7032
7918	-75.2136
7919	-75.2432
7920	-75.8649
7921	-75.5417
7922	-75.3014
7923	-75.104
7924	-74.9922
7925	-75.0938
7926	-74.997
7927	-74.9737
7928	-75.2733
7929	-75.3049
7930	-74.9473
7931	-75.1427
7932	-75.5507
7933	-75.7116
7934	-75.485
7935	-75.2539
7936	-75.216
7937	-75.2825
7938	-75.5887
7939	-75.5065
7940	-75.8621
7941	-75.6151
7942	-75.8951
7943	-75.6536
7944	-75.3565
7945	-75.362
7946	-75.1701
7947	-74.9727
7948	-75.4823
7949	-75.4703
7950	-75.4081
7951	-75.5088
7952	-75.2748
7953	-75.0865
7954	-75.1546
7955	-75.1153
7956	-75.8884
7957	-75.4433
7958	-75.5434
7959	-75.7463
7960	-75.5161
7961	-75.2127
7962	-75.3629
7963	-75.5872
7964	-75.7421
7965	-75.657
7966	-75.6019
7967	-75.2346
7968	-75.1386
7969	-75.2517
7970	-75.3803
7971	-74.9811
7972	-74.906
7973	-75.0577
7974	-75.0058
7975	-75.231
7976	-75.7522
7977	-75.5041
7978	-75.507
7979	-75.5848
7980	-75.4205
7981	-75.5047
7982	-75.2192
7983	-75.485
7984	-75.6042
7985	-75.3906
7986	-75.3532
7987	-75.7676
7988	-76.0174
7989	-75.5641
7990	-75.713
7991	-75.1923
7992	-75.0215
7993	-75.3552
7994	-75.2626
7995	-74.7733
7996	-75.1625
7997	-75.6348
7998	-75.4554
7999	-75.1262
8000	-75.4815
8001	-75.3346
8002	-75.0141
8003	-75.5478
8004	-75.87
8005	-75.7148
8006	-75.5225
8007	-75.7176
8008	-75.2798
8009	-75.047
8010	-75.3321
8011	-75.448
8012	-75.4297
8013	-75.4337
8014	-75.6161
8015	-75.4356
8016	-75.55
8017	-75.452
8018	-75.6969
8019	-75.5506
8020	-75.3087
8021	-75.2779
8022	-75.3292
8023	-75.547
8024	-75.1316
8025	-75.4508
8026	-74.9379
8027	-75.1505
8028	-75.2721
8029	-75.1361
8030	-75.1489
8031	-75.2414
8032	-75.3801
8033	-75.42
8034	-75.3783
8035	-75.6355
8036	-75.0267
8037	-75.006
8038	-75.545
8039	-75.4105
8040	-75.2745
8041	-75.1777
8042	-75.3608
8043	-75.6241
8044	-75.3592
8045	-75.2031
8046	-75.272
8047	-75.074
8048	-75.163
8049	-75.5545
8050	-75.6518
8051	-75.1117
8052	-75.5392
8053	-75.2763
8054	-75.2174
8055	-74.9708
8056	-75.7238
8057	-75.5979
8058	-75.4223
8059	-75.2316
8060	-75.578
8061	-75.3788
8062	-75.3498
8063	-75.3707
8064	-75.2586
8065	-75.3705
8066	-75.2875
8067	-75.3659
8068	-75.5375
8069	-75.582
8070	-75.4816
8071	-75.1159
8072	-75.7058
8073	-75.8239
8074	-75.4392
8075	-75.3458
8076	-75.501
8077	-75.6492
8078	-75.5212
8079	-75.5589
8080	-75.6345
8081	-75.2288
8082	-75.3986
8083	-75.4993
8084	-75.3845
8085	-75.3996
8086	-75.2586
8087	-75.1805
8088	-74.9783
8089	-75.2977
8090	-75.55
8091	-75.696
8092	-75.5906
8093	-74.7984
8094	-75.2933
8095	-75.4511
8096	-75.3294
8097	-74.7938
8098	-75.3396
8099	-75.3256
8100	-75.4649
8101	-75.4548
8102	-75.2688
8103	-75.2629
8104	-75.2828
8105	-75.1869
8106	-75.4808
8107	-75.6315
8108	-75.492
8109	-75.262
8110	-75.3233
8111	-75.6415
8112	-75.8212
8113	-75.7201
8114	-75.6827
8115	-75.3365
8116	-75.2743
8117	-75.8697
8118	-75.7772
8119	-75.6894
8120	-75.4883
8121	-75.3571
8122	-75.4668
8123	-75.6904
8124	-75.7629
8125	-75.639
8126	-75.3807
8127	-75.3871
8128	-75.6753
8129	-75.6416
8130	-75.2525
8131	-75.2679
8132	-75.2517
8133	-75.6082
8134	-75.4174
8135	-75.4386
8136	-74.962
8137	-74.7523
8138	-74.8581
8139	-75.2597
8140	-75.2048
8141	-75.2212
8142	-75.373
8143	-75.5206
8144	-75.829
8145	-75.7679
8146	-75.5993
8147	-75.1953
8148	-74.8654
8149	-74.829
8150	-74.9048
8151	-75.2059
8152	-75.2913
8153	-75.1794
8154	-74.8451
8155	-74.538
8156	-74.8668
8157	-75.5109
8158	-75.6527
8159	-75.525
8160	-75.7101
8161	-75.1696
8162	-75.6288
8163	-75.3186
8164	-74.7641
8165	-74.9859
8166	-75.6638
8167	-75.5941
8168	-75.2936
8169	-75.4201
8170	-75.818
8171	-75.3606
8172	-75.0154
8173	-75.2134
8174	-75.1198
8175	-75.4225
8176	-75.0842
8177	-74.995
8178	-75.2556
8179	-75.1106
8180	-75.0736
8181	-75.7809
8182	-75.9219
8183	-75.5142
8184	-75.759
8185	-75.5396
8186	-75.3133
8187	-75.1409
8188	-75.1733
8189	-74.9738
8190	-74.9884
8191	-75.2526
8192	-75.5726
8193	-75.0876
8194	-75.2175
8195	-75.477
8196	-75.5877
8197	-75.4379
8198	-75.5548
8199	-75.4554
8200	-75.6624
8201	-75.274
8202	-75.2022
8203	-74.9759
8204	-74.9541
8205	-75.1874
8206	-75.2189
8207	-75.2588
8208	-75.2599
8209	-75.2124
8210	-74.8392
8211	-74.787
8212	-75.2866
8213	-75.5821
8214	-75.474
8215	-75.5157
8216	-75.0057
8217	-75.2345
8218	-75.1687
8219	-74.9773
8220	-75.2782
8221	-75.474
8222	-75.4515
8223	-75.5045
8224	-75.2172
8225	-75.1761
8226	-75.3677
8227	-75.1868
8228	-75.482
8229	-75.8015
8230	-75.4882
8231	-75.6124
8232	-75.8358
8233	-75.5057
8234	-74.9244
8235	-74.5457
8236	-74.6699
8237	-75.7655
8238	-75.4384
8239	-75.5175
8240	-75.5287
8241	-75.2885
8242	-75.583
8243	-75.4363
8244	-75.2054
8245	-75.2676
8246	-75.0223
8247	-75.5079
8248	-75.4662
8249	-75.5723
8250	-75.7273
8251	-75.6687
8252	-75.3182
8253	-75.3085
8254	-75.4105
8255	-75.2802
8256	-75.6519
8257	-75.2708
8258	-74.9683
8259	-75.2953
8260	-75.4365
8261	-75.4824
8262	-75.4899
8263	-75.5153
8264	-75.2434
8265	-75.2202
8266	-75.4317
8267	-75.3713
8268	-75.546
8269	-75.4584
8270	-74.9382
8271	-75.0708
8272	-75.3049
8273	-75.4878
8274	-75.7181
8275	-75.8331
8276	-75.535
8277	-75.6204
8278	-75.4721
8279	-75.5964
8280	-75.4574
8281	-75.1819
8282	-75.219
8283	-75.1609
8284	-75.2883
8285	-75.6084
8286	-75.4604
8287	-75.3978
8288	-75.5753
8289	-75.499
8290	-75.0816
8291	-75.2085
8292	-75.4305
8293	-75.4126
8294	-75.8826
8295	-75.3049
8296	-75.4165
8297	-75.7758
8298	-75.6174
8299	-75.6359
8300	-75.4583
8301	-75.5055
8302	-75.4401
8303	-75.5173
8304	-75.3974
8305	-75.6023
8306	-75.8088
8307	-75.8838
8308	-75.648
8309	-75.2349
8310	-75.351
8311	-75.1197
8312	-75.2176
8313	-75.3208
8314	-75.3648
8315	-75.209
8316	-75.4234
8317	-75.3336
8318	-75.1804
8319	-75.1706
8320	-75.3527
8321	-75.0232
8322	-75.1403
8323	-75.6319
8324	-75.8537
8325	-75.7916
8326	-75.688
8327	-75.2905
8328	-75.1138
8329	-75.4668
8330	-75.3641
8331	-75.5755
8332	-75.1271
8333	-74.8477
8334	-75.2294
8335	-75.0663
8336	-75.747
8337	-75.3175
8338	-75.3069
8339	-75.0947
8340	-74.8747
8341	-75.2534
8342	-75.7443
8343	-75.6178
8344	-75.2815
8345	-75.2055
8346	-75.3732
8347	-75.3063
8348	-75.6898
8349	-75.8329
8350	-75.2706
8351	-74.9599
8352	-75.2955
8353	-75.2404
8354	-75.8587
8355	-75.854
8356	-76.1807
8357	-75.485
8358	-75.2152
8359	-75.01
8360	-75.5607
8361	-75.5058
8362	-75.202
8363	-75.3217
8364	-74.9853
8365	-75.5703
8366	-75.5656
8367	-75.2705
8368	-75.2749
8369	-75.722
8370	-75.5908
8371	-75.0992
8372	-75.2955
8373	-75.3005
8374	-75.1375
8375	-75.1152
8376	-75.6899
8377	-75.2043
8378	-75.3
8379	-75.323
8380	-75.1069
8381	-75.1838
8382	-75.0724
8383	-75.1215
8384	-75.4216
8385	-75.4549
8386	-75.518
8387	-75.5611
8388	-75.3971
8389	-75.2869
8390	-75.3769
8391	-75.1426
8392	-74.9467
8393	-75.1166
8394	-75.5481
8395	-75.1781
8396	-75.0641
8397	-75.4346
8398	-75.2232
8399	-75.3815
8400	-75.5519
8401	-75.6042
8402	-75.3104
8403	-75.1971
8404	-75.5861
8405	-75.6427
8406	-75.2169
8407	-75.3371
8408	-75.1277
8409	-75.0647
8410	-75.2538
8411	-75.3284
8412	-75.0078
8413	-75.2435
8414	-75.1989
8415	-75.5231
8416	-75.0946
8417	-75.0652
8418	-75.3372
8419	-75.3404
8420	-75.4918
8421	-75.3504
8422	-75.1952
8423	-75.0273
8424	-75.5108
8425	-75.497
8426	-75.5665
8427	-75.6882
8428	-76.1622
8429	-76.0501
8430	-75.7647
8431	-75.8376
8432	-75.788
8433	-75.703
8434	-75.6208
8435	-75.2974
8436	-75.0901
8437	-75.2656
8438	-75.5206
8439	-75.6362
8440	-75.6688
8441	-75.7195
8442	-75.7409
8443	-75.253
8444	-75.1964
8445	-75.414
8446	-75.2381
8447	-75.4027
8448	-75.556
8449	-75.6947
8450	-75.0539
8451	-75.154
8452	-75.6549
8453	-76.0744
8454	-75.8433
8455	-75.5763
8456	-75.7182
8457	-75.4309
8458	-75.9912
8459	-76.1061
8460	-75.9576
8461	-75.5375
8462	-75.3237
8463	-75.6588
8464	-75.3886
8465	-75.7035
8466	-75.5469
8467	-74.968
8468	-75.659
8469	-75.199
8470	-75.1313
8471	-75.0189
8472	-75.3618
8473	-75.1427
8474	-75.1022
8475	-75.0716
8476	-75.4012
8477	-75.6282
8478	-75.4132
8479	-75.2504
8480	-75.2563
8481	-75.4248
8482	-75.5455
8483	-75.6318
8484	-75.595
8485	-75.6151
8486	-75.4421
8487	-75.3672
8488	-75.4452
8489	-75.5075
8490	-75.5186
8491	-75.5023
8492	-75.1982
8493	-75.5023
8494	-75.6296
8495	-75.1073
8496	-75.3816
8497	-75.4816
8498	-75.2517
8499	-75.3178
8500	-75.0664
8501	-75.5286
8502	-75.4527
8503	-75.6753
8504	-75.7409
8505	-75.9211
8506	-75.2548
8507	-75.0122
8508	-75.1045
8509	-75.0373
8510	-75.0373
8511	-75.7088
8512	-75.7972
8513	-75.983
8514	-75.2535
8515	-75.2736
8516	-75.5237
8517	-75.2463
8518	-75.3542
8519	-75.2672
8520	-75.3371
8521	-75.6948
8522	-75.7359
8523	-75.7393
8524	-75.4937
8525	-75.2695
8526	-74.9477
8527	-74.9576
8528	-75.0636
8529	-75.6078
8530	-75.8234
8531	-75.3563
8532	-75.194
8533	-75.0702
8534	-74.9285
8535	-75.3731
8536	-75.0252
8537	-75.191
8538	-75.2207
8539	-75.3192
8540	-75.702
8541	-75.6371
8542	-75.322
8543	-75.0474
8544	-75.4421
8545	-75.3145
8546	-75.345
8547	-75.4602
8548	-75.5933
8549	-75.7618
8550	-75.4564
8551	-75.2907
8552	-75.1647
8553	-75.3092
8554	-75.2683
8555	-75.0976
8556	-75.2904
8557	-75.4628
8558	-75.8935
8559	-75.7626
8560	-75.8821
8561	-75.547
8562	-75.5237
8563	-75.8782
8564	-75.7401
8565	-75.3373
8566	-75.0342
8567	-75.1209
8568	-75.8712
8569	-75.6266
8570	-75.405
8571	-75.2941
8572	-75.1644
8573	-75.5588
8574	-75.8264
8575	-75.687
8576	-75.6245
8577	-75.5274
8578	-75.2954
8579	-75.7408
8580	-75.7993
8581	-75.4434
8582	-75.4235
8583	-75.4889
8584	-75.8149
8585	-75.2771
8586	-74.9136
8587	-75.3842
8588	-75.5
8589	-75.8581
8590	-75.6879
8591	-75.2403
8592	-75.681
8593	-75.7707
8594	-75.1714
8595	-74.9129
8596	-75.4226
8597	-75.3962
8598	-75.2906
8599	-75.4034
8600	-75.6414
8601	-75.8445
8602	-75.2363
8603	-75.3544
8604	-75.5787
8605	-75.8351
8606	-75.6454
8607	-75.7207
8608	-75.3657
8609	-75.2744
8610	-75.4446
8611	-75.2902
8612	-75.3432
8613	-75.4255
8614	-75.543
8615	-75.868
8616	-75.6016
8617	-75.5895
8618	-75.221
8619	-75.2817
8620	-75.232
8621	-75.6857
8622	-75.5762
8623	-75.6132
8624	-75.4675
8625	-75.18
8626	-75.2703
8627	-75.4706
8628	-75.6317
8629	-75.8689
8630	-75.8255
8631	-75.8981
8632	-75.554
8633	-75.5117
8634	-75.6398
8635	-75.8294
8636	-75.7201
8637	-75.1266
8638	-75.2102
8639	-75.4173
8640	-75.4748
8641	-75.681
8642	-75.217
8643	-75.5062
8644	-75.4496
8645	-75.8814
8646	-75.6348
8647	-75.8424
8648	-75.3288
8649	-75.3187
8650	-75.5701
8651	-75.8528
8652	-75.6098
8653	-75.3284
8654	-75.4481
8655	-76.0243
8656	-75.9909
8657	-75.5709
8658	-75.3311
8659	-75.5358
8660	-75.5701
8661	-75.6985
8662	-75.5717
8663	-75.7512
8664	-75.7512
8665	-75.1772
8666	-75.1201
8667	-75.659
8668	-75.8967
8669	-75.7133
8670	-75.2688
8671	-75.6253
8672	-75.7208
8673	-75.9249
8674	-75.5716
8675	-75.6051
8676	-75.1791
8677	-75.453
8678	-75.5782
8679	-75.489
8680	-75.4718
8681	-75.135
8682	-75.2305
8683	-75.586
8684	-75.9577
8685	-75.7606
8686	-75.87
8687	-75.7923
8688	-75.1423
8689	-75.6476
8690	-75.6488
8691	-75.5327
8692	-75.7362
8693	-75.3817
8694	-75.4768
8695	-75.9685
8696	-75.746
8697	-75.3749
8698	-75.7865
8699	-75.8196
8700	-75.241
8701	-75.386
8702	-75.4758
8703	-75.4557
8704	-75.7294
8705	-75.8104
8706	-75.9881
8707	-75.7856
8708	-75.2563
8709	-75.2667
8710	-75.1813
8711	-75.4881
8712	-75.4478
8713	-75.4964
8714	-75.5022
8715	-75.2003
8716	-75.6296
8717	-75.6387
8718	-75.4439
8719	-75.7245
8720	-75.2092
8721	-75.363
8722	-75.6484
8723	-75.6923
8724	-75.6195
8725	-75.9212
8726	-75.8489
8727	-75.6135
8728	-75.5938
8729	-75.195
8730	-75.6301
8731	-75.638
8732	-75.3854
8733	-76.0194
8734	-75.9657
8735	-76.0308
8736	-75.842
8737	-75.5001
8738	-75.3269
8739	-75.512
8740	-75.8881
8741	-76.12
8742	-75.8231
8743	-75.6126
8744	-75.7805
8745	-75.6021
8746	-75.6613
8747	-75.7286
8748	-75.5971
8749	-75.3878
8750	-75.7722
8751	-75.8292
8752	-75.5246
8753	-75.6097
8754	-75.4158
8755	-75.4678
8756	-75.215
8757	-75.0777
8758	-75.1164
8759	-75.3896
8760	-75.6288
8761	-75.8336
8762	-76.4696
8763	-75.5104
8764	-75.301
8765	-75.5528
8766	-75.1493
8767	-75.5375
8768	-75.3531
8769	-75.2334
8770	-75.1492
8771	-75.2459
8772	-75.9113
8773	-75.7681
8774	-75.6918
8775	-75.6313
8776	-75.7026
8777	-75.2198
8778	-75.4109
8779	-75.0394
8780	-75.0171
8781	-75.0545
8782	-75.7036
8783	-75.9391
8784	-75.7807
8785	-75.6443
8786	-75.3574
8787	-75.4092
8788	-75.7316
8789	-75.1727
8790	-74.972
8791	-74.9165
8792	-74.9975
8793	-75.4493
8794	-75.7224
8795	-75.8757
8796	-75.5827
8797	-75.1115
8798	-75.5354
8799	-75.1588
8800	-75.3797
8801	-75.6059
8802	-75.139
8803	-75.2398
8804	-75.3878
8805	-75.2688
8806	-75.5159
8807	-75.7819
8808	-75.7231
8809	-75.591
8810	-75.4537
8811	-75.376
8812	-75.2988
8813	-75.1627
8814	-75.2195
8815	-75.2039
8816	-75.0739
8817	-74.8642
8818	-75.0428
8819	-75.1668
8820	-75.6635
8821	-75.69
8822	-75.1968
8823	-74.8845
8824	-75.3523
8825	-75.6013
8826	-75.4384
8827	-75.6648
8828	-75.1763
8829	-75.196
8830	-74.9712
8831	-75.2466
8832	-75.5325
8833	-75.4782
8834	-75.026
8835	-75.0266
8836	-75.3646
8837	-75.8025
8838	-75.3869
8839	-75.6099
8840	-76.0872
8841	-75.8928
8842	-75.9691
8843	-75.5471
8844	-75.3638
8845	-75.3158
8846	-75.1805
8847	-75.6068
8848	-75.7062
8849	-75.499
8850	-75.281
8851	-75.2427
8852	-75.2903
8853	-75.358
8854	-75.6798
8855	-75.616
8856	-75.555
8857	-75.1832
8858	-75.5984
8859	-75.8226
8860	-75.5279
8861	-75.6215
8862	-75.8332
8863	-75.471
8864	-75.5618
8865	-75.3818
8866	-75.1837
8867	-75.5711
8868	-75.6009
8869	-74.809
8870	-75.0576
8871	-75.4655
8872	-75.5232
8873	-75.5881
8874	-75.7258
8875	-75.6158
8876	-75.6896
8877	-75.5583
8878	-75.751
8879	-75.5656
8880	-75.5147
8881	-75.4632
8882	-75.7482
8883	-75.4447
8884	-75.4734
8885	-75.5291
8886	-75.6262
8887	-75.3349
8888	-74.9358
8889	-75.5928
8890	-75.3968
8891	-75.4212
8892	-75.1886
8893	-75.2779
8894	-75.795
8895	-75.07
8896	-74.8938
8897	-75.422
8898	-75.651
8899	-75.543
8900	-75.9261
8901	-75.5103
8902	-75.333
8903	-75.4565
8904	-75.2376
8905	-75.308
8906	-75.7379
8907	-75.851
8908	-75.5708
8909	-75.5166
8910	-75.2651
8911	-75.4198
8912	-75.6979
8913	-75.3345
8914	-75.1972
8915	-75.4715
8916	-75.7705
8917	-75.3158
8918	-75.1779
8919	-75.2552
8920	-75.2833
8921	-75.5436
8922	-75.3997
8923	-75.154
8924	-75.3611
8925	-75.1765
8926	-75.5878
8927	-75.6805
8928	-75.7145
8929	-75.3043
8930	-75.1141
8931	-75.1925
8932	-75.6536
8933	-75.3027
8934	-75.4388
8935	-75.4858
8936	-75.8331
8937	-75.689
8938	-75.7344
8939	-75.3858
8940	-75.4972
8941	-75.7183
8942	-75.6487
8943	-75.718
8944	-75.3313
8945	-75.5222
8946	-75.5611
8947	-75.3855
8948	-75.0059
8949	-75.5303
8950	-75.5396
8951	-75.3815
8952	-75.5857
8953	-75.5798
8954	-75.2167
8955	-75.6795
8956	-75.3736
8957	-75.4181
8958	-75.2701
8959	-75.2146
8960	-75.564
8961	-75.8058
8962	-75.9312
8963	-75.3089
8964	-75.1198
8965	-75.0264
8966	-75.3951
8967	-75.5587
8968	-75.2664
8969	-75.4753
8970	-75.6913
8971	-75.695
8972	-75.7274
8973	-75.6668
8974	-75.6108
8975	-75.4349
8976	-75.6574
8977	-75.4994
8978	-75.5014
8979	-75.4679
8980	-75.5983
8981	-75.4613
8982	-75.4419
8983	-75.6492
8984	-75.6235
8985	-75.4702
8986	-75.5534
8987	-75.516
8988	-75.8158
8989	-75.5994
8990	-75.3127
8991	-75.5657
8992	-75.3332
8993	-75.4937
8994	-75.7252
8995	-75.7063
8996	-75.4998
8997	-75.4802
8998	-75.3919
8999	-75.3324
9000	-75.1559
9001	-75.1468
9002	-75.8311
9003	-75.6472
9004	-75.496
9005	-75.3044
9006	-75.1193
9007	-75.3272
9008	-75.6987
9009	-75.5454
9010	-75.4998
9011	-75.415
9012	-75.816
9013	-75.7639
9014	-75.4993
9015	-75.381
9016	-75.2657
9017	-75.7233
9018	-75.5992
9019	-75.3736
9020	-75.2135
9021	-75.7563
9022	-75.7468
9023	-75.3873
9024	-75.5934
9025	-75.3752
9026	-75.3286
9027	-75.4557
9028	-75.88
9029	-75.5926
9030	-75.3964
9031	-75.3961
9032	-75.7847
9033	-75.3687
9034	-75.4594
9035	-75.6127
9036	-75.8799
9037	-75.4562
9038	-75.4452
9039	-75.5095
9040	-75.5336
9041	-75.7883
9042	-75.7621
9043	-75.694
9044	-75.7745
9045	-75.7363
9046	-75.534
9047	-75.7303
9048	-75.9252
9049	-76.1607
9050	-75.8594
9051	-75.507
9052	-75.3352
9053	-75.7099
9054	-75.6073
9055	-75.472
9056	-75.2203
9057	-74.9415
9058	-75.2445
9059	-75.5935
9060	-75.5209
9061	-75.2578
9062	-75.0421
9063	-75.3326
9064	-75.7058
9065	-76.1111
9066	-75.6657
9067	-75.0053
9068	-75.6459
9069	-75.2954
9070	-75.2294
9071	-75.4922
9072	-75.5617
9073	-75.5778
9074	-75.4659
9075	-75.8811
9076	-75.986
9077	-75.8156
9078	-76.2423
9079	-75.7701
9080	-75.4064
9081	-75.4766
9082	-75.5413
9083	-75.6457
9084	-75.3519
9085	-75.7846
9086	-75.6223
9087	-75.6279
9088	-75.5557
9089	-75.6291
9090	-75.3164
9091	-75.6107
9092	-75.6997
9093	-75.5487
9094	-75.8624
9095	-75.5603
9096	-75.6228
9097	-75.5815
9098	-75.6004
9099	-75.3267
9100	-75.3824
9101	-75.425
9102	-75.6125
9103	-75.7241
9104	-75.7216
9105	-75.5993
9106	-75.7341
9107	-75.8362
9108	-75.9458
9109	-75.5564
9110	-75.2003
9111	-75.2801
9112	-75.5325
9113	-75.3091
9114	-75.5331
9115	-75.6223
9116	-75.2141
9117	-75.0341
9118	-75.5176
9119	-75.7186
9120	-75.9161
9121	-75.7054
9122	-75.2741
9123	-75.2016
9124	-75.4098
9125	-75.8563
9126	-76.0377
9127	-75.7866
9128	-75.7442
9129	-75.4018
9130	-75.2713
9131	-75.5842
9132	-75.1957
9133	-75.6941
9134	-75.3252
9135	-75.2859
9136	-75.7156
9137	-75.2901
9138	-75.4734
9139	-75.4518
9140	-75.1707
9141	-75.3258
9142	-75.4373
9143	-75.5112
9144	-75.7335
9145	-75.5954
9146	-75.6372
9147	-75.5426
9148	-75.694
9149	-75.8126
9150	-75.5955
9151	-75.0442
9152	-75.3208
9153	-75.6111
9154	-75.3722
9155	-75.0717
9156	-75.3902
9157	-75.656
9158	-75.5585
9159	-75.6312
9160	-75.758
9161	-75.2747
9162	-75.5082
9163	-75.3435
9164	-75.395
9165	-75.514
9166	-75.1225
9167	-75.2672
9168	-75.3061
9169	-75.2005
9170	-75.0957
9171	-75.3051
9172	-75.6066
9173	-75.4926
9174	-75.2379
9175	-75.241
9176	-75.4658
9177	-75.6629
9178	-75.6136
9179	-75.4184
9180	-75.3763
9181	-75.2782
9182	-75.6963
9183	-75.7652
9184	-75.4461
9185	-75.5138
9186	-75.1562
9187	-75.78
9188	-75.4516
9189	-75.0745
9190	-75.5379
9191	-75.4269
9192	-75.2059
9193	-75.1522
9194	-74.9924
9195	-75.3579
9196	-75.4596
9197	-75.6726
9198	-75.7107
9199	-75.7089
9200	-75.4354
9201	-75.3135
9202	-75.1611
9203	-75.3839
9204	-75.236
9205	-75.0836
9206	-75.5592
9207	-75.7265
9208	-75.4209
9209	-75.6556
9210	-75.7433
9211	-75.6508
9212	-75.763
9213	-75.8208
9214	-75.5251
9215	-75.3652
9216	-75.0734
9217	-75.676
9218	-75.7545
9219	-75.3431
9220	-75.5469
9221	-75.4928
9222	-75.0347
9223	-75.5781
9224	-75.1985
9225	-75.4773
9226	-75.207
9227	-75.4613
9228	-75.4707
9229	-75.3429
9230	-75.3582
9231	-75.7146
9232	-75.3808
9233	-75.2993
9234	-75.7068
9235	-75.494
9236	-75.3408
9237	-75.359
9238	-75.6627
9239	-75.4019
9240	-75.6062
9241	-75.8202
9242	-75.8598
9243	-75.4652
9244	-74.9603
9245	-75.2063
9246	-75.1543
9247	-75.2621
9248	-75.6896
9249	-75.6002
9250	-75.2858
9251	-75.7158
9252	-75.4851
9253	-75.9149
9254	-75.6262
9255	-75.4007
9256	-75.7921
9257	-75.8313
9258	-75.46
9259	-75.5998
9260	-75.8783
9261	-75.7287
9262	-74.9835
9263	-75.1183
9264	-75.2128
9265	-75.7686
9266	-75.396
9267	-75.0633
9268	-75.313
9269	-75.6038
9270	-75.8752
9271	-75.4207
9272	-75.6663
9273	-75.7413
9274	-75.7219
9275	-75.6387
9276	-76.3856
9277	-76.0149
9278	-75.4502
9279	-75.2376
9280	-75.4347
9281	-75.4826
9282	-75.414
9283	-75.2378
9284	-74.9204
9285	-75.4899
9286	-75.5574
9287	-75.4098
9288	-75.526
9289	-75.5494
9290	-75.1621
9291	-75.6149
9292	-75.7152
9293	-75.5109
9294	-75.9194
9295	-76.026
9296	-75.6479
9297	-75.7183
9298	-75.6292
9299	-75.4166
9300	-75.4825
9301	-75.09
9302	-75.1277
9303	-75.4819
9304	-75.6712
9305	-75.3255
9306	-75.4494
9307	-75.3278
9308	-75.0472
9309	-75.3754
9310	-75.1578
9311	-75.6198
9312	-75.805
9313	-75.3506
9314	-75.1321
9315	-75.0148
9316	-75.4661
9317	-75.6653
9318	-75.7382
9319	-75.6251
9320	-75.6316
9321	-75.5042
9322	-75.0196
9323	-75.1678
9324	-75.4343
9325	-75.2347
9326	-75.7202
9327	-75.1127
9328	-75.2244
9329	-75.9521
9330	-76.1518
9331	-75.808
9332	-75.491
9333	-75.3626
9334	-75.2515
9335	-75.7005
9336	-75.6963
9337	-75.5283
9338	-75.8249
9339	-75.8169
9340	-76.0947
9341	-75.9403
9342	-75.8469
9343	-75.4973
9344	-75.9299
9345	-75.6051
9346	-75.7431
9347	-76.134
9348	-75.5115
9349	-75.765
9350	-75.8166
9351	-75.4016
9352	-75.1478
9353	-75.1005
9354	-75.4288
9355	-75.2919
9356	-75.4989
9357	-75.7177
9358	-75.5548
9359	-75.5654
9360	-75.3508
9361	-75.826
9362	-75.9058
9363	-75.5208
9364	-75.5951
9365	-75.8198
9366	-75.5382
9367	-75.246
9368	-75.5734
9369	-75.5451
9370	-75.4157
9371	-75.8213
9372	-75.5675
9373	-75.6942
9374	-75.9306
9375	-75.5733
9376	-75.8571
9377	-75.23
9378	-75.2337
9379	-74.8681
9380	-75.2081
9381	-75.3105
9382	-75.1857
9383	-75.6592
9384	-75.3425
9385	-75.2571
9386	-75.1202
9387	-75.1677
9388	-75.6832
9389	-75.9096
9390	-75.9374
9391	-75.8203
9392	-75.4979
9393	-75.5208
9394	-75.3197
9395	-75.3038
9396	-75.8752
9397	-75.902
9398	-75.7312
9399	-75.6839
9400	-75.7054
9401	-75.5905
9402	-75.2734
9403	-75.41
9404	-75.2096
9405	-75.8565
9406	-75.7949
9407	-75.3328
9408	-75.3268
9409	-75.6377
9410	-75.3253
9411	-75.4903
9412	-76.1249
9413	-75.7884
9414	-75.545
9415	-75.4773
9416	-75.6829
9417	-75.4982
9418	-75.6532
9419	-75.7305
9420	-75.8953
9421	-75.3426
9422	-75.0577
9423	-75.5309
9424	-75.7058
9425	-75.4492
9426	-75.5008
9427	-75.3586
9428	-75.4631
9429	-75.9593
9430	-75.4993
9431	-75.6756
9432	-75.7801
9433	-75.6347
9434	-75.6883
9435	-75.1618
9436	-75.0918
9437	-75.6875
9438	-75.608
9439	-75.2727
9440	-75.3912
9441	-75.4104
9442	-75.7734
9443	-75.4144
9444	-75.2171
9445	-75.4772
9446	-75.6319
9447	-75.874
9448	-75.625
9449	-75.1938
9450	-75.0451
9451	-75.331
9452	-75.1304
9453	-75.702
9454	-75.7234
9455	-75.5093
9456	-75.4962
9457	-75.4898
9458	-75.2133
9459	-75.3138
9460	-75.1553
9461	-75.7976
9462	-75.7471
9463	-75.4344
9464	-75.5727
9465	-75.6926
9466	-75.514
9467	-75.2228
9468	-75.7722
9469	-75.3672
9470	-74.9456
9471	-75.0227
9472	-75.177
9473	-75.3383
9474	-75.399
9475	-75.3701
9476	-75.2165
9477	-75.4563
9478	-75.3092
9479	-75.2671
9480	-75.4537
9481	-75.502
9482	-75.5715
9483	-75.4003
9484	-75.6582
9485	-75.5107
9486	-75.325
9487	-75.6759
9488	-76.0028
9489	-75.8079
9490	-75.7625
9491	-75.7062
9492	-76.1167
9493	-75.4126
9494	-75.8227
9495	-75.1724
9496	-74.6911
9497	-75.2339
9498	-75.1205
9499	-75.6035
9500	-75.5257
9501	-75.5157
9502	-75.279
9503	-75.1887
9504	-75.8257
9505	-75.8682
9506	-75.2324
9507	-75.4218
9508	-75.3271
9509	-75.2758
9510	-75.2616
9511	-75.7509
9512	-75.6484
9513	-75.2024
9514	-74.9495
9515	-75.4985
9516	-75.2271
9517	-75.4538
9518	-75.0134
9519	-74.8737
9520	-74.7899
9521	-75.1531
9522	-75.3119
9523	-75.3432
9524	-75.6592
9525	-75.6157
9526	-75.4673
9527	-75.0497
9528	-75.1514
9529	-75.0718
9530	-75.3279
9531	-75.2597
9532	-75.202
9533	-75.4306
9534	-75.1373
9535	-75.4411
9536	-75.4076
9537	-75.4541
9538	-75.4944
9539	-75.579
9540	-75.5782
9541	-75.4567
9542	-75.3747
9543	-75.3308
9544	-75.7562
9545	-75.3673
9546	-74.92
9547	-75.3596
9548	-75.5641
9549	-75.8733
9550	-75.3624
9551	-75.1928
9552	-75.4717
9553	-75.3832
9554	-75.738
9555	-76.2528
9556	-75.932
9557	-75.6974
9558	-75.4984
9559	-75.6106
9560	-75.7066
9561	-75.2081
9562	-75.7084
9563	-75.5833
9564	-75.5614
9565	-75.3032
9566	-75.5486
9567	-75.8411
9568	-75.6011
9569	-75.4545
9570	-75.6058
9571	-75.5671
9572	-75.4284
9573	-75.2735
9574	-75.7287
9575	-75.8105
9576	-75.4746
9577	-75.3458
9578	-75.5913
9579	-75.3696
9580	-75.8405
9581	-75.7342
9582	-75.6162
9583	-75.3711
9584	-75.6146
9585	-75.6287
9586	-75.4996
9587	-75.6377
9588	-75.5498
9589	-75.7078
9590	-75.8109
9591	-75.4701
9592	-75.9578
9593	-75.6697
9594	-75.4919
9595	-75.9245
9596	-75.8971
9597	-75.7459
9598	-75.501
9599	-75.6993
9600	-75.5686
9601	-75.3301
9602	-75.4441
9603	-75.6366
9604	-75.6823
9605	-75.4468
9606	-75.5214
9607	-75.4179
9608	-75.4716
9609	-75.4673
9610	-75.5412
9611	-75.1347
9612	-75.0599
9613	-75.3394
9614	-75.6024
9615	-75.5033
9616	-75.6129
9617	-76.3248
9618	-75.4736
9619	-74.932
9620	-75.0851
9621	-75.4285
9622	-75.3741
9623	-75.324
9624	-75.2549
9625	-75.504
9626	-75.9302
9627	-75.6111
9628	-75.4589
9629	-75.747
9630	-75.4949
9631	-75.1596
9632	-75.4981
9633	-75.5306
9634	-75.242
9635	-75.2572
9636	-75.6228
9637	-75.5516
9638	-75.6133
9639	-75.7317
9640	-75.6496
9641	-75.7905
9642	-75.6995
9643	-75.5865
9644	-75.8038
9645	-75.332
9646	-75.2892
9647	-75.1567
9648	-75.1711
9649	-75.1219
9650	-75.2488
9651	-75.3092
9652	-75.6766
9653	-75.3873
9654	-75.2265
9655	-75.6431
9656	-75.3856
9657	-75.4882
9658	-75.593
9659	-75.5544
9660	-75.2609
9661	-75.6205
9662	-75.7554
9663	-75.9095
9664	-75.879
9665	-75.8441
9666	-75.6575
9667	-75.5455
9668	-75.9121
9669	-75.8048
9670	-75.6169
9671	-75.421
9672	-75.149
9673	-75.3252
9674	-75.5779
9675	-75.5563
9676	-75.6266
9677	-75.5676
9678	-75.4658
9679	-75.4157
9680	-75.3137
9681	-75.2681
9682	-75.431
9683	-75.5868
9684	-75.4417
9685	-75.6053
9686	-75.5528
9687	-75.038
9688	-75.0625
9689	-75.476
9690	-75.473
9691	-75.3857
9692	-75.2087
9693	-75.4829
9694	-75.2856
9695	-75.243
9696	-75.8529
9697	-75.5797
9698	-75.7592
9699	-75.5951
9700	-75.444
9701	-75.3526
9702	-75.6124
9703	-76.0768
9704	-75.9883
9705	-75.9818
9706	-76.0246
9707	-75.739
9708	-75.1487
9709	-74.866
9710	-75.4796
9711	-75.7103
9712	-75.6134
9713	-75.6008
9714	-75.4327
9715	-75.659
9716	-75.4955
9717	-75.6078
9718	-75.3814
9719	-75.4368
9720	-75.8571
9721	-75.3496
9722	-75.1581
9723	-75.1283
9724	-75.361
9725	-75.6289
9726	-75.5348
9727	-75.8481
9728	-75.6349
9729	-76.0648
9730	-75.7652
9731	-75.0692
9732	-74.9283
9733	-75.6
9734	-75.7407
9735	-75.5192
9736	-75.8061
9737	-75.9301
9738	-75.8032
9739	-75.8531
9740	-75.3992
9741	-75.5055
9742	-75.9038
9743	-76.0866
9744	-75.9699
9745	-75.316
9746	-75.4584
9747	-75.6518
9748	-75.8786
9749	-75.8699
9750	-75.7527
9751	-75.2111
9752	-75.4613
9753	-75.6671
9754	-75.6835
9755	-75.1092
9756	-75.2662
9757	-75.0786
9758	-75.5269
9759	-75.6234
9760	-75.6788
9761	-75.5677
9762	-75.5168
9763	-75.3913
9764	-76.069
9765	-75.8159
9766	-75.7228
9767	-75.5556
9768	-75.3306
9769	-75.4602
9770	-75.5846
9771	-75.8841
9772	-75.6704
9773	-75.8375
9774	-75.679
9775	-75.9932
9776	-75.6366
9777	-75.6769
9778	-75.6954
9779	-75.3988
9780	-75.2267
9781	-75.0986
9782	-75.8031
9783	-75.8617
9784	-75.4878
9785	-75.6975
9786	-75.6503
9787	-76.1328
9788	-75.5395
9789	-75.0226
9790	-75.8217
9791	-76.1808
9792	-75.7365
9793	-75.4673
9794	-75.3857
9795	-75.6215
9796	-75.2258
9797	-75.1784
9798	-75.4793
9799	-75.4475
9800	-75.211
9801	-75.6184
9802	-75.5448
9803	-75.4086
9804	-75.9147
9805	-75.9667
9806	-75.5295
9807	-75.8027
9808	-75.7681
9809	-75.7901
9810	-75.5369
9811	-75.5351
9812	-75.3603
9813	-75.2652
9814	-75.762
9815	-76.2002
9816	-76.1459
9817	-75.7425
9818	-75.9224
9819	-75.8236
9820	-75.6509
9821	-75.7462
9822	-75.6168
9823	-75.5269
9824	-75.3383
9825	-75.3783
9826	-75.5407
9827	-75.4023
9828	-75.414
9829	-75.6451
9830	-75.6287
9831	-75.4619
9832	-75.5586
9833	-76.2815
9834	-75.7778
9835	-75.5687
9836	-75.7128
9837	-75.5343
9838	-75.6961
9839	-75.4339
9840	-75.6883
9841	-75.7775
9842	-75.5251
9843	-75.184
9844	-75.2693
9845	-75.583
9846	-75.3682
9847	-75.1816
9848	-75.1479
9849	-76.0075
9850	-75.8228
9851	-75.5752
9852	-75.7533
9853	-75.6169
9854	-75.2829
9855	-75.6508
9856	-75.4034
9857	-75.6979
9858	-75.4215
9859	-75.2333
9860	-75.3792
9861	-75.5602
9862	-75.5704
9863	-75.2232
9864	-75.3103
9865	-75.7285
9866	-75.6192
9867	-75.4611
9868	-76.1085
9869	-75.6937
9870	-75.3026
9871	-75.0773
9872	-75.4467
9873	-75.7757
9874	-75.9176
9875	-75.7932
9876	-75.331
9877	-75.4181
9878	-75.4485
9879	-75.49
9880	-75.4778
9881	-75.0634
9882	-75.622
9883	-75.4496
9884	-75.5607
9885	-76.1013
9886	-75.6192
9887	-74.9602
9888	-75.3987
9889	-75.7896
9890	-75.5915
9891	-75.3166
9892	-75.3093
9893	-75.6288
9894	-75.6384
9895	-75.8789
9896	-75.6962
9897	-75.502
9898	-75.2192
9899	-74.9912
9900	-75.0466
9901	-75.489
9902	-75.7104
9903	-75.5622
9904	-74.8388
9905	-75.0753
9906	-75.4163
9907	-74.9546
9908	-75.4343
9909	-75.6325
9910	-75.7889
9911	-75.4486
9912	-75.6316
9913	-75.7343
9914	-75.5003
9915	-75.464
9916	-75.617
9917	-75.4964
9918	-75.3583
9919	-75.7907
9920	-75.7643
9921	-75.1021
9922	-75.1798
9923	-75.6353
9924	-75.0889
9925	-75.4305
9926	-75.4334
9927	-75.6396
9928	-75.5112
9929	-75.4554
9930	-75.6006
9931	-75.9527
9932	-75.4261
9933	-75.2729
9934	-75.1952
9935	-75.7873
9936	-75.5933
9937	-75.379
9938	-75.4304
9939	-75.3015
9940	-75.4526
9941	-75.337
9942	-75.3884
9943	-75.3175
9944	-75.4922
9945	-75.5009
9946	-75.6544
9947	-75.7352
9948	-75.5224
9949	-75.5252
9950	-75.4059
9951	-75.4078
9952	-75.2973
9953	-75.1701
9954	-75.3187
9955	-75.2394
9956	-75.4714
9957	-75.4084
9958	-75.3797
9959	-75.4546
9960	-75.4769
9961	-75.5924
9962	-75.5219
9963	-75.5028
9964	-75.2199
9965	-75.4291
9966	-76.0134
9967	-75.7403
9968	-75.6157
9969	-75.4458
9970	-75.5558
9971	-75.4599
9972	-75.601
9973	-75.7086
9974	-75.4256
9975	-75.8482
9976	-75.4307
9977	-75.2903
9978	-75.5238
9979	-75.7837
9980	-75.9978
9981	-75.6339
9982	-75.2355
9983	-75.0027
9984	-75.583
9985	-75.4341
9986	-75.4832
9987	-75.8529
9988	-76.1181
9989	-75.5438
9990	-75.6314
9991	-75.2133
9992	-75.2047
9993	-75.548
9994	-75.2258
9995	-75.1365
9996	-75.5475
9997	-75.3021
9998	-75.3706
9999	-75.3494
10000	-75.4359
10001	-75.5526
10002	-75.7415
10003	-76.1576
10004	-75.9871
10005	-76.02
10006	-75.7456
10007	-75.549
10008	-75.769
10009	-76.0242
10010	-76.0095
10011	-75.6495
10012	-75.4017
10013	-75.2369
10014	-75.3374
10015	-75.3625
10016	-75.2451
10017	-75.5268
10018	-75.3875
10019	-75.6394
10020	-75.7706
10021	-75.9435
10022	-75.732
10023	-75.9678
10024	-75.7327
10025	-75.1753
10026	-75.2472
10027	-75.5087
10028	-75.7178
10029	-76.0732
10030	-75.8711
10031	-75.5836
10032	-75.0801
10033	-75.5572
10034	-75.9572
10035	-76.1434
10036	-75.71
10037	-75.5264
10038	-75.693
10039	-75.57
10040	-75.4833
10041	-75.5907
10042	-75.7895
10043	-75.4714
10044	-75.4474
10045	-75.7601
10046	-75.8166
10047	-76.0303
10048	-75.8045
10049	-75.7458
10050	-75.9551
10051	-75.4211
10052	-75.3991
10053	-75.5636
10054	-75.4955
10055	-75.3924
10056	-75.811
10057	-75.9068
10058	-75.5549
10059	-75.284
10060	-75.1776
10061	-75.5219
10062	-75.4162
10063	-75.3755
10064	-75.4013
10065	-75.5421
10066	-75.5421
10067	-75.5544
10068	-75.2406
10069	-75.541
10070	-75.6115
10071	-75.4969
10072	-75.7485
10073	-75.4565
10074	-75.318
10075	-75.3089
10076	-75.6583
10077	-75.4404
10078	-75.3473
10079	-75.6823
10080	-75.1453
10081	-75.1988
10082	-75.3186
10083	-75.332
10084	-75.4609
10085	-75.1581
10086	-75.3888
10087	-75.4416
10088	-75.1687
10089	-75.4085
10090	-75.2851
10091	-75.4484
10092	-75.7833
10093	-75.7241
10094	-75.5659
10095	-75.623
10096	-75.5818
10097	-75.1475
10098	-75.4445
10099	-75.7501
10100	-75.7518
10101	-75.618
10102	-75.7352
10103	-75.9797
10104	-75.7693
10105	-75.5367
10106	-75.5324
10107	-75.5282
10108	-75.5359
10109	-75.7966
10110	-75.7947
10111	-75.8624
10112	-75.7291
10113	-75.4184
10114	-75.3836
10115	-75.6319
10116	-75.6948
10117	-75.9282
10118	-75.112
10119	-75.2739
10120	-75.4244
10121	-75.683
10122	-75.416
10123	-75.4506
10124	-75.5441
10125	-75.6838
10126	-75.6558
10127	-76.2945
10128	-75.4815
10129	-75.7955
10130	-75.7846
10131	-75.7107
10132	-75.3729
10133	-75.5873
10134	-75.8265
10135	-75.4664
10136	-75.5148
10137	-75.5639
10138	-75.8837
10139	-75.3663
10140	-75.3058
10141	-75.4956
10142	-75.317
10143	-75.7951
10144	-76.1685
10145	-75.7012
10146	-75.833
10147	-75.7014
10148	-75.671
10149	-75.735
10150	-75.3813
10151	-75.5607
10152	-75.4011
10153	-75.2322
10154	-75.6692
10155	-75.9037
10156	-75.4805
10157	-75.0122
10158	-75.5275
10159	-75.7488
10160	-75.5087
10161	-75.7469
10162	-75.4537
10163	-75.7295
10164	-75.6852
10165	-75.6495
10166	-75.4573
10167	-76.0561
10168	-76.05
10169	-75.5909
10170	-75.5878
10171	-75.488
10172	-75.6289
10173	-75.3167
10174	-75.3369
10175	-75.352
10176	-75.3872
10177	-75.4932
10178	-75.9201
10179	-75.8283
10180	-75.9458
10181	-75.5037
10182	-75.2709
10183	-75.5874
10184	-75.0486
10185	-75.6675
10186	-75.6024
10187	-75.378
10188	-75.5489
10189	-75.6569
10190	-75.9215
10191	-75.6385
10192	-75.7512
10193	-75.5417
10194	-75.6578
10195	-75.6315
10196	-75.4095
10197	-75.518
10198	-75.9543
10199	-75.5322
10200	-75.4256
10201	-75.5362
10202	-75.5663
10203	-75.8048
10204	-75.7406
10205	-75.2441
10206	-74.9626
10207	-75.6982
10208	-75.8934
10209	-75.3281
10210	-75.7285
10211	-75.4239
10212	-75.3489
10213	-75.577
10214	-75.5664
10215	-75.4802
10216	-76.2887
10217	-75.8655
10218	-75.6683
10219	-75.6416
10220	-75.8776
10221	-75.7262
10222	-75.8205
10223	-75.6432
10224	-75.9792
10225	-75.8424
10226	-75.4648
10227	-75.4962
10228	-75.4618
10229	-75.9348
10230	-75.7323
10231	-75.756
10232	-76.3859
10233	-75.9107
10234	-75.8617
10235	-75.7086
10236	-75.5417
10237	-75.2664
10238	-75.0669
10239	-75.1846
10240	-75.3819
10241	-75.5736
10242	-75.1586
10243	-75.2281
10244	-75.1064
10245	-75.4096
10246	-75.7662
10247	-75.5861
10248	-75.3709
10249	-75.0964
10250	-75.0429
10251	-75.7148
10252	-75.8218
10253	-75.5039
10254	-75.338
10255	-75.248
10256	-75.7866
10257	-75.7697
10258	-75.2595
10259	-75.504
10260	-75.7696
10261	-75.6585
10262	-75.6361
10263	-75.5318
10264	-75.3312
10265	-75.1549
10266	-75.3421
10267	-75.7445
10268	-75.6509
10269	-75.4043
10270	-75.2636
10271	-75.5665
10272	-75.3076
10273	-75.7095
10274	-75.6731
10275	-75.8867
10276	-75.7211
10277	-75.4716
10278	-75.9325
10279	-75.4918
10280	-75.3767
10281	-75.39
10282	-75.65
10283	-75.9928
10284	-75.9862
10285	-75.4474
10286	-75.478
10287	-75.7387
10288	-75.6954
10289	-75.7322
10290	-75.5352
10291	-75.4946
10292	-75.34
10293	-75.2378
10294	-75.1013
10295	-75.7104
10296	-76.1287
10297	-75.7064
10298	-75.6654
10299	-75.9161
10300	-75.5788
10301	-75.3426
10302	-75.3007
10303	-75.5579
10304	-75.8279
10305	-75.9589
10306	-75.605
10307	-75.3749
10308	-75.5722
10309	-75.5959
10310	-75.6393
10311	-75.5715
10312	-75.5607
10313	-75.1942
10314	-75.1848
10315	-75.1865
10316	-75.0535
10317	-75.3541
10318	-75.7261
10319	-75.3968
10320	-75.2264
10321	-75.3868
10322	-75.7164
10323	-75.8404
10324	-75.5042
10325	-75.2459
10326	-75.4919
10327	-75.6228
10328	-75.5532
10329	-75.3099
10330	-75.4665
10331	-75.4158
10332	-75.6209
10333	-75.5173
10334	-75.5122
10335	-75.793
10336	-75.858
10337	-75.5106
10338	-75.3884
10339	-75.7806
10340	-75.6732
10341	-75.7346
10342	-75.318
10343	-75.5496
10344	-75.5146
10345	-75.6947
10346	-75.5193
10347	-75.2353
10348	-75.7124
10349	-75.5658
10350	-75.6067
10351	-75.5402
10352	-75.273
10353	-75.0147
10354	-75.7957
10355	-75.9414
10356	-75.4642
10357	-75.0466
10358	-75.2853
10359	-75.8085
10360	-75.5285
10361	-75.5752
10362	-75.7029
10363	-75.6507
10364	-75.168
10365	-75.3437
10366	-75.6129
10367	-75.6403
10368	-75.713
10369	-75.5419
10370	-75.8517
10371	-75.618
10372	-75.5405
10373	-75.7792
10374	-75.92
10375	-75.9273
10376	-76.0188
10377	-75.9165
10378	-75.9322
10379	-75.7932
10380	-75.7253
10381	-75.7498
10382	-75.4774
10383	-75.4683
10384	-75.4346
10385	-75.3266
10386	-75.5455
10387	-75.5538
10388	-75.1886
10389	-75.246
10390	-75.4302
10391	-75.4571
10392	-75.4002
10393	-75.5481
10394	-75.5818
10395	-75.8641
10396	-75.6348
10397	-75.3318
10398	-75.4133
10399	-75.5662
10400	-75.3778
10401	-75.7104
10402	-75.4207
10403	-75.3753
10404	-75.6013
10405	-75.5065
10406	-75.7844
10407	-75.6598
10408	-75.5361
10409	-75.5041
10410	-75.4915
10411	-75.4128
10412	-75.716
10413	-75.4407
10414	-75.4796
10415	-75.9792
10416	-75.5729
10417	-75.3297
10418	-75.2773
10419	-75.6598
10420	-75.6092
10421	-75.7214
10422	-75.579
10423	-75.6009
10424	-75.0204
10425	-75.0945
10426	-75.5473
10427	-75.9185
10428	-75.5582
10429	-74.8253
10430	-75.9505
10431	-75.3964
10432	-75.346
10433	-75.6316
10434	-75.7585
10435	-75.9599
10436	-75.5437
10437	-75.3779
10438	-75.6295
10439	-75.7603
10440	-75.7891
10441	-75.7886
10442	-75.6809
10443	-75.5148
10444	-75.643
10445	-75.6663
10446	-75.2358
10447	-75.5294
10448	-75.866
10449	-75.4572
10450	-75.7514
10451	-75.6447
10452	-75.7443
10453	-75.8309
10454	-75.8788
10455	-75.8981
10456	-75.3221
10457	-75.0325
10458	-75.5675
10459	-75.9499
10460	-75.8897
10461	-75.7109
10462	-75.7046
10463	-75.6207
10464	-75.2651
10465	-75.8426
10466	-75.5302
10467	-75.568
10468	-75.6119
10469	-75.1862
10470	-75.5063
10471	-75.685
10472	-75.3285
10473	-75.6531
10474	-75.9532
10475	-75.488
10476	-75.6052
10477	-75.4925
10478	-75.7643
10479	-75.617
10480	-75.6075
10481	-75.6334
10482	-75.1809
10483	-75.0877
10484	-75.3829
10485	-75.609
10486	-75.7
10487	-75.4634
10488	-75.5874
10489	-75.2617
10490	-75.3033
10491	-75.5227
10492	-75.5872
10493	-75.5582
10494	-75.5144
10495	-74.9537
10496	-75.1205
10497	-75.634
10498	-75.5429
10499	-75.8323
10500	-75.5769
10501	-75.3118
10502	-75.2443
10503	-75.5036
10504	-75.5596
10505	-75.2554
10506	-75.257
10507	-75.6176
10508	-75.5514
10509	-75.7911
10510	-75.5856
10511	-75.6419
10512	-75.3789
10513	-75.4727
10514	-75.5042
10515	-75.3585
10516	-75.479
10517	-75.4987
10518	-75.5478
10519	-75.6262
10520	-75.4296
10521	-75.4761
10522	-74.9398
10523	-75.3942
10524	-75.6254
10525	-75.7835
10526	-75.8079
10527	-75.3831
10528	-75.2295
10529	-75.6215
10530	-75.539
10531	-75.6003
10532	-75.2056
10533	-75.3088
10534	-75.1361
10535	-75.3786
10536	-75.869
10537	-75.2705
10538	-75.6849
10539	-75.5833
10540	-75.802
10541	-75.8588
10542	-75.5757
10543	-75.5182
10544	-75.5359
10545	-75.8558
10546	-75.9663
10547	-75.8179
10548	-75.3926
10549	-75.5771
10550	-75.9765
10551	-75.3867
10552	-75.8134
10553	-75.677
10554	-75.5116
10555	-75.2747
10556	-75.1952
10557	-75.5144
10558	-75.3822
10559	-75.7662
10560	-75.613
10561	-75.4481
10562	-75.4216
10563	-75.6424
10564	-75.55
10565	-75.3073
10566	-75.4223
10567	-75.3597
10568	-75.4838
10569	-75.4219
10570	-75.4543
10571	-75.5428
10572	-75.6438
10573	-75.4217
10574	-75.5169
10575	-75.7304
10576	-75.978
10577	-75.4897
10578	-75.5466
10579	-75.3088
10580	-75.6173
10581	-75.7023
10582	-75.6919
10583	-75.0404
10584	-75.2211
10585	-75.0071
10586	-75.3168
10587	-75.7399
10588	-75.6267
10589	-75.5599
10590	-75.7024
10591	-75.7123
10592	-75.7851
10593	-75.8617
10594	-75.5877
10595	-75.4195
10596	-75.7135
10597	-75.8452
10598	-75.3033
10599	-75.542
10600	-75.6874
10601	-75.6947
10602	-75.5852
10603	-75.5421
10604	-75.5386
10605	-75.3849
10606	-75.3074
10607	-75.3238
10608	-75.6346
10609	-75.3786
10610	-75.3365
10611	-75.3932
10612	-75.3909
10613	-75.3924
10614	-75.347
10615	-75.614
10616	-75.867
10617	-75.5642
10618	-74.8625
10619	-75.3431
10620	-75.2174
10621	-75.3737
10622	-75.8338
10623	-75.4508
10624	-75.2363
10625	-75.3494
10626	-75.5824
10627	-75.25
10628	-75.2125
10629	-75.7769
10630	-75.4711
10631	-75.5286
10632	-75.4309
10633	-75.6096
10634	-76.0323
10635	-75.5453
10636	-75.2848
10637	-75.416
10638	-75.5837
10639	-75.944
10640	-76.0833
10641	-76.1814
10642	-75.8499
10643	-75.649
10644	-75.7481
10645	-75.2659
10646	-75.0704
10647	-75.4069
10648	-75.816
10649	-75.5235
10650	-75.8107
10651	-76.086
10652	-75.6989
10653	-75.4172
10654	-75.5157
10655	-75.8463
10656	-75.8351
10657	-75.5511
10658	-75.7974
10659	-75.6924
10660	-75.0852
10661	-75.4476
10662	-75.4425
10663	-75.4727
10664	-75.2427
10665	-75.3967
10666	-75.761
10667	-75.4714
10668	-75.5191
10669	-75.3991
10670	-75.1712
10671	-75.7138
10672	-75.5314
10673	-75.3382
10674	-75.227
10675	-75.1645
10676	-75.2377
10677	-75.7677
10678	-76.0098
10679	-75.8878
10680	-75.3592
10681	-75.7255
10682	-75.8023
10683	-75.9308
10684	-75.8049
10685	-75.5008
10686	-75.4071
10687	-75.2734
10688	-75.5115
10689	-75.8413
10690	-75.5442
10691	-75.563
10692	-75.3512
10693	-75.9944
10694	-75.8118
10695	-75.783
10696	-75.2774
10697	-75.3928
10698	-75.4463
10699	-75.6538
10700	-75.337
10701	-75.636
10702	-75.6733
10703	-75.7111
10704	-75.5578
10705	-75.1557
10706	-75.5235
10707	-75.1827
10708	-75.3491
10709	-76.0151
10710	-75.8763
10711	-75.8251
10712	-75.5621
10713	-75.6438
10714	-75.6707
10715	-75.4839
10716	-75.2348
10717	-74.9984
10718	-74.9769
10719	-75.6911
10720	-75.9094
10721	-75.6777
10722	-75.1183
10723	-74.8748
10724	-75.1288
10725	-75.4479
10726	-75.8114
10727	-75.4006
10728	-75.3042
10729	-75.248
10730	-74.8008
10731	-74.972
10732	-75.3119
10733	-75.2552
10734	-75.5861
10735	-75.4656
10736	-75.7245
10737	-75.2347
10738	-75.6003
10739	-75.4551
10740	-75.4885
10741	-75.1419
10742	-75.1927
10743	-75.4021
10744	-75.1233
10745	-75.3552
10746	-75.4757
10747	-75.2461
10748	-74.9098
10749	-75.4132
10750	-75.7266
10751	-75.3425
10752	-75.2014
10753	-75.6096
10754	-75.858
10755	-75.5696
10756	-75.9765
10757	-75.7688
10758	-75.7012
10759	-75.3873
10760	-75.1367
10761	-75.4688
10762	-75.4601
10763	-75.3721
10764	-75.3348
10765	-75.2767
10766	-75.3087
10767	-75.6084
10768	-75.5417
10769	-75.4661
10770	-75.1714
10771	-75.4769
10772	-75.9007
10773	-75.7206
10774	-75.5317
10775	-75.4498
10776	-75.395
10777	-75.5605
10778	-75.7124
10779	-75.8631
10780	-75.891
10781	-75.8162
10782	-75.9836
10783	-76.3045
10784	-75.5564
10785	-75.4153
10786	-75.4897
10787	-75.5274
10788	-75.8312
10789	-75.7235
10790	-75.6928
10791	-75.6076
10792	-75.4194
10793	-75.2865
10794	-75.3806
10795	-75.3874
10796	-75.3163
10797	-75.3236
10798	-75.4743
10799	-75.261
10800	-75.4913
10801	-75.2839
10802	-75.235
10803	-75.4085
10804	-75.4555
10805	-75.8163
10806	-75.6963
10807	-75.6726
10808	-75.6395
10809	-75.3318
10810	-75.1271
10811	-76.1898
10812	-75.8692
10813	-75.6612
10814	-75.8479
10815	-75.5357
10816	-75.1947
10817	-75.5389
10818	-75.2853
10819	-75.5679
10820	-75.6502
10821	-75.3814
10822	-75.3253
10823	-75.2382
10824	-75.1604
10825	-75.2469
10826	-75.2771
10827	-75.6603
10828	-75.6681
10829	-75.2596
10830	-75.6709
10831	-75.955
10832	-75.6445
10833	-75.4434
10834	-75.3925
10835	-75.4653
10836	-75.8373
10837	-75.4868
10838	-75.7076
10839	-75.4568
10840	-75.7807
10841	-75.6809
10842	-75.8684
10843	-75.7376
10844	-75.5962
10845	-75.1785
10846	-75.0907
10847	-75.5756
10848	-75.7837
10849	-75.5129
10850	-75.4389
10851	-75.069
10852	-75.2831
10853	-75.5892
10854	-75.2127
10855	-75.5284
10856	-75.0951
10857	-75.394
10858	-75.7146
10859	-75.7835
10860	-75.7757
10861	-75.5729
10862	-75.8515
10863	-75.7971
10864	-75.9092
10865	-75.4884
10866	-75.8526
10867	-76.1831
10868	-75.8031
10869	-75.5036
10870	-75.7454
10871	-76.2021
10872	-75.6905
10873	-75.4536
10874	-75.2562
10875	-75.6498
10876	-75.7327
10877	-75.6178
10878	-75.4004
10879	-75.9399
10880	-75.6337
10881	-75.5741
10882	-75.4264
10883	-75.797
10884	-75.4889
10885	-75.2763
10886	-75.6911
10887	-75.7087
10888	-75.5465
10889	-75.4211
10890	-75.5882
10891	-75.0768
10892	-75.154
10893	-75.1508
10894	-75.2177
10895	-75.2178
10896	-75.2067
10897	-75.3625
10898	-75.4675
10899	-75.1978
10900	-75.6436
10901	-75.2433
10902	-75.333
10903	-75.4302
10904	-75.3257
10905	-75.2291
10906	-75.6737
10907	-75.9474
10908	-75.5002
10909	-75.7192
10910	-75.7465
10911	-75.5212
10912	-75.6558
10913	-75.7339
10914	-75.5993
10915	-75.1712
10916	-75.4832
10917	-75.7821
10918	-75.7692
10919	-75.2539
10920	-75.4587
10921	-75.3775
10922	-75.0789
10923	-75.2358
10924	-75.3002
10925	-75.4104
10926	-75.6422
10927	-75.788
10928	-75.9632
10929	-75.7324
10930	-75.9254
10931	-75.4243
10932	-75.2165
10933	-75.1374
10934	-75.342
10935	-75.4983
10936	-75.5491
10937	-75.2961
10938	-75.7725
10939	-75.7988
10940	-75.4313
10941	-75.315
10942	-75.7592
10943	-75.4729
10944	-75.4943
10945	-75.6064
10946	-75.8645
10947	-75.8557
10948	-75.8578
10949	-75.7552
10950	-75.8692
10951	-75.5488
10952	-75.5477
10953	-75.5089
10954	-75.6199
10955	-75.2813
10956	-75.2158
10957	-75.6153
10958	-75.6959
10959	-75.541
10960	-75.4322
10961	-75.3941
10962	-75.7465
10963	-76.066
10964	-75.511
10965	-75.7172
10966	-75.1683
10967	-74.9975
10968	-75.2973
10969	-75.5381
10970	-75.3124
10971	-75.2508
10972	-75.0912
10973	-74.9651
10974	-75.5105
10975	-75.9121
10976	-75.5786
10977	-75.5192
10978	-75.2442
10979	-75.5448
10980	-75.6812
10981	-75.7734
10982	-75.8893
10983	-75.6116
10984	-75.4403
10985	-75.5464
10986	-75.5083
10987	-75.6669
10988	-75.5176
10989	-75.0632
10990	-75.4183
10991	-75.1436
10992	-75.0549
10993	-75.5311
10994	-75.3734
10995	-75.112
10996	-75.3728
10997	-75.6565
10998	-75.4999
10999	-75.652
11000	-75.4877
11001	-75.6053
11002	-75.6993
11003	-75.2254
11004	-75.4064
11005	-75.6237
11006	-75.4231
11007	-75.7404
11008	-75.5738
11009	-75.6124
11010	-75.515
11011	-75.7237
11012	-75.5789
11013	-75.4246
11014	-75.2983
11015	-75.3933
11016	-75.6474
11017	-75.2408
11018	-75.2985
11019	-75.4631
11020	-75.6455
11021	-75.884
11022	-75.5726
11023	-75.482
11024	-75.3679
11025	-75.6883
11026	-75.3407
11027	-75.2898
11028	-75.38
11029	-75.6245
11030	-75.3865
11031	-75.5156
11032	-75.3524
11033	-75.6309
11034	-75.7193
11035	-75.7922
11036	-75.3361
11037	-75.1954
11038	-75.4818
11039	-75.9051
11040	-76.0967
11041	-75.8297
11042	-75.7894
11043	-75.8409
11044	-76.0266
11045	-75.4752
11046	-75.5978
11047	-75.9747
11048	-75.3904
11049	-74.8482
11050	-75.3902
11051	-75.2243
11052	-75.6899
11053	-75.4402
11054	-75.5062
11055	-75.4229
11056	-75.2931
11057	-75.0944
11058	-75.5115
11059	-75.5144
11060	-75.475
11061	-75.2392
11062	-75.7197
11063	-75.4408
11064	-75.2995
11065	-75.4812
11066	-75.7965
11067	-75.9748
11068	-75.5361
11069	-75.7201
11070	-75.561
11071	-75.4443
11072	-75.3606
11073	-75.2438
11074	-75.4094
11075	-75.3644
11076	-75.3883
11077	-75.4799
11078	-75.6383
11079	-75.6211
11080	-75.5507
11081	-75.4333
11082	-75.6828
11083	-75.2557
11084	-75.2883
11085	-75.6464
11086	-75.3853
11087	-75.4481
11088	-75.3757
11089	-75.4682
11090	-75.3357
11091	-75.5583
11092	-75.8228
11093	-75.3557
11094	-75.334
11095	-75.3568
11096	-75.3682
11097	-75.7191
11098	-75.6006
11099	-75.3334
11100	-75.5465
11101	-75.1532
11102	-75.0775
11103	-75.2411
11104	-75.7663
11105	-75.7887
11106	-75.7589
11107	-75.5958
11108	-75.279
11109	-75.0846
11110	-75.0631
11111	-75.1763
11112	-75.7282
11113	-75.455
11114	-75.6121
11115	-75.7024
11116	-75.7069
11117	-75.9037
11118	-75.584
11119	-75.4325
11120	-75.5036
11121	-75.347
11122	-75.5125
11123	-75.8637
11124	-75.5905
11125	-75.456
11126	-75.7066
11127	-75.7376
11128	-75.6067
11129	-75.6738
11130	-75.626
11131	-75.7641
11132	-75.5743
11133	-75.1781
11134	-75.6712
11135	-76.0855
11136	-75.665
11137	-75.5915
11138	-75.6817
11139	-75.3541
11140	-75.1054
11141	-75.2222
11142	-75.3917
11143	-75.6081
11144	-75.4581
11145	-75.5229
11146	-75.3353
11147	-75.54
11148	-75.8089
11149	-75.8484
11150	-75.7159
11151	-75.4549
11152	-75.2186
11153	-75.5347
11154	-75.5141
11155	-75.6204
11156	-75.6712
11157	-75.5962
11158	-75.8254
11159	-75.2186
11160	-75.4241
11161	-75.7983
11162	-75.4103
11163	-75.431
11164	-75.8
11165	-75.3252
11166	-75.1149
11167	-75.3374
11168	-75.5062
11169	-75.7885
11170	-75.4424
11171	-75.2099
11172	-75.4061
11173	-75.9888
11174	-75.7156
11175	-75.4001
11176	-76.1284
11177	-75.5876
11178	-75.5984
11179	-75.4844
11180	-75.5035
11181	-75.654
11182	-76.0053
11183	-76.0762
11184	-75.7327
11185	-75.5656
11186	-75.4732
11187	-75.3698
11188	-75.4892
11189	-75.3787
11190	-75.5118
11191	-75.891
11192	-75.5631
11193	-75.4801
11194	-75.5095
11195	-76.1753
11196	-75.6042
11197	-75.5616
11198	-75.6001
11199	-75.4803
11200	-75.6733
11201	-75.5216
11202	-75.107
11203	-75.4134
11204	-75.3487
11205	-75.0265
11206	-75.4607
11207	-75.6044
11208	-75.4956
11209	-75.3551
11210	-75.4842
11211	-75.6753
11212	-75.8125
11213	-75.6274
11214	-75.5142
11215	-75.5331
11216	-75.6985
11217	-75.467
11218	-75.1963
11219	-75.5209
11220	-75.2316
11221	-75.3175
11222	-75.2799
11223	-75.175
11224	-75.4824
11225	-75.692
11226	-75.4397
11227	-75.477
11228	-75.6593
11229	-75.7789
11230	-75.7829
11231	-75.8101
11232	-75.2281
11233	-75.2298
11234	-75.6007
11235	-75.6114
11236	-75.6279
11237	-75.4937
11238	-75.8487
11239	-75.8439
11240	-75.4807
11241	-75.3962
11242	-75.2027
11243	-75.3182
11244	-75.5454
11245	-75.3356
11246	-75.0307
11247	-75.237
11248	-75.4446
11249	-75.8229
11250	-75.8003
11251	-75.7473
11252	-75.4133
11253	-75.5828
11254	-75.696
11255	-75.462
11256	-75.3558
11257	-75.486
11258	-75.5383
11259	-75.6083
11260	-75.6661
11261	-75.178
11262	-75.6131
11263	-75.7023
11264	-75.8075
11265	-76.0409
11266	-75.8246
11267	-75.843
11268	-75.9625
11269	-75.7286
11270	-75.8946
11271	-75.4205
11272	-75.3777
11273	-75.5114
11274	-75.5452
11275	-75.4471
11276	-75.5554
11277	-75.8329
11278	-75.5225
11279	-75.4729
11280	-75.3715
11281	-75.6584
11282	-75.631
11283	-75.4955
11284	-75.6089
11285	-75.2278
11286	-75.1706
11287	-75.1197
11288	-75.4385
11289	-75.6965
11290	-75.4225
11291	-75.071
11292	-75.1751
11293	-75.7172
11294	-75.8085
11295	-75.9634
11296	-76.1577
11297	-75.8344
11298	-75.6079
11299	-75.3853
11300	-75.3356
11301	-75.6674
11302	-75.6943
11303	-75.5836
11304	-75.5747
11305	-75.5346
11306	-75.4976
11307	-75.7299
11308	-75.8057
11309	-75.4246
11310	-75.3609
11311	-75.4239
11312	-75.4107
11313	-75.1093
11314	-75.4026
11315	-75.2884
11316	-75.6899
11317	-75.4781
11318	-75.2349
11319	-75.2223
11320	-75.7986
11321	-75.4015
11322	-75.4827
11323	-75.4199
11324	-75.3474
11325	-75.8533
11326	-75.3388
11327	-75.4597
11328	-75.7038
11329	-75.4992
11330	-75.4609
11331	-75.8278
11332	-75.4192
11333	-75.3488
11334	-75.88
11335	-75.7565
11336	-75.5734
11337	-75.4674
11338	-75.2043
11339	-75.5914
11340	-75.5038
11341	-75.5302
11342	-75.3469
11343	-74.9176
11344	-74.9582
11345	-75.0648
11346	-75.4119
11347	-75.3424
11348	-75.4339
11349	-75.3844
11350	-75.5169
11351	-75.347
11352	-75.5847
11353	-76.1204
11354	-75.8357
11355	-75.4325
11356	-75.5031
11357	-75.4979
11358	-75.3283
11359	-75.5533
11360	-75.7293
11361	-76.1041
11362	-76.097
11363	-75.9565
11364	-75.4604
11365	-75.3529
11366	-75.3474
11367	-75.8287
11368	-75.744
11369	-75.1419
11370	-75.6115
11371	-75.6508
11372	-75.5282
11373	-75.7255
11374	-75.4613
11375	-75.2361
11376	-75.2571
11377	-75.3927
11378	-75.5552
11379	-75.6553
11380	-75.6416
11381	-75.7017
11382	-75.6905
11383	-75.4096
11384	-75.2955
11385	-75.2652
11386	-75.0664
11387	-75.1877
11388	-75.8296
11389	-75.8526
11390	-75.5744
11391	-75.4653
11392	-75.4923
11393	-75.3845
11394	-75.6946
11395	-75.2153
11396	-75.3168
11397	-75.4367
11398	-75.6531
11399	-75.5342
11400	-75.4747
11401	-75.4004
11402	-75.6654
11403	-75.6724
11404	-74.9919
11405	-75.377
11406	-75.5121
11407	-75.5702
11408	-75.6924
11409	-75.4099
11410	-75.5449
11411	-75.9362
11412	-75.9294
11413	-75.7369
11414	-75.5927
11415	-75.3982
11416	-75.1869
11417	-75.2534
11418	-74.8901
11419	-75.4793
11420	-75.5403
11421	-75.5547
11422	-75.9677
11423	-75.2999
11424	-75.3147
11425	-75.7165
11426	-75.6532
11427	-75.9314
11428	-76.1156
11429	-76.0231
11430	-76.0168
11431	-75.6563
11432	-75.4621
11433	-75.3341
11434	-75.5833
11435	-75.7016
11436	-75.5883
11437	-75.6777
11438	-75.6211
11439	-75.5172
11440	-75.1018
11441	-75.4502
11442	-75.6723
11443	-75.8353
11444	-75.3668
11445	-75.4541
11446	-75.4493
11447	-75.6493
11448	-75.473
11449	-75.5867
11450	-75.3558
11451	-74.8711
11452	-75.1957
11453	-75.6056
11454	-75.4152
11455	-75.7254
11456	-75.7815
11457	-75.7409
11458	-75.7356
11459	-75.4528
11460	-75.6902
11461	-75.983
11462	-75.6584
11463	-75.3959
11464	-75.4778
11465	-75.4548
11466	-75.3157
11467	-75.5082
11468	-75.5473
11469	-75.3792
11470	-75.3489
11471	-75.7943
11472	-75.271
11473	-75.19
11474	-75.4541
11475	-75.5171
11476	-75.7076
11477	-75.3917
11478	-75.2335
11479	-75.4434
11480	-75.5387
11481	-74.9696
11482	-74.8967
11483	-75.0456
11484	-75.5132
11485	-75.4081
11486	-75.3226
11487	-75.5486
11488	-75.5526
11489	-75.6825
11490	-75.991
11491	-75.481
11492	-75.4317
11493	-75.515
11494	-75.718
11495	-75.9536
11496	-76.3344
11497	-75.5163
11498	-75.6959
11499	-75.5596
11500	-75.815
11501	-75.8397
11502	-75.5195
11503	-75.5826
11504	-75.6702
11505	-76.2278
11506	-75.6892
11507	-75.6236
11508	-75.2313
11509	-75.3156
11510	-75.5101
11511	-75.6857
11512	-75.3142
11513	-75.2601
11514	-75.332
11515	-75.0813
11516	-75.2327
11517	-75.4522
11518	-74.9482
11519	-75.3718
11520	-75.7444
11521	-75.7501
11522	-75.6155
11523	-75.6657
11524	-75.5531
11525	-75.6133
11526	-75.6472
11527	-75.8011
11528	-76.0361
11529	-75.7607
11530	-75.6947
11531	-75.5436
11532	-75.8844
11533	-75.5528
11534	-75.6402
11535	-75.7618
11536	-75.8019
11537	-75.7903
11538	-75.4217
11539	-75.5648
11540	-75.4348
11541	-75.3328
11542	-76.0979
11543	-75.6702
11544	-75.7508
11545	-75.6268
11546	-74.9696
11547	-75.424
11548	-75.737
11549	-75.5621
11550	-75.6484
11551	-75.6991
11552	-75.7251
11553	-75.6264
11554	-75.6198
11555	-75.715
11556	-75.5815
11557	-75.4373
11558	-75.6852
11559	-75.8364
11560	-76.0642
11561	-75.34
11562	-75.5034
11563	-75.6885
11564	-75.5081
11565	-75.522
11566	-75.1413
11567	-75.2019
11568	-75.5866
11569	-75.8981
11570	-75.0884
11571	-74.8948
11572	-75.1243
11573	-75.4197
11574	-75.6068
11575	-75.5436
11576	-75.4693
11577	-75.7437
11578	-75.4962
11579	-75.3564
11580	-75.3652
11581	-75.3481
11582	-75.4623
11583	-75.2315
11584	-75.1902
11585	-75.4702
11586	-76.1249
11587	-75.9196
11588	-75.6158
11589	-75.9059
11590	-75.3515
11591	-75.2369
11592	-75.3833
11593	-75.4402
11594	-75.6139
11595	-75.8292
11596	-75.6182
11597	-75.6497
11598	-75.7707
11599	-75.7041
11600	-75.4903
11601	-75.7581
11602	-75.6902
11603	-75.0555
11604	-75.5705
11605	-75.7092
11606	-75.7936
11607	-75.558
11608	-75.6537
11609	-75.2734
11610	-75.1492
11611	-75.3468
11612	-75.7889
11613	-75.8356
11614	-75.1669
11615	-75.6045
11616	-75.9229
11617	-75.7317
11618	-75.2537
11619	-74.9218
11620	-75.5501
11621	-75.4558
11622	-75.8272
11623	-75.3209
11624	-75.298
11625	-75.5737
11626	-75.6452
11627	-75.6181
11628	-75.8494
11629	-75.6618
11630	-75.3073
11631	-75.5095
11632	-75.8851
11633	-75.5519
11634	-75.4165
11635	-75.3794
11636	-75.7781
11637	-75.9639
11638	-75.8616
11639	-75.6299
11640	-75.6489
11641	-75.0637
11642	-75.4225
11643	-75.6406
11644	-75.8935
11645	-75.8461
11646	-75.2002
11647	-74.9613
11648	-75.1687
11649	-75.2782
11650	-75.5348
11651	-75.652
11652	-75.7521
11653	-75.2553
11654	-75.7063
11655	-75.5611
11656	-75.2108
11657	-75.2752
11658	-75.1208
11659	-75.385
11660	-75.0082
11661	-75.4182
11662	-75.209
11663	-75.371
11664	-75.1801
11665	-75.4726
11666	-75.5941
11667	-75.6357
11668	-75.2279
11669	-74.9948
11670	-75.6757
11671	-75.6993
11672	-75.4324
11673	-75.4383
11674	-75.8423
11675	-75.8504
11676	-75.4948
11677	-75.2739
11678	-75.1667
11679	-75.3121
11680	-75.5441
11681	-75.3716
11682	-75.4691
11683	-75.3703
11684	-75.4612
11685	-75.979
11686	-75.8418
11687	-75.3808
11688	-75.0439
11689	-75.0305
11690	-75.2369
11691	-75.3525
11692	-75.4953
11693	-75.5258
11694	-75.8734
11695	-75.4658
11696	-75.956
11697	-75.3801
11698	-75.5208
11699	-75.7718
11700	-76.0236
11701	-75.7467
11702	-75.36
11703	-75.0623
11704	-75.7869
11705	-75.8782
11706	-75.6003
11707	-75.7252
11708	-75.3216
11709	-74.9448
11710	-75.2611
11711	-75.1461
11712	-75.4544
11713	-75.7478
11714	-75.4263
11715	-75.8303
11716	-75.5455
11717	-75.7442
11718	-75.6368
11719	-75.5429
11720	-75.2893
11721	-74.9673
11722	-75.2715
11723	-75.3428
11724	-75.8922
11725	-75.145
11726	-74.934
11727	-75.8744
11728	-75.9188
11729	-75.7207
11730	-75.6563
11731	-75.5016
11732	-75.5613
11733	-75.7639
11734	-75.7326
11735	-75.5372
11736	-75.7487
11737	-75.5791
11738	-75.7417
11739	-75.7106
11740	-75.3133
11741	-75.4774
11742	-75.589
11743	-75.6384
11744	-75.3421
11745	-75.4245
11746	-75.3381
11747	-75.5121
11748	-75.8787
11749	-75.6979
11750	-75.5548
11751	-75.7377
11752	-75.5626
11753	-75.9652
11754	-75.4822
11755	-75.6681
11756	-75.3109
11757	-74.9128
11758	-75.3001
11759	-75.6867
11760	-75.9174
11761	-75.8084
11762	-75.4775
11763	-75.3602
11764	-75.2917
11765	-75.61
11766	-75.8932
11767	-75.7283
11768	-76.0605
11769	-75.4175
11770	-75.5977
11771	-75.7302
11772	-75.7607
11773	-75.4902
11774	-75.619
11775	-75.5142
11776	-75.5858
11777	-75.2575
11778	-75.0855
11779	-75.1787
11780	-75.5747
11781	-75.5075
11782	-75.4155
11783	-75.6807
11784	-75.3893
11785	-75.1066
11786	-75.6005
11787	-75.8595
11788	-75.7223
11789	-75.3272
11790	-75.2005
11791	-75.684
11792	-76.1741
11793	-75.8268
11794	-75.3617
11795	-75.3428
11796	-75.3869
11797	-75.7984
11798	-75.8805
11799	-75.9772
11800	-75.7657
11801	-75.6398
11802	-75.6607
11803	-75.8939
11804	-76.1046
11805	-75.9084
11806	-76.1055
11807	-75.3628
11808	-75.3334
11809	-75.5941
11810	-75.0427
11811	-75.3481
11812	-75.7196
11813	-75.6889
11814	-75.2699
11815	-75.3572
11816	-75.6158
11817	-75.5403
11818	-75.3676
11819	-75.2559
11820	-75.1476
11821	-75.7037
11822	-75.915
11823	-75.4112
11824	-75.4184
11825	-75.4735
11826	-75.6619
11827	-75.495
11828	-75.5573
11829	-75.3704
11830	-75.6153
11831	-75.9169
11832	-75.8166
11833	-75.5994
11834	-75.3301
11835	-75.2294
11836	-75.4755
11837	-75.5001
11838	-75.6603
11839	-75.5541
11840	-75.6259
11841	-75.7717
11842	-75.6131
11843	-75.3696
11844	-75.2085
11845	-75.6551
11846	-75.7749
11847	-75.7378
11848	-75.892
11849	-75.3668
11850	-75.0184
11851	-75.7685
11852	-75.8255
11853	-75.613
11854	-75.7998
11855	-75.4791
11856	-75.087
11857	-75.296
11858	-75.6953
11859	-75.4522
11860	-75.2228
11861	-75.3716
11862	-75.5631
11863	-75.7921
11864	-75.5118
11865	-75.5517
11866	-75.9672
11867	-75.744
11868	-75.835
11869	-75.292
11870	-75.5505
11871	-75.4505
11872	-75.4307
11873	-75.4119
11874	-75.6128
11875	-75.316
11876	-75.3791
11877	-75.5221
11878	-75.627
11879	-74.8187
11880	-75.4638
11881	-75.6331
11882	-75.3841
11883	-75.4316
11884	-75.6007
11885	-75.8006
11886	-75.7326
11887	-75.5804
11888	-75.7198
11889	-75.7498
11890	-75.7181
11891	-75.6634
11892	-75.3574
11893	-75.7183
11894	-75.6097
11895	-75.5725
11896	-75.9079
11897	-76.0792
11898	-75.873
11899	-75.7239
11900	-75.7666
11901	-75.7016
11902	-75.9859
11903	-75.4504
11904	-75.2335
11905	-75.4672
11906	-75.5205
11907	-75.4223
11908	-75.5523
11909	-75.6035
11910	-75.5183
11911	-75.3289
11912	-75.4473
11913	-75.671
11914	-75.3263
11915	-75.7588
11916	-75.8732
11917	-75.8808
11918	-75.6459
11919	-76.0187
11920	-75.5748
11921	-75.3089
11922	-74.9359
11923	-75.168
11924	-75.4036
11925	-75.4244
11926	-75.4428
11927	-75.424
11928	-75.6901
11929	-75.6083
11930	-75.2037
11931	-75.7015
11932	-75.9421
11933	-75.8034
11934	-75.783
11935	-75.5112
11936	-75.4683
11937	-76.0349
11938	-75.894
11939	-75.7436
11940	-75.4855
11941	-75.536
11942	-75.5102
11943	-75.6505
11944	-75.7838
11945	-75.5481
11946	-75.2991
11947	-75.4097
11948	-75.3287
11949	-75.4858
11950	-75.2202
11951	-75.4267
11952	-75.5254
11953	-75.503
11954	-75.4233
11955	-75.1572
11956	-75.4822
11957	-75.4935
11958	-75.5916
11959	-75.6671
11960	-75.4773
11961	-75.3463
11962	-75.5053
11963	-75.4615
11964	-75.7078
11965	-75.5721
11966	-75.8542
11967	-75.8637
11968	-75.517
11969	-75.3438
11970	-75.9174
11971	-75.8131
11972	-75.4337
11973	-75.5694
11974	-75.5982
11975	-75.8669
11976	-75.805
11977	-75.4011
11978	-75.1111
11979	-75.4593
11980	-75.4824
11981	-75.5349
11982	-75.4297
11983	-75.2473
11984	-75.2758
11985	-75.3328
11986	-75.3812
11987	-75.4067
11988	-75.3875
11989	-75.7082
11990	-75.7195
11991	-75.6082
11992	-76.0721
11993	-76.0653
11994	-75.7834
11995	-75.5404
11996	-75.7665
11997	-75.7259
11998	-75.7563
11999	-75.1285
12000	-75.2393
12001	-75.3215
12002	-76.0679
12003	-75.7721
12004	-75.5259
12005	-75.461
12006	-75.4032
12007	-75.212
12008	-75.5378
12009	-75.9419
12010	-75.582
12011	-75.5277
12012	-75.6539
12013	-75.6625
12014	-75.5481
12015	-75.8271
12016	-75.8705
12017	-75.4827
12018	-75.8076
12019	-75.8413
12020	-75.836
12021	-75.6134
12022	-75.5501
12023	-75.4863
12024	-75.6508
12025	-75.5653
12026	-75.6454
12027	-76.2933
12028	-75.6355
12029	-75.4083
12030	-75.743
12031	-75.8469
12032	-75.4278
12033	-75.6056
12034	-75.3693
12035	-75.1303
12036	-75.2943
12037	-75.7385
12038	-75.6271
12039	-75.1763
12040	-75.4051
12041	-75.5509
12042	-75.6723
12043	-75.6274
12044	-75.9562
12045	-75.8661
12046	-75.5524
12047	-75.336
12048	-75.6956
12049	-75.8371
12050	-75.4589
12051	-75.1444
12052	-75.5385
12053	-75.5804
12054	-75.4679
12055	-75.8436
12056	-75.7062
12057	-75.4986
12058	-76.0139
12059	-75.7512
12060	-75.6218
12061	-75.6226
12062	-75.6809
12063	-75.3247
12064	-75.2683
12065	-75.4667
12066	-75.7071
12067	-75.6928
12068	-75.703
12069	-75.6036
12070	-75.9846
12071	-75.8882
12072	-76.0431
12073	-75.6976
12074	-75.2739
12075	-75.447
12076	-75.2708
12077	-75.3458
12078	-75.8722
12079	-75.9276
12080	-75.7167
12081	-75.7873
12082	-75.6549
12083	-75.819
12084	-75.8634
12085	-75.8825
12086	-75.5439
12087	-75.147
12088	-75.5167
12089	-75.6373
12090	-75.9948
12091	-75.6249
12092	-76.1345
12093	-76.0007
12094	-75.5426
12095	-75.4649
12096	-75.4678
12097	-75.1478
12098	-75.2528
12099	-75.7445
12100	-75.8351
12101	-75.752
12102	-75.5738
12103	-75.5753
12104	-75.5892
12105	-75.3063
12106	-75.7327
12107	-76.1585
12108	-75.75
12109	-75.5127
12110	-75.2921
12111	-75.6307
12112	-75.5806
12113	-75.3359
12114	-75.5423
12115	-75.9273
12116	-75.8019
12117	-75.5843
12118	-75.2244
12119	-75.3966
12120	-75.383
12121	-75.4641
12122	-75.3814
12123	-75.4233
12124	-75.4681
12125	-75.5812
12126	-75.8087
12127	-75.6553
12128	-75.4269
12129	-75.6009
12130	-75.5277
12131	-75.6589
12132	-75.1953
12133	-75.0659
12134	-75.525
12135	-75.5957
12136	-75.8676
12137	-75.3654
12138	-75.2554
12139	-75.4891
12140	-75.4564
12141	-75.4935
12142	-75.3846
12143	-75.219
12144	-75.6034
12145	-75.8877
12146	-75.5659
12147	-75.219
12148	-75.4101
12149	-75.0856
12150	-75.3207
12151	-75.1021
12152	-74.9136
12153	-75.139
12154	-75.6001
12155	-75.5658
12156	-75.6774
12157	-75.5782
12158	-75.6773
12159	-75.6353
12160	-75.4169
12161	-75.6264
12162	-75.4966
12163	-75.3943
12164	-74.9671
12165	-75.4084
12166	-75.5739
12167	-75.5871
12168	-75.6254
12169	-75.2661
12170	-75.8451
12171	-75.4916
12172	-75.9758
12173	-75.8243
12174	-75.458
12175	-75.5314
12176	-75.6664
12177	-75.167
12178	-75.3118
12179	-75.5828
12180	-75.6835
12181	-75.6415
12182	-75.6414
12183	-75.8362
12184	-75.3066
12185	-75.5402
12186	-75.4857
12187	-75.631
12188	-75.4561
12189	-75.5915
12190	-75.493
12191	-75.5679
12192	-75.7189
12193	-75.5725
12194	-75.7687
12195	-75.7927
12196	-75.6173
12197	-75.6458
12198	-75.8743
12199	-75.5906
12200	-75.4973
12201	-75.1194
12202	-75.3377
12203	-75.3406
12204	-75.4083
12205	-75.6163
12206	-76.1512
12207	-76.0959
12208	-75.4929
12209	-75.3612
12210	-75.6539
12211	-75.8476
12212	-75.598
12213	-75.7429
12214	-75.6493
12215	-75.7784
12216	-75.6738
12217	-75.2823
12218	-75.4356
12219	-75.6596
12220	-75.5841
12221	-75.2269
12222	-75.5857
12223	-75.7301
12224	-75.4309
12225	-75.7241
12226	-75.6644
12227	-75.8051
12228	-75.4621
12229	-75.3458
12230	-75.3307
12231	-75.3795
12232	-75.8116
12233	-75.4519
12234	-75.5181
12235	-75.3641
12236	-75.5821
12237	-76.0814
12238	-75.9798
12239	-75.4845
12240	-75.5111
12241	-75.2259
12242	-75.5092
12243	-75.7089
12244	-76.0172
12245	-75.6416
12246	-75.2852
12247	-75.4548
12248	-75.5567
12249	-75.4836
12250	-75.4352
12251	-75.1081
12252	-74.9877
12253	-75.6254
12254	-75.132
12255	-75.2542
12256	-75.51
12257	-75.4516
12258	-75.6659
12259	-75.8473
12260	-76.0256
12261	-75.5832
12262	-75.7644
12263	-75.1919
12264	-75.3077
12265	-75.6756
12266	-76.0807
12267	-75.7024
12268	-75.9587
12269	-75.5514
12270	-75.4396
12271	-75.478
12272	-75.4618
12273	-75.9828
12274	-75.6164
12275	-75.7239
12276	-75.7606
12277	-75.7911
12278	-75.5531
12279	-75.2912
12280	-75.3415
12281	-75.0452
12282	-75.1052
12283	-75.038
12284	-75.4288
12285	-75.8483
12286	-75.5928
12287	-75.4752
12288	-75.3197
12289	-75.4463
12290	-75.2773
12291	-75.5856
12292	-75.4436
12293	-75.4166
12294	-75.3264
12295	-75.7802
12296	-75.6642
12297	-75.6071
12298	-75.5187
12299	-75.634
12300	-75.7266
12301	-75.9635
12302	-75.4633
12303	-75.4932
12304	-75.6487
12305	-75.3159
12306	-75.1261
12307	-75.3531
12308	-75.855
12309	-75.9041
12310	-75.5595
12311	-75.3664
12312	-75.2818
12313	-75.6942
12314	-75.6521
12315	-75.7873
12316	-75.6264
12317	-75.2587
12318	-74.9275
12319	-75.4645
12320	-75.214
12321	-75.1316
12322	-75.3458
12323	-75.107
12324	-75.4151
12325	-75.462
12326	-75.549
12327	-75.726
12328	-75.7176
12329	-75.1841
12330	-75.3914
12331	-75.3927
12332	-75.2663
12333	-75.5152
12334	-75.8269
12335	-75.5188
12336	-75.4737
12337	-75.318
12338	-75.3556
12339	-75.5274
12340	-75.4547
12341	-75.6991
12342	-75.6451
12343	-75.7149
12344	-75.46
12345	-75.7511
12346	-75.8039
12347	-75.5265
12348	-75.4916
12349	-75.4652
12350	-75.8363
12351	-75.8541
12352	-75.1827
12353	-75.2825
12354	-75.5451
12355	-75.9362
12356	-75.39
12357	-75.6264
12358	-75.5147
12359	-75.4983
12360	-75.3593
12361	-75.1477
12362	-75.3196
12363	-76.0683
12364	-75.8097
12365	-75.5613
12366	-75.5303
12367	-75.2531
12368	-75.4643
12369	-75.8891
12370	-76.1586
12371	-75.7724
12372	-75.3598
12373	-75.516
12374	-75.7124
12375	-75.5536
12376	-75.6259
12377	-75.4341
12378	-75.2338
12379	-75.908
12380	-75.6887
12381	-75.7028
12382	-75.5122
12383	-75.4757
12384	-75.5686
12385	-75.9441
12386	-76.1315
12387	-75.8059
12388	-75.5296
12389	-76.0387
12390	-76.1073
12391	-75.8831
12392	-75.5007
12393	-75.4791
12394	-75.2698
12395	-75.4329
12396	-75.4547
12397	-75.6517
12398	-75.5958
12399	-75.6311
12400	-75.848
12401	-75.5061
12402	-75.6957
12403	-75.4267
12404	-75.5282
12405	-75.222
12406	-74.6711
12407	-75.37
12408	-75.6463
12409	-75.2413
12410	-75.0185
12411	-74.8973
12412	-75.02
12413	-75.6473
12414	-75.2866
12415	-75.5011
12416	-75.5336
12417	-75.6098
12418	-75.5146
12419	-75.6951
12420	-75.877
12421	-75.5766
12422	-75.3327
12423	-75.352
12424	-75.1728
12425	-75.2672
12426	-75.2194
12427	-75.4956
12428	-75.5651
12429	-75.7856
12430	-75.6237
12431	-75.6195
12432	-74.8584
12433	-75.3172
12434	-75.5362
12435	-75.4281
12436	-75.3542
12437	-75.0473
12438	-75.027
12439	-75.3471
12440	-75.9456
12441	-75.5632
12442	-75.1348
12443	-75.2156
12444	-75.4132
12445	-75.8726
12446	-75.4903
12447	-75.5129
12448	-75.6296
12449	-75.8371
12450	-76.3769
12451	-75.5052
12452	-75.7228
12453	-75.6434
12454	-75.9771
12455	-75.9174
12456	-75.6606
12457	-75.35
12458	-75.7425
12459	-75.8459
12460	-75.7533
12461	-75.8603
12462	-75.7455
12463	-75.8453
12464	-75.399
12465	-75.3563
12466	-75.2172
12467	-75.1134
12468	-75.4023
12469	-75.2382
12470	-75.6752
12471	-75.3066
12472	-75.4122
12473	-75.2236
12474	-75.2216
12475	-75.3457
12476	-75.8446
12477	-75.649
12478	-75.5226
12479	-75.5968
12480	-76.0745
12481	-75.8805
12482	-75.9016
12483	-75.4239
12484	-75.4773
12485	-75.6092
12486	-75.107
12487	-75.2198
12488	-75.4809
12489	-75.8684
12490	-75.5715
12491	-75.6499
12492	-75.7515
12493	-75.5321
12494	-75.5482
12495	-75.4425
12496	-75.3501
12497	-75.244
12498	-75.4637
12499	-75.7483
12500	-75.7914
12501	-75.4561
12502	-75.4176
12503	-75.2034
12504	-75.7457
12505	-75.4375
12506	-75.5
12507	-75.8925
12508	-75.3567
12509	-75.3829
12510	-75.7517
12511	-75.5484
12512	-75.7615
12513	-75.4678
12514	-75.6093
12515	-75.8661
12516	-75.996
12517	-76.1254
12518	-75.9513
12519	-75.5268
12520	-75.8566
12521	-75.7521
12522	-75.6108
12523	-75.9831
12524	-76.2726
12525	-75.6822
12526	-75.4155
12527	-75.4101
12528	-75.2484
12529	-75.5972
12530	-75.3176
12531	-75.1766
12532	-75.4647
12533	-75.1671
12534	-75.4672
12535	-75.344
12536	-75.8286
12537	-75.6577
12538	-75.3517
12539	-75.4019
12540	-75.6271
12541	-75.5763
12542	-75.4253
12543	-75.2009
12544	-75.3433
12545	-75.3595
12546	-75.6781
12547	-75.6404
12548	-75.1568
12549	-75.6484
12550	-75.3982
12551	-75.2826
12552	-75.6102
12553	-75.6612
12554	-75.7081
12555	-75.5587
12556	-75.3466
12557	-75.2205
12558	-75.6634
12559	-75.7055
12560	-75.4078
12561	-75.6036
12562	-75.8158
12563	-75.6346
12564	-75.4478
12565	-75.4642
12566	-75.3429
12567	-75.6866
12568	-75.7071
12569	-75.7752
12570	-75.4159
12571	-75.1007
12572	-75.1172
12573	-75.4755
12574	-75.4906
12575	-75.4213
12576	-75.2198
12577	-75.1727
12578	-75.724
12579	-75.7436
12580	-75.5177
12581	-76.0283
12582	-75.9618
12583	-75.8666
12584	-75.4872
12585	-75.3266
12586	-75.6861
12587	-75.7203
12588	-75.3922
12589	-75.4945
12590	-75.0911
12591	-75.5769
12592	-75.6804
12593	-75.8114
12594	-75.6936
12595	-75.5346
12596	-75.7019
12597	-75.592
12598	-75.5839
12599	-75.4862
12600	-75.861
12601	-75.9791
12602	-75.7481
12603	-75.4939
12604	-75.3213
12605	-75.1243
12606	-75.8248
12607	-75.5092
12608	-75.6139
12609	-75.4264
12610	-75.485
12611	-75.3806
12612	-75.3194
12613	-75.4083
12614	-75.7369
12615	-75.5151
12616	-75.4212
12617	-75.4736
12618	-75.2895
12619	-75.5113
12620	-75.0765
12621	-75.1956
12622	-75.8194
12623	-75.7513
12624	-75.3356
12625	-75.2302
12626	-75.8379
12627	-75.9295
12628	-76.0029
12629	-75.5784
12630	-75.7536
12631	-75.3573
12632	-75.7286
12633	-75.5657
12634	-75.7594
12635	-75.407
12636	-75.4184
12637	-75.2059
12638	-75.075
12639	-75.7847
12640	-75.6107
12641	-75.7479
12642	-75.5486
12643	-75.4677
12644	-75.1946
12645	-75.5512
12646	-76.3562
12647	-75.9208
12648	-75.867
12649	-75.377
12650	-75.3779
12651	-75.3188
12652	-75.3376
12653	-75.3622
12654	-75.3989
12655	-75.3966
12656	-75.4943
12657	-75.7387
12658	-76.0048
12659	-75.893
12660	-75.5492
12661	-75.3109
12662	-75.3922
12663	-75.469
12664	-75.7878
12665	-75.5245
12666	-75.0833
12667	-75.2625
12668	-75.7257
12669	-75.7197
12670	-75.1402
12671	-75.3539
12672	-75.2929
12673	-75.3867
12674	-75.6465
12675	-75.9653
12676	-75.6786
12677	-75.83
12678	-75.4646
12679	-75.3637
12680	-75.5537
12681	-75.6969
12682	-75.3121
12683	-75.2992
12684	-75.7286
12685	-75.4184
12686	-75.2988
12687	-75.5065
12688	-75.5316
12689	-75.7112
12690	-75.7034
12691	-75.223
12692	-75.5495
12693	-75.606
12694	-75.2851
12695	-75.5798
12696	-75.5996
12697	-75.5051
12698	-75.8022
12699	-75.5843
12700	-75.8486
12701	-75.9234
12702	-75.061
12703	-75.3224
12704	-75.5122
12705	-75.7626
12706	-76.0021
12707	-75.728
12708	-75.526
12709	-75.2609
12710	-75.7098
12711	-76.0131
12712	-75.8615
12713	-75.725
12714	-75.6034
12715	-75.5663
12716	-75.2831
12717	-75.6037
12718	-75.728
12719	-75.491
12720	-75.2667
12721	-75.7095
12722	-75.5909
12723	-75.4525
12724	-75.4662
12725	-75.5085
12726	-75.4883
12727	-75.1929
12728	-75.5995
12729	-75.7314
12730	-75.777
12731	-75.4113
12732	-75.3627
12733	-75.4948
12734	-75.1619
12735	-75.3331
12736	-75.6372
12737	-75.8016
12738	-75.6504
12739	-75.9177
12740	-75.8048
12741	-75.4864
12742	-75.7801
12743	-75.6882
12744	-75.5779
12745	-75.7105
12746	-75.783
12747	-75.3789
12748	-75.5128
12749	-75.6552
12750	-75.4571
12751	-75.3039
12752	-75.381
12753	-75.3319
12754	-75.1485
12755	-75.4039
12756	-75.5922
12757	-75.6661
12758	-75.4158
12759	-75.369
12760	-75.3352
12761	-75.657
12762	-75.5871
12763	-75.5907
12764	-75.5918
12765	-75.2176
12766	-74.9414
12767	-75.4381
12768	-75.4041
12769	-75.7217
12770	-75.423
12771	-75.4397
12772	-75.5656
12773	-75.7087
12774	-75.7473
12775	-75.3676
12776	-75.3804
12777	-75.6744
12778	-75.6956
12779	-75.4833
12780	-75.1983
12781	-74.9411
12782	-75.4696
12783	-75.5882
12784	-74.9282
12785	-75.2385
12786	-75.72
12787	-75.7499
12788	-75.2291
12789	-75.7305
12790	-75.3999
12791	-75.6912
12792	-75.4324
12793	-75.5168
12794	-75.9659
12795	-75.7099
12796	-75.2875
12797	-75.8513
12798	-75.9054
12799	-75.3629
12800	-75.4708
12801	-75.471
12802	-75.3741
12803	-75.4732
12804	-75.6086
12805	-75.9437
12806	-75.7566
12807	-75.5308
12808	-75.4224
12809	-75.5694
12810	-75.8318
12811	-75.7757
12812	-75.7457
12813	-75.7882
12814	-75.9727
12815	-75.2429
12816	-75.8854
12817	-75.6946
12818	-75.4124
12819	-75.6318
12820	-75.73
12821	-75.7548
12822	-75.5918
12823	-76.0143
12824	-75.7884
12825	-75.5203
12826	-75.8743
12827	-75.5764
12828	-75.4109
12829	-75.2589
12830	-75.7063
12831	-75.7049
12832	-75.6789
12833	-75.3669
12834	-75.4949
12835	-75.4761
12836	-75.5492
12837	-75.1379
12838	-75.397
12839	-75.3292
12840	-75.7343
12841	-75.5978
12842	-75.9309
12843	-76.1056
12844	-75.7696
12845	-75.4353
12846	-75.3819
12847	-75.4273
12848	-75.5326
12849	-75.5999
12850	-75.7589
12851	-75.3198
12852	-75.1925
12853	-75.7484
12854	-75.7675
12855	-75.3751
12856	-75.529
12857	-75.8869
12858	-75.7844
12859	-76.0418
12860	-75.7154
12861	-75.7723
12862	-76.1045
12863	-76.1646
12864	-75.9662
12865	-75.4414
12866	-75.219
12867	-75.5299
12868	-75.9552
12869	-75.6823
12870	-75.6087
12871	-75.5648
12872	-75.2467
12873	-75.4878
12874	-75.0509
12875	-75.3121
12876	-75.6285
12877	-75.4956
12878	-75.7494
12879	-75.8633
12880	-75.601
12881	-75.5829
12882	-75.5397
12883	-75.6073
12884	-75.5664
12885	-75.4131
12886	-75.5455
12887	-75.3825
12888	-76.1474
12889	-75.9922
12890	-76.1458
12891	-75.8655
12892	-75.5042
12893	-75.4875
12894	-75.4679
12895	-75.412
12896	-75.5396
12897	-75.1226
12898	-75.2202
12899	-75.4727
12900	-75.2265
12901	-75.673
12902	-75.768
12903	-75.9535
12904	-75.8377
12905	-75.8541
12906	-75.3784
12907	-75.5254
12908	-75.7279
12909	-75.4015
12910	-75.5295
12911	-74.9526
12912	-74.8293
12913	-75.4318
12914	-75.2658
12915	-75.3585
12916	-75.6885
12917	-75.5862
12918	-75.7025
12919	-75.5317
12920	-75.3912
12921	-75.561
12922	-75.9724
12923	-75.6332
12924	-75.4867
12925	-75.5097
12926	-75.7405
12927	-75.8062
12928	-75.6651
12929	-75.6025
12930	-75.5917
12931	-75.3169
12932	-75.3316
12933	-75.6508
12934	-75.4261
12935	-75.4282
12936	-75.3235
12937	-75.8189
12938	-76.004
12939	-75.7043
12940	-75.8952
12941	-75.5806
12942	-75.3303
12943	-75.1923
12944	-75.6297
12945	-75.7921
12946	-75.3615
12947	-75.4637
12948	-75.4808
12949	-75.5579
12950	-75.554
12951	-75.6878
12952	-75.5426
12953	-75.4148
12954	-75.5475
12955	-75.8762
12956	-75.8187
12957	-75.8318
12958	-75.8859
12959	-75.4398
12960	-75.3414
12961	-75.8703
12962	-75.6776
12963	-75.5788
12964	-75.3277
12965	-75.6001
12966	-75.8627
12967	-75.7036
12968	-75.8647
12969	-75.9943
12970	-75.8711
12971	-75.7707
12972	-76.1071
12973	-75.6842
12974	-75.7936
12975	-75.4353
12976	-75.8542
12977	-76.2474
12978	-75.8783
12979	-75.791
12980	-75.4409
12981	-75.4299
12982	-75.5917
12983	-75.5702
12984	-75.5297
12985	-75.3018
12986	-75.276
12987	-75.361
12988	-75.5274
12989	-75.4988
12990	-75.5011
12991	-75.4645
12992	-75.4836
12993	-75.4498
12994	-75.4196
12995	-75.7213
12996	-75.1879
12997	-75.3889
12998	-75.2699
12999	-75.5717
13000	-75.7062
13001	-75.8948
13002	-75.4738
13003	-75.4892
13004	-75.3654
13005	-75.4692
13006	-75.9542
13007	-75.9276
13008	-75.5251
13009	-75.5514
13010	-75.3892
13011	-75.3465
13012	-75.4948
13013	-75.3579
13014	-75.3651
13015	-75.2907
13016	-75.558
13017	-75.768
13018	-75.6873
13019	-75.357
13020	-75.6469
13021	-75.5544
13022	-75.6463
13023	-75.738
13024	-75.6191
13025	-75.7618
13026	-75.5288
13027	-75.3127
13028	-75.8235
13029	-76.2105
13030	-75.964
13031	-75.6686
13032	-75.5079
13033	-75.6711
13034	-75.4749
13035	-75.3552
13036	-75.7566
13037	-75.8335
13038	-76.0451
13039	-75.8355
13040	-75.338
13041	-75.944
13042	-75.7264
13043	-75.7804
13044	-75.6678
13045	-75.5719
13046	-75.5127
13047	-75.489
13048	-75.3349
13049	-75.4206
13050	-75.1718
13051	-75.5053
13052	-75.6747
13053	-75.0688
13054	-75.0051
13055	-75.5479
13056	-75.4147
13057	-75.6256
13058	-75.707
13059	-75.9935
13060	-75.5558
13061	-75.8133
13062	-75.7027
13063	-75.9691
13064	-75.5242
13065	-75.3644
13066	-75.4067
13067	-75.4217
13068	-75.3845
13069	-75.254
13070	-75.2516
13071	-75.6242
13072	-75.5397
13073	-75.7687
13074	-75.6352
13075	-75.7244
13076	-75.4534
13077	-75.8258
13078	-75.5464
13079	-75.3719
13080	-75.907
13081	-75.6871
13082	-75.9357
13083	-75.8069
13084	-75.9334
13085	-75.8396
13086	-75.5415
13087	-75.7957
13088	-75.9847
13089	-75.962
13090	-75.7088
13091	-75.6739
13092	-75.3979
13093	-75.44
13094	-75.2885
13095	-75.9947
13096	-76.1089
13097	-76.0933
13098	-75.7336
13099	-75.5729
13100	-75.562
13101	-75.8845
13102	-76.0253
13103	-75.6409
13104	-75.5263
13105	-75.5242
13106	-76.0563
13107	-75.9557
13108	-75.7675
13109	-75.7591
13110	-75.6835
13111	-75.3914
13112	-75.7138
13113	-75.5297
13114	-75.4889
13115	-75.9068
13116	-75.4176
13117	-75.5939
13118	-75.4658
13119	-75.5379
13120	-75.9952
13121	-76.1038
13122	-75.9383
13123	-75.7539
13124	-75.4416
13125	-75.2575
13126	-75.5118
13127	-75.5641
13128	-75.8354
13129	-75.2888
13130	-75.5736
13131	-75.5034
13132	-75.5997
13133	-75.6644
13134	-75.5595
13135	-75.8641
13136	-75.8066
13137	-75.5946
13138	-75.7658
13139	-75.5854
13140	-75.3251
13141	-75.3698
13142	-75.457
13143	-75.3179
13144	-75.9137
13145	-76.1251
13146	-75.7825
13147	-75.4536
13148	-75.3885
13149	-75.3589
13150	-75.5957
13151	-75.2044
13152	-75.5811
13153	-75.453
13154	-75.5598
13155	-75.5088
13156	-75.9188
13157	-75.7429
13158	-75.7304
13159	-75.4178
13160	-75.769
13161	-75.9283
13162	-75.7866
13163	-75.8061
13164	-75.5886
13165	-75.2619
13166	-75.3974
13167	-75.7225
13168	-75.7247
13169	-75.9859
13170	-75.63
13171	-75.5855
13172	-76.0852
13173	-75.9984
13174	-75.7932
13175	-75.6754
13176	-75.7505
13177	-75.3825
13178	-75.6125
13179	-75.485
13180	-75.6655
13181	-75.8159
13182	-75.3874
13183	-75.4338
13184	-75.4572
13185	-75.5133
13186	-75.3594
13187	-75.5515
13188	-75.6535
13189	-75.9795
13190	-75.8986
13191	-75.4085
13192	-75.3014
13193	-75.4825
13194	-75.717
13195	-75.6816
13196	-75.7322
13197	-75.3297
13198	-75.389
13199	-75.4091
13200	-75.4635
13201	-75.5037
13202	-75.6221
13203	-75.4665
13204	-75.5737
13205	-75.6411
13206	-75.238
13207	-75.5153
13208	-75.7555
13209	-75.8734
13210	-75.6873
13211	-75.847
13212	-75.6647
13213	-75.537
13214	-75.4861
13215	-75.5433
13216	-75.0307
13217	-75.4441
13218	-75.5065
13219	-75.5284
13220	-75.32
13221	-75.5306
13222	-75.6369
13223	-75.6218
13224	-75.7708
13225	-75.1847
13226	-74.9663
13227	-75.4604
13228	-75.8383
13229	-75.8179
13230	-75.6681
13231	-75.9516
13232	-75.8177
13233	-75.76
13234	-75.5517
13235	-75.4781
13236	-75.0394
13237	-75.1759
13238	-75.4857
13239	-75.1672
13240	-75.3691
13241	-75.5726
13242	-75.6298
13243	-75.5687
13244	-75.4118
13245	-75.3704
13246	-75.8218
13247	-75.825
13248	-75.8961
13249	-75.7948
13250	-75.1472
13251	-75.3986
13252	-75.2963
13253	-75.0977
13254	-75.8822
13255	-75.7596
13256	-75.5096
13257	-75.8684
13258	-75.6577
13259	-75.2393
13260	-75.3244
13261	-75.6333
13262	-75.365
13263	-75.2431
13264	-75.4652
13265	-75.7934
13266	-75.7851
13267	-75.6898
13268	-75.8113
13269	-75.4655
13270	-75.2025
13271	-75.2818
13272	-75.6192
13273	-75.5664
13274	-75.64
13275	-75.5865
13276	-75.5412
13277	-75.4645
13278	-75.7302
13279	-75.3355
13280	-75.1962
13281	-75.6091
13282	-75.8359
13283	-75.8696
13284	-75.7396
13285	-75.558
13286	-75.3447
13287	-75.6822
13288	-75.1982
13289	-75.2949
13290	-75.3102
13291	-75.4698
13292	-75.673
13293	-75.7044
13294	-75.5432
13295	-75.6449
13296	-75.7818
13297	-75.5876
13298	-75.6597
13299	-76.1191
13300	-75.9134
13301	-75.5631
13302	-75.7788
13303	-75.4861
13304	-75.3492
13305	-75.4488
13306	-75.9752
13307	-75.8191
13308	-75.4823
13309	-75.3567
13310	-75.369
13311	-75.2974
13312	-75.3164
13313	-75.721
13314	-75.7936
13315	-75.2824
13316	-75.8125
13317	-75.2645
13318	-75.5783
13319	-75.8677
13320	-75.7497
13321	-75.6235
13322	-75.7772
13323	-75.6645
13324	-75.5541
13325	-75.727
13326	-75.3268
13327	-75.1607
13328	-75.3048
13329	-75.4471
13330	-75.8178
13331	-75.5109
13332	-75.499
13333	-75.8374
13334	-75.4791
13335	-75.3881
13336	-75.6901
13337	-76.1598
13338	-75.6171
13339	-75.7387
13340	-75.1839
13341	-75.3775
13342	-75.2804
13343	-75.1406
13344	-75.2883
13345	-75.946
13346	-76.0315
13347	-75.9696
13348	-75.6732
13349	-75.6896
13350	-75.3375
13351	-75.5386
13352	-75.6992
13353	-75.5609
13354	-75.4342
13355	-75.2633
13356	-75.3939
13357	-75.3186
13358	-75.2936
13359	-75.4849
13360	-75.4485
13361	-74.9964
13362	-75.0247
13363	-75.138
13364	-75.3866
13365	-75.2689
13366	-75.5473
13367	-75.6041
13368	-75.5891
13369	-75.2564
13370	-75.9291
13371	-75.2868
13372	-75.4677
13373	-75.5562
13374	-75.872
13375	-75.8505
13376	-75.4083
13377	-75.0498
13378	-75.2006
13379	-75.1845
13380	-75.6671
13381	-75.3852
13382	-75.9395
13383	-75.4481
13384	-75.5511
13385	-75.1251
13386	-75.0548
13387	-75.5073
13388	-75.4059
13389	-75.4079
13390	-75.4449
13391	-75.8835
13392	-75.8822
13393	-75.8419
13394	-75.4724
13395	-75.4745
13396	-75.5955
13397	-75.3118
13398	-75.379
13399	-75.8747
13400	-75.1861
13401	-75.3638
13402	-75.6436
13403	-75.5377
13404	-75.3368
13405	-75.2735
13406	-75.6259
13407	-75.6774
13408	-75.8555
13409	-75.7909
13410	-75.47
13411	-75.0994
13412	-75.1171
13413	-75.3777
13414	-75.2547
13415	-75.8621
13416	-75.6061
13417	-75.6515
13418	-75.5476
13419	-75.4452
13420	-75.6699
13421	-75.4965
13422	-75.5168
13423	-75.4525
13424	-75.3484
13425	-75.5949
13426	-75.3334
13427	-75.1318
13428	-75.3562
13429	-75.3808
13430	-75.3303
13431	-75.7821
13432	-75.4366
13433	-75.3873
13434	-75.6186
13435	-75.6843
13436	-75.4432
13437	-75.3012
13438	-75.3329
13439	-75.3848
13440	-75.5997
13441	-75.534
13442	-75.3993
13443	-75.8296
13444	-75.4365
13445	-75.4077
13446	-75.4935
13447	-75.5058
13448	-75.4451
13449	-75.6498
13450	-75.8717
13451	-75.5491
13452	-75.576
13453	-75.9565
13454	-75.6301
13455	-75.5527
13456	-75.674
13457	-75.4682
13458	-75.7351
13459	-75.4727
13460	-75.4012
13461	-75.4761
13462	-75.2594
13463	-75.602
13464	-75.5126
13465	-75.3615
13466	-75.3731
13467	-75.3763
13468	-75.7063
13469	-75.6541
13470	-75.7246
13471	-75.5735
13472	-75.7255
13473	-75.8107
13474	-75.4055
13475	-75.8293
13476	-75.7566
13477	-75.4285
13478	-75.8333
13479	-76.1215
13480	-75.9458
13481	-75.5832
13482	-75.441
13483	-75.881
13484	-75.6181
13485	-75.8232
13486	-75.3846
13487	-75.3361
13488	-75.5571
13489	-75.5754
13490	-75.8104
13491	-75.9218
13492	-75.3604
13493	-74.7827
13494	-75.1471
13495	-75.5095
13496	-75.6857
13497	-75.6553
13498	-75.5242
13499	-75.549
13500	-75.6902
13501	-75.9216
13502	-75.61
13503	-75.615
13504	-75.2361
13505	-75.8634
13506	-75.689
13507	-75.614
13508	-75.4784
13509	-75.2294
13510	-75.2017
13511	-75.4436
13512	-75.6544
13513	-75.5837
13514	-75.3828
13515	-75.5887
13516	-75.7798
13517	-75.6278
13518	-74.9221
13519	-75.2078
13520	-75.7927
13521	-75.4638
13522	-75.3601
13523	-75.5556
13524	-75.574
13525	-75.7743
13526	-75.5556
13527	-75.2316
13528	-75.651
13529	-75.7854
13530	-75.532
13531	-75.3793
13532	-75.439
13533	-75.6435
13534	-75.549
13535	-75.2274
13536	-75.2224
13537	-75.2697
13538	-75.3595
13539	-75.3846
13540	-75.2845
13541	-75.5632
13542	-75.7921
13543	-75.9829
13544	-75.5716
13545	-76.0771
13546	-75.9201
13547	-75.4169
13548	-75.848
13549	-75.7299
13550	-75.6072
13551	-75.5783
13552	-75.743
13553	-75.457
13554	-75.7162
13555	-75.4758
13556	-75.471
13557	-76.1189
13558	-75.7643
13559	-75.5188
13560	-75.3853
13561	-75.6449
13562	-75.8084
13563	-75.6433
13564	-75.5547
13565	-76.0209
13566	-76.2449
13567	-75.905
13568	-75.7076
13569	-75.5204
13570	-75.5245
13571	-75.3967
13572	-75.4387
13573	-75.4682
13574	-75.6368
13575	-75.5386
13576	-75.485
13577	-75.2864
13578	-75.1158
13579	-75.3972
13580	-75.8424
13581	-75.93
13582	-75.4089
13583	-75.6876
13584	-75.5841
13585	-75.1229
13586	-75.256
13587	-75.4583
13588	-75.5819
13589	-75.8849
13590	-75.6506
13591	-75.9571
13592	-76.1391
13593	-76.48
13594	-75.8062
13595	-75.675
13596	-76.1038
13597	-75.7031
13598	-75.843
13599	-75.8855
13600	-75.3612
13601	-75.4238
13602	-75.5087
13603	-75.358
13604	-75.4038
13605	-75.8219
13606	-76.159
13607	-75.9314
13608	-75.819
13609	-75.2982
13610	-75.2962
13611	-75.5138
13612	-75.5936
13613	-75.4415
13614	-75.8653
13615	-75.6577
13616	-75.974
13617	-75.6358
13618	-75.5156
13619	-75.7063
13620	-75.5559
13621	-75.4928
13622	-75.4361
13623	-75.1904
13624	-75.3603
13625	-75.6503
13626	-75.349
13627	-75.2089
13628	-75.5235
13629	-75.5175
13630	-75.3419
13631	-75.4113
13632	-75.5214
13633	-75.9341
13634	-75.4932
13635	-75.4629
13636	-75.217
13637	-75.7333
13638	-76.018
13639	-75.6188
13640	-75.1555
13641	-75.6002
13642	-75.3225
13643	-75.2123
13644	-75.6227
13645	-75.718
13646	-75.4924
13647	-75.077
13648	-75.6434
13649	-75.6924
13650	-75.5495
13651	-75.9557
13652	-75.5733
13653	-75.7227
13654	-75.3309
13655	-75.0933
13656	-75.5293
13657	-75.7939
13658	-75.9028
13659	-75.6417
13660	-75.5217
13661	-75.5239
13662	-75.7584
13663	-75.7108
13664	-75.6343
13665	-75.7707
13666	-75.7649
13667	-75.5894
13668	-75.6686
13669	-75.4236
13670	-75.6233
13671	-75.8162
13672	-75.8474
13673	-75.5659
13674	-75.5644
13675	-75.162
13676	-75.7378
13677	-76.0622
13678	-75.4365
13679	-75.1622
13680	-74.8322
13681	-75.2863
13682	-75.8251
13683	-75.943
13684	-75.6599
13685	-75.6861
13686	-75.7726
13687	-75.8778
13688	-75.5601
13689	-75.6374
13690	-75.605
13691	-75.6831
13692	-75.8714
13693	-75.7556
13694	-75.8762
13695	-75.3448
13696	-75.5344
13697	-75.5644
13698	-75.6629
13699	-76.1471
13700	-75.7505
13701	-75.6842
13702	-75.8542
13703	-75.3595
13704	-75.3892
13705	-75.6015
13706	-75.9587
13707	-75.9147
13708	-75.8013
13709	-75.9248
13710	-75.8721
13711	-75.8093
13712	-75.9855
13713	-75.7906
13714	-74.9738
13715	-75.3106
13716	-75.8219
13717	-75.6805
13718	-75.1713
13719	-75.0146
13720	-75.3494
13721	-75.1085
13722	-75.4647
13723	-75.5525
13724	-75.5886
13725	-75.3656
13726	-75.3397
13727	-75.7293
13728	-75.5683
13729	-76.0322
13730	-75.6903
13731	-75.8387
13732	-75.6119
13733	-75.7162
13734	-75.7909
13735	-75.5747
13736	-75.6289
13737	-76.0387
13738	-75.4773
13739	-75.5353
13740	-75.6269
13741	-75.7179
13742	-75.4123
13743	-75.4088
13744	-75.3842
13745	-75.8782
13746	-76.0685
13747	-75.9628
13748	-75.7821
13749	-75.8858
13750	-75.4987
13751	-75.3993
13752	-75.5356
13753	-75.9756
13754	-76.0751
13755	-75.494
13756	-75.449
13757	-75.7167
13758	-75.759
13759	-75.6749
13760	-76.1008
13761	-75.8631
13762	-76.0737
13763	-75.8242
13764	-75.4937
13765	-75.4002
13766	-75.3259
13767	-75.7618
13768	-75.4889
13769	-75.216
13770	-75.1434
13771	-75.8031
13772	-75.8819
13773	-75.7505
13774	-75.8316
13775	-75.8464
13776	-75.9294
13777	-76.1185
13778	-75.6119
13779	-75.5853
13780	-75.4972
13781	-75.5899
13782	-75.5376
13783	-75.7728
13784	-75.3286
13785	-75.2354
13786	-75.2963
13787	-75.5448
13788	-75.5669
13789	-75.4012
13790	-75.6936
13791	-75.6339
13792	-75.5376
13793	-75.446
13794	-75.548
13795	-75.4709
13796	-75.5761
13797	-75.698
13798	-75.7343
13799	-75.6114
13800	-76.0086
13801	-75.497
13802	-75.2687
13803	-75.7186
13804	-75.3026
13805	-75.4749
13806	-75.8005
13807	-75.2034
13808	-75.5613
13809	-75.3173
13810	-75.39
13811	-75.3435
13812	-75.3571
13813	-75.5055
13814	-75.2106
13815	-75.6838
13816	-75.8571
13817	-75.7261
13818	-75.1521
13819	-75.5437
13820	-75.4824
13821	-75.135
13822	-75.5651
13823	-76.1334
13824	-75.8673
13825	-76.1142
13826	-75.8947
13827	-75.5343
13828	-75.2878
13829	-75.4378
13830	-75.3535
13831	-75.2539
13832	-75.792
13833	-75.9111
13834	-75.6315
13835	-75.7674
13836	-75.4473
13837	-75.8718
13838	-75.6897
13839	-75.3277
13840	-75.2159
13841	-75.7264
13842	-75.8616
13843	-76.0221
13844	-75.8244
13845	-75.5543
13846	-75.5875
13847	-75.3551
13848	-75.3196
13849	-75.5764
13850	-75.5789
13851	-75.1328
13852	-75.5071
13853	-75.282
13854	-75.4877
13855	-75.3138
13856	-75.4002
13857	-75.5422
13858	-75.7139
13859	-75.6652
13860	-75.5829
13861	-75.783
13862	-75.6878
13863	-75.4819
13864	-75.0556
13865	-75.3012
13866	-75.3758
13867	-75.8378
13868	-75.4545
13869	-75.4889
13870	-76.0083
13871	-75.8112
13872	-75.5121
13873	-75.5125
13874	-75.9656
13875	-75.3093
13876	-75.2144
13877	-75.3555
13878	-75.8338
13879	-76.0553
13880	-76.0974
13881	-75.9244
13882	-75.488
13883	-75.2168
13884	-75.0551
13885	-75.0096
13886	-75.321
13887	-75.6947
13888	-75.4783
13889	-75.2873
13890	-75.3794
13891	-75.6316
13892	-75.352
13893	-75.3263
13894	-75.3042
13895	-75.4604
13896	-75.5498
13897	-75.5106
13898	-75.4069
13899	-75.4731
13900	-76.081
13901	-75.831
13902	-75.7702
13903	-76.3281
13904	-75.6833
13905	-75.2392
13906	-75.6863
13907	-76.1733
13908	-75.8375
13909	-75.4107
13910	-75.6308
13911	-75.8108
13912	-75.8699
13913	-75.6942
13914	-75.6915
13915	-75.1878
13916	-75.4253
13917	-75.5753
13918	-75.8725
13919	-76.1014
13920	-75.952
13921	-76.0395
13922	-75.8171
13923	-76.1198
13924	-75.4379
13925	-75.8537
13926	-75.6651
13927	-75.4818
13928	-75.6606
13929	-75.5418
13930	-75.5237
13931	-75.2107
13932	-75.2685
13933	-75.3397
13934	-75.2849
13935	-75.1704
13936	-74.9985
13937	-75.7318
13938	-75.6445
13939	-75.5928
13940	-75.3183
13941	-75.828
13942	-75.9077
13943	-75.1528
13944	-75.648
13945	-75.5
13946	-75.9122
13947	-75.6646
13948	-75.7065
13949	-75.7245
13950	-75.6686
13951	-75.81
13952	-76.0721
13953	-75.9095
13954	-75.7591
13955	-75.5346
13956	-75.1844
13957	-75.2709
13958	-75.7524
13959	-75.7523
13960	-75.512
13961	-74.9443
13962	-75.488
13963	-75.5425
13964	-75.2976
13965	-75.3771
13966	-76.1302
13967	-75.6766
13968	-75.5781
13969	-75.6644
13970	-75.5107
13971	-75.3938
13972	-75.9087
13973	-75.8101
13974	-75.4501
13975	-75.7177
13976	-75.575
13977	-75.5938
13978	-75.8218
13979	-75.591
13980	-75.6805
13981	-75.9255
13982	-75.565
13983	-75.5391
13984	-75.6555
13985	-75.8409
13986	-75.7176
13987	-75.4494
13988	-75.7032
13989	-75.7203
13990	-75.4668
13991	-75.6718
13992	-75.7471
13993	-75.9584
13994	-75.331
13995	-75.4165
13996	-75.588
13997	-75.6616
13998	-75.3935
13999	-75.2927
14000	-75.3623
14001	-75.7466
14002	-75.8879
14003	-75.468
14004	-75.4928
14005	-76.0864
14006	-75.8293
14007	-75.4573
14008	-75.3282
14009	-75.6149
14010	-75.7222
14011	-75.2388
14012	-75.749
14013	-76.1594
14014	-75.9327
14015	-75.5068
14016	-75.3898
14017	-75.6348
14018	-75.6535
14019	-75.6336
14020	-75.8841
14021	-75.5897
14022	-75.8456
14023	-75.6151
14024	-75.6481
14025	-75.565
14026	-75.3785
14027	-75.9096
14028	-75.4876
14029	-75.4974
14030	-75.4272
14031	-75.4505
14032	-75.1974
14033	-75.5685
14034	-75.7219
14035	-75.2864
14036	-75.2675
14037	-74.8956
14038	-75.2719
14039	-75.2314
14040	-75.7089
14041	-75.9063
14042	-75.6136
14043	-75.6047
14044	-75.6392
14045	-75.6789
14046	-75.5564
14047	-75.5313
14048	-75.4023
14049	-75.4414
14050	-75.3916
14051	-75.5932
14052	-75.3835
14053	-75.5431
14054	-75.2679
14055	-75.1001
14056	-75.3507
14057	-75.8133
14058	-75.9005
14059	-75.726
14060	-75.7057
14061	-75.6733
14062	-75.2144
14063	-75.4007
14064	-75.6622
14065	-75.4097
14066	-75.6157
14067	-75.4811
14068	-75.5707
14069	-75.5446
14070	-76.104
14071	-76.2161
14072	-75.4413
14073	-75.2176
14074	-75.4347
14075	-75.4491
14076	-75.5171
14077	-75.5459
14078	-75.5254
14079	-75.6373
14080	-76.1139
14081	-75.6622
14082	-75.5573
14083	-75.1495
14084	-75.2368
14085	-75.2942
14086	-75.2288
14087	-75.6931
14088	-75.2252
14089	-75.3715
14090	-75.6634
14091	-75.658
14092	-75.5835
14093	-75.6626
14094	-75.4437
14095	-75.6677
14096	-75.8258
14097	-75.896
14098	-75.815
14099	-75.3786
14100	-75.4842
14101	-75.4792
14102	-75.6255
14103	-75.3494
14104	-75.2725
14105	-75.1083
14106	-75.464
14107	-75.5351
14108	-75.7974
14109	-75.5682
14110	-75.7869
14111	-75.8797
14112	-75.4816
14113	-75.4781
14114	-75.406
14115	-75.4509
14116	-75.4639
14117	-75.5314
14118	-75.5028
14119	-75.5521
14120	-75.4344
14121	-75.6645
14122	-75.8357
14123	-75.4612
14124	-75.5927
14125	-75.5561
14126	-75.5423
14127	-75.9017
14128	-75.6651
14129	-75.4634
14130	-75.6196
14131	-75.7493
14132	-76.0041
14133	-75.8175
14134	-75.5944
14135	-75.901
14136	-75.9604
14137	-76.112
14138	-76.2101
14139	-75.8419
14140	-75.6847
14141	-75.171
14142	-75.6447
14143	-75.9168
14144	-75.8531
14145	-75.7657
14146	-75.4059
14147	-75.627
14148	-75.6136
14149	-75.7534
14150	-75.7624
14151	-75.6735
14152	-75.8127
14153	-75.7893
14154	-75.5685
14155	-75.7449
14156	-75.7532
14157	-76.0354
14158	-75.8599
14159	-75.4132
14160	-75.593
14161	-75.6799
14162	-75.2902
14163	-75.8579
14164	-75.6768
14165	-75.3344
14166	-75.3963
14167	-75.3116
14168	-75.1911
14169	-75.641
14170	-75.4896
14171	-75.3022
14172	-75.6725
14173	-75.6024
14174	-75.4012
14175	-75.6472
14176	-75.6055
14177	-75.3724
14178	-75.5299
14179	-75.8344
14180	-75.5091
14181	-75.3853
14182	-75.6757
14183	-75.53
14184	-75.6429
14185	-75.6351
14186	-75.5348
14187	-75.5874
14188	-75.6179
14189	-75.4949
14190	-76.1072
14191	-76.1043
14192	-75.7816
14193	-75.6335
14194	-75.5869
14195	-75.461
14196	-75.4676
14197	-75.932
14198	-75.4414
14199	-75.7079
14200	-75.9952
14201	-75.9584
14202	-75.606
14203	-75.5543
14204	-75.842
14205	-75.7672
14206	-75.3774
14207	-75.4879
14208	-75.3339
14209	-75.2604
14210	-75.4939
14211	-75.4041
14212	-75.3693
14213	-75.2314
14214	-75.4807
14215	-75.2341
14216	-75.4298
14217	-75.5454
14218	-75.8037
14219	-75.3378
14220	-75.2503
14221	-75.5992
14222	-75.7145
14223	-75.8654
14224	-75.6391
14225	-75.421
14226	-75.6737
14227	-75.9856
14228	-75.7467
14229	-75.761
14230	-75.7161
14231	-75.7897
14232	-75.8107
14233	-75.5532
14234	-75.8014
14235	-75.4566
14236	-75.0966
14237	-75.2899
14238	-74.9437
14239	-75.4997
14240	-75.5976
14241	-75.3429
14242	-75.3072
14243	-75.345
14244	-75.2006
14245	-75.6792
14246	-75.5505
14247	-75.6661
14248	-75.7103
14249	-75.2593
14250	-75.1469
14251	-75.3111
14252	-75.5388
14253	-75.7005
14254	-75.7502
14255	-75.3736
14256	-75.8501
14257	-75.6617
14258	-75.6884
14259	-75.444
14260	-75.7025
14261	-75.6755
14262	-75.4288
14263	-75.0651
14264	-75.1702
14265	-75.2066
14266	-75.1224
14267	-74.8127
14268	-74.9397
14269	-75.5994
14270	-75.773
14271	-76.0308
14272	-75.6022
14273	-75.7896
14274	-75.3436
14275	-75.7733
14276	-75.7157
14277	-75.2256
14278	-75.5248
14279	-75.3889
14280	-75.4825
14281	-75.8454
14282	-75.7226
14283	-75.7307
14284	-75.8606
14285	-75.5565
14286	-75.1937
14287	-75.378
14288	-75.8915
14289	-76.2214
14290	-75.7409
14291	-75.245
14292	-75.2473
14293	-75.5132
14294	-75.6749
14295	-75.5895
14296	-75.8079
14297	-75.7437
14298	-76.1803
14299	-75.715
14300	-75.3752
14301	-75.7566
14302	-75.6324
14303	-75.4678
14304	-75.8751
14305	-76.0037
14306	-75.7715
14307	-75.6661
14308	-75.5894
14309	-75.8652
14310	-75.628
14311	-75.7581
14312	-75.3912
14313	-75.2801
14314	-75.6859
14315	-75.5138
14316	-75.6283
14317	-75.2682
14318	-75.9147
14319	-75.9314
14320	-75.4699
14321	-75.3709
14322	-75.3004
14323	-75.6352
14324	-75.6519
14325	-75.6265
14326	-75.8599
14327	-75.7806
14328	-75.586
14329	-74.9039
14330	-75.1263
14331	-74.9799
14332	-75.3576
14333	-75.6257
14334	-75.7539
14335	-75.9995
14336	-75.5513
14337	-75.7912
14338	-75.792
14339	-75.5028
14340	-75.4563
14341	-75.8967
14342	-75.4447
14343	-75.554
14344	-75.4582
14345	-75.4384
14346	-75.7029
14347	-75.5919
14348	-75.5653
14349	-75.2971
14350	-75.5876
14351	-75.5315
14352	-75.388
14353	-75.535
14354	-75.6126
14355	-75.6159
14356	-75.5835
14357	-75.8519
14358	-75.7682
14359	-75.5899
14360	-75.3202
14361	-75.5824
14362	-75.5858
14363	-76.0124
14364	-75.9506
14365	-75.617
14366	-74.9772
14367	-75.1418
14368	-75.4538
14369	-75.4133
14370	-75.7498
14371	-75.5828
14372	-75.6361
14373	-75.8358
14374	-75.6311
14375	-75.393
14376	-75.4554
14377	-75.6991
14378	-75.7342
14379	-75.5321
14380	-75.6837
14381	-75.6283
14382	-75.9023
14383	-75.8765
14384	-75.7051
14385	-75.6738
14386	-75.3737
14387	-75.1159
14388	-75.1709
14389	-75.7091
14390	-75.3998
14391	-75.0534
14392	-75.2619
14393	-75.4947
14394	-75.3058
14395	-75.523
14396	-75.7877
14397	-75.6003
14398	-75.5584
14399	-75.5976
14400	-75.7326
14401	-76.0091
14402	-75.8425
14403	-75.6595
14404	-75.5384
14405	-75.6765
14406	-75.7907
14407	-75.6804
14408	-75.7181
14409	-75.5905
14410	-75.6959
14411	-75.6784
14412	-75.248
14413	-75.5404
14414	-76.0876
14415	-75.7151
14416	-75.7576
14417	-75.5375
14418	-75.3139
14419	-75.1337
14420	-75.704
14421	-75.652
14422	-76.0546
14423	-75.668
14424	-75.1485
14425	-75.5368
14426	-75.3867
14427	-75.3817
14428	-75.272
14429	-75.2148
14430	-75.3453
14431	-75.5914
14432	-75.7596
14433	-75.9941
14434	-76.1316
14435	-75.6307
14436	-75.5679
14437	-75.649
14438	-75.4076
14439	-75.9003
14440	-75.6223
14441	-75.6716
14442	-75.239
14443	-75.2894
14444	-75.7122
14445	-75.1755
14446	-75.2455
14447	-76.0519
14448	-75.9026
14449	-76.1129
14450	-75.8855
14451	-75.6059
14452	-75.6261
14453	-75.3956
14454	-75.4673
14455	-75.475
14456	-75.3936
14457	-75.3428
14458	-75.6988
14459	-75.8606
14460	-75.5865
14461	-75.0352
14462	-75.2723
14463	-75.1593
14464	-75.3141
14465	-75.5467
14466	-75.5272
14467	-75.2602
14468	-75.0699
14469	-75.4448
14470	-75.66
14471	-75.6309
14472	-75.1587
14473	-75.0278
14474	-75.4062
14475	-75.7862
14476	-75.9607
14477	-76.1642
14478	-75.7031
14479	-75.2635
14480	-75.4525
14481	-75.5677
14482	-75.8184
14483	-75.7555
14484	-75.7686
14485	-75.8367
14486	-75.5365
14487	-75.4773
14488	-75.2553
14489	-75.3166
14490	-75.6756
14491	-75.6137
14492	-75.2989
14493	-74.8816
14494	-75.1981
14495	-75.5432
14496	-75.8972
14497	-76.1348
14498	-75.5809
14499	-74.9914
14500	-75.3739
14501	-75.4912
14502	-75.161
14503	-75.3526
14504	-75.2036
14505	-75.3404
14506	-75.6591
14507	-75.5233
14508	-75.596
14509	-75.7145
14510	-75.8297
14511	-75.5829
14512	-75.7254
14513	-75.6018
14514	-75.2432
14515	-75.4606
14516	-75.6264
14517	-76.0387
14518	-75.8136
14519	-75.0272
14520	-75.4141
14521	-76.124
14522	-75.6516
14523	-75.1533
14524	-75.1547
14525	-75.7071
14526	-75.7735
14527	-76.0375
14528	-76.0093
14529	-75.3417
14530	-75.3265
14531	-75.3454
14532	-75.4012
14533	-75.376
14534	-75.588
14535	-75.5146
14536	-75.9114
14537	-75.8583
14538	-75.4296
14539	-75.4764
14540	-75.1615
14541	-75.2304
14542	-75.6907
14543	-75.7725
14544	-75.9204
14545	-75.803
14546	-75.8102
14547	-76.1641
14548	-76.0611
14549	-75.6961
14550	-75.3446
14551	-75.8506
14552	-75.3775
14553	-75.5756
14554	-75.2861
14555	-75.3751
14556	-75.7914
14557	-75.8381
14558	-75.5883
14559	-75.4705
14560	-75.6102
14561	-75.2166
14562	-75.1299
14563	-75.5498
14564	-75.3906
14565	-75.689
14566	-75.5539
14567	-75.7877
14568	-75.5456
14569	-75.7262
14570	-75.8696
14571	-75.904
14572	-75.3483
14573	-75.3959
14574	-75.4378
14575	-75.7466
14576	-75.3724
14577	-75.3908
14578	-75.6411
14579	-75.9956
14580	-75.7116
14581	-75.6614
14582	-75.1444
14583	-75.1433
14584	-75.681
14585	-75.9891
14586	-75.6693
14587	-75.6562
14588	-75.7191
14589	-75.9231
14590	-76.0279
14591	-75.7904
14592	-75.465
14593	-75.7455
14594	-75.7948
14595	-75.9345
14596	-75.8078
14597	-75.5872
14598	-75.6835
14599	-75.733
14600	-75.9645
14601	-75.4289
14602	-75.6566
14603	-76.0305
14604	-75.528
14605	-75.4757
14606	-75.8076
14607	-75.9195
14608	-75.7551
14609	-75.8155
14610	-75.8076
14611	-75.8802
14612	-75.1728
14613	-75.0972
14614	-75.5276
14615	-75.543
14616	-75.4682
14617	-75.4481
14618	-75.5756
14619	-75.6142
14620	-75.4852
14621	-75.2609
14622	-75.5089
14623	-75.5589
14624	-75.7923
14625	-76.072
14626	-75.7334
14627	-75.8306
14628	-75.5733
14629	-75.6455
14630	-75.7076
14631	-75.8386
14632	-76.2242
14633	-75.629
14634	-75.7706
14635	-75.46
14636	-75.3237
14637	-75.7352
14638	-76.1454
14639	-75.3831
14640	-75.3884
14641	-75.4172
14642	-75.15
14643	-75.373
14644	-75.5492
14645	-75.3821
14646	-75.5875
14647	-75.9394
14648	-76.0123
14649	-75.9998
14650	-75.3041
14651	-75.5197
14652	-75.1373
14653	-75.647
14654	-76.3169
14655	-75.9077
14656	-75.3877
14657	-75.1068
14658	-75.5773
14659	-75.4127
14660	-75.5139
14661	-75.4523
14662	-75.666
14663	-75.4653
14664	-75.822
14665	-75.5339
14666	-75.2494
14667	-75.7303
14668	-75.5669
14669	-75.6338
14670	-75.6841
14671	-75.6216
14672	-75.5666
14673	-75.3092
14674	-75.6483
14675	-76.0136
14676	-75.8395
14677	-75.2748
14678	-75.448
14679	-75.6519
14680	-75.6869
14681	-75.3733
14682	-75.3959
14683	-75.505
14684	-75.6874
14685	-75.7064
14686	-75.7385
14687	-75.5109
14688	-75.4728
14689	-75.7768
14690	-75.6581
14691	-75.3989
14692	-75.3149
14693	-75.39
14694	-74.8454
14695	-75.2088
14696	-75.7142
14697	-75.1369
14698	-75.1676
14699	-75.5853
14700	-75.6032
14701	-75.5577
14702	-75.4045
14703	-75.4122
14704	-75.5463
14705	-75.2192
14706	-75.3236
14707	-75.1304
14708	-75.0715
14709	-75.5903
14710	-75.5958
14711	-75.1284
14712	-75.3061
14713	-76.1319
14714	-75.9435
14715	-76.0764
14716	-75.8257
14717	-75.6596
14718	-75.5257
14719	-75.5782
14720	-75.93
14721	-76.356
14722	-76.0822
14723	-75.6457
14724	-75.4803
14725	-75.1406
14726	-75.3179
14727	-75.7633
14728	-75.9542
14729	-75.7694
14730	-75.8826
14731	-75.9305
14732	-75.8034
14733	-75.9933
14734	-75.8825
14735	-75.497
14736	-75.4835
14737	-75.0878
14738	-75.3856
14739	-75.2926
14740	-75.4456
14741	-75.4267
14742	-75.5964
14743	-75.378
14744	-75.2291
14745	-75.7152
14746	-76.0971
14747	-76.1143
14748	-75.6811
14749	-75.5049
14750	-75.5516
14751	-75.4987
14752	-75.4327
14753	-75.2797
14754	-75.1809
14755	-75.3607
14756	-75.7308
14757	-75.8967
14758	-75.4599
14759	-75.6326
14760	-75.6107
14761	-75.5109
14762	-75.5822
14763	-75.3406
14764	-75.5051
14765	-75.4918
14766	-75.5516
14767	-75.7969
14768	-75.3347
14769	-75.4036
14770	-75.3336
14771	-75.9378
14772	-76.005
14773	-75.9543
14774	-75.5967
14775	-75.4821
14776	-76.0296
14777	-75.7342
14778	-75.3255
14779	-75.6701
14780	-75.7642
14781	-75.3978
14782	-75.1877
14783	-75.2634
14784	-75.2839
14785	-75.3702
14786	-75.6816
14787	-75.8574
14788	-75.7799
14789	-75.903
14790	-75.7318
14791	-75.3881
14792	-75.8327
14793	-75.7969
14794	-75.7991
14795	-75.8267
14796	-75.546
14797	-75.8853
14798	-75.7175
14799	-75.4079
14800	-75.8071
14801	-75.6252
14802	-75.3525
14803	-75.5627
14804	-75.3086
14805	-75.8082
14806	-75.932
14807	-75.4613
14808	-75.3763
14809	-75.3918
14810	-75.7763
14811	-75.7887
14812	-75.7799
14813	-75.3399
14814	-75.1975
14815	-75.3669
14816	-75.6943
14817	-75.5083
14818	-75.4541
14819	-75.4285
14820	-75.7771
14821	-75.4691
14822	-75.4966
14823	-75.8142
14824	-75.348
14825	-75.5276
14826	-75.2316
14827	-75.1716
14828	-75.5419
14829	-75.4673
14830	-75.4973
14831	-76.0363
14832	-75.4663
14833	-75.0813
14834	-75.2512
14835	-75.4597
14836	-75.8612
14837	-75.3113
14838	-75.0701
14839	-75.0529
14840	-75.2989
14841	-75.6203
14842	-75.606
14843	-75.6583
14844	-75.3532
14845	-75.6796
14846	-75.4372
14847	-75.682
14848	-75.3768
14849	-75.5712
14850	-75.966
14851	-76.0833
14852	-76.103
14853	-75.4517
14854	-75.9133
14855	-75.6572
14856	-75.8016
14857	-75.7321
14858	-75.5446
14859	-75.6074
14860	-75.6954
14861	-76.0477
14862	-75.6292
14863	-75.4508
14864	-75.5589
14865	-75.5536
14866	-75.6632
14867	-75.6319
14868	-75.8329
14869	-75.8505
14870	-75.5911
14871	-75.1975
14872	-75.1892
14873	-75.0826
14874	-75.3446
14875	-75.7467
14876	-75.8286
14877	-75.7154
14878	-75.3677
14879	-75.7756
14880	-75.5155
14881	-75.689
14882	-75.722
14883	-75.6467
14884	-75.3512
14885	-75.3541
14886	-75.5302
14887	-75.8524
14888	-75.8248
14889	-75.4272
14890	-75.3861
14891	-75.183
14892	-75.7858
14893	-75.6421
14894	-75.508
14895	-75.5842
14896	-75.8199
14897	-75.9411
14898	-75.3083
14899	-75.4059
14900	-75.1783
14901	-75.5318
14902	-75.6352
14903	-75.8142
14904	-75.5952
14905	-75.4073
14906	-75.5113
14907	-75.225
14908	-75.544
14909	-75.2816
14910	-75.4446
14911	-75.5943
14912	-75.8896
14913	-75.8485
14914	-75.5542
14915	-75.3728
14916	-75.4737
14917	-75.4036
14918	-75.5483
14919	-75.4281
14920	-75.1137
14921	-75.1679
14922	-74.9721
14923	-75.5262
14924	-75.7629
14925	-75.7695
14926	-75.3978
14927	-75.311
14928	-75.5448
14929	-76.0629
14930	-75.8032
14931	-75.6526
14932	-76.1501
14933	-75.6961
14934	-75.5034
14935	-75.6866
14936	-75.678
14937	-75.8581
14938	-75.5168
14939	-75.3149
14940	-75.4474
14941	-75.2201
14942	-75.5593
14943	-75.4426
14944	-75.4804
14945	-75.854
14946	-75.3025
14947	-75.4878
14948	-75.6029
14949	-75.6546
14950	-75.16
14951	-75.5955
14952	-75.3516
14953	-75.6611
14954	-75.618
14955	-75.4528
14956	-75.6706
14957	-75.6699
14958	-75.7845
14959	-75.6128
14960	-75.5189
14961	-75.5865
14962	-75.7332
14963	-75.4998
14964	-75.2969
14965	-75.297
14966	-75.3176
14967	-75.7638
14968	-75.471
14969	-75.8467
14970	-75.6821
14971	-75.6159
14972	-75.9809
14973	-75.4997
14974	-75.5523
14975	-75.782
14976	-75.7437
14977	-75.2917
14978	-75.3451
14979	-75.8256
14980	-75.4794
14981	-75.399
14982	-75.4959
14983	-75.6985
14984	-75.6854
14985	-75.3607
14986	-75.2494
14987	-75.5791
14988	-75.4897
14989	-75.9565
14990	-75.4921
14991	-75.3303
14992	-75.5
14993	-75.6672
14994	-75.6922
14995	-75.82
14996	-75.7297
14997	-75.5388
14998	-74.9488
14999	-74.8347
15000	-75.4449
15001	-75.8378
15002	-75.5042
15003	-75.7192
15004	-76.0256
15005	-76.0789
15006	-75.7661
15007	-75.1146
15008	-75.3056
15009	-75.3726
15010	-75.5325
15011	-75.7915
15012	-75.3234
15013	-75.6753
15014	-75.5511
15015	-75.436
15016	-75.5056
15017	-75.5019
15018	-75.336
15019	-75.4001
15020	-75.6952
15021	-75.6431
15022	-75.5178
15023	-75.7006
15024	-76.1771
15025	-75.8177
15026	-75.931
15027	-75.5525
15028	-75.3379
15029	-75.5415
15030	-75.9125
15031	-75.7703
15032	-75.699
15033	-75.9115
15034	-76.0331
15035	-75.6766
15036	-75.3552
15037	-75.1735
15038	-75.5559
15039	-75.5049
15040	-75.2821
15041	-75.6435
15042	-75.6224
15043	-75.7789
15044	-75.7499
15045	-76.135
15046	-75.9784
15047	-75.8686
15048	-75.7943
15049	-75.3288
15050	-75.0146
15051	-75.4067
15052	-75.3576
15053	-75.3618
15054	-75.7576
15055	-75.8212
15056	-75.6006
15057	-75.6658
15058	-75.5276
15059	-75.1859
15060	-75.6832
15061	-75.8996
15062	-75.6461
15063	-75.444
15064	-75.5517
15065	-75.5408
15066	-75.3269
15067	-75.3267
15068	-76.0093
15069	-75.6668
15070	-75.7607
15071	-75.7253
15072	-75.6006
15073	-75.7739
15074	-75.9836
15075	-75.6767
15076	-75.5353
15077	-76.1743
15078	-75.9124
15079	-75.2159
15080	-75.2584
15081	-75.5214
15082	-75.2915
15083	-75.5244
15084	-75.8741
15085	-76.0452
15086	-75.8912
15087	-75.7016
15088	-75.387
15089	-75.4923
15090	-75.4711
15091	-75.4698
15092	-75.2098
15093	-75.7307
15094	-75.3975
15095	-75.2618
15096	-75.2713
15097	-75.4302
15098	-75.3013
15099	-75.444
15100	-75.652
15101	-75.7524
15102	-75.4307
15103	-75.931
15104	-75.5195
15105	-75.652
15106	-75.845
15107	-75.5577
15108	-75.6157
15109	-75.766
15110	-75.4626
15111	-75.4552
15112	-75.9279
15113	-75.7893
15114	-75.5913
15115	-75.9314
15116	-75.7285
15117	-75.5854
15118	-75.3075
15119	-75.0006
15120	-75.2029
15121	-75.3405
15122	-75.4757
15123	-75.5184
15124	-76.0719
15125	-75.5573
15126	-75.3688
15127	-75.2219
15128	-74.6259
15129	-75.2101
15130	-75.5316
15131	-75.4773
15132	-75.856
15133	-76.2101
15134	-75.8916
15135	-75.6812
15136	-75.5231
15137	-75.7582
15138	-75.8973
15139	-75.6105
15140	-75.531
15141	-75.632
15142	-75.6468
15143	-75.2637
15144	-75.4788
15145	-75.7632
15146	-75.3898
15147	-75.3561
15148	-76.184
15149	-75.9226
15150	-75.8183
15151	-75.4416
15152	-75.5275
15153	-75.3074
15154	-75.575
15155	-75.9307
15156	-75.5782
15157	-75.3262
15158	-75.3545
15159	-75.3048
15160	-75.603
15161	-75.5412
15162	-75.4301
15163	-75.8363
15164	-75.7963
15165	-75.7285
15166	-75.891
15167	-75.7848
15168	-75.4439
15169	-75.4157
15170	-75.6266
15171	-75.4531
15172	-75.2684
15173	-75.6669
15174	-75.7424
15175	-75.7625
15176	-75.3718
15177	-75.3765
15178	-75.49
15179	-75.5325
15180	-75.5858
15181	-75.4457
15182	-75.5013
15183	-75.2896
15184	-75.5978
15185	-75.7268
15186	-75.9175
15187	-75.7085
15188	-75.948
15189	-75.6309
15190	-75.5925
15191	-75.9873
15192	-75.7602
15193	-74.8987
15194	-75.1161
15195	-75.642
15196	-75.589
15197	-75.7876
15198	-75.5504
15199	-75.8041
15200	-75.28
15201	-75.6517
15202	-75.6369
15203	-75.3557
15204	-75.0435
15205	-75.3385
15206	-75.8306
15207	-75.6058
15208	-75.7785
15209	-75.6775
15210	-75.7497
15211	-75.4552
15212	-75.1207
15213	-75.2978
15214	-75.633
15215	-75.5599
15216	-75.7105
15217	-75.3914
15218	-75.565
15219	-75.1753
15220	-75.916
15221	-75.765
15222	-75.8982
15223	-75.7244
15224	-75.9972
15225	-75.3209
15226	-76.0026
15227	-75.5785
15228	-75.8074
15229	-75.4781
15230	-75.7844
15231	-75.5852
15232	-76.0457
15233	-75.7912
15234	-75.7168
15235	-75.4226
15236	-75.3396
15237	-75.596
15238	-75.6733
15239	-75.4728
15240	-75.6119
15241	-75.8223
15242	-75.5926
15243	-75.433
15244	-75.4588
15245	-75.6555
15246	-75.4026
15247	-75.1887
15248	-75.1598
15249	-75.2455
15250	-75.1403
15251	-75.2065
15252	-74.9878
15253	-75.2068
15254	-75.448
15255	-75.246
15256	-75.6548
15257	-75.3801
15258	-75.6068
15259	-75.7305
15260	-75.5108
15261	-75.1174
15262	-75.2099
15263	-75.3642
15264	-75.1898
15265	-75.2869
15266	-75.5952
15267	-76.04
15268	-75.5829
15269	-75.1995
15270	-75.4629
15271	-75.8258
15272	-75.9873
15273	-75.4877
15274	-75.2386
15275	-75.3857
15276	-75.5616
15277	-75.5051
15278	-75.5362
15279	-75.7477
15280	-75.6097
15281	-75.4892
15282	-75.6804
15283	-75.6982
15284	-75.3353
15285	-75.4525
15286	-75.6429
15287	-75.4575
15288	-75.1725
15289	-75.6703
15290	-75.6077
15291	-75.3902
15292	-75.5565
15293	-75.5336
15294	-75.4425
15295	-75.8257
15296	-75.9279
15297	-75.8097
15298	-75.9188
15299	-75.7388
15300	-75.6806
15301	-75.4775
15302	-75.7498
15303	-75.7477
15304	-75.1499
15305	-75.0873
15306	-75.643
15307	-75.6464
15308	-75.2104
15309	-75.5308
15310	-75.2762
15311	-75.6581
15312	-75.6708
15313	-76.0064
15314	-75.7264
15315	-75.7108
15316	-75.5261
15317	-75.3838
15318	-75.547
15319	-75.7407
15320	-75.3421
15321	-75.7537
15322	-75.796
15323	-75.2709
15324	-75.4726
15325	-76.0201
15326	-76.0216
15327	-75.664
15328	-75.4558
15329	-75.3709
15330	-75.5641
15331	-75.7904
15332	-75.5928
15333	-75.6379
15334	-75.7076
15335	-75.7001
15336	-75.1139
15337	-75.3305
15338	-75.433
15339	-75.4814
15340	-75.3883
15341	-75.3407
15342	-75.7715
15343	-75.5984
15344	-75.3484
15345	-75.1665
15346	-75.3935
15347	-75.7044
15348	-75.4306
15349	-75.5679
15350	-75.6117
15351	-75.6642
15352	-75.838
15353	-75.7963
15354	-75.4415
15355	-75.5033
15356	-75.4226
15357	-75.4628
15358	-75.6418
15359	-75.3026
15360	-75.5138
15361	-75.6477
15362	-75.4378
15363	-75.4951
15364	-75.3538
15365	-75.0465
15366	-75.528
15367	-75.6372
15368	-75.6934
15369	-75.4064
15370	-75.1041
15371	-75.7258
15372	-75.7858
15373	-75.9144
15374	-75.2386
15375	-75.2523
15376	-75.7005
15377	-75.7724
15378	-75.3342
15379	-75.2954
15380	-75.4919
15381	-75.4088
15382	-75.2134
15383	-75.0474
15384	-75.2257
15385	-75.4423
15386	-75.7847
15387	-75.4542
15388	-75.35
15389	-75.4464
15390	-75.0315
15391	-75.4307
15392	-75.7141
15393	-75.4284
15394	-75.6771
15395	-75.6807
15396	-75.3383
15397	-75.3953
15398	-75.4093
15399	-75.6661
15400	-75.7121
15401	-75.826
15402	-75.018
15403	-74.9888
15404	-75.4585
15405	-75.4591
15406	-75.619
15407	-75.6527
15408	-75.4143
15409	-75.2486
15410	-75.5938
15411	-75.6282
15412	-75.5368
15413	-75.5926
15414	-75.217
15415	-75.4008
15416	-75.5046
15417	-75.6116
15418	-75.4269
15419	-75.0695
15420	-75.3707
15421	-75.5235
15422	-75.3097
15423	-75.0731
15424	-75.5004
15425	-75.4131
15426	-75.1654
15427	-75.31
15428	-75.2749
15429	-75.2761
15430	-75.3424
15431	-75.4506
15432	-75.6483
15433	-75.3621
15434	-75.2766
15435	-75.4916
15436	-75.385
15437	-75.2562
15438	-75.3362
15439	-75.277
15440	-75.2875
15441	-75.4071
15442	-75.1195
15443	-75.037
15444	-74.7672
15445	-74.9883
15446	-74.5722
15447	-74.714
15448	-74.7734
15449	-74.9181
15450	-75.0069
15451	-75.088
15452	-75.2394
15453	-75.1843
15454	-75.7731
15455	-75.5811
15456	-75.0972
15457	-75.027
15458	-74.7053
15459	-74.6847
15460	-74.8599
15461	-74.9085
15462	-74.8273
15463	-74.8196
15464	-74.6163
15465	-74.2558
15466	-74.796
15467	-75.1979
15468	-75.0647
15469	-74.4147
15470	-74.5204
15471	-74.8939
15472	-74.6106
15473	-75.2283
15474	-75.0653
15475	-74.8857
15476	-74.282
15477	-74.1982
15478	-74.7688
15479	-74.4441
15480	-74.4466
15481	-74.1053
15482	-74.4245
15483	-74.6005
15484	-74.5641
15485	-74.3846
15486	-73.9477
15487	-73.9769
15488	-74.1957
15489	-74.2519
15490	-74.5258
15491	-74.4294
15492	-74.1454
15493	-73.7499
15494	-73.6221
15495	-73.3679
15496	-73.7724
15497	-73.6009
15498	-73.462
15499	-73.0669
15500	-73.4485
15501	-73.3725
15502	-73.1648
15503	-73.5581
15504	-73.5557
15505	-73.0945
15506	-72.9764
15507	-73.0273
15508	-72.7386
15509	-72.5307
15510	-72.4624
15511	-72.3039
15512	-72.275
15513	-72.2855
15514	-71.9225
15515	-71.8617
15516	-71.7744
15517	-71.4523
15518	-71.0173
15519	-70.5922
15520	-70.7974
15521	-70.2533
15522	-70.2633
15523	-70.2361
15524	-69.9055
15525	-69.4841
15526	-68.8993
15527	-68.5067
15528	-68.2137
15529	-67.9375
15530	-67.3843
15531	-67.4025
15532	-66.915
15533	-66.5874
15534	-66.1955
15535	-65.6124
15536	-65.2214
15537	-64.9821
15538	-64.3702
15539	-63.4659
15540	-63.0247
15541	-62.5653
15542	-62.0288
15543	-62.1349
15544	-61.2802
15545	-60.5288
15546	-59.7103
15547	-59.2699
15548	-58.7526
15549	-57.9977
15550	-57.2361
15551	-56.7717
15552	-56.2246
15553	-55.879
15554	-55.7304
15555	-55.4822
15556	-54.9444
15557	-54.5449
15558	-53.9701
15559	-53.6188
15560	-52.898
15561	-52.8695
15562	-52.5784
15563	-52.3096
15564	-52.2613
15565	-52.3857
15566	-52.4569
15567	-52.3328
15568	-52.6481
15569	-52.9238
15570	-52.7497
15571	-53.0703
15572	-53.2537
15573	-53.5549
15574	-53.8082
15575	-54.4722
15576	-54.6672
15577	-54.6476
15578	-55.1125
15579	-56.0183
15580	-56.6018
15581	-56.8686
15582	-57.2424
15583	-58.0898
15584	-58.6908
15585	-59.0401
15586	-59.2331
15587	-59.724
15588	-60.7379
15589	-61.3371
15590	-61.1786
15591	-61.6847
15592	-62.7295
15593	-63.1009
15594	-63.6646
15595	-64.45
15596	-64.7644
15597	-64.9489
15598	-65.6846
15599	-66.3504
15600	-66.4642
15601	-66.8147
15602	-67.1349
15603	-67.4374
15604	-67.6385
15605	-68.3046
15606	-68.3518
15607	-68.8485
15608	-68.9333
15609	-69.2192
15610	-70.1146
15611	-70.141
15612	-70.2479
15613	-70.4544
15614	-71.135
15615	-71.0952
15616	-71.1755
15617	-70.8589
15618	-71.2036
15619	-71.3489
15620	-71.8925
15621	-72.2155
15622	-72.0743
15623	-72.6675
15624	-73.0598
15625	-72.6719
15626	-72.6935
15627	-72.8811
15628	-72.9737
15629	-73.1432
15630	-72.9594
15631	-73.2392
15632	-73.5343
15633	-73.6504
15634	-73.9272
15635	-73.8824
15636	-73.6017
15637	-73.7002
15638	-73.8422
15639	-74.3743
15640	-74.2224
15641	-73.8361
15642	-74.0308
15643	-74.2785
15644	-74.2253
15645	-74.6333
15646	-74.5709
15647	-74.6512
15648	-74.9747
15649	-74.4855
15650	-74.2996
15651	-74.8606
15652	-74.7299
15653	-74.8579
15654	-74.5067
15655	-74.7129
15656	-74.8402
15657	-74.7348
15658	-74.3441
15659	-74.5073
15660	-74.3674
15661	-74.6054
15662	-74.4404
15663	-74.8041
15664	-74.8598
15665	-74.7614
15666	-74.9997
15667	-74.9751
15668	-75.0484
15669	-75.0765
15670	-75.0577
15671	-75.0918
15672	-75.0015
15673	-75.0071
15674	-74.9027
15675	-75.3683
15676	-75.3559
15677	-75.0749
15678	-75.0496
15679	-75.5255
15680	-75.4982
15681	-75.0964
15682	-75.1023
15683	-75.0556
15684	-75.4655
15685	-75.3935
15686	-75.4549
15687	-75.483
15688	-75.3849
15689	-75.2528
15690	-75.8788
15691	-75.9783
15692	-75.5274
15693	-75.2155
15694	-75.5411
15695	-75.2001
15696	-75.0256
15697	-75.2172
15698	-75.255
15699	-75.0723
15700	-74.973
15701	-75.2623
15702	-74.9594
15703	-75.4791
15704	-75.2571
15705	-75.352
15706	-75.5504
15707	-75.5005
15708	-74.9227
15709	-75.1413
15710	-75.307
15711	-75.3196
15712	-75.3485
15713	-75.5054
15714	-75.267
15715	-75.4312
15716	-75.5753
15717	-75.4083
15718	-75.2852
15719	-75.2311
15720	-75.7744
15721	-75.1646
15722	-75.3673
15723	-75.4961
15724	-75.7734
15725	-75.547
15726	-75.2428
15727	-75.6361
15728	-74.9809
15729	-75.4471
15730	-75.4958
15731	-75.449
15732	-75.785
15733	-75.6679
15734	-75.8211
15735	-75.3774
15736	-75.2082
15737	-75.6347
15738	-75.56
15739	-75.7756
15740	-75.431
15741	-75.1014
15742	-75.4021
15743	-75.4372
15744	-75.4558
15745	-75.1676
15746	-75.5818
15747	-75.595
15748	-75.419
15749	-75.7517
15750	-75.8051
15751	-75.4212
15752	-75.7017
15753	-75.4629
15754	-75.1821
15755	-75.2205
15756	-75.3837
15757	-76.0794
15758	-75.9422
15759	-75.5526
15760	-75.8166
15761	-75.8992
15762	-75.3607
15763	-75.4103
15764	-75.6618
15765	-75.8584
15766	-75.6038
15767	-75.4312
15768	-75.4885
15769	-75.614
15770	-75.3222
15771	-75.3011
15772	-75.4282
15773	-75.5184
15774	-75.58
15775	-74.9841
15776	-75.3456
15777	-75.3268
15778	-75.4121
15779	-75.8695
15780	-75.5832
15781	-75.3096
15782	-75.4246
15783	-75.4034
15784	-75.116
15785	-75.1099
15786	-75.7785
15787	-75.4054
15788	-75.2759
15789	-75.3365
15790	-75.3227
15791	-75.6693
15792	-75.3403
15793	-75.8017
15794	-75.3342
15795	-75.0776
15796	-75.2219
15797	-75.639
15798	-75.6639
15799	-75.2423
15800	-75.5586
15801	-75.5704
15802	-75.823
15803	-75.6097
15804	-75.9678
15805	-75.365
15806	-75.6211
15807	-75.6738
15808	-75.4661
15809	-75.5528
15810	-75.1462
15811	-75.1678
15812	-75.1568
15813	-75.1977
15814	-75.4196
15815	-75.4222
15816	-75.576
15817	-75.5767
15818	-76.0441
15819	-75.3226
15820	-75.3318
15821	-75.85
15822	-76.1741
15823	-75.8576
15824	-75.8384
15825	-75.6235
15826	-75.3024
15827	-75.4184
15828	-75.4226
15829	-75.6071
15830	-75.8376
15831	-75.7399
15832	-75.3876
15833	-75.3672
15834	-75.4832
15835	-75.3026
15836	-75.0647
15837	-75.3665
15838	-75.3175
15839	-75.1203
15840	-75.391
15841	-75.8082
15842	-75.4789
15843	-75.1046
15844	-75.2488
15845	-75.5196
15846	-75.651
15847	-75.4126
15848	-75.5576
15849	-75.3368
15850	-74.9255
15851	-75.4108
15852	-75.6325
15853	-75.0881
15854	-75.3228
15855	-75.6137
15856	-75.3533
15857	-75.5911
15858	-75.7024
15859	-75.2976
15860	-75.4967
15861	-75.2769
15862	-75.1818
15863	-75.5867
15864	-75.5978
15865	-75.3786
15866	-75.5943
15867	-75.7485
15868	-75.7509
15869	-75.7295
15870	-75.5394
15871	-75.1848
15872	-75.5625
15873	-76.3781
15874	-75.6157
15875	-75.5516
15876	-76.1149
15877	-75.6866
15878	-75.7336
15879	-75.5994
15880	-75.6736
15881	-75.2293
15882	-75.1933
15883	-75.2875
15884	-75.9447
15885	-75.7431
15886	-75.9335
15887	-75.6167
15888	-75.4717
15889	-75.581
15890	-75.6917
15891	-75.9645
15892	-75.5047
15893	-75.1555
15894	-75.1625
15895	-75.484
15896	-75.5721
15897	-75.4518
15898	-75.2828
15899	-75.6562
15900	-75.3423
15901	-75.4994
15902	-75.3788
15903	-75.5919
15904	-75.3332
15905	-75.3589
15906	-75.3212
15907	-75.3496
15908	-75.2756
15909	-75.3025
15910	-75.4595
15911	-75.7601
15912	-75.5997
15913	-75.6566
15914	-75.7051
15915	-75.8287
15916	-75.8891
15917	-75.6861
15918	-75.7267
15919	-75.9361
15920	-75.5866
15921	-75.7191
15922	-75.3781
15923	-75.1315
15924	-75.501
15925	-75.3686
15926	-75.6168
15927	-76.1564
15928	-75.8463
15929	-75.537
15930	-75.5584
15931	-75.7649
15932	-75.559
15933	-75.784
15934	-75.3119
15935	-75.3987
15936	-75.185
15937	-75.3725
15938	-75.7162
15939	-75.7682
15940	-75.5689
15941	-75.1262
15942	-75.1116
15943	-75.6885
15944	-75.5513
15945	-75.3334
15946	-75.4796
15947	-75.7894
15948	-75.8825
15949	-75.9669
15950	-75.6986
15951	-75.5104
15952	-75.247
15953	-75.4825
15954	-75.9021
15955	-75.6887
15956	-75.3627
15957	-75.382
15958	-75.5729
15959	-75.6782
15960	-75.5155
15961	-76.0732
15962	-76.0004
15963	-75.4945
15964	-75.659
15965	-75.5073
15966	-75.2357
15967	-75.4055
15968	-75.3731
15969	-75.1124
15970	-75.1468
15971	-75.0453
15972	-75.196
15973	-75.2497
15974	-75.3084
15975	-75.7149
15976	-75.4011
15977	-75.3352
15978	-75.5963
15979	-75.3468
15980	-75.5188
15981	-75.3627
15982	-75.2908
15983	-75.2225
15984	-75.5643
15985	-75.2189
15986	-75.4808
15987	-75.494
15988	-75.4122
15989	-75.4567
15990	-75.4395
15991	-75.5523
15992	-75.417
15993	-75.8124
15994	-75.3321
15995	-75.0945
15996	-75.5642
15997	-75.957
15998	-75.6041
15999	-75.2508
16000	-75.2251
16001	-75.4636
16002	-75.5608
16003	-75.2539
16004	-75.1797
16005	-75.647
16006	-75.3888
16007	-75.2181
16008	-75.5909
16009	-76.1128
16010	-75.3641
16011	-75.6653
16012	-75.5947
16013	-75.3443
16014	-75.4951
16015	-75.5549
16016	-75.6328
16017	-75.425
16018	-75.2941
16019	-75.1003
16020	-75.4172
16021	-75.6829
16022	-75.6904
16023	-76.1215
16024	-75.631
16025	-75.5156
16026	-75.5678
16027	-75.6091
16028	-75.7554
16029	-75.952
16030	-75.6957
16031	-75.9149
16032	-75.4668
16033	-75.5751
16034	-75.8996
16035	-76.0738
16036	-75.2756
16037	-75.3273
16038	-75.2846
16039	-75.2765
16040	-75.1871
16041	-75.595
16042	-75.616
16043	-76.0789
16044	-75.7873
16045	-75.2041
16046	-75.2446
16047	-75.5682
16048	-75.275
16049	-75.3855
16050	-75.0044
16051	-75.3159
16052	-75.2248
16053	-75.3535
16054	-75.6012
16055	-75.4724
16056	-75.4856
16057	-75.24
16058	-75.3782
16059	-75.1651
16060	-75.7378
16061	-75.7224
16062	-75.7722
16063	-75.611
16064	-75.7284
16065	-75.3711
16066	-75.8631
16067	-75.2785
16068	-75.6056
16069	-75.608
16070	-75.2293
16071	-75.738
16072	-75.9672
16073	-75.8236
16074	-75.6698
16075	-75.5205
16076	-75.2179
16077	-75.1401
16078	-75.2647
16079	-75.4711
16080	-75.3674
16081	-75.5899
16082	-75.751
16083	-75.4245
16084	-75.3378
16085	-75.3488
16086	-75.545
16087	-75.2784
16088	-75.297
16089	-75.6033
16090	-75.6577
16091	-75.8678
16092	-75.6296
16093	-75.5941
16094	-75.5936
16095	-75.7331
16096	-75.777
16097	-75.6485
16098	-75.8192
16099	-75.2863
16100	-75.3077
16101	-75.7025
16102	-75.4134
16103	-75.332
16104	-75.6267
16105	-75.6964
16106	-76.1185
16107	-75.6655
16108	-75.8178
16109	-75.9769
16110	-75.6384
16111	-75.3671
16112	-75.1422
16113	-75.636
16114	-75.4773
16115	-75.617
16116	-75.2655
16117	-75.369
16118	-75.5045
16119	-75.9373
16120	-75.3948
16121	-75.2926
16122	-75.4609
16123	-75.214
16124	-75.547
16125	-75.5663
16126	-75.464
16127	-75.608
16128	-75.872
16129	-75.6519
16130	-75.8247
16131	-75.6961
16132	-75.4495
16133	-75.1802
16134	-75.0381
16135	-75.295
16136	-75.611
16137	-75.5228
16138	-75.3704
16139	-75.1961
16140	-75.5056
16141	-75.757
16142	-75.4011
16143	-75.4932
16144	-75.4028
16145	-75.7474
16146	-76.0773
16147	-75.677
16148	-75.6159
16149	-75.804
16150	-75.4564
16151	-75.433
16152	-75.4267
16153	-75.6442
16154	-75.7922
16155	-75.9354
16156	-75.7768
16157	-75.8954
16158	-75.7639
16159	-75.4579
16160	-75.5484
16161	-75.6364
16162	-75.4849
16163	-75.4042
16164	-76.0216
16165	-75.7222
16166	-75.5486
16167	-75.6001
16168	-75.6978
16169	-75.763
16170	-75.5202
16171	-75.3264
16172	-75.1464
16173	-74.913
16174	-75.6186
16175	-75.7092
16176	-75.4515
16177	-75.142
16178	-74.4259
16179	-75.2887
16180	-75.961
16181	-75.5847
16182	-75.4745
16183	-75.4187
16184	-75.4201
16185	-75.6214
16186	-75.6632
16187	-75.6575
16188	-75.0846
16189	-74.9603
16190	-75.091
16191	-75.3533
16192	-75.5708
16193	-75.9973
16194	-75.5386
16195	-75.3557
16196	-75.5213
16197	-75.5297
16198	-75.5521
16199	-75.6416
16200	-75.5262
16201	-75.6462
16202	-75.5972
16203	-75.6959
16204	-75.785
16205	-75.972
16206	-75.4378
16207	-75.8715
16208	-75.8708
16209	-75.2057
16210	-75.5784
16211	-75.8078
16212	-75.2639
16213	-75.321
16214	-75.5724
16215	-75.6043
16216	-75.6153
16217	-75.8355
16218	-75.6466
16219	-75.3684
16220	-75.6115
16221	-75.6614
16222	-76.0816
16223	-75.8875
16224	-75.6715
16225	-75.804
16226	-75.4123
16227	-75.3934
16228	-75.3869
16229	-75.3287
16230	-75.7909
16231	-75.7409
16232	-75.7996
16233	-75.7696
16234	-75.3758
16235	-75.734
16236	-75.4861
16237	-75.3552
16238	-75.6171
16239	-75.3568
16240	-75.1915
16241	-74.8915
16242	-75.2459
16243	-75.4836
16244	-75.9795
16245	-76.0271
16246	-75.9119
16247	-75.7073
16248	-75.1244
16249	-75.4852
16250	-75.7117
16251	-76.0467
16252	-75.2697
16253	-75.3893
16254	-75.3433
16255	-75.3342
16256	-75.369
16257	-75.4231
16258	-75.3818
16259	-75.1201
16260	-75.1954
16261	-75.5276
16262	-75.3294
16263	-75.6585
16264	-75.4876
16265	-75.6976
16266	-75.7627
16267	-75.6076
16268	-76.0516
16269	-75.9207
16270	-75.5174
16271	-75.6078
16272	-75.1211
16273	-75.2287
16274	-75.1917
16275	-75.2779
16276	-75.6829
16277	-75.6972
16278	-76.159
16279	-75.6276
16280	-75.2421
16281	-75.4969
16282	-75.7597
16283	-75.3077
16284	-75.7
16285	-75.0706
16286	-75.5912
16287	-75.5972
16288	-75.3519
16289	-75.7321
16290	-75.728
16291	-75.7408
16292	-75.957
16293	-76.1231
16294	-75.7857
16295	-75.5562
16296	-75.8637
16297	-75.5645
16298	-75.7763
16299	-75.6143
16300	-75.6076
16301	-75.6381
16302	-75.4817
16303	-75.4945
16304	-75.5236
16305	-75.4094
16306	-75.0076
16307	-75.5655
16308	-75.7012
16309	-75.9225
16310	-75.7721
16311	-75.9312
16312	-75.8734
16313	-75.3907
16314	-75.3869
16315	-75.2936
16316	-75.4868
16317	-76.0366
16318	-75.5742
16319	-75.0723
16320	-75.398
16321	-75.7496
16322	-75.8776
16323	-75.5392
16324	-75.6988
16325	-75.27
16326	-75.2462
16327	-75.6445
16328	-75.7227
16329	-75.4901
16330	-75.7951
16331	-75.3357
16332	-75.4064
16333	-75.8318
16334	-75.8161
16335	-75.7371
16336	-75.5052
16337	-75.5731
16338	-75.4215
16339	-75.7315
16340	-75.5594
16341	-75.406
16342	-75.8776
16343	-75.6224
16344	-75.1375
16345	-75.4687
16346	-75.2636
16347	-75.3589
16348	-75.4363
16349	-75.2195
16350	-75.2612
16351	-75.2251
16352	-75.4932
16353	-75.3794
16354	-75.2311
16355	-75.1618
16356	-75.1378
16357	-75.4103
16358	-75.2312
16359	-75.2938
16360	-75.5287
16361	-75.7355
16362	-75.9364
16363	-76.0113
16364	-75.8677
16365	-75.2743
16366	-75.1755
16367	-75.248
16368	-75.7935
16369	-75.5157
16370	-75.5041
16371	-75.6957
16372	-75.6356
16373	-75.356
16374	-75.642
16375	-75.6368
16376	-74.9275
16377	-75.2913
16378	-75.9451
16379	-75.5902
16380	-75.3973
16381	-75.4578
16382	-75.7422
16383	-75.6138
16384	-75.7779
16385	-75.7325
16386	-75.3628
16387	-75.1197
16388	-75.3972
16389	-75.3504
16390	-75.1678
16391	-75.8318
16392	-75.5797
16393	-75.38
16394	-75.4781
16395	-75.3802
16396	-75.0322
16397	-74.9183
16398	-75.1
16399	-75.4695
16400	-75.4256
16401	-75.6357
16402	-75.4985
16403	-75.6012
16404	-75.6111
16405	-75.5123
16406	-75.7248
16407	-75.9813
16408	-75.5672
16409	-75.1943
16410	-75.6202
16411	-75.6757
16412	-75.3629
16413	-75.2495
16414	-75.2051
16415	-75.3227
16416	-75.6327
16417	-75.7025
16418	-75.8417
16419	-75.4132
16420	-75.2551
16421	-75.2773
16422	-75.4708
16423	-75.4924
16424	-75.7347
16425	-76.0881
16426	-75.9361
16427	-75.4844
16428	-75.4779
16429	-75.3635
16430	-75.4241
16431	-75.0643
16432	-75.3945
16433	-75.2549
16434	-75.4808
16435	-75.5768
16436	-75.5809
16437	-75.7922
16438	-76.0486
16439	-75.5601
16440	-75.2942
16441	-75.5914
16442	-75.6912
16443	-75.2034
16444	-75.1633
16445	-75.2479
16446	-75.6311
16447	-75.5534
16448	-75.3387
16449	-75.6433
16450	-75.6578
16451	-75.6353
16452	-75.4303
16453	-75.4895
16454	-75.381
16455	-75.4384
16456	-75.6956
16457	-75.7209
16458	-75.49
16459	-75.6401
16460	-75.5941
16461	-75.5734
16462	-75.452
16463	-75.5327
16464	-75.4296
16465	-75.5001
16466	-75.4775
16467	-75.5489
16468	-75.3464
16469	-75.8369
16470	-75.8808
16471	-75.6804
16472	-75.5336
16473	-75.0487
16474	-75.4056
16475	-75.8344
16476	-75.4253
16477	-75.6272
16478	-75.5093
16479	-75.3963
16480	-75.5432
16481	-75.5187
16482	-75.5485
16483	-75.1583
16484	-75.1196
16485	-75.2924
16486	-75.6913
16487	-75.5278
16488	-75.3935
16489	-75.5097
16490	-75.1052
16491	-75.1682
16492	-75.149
16493	-75.2032
16494	-75.3308
16495	-75.1639
16496	-75.4719
16497	-75.0088
16498	-75.2715
16499	-75.4696
16500	-75.2982
16501	-75.5415
16502	-75.4801
16503	-75.7143
16504	-75.7783
16505	-75.9085
16506	-75.7749
16507	-75.6917
16508	-75.6026
16509	-75.4863
16510	-75.6337
16511	-75.4914
16512	-75.4019
16513	-75.5034
16514	-75.8456
16515	-75.7802
16516	-75.7475
16517	-75.9607
16518	-75.5052
16519	-75.494
16520	-75.8374
16521	-75.5447
16522	-75.8861
16523	-75.7885
16524	-75.4119
16525	-75.4522
16526	-75.8325
16527	-75.4242
16528	-75.281
16529	-75.5533
16530	-75.8667
16531	-75.9253
16532	-75.5895
16533	-75.1766
16534	-75.4946
16535	-75.505
16536	-75.3742
16537	-75.6303
16538	-75.5707
16539	-75.2626
16540	-75.3631
16541	-75.4311
16542	-75.2888
16543	-75.4934
16544	-75.5657
16545	-75.5289
16546	-75.3712
16547	-75.272
16548	-75.0362
16549	-75.33
16550	-75.8641
16551	-75.5946
16552	-75.1994
16553	-75.2069
16554	-75.419
16555	-75.3413
16556	-75.7034
16557	-75.6935
16558	-75.6607
16559	-75.6203
16560	-75.1994
16561	-75.3495
16562	-75.8515
16563	-75.9111
16564	-75.597
16565	-75.8148
16566	-75.5881
16567	-75.3686
16568	-75.574
16569	-75.5324
16570	-75.7501
16571	-76.0111
16572	-76.3782
16573	-75.729
16574	-75.444
16575	-75.4783
16576	-75.5849
16577	-75.7489
16578	-75.759
16579	-75.6814
16580	-75.4288
16581	-75.4014
16582	-75.2825
16583	-75.5256
16584	-75.7478
16585	-75.7309
16586	-75.4346
16587	-75.6508
16588	-75.3541
16589	-75.7555
16590	-75.9173
16591	-75.87
16592	-75.5051
16593	-75.3107
16594	-75.2601
16595	-75.6418
16596	-75.4427
16597	-75.3434
16598	-75.0631
16599	-74.8876
16600	-75.3216
16601	-75.6897
16602	-75.9784
16603	-75.9056
16604	-75.7962
16605	-76.1029
16606	-75.6716
16607	-75.1577
16608	-75.6433
16609	-75.2168
16610	-75.3601
16611	-75.9351
16612	-76.0394
16613	-75.6893
16614	-75.68
16615	-75.4798
16616	-75.561
16617	-75.2343
16618	-75.3649
16619	-75.9086
16620	-75.6694
16621	-74.986
16622	-75.2118
16623	-75.5289
16624	-75.6408
16625	-75.5833
16626	-75.4705
16627	-75.7309
16628	-76.2464
16629	-75.7964
16630	-75.5128
16631	-75.6013
16632	-75.2363
16633	-75.2217
16634	-75.4474
16635	-75.6954
16636	-75.6289
16637	-75.4679
16638	-75.3503
16639	-75.5432
16640	-75.824
16641	-75.5732
16642	-75.4124
16643	-75.6173
16644	-75.6972
16645	-75.5667
16646	-75.4913
16647	-75.5108
16648	-75.6714
16649	-75.5422
16650	-75.5617
16651	-75.7882
16652	-75.6026
16653	-75.2813
16654	-75.25
16655	-75.4796
16656	-75.4228
16657	-75.252
16658	-75.1382
16659	-75.3991
16660	-75.2932
16661	-75.6512
16662	-75.4655
16663	-75.427
16664	-75.4513
16665	-75.3937
16666	-75.1743
16667	-75.3834
16668	-75.5282
16669	-75.1631
16670	-75.4973
16671	-75.7127
16672	-75.5192
16673	-75.4178
16674	-75.5032
16675	-75.3519
16676	-75.7157
16677	-75.7662
16678	-75.3305
16679	-75.2847
16680	-75.7823
16681	-75.7009
16682	-75.6618
16683	-75.4884
16684	-75.4226
16685	-75.7216
16686	-75.6325
16687	-75.4634
16688	-75.5736
16689	-75.2418
16690	-75.4799
16691	-75.9635
16692	-76.1748
16693	-76.3015
16694	-75.8879
16695	-75.3756
16696	-75.4571
16697	-75.3881
16698	-75.5919
16699	-75.6263
16700	-75.4316
16701	-75.6394
16702	-75.3653
16703	-75.5936
16704	-75.4226
16705	-75.7723
16706	-75.6523
16707	-75.6312
16708	-75.8563
16709	-75.6984
16710	-75.3223
16711	-75.2437
16712	-75.2948
16713	-75.4942
16714	-75.5303
16715	-75.3224
16716	-75.2908
16717	-75.3326
16718	-75.3964
16719	-75.2989
16720	-75.0609
16721	-75.2911
16722	-75.4087
16723	-75.5648
16724	-75.483
16725	-75.4862
16726	-75.6994
16727	-75.7503
16728	-75.685
16729	-75.6516
16730	-75.9132
16731	-75.6848
16732	-75.5131
16733	-75.7447
16734	-75.6713
16735	-75.7281
16736	-75.9623
16737	-75.61
16738	-75.2286
16739	-75.4983
16740	-75.599
16741	-75.3248
16742	-75.0984
16743	-74.8298
16744	-75.4021
16745	-75.7056
16746	-75.5907
16747	-75.4794
16748	-75.4664
16749	-75.6523
16750	-75.5709
16751	-75.3199
16752	-75.2824
16753	-75.7118
16754	-75.632
16755	-75.2897
16756	-75.1333
16757	-75.357
16758	-75.3538
16759	-75.5409
16760	-75.7542
16761	-75.6784
16762	-75.9306
16763	-75.9483
16764	-76.0005
16765	-75.723
16766	-75.7879
16767	-75.5001
16768	-75.3439
16769	-76.0573
16770	-75.7153
16771	-75.8005
16772	-75.9074
16773	-75.7849
16774	-75.9381
16775	-75.9979
16776	-76.0542
16777	-75.7738
16778	-74.9185
16779	-75.1562
16780	-75.5407
16781	-75.8887
16782	-75.8259
16783	-75.5127
16784	-75.5151
16785	-75.8767
16786	-75.9029
16787	-75.6325
16788	-75.6487
16789	-75.4445
16790	-75.653
16791	-76.2694
16792	-75.6074
16793	-75.6433
16794	-75.5693
16795	-75.5873
16796	-75.5078
16797	-75.9499
16798	-75.427
16799	-75.4536
16800	-75.6663
16801	-75.6322
16802	-75.4015
16803	-75.5103
16804	-75.6333
16805	-75.5847
16806	-75.3801
16807	-75.7985
16808	-75.7245
16809	-74.8761
16810	-75.1603
16811	-75.2812
16812	-75.6287
16813	-75.6245
16814	-75.9528
16815	-75.9015
16816	-75.8482
16817	-75.7304
16818	-75.2564
16819	-75.285
16820	-75.5777
16821	-75.5538
16822	-75.6225
16823	-75.9994
16824	-75.6876
16825	-75.7139
16826	-75.6169
16827	-75.5081
16828	-75.3185
16829	-75.6589
16830	-75.5539
16831	-75.7524
16832	-75.887
16833	-75.7977
16834	-76.2298
16835	-76.0029
16836	-75.766
16837	-75.7334
16838	-75.8534
16839	-76.1669
16840	-75.6051
16841	-75.9495
16842	-75.8349
16843	-75.3774
16844	-75.5383
16845	-75.4216
16846	-75.2269
16847	-75.4104
16848	-75.5167
16849	-75.6046
16850	-75.4368
16851	-75.8372
16852	-75.6826
16853	-75.7614
16854	-75.7419
16855	-75.7041
16856	-75.8085
16857	-76.0825
16858	-75.7577
16859	-75.4578
16860	-75.5581
16861	-75.7912
16862	-75.4871
16863	-75.315
16864	-75.3989
16865	-75.2192
16866	-75.7108
16867	-75.6669
16868	-75.5514
16869	-75.3313
16870	-75.2331
16871	-75.2733
16872	-75.5352
16873	-75.4641
16874	-75.5453
16875	-75.4721
16876	-75.7044
16877	-75.6228
16878	-75.7655
16879	-75.8586
16880	-75.9425
16881	-75.6889
16882	-75.5088
16883	-75.1457
16884	-75.2735
16885	-75.7706
16886	-75.5394
16887	-75.5465
16888	-75.4599
16889	-75.5733
16890	-75.7033
16891	-76.0319
16892	-75.8136
16893	-75.6328
16894	-75.9653
16895	-75.5492
16896	-75.2006
16897	-75.0853
16898	-75.3855
16899	-75.3014
16900	-75.2952
16901	-75.708
16902	-75.9472
16903	-76.0042
16904	-75.683
16905	-75.3775
16906	-75.6111
16907	-75.0312
16908	-75.1494
16909	-75.4412
16910	-75.4266
16911	-75.4831
16912	-75.569
16913	-75.3798
16914	-75.3335
16915	-75.6092
16916	-75.918
16917	-75.7514
16918	-76.1674
16919	-75.2557
16920	-75.1566
16921	-75.6603
16922	-75.7359
16923	-75.2843
16924	-75.8135
16925	-75.2193
16926	-75.5414
16927	-75.5656
16928	-76.0049
16929	-76.1044
16930	-75.8241
16931	-75.4415
16932	-75.1854
16933	-75.4688
16934	-75.5047
16935	-75.0849
16936	-75.5066
16937	-75.9694
16938	-75.5475
16939	-75.4933
16940	-75.8702
16941	-75.9115
16942	-75.5853
16943	-75.6197
16944	-75.5375
16945	-75.2169
16946	-75.7375
16947	-75.4592
16948	-75.5218
16949	-75.7099
16950	-75.476
16951	-75.5653
16952	-75.4376
16953	-75.6309
16954	-75.6635
16955	-75.8671
16956	-75.977
16957	-75.6002
16958	-75.6149
16959	-75.5378
16960	-75.8237
16961	-75.6243
16962	-75.2898
16963	-74.8804
16964	-75.0963
16965	-75.44
16966	-75.6451
16967	-75.5098
16968	-75.1139
16969	-75.0256
16970	-75.2519
16971	-75.6503
16972	-75.8077
16973	-75.766
16974	-75.2963
16975	-75.2327
16976	-75.6084
16977	-75.5846
16978	-75.8266
16979	-75.868
16980	-75.1186
16981	-75.2972
16982	-75.3729
16983	-75.2729
16984	-75.5116
16985	-75.9535
16986	-75.4286
16987	-75.5196
16988	-75.9362
16989	-75.6745
16990	-75.6972
16991	-75.5652
16992	-76.0131
16993	-76.067
16994	-75.1535
16995	-75.4897
16996	-75.2499
16997	-75.1125
16998	-75.2877
16999	-75.431
17000	-75.2941
17001	-75.2028
17002	-75.7094
17003	-75.4729
17004	-75.5182
17005	-75.399
17006	-75.617
17007	-75.5216
17008	-75.2372
17009	-75.4049
17010	-75.8742
17011	-75.7071
17012	-75.849
17013	-75.7622
17014	-75.517
17015	-75.5908
17016	-75.4017
17017	-75.9016
17018	-75.2387
17019	-75.3704
17020	-75.3357
17021	-75.3418
17022	-75.2667
17023	-75.8557
17024	-75.594
17025	-75.4701
17026	-75.5766
17027	-75.4876
17028	-75.8262
17029	-75.5618
17030	-75.2972
17031	-75.2598
17032	-75.6254
17033	-75.8011
17034	-75.1612
17035	-75.3421
17036	-75.4457
17037	-75.6708
17038	-75.5355
17039	-75.8895
17040	-75.7363
17041	-75.485
17042	-75.5238
17043	-75.7718
17044	-75.9792
17045	-75.6103
17046	-75.3442
17047	-75.9093
17048	-75.8047
17049	-75.82
17050	-75.8321
17051	-75.5249
17052	-75.4412
17053	-75.0524
17054	-75.5368
17055	-75.7515
17056	-75.1405
17057	-75.533
17058	-75.5243
17059	-75.6694
17060	-75.7355
17061	-75.458
17062	-75.4611
17063	-75.4158
17064	-75.1324
17065	-75.7898
17066	-75.7241
17067	-76.0585
17068	-75.4808
17069	-75.3351
17070	-75.2218
17071	-75.7793
17072	-75.8986
17073	-75.7479
17074	-75.5827
17075	-75.8534
17076	-75.7911
17077	-75.5191
17078	-75.8488
17079	-75.726
17080	-75.4576
17081	-75.7331
17082	-75.4441
17083	-75.3546
17084	-75.3766
17085	-75.6524
17086	-75.3524
17087	-75.6003
17088	-75.7402
17089	-75.7849
17090	-75.6244
17091	-75.7586
17092	-75.7474
17093	-75.4657
17094	-75.7475
17095	-75.7061
17096	-75.532
17097	-75.2686
17098	-75.6364
17099	-75.5901
17100	-75.5633
17101	-75.4437
17102	-75.3919
17103	-75.9288
17104	-76.0811
17105	-75.8762
17106	-75.3203
17107	-75.4113
17108	-75.4259
17109	-75.371
17110	-75.5281
17111	-75.8906
17112	-75.6536
17113	-75.5764
17114	-75.3657
17115	-75.5652
17116	-75.3488
17117	-75.8467
17118	-75.6055
17119	-75.5646
17120	-75.6312
17121	-75.4635
17122	-75.8111
17123	-75.6105
17124	-75.6326
17125	-75.2355
17126	-75.5778
17127	-75.5408
17128	-75.5341
17129	-75.2463
17130	-75.1902
17131	-75.4653
17132	-75.0081
17133	-75.1855
17134	-75.8032
17135	-75.645
17136	-75.8117
17137	-75.2342
17138	-75.4352
17139	-75.3631
17140	-75.4966
17141	-75.6604
17142	-75.9857
17143	-75.5692
17144	-75.3954
17145	-75.6034
17146	-75.9179
17147	-75.8872
17148	-75.7231
17149	-75.8182
17150	-75.6225
17151	-75.3939
17152	-75.1923
17153	-75.2588
17154	-75.1724
17155	-75.3882
17156	-75.6755
17157	-75.7284
17158	-75.9309
17159	-75.7648
17160	-75.5983
17161	-75.5769
17162	-75.7482
17163	-75.6305
17164	-75.5443
17165	-75.4843
17166	-75.9299
17167	-75.8263
17168	-75.7667
17169	-75.2498
17170	-75.3919
17171	-75.5885
17172	-75.5471
17173	-75.6755
17174	-75.3704
17175	-75.4808
17176	-75.7894
17177	-75.8469
17178	-75.5283
17179	-75.5849
17180	-75.3783
17181	-74.9986
17182	-75.3726
17183	-75.7498
17184	-75.5751
17185	-75.2188
17186	-75.4504
17187	-75.8804
17188	-75.7607
17189	-75.7591
17190	-75.7921
17191	-75.5179
17192	-75.3219
17193	-75.3785
17194	-75.4802
17195	-75.3659
17196	-75.3704
17197	-75.345
17198	-75.1126
17199	-75.3044
17200	-75.246
17201	-75.2238
17202	-75.3103
17203	-75.4381
17204	-75.5348
17205	-75.6068
17206	-76.0883
17207	-75.8125
17208	-75.3522
17209	-75.3783
17210	-75.3016
17211	-75.7136
17212	-75.3767
17213	-75.483
17214	-75.5232
17215	-75.7368
17216	-75.4539
17217	-75.7211
17218	-75.6163
17219	-75.8468
17220	-75.4501
17221	-75.4625
17222	-75.7849
17223	-75.6646
17224	-75.7641
17225	-75.4327
17226	-75.2909
17227	-75.8019
17228	-75.9268
17229	-75.8974
17230	-75.356
17231	-75.4533
17232	-75.5773
17233	-75.9771
17234	-75.9176
17235	-75.5176
17236	-75.1453
17237	-75.1442
17238	-75.6076
17239	-75.9428
17240	-75.8507
17241	-75.3598
17242	-75.2907
17243	-75.6384
17244	-75.8379
17245	-75.7497
17246	-75.5968
17247	-75.8749
17248	-75.2955
17249	-75.8129
17250	-75.7658
17251	-75.9964
17252	-75.5854
17253	-75.5686
17254	-75.6502
17255	-75.6805
17256	-75.5834
17257	-75.8285
17258	-75.8455
17259	-75.6211
17260	-75.6258
17261	-75.4969
17262	-75.7225
17263	-75.6224
17264	-75.8371
17265	-75.3616
17266	-75.7455
17267	-75.8879
17268	-75.7658
17269	-75.9462
17270	-76.0535
17271	-75.4059
17272	-75.06
17273	-75.2355
17274	-75.5763
17275	-75.345
17276	-75.8997
17277	-75.3702
17278	-75.5664
17279	-75.6546
17280	-75.4574
17281	-75.2325
17282	-75.814
17283	-75.817
17284	-75.3935
17285	-75.7279
17286	-75.647
17287	-75.376
17288	-75.4267
17289	-75.3365
17290	-75.4979
17291	-75.7439
17292	-75.5034
17293	-75.6324
17294	-75.8928
17295	-75.5342
17296	-75.4982
17297	-75.5346
17298	-75.453
17299	-75.3259
17300	-75.3449
17301	-75.5851
17302	-75.4824
17303	-75.5423
17304	-75.4971
17305	-76.1861
17306	-76.0361
17307	-75.8476
17308	-75.6608
17309	-75.4025
17310	-75.5008
17311	-75.3262
17312	-75.6102
17313	-75.9016
17314	-75.8176
17315	-75.6151
17316	-75.5902
17317	-75.7655
17318	-75.5328
17319	-75.2117
17320	-75.5359
17321	-75.4609
17322	-75.2044
17323	-75.8192
17324	-76.004
17325	-75.3516
17326	-75.275
17327	-75.2537
17328	-75.2935
17329	-75.2474
17330	-75.2121
17331	-75.4151
17332	-76.0443
17333	-75.9482
17334	-75.8007
17335	-75.4984
17336	-75.4618
17337	-75.7895
17338	-75.8385
17339	-75.3739
17340	-75.115
17341	-75.3845
17342	-75.4237
17343	-75.3271
17344	-75.6812
17345	-75.5484
17346	-75.6449
17347	-75.7313
17348	-75.7712
17349	-75.4316
17350	-75.5016
17351	-75.6297
17352	-75.4075
17353	-75.3894
17354	-75.6157
17355	-75.7091
17356	-75.835
17357	-75.9176
17358	-75.8456
17359	-75.474
17360	-75.3427
17361	-75.1418
17362	-75.4439
17363	-75.8745
17364	-75.821
17365	-75.5812
17366	-75.8067
17367	-75.6321
17368	-75.5153
17369	-75.6438
17370	-75.4716
17371	-75.345
17372	-75.4915
17373	-75.7416
17374	-75.6883
17375	-75.5116
17376	-75.6502
17377	-75.6631
17378	-75.5019
17379	-75.3734
17380	-75.5342
17381	-75.2376
17382	-75.8502
17383	-75.8707
17384	-75.6099
17385	-75.4531
17386	-75.5127
17387	-75.7983
17388	-75.388
17389	-75.8685
17390	-75.7963
17391	-75.6494
17392	-75.8176
17393	-75.8939
17394	-75.8227
17395	-75.8675
17396	-75.5828
17397	-75.4093
17398	-75.4583
17399	-75.8154
17400	-75.7448
17401	-75.8579
17402	-75.6186
17403	-75.7241
17404	-75.4527
17405	-75.371
17406	-75.4724
17407	-75.4385
17408	-75.2636
17409	-75.4573
17410	-75.9272
17411	-75.8678
17412	-75.8
17413	-75.6667
17414	-75.7101
17415	-75.3719
17416	-75.4524
17417	-75.6147
17418	-75.7061
17419	-75.5401
17420	-75.0867
17421	-75.4052
17422	-75.3876
17423	-75.4271
17424	-75.3499
17425	-75.2604
17426	-75.3777
17427	-75.1618
17428	-75.6615
17429	-75.0119
17430	-75.2153
17431	-75.699
17432	-75.5573
17433	-75.8426
17434	-75.6555
17435	-75.6021
17436	-75.5462
17437	-75.3788
17438	-75.6155
17439	-75.1606
17440	-75.2183
17441	-75.3451
17442	-75.4269
17443	-75.5131
17444	-75.2115
17445	-75.6545
17446	-75.6046
17447	-75.7228
17448	-75.6137
17449	-75.5227
17450	-76.0535
17451	-75.8805
17452	-75.6941
17453	-75.8017
17454	-75.4614
17455	-75.794
17456	-75.944
17457	-75.7717
17458	-75.5182
17459	-75.2334
17460	-75.1758
17461	-75.4765
17462	-75.4534
17463	-75.6142
17464	-75.5926
17465	-75.7546
17466	-75.7454
17467	-75.8877
17468	-76.0754
17469	-76.1114
17470	-75.7434
17471	-75.5737
17472	-75.3137
17473	-75.3378
17474	-75.452
17475	-75.3622
17476	-75.268
17477	-75.2369
17478	-75.5019
17479	-75.8372
17480	-75.6008
17481	-75.9315
17482	-75.837
17483	-75.675
17484	-75.221
17485	-75.8683
17486	-75.661
17487	-75.5535
17488	-75.7014
17489	-75.3368
17490	-75.5267
17491	-75.4919
17492	-75.6933
17493	-75.4311
17494	-75.3731
17495	-75.1172
17496	-75.6137
17497	-75.3097
17498	-75.0998
17499	-75.2161
17500	-75.9505
17501	-75.6416
17502	-75.9442
17503	-75.7149
17504	-75.8119
17505	-75.5234
17506	-75.4133
17507	-75.5971
17508	-75.6782
17509	-75.4476
17510	-74.9698
17511	-75.2295
17512	-75.4449
17513	-75.8586
17514	-75.606
17515	-75.761
17516	-76.2628
17517	-76.3026
17518	-75.7828
17519	-75.4638
17520	-75.5905
17521	-75.5018
17522	-75.3056
17523	-75.6982
17524	-75.7517
17525	-75.8595
17526	-75.6903
17527	-75.8143
17528	-75.5968
17529	-75.5909
17530	-75.2674
17531	-75.0895
17532	-75.4954
17533	-75.8106
17534	-75.4909
17535	-75.3636
17536	-75.7336
17537	-75.812
17538	-75.7811
17539	-75.2295
17540	-75.1964
17541	-75.7551
17542	-75.5939
17543	-75.9887
17544	-75.6366
17545	-75.6339
17546	-75.6318
17547	-75.4679
17548	-75.3397
17549	-75.768
17550	-76.0836
17551	-75.8608
17552	-75.8695
17553	-75.9813
17554	-75.8158
17555	-75.5844
17556	-75.5589
17557	-75.4122
17558	-75.4901
17559	-75.7487
17560	-75.925
17561	-75.6042
17562	-75.1921
17563	-75.6713
17564	-75.9654
17565	-76.0449
17566	-75.8877
17567	-75.215
17568	-75.3453
17569	-75.3406
17570	-75.5725
17571	-75.4004
17572	-75.4841
17573	-75.5934
17574	-75.5818
17575	-75.7329
17576	-75.7044
17577	-75.0631
17578	-75.0269
17579	-75.2997
17580	-75.0505
17581	-75.0879
17582	-75.4649
17583	-75.5959
17584	-75.9385
17585	-75.7899
17586	-75.2348
17587	-75.8488
17588	-75.7286
17589	-75.1318
17590	-75.5825
17591	-75.9691
17592	-75.4734
17593	-75.8536
17594	-75.5831
17595	-75.4697
17596	-76.0117
17597	-75.5169
17598	-75.5092
17599	-75.0397
17600	-74.9193
17601	-75.4785
17602	-75.5818
17603	-75.3872
17604	-75.6361
17605	-75.912
17606	-75.463
17607	-75.2907
17608	-75.7447
17609	-75.8589
17610	-75.8491
17611	-75.6009
17612	-75.1383
17613	-75.4739
17614	-75.2737
17615	-75.7925
17616	-75.8224
17617	-75.4855
17618	-75.4448
17619	-75.7743
17620	-76.174
17621	-75.9749
17622	-75.4867
17623	-75.6867
17624	-75.8566
17625	-75.7963
17626	-75.5546
17627	-75.5985
17628	-75.89
17629	-75.5708
17630	-75.8415
17631	-75.6952
17632	-75.7132
17633	-75.6004
17634	-75.2032
17635	-75.3153
17636	-75.4035
17637	-75.4268
17638	-75.4622
17639	-75.4112
17640	-75.342
17641	-75.3584
17642	-75.7287
17643	-75.8163
17644	-75.8909
17645	-75.8698
17646	-75.4592
17647	-75.4254
17648	-75.4592
17649	-75.8977
17650	-75.9386
17651	-75.7762
17652	-75.7445
17653	-75.7415
17654	-75.4137
17655	-75.42
17656	-75.7384
17657	-75.3531
17658	-75.6719
17659	-75.2103
17660	-75.384
17661	-75.6001
17662	-75.9152
17663	-75.8891
17664	-75.7639
17665	-75.4775
17666	-75.4646
17667	-75.5303
17668	-75.3411
17669	-75.5184
17670	-75.6112
17671	-75.1629
17672	-76.014
17673	-75.8621
17674	-75.5094
17675	-75.424
17676	-75.7927
17677	-75.7113
17678	-75.3321
17679	-75.5133
17680	-75.5708
17681	-75.6666
17682	-75.4959
17683	-75.5735
17684	-75.216
17685	-75.6435
17686	-75.7728
17687	-75.5948
17688	-75.3879
17689	-75.3943
17690	-75.5035
17691	-75.6168
17692	-75.8195
17693	-75.7844
17694	-75.8686
17695	-76.3348
17696	-75.6108
17697	-75.6264
17698	-75.9676
17699	-75.8163
17700	-75.5434
17701	-75.4204
17702	-75.8177
17703	-75.7713
17704	-75.4725
17705	-75.6565
17706	-75.5201
17707	-75.4454
17708	-75.7437
17709	-75.5368
17710	-75.574
17711	-75.6868
17712	-75.799
17713	-76.0626
17714	-76.0507
17715	-75.709
17716	-75.2209
17717	-75.6113
17718	-75.9452
17719	-75.8747
17720	-76.079
17721	-75.8712
17722	-75.6398
17723	-75.7408
17724	-75.4977
17725	-75.3653
17726	-75.2251
17727	-75.6123
17728	-75.6354
17729	-75.7176
17730	-75.3378
17731	-75.2557
17732	-75.5695
17733	-75.3549
17734	-75.4208
17735	-75.1786
17736	-75.2128
17737	-75.6527
17738	-75.6915
17739	-75.0406
17740	-75.4306
17741	-75.4372
17742	-75.8594
17743	-75.7314
17744	-75.7854
17745	-75.5239
17746	-75.3596
17747	-75.6209
17748	-75.6988
17749	-75.4267
17750	-75.4315
17751	-75.8009
17752	-75.6721
17753	-75.5391
17754	-75.5673
17755	-76.0606
17756	-75.8681
17757	-75.5304
17758	-75.6947
17759	-75.525
17760	-75.2408
17761	-75.8036
17762	-75.7353
17763	-75.7254
17764	-75.5601
17765	-75.8148
17766	-75.6821
17767	-75.6732
17768	-75.5347
17769	-75.113
17770	-75.5667
17771	-75.5919
17772	-75.3924
17773	-75.6488
17774	-75.5198
17775	-75.1516
17776	-75.5002
17777	-75.6674
17778	-75.6097
17779	-75.5831
17780	-75.6364
17781	-75.5376
17782	-75.3112
17783	-75.3658
17784	-75.7687
17785	-75.6795
17786	-75.6953
17787	-75.4811
17788	-75.5271
17789	-75.5152
17790	-75.9546
17791	-75.5025
17792	-75.6525
17793	-75.8069
17794	-75.4558
17795	-75.5616
17796	-75.4964
17797	-75.3287
17798	-75.4464
17799	-75.06
17800	-75.1638
17801	-75.2735
17802	-75.324
17803	-75.5674
17804	-75.6999
17805	-75.7903
17806	-75.4821
17807	-75.2421
17808	-75.3474
17809	-75.5851
17810	-75.2732
17811	-75.1656
17812	-75.1514
17813	-75.2488
17814	-75.3969
17815	-75.5016
17816	-75.4768
17817	-75.3964
17818	-75.6353
17819	-75.6763
17820	-75.743
17821	-75.8642
17822	-75.7456
17823	-75.2532
17824	-75.6649
17825	-75.7761
17826	-75.9177
17827	-75.6864
17828	-75.6494
17829	-75.834
17830	-76.0626
17831	-75.9273
17832	-75.7818
17833	-75.667
17834	-75.8997
17835	-75.6596
17836	-75.5613
17837	-75.4433
17838	-75.2609
17839	-75.3584
17840	-75.5921
17841	-75.5446
17842	-75.6885
17843	-75.4041
17844	-75.6169
17845	-75.5317
17846	-75.4018
17847	-75.151
17848	-75.4423
17849	-75.9786
17850	-76.0395
17851	-75.5804
17852	-75.0602
17853	-75.1839
17854	-75.2801
17855	-75.5902
17856	-75.4458
17857	-75.5469
17858	-75.8242
17859	-75.7681
17860	-75.679
17861	-75.5812
17862	-75.8506
17863	-75.3242
17864	-75.5186
17865	-75.5896
17866	-75.5294
17867	-75.9877
17868	-75.7689
17869	-75.1225
17870	-75.3627
17871	-75.7466
17872	-75.4489
17873	-75.338
17874	-75.463
17875	-75.6546
17876	-75.9265
17877	-75.6413
17878	-75.8505
17879	-75.786
17880	-75.2028
17881	-75.3277
17882	-75.6138
17883	-76.0131
17884	-75.2123
17885	-75.3072
17886	-75.3591
17887	-75.2462
17888	-75.5985
17889	-75.504
17890	-75.055
17891	-75.1908
17892	-75.8992
17893	-75.6092
17894	-75.7642
17895	-75.8286
17896	-75.6595
17897	-75.7445
17898	-76.0677
17899	-76.0458
17900	-75.6385
17901	-75.9249
17902	-75.5859
17903	-75.9536
17904	-75.946
17905	-75.8469
17906	-75.51
17907	-75.6278
17908	-75.2763
17909	-75.045
17910	-75.1874
17911	-75.252
17912	-75.2608
17913	-75.3275
17914	-75.1334
17915	-75.5502
17916	-75.4938
17917	-75.7928
17918	-75.5939
17919	-76.0504
17920	-75.8349
17921	-75.579
17922	-75.4213
17923	-75.6272
17924	-75.5973
17925	-75.3483
17926	-75.4429
17927	-75.7027
17928	-75.913
17929	-75.7324
17930	-75.7823
17931	-75.5807
17932	-75.412
17933	-75.6271
17934	-75.6388
17935	-75.6594
17936	-75.5106
17937	-75.539
17938	-75.8984
17939	-75.6528
17940	-76.4558
17941	-76.1653
17942	-76.1472
17943	-75.9359
17944	-75.376
17945	-75.6769
17946	-75.5695
17947	-75.3964
17948	-75.1306
17949	-75.5468
17950	-75.5643
17951	-75.9446
17952	-75.753
17953	-75.0555
17954	-75.4607
17955	-75.5095
17956	-75.4421
17957	-75.629
17958	-75.7298
17959	-76.1992
17960	-75.8218
17961	-75.5508
17962	-75.4762
17963	-75.5991
17964	-75.7247
17965	-75.7569
17966	-75.6792
17967	-75.4678
17968	-75.5134
17969	-75.9681
17970	-75.5538
17971	-75.7545
17972	-75.6675
17973	-75.6843
17974	-75.487
17975	-75.6007
17976	-75.4942
17977	-75.9532
17978	-76.0724
17979	-75.9947
17980	-75.5757
17981	-75.499
17982	-75.442
17983	-75.2773
17984	-75.5045
17985	-75.7747
17986	-76.0931
17987	-75.5132
17988	-75.2723
17989	-75.8135
17990	-75.9294
17991	-75.6529
17992	-76.024
17993	-75.9209
17994	-75.6101
17995	-75.4525
17996	-75.4971
17997	-75.7421
17998	-75.5408
17999	-75.6783
18000	-75.8637
18001	-75.3553
18002	-75.2266
18003	-75.2411
18004	-75.0473
18005	-75.6818
18006	-75.7684
18007	-75.3929
18008	-75.6486
18009	-75.7216
18010	-75.7214
18011	-75.6877
18012	-75.7179
18013	-75.3249
18014	-75.0862
18015	-75.567
18016	-75.9611
18017	-75.336
18018	-75.3262
18019	-75.5809
18020	-75.9737
18021	-75.8941
18022	-75.7536
18023	-75.8674
18024	-75.6457
18025	-75.3504
18026	-75.4064
18027	-75.5668
18028	-75.4331
18029	-75.5266
18030	-75.0699
18031	-75.7071
18032	-75.5586
18033	-75.4183
18034	-75.658
18035	-75.1803
18036	-75.5275
18037	-75.6889
18038	-75.4122
18039	-75.7477
18040	-75.6379
18041	-75.8277
18042	-75.1274
18043	-75.4652
18044	-75.4898
18045	-75.5212
18046	-75.3348
18047	-75.5209
18048	-75.3668
18049	-75.4679
18050	-75.4074
18051	-75.376
18052	-75.526
18053	-75.854
18054	-75.8277
18055	-75.6528
18056	-75.2577
18057	-75.3163
18058	-75.8916
18059	-75.9078
18060	-75.8665
18061	-75.2551
18062	-75.4256
18063	-75.5075
18064	-75.4127
18065	-76.1921
18066	-76.066
18067	-75.6895
18068	-75.4815
18069	-76.0082
18070	-75.8229
18071	-75.4466
18072	-75.4269
18073	-75.5636
18074	-75.6229
18075	-75.5157
18076	-75.5929
18077	-75.9228
18078	-76.4395
18079	-75.8555
18080	-75.4953
18081	-75.5691
18082	-75.326
18083	-75.3897
18084	-75.4821
18085	-75.4169
18086	-75.5994
18087	-75.0482
18088	-75.4533
18089	-75.0754
18090	-74.9983
18091	-75.6406
18092	-75.4413
18093	-75.1742
18094	-75.3104
18095	-75.9307
18096	-75.9545
18097	-75.6801
18098	-75.7028
18099	-75.4808
18100	-75.3085
18101	-75.3308
18102	-75.401
18103	-75.2868
18104	-75.4069
18105	-75.3143
18106	-75.255
18107	-75.6129
18108	-75.8035
18109	-75.4659
18110	-75.5242
18111	-75.5895
18112	-75.6103
18113	-75.8958
18114	-75.6998
18115	-75.4744
18116	-75.6095
18117	-75.3872
18118	-75.6576
18119	-75.8079
18120	-75.4514
18121	-75.6168
18122	-75.4689
18123	-75.4416
18124	-75.7843
18125	-75.7537
18126	-75.4962
18127	-75.4968
18128	-75.6063
18129	-75.4583
18130	-75.4117
18131	-75.3758
18132	-75.4426
18133	-75.5587
18134	-75.4795
18135	-75.9491
18136	-76.0279
18137	-75.5813
18138	-75.583
18139	-75.443
18140	-75.5387
18141	-75.4842
18142	-75.4302
18143	-75.5877
18144	-75.4457
18145	-75.6121
18146	-75.7054
18147	-75.5616
18148	-75.8656
18149	-75.7444
18150	-75.8759
18151	-75.5652
18152	-75.0119
18153	-75.2155
18154	-75.5485
18155	-75.5778
18156	-75.5286
18157	-75.736
18158	-75.3471
18159	-75.1746
18160	-75.1407
18161	-75.4326
18162	-75.4809
18163	-75.7608
18164	-75.7401
18165	-75.727
18166	-75.0658
18167	-74.9423
18168	-75.4529
18169	-75.9214
18170	-75.8998
18171	-75.246
18172	-75.44
18173	-75.9768
18174	-75.6684
18175	-75.7771
18176	-76.2492
18177	-75.9753
18178	-75.7673
18179	-75.5904
18180	-75.7169
18181	-75.5349
18182	-75.6199
18183	-75.5269
18184	-75.3966
18185	-75.5361
18186	-75.5137
18187	-75.7273
18188	-75.9034
18189	-76.0499
18190	-75.7485
18191	-75.4769
18192	-75.8001
18193	-75.9376
18194	-75.7215
18195	-75.383
18196	-75.5945
18197	-75.648
18198	-75.8481
18199	-75.8014
18200	-75.3545
18201	-75.2256
18202	-75.414
18203	-75.6363
18204	-75.5144
18205	-75.5724
18206	-75.5313
18207	-75.2493
18208	-75.2517
18209	-75.4622
18210	-75.3969
18211	-75.7188
18212	-75.5524
18213	-75.2574
18214	-75.598
18215	-75.5295
18216	-75.2734
18217	-75.4833
18218	-75.5848
18219	-75.7405
18220	-75.9192
18221	-75.7834
18222	-75.7181
18223	-75.3807
18224	-75.6301
18225	-75.5332
18226	-75.4401
18227	-75.4752
18228	-75.229
18229	-75.5677
18230	-75.856
18231	-75.7622
18232	-75.6509
18233	-75.8633
18234	-75.8126
18235	-75.4279
18236	-75.5654
18237	-75.3199
18238	-75.5572
18239	-75.7265
18240	-75.4553
18241	-75.5232
18242	-75.453
18243	-75.7058
18244	-76.0432
18245	-75.8227
18246	-75.3616
18247	-75.2877
18248	-75.5286
18249	-75.5974
18250	-75.897
18251	-75.8346
18252	-75.8747
18253	-75.5705
18254	-76.0286
18255	-75.4619
18256	-75.5815
18257	-75.4458
18258	-75.8849
18259	-75.7972
18260	-75.6936
18261	-75.7086
18262	-75.4813
18263	-75.3454
18264	-75.5579
18265	-75.5901
18266	-75.5431
18267	-75.4003
18268	-75.5008
18269	-75.634
18270	-75.5128
18271	-75.8102
18272	-76.0842
18273	-75.6611
18274	-75.4456
18275	-75.6988
18276	-75.2106
18277	-75.1308
18278	-75.53
18279	-75.6037
18280	-75.7372
18281	-75.8031
18282	-75.3919
18283	-75.3764
18284	-75.4958
18285	-75.1674
18286	-75.3638
18287	-75.8158
18288	-75.877
18289	-75.8552
18290	-75.8631
18291	-75.9052
18292	-75.5673
18293	-75.3668
18294	-74.9411
18295	-75.214
18296	-75.8148
18297	-75.574
18298	-75.436
18299	-75.6181
18300	-75.2274
18301	-75.5458
18302	-75.8429
18303	-75.6128
18304	-75.5073
18305	-75.3536
18306	-75.4156
18307	-75.3697
18308	-75.0569
18309	-75.1547
18310	-75.4743
18311	-75.6461
18312	-75.87
18313	-75.7107
18314	-75.9255
18315	-76.2168
18316	-75.9422
18317	-75.7469
18318	-75.5612
18319	-75.4877
18320	-75.2352
18321	-75.396
18322	-75.4194
18323	-75.0684
18324	-75.2219
18325	-75.6178
18326	-76.0263
18327	-76.1444
18328	-76.0326
18329	-75.6475
18330	-75.6715
18331	-75.7426
18332	-75.7618
18333	-75.751
18334	-75.5558
18335	-75.7108
18336	-75.9214
18337	-75.4481
18338	-75.5122
18339	-75.5842
18340	-75.5196
18341	-75.4488
18342	-75.2099
18343	-74.963
18344	-75.1328
18345	-75.5356
18346	-75.3945
18347	-75.7349
18348	-75.7656
18349	-75.7343
18350	-75.9095
18351	-75.8097
18352	-76.0273
18353	-75.719
18354	-75.5618
18355	-75.6756
18356	-75.7303
18357	-75.6155
18358	-75.1725
18359	-75.2559
18360	-75.2933
18361	-75.7581
18362	-75.5143
18363	-75.7266
18364	-76.2116
18365	-75.617
18366	-75.608
18367	-75.545
18368	-75.2931
18369	-75.5051
18370	-75.4843
18371	-75.3545
18372	-75.7084
18373	-75.88
18374	-75.6289
18375	-75.4873
18376	-75.3958
18377	-75.6048
18378	-75.6085
18379	-75.3911
18380	-75.466
18381	-75.6302
18382	-75.4011
18383	-75.7029
18384	-75.6325
18385	-75.9653
18386	-75.479
18387	-75.7089
18388	-75.4717
18389	-75.5179
18390	-75.2601
18391	-75.3164
18392	-75.3887
18393	-75.6245
18394	-75.6835
18395	-75.6406
18396	-75.4954
18397	-75.2692
18398	-75.6297
18399	-76.3589
18400	-75.7584
18401	-75.654
18402	-75.5597
18403	-75.5727
18404	-75.5927
18405	-75.9933
18406	-75.5801
18407	-75.6149
18408	-75.0735
18409	-75.2015
18410	-75.3294
18411	-75.389
18412	-75.6783
18413	-75.7897
18414	-75.7262
18415	-75.8009
18416	-75.7275
18417	-75.5911
18418	-75.5729
18419	-75.6712
18420	-75.601
18421	-75.7268
18422	-75.8885
18423	-75.7048
18424	-75.2916
18425	-75.4437
18426	-75.8091
18427	-75.9174
18428	-75.493
18429	-75.4647
18430	-75.6148
18431	-75.5307
18432	-75.3837
18433	-75.3751
18434	-75.6838
18435	-75.6789
18436	-75.4215
18437	-75.8603
18438	-75.6303
18439	-75.7948
18440	-75.6829
18441	-75.9204
18442	-75.2861
18443	-75.9284
18444	-75.9684
18445	-75.6781
18446	-75.769
18447	-75.7109
18448	-75.5964
18449	-75.6535
18450	-75.9212
18451	-76.0615
18452	-75.4573
18453	-75.2999
18454	-75.7667
18455	-75.6003
18456	-75.5005
18457	-75.8967
18458	-75.8157
18459	-75.6743
18460	-75.6582
18461	-75.6475
18462	-75.7844
18463	-75.7024
18464	-75.5511
18465	-75.8113
18466	-75.7625
18467	-75.6793
18468	-75.6921
18469	-75.2343
18470	-75.387
18471	-75.5037
18472	-75.7804
18473	-75.5119
18474	-75.6869
18475	-75.5428
18476	-75.2777
18477	-75.5582
18478	-75.6845
18479	-75.3586
18480	-75.532
18481	-75.6761
18482	-75.6832
18483	-75.8501
18484	-75.9844
18485	-76.0754
18486	-75.8439
18487	-75.6277
18488	-75.3059
18489	-75.3908
18490	-75.3254
18491	-75.5138
18492	-75.3591
18493	-75.5705
18494	-75.6983
18495	-75.6432
18496	-75.9029
18497	-76.2067
18498	-75.7299
18499	-75.3095
18500	-75.3766
18501	-75.452
18502	-75.6021
18503	-75.8211
18504	-75.2409
18505	-75.9616
18506	-75.5733
18507	-75.7424
18508	-75.2849
18509	-75.2857
18510	-75.573
18511	-76.0754
18512	-76.1264
18513	-75.8773
18514	-75.357
18515	-75.3695
18516	-75.5667
18517	-75.4853
18518	-75.4937
18519	-75.3541
18520	-75.5166
18521	-75.5438
18522	-75.7981
18523	-75.7337
18524	-75.3927
18525	-75.3632
18526	-75.5025
18527	-75.4198
18528	-75.4503
18529	-75.8432
18530	-75.9036
18531	-76.3198
18532	-75.8606
18533	-75.7479
18534	-75.2959
18535	-74.9647
18536	-75.1895
18537	-75.253
18538	-74.9568
18539	-75.4507
18540	-75.2931
18541	-75.4853
18542	-75.8535
18543	-75.5169
18544	-75.8823
18545	-76.0267
18546	-75.6246
18547	-75.361
18548	-75.4358
18549	-75.4682
18550	-75.4424
18551	-75.9948
18552	-75.9788
18553	-75.6776
18554	-75.8226
18555	-75.4673
18556	-75.0961
18557	-75.4956
18558	-75.5839
18559	-75.5781
18560	-75.4152
18561	-75.5144
18562	-75.3808
18563	-75.5326
18564	-75.3975
18565	-75.4482
18566	-75.3011
18567	-75.568
18568	-75.7322
18569	-75.9407
18570	-75.7602
18571	-75.4412
18572	-75.4768
18573	-75.5567
18574	-76.1072
18575	-75.5651
18576	-75.3038
18577	-75.3933
18578	-75.445
18579	-75.5792
18580	-75.6047
18581	-75.7097
18582	-75.6378
18583	-75.1393
18584	-75.36
18585	-75.4307
18586	-75.4999
18587	-74.9456
18588	-75.475
18589	-75.5307
18590	-75.5358
18591	-75.6695
18592	-75.5979
18593	-75.5567
18594	-75.389
18595	-75.4191
18596	-75.4303
18597	-75.5634
18598	-75.7523
18599	-75.81
18600	-75.6418
18601	-75.79
18602	-75.8999
18603	-75.3149
18604	-75.2019
18605	-75.3042
18606	-75.528
18607	-75.8691
18608	-75.8491
18609	-75.6915
18610	-75.39
18611	-75.7855
18612	-75.3724
18613	-74.9272
18614	-75.115
18615	-75.4307
18616	-75.37
18617	-75.9362
18618	-75.7165
18619	-75.5266
18620	-75.3364
18621	-75.8132
18622	-75.9803
18623	-75.4895
18624	-75.7993
18625	-75.6534
18626	-75.5526
18627	-75.6485
18628	-75.4761
18629	-75.243
18630	-75.4995
18631	-75.3092
18632	-75.4508
18633	-75.356
18634	-75.2901
18635	-75.6656
18636	-75.46
18637	-75.8183
18638	-75.7542
18639	-75.5122
18640	-75.7346
18641	-76.0588
18642	-76.0853
18643	-75.7328
18644	-75.5545
18645	-75.4807
18646	-75.7009
18647	-76.036
18648	-76.3072
18649	-75.9557
18650	-75.6564
18651	-75.9926
18652	-75.3453
18653	-75.6575
18654	-75.9146
18655	-75.4066
18656	-75.4955
18657	-75.576
18658	-75.73
18659	-75.4416
18660	-75.5274
18661	-75.6955
18662	-75.1277
18663	-75.1988
18664	-75.4596
18665	-75.8805
18666	-75.6581
18667	-75.6561
18668	-75.3674
18669	-75.3115
18670	-75.2578
18671	-75.5527
18672	-75.3749
18673	-75.5001
18674	-75.6593
18675	-75.666
18676	-75.6553
18677	-75.4596
18678	-75.3024
18679	-75.4561
18680	-75.4259
18681	-75.3755
18682	-75.1587
18683	-75.4502
18684	-75.3435
18685	-75.3184
18686	-75.8662
18687	-75.7164
18688	-75.1299
18689	-75.2206
18690	-75.7374
18691	-75.74
18692	-75.5994
18693	-75.4746
18694	-75.5335
18695	-75.7671
18696	-75.8197
18697	-76.0178
18698	-75.6383
18699	-75.4471
18700	-75.57
18701	-75.5052
18702	-75.9639
18703	-75.8976
18704	-75.9738
18705	-75.2454
18706	-75.4561
18707	-75.716
18708	-75.3307
18709	-75.5306
18710	-75.5893
18711	-75.7462
18712	-75.8055
18713	-75.5852
18714	-75.3902
18715	-75.1856
18716	-75.3371
18717	-75.7161
18718	-75.3111
18719	-75.5939
18720	-75.3308
18721	-75.2965
18722	-75.1137
18723	-75.0817
18724	-75.8185
18725	-75.6699
18726	-75.3739
18727	-75.3745
18728	-75.6342
18729	-75.4242
18730	-75.5128
18731	-75.3595
18732	-75.1792
18733	-75.6093
18734	-75.764
18735	-75.5547
18736	-75.3726
18737	-75.8732
18738	-75.6128
18739	-75.4982
18740	-75.3637
18741	-75.0334
18742	-75.3063
18743	-75.2819
18744	-75.154
18745	-75.4776
18746	-75.3981
18747	-75.4846
18748	-75.4431
18749	-75.8012
18750	-75.5094
18751	-75.5172
18752	-76.026
18753	-75.5731
18754	-75.5802
18755	-75.7242
18756	-75.692
18757	-75.8276
18758	-75.8905
18759	-75.8248
18760	-75.7608
18761	-75.6607
18762	-75.6475
18763	-76.061
18764	-75.6761
18765	-75.5014
18766	-75.8059
18767	-75.8543
18768	-75.4973
18769	-75.6107
18770	-75.7737
18771	-75.6909
18772	-75.7764
18773	-75.8641
18774	-75.697
18775	-75.6873
18776	-75.7047
18777	-74.993
18778	-75.3015
18779	-75.7336
18780	-75.4409
18781	-75.4197
18782	-75.7305
18783	-75.3771
18784	-75.6386
18785	-75.8927
18786	-76.0731
18787	-75.518
18788	-75.4475
18789	-75.4634
18790	-75.3602
18791	-75.6068
18792	-75.785
18793	-75.9334
18794	-75.8639
18795	-75.5446
18796	-75.5702
18797	-75.4685
18798	-75.563
18799	-75.2983
18800	-75.1803
18801	-75.1278
18802	-75.4175
18803	-75.2615
18804	-75.8785
18805	-75.2437
18806	-75.548
18807	-75.7769
18808	-75.3553
18809	-75.3147
18810	-75.8856
18811	-75.9104
18812	-76.2765
18813	-76.0731
18814	-75.4834
18815	-75.4418
18816	-75.8083
18817	-76.115
18818	-75.6097
18819	-75.1339
18820	-75.1682
18821	-75.3124
18822	-75.7851
18823	-75.5576
18824	-75.238
18825	-75.1197
18826	-75.7859
18827	-75.6273
18828	-75.4235
18829	-75.2544
18830	-75.5936
18831	-75.6637
18832	-75.6195
18833	-75.4566
18834	-75.82
18835	-75.7345
18836	-75.6983
18837	-75.6992
18838	-75.7304
18839	-75.8369
18840	-75.6405
18841	-75.7539
18842	-76.0873
18843	-75.9392
18844	-75.4485
18845	-75.2098
18846	-74.841
18847	-75.405
18848	-75.8392
18849	-76.0691
18850	-75.6926
18851	-75.472
18852	-75.4099
18853	-75.6767
18854	-75.5708
18855	-75.6248
18856	-75.7843
18857	-75.5618
18858	-75.6757
18859	-75.7617
18860	-75.8964
18861	-76.029
18862	-75.8453
18863	-75.4732
18864	-75.5531
18865	-75.7616
18866	-75.5492
18867	-75.5368
18868	-75.2887
18869	-75.0404
18870	-75.231
18871	-75.4389
18872	-75.6321
18873	-75.9536
18874	-75.8795
18875	-75.6585
18876	-75.6959
18877	-75.4845
18878	-75.1628
18879	-75.3022
18880	-75.65
18881	-75.6857
18882	-75.6075
18883	-76.0479
18884	-76.0859
18885	-75.9093
18886	-75.322
18887	-75.6402
18888	-75.4839
18889	-75.2872
18890	-75.1863
18891	-75.2034
18892	-75.6555
18893	-75.5461
18894	-75.2334
18895	-75.6967
18896	-75.2726
18897	-75.4371
18898	-75.7045
18899	-76.0861
18900	-75.345
18901	-75.375
18902	-75.3925
18903	-75.7681
18904	-75.6142
18905	-75.5456
18906	-75.3062
18907	-75.6642
18908	-75.5237
18909	-75.8804
18910	-75.8121
18911	-75.3936
18912	-75.536
18913	-75.7338
18914	-75.622
18915	-75.448
18916	-75.5271
18917	-75.8921
18918	-75.652
18919	-75.6692
18920	-75.491
18921	-75.6094
18922	-75.6263
18923	-75.2743
18924	-75.4161
18925	-75.4492
18926	-75.3555
18927	-75.507
18928	-76.0498
18929	-75.7447
18930	-76.0134
18931	-76.1401
18932	-76.0835
18933	-75.7384
18934	-75.3947
18935	-76.1883
18936	-75.881
18937	-76.0002
18938	-75.7079
18939	-75.3991
18940	-75.3221
18941	-75.1948
18942	-75.251
18943	-75.5604
18944	-75.6488
18945	-75.7932
18946	-75.4049
18947	-75.4647
18948	-75.5952
18949	-75.9071
18950	-75.5967
18951	-75.5746
18952	-75.6246
18953	-75.4194
18954	-75.4503
18955	-75.4672
18956	-75.6258
18957	-75.4618
18958	-75.5075
18959	-75.4218
18960	-75.3757
18961	-75.7805
18962	-75.76
18963	-75.4308
18964	-75.4807
18965	-75.0046
18966	-75.6808
18967	-75.4717
18968	-75.783
18969	-75.3287
18970	-75.4776
18971	-75.8357
18972	-75.7065
18973	-75.4964
18974	-75.3708
18975	-75.4512
18976	-75.5059
18977	-75.3448
18978	-75.4752
18979	-75.6062
18980	-75.6273
18981	-75.5242
18982	-75.6945
18983	-75.4317
18984	-75.2304
18985	-75.4159
18986	-75.293
18987	-75.7177
18988	-75.8384
18989	-75.8111
18990	-75.6915
18991	-75.9113
18992	-75.6998
18993	-75.5385
18994	-75.6693
18995	-75.4151
18996	-75.4566
18997	-75.8028
18998	-75.7952
18999	-75.8323
19000	-75.3507
19001	-75.3959
19002	-75.6029
19003	-75.4299
19004	-75.4356
19005	-75.2991
19006	-75.3204
19007	-75.4811
19008	-75.7636
19009	-75.3418
19010	-75.5606
19011	-75.7422
19012	-76.2545
19013	-76.5496
19014	-76.0131
19015	-75.7637
19016	-75.5497
19017	-75.4329
19018	-75.3549
19019	-75.3124
19020	-75.1842
19021	-75.327
19022	-75.7461
19023	-75.7068
19024	-75.9303
19025	-75.7129
19026	-75.8182
19027	-75.7874
19028	-75.8458
19029	-75.7105
19030	-75.4368
19031	-75.1945
19032	-75.522
19033	-75.4699
19034	-75.2196
19035	-75.2461
19036	-75.3108
19037	-75.4095
19038	-75.1118
19039	-75.3256
19040	-75.5553
19041	-75.4001
19042	-75.4408
19043	-75.5429
19044	-76.1347
19045	-75.9255
19046	-75.562
19047	-75.6074
19048	-75.5725
19049	-75.3309
19050	-75.5354
19051	-75.8721
19052	-75.7066
19053	-75.5572
19054	-75.7669
19055	-75.2261
19056	-75.5486
19057	-75.6502
19058	-75.6351
19059	-76.1199
19060	-75.8503
19061	-76.1199
19062	-75.462
19063	-74.9741
19064	-74.9716
19065	-75.8879
19066	-75.861
19067	-75.8036
19068	-75.4962
19069	-75.7523
19070	-75.6819
19071	-75.2701
19072	-75.4443
19073	-75.6687
19074	-75.8718
19075	-76.0006
19076	-75.5923
19077	-75.6494
19078	-75.743
19079	-76.0533
19080	-75.8966
19081	-75.7196
19082	-75.6959
19083	-75.5046
19084	-75.5509
19085	-75.4527
19086	-75.2265
19087	-75.9164
19088	-75.7092
19089	-75.4651
19090	-75.1707
19091	-75.8199
19092	-75.7357
19093	-75.6735
19094	-75.7258
19095	-75.9625
19096	-75.6195
19097	-75.1818
19098	-75.3048
19099	-75.2339
19100	-75.3638
19101	-75.5701
19102	-75.3793
19103	-75.8832
19104	-75.8061
19105	-75.4413
19106	-75.6805
19107	-75.3183
19108	-75.4089
19109	-75.6484
19110	-75.5377
19111	-75.6086
19112	-76.0896
19113	-76.008
19114	-75.3404
19115	-75.0912
19116	-75.1975
19117	-75.0757
19118	-75.2959
19119	-75.0929
19120	-75.5406
19121	-75.515
19122	-75.5533
19123	-75.6338
19124	-75.7925
19125	-75.4635
19126	-75.6517
19127	-75.5231
19128	-75.1715
19129	-75.2465
19130	-75.1234
19131	-75.2922
19132	-75.2649
19133	-75.199
19134	-75.8705
19135	-75.3055
19136	-75.2357
19137	-75.2597
19138	-75.3709
19139	-75.4078
19140	-75.2488
19141	-75.4686
19142	-75.4983
19143	-75.285
19144	-75.4617
19145	-75.7569
19146	-75.6958
19147	-76.1938
19148	-76.0011
19149	-75.7777
19150	-75.5046
19151	-75.7853
19152	-75.5361
19153	-75.825
19154	-75.7519
19155	-75.7464
19156	-75.3296
19157	-75.0021
19158	-75.5027
19159	-75.3962
19160	-75.7573
19161	-75.3882
19162	-75.6572
19163	-76.025
19164	-75.9505
19165	-75.6843
19166	-75.2873
19167	-75.3897
19168	-75.3207
19169	-75.1652
19170	-75.3724
19171	-75.7845
19172	-76.1835
19173	-75.544
19174	-75.4619
19175	-75.0473
19176	-75.2877
19177	-75.6421
19178	-75.8117
19179	-75.5974
19180	-75.4578
19181	-75.4077
19182	-75.5179
19183	-75.51
19184	-75.4872
19185	-75.8101
19186	-75.5492
19187	-75.1859
19188	-75.3727
19189	-75.6909
19190	-75.5633
19191	-75.5446
19192	-75.2634
19193	-75.3393
19194	-75.4854
19195	-75.3566
19196	-75.2756
19197	-75.2311
19198	-75.4216
19199	-75.5442
19200	-75.6352
19201	-75.7484
19202	-75.7156
19203	-75.5364
19204	-75.9491
19205	-75.8484
19206	-75.9242
19207	-75.7403
19208	-75.5131
19209	-75.5844
19210	-75.4206
19211	-75.968
19212	-75.6913
19213	-75.5945
19214	-75.5577
19215	-75.571
19216	-75.0995
19217	-74.955
19218	-75.0526
19219	-75.2132
19220	-75.4468
19221	-75.7356
19222	-75.4452
19223	-75.3908
19224	-75.5099
19225	-75.7994
19226	-75.9685
19227	-75.4341
19228	-75.491
19229	-75.5412
19230	-76.1356
19231	-75.564
19232	-75.5317
19233	-75.8424
19234	-75.9087
19235	-76.0045
19236	-76.1156
19237	-75.721
19238	-75.3562
19239	-75.209
19240	-75.1955
19241	-75.2165
19242	-75.6338
19243	-75.653
19244	-75.7465
19245	-75.3558
19246	-75.3757
19247	-75.5945
19248	-75.6584
19249	-75.6377
19250	-75.9831
19251	-75.5715
19252	-75.605
19253	-75.3536
19254	-75.5907
19255	-75.6575
19256	-75.5264
19257	-75.8352
19258	-75.2458
19259	-75.3067
19260	-75.4548
19261	-75.5885
19262	-75.0985
19263	-75.3863
19264	-75.5813
19265	-75.3457
19266	-75.919
19267	-75.8697
19268	-75.5684
19269	-75.7278
19270	-75.9386
19271	-75.3082
19272	-75.7078
19273	-75.8777
19274	-75.9164
19275	-75.6728
19276	-75.4268
19277	-75.436
19278	-75.7408
19279	-75.8897
19280	-75.4489
19281	-75.7459
19282	-75.6575
19283	-75.5391
19284	-75.4259
19285	-75.4556
19286	-75.6673
19287	-75.6091
19288	-75.1987
19289	-75.2586
19290	-75.2971
19291	-75.3462
19292	-75.4411
19293	-75.5904
19294	-76.0204
19295	-75.7177
19296	-75.4528
19297	-75.6047
19298	-74.8094
19299	-75.0163
19300	-75.3442
19301	-75.6894
19302	-75.364
19303	-75.4297
19304	-75.2634
19305	-75.5149
19306	-75.4139
19307	-75.4696
19308	-75.2626
19309	-75.6923
19310	-75.9291
19311	-75.579
19312	-75.703
19313	-75.6842
19314	-76.2172
19315	-75.7536
19316	-75.3572
19317	-75.3318
19318	-75.5588
19319	-76.0552
19320	-75.7591
19321	-75.2186
19322	-75.3828
19323	-75.2176
19324	-75.9202
19325	-75.733
19326	-75.6348
19327	-75.8566
19328	-76.2649
19329	-76.1694
19330	-75.7986
19331	-75.1802
19332	-75.355
19333	-75.9907
19334	-75.5405
19335	-75.8265
19336	-75.6074
19337	-75.3455
19338	-75.3944
19339	-75.5704
19340	-75.6824
19341	-76.1302
19342	-76.0151
19343	-75.8438
19344	-75.4809
19345	-75.5177
19346	-75.7387
19347	-75.944
19348	-75.7206
19349	-76.1353
19350	-75.9955
19351	-75.6869
19352	-75.9322
19353	-75.8687
19354	-75.8228
19355	-75.5796
19356	-75.8186
19357	-76.1753
19358	-75.9458
19359	-75.3323
19360	-75.6043
19361	-75.4457
19362	-75.352
19363	-75.8237
19364	-75.6546
19365	-75.5613
19366	-75.5492
19367	-76.0071
19368	-75.6287
19369	-75.4869
19370	-75.7251
19371	-76.1681
19372	-75.7914
19373	-75.5449
19374	-75.86
19375	-75.9819
19376	-75.3211
19377	-76.017
19378	-76.0019
19379	-76.0363
19380	-75.8782
19381	-75.4348
19382	-75.6993
19383	-75.7054
19384	-75.8876
19385	-75.6977
19386	-75.0999
19387	-75.0304
19388	-75.3496
19389	-75.5096
19390	-75.7988
19391	-75.1667
19392	-75.2022
19393	-76.1189
19394	-75.5081
19395	-75.5475
19396	-75.8601
19397	-75.2142
19398	-75.1812
19399	-75.4268
19400	-75.7672
19401	-75.731
19402	-75.2076
19403	-75.5238
19404	-75.699
19405	-75.6033
19406	-76.0155
19407	-75.3337
19408	-75.512
19409	-75.5943
19410	-75.3751
19411	-75.1134
19412	-75.5146
19413	-75.2661
19414	-75.2361
19415	-75.6234
19416	-75.1921
19417	-74.9869
19418	-75.4953
19419	-75.654
19420	-75.2757
19421	-75.4175
19422	-75.5041
19423	-74.9614
19424	-74.663
19425	-74.9107
19426	-75.0546
19427	-75.4316
19428	-75.5945
19429	-75.7439
19430	-75.5138
19431	-75.7288
19432	-75.9672
19433	-75.8638
19434	-75.3789
19435	-75.4316
19436	-75.8148
19437	-75.563
19438	-75.4482
19439	-75.2666
19440	-75.8807
19441	-75.909
19442	-75.4004
19443	-75.3697
19444	-75.2834
19445	-75.5591
19446	-75.4024
19447	-75.6583
19448	-75.4898
19449	-75.5525
19450	-75.6157
19451	-75.5962
19452	-75.5895
19453	-75.8866
19454	-75.8144
19455	-75.1021
19456	-74.9291
19457	-75.4546
19458	-75.5026
19459	-75.6718
19460	-75.6175
19461	-75.5969
19462	-75.4134
19463	-75.3192
19464	-75.3552
19465	-75.5874
19466	-75.4556
19467	-75.3739
19468	-75.8238
19469	-75.5547
19470	-75.6465
19471	-76.1563
19472	-75.8547
19473	-75.5258
19474	-75.4681
19475	-75.1266
19476	-75.4882
19477	-75.2748
19478	-75.6213
19479	-75.5433
19480	-75.7867
19481	-75.658
19482	-75.4058
19483	-75.6431
19484	-76.1123
19485	-75.9347
19486	-75.4747
19487	-75.4211
19488	-75.7985
19489	-75.9366
19490	-75.5983
19491	-75.6942
19492	-75.2918
19493	-75.5303
19494	-76.0759
19495	-75.5373
19496	-75.6069
19497	-75.558
19498	-75.6956
19499	-75.777
19500	-75.3641
19501	-74.878
19502	-74.9665
19503	-75.3968
19504	-75.2963
19505	-75.4598
19506	-75.2981
19507	-75.2792
19508	-75.426
19509	-75.3814
19510	-75.5776
19511	-75.8009
19512	-75.3361
19513	-75.3158
19514	-75.61
19515	-75.7415
19516	-75.7157
19517	-75.7087
19518	-75.5937
19519	-75.6145
19520	-75.6295
19521	-75.253
19522	-75.4932
19523	-75.8128
19524	-75.302
19525	-75.5526
19526	-75.4569
19527	-75.5965
19528	-75.6801
19529	-74.9021
19530	-75.2485
19531	-75.7254
19532	-75.6434
19533	-75.4929
19534	-75.7749
19535	-75.6554
19536	-75.5988
19537	-75.7873
19538	-75.6445
19539	-75.559
19540	-75.3463
19541	-75.7242
19542	-75.6364
19543	-75.5187
19544	-75.848
19545	-75.8962
19546	-75.737
19547	-75.5785
19548	-75.638
19549	-75.7816
19550	-75.3554
19551	-75.1167
19552	-75.5329
19553	-75.7166
19554	-75.7115
19555	-75.8178
19556	-75.6963
19557	-75.5638
19558	-75.5228
19559	-75.2753
19560	-75.2636
19561	-75.309
19562	-75.4736
19563	-75.1843
19564	-75.4785
19565	-75.6379
19566	-75.6249
19567	-75.5841
19568	-75.8042
19569	-75.8822
19570	-75.6374
19571	-75.3183
19572	-75.5873
19573	-75.5713
19574	-75.7136
19575	-75.6673
19576	-75.6705
19577	-75.3348
19578	-75.7022
19579	-75.884
19580	-75.7489
19581	-75.5772
19582	-75.387
19583	-75.3628
19584	-75.1409
19585	-75.2159
19586	-75.2525
19587	-75.6292
19588	-75.4446
19589	-75.6678
19590	-75.6024
19591	-75.7833
19592	-75.5714
19593	-75.6185
19594	-76.0598
19595	-75.9247
19596	-75.4109
19597	-75.1717
19598	-75.3647
19599	-75.6212
19600	-76.0373
19601	-75.5512
19602	-75.2812
19603	-75.4698
19604	-75.9017
19605	-75.5259
19606	-75.563
19607	-75.2138
19608	-75.2293
19609	-75.5237
19610	-75.7876
19611	-75.3214
19612	-75.6332
19613	-75.7655
19614	-75.8772
19615	-75.831
19616	-75.8897
19617	-75.7502
19618	-75.8693
19619	-76.0391
19620	-75.8429
19621	-75.3937
19622	-75.4981
19623	-75.6326
19624	-75.6744
19625	-75.5477
19626	-75.2636
19627	-75.4692
19628	-75.6503
19629	-75.825
19630	-75.8779
19631	-75.6864
19632	-75.7531
19633	-75.6284
19634	-75.3235
19635	-75.0868
19636	-75.1252
19637	-75.8237
19638	-76.0692
19639	-75.58
19640	-75.7308
19641	-75.762
19642	-75.8369
19643	-75.9531
19644	-75.6578
19645	-75.799
19646	-75.3833
19647	-75.1512
19648	-75.9317
19649	-75.7741
19650	-75.8752
19651	-75.5733
19652	-75.6186
19653	-75.8955
19654	-75.5404
19655	-75.2691
19656	-74.9614
19657	-75.3353
19658	-75.5956
19659	-75.1837
19660	-75.1224
19661	-75.4333
19662	-75.7328
19663	-75.5613
19664	-75.4328
19665	-75.8523
19666	-75.5871
19667	-75.8195
19668	-75.7068
19669	-75.7066
19670	-75.6205
19671	-75.5956
19672	-75.8532
19673	-75.4564
19674	-75.5636
19675	-75.8556
19676	-75.9953
19677	-75.5848
19678	-76.1722
19679	-75.7632
19680	-75.4443
19681	-75.5686
19682	-75.4778
19683	-75.5401
19684	-75.3054
19685	-75.0614
19686	-75.0992
19687	-75.4579
19688	-75.7413
19689	-75.797
19690	-75.3591
19691	-75.1937
19692	-75.4703
19693	-75.5211
19694	-75.7875
19695	-75.3316
19696	-75.0661
19697	-75.6512
19698	-75.2173
19699	-75.2823
19700	-75.6369
19701	-75.6879
19702	-75.5216
19703	-75.6173
19704	-75.5001
19705	-75.4781
19706	-75.5017
19707	-75.5839
19708	-75.6632
19709	-75.7409
19710	-75.9606
19711	-75.6147
19712	-75.498
19713	-75.5059
19714	-75.0096
19715	-75.4825
19716	-75.8852
19717	-75.5468
19718	-75.3524
19719	-75.1997
19720	-75.407
19721	-75.6182
19722	-75.8491
19723	-75.8691
19724	-75.497
19725	-75.3687
19726	-75.9564
19727	-75.7895
19728	-75.5553
19729	-75.9119
19730	-75.565
19731	-75.5966
19732	-75.2466
19733	-75.46
19734	-75.7032
19735	-75.6701
19736	-75.3832
19737	-75.5634
19738	-75.6981
19739	-75.6366
19740	-75.4362
19741	-75.6106
19742	-75.4541
19743	-75.4133
19744	-75.5867
19745	-75.1954
19746	-75.2362
19747	-75.2157
19748	-75.799
19749	-75.6864
19750	-75.5578
19751	-75.5858
19752	-75.5526
19753	-75.7989
19754	-75.4812
19755	-75.5461
19756	-75.5081
19757	-75.7594
19758	-75.6021
19759	-75.7224
19760	-75.2685
19761	-75.918
19762	-75.6372
19763	-75.7697
19764	-75.5102
19765	-75.3421
19766	-75.4678
19767	-75.6617
19768	-75.6833
19769	-75.3316
19770	-75.5316
19771	-75.4371
19772	-75.2875
19773	-75.6423
19774	-75.6673
19775	-75.71
19776	-75.4462
19777	-75.6073
19778	-75.6323
19779	-76.0506
19780	-76.0123
19781	-75.5339
19782	-75.3889
19783	-75.3023
19784	-75.464
19785	-75.2577
19786	-75.7284
19787	-75.9131
19788	-75.9057
19789	-75.594
19790	-75.4839
19791	-75.3823
19792	-75.6045
19793	-75.5893
19794	-75.4228
19795	-75.5107
19796	-75.075
19797	-75.4366
19798	-75.4027
19799	-75.0208
19800	-75.4304
19801	-75.7575
19802	-75.3971
19803	-75.5857
19804	-75.2552
19805	-75.6469
19806	-75.5517
19807	-75.8192
19808	-75.3009
19809	-75.1473
19810	-75.5993
19811	-75.5346
19812	-75.2643
19813	-75.5074
19814	-75.2028
19815	-75.0387
19816	-75.0033
19817	-75.5311
19818	-75.7554
19819	-75.3997
19820	-75.6839
19821	-75.6508
19822	-75.5772
19823	-75.5778
19824	-75.3227
19825	-75.7221
19826	-75.5956
19827	-75.4891
19828	-75.105
19829	-75.2536
19830	-75.2059
19831	-75.4176
19832	-75.4902
19833	-75.3236
19834	-75.6033
19835	-75.5072
19836	-75.4051
19837	-75.6224
19838	-75.8611
19839	-75.9159
19840	-75.2532
19841	-75.4223
19842	-75.4739
19843	-75.1125
19844	-75.4365
19845	-74.9324
19846	-74.9968
19847	-75.5441
19848	-75.18
19849	-74.9749
19850	-74.965
19851	-75.0694
19852	-75.1278
19853	-75.2104
19854	-74.6584
19855	-74.609
19856	-74.9537
19857	-74.962
19858	-74.658
19859	-74.4421
19860	-74.434
19861	-74.8263
19862	-74.5834
19863	-74.9356
19864	-74.8803
19865	-74.5394
19866	-74.7467
19867	-74.2598
19868	-74.7789
19869	-75.0801
19870	-74.8066
19871	-74.5688
19872	-74.1554
19873	-74.3153
19874	-74.6403
19875	-74.5052
19876	-74.4763
19877	-74.5969
19878	-74.5248
19879	-74.1578
19880	-74.9054
19881	-74.737
19882	-74.7445
19883	-74.5003
19884	-74.5659
19885	-74.5148
19886	-74.4545
19887	-74.2972
19888	-74.2766
19889	-74.3039
19890	-74.3857
19891	-74.7244
19892	-74.6712
19893	-74.4353
19894	-74.2928
19895	-74.3678
19896	-73.9637
19897	-74.1576
19898	-73.9409
19899	-74.0734
19900	-74.2794
19901	-74.2052
19902	-74.3912
19903	-74.5065
19904	-74.1438
19905	-74.3126
19906	-73.9428
19907	-74.4202
19908	-74.4636
19909	-74.083
19910	-74.3118
19911	-74.173
19912	-73.9467
19913	-74.093
19914	-74.2168
19915	-74.1853
19916	-74.2613
19917	-74.2227
19918	-74.2575
19919	-74.5656
19920	-74.3178
19921	-74.3042
19922	-74.1928
19923	-74.1864
19924	-74.5598
19925	-74.2138
19926	-74.2919
19927	-74.2563
19928	-74.2627
19929	-74.2328
19930	-74.4116
19931	-74.0492
19932	-73.6357
19933	-74.2735
19934	-74.1242
19935	-74.5984
19936	-74.5488
19937	-74.3619
19938	-74.0074
19939	-74.1288
19940	-74.6219
19941	-74.2711
19942	-74.4033
19943	-74.5343
19944	-74.4243
19945	-74.1545
19946	-74.25
19947	-74.6886
19948	-74.4789
19949	-74.4231
19950	-74.6112
19951	-74.4483
19952	-74.7925
19953	-74.4463
19954	-74.3639
19955	-74.4332
19956	-74.2825
19957	-74.6196
19958	-75.1484
19959	-74.7735
19960	-74.8675
19961	-74.8773
19962	-74.6641
19963	-74.2747
19964	-74.6088
19965	-74.362
19966	-74.3915
19967	-74.5335
19968	-74.7882
19969	-75.0624
19970	-74.7658
19971	-75.1951
19972	-75.063
19973	-74.985
19974	-74.861
19975	-74.8343
19976	-74.5342
19977	-74.6459
19978	-74.821
19979	-74.796
19980	-75.3326
19981	-75.1045
19982	-74.825
19983	-75.0534
19984	-75.4541
19985	-75.6586
19986	-75.297
19987	-75.1486
19988	-75.6164
19989	-75.4502
19990	-75.4955
19991	-75.2416
19992	-75.3783
19993	-75.4387
19994	-75.0766
19995	-75.3475
19996	-75.3317
19997	-74.9986
19998	-75.6913
19999	-75.1406
20000	-75.0462
20001	-75.371
20002	-75.4252
20003	-75.4391
20004	-75.3109
20005	-75.3289
20006	-75.5325
20007	-75.1704
20008	-75.5018
20009	-75.5442
20010	-75.6108
20011	-75.5122
20012	-75.3902
20013	-75.524
20014	-75.4597
20015	-75.3132
20016	-75.3103
20017	-75.4032
20018	-75.8967
20019	-75.2942
20020	-75.0724
20021	-75.1782
20022	-75.0461
20023	-75.4144
20024	-75.3755
20025	-75.7795
20026	-75.7641
20027	-75.5707
20028	-75.666
20029	-75.4263
20030	-75.849
20031	-75.2373
20032	-75.1092
20033	-75.4723
20034	-75.537
20035	-75.5496
20036	-75.3253
20037	-75.7831
20038	-75.6432
20039	-75.2411
20040	-75.3816
20041	-75.9118
20042	-75.5961
20043	-75.5156
20044	-75.5871
20045	-75.4557
20046	-75.2502
20047	-75.8614
20048	-75.6944
20049	-75.5066
20050	-75.833
20051	-76.0479
20052	-75.6359
20053	-75.2238
20054	-75.2098
20055	-74.933
20056	-75.3463
20057	-75.7808
20058	-75.7225
20059	-75.6459
20060	-75.7584
20061	-75.5141
20062	-75.4313
20063	-75.4312
20064	-75.4786
20065	-75.4505
20066	-75.805
20067	-75.5558
20068	-75.6343
20069	-75.9441
20070	-75.6634
20071	-75.6232
20072	-75.2291
20073	-75.0961
20074	-75.3663
20075	-75.5758
20076	-75.4854
20077	-75.6736
20078	-75.9712
20079	-75.9921
20080	-75.2562
20081	-75.0086
20082	-75.2898
20083	-75.2958
20084	-75.2931
20085	-75.7052
20086	-75.7786
20087	-75.5011
20088	-75.6111
20089	-75.6304
20090	-75.3587
20091	-75.2224
20092	-75.5391
20093	-75.9576
20094	-75.6857
20095	-75.58
20096	-75.7246
20097	-75.7075
20098	-75.5489
20099	-75.8669
20100	-75.6087
20101	-75.3054
20102	-75.0543
20103	-75.4434
20104	-75.5348
20105	-75.2689
20106	-75.3268
20107	-75.6569
20108	-75.5482
20109	-75.2668
20110	-75.4498
20111	-75.5771
20112	-75.5747
20113	-75.7176
20114	-75.3132
20115	-75.2065
20116	-75.746
20117	-75.5909
20118	-75.2824
20119	-75.2929
20120	-75.0347
20121	-75.0422
20122	-75.6867
20123	-75.571
20124	-75.7722
20125	-75.5657
20126	-75.5949
20127	-75.8832
20128	-75.6876
20129	-75.603
20130	-75.6676
20131	-75.5908
20132	-75.6141
20133	-75.2368
20134	-75.2075
20135	-75.1943
20136	-75.0741
20137	-75.1726
20138	-75.3189
20139	-75.361
20140	-75.3253
20141	-75.7412
20142	-75.5886
20143	-75.4466
20144	-75.1722
20145	-75.2667
20146	-75.2704
20147	-75.6173
20148	-75.7298
20149	-75.3947
20150	-75.1805
20151	-75.2899
20152	-74.9796
20153	-75.2197
20154	-75.2164
20155	-75.2524
20156	-75.3424
20157	-75.2713
20158	-75.0712
20159	-75.24
20160	-75.4121
20161	-75.5875
20162	-75.6737
20163	-75.4116
20164	-75.1512
20165	-75.2674
20166	-74.907
20167	-75.7146
20168	-75.8153
20169	-75.3061
20170	-75.7309
20171	-75.8337
20172	-75.207
20173	-75.1359
20174	-75.744
20175	-75.8236
20176	-75.3735
20177	-75.4569
20178	-75.4115
20179	-75.478
20180	-75.5964
20181	-75.0599
20182	-75.0664
20183	-75.3716
20184	-75.5128
20185	-75.3458
20186	-75.4101
20187	-75.4242
20188	-75.0483
20189	-74.9765
20190	-75.7697
20191	-75.842
20192	-75.787
20193	-75.9561
20194	-75.7658
20195	-75.3869
20196	-75.656
20197	-76.1088
20198	-75.7973
20199	-75.5154
20200	-75.3319
20201	-75.3739
20202	-75.1858
20203	-75.4688
20204	-75.3972
20205	-75.4551
20206	-75.8185
20207	-75.5928
20208	-75.5249
20209	-75.9049
20210	-76.3234
20211	-75.6819
20212	-74.9503
20213	-75.4945
20214	-75.6655
20215	-75.5296
20216	-75.4876
20217	-75.679
20218	-75.5403
20219	-75.1285
20220	-74.95
20221	-75.4479
20222	-75.2479
20223	-75.0562
20224	-75.0149
20225	-75.0067
20226	-75.6935
20227	-76.1783
20228	-75.8393
20229	-75.2963
20230	-75.4504
20231	-75.6088
20232	-75.5199
20233	-75.1895
20234	-75.2215
20235	-75.3159
20236	-75.2999
20237	-75.7451
20238	-75.527
20239	-75.6724
20240	-75.3788
20241	-75.361
20242	-76.0459
20243	-75.9217
20244	-75.3179
20245	-75.784
20246	-75.5043
20247	-75.3639
20248	-75.6219
20249	-75.607
20250	-75.6098
20251	-75.2916
20252	-75.5299
20253	-75.8276
20254	-75.3419
20255	-75.0465
20256	-75.5088
20257	-75.4073
20258	-75.512
20259	-75.1237
20260	-75.552
20261	-75.4201
20262	-75.2678
20263	-75.1498
20264	-75.7407
20265	-75.7136
20266	-75.6557
20267	-75.2201
20268	-75.6487
20269	-75.5308
20270	-75.6089
20271	-75.652
20272	-75.5082
20273	-75.6701
20274	-75.4004
20275	-75.6092
20276	-76.0543
20277	-75.585
20278	-75.4917
20279	-75.1884
20280	-75.9049
20281	-76.0858
20282	-75.7752
20283	-75.8789
20284	-75.6492
20285	-75.5126
20286	-75.6957
20287	-75.9065
20288	-76.0854
20289	-75.4704
20290	-75.2245
20291	-75.2377
20292	-75.3588
20293	-75.6954
20294	-75.1719
20295	-75.4974
20296	-75.531
20297	-74.8311
20298	-75.3845
20299	-75.9635
20300	-75.5957
20301	-75.5835
20302	-75.4796
20303	-75.7113
20304	-75.1838
20305	-75.3608
20306	-75.58
20307	-75.8947
20308	-75.7308
20309	-75.4383
20310	-75.2873
20311	-75.9853
20312	-75.6435
20313	-75.348
20314	-75.4092
20315	-75.4753
20316	-75.2587
20317	-75.1797
20318	-75.2538
20319	-75.5189
20320	-75.6304
20321	-75.5167
20322	-75.8018
20323	-75.4245
20324	-75.4356
20325	-75.4774
20326	-75.6836
20327	-75.8662
20328	-75.6572
20329	-75.583
20330	-75.5374
20331	-75.538
20332	-76.0256
20333	-75.7642
20334	-75.8961
20335	-75.796
20336	-75.2062
20337	-75.3176
20338	-75.1517
20339	-75.6296
20340	-75.5341
20341	-75.5162
20342	-75.3891
20343	-75.6423
20344	-75.1803
20345	-75.3226
20346	-75.3873
20347	-75.5589
20348	-75.7074
20349	-75.6286
20350	-75.7296
20351	-75.8639
20352	-75.9118
20353	-75.6937
20354	-76.0513
20355	-75.9371
20356	-75.6695
20357	-75.6037
20358	-75.5489
20359	-75.4815
20360	-75.066
20361	-75.4234
20362	-75.4043
20363	-75.6841
20364	-75.9216
20365	-75.6921
20366	-76.0035
20367	-75.7777
20368	-75.6452
20369	-75.458
20370	-75.8148
20371	-75.3775
20372	-75.441
20373	-75.4584
20374	-75.2253
20375	-75.1797
20376	-75.7985
20377	-75.5819
20378	-75.6512
20379	-75.6054
20380	-75.479
20381	-75.5136
20382	-75.8281
20383	-75.9803
20384	-75.5467
20385	-75.5435
20386	-75.541
20387	-75.7517
20388	-75.2045
20389	-75.3254
20390	-75.8072
20391	-75.7262
20392	-75.4516
20393	-75.4853
20394	-75.4214
20395	-75.4642
20396	-75.6233
20397	-75.4882
20398	-75.3455
20399	-75.3182
20400	-75.6811
20401	-75.65
20402	-75.5599
20403	-75.3042
20404	-75.6234
20405	-75.4723
20406	-75.471
20407	-75.5678
20408	-75.3805
20409	-75.3148
20410	-75.4632
20411	-75.7832
20412	-75.6593
20413	-76.0893
20414	-76.2733
20415	-75.9236
20416	-75.5175
20417	-75.6293
20418	-75.9158
20419	-76.1903
20420	-75.7153
20421	-75.4608
20422	-75.7061
20423	-75.3565
20424	-75.6225
20425	-75.4492
20426	-75.3156
20427	-75.2709
20428	-75.329
20429	-75.258
20430	-75.169
20431	-75.3314
20432	-75.9456
20433	-75.7057
20434	-75.584
20435	-75.5551
20436	-75.6279
20437	-75.4824
20438	-75.3531
20439	-75.2102
20440	-75.4797
20441	-75.8187
20442	-76.0379
20443	-75.7971
20444	-75.512
20445	-76.0286
20446	-75.8159
20447	-75.2979
20448	-75.2941
20449	-75.4688
20450	-75.3037
20451	-75.3338
20452	-75.6176
20453	-75.8918
20454	-75.7537
20455	-75.4495
20456	-75.1256
20457	-75.4041
20458	-75.8831
20459	-75.766
20460	-75.6363
20461	-75.9695
20462	-75.8286
20463	-75.4815
20464	-75.5836
20465	-75.1886
20466	-75.0307
20467	-75.5702
20468	-75.7565
20469	-75.862
20470	-75.7653
20471	-75.5947
20472	-75.8347
20473	-75.6525
20474	-75.7663
20475	-75.618
20476	-75.5089
20477	-75.7194
20478	-75.7406
20479	-75.6254
20480	-75.559
20481	-75.3938
20482	-75.6795
20483	-75.4382
20484	-75.4117
20485	-75.3782
20486	-75.9363
20487	-75.7193
20488	-75.2498
20489	-75.4919
20490	-75.6874
20491	-75.8103
20492	-75.3521
20493	-75.6561
20494	-75.5649
20495	-75.4594
20496	-75.6577
20497	-75.4933
20498	-75.9247
20499	-75.4985
20500	-75.4261
20501	-75.4935
20502	-75.1685
20503	-75.2414
20504	-75.7096
20505	-75.7858
20506	-75.4297
20507	-75.1771
20508	-75.8736
20509	-75.8354
20510	-75.7155
20511	-75.7297
20512	-75.668
20513	-75.6115
20514	-75.4978
20515	-75.4418
20516	-75.4728
20517	-75.6216
20518	-75.4475
20519	-75.2958
20520	-75.2537
20521	-75.5007
20522	-75.6224
20523	-75.5512
20524	-75.5135
20525	-75.4042
20526	-75.1708
20527	-75.7713
20528	-75.868
20529	-75.7181
20530	-75.5891
20531	-75.4851
20532	-75.6656
20533	-75.3537
20534	-75.5249
20535	-75.4761
20536	-75.4803
20537	-75.4464
20538	-75.6504
20539	-75.659
20540	-75.571
20541	-75.3907
20542	-75.2322
20543	-75.6322
20544	-75.436
20545	-75.5685
20546	-75.2479
20547	-75.3744
20548	-75.2852
20549	-75.4336
20550	-75.8901
20551	-75.6445
20552	-75.5427
20553	-75.347
20554	-75.888
20555	-75.743
20556	-75.5968
20557	-75.8066
20558	-75.5288
20559	-75.2688
20560	-75.5557
20561	-75.6073
20562	-75.6223
20563	-75.4896
20564	-75.7021
20565	-75.6438
20566	-75.7725
20567	-75.7727
20568	-75.6617
20569	-75.6954
20570	-75.9547
20571	-76.0062
20572	-75.6764
20573	-75.5473
20574	-75.348
20575	-75.6206
20576	-75.5456
20577	-75.4336
20578	-75.3163
20579	-75.267
20580	-75.6675
20581	-75.3854
20582	-75.2457
20583	-75.4196
20584	-75.6113
20585	-75.8584
20586	-75.7707
20587	-75.4442
20588	-75.4535
20589	-75.2583
20590	-75.5906
20591	-75.561
20592	-75.7717
20593	-75.6753
20594	-75.867
20595	-75.5483
20596	-75.9513
20597	-75.6037
20598	-75.0588
20599	-75.502
20600	-75.8655
20601	-75.6998
20602	-75.8794
20603	-75.6814
20604	-75.6152
20605	-75.3758
20606	-75.208
20607	-75.7778
20608	-75.8148
20609	-75.6067
20610	-75.2336
20611	-75.0917
20612	-75.385
20613	-75.4722
20614	-75.3215
20615	-75.6589
20616	-75.688
20617	-75.8755
20618	-76.0317
20619	-75.7004
20620	-75.5641
20621	-75.3838
20622	-75.1459
20623	-75.7688
20624	-75.4916
20625	-75.5688
20626	-76.0636
20627	-75.8888
20628	-76.0045
20629	-75.5662
20630	-75.6326
20631	-75.594
20632	-75.4332
20633	-75.7301
20634	-76.182
20635	-76.0469
20636	-75.8926
20637	-75.8872
20638	-75.4085
20639	-75.4101
20640	-75.0725
20641	-75.444
20642	-75.1939
20643	-75.3358
20644	-75.603
20645	-76.0362
20646	-75.7354
20647	-75.7359
20648	-75.7206
20649	-75.3408
20650	-75.3762
20651	-75.2296
20652	-75.4893
20653	-75.4647
20654	-75.6392
20655	-75.4797
20656	-75.689
20657	-75.5101
20658	-75.4947
20659	-75.3981
20660	-74.9282
20661	-75.3493
20662	-75.2758
20663	-75.5763
20664	-75.4502
20665	-75.6105
20666	-75.9873
20667	-76.0353
20668	-75.6941
20669	-75.4945
20670	-75.7133
20671	-75.3215
20672	-75.0339
20673	-75.4227
20674	-76.1226
20675	-75.7936
20676	-75.7434
20677	-75.7641
20678	-75.8618
20679	-76.191
20680	-75.9456
20681	-75.5816
20682	-75.3608
20683	-75.9751
20684	-75.7957
20685	-76.1348
20686	-76.1306
20687	-75.599
20688	-75.4037
20689	-75.5135
20690	-75.6189
20691	-75.7393
20692	-75.6731
20693	-75.7242
20694	-75.5746
20695	-75.817
20696	-75.584
20697	-75.4196
20698	-75.4466
20699	-75.4863
20700	-75.0501
20701	-75.2489
20702	-75.5594
20703	-75.5433
20704	-74.8862
20705	-75.285
20706	-75.2
20707	-75.2868
20708	-75.4207
20709	-75.3237
20710	-75.6255
20711	-75.7066
20712	-75.3744
20713	-75.1641
20714	-75.5127
20715	-75.2276
20716	-75.4812
20717	-75.5753
20718	-75.4207
20719	-75.721
20720	-75.72
20721	-75.554
20722	-75.2865
20723	-75.0928
20724	-75.3421
20725	-75.4314
20726	-75.3391
20727	-75.5608
20728	-75.5353
20729	-75.3551
20730	-75.6938
20731	-75.3374
20732	-75.6915
20733	-75.9585
20734	-75.6982
20735	-75.6112
20736	-75.3605
20737	-75.4564
20738	-75.7247
20739	-75.652
20740	-75.7972
20741	-75.3705
20742	-75.6009
20743	-75.4633
20744	-75.7804
20745	-75.134
20746	-75.5096
20747	-75.8808
20748	-76.0527
20749	-75.9265
20750	-75.6973
20751	-75.5486
20752	-75.4789
20753	-75.6258
20754	-75.5183
20755	-75.1731
20756	-75.2829
20757	-75.2835
20758	-75.2038
20759	-75.6338
20760	-75.9685
20761	-75.9507
20762	-75.8727
20763	-75.4458
20764	-75.2461
20765	-75.8436
20766	-75.7915
20767	-76.2114
20768	-76.1703
20769	-75.5545
20770	-75.2798
20771	-75.0503
20772	-75.5779
20773	-75.7466
20774	-75.3011
20775	-75.513
20776	-75.8862
20777	-75.7236
20778	-75.6969
20779	-75.7014
20780	-75.2675
20781	-75.4206
20782	-75.554
20783	-75.8108
20784	-75.6037
20785	-75.5826
20786	-75.752
20787	-75.5114
20788	-75.6862
20789	-75.2459
20790	-75.3775
20791	-75.4355
20792	-75.5996
20793	-75.4302
20794	-75.8408
20795	-75.6187
20796	-75.9829
20797	-75.7764
20798	-75.6992
20799	-76.0433
20800	-75.9854
20801	-76.0959
20802	-75.6418
20803	-75.7865
20804	-75.7235
20805	-75.375
20806	-75.2211
20807	-74.989
20808	-75.3102
20809	-75.622
20810	-75.6039
20811	-75.5922
20812	-75.8007
20813	-75.7087
20814	-75.3438
20815	-75.996
20816	-75.9543
20817	-75.3239
20818	-75.5205
20819	-75.6139
20820	-75.6974
20821	-75.9519
20822	-75.6947
20823	-75.2063
20824	-75.3673
20825	-75.675
20826	-75.2495
20827	-75.6975
20828	-75.6759
20829	-75.5122
20830	-75.1758
20831	-75.2754
20832	-75.2721
20833	-75.4178
20834	-75.6245
20835	-75.7737
20836	-75.7376
20837	-75.4923
20838	-75.2569
20839	-75.6624
20840	-75.5846
20841	-75.7435
20842	-75.5237
20843	-75.4307
20844	-74.9614
20845	-75.0038
20846	-75.7949
20847	-75.9069
20848	-75.9728
20849	-75.7229
20850	-75.5726
20851	-75.4524
20852	-76.0034
20853	-75.6469
20854	-75.682
20855	-75.5849
20856	-75.7741
20857	-75.7026
20858	-75.6007
20859	-75.7006
20860	-75.8491
20861	-75.7479
20862	-75.0288
20863	-75.1474
20864	-75.6927
20865	-75.5691
20866	-75.4571
20867	-76.1119
20868	-75.865
20869	-75.9029
20870	-75.7817
20871	-75.4831
20872	-75.5463
20873	-75.3471
20874	-75.4743
20875	-75.7738
20876	-75.8534
20877	-75.2234
20878	-75.6606
20879	-76.2672
20880	-75.7665
20881	-75.5642
20882	-75.7497
20883	-75.4987
20884	-75.4696
20885	-75.0806
20886	-75.283
20887	-75.4005
20888	-75.6242
20889	-75.4572
20890	-75.5219
20891	-75.7814
20892	-75.8959
20893	-75.5286
20894	-75.132
20895	-75.3819
20896	-75.4092
20897	-75.3979
20898	-75.5767
20899	-75.7105
20900	-75.6232
20901	-75.4733
20902	-75.3553
20903	-75.3592
20904	-75.4931
20905	-75.5058
20906	-75.9856
20907	-75.5762
20908	-75.5385
20909	-76.0515
20910	-76.2119
20911	-75.7559
20912	-75.491
20913	-75.521
20914	-75.2544
20915	-75.4106
20916	-75.3801
20917	-75.5618
20918	-75.8293
20919	-75.6167
20920	-75.6287
20921	-75.4169
20922	-75.1016
20923	-75.1716
20924	-75.2086
20925	-75.4196
20926	-75.679
20927	-75.2208
20928	-75.3531
20929	-75.4873
20930	-75.2883
20931	-75.319
20932	-75.2824
20933	-75.0258
20934	-75.5896
20935	-75.387
20936	-75.8248
20937	-75.6448
20938	-75.3725
20939	-75.6716
20940	-75.629
20941	-75.5942
20942	-76.0811
20943	-75.8653
20944	-75.908
20945	-75.5448
20946	-75.5662
20947	-75.3713
20948	-75.4923
20949	-75.5831
20950	-75.379
20951	-75.7167
20952	-75.3071
20953	-75.3384
20954	-75.4186
20955	-75.4478
20956	-75.6216
20957	-75.7988
20958	-75.4226
20959	-75.4646
20960	-75.6006
20961	-75.7294
20962	-75.6271
20963	-75.3942
20964	-75.2357
20965	-75.6707
20966	-75.3757
20967	-75.5379
20968	-75.4324
20969	-75.6993
20970	-75.8594
20971	-75.5054
20972	-75.3455
20973	-75.1804
20974	-75.1188
20975	-75.6481
20976	-75.2723
20977	-75.5487
20978	-75.6934
20979	-75.4201
20980	-75.2254
20981	-75.258
20982	-75.3297
20983	-75.2986
20984	-75.3677
20985	-75.4673
20986	-75.5202
20987	-75.5788
20988	-75.6882
20989	-75.2714
20990	-75.1149
20991	-75.5321
20992	-75.8334
20993	-75.6481
20994	-75.9996
20995	-76.0221
20996	-75.6306
20997	-75.3868
20998	-75.3306
20999	-75.4232
21000	-75.6679
21001	-75.7425
21002	-75.4419
21003	-75.5653
21004	-75.6045
21005	-75.762
21006	-75.4585
21007	-75.2704
21008	-75.1906
21009	-75.1506
21010	-75.5403
21011	-75.9045
21012	-75.9973
21013	-76.0181
21014	-75.6247
21015	-76.0332
21016	-75.8233
21017	-75.6733
21018	-75.3098
21019	-75.4518
21020	-75.8599
21021	-75.9851
21022	-75.7089
21023	-75.4427
21024	-75.4287
21025	-75.7058
21026	-75.3964
21027	-75.5972
21028	-75.6958
21029	-75.8664
21030	-76.0674
21031	-75.6921
21032	-75.4937
21033	-75.6765
21034	-75.1708
21035	-75.4199
21036	-75.3607
21037	-75.7656
21038	-76.0788
21039	-75.4681
21040	-75.2998
21041	-75.3101
21042	-75.5698
21043	-75.3866
21044	-75.1328
21045	-75.3035
21046	-75.1138
21047	-75.4658
21048	-75.56
21049	-75.949
21050	-75.9291
21051	-75.685
21052	-75.5166
21053	-75.6408
21054	-75.8212
21055	-75.6419
21056	-75.7427
21057	-75.5427
21058	-75.5955
21059	-75.7004
21060	-75.4089
21061	-75.6429
21062	-75.8604
21063	-75.3894
21064	-75.5951
21065	-75.3593
21066	-75.4771
21067	-75.7878
21068	-75.4597
21069	-75.3354
21070	-75.7335
21071	-75.4657
21072	-75.5966
21073	-75.2388
21074	-75.4612
21075	-75.1424
21076	-75.8813
21077	-75.5488
21078	-75.2577
21079	-75.4527
21080	-75.4773
21081	-75.4403
21082	-75.6198
21083	-75.6836
21084	-75.2973
21085	-74.9161
21086	-74.985
21087	-75.5172
21088	-75.6693
21089	-75.5536
21090	-75.8488
21091	-75.1856
21092	-75.3274
21093	-75.2038
21094	-75.6133
21095	-75.8119
21096	-76.1313
21097	-76.3311
21098	-75.4778
21099	-75.2628
21100	-75.5842
21101	-75.4906
21102	-75.9187
21103	-75.822
21104	-76.0738
21105	-75.6828
21106	-75.3058
21107	-75.9889
21108	-75.9898
21109	-75.3153
21110	-75.549
21111	-75.0318
21112	-75.0419
21113	-75.321
21114	-75.7659
21115	-75.6982
21116	-75.7767
21117	-75.5244
21118	-75.4254
21119	-75.6687
21120	-75.7686
21121	-75.8203
21122	-75.552
21123	-75.1277
21124	-75.5232
21125	-75.4346
21126	-75.1957
21127	-75.2406
21128	-75.1717
21129	-75.3931
21130	-75.746
21131	-75.8157
21132	-75.8229
21133	-75.9484
21134	-75.4183
21135	-75.4009
21136	-75.3042
21137	-75.6342
21138	-75.7802
21139	-75.7341
21140	-75.9391
21141	-75.4717
21142	-75.402
21143	-75.4094
21144	-75.3056
21145	-75.6785
21146	-75.6994
21147	-75.5477
21148	-75.7378
21149	-75.5356
21150	-75.7648
21151	-75.5516
21152	-75.3533
21153	-75.4367
21154	-75.6807
21155	-75.5925
21156	-74.8938
21157	-75.0045
21158	-75.2184
21159	-75.4945
21160	-75.4673
21161	-75.6032
21162	-75.641
21163	-75.8288
21164	-75.5344
21165	-75.8983
21166	-76.1225
21167	-75.8755
21168	-75.6021
21169	-75.5761
21170	-75.4624
21171	-75.2909
21172	-75.2043
21173	-75.3714
21174	-75.4207
21175	-75.345
21176	-75.3395
21177	-74.8064
21178	-75.3376
21179	-75.8405
21180	-75.4694
21181	-75.2242
21182	-75.2289
21183	-75.1444
21184	-75.4467
21185	-75.723
21186	-75.5155
21187	-75.1863
21188	-75.4125
21189	-76.013
21190	-75.8361
21191	-75.1983
21192	-75.355
21193	-75.8115
21194	-75.4899
21195	-75.3532
21196	-75.2167
21197	-75.5259
21198	-75.8744
21199	-75.4387
21200	-75.7397
21201	-75.4213
21202	-75.4431
21203	-75.4561
21204	-75.3134
21205	-75.4609
21206	-75.9083
21207	-75.7608
21208	-75.6754
21209	-75.3187
21210	-75.1761
21211	-75.3162
21212	-75.3706
21213	-75.1046
21214	-75.8662
21215	-75.6342
21216	-75.226
21217	-75.4502
21218	-75.271
21219	-75.3312
21220	-75.7126
21221	-75.7742
21222	-75.5761
21223	-75.4503
21224	-75.1532
21225	-75.2093
21226	-75.8951
21227	-75.7423
21228	-75.1715
21229	-75.1855
21230	-75.6774
21231	-75.7566
21232	-75.7916
21233	-75.4999
21234	-75.7571
21235	-75.7552
21236	-75.65
21237	-75.8297
21238	-75.3969
21239	-75.1584
21240	-75.1628
21241	-75.6416
21242	-75.8401
21243	-75.8971
21244	-75.7304
21245	-75.6495
21246	-75.9081
21247	-75.9057
21248	-76.1257
21249	-75.7446
21250	-75.6526
21251	-75.3218
21252	-75.5728
21253	-75.8419
21254	-75.9618
21255	-75.8977
21256	-76.1128
21257	-75.935
21258	-76.0315
21259	-75.8332
21260	-75.7002
21261	-75.2652
21262	-75.2167
21263	-75.8664
21264	-75.3692
21265	-75.1313
21266	-74.9907
21267	-75.6607
21268	-76.0518
21269	-76.1225
21270	-75.9908
21271	-75.5966
21272	-75.4516
21273	-75.2324
21274	-75.6791
21275	-75.5738
21276	-75.6055
21277	-75.422
21278	-75.5745
21279	-75.6738
21280	-75.5458
21281	-75.5137
21282	-75.2938
21283	-75.223
21284	-75.416
21285	-75.3221
21286	-75.4877
21287	-75.8586
21288	-75.8278
21289	-75.7175
21290	-75.6305
21291	-75.6758
21292	-75.4459
21293	-75.1185
21294	-75.4178
21295	-75.867
21296	-76.1897
21297	-75.4508
21298	-75.3309
21299	-75.3328
21300	-75.5588
21301	-75.4304
21302	-75.5304
21303	-75.7524
21304	-75.5336
21305	-75.4414
21306	-75.6421
21307	-76.0336
21308	-75.7791
21309	-75.6799
21310	-75.6616
21311	-75.6842
21312	-75.6337
21313	-75.7833
21314	-75.7622
21315	-75.5928
21316	-75.3937
21317	-75.4213
21318	-75.554
21319	-75.6596
21320	-75.6749
21321	-75.565
21322	-75.7305
21323	-75.8102
21324	-75.6257
21325	-75.5107
21326	-75.7776
21327	-75.4356
21328	-75.6947
21329	-75.6587
21330	-75.5572
21331	-75.6007
21332	-75.326
21333	-75.7283
21334	-75.3656
21335	-75.5212
21336	-75.7275
21337	-75.493
21338	-75.3477
21339	-75.4454
21340	-75.4083
21341	-75.7552
21342	-75.5925
21343	-75.8715
21344	-75.8258
21345	-75.7186
21346	-76.054
21347	-76.1266
21348	-75.4994
21349	-75.3805
21350	-75.4808
21351	-75.5714
21352	-75.2825
21353	-75.2538
21354	-75.0959
21355	-75.6302
21356	-75.7022
21357	-75.9644
21358	-75.596
21359	-75.3172
21360	-75.4193
21361	-75.6111
21362	-75.5387
21363	-75.6277
21364	-75.3055
21365	-75.7449
21366	-75.6399
21367	-75.4665
21368	-76.0043
21369	-75.9349
21370	-75.3032
21371	-75.2656
21372	-75.7612
21373	-75.9085
21374	-76.2537
21375	-75.7661
21376	-75.5366
21377	-74.8666
21378	-74.9423
21379	-75.6402
21380	-75.765
21381	-75.864
21382	-75.7289
21383	-75.3505
21384	-75.7104
21385	-75.3502
21386	-75.6738
21387	-75.8432
21388	-75.5285
21389	-75.5783
21390	-75.4089
21391	-75.08
21392	-75.4054
21393	-75.5798
21394	-75.66
21395	-75.1853
21396	-75.363
21397	-75.5102
21398	-75.5108
21399	-75.5843
21400	-75.1641
21401	-75.36
21402	-75.4797
21403	-75.3252
21404	-75.1146
21405	-75.2524
21406	-75.5733
21407	-75.5293
21408	-75.2193
21409	-75.4499
21410	-75.8275
21411	-75.5871
21412	-75.626
21413	-75.4295
21414	-75.1207
21415	-75.3814
21416	-76.0031
21417	-75.7885
21418	-75.782
21419	-75.8611
21420	-75.827
21421	-75.583
21422	-75.2703
21423	-75.2775
21424	-76.1346
21425	-75.5134
21426	-75.5106
21427	-75.7537
21428	-75.2399
21429	-75.5419
21430	-75.4987
21431	-75.3754
21432	-74.9898
21433	-75.3958
21434	-75.3424
21435	-75.2344
21436	-75.384
21437	-75.5279
21438	-75.2396
21439	-75.157
21440	-75.5736
21441	-75.9465
21442	-75.5744
21443	-75.505
21444	-75.7572
21445	-75.723
21446	-75.5833
21447	-75.2416
21448	-75.7121
21449	-75.7778
21450	-75.567
21451	-75.7107
21452	-75.729
21453	-75.3768
21454	-75.5646
21455	-75.6087
21456	-75.6397
21457	-75.348
21458	-75.2931
21459	-74.9714
21460	-75.1264
21461	-75.4753
21462	-75.4981
21463	-75.4443
21464	-75.613
21465	-75.6325
21466	-75.4837
21467	-75.1771
21468	-75.7274
21469	-75.911
21470	-75.5236
21471	-75.9743
21472	-75.7581
21473	-75.3484
21474	-75.5658
21475	-75.3878
21476	-75.7893
21477	-76.0227
21478	-75.821
21479	-75.6227
21480	-75.6594
21481	-75.5283
21482	-74.8827
21483	-75.1463
21484	-75.9501
21485	-75.3778
21486	-75.5206
21487	-75.6626
21488	-75.1898
21489	-75.392
21490	-75.2896
21491	-75.5583
21492	-75.9639
21493	-76.0042
21494	-75.835
21495	-75.8784
21496	-75.6675
21497	-75.3877
21498	-75.2682
21499	-75.2326
21500	-75.2516
21501	-75.2741
21502	-75.6728
21503	-75.3523
21504	-75.605
21505	-75.6912
21506	-75.7524
21507	-75.2843
21508	-75.1018
21509	-75.506
21510	-75.5883
21511	-75.873
21512	-75.6643
21513	-75.7196
21514	-75.6073
21515	-75.8595
21516	-75.7632
21517	-75.8138
21518	-75.8043
21519	-75.7822
21520	-75.2894
21521	-75.2924
21522	-75.1186
21523	-75.5381
21524	-75.6824
21525	-75.5186
21526	-75.5165
21527	-75.89
21528	-75.8189
21529	-75.4389
21530	-75.3613
21531	-75.7986
21532	-75.8399
21533	-75.5299
21534	-75.7543
21535	-75.6165
21536	-75.2925
21537	-75.5973
21538	-75.3544
21539	-75.6334
21540	-75.2907
21541	-75.3274
21542	-75.3928
21543	-75.6386
21544	-75.8894
21545	-75.2732
21546	-75.124
21547	-75.4232
21548	-75.4683
21549	-75.3059
21550	-75.2752
21551	-75.4946
21552	-75.2309
21553	-75.5501
21554	-75.7607
21555	-75.5596
21556	-75.3197
21557	-74.61
21558	-75.3362
21559	-75.3503
21560	-75.0325
21561	-75.2666
21562	-75.4454
21563	-75.6248
21564	-75.3837
21565	-75.3881
21566	-75.0403
21567	-75.0363
21568	-75.2414
21569	-75.2482
21570	-75.7344
21571	-76.0259
21572	-75.7995
21573	-75.7119
21574	-75.6672
21575	-75.1024
21576	-75.1352
21577	-75.3214
21578	-75.3927
21579	-75.892
21580	-75.4693
21581	-75.3878
21582	-75.3132
21583	-75.7242
21584	-75.8021
21585	-75.7695
21586	-75.4783
21587	-75.1964
21588	-75.5388
21589	-75.4467
21590	-75.486
21591	-75.5698
21592	-75.063
21593	-75.4398
21594	-75.6333
21595	-75.4881
21596	-75.2085
21597	-75.5256
21598	-75.4498
21599	-75.7483
21600	-75.7778
21601	-75.4649
21602	-75.1258
21603	-75.0902
21604	-75.6049
21605	-75.4676
21606	-75.8463
21607	-75.6621
21608	-75.4302
21609	-75.2744
21610	-75.2942
21611	-74.9589
21612	-75.539
21613	-75.4252
21614	-75.4623
21615	-74.8784
21616	-75.0439
21617	-74.8786
21618	-75.409
21619	-75.696
21620	-75.7651
21621	-75.9254
21622	-75.8806
21623	-75.6936
21624	-75.4142
21625	-75.44
21626	-75.17
21627	-75.3721
21628	-75.6142
21629	-75.4029
21630	-75.7329
21631	-75.7605
21632	-75.6893
21633	-75.4549
21634	-75.6885
21635	-75.7669
21636	-75.6647
21637	-75.0391
21638	-75.4925
21639	-75.7966
21640	-75.951
21641	-75.2882
21642	-75.6618
21643	-75.4354
21644	-75.5305
21645	-76.0027
21646	-75.7855
21647	-75.0993
21648	-74.9919
21649	-75.1316
21650	-75.7478
21651	-75.9248
21652	-75.717
21653	-75.8861
21654	-75.8338
21655	-75.8133
21656	-75.5735
21657	-75.8128
21658	-75.6051
21659	-75.4693
21660	-75.9318
21661	-76.1007
21662	-75.8673
21663	-76.1439
21664	-75.8588
21665	-75.4814
21666	-75.4995
21667	-75.6819
21668	-76.2658
21669	-75.9416
21670	-75.7131
21671	-75.8011
21672	-75.7223
21673	-75.491
21674	-75.2922
21675	-75.4101
21676	-75.7395
21677	-75.7389
21678	-75.5523
21679	-75.4877
21680	-75.4329
21681	-75.5096
21682	-75.6407
21683	-76.0078
21684	-75.4421
21685	-75.457
21686	-76.0256
21687	-75.8325
21688	-75.876
21689	-75.5893
21690	-75.7294
21691	-75.6095
21692	-75.2568
21693	-75.3842
21694	-75.1113
21695	-75.4073
21696	-75.6339
21697	-75.407
21698	-75.4809
21699	-75.5886
21700	-75.766
21701	-75.2158
21702	-75.4739
21703	-75.0586
21704	-75.1261
21705	-75.2807
21706	-75.3457
21707	-75.1967
21708	-75.704
21709	-75.6658
21710	-75.4573
21711	-75.4014
21712	-75.0956
21713	-75.171
21714	-75.45
21715	-75.7384
21716	-75.3901
21717	-75.3757
21718	-75.4284
21719	-75.4916
21720	-75.3818
21721	-75.3552
21722	-75.4413
21723	-75.4444
21724	-75.1418
21725	-74.9682
21726	-75.5802
21727	-75.5865
21728	-75.4523
21729	-75.2823
21730	-75.2833
21731	-75.6502
21732	-75.7675
21733	-75.3401
21734	-75.2952
21735	-75.5076
21736	-75.4565
21737	-75.1807
21738	-75.2957
21739	-75.387
21740	-75.3593
21741	-75.4522
21742	-75.584
21743	-75.2593
21744	-75.2419
21745	-75.6378
21746	-75.9546
21747	-76.0006
21748	-76.0281
21749	-75.4834
21750	-75.3529
21751	-75.3706
21752	-75.1346
21753	-75.4059
21754	-75.4239
21755	-75.2338
21756	-75.4098
21757	-75.1316
21758	-75.0811
21759	-75.3011
21760	-75.0485
21761	-75.2164
21762	-75.2175
21763	-75.47
21764	-75.2809
21765	-75.4212
21766	-75.428
21767	-75.4946
21768	-75.5615
21769	-75.742
21770	-75.6841
21771	-75.5452
21772	-75.3122
21773	-75.6729
21774	-75.5565
21775	-75.6831
21776	-75.7614
21777	-76.0825
21778	-75.863
21779	-75.4656
21780	-75.5872
21781	-75.8604
21782	-75.3104
21783	-75.3182
21784	-75.1647
21785	-75.2159
21786	-74.9522
21787	-74.7524
21788	-75.5929
21789	-75.59
21790	-75.1625
21791	-75.14
21792	-75.4086
21793	-75.2048
21794	-75.4559
21795	-75.7307
21796	-75.4259
21797	-75.1226
21798	-75.0231
21799	-75.2848
21800	-75.5155
21801	-75.9254
21802	-75.4224
21803	-75.6148
21804	-75.0748
21805	-74.8072
21806	-74.9517
21807	-75.7389
21808	-75.616
21809	-75.1738
21810	-75.1562
21811	-75.7124
21812	-75.6893
21813	-75.4256
21814	-75.6976
21815	-75.7244
21816	-75.8191
21817	-75.7385
21818	-75.464
21819	-75.5546
21820	-75.5411
21821	-75.8063
21822	-75.7921
21823	-75.5776
21824	-75.4709
21825	-75.6623
21826	-75.615
21827	-75.1369
21828	-75.2062
21829	-75.4255
21830	-75.6167
21831	-75.353
21832	-75.0975
21833	-75.3882
21834	-75.4506
21835	-75.1966
21836	-75.0042
21837	-75.1945
21838	-75.118
21839	-74.829
21840	-75.0542
21841	-75.1993
21842	-75.5318
21843	-75.3161
21844	-75.4326
21845	-75.1295
21846	-75.5973
21847	-75.3927
21848	-75.3088
21849	-75.6613
21850	-75.7684
21851	-75.5961
21852	-75.475
21853	-75.3245
21854	-75.4814
21855	-75.5474
21856	-75.3275
21857	-75.1859
21858	-75.374
21859	-75.7399
21860	-75.2936
21861	-75.8394
21862	-75.4202
21863	-75.7323
21864	-75.5212
21865	-75.3536
21866	-75.1748
21867	-75.4695
21868	-75.5638
21869	-75.2607
21870	-75.3206
21871	-75.3999
21872	-75.5319
21873	-75.2507
21874	-75.5151
21875	-75.4207
21876	-75.3704
21877	-74.9224
21878	-75.0809
21879	-75.2973
21880	-75.5159
21881	-75.4998
21882	-75.3033
21883	-75.4647
21884	-75.8571
21885	-74.9532
21886	-75.3291
21887	-75.6303
21888	-75.0975
21889	-74.8926
21890	-75.0705
21891	-75.0961
21892	-75.0847
21893	-74.9994
21894	-75.2881
21895	-75.7191
21896	-75.5599
21897	-75.5698
21898	-75.2876
21899	-75.3472
21900	-75.3007
21901	-75.367
21902	-75.1207
21903	-75.3119
21904	-75.2688
21905	-75.4194
21906	-75.449
21907	-75.1259
21908	-75.1737
21909	-75.0909
21910	-75.3738
21911	-75.4382
21912	-75.7294
21913	-75.8761
21914	-75.3023
21915	-75.0935
21916	-74.3395
21917	-73.6475
21918	-75.0758
21919	-75.203
21920	-75.3921
21921	-75.7356
21922	-75.6783
21923	-75.6273
21924	-75.6111
21925	-75.172
21926	-75.0854
21927	-74.9433
21928	-75.5526
21929	-75.4947
21930	-74.9524
21931	-75.2081
21932	-75.541
21933	-75.4337
21934	-75.3755
21935	-75.6022
21936	-75.4591
21937	-75.3024
21938	-75.7321
21939	-75.5433
21940	-75.5261
21941	-75.7512
21942	-76.0557
21943	-75.4729
21944	-75.5149
21945	-75.0251
21946	-75.188
21947	-75.0241
21948	-75.2963
21949	-75.6851
21950	-75.3671
21951	-75.4064
21952	-75.1802
21953	-75.3331
21954	-75.7347
21955	-75.0394
21956	-74.7333
21957	-74.7788
21958	-75.1411
21959	-75.2566
21960	-75.4868
21961	-75.4154
21962	-75.4928
21963	-75.3076
21964	-75.4261
21965	-75.7244
21966	-75.7296
21967	-75.1424
21968	-75.5816
21969	-75.9345
21970	-75.5629
21971	-75.079
21972	-75.2446
21973	-75.3744
21974	-75.2089
21975	-75.4438
21976	-75.5238
21977	-75.4796
21978	-75.3631
21979	-75.6369
21980	-75.6985
21981	-75.4391
21982	-75.8929
21983	-75.3509
21984	-75.389
21985	-75.2051
21986	-75.2901
21987	-75.2165
21988	-75.2504
21989	-75.2513
21990	-75.5402
21991	-75.3284
21992	-75.2913
21993	-75.1323
21994	-75.3072
21995	-74.9225
21996	-75.4443
21997	-75.5478
21998	-75.7489
21999	-75.1946
22000	-75.5524
22001	-75.2861
22002	-75.1405
22003	-75.0742
22004	-74.9306
22005	-75.2834
22006	-75.2869
22007	-75.1684
22008	-75.2617
22009	-75.2004
22010	-75.1431
22011	-75.4059
22012	-75.4251
22013	-75.6357
22014	-74.9527
22015	-75.0649
22016	-75.2152
22017	-75.508
22018	-75.0678
22019	-75.0666
22020	-75.4394
22021	-75.7595
22022	-75.5885
22023	-75.0484
22024	-74.78
22025	-75.1672
22026	-75.1365
22027	-75.1262
22028	-75.6255
22029	-75.595
22030	-75.3521
22031	-75.6759
22032	-75.3508
22033	-75.1518
22034	-75.655
22035	-75.5792
22036	-75.2022
22037	-75.0475
22038	-75.0172
22039	-74.6589
22040	-75.2246
22041	-75.1827
22042	-75.0664
22043	-74.8861
22044	-75.3101
22045	-75.3324
22046	-74.9493
22047	-74.9484
22048	-75.003
22049	-75.2356
22050	-75.4095
22051	-75.189
22052	-75.1989
22053	-75.1107
22054	-75.186
22055	-75.2354
22056	-75.3314
22057	-75.2893
22058	-75.182
22059	-75.2178
22060	-75.2316
22061	-74.8425
22062	-74.5979
22063	-75.2227
22064	-74.8459
22065	-75.1156
22066	-75.0545
22067	-74.7915
22068	-75.2363
22069	-75.2083
22070	-75.3762
22071	-75.3312
22072	-74.7713
22073	-75.0074
22074	-75.0023
22075	-75.2216
22076	-75.4569
22077	-75.0367
22078	-75.3763
22079	-74.9926
22080	-75.0775
22081	-74.9352
22082	-74.9403
22083	-74.7801
22084	-74.9594
22085	-75.0305
22086	-74.8347
22087	-74.9824
22088	-74.9496
22089	-74.8102
22090	-75.1565
22091	-75.0139
22092	-75.0502
22093	-74.9874
22094	-74.5602
22095	-74.6233
22096	-72.6681
22097	-71.4082
22098	-73.7337
22099	-74.74
22100	-74.6224
22101	-74.8681
22102	-75.2882
22103	-75.7851
22104	-75.2918
22105	-75.1125
22106	-75.0792
22107	-75.1353
22108	-75.2866
22109	-75.0226
22110	-74.8799
22111	-74.5868
22112	-74.6511
22113	-75.1718
22114	-75.016
22115	-74.5913
22116	-74.7176
22117	-75.0993
22118	-74.7304
22119	-74.6948
22120	-74.6118
22121	-74.4985
22122	-74.6753
22123	-74.5101
22124	-74.8022
22125	-74.6577
22126	-74.6751
22127	-74.598
22128	-75.0971
22129	-75.0279
22130	-75.2082
22131	-75.1411
22132	-74.9621
22133	-74.7319
22134	-74.8322
22135	-74.6704
22136	-75.0008
22137	-74.898
22138	-74.3815
22139	-74.451
22140	-74.4832
22141	-74.5366
22142	-74.578
22143	-74.8797
22144	-74.7445
22145	-74.7084
22146	-74.9251
22147	-74.5613
22148	-74.4271
22149	-74.2903
22150	-74.5342
22151	-74.3045
22152	-74.1503
22153	-74.4962
22154	-74.5276
22155	-74.4059
22156	-74.4017
22157	-74.3007
22158	-74.4646
22159	-74.8504
22160	-74.489
22161	-74.2597
22162	-74.3019
22163	-74.4266
22164	-74.3357
22165	-74.2797
22166	-74.2634
22167	-74.6533
22168	-74.5253
22169	-74.3067
22170	-74.7889
22171	-74.5041
22172	-74.4055
22173	-74.1799
22174	-74.3649
22175	-73.8811
22176	-73.9164
22177	-74.0195
22178	-73.5798
22179	-74.2094
22180	-74.2007
22181	-74.3065
22182	-74.0774
22183	-73.7745
22184	-74.1742
22185	-74.2666
22186	-74.3203
22187	-74.1147
22188	-73.575
22189	-73.6596
22190	-73.5991
22191	-73.6433
22192	-73.7021
22193	-73.7458
22194	-73.8418
22195	-74.4528
22196	-73.9868
22197	-73.737
22198	-73.7324
22199	-73.9154
22200	-73.7932
22201	-73.5938
22202	-73.9226
22203	-73.8208
22204	-73.8148
22205	-73.78
22206	-73.6412
22207	-73.828
22208	-73.7904
22209	-73.6549
22210	-73.6374
22211	-73.4445
22212	-73.47
22213	-73.6831
22214	-73.8481
22215	-73.8938
22216	-73.535
22217	-73.4953
22218	-73.5795
22219	-73.8838
22220	-73.778
22221	-73.1715
22222	-73.3048
22223	-73.405
22224	-73.3458
22225	-73.6203
22226	-74.1983
22227	-74.039
22228	-73.9294
22229	-73.5732
22230	-73.4475
22231	-73.3897
22232	-73.6648
22233	-73.6237
22234	-73.3611
22235	-72.887
22236	-72.9872
22237	-73.0076
22238	-72.6562
22239	-72.9387
22240	-72.9113
22241	-73.1356
22242	-73.1252
22243	-73.3123
22244	-73.2801
22245	-73.0622
22246	-73.053
22247	-73.2965
22248	-72.9982
22249	-72.7023
22250	-73.0893
22251	-72.9233
22252	-72.6698
22253	-72.7213
22254	-72.8714
22255	-72.925
22256	-72.5751
22257	-72.5043
22258	-72.5109
22259	-72.8292
22260	-72.5648
22261	-72.4276
22262	-72.6058
22263	-72.6547
22264	-72.6826
22265	-72.6802
22266	-72.669
22267	-72.6693
22268	-72.9075
22269	-72.7071
22270	-72.4262
22271	-72.0886
22272	-71.9793
22273	-72.4873
22274	-72.2239
22275	-71.401
22276	-67.2694
22277	-65.3907
22278	-69.6759
22279	-71.7415
22280	-71.5302
22281	-71.6887
22282	-72.0861
22283	-71.6728
22284	-71.765
22285	-71.7755
22286	-72.0613
22287	-71.7879
22288	-71.6924
22289	-72.0048
22290	-71.7723
22291	-71.835
22292	-71.7634
22293	-71.8185
22294	-71.8413
22295	-71.6143
22296	-71.6129
22297	-71.4938
22298	-71.6003
22299	-71.6542
22300	-71.6938
22301	-71.6369
22302	-71.7297
22303	-71.677
22304	-71.2685
22305	-71.3514
22306	-71.0903
22307	-71.345
22308	-71.3342
22309	-71.7231
22310	-71.4967
22311	-71.4986
22312	-72.0651
22313	-71.4542
22314	-71.3996
22315	-71.4607
22316	-71.524
22317	-71.5906
22318	-71.4054
22319	-71.1795
22320	-71.1771
22321	-71.2251
22322	-71.144
22323	-71.2299
22324	-71.3828
22325	-71.4855
22326	-71.617
22327	-71.4134
22328	-71.2886
22329	-71.1177
22330	-71.1698
22331	-71.1108
22332	-71.0808
22333	-70.8726
22334	-70.3465
22335	-70.7383
22336	-70.9401
22337	-70.9901
22338	-70.843
22339	-70.6884
22340	-71.126
22341	-71.0357
22342	-71.1211
22343	-70.8357
22344	-70.8113
22345	-70.6328
22346	-70.7569
22347	-70.6957
22348	-71.0242
22349	-70.7379
22350	-71.0678
22351	-70.9619
22352	-70.8579
22353	-70.6143
22354	-70.5373
22355	-70.5748
22356	-70.5618
22357	-70.7987
22358	-70.2004
22359	-70.3474
22360	-70.5117
22361	-70.469
22362	-70.305
22363	-70.6014
22364	-70.553
22365	-70.2586
22366	-70.3916
22367	-70.7574
22368	-70.3482
22369	-70.0861
22370	-70.5672
22371	-70.3061
22372	-70.6661
22373	-70.5965
22374	-70.2161
22375	-70.7304
22376	-70.4863
22377	-70.5107
22378	-70.0649
22379	-70.2114
22380	-70.0754
22381	-70.1306
22382	-70.2705
22383	-69.819
22384	-70.3352
22385	-70.5288
22386	-70.1669
22387	-70.0608
22388	-69.863
22389	-70.2655
22390	-70.3478
22391	-70.1297
22392	-69.8818
22393	-70.4199
22394	-70.3275
22395	-69.9239
22396	-69.7935
22397	-69.6797
22398	-70.1652
22399	-69.882
22400	-70.2492
22401	-70.219
22402	-69.8911
22403	-70.2647
22404	-69.8072
22405	-70.0237
22406	-70.0826
22407	-69.9753
22408	-70.2365
22409	-70.1963
22410	-70.2328
22411	-69.8064
22412	-69.5526
22413	-69.5316
22414	-70.2281
22415	-69.9428
22416	-70.4099
22417	-70.4294
22418	-69.5339
22419	-69.8613
22420	-69.6889
22421	-69.1962
22422	-69.526
22423	-69.8846
22424	-69.6123
22425	-69.6163
22426	-69.8139
22427	-69.7446
22428	-70.2113
22429	-70.1377
22430	-69.9139
22431	-69.8064
22432	-69.814
22433	-69.7441
22434	-69.4263
22435	-69.7506
22436	-69.9239
22437	-69.6055
22438	-69.9935
22439	-69.5453
22440	-69.2626
22441	-69.6161
22442	-69.8012
22443	-70.0423
22444	-69.8908
22445	-69.8249
22446	-69.8204
22447	-69.6113
22448	-69.3911
22449	-69.6501
22450	-69.6419
22451	-69.2221
22452	-68.6848
22453	-69.2892
22454	-68.865
22455	-67.7995
22456	-62.0956
22457	-60.2561
22458	-66.1039
22459	-68.7007
22460	-69.0019
22461	-69.2328
22462	-70.1379
22463	-70.0005
22464	-69.6471
22465	-69.7337
22466	-70.0581
22467	-69.4506
22468	-69.7921
22469	-69.8509
22470	-69.9692
22471	-70.0034
22472	-69.9036
22473	-70.3909
22474	-70.5328
22475	-69.7286
22476	-69.6466
22477	-70.191
22478	-70.4542
22479	-70.2628
22480	-70.4306
22481	-70.1194
22482	-70.2786
22483	-70.3559
22484	-70.3089
22485	-70.1461
22486	-70.2049
22487	-70.6953
22488	-70.3538
22489	-70.1877
22490	-69.9766
22491	-70.2417
22492	-70.1754
22493	-70.6242
22494	-70.6513
22495	-70.9746
22496	-71.1692
22497	-70.5844
22498	-70.5008
22499	-70.5228
22500	-70.3136
22501	-70.3608
22502	-70.6688
22503	-70.5974
22504	-70.6758
22505	-70.5509
22506	-70.9021
22507	-70.9964
22508	-70.9508
22509	-70.9364
22510	-70.5998
22511	-70.8003
22512	-70.9982
22513	-71.0182
22514	-70.85
22515	-70.8407
22516	-70.9037
22517	-71.135
22518	-71.2829
22519	-71.0139
22520	-70.9501
22521	-71.0624
22522	-71.3459
22523	-71.6272
22524	-71.3465
22525	-71.1089
22526	-71.0296
22527	-71.4097
22528	-71.3392
22529	-71.6845
22530	-71.5005
22531	-71.8553
22532	-71.6357
22533	-71.862
22534	-71.9038
22535	-71.8071
22536	-71.7545
22537	-71.2072
22538	-71.6253
22539	-71.4314
22540	-71.6364
22541	-71.8558
22542	-71.6624
22543	-71.8993
22544	-71.6967
22545	-71.9283
22546	-71.8738
22547	-71.399
22548	-71.4763
22549	-71.7209
22550	-71.69
22551	-72.0359
22552	-72.5499
22553	-72.1357
22554	-71.9372
22555	-71.9573
22556	-71.7302
22557	-71.962
22558	-71.7809
22559	-71.9362
22560	-72.427
22561	-72.3094
22562	-72.5571
22563	-72.7605
22564	-72.4143
22565	-71.7372
22566	-72.2071
22567	-72.4764
22568	-72.6077
22569	-72.5546
22570	-72.4469
22571	-72.4082
22572	-72.3802
22573	-72.4156
22574	-72.5426
22575	-72.6304
22576	-72.6522
22577	-72.6157
22578	-72.158
22579	-72.3867
22580	-72.4492
22581	-72.3969
22582	-72.1588
22583	-72.4086
22584	-72.7539
22585	-72.7873
22586	-72.7707
22587	-72.7418
22588	-72.7628
22589	-72.5697
22590	-72.3926
22591	-72.4327
22592	-72.3705
22593	-72.8548
22594	-72.701
22595	-72.2873
22596	-72.5566
22597	-72.8689
22598	-72.8155
22599	-72.7234
22600	-72.9884
22601	-72.927
22602	-72.7245
22603	-73.2006
22604	-73.2055
22605	-73.2296
22606	-73.5223
22607	-73.2328
22608	-73.1148
22609	-73.4556
22610	-73.2068
22611	-72.9654
22612	-73.0522
22613	-73.2547
22614	-73.448
22615	-73.0804
22616	-72.6785
22617	-73.1665
22618	-73.3341
22619	-73.5945
22620	-73.2183
22621	-72.9728
22622	-73.2617
22623	-73.5307
22624	-73.4118
22625	-73.4509
22626	-73.6562
22627	-73.0578
22628	-73.32
22629	-73.5589
22630	-73.8948
22631	-73.5514
22632	-73.5809
22633	-73.6157
22634	-73.7166
22635	-73.2003
22636	-69.761
22637	-68.1061
22638	-71.8872
22639	-73.2344
22640	-73.5529
22641	-73.9127
22642	-73.7638
22643	-73.7845
22644	-73.6452
22645	-73.3067
22646	-73.4577
22647	-73.6684
22648	-73.3804
22649	-73.6334
22650	-73.8495
22651	-74.0094
22652	-73.9717
22653	-74.1129
22654	-73.7029
22655	-73.6173
22656	-73.8637
22657	-73.9893
22658	-73.8134
22659	-73.8272
22660	-74.074
22661	-74.1105
22662	-73.8054
22663	-74.0855
22664	-74.6139
22665	-74.6962
22666	-74.128
22667	-73.9399
22668	-73.9768
22669	-73.9222
22670	-74.1247
22671	-73.835
22672	-73.7956
22673	-73.8624
22674	-74.2042
22675	-74.3695
22676	-74.4414
22677	-74.3522
22678	-74.6999
22679	-74.4867
22680	-74.3473
22681	-74.1989
22682	-74.4873
22683	-74.9514
22684	-74.4888
22685	-74.2948
22686	-74.4006
22687	-74.7796
22688	-74.9568
22689	-74.2674
22690	-74.7578
22691	-74.6899
22692	-74.6981
22693	-74.2006
22694	-74.7457
22695	-74.4881
22696	-74.3564
22697	-74.4326
22698	-74.2245
22699	-74.3557
22700	-74.6396
22701	-74.583
22702	-74.4208
22703	-74.9164
22704	-74.9169
22705	-74.6266
22706	-74.8598
22707	-74.5177
22708	-74.771
22709	-74.8046
22710	-74.572
22711	-74.5768
22712	-74.1126
22713	-74.4282
22714	-74.8444
22715	-75.2812
22716	-74.7391
22717	-74.7339
22718	-74.5314
22719	-74.5359
22720	-74.3103
22721	-74.3603
22722	-74.0338
22723	-74.5863
22724	-74.8128
22725	-74.2532
22726	-74.7551
22727	-75.1097
22728	-75.3056
22729	-75.0883
22730	-75.0547
22731	-74.713
22732	-75.1658
22733	-74.9208
22734	-74.3257
22735	-74.4876
22736	-74.6279
22737	-74.6188
22738	-74.6501
22739	-74.5814
22740	-74.9674
22741	-74.8222
22742	-75.2817
22743	-75.1549
22744	-74.8271
22745	-74.573
22746	-75.2113
22747	-74.8534
22748	-74.8283
22749	-75.1405
22750	-75.0287
22751	-75.2363
22752	-75.1646
22753	-75.0872
22754	-74.7828
22755	-74.998
22756	-74.9297
22757	-75.0975
22758	-75.2284
22759	-74.8346
22760	-75.0606
22761	-74.7498
22762	-74.6226
22763	-74.9817
22764	-75.0206
22765	-74.6209
22766	-74.7081
22767	-74.9828
22768	-74.8813
22769	-75.1226
22770	-75.0766
22771	-74.9326
22772	-75.4362
22773	-75.4695
22774	-75.3625
22775	-75.1859
22776	-75.1066
22777	-74.8661
22778	-75.0531
22779	-75.0951
22780	-75.1297
22781	-75.3735
22782	-75.0373
22783	-74.667
22784	-74.6496
22785	-74.6502
22786	-74.8757
22787	-74.8512
22788	-74.6063
22789	-75.1495
22790	-75.2601
22791	-75.1424
22792	-74.9642
22793	-74.7758
22794	-74.8664
22795	-74.6609
22796	-74.9201
22797	-75.0128
22798	-75.0818
22799	-74.9962
22800	-75.0099
22801	-74.4031
22802	-74.4145
22803	-75.2198
22804	-74.9551
22805	-75.1593
22806	-75.3757
22807	-75.0756
22808	-74.9539
22809	-75.3782
22810	-75.4091
22811	-75.3338
22812	-75.312
22813	-75.0758
22814	-75.215
22815	-75.1314
22816	-73.7189
22817	-73.1667
22818	-74.6698
22819	-74.6087
22820	-75.1069
22821	-74.8889
22822	-75.0787
22823	-75.0835
22824	-75.4383
22825	-75.1351
22826	-75.3495
22827	-74.969
22828	-75.1845
22829	-75.1762
22830	-75.2006
22831	-74.7799
22832	-75.2943
22833	-75.2751
22834	-75.5284
22835	-75.6454
22836	-74.9139
22837	-75.2755
22838	-75.351
22839	-75.1317
22840	-75.3834
22841	-76.0933
22842	-75.94
22843	-75.1006
22844	-75.3285
22845	-75.78
22846	-75.1484
22847	-75.5083
22848	-75.1566
22849	-75.1303
22850	-75.3263
22851	-75.0631
22852	-75.4219
22853	-75.4719
22854	-75.318
22855	-75.3531
22856	-75.1896
22857	-74.79
22858	-74.7845
22859	-74.9471
22860	-74.456
22861	-74.8737
22862	-75.4041
22863	-75.3441
22864	-75.4325
22865	-75.4195
22866	-74.8068
22867	-75.2446
22868	-75.3275
22869	-75.3981
22870	-75.1215
22871	-75.3954
22872	-75.2364
22873	-75.6863
22874	-75.3523
22875	-75.1102
22876	-75.1003
22877	-75.3345
22878	-75.3138
22879	-75.2478
22880	-75.0283
22881	-75.1395
22882	-75.6781
22883	-75.2085
22884	-74.8231
22885	-74.9693
22886	-74.9999
22887	-75.3562
22888	-75.1793
22889	-74.8359
22890	-75.1332
22891	-75.3196
22892	-75.5015
22893	-75.1705
22894	-75.1661
22895	-76.0187
22896	-75.1628
22897	-75.4314
22898	-75.6885
22899	-75.3728
22900	-75.2907
22901	-75.2726
22902	-75.4307
22903	-75.5263
22904	-75.0998
22905	-75.0579
22906	-74.9028
22907	-74.9797
22908	-75.467
22909	-75.4649
22910	-75.4317
22911	-75.4506
22912	-75.3114
22913	-75.9353
22914	-75.6932
22915	-75.2248
22916	-75.0799
22917	-75.1026
22918	-75.512
22919	-75.5108
22920	-75.097
22921	-75.2092
22922	-75.2572
22923	-75.8781
22924	-75.5687
22925	-75.2579
22926	-75.4861
22927	-75.4122
22928	-75.0675
22929	-75.0906
22930	-74.9895
22931	-75.3289
22932	-75.6935
22933	-75.7644
22934	-75.3743
22935	-75.5955
22936	-75.7341
22937	-75.2914
22938	-75.3278
22939	-75.5833
22940	-75.3797
22941	-75.5351
22942	-75.4633
22943	-75.1463
22944	-75.2565
22945	-75.376
22946	-75.4928
22947	-75.5022
22948	-75.27
22949	-75.2748
22950	-75.4684
22951	-75.6391
22952	-75.3712
22953	-75.5271
22954	-75.4325
22955	-75.8615
22956	-76.1834
22957	-75.3116
22958	-75.1353
22959	-74.7552
22960	-75.1755
22961	-75.1417
22962	-75.2274
22963	-75.3123
22964	-75.6701
22965	-75.4862
22966	-75.3791
22967	-75.4926
22968	-75.5747
22969	-75.2565
22970	-75.3552
22971	-75.1387
22972	-75.4478
22973	-75.7015
22974	-75.2829
22975	-74.9581
22976	-75.0433
22977	-75.3978
22978	-75.4613
22979	-75.1867
22980	-75.4
22981	-75.4176
22982	-75.3322
22983	-75.0104
22984	-74.8733
22985	-75.0981
22986	-75.5151
22987	-75.5677
22988	-75.7842
22989	-75.4756
22990	-75.4315
22991	-75.4634
22992	-75.2831
22993	-75.2815
22994	-75.5423
22995	-75.0634
22996	-74.5907
22997	-74.3324
22998	-74.7196
22999	-75.1389
23000	-75.5776
23001	-75.7982
23002	-75.3566
23003	-75.5892
23004	-75.3347
23005	-75.1223
23006	-75.6106
23007	-75.7972
23008	-75.7018
23009	-75.4545
23010	-75.2801
23011	-74.7895
23012	-75.3152
23013	-75.6405
23014	-75.5971
23015	-75.6576
23016	-75.2788
23017	-75.2659
23018	-75.5478
23019	-75.7253
23020	-75.8135
23021	-75.4162
23022	-75.4649
23023	-75.2666
23024	-75.3779
23025	-75.1098
23026	-75.7234
23027	-75.3487
23028	-75.5699
23029	-75.4211
23030	-74.9719
23031	-75.1045
23032	-75.6568
23033	-75.3346
23034	-75.3667
23035	-75.7322
23036	-75.5309
23037	-75.5003
23038	-75.5726
23039	-75.3608
23040	-75.5334
23041	-75.0527
23042	-74.8712
23043	-75.384
23044	-75.659
23045	-75.4707
23046	-75.3268
23047	-75.3777
23048	-75.5339
23049	-75.4138
23050	-75.2905
23051	-75.6666
23052	-75.4168
23053	-75.4654
23054	-75.6107
23055	-75.4663
23056	-75.4481
23057	-75.6414
23058	-75.4917
23059	-75.1494
23060	-75.1708
23061	-74.9717
23062	-74.956
23063	-74.8794
23064	-74.8902
23065	-74.8772
23066	-75.4218
23067	-74.9721
23068	-75.0918
23069	-75.1283
23070	-75.2832
23071	-75.5428
23072	-75.6842
23073	-75.3264
23074	-75.3614
23075	-75.6153
23076	-75.3448
23077	-75.4526
23078	-75.2446
23079	-75.4988
23080	-75.4102
23081	-75.1595
23082	-75.2457
23083	-75.2518
23084	-75.3185
23085	-75.536
23086	-75.6192
23087	-75.7956
23088	-75.4453
23089	-75.5128
23090	-75.6028
23091	-75.6338
23092	-75.881
23093	-76.0972
23094	-75.7741
23095	-75.7587
23096	-75.8116
23097	-75.5574
23098	-75.4563
23099	-75.1918
23100	-75.1918
23101	-74.9438
23102	-75.3192
23103	-75.379
23104	-75.1252
23105	-75.5606
23106	-75.5701
23107	-75.6592
23108	-75.2015
23109	-75.0618
23110	-75.1944
23111	-75.1683
23112	-75.0172
23113	-75.3738
23114	-75.1548
23115	-75.4912
23116	-75.5216
23117	-75.4641
23118	-75.6336
23119	-75.6056
23120	-75.3811
23121	-75.1703
23122	-75.5337
23123	-74.9925
23124	-74.9738
23125	-75.1738
23126	-75.5386
23127	-75.4153
23128	-75.5065
23129	-75.3069
23130	-75.4962
23131	-75.755
23132	-75.7346
23133	-75.5262
23134	-75.3212
23135	-75.4801
23136	-75.8315
23137	-75.4621
23138	-75.4782
23139	-75.5455
23140	-75.2276
23141	-75.4215
23142	-75.5462
23143	-75.5211
23144	-75.5985
23145	-75.4687
23146	-75.2826
23147	-75.2244
23148	-75.405
23149	-75.7221
23150	-75.5862
23151	-75.3996
23152	-75.4712
23153	-75.4136
23154	-75.9626
23155	-75.6082
23156	-75.7729
23157	-75.8241
23158	-75.8594
23159	-75.7058
23160	-75.4415
23161	-75.4868
23162	-75.7299
23163	-75.8064
23164	-75.6214
23165	-75.3276
23166	-75.4501
23167	-75.3223
23168	-75.04
23169	-75.0737
23170	-75.3062
23171	-75.6694
23172	-75.8554
23173	-75.8189
23174	-75.3171
23175	-74.8788
23176	-74.5943
23177	-74.863
23178	-75.3354
23179	-75.3426
23180	-75.6895
23181	-75.3636
23182	-75.3026
23183	-75.2557
23184	-75.2117
23185	-75.4682
23186	-75.6187
23187	-75.7091
23188	-75.5646
23189	-75.7052
23190	-75.749
23191	-75.6396
23192	-75.5275
23193	-75.5565
23194	-75.6069
23195	-75.6582
23196	-75.5648
23197	-75.6788
23198	-75.5929
23199	-75.336
23200	-75.4264
23201	-75.4622
23202	-75.5778
23203	-75.423
23204	-75.4258
23205	-75.4234
23206	-75.3746
23207	-75.107
23208	-75.7362
23209	-75.7661
23210	-76.1921
23211	-75.8766
23212	-75.5784
23213	-75.3381
23214	-75.1291
23215	-75.4503
23216	-75.9334
23217	-76.0669
23218	-75.7326
23219	-75.1183
23220	-75.4727
23221	-75.7113
23222	-75.3647
23223	-75.0334
23224	-75.2589
23225	-75.38
23226	-75.6717
23227	-75.8228
23228	-75.6844
23229	-75.7005
23230	-75.6625
23231	-75.3948
23232	-75.3629
23233	-75.7877
23234	-75.7173
23235	-75.7141
23236	-75.5637
23237	-75.6392
23238	-75.4819
23239	-75.22
23240	-75.2333
23241	-75.1288
23242	-75.2215
23243	-75.5155
23244	-75.7408
23245	-75.7286
23246	-75.477
23247	-75.6309
23248	-75.3123
23249	-75.005
23250	-75.4644
23251	-75.1676
23252	-75.3089
23253	-75.181
23254	-75.4672
23255	-75.7985
23256	-75.5152
23257	-75.5411
23258	-75.3089
23259	-75.3127
23260	-75.2512
23261	-75.4127
23262	-75.2684
23263	-75.4425
23264	-75.1995
23265	-75.2029
23266	-75.4028
23267	-75.3167
23268	-75.5323
23269	-75.5528
23270	-75.5387
23271	-75.3426
23272	-75.4382
23273	-75.8285
23274	-75.5
23275	-75.4465
23276	-75.454
23277	-75.9829
23278	-75.4513
23279	-75.6064
23280	-75.6854
23281	-75.6932
23282	-75.6748
23283	-75.2304
23284	-75.5181
23285	-75.4063
23286	-75.353
23287	-75.5079
23288	-75.6384
23289	-76.0305
23290	-75.6513
23291	-75.8802
23292	-76.2318
23293	-75.7364
23294	-75.7351
23295	-75.8041
23296	-75.9218
23297	-75.6736
23298	-75.4302
23299	-75.3139
23300	-75.5522
23301	-75.7197
23302	-75.3489
23303	-75.6609
23304	-75.2203
23305	-74.9553
23306	-75.7214
23307	-75.3136
23308	-75.5508
23309	-75.6847
23310	-75.1793
23311	-75.5505
23312	-75.5002
23313	-75.5437
23314	-75.577
23315	-75.3572
23316	-75.5991
23317	-75.3855
23318	-75.2203
23319	-75.3001
23320	-75.428
23321	-75.2137
23322	-75.1136
23323	-75.4853
23324	-75.5366
23325	-75.629
23326	-75.4767
23327	-75.6676
23328	-75.6988
23329	-75.0695
23330	-74.8602
23331	-75.2082
23332	-75.466
23333	-75.7468
23334	-75.6901
23335	-75.4447
23336	-75.4891
23337	-75.5017
23338	-75.4675
23339	-75.497
23340	-75.5631
23341	-75.3368
23342	-75.5447
23343	-75.454
23344	-75.3431
23345	-75.1795
23346	-75.4214
23347	-75.6071
23348	-75.733
23349	-75.7967
23350	-76.1073
23351	-75.7151
23352	-75.5752
23353	-75.9127
23354	-75.6872
23355	-75.8784
23356	-75.6114
23357	-75.0887
23358	-75.6467
23359	-75.8421
23360	-75.7498
23361	-75.5518
23362	-75.8231
23363	-75.8656
23364	-75.3787
23365	-75.5009
23366	-75.2827
23367	-75.2508
23368	-75.1827
23369	-75.4979
23370	-75.471
23371	-75.5318
23372	-75.9733
23373	-75.534
23374	-75.8789
23375	-75.8683
23376	-75.5165
23377	-75.6163
23378	-75.432
23379	-75.4827
23380	-75.6232
23381	-75.5846
23382	-75.1874
23383	-75.078
23384	-75.3098
23385	-75.3363
23386	-75.629
23387	-75.7819
23388	-75.5066
23389	-75.645
23390	-75.4075
23391	-75.2233
23392	-74.8691
23393	-75.1263
23394	-75.6006
23395	-75.5208
23396	-75.5717
23397	-75.4242
23398	-75.7285
23399	-75.6598
23400	-75.6364
23401	-75.4295
23402	-75.62
23403	-75.7097
23404	-75.4741
23405	-75.3206
23406	-75.513
23407	-75.4873
23408	-75.977
23409	-75.9227
23410	-75.1767
23411	-75.3409
23412	-75.5141
23413	-75.5725
23414	-75.5494
23415	-75.5567
23416	-75.4405
23417	-75.6559
23418	-75.7709
23419	-75.8611
23420	-75.5489
23421	-75.2548
23422	-75.7362
23423	-75.9069
23424	-75.8315
23425	-75.3956
23426	-75.3839
23427	-75.1189
23428	-75.1445
23429	-75.6619
23430	-75.1573
23431	-75.3981
23432	-75.8892
23433	-75.2665
23434	-75.5612
23435	-75.5637
23436	-75.7853
23437	-75.7874
23438	-75.7318
23439	-75.7996
23440	-75.7154
23441	-75.7592
23442	-76.343
23443	-76.0183
23444	-75.612
23445	-75.7393
23446	-75.7468
23447	-75.6035
23448	-75.1823
23449	-75.3995
23450	-75.5146
23451	-75.2836
23452	-75.7347
23453	-75.9387
23454	-75.5428
23455	-75.1498
23456	-75.3557
23457	-75.9136
23458	-75.6983
23459	-75.327
23460	-75.6221
23461	-75.5143
23462	-75.6839
23463	-75.585
23464	-75.4852
23465	-75.7412
23466	-75.7252
23467	-75.8906
23468	-76.0762
23469	-75.9507
23470	-75.4499
23471	-75.4909
23472	-75.8837
23473	-75.9656
23474	-75.4063
23475	-75.3701
23476	-75.6231
23477	-75.2662
23478	-75.358
23479	-75.3274
23480	-75.513
23481	-75.769
23482	-75.4751
23483	-75.7535
23484	-75.8495
23485	-75.7362
23486	-75.3566
23487	-75.5459
23488	-75.4652
23489	-75.3868
23490	-75.5219
23491	-75.5589
23492	-75.3211
23493	-75.582
23494	-75.4467
23495	-75.7065
23496	-75.5217
23497	-75.5197
23498	-75.6546
23499	-75.6863
23500	-75.6748
23501	-75.2671
23502	-75.3113
23503	-75.6544
23504	-75.4411
23505	-75.6496
23506	-75.3215
23507	-75.5356
23508	-75.7502
23509	-75.8602
23510	-75.5039
23511	-75.4166
23512	-75.6432
23513	-75.5626
23514	-75.7323
23515	-76.1916
23516	-75.6065
23517	-75.2784
23518	-75.7424
23519	-75.7473
23520	-75.7131
23521	-75.6452
23522	-75.5858
23523	-75.2175
23524	-75.0652
23525	-75.3973
23526	-75.7925
23527	-75.7093
23528	-75.2671
23529	-75.1783
23530	-75.1183
23531	-75.4353
23532	-75.1361
23533	-75.1241
23534	-75.8421
23535	-75.7493
23536	-75.575
23537	-75.2571
23538	-75.3112
23539	-75.1906
23540	-75.6264
23541	-75.5776
23542	-75.4813
23543	-75.6688
23544	-74.7916
23545	-74.9693
23546	-75.3825
23547	-75.5837
23548	-75.6458
23549	-75.6278
23550	-75.415
23551	-74.9785
23552	-75.3566
23553	-75.7265
23554	-75.4169
23555	-75.4863
23556	-75.9187
23557	-75.7529
23558	-75.6861
23559	-75.6732
23560	-75.8888
23561	-75.5147
23562	-75.1379
23563	-75.7518
23564	-75.7401
23565	-75.7627
23566	-75.4547
23567	-75.7491
23568	-75.2994
23569	-75.4377
23570	-75.275
23571	-75.3317
23572	-75.3189
23573	-75.5679
23574	-75.5724
23575	-75.5893
23576	-75.9773
23577	-75.7037
23578	-75.4879
23579	-75.7333
23580	-75.8024
23581	-75.7634
23582	-75.4838
23583	-75.525
23584	-75.877
23585	-75.5061
23586	-75.7753
23587	-75.8315
23588	-76.059
23589	-75.7718
23590	-75.7185
23591	-75.2045
23592	-75.2696
23593	-75.2694
23594	-75.3838
23595	-75.3038
23596	-75.3915
23597	-75.1252
23598	-75.533
23599	-75.3975
23600	-75.1875
23601	-75.4284
23602	-75.8614
23603	-75.5166
23604	-75.0631
23605	-75.1497
23606	-75.3455
23607	-75.2205
23608	-75.8265
23609	-75.781
23610	-75.5896
23611	-75.6394
23612	-75.4591
23613	-75.4815
23614	-75.3592
23615	-75.532
23616	-75.4592
23617	-75.5896
23618	-75.9845
23619	-75.7318
23620	-75.5372
23621	-75.7805
23622	-75.5479
23623	-75.1523
23624	-75.2706
23625	-75.4153
23626	-75.6269
23627	-75.3877
23628	-75.6192
23629	-75.8802
23630	-75.8413
23631	-75.7861
23632	-75.5448
23633	-75.2773
23634	-75.6424
23635	-75.4846
23636	-75.4473
23637	-75.5787
23638	-75.3627
23639	-75.0751
23640	-75.8125
23641	-75.6507
23642	-75.2302
23643	-75.6512
23644	-75.7206
23645	-76.2354
23646	-76.0161
23647	-75.7962
23648	-75.8321
23649	-75.7468
23650	-75.7112
23651	-75.9506
23652	-75.5732
23653	-75.2176
23654	-75.4186
23655	-75.4507
23656	-75.5466
23657	-75.7043
23658	-75.7507
23659	-75.56
23660	-75.9073
23661	-75.5555
23662	-75.5358
23663	-75.3799
23664	-75.6805
23665	-75.4254
23666	-75.8176
23667	-76.1269
23668	-75.8998
23669	-75.7377
23670	-75.8927
23671	-75.7128
23672	-75.4869
23673	-75.6641
23674	-75.7665
23675	-75.4153
23676	-75.4603
23677	-75.568
23678	-75.1777
23679	-75.4973
23680	-75.2432
23681	-75.1168
23682	-75.308
23683	-75.6812
23684	-75.8472
23685	-75.3885
23686	-75.288
23687	-75.5132
23688	-75.8754
23689	-75.9665
23690	-75.746
23691	-75.7693
23692	-75.6073
23693	-75.6995
23694	-75.8814
23695	-75.7071
23696	-75.5445
23697	-75.7246
23698	-75.5211
23699	-75.3529
23700	-75.1763
23701	-75.265
23702	-74.997
23703	-75.5718
23704	-75.7372
23705	-75.5711
23706	-75.976
23707	-75.9256
23708	-75.7876
23709	-75.4137
23710	-75.1824
23711	-75.3968
23712	-75.4571
23713	-75.5633
23714	-75.7283
23715	-75.584
23716	-75.2942
23717	-75.4612
23718	-75.646
23719	-75.4261
23720	-75.6996
23721	-75.7275
23722	-75.7056
23723	-75.8373
23724	-76.0372
23725	-75.46
23726	-75.4806
23727	-75.6955
23728	-75.5951
23729	-75.5279
23730	-75.3941
23731	-75.4193
23732	-75.5319
23733	-75.3427
23734	-75.5565
23735	-75.6813
23736	-75.7721
23737	-75.2944
23738	-75.6404
23739	-75.6021
23740	-75.6124
23741	-75.8079
23742	-75.2248
23743	-75.4095
23744	-75.0859
23745	-75.2947
23746	-75.5379
23747	-75.7977
23748	-75.986
23749	-75.9288
23750	-75.4551
23751	-75.8331
23752	-75.9437
23753	-75.8772
23754	-76.1286
23755	-75.801
23756	-75.9587
23757	-75.8376
23758	-75.7648
23759	-75.363
23760	-75.5686
23761	-75.7015
23762	-75.7484
23763	-75.7309
23764	-75.9608
23765	-76.2687
23766	-75.3738
23767	-75.1668
23768	-75.5904
23769	-75.4711
23770	-75.5243
23771	-75.3959
23772	-75.5417
23773	-75.8301
23774	-75.7325
23775	-75.4974
23776	-75.4337
23777	-75.5609
23778	-76.0092
23779	-75.717
23780	-75.7176
23781	-75.5838
23782	-75.5434
23783	-75.4744
23784	-75.6402
23785	-75.5525
23786	-75.4505
23787	-75.6933
23788	-75.3977
23789	-75.252
23790	-75.0093
23791	-75.2307
23792	-75.4697
23793	-75.7557
23794	-75.2987
23795	-75.0644
23796	-75.2522
23797	-75.7861
23798	-75.7803
23799	-75.5822
23800	-75.5607
23801	-75.7343
23802	-75.8775
23803	-75.59
23804	-75.4221
23805	-75.7705
23806	-75.9472
23807	-75.8546
23808	-75.663
23809	-75.6062
23810	-75.3172
23811	-74.8982
23812	-75.3323
23813	-75.4804
23814	-75.5999
23815	-76.0643
23816	-75.4143
23817	-75.2093
23818	-75.5518
23819	-75.4079
23820	-75.3433
23821	-75.7337
23822	-75.5701
23823	-75.7235
23824	-75.7764
23825	-75.5
23826	-75.5314
23827	-75.2485
23828	-75.5357
23829	-75.7003
23830	-75.6913
23831	-75.2326
23832	-75.4387
23833	-75.3068
23834	-75.3048
23835	-75.4056
23836	-75.6496
23837	-75.8948
23838	-75.7422
23839	-75.5642
23840	-75.4521
23841	-75.8009
23842	-75.6247
23843	-75.6559
23844	-75.4627
23845	-75.4186
23846	-75.878
23847	-75.7938
23848	-75.5278
23849	-75.3768
23850	-75.2375
23851	-75.4635
23852	-75.8358
23853	-75.6717
23854	-75.516
23855	-75.5433
23856	-75.8747
23857	-75.9567
23858	-75.4386
23859	-75.5235
23860	-75.3032
23861	-75.6755
23862	-75.7082
23863	-75.7532
23864	-75.6498
23865	-75.8342
23866	-75.7761
23867	-75.3922
23868	-75.3242
23869	-75.6219
23870	-75.5791
23871	-75.7155
23872	-75.634
23873	-75.3943
23874	-75.4755
23875	-75.3527
23876	-75.0145
23877	-74.8098
23878	-75.5929
23879	-75.8152
23880	-75.6267
23881	-75.2069
23882	-75.6077
23883	-75.68
23884	-75.5024
23885	-75.933
23886	-75.4865
23887	-75.894
23888	-75.6502
23889	-75.4997
23890	-75.5744
23891	-75.3523
23892	-75.5704
23893	-75.4104
23894	-75.2425
23895	-75.1958
23896	-75.2519
23897	-75.7694
23898	-75.8706
23899	-75.6386
23900	-75.3434
23901	-75.8895
23902	-75.436
23903	-75.9904
23904	-75.8706
23905	-75.7025
23906	-75.2618
23907	-75.5289
23908	-74.9473
23909	-75.4992
23910	-75.0768
23911	-75.5614
23912	-75.4514
23913	-75.7854
23914	-75.3484
23915	-75.5777
23916	-75.7275
23917	-75.688
23918	-75.5961
23919	-75.9815
23920	-75.7243
23921	-75.4408
23922	-75.8877
23923	-75.5878
23924	-75.6238
23925	-75.7369
23926	-75.8234
23927	-75.7129
23928	-75.6039
23929	-75.6438
23930	-75.8046
23931	-75.4521
23932	-75.6351
23933	-75.5344
23934	-75.4109
23935	-75.5448
23936	-75.8223
23937	-76.001
23938	-75.469
23939	-75.7261
23940	-75.5997
23941	-75.6416
23942	-75.8171
23943	-76.2923
23944	-75.8064
23945	-75.9846
23946	-75.6865
23947	-75.727
23948	-75.3579
23949	-75.3764
23950	-75.7524
23951	-75.8179
23952	-75.9207
23953	-75.5338
23954	-75.5689
23955	-75.0791
23956	-75.4794
23957	-75.797
23958	-75.494
23959	-75.3561
23960	-75.1973
23961	-75.7432
23962	-75.9621
23963	-75.3485
23964	-75.4881
23965	-75.6834
23966	-75.1318
23967	-75.1216
23968	-75.1371
23969	-75.5349
23970	-75.1486
23971	-75.3755
23972	-75.389
23973	-76.0167
23974	-75.795
23975	-75.5314
23976	-75.4468
23977	-75.2376
23978	-75.552
23979	-75.652
23980	-75.6212
23981	-75.3722
23982	-75.2183
23983	-75.0287
23984	-74.9664
23985	-75.3156
23986	-75.2511
23987	-75.2554
23988	-75.3981
23989	-75.7765
23990	-75.4286
23991	-76.0088
23992	-75.6351
23993	-75.2228
23994	-75.3894
23995	-75.3979
23996	-75.6604
23997	-75.6338
23998	-75.7624
23999	-75.7593
24000	-75.6744
24001	-75.3469
24002	-75.1763
24003	-75.2689
24004	-75.2512
24005	-75.6613
24006	-75.3791
24007	-75.2507
24008	-75.6398
24009	-75.9094
24010	-75.3981
24011	-75.5634
24012	-75.4944
24013	-75.5229
24014	-75.2207
24015	-75.5462
24016	-75.5396
24017	-75.7071
24018	-75.7064
24019	-75.8431
24020	-75.7877
24021	-75.4644
24022	-75.4087
24023	-75.4138
24024	-75.1164
24025	-75.1616
24026	-75.3612
24027	-75.7211
24028	-75.5693
24029	-75.5974
24030	-75.7572
24031	-75.3441
24032	-75.7693
24033	-75.907
24034	-75.7204
24035	-75.6923
24036	-75.5798
24037	-75.8014
24038	-75.8214
24039	-75.51
24040	-75.6863
24041	-75.4481
24042	-75.6877
24043	-75.5352
24044	-75.5844
24045	-75.3354
24046	-75.0537
24047	-75.4761
24048	-75.4566
24049	-75.2987
24050	-75.5937
24051	-75.5861
24052	-75.888
24053	-75.9299
24054	-76.1668
24055	-75.4819
24056	-75.6809
24057	-75.3543
24058	-75.2054
24059	-75.4348
24060	-75.4435
24061	-75.5402
24062	-75.3025
24063	-75.4282
24064	-75.4546
24065	-75.8362
24066	-75.7002
24067	-75.4331
24068	-75.402
24069	-75.2789
24070	-75.3912
24071	-75.6333
24072	-75.7568
24073	-75.4959
24074	-75.9195
24075	-75.6437
24076	-75.3215
24077	-74.9124
24078	-75.1992
24079	-75.2616
24080	-75.389
24081	-75.5272
24082	-75.4735
24083	-75.1744
24084	-75.024
24085	-75.0162
24086	-75.3305
24087	-75.7763
24088	-75.5909
24089	-75.6169
24090	-75.4687
24091	-75.3954
24092	-75.7792
24093	-75.5659
24094	-75.5508
24095	-75.6608
24096	-75.8791
24097	-75.9687
24098	-75.5447
24099	-75.8124
24100	-75.6435
24101	-75.8495
24102	-76.0111
24103	-75.5883
24104	-75.3233
24105	-75.5102
24106	-75.2415
24107	-75.1739
24108	-75.2898
24109	-75.0713
24110	-75.2006
24111	-75.2829
24112	-75.6827
24113	-76.0249
24114	-75.8255
24115	-75.8393
24116	-75.4428
24117	-75.3592
24118	-75.6183
24119	-75.8393
24120	-75.5696
24121	-75.2039
24122	-75.6197
24123	-75.9645
24124	-75.9176
24125	-76.0678
24126	-75.5687
24127	-75.6938
24128	-75.5637
24129	-75.3348
24130	-75.4305
24131	-75.4063
24132	-75.6672
24133	-75.3745
24134	-75.651
24135	-75.7299
24136	-75.7905
24137	-75.6606
24138	-76.1305
24139	-75.687
24140	-75.7137
24141	-75.7307
24142	-75.5546
24143	-75.5362
24144	-75.5109
24145	-75.3164
24146	-75.9711
24147	-76.1813
24148	-75.3711
24149	-75.3365
24150	-75.444
24151	-75.3922
24152	-75.5092
24153	-75.377
24154	-75.6067
24155	-75.4976
24156	-75.5874
24157	-75.6968
24158	-75.3292
24159	-75.739
24160	-76.294
24161	-75.885
24162	-75.4973
24163	-75.2775
24164	-75.4889
24165	-75.6269
24166	-75.381
24167	-75.7038
24168	-75.7332
24169	-76.0126
24170	-75.6104
24171	-75.213
24172	-75.5423
24173	-75.5481
24174	-75.6071
24175	-75.3585
24176	-75.3895
24177	-75.5037
24178	-75.4546
24179	-75.5463
24180	-75.758
24181	-75.687
24182	-75.6077
24183	-75.5362
24184	-75.4696
24185	-75.4215
24186	-75.3789
24187	-76.1182
24188	-76.2111
24189	-75.56
24190	-75.2722
24191	-75.425
24192	-75.7085
24193	-75.4086
24194	-75.2971
24195	-75.5637
24196	-75.6231
24197	-75.6892
24198	-75.5548
24199	-75.6984
24200	-75.5431
24201	-75.7336
24202	-75.4183
24203	-75.4884
24204	-75.5016
24205	-75.7781
24206	-76.0426
24207	-76.2578
24208	-75.9684
24209	-75.4018
24210	-75.6466
24211	-75.7017
24212	-75.4801
24213	-75.5139
24214	-75.8954
24215	-75.761
24216	-75.9144
24217	-75.4785
24218	-75.6762
24219	-75.7841
24220	-75.5935
24221	-75.4043
24222	-75.5257
24223	-75.9407
24224	-75.9663
24225	-75.9708
24226	-75.6991
24227	-75.2598
24228	-75.1008
24229	-75.7121
24230	-75.6322
24231	-75.571
24232	-75.3486
24233	-75.4798
24234	-75.8002
24235	-75.4458
24236	-75.0467
24237	-75.2451
24238	-75.4856
24239	-75.4773
24240	-75.9208
24241	-75.4711
24242	-75.2366
24243	-75.5266
24244	-75.4481
24245	-75.116
24246	-75.9117
24247	-76.1308
24248	-75.6596
24249	-75.7616
24250	-75.774
24251	-75.4087
24252	-75.1997
24253	-75.3286
24254	-75.5992
24255	-75.6588
24256	-75.3521
24257	-75.4755
24258	-75.4337
24259	-75.4383
24260	-75.3895
24261	-75.2773
24262	-75.3337
24263	-75.4578
24264	-75.3106
24265	-75.4359
24266	-75.5773
24267	-75.8142
24268	-75.9326
24269	-75.5032
24270	-75.4208
24271	-75.5782
24272	-75.6542
24273	-75.7881
24274	-75.6865
24275	-75.5645
24276	-75.6732
24277	-75.9226
24278	-75.8358
24279	-75.4463
24280	-75.5458
24281	-75.5405
24282	-74.9858
24283	-75.2748
24284	-75.3241
24285	-75.6045
24286	-75.9354
24287	-75.7534
24288	-75.71
24289	-75.6086
24290	-75.3238
24291	-75.5222
24292	-75.5068
24293	-75.6793
24294	-75.4577
24295	-75.4986
24296	-75.8901
24297	-75.5836
24298	-75.389
24299	-75.562
24300	-75.7642
24301	-75.3864
24302	-75.3313
24303	-75.2903
24304	-75.5438
24305	-75.594
24306	-75.771
24307	-75.8851
24308	-75.4486
24309	-75.336
24310	-75.1776
24311	-75.2929
24312	-75.4261
24313	-75.321
24314	-75.1178
24315	-75.2548
24316	-75.7839
24317	-75.8253
24318	-75.6696
24319	-75.5299
24320	-75.0409
24321	-75.532
24322	-75.5594
24323	-75.3132
24324	-75.3343
24325	-74.9529
24326	-75.4061
24327	-75.5608
24328	-75.4797
24329	-75.1725
24330	-75.3196
24331	-75.5507
24332	-75.427
24333	-75.2492
24334	-75.6657
24335	-75.2437
24336	-75.1872
24337	-75.7222
24338	-75.9438
24339	-75.7859
24340	-75.7283
24341	-75.3752
24342	-75.3155
24343	-75.3878
24344	-75.5142
24345	-76.0657
24346	-75.4474
24347	-75.4589
24348	-75.8934
24349	-75.7892
24350	-75.6845
24351	-75.2952
24352	-75.6095
24353	-75.5833
24354	-75.4783
24355	-75.409
24356	-75.2383
24357	-75.7151
24358	-75.3999
24359	-75.6964
24360	-75.9414
24361	-75.7447
24362	-75.5518
24363	-75.3859
24364	-75.6589
24365	-75.4515
24366	-75.1306
24367	-75.3777
24368	-75.4907
24369	-75.7766
24370	-75.3663
24371	-75.3331
24372	-75.5934
24373	-75.7999
24374	-75.412
24375	-75.7897
24376	-75.3787
24377	-75.4252
24378	-75.238
24379	-75.3875
24380	-75.553
24381	-75.546
24382	-75.1952
24383	-75.3988
24384	-75.9547
24385	-75.6239
24386	-75.609
24387	-75.5535
24388	-75.1826
24389	-74.998
24390	-75.5573
24391	-75.552
24392	-75.1645
24393	-74.9566
24394	-75.3752
24395	-75.309
24396	-75.652
24397	-75.6422
24398	-75.6666
24399	-75.483
24400	-75.5422
24401	-75.5104
24402	-75.8148
24403	-75.5382
24404	-75.3075
24405	-75.3563
24406	-75.4141
24407	-75.7495
24408	-75.6258
24409	-75.5534
24410	-75.5036
24411	-75.4561
24412	-75.9875
24413	-75.5829
24414	-75.3604
24415	-75.459
24416	-75.3192
24417	-75.4518
24418	-75.436
24419	-75.5572
24420	-75.4341
24421	-75.4855
24422	-75.5916
24423	-75.856
24424	-75.5977
24425	-75.5279
24426	-75.4763
24427	-75.6102
24428	-75.6492
24429	-75.5197
24430	-75.2946
24431	-75.3393
24432	-75.9027
24433	-75.7857
24434	-75.8667
24435	-75.4865
24436	-75.5913
24437	-75.5863
24438	-75.9897
24439	-75.3557
24440	-75.5898
24441	-75.4702
24442	-75.8212
24443	-75.589
24444	-75.5136
24445	-75.5325
24446	-75.8095
24447	-75.6481
24448	-75.8787
24449	-75.755
24450	-75.6231
24451	-75.1999
24452	-75.0425
24453	-75.4021
24454	-75.9487
24455	-75.5417
24456	-75.564
24457	-76.1081
24458	-76.4582
24459	-76.3025
24460	-75.8609
24461	-75.9653
24462	-75.5911
24463	-75.764
24464	-75.4252
24465	-75.5467
24466	-75.6565
24467	-75.3042
24468	-75.1011
24469	-75.4375
24470	-75.8354
24471	-75.7066
24472	-75.6792
24473	-75.8764
24474	-75.8816
24475	-75.4302
24476	-75.5862
24477	-75.4687
24478	-75.4561
24479	-75.3744
24480	-75.4161
24481	-75.6502
24482	-75.7021
24483	-75.5439
24484	-75.6218
24485	-75.7759
24486	-75.8093
24487	-75.3693
24488	-75.4532
24489	-75.5209
24490	-75.4575
24491	-75.4347
24492	-75.5307
24493	-75.5419
24494	-75.9357
24495	-75.9198
24496	-75.6334
24497	-75.6695
24498	-75.826
24499	-75.7983
24500	-75.611
24501	-75.494
24502	-75.2966
24503	-75.324
24504	-75.7268
24505	-75.7096
24506	-75.7921
24507	-75.6066
24508	-75.2956
24509	-75.1792
24510	-75.109
24511	-75.5986
24512	-75.868
24513	-75.3586
24514	-75.8132
24515	-75.6266
24516	-75.263
24517	-75.159
24518	-76.1976
24519	-75.6403
24520	-75.6723
24521	-76.0491
24522	-75.8977
24523	-75.6157
24524	-75.268
24525	-75.4081
24526	-75.8945
24527	-75.8016
24528	-75.5556
24529	-75.4865
24530	-75.5078
24531	-75.7987
24532	-75.6995
24533	-75.9514
24534	-75.9976
24535	-75.515
24536	-75.5683
24537	-75.6556
24538	-75.6053
24539	-75.5687
24540	-75.6294
24541	-75.5219
24542	-75.5696
24543	-75.3848
24544	-75.2701
24545	-75.6655
24546	-75.6125
24547	-75.5667
24548	-75.3241
24549	-75.7981
24550	-75.5694
24551	-75.3578
24552	-75.1321
24553	-75.5852
24554	-75.4983
24555	-75.5348
24556	-75.162
24557	-75.1409
24558	-75.2069
24559	-75.8467
24560	-76.0831
24561	-75.5466
24562	-75.5675
24563	-75.7019
24564	-75.7782
24565	-75.5589
24566	-75.7155
24567	-75.5719
24568	-75.553
24569	-75.4968
24570	-75.7854
24571	-75.593
24572	-75.737
24573	-75.7263
24574	-75.1919
24575	-75.8379
24576	-75.5761
24577	-75.4925
24578	-75.7144
24579	-75.6809
24580	-75.7865
24581	-75.815
24582	-75.8237
24583	-75.411
24584	-75.5444
24585	-75.767
24586	-75.545
24587	-75.7506
24588	-76.0909
24589	-76.0269
24590	-75.7169
24591	-75.473
24592	-75.8687
24593	-75.6448
24594	-75.6995
24595	-75.7456
24596	-76.0102
24597	-75.4682
24598	-75.352
24599	-75.1909
24600	-75.5036
24601	-75.8405
24602	-75.6307
24603	-75.9537
24604	-76.0974
24605	-75.6686
24606	-75.5611
24607	-75.7978
24608	-75.8174
24609	-76.0562
24610	-75.7748
24611	-75.6716
24612	-75.2243
24613	-75.0126
24614	-75.2837
24615	-75.4507
24616	-75.5472
24617	-76.1312
24618	-75.4437
24619	-75.4901
24620	-75.5088
24621	-75.4779
24622	-75.6898
24623	-75.7324
24624	-75.6712
24625	-75.5983
24626	-75.5557
24627	-75.5952
24628	-75.4076
24629	-75.3554
24630	-75.4531
24631	-75.6659
24632	-75.7543
24633	-75.7689
24634	-75.6583
24635	-75.4945
24636	-75.2118
24637	-75.06
24638	-75.6868
24639	-75.8054
24640	-75.64
24641	-76.0653
24642	-75.7033
24643	-75.6181
24644	-75.1559
24645	-75.4304
24646	-75.4339
24647	-75.5508
24648	-75.3463
24649	-75.6933
24650	-75.7452
24651	-75.6542
24652	-75.518
24653	-75.2901
24654	-75.8386
24655	-75.6557
24656	-75.8491
24657	-75.8501
24658	-75.855
24659	-75.7037
24660	-75.9645
24661	-75.6711
24662	-75.9839
24663	-75.7971
24664	-75.5823
24665	-75.5954
24666	-75.9894
24667	-75.7852
24668	-75.5841
24669	-75.2739
24670	-75.287
24671	-75.9218
24672	-75.5216
24673	-75.1977
24674	-75.3058
24675	-74.8874
24676	-74.9861
24677	-75.2272
24678	-75.1744
24679	-75.5171
24680	-75.747
24681	-75.6604
24682	-75.8862
24683	-75.8665
24684	-75.6458
24685	-76.0479
24686	-75.9581
24687	-75.8995
24688	-75.7797
24689	-75.5502
24690	-75.4535
24691	-75.8955
24692	-76.0159
24693	-75.9222
24694	-75.4818
24695	-75.9696
24696	-75.3483
24697	-74.9203
24698	-75.1447
24699	-75.3796
24700	-75.7115
24701	-75.8134
24702	-75.4298
24703	-75.6005
24704	-75.9314
24705	-75.7671
24706	-75.331
24707	-75.3176
24708	-75.3816
24709	-75.7041
24710	-75.9052
24711	-75.2665
24712	-75.6507
24713	-75.5147
24714	-75.6269
24715	-75.86
24716	-75.5783
24717	-75.3995
24718	-75.5462
24719	-75.7568
24720	-75.3987
24721	-75.0111
24722	-75.3601
24723	-75.7855
24724	-76.1746
24725	-75.4986
24726	-75.4201
24727	-75.7885
24728	-75.6397
24729	-75.533
24730	-75.5639
24731	-75.9099
24732	-76.0435
24733	-75.482
24734	-75.6861
24735	-75.477
24736	-75.2688
24737	-75.0932
24738	-75.053
24739	-75.4198
24740	-75.7276
24741	-75.7399
24742	-75.7333
24743	-75.6885
24744	-75.634
24745	-75.7045
24746	-75.2843
24747	-75.1093
24748	-75.4468
24749	-75.1571
24750	-75.0628
24751	-75.5646
24752	-75.4274
24753	-75.1788
24754	-75.5018
24755	-75.5085
24756	-75.1757
24757	-75.2733
24758	-75.7564
24759	-75.5142
24760	-75.9072
24761	-75.5755
24762	-74.9875
24763	-75.2621
24764	-75.7118
24765	-75.5729
24766	-75.9613
24767	-75.9868
24768	-76.1625
24769	-75.939
24770	-75.7199
24771	-75.5342
24772	-75.7572
24773	-75.649
24774	-75.5855
24775	-75.7249
24776	-75.811
24777	-75.7625
24778	-75.421
24779	-75.1294
24780	-75.4684
24781	-75.3781
24782	-75.6267
24783	-75.3537
24784	-75.718
24785	-75.718
24786	-75.5938
24787	-75.5515
24788	-76.0059
24789	-76.0713
24790	-75.7357
24791	-75.4382
24792	-75.7889
24793	-75.7659
24794	-75.3327
24795	-75.3949
24796	-75.3685
24797	-75.4882
24798	-75.7677
24799	-75.7058
24800	-75.7834
24801	-75.6589
24802	-76.0299
24803	-75.1933
24804	-75.004
24805	-75.3292
24806	-75.1869
24807	-75.6368
24808	-75.5456
24809	-75.3328
24810	-75.3046
24811	-75.39
24812	-75.4836
24813	-75.1614
24814	-75.7858
24815	-75.7071
24816	-75.7142
24817	-75.4806
24818	-75.0941
24819	-75.587
24820	-75.8097
24821	-75.5123
24822	-75.7142
24823	-75.5838
24824	-75.4528
24825	-75.3689
24826	-75.7577
24827	-75.2788
24828	-75.0321
24829	-75.5067
24830	-75.9659
24831	-75.8224
24832	-75.7724
24833	-75.5391
24834	-75.2738
24835	-75.231
24836	-75.2185
24837	-75.2811
24838	-75.2715
24839	-75.0881
24840	-75.9519
24841	-75.9145
24842	-75.7183
24843	-75.3493
24844	-75.4542
24845	-75.4897
24846	-75.9135
24847	-75.8974
24848	-75.7293
24849	-75.4964
24850	-75.5592
24851	-75.626
24852	-76.0496
24853	-75.4455
24854	-75.3973
24855	-75.0281
24856	-75.368
24857	-75.6635
24858	-75.6623
24859	-75.8825
24860	-76.1433
24861	-75.9297
24862	-75.6712
24863	-75.6983
24864	-75.6858
24865	-75.2881
24866	-75.6767
24867	-75.4232
24868	-75.7254
24869	-75.6751
24870	-75.5889
24871	-75.4563
24872	-75.5574
24873	-76.0616
24874	-75.7241
24875	-75.7325
24876	-75.8497
24877	-76.1313
24878	-75.584
24879	-75.1196
24880	-75.5686
24881	-75.6147
24882	-75.5658
24883	-75.1743
24884	-75.1243
24885	-75.469
24886	-75.5661
24887	-76.0525
24888	-75.543
24889	-75.5711
24890	-75.665
24891	-75.6331
24892	-75.5978
24893	-75.6004
24894	-75.2732
24895	-75.1669
24896	-75.2037
24897	-75.531
24898	-75.8208
24899	-75.4623
24900	-75.2532
24901	-75.5151
24902	-75.4264
24903	-75.5401
24904	-75.5332
24905	-75.8213
24906	-75.9602
24907	-75.5596
24908	-75.3787
24909	-75.2424
24910	-75.3083
24911	-75.5338
24912	-74.7407
24913	-75.2218
24914	-75.6188
24915	-75.5533
24916	-75.5928
24917	-75.6062
24918	-75.9456
24919	-75.4192
24920	-75.4572
24921	-75.446
24922	-75.4441
24923	-75.5575
24924	-76.0199
24925	-75.9262
24926	-75.7278
24927	-75.4321
24928	-75.3464
24929	-75.4838
24930	-75.543
24931	-75.4011
24932	-75.2873
24933	-75.0877
24934	-75.4538
24935	-75.6173
24936	-75.7497
24937	-75.7125
24938	-75.9847
24939	-75.8338
24940	-75.561
24941	-75.3875
24942	-75.1248
24943	-75.4896
24944	-75.8053
24945	-75.847
24946	-75.5024
24947	-75.4634
24948	-75.2377
24949	-75.4085
24950	-75.7648
24951	-75.4799
24952	-75.3321
24953	-75.365
24954	-75.4205
24955	-75.6082
24956	-75.4867
24957	-75.7508
24958	-75.5031
24959	-75.08
24960	-74.9943
24961	-74.826
24962	-75.0827
24963	-75.1618
24964	-75.3461
24965	-75.599
24966	-75.5684
24967	-75.5595
24968	-75.475
24969	-75.5425
24970	-75.4671
24971	-76.1234
24972	-76.2108
24973	-75.4987
24974	-75.4477
24975	-75.6707
24976	-75.2639
24977	-75.6634
24978	-75.1281
24979	-75.3398
24980	-75.6889
24981	-75.4725
24982	-75.6762
24983	-75.4255
24984	-75.6346
24985	-75.5291
24986	-74.9348
24987	-74.946
24988	-75.1471
24989	-75.3676
24990	-75.5135
24991	-75.8309
24992	-75.496
24993	-75.9059
24994	-76.2675
24995	-75.7141
24996	-75.6032
24997	-75.7761
24998	-75.6233
24999	-75.6086
25000	-75.3888
25001	-75.9615
25002	-75.8558
25003	-75.9982
25004	-75.9527
25005	-75.6498
25006	-75.7161
25007	-75.9861
25008	-75.9756
25009	-75.8012
25010	-75.2372
25011	-74.9921
25012	-75.2943
25013	-75.4436
25014	-75.7484
25015	-76.0351
25016	-75.4107
25017	-75.2815
25018	-75.9928
25019	-76.0384
25020	-75.5181
25021	-75.6319
25022	-76.0144
25023	-75.9287
25024	-75.3712
25025	-75.3407
25026	-75.363
25027	-75.1708
25028	-75.1599
25029	-75.6865
25030	-75.6436
25031	-75.7085
25032	-75.4027
25033	-75.2942
25034	-75.6428
25035	-75.8635
25036	-75.7527
25037	-75.7723
25038	-75.1231
25039	-75.3221
25040	-75.5601
25041	-75.9614
25042	-75.497
25043	-75.0957
25044	-75.4995
25045	-76.1035
25046	-75.4607
25047	-75.5803
25048	-75.3813
25049	-75.5414
25050	-75.9211
25051	-75.7905
25052	-75.7092
25053	-76.0674
25054	-76.0432
25055	-75.8725
25056	-75.5909
25057	-75.9503
25058	-75.6402
25059	-75.5731
25060	-75.779
25061	-75.4312
25062	-75.582
25063	-75.813
25064	-75.9427
25065	-75.5829
25066	-75.7435
25067	-75.4422
25068	-75.4306
25069	-75.6431
25070	-75.7876
25071	-75.4879
25072	-75.1314
25073	-75.4787
25074	-75.8568
25075	-75.5826
25076	-75.1161
25077	-75.3664
25078	-75.5121
25079	-75.7977
25080	-75.7845
25081	-75.6711
25082	-75.6425
25083	-75.1054
25084	-75.239
25085	-75.4768
25086	-75.795
25087	-75.664
25088	-75.9408
25089	-75.3509
25090	-75.6947
25091	-75.7007
25092	-75.618
25093	-75.7071
25094	-75.7092
25095	-75.5563
25096	-75.4539
25097	-75.7101
25098	-75.3482
25099	-75.1476
25100	-75.2347
25101	-75.7809
25102	-75.6258
25103	-75.0256
25104	-75.7619
25105	-75.679
25106	-75.9367
25107	-75.7097
25108	-75.5958
25109	-75.6574
25110	-75.3955
25111	-75.2726
25112	-75.2053
25113	-75.6412
25114	-75.6243
25115	-75.9847
25116	-75.5939
25117	-75.1967
25118	-75.3397
25119	-75.6692
25120	-75.5952
25121	-76.057
25122	-76.4383
25123	-75.6612
25124	-75.7244
25125	-75.5469
25126	-75.3675
25127	-74.9803
25128	-75.4712
25129	-75.708
25130	-75.9659
25131	-75.0817
25132	-75.1649
25133	-75.8907
25134	-75.7436
25135	-75.6711
25136	-75.5008
25137	-75.4139
25138	-75.4546
25139	-75.2467
25140	-75.6521
25141	-75.0945
25142	-75.2647
25143	-75.6202
25144	-75.6956
25145	-75.5676
25146	-75.7518
25147	-75.7906
25148	-75.8551
25149	-75.6404
25150	-75.0967
25151	-75.5882
25152	-75.8586
25153	-75.6078
25154	-75.2924
25155	-75.5515
25156	-75.6021
25157	-75.7134
25158	-75.9601
25159	-75.8431
25160	-75.6844
25161	-75.4786
25162	-75.586
25163	-75.2778
25164	-75.2445
25165	-75.6569
25166	-75.2647
25167	-75.1763
25168	-75.635
25169	-76.0085
25170	-75.6378
25171	-75.5602
25172	-75.6796
25173	-75.7675
25174	-75.274
25175	-75.3027
25176	-75.5598
25177	-75.9004
25178	-76.1318
25179	-76.0348
25180	-75.3214
25181	-75.6251
25182	-76.0192
25183	-75.9131
25184	-75.7955
25185	-75.4439
25186	-75.5814
25187	-75.7727
25188	-75.8152
25189	-75.8368
25190	-75.626
25191	-75.3525
25192	-75.6915
25193	-75.4761
25194	-75.3501
25195	-76.075
25196	-75.6538
25197	-75.6622
25198	-75.9068
25199	-75.6531
25200	-75.5824
25201	-75.4971
25202	-75.9051
25203	-76.0437
25204	-75.5878
25205	-75.4297
25206	-75.4476
25207	-75.4094
25208	-75.7602
25209	-75.7271
25210	-75.6439
25211	-75.6437
25212	-75.8381
25213	-75.8085
25214	-75.6567
25215	-75.6235
25216	-75.6658
25217	-75.1718
25218	-75.234
25219	-75.5218
25220	-75.3587
25221	-75.3822
25222	-75.4823
25223	-76.1216
25224	-75.8871
25225	-75.7392
25226	-75.5666
25227	-75.8671
25228	-75.7793
25229	-75.7988
25230	-76.0458
25231	-75.8253
25232	-75.6834
25233	-75.9761
25234	-75.7513
25235	-75.7019
25236	-75.8982
25237	-75.6921
25238	-75.2966
25239	-75.1559
25240	-75.1164
25241	-75.3993
25242	-75.4602
25243	-75.4266
25244	-75.3904
25245	-75.1828
25246	-75.4712
25247	-75.4507
25248	-75.7487
25249	-75.5565
25250	-75.7241
25251	-75.436
25252	-75.3311
25253	-75.3674
25254	-75.5232
25255	-75.7505
25256	-75.9476
25257	-76.0062
25258	-75.9426
25259	-75.9031
25260	-75.9745
25261	-75.8573
25262	-75.5207
25263	-76.1692
25264	-76.1757
25265	-76.0577
25266	-75.6346
25267	-75.4943
25268	-75.7278
25269	-75.4328
25270	-75.2566
25271	-75.5772
25272	-75.8223
25273	-76.1593
25274	-75.6437
25275	-75.5021
25276	-75.4549
25277	-75.8299
25278	-75.6349
25279	-75.6418
25280	-75.7557
25281	-75.3684
25282	-75.2657
25283	-75.5278
25284	-75.8441
25285	-76.1697
25286	-75.8544
25287	-76.0847
25288	-75.7639
25289	-75.835
25290	-75.335
25291	-75.4148
25292	-75.2492
25293	-75.4062
25294	-75.5873
25295	-75.9729
25296	-76.0122
25297	-75.6049
25298	-75.6171
25299	-75.8953
25300	-75.3808
25301	-75.5654
25302	-75.5909
25303	-75.2924
25304	-75.7032
25305	-75.7136
25306	-75.7891
25307	-75.5378
25308	-75.4348
25309	-75.5963
25310	-75.4957
25311	-75.5913
25312	-75.5382
25313	-75.4876
25314	-75.8263
25315	-75.6733
25316	-75.5016
25317	-76.1488
25318	-76.0813
25319	-75.8458
25320	-75.9405
25321	-76.119
25322	-75.7783
25323	-75.583
25324	-75.5045
25325	-75.2024
25326	-75.3696
25327	-75.8879
25328	-75.7618
25329	-75.522
25330	-74.9697
25331	-75.5801
25332	-76.1683
25333	-75.8169
25334	-75.5305
25335	-75.7879
25336	-75.7008
25337	-75.1649
25338	-75.1852
25339	-75.7613
25340	-75.5688
25341	-75.5318
25342	-75.5303
25343	-75.3946
25344	-75.2295
25345	-75.6161
25346	-75.6753
25347	-75.4642
25348	-75.26
25349	-75.4011
25350	-75.3065
25351	-75.6148
25352	-75.8796
25353	-75.5935
25354	-75.7553
25355	-75.8391
25356	-75.6425
25357	-75.4016
25358	-75.266
25359	-75.0282
25360	-75.5712
25361	-75.719
25362	-76.0252
25363	-75.985
25364	-75.5358
25365	-75.6784
25366	-75.3736
25367	-75.3352
25368	-76.0123
25369	-75.9844
25370	-75.5893
25371	-75.2552
25372	-75.4132
25373	-75.5237
25374	-75.5185
25375	-75.9104
25376	-75.6382
25377	-75.4787
25378	-75.6312
25379	-75.6742
25380	-75.6131
25381	-75.6314
25382	-75.5268
25383	-75.2512
25384	-75.4131
25385	-75.8187
25386	-75.6997
25387	-75.2144
25388	-75.4275
25389	-75.8759
25390	-75.2576
25391	-75.266
25392	-75.6162
25393	-75.3925
25394	-75.4739
25395	-75.5368
25396	-75.1982
25397	-75.0831
25398	-75.3618
25399	-75.6059
25400	-75.3974
25401	-75.8537
25402	-76.1606
25403	-75.5415
25404	-75.4474
25405	-75.8691
25406	-75.6567
25407	-75.3406
25408	-75.2601
25409	-75.7458
25410	-75.4348
25411	-75.5534
25412	-75.4022
25413	-75.9204
25414	-75.8862
25415	-75.3518
25416	-75.4811
25417	-75.5877
25418	-75.4946
25419	-75.5256
25420	-75.6105
25421	-75.3914
25422	-75.7674
25423	-75.7581
25424	-76.0568
25425	-75.9427
25426	-75.9546
25427	-75.4551
25428	-75.5274
25429	-75.756
25430	-76.0178
25431	-75.9524
25432	-75.4985
25433	-75.5498
25434	-75.81
25435	-75.9877
25436	-75.6803
25437	-75.0581
25438	-75.0713
25439	-75.6219
25440	-75.4254
25441	-75.9987
25442	-75.5424
25443	-75.9053
25444	-75.3152
25445	-75.2628
25446	-75.1053
25447	-75.2726
25448	-75.3384
25449	-75.7656
25450	-75.9982
25451	-75.6359
25452	-75.6344
25453	-75.5065
25454	-75.7547
25455	-75.7921
25456	-76.0947
25457	-75.893
25458	-75.5283
25459	-75.8211
25460	-75.6635
25461	-75.3453
25462	-75.8216
25463	-75.8671
25464	-75.582
25465	-75.4557
25466	-75.6558
25467	-75.7082
25468	-75.4746
25469	-75.8992
25470	-75.5486
25471	-75.6396
25472	-75.1485
25473	-75.1745
25474	-75.7268
25475	-75.5932
25476	-75.6065
25477	-75.1005
25478	-75.6847
25479	-76.1173
25480	-75.2545
25481	-75.2742
25482	-75.7403
25483	-75.6614
25484	-75.8759
25485	-75.2587
25486	-75.3406
25487	-75.561
25488	-75.5165
25489	-75.4579
25490	-75.6468
25491	-75.4142
25492	-75.2996
25493	-75.4917
25494	-74.8801
25495	-75.4228
25496	-75.5307
25497	-75.6563
25498	-75.8172
25499	-75.6238
25500	-75.3351
25501	-75.6484
25502	-75.6536
25503	-75.6794
25504	-75.4892
25505	-76.025
25506	-75.8275
25507	-75.4169
25508	-75.4591
25509	-75.4474
25510	-75.3634
25511	-75.5368
25512	-75.4551
25513	-75.1244
25514	-75.0313
25515	-75.679
25516	-75.8688
25517	-75.3755
25518	-75.1405
25519	-75.2659
25520	-75.7556
25521	-76.1513
25522	-75.4509
25523	-75.6576
25524	-75.8659
25525	-75.2795
25526	-75.0978
25527	-75.0319
25528	-74.9386
25529	-75.5101
25530	-75.7752
25531	-75.6559
25532	-75.5188
25533	-75.7779
25534	-75.7468
25535	-75.5585
25536	-75.4789
25537	-75.2523
25538	-75.1213
25539	-75.0538
25540	-75.7053
25541	-75.8031
25542	-75.9124
25543	-75.5799
25544	-75.7034
25545	-75.7657
25546	-75.946
25547	-75.6649
25548	-75.5512
25549	-75.6935
25550	-75.6204
25551	-75.3745
25552	-75.0981
25553	-75.4455
25554	-75.5993
25555	-75.8503
25556	-75.5944
25557	-75.6609
25558	-75.759
25559	-75.7651
25560	-75.7598
25561	-75.9103
25562	-75.6712
25563	-75.5457
25564	-75.2119
25565	-75.5772
25566	-75.5347
25567	-75.5205
25568	-75.6485
25569	-75.8038
25570	-75.6881
25571	-75.5356
25572	-75.6762
25573	-75.1562
25574	-75.4217
25575	-75.2997
25576	-75.3611
25577	-76.0355
25578	-75.996
25579	-75.9764
25580	-75.2757
25581	-75.1208
25582	-75.3871
25583	-75.8262
25584	-75.8591
25585	-75.5958
25586	-75.2459
25587	-75.2288
25588	-75.6933
25589	-75.7818
25590	-75.6679
25591	-75.2595
25592	-75.004
25593	-75.262
25594	-75.2193
25595	-75.6396
25596	-75.715
25597	-75.4649
25598	-75.6125
25599	-75.3269
25600	-75.4264
25601	-75.5142
25602	-75.7079
25603	-75.4885
25604	-75.7067
25605	-75.5999
25606	-75.0718
25607	-75.3058
25608	-75.0781
25609	-75.1889
25610	-75.9698
25611	-76.0177
25612	-75.9972
25613	-76.0223
25614	-75.7506
25615	-75.4069
25616	-75.2267
25617	-75.5124
25618	-75.6568
25619	-75.7107
25620	-75.1958
25621	-75.574
25622	-75.8325
25623	-75.3093
25624	-75.1646
25625	-75.5636
25626	-75.6051
25627	-76.1751
25628	-75.7493
25629	-75.5053
25630	-75.7413
25631	-75.4643
25632	-75.4905
25633	-75.238
25634	-75.5892
25635	-75.4256
25636	-75.4783
25637	-75.316
25638	-75.9471
25639	-75.997
25640	-75.7964
25641	-75.7446
25642	-75.9545
25643	-75.5669
25644	-75.4798
25645	-75.7145
25646	-75.6029
25647	-75.4944
25648	-75.5942
25649	-75.5901
25650	-75.7718
25651	-75.6632
25652	-75.5238
25653	-76.0127
25654	-75.4943
25655	-75.4723
25656	-75.3812
25657	-75.2243
25658	-75.1889
25659	-75.6235
25660	-75.5436
25661	-75.6092
25662	-75.5768
25663	-75.4925
25664	-75.4951
25665	-75.6845
25666	-75.6645
25667	-75.812
25668	-75.6121
25669	-75.3595
25670	-75.3855
25671	-75.2861
25672	-75.4768
25673	-75.9019
25674	-75.8651
25675	-75.55
25676	-75.4515
25677	-75.7143
25678	-76.1539
25679	-75.8532
25680	-75.5308
25681	-75.5585
25682	-75.5491
25683	-75.5534
25684	-75.4527
25685	-75.4571
25686	-75.8557
25687	-75.9755
25688	-75.9293
25689	-75.575
25690	-75.5685
25691	-75.7017
25692	-75.5944
25693	-75.4378
25694	-75.8625
25695	-75.5258
25696	-75.7874
25697	-75.4751
25698	-75.2735
25699	-75.8002
25700	-75.8303
25701	-75.3111
25702	-75.3635
25703	-75.9567
25704	-75.7138
25705	-75.7049
25706	-75.8632
25707	-75.6567
25708	-75.4899
25709	-75.5031
25710	-75.939
25711	-75.7086
25712	-75.3789
25713	-75.7065
25714	-75.8257
25715	-75.9218
25716	-75.6128
25717	-75.7073
25718	-75.8305
25719	-76.1037
25720	-76.1436
25721	-75.7709
25722	-75.4841
25723	-75.4807
25724	-75.6653
25725	-75.9397
25726	-76.0035
25727	-75.6398
25728	-75.5382
25729	-75.4158
25730	-75.4271
25731	-76.1401
25732	-75.8383
25733	-75.4149
25734	-75.7189
25735	-75.792
25736	-75.7472
25737	-75.6493
25738	-75.544
25739	-75.5546
25740	-75.7314
25741	-75.6565
25742	-75.8632
25743	-75.8566
25744	-75.8317
25745	-75.8236
25746	-75.7837
25747	-75.6597
25748	-75.5709
25749	-75.69
25750	-75.3815
25751	-75.6627
25752	-75.7977
25753	-75.7386
25754	-75.7066
25755	-75.9401
25756	-75.9075
25757	-75.5756
25758	-75.7293
25759	-75.7359
25760	-76.1802
25761	-75.8844
25762	-75.8264
25763	-75.4758
25764	-75.5862
25765	-75.2717
25766	-75.0464
25767	-75.3373
25768	-75.2915
25769	-75.4754
25770	-75.6038
25771	-75.3404
25772	-75.5421
25773	-75.6525
25774	-75.8489
25775	-75.6511
25776	-75.3153
25777	-75.4062
25778	-75.2639
25779	-75.6398
25780	-75.5365
25781	-75.5653
25782	-75.9301
25783	-75.8708
25784	-75.6197
25785	-75.5265
25786	-75.5272
25787	-75.4546
25788	-75.3165
25789	-75.1926
25790	-75.752
25791	-75.538
25792	-75.441
25793	-75.4738
25794	-75.1294
25795	-75.4619
25796	-75.5164
25797	-75.5875
25798	-75.8481
25799	-75.6853
25800	-75.5384
25801	-75.3236
25802	-75.549
25803	-75.7952
25804	-75.2993
25805	-75.6118
25806	-75.8837
25807	-75.2973
25808	-75.1344
25809	-74.9131
25810	-75.073
25811	-75.2345
25812	-75.6365
25813	-75.5846
25814	-75.3412
25815	-75.4409
25816	-75.4832
25817	-75.4965
25818	-75.565
25819	-75.8304
25820	-75.6407
25821	-75.6192
25822	-75.759
25823	-75.4618
25824	-75.8688
25825	-75.6159
25826	-75.8142
25827	-75.749
25828	-75.6115
25829	-75.2315
25830	-75.4736
25831	-75.5693
25832	-75.6552
25833	-75.3188
25834	-75.727
25835	-76.0656
25836	-75.801
25837	-75.3596
25838	-75.1853
25839	-75.6972
25840	-76.1641
25841	-75.7604
25842	-75.9054
25843	-75.7633
25844	-75.3768
25845	-75.3976
25846	-75.5004
25847	-75.8988
25848	-75.2999
25849	-75.368
25850	-75.7442
25851	-75.6436
25852	-75.4781
25853	-75.4089
25854	-75.4857
25855	-75.1432
25856	-75.4164
25857	-75.7243
25858	-75.6886
25859	-75.779
25860	-75.7671
25861	-75.5131
25862	-75.4022
25863	-74.9505
25864	-74.9589
25865	-75.4129
25866	-75.7019
25867	-75.6786
25868	-76.0971
25869	-75.4519
25870	-75.3873
25871	-75.601
25872	-75.3293
25873	-75.8732
25874	-76.2416
25875	-75.8196
25876	-75.8915
25877	-75.3525
25878	-75.3136
25879	-75.1749
25880	-75.5318
25881	-75.7979
25882	-75.4648
25883	-75.2604
25884	-75.2407
25885	-75.4936
25886	-75.3781
25887	-75.4065
25888	-75.5927
25889	-75.726
25890	-75.6274
25891	-75.948
25892	-75.6721
25893	-75.587
25894	-75.1843
25895	-75.1894
25896	-75.2203
25897	-75.4398
25898	-75.3765
25899	-75.4705
25900	-75.76
25901	-75.976
25902	-75.7424
25903	-75.6017
25904	-75.6009
25905	-75.8506
25906	-75.6587
25907	-75.1761
25908	-75.3031
25909	-75.3537
25910	-75.6548
25911	-75.2871
25912	-75.4709
25913	-75.7074
25914	-75.2433
25915	-75.4124
25916	-75.5172
25917	-75.4122
25918	-75.8315
25919	-75.6188
25920	-75.4892
25921	-75.4286
25922	-75.4124
25923	-74.8079
25924	-75.1133
25925	-75.321
25926	-75.4234
25927	-75.6775
25928	-75.5985
25929	-75.5436
25930	-75.6845
25931	-75.5731
25932	-75.5035
25933	-75.7789
25934	-75.5748
25935	-75.2134
25936	-75.5189
25937	-75.2785
25938	-75.1566
25939	-75.6312
25940	-76.0069
25941	-76.0399
25942	-76.0604
25943	-75.5502
25944	-75.754
25945	-75.4056
25946	-75.7024
25947	-75.9141
25948	-75.3943
25949	-75.5585
25950	-75.7976
25951	-75.24
25952	-75.1973
25953	-75.5363
25954	-75.5111
25955	-75.4313
25956	-75.769
25957	-75.6831
25958	-75.4513
25959	-75.2291
25960	-75.4121
25961	-76.0653
25962	-75.5816
25963	-75.3576
25964	-75.7948
25965	-75.758
25966	-75.9401
25967	-75.6274
25968	-75.3781
25969	-75.0494
25970	-75.2487
25971	-75.6704
25972	-75.7922
25973	-75.391
25974	-75.9298
25975	-75.5846
25976	-75.4807
25977	-75.4381
25978	-75.3474
25979	-75.8186
25980	-75.5256
25981	-74.9283
25982	-75.2027
25983	-75.7848
25984	-75.607
25985	-75.9802
25986	-76.0571
25987	-76.0148
25988	-75.5857
25989	-75.574
25990	-75.717
25991	-76.0586
25992	-75.7205
25993	-75.3566
25994	-75.1287
25995	-75.2041
25996	-75.2783
25997	-75.8432
25998	-75.7062
25999	-75.9533
26000	-75.7899
26001	-75.4693
26002	-75.3438
26003	-75.5744
26004	-75.4802
26005	-75.4633
26006	-75.8336
26007	-75.7461
26008	-75.7528
26009	-75.5695
26010	-75.5944
26011	-75.4108
26012	-75.4485
26013	-75.6598
26014	-75.0737
26015	-75.2612
26016	-75.659
26017	-75.5347
26018	-75.4985
26019	-75.1294
26020	-75.2943
26021	-75.4401
26022	-75.4149
26023	-75.7926
26024	-75.5832
26025	-75.8654
26026	-75.6132
26027	-75.5049
26028	-75.3344
26029	-75.4844
26030	-75.7455
26031	-75.4824
26032	-75.7102
26033	-75.4996
26034	-75.7069
26035	-75.7375
26036	-75.3749
26037	-75.8491
26038	-76.0231
26039	-75.5991
26040	-75.4645
26041	-75.228
26042	-75.4303
26043	-75.1399
26044	-75.3044
26045	-75.4002
26046	-75.6099
26047	-75.4567
26048	-75.49
26049	-75.4815
26050	-75.1698
26051	-75.7413
26052	-75.3932
26053	-75.7305
26054	-76.0427
26055	-75.6976
26056	-75.6197
26057	-75.7389
26058	-75.9313
26059	-75.6943
26060	-75.4632
26061	-75.7193
26062	-75.2614
26063	-75.6848
26064	-75.9827
26065	-75.7981
26066	-75.647
26067	-76.0634
26068	-75.4592
26069	-75.3507
26070	-75.4536
26071	-75.3847
26072	-75.5186
26073	-75.6001
26074	-75.9143
26075	-76.031
26076	-75.7809
26077	-75.693
26078	-76.0625
26079	-75.253
26080	-75.3764
26081	-76.0221
26082	-75.8313
26083	-75.6626
26084	-75.6391
26085	-75.4946
26086	-76.0998
26087	-76.006
26088	-75.8563
26089	-75.873
26090	-75.6029
26091	-75.69
26092	-75.3129
26093	-75.7333
26094	-75.9582
26095	-75.6374
26096	-75.564
26097	-75.6922
26098	-75.5354
26099	-75.277
26100	-75.437
26101	-75.4104
26102	-75.1842
26103	-75.5781
26104	-75.6077
26105	-75.0631
26106	-74.9583
26107	-75.3445
26108	-75.3544
26109	-75.0655
26110	-75.2908
26111	-75.6936
26112	-75.7975
26113	-75.2284
26114	-75.1867
26115	-75.4509
26116	-75.6336
26117	-75.4502
26118	-75.7453
26119	-75.8633
26120	-75.4228
26121	-75.7149
26122	-76.2528
26123	-75.949
26124	-75.3452
26125	-75.2723
26126	-75.1803
26127	-75.2666
26128	-75.5639
26129	-75.7232
26130	-75.4712
26131	-75.5553
26132	-75.9492
26133	-76.0031
26134	-75.5555
26135	-75.5712
26136	-75.695
26137	-75.7412
26138	-75.5549
26139	-76.0467
26140	-75.5326
26141	-75.3521
26142	-75.712
26143	-75.7551
26144	-75.72
26145	-76.4786
26146	-76.0624
26147	-75.7938
26148	-75.3447
26149	-75.7292
26150	-75.7472
26151	-75.6982
26152	-75.4288
26153	-75.3225
26154	-75.9441
26155	-75.6553
26156	-75.7627
26157	-75.3741
26158	-75.2214
26159	-75.4293
26160	-75.3203
26161	-75.3719
26162	-75.3055
26163	-75.4728
26164	-75.916
26165	-75.7055
26166	-75.3126
26167	-75.1856
26168	-75.5947
26169	-76.1025
26170	-75.6927
26171	-75.6318
26172	-75.6044
26173	-75.6047
26174	-75.4448
26175	-75.3812
26176	-75.4268
26177	-75.9403
26178	-76.0076
26179	-76.3185
26180	-75.5513
26181	-75.3988
26182	-75.5938
26183	-75.6645
26184	-75.4869
26185	-75.5051
26186	-75.4361
26187	-75.6713
26188	-75.8443
26189	-75.6259
26190	-75.8425
26191	-75.8511
26192	-75.7449
26193	-75.9056
26194	-76.0617
26195	-76.0701
26196	-75.8156
26197	-75.7418
26198	-75.7743
26199	-75.6832
26200	-75.5947
26201	-75.5739
26202	-75.4857
26203	-75.2819
26204	-75.696
26205	-75.2483
26206	-75.7075
26207	-75.5858
26208	-75.4787
26209	-75.8429
26210	-76.1543
26211	-76.1852
26212	-75.7482
26213	-75.2489
26214	-75.5651
26215	-75.8514
26216	-75.6228
26217	-75.2276
26218	-75.0529
26219	-75.1244
26220	-75.0814
26221	-75.4038
26222	-75.4289
26223	-75.9817
26224	-75.8549
26225	-75.6494
26226	-75.9371
26227	-75.5827
26228	-75.8907
26229	-75.6713
26230	-75.8353
26231	-75.3588
26232	-75.4552
26233	-76.0609
26234	-75.9551
26235	-76.1948
26236	-75.8759
26237	-75.8369
26238	-75.936
26239	-75.4473
26240	-75.9126
26241	-76.1866
26242	-75.8913
26243	-75.9116
26244	-75.2257
26245	-75.4215
26246	-75.674
26247	-75.493
26248	-75.7593
26249	-75.8272
26250	-75.7773
26251	-75.5032
26252	-75.4553
26253	-75.5544
26254	-75.7071
26255	-75.2088
26256	-75.4327
26257	-75.5349
26258	-75.5816
26259	-74.9884
26260	-75.6656
26261	-75.4579
26262	-75.5885
26263	-75.2503
26264	-75.4517
26265	-76.0353
26266	-75.8355
26267	-75.2848
26268	-75.284
26269	-75.4206
26270	-75.3886
26271	-75.71
26272	-75.5533
26273	-75.5883
26274	-75.7408
26275	-75.9196
26276	-75.6668
26277	-75.6091
26278	-75.5448
26279	-75.7214
26280	-75.6655
26281	-75.5953
26282	-75.6358
26283	-75.3729
26284	-75.8416
26285	-76.1767
26286	-75.7104
26287	-75.2639
26288	-75.3816
26289	-75.0948
26290	-75.1309
26291	-75.5625
26292	-75.5331
26293	-75.4261
26294	-75.641
26295	-75.1159
26296	-75.2545
26297	-75.7664
26298	-75.5816
26299	-75.4568
26300	-75.5513
26301	-75.392
26302	-75.488
26303	-75.6088
26304	-75.9518
26305	-76.3834
26306	-75.705
26307	-75.608
26308	-75.8826
26309	-75.5363
26310	-75.5559
26311	-75.7115
26312	-75.7255
26313	-76.0283
26314	-75.6689
26315	-75.2087
26316	-75.0841
26317	-75.5637
26318	-75.8144
26319	-75.4224
26320	-75.9182
26321	-75.8254
26322	-75.8074
26323	-75.6056
26324	-75.4378
26325	-75.3764
26326	-75.2699
26327	-75.7104
26328	-75.407
26329	-75.573
26330	-75.965
26331	-76.0553
26332	-75.2274
26333	-75.6696
26334	-75.8427
26335	-75.4013
26336	-75.2579
26337	-75.6024
26338	-75.673
26339	-75.8064
26340	-75.5228
26341	-75.8677
26342	-76.2873
26343	-75.7846
26344	-75.3594
26345	-75.2669
26346	-75.4169
26347	-76.0508
26348	-76.1609
26349	-75.9577
26350	-75.937
26351	-75.2656
26352	-75.4478
26353	-75.4119
26354	-75.3189
26355	-75.4651
26356	-75.5201
26357	-75.8841
26358	-75.3399
26359	-75.3659
26360	-75.5866
26361	-75.6868
26362	-75.7018
26363	-75.6086
26364	-75.7906
26365	-75.7895
26366	-76.2889
26367	-76.0689
26368	-75.5277
26369	-75.1466
26370	-75.3733
26371	-75.4993
26372	-75.5463
26373	-75.5204
26374	-75.6316
26375	-75.3018
26376	-75.4292
26377	-75.9019
26378	-75.3523
26379	-74.9231
26380	-75.1035
26381	-75.2364
26382	-75.5393
26383	-75.6933
26384	-75.21
26385	-75.5912
26386	-75.3189
26387	-75.2442
26388	-75.4239
26389	-75.3091
26390	-75.577
26391	-75.4911
26392	-75.699
26393	-76.2133
26394	-75.6805
26395	-75.5211
26396	-75.444
26397	-75.559
26398	-75.7191
26399	-75.7005
26400	-76.0818
26401	-76.1198
26402	-76.1795
26403	-75.693
26404	-75.906
26405	-75.1845
26406	-75.6232
26407	-75.5025
26408	-75.7235
26409	-75.7896
26410	-75.6539
26411	-75.7344
26412	-75.9365
26413	-75.7755
26414	-75.5477
26415	-74.8018
26416	-75.3048
26417	-75.6713
26418	-75.6347
26419	-76.1204
26420	-76.1339
26421	-75.6398
26422	-75.5156
26423	-75.3281
26424	-75.5185
26425	-75.6699
26426	-75.5935
26427	-75.4496
26428	-75.3915
26429	-75.5541
26430	-75.8646
26431	-76.113
26432	-75.6627
26433	-75.5997
26434	-75.5153
26435	-75.4598
26436	-75.4922
26437	-75.409
26438	-75.8077
26439	-75.5984
26440	-75.8752
26441	-76.2457
26442	-75.8826
26443	-75.4621
26444	-75.5274
26445	-75.7501
26446	-75.5177
26447	-75.7176
26448	-75.7341
26449	-75.6204
26450	-75.7863
26451	-75.7471
26452	-76.0879
26453	-75.6108
26454	-75.632
26455	-75.7965
26456	-76.4264
26457	-75.7163
26458	-75.6182
26459	-75.8615
26460	-75.576
26461	-75.6562
26462	-75.7756
26463	-75.405
26464	-75.3237
26465	-75.1242
26466	-75.6793
26467	-75.9314
26468	-75.8682
26469	-75.4574
26470	-74.8887
26471	-75.48
26472	-75.5751
26473	-75.656
26474	-75.6849
26475	-75.7824
26476	-76.0017
26477	-75.6459
26478	-75.666
26479	-75.6331
26480	-75.9552
26481	-75.9223
26482	-75.8238
26483	-75.354
26484	-75.381
26485	-75.5266
26486	-75.5017
26487	-75.2938
26488	-75.6471
26489	-75.72
26490	-76.0459
26491	-75.8968
26492	-75.3915
26493	-75.6407
26494	-75.3394
26495	-75.6695
26496	-75.8821
26497	-75.7652
26498	-75.6986
26499	-75.3359
26500	-75.4597
26501	-75.6946
26502	-75.7258
26503	-75.7425
26504	-75.7683
26505	-75.6385
26506	-75.6573
26507	-75.6246
26508	-75.6681
26509	-75.3356
26510	-75.3419
26511	-75.4153
26512	-74.8974
26513	-75.522
26514	-76.0375
26515	-75.8322
26516	-76.1159
26517	-76.1887
26518	-76.0691
26519	-75.7505
26520	-75.5574
26521	-75.7225
26522	-75.7132
26523	-75.4756
26524	-75.2602
26525	-75.1654
26526	-75.2199
26527	-75.5428
26528	-75.7481
26529	-75.6513
26530	-75.4531
26531	-75.5865
26532	-75.6003
26533	-75.5226
26534	-75.1318
26535	-75.4712
26536	-75.6839
26537	-75.4389
26538	-75.6387
26539	-75.7984
26540	-75.6251
26541	-75.661
26542	-75.6497
26543	-75.7516
26544	-75.6184
26545	-75.2117
26546	-75.0554
26547	-75.3859
26548	-75.1441
26549	-75.3333
26550	-75.7758
26551	-75.6195
26552	-75.65
26553	-75.7316
26554	-75.8132
26555	-75.2998
26556	-75.7139
26557	-75.5974
26558	-75.7573
26559	-75.7526
26560	-76.0308
26561	-75.7181
26562	-75.5123
26563	-75.7892
26564	-75.6244
26565	-75.6296
26566	-75.5581
26567	-75.7419
26568	-74.9501
26569	-75.1413
26570	-75.5818
26571	-76.0185
26572	-76.0483
26573	-75.8461
26574	-76.2004
26575	-75.7713
26576	-75.5917
26577	-75.3726
26578	-75.4765
26579	-75.6653
26580	-75.4253
26581	-75.6734
26582	-75.7174
26583	-75.6777
26584	-75.3446
26585	-75.5161
26586	-75.5476
26587	-75.5963
26588	-75.8249
26589	-75.7919
26590	-75.5764
26591	-75.148
26592	-75.6537
26593	-75.5641
26594	-75.7951
26595	-75.9406
26596	-75.7166
26597	-75.0935
26598	-75.1579
26599	-75.4689
26600	-75.435
26601	-75.4854
26602	-75.9471
26603	-75.9136
26604	-75.6542
26605	-75.4741
26606	-75.5506
26607	-75.3183
26608	-75.7064
26609	-75.5697
26610	-75.9677
26611	-75.4993
26612	-75.5216
26613	-75.7432
26614	-75.5832
26615	-75.5623
26616	-75.5425
26617	-75.7736
26618	-75.3935
26619	-75.4932
26620	-75.1537
26621	-75.2714
26622	-75.3513
26623	-75.4871
26624	-75.7626
26625	-75.3957
26626	-75.8562
26627	-75.5833
26628	-75.7682
26629	-75.6281
26630	-75.6583
26631	-76.0582
26632	-75.993
26633	-75.7128
26634	-75.7099
26635	-75.6
26636	-75.2519
26637	-75.5533
26638	-75.6035
26639	-75.9681
26640	-75.4497
26641	-75.7902
26642	-75.7492
26643	-75.9839
26644	-75.991
26645	-75.3268
26646	-75.0304
26647	-75.2816
26648	-75.7115
26649	-75.642
26650	-75.6664
26651	-75.3424
26652	-75.3326
26653	-75.6076
26654	-76.0698
26655	-75.4155
26656	-75.1513
26657	-75.0018
26658	-75.7004
26659	-75.9328
26660	-76.3291
26661	-75.4512
26662	-75.5037
26663	-75.2235
26664	-75.2705
26665	-75.2888
26666	-75.61
26667	-75.3137
26668	-75.5273
26669	-75.7414
26670	-75.4384
26671	-75.6986
26672	-75.6569
26673	-75.9348
26674	-75.7928
26675	-75.542
26676	-75.5759
26677	-75.5543
26678	-75.65
26679	-76.1575
26680	-76.0895
26681	-76.1054
26682	-75.579
26683	-75.4301
26684	-75.778
26685	-75.6337
26686	-76.1348
26687	-75.7511
26688	-75.6804
26689	-75.4295
26690	-75.1816
26691	-75.3463
26692	-75.4531
26693	-75.7721
26694	-75.8851
26695	-75.6871
26696	-75.6691
26697	-76.0382
26698	-76.0148
26699	-75.3877
26700	-75.1422
26701	-75.3973
26702	-75.5251
26703	-75.6984
26704	-75.5572
26705	-75.2505
26706	-75.4587
26707	-75.2294
26708	-75.7001
26709	-75.9002
26710	-76.2042
26711	-75.5607
26712	-75.2592
26713	-75.6572
26714	-75.8336
26715	-75.6022
26716	-75.5269
26717	-75.4605
26718	-75.541
26719	-75.4836
26720	-75.4939
26721	-75.5989
26722	-75.3153
26723	-75.7269
26724	-75.9869
26725	-76.0005
26726	-75.468
26727	-75.4464
26728	-75.4561
26729	-75.5218
26730	-75.6828
26731	-75.783
26732	-75.3643
26733	-75.5935
26734	-75.3972
26735	-75.2255
26736	-75.5104
26737	-75.2894
26738	-75.5441
26739	-75.8401
26740	-75.6574
26741	-75.617
26742	-75.3894
26743	-75.3919
26744	-75.1967
26745	-75.4417
26746	-75.2923
26747	-75.471
26748	-76.0688
26749	-75.5289
26750	-75.3066
26751	-75.6742
26752	-75.4857
26753	-75.7334
26754	-75.6539
26755	-75.6787
26756	-75.5063
26757	-75.2878
26758	-75.6106
26759	-75.7333
26760	-75.9714
26761	-75.7482
26762	-75.9689
26763	-75.9067
26764	-75.5015
26765	-75.7906
26766	-75.6336
26767	-75.5051
26768	-75.7554
26769	-75.9128
26770	-75.9689
26771	-75.5203
26772	-75.4673
26773	-75.0672
26774	-75.1761
26775	-75.7533
26776	-75.6713
26777	-75.4176
26778	-75.864
26779	-76.1619
26780	-76.1264
26781	-75.5725
26782	-75.4446
26783	-75.4865
26784	-75.4861
26785	-75.6224
26786	-75.6259
26787	-76.2903
26788	-76.0589
26789	-75.7386
26790	-75.3647
26791	-75.4609
26792	-75.4121
26793	-75.7826
26794	-75.6154
26795	-75.8013
26796	-75.799
26797	-75.6157
26798	-75.4294
26799	-75.5322
26800	-75.4792
26801	-75.7192
26802	-75.7635
26803	-75.6614
26804	-75.9426
26805	-75.5063
26806	-75.4404
26807	-75.5203
26808	-75.5493
26809	-75.3571
26810	-75.5701
26811	-75.4169
26812	-75.3951
26813	-75.5333
26814	-75.3916
26815	-75.1404
26816	-75.5175
26817	-75.6106
26818	-75.58
26819	-76.03
26820	-75.8391
26821	-76.0576
26822	-75.729
26823	-75.3794
26824	-75.6663
26825	-75.3918
26826	-75.717
26827	-75.6388
26828	-75.6785
26829	-75.822
26830	-75.16
26831	-75.2352
26832	-75.4243
26833	-75.6121
26834	-75.6519
26835	-75.1035
26836	-75.2519
26837	-75.5506
26838	-75.6051
26839	-75.6945
26840	-75.8281
26841	-75.5039
26842	-75.7805
26843	-75.7605
26844	-75.4975
26845	-75.6199
26846	-75.9553
26847	-75.3577
26848	-75.0445
26849	-75.0685
26850	-75.1608
26851	-75.5487
26852	-75.8698
26853	-75.3067
26854	-75.1869
26855	-75.7147
26856	-76.0827
26857	-75.8175
26858	-76.1334
26859	-75.8679
26860	-75.8119
26861	-75.7215
26862	-75.8275
26863	-75.681
26864	-75.8942
26865	-75.9821
26866	-75.7684
26867	-75.6558
26868	-75.3196
26869	-75.291
26870	-75.0325
26871	-74.8989
26872	-75.1679
26873	-75.5713
26874	-75.4986
26875	-75.8053
26876	-75.4153
26877	-75.55
26878	-75.6692
26879	-75.5032
26880	-75.7245
26881	-75.47
26882	-75.3545
26883	-75.7713
26884	-75.3226
26885	-75.3356
26886	-75.6301
26887	-76.0896
26888	-75.9167
26889	-76.0795
26890	-75.5302
26891	-75.6554
26892	-75.7421
26893	-75.846
26894	-75.6297
26895	-75.7994
26896	-75.6388
26897	-76.0137
26898	-75.6708
26899	-75.561
26900	-75.4347
26901	-75.4164
26902	-74.9582
26903	-75.2497
26904	-75.1609
26905	-74.989
26906	-75.5002
26907	-75.6243
26908	-75.3721
26909	-75.9312
26910	-75.6828
26911	-75.3651
26912	-75.976
26913	-75.8695
26914	-75.5252
26915	-75.8336
26916	-75.7566
26917	-75.86
26918	-76.0455
26919	-75.8478
26920	-75.7288
26921	-75.5124
26922	-75.7685
26923	-75.6195
26924	-75.2708
26925	-75.4954
26926	-75.7026
26927	-75.7238
26928	-75.7095
26929	-75.842
26930	-75.4854
26931	-75.3687
26932	-75.7753
26933	-75.9311
26934	-75.5324
26935	-75.0846
26936	-75.0609
26937	-75.5755
26938	-75.5065
26939	-75.4081
26940	-75.6772
26941	-75.5627
26942	-75.8843
26943	-75.7658
26944	-75.3807
26945	-75.4352
26946	-75.6252
26947	-75.3114
26948	-75.4656
26949	-75.8633
26950	-75.8863
26951	-75.5863
26952	-75.6688
26953	-75.9
26954	-75.8007
26955	-76.0117
26956	-75.563
26957	-75.5348
26958	-75.4451
26959	-75.9542
26960	-75.6413
26961	-75.8152
26962	-75.6147
26963	-75.9163
26964	-75.6254
26965	-75.288
26966	-75.3349
26967	-75.3444
26968	-75.555
26969	-75.7451
26970	-75.3852
26971	-75.3067
26972	-75.548
26973	-75.7625
26974	-76.0503
26975	-75.9597
26976	-75.8124
26977	-75.4767
26978	-75.4725
26979	-75.2982
26980	-75.6534
26981	-75.593
26982	-75.4299
26983	-75.8332
26984	-75.9422
26985	-75.7985
26986	-75.6037
26987	-75.5691
26988	-75.6531
26989	-75.347
26990	-75.412
26991	-75.4677
26992	-75.0992
26993	-75.3964
26994	-75.1909
26995	-75.8238
26996	-76.0274
26997	-76.1133
26998	-75.6863
26999	-75.5691
27000	-75.7718
27001	-75.8511
27002	-76.1171
27003	-75.9319
27004	-75.478
27005	-75.6888
27006	-75.8073
27007	-75.8807
27008	-75.6544
27009	-75.8017
27010	-75.9937
27011	-75.5811
27012	-75.756
27013	-75.2682
27014	-75.3649
27015	-75.1527
27016	-75.6129
27017	-75.792
27018	-75.0958
27019	-75.447
27020	-75.3064
27021	-75.6284
27022	-75.3578
27023	-75.4173
27024	-75.4632
27025	-75.6291
27026	-75.4168
27027	-75.3158
27028	-75.4216
27029	-75.8205
27030	-75.6686
27031	-75.8571
27032	-75.8557
27033	-75.5787
27034	-75.7488
27035	-75.3892
27036	-75.2628
27037	-75.4901
27038	-75.8837
27039	-75.8362
27040	-76.0641
27041	-76.1751
27042	-75.9143
27043	-75.603
27044	-75.3586
27045	-75.824
27046	-75.8088
27047	-75.9241
27048	-75.5415
27049	-75.9589
27050	-76.1688
27051	-75.5222
27052	-75.1907
27053	-75.467
27054	-75.7868
27055	-76.1459
27056	-76.1986
27057	-75.8622
27058	-75.6939
27059	-75.8096
27060	-76.0954
27061	-75.9554
27062	-76.0337
27063	-75.4739
27064	-75.3236
27065	-75.523
27066	-75.936
27067	-75.87
27068	-75.5741
27069	-75.5982
27070	-75.7329
27071	-75.4283
27072	-75.4821
27073	-75.4821
27074	-75.3105
27075	-75.5206
27076	-75.4722
27077	-75.8341
27078	-75.3252
27079	-75.0263
27080	-75.2633
27081	-75.8817
27082	-75.7216
27083	-75.4473
27084	-75.3822
27085	-75.9743
27086	-75.8015
27087	-75.491
27088	-75.382
27089	-75.5393
27090	-75.8569
27091	-75.3652
27092	-75.4741
27093	-75.5524
27094	-75.3914
27095	-76.2505
27096	-75.8765
27097	-75.6011
27098	-75.4817
27099	-75.8518
27100	-75.5508
27101	-75.3216
27102	-75.1579
27103	-75.5835
27104	-75.587
27105	-75.7112
27106	-75.5795
27107	-75.6849
27108	-75.2899
27109	-75.3257
27110	-75.5852
27111	-75.548
27112	-75.5134
27113	-75.2537
27114	-75.4772
27115	-76.1112
27116	-75.3826
27117	-75.1985
27118	-75.4477
27119	-75.139
27120	-75.2514
27121	-75.5961
27122	-75.7961
27123	-76.1916
27124	-75.9799
27125	-75.9962
27126	-75.6372
27127	-75.6087
27128	-75.4399
27129	-75.4365
27130	-75.7204
27131	-75.6911
27132	-75.4805
27133	-75.4404
27134	-75.2924
27135	-75.5144
27136	-75.9759
27137	-76.0508
27138	-75.394
27139	-75.2254
27140	-75.5135
27141	-75.5826
27142	-75.8912
27143	-75.5647
27144	-75.0468
27145	-75.4033
27146	-75.7405
27147	-75.3564
27148	-75.7424
27149	-75.8441
27150	-75.1088
27151	-75.0302
27152	-75.5668
27153	-76.0496
27154	-76.0791
27155	-75.7199
27156	-75.4675
27157	-75.2606
27158	-75.3959
27159	-75.4412
27160	-75.2612
27161	-75.4453
27162	-75.3817
27163	-75.738
27164	-75.262
27165	-75.0217
27166	-75.5303
27167	-75.9571
27168	-75.9143
27169	-76.0022
27170	-75.5284
27171	-75.5995
27172	-75.6134
27173	-75.6332
27174	-76.064
27175	-75.9376
27176	-75.88
27177	-75.9128
27178	-75.526
27179	-75.2452
27180	-75.8572
27181	-76.1153
27182	-75.6945
27183	-75.5036
27184	-74.9731
27185	-75.4445
27186	-75.4237
27187	-75.4712
27188	-75.321
27189	-75.4641
27190	-75.1577
27191	-75.6434
27192	-75.7084
27193	-75.6478
27194	-75.9253
27195	-75.5247
27196	-75.5845
27197	-75.4564
27198	-75.5374
27199	-75.5243
27200	-75.1489
27201	-75.1353
27202	-75.3124
27203	-75.3955
27204	-75.8486
27205	-75.3463
27206	-75.1959
27207	-75.5577
27208	-75.6724
27209	-75.726
27210	-75.9154
27211	-75.4781
27212	-75.27
27213	-75.6847
27214	-75.3415
27215	-75.2574
27216	-75.7062
27217	-75.6493
27218	-75.6629
27219	-75.6115
27220	-75.5274
27221	-75.2961
27222	-75.9888
27223	-75.8089
27224	-75.6313
27225	-75.7876
27226	-75.7101
27227	-75.4259
27228	-75.5981
27229	-75.4784
27230	-75.7609
27231	-75.6052
27232	-75.7731
27233	-75.6419
27234	-75.9545
27235	-75.7627
27236	-75.5048
27237	-75.3166
27238	-75.3407
27239	-75.6218
27240	-75.3238
27241	-75.8196
27242	-75.8787
27243	-75.3868
27244	-75.7868
27245	-75.8739
27246	-75.8814
27247	-75.4404
27248	-75.3875
27249	-75.5184
27250	-75.6204
27251	-75.3913
27252	-75.3051
27253	-75.7212
27254	-75.901
27255	-75.8263
27256	-75.7714
27257	-75.7915
27258	-75.4386
27259	-75.4925
27260	-75.8572
27261	-75.6147
27262	-75.5063
27263	-75.7377
27264	-75.7812
27265	-75.6187
27266	-75.7372
27267	-75.6105
27268	-75.5125
27269	-75.3674
27270	-74.9586
27271	-74.9994
27272	-75.489
27273	-75.8534
27274	-75.2655
27275	-74.7206
27276	-75.3597
27277	-75.6575
27278	-75.3393
27279	-75.6087
27280	-75.3296
27281	-75.5204
27282	-75.2987
27283	-75.3809
27284	-75.0434
27285	-75.2042
27286	-75.0664
27287	-75.2386
27288	-75.2857
27289	-75.5175
27290	-75.72
27291	-75.2989
27292	-75.2696
27293	-75.2556
27294	-75.586
27295	-75.9669
27296	-75.5893
27297	-75.4398
27298	-75.2901
27299	-75.681
27300	-75.4003
27301	-75.7378
27302	-75.7266
27303	-75.3446
27304	-75.6159
27305	-75.6994
27306	-75.4188
27307	-75.5114
27308	-75.9322
27309	-75.668
27310	-75.4636
27311	-75.3814
27312	-75.5893
27313	-75.8905
27314	-75.6429
27315	-75.9589
27316	-75.822
27317	-75.576
27318	-75.9783
27319	-75.7216
27320	-75.939
27321	-76.2618
27322	-75.7619
27323	-75.6144
27324	-75.334
27325	-75.4492
27326	-75.9391
27327	-75.5318
27328	-75.5739
27329	-75.3712
27330	-75.4861
27331	-75.2477
27332	-75.3795
27333	-75.4633
27334	-75.0666
27335	-75.1915
27336	-75.7419
27337	-75.8774
27338	-75.3406
27339	-75.3478
27340	-75.5068
27341	-75.3297
27342	-75.7485
27343	-75.343
27344	-75.3005
27345	-75.5599
27346	-75.5429
27347	-75.1426
27348	-75.6406
27349	-75.4918
27350	-75.5738
27351	-75.7815
27352	-75.5969
27353	-75.8192
27354	-75.5292
27355	-75.7879
27356	-75.5779
27357	-75.3422
27358	-75.8197
27359	-75.5617
27360	-75.617
27361	-75.8331
27362	-75.5505
27363	-75.6976
27364	-75.7987
27365	-75.55
27366	-75.2809
27367	-75.2166
27368	-75.5584
27369	-75.8382
27370	-75.7016
27371	-75.4361
27372	-75.1359
27373	-75.264
27374	-75.445
27375	-75.1567
27376	-75.837
27377	-75.4204
27378	-75.6458
27379	-75.5002
27380	-75.8128
27381	-76.0479
27382	-75.2969
27383	-75.4686
27384	-75.7273
27385	-75.7833
27386	-75.5851
27387	-75.6371
27388	-75.6002
27389	-75.521
27390	-75.6802
27391	-75.5926
27392	-75.4341
27393	-75.6433
27394	-75.8622
27395	-75.6795
27396	-75.5977
27397	-75.71
27398	-75.66
27399	-75.9835
27400	-75.9999
27401	-75.2091
27402	-75.2537
27403	-75.4095
27404	-75.3962
27405	-75.6827
27406	-75.5516
27407	-75.739
27408	-75.5797
27409	-75.8084
27410	-75.7368
27411	-76.2962
27412	-75.1917
27413	-75.252
27414	-75.4996
27415	-75.3122
27416	-75.468
27417	-75.7766
27418	-75.4243
27419	-75.7085
27420	-75.7227
27421	-75.5135
27422	-75.5768
27423	-75.7541
27424	-75.7077
27425	-76.0123
27426	-75.7512
27427	-75.5843
27428	-75.4021
27429	-75.9462
27430	-75.7269
27431	-75.3539
27432	-75.5482
27433	-76.0051
27434	-75.9509
27435	-75.6482
27436	-75.8085
27437	-76.2078
27438	-75.5563
27439	-75.7831
27440	-75.2518
27441	-75.9392
27442	-75.9871
27443	-75.8194
27444	-75.5673
27445	-75.4437
27446	-75.6186
27447	-75.6039
27448	-75.5488
27449	-75.4239
27450	-75.5312
27451	-75.4449
27452	-76.0927
27453	-76.3065
27454	-76.0902
27455	-75.9085
27456	-75.7558
27457	-75.1351
27458	-75.6441
27459	-75.9607
27460	-75.7491
27461	-75.5436
27462	-75.8473
27463	-75.6702
27464	-75.7457
27465	-75.6712
27466	-75.6974
27467	-75.5299
27468	-75.4951
27469	-75.5972
27470	-75.1689
27471	-75.3401
27472	-75.8395
27473	-75.4796
27474	-75.1156
27475	-75.1006
27476	-75.6633
27477	-76.0412
27478	-75.3499
27479	-75.5641
27480	-75.7038
27481	-75.718
27482	-75.6731
27483	-75.3837
27484	-75.7933
27485	-75.8579
27486	-75.663
27487	-75.3561
27488	-74.9488
27489	-75.2867
27490	-75.6708
27491	-75.4064
27492	-75.8007
27493	-76.0024
27494	-75.7826
27495	-75.3595
27496	-75.6733
27497	-75.648
27498	-75.3167
27499	-75.952
27500	-75.2498
27501	-75.4136
27502	-75.3793
27503	-75.4712
27504	-75.872
27505	-75.3821
27506	-75.4727
27507	-75.2604
27508	-75.3191
27509	-75.8675
27510	-75.6535
27511	-75.321
27512	-75.9617
27513	-75.5664
27514	-75.9204
27515	-76.0034
27516	-75.7397
27517	-75.7508
27518	-75.57
27519	-75.4703
27520	-75.4714
27521	-75.3912
27522	-75.2053
27523	-75.2006
27524	-75.5063
27525	-75.5621
27526	-74.9736
27527	-75.4954
27528	-75.7992
27529	-75.6832
27530	-75.4642
27531	-75.3
27532	-75.4581
27533	-75.7162
27534	-75.3644
27535	-75.3799
27536	-75.4637
27537	-76.0725
27538	-75.9609
27539	-75.8666
27540	-75.5252
27541	-75.6567
27542	-75.5593
27543	-75.6797
27544	-76.0271
27545	-75.5109
27546	-75.5525
27547	-75.3606
27548	-75.8498
27549	-75.3731
27550	-75.3706
27551	-75.5444
27552	-75.2831
27553	-75.6321
27554	-75.6075
27555	-76.2465
27556	-75.7035
27557	-75.1931
27558	-75.8032
27559	-75.2115
27560	-75.1905
27561	-75.3719
27562	-75.4934
27563	-75.6532
27564	-75.4188
27565	-75.3456
27566	-75.5197
27567	-75.766
27568	-75.6935
27569	-75.246
27570	-75.4765
27571	-75.578
27572	-75.5328
27573	-75.5786
27574	-75.4143
27575	-75.3981
27576	-75.6868
27577	-75.5464
27578	-75.3414
27579	-75.5596
27580	-75.5954
27581	-75.4165
27582	-75.6072
27583	-75.1867
27584	-75.6906
27585	-75.6929
27586	-75.3053
27587	-75.5443
27588	-75.7099
27589	-75.8552
27590	-75.3853
27591	-75.7816
27592	-75.9157
27593	-75.4884
27594	-75.6091
27595	-75.6075
27596	-75.6829
27597	-75.5661
27598	-75.8609
27599	-75.6955
27600	-75.5678
27601	-75.534
27602	-75.6209
27603	-75.5667
27604	-75.2351
27605	-75.2234
27606	-75.6497
27607	-75.1418
27608	-75.4027
27609	-75.2955
27610	-75.5248
27611	-75.5829
27612	-75.9995
27613	-75.5301
27614	-75.4974
27615	-75.4455
27616	-75.8403
27617	-75.3992
27618	-75.5088
27619	-75.5609
27620	-75.7381
27621	-75.6814
27622	-75.5807
27623	-75.2393
27624	-75.4942
27625	-75.6106
27626	-76.0746
27627	-75.9975
27628	-75.1078
27629	-75.2951
27630	-75.4372
27631	-75.7366
27632	-75.5957
27633	-75.7411
27634	-75.8883
27635	-75.5409
27636	-75.9078
27637	-75.7378
27638	-75.6544
27639	-75.8698
27640	-76.0181
27641	-75.8138
27642	-75.5987
27643	-75.6887
27644	-75.462
27645	-75.2087
27646	-75.1446
27647	-75.5501
27648	-75.5041
27649	-75.5967
27650	-75.2943
27651	-75.5357
27652	-75.7064
27653	-75.7235
27654	-75.6399
27655	-75.4999
27656	-75.5795
27657	-75.2417
27658	-76.1594
27659	-76.1379
27660	-75.5762
27661	-75.3851
27662	-75.1276
27663	-75.3715
27664	-75.5189
27665	-75.8206
27666	-75.6103
27667	-75.4486
27668	-75.3783
27669	-75.7537
27670	-76.0917
27671	-75.9211
27672	-75.7192
27673	-75.6326
27674	-75.7085
27675	-75.9011
27676	-75.5589
27677	-75.5545
27678	-75.6121
27679	-75.2281
27680	-75.3949
27681	-75.1579
27682	-75.562
27683	-75.515
27684	-75.0932
27685	-75.0297
27686	-75.544
27687	-75.5798
27688	-75.5087
27689	-75.3672
27690	-75.292
27691	-75.3948
27692	-75.4291
27693	-75.644
27694	-75.7407
27695	-75.2734
27696	-75.5361
27697	-75.5718
27698	-75.7523
27699	-75.5524
27700	-75.5224
27701	-75.4975
27702	-75.5524
27703	-75.959
27704	-75.7393
27705	-75.8926
27706	-75.8626
27707	-75.5084
27708	-75.1524
27709	-75.5123
27710	-75.9013
27711	-76.0431
27712	-75.6277
27713	-75.6456
27714	-75.2422
27715	-75.3692
27716	-75.7668
27717	-75.785
27718	-75.9114
27719	-75.6676
27720	-75.3816
27721	-75.485
27722	-75.183
27723	-75.2698
27724	-75.7338
27725	-75.5098
27726	-75.5621
27727	-75.5217
27728	-75.4433
27729	-75.3326
27730	-75.1848
27731	-75.738
27732	-75.8791
27733	-75.4065
27734	-75.4162
27735	-75.8676
27736	-75.6798
27737	-75.7853
27738	-75.763
27739	-75.507
27740	-75.903
27741	-75.3613
27742	-75.7555
27743	-75.7773
27744	-75.3195
27745	-75.3405
27746	-75.3437
27747	-75.59
27748	-75.3944
27749	-75.4013
27750	-75.4333
27751	-75.5358
27752	-75.6035
27753	-75.6438
27754	-75.6056
27755	-75.51
27756	-75.3374
27757	-75.5746
27758	-75.6275
27759	-75.7933
27760	-75.4459
27761	-75.3645
27762	-75.3941
27763	-75.351
27764	-75.4183
27765	-75.6099
27766	-75.678
27767	-75.6683
27768	-75.7174
27769	-75.4073
27770	-75.5254
27771	-75.948
27772	-75.8728
27773	-75.8166
27774	-75.7154
27775	-75.4774
27776	-75.526
27777	-75.5354
27778	-75.9079
27779	-75.7761
27780	-75.3811
27781	-75.426
27782	-75.136
27783	-75.3299
27784	-75.6704
27785	-75.2238
27786	-75.5396
27787	-75.6968
27788	-75.6896
27789	-75.4099
27790	-75.339
27791	-75.4913
27792	-75.661
27793	-75.3546
27794	-75.5583
27795	-75.3643
27796	-75.2754
27797	-75.318
27798	-75.5181
27799	-75.6735
27800	-75.7385
27801	-75.4393
27802	-75.5679
27803	-75.6324
27804	-75.7603
27805	-75.5641
27806	-75.1606
27807	-75.9592
27808	-75.7602
27809	-76.0101
27810	-75.6001
27811	-75.6062
27812	-75.8403
27813	-75.4957
27814	-75.4673
27815	-75.4047
27816	-75.6274
27817	-75.5731
27818	-75.1526
27819	-75.2371
27820	-75.0808
27821	-75.1779
27822	-75.7951
27823	-75.8146
27824	-75.6593
27825	-75.6667
27826	-75.6872
27827	-75.2285
27828	-75.66
27829	-75.6505
27830	-75.6676
27831	-75.4499
27832	-75.3777
27833	-75.4809
27834	-75.6175
27835	-75.2913
27836	-75.5348
27837	-75.7766
27838	-75.9577
27839	-75.558
27840	-75.3828
27841	-75.7028
27842	-75.7431
27843	-75.5428
27844	-75.686
27845	-75.3656
27846	-75.1379
27847	-75.5642
27848	-75.5214
27849	-75.2942
27850	-75.933
27851	-75.9145
27852	-75.8446
27853	-75.6031
27854	-75.6294
27855	-75.6957
27856	-75.7364
27857	-75.7715
27858	-75.6783
27859	-75.6407
27860	-75.4407
27861	-75.7575
27862	-75.9291
27863	-75.6863
27864	-75.5625
27865	-75.6379
27866	-75.3243
27867	-75.3349
27868	-75.4702
27869	-75.6705
27870	-75.7701
27871	-75.5914
27872	-75.4623
27873	-75.3571
27874	-75.4379
27875	-75.77
27876	-75.5969
27877	-75.2578
27878	-75.0509
27879	-75.3163
27880	-75.4929
27881	-75.3576
27882	-75.7649
27883	-75.4657
27884	-75.3683
27885	-75.0672
27886	-75.1729
27887	-75.4532
27888	-75.7514
27889	-75.5733
27890	-75.3722
27891	-75.6276
27892	-75.8185
27893	-75.8248
27894	-75.1416
27895	-75.2878
27896	-75.2463
27897	-75.7936
27898	-75.8785
27899	-75.5952
27900	-75.5013
27901	-75.4903
27902	-75.5218
27903	-75.3883
27904	-75.5469
27905	-75.6322
27906	-75.7094
27907	-75.8728
27908	-75.7068
27909	-75.6357
27910	-75.6277
27911	-75.6452
27912	-75.8167
27913	-76.0078
27914	-75.5731
27915	-75.4405
27916	-75.5237
27917	-75.576
27918	-75.7032
27919	-75.5966
27920	-75.7899
27921	-75.4838
27922	-75.2565
27923	-75.2292
27924	-75.3987
27925	-75.846
27926	-75.7529
27927	-75.5718
27928	-75.7435
27929	-75.6214
27930	-75.6335
27931	-75.9489
27932	-75.4259
27933	-75.472
27934	-75.6132
27935	-75.9392
27936	-75.7987
27937	-75.5594
27938	-75.6958
27939	-75.9268
27940	-75.8567
27941	-75.628
27942	-75.2725
27943	-75.7244
27944	-75.4137
27945	-75.5081
27946	-75.2575
27947	-75.6668
27948	-75.1998
27949	-75.233
27950	-75.5402
27951	-75.3876
27952	-75.7229
27953	-76.4233
27954	-76.4903
27955	-76.0503
27956	-75.9399
27957	-75.9183
27958	-75.9875
27959	-75.9388
27960	-75.4776
27961	-75.3357
27962	-75.767
27963	-75.9926
27964	-75.9191
27965	-75.7478
27966	-75.4769
27967	-75.4959
27968	-75.7018
27969	-75.705
27970	-75.9741
27971	-75.5594
27972	-75.2289
27973	-75.5819
27974	-75.7198
27975	-75.691
27976	-75.8835
27977	-75.7969
27978	-74.9815
27979	-75.3113
27980	-75.2161
27981	-75.5617
27982	-75.2898
27983	-75.1168
27984	-75.4325
27985	-75.399
27986	-75.3391
27987	-75.2696
27988	-75.1579
27989	-75.495
27990	-75.7729
27991	-75.8613
27992	-75.5937
27993	-75.8676
27994	-75.2743
27995	-75.1697
27996	-75.1619
27997	-75.3712
27998	-75.1838
27999	-75.0728
28000	-75.378
28001	-75.8593
28002	-75.8903
28003	-75.4719
28004	-75.747
28005	-75.6189
28006	-75.0642
28007	-75.5052
28008	-75.4521
28009	-75.3205
28010	-75.1597
28011	-75.7285
28012	-75.7545
28013	-75.493
28014	-75.3051
28015	-75.601
28016	-75.7366
28017	-75.6308
28018	-75.7354
28019	-75.4586
28020	-75.1896
28021	-75.2772
28022	-75.0641
28023	-75.2101
28024	-75.2839
28025	-75.6494
28026	-75.6845
28027	-75.542
28028	-75.4262
28029	-75.7731
28030	-75.6663
28031	-75.4805
28032	-75.377
28033	-75.7647
28034	-75.7914
28035	-75.721
28036	-75.431
28037	-75.3637
28038	-75.2394
28039	-75.1906
28040	-75.7489
28041	-75.2976
28042	-75.6095
28043	-75.4599
28044	-75.5633
28045	-75.4809
28046	-75.4203
28047	-75.5017
28048	-75.2378
28049	-75.4518
28050	-75.8062
28051	-75.5864
28052	-75.5892
28053	-75.136
28054	-75.5068
28055	-75.4108
28056	-75.679
28057	-75.4447
28058	-75.7428
28059	-75.8233
28060	-75.5492
28061	-75.8697
28062	-75.3761
28063	-75.368
28064	-75.3805
28065	-76.0854
28066	-75.7472
28067	-75.5596
28068	-75.8509
28069	-75.4711
28070	-75.3942
28071	-75.5651
28072	-75.5011
28073	-75.4752
28074	-75.3416
28075	-75.5902
28076	-75.4624
28077	-75.648
28078	-75.73
28079	-75.5358
28080	-75.427
28081	-75.6321
28082	-75.6847
28083	-75.735
28084	-75.5528
28085	-75.6857
28086	-75.6517
28087	-75.6966
28088	-75.8099
28089	-75.4963
28090	-75.3864
28091	-75.6886
28092	-75.6525
28093	-75.3074
28094	-75.2431
28095	-75.4469
28096	-75.5506
28097	-75.6595
28098	-76.3648
28099	-75.8688
28100	-75.5068
28101	-75.8998
28102	-75.7184
28103	-75.5291
28104	-75.6389
28105	-75.3346
28106	-75.71
28107	-76.2003
28108	-75.7735
28109	-75.4246
28110	-75.6315
28111	-75.2975
28112	-75.7902
28113	-75.2952
28114	-75.2962
28115	-75.5539
28116	-75.7043
28117	-75.4935
28118	-75.4385
28119	-75.4665
28120	-75.7293
28121	-75.4495
28122	-75.7054
28123	-75.9303
28124	-75.8595
28125	-75.3326
28126	-75.2587
28127	-75.4252
28128	-75.695
28129	-75.6523
28130	-75.7594
28131	-75.7233
28132	-75.7553
28133	-75.7218
28134	-75.6546
28135	-75.8294
28136	-75.7728
28137	-75.6001
28138	-75.4593
28139	-75.6822
28140	-75.3727
28141	-75.5961
28142	-75.7034
28143	-75.9533
28144	-75.94
28145	-75.5021
28146	-75.2384
28147	-75.1362
28148	-75.1766
28149	-75.2822
28150	-75.7172
28151	-75.689
28152	-75.8297
28153	-75.8531
28154	-75.9101
28155	-75.5382
28156	-75.3547
28157	-75.6999
28158	-75.694
28159	-75.9706
28160	-75.7035
28161	-75.4522
28162	-75.4652
28163	-75.397
28164	-75.3346
28165	-75.6336
28166	-75.6181
28167	-75.4962
28168	-75.8741
28169	-75.7452
28170	-75.2236
28171	-75.3677
28172	-75.9285
28173	-75.8953
28174	-75.6966
28175	-76.0978
28176	-75.9916
28177	-76.1079
28178	-75.7917
28179	-75.4945
28180	-75.4433
28181	-75.5077
28182	-75.5022
28183	-74.9077
28184	-75.3769
28185	-75.555
28186	-76.0025
28187	-75.6821
28188	-75.7175
28189	-75.3551
28190	-75.2919
28191	-75.443
28192	-75.5465
28193	-75.9586
28194	-75.8104
28195	-75.3597
28196	-76.0749
28197	-76.0216
28198	-75.7535
28199	-75.5943
28200	-75.3559
28201	-75.5164
28202	-75.9168
28203	-75.5885
28204	-75.7264
28205	-75.375
28206	-75.2815
28207	-75.5478
28208	-75.5635
28209	-75.8775
28210	-76.0392
28211	-75.6929
28212	-75.6824
28213	-75.8338
28214	-75.9698
28215	-75.6425
28216	-75.5007
28217	-75.5903
28218	-75.8974
28219	-75.9617
28220	-75.6916
28221	-75.4688
28222	-75.8769
28223	-75.8155
28224	-75.2674
28225	-75.5296
28226	-75.5215
28227	-75.5739
28228	-76.0946
28229	-75.4727
28230	-75.3041
28231	-75.4384
28232	-75.7546
28233	-75.7232
28234	-75.4614
28235	-76.0455
28236	-75.9689
28237	-75.7154
28238	-75.4556
28239	-75.317
28240	-75.5539
28241	-75.732
28242	-75.3268
28243	-75.4918
28244	-75.6679
28245	-75.5259
28246	-75.5316
28247	-75.7036
28248	-75.0466
28249	-75.5776
28250	-75.0306
28251	-75.2022
28252	-75.8394
28253	-75.8025
28254	-75.7537
28255	-75.4745
28256	-75.0467
28257	-75.284
28258	-75.7787
28259	-75.7846
28260	-75.6589
28261	-75.7575
28262	-75.5135
28263	-75.5828
28264	-75.4469
28265	-75.6253
28266	-75.5725
28267	-75.5218
28268	-75.9786
28269	-76.003
28270	-75.72
28271	-75.7089
28272	-75.6749
28273	-75.8743
28274	-75.7111
28275	-75.6918
28276	-75.9699
28277	-75.9289
28278	-75.4813
28279	-75.6627
28280	-75.6809
28281	-75.5991
28282	-75.8745
28283	-75.8217
28284	-75.6536
28285	-75.6285
28286	-76.0689
28287	-75.8749
28288	-75.2426
28289	-75.4663
28290	-75.3477
28291	-75.3831
28292	-75.8165
28293	-75.9994
28294	-75.874
28295	-75.5038
28296	-75.2164
28297	-75.3375
28298	-75.9403
28299	-75.7656
28300	-75.942
28301	-75.5355
28302	-75.8237
28303	-75.7176
28304	-75.8645
28305	-76.1473
28306	-75.4877
28307	-75.461
28308	-75.2471
28309	-75.4038
28310	-75.2403
28311	-75.4369
28312	-75.7247
28313	-75.5022
28314	-75.5715
28315	-75.617
28316	-75.4801
28317	-75.439
28318	-75.1421
28319	-75.6443
28320	-75.5485
28321	-75.2145
28322	-75.3186
28323	-75.6588
28324	-75.5192
28325	-75.5199
28326	-75.3431
28327	-75.7438
28328	-75.8699
28329	-75.4856
28330	-75.6731
28331	-75.2768
28332	-75.4768
28333	-75.9507
28334	-75.6865
28335	-75.5767
28336	-75.6805
28337	-75.5968
28338	-75.5334
28339	-75.264
28340	-75.5738
28341	-75.5068
28342	-75.4222
28343	-75.4841
28344	-75.4443
28345	-75.3675
28346	-75.3961
28347	-75.8882
28348	-75.7809
28349	-75.7744
28350	-75.5828
28351	-75.6128
28352	-75.1796
28353	-75.3162
28354	-75.4223
28355	-75.3606
28356	-75.1782
28357	-75.4952
28358	-75.2517
28359	-75.2843
28360	-75.4677
28361	-75.6443
28362	-75.5564
28363	-75.6149
28364	-75.9114
28365	-75.4102
28366	-75.3855
28367	-75.5683
28368	-75.5853
28369	-75.6905
28370	-75.5986
28371	-75.7321
28372	-76.5304
28373	-76.3234
28374	-75.7429
28375	-75.6236
28376	-75.4483
28377	-75.6229
28378	-75.8684
28379	-75.7481
28380	-75.7432
28381	-75.8852
28382	-75.2986
28383	-75.5553
28384	-75.5649
28385	-75.538
28386	-75.2157
28387	-75.1247
28388	-75.1825
28389	-75.2587
28390	-75.6352
28391	-75.7599
28392	-76.0337
28393	-75.7906
28394	-75.7041
28395	-75.6201
28396	-75.2268
28397	-75.2145
28398	-75.3593
28399	-75.5222
28400	-75.5977
28401	-75.5911
28402	-75.4796
28403	-75.9306
28404	-75.6082
28405	-75.8728
28406	-75.727
28407	-75.4959
28408	-75.3358
28409	-75.4692
28410	-75.3718
28411	-75.575
28412	-75.5046
28413	-75.5939
28414	-75.4388
28415	-75.7134
28416	-75.3486
28417	-75.6585
28418	-75.7161
28419	-75.2907
28420	-75.7644
28421	-75.9006
28422	-75.7421
28423	-75.4335
28424	-75.0412
28425	-75.5759
28426	-75.4657
28427	-76.1214
28428	-75.3484
28429	-75.5479
28430	-75.5881
28431	-75.6195
28432	-75.4955
28433	-74.9866
28434	-75.3195
28435	-75.7816
28436	-76.0282
28437	-75.9773
28438	-75.8907
28439	-75.6745
28440	-75.5232
28441	-75.4295
28442	-75.0259
28443	-75.1372
28444	-75.6935
28445	-75.7701
28446	-75.6767
28447	-75.5011
28448	-75.2854
28449	-75.4165
28450	-75.6751
28451	-75.4793
28452	-75.5037
28453	-75.5258
28454	-75.767
28455	-75.4183
28456	-75.3296
28457	-75.4976
28458	-75.4159
28459	-75.36
28460	-75.7383
28461	-75.7811
28462	-75.8755
28463	-75.7559
28464	-75.5033
28465	-75.4538
28466	-75.567
28467	-75.5445
28468	-75.2862
28469	-75.2985
28470	-75.6396
28471	-75.7601
28472	-76.0843
28473	-75.6081
28474	-75.3757
28475	-75.831
28476	-75.6163
28477	-75.5708
28478	-75.8877
28479	-75.9954
28480	-75.8824
28481	-76.0203
28482	-75.6831
28483	-75.7621
28484	-75.8533
28485	-75.4887
28486	-75.6184
28487	-76.0133
28488	-75.7878
28489	-75.349
28490	-75.4413
28491	-75.7895
28492	-75.5253
28493	-75.4869
28494	-75.7234
28495	-75.4978
28496	-75.6361
28497	-76.0741
28498	-75.7552
28499	-75.4526
28500	-75.3714
28501	-75.5267
28502	-75.7464
28503	-75.4726
28504	-75.1893
28505	-75.4482
28506	-75.7803
28507	-75.7055
28508	-75.7273
28509	-75.566
28510	-76.0498
28511	-75.9209
28512	-75.9774
28513	-75.7252
28514	-75.3272
28515	-75.7756
28516	-75.6002
28517	-75.4987
28518	-75.8077
28519	-75.4408
28520	-75.2114
28521	-75.3107
28522	-75.7668
28523	-75.3196
28524	-75.304
28525	-75.4401
28526	-75.3912
28527	-75.5166
28528	-75.6077
28529	-75.5068
28530	-75.8679
28531	-75.3748
28532	-75.4683
28533	-75.571
28534	-75.6237
28535	-75.5819
28536	-75.2474
28537	-75.6771
28538	-75.3192
28539	-75.6007
28540	-75.7032
28541	-75.5348
28542	-75.301
28543	-75.4655
28544	-75.4741
28545	-75.7438
28546	-75.6187
28547	-75.5332
28548	-76.0201
28549	-75.9591
28550	-75.3963
28551	-75.3582
28552	-75.527
28553	-75.4437
28554	-75.195
28555	-75.9505
28556	-76.3552
28557	-75.9734
28558	-75.8824
28559	-75.7056
28560	-76.3379
28561	-76.3723
28562	-75.5992
28563	-75.1658
28564	-75.3801
28565	-75.7059
28566	-75.6811
28567	-75.5114
28568	-75.3805
28569	-75.6601
28570	-75.5935
28571	-75.3251
28572	-75.7078
28573	-75.9148
28574	-75.5808
28575	-75.834
28576	-75.9724
28577	-75.8272
28578	-75.6317
28579	-75.4811
28580	-75.5523
28581	-75.6305
28582	-75.6071
28583	-75.5734
28584	-75.9151
28585	-75.6838
28586	-75.4096
28587	-75.6143
28588	-75.8356
28589	-75.7251
28590	-75.8833
28591	-75.9395
28592	-75.5489
28593	-75.4484
28594	-75.3656
28595	-75.4473
28596	-75.6107
28597	-75.404
28598	-75.2865
28599	-75.5302
28600	-75.6448
28601	-75.6455
28602	-75.6963
28603	-75.8096
28604	-75.5995
28605	-75.3112
28606	-75.1088
28607	-75.6595
28608	-75.8756
28609	-75.3208
28610	-75.2526
28611	-75.5235
28612	-75.3933
28613	-75.5706
28614	-75.5957
28615	-75.1068
28616	-75.3983
28617	-75.6645
28618	-75.7574
28619	-75.5544
28620	-75.6068
28621	-75.2618
28622	-75.5142
28623	-75.6529
28624	-75.6651
28625	-75.6694
28626	-75.6751
28627	-76.0594
28628	-76.0467
28629	-75.6469
28630	-75.4791
28631	-75.5479
28632	-75.5524
28633	-75.7355
28634	-75.1665
28635	-75.3368
28636	-75.7598
28637	-75.4358
28638	-75.4913
28639	-75.3992
28640	-75.9682
28641	-75.4967
28642	-75.8828
28643	-75.8021
28644	-76.0114
28645	-75.9781
28646	-75.4232
28647	-75.3501
28648	-75.143
28649	-75.271
28650	-75.8588
28651	-75.7206
28652	-75.281
28653	-76.0661
28654	-75.9065
28655	-75.7135
28656	-75.6212
28657	-75.6637
28658	-75.9308
28659	-75.4266
28660	-75.0688
28661	-75.4292
28662	-75.6947
28663	-75.4184
28664	-75.1917
28665	-75.6307
28666	-75.4507
28667	-75.7738
28668	-75.8149
28669	-75.8495
28670	-75.4933
28671	-75.272
28672	-75.4522
28673	-75.6391
28674	-76.1686
28675	-75.3626
28676	-75.5893
28677	-75.9301
28678	-75.9536
28679	-75.8632
28680	-75.5996
28681	-75.433
28682	-75.2624
28683	-74.9174
28684	-75.4357
28685	-75.6985
28686	-76.0466
28687	-75.7951
28688	-75.4792
28689	-75.3397
28690	-75.5334
28691	-75.5025
28692	-75.5639
28693	-75.9209
28694	-75.5922
28695	-75.5719
28696	-75.8546
28697	-75.6739
28698	-75.9164
28699	-76.1608
28700	-75.476
28701	-75.4229
28702	-75.2661
28703	-75.2025
28704	-75.1754
28705	-75.1115
28706	-75.3532
28707	-75.4576
28708	-75.4334
28709	-75.4686
28710	-75.4369
28711	-75.5416
28712	-75.5671
28713	-75.999
28714	-75.6674
28715	-75.9261
28716	-75.7183
28717	-75.9809
28718	-75.8589
28719	-75.8508
28720	-75.9133
28721	-75.8161
28722	-75.57
28723	-75.2736
28724	-75.7492
28725	-75.6811
28726	-75.3085
28727	-75.2457
28728	-75.6341
28729	-75.5976
28730	-75.788
28731	-75.9152
28732	-76.1103
28733	-75.6967
28734	-75.4269
28735	-75.5656
28736	-75.5675
28737	-75.5669
28738	-75.7315
28739	-75.9511
28740	-76.0131
28741	-76.1718
28742	-76.0086
28743	-75.6469
28744	-75.7446
28745	-75.2808
28746	-75.5013
28747	-75.7369
28748	-75.9598
28749	-75.7075
28750	-75.4328
28751	-75.2231
28752	-74.9995
28753	-75.0456
28754	-75.6033
28755	-75.6103
28756	-75.8995
28757	-75.7446
28758	-75.7274
28759	-75.921
28760	-75.6594
28761	-75.2984
28762	-75.553
28763	-75.5867
28764	-75.7141
28765	-75.5969
28766	-75.6994
28767	-75.8119
28768	-75.652
28769	-75.4739
28770	-75.4323
28771	-75.6611
28772	-75.4002
28773	-75.351
28774	-75.9604
28775	-75.7345
28776	-75.8394
28777	-75.7896
28778	-75.8703
28779	-75.9561
28780	-75.7075
28781	-75.4313
28782	-75.1854
28783	-75.4979
28784	-75.3844
28785	-75.5587
28786	-75.2522
28787	-75.1726
28788	-75.5214
28789	-75.8128
28790	-75.8161
28791	-75.6431
28792	-75.6394
28793	-75.0611
28794	-75.7399
28795	-75.8023
28796	-75.8642
28797	-75.5864
28798	-75.3677
28799	-75.621
28800	-75.46
28801	-75.7035
28802	-75.6641
28803	-75.8559
28804	-75.4758
28805	-75.7909
28806	-75.8495
28807	-75.6117
28808	-75.69
28809	-75.6113
28810	-75.3257
28811	-75.7005
28812	-75.8561
28813	-75.8151
28814	-75.4019
28815	-75.8691
28816	-75.7079
28817	-75.8704
28818	-75.7688
28819	-75.9909
28820	-75.387
28821	-74.9764
28822	-75.2637
28823	-75.7774
28824	-75.9401
28825	-75.5186
28826	-75.2385
28827	-75.2996
28828	-75.64
28829	-75.401
28830	-75.9284
28831	-75.8458
28832	-75.5321
28833	-75.7028
28834	-75.6229
28835	-75.8314
28836	-75.4363
28837	-75.8243
28838	-75.8969
28839	-75.8445
28840	-75.8416
28841	-75.6251
28842	-75.4591
28843	-75.5749
28844	-75.7001
28845	-75.5849
28846	-75.4854
28847	-75.58
28848	-75.6091
28849	-75.7049
28850	-75.8154
28851	-75.5392
28852	-75.8137
28853	-75.5469
28854	-75.762
28855	-76.0578
28856	-75.7559
28857	-75.4743
28858	-75.5482
28859	-75.732
28860	-75.482
28861	-75.5164
28862	-75.6527
28863	-75.2577
28864	-75.1241
28865	-75.591
28866	-75.5858
28867	-75.1932
28868	-75.5851
28869	-75.6267
28870	-75.4324
28871	-75.1463
28872	-75.4901
28873	-75.5395
28874	-75.5946
28875	-75.6292
28876	-75.626
28877	-75.6579
28878	-75.3646
28879	-75.8341
28880	-75.8007
28881	-75.5506
28882	-75.9815
28883	-76.1245
28884	-75.3299
28885	-74.9928
28886	-75.1642
28887	-75.4475
28888	-75.4997
28889	-75.4124
28890	-75.1394
28891	-75.8686
28892	-75.6506
28893	-75.7765
28894	-75.416
28895	-75.1766
28896	-75.1204
28897	-75.0992
28898	-75.6911
28899	-75.5589
28900	-75.2989
28901	-75.7878
28902	-75.8104
28903	-75.4012
28904	-75.2139
28905	-75.1344
28906	-75.3358
28907	-75.4767
28908	-74.9356
28909	-75.0185
28910	-75.4341
28911	-75.5111
28912	-75.143
28913	-75.4911
28914	-75.5202
28915	-75.4276
28916	-75.3249
28917	-74.9884
28918	-75.7864
28919	-76.1144
28920	-75.9839
28921	-75.7205
28922	-75.4502
28923	-75.4945
28924	-75.7915
28925	-75.8146
28926	-75.6662
28927	-75.7128
28928	-75.6051
28929	-75.6126
28930	-75.7729
28931	-75.2747
28932	-75.1445
28933	-75.1799
28934	-75.641
28935	-75.6846
28936	-75.5312
28937	-75.5634
28938	-75.54
28939	-75.8759
28940	-75.6841
28941	-75.3133
28942	-75.3044
28943	-75.5858
28944	-75.3938
28945	-75.304
28946	-75.7269
28947	-75.6194
28948	-75.4718
28949	-75.5018
28950	-75.0582
28951	-75.2625
28952	-75.3753
28953	-75.2288
28954	-75.3694
28955	-75.7939
28956	-75.6704
28957	-75.5094
28958	-75.3182
28959	-75.4564
28960	-76.2696
28961	-75.9291
28962	-75.7776
28963	-75.6701
28964	-75.4925
28965	-75.4823
28966	-75.41
28967	-75.5386
28968	-75.2826
28969	-75.2701
28970	-75.6382
28971	-75.7471
28972	-75.5395
28973	-75.3585
28974	-75.4525
28975	-75.4177
28976	-75.3768
28977	-75.3296
28978	-75.4289
28979	-75.3751
28980	-75.6644
28981	-76.0855
28982	-75.6888
28983	-76.228
28984	-76.1196
28985	-75.6745
28986	-75.9344
28987	-76.1022
28988	-75.6969
28989	-75.6811
28990	-75.2754
28991	-75.5506
28992	-75.614
28993	-75.2219
28994	-75.356
28995	-75.5507
28996	-75.8121
28997	-75.5785
28998	-76.0332
28999	-75.8665
29000	-75.8263
29001	-75.9386
29002	-75.6157
29003	-75.3012
29004	-75.2756
29005	-75.4157
29006	-75.5391
29007	-75.6288
29008	-75.8548
29009	-76.0464
29010	-75.8361
29011	-75.753
29012	-75.6377
29013	-75.6032
29014	-75.9454
29015	-75.3687
29016	-75.4023
29017	-75.5155
29018	-75.4366
29019	-75.4615
29020	-75.7213
29021	-75.415
29022	-75.5046
29023	-75.2733
29024	-75.661
29025	-75.41
29026	-75.3945
29027	-75.3904
29028	-75.5002
29029	-75.4758
29030	-75.3641
29031	-75.5855
29032	-75.5402
29033	-75.6671
29034	-75.6259
29035	-75.3401
29036	-75.3129
29037	-75.4119
29038	-75.3425
29039	-75.2847
29040	-75.2619
29041	-75.651
29042	-75.8046
29043	-75.4065
29044	-75.7838
29045	-76.2381
29046	-75.6285
29047	-75.6159
29048	-75.1171
29049	-75.5193
29050	-75.73
29051	-75.4376
29052	-75.3232
29053	-75.5234
29054	-75.6238
29055	-75.4728
29056	-75.6391
29057	-75.4796
29058	-75.8719
29059	-75.5268
29060	-75.7996
29061	-75.8902
29062	-75.5669
29063	-75.6413
29064	-75.4418
29065	-75.1662
29066	-75.5988
29067	-75.677
29068	-75.9409
29069	-75.8597
29070	-75.7187
29071	-75.7286
29072	-75.7244
29073	-75.5603
29074	-75.948
29075	-75.7652
29076	-75.2563
29077	-75.1855
29078	-75.5732
29079	-75.8767
29080	-75.764
29081	-75.4624
29082	-75.3381
29083	-75.4256
29084	-75.7599
29085	-75.9021
29086	-75.8022
29087	-76.0888
29088	-75.7921
29089	-75.5934
29090	-75.2076
29091	-75.3674
29092	-75.5679
29093	-75.4378
29094	-75.497
29095	-75.6489
29096	-76.2507
29097	-75.898
29098	-75.5654
29099	-75.8914
29100	-75.7882
29101	-75.5997
29102	-75.8483
29103	-75.439
29104	-75.2852
29105	-76.1149
29106	-75.964
29107	-75.7137
29108	-75.5235
29109	-75.078
29110	-75.3414
29111	-75.7605
29112	-75.8725
29113	-75.4489
29114	-75.8183
29115	-75.439
29116	-75.6205
29117	-75.9232
29118	-75.992
29119	-75.8898
29120	-75.8433
29121	-75.6118
29122	-75.4206
29123	-75.8927
29124	-75.6704
29125	-75.9446
29126	-75.8594
29127	-75.8546
29128	-75.3505
29129	-75.2589
29130	-75.5112
29131	-75.6812
29132	-75.767
29133	-75.7087
29134	-75.4562
29135	-75.4533
29136	-75.2971
29137	-75.9185
29138	-75.7734
29139	-75.4649
29140	-76.0217
29141	-75.4941
29142	-75.0439
29143	-75.424
29144	-75.2969
29145	-75.3889
29146	-75.8405
29147	-75.7447
29148	-76.1429
29149	-75.8711
29150	-75.9608
29151	-75.5381
29152	-75.4027
29153	-75.5167
29154	-75.4659
29155	-75.4809
29156	-75.7403
29157	-75.8478
29158	-75.1439
29159	-75.4312
29160	-75.4785
29161	-75.7536
29162	-75.8246
29163	-75.8621
29164	-75.885
29165	-75.7978
29166	-75.7427
29167	-76.172
29168	-75.7359
29169	-75.7428
29170	-75.3197
29171	-75.9855
29172	-75.5447
29173	-75.2474
29174	-75.8836
29175	-75.571
29176	-75.2819
29177	-75.2482
29178	-75.2793
29179	-75.14
29180	-75.4112
29181	-75.3699
29182	-75.5648
29183	-76.1116
29184	-75.616
29185	-75.7599
29186	-75.6924
29187	-75.8933
29188	-75.6501
29189	-74.9233
29190	-75.5255
29191	-75.9149
29192	-75.6901
29193	-75.6658
29194	-75.468
29195	-75.7501
29196	-75.9439
29197	-75.2943
29198	-75.3835
29199	-75.343
29200	-75.5785
29201	-75.6052
29202	-75.607
29203	-75.6167
29204	-75.1397
29205	-75.4944
29206	-75.6295
29207	-75.5157
29208	-76.2097
29209	-75.8693
29210	-76.2057
29211	-75.5638
29212	-75.6754
29213	-75.8665
29214	-75.8522
29215	-75.7591
29216	-75.2931
29217	-75.3992
29218	-75.6652
29219	-75.5525
29220	-75.5971
29221	-75.689
29222	-75.5334
29223	-75.7801
29224	-75.8023
29225	-75.479
29226	-75.6674
29227	-75.6416
29228	-75.8856
29229	-75.9575
29230	-75.752
29231	-75.5981
29232	-75.3943
29233	-75.5188
29234	-75.6799
29235	-75.65
29236	-75.4289
29237	-75.7163
29238	-76.0847
29239	-75.393
29240	-75.5658
29241	-75.6908
29242	-75.9116
29243	-75.6084
29244	-75.6387
29245	-75.412
29246	-75.689
29247	-75.7055
29248	-75.6006
29249	-75.7783
29250	-75.7108
29251	-75.3595
29252	-75.6858
29253	-75.754
29254	-75.8961
29255	-76.2214
29256	-75.978
29257	-75.9488
29258	-75.7246
29259	-75.777
29260	-75.7922
29261	-75.6042
29262	-75.1252
29263	-75.6262
29264	-75.8361
29265	-75.4485
29266	-75.8182
29267	-75.3207
29268	-75.6295
29269	-75.7491
29270	-75.2929
29271	-75.2029
29272	-75.2557
29273	-75.452
29274	-75.1957
29275	-75.5234
29276	-75.3593
29277	-75.5258
29278	-75.7162
29279	-75.5668
29280	-75.3621
29281	-75.6209
29282	-75.4472
29283	-75.3652
29284	-75.2047
29285	-75.4284
29286	-75.6911
29287	-75.6335
29288	-75.7754
29289	-75.9844
29290	-75.5579
29291	-75.6173
29292	-75.4472
29293	-75.523
29294	-75.5938
29295	-75.9225
29296	-75.2036
29297	-75.3139
29298	-75.3228
29299	-75.5163
29300	-76.0128
29301	-76.1085
29302	-75.855
29303	-75.8887
29304	-75.6562
29305	-75.487
29306	-75.6964
29307	-75.9513
29308	-76.0569
29309	-75.7626
29310	-75.967
29311	-75.6417
29312	-75.6616
29313	-75.8926
29314	-76.1295
29315	-75.7637
29316	-75.6792
29317	-75.5485
29318	-75.7024
29319	-75.7373
29320	-75.4013
29321	-75.3866
29322	-75.9773
29323	-75.6063
29324	-75.3779
29325	-75.7478
29326	-75.7913
29327	-76.158
29328	-75.7475
29329	-75.6028
29330	-75.3038
29331	-75.003
29332	-75.1978
29333	-75.5443
29334	-75.8698
29335	-75.7584
29336	-75.7438
29337	-75.7445
29338	-75.9378
29339	-75.9527
29340	-75.9902
29341	-75.8256
29342	-75.665
29343	-75.3594
29344	-75.4402
29345	-75.3783
29346	-75.7012
29347	-75.4207
29348	-75.4681
29349	-75.5945
29350	-75.8339
29351	-75.969
29352	-75.9115
29353	-75.7213
29354	-76.0721
29355	-75.3221
29356	-75.4057
29357	-75.7771
29358	-75.4875
29359	-75.3743
29360	-75.3173
29361	-75.3884
29362	-75.5999
29363	-75.9766
29364	-75.345
29365	-75.5205
29366	-76.0127
29367	-75.4222
29368	-75.6028
29369	-75.5076
29370	-75.691
29371	-75.527
29372	-75.2689
29373	-75.2393
29374	-75.1715
29375	-75.5115
29376	-75.5005
29377	-75.4346
29378	-75.204
29379	-75.4342
29380	-75.473
29381	-75.6808
29382	-75.3827
29383	-75.6249
29384	-75.6316
29385	-75.2874
29386	-75.2742
29387	-75.2451
29388	-75.1035
29389	-75.7516
29390	-75.5708
29391	-75.2094
29392	-75.2589
29393	-75.409
29394	-75.785
29395	-75.7487
29396	-75.5694
29397	-75.4069
29398	-75.2327
29399	-75.4626
29400	-75.2091
29401	-75.3342
29402	-75.7814
29403	-75.2539
29404	-75.5043
29405	-75.7831
29406	-75.9391
29407	-75.711
29408	-75.7932
29409	-76.0705
29410	-75.9786
29411	-75.7878
29412	-75.0871
29413	-75.3129
29414	-75.6979
29415	-75.7762
29416	-75.5544
29417	-75.4482
29418	-75.6648
29419	-75.6698
29420	-75.7734
29421	-75.4896
29422	-75.481
29423	-75.4143
29424	-75.5523
29425	-75.2179
29426	-75.4874
29427	-75.6332
29428	-75.5509
29429	-75.5938
29430	-76.0372
29431	-75.8138
29432	-75.9
29433	-75.6109
29434	-75.6024
29435	-75.8947
29436	-75.7112
29437	-75.9266
29438	-75.7492
29439	-75.2736
29440	-74.953
29441	-74.8408
29442	-75.4882
29443	-75.8785
29444	-76.0108
29445	-75.8359
29446	-75.6483
29447	-75.5064
29448	-75.3427
29449	-75.4384
29450	-75.8759
29451	-75.9477
29452	-75.5881
29453	-75.1779
29454	-75.5796
29455	-75.6842
29456	-75.97
29457	-75.6686
29458	-75.3128
29459	-75.1272
29460	-75.2134
29461	-75.4331
29462	-75.2139
29463	-75.3972
29464	-75.5282
29465	-75.9241
29466	-75.4505
29467	-75.5568
29468	-75.4617
29469	-75.7485
29470	-76.0278
29471	-75.3553
29472	-75.3384
29473	-75.6716
29474	-75.5291
29475	-75.9271
29476	-75.8261
29477	-75.201
29478	-75.6733
29479	-75.8073
29480	-75.8973
29481	-75.7832
29482	-75.7011
29483	-75.5513
29484	-75.4111
29485	-75.5485
29486	-75.3932
29487	-75.5618
29488	-75.8155
29489	-75.6963
29490	-75.9326
29491	-75.4998
29492	-75.5966
29493	-75.3761
29494	-75.3491
29495	-75.3641
29496	-75.4506
29497	-75.8823
29498	-75.7895
29499	-75.5432
29500	-75.9013
29501	-75.7776
29502	-75.9116
29503	-75.7962
29504	-75.7299
29505	-75.6076
29506	-75.7989
29507	-75.546
29508	-75.583
29509	-75.322
29510	-75.5018
29511	-75.5183
29512	-75.802
29513	-75.5429
29514	-75.7827
29515	-75.9281
29516	-75.904
29517	-75.4423
29518	-75.6765
29519	-75.611
29520	-75.0655
29521	-75.5305
29522	-75.887
29523	-75.7713
29524	-75.4217
29525	-75.0557
29526	-75.3811
29527	-75.7985
29528	-75.7415
29529	-75.8413
29530	-75.6485
29531	-75.6778
29532	-75.7011
29533	-75.3732
29534	-75.7031
29535	-75.4565
29536	-75.6719
29537	-75.602
29538	-75.5868
29539	-75.2075
29540	-75.5047
29541	-75.5219
29542	-75.818
29543	-75.9474
29544	-75.6908
29545	-75.6831
29546	-75.5209
29547	-75.7046
29548	-75.8503
29549	-75.1893
29550	-75.7289
29551	-75.9273
29552	-75.375
29553	-75.3779
29554	-75.5798
29555	-75.5957
29556	-75.6547
29557	-75.5261
29558	-75.3258
29559	-75.5856
29560	-75.4236
29561	-75.7936
29562	-76.1622
29563	-75.882
29564	-75.4148
29565	-75.5839
29566	-75.5492
29567	-75.5053
29568	-75.5604
29569	-76.0721
29570	-75.843
29571	-76.0747
29572	-76.1678
29573	-75.727
29574	-75.3595
29575	-75.6562
29576	-75.5553
29577	-75.6418
29578	-75.746
29579	-75.2659
29580	-75.6616
29581	-75.608
29582	-74.9231
29583	-75.3621
29584	-75.5228
29585	-75.5414
29586	-75.9222
29587	-75.8559
29588	-75.5344
29589	-75.2865
29590	-75.6879
29591	-75.6894
29592	-75.9326
29593	-76.1369
29594	-75.9922
29595	-75.6928
29596	-75.4514
29597	-75.9022
29598	-75.9815
29599	-75.584
29600	-75.6616
29601	-75.6576
29602	-75.8368
29603	-75.6403
29604	-75.759
29605	-75.7611
29606	-75.462
29607	-75.5028
29608	-75.627
29609	-76.0694
29610	-76.2705
29611	-75.609
29612	-75.406
29613	-75.8322
29614	-75.7627
29615	-75.6801
29616	-75.6198
29617	-75.2579
29618	-75.4666
29619	-75.7952
29620	-75.6467
29621	-75.393
29622	-75.5854
29623	-75.1913
29624	-75.365
29625	-75.5297
29626	-75.6251
29627	-75.7391
29628	-75.6497
29629	-75.4145
29630	-75.4517
29631	-75.5446
29632	-75.7937
29633	-75.5723
29634	-75.199
29635	-75.1895
29636	-75.5897
29637	-75.7474
29638	-75.6601
29639	-75.5027
29640	-75.6028
29641	-76.3162
29642	-76.4686
29643	-76.2663
29644	-75.9504
29645	-75.5702
29646	-75.7415
29647	-75.8857
29648	-76.2386
29649	-76.0096
29650	-75.974
29651	-75.7996
29652	-75.4568
29653	-75.3818
29654	-75.3461
29655	-75.906
29656	-75.6797
29657	-75.7615
29658	-75.94
29659	-75.4144
29660	-75.555
29661	-75.8541
29662	-75.7436
29663	-75.5894
29664	-75.6044
29665	-75.3998
29666	-75.7166
29667	-75.658
29668	-75.5161
29669	-75.8224
29670	-75.4174
29671	-75.3688
29672	-75.212
29673	-75.0792
29674	-75.4863
29675	-75.6981
29676	-75.8148
29677	-75.778
29678	-75.5354
29679	-75.5081
29680	-75.6204
29681	-75.753
29682	-75.6192
29683	-75.4667
29684	-75.429
29685	-75.4644
29686	-75.5756
29687	-75.5778
29688	-75.8523
29689	-75.6736
29690	-75.2399
29691	-75.1504
29692	-75.5607
29693	-75.7373
29694	-75.6522
29695	-76.1232
29696	-75.5521
29697	-75.5371
29698	-75.6951
29699	-75.8792
29700	-75.8883
29701	-75.6869
29702	-75.6685
29703	-75.4159
29704	-75.5125
29705	-75.6961
29706	-75.6214
29707	-75.3235
29708	-75.8246
29709	-75.4812
29710	-75.7733
29711	-75.6199
29712	-75.3004
29713	-75.5711
29714	-76.0293
29715	-75.7132
29716	-75.6381
29717	-75.6903
29718	-76.0569
29719	-75.831
29720	-75.3913
29721	-75.3552
29722	-75.3477
29723	-75.3494
29724	-75.4312
29725	-75.3635
29726	-75.3772
29727	-75.5352
29728	-75.8531
29729	-75.3524
29730	-75.6727
29731	-75.6426
29732	-74.9701
29733	-75.1927
29734	-75.3623
29735	-75.581
29736	-75.695
29737	-75.4423
29738	-75.3819
29739	-75.5454
29740	-75.5663
29741	-75.4816
29742	-75.6268
29743	-75.4588
29744	-75.9583
29745	-75.795
29746	-75.391
29747	-75.5212
29748	-75.3267
29749	-75.8367
29750	-75.5196
29751	-75.7267
29752	-75.2966
29753	-74.9068
29754	-75.2012
29755	-75.6017
29756	-75.5428
29757	-75.1742
29758	-75.006
29759	-75.2493
29760	-75.6573
29761	-75.5137
29762	-75.5505
29763	-75.8505
29764	-75.7107
29765	-75.6177
29766	-75.7494
29767	-75.745
29768	-75.5566
29769	-76.0875
29770	-76.0166
29771	-75.5997
29772	-75.4823
29773	-75.1933
29774	-75.4488
29775	-75.4588
29776	-75.2782
29777	-75.5793
29778	-75.4656
29779	-75.6316
29780	-75.731
29781	-75.9711
29782	-75.3632
29783	-75.009
29784	-75.3926
29785	-75.9685
29786	-75.7183
29787	-75.1312
29788	-75.2722
29789	-75.715
29790	-75.7587
29791	-75.4755
29792	-75.2406
29793	-75.0583
29794	-75.4067
29795	-75.4646
29796	-75.7054
29797	-75.7548
29798	-75.7214
29799	-75.6951
29800	-75.5974
29801	-75.3966
29802	-75.3352
29803	-75.2379
29804	-75.5939
29805	-75.4657
29806	-75.3304
29807	-75.4089
29808	-75.3926
29809	-75.7222
29810	-75.7079
29811	-75.635
29812	-75.5706
29813	-75.7392
29814	-75.62
29815	-75.1495
29816	-75.0264
29817	-75.0516
29818	-75.6125
29819	-75.4394
29820	-74.8517
29821	-75.2214
29822	-75.4917
29823	-75.5902
29824	-75.286
29825	-75.6347
29826	-75.8198
29827	-75.688
29828	-75.7981
29829	-75.8554
29830	-76.1888
29831	-75.5219
29832	-75.2292
29833	-75.6498
29834	-75.7237
29835	-75.5734
29836	-75.3209
29837	-75.2666
29838	-75.3913
29839	-75.5384
29840	-75.5698
29841	-75.5616
29842	-75.6463
29843	-75.6382
29844	-75.8506
29845	-75.5209
29846	-75.5791
29847	-75.4564
29848	-75.565
29849	-75.7136
29850	-75.6866
29851	-75.4193
29852	-75.708
29853	-76.2194
29854	-76.037
29855	-75.7308
29856	-75.7549
29857	-75.9903
29858	-75.3467
29859	-75.2542
29860	-75.3557
29861	-75.3768
29862	-75.1815
29863	-75.492
29864	-75.5391
29865	-75.408
29866	-75.3272
29867	-75.6571
29868	-75.5991
29869	-75.4623
29870	-75.7562
29871	-75.5777
29872	-75.5204
29873	-75.363
29874	-75.6277
29875	-75.5584
29876	-75.5268
29877	-75.4911
29878	-74.9491
29879	-75.4429
29880	-75.866
29881	-75.7053
29882	-75.4969
29883	-75.9038
29884	-75.5076
29885	-75.7353
29886	-75.8339
29887	-75.8959
29888	-75.808
29889	-75.3695
29890	-75.7928
29891	-75.4009
29892	-75.7732
29893	-75.8228
29894	-76.1102
29895	-76.0412
29896	-76.0149
29897	-75.6358
29898	-75.9083
29899	-75.6528
29900	-75.408
29901	-75.5327
29902	-75.4759
29903	-75.5452
29904	-75.6465
29905	-75.6014
29906	-75.7218
29907	-75.5731
29908	-75.2903
29909	-75.7345
29910	-75.8868
29911	-75.6722
29912	-75.564
29913	-75.3956
29914	-75.3089
29915	-75.422
29916	-75.2795
29917	-75.8628
29918	-76.0024
29919	-75.7825
29920	-75.4967
29921	-75.8564
29922	-75.4678
29923	-75.4625
29924	-75.8683
29925	-75.634
29926	-75.7556
29927	-75.5932
29928	-75.7692
29929	-75.8799
29930	-75.7558
29931	-75.9247
29932	-76.2333
29933	-75.7311
29934	-75.4178
29935	-75.6083
29936	-75.8072
29937	-75.3638
29938	-75.5002
29939	-75.3141
29940	-75.0733
29941	-75.5708
29942	-75.8682
29943	-75.6709
29944	-75.3159
29945	-75.0523
29946	-75.1147
29947	-75.2919
29948	-75.3806
29949	-75.1973
29950	-75.3345
29951	-75.4745
29952	-75.5936
29953	-75.6779
29954	-75.676
29955	-75.5151
29956	-75.6401
29957	-76.0076
29958	-75.7824
29959	-75.7352
29960	-75.5256
29961	-75.4535
29962	-75.2702
29963	-75.6823
29964	-75.4628
29965	-75.4432
29966	-75.731
29967	-75.3822
29968	-75.5331
29969	-75.7078
29970	-75.7696
29971	-75.9259
29972	-75.4974
29973	-75.6783
29974	-75.3049
29975	-75.7252
29976	-75.5337
29977	-75.645
29978	-75.465
29979	-75.8794
29980	-76.0626
29981	-75.4642
29982	-75.3325
29983	-75.3708
29984	-75.6421
29985	-75.8336
29986	-75.582
29987	-75.5673
29988	-75.6791
29989	-75.8153
29990	-75.7609
29991	-75.8808
29992	-75.7401
29993	-75.1795
29994	-75.2139
29995	-75.6127
29996	-75.6088
29997	-75.5205
29998	-75.5102
29999	-72.8499
30000	-70.5426
30001	-74.1005
30002	-75.3952
30003	-75.5941
30004	-75.848
30005	-75.5091
30006	-75.4659
30007	-75.5504
30008	-75.9259
30009	-75.9252
30010	-75.2723
30011	-75.4381
30012	-75.5868
30013	-75.6268
30014	-75.5707
30015	-75.8047
30016	-75.7663
30017	-75.8033
30018	-75.8471
30019	-75.94
30020	-75.5778
30021	-75.3279
30022	-75.1909
30023	-75.3084
30024	-75.2971
30025	-75.6194
30026	-75.9811
30027	-75.6748
30028	-75.4098
30029	-75.5244
30030	-75.8692
30031	-76.0781
30032	-75.6956
30033	-75.6392
30034	-76.0245
30035	-75.5788
30036	-75.4162
30037	-75.4349
30038	-75.513
30039	-75.6986
30040	-75.8876
30041	-75.4523
30042	-75.5687
30043	-75.4532
30044	-75.4852
30045	-75.8309
30046	-75.6441
30047	-75.7013
30048	-75.4748
30049	-75.2231
30050	-75.528
30051	-75.7393
30052	-75.4376
30053	-75.6006
30054	-75.2362
30055	-75.9423
30056	-76.2236
30057	-75.9566
30058	-75.6946
30059	-75.8149
30060	-75.4511
30061	-75.3543
30062	-75.2808
30063	-75.3088
30064	-75.7605
30065	-75.5184
30066	-75.5683
30067	-75.8402
30068	-75.4967
30069	-75.511
30070	-75.691
30071	-75.7818
30072	-75.6976
30073	-75.7878
30074	-76.0473
30075	-75.9808
30076	-75.879
30077	-75.8254
30078	-75.848
30079	-75.3504
30080	-75.5935
30081	-75.4603
30082	-75.5834
30083	-75.3097
30084	-75.6648
30085	-75.6494
30086	-75.2858
30087	-75.4481
30088	-75.4365
30089	-75.6965
30090	-75.7381
30091	-75.7886
30092	-76.001
30093	-75.8621
30094	-75.8361
30095	-75.9192
30096	-75.9458
30097	-75.4946
30098	-75.4366
30099	-75.4579
30100	-75.5639
30101	-75.4682
30102	-75.9289
30103	-75.8506
30104	-75.6787
30105	-75.3442
30106	-75.3483
30107	-75.1096
30108	-75.0714
30109	-75.566
30110	-75.6212
30111	-75.4689
30112	-75.5875
30113	-75.5595
30114	-75.3739
30115	-75.1893
30116	-75.6785
30117	-75.8624
30118	-75.6657
30119	-75.9719
30120	-76.2449
30121	-76.0618
30122	-75.7847
30123	-75.7305
30124	-76.0653
30125	-75.9736
30126	-76.0376
30127	-75.3039
30128	-75.5382
30129	-75.0439
30130	-75.0458
30131	-75.1749
30132	-75.4254
30133	-75.5854
30134	-75.6888
30135	-75.7359
30136	-75.9217
30137	-75.9186
30138	-75.603
30139	-75.2105
30140	-74.9469
30141	-75.2296
30142	-75.0408
30143	-75.276
30144	-75.25
30145	-75.5161
30146	-75.0317
30147	-75.416
30148	-75.7092
30149	-75.4368
30150	-75.9199
30151	-76.0897
30152	-76.2522
30153	-75.6712
30154	-75.4528
30155	-75.3604
30156	-75.4227
30157	-75.7241
30158	-75.5468
30159	-75.8276
30160	-75.585
30161	-75.7055
30162	-75.2594
30163	-75.1822
30164	-75.1981
30165	-75.2849
30166	-75.3748
30167	-75.7054
30168	-75.5266
30169	-75.4858
30170	-75.7865
30171	-75.7985
30172	-75.6599
30173	-75.2181
30174	-75.3608
30175	-75.5534
30176	-75.3816
30177	-75.4656
30178	-75.573
30179	-75.7102
30180	-76.0887
30181	-75.5508
30182	-75.5676
30183	-75.1577
30184	-75.2102
30185	-75.2005
30186	-75.5572
30187	-75.469
30188	-75.8046
30189	-75.811
30190	-75.4727
30191	-75.6383
30192	-75.5737
30193	-75.4723
30194	-75.1658
30195	-75.489
30196	-75.5984
30197	-75.1636
30198	-74.9896
30199	-75.1071
30200	-75.4732
30201	-75.4257
30202	-75.2881
30203	-75.8294
30204	-75.5465
30205	-75.678
30206	-75.91
30207	-75.4179
30208	-75.4904
30209	-75.631
30210	-75.9286
30211	-75.4397
30212	-75.5362
30213	-75.428
30214	-75.6059
30215	-76.2241
30216	-75.8778
30217	-75.5667
30218	-75.5931
30219	-75.2861
30220	-75.3687
30221	-75.4668
30222	-75.1962
30223	-75.3376
30224	-75.4195
30225	-75.2482
30226	-75.0885
30227	-75.5962
30228	-75.6724
30229	-75.6009
30230	-75.2362
30231	-75.1693
30232	-75.3828
30233	-75.6976
30234	-75.475
30235	-75.7301
30236	-75.6906
30237	-75.7529
30238	-75.6546
30239	-75.5149
30240	-75.189
30241	-75.2914
30242	-75.7939
30243	-76.0292
30244	-75.8097
30245	-76.0692
30246	-75.6569
30247	-75.3501
30248	-75.3026
30249	-75.7466
30250	-76.4054
30251	-75.73
30252	-75.4182
30253	-75.5394
30254	-75.6079
30255	-75.0557
30256	-75.1484
30257	-75.3091
30258	-75.7195
30259	-75.8484
30260	-75.8546
30261	-75.685
30262	-75.9636
30263	-75.8465
30264	-75.7526
30265	-75.7568
30266	-75.774
30267	-75.866
30268	-75.68
30269	-75.8385
30270	-75.265
30271	-74.954
30272	-75.8102
30273	-75.8303
30274	-75.4566
30275	-75.5896
30276	-76.0449
30277	-75.7971
30278	-75.6484
30279	-75.3704
30280	-75.7321
30281	-75.8707
30282	-75.6023
30283	-75.2687
30284	-75.6587
30285	-75.8028
30286	-75.2716
30287	-75.4586
30288	-76.0326
30289	-75.673
30290	-75.5953
30291	-75.505
30292	-75.3772
30293	-75.5502
30294	-75.7796
30295	-75.6035
30296	-75.5133
30297	-75.6042
30298	-75.7579
30299	-75.1481
30300	-75.4539
30301	-75.4647
30302	-75.4734
30303	-75.2937
30304	-75.4224
30305	-75.3082
30306	-75.1805
30307	-75.392
30308	-75.2465
30309	-75.4516
30310	-75.3581
30311	-75.631
30312	-75.8873
30313	-75.3663
30314	-75.5818
30315	-75.1255
30316	-75.3782
30317	-75.6455
30318	-75.7434
30319	-76.017
30320	-76.1918
30321	-75.5679
30322	-75.8261
30323	-76.0332
30324	-75.6677
30325	-75.8254
30326	-76.3072
30327	-75.2538
30328	-75.4059
30329	-75.4524
30330	-75.5432
30331	-75.9516
30332	-75.6799
30333	-75.5132
30334	-75.2235
30335	-75.4025
30336	-75.7123
30337	-75.5678
30338	-75.3176
30339	-75.2521
30340	-75.8432
30341	-75.6139
30342	-75.4076
30343	-75.098
30344	-75.8349
30345	-75.5775
30346	-75.4554
30347	-75.0857
30348	-75.5842
30349	-75.295
30350	-75.3769
30351	-75.7851
30352	-75.9258
30353	-75.7916
30354	-75.726
30355	-75.4696
30356	-75.5899
30357	-75.9516
30358	-75.5801
30359	-75.8892
30360	-75.5722
30361	-75.2913
30362	-75.7677
30363	-75.5086
30364	-75.5067
30365	-75.4795
30366	-75.801
30367	-75.4963
30368	-75.4262
30369	-75.4954
30370	-75.6936
30371	-75.3143
30372	-75.3456
30373	-75.2416
30374	-75.4785
30375	-76.0937
30376	-75.8279
30377	-75.8483
30378	-75.7616
30379	-75.599
30380	-75.5082
30381	-75.5093
30382	-75.557
30383	-75.6042
30384	-75.4264
30385	-75.5112
30386	-75.6818
30387	-75.3318
30388	-75.4791
30389	-75.6879
30390	-75.7205
30391	-75.6141
30392	-75.87
30393	-75.936
30394	-76.0097
30395	-75.8145
30396	-75.7458
30397	-75.3608
30398	-75.4825
30399	-75.7195
30400	-75.6343
30401	-75.6925
30402	-75.6443
30403	-75.9516
30404	-75.5919
30405	-75.4359
30406	-75.2199
30407	-75.8705
30408	-76.0355
30409	-76.1818
30410	-75.8882
30411	-75.6368
30412	-75.4399
30413	-75.6995
30414	-75.9184
30415	-75.7511
30416	-75.8806
30417	-75.4958
30418	-76.0091
30419	-75.8443
30420	-75.7289
30421	-75.6997
30422	-75.4081
30423	-75.4768
30424	-75.3438
30425	-75.5317
30426	-75.5555
30427	-75.7464
30428	-75.4175
30429	-75.4979
30430	-75.5056
30431	-75.3144
30432	-75.5345
30433	-75.7097
30434	-76.2469
30435	-76.1507
30436	-75.7749
30437	-75.3415
30438	-75.5248
30439	-75.392
30440	-75.6694
30441	-75.6031
30442	-75.3955
30443	-75.5463
30444	-75.7301
30445	-75.9508
30446	-75.4921
30447	-75.4419
30448	-75.2118
30449	-75.629
30450	-75.6019
30451	-75.292
30452	-75.3176
30453	-75.3521
30454	-75.2824
30455	-75.6808
30456	-75.8057
30457	-75.7644
30458	-75.6611
30459	-75.5562
30460	-75.1731
30461	-75.13
30462	-75.1897
30463	-75.2859
30464	-75.592
30465	-75.5044
30466	-75.5415
30467	-76.0961
30468	-75.9219
30469	-75.7456
30470	-75.6727
30471	-75.6845
30472	-75.7666
30473	-75.648
30474	-75.5901
30475	-75.4082
30476	-75.443
30477	-75.2263
30478	-75.3441
30479	-75.3625
30480	-75.8607
30481	-75.778
30482	-75.5198
30483	-75.7852
30484	-75.8032
30485	-75.8873
30486	-75.9451
30487	-75.5532
30488	-75.5314
30489	-75.5309
30490	-75.5087
30491	-75.4469
30492	-75.5139
30493	-75.506
30494	-75.9135
30495	-75.7124
30496	-75.8435
30497	-75.7413
30498	-75.7565
30499	-75.6542
30500	-75.3241
30501	-75.4008
30502	-75.8867
30503	-75.9538
30504	-76.0814
30505	-75.9385
30506	-76.0365
30507	-75.4115
30508	-75.4965
30509	-75.4839
30510	-75.5192
30511	-75.4462
30512	-75.6735
30513	-75.3536
30514	-75.6306
30515	-75.2225
30516	-75.2948
30517	-75.2376
30518	-75.2455
30519	-75.4376
30520	-75.3995
30521	-75.3484
30522	-75.3907
30523	-75.4879
30524	-75.4433
30525	-75.2327
30526	-75.4888
30527	-75.8809
30528	-75.817
30529	-76.1125
30530	-75.9533
30531	-75.1538
30532	-75.4334
30533	-75.6263
30534	-75.6854
30535	-75.5389
30536	-75.4269
30537	-75.594
30538	-75.5438
30539	-75.7251
30540	-76.0402
30541	-75.7657
30542	-75.4842
30543	-75.3
30544	-75.4191
30545	-75.5934
30546	-75.488
30547	-75.3739
30548	-75.7003
30549	-76.0012
30550	-75.7143
30551	-75.0994
30552	-75.4607
30553	-75.8224
30554	-75.6436
30555	-75.6449
30556	-75.6413
30557	-75.5991
30558	-75.6133
30559	-75.784
30560	-75.5692
30561	-75.1936
30562	-75.3702
30563	-75.5005
30564	-75.5911
30565	-75.5592
30566	-75.5045
30567	-75.4502
30568	-75.4323
30569	-75.3107
30570	-75.3704
30571	-75.4715
30572	-75.3707
30573	-75.6232
30574	-75.4417
30575	-75.1926
30576	-74.9824
30577	-75.1407
30578	-75.5175
30579	-75.2922
30580	-75.4989
30581	-75.4186
30582	-75.4838
30583	-75.6244
30584	-75.6179
30585	-75.7138
30586	-75.1402
30587	-75.3749
30588	-75.4831
30589	-75.7093
30590	-76.0901
30591	-75.6476
30592	-75.43
30593	-75.1733
30594	-75.2468
30595	-75.5909
30596	-75.436
30597	-75.5991
30598	-75.5282
30599	-75.8159
30600	-75.9615
30601	-75.4872
30602	-75.7496
30603	-75.9353
30604	-75.7814
30605	-75.4648
30606	-75.5092
30607	-76.0137
30608	-75.6732
30609	-75.7287
30610	-75.7221
30611	-75.5326
30612	-75.3803
30613	-75.4028
30614	-75.5037
30615	-75.7499
30616	-75.7654
30617	-75.7308
30618	-75.5406
30619	-75.985
30620	-75.9153
30621	-75.6401
30622	-75.5239
30623	-75.0943
30624	-75.4076
30625	-75.826
30626	-75.7843
30627	-75.3919
30628	-75.5494
30629	-75.5545
30630	-75.619
30631	-75.6683
30632	-75.7591
30633	-75.6631
30634	-75.2094
30635	-75.3986
30636	-75.2486
30637	-75.5673
30638	-75.3611
30639	-75.6357
30640	-76.005
30641	-75.5395
30642	-75.6151
30643	-75.5754
30644	-75.6974
30645	-75.7895
30646	-75.4954
30647	-75.3124
30648	-75.4125
30649	-75.6952
30650	-75.6173
30651	-75.6704
30652	-75.852
30653	-76.0454
30654	-75.7328
30655	-75.8253
30656	-75.628
30657	-75.5675
30658	-75.5131
30659	-75.3548
30660	-75.1945
30661	-75.4293
30662	-75.3769
30663	-75.6949
30664	-75.4286
30665	-75.5292
30666	-75.3797
30667	-75.2896
30668	-75.632
30669	-75.2271
30670	-75.0596
30671	-75.0965
30672	-75.4224
30673	-75.3625
30674	-75.179
30675	-75.5049
30676	-75.073
30677	-75.2206
30678	-75.2848
30679	-75.3894
30680	-76.0858
30681	-75.8785
30682	-75.8077
30683	-75.9176
30684	-75.716
30685	-75.7612
30686	-75.5413
30687	-75.6506
30688	-76.3279
30689	-75.3513
30690	-75.47
30691	-75.5183
30692	-75.5346
30693	-75.6754
30694	-75.7647
30695	-75.8991
30696	-75.9174
30697	-75.9608
30698	-75.9831
30699	-75.6683
30700	-75.9393
30701	-75.8557
30702	-75.6441
30703	-76.02
30704	-76.0747
30705	-75.6355
30706	-75.7767
30707	-76.0814
30708	-75.7542
30709	-75.5956
30710	-75.9565
30711	-75.5485
30712	-75.3959
30713	-75.2621
30714	-75.6771
30715	-75.6272
30716	-75.6801
30717	-75.5633
30718	-75.4965
30719	-75.1118
30720	-75.2131
30721	-75.835
30722	-75.8882
30723	-75.8234
30724	-75.4797
30725	-75.6368
30726	-75.7091
30727	-76.0351
30728	-75.9709
30729	-75.6558
30730	-75.643
30731	-75.6006
30732	-75.4455
30733	-75.679
30734	-75.9226
30735	-75.713
30736	-75.4308
30737	-75.4879
30738	-75.814
30739	-75.8059
30740	-76.0252
30741	-75.3061
30742	-75.3803
30743	-75.0427
30744	-75.2561
30745	-75.1758
30746	-75.8828
30747	-75.6728
30748	-75.2565
30749	-75.1222
30750	-75.3543
30751	-75.5456
30752	-75.5105
30753	-75.5735
30754	-75.8616
30755	-76.0533
30756	-75.7709
30757	-75.871
30758	-76.2975
30759	-75.7167
30760	-75.4585
30761	-75.4602
30762	-75.4771
30763	-75.6029
30764	-75.2435
30765	-75.0495
30766	-75.5539
30767	-75.6931
30768	-75.3317
30769	-75.6735
30770	-75.9299
30771	-75.6597
30772	-75.3672
30773	-75.707
30774	-75.4304
30775	-75.9092
30776	-76.2619
30777	-75.9289
30778	-75.5355
30779	-75.6214
30780	-75.6809
30781	-75.8988
30782	-75.3533
30783	-75.2825
30784	-75.524
30785	-75.3255
30786	-75.4229
30787	-76.407
30788	-75.8697
30789	-75.4089
30790	-75.5748
30791	-75.4799
30792	-75.9121
30793	-75.5419
30794	-74.8572
30795	-75.5914
30796	-75.6105
30797	-75.3472
30798	-75.6376
30799	-75.7525
30800	-75.7037
30801	-75.7119
30802	-75.5304
30803	-75.5121
30804	-75.5772
30805	-75.1306
30806	-75.3879
30807	-75.4543
30808	-75.1966
30809	-75.3722
30810	-75.3134
30811	-75.0342
30812	-75.6113
30813	-75.6764
30814	-75.6626
30815	-75.8473
30816	-75.3279
30817	-75.328
30818	-75.4495
30819	-75.3359
30820	-75.6418
30821	-75.639
30822	-76.0433
30823	-75.3707
30824	-75.0101
30825	-75.6006
30826	-75.842
30827	-76.0842
30828	-76.2997
30829	-75.8173
30830	-75.231
30831	-75.4394
30832	-75.5
30833	-75.5377
30834	-75.244
30835	-75.1169
30836	-75.6234
30837	-75.4985
30838	-75.9997
30839	-75.7556
30840	-75.7946
30841	-75.4549
30842	-75.3562
30843	-75.4203
30844	-75.4571
30845	-75.5585
30846	-75.1551
30847	-75.4658
30848	-75.4018
30849	-75.6056
30850	-75.4351
30851	-75.3538
30852	-75.7694
30853	-75.8038
30854	-75.7132
30855	-75.3956
30856	-75.1622
30857	-75.4896
30858	-75.559
30859	-75.685
30860	-75.9304
30861	-75.5592
30862	-75.728
30863	-75.8698
30864	-75.6935
30865	-75.916
30866	-76.1347
30867	-76.0379
30868	-75.5282
30869	-75.5428
30870	-75.1859
30871	-75.2842
30872	-75.1625
30873	-75.399
30874	-75.5044
30875	-75.2137
30876	-75.7857
30877	-75.5072
30878	-74.9316
30879	-75.0197
30880	-75.3462
30881	-75.4902
30882	-75.5411
30883	-75.9077
30884	-76.0831
30885	-75.9504
30886	-75.9528
30887	-75.4873
30888	-75.4433
30889	-75.4405
30890	-75.7785
30891	-75.7866
30892	-75.7452
30893	-75.4736
30894	-75.4294
30895	-75.4115
30896	-75.118
30897	-75.4746
30898	-75.5925
30899	-75.3529
30900	-75.3813
30901	-75.3017
30902	-75.6718
30903	-75.4895
30904	-75.4443
30905	-75.526
30906	-75.6976
30907	-75.4385
30908	-75.2763
30909	-75.0984
30910	-75.2949
30911	-75.7651
30912	-75.4145
30913	-75.4816
30914	-75.5832
30915	-75.217
30916	-75.196
30917	-75.3575
30918	-75.5898
30919	-75.9187
30920	-75.4894
30921	-75.3921
30922	-75.3417
30923	-75.4
30924	-75.5076
30925	-75.4822
30926	-75.5234
30927	-76.1369
30928	-75.9783
30929	-75.5869
30930	-75.4111
30931	-75.4655
30932	-75.7009
30933	-75.9612
30934	-75.9548
30935	-75.7931
30936	-75.6989
30937	-75.53
30938	-75.656
30939	-75.634
30940	-75.7979
30941	-75.2522
30942	-75.2836
30943	-75.7838
30944	-75.5481
30945	-75.4862
30946	-75.4208
30947	-75.6384
30948	-75.5672
30949	-75.5463
30950	-75.2701
30951	-75.965
30952	-75.7036
30953	-75.3161
30954	-75.2486
30955	-74.9925
30956	-75.0762
30957	-75.5866
30958	-75.8616
30959	-75.5972
30960	-75.5366
30961	-75.5822
30962	-75.4292
30963	-75.6802
30964	-76.0994
30965	-75.787
30966	-75.5851
30967	-75.249
30968	-75.3131
30969	-75.3561
30970	-75.6676
30971	-75.9877
30972	-75.4573
30973	-75.5533
30974	-75.4316
30975	-75.2283
30976	-75.5148
30977	-75.4353
30978	-75.3775
30979	-75.9237
30980	-75.6112
30981	-75.3613
30982	-75.603
30983	-75.3973
30984	-75.4148
30985	-75.6295
30986	-75.5941
30987	-75.3453
30988	-75.3181
30989	-75.4558
30990	-75.6391
30991	-75.8687
30992	-75.7292
30993	-75.479
30994	-75.3194
30995	-75.3107
30996	-75.5253
30997	-75.8493
30998	-76.1096
30999	-75.5703
31000	-75.3715
31001	-75.6347
31002	-75.2794
31003	-75.6266
31004	-75.0801
31005	-75.2162
31006	-75.6983
31007	-75.6655
31008	-75.6482
31009	-75.3193
31010	-75.2602
31011	-75.7095
31012	-75.7564
31013	-75.3903
31014	-75.1215
31015	-75.3729
31016	-75.4693
31017	-75.8619
31018	-75.6788
31019	-75.7245
31020	-75.9587
31021	-75.3926
31022	-75.6347
31023	-75.4931
31024	-75.4835
31025	-75.885
31026	-75.9404
31027	-75.6221
31028	-75.5901
31029	-75.3334
31030	-75.3234
31031	-75.4389
31032	-75.2667
31033	-75.6465
31034	-74.9935
31035	-75.1856
31036	-75.2859
31037	-74.9008
31038	-75.2673
31039	-75.4882
31040	-74.9624
31041	-74.9215
31042	-75.2493
31043	-75.2733
31044	-75.2783
31045	-75.4072
31046	-75.8289
31047	-75.2266
31048	-75.8934
31049	-75.7058
31050	-75.5199
31051	-75.402
31052	-75.3902
31053	-75.5118
31054	-74.9337
31055	-75.544
31056	-75.2708
31057	-74.995
31058	-75.3867
31059	-75.0273
31060	-75.1163
31061	-75.2261
31062	-74.9138
31063	-75.21
31064	-74.9455
31065	-74.5269
31066	-74.7305
31067	-74.751
31068	-74.8395
31069	-74.7461
31070	-74.8913
31071	-74.4292
31072	-74.2621
31073	-74.2301
31074	-74.342
31075	-74.4602
31076	-74.4289
31077	-74.1031
31078	-73.9891
31079	-74.1967
31080	-74.1838
31081	-73.8324
31082	-73.8963
31083	-73.8784
31084	-73.7472
31085	-73.6314
31086	-73.831
31087	-73.5081
31088	-73.2225
31089	-73.1741
31090	-73.1768
31091	-73.2771
31092	-73.3483
31093	-73.226
31094	-72.6128
31095	-72.5692
31096	-72.5164
31097	-73.0143
31098	-72.6436
31099	-72.263
31100	-72.3376
31101	-72.3559
31102	-72.42
31103	-72.2466
31104	-72.2309
31105	-72.0838
31106	-72.1532
31107	-72.1582
31108	-71.7691
31109	-71.4191
31110	-71.3625
31111	-71.5612
31112	-71.3925
31113	-71.2427
31114	-71.2091
31115	-71.0723
31116	-70.9829
31117	-70.873
31118	-71.0308
31119	-71.0491
31120	-70.7534
31121	-70.6112
31122	-70.3875
31123	-70.3066
31124	-70.2848
31125	-70.4524
31126	-70.5074
31127	-70.5426
31128	-70.5724
31129	-70.612
31130	-70.4063
31131	-70.4593
31132	-70.3947
31133	-70.2191
31134	-70.1257
31135	-70.2528
31136	-70.8521
31137	-70.8582
31138	-70.5315
31139	-70.2048
31140	-70.6009
31141	-70.5431
31142	-70.7095
31143	-70.5931
31144	-70.9095
31145	-71.238
31146	-71.5296
31147	-71.066
31148	-71.2683
31149	-71.5649
31150	-71.3893
31151	-71.2347
31152	-71.3299
31153	-71.6072
31154	-71.657
31155	-71.5244
31156	-71.3933
31157	-71.6928
31158	-71.7501
31159	-71.8838
31160	-71.7377
31161	-71.6161
31162	-72.1752
31163	-72.3345
31164	-72.1202
31165	-72.3554
31166	-72.2976
31167	-72.8625
31168	-72.8894
31169	-73.1602
31170	-72.8818
31171	-73.181
31172	-73.0531
31173	-73.0391
31174	-72.8297
31175	-73.2918
31176	-73.4847
31177	-73.2824
31178	-73.7531
31179	-73.6457
31180	-73.5268
31181	-73.9809
31182	-74.153
31183	-74.2779
31184	-74.1203
31185	-74.2986
31186	-74.4954
31187	-74.7045
31188	-74.1337
31189	-74.0309
31190	-74.7356
31191	-74.5685
31192	-74.0358
31193	-74.4792
31194	-74.6463
31195	-74.896
31196	-74.8879
31197	-74.9584
31198	-74.6887
31199	-74.7333
31200	-74.9012
31201	-74.8712
31202	-74.6212
31203	-74.7363
31204	-74.89
31205	-75.1296
31206	-75.6569
31207	-75.1451
31208	-75.2518
31209	-75.1884
31210	-75.2747
31211	-75.3364
31212	-75.5095
31213	-75.4095
31214	-75.4725
31215	-75.145
31216	-75.2653
31217	-75.2822
31218	-75.1034
31219	-75.328
31220	-75.176
31221	-75.5661
31222	-75.4915
31223	-75.6248
31224	-75.4096
31225	-75.7357
31226	-75.4776
31227	-75.4561
31228	-75.4558
31229	-75.6396
31230	-75.8367
31231	-75.7946
31232	-75.5009
31233	-75.619
31234	-75.713
31235	-75.6678
31236	-75.4477
31237	-75.4767
31238	-75.6264
31239	-75.2315
31240	-75.4108
31241	-75.713
31242	-75.2255
31243	-75.3221
31244	-75.2686
31245	-75.1735
31246	-75.5089
31247	-75.6661
31248	-75.5993
31249	-75.6961
31250	-75.1938
31251	-75.6083
31252	-75.4157
31253	-75.4993
31254	-75.5584
31255	-75.3385
31256	-75.4352
31257	-75.7778
31258	-76.1264
31259	-75.8716
31260	-75.6301
31261	-75.4072
31262	-74.9596
31263	-75.3697
31264	-75.3565
31265	-75.4834
31266	-75.4961
31267	-75.815
31268	-75.7761
31269	-75.979
31270	-76.0763
31271	-75.577
31272	-75.3404
31273	-75.1002
31274	-75.3208
31275	-75.7938
31276	-75.6275
31277	-75.2687
31278	-75.9391
31279	-75.9339
31280	-75.9148
31281	-76.0259
31282	-76.1323
31283	-75.7628
31284	-75.5779
31285	-75.7971
31286	-75.4959
31287	-75.4804
31288	-75.4769
31289	-75.4349
31290	-75.6835
31291	-75.8975
31292	-75.7633
31293	-75.6025
31294	-75.3897
31295	-75.4395
31296	-75.6606
31297	-75.866
31298	-75.6054
31299	-75.7798
31300	-75.654
31301	-75.7291
31302	-75.4955
31303	-75.1912
31304	-75.4503
31305	-75.6043
31306	-75.6516
31307	-75.4827
31308	-75.7109
31309	-75.7024
31310	-75.9436
31311	-75.1936
31312	-75.4761
31313	-75.708
31314	-75.6119
31315	-75.5403
31316	-75.4711
31317	-75.7554
31318	-75.9517
31319	-75.8422
31320	-75.8485
31321	-75.4174
31322	-75.6174
31323	-75.8564
31324	-75.4638
31325	-75.6493
31326	-75.3423
31327	-75.6773
31328	-75.7419
31329	-76.0818
31330	-75.6851
31331	-75.6712
31332	-75.5437
31333	-75.5635
31334	-75.6879
31335	-75.577
31336	-75.4706
31337	-75.4137
31338	-75.7615
31339	-75.3672
31340	-75.6465
31341	-75.3684
31342	-75.8085
31343	-75.5278
31344	-75.2405
31345	-76.0358
31346	-76.1371
31347	-76.0449
31348	-75.9521
31349	-75.5871
31350	-75.5007
31351	-75.3783
31352	-75.3077
31353	-75.9622
31354	-75.8564
31355	-75.5788
31356	-75.4352
31357	-75.3824
31358	-75.4476
31359	-75.5614
31360	-75.742
31361	-75.4744
31362	-75.2927
31363	-75.7882
31364	-75.6345
31365	-75.5015
31366	-75.7046
31367	-75.5746
31368	-75.4363
31369	-75.5122
31370	-75.3784
31371	-75.5974
31372	-75.5625
31373	-76.3816
31374	-76.154
31375	-75.9124
31376	-75.3632
31377	-75.21
31378	-75.616
31379	-75.9801
31380	-75.674
31381	-75.5814
31382	-75.6231
31383	-75.5543
31384	-75.4807
31385	-75.4531
31386	-75.9721
31387	-75.3898
31388	-75.3688
31389	-75.9476
31390	-75.6394
31391	-75.583
31392	-75.8317
31393	-75.5555
31394	-75.5359
31395	-76.0838
31396	-75.6018
31397	-76.0078
31398	-76.1693
31399	-75.871
31400	-75.6669
31401	-75.4272
31402	-75.2064
31403	-75.4107
31404	-75.6416
31405	-75.475
31406	-75.4255
31407	-75.2411
31408	-75.5352
31409	-75.2594
31410	-75.2507
31411	-75.1201
31412	-75.5224
31413	-75.5867
31414	-75.8834
31415	-76.1132
31416	-75.8916
31417	-75.5184
31418	-75.6306
31419	-75.8046
31420	-76.0568
31421	-76.0123
31422	-75.8008
31423	-75.6369
31424	-75.4365
31425	-75.8297
31426	-75.9782
31427	-76.1564
31428	-76.0048
31429	-75.6487
31430	-75.0085
31431	-75.5707
31432	-75.4673
31433	-75.091
31434	-75.5871
31435	-75.1887
31436	-75.1195
31437	-75.5233
31438	-75.5636
31439	-75.684
31440	-75.9753
31441	-75.7428
31442	-75.214
31443	-75.3083
31444	-75.5905
31445	-75.3483
31446	-75.2767
31447	-75.2437
31448	-74.9324
31449	-75.2311
31450	-75.2887
31451	-75.3773
31452	-75.5667
31453	-75.5157
31454	-75.2818
31455	-75.9723
31456	-75.758
31457	-75.4107
31458	-75.2719
31459	-75.4794
31460	-75.4456
31461	-75.9373
31462	-75.4479
31463	-75.4824
31464	-75.8267
31465	-75.6208
31466	-76.138
31467	-75.9964
31468	-75.7383
31469	-75.3155
31470	-75.2811
31471	-75.3671
31472	-75.951
31473	-75.2558
31474	-75.5799
31475	-75.7913
31476	-75.6158
31477	-75.2238
31478	-75.5214
31479	-75.6349
31480	-75.4169
31481	-75.6826
31482	-75.7403
31483	-75.3581
31484	-75.2466
31485	-74.9255
31486	-75.1824
31487	-75.3738
31488	-75.4525
31489	-75.661
31490	-75.495
31491	-75.3173
31492	-75.4362
31493	-75.2943
31494	-75.5498
31495	-76.0943
31496	-75.6764
31497	-75.3027
31498	-76.0772
31499	-75.9073
31500	-75.2183
31501	-75.2736
31502	-75.3951
31503	-75.7042
31504	-76.0787
31505	-75.5453
31506	-75.449
31507	-75.2979
31508	-75.3637
31509	-75.512
31510	-75.6901
31511	-75.414
31512	-75.4093
31513	-75.1722
31514	-75.2365
31515	-75.4526
31516	-75.3977
31517	-75.7301
31518	-75.5937
31519	-75.5569
31520	-75.554
31521	-75.4561
31522	-75.8174
31523	-76.0181
31524	-75.8532
31525	-75.661
31526	-75.7475
31527	-75.7588
31528	-75.3014
31529	-75.3622
31530	-75.6059
31531	-75.8678
31532	-75.4599
31533	-75.425
31534	-75.7234
31535	-75.4503
31536	-75.4704
31537	-75.7724
31538	-76.1459
31539	-75.6329
31540	-75.3285
31541	-75.5994
31542	-75.5195
31543	-75.413
31544	-75.6464
31545	-75.6094
31546	-75.6308
31547	-76.5677
31548	-76.2174
31549	-76.015
31550	-75.8051
31551	-75.4972
31552	-75.772
31553	-75.7639
31554	-75.6747
31555	-75.2726
31556	-75.3939
31557	-75.7762
31558	-75.317
31559	-75.6887
31560	-75.6765
31561	-75.1851
31562	-75.0201
31563	-75.4949
31564	-76.0679
31565	-75.8384
31566	-75.7708
31567	-76.0548
31568	-75.6963
31569	-75.4126
31570	-75.4669
31571	-75.3876
31572	-75.7417
31573	-75.6713
31574	-75.4874
31575	-75.5722
31576	-75.8045
31577	-75.5997
31578	-75.3219
31579	-75.5324
31580	-75.9778
31581	-75.7514
31582	-75.6249
31583	-75.3498
31584	-75.1617
31585	-75.6313
31586	-75.8914
31587	-75.788
31588	-75.5694
31589	-75.8361
31590	-75.81
31591	-75.8871
31592	-75.6082
31593	-75.3558
31594	-75.6437
31595	-75.637
31596	-75.7216
31597	-75.8069
31598	-75.2429
31599	-75.5843
31600	-75.432
31601	-75.6077
31602	-76.0412
31603	-75.6627
31604	-75.7586
31605	-75.6466
31606	-75.5707
31607	-75.6988
31608	-75.2444
31609	-75.6559
31610	-75.511
31611	-76.301
31612	-75.6826
31613	-75.474
31614	-75.2655
31615	-75.3242
31616	-75.6092
31617	-76.3941
31618	-75.6164
31619	-75.5561
31620	-76.0107
31621	-75.8185
31622	-75.2637
31623	-75.5352
31624	-75.3118
31625	-75.4653
31626	-75.0006
31627	-75.3266
31628	-75.6145
31629	-75.508
31630	-75.1336
31631	-75.4889
31632	-75.8799
31633	-75.6731
31634	-75.3544
31635	-75.3502
31636	-75.4247
31637	-74.9312
31638	-75.1891
31639	-75.4873
31640	-75.9301
31641	-75.7008
31642	-75.787
31643	-76.101
31644	-75.9657
31645	-75.2019
31646	-75.2402
31647	-75.6102
31648	-75.8378
31649	-75.942
31650	-76.1976
31651	-76.0629
31652	-75.6126
31653	-74.9569
31654	-75.2744
31655	-75.9015
31656	-75.3823
31657	-75.2565
31658	-75.665
31659	-75.9363
31660	-75.4956
31661	-75.1112
31662	-75.3224
31663	-75.394
31664	-75.653
31665	-75.6526
31666	-75.7615
31667	-75.6565
31668	-75.6386
31669	-75.8486
31670	-75.8773
31671	-76.2018
31672	-75.8878
31673	-75.546
31674	-75.4839
31675	-75.5814
31676	-75.7886
31677	-75.6974
31678	-75.27
31679	-75.7075
31680	-75.5645
31681	-75.8754
31682	-76.0625
31683	-75.7769
31684	-75.7603
31685	-75.785
31686	-75.8104
31687	-75.7225
31688	-76.1867
31689	-76.1152
31690	-75.6262
31691	-75.6302
31692	-75.8207
31693	-75.625
31694	-75.2124
31695	-75.4315
31696	-75.1838
31697	-75.7575
31698	-75.6951
31699	-75.5517
31700	-75.8145
31701	-75.4476
31702	-75.7071
31703	-75.6275
31704	-75.3088
31705	-75.3131
31706	-75.7299
31707	-75.6506
31708	-75.6334
31709	-75.339
31710	-75.7391
31711	-76.4479
31712	-75.7754
31713	-75.7156
31714	-75.3063
31715	-74.9887
31716	-75.3707
31717	-75.2187
31718	-75.0384
31719	-75.4768
31720	-75.7067
31721	-75.8514
31722	-75.6428
31723	-76.1209
31724	-75.7361
31725	-75.5145
31726	-75.532
31727	-75.3282
31728	-75.495
31729	-75.5311
31730	-75.941
31731	-75.9061
31732	-75.6769
31733	-75.3548
31734	-75.8085
31735	-75.5032
31736	-75.4147
31737	-75.5418
31738	-75.8234
31739	-75.8753
31740	-75.5342
31741	-75.5725
31742	-75.2236
31743	-75.2765
31744	-75.3435
31745	-75.6291
31746	-75.5642
31747	-75.4504
31748	-75.3058
31749	-75.7062
31750	-75.6529
31751	-75.4175
31752	-75.5538
31753	-75.8787
31754	-75.5986
31755	-75.5135
31756	-75.3749
31757	-75.689
31758	-75.4656
31759	-75.3712
31760	-75.3643
31761	-76.0393
31762	-75.5742
31763	-75.5848
31764	-75.4666
31765	-75.7278
31766	-75.6165
31767	-75.2461
31768	-75.6718
31769	-75.6973
31770	-75.3499
31771	-75.732
31772	-75.4013
31773	-75.5581
31774	-75.6055
31775	-75.5618
31776	-75.2791
31777	-75.1495
31778	-75.5508
31779	-75.6733
31780	-75.6702
31781	-75.5726
31782	-75.4881
31783	-75.3967
31784	-75.4395
31785	-75.6916
31786	-75.2356
31787	-75.8896
31788	-75.5964
31789	-75.5024
31790	-75.8396
31791	-75.7218
31792	-75.6258
31793	-75.5013
31794	-75.7442
31795	-75.6701
31796	-75.536
31797	-75.6225
31798	-75.799
31799	-75.5699
31800	-75.6127
31801	-75.691
31802	-75.9653
31803	-75.7752
31804	-75.3947
31805	-75.2802
31806	-75.3454
31807	-75.223
31808	-75.6239
31809	-75.5084
31810	-75.4662
31811	-75.6758
31812	-75.7785
31813	-75.6447
31814	-75.2237
31815	-75.4248
31816	-75.8235
31817	-75.6758
31818	-75.4447
31819	-75.7008
31820	-75.6865
31821	-75.5947
31822	-75.684
31823	-76.0218
31824	-75.4465
31825	-75.6494
31826	-75.759
31827	-75.9504
31828	-75.5007
31829	-75.6264
31830	-75.5479
31831	-75.8805
31832	-75.5669
31833	-75.8909
31834	-75.9496
31835	-75.5828
31836	-75.5986
31837	-75.5836
31838	-75.5879
31839	-75.5129
31840	-75.4903
31841	-75.6385
31842	-75.7378
31843	-75.3948
31844	-75.4091
31845	-75.5525
31846	-75.8523
31847	-76.0249
31848	-75.5232
31849	-75.6469
31850	-75.6593
31851	-75.7154
31852	-75.549
31853	-75.4777
31854	-75.9025
31855	-75.8107
31856	-76.0568
31857	-75.2872
31858	-75.3951
31859	-75.394
31860	-75.288
31861	-75.7703
31862	-75.2761
31863	-75.5493
31864	-75.5247
31865	-75.7825
31866	-75.7221
31867	-75.6777
31868	-75.6806
31869	-75.4718
31870	-75.6783
31871	-75.6232
31872	-75.4542
31873	-75.9107
31874	-75.7844
31875	-75.3691
31876	-75.2376
31877	-75.5494
31878	-75.9219
31879	-75.7376
31880	-75.5643
31881	-75.5712
31882	-75.6103
31883	-75.7461
31884	-76.0272
31885	-75.6095
31886	-75.9291
31887	-75.7489
31888	-75.9141
31889	-76.0429
31890	-76.0399
31891	-75.7723
31892	-75.6565
31893	-75.8596
31894	-75.3802
31895	-75.5679
31896	-75.6692
31897	-75.5448
31898	-75.0903
31899	-75.6484
31900	-75.7977
31901	-75.6964
31902	-75.4519
31903	-75.3262
31904	-75.8465
31905	-76.125
31906	-76.1038
31907	-76.1721
31908	-76.0842
31909	-75.7908
31910	-75.5084
31911	-75.5411
31912	-75.5175
31913	-75.7556
31914	-75.4257
31915	-75.2412
31916	-75.6758
31917	-75.992
31918	-76.0607
31919	-75.6734
31920	-75.3115
31921	-75.6744
31922	-76.1048
31923	-75.8418
31924	-75.6044
31925	-75.8126
31926	-75.66
31927	-75.3075
31928	-75.4083
31929	-75.6476
31930	-75.392
31931	-75.7069
31932	-75.6195
31933	-75.4652
31934	-75.3366
31935	-75.6955
31936	-75.5007
31937	-75.5988
31938	-75.6123
31939	-75.3979
31940	-75.5355
31941	-75.6788
31942	-76.0381
31943	-75.9937
31944	-76.1093
31945	-75.9889
31946	-75.5693
31947	-75.577
31948	-75.1435
31949	-75.2865
31950	-75.2208
31951	-75.7506
31952	-75.6427
31953	-75.5111
31954	-75.4925
31955	-75.8166
31956	-75.7422
31957	-75.4935
31958	-75.5791
31959	-75.5364
31960	-76.1316
31961	-75.9117
31962	-75.6298
31963	-75.5006
31964	-75.4694
31965	-75.5259
31966	-75.4709
31967	-75.8849
31968	-75.2822
31969	-75.2965
31970	-75.2406
31971	-75.286
31972	-75.1038
31973	-75.2415
31974	-75.3714
31975	-75.4943
31976	-75.6943
31977	-75.9513
31978	-75.5742
31979	-75.3696
31980	-75.9321
31981	-75.8187
31982	-74.8281
31983	-75.17
31984	-75.249
31985	-75.7716
31986	-75.6243
31987	-75.5156
31988	-75.6943
31989	-75.3103
31990	-74.8777
31991	-75.1653
31992	-75.7114
31993	-75.4698
31994	-75.5608
31995	-75.5664
31996	-75.6015
31997	-75.4005
31998	-75.9428
31999	-75.9531
32000	-75.9024
32001	-75.5317
32002	-75.4053
32003	-75.1492
32004	-75.1793
32005	-75.9187
32006	-75.7086
32007	-75.2567
32008	-75.4944
32009	-75.8984
32010	-75.8873
32011	-76.2939
32012	-76.2675
32013	-76.2329
32014	-75.7067
32015	-75.9133
32016	-75.9644
32017	-75.9526
32018	-75.9114
32019	-75.4585
32020	-75.308
32021	-75.5242
32022	-75.3553
32023	-75.533
32024	-75.9878
32025	-75.9399
32026	-76.0092
32027	-75.3885
32028	-75.5829
32029	-75.2794
32030	-75.3868
32031	-75.7473
32032	-75.4791
32033	-75.9372
32034	-75.6595
32035	-75.7779
32036	-75.4665
32037	-75.9289
32038	-75.5194
32039	-75.2826
32040	-75.813
32041	-75.7503
32042	-75.633
32043	-75.7298
32044	-75.6473
32045	-75.7916
32046	-75.687
32047	-75.1335
32048	-75.4246
32049	-75.796
32050	-75.427
32051	-75.8462
32052	-76.4316
32053	-75.7209
32054	-75.3704
32055	-75.514
32056	-75.3829
32057	-75.2552
32058	-75.4594
32059	-75.7922
32060	-75.5415
32061	-75.6293
32062	-75.8136
32063	-75.4877
32064	-75.5382
32065	-75.2811
32066	-75.8238
32067	-75.6425
32068	-75.6146
32069	-75.6881
32070	-75.3185
32071	-75.1888
32072	-75.3101
32073	-75.5801
32074	-75.7889
32075	-75.439
32076	-75.4137
32077	-75.8768
32078	-75.5374
32079	-75.3082
32080	-75.556
32081	-75.6893
32082	-75.6161
32083	-75.8514
32084	-75.9202
32085	-75.7517
32086	-75.7053
32087	-75.7867
32088	-75.7538
32089	-75.6973
32090	-75.5629
32091	-75.4678
32092	-75.2937
32093	-75.2367
32094	-75.4501
32095	-75.6472
32096	-75.5596
32097	-75.2834
32098	-75.5313
32099	-75.8505
32100	-75.8571
32101	-75.4722
32102	-75.3887
32103	-75.1702
32104	-75.0944
32105	-75.498
32106	-75.1991
32107	-75.0797
32108	-75.5583
32109	-75.387
32110	-75.5732
32111	-75.4789
32112	-75.9112
32113	-75.5694
32114	-75.4584
32115	-75.6487
32116	-75.9454
32117	-76.0685
32118	-75.5986
32119	-75.5513
32120	-75.3286
32121	-75.8477
32122	-75.8281
32123	-75.6418
32124	-75.8463
32125	-76.2062
32126	-75.7189
32127	-75.5841
32128	-75.4425
32129	-75.6501
32130	-75.8014
32131	-75.5724
32132	-75.3811
32133	-75.2558
32134	-75.1904
32135	-75.5059
32136	-75.7661
32137	-75.3158
32138	-75.9581
32139	-75.8679
32140	-75.7742
32141	-75.4659
32142	-75.2668
32143	-75.4131
32144	-75.9681
32145	-75.4978
32146	-75.5779
32147	-75.708
32148	-75.4888
32149	-75.8951
32150	-75.6873
32151	-75.5062
32152	-75.2464
32153	-75.4595
32154	-75.5107
32155	-75.9574
32156	-75.68
32157	-75.3932
32158	-75.7619
32159	-75.4538
32160	-75.307
32161	-75.496
32162	-75.5771
32163	-75.6303
32164	-75.3954
32165	-75.333
32166	-75.1917
32167	-75.3878
32168	-75.7493
32169	-75.642
32170	-75.3706
32171	-75.7285
32172	-75.3845
32173	-75.4142
32174	-75.5921
32175	-75.7305
32176	-75.3965
32177	-75.4051
32178	-75.4781
32179	-75.6319
32180	-75.4808
32181	-75.3437
32182	-75.0954
32183	-75.1568
32184	-75.551
32185	-75.4335
32186	-75.6613
32187	-75.4125
32188	-75.4078
32189	-75.4676
32190	-75.5966
32191	-75.2213
32192	-75.4247
32193	-75.4849
32194	-75.3398
32195	-75.6408
32196	-75.6732
32197	-75.4851
32198	-75.6505
32199	-75.3005
32200	-75.3565
32201	-75.5368
32202	-75.7527
32203	-75.6853
32204	-75.6115
32205	-75.8146
32206	-75.6604
32207	-75.1067
32208	-75.2514
32209	-75.4202
32210	-75.6117
32211	-75.3466
32212	-75.8801
32213	-76.0941
32214	-76.1518
32215	-75.6909
32216	-75.6484
32217	-75.4468
32218	-75.6236
32219	-75.7156
32220	-75.3681
32221	-75.9793
32222	-75.823
32223	-75.7041
32224	-75.7165
32225	-75.5176
32226	-75.4195
32227	-75.5203
32228	-75.7281
32229	-75.5265
32230	-75.4537
32231	-75.5999
32232	-75.5862
32233	-75.4511
32234	-75.9567
32235	-76.0569
32236	-75.743
32237	-75.3259
32238	-75.2431
32239	-75.1777
32240	-75.7718
32241	-75.7326
32242	-75.3071
32243	-75.2552
32244	-75.7201
32245	-75.49
32246	-75.4932
32247	-76.2126
32248	-75.7951
32249	-75.3781
32250	-75.1905
32251	-75.8419
32252	-75.9421
32253	-76.1442
32254	-75.9211
32255	-75.637
32256	-75.4485
32257	-75.3728
32258	-75.7007
32259	-75.5712
32260	-75.4044
32261	-75.7803
32262	-75.2333
32263	-75.3046
32264	-75.4508
32265	-75.6689
32266	-75.6693
32267	-75.5208
32268	-75.5264
32269	-75.6659
32270	-75.7132
32271	-75.1913
32272	-75.7755
32273	-76.1638
32274	-75.7398
32275	-75.2422
32276	-75.6679
32277	-75.967
32278	-75.855
32279	-75.6048
32280	-75.5733
32281	-75.5175
32282	-75.5277
32283	-75.2728
32284	-75.1884
32285	-75.4681
32286	-75.3871
32287	-75.6375
32288	-75.4472
32289	-75.3451
32290	-75.5733
32291	-75.5381
32292	-75.5689
32293	-75.7325
32294	-75.4038
32295	-75.7458
32296	-75.4468
32297	-75.5041
32298	-75.5467
32299	-75.5802
32300	-75.8225
32301	-75.6937
32302	-75.7292
32303	-75.9002
32304	-75.8545
32305	-75.8612
32306	-75.2275
32307	-75.505
32308	-75.4115
32309	-74.7432
32310	-75.4374
32311	-75.7035
32312	-75.3008
32313	-75.2649
32314	-75.044
32315	-75.3578
32316	-75.3772
32317	-75.4965
32318	-75.5048
32319	-75.5686
32320	-75.6803
32321	-75.7854
32322	-75.8292
32323	-76.2406
32324	-75.6008
32325	-75.9057
32326	-75.9623
32327	-75.5853
32328	-75.8483
32329	-75.8378
32330	-75.3374
32331	-75.4907
32332	-75.322
32333	-75.2877
32334	-75.6785
32335	-75.8951
32336	-75.6808
32337	-75.525
32338	-75.1249
32339	-75.1641
32340	-75.673
32341	-75.5422
32342	-75.7856
32343	-75.8275
32344	-75.9559
32345	-75.774
32346	-75.5263
32347	-75.3696
32348	-75.3297
32349	-75.484
32350	-75.3594
32351	-75.5768
32352	-75.566
32353	-75.8149
32354	-75.9533
32355	-75.9806
32356	-75.7004
32357	-75.2555
32358	-75.8238
32359	-75.5948
32360	-74.9981
32361	-75.3169
32362	-75.5285
32363	-75.3883
32364	-75.8044
32365	-75.6961
32366	-75.626
32367	-75.3588
32368	-75.3713
32369	-75.3804
32370	-75.4089
32371	-76.1761
32372	-75.9258
32373	-75.4684
32374	-75.5718
32375	-75.9679
32376	-75.6871
32377	-75.7595
32378	-75.6907
32379	-75.5484
32380	-75.5078
32381	-75.9152
32382	-75.8417
32383	-75.8488
32384	-75.8127
32385	-75.8728
32386	-75.7216
32387	-75.3764
32388	-75.3555
32389	-75.217
32390	-75.6808
32391	-75.8861
32392	-76.0227
32393	-76.2695
32394	-75.977
32395	-75.6027
32396	-75.6664
32397	-76.1397
32398	-75.7442
32399	-75.3288
32400	-75.2715
32401	-75.2897
32402	-75.5649
32403	-75.7276
32404	-75.8556
32405	-75.689
32406	-75.7426
32407	-75.4823
32408	-75.7483
32409	-75.8861
32410	-75.597
32411	-75.42
32412	-74.944
32413	-75.258
32414	-75.387
32415	-75.3447
32416	-75.6652
32417	-75.6859
32418	-75.681
32419	-75.6159
32420	-75.6168
32421	-75.9045
32422	-75.6641
32423	-75.4664
32424	-75.7885
32425	-75.7774
32426	-75.5392
32427	-75.6483
32428	-75.582
32429	-75.5121
32430	-75.96
32431	-75.7582
32432	-75.817
32433	-75.6774
32434	-75.6513
32435	-75.2406
32436	-75.5098
32437	-75.7654
32438	-75.5416
32439	-75.7848
32440	-75.8378
32441	-75.6194
32442	-75.4027
32443	-75.6077
32444	-75.7647
32445	-75.7968
32446	-76.0281
32447	-75.7737
32448	-75.6185
32449	-75.3307
32450	-75.3967
32451	-75.9959
32452	-75.9043
32453	-75.6253
32454	-75.4658
32455	-75.6892
32456	-75.6269
32457	-75.784
32458	-75.8388
32459	-75.7855
32460	-75.7503
32461	-75.2071
32462	-75.49
32463	-76.3334
32464	-75.9197
32465	-75.5234
32466	-76.1933
32467	-75.7365
32468	-75.7205
32469	-75.6972
32470	-75.5401
32471	-75.7472
32472	-75.4462
32473	-75.3724
32474	-75.2741
32475	-75.2468
32476	-75.8314
32477	-75.4836
32478	-75.1818
32479	-75.7375
32480	-75.7969
32481	-75.8417
32482	-75.8527
32483	-75.8584
32484	-75.843
32485	-75.6608
32486	-75.2659
32487	-75.8423
32488	-75.9616
32489	-75.7775
32490	-75.6734
32491	-76.0063
32492	-75.8087
32493	-76.0198
32494	-75.955
32495	-75.7015
32496	-75.6439
32497	-75.0536
32498	-75.4697
32499	-75.4178
32500	-75.2483
32501	-75.9251
32502	-75.9938
32503	-75.7191
32504	-75.5974
32505	-75.2078
32506	-75.4712
32507	-75.7564
32508	-75.8174
32509	-75.6132
32510	-75.8514
32511	-75.5635
32512	-75.5174
32513	-75.5482
32514	-75.3721
32515	-75.3753
32516	-75.6164
32517	-75.5632
32518	-75.4558
32519	-75.9066
32520	-75.7691
32521	-75.7609
32522	-75.7029
32523	-75.5751
32524	-75.7052
32525	-75.8742
32526	-75.3671
32527	-75.3085
32528	-75.3711
32529	-75.0731
32530	-75.3944
32531	-75.583
32532	-75.8626
32533	-75.7488
32534	-75.6176
32535	-75.5554
32536	-75.7251
32537	-75.9515
32538	-75.7949
32539	-75.7141
32540	-75.8078
32541	-75.6838
32542	-75.5408
32543	-75.2575
32544	-75.2846
32545	-75.7732
32546	-76.0723
32547	-75.8881
32548	-75.7302
32549	-75.5026
32550	-75.6874
32551	-75.9834
32552	-75.5851
32553	-75.6481
32554	-75.981
32555	-75.9987
32556	-75.9926
32557	-75.7919
32558	-75.6388
32559	-75.674
32560	-75.101
32561	-75.3401
32562	-75.5677
32563	-75.4166
32564	-75.681
32565	-75.285
32566	-75.4903
32567	-75.6832
32568	-75.6426
32569	-75.6356
32570	-75.7613
32571	-75.6541
32572	-75.6347
32573	-75.7282
32574	-75.5287
32575	-75.0163
32576	-75.1724
32577	-75.3082
32578	-75.505
32579	-76.2017
32580	-76.0364
32581	-75.863
32582	-75.5914
32583	-75.7355
32584	-75.7628
32585	-75.928
32586	-75.8569
32587	-75.6291
32588	-75.5672
32589	-75.5015
32590	-75.8883
32591	-75.7495
32592	-75.6518
32593	-75.7456
32594	-75.7681
32595	-75.5552
32596	-75.5528
32597	-75.7961
32598	-75.5011
32599	-75.4569
32600	-75.7373
32601	-76.0107
32602	-75.75
32603	-75.8736
32604	-75.639
32605	-75.7168
32606	-75.7236
32607	-75.6245
32608	-75.2215
32609	-75.2039
32610	-74.9385
32611	-75.8097
32612	-75.7708
32613	-75.464
32614	-75.0593
32615	-75.4985
32616	-75.7191
32617	-75.6612
32618	-75.728
32619	-76.1116
32620	-75.557
32621	-75.4878
32622	-75.7468
32623	-76.1137
32624	-75.5241
32625	-75.7488
32626	-75.5916
32627	-75.2682
32628	-75.1953
32629	-75.3124
32630	-75.6514
32631	-75.8379
32632	-75.7211
32633	-75.4476
32634	-75.2848
32635	-75.3479
32636	-75.3261
32637	-75.6329
32638	-75.8474
32639	-75.6529
32640	-75.658
32641	-75.8143
32642	-75.667
32643	-75.634
32644	-75.7139
32645	-75.9532
32646	-75.8607
32647	-75.5657
32648	-75.496
32649	-75.5062
32650	-75.172
32651	-75.0721
32652	-75.1089
32653	-75.5776
32654	-75.6749
32655	-75.2569
32656	-75.3161
32657	-75.4359
32658	-75.9479
32659	-75.6318
32660	-75.5981
32661	-75.723
32662	-75.4246
32663	-75.4505
32664	-74.888
32665	-74.7842
32666	-75.5644
32667	-75.4519
32668	-75.7525
32669	-75.2549
32670	-75.0645
32671	-75.2207
32672	-75.3712
32673	-75.6332
32674	-75.5549
32675	-75.7358
32676	-76.0197
32677	-75.699
32678	-75.6633
32679	-75.6998
32680	-75.4443
32681	-75.7207
32682	-75.3815
32683	-75.112
32684	-75.5696
32685	-75.4529
32686	-75.0389
32687	-75.3131
32688	-75.6297
32689	-75.4502
32690	-75.3539
32691	-75.5311
32692	-75.3047
32693	-75.5543
32694	-75.3919
32695	-75.1632
32696	-75.3656
32697	-75.6512
32698	-75.892
32699	-75.5103
32700	-75.8494
32701	-75.8473
32702	-75.8556
32703	-75.8052
32704	-75.2706
32705	-75.486
32706	-75.6839
32707	-75.5459
32708	-75.4481
32709	-75.5587
32710	-75.6166
32711	-75.5311
32712	-76.0063
32713	-75.552
32714	-75.5569
32715	-75.2464
32716	-75.7755
32717	-76.279
32718	-75.9852
32719	-75.3068
32720	-75.3269
32721	-75.3704
32722	-75.7763
32723	-76.0295
32724	-75.4121
32725	-75.4087
32726	-75.3583
32727	-75.2263
32728	-75.8819
32729	-75.8598
32730	-75.6703
32731	-75.6951
32732	-76.0848
32733	-75.4721
32734	-75.3564
32735	-75.6607
32736	-75.8588
32737	-75.6666
32738	-75.7165
32739	-75.6558
32740	-75.9326
32741	-75.6417
32742	-75.5797
32743	-75.9045
32744	-75.2883
32745	-75.676
32746	-75.3017
32747	-75.9251
32748	-75.7413
32749	-75.5183
32750	-75.3946
32751	-75.3401
32752	-75.7249
32753	-75.5153
32754	-75.6926
32755	-75.8866
32756	-75.9757
32757	-75.8427
32758	-75.4294
32759	-75.3823
32760	-75.642
32761	-75.667
32762	-75.6389
32763	-75.3411
32764	-75.6324
32765	-75.6714
32766	-75.637
32767	-75.7682
32768	-75.4079
32769	-75.1158
32770	-75.8684
32771	-75.668
32772	-75.6243
32773	-75.3511
32774	-75.6611
32775	-75.6033
32776	-75.2696
32777	-75.8462
32778	-75.9072
32779	-75.7217
32780	-75.5111
32781	-75.7087
32782	-75.5367
32783	-75.0904
32784	-75.3078
32785	-75.5829
32786	-75.6211
32787	-75.7311
32788	-75.2861
32789	-75.8535
32790	-76.048
32791	-75.1935
32792	-75.5248
32793	-75.3662
32794	-75.4715
32795	-76.0693
32796	-76.2162
32797	-75.7675
32798	-75.6074
32799	-75.6038
32800	-75.3891
32801	-75.7731
32802	-75.1487
32803	-75.4293
32804	-75.3718
32805	-75.8452
32806	-75.8379
32807	-75.1863
32808	-75.3144
32809	-76.0564
32810	-75.72
32811	-75.3204
32812	-75.4625
32813	-75.6412
32814	-75.5118
32815	-75.5891
32816	-75.9876
32817	-75.4897
32818	-75.6908
32819	-76.3766
32820	-76.0532
32821	-75.5133
32822	-75.5985
32823	-75.3541
32824	-75.5341
32825	-75.746
32826	-76.5242
32827	-76.2423
32828	-75.6321
32829	-75.7462
32830	-75.8339
32831	-75.9682
32832	-75.3973
32833	-75.2348
32834	-75.2891
32835	-75.4623
32836	-75.5456
32837	-75.4518
32838	-75.8633
32839	-75.625
32840	-75.4955
32841	-75.8721
32842	-75.6507
32843	-75.5539
32844	-75.6482
32845	-75.7124
32846	-75.6982
32847	-75.7274
32848	-75.1602
32849	-75.2745
32850	-75.654
32851	-76.0588
32852	-75.9128
32853	-75.5649
32854	-75.8137
32855	-75.8059
32856	-75.7433
32857	-76.0024
32858	-75.876
32859	-75.834
32860	-75.5974
32861	-75.6101
32862	-75.3284
32863	-75.1773
32864	-75.4944
32865	-75.8915
32866	-75.4594
32867	-75.4157
32868	-75.2416
32869	-75.3512
32870	-74.9523
32871	-75.7414
32872	-75.5793
32873	-75.7904
32874	-75.7313
32875	-75.9199
32876	-75.8436
32877	-76.2692
32878	-75.9127
32879	-76.0299
32880	-75.7234
32881	-75.9021
32882	-75.6249
32883	-75.4489
32884	-75.7917
32885	-75.9951
32886	-76.1002
32887	-75.8027
32888	-76.015
32889	-75.4616
32890	-75.6412
32891	-75.5534
32892	-75.7097
32893	-75.4432
32894	-75.5975
32895	-75.5162
32896	-75.4103
32897	-75.7399
32898	-76.1052
32899	-75.9712
32900	-75.426
32901	-75.5577
32902	-75.7843
32903	-76.0135
32904	-75.641
32905	-75.5712
32906	-75.2908
32907	-75.3367
32908	-75.3648
32909	-75.6989
32910	-75.6758
32911	-75.894
32912	-75.6306
32913	-75.0872
32914	-75.3255
32915	-75.4725
32916	-75.2265
32917	-75.4671
32918	-75.3565
32919	-75.0172
32920	-75.3727
32921	-75.8586
32922	-76.0081
32923	-75.6904
32924	-75.2347
32925	-75.1976
32926	-75.4306
32927	-75.384
32928	-76.0134
32929	-75.484
32930	-75.9368
32931	-75.7862
32932	-75.9777
32933	-75.8023
32934	-75.2917
32935	-75.767
32936	-75.644
32937	-75.6546
32938	-75.6202
32939	-75.6541
32940	-75.6983
32941	-75.7084
32942	-75.4263
32943	-75.2813
32944	-75.2889
32945	-75.66
32946	-75.5134
32947	-75.568
32948	-75.336
32949	-75.6069
32950	-75.8325
32951	-75.511
32952	-75.497
32953	-75.6804
32954	-75.5778
32955	-75.8923
32956	-74.9018
32957	-75.3466
32958	-74.9013
32959	-75.557
32960	-75.5676
32961	-75.1389
32962	-75.3527
32963	-75.359
32964	-75.6996
32965	-76.0554
32966	-75.6923
32967	-75.2115
32968	-75.1736
32969	-75.3361
32970	-75.3801
32971	-75.591
32972	-75.6521
32973	-75.554
32974	-75.6431
32975	-75.3918
32976	-74.8621
32977	-75.2577
32978	-75.3634
32979	-75.5836
32980	-75.3254
32981	-75.6494
32982	-75.3515
32983	-75.7082
32984	-75.9815
32985	-76.1466
32986	-75.9485
32987	-76.3441
32988	-76.4348
32989	-76.2467
32990	-75.9048
32991	-75.4729
32992	-75.6872
32993	-75.4648
32994	-75.6222
32995	-75.5535
32996	-75.5257
32997	-75.573
32998	-75.5703
32999	-75.5611
33000	-75.5687
33001	-75.5118
33002	-75.2716
33003	-75.3614
33004	-75.793
33005	-75.5404
33006	-75.7851
33007	-75.7138
33008	-75.7713
33009	-75.7468
33010	-75.1668
33011	-75.84
33012	-75.7786
33013	-75.3981
33014	-75.7136
33015	-75.8787
33016	-75.7715
33017	-75.7067
33018	-75.4013
33019	-75.7589
33020	-75.4512
33021	-75.5809
33022	-75.6851
33023	-75.3991
33024	-75.3397
33025	-75.6443
33026	-75.4412
33027	-75.6301
33028	-76.0715
33029	-75.8911
33030	-75.7307
33031	-75.3904
33032	-75.7909
33033	-75.8001
33034	-75.6572
33035	-75.2836
33036	-75.2269
33037	-75.3395
33038	-75.6239
33039	-75.4604
33040	-75.3532
33041	-75.2312
33042	-75.4559
33043	-75.3988
33044	-74.961
33045	-75.342
33046	-75.77
33047	-75.6155
33048	-75.4862
33049	-75.4889
33050	-75.8197
33051	-75.8535
33052	-75.4828
33053	-75.6927
33054	-75.3319
33055	-75.7325
33056	-75.9152
33057	-76.0058
33058	-75.3834
33059	-75.6581
33060	-75.5128
33061	-75.7592
33062	-75.8387
33063	-75.9613
33064	-76.0902
33065	-75.7415
33066	-75.5812
33067	-75.9085
33068	-75.2405
33069	-74.9417
33070	-75.5693
33071	-75.736
33072	-75.4344
33073	-75.3925
33074	-75.8451
33075	-75.666
33076	-75.5585
33077	-75.4344
33078	-75.3971
33079	-75.4343
33080	-75.7118
33081	-76.016
33082	-75.8372
33083	-75.7013
33084	-75.5936
33085	-75.5596
33086	-75.6081
33087	-75.5347
33088	-75.6004
33089	-75.587
33090	-75.6036
33091	-75.3249
33092	-75.5924
33093	-75.2843
33094	-75.372
33095	-75.3685
33096	-75.1016
33097	-75.4179
33098	-75.5815
33099	-75.6117
33100	-75.2745
33101	-75.0777
33102	-75.5653
33103	-75.9547
33104	-75.5913
33105	-75.4893
33106	-75.7127
33107	-75.4107
33108	-75.0457
33109	-75.3376
33110	-75.7413
33111	-75.4892
33112	-75.4129
33113	-75.5386
33114	-75.8403
33115	-75.5798
33116	-75.4841
33117	-75.8081
33118	-76.0219
33119	-75.837
33120	-75.5344
33121	-75.7117
33122	-75.8083
33123	-75.5323
33124	-75.5854
33125	-75.524
33126	-75.7084
33127	-75.7191
33128	-75.5285
33129	-75.6398
33130	-75.736
33131	-75.4562
33132	-75.4664
33133	-75.2466
33134	-75.4922
33135	-75.3291
33136	-75.2669
33137	-75.4203
33138	-75.5069
33139	-75.8286
33140	-75.6217
33141	-75.611
33142	-75.8073
33143	-75.5027
33144	-75.4893
33145	-75.6309
33146	-75.0403
33147	-75.2037
33148	-75.2726
33149	-75.5945
33150	-75.5448
33151	-75.4392
33152	-75.5575
33153	-75.6021
33154	-75.6291
33155	-75.58
33156	-75.8131
33157	-75.6837
33158	-75.5978
33159	-75.6934
33160	-75.8414
33161	-75.3281
33162	-75.2394
33163	-75.2894
33164	-75.6186
33165	-75.5979
33166	-75.7531
33167	-75.6652
33168	-75.3381
33169	-75.7238
33170	-75.9764
33171	-75.8531
33172	-76.0848
33173	-75.4331
33174	-75.2406
33175	-75.5041
33176	-75.4625
33177	-75.6643
33178	-75.2667
33179	-75.564
33180	-75.5378
33181	-75.2129
33182	-75.7242
33183	-75.861
33184	-75.4248
33185	-75.2876
33186	-75.6512
33187	-75.8213
33188	-75.7481
33189	-75.5788
33190	-75.5439
33191	-75.5808
33192	-75.9664
33193	-75.7374
33194	-75.4676
33195	-75.6969
33196	-75.8148
33197	-75.4661
33198	-75.4897
33199	-75.2777
33200	-75.3268
33201	-75.5264
33202	-75.3852
33203	-75.5604
33204	-75.6184
33205	-75.0894
33206	-75.514
33207	-76.0587
33208	-76.0875
33209	-75.8537
33210	-75.5654
33211	-75.8405
33212	-75.6009
33213	-75.2038
33214	-75.359
33215	-75.413
33216	-75.7481
33217	-75.3414
33218	-75.3435
33219	-75.8723
33220	-75.841
33221	-75.4445
33222	-75.2912
33223	-75.541
33224	-75.3235
33225	-75.5727
33226	-75.6553
33227	-75.8842
33228	-75.7592
33229	-75.1549
33230	-75.4763
33231	-75.7308
33232	-75.6605
33233	-75.5962
33234	-75.8773
33235	-75.3883
33236	-75.8
33237	-75.2705
33238	-75.5928
33239	-75.6285
33240	-75.636
33241	-75.8478
33242	-75.7198
33243	-75.6894
33244	-75.4934
33245	-75.463
33246	-75.8371
33247	-75.6741
33248	-75.7225
33249	-75.6669
33250	-75.5809
33251	-76.1241
33252	-75.5932
33253	-75.3167
33254	-75.4283
33255	-75.2842
33256	-75.4796
33257	-75.781
33258	-75.5926
33259	-75.7155
33260	-75.6344
33261	-75.6862
33262	-75.3725
33263	-75.6908
33264	-75.661
33265	-75.9569
33266	-75.9111
33267	-75.5913
33268	-75.6272
33269	-75.3706
33270	-75.2987
33271	-75.4257
33272	-75.7952
33273	-75.5143
33274	-75.7109
33275	-75.2944
33276	-75.4328
33277	-75.1045
33278	-75.3865
33279	-76.0518
33280	-75.432
33281	-75.5603
33282	-75.8937
33283	-75.9571
33284	-76.1302
33285	-75.6443
33286	-75.6194
33287	-75.7464
33288	-75.8534
33289	-76.1093
33290	-75.9971
33291	-75.5959
33292	-75.7121
33293	-75.766
33294	-75.3571
33295	-75.6901
33296	-75.7599
33297	-75.7209
33298	-75.5189
33299	-75.4961
33300	-75.6295
33301	-75.755
33302	-75.5307
33303	-75.5439
33304	-75.5689
33305	-75.7887
33306	-75.821
33307	-75.8264
33308	-75.9522
33309	-76.0063
33310	-75.4775
33311	-75.5091
33312	-76.0082
33313	-75.8959
33314	-75.958
33315	-75.5736
33316	-75.5541
33317	-75.8085
33318	-75.2761
33319	-75.473
33320	-75.6687
33321	-75.6614
33322	-75.6803
33323	-75.7951
33324	-75.3109
33325	-75.3271
33326	-75.7448
33327	-75.5922
33328	-75.4415
33329	-75.7889
33330	-75.7781
33331	-75.8036
33332	-75.4888
33333	-75.869
33334	-75.93
33335	-75.5362
33336	-75.4708
33337	-75.4857
33338	-75.6915
33339	-75.8067
33340	-75.502
33341	-75.3325
33342	-75.343
33343	-75.5339
33344	-75.2511
33345	-75.3695
33346	-75.6093
33347	-75.541
33348	-75.2307
33349	-75.36
33350	-75.4009
33351	-75.1874
33352	-75.2514
33353	-75.3976
33354	-75.7139
33355	-75.8209
33356	-75.2299
33357	-75.2163
33358	-75.5034
33359	-75.8027
33360	-75.8285
33361	-75.6153
33362	-75.9111
33363	-75.9257
33364	-75.6943
33365	-75.6714
33366	-75.7159
33367	-75.6738
33368	-75.7745
33369	-76.1927
33370	-76.0209
33371	-75.6701
33372	-75.6501
33373	-75.7234
33374	-75.6723
33375	-75.9176
33376	-75.7726
33377	-75.582
33378	-75.6358
33379	-75.593
33380	-75.2555
33381	-75.452
33382	-75.6539
33383	-76.0375
33384	-75.5976
33385	-75.311
33386	-75.0933
33387	-75.159
33388	-75.6116
33389	-75.6404
33390	-75.3639
33391	-75.5425
33392	-75.6789
33393	-75.767
33394	-75.9659
33395	-75.4772
33396	-75.7015
33397	-75.719
33398	-75.7139
33399	-75.6316
33400	-75.2988
33401	-75.4129
33402	-75.4315
33403	-75.8763
33404	-75.8508
33405	-75.6868
33406	-75.8324
33407	-75.6862
33408	-75.469
33409	-75.2153
33410	-75.4506
33411	-75.5744
33412	-75.901
33413	-75.5298
33414	-75.5172
33415	-75.5999
33416	-75.1153
33417	-75.2833
33418	-75.2453
33419	-75.6618
33420	-75.7713
33421	-75.4099
33422	-75.5231
33423	-75.8062
33424	-75.6931
33425	-75.744
33426	-75.5579
33427	-75.4552
33428	-75.8381
33429	-75.6311
33430	-75.1984
33431	-75.6744
33432	-75.3376
33433	-75.4058
33434	-75.5561
33435	-75.7154
33436	-75.2226
33437	-75.3687
33438	-75.7862
33439	-75.7046
33440	-75.2134
33441	-75.2098
33442	-75.3656
33443	-75.793
33444	-75.9123
33445	-75.1716
33446	-75.5686
33447	-75.6103
33448	-75.1977
33449	-75.6226
33450	-75.6106
33451	-75.6902
33452	-75.3231
33453	-75.3848
33454	-75.5065
33455	-75.5704
33456	-75.6339
33457	-75.4912
33458	-75.6319
33459	-75.5854
33460	-75.4883
33461	-75.5338
33462	-75.6417
33463	-75.5477
33464	-75.7992
33465	-75.7275
33466	-75.6327
33467	-75.756
33468	-75.6183
33469	-75.3187
33470	-75.3736
33471	-75.1301
33472	-75.3548
33473	-75.4121
33474	-75.7285
33475	-75.4303
33476	-75.7549
33477	-75.5266
33478	-75.6353
33479	-75.4914
33480	-75.2828
33481	-75.706
33482	-75.6541
33483	-75.7459
33484	-75.9041
33485	-75.6136
33486	-75.552
33487	-75.7438
33488	-75.6214
33489	-75.1382
33490	-75.3547
33491	-75.4066
33492	-75.3998
33493	-75.2754
33494	-75.5294
33495	-75.2592
33496	-75.3765
33497	-75.6794
33498	-75.8484
33499	-75.9409
33500	-75.8194
33501	-75.8515
33502	-75.8413
33503	-75.577
33504	-75.2909
33505	-75.5088
33506	-75.4042
33507	-75.542
33508	-75.7217
33509	-75.351
33510	-75.4493
33511	-75.9612
33512	-76.364
33513	-75.8192
33514	-75.9624
33515	-75.8878
33516	-76.0226
33517	-75.6403
33518	-75.3896
33519	-75.3367
33520	-75.4433
33521	-75.6068
33522	-75.158
33523	-75.5026
33524	-75.2361
33525	-75.586
33526	-75.6401
33527	-75.4151
33528	-75.7447
33529	-75.5375
33530	-75.5529
33531	-75.3254
33532	-75.5525
33533	-75.5457
33534	-75.6153
33535	-75.6174
33536	-75.602
33537	-75.422
33538	-75.5396
33539	-75.5647
33540	-75.7266
33541	-75.664
33542	-75.9493
33543	-75.9697
33544	-75.5939
33545	-75.2982
33546	-75.3348
33547	-75.6792
33548	-75.3964
33549	-75.5345
33550	-75.5264
33551	-75.8849
33552	-75.6701
33553	-75.6483
33554	-75.6171
33555	-75.5603
33556	-75.6114
33557	-75.3009
33558	-75.3462
33559	-75.4203
33560	-75.7553
33561	-76.3268
33562	-75.6205
33563	-75.1654
33564	-75.3471
33565	-75.48
33566	-75.3828
33567	-75.7743
33568	-75.7603
33569	-75.3147
33570	-75.1238
33571	-75.4309
33572	-75.4712
33573	-75.8926
33574	-75.3994
33575	-75.5824
33576	-75.9009
33577	-75.6189
33578	-74.9793
33579	-75.7588
33580	-75.9074
33581	-75.27
33582	-75.5011
33583	-75.7906
33584	-75.6432
33585	-75.2944
33586	-75.3128
33587	-75.4279
33588	-75.2842
33589	-75.2868
33590	-75.3866
33591	-75.3078
33592	-75.4432
33593	-75.5284
33594	-76.2396
33595	-75.7831
33596	-75.5804
33597	-75.6694
33598	-75.7505
33599	-75.7446
33600	-75.712
33601	-75.7817
33602	-75.5771
33603	-75.3771
33604	-75.2324
33605	-75.852
33606	-76.1177
33607	-75.7889
33608	-75.8443
33609	-75.6417
33610	-75.3666
33611	-75.2429
33612	-75.6724
33613	-75.5571
33614	-75.5051
33615	-75.5094
33616	-75.4518
33617	-75.4796
33618	-75.9073
33619	-75.792
33620	-75.8355
33621	-75.5705
33622	-75.4399
33623	-75.2308
33624	-75.3133
33625	-75.5755
33626	-75.8803
33627	-75.2397
33628	-75.1357
33629	-75.0291
33630	-75.2503
33631	-75.0605
33632	-75.1018
33633	-75.6683
33634	-75.7085
33635	-75.5997
33636	-75.8776
33637	-75.9997
33638	-76.3793
33639	-76.2463
33640	-75.9482
33641	-76.254
33642	-75.7584
33643	-75.6731
33644	-75.6992
33645	-75.0826
33646	-75.4411
33647	-75.3234
33648	-75.2668
33649	-75.3505
33650	-76.1713
33651	-75.8294
33652	-75.6257
33653	-75.2458
33654	-75.2816
33655	-75.8439
33656	-75.6381
33657	-75.5177
33658	-75.7682
33659	-75.7832
33660	-75.843
33661	-75.4008
33662	-75.4366
33663	-75.5011
33664	-75.5326
33665	-75.3832
33666	-75.6668
33667	-75.6475
33668	-75.7101
33669	-75.653
33670	-75.2882
33671	-75.935
33672	-75.6624
33673	-75.7706
33674	-75.4789
33675	-75.7448
33676	-75.6042
33677	-75.3514
33678	-75.6105
33679	-75.9481
33680	-75.9351
33681	-75.8116
33682	-75.7399
33683	-75.3519
33684	-75.2841
33685	-75.4932
33686	-75.2534
33687	-75.6466
33688	-75.6392
33689	-75.2289
33690	-75.3168
33691	-75.7766
33692	-75.306
33693	-75.5324
33694	-75.5537
33695	-75.4166
33696	-75.5131
33697	-75.5397
33698	-75.6807
33699	-75.8262
33700	-75.4881
33701	-75.3816
33702	-75.4117
33703	-75.5178
33704	-75.3482
33705	-75.7074
33706	-75.7066
33707	-75.5921
33708	-75.7353
33709	-76.0377
33710	-75.84
33711	-75.7837
33712	-75.3385
33713	-75.4826
33714	-75.3762
33715	-75.6868
33716	-75.8593
33717	-75.861
33718	-75.1908
33719	-75.5926
33720	-75.7143
33721	-75.7547
33722	-75.9724
33723	-75.7838
33724	-75.8789
33725	-75.7939
33726	-75.9031
33727	-75.7498
33728	-75.807
33729	-75.721
33730	-75.7516
33731	-75.4331
33732	-75.4147
33733	-75.4113
33734	-76.0437
33735	-75.3822
33736	-75.3617
33737	-75.9434
33738	-75.5507
33739	-75.6294
33740	-75.7037
33741	-75.8968
33742	-75.6668
33743	-75.2841
33744	-75.7602
33745	-75.8803
33746	-75.5474
33747	-75.1931
33748	-75.4707
33749	-75.6973
33750	-75.5514
33751	-75.5833
33752	-75.6065
33753	-75.5541
33754	-75.3859
33755	-75.6774
33756	-75.3726
33757	-75.3884
33758	-76.0311
33759	-75.8298
33760	-75.9941
33761	-75.5919
33762	-75.5192
33763	-75.013
33764	-75.1875
33765	-75.8289
33766	-75.3566
33767	-75.6614
33768	-76.0007
33769	-75.6037
33770	-75.5619
33771	-75.3069
33772	-75.548
33773	-75.2448
33774	-75.2685
33775	-75.8547
33776	-75.9586
33777	-76.0594
33778	-75.5355
33779	-75.615
33780	-75.8717
33781	-75.7865
33782	-75.7026
33783	-76.0583
33784	-75.7319
33785	-75.8427
33786	-75.5885
33787	-75.4118
33788	-75.7545
33789	-75.6178
33790	-75.3554
33791	-75.5408
33792	-75.8704
33793	-75.9218
33794	-75.5972
33795	-75.5999
33796	-75.6555
33797	-75.6325
33798	-75.2913
33799	-75.6422
33800	-75.5804
33801	-75.6072
33802	-75.6228
33803	-75.6552
33804	-75.3868
33805	-75.5564
33806	-75.7669
33807	-75.6453
33808	-75.7506
33809	-75.6595
33810	-75.7002
33811	-75.3243
33812	-75.5269
33813	-75.4687
33814	-75.1489
33815	-75.2827
33816	-75.233
33817	-75.4582
33818	-75.2122
33819	-75.695
33820	-75.5858
33821	-75.1235
33822	-75.3937
33823	-75.5192
33824	-75.7353
33825	-75.9569
33826	-76.1407
33827	-75.8205
33828	-75.9328
33829	-75.7452
33830	-75.5917
33831	-75.9908
33832	-75.6514
33833	-75.7588
33834	-75.7428
33835	-75.8995
33836	-75.63
33837	-75.3608
33838	-75.4889
33839	-75.3713
33840	-75.3618
33841	-75.7243
33842	-76.092
33843	-75.7266
33844	-75.6415
33845	-75.7998
33846	-75.2152
33847	-75.85
33848	-76.0693
33849	-75.7114
33850	-75.6594
33851	-75.4606
33852	-75.5114
33853	-75.372
33854	-75.4088
33855	-75.6875
33856	-75.6833
33857	-75.6004
33858	-75.258
33859	-75.4204
33860	-75.4291
33861	-75.5698
33862	-75.9028
33863	-75.5922
33864	-75.8396
33865	-75.8372
33866	-75.2084
33867	-75.5881
33868	-75.4403
33869	-75.5053
33870	-75.3008
33871	-75.0037
33872	-75.246
33873	-75.502
33874	-75.6161
33875	-75.3812
33876	-75.4557
33877	-75.3306
33878	-75.5399
33879	-75.8798
33880	-75.926
33881	-76.0203
33882	-75.1174
33883	-75.3593
33884	-75.6084
33885	-75.3316
33886	-75.8632
33887	-75.406
33888	-75.6653
33889	-75.8674
33890	-75.81
33891	-75.5831
33892	-75.7169
33893	-75.3589
33894	-75.5957
33895	-75.2926
33896	-75.3666
33897	-75.3419
33898	-75.9622
33899	-75.8231
33900	-75.5049
33901	-75.2505
33902	-75.2458
33903	-75.2702
33904	-75.6935
33905	-75.4551
33906	-75.6533
33907	-75.4241
33908	-75.4371
33909	-75.3227
33910	-75.387
33911	-74.9946
33912	-75.17
33913	-75.8386
33914	-75.4841
33915	-75.2511
33916	-75.4174
33917	-75.4203
33918	-75.3111
33919	-75.2243
33920	-75.5084
33921	-75.5122
33922	-75.6923
33923	-75.0759
33924	-75.2015
33925	-75.24
33926	-75.3227
33927	-75.5412
33928	-75.3402
33929	-75.6774
33930	-75.8754
33931	-75.7426
33932	-75.3959
33933	-75.5556
33934	-75.5711
33935	-75.6492
33936	-75.626
33937	-75.7283
33938	-75.1022
33939	-75.4135
33940	-75.3338
33941	-75.5965
33942	-75.5276
33943	-75.6156
33944	-75.6359
33945	-75.3514
33946	-75.4174
33947	-75.4137
33948	-75.9359
33949	-75.7211
33950	-75.4753
33951	-75.3534
33952	-75.3293
33953	-75.3356
33954	-75.5609
33955	-75.5153
33956	-76.0916
33957	-75.9088
33958	-75.686
33959	-75.6988
33960	-75.9256
33961	-75.4816
33962	-75.4621
33963	-75.5653
33964	-75.5979
33965	-75.8789
33966	-75.7663
33967	-75.4506
33968	-75.297
33969	-75.2979
33970	-75.9362
33971	-75.9133
33972	-75.1247
33973	-74.977
33974	-75.1495
33975	-75.2122
33976	-75.4897
33977	-75.5251
33978	-75.2877
33979	-75.4828
33980	-75.2897
33981	-75.6513
33982	-75.4227
33983	-75.4318
33984	-75.3762
33985	-75.5771
33986	-75.646
33987	-75.7014
33988	-75.3678
33989	-75.7865
33990	-75.9387
33991	-76.2397
33992	-76.0236
33993	-75.8855
33994	-75.7889
33995	-75.48
33996	-75.632
33997	-75.4138
33998	-75.8295
33999	-75.5616
34000	-75.735
34001	-75.4771
34002	-75.5058
34003	-75.7578
34004	-75.8442
34005	-75.4977
34006	-75.4584
34007	-75.2845
34008	-75.4239
34009	-75.4638
34010	-75.3763
34011	-75.3507
34012	-75.6499
34013	-75.4838
34014	-76.011
34015	-75.8148
34016	-75.4839
34017	-75.5251
34018	-75.3638
34019	-75.3912
34020	-75.5743
34021	-75.8761
34022	-75.7651
34023	-75.1948
34024	-75.4203
34025	-75.8766
34026	-75.4411
34027	-75.1783
34028	-75.0604
34029	-75.3455
34030	-75.7119
34031	-75.9218
34032	-75.9743
34033	-75.5533
34034	-76.1189
34035	-75.8293
34036	-75.8042
34037	-75.681
34038	-75.7939
34039	-76.1449
34040	-75.5869
34041	-75.3907
34042	-75.7557
34043	-75.5503
34044	-75.3819
34045	-75.5222
34046	-75.7002
34047	-75.3291
34048	-75.5094
34049	-75.4737
34050	-74.989
34051	-75.5532
34052	-75.4552
34053	-75.7
34054	-75.9069
34055	-75.9885
34056	-76.0039
34057	-75.7627
34058	-75.605
34059	-75.7656
34060	-75.8262
34061	-75.6978
34062	-75.7595
34063	-75.543
34064	-75.7684
34065	-75.6123
34066	-75.5434
34067	-75.4194
34068	-75.8594
34069	-75.8163
34070	-75.3779
34071	-75.6028
34072	-75.5414
34073	-75.6681
34074	-75.5731
34075	-75.6188
34076	-75.6614
34077	-75.6882
34078	-75.2991
34079	-75.1869
34080	-75.3355
34081	-75.5022
34082	-75.7746
34083	-75.7274
34084	-75.9763
34085	-75.5369
34086	-75.1155
34087	-75.4854
34088	-75.2613
34089	-75.413
34090	-75.2431
34091	-75.26
34092	-75.5742
34093	-75.7693
34094	-75.6112
34095	-75.5377
34096	-75.6177
34097	-75.6779
34098	-75.5113
34099	-75.5756
34100	-75.4897
34101	-75.4148
34102	-75.7982
34103	-75.7574
34104	-75.8299
34105	-75.5736
34106	-75.6633
34107	-75.6524
34108	-75.3219
34109	-75.3395
34110	-75.6089
34111	-75.7176
34112	-75.5891
34113	-75.1774
34114	-75.8868
34115	-76.2113
34116	-76.0625
34117	-75.9186
34118	-75.4701
34119	-75.4954
34120	-75.3437
34121	-75.2646
34122	-75.5365
34123	-75.4554
34124	-75.2546
34125	-75.192
34126	-75.5301
34127	-75.4618
34128	-75.1912
34129	-75.9656
34130	-75.8326
34131	-75.5852
34132	-75.7893
34133	-75.7565
34134	-75.9452
34135	-76.008
34136	-76.1615
34137	-76.3368
34138	-76.1315
34139	-75.9091
34140	-75.6818
34141	-75.4925
34142	-75.4722
34143	-75.5133
34144	-75.6228
34145	-75.9527
34146	-75.5494
34147	-75.5794
34148	-75.8068
34149	-75.9117
34150	-75.4673
34151	-75.274
34152	-75.4144
34153	-75.6005
34154	-75.4659
34155	-75.6996
34156	-75.4926
34157	-75.5163
34158	-75.6325
34159	-75.5958
34160	-75.8218
34161	-75.8031
34162	-75.6026
34163	-75.1791
34164	-75.6098
34165	-75.7962
34166	-75.2748
34167	-75.37
34168	-75.6971
34169	-75.7585
34170	-75.3267
34171	-75.185
34172	-75.7319
34173	-75.883
34174	-76.1138
34175	-75.9369
34176	-75.6724
34177	-75.7512
34178	-75.5208
34179	-75.4625
34180	-75.7203
34181	-75.997
34182	-76.1346
34183	-76.2104
34184	-75.8266
34185	-75.6268
34186	-75.5757
34187	-75.7949
34188	-75.7249
34189	-75.6124
34190	-75.2675
34191	-75.0707
34192	-74.7774
34193	-75.4158
34194	-75.6344
34195	-75.9822
34196	-75.6001
34197	-74.952
34198	-74.9883
34199	-75.3372
34200	-75.5364
34201	-75.805
34202	-76.0013
34203	-75.8375
34204	-75.6202
34205	-75.1633
34206	-75.5638
34207	-75.554
34208	-75.5303
34209	-75.5468
34210	-75.6358
34211	-76.0777
34212	-75.7063
34213	-75.7666
34214	-75.7362
34215	-75.3915
34216	-75.325
34217	-75.8802
34218	-76.0183
34219	-75.8272
34220	-75.9011
34221	-75.7812
34222	-75.7585
34223	-75.7461
34224	-75.8448
34225	-75.6156
34226	-75.7326
34227	-75.7032
34228	-75.3612
34229	-75.5074
34230	-75.6053
34231	-75.5525
34232	-75.6465
34233	-75.5679
34234	-75.6765
34235	-75.8542
34236	-75.8889
34237	-75.7032
34238	-76.1402
34239	-75.9637
34240	-75.7358
34241	-75.5164
34242	-75.9697
34243	-75.5664
34244	-75.5096
34245	-75.69
34246	-75.7743
34247	-75.287
34248	-75.4115
34249	-75.8173
34250	-75.4997
34251	-75.3847
34252	-75.5549
34253	-75.4103
34254	-75.9228
34255	-75.7481
34256	-75.1928
34257	-75.5205
34258	-75.5304
34259	-75.7038
34260	-75.4893
34261	-75.1012
34262	-75.5778
34263	-75.4537
34264	-75.9313
34265	-75.689
34266	-75.9836
34267	-75.9501
34268	-75.7728
34269	-75.5397
34270	-75.3431
34271	-75.6479
34272	-76.072
34273	-75.7205
34274	-75.6514
34275	-75.0383
34276	-75.1464
34277	-75.4626
34278	-75.7399
34279	-75.7264
34280	-75.835
34281	-75.844
34282	-75.5727
34283	-75.8966
34284	-76.2773
34285	-75.8282
34286	-75.8572
34287	-75.8427
34288	-75.7425
34289	-75.3827
34290	-75.5157
34291	-75.6194
34292	-75.7778
34293	-75.5283
34294	-75.333
34295	-75.6724
34296	-75.8858
34297	-75.7102
34298	-75.596
34299	-75.2756
34300	-75.5938
34301	-75.8481
34302	-75.9529
34303	-75.7977
34304	-75.787
34305	-75.8598
34306	-75.9162
34307	-75.7829
34308	-75.4058
34309	-75.7137
34310	-75.8434
34311	-75.7558
34312	-75.7277
34313	-75.4479
34314	-75.4282
34315	-75.6147
34316	-75.8392
34317	-75.3749
34318	-75.595
34319	-75.3755
34320	-75.7067
34321	-75.4043
34322	-75.7548
34323	-75.4484
34324	-75.4281
34325	-75.5181
34326	-75.9185
34327	-75.7474
34328	-75.5088
34329	-76.0137
34330	-75.4469
34331	-75.1554
34332	-75.329
34333	-75.4129
34334	-75.4878
34335	-75.5808
34336	-75.7666
34337	-75.7955
34338	-75.4631
34339	-75.5522
34340	-75.7086
34341	-75.4341
34342	-75.6057
34343	-75.8348
34344	-75.4596
34345	-75.323
34346	-75.1914
34347	-75.5392
34348	-75.499
34349	-75.2551
34350	-75.4142
34351	-75.2043
34352	-75.6513
34353	-75.5387
34354	-75.7619
34355	-75.9202
34356	-75.9371
34357	-75.6104
34358	-75.1993
34359	-75.5849
34360	-75.836
34361	-75.5699
34362	-75.5486
34363	-75.4264
34364	-76.0734
34365	-75.8275
34366	-75.7069
34367	-75.9515
34368	-75.574
34369	-75.5291
34370	-75.8322
34371	-75.6602
34372	-75.8534
34373	-75.5265
34374	-75.7214
34375	-75.7048
34376	-75.7641
34377	-75.6687
34378	-75.2784
34379	-75.653
34380	-75.6544
34381	-75.5468
34382	-75.8249
34383	-75.4449
34384	-75.4197
34385	-75.5703
34386	-75.0078
34387	-75.2615
34388	-75.4706
34389	-75.5575
34390	-75.7567
34391	-76.0079
34392	-75.8313
34393	-75.5121
34394	-75.4913
34395	-75.2035
34396	-75.6949
34397	-75.5937
34398	-75.5355
34399	-75.5849
34400	-75.6064
34401	-75.8551
34402	-75.5242
34403	-75.655
34404	-75.5299
34405	-75.5306
34406	-75.706
34407	-75.9987
34408	-75.5644
34409	-75.731
34410	-75.6957
34411	-75.3629
34412	-75.0496
34413	-75.5496
34414	-75.6753
34415	-75.5951
34416	-75.2665
34417	-75.5789
34418	-75.6098
34419	-75.5402
34420	-75.4591
34421	-75.3731
34422	-75.5913
34423	-76.0178
34424	-75.6133
34425	-75.4578
34426	-75.3666
34427	-75.463
34428	-75.7147
34429	-75.8088
34430	-75.5082
34431	-75.3349
34432	-75.3328
34433	-75.7759
34434	-75.8745
34435	-75.7353
34436	-75.6145
34437	-75.5814
34438	-75.5017
34439	-75.49
34440	-75.7662
34441	-75.7966
34442	-75.6121
34443	-75.5372
34444	-75.5277
34445	-76.0492
34446	-75.2603
34447	-75.3238
34448	-75.3319
34449	-75.8123
34450	-75.8718
34451	-76.001
34452	-75.6615
34453	-75.7942
34454	-75.7603
34455	-75.3992
34456	-75.3989
34457	-75.5145
34458	-75.6041
34459	-75.6005
34460	-75.7295
34461	-75.3044
34462	-74.946
34463	-75.0971
34464	-75.2062
34465	-75.4818
34466	-75.6145
34467	-75.8024
34468	-75.9234
34469	-75.7697
34470	-75.9644
34471	-75.5917
34472	-75.4187
34473	-75.4427
34474	-75.7022
34475	-75.4935
34476	-75.5578
34477	-76.0432
34478	-75.7447
34479	-75.5838
34480	-75.3824
34481	-75.2689
34482	-74.9937
34483	-75.3711
34484	-75.6761
34485	-75.7291
34486	-75.7405
34487	-75.3438
34488	-75.4984
34489	-75.104
34490	-74.9921
34491	-75.3671
34492	-75.1815
34493	-75.4357
34494	-75.3916
34495	-75.2836
34496	-75.4498
34497	-75.8753
34498	-75.7859
34499	-75.6837
34500	-75.8115
34501	-76.3295
34502	-76.0705
34503	-75.9475
34504	-75.7212
34505	-75.3991
34506	-75.2273
34507	-75.3005
34508	-75.6793
34509	-75.598
34510	-75.8132
34511	-75.887
34512	-75.6066
34513	-75.3882
34514	-75.3868
34515	-75.826
34516	-76.0264
34517	-75.4167
34518	-75.449
34519	-75.9976
34520	-75.7872
34521	-76.1362
34522	-75.7979
34523	-75.8553
34524	-75.7254
34525	-75.1873
34526	-75.5926
34527	-75.622
34528	-75.8245
34529	-75.8908
34530	-75.8148
34531	-75.6065
34532	-75.7831
34533	-75.8189
34534	-75.314
34535	-75.1312
34536	-75.2246
34537	-75.8458
34538	-75.6622
34539	-75.5721
34540	-75.6407
34541	-75.6314
34542	-75.8778
34543	-75.67
34544	-75.5491
34545	-75.7835
34546	-75.492
34547	-75.3073
34548	-75.6313
34549	-75.8054
34550	-75.6113
34551	-75.3975
34552	-75.3535
34553	-75.481
34554	-75.6509
34555	-75.884
34556	-75.6431
34557	-75.4055
34558	-75.2732
34559	-75.599
34560	-75.6466
34561	-75.5257
34562	-75.8022
34563	-76.0457
34564	-75.9279
34565	-75.5207
34566	-75.6366
34567	-75.7815
34568	-75.8607
34569	-76.1916
34570	-75.6972
34571	-75.4143
34572	-75.2289
34573	-75.5227
34574	-75.2854
34575	-75.2978
34576	-75.7551
34577	-76.2506
34578	-76.0851
34579	-75.7215
34580	-75.3458
34581	-75.3937
34582	-75.839
34583	-75.3817
34584	-75.5804
34585	-75.7022
34586	-75.6473
34587	-75.4615
34588	-75.5151
34589	-75.5437
34590	-75.4126
34591	-75.7294
34592	-75.9428
34593	-75.3348
34594	-75.5029
34595	-75.5582
34596	-75.8241
34597	-75.7027
34598	-75.426
34599	-75.4472
34600	-75.54
34601	-75.5791
34602	-75.6597
34603	-75.6272
34604	-75.7894
34605	-75.8196
34606	-75.6648
34607	-76.062
34608	-76.1491
34609	-75.6305
34610	-75.7342
34611	-75.3546
34612	-75.5252
34613	-75.5641
34614	-75.6971
34615	-75.3927
34616	-75.1543
34617	-75.7105
34618	-75.8058
34619	-75.7556
34620	-75.5596
34621	-75.4781
34622	-75.2395
34623	-75.3633
34624	-75.4999
34625	-75.7194
34626	-75.7169
34627	-75.3153
34628	-75.5581
34629	-75.7932
34630	-76.0039
34631	-75.6086
34632	-75.617
34633	-75.5207
34634	-75.074
34635	-75.8594
34636	-75.5681
34637	-75.7644
34638	-75.6543
34639	-75.5465
34640	-75.5037
34641	-75.2401
34642	-75.573
34643	-75.8377
34644	-75.332
34645	-75.3653
34646	-75.6519
34647	-75.5618
34648	-75.3262
34649	-75.7639
34650	-75.2356
34651	-74.8862
34652	-75.266
34653	-75.4524
34654	-75.5924
34655	-75.4735
34656	-75.2733
34657	-75.5655
34658	-75.7523
34659	-75.5566
34660	-75.7393
34661	-75.7313
34662	-75.822
34663	-75.7774
34664	-75.6541
34665	-75.7658
34666	-75.5004
34667	-75.7191
34668	-75.4805
34669	-75.6832
34670	-75.7441
34671	-75.6396
34672	-75.5093
34673	-75.6506
34674	-75.3018
34675	-75.6724
34676	-76.0274
34677	-75.7853
34678	-75.7938
34679	-76.1225
34680	-75.4227
34681	-75.519
34682	-75.4923
34683	-75.8074
34684	-75.4727
34685	-75.4976
34686	-75.7516
34687	-75.3998
34688	-75.472
34689	-75.7403
34690	-76.1216
34691	-75.708
34692	-75.6768
34693	-75.9228
34694	-76.073
34695	-75.9379
34696	-75.8658
34697	-75.4522
34698	-75.5131
34699	-75.6482
34700	-75.7135
34701	-75.6386
34702	-75.9446
34703	-76.0022
34704	-75.949
34705	-75.8312
34706	-75.8262
34707	-75.4337
34708	-75.486
34709	-75.4535
34710	-75.3405
34711	-75.8604
34712	-75.4521
34713	-75.5521
34714	-75.8764
34715	-75.9285
34716	-75.5221
34717	-75.3068
34718	-75.4365
34719	-75.6501
34720	-75.5154
34721	-75.6155
34722	-76.0434
34723	-75.9176
34724	-75.6111
34725	-75.2442
34726	-75.2594
34727	-75.2948
34728	-75.6777
34729	-75.4338
34730	-75.1142
34731	-75.8897
34732	-75.4544
34733	-75.7542
34734	-75.6673
34735	-75.7561
34736	-75.6263
34737	-75.8374
34738	-75.4895
34739	-75.3416
34740	-75.4981
34741	-76.1657
34742	-75.7654
34743	-74.9455
34744	-75.3809
34745	-75.5084
34746	-75.4621
34747	-75.3235
34748	-75.503
34749	-76.0107
34750	-75.8695
34751	-75.7727
34752	-75.6577
34753	-75.9439
34754	-76.0347
34755	-75.6119
34756	-75.4147
34757	-75.3527
34758	-75.4664
34759	-75.4445
34760	-75.6334
34761	-75.3072
34762	-74.8493
34763	-75.1755
34764	-75.4997
34765	-76.0194
34766	-75.7723
34767	-75.4482
34768	-75.3699
34769	-75.5651
34770	-75.566
34771	-76.0469
34772	-75.8392
34773	-75.9011
34774	-76.1105
34775	-76.1191
34776	-75.8509
34777	-75.7132
34778	-75.3565
34779	-75.262
34780	-75.413
34781	-75.6918
34782	-75.6597
34783	-75.306
34784	-75.5694
34785	-75.9702
34786	-75.937
34787	-75.7621
34788	-75.8248
34789	-76.0345
34790	-75.5745
34791	-75.6775
34792	-76.0463
34793	-75.6886
34794	-75.8258
34795	-75.7521
34796	-75.7613
34797	-75.8239
34798	-75.5771
34799	-75.4856
34800	-75.5246
34801	-75.3292
34802	-75.2402
34803	-75.7393
34804	-75.5634
34805	-75.1668
34806	-75.8931
34807	-75.7049
34808	-75.4612
34809	-75.5903
34810	-75.4646
34811	-75.376
34812	-75.6802
34813	-75.6254
34814	-75.2631
34815	-75.3752
34816	-75.3851
34817	-75.6512
34818	-75.3942
34819	-75.8331
34820	-75.4433
34821	-75.6952
34822	-75.2513
34823	-75.5057
34824	-75.7985
34825	-75.7419
34826	-75.2327
34827	-75.5008
34828	-75.1488
34829	-75.6224
34830	-76.0783
34831	-75.5408
34832	-75.8559
34833	-75.9364
34834	-75.6285
34835	-75.2827
34836	-75.8475
34837	-76.0556
34838	-75.7587
34839	-75.874
34840	-75.8397
34841	-75.3538
34842	-75.5691
34843	-75.4518
34844	-75.3837
34845	-75.59
34846	-75.56
34847	-75.4256
34848	-75.4032
34849	-75.5031
34850	-75.3687
34851	-75.3187
34852	-75.4631
34853	-75.3351
34854	-75.7157
34855	-75.8619
34856	-76.0194
34857	-75.668
34858	-75.8692
34859	-75.0978
34860	-75.5426
34861	-75.624
34862	-75.8788
34863	-75.9921
34864	-75.798
34865	-75.9368
34866	-75.4758
34867	-75.1554
34868	-75.5821
34869	-75.7583
34870	-75.9604
34871	-75.3041
34872	-75.2552
34873	-75.1644
34874	-75.2828
34875	-75.4192
34876	-75.3506
34877	-75.5337
34878	-75.6915
34879	-75.7582
34880	-75.4411
34881	-75.3522
34882	-75.5429
34883	-76.0781
34884	-75.551
34885	-75.5316
34886	-75.5907
34887	-75.5259
34888	-75.7704
34889	-75.6927
34890	-75.5556
34891	-75.9485
34892	-75.9383
34893	-75.2966
34894	-75.3225
34895	-75.8444
34896	-75.6766
34897	-75.807
34898	-75.4337
34899	-75.4133
34900	-75.5315
34901	-75.4913
34902	-75.9284
34903	-75.9343
34904	-75.1899
34905	-75.6102
34906	-75.7498
34907	-76.2694
34908	-76.1677
34909	-75.7768
34910	-75.7434
34911	-75.8093
34912	-75.5055
34913	-75.5109
34914	-75.6004
34915	-75.3697
34916	-75.4418
34917	-75.5158
34918	-75.5292
34919	-75.7414
34920	-75.8462
34921	-75.9474
34922	-75.461
34923	-75.0958
34924	-75.0607
34925	-75.5389
34926	-75.5743
34927	-75.4324
34928	-75.5299
34929	-75.6017
34930	-75.355
34931	-75.635
34932	-75.5512
34933	-75.7869
34934	-75.8105
34935	-75.8735
34936	-75.7319
34937	-75.9487
34938	-75.5124
34939	-75.1278
34940	-74.791
34941	-75.4309
34942	-75.6767
34943	-75.7388
34944	-75.3595
34945	-75.6088
34946	-75.9105
34947	-76.2965
34948	-75.9852
34949	-75.5609
34950	-75.4722
34951	-75.4564
34952	-75.0422
34953	-74.9286
34954	-75.0097
34955	-75.5921
34956	-75.7677
34957	-75.8829
34958	-75.9669
34959	-75.8821
34960	-75.3367
34961	-75.5644
34962	-75.8241
34963	-75.7449
34964	-75.7391
34965	-75.4735
34966	-75.5368
34967	-75.529
34968	-75.534
34969	-75.507
34970	-75.6479
34971	-75.9319
34972	-75.7312
34973	-75.4368
34974	-75.559
34975	-75.3863
34976	-75.0967
34977	-75.0579
34978	-75.4702
34979	-75.7105
34980	-75.5517
34981	-75.47
34982	-75.3906
34983	-75.4471
34984	-75.7357
34985	-75.7085
34986	-75.2404
34987	-75.3367
34988	-75.5199
34989	-75.8741
34990	-76.0205
34991	-75.7062
34992	-75.6502
34993	-75.803
34994	-76.001
34995	-75.7653
34996	-75.2877
34997	-75.2421
34998	-75.7032
34999	-75.7102
35000	-75.3681
35001	-75.3715
35002	-75.3638
35003	-75.4128
35004	-75.2956
35005	-75.9005
35006	-75.5623
35007	-76.0432
35008	-75.9821
35009	-75.7585
35010	-75.7053
35011	-76.1249
35012	-76.0809
35013	-75.2435
35014	-75.5025
35015	-75.6496
35016	-75.8788
35017	-75.4194
35018	-75.504
35019	-75.7758
35020	-75.7134
35021	-75.5128
35022	-75.4648
35023	-75.3469
35024	-75.5981
35025	-75.7769
35026	-75.9798
35027	-75.5135
35028	-75.4872
35029	-75.4604
35030	-75.0663
35031	-75.4783
35032	-75.6538
35033	-75.4592
35034	-75.5996
35035	-75.5987
35036	-75.8284
35037	-75.2899
35038	-75.3023
35039	-75.7939
35040	-75.6009
35041	-75.6244
35042	-75.5539
35043	-75.8405
35044	-75.1493
35045	-75.4206
35046	-75.6251
35047	-75.8559
35048	-75.3853
35049	-75.5784
35050	-75.2643
35051	-75.0795
35052	-75.4673
35053	-75.5012
35054	-75.7277
35055	-75.2774
35056	-75.664
35057	-75.7783
35058	-76.0019
35059	-75.4814
35060	-75.3583
35061	-75.7235
35062	-75.7031
35063	-75.7842
35064	-75.9403
35065	-75.1911
35066	-75.4465
35067	-75.9869
35068	-75.3303
35069	-75.6194
35070	-75.8282
35071	-75.8858
35072	-75.5789
35073	-75.3362
35074	-75.9492
35075	-76.0868
35076	-75.4511
35077	-75.7065
35078	-75.4139
35079	-75.4302
35080	-75.4952
35081	-75.5912
35082	-75.4435
35083	-75.6139
35084	-75.7655
35085	-75.5301
35086	-75.7794
35087	-75.6575
35088	-75.6945
35089	-76.0793
35090	-75.8872
35091	-75.7394
35092	-75.7208
35093	-75.8256
35094	-75.6642
35095	-75.6592
35096	-75.7463
35097	-75.2497
35098	-75.5866
35099	-75.4461
35100	-75.4059
35101	-75.3288
35102	-75.2466
35103	-75.6022
35104	-75.8638
35105	-75.2783
35106	-75.623
35107	-75.7986
35108	-75.8265
35109	-75.5416
35110	-75.7603
35111	-75.8793
35112	-75.9082
35113	-75.6184
35114	-75.5204
35115	-75.44
35116	-75.3271
35117	-75.3519
35118	-75.3802
35119	-75.5155
35120	-75.6692
35121	-75.8612
35122	-75.8411
35123	-75.0159
35124	-74.8886
35125	-75.1369
35126	-75.5017
35127	-75.4449
35128	-75.3066
35129	-75.8251
35130	-75.4856
35131	-75.5054
35132	-75.6146
35133	-75.167
35134	-75.5676
35135	-76.0829
35136	-75.8823
35137	-75.5515
35138	-75.6236
35139	-75.7998
35140	-75.4957
35141	-75.3901
35142	-75.6243
35143	-75.5993
35144	-75.7341
35145	-75.6039
35146	-75.2746
35147	-75.3826
35148	-75.6504
35149	-75.6972
35150	-75.7085
35151	-75.4802
35152	-75.6594
35153	-75.7122
35154	-75.8407
35155	-75.3105
35156	-75.5938
35157	-75.24
35158	-74.9652
35159	-75.3306
35160	-75.1125
35161	-75.6567
35162	-75.7234
35163	-75.5856
35164	-75.3152
35165	-75.3849
35166	-75.8252
35167	-75.7988
35168	-75.6378
35169	-75.887
35170	-75.3211
35171	-75.3824
35172	-75.3535
35173	-75.4482
35174	-75.6524
35175	-75.1782
35176	-75.1787
35177	-75.1509
35178	-75.146
35179	-75.4853
35180	-75.7076
35181	-75.8109
35182	-75.4491
35183	-75.7127
35184	-75.6107
35185	-75.6127
35186	-75.4201
35187	-75.5386
35188	-75.8637
35189	-75.6957
35190	-75.8233
35191	-75.7833
35192	-75.832
35193	-75.7185
35194	-75.5918
35195	-75.8398
35196	-75.6799
35197	-75.4375
35198	-75.6758
35199	-75.5705
35200	-75.2204
35201	-75.4589
35202	-75.5189
35203	-75.5722
35204	-75.3797
35205	-75.4761
35206	-75.7289
35207	-75.6522
35208	-75.5456
35209	-75.3745
35210	-75.3149
35211	-75.4782
35212	-75.5968
35213	-75.8601
35214	-76.06
35215	-75.4736
35216	-75.6034
35217	-75.6105
35218	-75.4569
35219	-75.3416
35220	-75.8077
35221	-75.7574
35222	-75.5197
35223	-75.7562
35224	-75.61
35225	-75.7519
35226	-75.3704
35227	-75.4727
35228	-75.9161
35229	-76.2289
35230	-75.8707
35231	-75.2606
35232	-75.4683
35233	-75.7158
35234	-75.8254
35235	-75.6514
35236	-75.5882
35237	-75.8151
35238	-75.8506
35239	-75.4388
35240	-75.3873
35241	-76.1243
35242	-76.1194
35243	-75.4715
35244	-75.387
35245	-75.6506
35246	-75.6353
35247	-75.8439
35248	-75.4822
35249	-75.8625
35250	-75.9588
35251	-75.5595
35252	-75.5666
35253	-75.7746
35254	-76.0251
35255	-76.0564
35256	-75.6599
35257	-75.5517
35258	-75.5961
35259	-75.5107
35260	-75.59
35261	-76.0388
35262	-76.0616
35263	-75.7695
35264	-75.6096
35265	-75.9835
35266	-75.9681
35267	-75.9688
35268	-75.5378
35269	-75.4158
35270	-75.5527
35271	-75.5407
35272	-75.7431
35273	-75.6212
35274	-75.5733
35275	-75.3938
35276	-75.2789
35277	-75.8876
35278	-76.3436
35279	-76.1145
35280	-75.8738
35281	-75.9072
35282	-75.5112
35283	-75.9683
35284	-75.8401
35285	-75.9703
35286	-75.4288
35287	-75.4629
35288	-75.6909
35289	-75.6301
35290	-76.1507
35291	-76.4504
35292	-75.9345
35293	-75.6065
35294	-75.4676
35295	-75.573
35296	-75.7454
35297	-75.0853
35298	-75.3359
35299	-75.7948
35300	-75.7473
35301	-75.4945
35302	-75.3941
35303	-75.4219
35304	-75.4781
35305	-75.8048
35306	-75.7677
35307	-75.3927
35308	-75.6039
35309	-75.9924
35310	-75.9561
35311	-75.6009
35312	-75.3992
35313	-75.3856
35314	-75.8519
35315	-75.6835
35316	-75.6437
35317	-75.5093
35318	-75.4965
35319	-75.5422
35320	-75.2528
35321	-75.5266
35322	-75.979
35323	-75.5684
35324	-75.4384
35325	-75.9851
35326	-75.9158
35327	-75.7043
35328	-75.4773
35329	-75.3886
35330	-75.4733
35331	-75.8347
35332	-75.4167
35333	-75.5231
35334	-75.5926
35335	-75.6265
35336	-75.4221
35337	-75.1852
35338	-75.5851
35339	-75.5446
35340	-75.7934
35341	-75.7057
35342	-74.9415
35343	-75.2972
35344	-75.3617
35345	-76.14
35346	-75.966
35347	-75.8435
35348	-75.7501
35349	-75.224
35350	-75.8584
35351	-76.1789
35352	-76.0765
35353	-76.0057
35354	-75.6299
35355	-75.3605
35356	-75.5842
35357	-75.5397
35358	-75.5871
35359	-76.2137
35360	-75.9051
35361	-75.5092
35362	-75.6168
35363	-76.1013
35364	-75.3842
35365	-75.5902
35366	-75.4326
35367	-76.0834
35368	-75.7662
35369	-75.5848
35370	-75.5229
35371	-75.3573
35372	-75.7665
35373	-75.621
35374	-75.4569
35375	-75.3546
35376	-75.5101
35377	-75.6446
35378	-75.2695
35379	-75.278
35380	-75.7949
35381	-75.5709
35382	-75.1882
35383	-74.971
35384	-74.9636
35385	-75.3595
35386	-75.4771
35387	-75.655
35388	-75.857
35389	-75.4045
35390	-75.5615
35391	-75.436
35392	-75.839
35393	-75.4072
35394	-75.4086
35395	-75.758
35396	-75.7507
35397	-75.7598
35398	-75.7094
35399	-75.5388
35400	-75.6395
35401	-75.7366
35402	-75.7085
35403	-75.8158
35404	-75.351
35405	-75.5114
35406	-75.4729
35407	-75.0577
35408	-75.1994
35409	-75.7843
35410	-75.7249
35411	-75.4643
35412	-76.0006
35413	-75.9179
35414	-75.7988
35415	-75.6786
35416	-75.2594
35417	-75.5566
35418	-75.4716
35419	-75.6743
35420	-75.6144
35421	-75.6936
35422	-75.5996
35423	-75.4582
35424	-75.3993
35425	-75.6873
35426	-75.5749
35427	-75.4747
35428	-75.2963
35429	-75.6257
35430	-75.7423
35431	-75.936
35432	-76.1864
35433	-75.7955
35434	-75.5537
35435	-75.5073
35436	-75.3288
35437	-75.055
35438	-75.343
35439	-75.4392
35440	-75.7941
35441	-75.4359
35442	-75.4486
35443	-75.4113
35444	-75.7407
35445	-75.5287
35446	-75.5966
35447	-75.5723
35448	-75.5113
35449	-75.5737
35450	-76.0839
35451	-75.762
35452	-75.7772
35453	-75.4051
35454	-75.4288
35455	-75.2634
35456	-75.415
35457	-75.6498
35458	-76.2334
35459	-75.3436
35460	-75.0247
35461	-75.3561
35462	-75.108
35463	-75.7362
35464	-75.7601
35465	-75.7018
35466	-75.8985
35467	-75.5078
35468	-75.2779
35469	-75.5488
35470	-75.906
35471	-75.648
35472	-75.793
35473	-75.7807
35474	-75.6785
35475	-75.7279
35476	-75.7553
35477	-75.6565
35478	-75.7172
35479	-75.713
35480	-75.3964
35481	-75.1962
35482	-75.7064
35483	-75.5861
35484	-75.3415
35485	-75.372
35486	-75.176
35487	-75.5476
35488	-75.4616
35489	-75.867
35490	-75.7556
35491	-75.3816
35492	-75.3945
35493	-75.4321
35494	-75.7748
35495	-76.0484
35496	-75.8217
35497	-75.5788
35498	-75.481
35499	-76.0027
35500	-75.6689
35501	-75.6095
35502	-75.4399
35503	-75.4244
35504	-75.426
35505	-75.462
35506	-75.2757
35507	-75.6491
35508	-75.864
35509	-75.3885
35510	-75.2421
35511	-75.7019
35512	-75.8709
35513	-75.4343
35514	-75.5792
35515	-75.623
35516	-75.1406
35517	-75.3377
35518	-75.5558
35519	-75.6509
35520	-75.6494
35521	-75.5992
35522	-75.6714
35523	-75.6088
35524	-75.4976
35525	-75.8385
35526	-75.7581
35527	-75.6304
35528	-75.3007
35529	-75.3525
35530	-75.6422
35531	-75.3311
35532	-75.401
35533	-75.584
35534	-75.6815
35535	-75.6351
35536	-75.4849
35537	-76.0482
35538	-76.0303
35539	-75.5392
35540	-75.8145
35541	-75.5581
35542	-75.7568
35543	-75.5348
35544	-75.2194
35545	-75.1342
35546	-75.4864
35547	-75.6904
35548	-75.9245
35549	-75.3691
35550	-75.5384
35551	-75.8365
35552	-75.7539
35553	-75.6482
35554	-75.6707
35555	-75.6114
35556	-75.4448
35557	-75.4507
35558	-75.8509
35559	-76.0749
35560	-75.6618
35561	-75.4752
35562	-75.4958
35563	-75.549
35564	-75.9985
35565	-75.9353
35566	-75.9552
35567	-75.7762
35568	-75.615
35569	-75.4566
35570	-75.4827
35571	-75.6283
35572	-75.247
35573	-75.4261
35574	-76.0141
35575	-75.9322
35576	-75.5191
35577	-75.4829
35578	-75.7423
35579	-75.1977
35580	-75.3003
35581	-75.8646
35582	-75.3585
35583	-75.9267
35584	-75.8193
35585	-75.6694
35586	-75.6712
35587	-75.5448
35588	-75.6005
35589	-76.0679
35590	-75.3764
35591	-75.3133
35592	-75.336
35593	-75.6259
35594	-75.5852
35595	-75.8418
35596	-76.0345
35597	-75.4895
35598	-75.7206
35599	-75.7061
35600	-75.8742
35601	-75.5246
35602	-75.4445
35603	-75.3874
35604	-75.648
35605	-75.7249
35606	-75.7503
35607	-76.0263
35608	-75.7491
35609	-75.7041
35610	-75.3225
35611	-75.0619
35612	-75.3198
35613	-75.7888
35614	-75.6001
35615	-75.5417
35616	-75.3659
35617	-75.5705
35618	-75.8155
35619	-75.5015
35620	-75.4932
35621	-75.7573
35622	-75.8989
35623	-75.7685
35624	-76.0105
35625	-75.5269
35626	-75.8482
35627	-76.0332
35628	-75.3894
35629	-75.6544
35630	-75.5379
35631	-75.8971
35632	-75.4194
35633	-75.4085
35634	-75.5798
35635	-75.3164
35636	-75.4271
35637	-75.4863
35638	-75.1995
35639	-75.3987
35640	-75.391
35641	-75.2352
35642	-75.8069
35643	-75.5534
35644	-75.4489
35645	-75.4332
35646	-75.9205
35647	-76.256
35648	-75.8561
35649	-75.5216
35650	-75.802
35651	-75.4821
35652	-75.5064
35653	-75.393
35654	-75.3651
35655	-75.5824
35656	-75.7284
35657	-75.4718
35658	-75.5581
35659	-75.8176
35660	-75.8535
35661	-75.7438
35662	-75.5266
35663	-75.2454
35664	-75.9405
35665	-75.9721
35666	-75.4395
35667	-75.3596
35668	-75.2222
35669	-75.4872
35670	-75.8486
35671	-75.7559
35672	-75.639
35673	-75.7614
35674	-75.7066
35675	-75.92
35676	-75.6286
35677	-75.8762
35678	-75.6617
35679	-75.8484
35680	-75.4364
35681	-75.6988
35682	-75.8792
35683	-76.3364
35684	-75.9887
35685	-75.7709
35686	-75.8004
35687	-75.7058
35688	-75.2631
35689	-75.1547
35690	-75.0078
35691	-75.6575
35692	-75.8947
35693	-75.9634
35694	-76.0219
35695	-75.5559
35696	-75.4981
35697	-75.5066
35698	-75.5197
35699	-75.6921
35700	-75.4971
35701	-75.5516
35702	-75.3962
35703	-75.4246
35704	-75.7675
35705	-75.8476
35706	-75.8226
35707	-75.8247
35708	-75.6761
35709	-75.6013
35710	-75.6301
35711	-75.6668
35712	-75.6247
35713	-75.3639
35714	-75.6977
35715	-75.976
35716	-76.1225
35717	-75.7824
35718	-76.0607
35719	-75.5839
35720	-75.3607
35721	-75.3348
35722	-75.8286
35723	-75.4873
35724	-75.5268
35725	-75.7301
35726	-75.8143
35727	-75.6806
35728	-75.2643
35729	-75.618
35730	-75.8139
35731	-75.6947
35732	-75.4766
35733	-75.5946
35734	-75.6134
35735	-75.5023
35736	-75.6955
35737	-76.2078
35738	-76.1217
35739	-75.7171
35740	-75.4965
35741	-75.5077
35742	-75.399
35743	-75.8893
35744	-75.7945
35745	-75.9025
35746	-75.8569
35747	-75.3438
35748	-75.43
35749	-75.7687
35750	-75.8903
35751	-76.0256
35752	-75.7404
35753	-75.8567
35754	-75.7012
35755	-75.5056
35756	-75.4492
35757	-75.4545
35758	-75.5892
35759	-75.5764
35760	-75.5894
35761	-75.5438
35762	-76.0003
35763	-75.7034
35764	-75.5981
35765	-75.4544
35766	-75.6458
35767	-75.9279
35768	-75.2897
35769	-75.2051
35770	-75.9283
35771	-76.1631
35772	-75.8076
35773	-75.7282
35774	-75.6769
35775	-75.8773
35776	-75.4946
35777	-75.4194
35778	-75.7925
35779	-76.0586
35780	-75.8925
35781	-75.5262
35782	-75.569
35783	-75.3981
35784	-75.3211
35785	-75.3556
35786	-75.4855
35787	-75.8493
35788	-75.9075
35789	-75.8324
35790	-75.5761
35791	-75.4455
35792	-75.5419
35793	-75.5233
35794	-75.7006
35795	-75.2887
35796	-75.8908
35797	-75.6588
35798	-75.8222
35799	-75.9446
35800	-76.0751
35801	-75.5774
35802	-75.7065
35803	-75.8196
35804	-75.9573
35805	-75.8999
35806	-75.4
35807	-75.4838
35808	-75.1361
35809	-75.817
35810	-75.6429
35811	-75.6843
35812	-75.7326
35813	-75.7213
35814	-75.949
35815	-75.6862
35816	-75.9549
35817	-76.0001
35818	-75.9811
35819	-75.4334
35820	-75.4967
35821	-75.5288
35822	-75.24
35823	-75.4097
35824	-75.6041
35825	-75.564
35826	-75.7373
35827	-75.6223
35828	-75.2681
35829	-75.7821
35830	-75.809
35831	-75.7002
35832	-75.8316
35833	-76.1254
35834	-75.7614
35835	-75.5823
35836	-75.7883
35837	-75.9303
35838	-75.4888
35839	-75.8813
35840	-75.7941
35841	-75.8512
35842	-75.6453
35843	-76.0295
35844	-76.0267
35845	-75.6025
35846	-75.4861
35847	-75.6103
35848	-75.7884
35849	-75.263
35850	-75.1828
35851	-75.3422
35852	-75.7883
35853	-75.6616
35854	-75.5244
35855	-75.0945
35856	-75.6513
35857	-75.9741
35858	-75.6499
35859	-75.85
35860	-75.7637
35861	-75.7727
35862	-75.7488
35863	-75.9952
35864	-76.1236
35865	-75.3869
35866	-75.4234
35867	-75.9316
35868	-75.9508
35869	-75.686
35870	-75.6966
35871	-75.9972
35872	-75.8665
35873	-75.5501
35874	-75.668
35875	-75.8144
35876	-75.7476
35877	-75.5616
35878	-75.6474
35879	-76.2661
35880	-75.7522
35881	-75.4758
35882	-75.3898
35883	-75.2543
35884	-75.2804
35885	-75.4816
35886	-75.5998
35887	-75.6834
35888	-75.8973
35889	-75.7712
35890	-75.8056
35891	-75.5384
35892	-75.3338
35893	-75.6648
35894	-75.4636
35895	-75.7789
35896	-75.7448
35897	-75.6862
35898	-75.1968
35899	-75.4786
35900	-75.6716
35901	-75.5355
35902	-74.9891
35903	-75.1115
35904	-75.1737
35905	-75.6645
35906	-75.6913
35907	-75.8403
35908	-75.4261
35909	-75.654
35910	-75.3551
35911	-75.6455
35912	-75.6337
35913	-75.5339
35914	-75.6696
35915	-75.8476
35916	-76.0454
35917	-75.5804
35918	-75.4832
35919	-75.5155
35920	-75.5656
35921	-75.3898
35922	-75.7731
35923	-75.6683
35924	-75.664
35925	-75.8743
35926	-76.1263
35927	-75.681
35928	-75.6124
35929	-75.783
35930	-75.692
35931	-75.2614
35932	-75.4576
35933	-75.6509
35934	-75.5164
35935	-75.312
35936	-75.1576
35937	-75.438
35938	-75.2512
35939	-75.4928
35940	-76.0488
35941	-75.5243
35942	-75.8974
35943	-76.2709
35944	-75.9087
35945	-75.6162
35946	-75.882
35947	-75.9302
35948	-75.6922
35949	-75.2885
35950	-75.0301
35951	-75.5968
35952	-75.2937
35953	-75.3921
35954	-75.7035
35955	-75.5119
35956	-75.7678
35957	-75.428
35958	-75.6438
35959	-75.4167
35960	-75.4997
35961	-75.855
35962	-75.9651
35963	-75.7563
35964	-75.6312
35965	-75.8089
35966	-75.6143
35967	-75.3835
35968	-75.5868
35969	-75.7702
35970	-75.7239
35971	-75.637
35972	-75.8046
35973	-75.6786
35974	-75.4446
35975	-75.7099
35976	-75.719
35977	-75.469
35978	-75.3984
35979	-75.3306
35980	-75.8591
35981	-75.7165
35982	-75.6164
35983	-75.8665
35984	-75.7731
35985	-75.8225
35986	-75.9584
35987	-75.8634
35988	-75.6354
35989	-75.6491
35990	-75.5396
35991	-75.4065
35992	-75.2338
35993	-75.5607
35994	-75.0531
35995	-75.3555
35996	-75.4308
35997	-75.2426
35998	-75.3633
35999	-75.6139
36000	-75.408
36001	-75.3068
36002	-75.5624
36003	-75.7642
36004	-75.2491
36005	-74.9282
36006	-75.3803
36007	-75.6227
36008	-75.7494
36009	-75.9062
36010	-75.821
36011	-75.4455
36012	-75.4141
36013	-75.6607
36014	-75.8227
36015	-75.9639
36016	-76.053
36017	-75.7691
36018	-75.7831
36019	-75.6962
36020	-75.4
36021	-75.2764
36022	-75.6116
36023	-76.1691
36024	-75.6243
36025	-75.3317
36026	-75.4682
36027	-75.7611
36028	-75.7051
36029	-75.5949
36030	-75.318
36031	-75.4593
36032	-75.9236
36033	-75.9826
36034	-75.9055
36035	-75.3984
36036	-75.4259
36037	-75.2041
36038	-75.6425
36039	-75.5239
36040	-75.7138
36041	-75.5392
36042	-75.6074
36043	-76.1239
36044	-75.3751
36045	-75.494
36046	-75.6294
36047	-75.7269
36048	-75.8007
36049	-75.6642
36050	-75.6121
36051	-75.8279
36052	-75.8377
36053	-75.7907
36054	-75.6124
36055	-75.8584
36056	-75.9526
36057	-75.8875
36058	-75.2933
36059	-75.163
36060	-75.3978
36061	-75.6309
36062	-75.5449
36063	-75.5269
36064	-75.5722
36065	-75.3757
36066	-75.7458
36067	-75.6534
36068	-75.488
36069	-75.1513
36070	-75.5729
36071	-76.0141
36072	-75.5525
36073	-75.1735
36074	-75.6472
36075	-75.6835
36076	-75.5708
36077	-75.5314
36078	-75.2331
36079	-75.3488
36080	-75.4051
36081	-75.5544
36082	-75.3347
36083	-75.3985
36084	-76.0453
36085	-75.8327
36086	-75.694
36087	-75.1742
36088	-75.4979
36089	-75.9369
36090	-75.7509
36091	-75.5411
36092	-75.7442
36093	-75.9996
36094	-75.6903
36095	-75.3136
36096	-75.5301
36097	-76.0324
36098	-75.8982
36099	-76.1487
36100	-75.8113
36101	-75.3301
36102	-75.7607
36103	-75.4536
36104	-75.4922
36105	-75.5205
36106	-75.713
36107	-75.6474
36108	-75.6809
36109	-75.2645
36110	-75.1458
36111	-75.2502
36112	-75.0255
36113	-75.364
36114	-75.7632
36115	-75.3699
36116	-75.2964
36117	-75.0998
36118	-75.6766
36119	-75.5076
36120	-75.4378
36121	-75.3705
36122	-75.9515
36123	-76.0281
36124	-75.4253
36125	-75.1763
36126	-75.3441
36127	-75.3881
36128	-75.344
36129	-75.7007
36130	-75.6768
36131	-75.4716
36132	-75.3497
36133	-75.4162
36134	-75.249
36135	-75.3879
36136	-75.5314
36137	-75.312
36138	-75.8523
36139	-75.9428
36140	-75.6358
36141	-75.7326
36142	-75.6051
36143	-75.7175
36144	-75.6907
36145	-75.827
36146	-75.8042
36147	-76.0258
36148	-75.8226
36149	-75.0488
36150	-75.2128
36151	-75.6497
36152	-75.5655
36153	-75.5267
36154	-76.3601
36155	-75.7346
36156	-75.608
36157	-75.3792
36158	-75.8065
36159	-75.9029
36160	-75.623
36161	-75.7635
36162	-75.6762
36163	-75.4577
36164	-75.2124
36165	-75.721
36166	-75.4588
36167	-75.5758
36168	-75.2636
36169	-75.6127
36170	-75.1809
36171	-75.577
36172	-75.6644
36173	-75.5704
36174	-75.6852
36175	-75.3373
36176	-75.5423
36177	-75.3539
36178	-75.4971
36179	-75.5085
36180	-75.4873
36181	-75.466
36182	-75.6448
36183	-75.5492
36184	-75.7974
36185	-75.7381
36186	-75.6614
36187	-75.8098
36188	-75.8661
36189	-75.5977
36190	-75.5989
36191	-75.1729
36192	-75.3241
36193	-75.1727
36194	-75.3421
36195	-75.3813
36196	-75.3319
36197	-75.2169
36198	-75.1962
36199	-75.5796
36200	-75.4595
36201	-75.75
36202	-75.7983
36203	-75.7444
36204	-75.8493
36205	-75.7085
36206	-75.8884
36207	-75.3901
36208	-75.3853
36209	-75.6576
36210	-75.894
36211	-75.9153
36212	-75.8601
36213	-75.7218
36214	-75.835
36215	-75.9637
36216	-75.7538
36217	-75.5299
36218	-75.4002
36219	-75.6611
36220	-75.5028
36221	-75.9096
36222	-75.7546
36223	-75.4577
36224	-75.9735
36225	-75.5637
36226	-75.7741
36227	-75.6888
36228	-75.1231
36229	-75.2801
36230	-76.1474
36231	-76.4739
36232	-76.0129
36233	-75.5256
36234	-75.3725
36235	-75.8522
36236	-75.5794
36237	-75.7224
36238	-76.035
36239	-75.7573
36240	-75.6435
36241	-75.4935
36242	-75.4131
36243	-75.2127
36244	-74.8754
36245	-75.7564
36246	-76.0864
36247	-75.7482
36248	-75.9183
36249	-75.6114
36250	-75.4714
36251	-75.6404
36252	-75.7142
36253	-75.5439
36254	-75.7417
36255	-75.5226
36256	-75.5197
36257	-75.8695
36258	-76.004
36259	-75.8126
36260	-75.6331
36261	-75.7822
36262	-75.9029
36263	-75.3376
36264	-75.4463
36265	-75.6078
36266	-75.787
36267	-75.9364
36268	-75.9138
36269	-75.3215
36270	-75.3792
36271	-75.5585
36272	-75.4734
36273	-75.7534
36274	-75.686
36275	-75.8799
36276	-75.2833
36277	-75.5678
36278	-75.2321
36279	-75.1204
36280	-75.3208
36281	-75.9174
36282	-75.7588
36283	-76.1111
36284	-75.6859
36285	-76.0867
36286	-75.3764
36287	-75.346
36288	-75.7536
36289	-75.7347
36290	-75.5302
36291	-75.4145
36292	-75.55
36293	-75.9257
36294	-75.5919
36295	-75.3889
36296	-75.7537
36297	-76.2083
36298	-75.8554
36299	-75.9166
36300	-76.2385
36301	-75.7524
36302	-75.5763
36303	-75.8807
36304	-75.8506
36305	-75.8661
36306	-76.0917
36307	-75.7133
36308	-75.2319
36309	-75.4942
36310	-75.6023
36311	-75.8072
36312	-75.7156
36313	-75.5154
36314	-75.4745
36315	-75.1898
36316	-75.3689
36317	-75.8707
36318	-75.6112
36319	-75.5715
36320	-75.7562
36321	-75.8761
36322	-75.8998
36323	-75.6325
36324	-75.6771
36325	-75.7458
36326	-75.1935
36327	-75.6332
36328	-75.7994
36329	-75.965
36330	-75.8181
36331	-75.6164
36332	-76.0146
36333	-75.8692
36334	-75.254
36335	-75.513
36336	-75.4363
36337	-75.3995
36338	-76.0263
36339	-75.5244
36340	-75.3922
36341	-75.2511
36342	-75.735
36343	-75.6995
36344	-75.2008
36345	-75.5689
36346	-75.6153
36347	-75.5729
36348	-75.6514
36349	-75.544
36350	-75.3371
36351	-75.3035
36352	-75.7761
36353	-75.8817
36354	-75.9009
36355	-75.6213
36356	-75.4956
36357	-75.2659
36358	-75.7699
36359	-75.4477
36360	-75.5298
36361	-75.6045
36362	-75.9088
36363	-75.7793
36364	-75.2589
36365	-75.6903
36366	-75.5594
36367	-75.6341
36368	-75.3296
36369	-75.3251
36370	-75.8812
36371	-75.634
36372	-75.8513
36373	-75.7217
36374	-75.2794
36375	-75.3456
36376	-75.4117
36377	-75.2928
36378	-75.5195
36379	-75.4648
36380	-75.9857
36381	-75.6888
36382	-75.454
36383	-75.1801
36384	-75.5793
36385	-75.2446
36386	-75.2721
36387	-75.804
36388	-75.7566
36389	-76.1231
36390	-75.0626
36391	-75.3009
36392	-75.6993
36393	-75.4929
36394	-75.4533
36395	-75.758
36396	-75.6426
36397	-75.4678
36398	-75.228
36399	-75.189
36400	-75.1144
36401	-75.6211
36402	-75.6172
36403	-75.529
36404	-75.6023
36405	-75.4459
36406	-75.7415
36407	-75.7062
36408	-75.7336
36409	-75.9147
36410	-76.0157
36411	-76.0275
36412	-75.5779
36413	-75.6882
36414	-76.0687
36415	-75.697
36416	-75.5851
36417	-75.5902
36418	-75.4778
36419	-75.4352
36420	-75.5142
36421	-75.8373
36422	-75.6897
36423	-75.5287
36424	-75.8596
36425	-75.8705
36426	-75.8775
36427	-75.7978
36428	-75.9143
36429	-76.0142
36430	-76.0155
36431	-75.2385
36432	-75.2599
36433	-75.5007
36434	-76.0211
36435	-76.0756
36436	-75.6348
36437	-75.5937
36438	-75.7306
36439	-75.4729
36440	-75.6938
36441	-75.8784
36442	-76.0547
36443	-75.6986
36444	-75.6802
36445	-75.7799
36446	-75.3485
36447	-75.2299
36448	-75.4881
36449	-75.5214
36450	-75.4262
36451	-75.2485
36452	-75.1056
36453	-75.8257
36454	-75.7285
36455	-75.6008
36456	-75.6803
36457	-75.3954
36458	-75.3773
36459	-75.4515
36460	-75.7503
36461	-75.8863
36462	-75.7378
36463	-75.6472
36464	-75.4868
36465	-75.7293
36466	-75.6915
36467	-75.5421
36468	-75.7506
36469	-75.6876
36470	-75.8744
36471	-75.7647
36472	-75.5766
36473	-75.5688
36474	-75.7512
36475	-75.5249
36476	-75.6976
36477	-75.7519
36478	-75.604
36479	-75.4305
36480	-75.7587
36481	-76.0475
36482	-75.7716
36483	-75.6399
36484	-75.6735
36485	-75.6487
36486	-75.5424
36487	-75.5845
36488	-75.3078
36489	-76.0438
36490	-75.8257
36491	-75.6827
36492	-75.6859
36493	-75.4848
36494	-75.5892
36495	-75.7707
36496	-75.8319
36497	-75.5507
36498	-75.4758
36499	-75.3983
36500	-75.3887
36501	-75.6902
36502	-75.8758
36503	-75.6779
36504	-76.2208
36505	-76.0145
36506	-75.6154
36507	-75.8113
36508	-76.1016
36509	-75.7773
36510	-75.5578
36511	-75.381
36512	-75.4254
36513	-75.8301
36514	-75.5391
36515	-75.2774
36516	-75.6641
36517	-75.479
36518	-75.6883
36519	-75.8324
36520	-75.7702
36521	-75.7553
36522	-75.826
36523	-75.6503
36524	-75.7257
36525	-75.6586
36526	-75.6578
36527	-75.605
36528	-75.504
36529	-75.3444
36530	-75.4756
36531	-75.843
36532	-75.5025
36533	-75.7719
36534	-76.2929
36535	-76.0744
36536	-75.5363
36537	-75.289
36538	-75.3516
36539	-75.5205
36540	-75.263
36541	-75.3224
36542	-75.4582
36543	-74.888
36544	-75.2053
36545	-75.5672
36546	-75.7215
36547	-75.505
36548	-75.629
36549	-75.2985
36550	-75.3617
36551	-75.5824
36552	-75.685
36553	-75.7961
36554	-75.7221
36555	-75.5717
36556	-75.2059
36557	-75.3458
36558	-75.5354
36559	-75.4668
36560	-75.4339
36561	-75.5921
36562	-75.5607
36563	-75.6918
36564	-75.7498
36565	-75.4228
36566	-75.2825
36567	-76.0806
36568	-75.7472
36569	-75.6894
36570	-75.6488
36571	-76.2611
36572	-75.7311
36573	-75.8392
36574	-75.8297
36575	-75.6215
36576	-75.3172
36577	-75.5356
36578	-75.7441
36579	-75.185
36580	-75.3004
36581	-75.6923
36582	-75.4621
36583	-75.2366
36584	-75.4889
36585	-75.5093
36586	-75.7516
36587	-75.5463
36588	-75.3988
36589	-75.2491
36590	-75.3417
36591	-75.3743
36592	-75.362
36593	-75.5971
36594	-75.5044
36595	-75.926
36596	-75.8517
36597	-75.4087
36598	-75.2137
36599	-75.1599
36600	-75.5758
36601	-75.4524
36602	-75.6027
36603	-75.5769
36604	-75.1249
36605	-75.4511
36606	-75.3023
36607	-75.409
36608	-75.2342
36609	-75.4472
36610	-75.6879
36611	-75.8587
36612	-75.4972
36613	-75.5176
36614	-75.6383
36615	-75.4883
36616	-75.6638
36617	-75.5246
36618	-75.2989
36619	-75.5308
36620	-75.221
36621	-75.3042
36622	-76.137
36623	-75.6388
36624	-75.7203
36625	-75.4738
36626	-75.287
36627	-75.5034
36628	-75.4566
36629	-75.7062
36630	-75.8815
36631	-75.8442
36632	-75.9106
36633	-75.8193
36634	-75.3707
36635	-75.5334
36636	-75.8371
36637	-75.415
36638	-75.3189
36639	-75.4437
36640	-75.3314
36641	-75.8425
36642	-75.8454
36643	-75.8508
36644	-75.5377
36645	-75.688
36646	-75.6886
36647	-75.8204
36648	-75.4354
36649	-75.5482
36650	-75.3806
36651	-75.8603
36652	-75.7627
36653	-75.1461
36654	-75.1255
36655	-75.2869
36656	-76.0014
36657	-76.254
36658	-75.3218
36659	-75.0253
36660	-75.7258
36661	-75.6816
36662	-75.6355
36663	-75.5753
36664	-75.0735
36665	-75.3407
36666	-75.6497
36667	-75.7575
36668	-75.521
36669	-75.856
36670	-75.7015
36671	-75.3886
36672	-75.3771
36673	-75.7446
36674	-75.7134
36675	-75.5447
36676	-75.4443
36677	-75.5419
36678	-75.6813
36679	-75.7391
36680	-75.5044
36681	-75.542
36682	-75.5532
36683	-75.6484
36684	-75.9612
36685	-75.7437
36686	-75.8599
36687	-75.5827
36688	-75.7291
36689	-75.523
36690	-75.7863
36691	-75.8491
36692	-75.2775
36693	-75.3276
36694	-75.5057
36695	-75.6245
36696	-75.4359
36697	-75.7211
36698	-75.5199
36699	-75.7289
36700	-75.7693
36701	-75.7858
36702	-75.6588
36703	-75.5056
36704	-75.1778
36705	-75.7229
36706	-75.8901
36707	-75.8891
36708	-75.7186
36709	-76.0147
36710	-75.3892
36711	-75.2899
36712	-75.5704
36713	-75.5377
36714	-75.7218
36715	-75.3712
36716	-75.7032
36717	-75.4979
36718	-75.5472
36719	-75.6268
36720	-75.5544
36721	-75.7591
36722	-75.2394
36723	-75.2612
36724	-75.053
36725	-75.3972
36726	-75.6362
36727	-75.692
36728	-75.9363
36729	-75.5076
36730	-75.4564
36731	-75.2698
36732	-75.4916
36733	-75.6553
36734	-75.5526
36735	-75.4862
36736	-75.5362
36737	-75.6185
36738	-75.6904
36739	-75.5934
36740	-75.5053
36741	-75.978
36742	-75.691
36743	-75.486
36744	-75.607
36745	-75.4417
36746	-75.3281
36747	-75.2979
36748	-75.6634
36749	-75.3857
36750	-75.2378
36751	-75.3625
36752	-75.3705
36753	-76.0351
36754	-75.7287
36755	-75.3152
36756	-75.3031
36757	-75.2579
36758	-75.6775
36759	-75.8427
36760	-75.7572
36761	-75.5651
36762	-75.3803
36763	-75.4612
36764	-75.88
36765	-75.8453
36766	-75.4664
36767	-75.7655
36768	-75.6371
36769	-75.7651
36770	-75.3521
36771	-75.6776
36772	-75.384
36773	-75.6111
36774	-75.5396
36775	-75.2465
36776	-75.5135
36777	-75.1562
36778	-75.3863
36779	-75.7466
36780	-75.4233
36781	-75.6282
36782	-75.935
36783	-76.0531
36784	-75.5186
36785	-75.8071
36786	-75.6821
36787	-75.664
36788	-75.864
36789	-75.6944
36790	-75.9453
36791	-75.5039
36792	-75.5713
36793	-75.3235
36794	-75.0429
36795	-75.2606
36796	-75.4639
36797	-75.815
36798	-75.9185
36799	-75.4986
36800	-75.3107
36801	-75.0981
36802	-75.3801
36803	-75.5842
36804	-75.6276
36805	-75.5841
36806	-75.9926
36807	-75.7535
36808	-75.7414
36809	-75.1429
36810	-75.4137
36811	-75.4018
36812	-75.3439
36813	-75.6543
36814	-75.4136
36815	-75.4126
36816	-75.5791
36817	-75.7311
36818	-75.8414
36819	-75.2606
36820	-75.5717
36821	-75.8303
36822	-76.1841
36823	-75.8917
36824	-75.6617
36825	-75.4146
36826	-75.5387
36827	-75.4505
36828	-75.4422
36829	-75.4074
36830	-75.7077
36831	-75.5235
36832	-75.5971
36833	-75.7001
36834	-75.98
36835	-75.5414
36836	-75.1055
36837	-75.2403
36838	-75.7563
36839	-75.9345
36840	-75.5532
36841	-75.9063
36842	-75.5942
36843	-75.1658
36844	-75.267
36845	-75.4669
36846	-75.6942
36847	-75.3678
36848	-75.2825
36849	-75.6977
36850	-75.5647
36851	-75.4915
36852	-75.6756
36853	-75.9366
36854	-75.8595
36855	-75.3991
36856	-75.7312
36857	-75.5959
36858	-75.4717
36859	-75.4606
36860	-75.7645
36861	-75.4606
36862	-75.5069
36863	-75.7608
36864	-75.5974
36865	-75.5935
36866	-75.3002
36867	-75.3633
36868	-75.5163
36869	-75.5297
36870	-75.6781
36871	-75.778
36872	-75.8983
36873	-75.8295
36874	-75.7143
36875	-75.4968
36876	-75.4232
36877	-75.4413
36878	-75.292
36879	-75.5439
36880	-75.8015
36881	-75.7668
36882	-75.8288
36883	-75.6593
36884	-75.3556
36885	-75.6592
36886	-75.508
36887	-75.1489
36888	-75.5415
36889	-75.3099
36890	-75.5119
36891	-75.3693
36892	-75.6541
36893	-75.7437
36894	-75.8788
36895	-75.4257
36896	-75.2533
36897	-75.5408
36898	-75.5771
36899	-76.157
36900	-75.8383
36901	-75.4274
36902	-75.1317
36903	-75.2463
36904	-75.5893
36905	-75.6147
36906	-75.5683
36907	-75.4145
36908	-75.7354
36909	-75.5822
36910	-75.5466
36911	-75.8281
36912	-75.5325
36913	-75.7971
36914	-75.6448
36915	-75.7024
36916	-75.7939
36917	-75.92
36918	-75.9206
36919	-75.8342
36920	-75.9431
36921	-76.2569
36922	-75.9651
36923	-75.1365
36924	-75.1544
36925	-75.3764
36926	-75.552
36927	-75.5112
36928	-75.349
36929	-75.3768
36930	-75.7698
36931	-76.0433
36932	-76.0154
36933	-75.5195
36934	-75.4167
36935	-75.1345
36936	-75.404
36937	-75.5818
36938	-75.6736
36939	-75.4119
36940	-75.6862
36941	-75.8568
36942	-75.4437
36943	-75.8785
36944	-75.9814
36945	-76.0246
36946	-75.7959
36947	-75.8155
36948	-75.409
36949	-75.8652
36950	-75.9715
36951	-75.9801
36952	-75.8045
36953	-75.7193
36954	-75.5549
36955	-75.5892
36956	-75.7339
36957	-75.6145
36958	-75.3919
36959	-75.6491
36960	-75.8314
36961	-76.0893
36962	-76.1069
36963	-75.1402
36964	-75.3673
36965	-75.7768
36966	-75.9434
36967	-75.3134
36968	-75.2887
36969	-75.2956
36970	-75.5986
36971	-75.7322
36972	-75.3765
36973	-75.6725
36974	-75.5848
36975	-75.1484
36976	-75.382
36977	-75.5962
36978	-75.3232
36979	-75.5059
36980	-75.5497
36981	-75.7859
36982	-76.3869
36983	-75.5591
36984	-75.2802
36985	-75.6385
36986	-75.4593
36987	-75.5272
36988	-75.6263
36989	-75.8246
36990	-75.9468
36991	-75.8901
36992	-75.3808
36993	-75.7034
36994	-75.6041
36995	-75.5272
36996	-75.3427
36997	-75.3669
36998	-75.7536
36999	-76.0465
37000	-75.6296
37001	-75.857
37002	-75.5059
37003	-75.5036
37004	-75.6696
37005	-75.6047
37006	-75.9666
37007	-75.7246
37008	-75.5346
37009	-75.2579
37010	-75.8506
37011	-75.9196
37012	-75.7594
37013	-75.5016
37014	-75.2647
37015	-75.4089
37016	-75.6315
37017	-75.4492
37018	-75.4523
37019	-75.3398
37020	-75.3558
37021	-75.5456
37022	-75.6149
37023	-75.6667
37024	-75.1649
37025	-75.2214
37026	-75.8932
37027	-75.8023
37028	-75.7715
37029	-75.6494
37030	-75.4598
37031	-75.3728
37032	-75.9844
37033	-75.928
37034	-75.5462
37035	-75.9644
37036	-75.5367
37037	-75.3275
37038	-75.259
37039	-75.5433
37040	-75.2575
37041	-75.2366
37042	-75.4756
37043	-76.2613
37044	-75.7476
37045	-75.4805
37046	-75.3051
37047	-75.6081
37048	-75.8957
37049	-75.6394
37050	-75.7438
37051	-75.4477
37052	-75.8693
37053	-75.7178
37054	-75.4355
37055	-75.5687
37056	-75.6191
37057	-75.7406
37058	-75.6419
37059	-75.5079
37060	-76.0981
37061	-75.7113
37062	-75.711
37063	-75.8981
37064	-75.4848
37065	-75.8057
37066	-75.6307
37067	-75.7907
37068	-75.5157
37069	-75.6526
37070	-75.7338
37071	-75.5024
37072	-75.2803
37073	-75.4728
37074	-76.0069
37075	-75.386
37076	-75.605
37077	-75.344
37078	-75.2892
37079	-75.7342
37080	-75.467
37081	-75.6108
37082	-75.692
37083	-75.4245
37084	-75.5447
37085	-75.7451
37086	-75.5206
37087	-75.7583
37088	-75.7605
37089	-75.9973
37090	-75.8822
37091	-75.5408
37092	-75.477
37093	-75.7919
37094	-75.7083
37095	-75.5753
37096	-75.5739
37097	-75.4183
37098	-75.4316
37099	-75.586
37100	-75.2322
37101	-75.5305
37102	-74.8744
37103	-75.0297
37104	-75.2288
37105	-75.4942
37106	-75.2472
37107	-75.5244
37108	-75.6937
37109	-75.4474
37110	-75.4258
37111	-75.5114
37112	-75.7184
37113	-75.6836
37114	-75.5792
37115	-75.5111
37116	-75.8539
37117	-75.553
37118	-75.6623
37119	-76.1612
37120	-75.5388
37121	-75.4606
37122	-75.5978
37123	-75.5303
37124	-75.6108
37125	-76.0091
37126	-75.6034
37127	-75.6819
37128	-75.8992
37129	-75.7082
37130	-75.1657
37131	-75.5061
37132	-75.622
37133	-75.1289
37134	-75.148
37135	-75.1635
37136	-75.298
37137	-75.4821
37138	-75.7689
37139	-75.3636
37140	-75.3857
37141	-75.0157
37142	-75.4329
37143	-75.3726
37144	-75.587
37145	-75.9378
37146	-75.6131
37147	-75.4841
37148	-75.7424
37149	-75.8129
37150	-75.7229
37151	-75.2673
37152	-75.6422
37153	-75.3568
37154	-75.4889
37155	-75.8423
37156	-75.563
37157	-75.6911
37158	-75.5822
37159	-75.6702
37160	-75.5753
37161	-75.4708
37162	-75.5024
37163	-75.6198
37164	-75.4048
37165	-75.7257
37166	-75.5476
37167	-75.7195
37168	-75.6135
37169	-75.7375
37170	-76.1025
37171	-75.868
37172	-75.7353
37173	-75.8874
37174	-75.8283
37175	-75.8048
37176	-76.0196
37177	-75.712
37178	-75.8097
37179	-76.0468
37180	-76.0193
37181	-74.9695
37182	-75.0326
37183	-75.2732
37184	-75.1435
37185	-75.843
37186	-75.4895
37187	-75.2992
37188	-75.399
37189	-75.5628
37190	-75.5661
37191	-75.4006
37192	-75.3103
37193	-75.3987
37194	-75.1174
37195	-75.312
37196	-75.7306
37197	-75.7078
37198	-75.2518
37199	-75.5442
37200	-75.7292
37201	-75.2125
37202	-75.6575
37203	-75.7906
37204	-75.3603
37205	-75.5196
37206	-75.289
37207	-75.6417
37208	-75.1865
37209	-75.2662
37210	-75.6188
37211	-75.5658
37212	-75.7013
37213	-75.6314
37214	-75.456
37215	-75.6947
37216	-75.4045
37217	-75.4154
37218	-75.3975
37219	-75.6306
37220	-75.7738
37221	-75.3625
37222	-75.4532
37223	-75.5636
37224	-75.6836
37225	-75.6257
37226	-75.2441
37227	-75.4119
37228	-75.871
37229	-75.7914
37230	-75.698
37231	-75.7912
37232	-75.8159
37233	-75.5924
37234	-75.4206
37235	-75.4328
37236	-75.4417
37237	-75.5646
37238	-75.4441
37239	-75.6895
37240	-75.7132
37241	-75.6896
37242	-75.7257
37243	-75.6107
37244	-75.6721
37245	-75.4324
37246	-75.4912
37247	-75.3785
37248	-75.498
37249	-75.518
37250	-76.0184
37251	-75.9988
37252	-75.8006
37253	-75.4796
37254	-75.3292
37255	-75.5512
37256	-75.4888
37257	-75.6951
37258	-75.8116
37259	-75.6807
37260	-75.4235
37261	-75.5591
37262	-75.8821
37263	-75.7954
37264	-75.7658
37265	-75.5876
37266	-75.1376
37267	-74.8956
37268	-74.9512
37269	-75.2237
37270	-75.6733
37271	-76.0073
37272	-75.3622
37273	-75.3048
37274	-75.3201
37275	-75.073
37276	-74.9465
37277	-75.3898
37278	-75.6377
37279	-75.6146
37280	-75.5051
37281	-75.3191
37282	-75.5636
37283	-75.8563
37284	-75.6691
37285	-75.2793
37286	-75.7053
37287	-75.3922
37288	-75.5295
37289	-75.4823
37290	-75.1443
37291	-74.9903
37292	-75.3559
37293	-75.3816
37294	-75.6452
37295	-75.2142
37296	-75.6957
37297	-75.4645
37298	-75.9585
37299	-75.7165
37300	-75.3064
37301	-75.5205
37302	-75.9368
37303	-75.6956
37304	-75.6382
37305	-75.5041
37306	-75.6028
37307	-75.9277
37308	-75.3945
37309	-75.3974
37310	-75.6677
37311	-75.9877
37312	-76.0004
37313	-75.6456
37314	-75.4392
37315	-75.3141
37316	-75.3025
37317	-75.4982
37318	-75.2874
37319	-75.2682
37320	-75.1399
37321	-75.4868
37322	-75.4568
37323	-75.4788
37324	-75.7047
37325	-75.7682
37326	-75.7103
37327	-75.6195
37328	-75.6516
37329	-75.3085
37330	-75.5425
37331	-75.4165
37332	-75.6489
37333	-75.9469
37334	-75.812
37335	-75.4986
37336	-75.4981
37337	-75.1634
37338	-74.969
37339	-75.1865
37340	-75.7713
37341	-75.411
37342	-75.2159
37343	-75.1192
37344	-75.5114
37345	-75.7866
37346	-75.842
37347	-75.6106
37348	-75.1669
37349	-75.4168
37350	-75.6026
37351	-75.372
37352	-75.3468
37353	-75.3445
37354	-75.3325
37355	-75.3802
37356	-75.5149
37357	-75.6094
37358	-75.6735
37359	-75.5805
37360	-75.6715
37361	-75.3231
37362	-75.3325
37363	-75.1582
37364	-75.5832
37365	-75.5121
37366	-75.5335
37367	-75.2272
37368	-75.4324
37369	-75.1885
37370	-75.2053
37371	-75.451
37372	-75.6661
37373	-75.5623
37374	-75.5885
37375	-75.3949
37376	-75.2039
37377	-75.4514
37378	-75.4589
37379	-75.4974
37380	-75.5001
37381	-75.6234
37382	-75.6967
37383	-75.6849
37384	-75.402
37385	-75.4735
37386	-75.705
37387	-75.7263
37388	-75.6935
37389	-75.7776
37390	-75.6737
37391	-75.4454
37392	-75.3807
37393	-75.2704
37394	-75.7496
37395	-75.2571
37396	-75.3438
37397	-75.6385
37398	-75.6191
37399	-75.6435
37400	-75.721
37401	-75.1901
37402	-75.1699
37403	-75.2186
37404	-75.4748
37405	-75.7188
37406	-75.6865
37407	-75.7222
37408	-75.9577
37409	-75.6371
37410	-75.7302
37411	-75.325
37412	-75.4787
37413	-75.4839
37414	-74.9268
37415	-75.1997
37416	-75.6016
37417	-75.3196
37418	-75.728
37419	-75.259
37420	-75.3501
37421	-75.4763
37422	-75.5163
37423	-75.7213
37424	-75.7886
37425	-75.2834
37426	-75.4309
37427	-75.4053
37428	-75.0266
37429	-75.061
37430	-75.434
37431	-75.4766
37432	-75.253
37433	-75.1857
37434	-75.5982
37435	-75.7206
37436	-75.497
37437	-75.3167
37438	-75.2844
37439	-74.9218
37440	-74.134
37441	-74.6981
37442	-75.4917
37443	-74.7896
37444	-74.8508
37445	-75.0466
37446	-75.511
37447	-75.3567
37448	-75.6567
37449	-75.216
37450	-75.0421
37451	-75.5485
37452	-75.4653
37453	-75.3276
37454	-75.5969
37455	-75.3288
37456	-75.6883
37457	-75.8899
37458	-75.4826
37459	-75.0374
37460	-74.9344
37461	-75.4325
37462	-75.3254
37463	-75.3874
37464	-75.134
37465	-75.4925
37466	-75.4707
37467	-75.442
37468	-75.3951
37469	-75.5987
37470	-75.505
37471	-75.2725
37472	-75.4578
37473	-75.4287
37474	-75.2958
37475	-75.4252
37476	-74.7463
37477	-74.9381
37478	-75.1835
37479	-75.5413
37480	-75.4328
37481	-75.5676
37482	-75.524
37483	-75.7956
37484	-75.8125
37485	-75.35
37486	-75.2135
37487	-75.0159
37488	-75.3018
37489	-75.2303
37490	-75.1038
37491	-75.0905
37492	-75.7278
37493	-75.9325
37494	-75.7845
37495	-75.6432
37496	-75.5302
37497	-75.6404
37498	-75.3524
37499	-72.6211
37500	-67.1116
37501	-69.0891
37502	-74.1836
37503	-75.0507
37504	-75.0671
37505	-75.0553
37506	-74.9883
37507	-75.3693
37508	-75.3802
37509	-75.3659
37510	-75.7518
37511	-75.2811
37512	-75.3878
37513	-75.6441
37514	-75.8223
37515	-76.1841
37516	-75.2265
37517	-75.3817
37518	-74.8802
37519	-75.5524
37520	-75.8058
37521	-74.9008
37522	-75.2986
37523	-75.2837
37524	-75.2852
37525	-75.3814
37526	-75.1536
37527	-75.3887
37528	-75.6256
37529	-75.463
37530	-75.3869
37531	-75.4364
37532	-75.2008
37533	-75.2768
37534	-75.6181
37535	-75.2413
37536	-75.2032
37537	-75.3996
37538	-75.3922
37539	-75.6081
37540	-75.4762
37541	-75.4969
37542	-75.705
37543	-75.4411
37544	-75.409
37545	-75.3501
37546	-75.8214
37547	-75.2261
37548	-75.409
37549	-75.3749
37550	-75.5915
37551	-75.3525
37552	-75.4868
37553	-75.4702
37554	-75.4261
37555	-75.7532
37556	-75.6251
37557	-75.2454
37558	-74.9237
37559	-75.3404
37560	-74.5997
37561	-74.8769
37562	-75.5309
37563	-74.8805
37564	-75.3599
37565	-75.4387
37566	-75.3653
37567	-75.1413
37568	-75.1619
37569	-75.1328
37570	-75.0777
37571	-75.5785
37572	-75.7417
37573	-75.8872
37574	-75.6478
37575	-75.146
37576	-75.0976
37577	-74.8521
37578	-75.3384
37579	-75.3056
37580	-75.1305
37581	-75.0349
37582	-75.3844
37583	-75.1397
37584	-75.4401
37585	-75.6484
37586	-75.2109
37587	-75.114
37588	-75.1504
37589	-74.947
37590	-75.4221
37591	-75.1567
37592	-74.9734
37593	-74.9312
37594	-75.2492
37595	-75.846
37596	-75.473
37597	-75.8056
37598	-75.3581
37599	-74.8958
37600	-75.4056
37601	-75.4355
37602	-75.0766
37603	-75.1464
37604	-75.0242
37605	-75.217
37606	-75.3473
37607	-75.5099
37608	-75.4431
37609	-75.5775
37610	-75.4281
37611	-75.4629
37612	-75.7764
37613	-75.8484
37614	-75.013
37615	-74.7726
37616	-75.0902
37617	-75.0291
37618	-75.312
37619	-75.2481
37620	-75.0104
37621	-75.3065
37622	-75.4092
37623	-75.3627
37624	-75.9286
37625	-75.336
37626	-75.3758
37627	-75.7385
37628	-75.9715
37629	-75.6055
37630	-75.4524
37631	-75.2333
37632	-75.3937
37633	-75.7205
37634	-75.3644
37635	-75.3667
37636	-74.9016
37637	-75.3844
37638	-75.7549
37639	-75.7799
37640	-75.7521
37641	-75.1626
37642	-75.6331
37643	-75.6395
37644	-75.599
37645	-75.3517
37646	-75.5423
37647	-75.4556
37648	-75.7872
37649	-75.1676
37650	-75.6573
37651	-75.804
37652	-75.8011
37653	-75.7584
37654	-75.2036
37655	-75.3122
37656	-75.522
37657	-75.1537
37658	-75.4863
37659	-75.2177
37660	-75.125
37661	-75.1377
37662	-75.3793
37663	-75.4137
37664	-75.3371
37665	-76.1093
37666	-75.278
37667	-75.3902
37668	-75.5321
37669	-75.0745
37670	-75.1728
37671	-75.3876
37672	-75.4333
37673	-75.2845
37674	-75.6749
37675	-75.6969
37676	-75.8328
37677	-75.8073
37678	-75.2101
37679	-75.5524
37680	-75.2351
37681	-75.5327
37682	-75.3858
37683	-75.3554
37684	-75.4666
37685	-75.3732
37686	-75.1159
37687	-75.0716
37688	-75.4061
37689	-75.5231
37690	-76.1637
37691	-75.5458
37692	-75.136
37693	-75.4736
37694	-76.1351
37695	-75.6537
37696	-75.6282
37697	-75.5466
37698	-75.3712
37699	-75.2159
37700	-75.2922
37701	-75.7838
37702	-75.5402
37703	-75.2348
37704	-75.2708
37705	-75.7413
37706	-75.6885
37707	-75.7397
37708	-75.9009
37709	-75.5326
37710	-75.4435
37711	-75.7018
37712	-75.9033
37713	-75.8004
37714	-75.7368
37715	-75.5964
37716	-75.4607
37717	-75.4818
37718	-75.2586
37719	-75.6024
37720	-75.6317
37721	-75.1195
37722	-75.6355
37723	-75.5598
37724	-75.1602
37725	-75.2374
37726	-75.4299
37727	-75.3932
37728	-75.469
37729	-75.4193
37730	-75.7187
37731	-75.7269
37732	-75.7403
37733	-75.7085
37734	-75.4242
37735	-75.2603
37736	-75.3022
37737	-75.5631
37738	-75.6671
37739	-75.5007
37740	-75.5099
37741	-75.472
37742	-75.5339
37743	-76.223
37744	-75.913
37745	-75.7098
37746	-75.6439
37747	-75.7681
37748	-75.3259
37749	-75.4809
37750	-75.6508
37751	-75.6959
37752	-75.9692
37753	-75.4855
37754	-75.4299
37755	-75.5712
37756	-75.5767
37757	-75.5248
37758	-75.4474
37759	-75.3249
37760	-75.278
37761	-75.1867
37762	-75.8309
37763	-75.7406
37764	-75.3868
37765	-75.3237
37766	-75.2902
37767	-75.5699
37768	-76.0293
37769	-75.5663
37770	-75.6311
37771	-75.7446
37772	-75.6676
37773	-75.633
37774	-75.719
37775	-75.6338
37776	-75.5176
37777	-75.5404
37778	-75.5906
37779	-75.7949
37780	-75.3154
37781	-75.3055
37782	-75.4427
37783	-75.4441
37784	-75.8694
37785	-75.6605
37786	-75.7296
37787	-75.5109
37788	-75.5203
37789	-75.4577
37790	-75.463
37791	-75.57
37792	-75.7439
37793	-76.0065
37794	-75.9301
37795	-75.5849
37796	-75.4752
37797	-75.6733
37798	-75.4411
37799	-75.4499
37800	-75.0863
37801	-75.6432
37802	-75.5313
37803	-75.7779
37804	-75.7285
37805	-75.8152
37806	-75.724
37807	-75.6067
37808	-76.2076
37809	-76.0799
37810	-75.7403
37811	-75.5244
37812	-75.5364
37813	-75.7756
37814	-76.0171
37815	-75.7556
37816	-75.4879
37817	-75.9866
37818	-75.4403
37819	-75.3925
37820	-75.5807
37821	-75.554
37822	-75.2697
37823	-75.7279
37824	-75.8585
37825	-76.2607
37826	-76.0122
37827	-75.5205
37828	-75.9077
37829	-75.951
37830	-75.8334
37831	-75.8304
37832	-75.4733
37833	-75.2639
37834	-75.7871
37835	-76.2121
37836	-75.85
37837	-75.2645
37838	-75.2451
37839	-75.532
37840	-75.2607
37841	-75.3606
37842	-75.4878
37843	-75.4531
37844	-75.4026
37845	-75.3731
37846	-75.5027
37847	-75.4565
37848	-75.2613
37849	-75.4595
37850	-75.5449
37851	-75.7459
37852	-75.8366
37853	-75.5401
37854	-75.7917
37855	-75.7748
37856	-75.4255
37857	-75.393
37858	-75.6904
37859	-76.0739
37860	-76.2941
37861	-76.247
37862	-75.4199
37863	-75.6829
37864	-75.5877
37865	-75.5792
37866	-75.4016
37867	-75.5214
37868	-75.7699
37869	-75.5359
37870	-75.4038
37871	-75.3737
37872	-75.3618
37873	-76.1388
37874	-75.7343
37875	-75.9758
37876	-75.8882
37877	-75.3391
37878	-75.377
37879	-75.5416
37880	-75.7412
37881	-75.7743
37882	-75.6707
37883	-75.6622
37884	-75.155
37885	-75.2959
37886	-75.4253
37887	-75.2295
37888	-75.6235
37889	-76.0393
37890	-76.0656
37891	-75.9841
37892	-76.073
37893	-75.7255
37894	-75.6217
37895	-75.7379
37896	-75.4673
37897	-75.422
37898	-75.7476
37899	-75.6014
37900	-75.6393
37901	-75.6175
37902	-75.6047
37903	-75.5003
37904	-75.2106
37905	-74.9906
37906	-75.2976
37907	-75.7212
37908	-75.3822
37909	-75.1679
37910	-75.6789
37911	-75.9595
37912	-75.9247
37913	-75.9624
37914	-75.5418
37915	-75.1363
37916	-75.475
37917	-75.5113
37918	-75.4163
37919	-75.2429
37920	-75.1867
37921	-75.7279
37922	-75.8407
37923	-75.5908
37924	-75.6499
37925	-75.1765
37926	-75.2507
37927	-75.4117
37928	-75.3923
37929	-75.4608
37930	-75.3116
37931	-75.3498
37932	-75.3957
37933	-75.3052
37934	-75.6972
37935	-75.5777
37936	-75.6678
37937	-75.1668
37938	-75.1356
37939	-75.5176
37940	-75.2189
37941	-75.3932
37942	-75.9923
37943	-75.9838
37944	-75.5481
37945	-75.5333
37946	-75.8922
37947	-75.5852
37948	-75.6919
37949	-75.4437
37950	-75.6162
37951	-75.7721
37952	-75.8291
37953	-76.1113
37954	-75.8582
37955	-75.8078
37956	-75.7953
37957	-75.7412
37958	-75.4914
37959	-75.7877
37960	-76.1696
37961	-76.0264
37962	-75.732
37963	-75.5247
37964	-75.9085
37965	-75.7241
37966	-75.8224
37967	-75.3995
37968	-75.2833
37969	-75.4742
37970	-75.3848
37971	-75.0569
37972	-75.2819
37973	-75.7052
37974	-75.8235
37975	-75.8052
37976	-75.7143
37977	-75.6896
37978	-75.7676
37979	-75.4506
37980	-75.6312
37981	-75.4048
37982	-75.5777
37983	-75.5271
37984	-75.2062
37985	-75.6127
37986	-75.9627
37987	-75.4886
37988	-75.2574
37989	-75.8563
37990	-75.73
37991	-75.7222
37992	-75.3983
37993	-75.4477
37994	-75.3748
37995	-75.5
37996	-75.75
37997	-75.9333
37998	-75.9291
37999	-75.6288
38000	-75.4763
38001	-75.3751
38002	-75.4257
38003	-75.4839
38004	-75.4438
38005	-75.7087
38006	-75.5948
38007	-75.7554
38008	-75.427
38009	-75.2956
38010	-74.9179
38011	-75.6098
38012	-75.9031
38013	-75.5525
38014	-75.7149
38015	-75.6302
38016	-75.1199
38017	-75.1571
38018	-75.4174
38019	-75.6253
38020	-75.8105
38021	-75.3772
38022	-75.3174
38023	-75.2324
38024	-75.5216
38025	-75.6181
38026	-75.4775
38027	-75.4685
38028	-75.5521
38029	-75.4442
38030	-75.4913
38031	-75.2076
38032	-75.3444
38033	-75.5656
38034	-75.7336
38035	-75.4236
38036	-75.6922
38037	-75.4089
38038	-75.5053
38039	-75.6302
38040	-75.4363
38041	-75.6623
38042	-75.7784
38043	-76.3176
38044	-76.0185
38045	-75.4331
38046	-75.5627
38047	-75.2981
38048	-75.269
38049	-75.2986
38050	-75.5792
38051	-75.0225
38052	-75.3343
38053	-75.6317
38054	-75.5058
38055	-75.5202
38056	-75.2929
38057	-75.5891
38058	-75.3457
38059	-75.7014
38060	-75.9038
38061	-75.9398
38062	-75.6267
38063	-75.1844
38064	-75.7171
38065	-75.6659
38066	-75.4013
38067	-75.2815
38068	-75.4968
38069	-75.7778
38070	-76.1381
38071	-75.9127
38072	-75.703
38073	-75.5507
38074	-75.6926
38075	-75.3773
38076	-75.1774
38077	-75.5289
38078	-75.9374
38079	-75.9351
38080	-75.9641
38081	-75.6599
38082	-75.4944
38083	-75.8143
38084	-75.7894
38085	-75.539
38086	-75.3327
38087	-75.8517
38088	-75.8716
38089	-75.6531
38090	-75.6658
38091	-75.4184
38092	-75.1977
38093	-75.5564
38094	-75.6776
38095	-75.6434
38096	-75.6916
38097	-75.3697
38098	-75.0912
38099	-75.366
38100	-76.0627
38101	-75.9205
38102	-75.6566
38103	-75.573
38104	-75.6751
38105	-75.7616
38106	-75.761
38107	-75.4846
38108	-75.5681
38109	-75.5762
38110	-75.6475
38111	-75.5807
38112	-75.8796
38113	-75.304
38114	-75.4988
38115	-75.6601
38116	-75.8399
38117	-75.9003
38118	-75.7687
38119	-75.7036
38120	-75.2976
38121	-75.7292
38122	-75.3984
38123	-75.5528
38124	-75.4688
38125	-75.7747
38126	-75.9191
38127	-75.6016
38128	-75.5027
38129	-75.6456
38130	-75.2847
38131	-76.0217
38132	-76.0624
38133	-75.543
38134	-75.5985
38135	-75.6747
38136	-75.6982
38137	-76.0612
38138	-75.7825
38139	-75.9849
38140	-75.304
38141	-75.118
38142	-75.3115
38143	-75.317
38144	-75.3412
38145	-75.317
38146	-75.2771
38147	-75.3857
38148	-75.7754
38149	-75.6782
38150	-75.6111
38151	-76.0528
38152	-75.6097
38153	-75.447
38154	-75.4182
38155	-75.9609
38156	-75.497
38157	-75.2376
38158	-75.1993
38159	-75.4946
38160	-75.5106
38161	-75.1917
38162	-75.254
38163	-75.5529
38164	-75.5267
38165	-75.6728
38166	-75.6974
38167	-75.5985
38168	-75.7269
38169	-75.9894
38170	-76.021
38171	-75.3887
38172	-75.2066
38173	-75.6578
38174	-75.5692
38175	-75.4313
38176	-75.4746
38177	-75.3518
38178	-75.6729
38179	-75.762
38180	-75.7105
38181	-75.2107
38182	-75.3581
38183	-75.2705
38184	-75.5363
38185	-75.7715
38186	-76.3039
38187	-75.811
38188	-75.7001
38189	-75.9789
38190	-76.0944
38191	-75.7707
38192	-75.1536
38193	-75.7711
38194	-75.7105
38195	-75.7337
38196	-75.5752
38197	-75.1751
38198	-75.3974
38199	-75.4778
38200	-76.1409
38201	-76.0889
38202	-75.466
38203	-75.2985
38204	-75.3699
38205	-75.1434
38206	-75.6131
38207	-75.5573
38208	-75.7112
38209	-75.6724
38210	-75.5966
38211	-75.6105
38212	-75.808
38213	-75.4647
38214	-75.1262
38215	-75.2849
38216	-75.5462
38217	-75.3647
38218	-75.6657
38219	-75.0879
38220	-75.5251
38221	-75.5283
38222	-75.7061
38223	-75.6302
38224	-75.2054
38225	-75.3594
38226	-75.3285
38227	-75.4303
38228	-75.4802
38229	-75.8657
38230	-75.6432
38231	-74.8129
38232	-75.1449
38233	-75.7796
38234	-75.6344
38235	-75.0603
38236	-75.1842
38237	-75.3534
38238	-75.7679
38239	-75.5472
38240	-75.6195
38241	-75.8551
38242	-76.059
38243	-75.4344
38244	-75.3645
38245	-75.0183
38246	-75.0624
38247	-75.1764
38248	-75.9896
38249	-75.4997
38250	-75.6282
38251	-75.8188
38252	-75.6229
38253	-75.0661
38254	-75.3646
38255	-75.4482
38256	-75.3436
38257	-75.3293
38258	-75.3366
38259	-75.3286
38260	-75.4008
38261	-75.1615
38262	-75.1846
38263	-75.6183
38264	-75.3607
38265	-75.6321
38266	-75.3952
38267	-75.4113
38268	-75.2471
38269	-75.4743
38270	-75.3658
38271	-75.9666
38272	-75.6209
38273	-75.5018
38274	-75.3421
38275	-75.6898
38276	-75.5502
38277	-75.5339
38278	-75.1958
38279	-75.4403
38280	-75.1892
38281	-75.6104
38282	-75.2046
38283	-75.5487
38284	-75.6735
38285	-75.5329
38286	-75.2387
38287	-75.2058
38288	-75.4371
38289	-75.6942
38290	-75.3948
38291	-75.1613
38292	-75.9797
38293	-75.9005
38294	-75.8413
38295	-75.5683
38296	-75.7012
38297	-75.8791
38298	-75.3013
38299	-75.4869
38300	-75.4339
38301	-75.1879
38302	-75.6376
38303	-75.64
38304	-75.3267
38305	-75.4777
38306	-75.4624
38307	-75.2839
38308	-75.8355
38309	-75.7385
38310	-75.3817
38311	-75.0229
38312	-75.4809
38313	-75.7011
38314	-75.8547
38315	-76.0848
38316	-75.8401
38317	-76.0338
38318	-75.7884
38319	-75.6877
38320	-75.3147
38321	-75.215
38322	-75.0463
38323	-75.1893
38324	-75.7363
38325	-75.4522
38326	-75.4978
38327	-75.3308
38328	-74.9825
38329	-75.0596
38330	-75.3962
38331	-75.278
38332	-75.323
38333	-75.149
38334	-75.4446
38335	-75.6583
38336	-75.4632
38337	-75.957
38338	-75.8079
38339	-75.6164
38340	-75.5072
38341	-75.4665
38342	-75.4344
38343	-75.2717
38344	-75.3179
38345	-75.6159
38346	-75.4947
38347	-75.6636
38348	-75.513
38349	-75.7283
38350	-75.4829
38351	-75.3214
38352	-75.7017
38353	-75.68
38354	-75.7229
38355	-75.5473
38356	-75.4425
38357	-75.3056
38358	-75.4694
38359	-75.4818
38360	-75.7563
38361	-75.793
38362	-75.4833
38363	-75.619
38364	-75.554
38365	-75.828
38366	-75.6307
38367	-75.485
38368	-75.7454
38369	-75.5227
38370	-75.4542
38371	-75.1441
38372	-75.2077
38373	-75.2042
38374	-75.6272
38375	-75.5669
38376	-75.5565
38377	-75.1032
38378	-75.3144
38379	-75.7603
38380	-75.4125
38381	-75.3823
38382	-75.521
38383	-75.1549
38384	-75.2662
38385	-75.066
38386	-75.1938
38387	-75.4769
38388	-75.5233
38389	-75.2437
38390	-74.9252
38391	-75.5401
38392	-75.6939
38393	-75.605
38394	-75.4501
38395	-75.3791
38396	-75.5713
38397	-75.2842
38398	-75.388
38399	-75.4907
38400	-75.4377
38401	-75.3775
38402	-75.2041
38403	-75.5752
38404	-75.8222
38405	-75.8448
38406	-75.4587
38407	-75.386
38408	-75.3354
38409	-75.1463
38410	-75.0458
38411	-74.0886
38412	-74.0223
38413	-74.9951
38414	-75.3999
38415	-75.0182
38416	-75.2909
38417	-75.4698
38418	-75.0962
38419	-75.4715
38420	-75.1039
38421	-74.9867
38422	-75.4857
38423	-75.5322
38424	-75.353
38425	-75.2753
38426	-75.5627
38427	-75.2703
38428	-75.0897
38429	-75.6328
38430	-75.7879
38431	-75.3381
38432	-75.4459
38433	-75.7368
38434	-75.6319
38435	-75.4401
38436	-75.3728
38437	-75.7413
38438	-75.1182
38439	-74.8756
38440	-75.2619
38441	-75.4756
38442	-75.3665
38443	-75.5587
38444	-75.4467
38445	-75.2926
38446	-75.4806
38447	-75.6688
38448	-75.4331
38449	-75.3868
38450	-75.6984
38451	-75.8026
38452	-75.2308
38453	-75.0368
38454	-75.1567
38455	-75.3392
38456	-75.3734
38457	-75.3601
38458	-75.7733
38459	-75.9459
38460	-74.99
38461	-74.9506
38462	-75.5233
38463	-75.4676
38464	-75.1917
38465	-75.5514
38466	-75.4878
38467	-75.4439
38468	-75.51
38469	-75.6316
38470	-75.692
38471	-75.612
38472	-75.3464
38473	-75.233
38474	-75.4725
38475	-75.737
38476	-75.6966
38477	-75.4314
38478	-75.318
38479	-75.5681
38480	-74.969
38481	-75.1916
38482	-75.2437
38483	-75.0201
38484	-75.1291
38485	-75.3159
38486	-75.753
38487	-75.6478
38488	-75.6401
38489	-75.7808
38490	-75.6747
38491	-75.2512
38492	-75.1125
38493	-75.4523
38494	-75.0368
38495	-75.1414
38496	-74.683
38497	-75.1899
38498	-75.7652
38499	-75.8578
38500	-75.4466
38501	-75.1675
38502	-75.223
38503	-75.2921
38504	-74.9289
38505	-75.2719
38506	-75.894
38507	-75.4126
38508	-75.113
38509	-74.6877
38510	-74.9455
38511	-75.2863
38512	-75.6181
38513	-75.5903
38514	-75.6924
38515	-75.5159
38516	-74.9989
38517	-74.9534
38518	-75.4294
38519	-75.8078
38520	-75.5131
38521	-75.2821
38522	-75.4482
38523	-75.4319
38524	-75.0406
38525	-75.2832
38526	-75.1964
38527	-75.0732
38528	-75.4155
38529	-75.7473
38530	-75.6727
38531	-75.2921
38532	-75.2227
38533	-75.2928
38534	-75.4847
38535	-75.1449
38536	-75.3439
38537	-75.5706
38538	-75.7006
38539	-75.6179
38540	-75.3863
38541	-75.1424
38542	-75.3778
38543	-75.4379
38544	-75.342
38545	-74.9587
38546	-74.9828
38547	-75.268
38548	-75.36
38549	-74.7026
38550	-74.9324
38551	-75.0983
38552	-75.3055
38553	-75.4451
38554	-75.2587
38555	-75.622
38556	-75.3964
38557	-74.8952
38558	-75.2265
38559	-75.1132
38560	-75.1829
38561	-74.8067
38562	-74.9883
38563	-75.4213
38564	-75.594
38565	-75.2034
38566	-75.1381
38567	-74.8259
38568	-75.6129
38569	-75.3029
38570	-75.1425
38571	-74.987
38572	-75.346
38573	-75.2192
38574	-74.7509
38575	-74.8258
38576	-75.04
38577	-75.108
38578	-74.9837
38579	-75.3166
38580	-74.8698
38581	-75.1205
38582	-75.4046
38583	-75.1196
38584	-75.0311
38585	-74.9888
38586	-74.9461
38587	-75.0056
38588	-74.7563
38589	-74.6171
38590	-73.9786
38591	-71.4649
38592	-70.7511
38593	-74.0821
38594	-74.8446
38595	-74.6917
38596	-74.5726
38597	-74.7673
38598	-74.5349
38599	-74.9704
38600	-74.9909
38601	-74.5375
38602	-74.5139
38603	-74.9609
38604	-75.136
38605	-75.129
38606	-75.0031
38607	-74.7156
38608	-74.4344
38609	-74.9892
38610	-75.2968
38611	-75.3144
38612	-74.7412
38613	-74.6587
38614	-74.3917
38615	-74.5718
38616	-75.0641
38617	-75.1006
38618	-75.2314
38619	-75.3805
38620	-74.5927
38621	-74.5195
38622	-74.719
38623	-74.1629
38624	-74.3841
38625	-74.6757
38626	-74.7268
38627	-74.583
38628	-74.4597
38629	-74.5183
38630	-74.5066
38631	-74.1562
38632	-74.1927
38633	-74.3889
38634	-74.023
38635	-74.0536
38636	-74.5824
38637	-74.8204
38638	-74.4513
38639	-74.5636
38640	-74.4692
38641	-74.3752
38642	-74.0565
38643	-74.0476
38644	-74.2369
38645	-74.2468
38646	-74.122
38647	-74.2525
38648	-74.2931
38649	-73.9247
38650	-73.9823
38651	-74.5238
38652	-73.9458
38653	-73.6874
38654	-73.7062
38655	-73.8184
38656	-73.6842
38657	-73.8805
38658	-73.8869
38659	-73.8404
38660	-73.9979
38661	-73.5415
38662	-73.8462
38663	-73.5029
38664	-73.4989
38665	-73.2274
38666	-73.1565
38667	-73.4959
38668	-73.509
38669	-73.1161
38670	-73.4952
38671	-73.5112
38672	-73.6435
38673	-73.478
38674	-73.08
38675	-73.0884
38676	-73.0144
38677	-72.8463
38678	-72.8802
38679	-72.6865
38680	-72.6599
38681	-72.8
38682	-72.9221
38683	-72.9709
38684	-73.2776
38685	-73.2063
38686	-73.2631
38687	-73.2189
38688	-73.2555
38689	-73.0273
38690	-72.4957
38691	-72.7917
38692	-72.6822
38693	-72.5652
38694	-72.6552
38695	-72.562
38696	-72.3267
38697	-72.6266
38698	-72.7207
38699	-73.0747
38700	-72.3985
38701	-72.0257
38702	-72.3505
38703	-72.4475
38704	-72.171
38705	-71.8361
38706	-72.459
38707	-72.1272
38708	-71.8293
38709	-72.4162
38710	-72.2141
38711	-71.9142
38712	-71.5731
38713	-71.851
38714	-71.9795
38715	-71.6381
38716	-71.547
38717	-71.5002
38718	-71.6697
38719	-71.4977
38720	-71.452
38721	-72.1302
38722	-71.9792
38723	-71.6087
38724	-71.7286
38725	-71.9117
38726	-71.5769
38727	-71.589
38728	-71.5949
38729	-71.2297
38730	-71.2826
38731	-71.7534
38732	-71.3715
38733	-71.522
38734	-71.6839
38735	-71.4683
38736	-71.7168
38737	-71.3702
38738	-71.3469
38739	-71.5781
38740	-71.1191
38741	-70.9495
38742	-71.409
38743	-71.3474
38744	-71.0112
38745	-70.8214
38746	-70.9404
38747	-70.825
38748	-70.7161
38749	-70.6924
38750	-71.1237
38751	-71.0377
38752	-70.7557
38753	-70.9183
38754	-70.7595
38755	-70.9135
38756	-70.5059
38757	-70.8018
38758	-71.1141
38759	-70.691
38760	-70.7985
38761	-70.6359
38762	-70.6556
38763	-70.6102
38764	-70.9318
38765	-70.8362
38766	-70.788
38767	-70.425
38768	-70.2304
38769	-69.5626
38770	-67.0321
38771	-57.9036
38772	-56.6365
38773	-64.3149
38774	-69.8055
38775	-69.8874
38776	-70.2222
38777	-70.476
38778	-70.6188
38779	-70.1678
38780	-70.1344
38781	-70.5871
38782	-70.7475
38783	-70.4647
38784	-70.8234
38785	-71.2165
38786	-70.8237
38787	-70.587
38788	-70.0429
38789	-70.3074
38790	-70.4507
38791	-70.5007
38792	-70.7659
38793	-70.4722
38794	-70.6945
38795	-70.5888
38796	-70.8386
38797	-70.9826
38798	-70.984
38799	-71.0451
38800	-70.5913
38801	-70.5123
38802	-70.8577
38803	-71.1343
38804	-71.213
38805	-70.8936
38806	-70.3351
38807	-70.7582
38808	-70.7395
38809	-70.8908
38810	-70.7149
38811	-70.9946
38812	-71.2882
38813	-71.2024
38814	-71.1456
38815	-71.1066
38816	-70.9807
38817	-71.16
38818	-71.3226
38819	-71.3371
38820	-71.4045
38821	-71.1021
38822	-71.1612
38823	-70.8845
38824	-70.9731
38825	-71.0433
38826	-71.1037
38827	-71.6157
38828	-71.1734
38829	-71.3646
38830	-71.3642
38831	-71.0178
38832	-70.87
38833	-71.2963
38834	-71.4785
38835	-71.2076
38836	-71.4108
38837	-71.6124
38838	-71.3164
38839	-71.0136
38840	-71.4
38841	-71.6512
38842	-71.8874
38843	-71.4931
38844	-71.668
38845	-71.8493
38846	-72.1751
38847	-71.9053
38848	-71.7541
38849	-71.419
38850	-71.5989
38851	-71.9064
38852	-71.2499
38853	-71.5437
38854	-71.9508
38855	-71.9569
38856	-72.3742
38857	-72.3243
38858	-72.1027
38859	-72.246
38860	-72.1109
38861	-72.2249
38862	-72.0603
38863	-71.7559
38864	-71.879
38865	-72.319
38866	-72.5004
38867	-72.2877
38868	-72.3286
38869	-72.4771
38870	-72.4018
38871	-72.3686
38872	-72.4369
38873	-71.9686
38874	-72.1366
38875	-72.411
38876	-72.6326
38877	-72.3732
38878	-72.1983
38879	-72.4349
38880	-73.0707
38881	-72.7222
38882	-73.1921
38883	-72.4519
38884	-72.8473
38885	-73.1998
38886	-73.2842
38887	-73.0372
38888	-72.844
38889	-72.8173
38890	-73.0888
38891	-72.5089
38892	-73.0062
38893	-73.4707
38894	-73.263
38895	-72.9088
38896	-73.1722
38897	-73.4037
38898	-73.3034
38899	-73.2701
38900	-73.2388
38901	-73.4251
38902	-73.4791
38903	-73.2908
38904	-73.4047
38905	-73.5648
38906	-73.9535
38907	-73.4592
38908	-73.4779
38909	-73.6416
38910	-73.8141
38911	-73.7546
38912	-73.9526
38913	-74.0178
38914	-73.8698
38915	-73.7306
38916	-73.7289
38917	-74.0611
38918	-73.5628
38919	-73.9921
38920	-74.1366
38921	-73.3888
38922	-74.0505
38923	-74.0123
38924	-74.0285
38925	-74.3941
38926	-74.3573
38927	-74.2512
38928	-74.1007
38929	-73.9751
38930	-74.1315
38931	-74.2112
38932	-73.97
38933	-74.1018
38934	-74.4016
38935	-74.2728
38936	-74.2917
38937	-74.4694
38938	-74.8172
38939	-74.3338
38940	-74.2261
38941	-74.2864
38942	-74.3611
38943	-74.5291
38944	-74.6656
38945	-74.7548
38946	-74.2056
38947	-74.5587
38948	-74.3894
38949	-74.6804
38950	-73.6572
38951	-70.0121
38952	-69.6778
38953	-73.3652
38954	-74.383
38955	-74.3158
38956	-74.6898
38957	-74.6024
38958	-74.5343
38959	-74.7046
38960	-74.7078
38961	-74.9736
38962	-74.8578
38963	-74.2037
38964	-74.9946
38965	-74.916
38966	-74.5591
38967	-74.9582
38968	-75.1196
38969	-74.9186
38970	-74.8279
38971	-74.8956
38972	-74.6207
38973	-74.8051
38974	-74.9072
38975	-74.9451
38976	-74.7472
38977	-74.3838
38978	-74.6223
38979	-74.8795
38980	-74.7079
38981	-75.2309
38982	-75.0186
38983	-75.0486
38984	-75.1566
38985	-74.9978
38986	-74.5426
38987	-74.9471
38988	-75.2308
38989	-75.3604
38990	-75.0902
38991	-75.1755
38992	-75.434
38993	-75.2667
38994	-75.3708
38995	-75.0647
38996	-74.742
38997	-75.1322
38998	-75.4876
38999	-75.1425
39000	-75.3115
39001	-75.2279
39002	-75.6479
39003	-75.3825
39004	-75.3018
39005	-75.5541
39006	-74.927
39007	-75.0119
39008	-75.2557
39009	-75.0762
39010	-75.0391
39011	-75.0903
39012	-75.4743
39013	-75.3595
39014	-74.9107
39015	-75.2275
39016	-75.1352
39017	-75.1378
39018	-75.5484
39019	-75.1738
39020	-75.2543
39021	-75.1729
39022	-75.3454
39023	-75.1866
39024	-75.2449
39025	-75.3845
39026	-75.3114
39027	-75.0713
39028	-75.1536
39029	-75.273
39030	-75.4161
39031	-75.0805
39032	-75.2882
39033	-75.1542
39034	-75.4717
39035	-75.4426
39036	-75.0913
39037	-75.0065
39038	-75.1814
39039	-74.9171
39040	-75.2323
39041	-74.8443
39042	-75.0965
39043	-75.4484
39044	-75.3452
39045	-75.2894
39046	-75.4562
39047	-74.8692
39048	-75.4
39049	-75.0947
39050	-74.9308
39051	-74.8919
39052	-75.5641
39053	-75.4773
39054	-74.8846
39055	-74.9157
39056	-74.694
39057	-75.0857
39058	-75.0738
39059	-75.0258
39060	-75.0126
39061	-75.2048
39062	-74.9008
39063	-74.9376
39064	-75.3165
39065	-75.2149
39066	-75.1375
39067	-74.8035
39068	-75.1418
39069	-75.6485
39070	-75.3598
39071	-75.1982
39072	-75.284
39073	-75.4766
39074	-75.1799
39075	-74.8284
39076	-75.1004
39077	-74.9724
39078	-74.9288
39079	-75.0729
39080	-75.2444
39081	-75.3433
39082	-75.4387
39083	-75.521
39084	-75.7514
39085	-75.2092
39086	-75.4764
39087	-75.2049
39088	-75.7524
39089	-75.7601
39090	-74.9581
39091	-75.2367
39092	-75.5856
39093	-74.9121
39094	-74.9464
39095	-75.0036
39096	-74.995
39097	-75.2985
39098	-75.6033
39099	-75.44
39100	-75.632
39101	-75.8679
39102	-74.9691
39103	-75.1768
39104	-75.393
39105	-75.4518
39106	-75.6142
39107	-75.6077
39108	-75.4763
39109	-75.3574
39110	-75.7102
39111	-75.2709
39112	-75.411
39113	-75.5917
39114	-75.3638
39115	-75.2704
39116	-75.6903
39117	-75.2737
39118	-75.631
39119	-75.5465
39120	-75.5552
39121	-75.5455
39122	-75.0153
39123	-75.2602
39124	-75.3314
39125	-75.266
39126	-75.0801
39127	-75.4137
39128	-75.5264
39129	-75.5001
39130	-75.0237
39131	-73.7446
39132	-73.5416
39133	-75.1471
39134	-75.6607
39135	-75.8602
39136	-75.8025
39137	-75.5093
39138	-75.5334
39139	-75.2178
39140	-75.2748
39141	-75.1853
39142	-75.6995
39143	-75.6321
39144	-75.4088
39145	-75.4544
39146	-75.6135
39147	-75.2714
39148	-75.436
39149	-75.8918
39150	-75.325
39151	-75.2424
39152	-75.1707
39153	-75.3933
39154	-75.6034
39155	-75.6514
39156	-75.2131
39157	-75.4041
39158	-75.5837
39159	-75.4246
39160	-75.5119
39161	-75.4511
39162	-75.6186
39163	-75.4049
39164	-75.3879
39165	-75.2929
39166	-75.6505
39167	-75.7777
39168	-75.5892
39169	-75.9322
39170	-75.2257
39171	-75.1891
39172	-76.0182
39173	-75.7682
39174	-75.5834
39175	-75.4975
39176	-75.6186
39177	-75.7814
39178	-75.5445
39179	-75.5709
39180	-75.9726
39181	-75.4572
39182	-75.3236
39183	-75.3137
39184	-75.5476
39185	-75.5678
39186	-75.7958
39187	-75.6841
39188	-75.4403
39189	-75.6068
39190	-75.6872
39191	-75.8952
39192	-75.7007
39193	-75.7308
39194	-75.7749
39195	-75.3556
39196	-75.3006
39197	-75.2294
39198	-75.5537
39199	-75.2434
39200	-75.3421
39201	-75.7181
39202	-75.2699
39203	-75.5777
39204	-75.5485
39205	-75.5905
39206	-75.4489
39207	-75.2771
39208	-75.5806
39209	-75.2526
39210	-75.1779
39211	-75.3599
39212	-75.8224
39213	-75.8297
39214	-75.6247
39215	-75.5381
39216	-75.5434
39217	-75.4789
39218	-75.3516
39219	-75.433
39220	-75.5262
39221	-75.7091
39222	-75.2262
39223	-75.1471
39224	-75.5893
39225	-75.7943
39226	-75.5336
39227	-75.154
39228	-75.0627
39229	-75.3176
39230	-75.6945
39231	-75.618
39232	-75.7491
39233	-75.609
39234	-75.463
39235	-74.9849
39236	-75.3238
39237	-75.5089
39238	-75.7408
39239	-75.6423
39240	-75.4123
39241	-75.4599
39242	-75.1566
39243	-75.3916
39244	-75.8198
39245	-75.3675
39246	-75.2446
39247	-75.649
39248	-75.7096
39249	-75.8712
39250	-75.3114
39251	-75.2249
39252	-75.4827
39253	-76.0044
39254	-75.9677
39255	-75.7633
39256	-75.5699
39257	-75.5053
39258	-75.4199
39259	-76.0819
39260	-75.4111
39261	-75.9265
39262	-76.045
39263	-75.6531
39264	-75.7071
39265	-75.4159
39266	-75.6186
39267	-75.7675
39268	-75.5639
39269	-75.3496
39270	-75.4357
39271	-75.5147
39272	-75.5475
39273	-75.8765
39274	-75.7092
39275	-75.4078
39276	-75.2779
39277	-75.0975
39278	-75.5213
39279	-75.6712
39280	-75.1255
39281	-75.3372
39282	-75.7825
39283	-75.8427
39284	-75.7505
39285	-75.8187
39286	-75.4433
39287	-75.7886
39288	-75.431
39289	-75.2452
39290	-75.8682
39291	-75.8733
39292	-75.839
39293	-75.6816
39294	-75.7877
39295	-75.8853
39296	-75.8201
39297	-75.4111
39298	-75.408
39299	-75.4996
39300	-75.8086
39301	-75.9308
39302	-75.557
39303	-75.3747
39304	-75.4758
39305	-75.8256
39306	-75.4847
39307	-75.4658
39308	-75.4871
39309	-75.7468
39310	-75.1758
39311	-74.5761
39312	-74.846
39313	-75.1637
39314	-75.3357
39315	-75.8709
39316	-75.9711
39317	-75.9491
39318	-75.8874
39319	-76.0687
39320	-75.6002
39321	-75.1051
39322	-75.102
39323	-75.3018
39324	-75.5929
39325	-75.4363
39326	-75.1714
39327	-75.3933
39328	-75.525
39329	-75.4376
39330	-75.4933
39331	-75.3991
39332	-75.5933
39333	-75.4154
39334	-75.5348
39335	-75.5688
39336	-75.3372
39337	-75.5762
39338	-76.0273
39339	-75.8913
39340	-75.3038
39341	-75.0588
39342	-75.2283
39343	-75.6719
39344	-75.6386
39345	-75.6513
39346	-75.8865
39347	-75.8195
39348	-75.6935
39349	-75.9805
39350	-75.7181
39351	-75.6473
39352	-75.7874
39353	-75.5533
39354	-75.493
39355	-75.542
39356	-75.545
39357	-75.5323
39358	-75.2689
39359	-75.5366
39360	-75.5987
39361	-75.3248
39362	-75.5551
39363	-75.6721
39364	-75.685
39365	-75.875
39366	-75.9081
39367	-75.7557
39368	-75.1779
39369	-75.526
39370	-75.5615
39371	-75.6561
39372	-75.3552
39373	-75.6723
39374	-75.427
39375	-75.3293
39376	-75.6264
39377	-75.6383
39378	-75.4822
39379	-75.7597
39380	-75.4212
39381	-75.1889
39382	-75.5372
39383	-75.8364
39384	-75.5035
39385	-75.812
39386	-76.0532
39387	-76.0743
39388	-76.2652
39389	-75.9385
39390	-75.6062
39391	-75.1579
39392	-75.4008
39393	-75.1505
39394	-75.3071
39395	-75.8481
39396	-75.5047
39397	-75.4393
39398	-75.7007
39399	-75.5138
39400	-75.6717
39401	-75.5591
39402	-75.7325
39403	-75.3922
39404	-75.6228
39405	-75.5301
39406	-75.7088
39407	-75.4468
39408	-75.3139
39409	-75.4956
39410	-75.692
39411	-75.612
39412	-75.6362
39413	-75.6362
39414	-75.8124
39415	-75.4881
39416	-75.314
39417	-75.4158
39418	-75.6933
39419	-75.5379
39420	-75.6844
39421	-75.2852
39422	-75.4131
39423	-75.7281
39424	-75.7785
39425	-75.4758
39426	-75.5865
39427	-75.3749
39428	-75.2651
39429	-75.7116
39430	-75.0114
39431	-75.2532
39432	-75.199
39433	-75.7506
39434	-75.2703
39435	-75.5536
39436	-75.6559
39437	-75.6989
39438	-75.8106
39439	-75.7051
39440	-75.4914
39441	-75.8988
39442	-76.1499
39443	-75.9994
39444	-75.4082
39445	-75.4531
39446	-75.5406
39447	-75.4184
39448	-75.8936
39449	-75.4048
39450	-75.5098
39451	-75.9647
39452	-75.6721
39453	-75.7674
39454	-75.5778
39455	-75.6338
39456	-75.5932
39457	-75.2098
39458	-75.0158
39459	-75.4768
39460	-75.5823
39461	-75.4028
39462	-75.4262
39463	-75.8474
39464	-75.7256
39465	-75.3904
39466	-75.7409
39467	-75.5163
39468	-75.3632
39469	-75.224
39470	-75.0933
39471	-75.288
39472	-75.3417
39473	-75.6997
39474	-75.7818
39475	-75.391
39476	-75.4089
39477	-75.516
39478	-75.2878
39479	-75.167
39480	-74.9022
39481	-75.2328
39482	-75.6623
39483	-76.1036
39484	-76.1751
39485	-75.5922
39486	-75.5775
39487	-75.4919
39488	-75.5434
39489	-75.5263
39490	-75.6662
39491	-75.338
39492	-75.2059
39493	-75.2552
39494	-75.4814
39495	-75.4026
39496	-75.2828
39497	-75.2414
39498	-75.1343
39499	-75.6349
39500	-75.7253
39501	-75.4531
39502	-75.5891
39503	-75.4656
39504	-75.5686
39505	-75.6048
39506	-75.5524
39507	-75.1721
39508	-75.2364
39509	-75.8975
39510	-75.8686
39511	-75.2363
39512	-74.9286
39513	-75.1531
39514	-75.5004
39515	-75.7207
39516	-75.7628
39517	-75.3862
39518	-75.1429
39519	-75.4336
39520	-75.5835
39521	-75.4873
39522	-75.7375
39523	-76.1203
39524	-75.615
39525	-75.4077
39526	-75.4712
39527	-75.5692
39528	-75.4267
39529	-75.3663
39530	-75.315
39531	-75.564
39532	-75.9469
39533	-75.8412
39534	-75.4775
39535	-75.3303
39536	-75.4573
39537	-75.2997
39538	-75.7916
39539	-75.2502
39540	-75.2551
39541	-75.3252
39542	-75.4924
39543	-75.7569
39544	-76.0884
39545	-75.4943
39546	-75.6303
39547	-75.8369
39548	-75.9903
39549	-75.5229
39550	-75.6407
39551	-75.4399
39552	-75.5092
39553	-75.8022
39554	-75.4539
39555	-75.6759
39556	-75.6657
39557	-75.3316
39558	-75.1723
39559	-75.3919
39560	-75.5734
39561	-75.9968
39562	-75.7201
39563	-75.3908
39564	-75.1459
39565	-75.7146
39566	-75.8858
39567	-75.7027
39568	-75.9902
39569	-75.5658
39570	-75.4707
39571	-75.7297
39572	-75.6751
39573	-75.7325
39574	-75.6953
39575	-76.052
39576	-76.196
39577	-75.6586
39578	-75.4283
39579	-75.7893
39580	-75.5189
39581	-75.1591
39582	-75.2107
39583	-75.8583
39584	-75.9294
39585	-75.3696
39586	-74.9727
39587	-75.4176
39588	-75.7724
39589	-75.7998
39590	-75.6253
39591	-75.499
39592	-75.5838
39593	-75.3935
39594	-75.7428
39595	-75.5532
39596	-75.6505
39597	-75.6946
39598	-75.463
39599	-75.54
39600	-75.6266
39601	-75.1617
39602	-75.4091
39603	-75.4348
39604	-75.4979
39605	-75.4719
39606	-75.5472
39607	-75.3867
39608	-75.8926
39609	-75.4934
39610	-75.5491
39611	-75.4708
39612	-75.8187
39613	-75.9788
39614	-75.6025
39615	-75.6436
39616	-75.6518
39617	-75.7183
39618	-75.7328
39619	-75.5717
39620	-75.7764
39621	-75.7291
39622	-75.6018
39623	-75.6531
39624	-75.2052
39625	-76.0636
39626	-75.5746
39627	-75.2625
39628	-75.4311
39629	-75.2759
39630	-75.6665
39631	-75.4946
39632	-75.4375
39633	-75.2428
39634	-75.1205
39635	-75.3044
39636	-75.1721
39637	-75.4272
39638	-75.3607
39639	-75.5651
39640	-75.7761
39641	-75.4511
39642	-75.4934
39643	-75.6305
39644	-75.5763
39645	-76.0553
39646	-75.5323
39647	-75.2456
39648	-75.7246
39649	-75.556
39650	-75.7704
39651	-75.8599
39652	-75.7382
39653	-75.3594
39654	-75.3529
39655	-75.9287
39656	-75.6781
39657	-75.2849
39658	-75.3422
39659	-75.2429
39660	-75.0568
39661	-75.4864
39662	-75.808
39663	-75.791
39664	-75.3327
39665	-75.3157
39666	-75.1977
39667	-75.5794
39668	-75.6456
39669	-75.8308
39670	-75.6937
39671	-75.0572
39672	-75.071
39673	-75.5714
39674	-75.5499
39675	-75.5645
39676	-75.54
39677	-75.3147
39678	-75.4648
39679	-75.4976
39680	-75.7074
39681	-75.7912
39682	-75.907
39683	-75.4786
39684	-75.5451
39685	-75.3885
39686	-75.9416
39687	-75.9384
39688	-75.9476
39689	-75.6518
39690	-75.5061
39691	-75.3809
39692	-75.6965
39693	-75.4281
39694	-75.6061
39695	-75.3955
39696	-75.089
39697	-75.6588
39698	-75.8902
39699	-76.0551
39700	-75.7109
39701	-75.8052
39702	-75.7519
39703	-75.9216
39704	-75.8549
39705	-75.81
39706	-75.0099
39707	-75.8923
39708	-75.7977
39709	-75.4198
39710	-75.3488
39711	-75.5795
39712	-75.6614
39713	-75.4564
39714	-75.2641
39715	-75.3831
39716	-75.6116
39717	-75.7228
39718	-75.8072
39719	-75.5404
39720	-75.6074
39721	-75.1523
39722	-75.2909
39723	-75.2459
39724	-75.0046
39725	-75.4134
39726	-75.5438
39727	-75.5432
39728	-75.2031
39729	-75.2485
39730	-75.3113
39731	-75.4494
39732	-75.5887
39733	-75.5922
39734	-75.6967
39735	-75.6304
39736	-75.6037
39737	-75.8659
39738	-75.8499
39739	-75.6843
39740	-75.331
39741	-75.0865
39742	-74.9917
39743	-75.2442
39744	-75.9971
39745	-75.5064
39746	-75.3195
39747	-75.0813
39748	-75.3907
39749	-75.4988
39750	-75.3738
39751	-75.2769
39752	-75.1713
39753	-75.7471
39754	-75.545
39755	-75.5954
39756	-75.2767
39757	-75.0735
39758	-75.1282
39759	-75.0764
39760	-75.3157
39761	-75.4948
39762	-75.0795
39763	-75.3484
39764	-75.6204
39765	-75.5975
39766	-75.5934
39767	-75.6316
39768	-75.4214
39769	-75.032
39770	-75.0361
39771	-75.3929
39772	-75.6759
39773	-75.6879
39774	-75.3261
39775	-75.6804
39776	-75.5575
39777	-75.3553
39778	-75.3938
39779	-75.5311
39780	-75.2742
39781	-75.3723
39782	-75.5253
39783	-75.4838
39784	-75.1569
39785	-75.2164
39786	-74.6531
39787	-75.2215
39788	-75.2993
39789	-75.3619
39790	-75.6236
39791	-75.4331
39792	-75.622
39793	-75.5551
39794	-75.8033
39795	-75.7525
39796	-75.2842
39797	-75.1864
39798	-75.62
39799	-75.3879
39800	-75.359
39801	-75.6015
39802	-75.7829
39803	-75.3762
39804	-75.407
39805	-75.293
39806	-75.3655
39807	-75.621
39808	-75.3275
39809	-75.7879
39810	-75.5309
39811	-75.6007
39812	-75.5925
39813	-75.2213
39814	-75.2736
39815	-75.4995
39816	-75.6069
39817	-75.5229
39818	-75.6103
39819	-75.7125
39820	-75.4622
39821	-75.7422
39822	-75.6136
39823	-75.53
39824	-75.5072
39825	-75.5512
39826	-75.609
39827	-75.3019
39828	-75.4406
39829	-75.7206
39830	-76.0142
39831	-75.8101
39832	-75.3992
39833	-75.4718
39834	-75.4592
39835	-75.3389
39836	-75.3208
39837	-75.368
39838	-75.4146
39839	-75.667
39840	-75.7848
39841	-75.2875
39842	-75.7457
39843	-75.71
39844	-75.4766
39845	-75.4167
39846	-75.7982
39847	-75.8435
39848	-75.7795
39849	-75.6785
39850	-75.5054
39851	-75.0926
39852	-75.0893
39853	-75.6094
39854	-75.6315
39855	-75.7897
39856	-75.7247
39857	-75.3245
39858	-75.4658
39859	-75.5125
39860	-75.6382
39861	-75.8488
39862	-75.2713
39863	-75.4776
39864	-75.5483
39865	-75.2426
39866	-75.5522
39867	-75.7942
39868	-75.7678
39869	-74.956
39870	-75.1436
39871	-75.7488
39872	-75.2439
39873	-75.3064
39874	-75.6201
39875	-75.7652
39876	-75.6944
39877	-75.8675
39878	-75.4453
39879	-75.5908
39880	-75.4309
39881	-75.5088
39882	-75.3932
39883	-75.579
39884	-75.3603
39885	-75.4169
39886	-75.4403
39887	-75.3286
39888	-74.7894
39889	-75.2748
39890	-75.7035
39891	-75.5318
39892	-75.3666
39893	-75.1465
39894	-75.4081
39895	-75.1629
39896	-75.6593
39897	-75.7459
39898	-75.6924
39899	-75.2753
39900	-75.3506
39901	-75.3074
39902	-75.2025
39903	-75.2832
39904	-75.2006
39905	-75.2559
39906	-75.1489
39907	-75.2545
39908	-75.8109
39909	-75.5489
39910	-75.4761
39911	-75.3543
39912	-75.3827
39913	-75.6972
39914	-75.5327
39915	-75.4995
39916	-75.6726
39917	-75.7475
39918	-75.9559
39919	-75.6748
39920	-75.2628
39921	-75.8309
39922	-75.1856
39923	-75.2699
39924	-75.8251
39925	-75.466
39926	-75.8831
39927	-75.5163
39928	-75.6568
39929	-75.5511
39930	-75.2279
39931	-75.3083
39932	-75.182
39933	-75.4372
39934	-75.7174
39935	-75.6481
39936	-76.0622
39937	-75.7152
39938	-75.3103
39939	-75.1101
39940	-75.0944
39941	-75.432
39942	-75.1243
39943	-75.3463
39944	-75.5066
39945	-75.6286
39946	-75.5772
39947	-75.1863
39948	-74.9936
39949	-75.399
39950	-75.4424
39951	-75.4897
39952	-75.4322
39953	-75.3
39954	-75.4876
39955	-75.559
39956	-75.5301
39957	-74.9083
39958	-75.4965
39959	-75.423
39960	-75.5199
39961	-74.7976
39962	-75.2376
39963	-75.6486
39964	-75.5191
39965	-75.2853
39966	-75.4266
39967	-75.2886
39968	-75.3845
39969	-75.5807
39970	-75.2943
39971	-74.9745
39972	-75.5427
39973	-75.2317
39974	-75.1051
39975	-75.3432
39976	-75.3402
39977	-75.203
39978	-75.3787
39979	-75.439
39980	-75.402
39981	-74.8682
39982	-74.7209
39983	-74.6751
39984	-74.6137
39985	-74.7165
39986	-74.6674
39987	-74.8259
39988	-74.5594
39989	-74.5248
39990	-74.6906
39991	-74.9828
39992	-74.8123
39993	-74.5309
39994	-74.3059
39995	-74.1107
39996	-74.2223
39997	-73.5674
39998	-73.5988
39999	-73.4131
40000	-73.3451
40001	-73.3045
40002	-72.9395
40003	-72.7577
40004	-72.7671
40005	-72.5047
40006	-72.5332
40007	-72.2656
40008	-72.1348
40009	-71.9201
40010	-71.3465
40011	-71.099
40012	-70.8828
40013	-70.7786
40014	-70.5861
40015	-70.2363
40016	-70.3193
40017	-69.5143
40018	-69.2292
40019	-69.2047
40020	-69.1799
40021	-68.9694
40022	-68.5411
40023	-68.3786
40024	-68.1997
40025	-68.0369
40026	-67.7172
40027	-68.0161
40028	-67.5883
40029	-67.3976
40030	-67.1751
40031	-67.0638
40032	-67.2558
40033	-67.4813
40034	-66.9027
40035	-66.8567
40036	-66.7847
40037	-66.4976
40038	-66.4812
40039	-66.3202
40040	-66.7711
40041	-66.28
40042	-66.4142
40043	-66.0727
40044	-66.0827
40045	-66.2062
40046	-66.2188
40047	-66.5345
40048	-66.7684
40049	-66.8166
40050	-66.7439
40051	-66.8673
40052	-67.1591
40053	-67.233
40054	-67.4631
40055	-67.7713
40056	-68.1688
40057	-67.9983
40058	-68.2912
40059	-68.8688
40060	-68.454
40061	-68.5378
40062	-68.8319
40063	-69.1782
40064	-69.3018
40065	-69.617
40066	-69.6197
40067	-69.8038
40068	-70.1097
40069	-70.7946
40070	-71.1658
40071	-71.2147
40072	-71.823
40073	-71.8979
40074	-72.0012
40075	-72.3027
40076	-72.4679
40077	-72.642
40078	-72.9552
40079	-73.2537
40080	-73.3248
40081	-73.4122
40082	-73.1091
40083	-73.8494
40084	-73.9624
40085	-73.7836
40086	-74.3473
40087	-74.2703
40088	-74.2669
40089	-74.7027
40090	-74.7712
40091	-74.8456
40092	-74.6347
40093	-74.8363
40094	-74.5845
40095	-74.3977
40096	-74.679
40097	-74.7075
40098	-75.2547
40099	-75.1229
40100	-75.1388
40101	-74.9628
40102	-74.902
40103	-75.1549
40104	-74.8005
40105	-75.1672
40106	-75.3149
40107	-75.3142
40108	-75.3908
40109	-75.4099
40110	-75.4225
40111	-75.4625
40112	-75.5453
40113	-75.3106
40114	-75.4698
40115	-75.7473
40116	-75.1452
40117	-75.3419
40118	-75.5307
40119	-75.2065
40120	-75.472
40121	-75.4465
40122	-75.5999
40123	-75.5806
40124	-75.6572
40125	-74.9724
40126	-74.9443
40127	-75.3178
40128	-75.5147
40129	-75.2383
40130	-75.0589
40131	-75.212
40132	-74.8712
40133	-74.7739
40134	-74.6151
40135	-75.4632
40136	-75.648
40137	-75.9081
40138	-75.3946
40139	-75.661
40140	-75.5476
40141	-75.6268
40142	-75.913
40143	-75.6258
40144	-75.5873
40145	-75.683
40146	-75.5283
40147	-75.3508
40148	-75.3366
40149	-75.3977
40150	-75.0456
40151	-75.1322
40152	-75.3689
40153	-75.5412
40154	-75.3548
40155	-75.5988
40156	-75.7353
40157	-75.3981
40158	-75.5409
40159	-75.3795
40160	-75.3286
40161	-75.5464
40162	-75.4142
40163	-75.6204
40164	-75.8942
40165	-76.0442
40166	-76.1326
40167	-75.75
40168	-75.7504
40169	-75.9398
40170	-76.0898
40171	-75.542
40172	-75.4928
40173	-75.5745
40174	-75.9772
40175	-76.4406
40176	-75.8564
40177	-75.1945
40178	-75.2478
40179	-75.2045
40180	-75.526
40181	-75.8367
40182	-75.9984
40183	-75.5046
40184	-75.2159
40185	-75.1195
40186	-75.5445
40187	-75.8925
40188	-75.6908
40189	-75.3198
40190	-75.625
40191	-75.5528
40192	-75.6142
40193	-75.7623
40194	-75.5597
40195	-75.2425
40196	-75.2033
40197	-75.411
40198	-75.8446
40199	-75.8445
40200	-75.5567
40201	-75.5559
40202	-75.6224
40203	-75.1951
40204	-75.0762
40205	-75.2628
40206	-75.3131
40207	-75.2524
40208	-75.9419
40209	-75.5592
40210	-75.1214
40211	-75.2512
40212	-76.0739
40213	-75.7587
40214	-75.4242
40215	-75.7271
40216	-75.6034
40217	-75.577
40218	-75.3702
40219	-75.2722
40220	-75.2608
40221	-75.1885
40222	-74.9481
40223	-75.4407
40224	-75.8787
40225	-75.7733
40226	-75.4466
40227	-75.2953
40228	-75.4025
40229	-75.1999
40230	-75.0841
40231	-75.2723
40232	-75.5849
40233	-75.7782
40234	-75.497
40235	-75.3598
40236	-75.7918
40237	-75.7988
40238	-75.5693
40239	-75.3593
40240	-75.6074
40241	-75.6732
40242	-75.8549
40243	-75.6059
40244	-75.317
40245	-75.6405
40246	-75.5578
40247	-75.4118
40248	-75.6259
40249	-75.861
40250	-75.3806
40251	-75.92
40252	-76.0002
40253	-75.6764
40254	-75.5281
40255	-75.3236
40256	-75.3561
40257	-75.7058
40258	-75.6615
40259	-75.3083
40260	-75.3839
40261	-75.4797
40262	-75.738
40263	-75.8799
40264	-75.1959
40265	-75.2354
40266	-75.7108
40267	-75.8237
40268	-75.5859
40269	-75.4523
40270	-75.5251
40271	-75.4803
40272	-75.9991
40273	-75.6051
40274	-75.3834
40275	-75.6691
40276	-75.998
40277	-75.7842
40278	-75.5531
40279	-75.6297
40280	-75.6566
40281	-75.7288
40282	-75.9362
40283	-75.6469
40284	-75.5473
40285	-76.1602
40286	-76.047
40287	-75.4893
40288	-75.5497
40289	-75.1829
40290	-75.6735
40291	-76.0383
40292	-75.6643
40293	-75.3315
40294	-75.7232
40295	-75.4096
40296	-75.1556
40297	-75.3216
40298	-75.611
40299	-75.7586
40300	-75.8245
40301	-75.6831
40302	-75.4632
40303	-75.6076
40304	-76.0041
40305	-75.7101
40306	-75.5496
40307	-75.343
40308	-75.5717
40309	-75.8357
40310	-75.9916
40311	-75.9327
40312	-75.616
40313	-76.144
40314	-75.8836
40315	-75.8899
40316	-75.5209
40317	-75.8514
40318	-75.7749
40319	-75.4806
40320	-75.3865
40321	-75.7946
40322	-75.6622
40323	-75.7034
40324	-75.5019
40325	-75.107
40326	-75.3185
40327	-75.1739
40328	-75.1116
40329	-75.5033
40330	-75.8094
40331	-75.7709
40332	-75.6316
40333	-75.6645
40334	-75.615
40335	-75.7216
40336	-75.9007
40337	-75.6131
40338	-75.3482
40339	-75.3763
40340	-75.4111
40341	-75.5143
40342	-75.2091
40343	-75.0361
40344	-75.6047
40345	-76.011
40346	-75.9646
40347	-75.6051
40348	-75.738
40349	-75.8368
40350	-75.868
40351	-75.8136
40352	-75.2901
40353	-75.5017
40354	-75.5455
40355	-75.6677
40356	-75.4397
40357	-75.2847
40358	-75.5611
40359	-75.7204
40360	-75.7815
40361	-75.7625
40362	-75.9546
40363	-75.9706
40364	-75.6185
40365	-75.595
40366	-75.5245
40367	-75.4096
40368	-75.4941
40369	-75.7481
40370	-75.5792
40371	-75.5362
40372	-75.3488
40373	-75.3256
40374	-75.3118
40375	-74.8523
40376	-75.0101
40377	-75.4604
40378	-75.8341
40379	-75.3375
40380	-75.2822
40381	-75.5655
40382	-75.4803
40383	-75.4332
40384	-75.4637
40385	-75.5714
40386	-75.1662
40387	-75.6413
40388	-75.2848
40389	-75.4148
40390	-75.5106
40391	-75.5379
40392	-75.5397
40393	-75.4405
40394	-75.4553
40395	-75.3558
40396	-75.6139
40397	-75.9886
40398	-76.337
40399	-76.0066
40400	-75.227
40401	-75.27
40402	-75.4388
40403	-75.3811
40404	-75.7224
40405	-75.9758
40406	-75.5112
40407	-75.4107
40408	-75.5056
40409	-75.5744
40410	-75.679
40411	-75.9089
40412	-75.5263
40413	-75.4507
40414	-75.3548
40415	-75.6075
40416	-75.3525
40417	-75.0847
40418	-74.9496
40419	-75.3814
40420	-75.2516
40421	-74.9339
40422	-75.3474
40423	-75.0099
40424	-75.3377
40425	-75.3375
40426	-75.2019
40427	-75.1645
40428	-75.5733
40429	-75.8385
40430	-75.4499
40431	-75.5617
40432	-75.6414
40433	-75.5267
40434	-75.5711
40435	-75.3573
40436	-75.913
40437	-75.2739
40438	-75.3145
40439	-75.5817
40440	-75.8243
40441	-75.5447
40442	-75.9518
40443	-75.604
40444	-75.3673
40445	-75.2376
40446	-75.2369
40447	-75.3126
40448	-75.3885
40449	-75.3678
40450	-75.4856
40451	-75.6891
40452	-75.7363
40453	-75.5877
40454	-75.6064
40455	-75.8742
40456	-75.9466
40457	-76.067
40458	-75.8874
40459	-75.6835
40460	-75.7368
40461	-75.6447
40462	-75.7393
40463	-75.809
40464	-75.529
40465	-75.5733
40466	-75.5783
40467	-76.0027
40468	-75.9756
40469	-75.6228
40470	-75.1155
40471	-75.4304
40472	-75.6746
40473	-75.6974
40474	-75.6414
40475	-75.375
40476	-75.4991
40477	-76.0251
40478	-75.6207
40479	-75.3436
40480	-75.3567
40481	-75.534
40482	-75.5635
40483	-75.5758
40484	-75.6992
40485	-75.7818
40486	-75.7531
40487	-75.492
40488	-75.5383
40489	-75.7579
40490	-75.4753
40491	-75.8232
40492	-75.7632
40493	-75.5979
40494	-75.7998
40495	-75.3942
40496	-75.2131
40497	-75.4733
40498	-74.9337
40499	-75.1137
40500	-75.4225
40501	-75.4112
40502	-75.6804
40503	-75.6491
40504	-75.5864
40505	-75.8067
40506	-75.9318
40507	-75.7505
40508	-75.4793
40509	-75.3919
40510	-74.9714
40511	-75.0157
40512	-75.1851
40513	-75.3825
40514	-75.5267
40515	-75.5037
40516	-75.611
40517	-75.4071
40518	-75.4242
40519	-75.2235
40520	-74.9418
40521	-75.0489
40522	-75.542
40523	-75.5406
40524	-75.7292
40525	-75.7511
40526	-75.2976
40527	-75.4532
40528	-75.3332
40529	-75.3699
40530	-75.5361
40531	-75.5255
40532	-75.21
40533	-75.6161
40534	-75.2405
40535	-75.4138
40536	-75.3168
40537	-74.9692
40538	-75.6922
40539	-75.6788
40540	-75.7063
40541	-75.6117
40542	-75.3881
40543	-75.3959
40544	-76.0728
40545	-75.8572
40546	-75.8751
40547	-75.5991
40548	-75.3178
40549	-75.5663
40550	-75.1769
40551	-75.7126
40552	-75.798
40553	-75.6232
40554	-75.329
40555	-75.2872
40556	-75.4121
40557	-75.6143
40558	-75.5093
40559	-75.6885
40560	-75.3639
40561	-75.5595
40562	-75.6067
40563	-75.6707
40564	-75.5822
40565	-75.5285
40566	-75.1907
40567	-75.3473
40568	-75.7364
40569	-75.4854
40570	-75.1371
40571	-75.0278
40572	-75.1436
40573	-75.5923
40574	-75.5381
40575	-75.7542
40576	-75.2836
40577	-75.7172
40578	-75.9804
40579	-75.6821
40580	-75.7887
40581	-75.2061
40582	-75.505
40583	-75.5612
40584	-75.9673
40585	-75.5155
40586	-75.3796
40587	-75.3597
40588	-75.3928
40589	-75.8295
40590	-76.1434
40591	-75.7222
40592	-75.8144
40593	-75.446
40594	-75.3941
40595	-75.4394
40596	-75.4861
40597	-75.718
40598	-75.5937
40599	-75.5749
40600	-75.4815
40601	-75.257
40602	-75.4161
40603	-75.5899
40604	-76.1295
40605	-75.798
40606	-75.7376
40607	-75.8586
40608	-75.285
40609	-75.5165
40610	-75.7757
40611	-76.0209
40612	-75.6116
40613	-75.1208
40614	-75.5536
40615	-75.4829
40616	-75.6419
40617	-75.3413
40618	-75.5391
40619	-75.9273
40620	-75.3809
40621	-75.6609
40622	-75.4476
40623	-75.4091
40624	-75.5273
40625	-75.7819
40626	-75.894
40627	-75.3805
40628	-75.6891
40629	-75.7928
40630	-75.3365
40631	-75.4439
40632	-74.9554
40633	-75.4502
40634	-75.5267
40635	-75.7602
40636	-75.5529
40637	-75.6506
40638	-75.9765
40639	-75.7495
40640	-75.9154
40641	-75.7885
40642	-76.0165
40643	-75.9034
40644	-75.8338
40645	-75.4298
40646	-75.8784
40647	-75.8928
40648	-75.841
40649	-75.9543
40650	-75.7814
40651	-75.9377
40652	-75.6673
40653	-75.2937
40654	-74.8714
40655	-75.1653
40656	-75.4289
40657	-75.1742
40658	-75.3819
40659	-75.8048
40660	-75.8183
40661	-75.5321
40662	-75.6267
40663	-75.7817
40664	-75.4616
40665	-75.7979
40666	-75.7707
40667	-75.515
40668	-75.9637
40669	-75.6286
40670	-75.1745
40671	-74.939
40672	-75.3015
40673	-75.3315
40674	-75.2298
40675	-75.6314
40676	-75.6121
40677	-75.5441
40678	-75.2759
40679	-75.595
40680	-75.3263
40681	-75.5571
40682	-75.7306
40683	-75.0905
40684	-74.9896
40685	-75.7773
40686	-75.7401
40687	-75.6077
40688	-75.4173
40689	-75.7182
40690	-76.05
40691	-75.8123
40692	-75.7572
40693	-75.3713
40694	-75.5228
40695	-75.2833
40696	-75.5833
40697	-75.285
40698	-75.0147
40699	-75.6251
40700	-75.8678
40701	-75.4187
40702	-75.5315
40703	-75.6432
40704	-75.5369
40705	-75.8786
40706	-75.9062
40707	-75.3383
40708	-75.5952
40709	-75.3802
40710	-75.5577
40711	-75.5098
40712	-75.0172
40713	-74.9947
40714	-75.2932
40715	-75.4027
40716	-75.8203
40717	-76.0974
40718	-75.8003
40719	-75.8751
40720	-75.7385
40721	-75.8094
40722	-75.5907
40723	-75.3161
40724	-75.4221
40725	-75.8016
40726	-75.6489
40727	-75.7053
40728	-75.8611
40729	-75.7159
40730	-75.9075
40731	-75.379
40732	-75.3014
40733	-75.4074
40734	-75.5409
40735	-75.9486
40736	-75.7803
40737	-75.8353
40738	-75.3214
40739	-75.5622
40740	-75.5146
40741	-75.5719
40742	-75.7553
40743	-75.5603
40744	-75.2952
40745	-75.535
40746	-75.5188
40747	-75.7767
40748	-75.373
40749	-75.4379
40750	-75.1813
40751	-75.4618
40752	-75.7451
40753	-75.8774
40754	-75.5449
40755	-75.5575
40756	-75.6332
40757	-75.6193
40758	-75.4536
40759	-75.3993
40760	-75.5211
40761	-75.4967
40762	-75.4892
40763	-75.7746
40764	-75.7684
40765	-75.3367
40766	-75.537
40767	-75.7459
40768	-75.7919
40769	-75.7339
40770	-75.8368
40771	-75.4378
40772	-75.3635
40773	-75.3241
40774	-75.241
40775	-75.4764
40776	-75.4045
40777	-75.567
40778	-75.4182
40779	-75.5543
40780	-75.1843
40781	-75.3803
40782	-75.6535
40783	-75.8318
40784	-75.484
40785	-75.528
40786	-75.3718
40787	-75.4129
40788	-75.7584
40789	-75.492
40790	-75.8457
40791	-75.8164
40792	-75.7224
40793	-75.7651
40794	-75.5437
40795	-75.519
40796	-75.7057
40797	-75.402
40798	-75.0882
40799	-75.1163
40800	-74.959
40801	-75.3777
40802	-75.4703
40803	-75.5084
40804	-75.8947
40805	-75.4801
40806	-75.4565
40807	-75.337
40808	-75.5178
40809	-75.3846
40810	-75.1676
40811	-74.9743
40812	-75.2601
40813	-75.5897
40814	-75.9321
40815	-75.6791
40816	-75.7038
40817	-75.995
40818	-75.6756
40819	-75.7029
40820	-75.4648
40821	-75.6063
40822	-75.6324
40823	-75.8339
40824	-75.3931
40825	-75.4612
40826	-75.539
40827	-75.6272
40828	-75.8807
40829	-75.661
40830	-75.4502
40831	-75.7327
40832	-75.7004
40833	-75.6555
40834	-75.5201
40835	-75.419
40836	-75.299
40837	-75.553
40838	-75.3555
40839	-75.4189
40840	-75.43
40841	-75.514
40842	-75.6001
40843	-75.5916
40844	-75.5946
40845	-75.4631
40846	-75.684
40847	-75.5939
40848	-76.046
40849	-75.7123
40850	-76.0463
40851	-76.0609
40852	-75.7367
40853	-75.7422
40854	-75.9791
40855	-75.2971
40856	-74.9421
40857	-75.5023
40858	-75.9193
40859	-75.6859
40860	-75.3629
40861	-75.6892
40862	-75.485
40863	-75.3798
40864	-75.7148
40865	-75.6032
40866	-75.7014
40867	-75.5258
40868	-75.6651
40869	-75.8723
40870	-75.5711
40871	-75.3036
40872	-75.8919
40873	-75.6928
40874	-75.3207
40875	-75.2976
40876	-75.7145
40877	-75.5897
40878	-75.459
40879	-75.246
40880	-75.4169
40881	-75.2888
40882	-75.446
40883	-75.1243
40884	-75.601
40885	-75.864
40886	-75.98
40887	-75.8827
40888	-75.8387
40889	-75.6883
40890	-75.9344
40891	-75.7467
40892	-75.2452
40893	-75.5062
40894	-75.5255
40895	-75.5046
40896	-75.3883
40897	-75.5557
40898	-75.3797
40899	-75.6234
40900	-75.7477
40901	-75.3806
40902	-75.58
40903	-75.5618
40904	-74.9088
40905	-75.1864
40906	-75.276
40907	-75.332
40908	-75.5599
40909	-75.8325
40910	-75.6503
40911	-75.5657
40912	-75.627
40913	-75.9866
40914	-76.1426
40915	-76.0695
40916	-75.6661
40917	-75.5403
40918	-75.6507
40919	-75.8202
40920	-75.4733
40921	-75.6847
40922	-75.3934
40923	-75.6761
40924	-75.7818
40925	-75.5137
40926	-75.8268
40927	-75.6907
40928	-75.8082
40929	-75.6594
40930	-76.0149
40931	-75.7913
40932	-75.8133
40933	-75.2642
40934	-75.0034
40935	-75.2396
40936	-75.4994
40937	-75.6954
40938	-75.6213
40939	-75.1126
40940	-75.4602
40941	-75.9661
40942	-75.3439
40943	-75.1977
40944	-75.465
40945	-75.8956
40946	-75.829
40947	-75.5822
40948	-75.2819
40949	-75.5545
40950	-75.6392
40951	-75.8103
40952	-75.8759
40953	-75.6363
40954	-75.4937
40955	-75.4944
40956	-75.5527
40957	-75.4222
40958	-75.3956
40959	-75.7203
40960	-75.4225
40961	-75.4767
40962	-75.3765
40963	-75.2138
40964	-75.5195
40965	-75.2861
40966	-75.794
40967	-75.5782
40968	-75.8871
40969	-76.0492
40970	-75.4717
40971	-75.3785
40972	-75.6123
40973	-75.784
40974	-75.3519
40975	-75.3233
40976	-75.621
40977	-75.7488
40978	-75.5307
40979	-75.6576
40980	-75.9836
40981	-75.8246
40982	-75.4011
40983	-75.6614
40984	-75.6015
40985	-75.6805
40986	-75.5122
40987	-75.6129
40988	-75.5753
40989	-75.2842
40990	-75.5456
40991	-75.2135
40992	-75.7479
40993	-75.6355
40994	-75.8696
40995	-75.9461
40996	-75.9381
40997	-75.2573
40998	-75.4383
40999	-76.0047
41000	-75.5697
41001	-75.6597
41002	-75.3634
41003	-75.4902
41004	-75.6745
41005	-75.7808
41006	-75.4254
41007	-75.3555
41008	-75.8913
41009	-75.7942
41010	-75.6549
41011	-75.4462
41012	-75.8157
41013	-75.7482
41014	-75.5533
41015	-75.2784
41016	-75.0306
41017	-75.4178
41018	-75.3051
41019	-75.4865
41020	-75.4668
41021	-75.2575
41022	-75.5828
41023	-75.9374
41024	-76.1685
41025	-75.6235
41026	-75.4664
41027	-75.4569
41028	-75.3378
41029	-75.5176
41030	-75.4678
41031	-75.7449
41032	-76.1623
41033	-75.8017
41034	-75.3097
41035	-75.0737
41036	-75.6463
41037	-75.3928
41038	-75.6469
41039	-75.7754
41040	-75.9523
41041	-75.5702
41042	-75.9084
41043	-75.6649
41044	-75.7979
41045	-75.7402
41046	-75.9005
41047	-75.6325
41048	-75.6232
41049	-75.5339
41050	-75.8096
41051	-75.6911
41052	-75.5672
41053	-75.9488
41054	-76.0005
41055	-75.3812
41056	-75.5896
41057	-75.3878
41058	-75.2363
41059	-75.2101
41060	-75.155
41061	-75.739
41062	-75.8824
41063	-75.4984
41064	-75.6374
41065	-75.7873
41066	-75.6988
41067	-75.355
41068	-75.2916
41069	-75.4329
41070	-75.3799
41071	-75.748
41072	-75.9032
41073	-75.553
41074	-75.4779
41075	-75.2651
41076	-75.6593
41077	-75.6169
41078	-75.9123
41079	-75.9081
41080	-75.3189
41081	-74.9645
41082	-75.1993
41083	-75.476
41084	-75.65
41085	-75.5004
41086	-75.2979
41087	-75.6647
41088	-75.9708
41089	-75.6033
41090	-75.519
41091	-75.6277
41092	-75.5546
41093	-75.5173
41094	-75.4269
41095	-75.4613
41096	-75.9205
41097	-75.978
41098	-75.9331
41099	-75.4686
41100	-75.1274
41101	-75.5372
41102	-75.4096
41103	-75.7253
41104	-75.4386
41105	-75.4842
41106	-75.6107
41107	-75.9557
41108	-75.7169
41109	-75.6177
41110	-75.302
41111	-75.2147
41112	-75.7005
41113	-75.7632
41114	-75.7652
41115	-75.2326
41116	-75.6997
41117	-75.8465
41118	-75.8013
41119	-75.4711
41120	-75.4214
41121	-76.0017
41122	-75.9977
41123	-76.2593
41124	-76.0933
41125	-75.7203
41126	-75.6449
41127	-75.6566
41128	-75.1756
41129	-75.3061
41130	-74.9225
41131	-75.1356
41132	-75.7091
41133	-75.7753
41134	-75.19
41135	-75.5447
41136	-75.5425
41137	-75.4818
41138	-75.434
41139	-75.7983
41140	-75.4143
41141	-75.1303
41142	-75.1917
41143	-75.5929
41144	-75.4543
41145	-76.1659
41146	-76.0555
41147	-76.0027
41148	-75.8263
41149	-75.7695
41150	-75.9995
41151	-76.2181
41152	-75.5004
41153	-75.5129
41154	-75.7758
41155	-75.7758
41156	-75.7721
41157	-75.4694
41158	-75.7961
41159	-75.4657
41160	-75.1565
41161	-75.2711
41162	-75.6156
41163	-75.4997
41164	-75.1948
41165	-75.2476
41166	-75.6841
41167	-75.3105
41168	-75.3531
41169	-75.4444
41170	-75.5202
41171	-75.4539
41172	-75.3186
41173	-75.495
41174	-75.3988
41175	-75.2506
41176	-75.4889
41177	-75.7397
41178	-75.5677
41179	-75.819
41180	-75.4418
41181	-74.9434
41182	-75.7352
41183	-76.2623
41184	-75.5583
41185	-75.3722
41186	-75.4742
41187	-75.7625
41188	-75.6655
41189	-75.777
41190	-75.4343
41191	-75.4065
41192	-75.4744
41193	-75.6661
41194	-75.4244
41195	-75.4844
41196	-75.7858
41197	-75.5533
41198	-75.8085
41199	-75.6397
41200	-75.6268
41201	-75.8062
41202	-75.4891
41203	-75.6638
41204	-75.4575
41205	-75.6925
41206	-75.6898
41207	-76.0155
41208	-75.5324
41209	-75.2638
41210	-75.5001
41211	-75.7122
41212	-75.8292
41213	-75.7746
41214	-75.7027
41215	-75.4074
41216	-75.5935
41217	-75.0144
41218	-76.0107
41219	-75.6592
41220	-75.3092
41221	-75.4934
41222	-75.859
41223	-75.5258
41224	-75.5016
41225	-75.7496
41226	-75.6374
41227	-75.4739
41228	-75.5993
41229	-75.8137
41230	-75.6302
41231	-75.7498
41232	-75.911
41233	-75.594
41234	-75.5584
41235	-75.1713
41236	-75.4538
41237	-75.6243
41238	-75.5607
41239	-75.6304
41240	-75.8293
41241	-75.3415
41242	-74.99
41243	-75.4904
41244	-75.6451
41245	-75.485
41246	-75.6473
41247	-75.9925
41248	-75.7647
41249	-75.6734
41250	-75.7193
41251	-75.5761
41252	-75.3507
41253	-75.4042
41254	-75.4334
41255	-75.3533
41256	-75.5009
41257	-75.5991
41258	-75.9429
41259	-75.251
41260	-75.6078
41261	-75.6387
41262	-75.1483
41263	-75.4939
41264	-75.7001
41265	-75.483
41266	-75.6833
41267	-75.4081
41268	-75.4467
41269	-75.3522
41270	-75.4885
41271	-75.6358
41272	-75.3221
41273	-75.3139
41274	-75.8188
41275	-76.0457
41276	-75.9259
41277	-75.3642
41278	-75.8483
41279	-75.4372
41280	-75.2907
41281	-75.3404
41282	-75.7149
41283	-75.2313
41284	-75.5547
41285	-75.4118
41286	-75.6245
41287	-75.9891
41288	-75.7398
41289	-75.7002
41290	-75.7565
41291	-75.4992
41292	-75.2786
41293	-75.4869
41294	-75.4649
41295	-75.5118
41296	-75.7977
41297	-76.1662
41298	-76.1595
41299	-75.9138
41300	-75.8616
41301	-76.0079
41302	-75.4911
41303	-75.2863
41304	-75.4618
41305	-75.5799
41306	-75.6372
41307	-75.7477
41308	-75.7118
41309	-75.559
41310	-75.3149
41311	-75.3385
41312	-75.7276
41313	-75.247
41314	-75.371
41315	-75.4778
41316	-75.7662
41317	-75.3691
41318	-75.645
41319	-75.8982
41320	-75.6868
41321	-75.1118
41322	-75.4144
41323	-75.6993
41324	-75.5784
41325	-75.8637
41326	-76.1186
41327	-75.8728
41328	-75.5101
41329	-75.2417
41330	-75.4196
41331	-75.6218
41332	-75.7426
41333	-75.5114
41334	-75.7946
41335	-75.6932
41336	-75.3775
41337	-75.7316
41338	-75.9137
41339	-75.6006
41340	-75.5946
41341	-75.9383
41342	-75.3646
41343	-75.4757
41344	-75.5032
41345	-75.6661
41346	-75.811
41347	-75.9101
41348	-75.7866
41349	-75.6862
41350	-75.8646
41351	-75.4276
41352	-75.411
41353	-76.2381
41354	-75.9988
41355	-75.5826
41356	-75.3843
41357	-75.3781
41358	-75.5878
41359	-75.4417
41360	-75.1651
41361	-75.1977
41362	-75.6316
41363	-75.5522
41364	-75.3283
41365	-75.4873
41366	-75.6748
41367	-75.9495
41368	-75.9324
41369	-75.6024
41370	-75.6632
41371	-75.8081
41372	-75.8286
41373	-75.904
41374	-75.5034
41375	-75.6424
41376	-75.9724
41377	-75.6498
41378	-75.6226
41379	-75.7689
41380	-75.9119
41381	-75.4219
41382	-74.8421
41383	-75.1327
41384	-75.526
41385	-75.5364
41386	-75.638
41387	-75.7572
41388	-75.7617
41389	-75.5803
41390	-75.6019
41391	-75.3251
41392	-75.4255
41393	-75.4815
41394	-75.4339
41395	-75.554
41396	-75.6063
41397	-75.9709
41398	-75.6432
41399	-75.7754
41400	-75.5056
41401	-75.711
41402	-75.53
41403	-75.4889
41404	-75.8394
41405	-75.2375
41406	-75.1741
41407	-75.3779
41408	-75.8512
41409	-75.5618
41410	-75.1695
41411	-75.801
41412	-75.5903
41413	-75.1806
41414	-75.3011
41415	-75.5386
41416	-75.6437
41417	-75.3798
41418	-75.5329
41419	-75.7879
41420	-75.3655
41421	-75.3446
41422	-75.5399
41423	-76.0037
41424	-75.4025
41425	-75.5313
41426	-75.6845
41427	-75.8613
41428	-75.8104
41429	-75.8212
41430	-75.6698
41431	-75.2674
41432	-75.4159
41433	-75.6236
41434	-75.8666
41435	-75.659
41436	-75.5406
41437	-75.6829
41438	-76.1016
41439	-75.8715
41440	-75.693
41441	-75.3877
41442	-75.243
41443	-75.5088
41444	-75.6694
41445	-75.8369
41446	-75.4789
41447	-75.5072
41448	-75.6152
41449	-75.8813
41450	-75.736
41451	-75.5208
41452	-75.569
41453	-75.8049
41454	-76.1279
41455	-75.8029
41456	-75.736
41457	-75.5138
41458	-75.7165
41459	-75.3869
41460	-75.4698
41461	-75.7917
41462	-75.5278
41463	-75.3494
41464	-75.5869
41465	-75.7491
41466	-75.6344
41467	-75.473
41468	-75.55
41469	-75.9063
41470	-76.0867
41471	-76.1369
41472	-75.6925
41473	-75.2495
41474	-75.7992
41475	-76.1294
41476	-75.7212
41477	-75.4753
41478	-75.8791
41479	-75.3917
41480	-75.325
41481	-75.8111
41482	-75.6427
41483	-75.5681
41484	-75.7877
41485	-75.8683
41486	-75.5264
41487	-75.2311
41488	-75.4508
41489	-75.9806
41490	-76.1809
41491	-75.5883
41492	-75.5078
41493	-75.5236
41494	-75.5534
41495	-75.9229
41496	-75.6469
41497	-75.4636
41498	-75.281
41499	-75.6228
41500	-75.6485
41501	-75.5368
41502	-75.8643
41503	-75.3219
41504	-75.8212
41505	-75.7222
41506	-75.7191
41507	-75.5247
41508	-76.0126
41509	-75.9882
41510	-75.9893
41511	-75.4013
41512	-75.6957
41513	-75.394
41514	-75.4361
41515	-75.3937
41516	-75.3046
41517	-75.0125
41518	-75.2896
41519	-75.3388
41520	-75.4925
41521	-75.8582
41522	-75.2761
41523	-75.4867
41524	-75.5089
41525	-75.3461
41526	-75.5653
41527	-75.2148
41528	-75.622
41529	-75.7097
41530	-75.6649
41531	-75.6443
41532	-75.4574
41533	-75.3532
41534	-75.7082
41535	-75.6841
41536	-75.9204
41537	-75.533
41538	-75.5256
41539	-75.5155
41540	-75.7317
41541	-75.7265
41542	-75.3892
41543	-75.627
41544	-75.3061
41545	-75.0819
41546	-75.2128
41547	-75.1731
41548	-75.4329
41549	-75.8889
41550	-76.0792
41551	-75.8123
41552	-75.8111
41553	-75.7254
41554	-75.5963
41555	-75.5944
41556	-75.357
41557	-75.4148
41558	-75.4245
41559	-75.5531
41560	-75.6017
41561	-75.7803
41562	-75.8031
41563	-75.4396
41564	-75.4526
41565	-75.5855
41566	-75.5027
41567	-75.9479
41568	-75.9531
41569	-75.4994
41570	-75.3152
41571	-75.4633
41572	-75.6255
41573	-75.4845
41574	-75.3115
41575	-75.5322
41576	-76.0336
41577	-75.8758
41578	-76.0767
41579	-75.8126
41580	-75.7836
41581	-75.7276
41582	-75.6261
41583	-75.9542
41584	-75.5574
41585	-75.3982
41586	-75.4093
41587	-75.9077
41588	-75.9994
41589	-76.1366
41590	-76.1011
41591	-75.6615
41592	-75.4946
41593	-75.2918
41594	-75.6735
41595	-75.3013
41596	-75.559
41597	-75.4547
41598	-75.3342
41599	-75.1276
41600	-75.0082
41601	-75.0534
41602	-76.0098
41603	-75.8405
41604	-75.7004
41605	-75.5489
41606	-75.8105
41607	-75.8978
41608	-75.6516
41609	-75.6399
41610	-75.3713
41611	-75.3475
41612	-75.3472
41613	-75.4929
41614	-75.732
41615	-75.7484
41616	-75.3426
41617	-75.1261
41618	-75.3663
41619	-75.5122
41620	-75.6255
41621	-75.7123
41622	-75.376
41623	-75.4212
41624	-75.1969
41625	-74.9436
41626	-75.1483
41627	-75.5434
41628	-75.8141
41629	-76.2121
41630	-75.9845
41631	-75.7586
41632	-75.1535
41633	-75.4029
41634	-74.9939
41635	-75.7711
41636	-75.4487
41637	-75.5358
41638	-75.8045
41639	-75.3603
41640	-75.4396
41641	-75.7465
41642	-76.1346
41643	-76.2346
41644	-75.8293
41645	-75.2816
41646	-75.5324
41647	-75.3503
41648	-75.4792
41649	-75.663
41650	-75.7887
41651	-75.8197
41652	-75.7454
41653	-75.6571
41654	-75.8182
41655	-76.2318
41656	-75.9592
41657	-75.86
41658	-75.3181
41659	-76.141
41660	-75.8007
41661	-75.4938
41662	-75.6972
41663	-75.5363
41664	-75.8482
41665	-76.0758
41666	-75.9687
41667	-75.9783
41668	-75.523
41669	-75.5949
41670	-75.63
41671	-75.7041
41672	-75.2492
41673	-75.4212
41674	-75.5682
41675	-75.4312
41676	-75.3755
41677	-75.4621
41678	-75.2547
41679	-75.4506
41680	-75.6846
41681	-75.5501
41682	-75.6082
41683	-75.4604
41684	-75.9935
41685	-76.3666
41686	-76.099
41687	-75.9942
41688	-75.7813
41689	-75.7952
41690	-75.6417
41691	-75.6339
41692	-75.6041
41693	-75.685
41694	-75.7845
41695	-75.8471
41696	-75.6652
41697	-75.5969
41698	-75.7263
41699	-75.5638
41700	-75.4083
41701	-75.3879
41702	-75.6757
41703	-75.6358
41704	-75.4802
41705	-75.7145
41706	-75.7573
41707	-75.2696
41708	-75.4934
41709	-75.3827
41710	-75.621
41711	-75.6745
41712	-75.4493
41713	-75.5626
41714	-75.9608
41715	-75.9517
41716	-75.7283
41717	-75.6432
41718	-75.4487
41719	-75.8939
41720	-75.5577
41721	-75.3903
41722	-75.6312
41723	-75.4784
41724	-75.4462
41725	-75.5821
41726	-75.3408
41727	-75.2872
41728	-75.3994
41729	-75.231
41730	-75.7019
41731	-75.6288
41732	-75.7402
41733	-75.7967
41734	-75.5091
41735	-75.5028
41736	-75.3824
41737	-75.1082
41738	-75.4949
41739	-75.835
41740	-75.9597
41741	-75.7806
41742	-75.6771
41743	-75.1878
41744	-75.4184
41745	-75.6184
41746	-75.2342
41747	-75.7755
41748	-75.6668
41749	-75.8313
41750	-76.1233
41751	-76.2547
41752	-75.9392
41753	-75.7995
41754	-75.2467
41755	-75.4706
41756	-75.9082
41757	-75.7322
41758	-76.1177
41759	-76.1499
41760	-75.939
41761	-75.7247
41762	-75.4767
41763	-76.0922
41764	-75.5746
41765	-75.6934
41766	-76.0748
41767	-75.5119
41768	-75.6878
41769	-75.4075
41770	-75.7157
41771	-75.8429
41772	-75.7026
41773	-75.7903
41774	-75.6497
41775	-75.6454
41776	-76.0537
41777	-75.8489
41778	-75.9709
41779	-75.7038
41780	-75.5851
41781	-76.1685
41782	-75.8783
41783	-75.3641
41784	-75.8335
41785	-75.5115
41786	-75.036
41787	-75.2605
41788	-75.4361
41789	-75.6257
41790	-75.9315
41791	-75.4697
41792	-75.2665
41793	-75.2432
41794	-75.3556
41795	-75.441
41796	-75.0675
41797	-75.0695
41798	-75.3472
41799	-75.9074
41800	-75.6913
41801	-75.4925
41802	-75.5261
41803	-75.7381
41804	-75.3354
41805	-75.6801
41806	-75.9274
41807	-75.7433
41808	-75.5374
41809	-75.6601
41810	-75.6797
41811	-75.6116
41812	-75.7641
41813	-75.5216
41814	-75.664
41815	-75.8903
41816	-75.404
41817	-75.3417
41818	-75.6875
41819	-75.5133
41820	-75.1839
41821	-75.3602
41822	-75.5301
41823	-75.5494
41824	-75.3832
41825	-75.4414
41826	-75.4354
41827	-75.1174
41828	-75.5389
41829	-76
41830	-75.6524
41831	-75.4146
41832	-75.4047
41833	-75.6252
41834	-75.6391
41835	-75.4541
41836	-75.697
41837	-75.6844
41838	-75.9113
41839	-75.4135
41840	-75.4918
41841	-75.6288
41842	-75.6705
41843	-75.2303
41844	-75.1129
41845	-75.6626
41846	-75.8983
41847	-75.6423
41848	-76.1554
41849	-76.0008
41850	-75.9434
41851	-76.2023
41852	-76.1566
41853	-75.7261
41854	-75.5284
41855	-75.7632
41856	-75.8974
41857	-75.9498
41858	-75.4301
41859	-75.2997
41860	-75.6531
41861	-75.1653
41862	-75.3754
41863	-75.7664
41864	-75.3165
41865	-75.7761
41866	-75.8231
41867	-75.5401
41868	-75.3082
41869	-75.7369
41870	-75.7909
41871	-75.4447
41872	-75.2773
41873	-75.6558
41874	-75.6886
41875	-75.9616
41876	-75.6066
41877	-75.313
41878	-75.2728
41879	-75.5406
41880	-75.7024
41881	-75.6239
41882	-75.2239
41883	-75.4619
41884	-75.0167
41885	-75.6415
41886	-76.0442
41887	-75.8058
41888	-75.935
41889	-75.8395
41890	-75.754
41891	-75.6028
41892	-75.7091
41893	-75.6631
41894	-75.2868
41895	-75.1697
41896	-75.0138
41897	-75.578
41898	-75.4141
41899	-75.7033
41900	-75.7202
41901	-75.5665
41902	-75.7759
41903	-76.2332
41904	-75.8072
41905	-75.548
41906	-75.7029
41907	-75.4897
41908	-75.3672
41909	-75.2473
41910	-75.6594
41911	-75.6022
41912	-75.7954
41913	-75.8094
41914	-76.1629
41915	-75.6946
41916	-75.393
41917	-75.8402
41918	-75.7366
41919	-75.762
41920	-75.6887
41921	-75.7724
41922	-75.6461
41923	-75.4607
41924	-75.6569
41925	-75.9136
41926	-75.6282
41927	-75.5235
41928	-75.7655
41929	-76.2333
41930	-76.0671
41931	-75.7734
41932	-75.7992
41933	-75.5187
41934	-75.1578
41935	-75.5301
41936	-75.6099
41937	-75.7615
41938	-75.2426
41939	-75.4218
41940	-75.6494
41941	-75.3837
41942	-75.8061
41943	-75.9886
41944	-76.0444
41945	-75.9022
41946	-75.4125
41947	-75.1554
41948	-75.6808
41949	-75.4134
41950	-75.1685
41951	-75.2562
41952	-75.455
41953	-75.3972
41954	-75.5285
41955	-75.5699
41956	-75.3433
41957	-75.1568
41958	-75.3191
41959	-75.3498
41960	-75.5014
41961	-75.4266
41962	-75.6172
41963	-75.2
41964	-75.0606
41965	-75.3158
41966	-75.6008
41967	-75.5244
41968	-75.9351
41969	-75.8141
41970	-75.7574
41971	-75.5361
41972	-75.774
41973	-75.7063
41974	-76.2216
41975	-75.8437
41976	-75.8041
41977	-75.446
41978	-75.4096
41979	-75.3291
41980	-75.7694
41981	-75.9601
41982	-75.7255
41983	-75.4817
41984	-75.6198
41985	-76.0457
41986	-75.8421
41987	-75.369
41988	-75.2809
41989	-75.5777
41990	-75.6648
41991	-75.3525
41992	-75.7107
41993	-75.7809
41994	-75.667
41995	-75.8074
41996	-75.9202
41997	-75.84
41998	-75.6058
41999	-75.6202
42000	-75.4801
42001	-74.9913
42002	-75.4266
42003	-75.3143
42004	-75.7931
42005	-76.0734
42006	-75.6935
42007	-75.4837
42008	-75.7508
42009	-76.0829
42010	-75.8003
42011	-75.4417
42012	-75.2919
42013	-75.1002
42014	-75.4357
42015	-75.7468
42016	-76.1099
42017	-75.6272
42018	-75.3202
42019	-75.5694
42020	-75.6336
42021	-75.4806
42022	-75.7328
42023	-75.6221
42024	-75.4123
42025	-75.7006
42026	-75.4524
42027	-75.1449
42028	-75.2079
42029	-75.2493
42030	-75.5222
42031	-75.7248
42032	-75.4694
42033	-75.3754
42034	-75.3957
42035	-75.4194
42036	-75.4567
42037	-75.3516
42038	-76.1756
42039	-75.9832
42040	-75.4104
42041	-75.3316
42042	-75.6815
42043	-75.4288
42044	-75.3337
42045	-75.1048
42046	-75.6395
42047	-75.838
42048	-75.6871
42049	-75.741
42050	-75.6504
42051	-75.9288
42052	-75.4957
42053	-75.4318
42054	-75.4012
42055	-75.4044
42056	-75.7601
42057	-75.8568
42058	-75.4154
42059	-75.2731
42060	-75.7285
42061	-76.1906
42062	-75.4168
42063	-75.6651
42064	-75.5307
42065	-75.4311
42066	-75.647
42067	-75.4554
42068	-75.701
42069	-76.009
42070	-75.5932
42071	-75.5946
42072	-75.4095
42073	-75.2261
42074	-75.6956
42075	-75.7686
42076	-75.2071
42077	-75.3473
42078	-75.3818
42079	-75.8772
42080	-75.7068
42081	-75.2337
42082	-75.0256
42083	-75.2713
42084	-75.5337
42085	-75.4038
42086	-75.7324
42087	-76.1073
42088	-76.2583
42089	-76.1394
42090	-75.8056
42091	-75.8385
42092	-74.9967
42093	-75.1858
42094	-75.3949
42095	-75.2976
42096	-75.3956
42097	-75.6322
42098	-75.4742
42099	-75.5828
42100	-75.467
42101	-75.7551
42102	-75.7601
42103	-75.8265
42104	-75.9291
42105	-76.1579
42106	-75.7081
42107	-75.4849
42108	-75.692
42109	-75.6981
42110	-75.9963
42111	-75.8779
42112	-75.694
42113	-75.4279
42114	-75.7077
42115	-75.358
42116	-75.1797
42117	-75.1022
42118	-75.4708
42119	-75.724
42120	-75.9954
42121	-75.7224
42122	-75.4909
42123	-75.4889
42124	-75.7261
42125	-75.874
42126	-75.5599
42127	-75.6439
42128	-75.854
42129	-75.5928
42130	-75.3445
42131	-75.2407
42132	-75.4124
42133	-75.7547
42134	-75.6368
42135	-75.649
42136	-75.7045
42137	-76.2687
42138	-76.1717
42139	-75.9291
42140	-75.8528
42141	-75.5784
42142	-75.6923
42143	-75.9109
42144	-76.1064
42145	-75.7165
42146	-75.7152
42147	-75.3256
42148	-75.3007
42149	-75.7955
42150	-75.6397
42151	-75.8719
42152	-76.0448
42153	-75.6483
42154	-75.3854
42155	-75.1277
42156	-75.3469
42157	-75.6327
42158	-75.7694
42159	-75.8139
42160	-75.5245
42161	-75.5291
42162	-75.7075
42163	-75.7296
42164	-75.3019
42165	-75.4352
42166	-75.6056
42167	-75.765
42168	-75.7242
42169	-75.5894
42170	-75.5897
42171	-75.5509
42172	-75.5093
42173	-75.3609
42174	-75.2379
42175	-75.3992
42176	-75.264
42177	-75.1597
42178	-75.6112
42179	-75.7565
42180	-75.9571
42181	-75.8376
42182	-75.6852
42183	-75.4468
42184	-75.4876
42185	-75.6259
42186	-75.6625
42187	-75.504
42188	-75.4235
42189	-75.238
42190	-75.7054
42191	-75.6565
42192	-75.7162
42193	-75.9001
42194	-76.1104
42195	-75.6565
42196	-75.6393
42197	-76.3125
42198	-75.7621
42199	-75.6326
42200	-75.9766
42201	-75.9046
42202	-75.7541
42203	-75.7812
42204	-75.5792
42205	-75.4242
42206	-75.8175
42207	-75.793
42208	-75.6076
42209	-75.8204
42210	-75.5084
42211	-75.4038
42212	-75.3927
42213	-75.6976
42214	-76.0356
42215	-76.0561
42216	-75.694
42217	-75.3079
42218	-75.0458
42219	-75.1989
42220	-75.471
42221	-75.6509
42222	-75.6308
42223	-75.1306
42224	-75.2573
42225	-75.6384
42226	-75.5195
42227	-75.4196
42228	-75.4497
42229	-75.3714
42230	-75.6514
42231	-75.6882
42232	-75.7309
42233	-75.5059
42234	-75.765
42235	-76.1047
42236	-76.1439
42237	-76.019
42238	-76.0116
42239	-75.8701
42240	-75.7052
42241	-75.5672
42242	-75.3852
42243	-75.5417
42244	-75.2763
42245	-75.4073
42246	-75.6547
42247	-75.5418
42248	-75.5891
42249	-75.8624
42250	-75.7415
42251	-75.4486
42252	-75.6178
42253	-75.3667
42254	-74.9559
42255	-75.0758
42256	-75.2019
42257	-75.4188
42258	-75.6516
42259	-75.9878
42260	-75.5695
42261	-75.3578
42262	-75.592
42263	-75.6034
42264	-75.3142
42265	-75.6211
42266	-75.6001
42267	-75.603
42268	-75.4402
42269	-75.3779
42270	-75.2499
42271	-75.9178
42272	-75.7693
42273	-75.6912
42274	-75.7991
42275	-75.4361
42276	-75.5558
42277	-75.7927
42278	-76.0327
42279	-75.6719
42280	-75.8743
42281	-75.936
42282	-75.7959
42283	-75.6361
42284	-75.4269
42285	-75.8943
42286	-75.9418
42287	-75.6434
42288	-75.3081
42289	-75.3606
42290	-75.0793
42291	-75.5532
42292	-75.5346
42293	-75.3411
42294	-75.3422
42295	-75.6593
42296	-75.6337
42297	-75.5582
42298	-75.3002
42299	-74.925
42300	-75.425
42301	-75.5004
42302	-75.4106
42303	-75.6972
42304	-75.588
42305	-75.3623
42306	-75.6552
42307	-75.5831
42308	-75.4028
42309	-75.4999
42310	-75.3743
42311	-75.4677
42312	-75.6882
42313	-75.8434
42314	-75.6431
42315	-75.4835
42316	-75.3831
42317	-75.0999
42318	-75.2155
42319	-75.2204
42320	-75.3793
42321	-75.4483
42322	-75.6218
42323	-75.5074
42324	-75.5853
42325	-75.3872
42326	-75.6534
42327	-75.648
42328	-75.6415
42329	-75.3214
42330	-75.4409
42331	-75.5328
42332	-75.3289
42333	-74.9232
42334	-75.2213
42335	-75.6467
42336	-75.5867
42337	-75.7527
42338	-75.4494
42339	-75.6034
42340	-75.7603
42341	-75.5376
42342	-75.8442
42343	-75.9559
42344	-76.3535
42345	-75.8936
42346	-75.7662
42347	-75.4132
42348	-75.4014
42349	-75.1977
42350	-75.5155
42351	-75.5177
42352	-75.5458
42353	-75.67
42354	-75.4023
42355	-75.6369
42356	-75.3569
42357	-75.2966
42358	-75.4121
42359	-75.7292
42360	-75.328
42361	-75.3847
42362	-75.6366
42363	-75.4341
42364	-75.4875
42365	-75.4386
42366	-75.1234
42367	-75.4414
42368	-75.7855
42369	-75.7187
42370	-75.2802
42371	-75.5917
42372	-75.7867
42373	-75.6189
42374	-75.6094
42375	-75.3764
42376	-75.1674
42377	-75.5511
42378	-75.5353
42379	-75.7583
42380	-75.8215
42381	-75.5788
42382	-75.1457
42383	-75.9722
42384	-75.9946
42385	-75.9954
42386	-75.5957
42387	-75.5152
42388	-75.8684
42389	-76.0438
42390	-76.3197
42391	-75.9316
42392	-75.7437
42393	-75.5725
42394	-76.1817
42395	-75.8153
42396	-75.4178
42397	-76.2253
42398	-75.9057
42399	-75.7847
42400	-75.518
42401	-75.6689
42402	-75.487
42403	-75.717
42404	-75.6368
42405	-75.1432
42406	-75.4191
42407	-75.335
42408	-75.7362
42409	-75.4812
42410	-75.282
42411	-75.3566
42412	-75.7355
42413	-75.7716
42414	-75.5472
42415	-75.5086
42416	-75.5225
42417	-75.8832
42418	-75.3315
42419	-75.3246
42420	-75.8369
42421	-75.8166
42422	-75.9662
42423	-75.4971
42424	-75.5968
42425	-75.6984
42426	-75.4332
42427	-75.6026
42428	-75.4175
42429	-75.7348
42430	-75.427
42431	-75.6375
42432	-75.605
42433	-75.442
42434	-75.52
42435	-75.204
42436	-75.4376
42437	-75.5702
42438	-75.6095
42439	-76.0864
42440	-75.3949
42441	-75.396
42442	-75.2876
42443	-75.4233
42444	-75.494
42445	-75.6446
42446	-75.8905
42447	-75.8157
42448	-75.4044
42449	-75.4606
42450	-75.9437
42451	-75.6952
42452	-75.4195
42453	-75.1908
42454	-75.6473
42455	-75.6707
42456	-75.7607
42457	-75.5691
42458	-75.2635
42459	-75.4832
42460	-75.3259
42461	-75.2842
42462	-75.5873
42463	-75.5637
42464	-75.7323
42465	-76.0361
42466	-76.0396
42467	-75.8731
42468	-75.6871
42469	-75.905
42470	-75.6538
42471	-75.549
42472	-75.7851
42473	-75.8461
42474	-75.808
42475	-75.9679
42476	-75.7761
42477	-75.7322
42478	-76.1363
42479	-76.1086
42480	-75.7184
42481	-75.3492
42482	-75.3772
42483	-75.3053
42484	-75.0898
42485	-75.5298
42486	-75.8025
42487	-75.7735
42488	-75.7284
42489	-75.3569
42490	-75.2494
42491	-75.5409
42492	-75.4013
42493	-75.6769
42494	-75.6468
42495	-75.9347
42496	-75.5925
42497	-75.5212
42498	-75.3412
42499	-75.6481
42500	-75.6345
42501	-75.8151
42502	-75.8558
42503	-75.3806
42504	-75.8417
42505	-75.6985
42506	-75.6504
42507	-75.3159
42508	-75.3712
42509	-75.411
42510	-75.5472
42511	-75.4423
42512	-75.2537
42513	-75.8938
42514	-75.8007
42515	-75.2688
42516	-75.1077
42517	-75.7799
42518	-75.797
42519	-75.4365
42520	-75.1435
42521	-75.4043
42522	-75.5441
42523	-75.8238
42524	-75.7417
42525	-75.7751
42526	-75.8806
42527	-75.7969
42528	-75.6176
42529	-75.3956
42530	-75.4204
42531	-75.0737
42532	-74.9873
42533	-75.4276
42534	-75.7402
42535	-75.8602
42536	-75.5909
42537	-75.3549
42538	-75.9177
42539	-75.9299
42540	-75.9751
42541	-75.8608
42542	-75.7952
42543	-76.3764
42544	-76.3301
42545	-75.96
42546	-75.7291
42547	-75.5952
42548	-75.7304
42549	-75.7423
42550	-75.6669
42551	-75.6708
42552	-75.8896
42553	-75.7994
42554	-75.9944
42555	-75.6402
42556	-75.3223
42557	-75.3147
42558	-75.8673
42559	-76.1022
42560	-75.7999
42561	-75.7483
42562	-75.8967
42563	-75.6287
42564	-75.7326
42565	-75.7021
42566	-75.6897
42567	-75.64
42568	-75.3923
42569	-75.2545
42570	-75.6052
42571	-75.9041
42572	-75.737
42573	-75.7828
42574	-75.2061
42575	-75.4695
42576	-75.8907
42577	-75.947
42578	-75.6759
42579	-75.6915
42580	-75.7224
42581	-75.5557
42582	-75.511
42583	-75.1478
42584	-75.1028
42585	-75.4703
42586	-75.7581
42587	-75.5941
42588	-76.1118
42589	-75.8791
42590	-75.7648
42591	-75.4142
42592	-75.427
42593	-75.5951
42594	-75.5972
42595	-76.2145
42596	-75.6988
42597	-75.3365
42598	-75.7393
42599	-75.9056
42600	-75.8425
42601	-75.4677
42602	-75.5413
42603	-75.4879
42604	-75.7806
42605	-75.7465
42606	-75.9038
42607	-75.9003
42608	-75.5815
42609	-75.7799
42610	-75.9506
42611	-75.6336
42612	-75.3585
42613	-75.4852
42614	-75.4035
42615	-75.7241
42616	-75.5011
42617	-75.2774
42618	-75.603
42619	-75.4289
42620	-75.4966
42621	-75.4502
42622	-75.7825
42623	-75.7205
42624	-75.9703
42625	-75.7073
42626	-75.6638
42627	-75.5134
42628	-75.7133
42629	-75.9
42630	-75.5793
42631	-75.3852
42632	-75.5023
42633	-75.5685
42634	-75.6185
42635	-75.6112
42636	-75.3732
42637	-75.6497
42638	-75.6815
42639	-75.7495
42640	-76.0375
42641	-76.0045
42642	-75.6876
42643	-75.6475
42644	-75.5781
42645	-75.5627
42646	-75.8775
42647	-75.8433
42648	-75.9893
42649	-75.6042
42650	-75.665
42651	-76.0727
42652	-75.6428
42653	-76.034
42654	-75.7228
42655	-75.6178
42656	-75.9176
42657	-76.0533
42658	-75.6457
42659	-75.3529
42660	-75.4018
42661	-75.4192
42662	-75.4093
42663	-75.8048
42664	-75.3407
42665	-75.4649
42666	-75.7992
42667	-75.7949
42668	-76.1437
42669	-75.7029
42670	-75.4114
42671	-75.5426
42672	-75.7357
42673	-75.3999
42674	-75.7605
42675	-75.8774
42676	-75.7897
42677	-75.2239
42678	-75.498
42679	-75.4645
42680	-75.5182
42681	-75.4298
42682	-75.9508
42683	-75.6061
42684	-75.694
42685	-75.4849
42686	-75.5322
42687	-75.6292
42688	-75.4559
42689	-75.5629
42690	-75.7186
42691	-75.4458
42692	-75.4207
42693	-75.4984
42694	-75.7236
42695	-75.6273
42696	-75.604
42697	-75.6964
42698	-75.5062
42699	-75.777
42700	-75.6269
42701	-75.5108
42702	-75.1899
42703	-75.0498
42704	-75.1463
42705	-75.4307
42706	-75.4148
42707	-75.8531
42708	-75.6719
42709	-75.596
42710	-75.6231
42711	-75.6726
42712	-75.4126
42713	-75.7884
42714	-75.9955
42715	-75.7321
42716	-75.6253
42717	-75.483
42718	-75.7039
42719	-75.8987
42720	-76.0039
42721	-75.6178
42722	-75.7585
42723	-75.2419
42724	-75.193
42725	-75.7272
42726	-75.44
42727	-75.3771
42728	-75.4744
42729	-75.6615
42730	-75.5494
42731	-75.4042
42732	-75.1911
42733	-74.9642
42734	-75.2264
42735	-75.0179
42736	-75.2804
42737	-75.4865
42738	-75.5715
42739	-75.8457
42740	-75.784
42741	-75.6746
42742	-75.4765
42743	-75.7849
42744	-75.6319
42745	-75.4777
42746	-75.253
42747	-75.3803
42748	-75.6668
42749	-75.8278
42750	-75.8901
42751	-76.0902
42752	-75.7445
42753	-75.3626
42754	-75.5108
42755	-75.9412
42756	-75.6082
42757	-75.5046
42758	-75.466
42759	-75.5298
42760	-75.5388
42761	-75.7862
42762	-75.5593
42763	-75.433
42764	-75.7836
42765	-75.2548
42766	-75.0306
42767	-75.6269
42768	-75.7022
42769	-75.2674
42770	-75.547
42771	-75.5701
42772	-75.6931
42773	-75.7128
42774	-75.6909
42775	-75.2276
42776	-74.983
42777	-75.2334
42778	-75.4273
42779	-75.9183
42780	-75.8029
42781	-75.9284
42782	-75.6637
42783	-75.7029
42784	-75.593
42785	-75.2983
42786	-75.473
42787	-75.6906
42788	-75.7754
42789	-76.0976
42790	-75.7959
42791	-75.7026
42792	-75.5159
42793	-75.6879
42794	-75.8294
42795	-75.8505
42796	-75.5565
42797	-75.3282
42798	-75.4915
42799	-75.5545
42800	-75.6573
42801	-75.6264
42802	-75.49
42803	-75.6765
42804	-75.0941
42805	-75.3667
42806	-75.9585
42807	-75.6802
42808	-75.6643
42809	-75.8005
42810	-75.7694
42811	-75.7075
42812	-75.7475
42813	-75.6139
42814	-75.7027
42815	-75.4298
42816	-75.4576
42817	-76.0111
42818	-75.8566
42819	-75.7387
42820	-75.7515
42821	-75.887
42822	-75.7253
42823	-75.7173
42824	-75.6237
42825	-75.8564
42826	-75.5576
42827	-75.5012
42828	-75.6259
42829	-75.7337
42830	-75.6665
42831	-75.519
42832	-75.7481
42833	-75.8477
42834	-76.0312
42835	-75.9137
42836	-75.6669
42837	-75.9083
42838	-75.3701
42839	-75.4793
42840	-75.6023
42841	-75.9387
42842	-75.6141
42843	-75.4649
42844	-75.3811
42845	-75.4872
42846	-75.706
42847	-75.7975
42848	-75.7098
42849	-76.0141
42850	-76.0291
42851	-76.0207
42852	-75.5578
42853	-75.8663
42854	-75.5835
42855	-75.6116
42856	-75.6615
42857	-75.5899
42858	-75.6557
42859	-75.596
42860	-75.3361
42861	-75.7498
42862	-75.8227
42863	-75.3449
42864	-75.2068
42865	-75.1323
42866	-75.4414
42867	-75.9766
42868	-75.3347
42869	-75.3332
42870	-75.7339
42871	-75.2476
42872	-75.6096
42873	-75.3808
42874	-75.1721
42875	-75.4191
42876	-75.7197
42877	-75.7455
42878	-75.4348
42879	-75.6979
42880	-75.3295
42881	-74.9865
42882	-75.1432
42883	-75.8296
42884	-76.1805
42885	-76.1193
42886	-75.7915
42887	-75.5823
42888	-75.353
42889	-76.0349
42890	-75.9953
42891	-75.7026
42892	-75.6466
42893	-75.34
42894	-75.5772
42895	-75.3636
42896	-75.517
42897	-75.583
42898	-75.8055
42899	-75.2847
42900	-75.2273
42901	-75.0371
42902	-75.5717
42903	-75.8509
42904	-76.0786
42905	-75.6446
42906	-75.6312
42907	-75.3117
42908	-75.2247
42909	-75.7212
42910	-75.4925
42911	-75.62
42912	-75.936
42913	-75.708
42914	-75.7769
42915	-75.5117
42916	-75.5163
42917	-75.9672
42918	-75.8564
42919	-75.9945
42920	-76.0379
42921	-75.8512
42922	-75.8562
42923	-75.3279
42924	-75.1408
42925	-75.2812
42926	-75.6033
42927	-75.8223
42928	-75.5422
42929	-75.4798
42930	-75.8277
42931	-75.4544
42932	-75.9446
42933	-75.5914
42934	-75.1915
42935	-75.0902
42936	-75.5046
42937	-75.5116
42938	-75.2939
42939	-75.4497
42940	-75.8763
42941	-75.6689
42942	-75.6811
42943	-75.6239
42944	-75.6092
42945	-75.5683
42946	-75.8046
42947	-75.7755
42948	-76.0949
42949	-75.6647
42950	-75.1701
42951	-75.3439
42952	-75.3071
42953	-75.7458
42954	-75.4565
42955	-75.5918
42956	-75.6383
42957	-75.4224
42958	-75.5791
42959	-76.1168
42960	-75.7534
42961	-75.7713
42962	-75.5093
42963	-75.6392
42964	-75.6441
42965	-75.4985
42966	-75.2885
42967	-75.4916
42968	-75.4871
42969	-75.426
42970	-75.395
42971	-75.7147
42972	-75.5322
42973	-75.7886
42974	-75.8184
42975	-75.6115
42976	-75.6078
42977	-75.9489
42978	-75.6251
42979	-75.7981
42980	-76.2903
42981	-75.834
42982	-75.518
42983	-75.7281
42984	-75.3383
42985	-75.4931
42986	-75.7556
42987	-75.3927
42988	-75.4405
42989	-75.6968
42990	-75.5053
42991	-75.3445
42992	-75.5902
42993	-75.8502
42994	-76.0526
42995	-75.5187
42996	-75.3715
42997	-75.6484
42998	-75.5136
42999	-75.7267
43000	-75.4864
43001	-75.7437
43002	-75.5958
43003	-75.5525
43004	-75.9344
43005	-75.3459
43006	-75.9718
43007	-75.428
43008	-75.2298
43009	-75.7714
43010	-75.8016
43011	-75.982
43012	-75.6152
43013	-76.1063
43014	-75.5487
43015	-75.6481
43016	-75.4144
43017	-75.2424
43018	-75.767
43019	-75.9741
43020	-76.0985
43021	-75.6214
43022	-75.5519
43023	-75.3639
43024	-75.5185
43025	-75.6126
43026	-76.1853
43027	-75.8211
43028	-75.656
43029	-75.7081
43030	-75.4661
43031	-75.6825
43032	-76.0592
43033	-75.9651
43034	-75.7874
43035	-75.8368
43036	-76.073
43037	-75.5834
43038	-75.3185
43039	-75.6996
43040	-75.9598
43041	-75.7339
43042	-75.8689
43043	-75.5772
43044	-75.7148
43045	-75.8297
43046	-75.8383
43047	-75.4978
43048	-75.4771
43049	-75.7842
43050	-75.6697
43051	-75.6191
43052	-75.7892
43053	-75.681
43054	-76.0495
43055	-75.6929
43056	-75.3867
43057	-74.9434
43058	-74.9423
43059	-75.1493
43060	-75.7089
43061	-75.7016
43062	-76.2048
43063	-75.9979
43064	-75.3121
43065	-75.489
43066	-75.6815
43067	-75.6495
43068	-75.7227
43069	-75.5065
43070	-75.4511
43071	-75.653
43072	-75.7829
43073	-75.8198
43074	-76.0052
43075	-75.9421
43076	-75.4773
43077	-75.6945
43078	-75.4954
43079	-75.2999
43080	-75.2945
43081	-75.7854
43082	-75.8095
43083	-75.3495
43084	-75.3268
43085	-75.3463
43086	-75.592
43087	-75.7407
43088	-75.7741
43089	-75.8777
43090	-75.7242
43091	-75.5864
43092	-75.6544
43093	-75.5517
43094	-75.4574
43095	-75.5363
43096	-75.5467
43097	-75.5144
43098	-75.2979
43099	-75.3989
43100	-75.5525
43101	-75.6762
43102	-75.6357
43103	-76.1342
43104	-76.327
43105	-75.8472
43106	-75.936
43107	-75.7369
43108	-75.0871
43109	-75.3342
43110	-75.348
43111	-75.2847
43112	-75.2661
43113	-75.5911
43114	-75.5963
43115	-75.8216
43116	-75.8926
43117	-75.5848
43118	-75.4319
43119	-75.6367
43120	-75.3208
43121	-75.685
43122	-75.2782
43123	-75.3373
43124	-75.4662
43125	-75.6794
43126	-75.708
43127	-75.667
43128	-75.2158
43129	-75.4428
43130	-75.725
43131	-75.5702
43132	-75.3864
43133	-75.1368
43134	-75.0929
43135	-75.6189
43136	-75.6374
43137	-75.4662
43138	-75.6581
43139	-75.8863
43140	-75.6204
43141	-75.5069
43142	-75.3583
43143	-75.4307
43144	-75.4941
43145	-75.5084
43146	-75.3174
43147	-75.9974
43148	-75.5636
43149	-75.4967
43150	-75.5567
43151	-75.728
43152	-75.4795
43153	-75.72
43154	-75.5879
43155	-75.4951
43156	-75.5879
43157	-75.8183
43158	-75.547
43159	-75.6522
43160	-75.43
43161	-75.5363
43162	-75.7062
43163	-75.8697
43164	-75.6742
43165	-75.3691
43166	-75.4244
43167	-75.53
43168	-75.5117
43169	-75.3391
43170	-75.1687
43171	-75.595
43172	-75.6067
43173	-75.3609
43174	-75.3733
43175	-75.8767
43176	-75.8257
43177	-75.7369
43178	-76.0786
43179	-75.8384
43180	-75.7385
43181	-75.5608
43182	-75.4908
43183	-75.3878
43184	-75.6332
43185	-75.8017
43186	-75.7396
43187	-75.3279
43188	-75.5199
43189	-75.4157
43190	-75.8601
43191	-75.5639
43192	-76.0135
43193	-75.8417
43194	-75.874
43195	-76.1259
43196	-75.9432
43197	-75.6795
43198	-75.6704
43199	-75.0656
43200	-75.6539
43201	-75.4206
43202	-75.3718
43203	-75.5332
43204	-75.4134
43205	-75.6276
43206	-75.2416
43207	-75.3523
43208	-75.4983
43209	-75.6555
43210	-75.4834
43211	-75.5001
43212	-75.2823
43213	-75.6531
43214	-75.3008
43215	-75.1917
43216	-75.6481
43217	-75.4244
43218	-75.6359
43219	-75.4299
43220	-75.4296
43221	-75.7651
43222	-75.5994
43223	-75.2728
43224	-75.5337
43225	-75.8312
43226	-75.2765
43227	-75.5843
43228	-75.6506
43229	-75.7093
43230	-75.7953
43231	-76.137
43232	-76.4472
43233	-75.5574
43234	-75.3076
43235	-75.581
43236	-75.5903
43237	-75.6108
43238	-75.4206
43239	-75.5159
43240	-75.5924
43241	-75.8492
43242	-75.8165
43243	-75.2802
43244	-75.3329
43245	-75.247
43246	-75.6041
43247	-75.982
43248	-75.4276
43249	-75.3334
43250	-75.0688
43251	-75.2535
43252	-75.7301
43253	-75.3455
43254	-75.6251
43255	-75.7539
43256	-75.5777
43257	-75.5679
43258	-75.3771
43259	-75.3198
43260	-75.5828
43261	-75.6096
43262	-75.1746
43263	-75.6442
43264	-75.8615
43265	-75.8879
43266	-75.5581
43267	-75.4805
43268	-75.1802
43269	-75.177
43270	-75.3498
43271	-75.9242
43272	-76.0701
43273	-75.3678
43274	-75.256
43275	-75.5381
43276	-75.55
43277	-75.2637
43278	-75.1561
43279	-75.2264
43280	-75.4764
43281	-75.4385
43282	-75.7074
43283	-75.5114
43284	-75.4428
43285	-75.6567
43286	-75.5507
43287	-75.8016
43288	-75.856
43289	-76.1933
43290	-75.8733
43291	-75.8554
43292	-75.6469
43293	-75.5039
43294	-75.5043
43295	-75.5961
43296	-75.6694
43297	-75.8268
43298	-76.0552
43299	-76.2898
43300	-75.5315
43301	-75.8535
43302	-75.8414
43303	-75.502
43304	-75.5621
43305	-75.356
43306	-75.5215
43307	-75.8752
43308	-75.4469
43309	-75.7571
43310	-76.1983
43311	-75.4857
43312	-75.418
43313	-75.9198
43314	-75.7562
43315	-75.3994
43316	-75.3613
43317	-75.5756
43318	-75.8019
43319	-75.751
43320	-75.734
43321	-75.8631
43322	-75.7406
43323	-75.6402
43324	-76.0459
43325	-75.8098
43326	-76.0746
43327	-75.9645
43328	-75.9641
43329	-75.4194
43330	-75.0715
43331	-74.7945
43332	-75.5566
43333	-75.671
43334	-75.2336
43335	-75.1589
43336	-74.9337
43337	-75.4551
43338	-75.7491
43339	-75.8854
43340	-75.6644
43341	-75.7049
43342	-75.8628
43343	-75.5407
43344	-75.913
43345	-75.5776
43346	-75.2648
43347	-75.4486
43348	-75.286
43349	-75.338
43350	-75.5961
43351	-75.6786
43352	-75.8721
43353	-76.0592
43354	-75.4254
43355	-75.2219
43356	-75.874
43357	-75.9838
43358	-75.9064
43359	-75.8398
43360	-75.5128
43361	-75.5783
43362	-75.8931
43363	-75.6853
43364	-75.6824
43365	-75.6903
43366	-76.1611
43367	-76.1014
43368	-75.6596
43369	-75.47
43370	-75.8638
43371	-75.9542
43372	-76.0225
43373	-75.9416
43374	-75.9368
43375	-76.0264
43376	-75.9076
43377	-75.7142
43378	-75.5152
43379	-75.3267
43380	-75.1267
43381	-75.3041
43382	-75.7341
43383	-75.3793
43384	-75.1066
43385	-75.3754
43386	-75.6925
43387	-75.5834
43388	-75.5627
43389	-75.2375
43390	-75.5434
43391	-75.7348
43392	-75.7962
43393	-75.8787
43394	-75.7014
43395	-75.3158
43396	-75.4542
43397	-75.4163
43398	-75.6821
43399	-76.1962
43400	-75.5882
43401	-74.9936
43402	-75.5828
43403	-75.7572
43404	-75.4895
43405	-75.5521
43406	-75.741
43407	-75.205
43408	-75.6491
43409	-75.128
43410	-75.3611
43411	-75.5816
43412	-75.9032
43413	-75.7762
43414	-75.4466
43415	-75.3736
43416	-75.9243
43417	-75.6162
43418	-75.2795
43419	-75.4889
43420	-75.7794
43421	-75.6154
43422	-75.8411
43423	-75.9491
43424	-76.4192
43425	-75.9006
43426	-75.7571
43427	-75.2877
43428	-75.2932
43429	-75.7046
43430	-75.8818
43431	-75.8398
43432	-76.1422
43433	-75.677
43434	-75.5151
43435	-75.4127
43436	-75.5267
43437	-75.6018
43438	-75.5724
43439	-75.3134
43440	-75.6605
43441	-75.4399
43442	-75.4436
43443	-75.2956
43444	-75.3719
43445	-75.7685
43446	-75.7082
43447	-75.4952
43448	-75.7565
43449	-75.6958
43450	-75.1634
43451	-74.9544
43452	-75.6007
43453	-75.7786
43454	-75.8979
43455	-75.4071
43456	-75.5572
43457	-75.3141
43458	-75.5821
43459	-75.6027
43460	-75.7612
43461	-75.7065
43462	-75.4117
43463	-76.1793
43464	-76.0736
43465	-75.6077
43466	-75.1927
43467	-75.4692
43468	-75.2311
43469	-75.0756
43470	-75.5226
43471	-75.3916
43472	-75.1968
43473	-75.0203
43474	-75.4511
43475	-75.2816
43476	-75.4925
43477	-75.6437
43478	-75.7194
43479	-75.9857
43480	-76.0349
43481	-75.6872
43482	-75.4431
43483	-75.5034
43484	-75.5977
43485	-75.8082
43486	-75.6835
43487	-75.1187
43488	-75.6388
43489	-75.75
43490	-75.9263
43491	-75.6382
43492	-75.6643
43493	-75.4799
43494	-75.5526
43495	-75.8041
43496	-76.1604
43497	-75.6327
43498	-75.4195
43499	-75.4552
43500	-75.4026
43501	-75.4287
43502	-75.3108
43503	-75.173
43504	-75.4751
43505	-75.37
43506	-75.2152
43507	-75.5393
43508	-75.6619
43509	-75.5889
43510	-75.973
43511	-75.5388
43512	-75.8132
43513	-76.2457
43514	-75.6926
43515	-75.9578
43516	-75.6594
43517	-75.9438
43518	-75.5401
43519	-75.2176
43520	-75.5396
43521	-75.3454
43522	-75.4095
43523	-75.375
43524	-75.414
43525	-76.0483
43526	-76.0222
43527	-75.6226
43528	-75.5663
43529	-75.8297
43530	-75.5541
43531	-75.903
43532	-75.7101
43533	-75.2933
43534	-75.5695
43535	-75.4603
43536	-75.5234
43537	-75.7476
43538	-75.3039
43539	-75.6111
43540	-75.6463
43541	-75.8261
43542	-75.9905
43543	-75.5449
43544	-75.6073
43545	-76.1575
43546	-75.9469
43547	-76.0511
43548	-75.8069
43549	-75.5034
43550	-75.665
43551	-75.6925
43552	-75.5053
43553	-75.4733
43554	-75.802
43555	-75.7486
43556	-75.5719
43557	-75.5835
43558	-75.7914
43559	-75.8264
43560	-75.5033
43561	-75.5707
43562	-75.4615
43563	-75.514
43564	-75.5719
43565	-75.8578
43566	-75.1052
43567	-75.6089
43568	-75.4507
43569	-75.2109
43570	-75.317
43571	-75.7941
43572	-75.8018
43573	-75.4327
43574	-75.8286
43575	-75.9218
43576	-76.2114
43577	-75.6897
43578	-75.3305
43579	-75.5374
43580	-75.3448
43581	-75.3607
43582	-75.7498
43583	-75.8513
43584	-75.406
43585	-75.4039
43586	-75.1971
43587	-75.0883
43588	-75.6465
43589	-75.8516
43590	-75.7711
43591	-75.628
43592	-75.5954
43593	-75.6658
43594	-75.8066
43595	-75.6583
43596	-75.4293
43597	-75.6377
43598	-75.8187
43599	-75.6889
43600	-75.6031
43601	-75.87
43602	-75.4432
43603	-75.8004
43604	-75.7049
43605	-75.3003
43606	-75.4093
43607	-75.2259
43608	-75.6242
43609	-75.3708
43610	-75.4395
43611	-75.4667
43612	-75.1911
43613	-75.8408
43614	-75.7213
43615	-75.5844
43616	-75.3169
43617	-75.3641
43618	-75.1594
43619	-75.0891
43620	-75.5071
43621	-75.3688
43622	-75.8401
43623	-75.816
43624	-75.7822
43625	-75.7761
43626	-75.9637
43627	-75.8064
43628	-75.5347
43629	-75.741
43630	-75.3941
43631	-75.5505
43632	-75.7947
43633	-75.5638
43634	-75.9183
43635	-76.0905
43636	-75.8689
43637	-75.8546
43638	-75.9561
43639	-75.911
43640	-75.6614
43641	-75.808
43642	-75.8323
43643	-75.2975
43644	-75.6486
43645	-75.259
43646	-75.1338
43647	-75.1103
43648	-75.6216
43649	-75.7178
43650	-76.2191
43651	-75.9818
43652	-76.0474
43653	-76.1388
43654	-75.9505
43655	-75.781
43656	-75.4606
43657	-75.6409
43658	-75.6849
43659	-75.6126
43660	-76.1255
43661	-76.0548
43662	-75.8821
43663	-75.6976
43664	-75.6427
43665	-75.213
43666	-75.5528
43667	-75.7292
43668	-75.6516
43669	-75.0868
43670	-75.1253
43671	-75.3372
43672	-76.0234
43673	-75.8443
43674	-75.8654
43675	-75.4971
43676	-75.8612
43677	-75.9775
43678	-75.8454
43679	-75.4971
43680	-75.336
43681	-75.4503
43682	-75.8742
43683	-75.8581
43684	-75.9367
43685	-75.8002
43686	-76.0604
43687	-75.9675
43688	-75.2351
43689	-75.3127
43690	-75.4062
43691	-75.3419
43692	-75.7134
43693	-76.3375
43694	-75.7488
43695	-75.9296
43696	-75.7511
43697	-75.5052
43698	-75.5326
43699	-75.6108
43700	-75.5268
43701	-75.5782
43702	-76.0905
43703	-76.0435
43704	-75.5184
43705	-75.6395
43706	-75.9892
43707	-75.6944
43708	-75.9223
43709	-75.3348
43710	-74.9501
43711	-75.2469
43712	-75.6742
43713	-75.5805
43714	-75.6326
43715	-76.0227
43716	-75.6334
43717	-75.3412
43718	-75.5375
43719	-76.0351
43720	-75.3491
43721	-75.4567
43722	-75.4848
43723	-75.7366
43724	-75.9915
43725	-75.3831
43726	-75.3424
43727	-75.3961
43728	-75.6615
43729	-75.5364
43730	-75.0956
43731	-75.352
43732	-75.6183
43733	-75.777
43734	-75.0686
43735	-75.4193
43736	-75.9162
43737	-75.6227
43738	-75.3526
43739	-75.8603
43740	-75.9533
43741	-75.3195
43742	-75.5559
43743	-75.8638
43744	-75.4313
43745	-75.5581
43746	-76.1047
43747	-76.1242
43748	-75.8898
43749	-75.6934
43750	-75.6009
43751	-75.9547
43752	-75.5492
43753	-75.5113
43754	-75.8933
43755	-75.8403
43756	-75.6394
43757	-75.755
43758	-75.6609
43759	-75.9361
43760	-75.6684
43761	-75.3778
43762	-75.7663
43763	-75.7051
43764	-75.3009
43765	-75.6163
43766	-75.5709
43767	-75.2309
43768	-75.6027
43769	-75.4155
43770	-75.6722
43771	-75.4503
43772	-75.5517
43773	-75.6476
43774	-75.8745
43775	-76.0115
43776	-75.9629
43777	-75.7437
43778	-75.5903
43779	-75.5749
43780	-75.4399
43781	-75.4996
43782	-75.4824
43783	-75.5252
43784	-75.4384
43785	-75.5793
43786	-75.3529
43787	-75.4781
43788	-75.4834
43789	-75.6296
43790	-75.8265
43791	-75.1879
43792	-75.6237
43793	-75.6816
43794	-75.6361
43795	-75.5787
43796	-75.5275
43797	-75.6487
43798	-76.1012
43799	-75.9379
43800	-75.7536
43801	-75.4887
43802	-75.3874
43803	-75.8922
43804	-76.2361
43805	-75.864
43806	-75.4933
43807	-75.5487
43808	-75.9776
43809	-75.8434
43810	-75.5685
43811	-75.5268
43812	-75.3224
43813	-75.8902
43814	-75.4945
43815	-75.273
43816	-75.2757
43817	-75.5394
43818	-75.4399
43819	-75.7886
43820	-75.7281
43821	-75.6779
43822	-75.8677
43823	-75.5379
43824	-75.5115
43825	-76.0925
43826	-75.8293
43827	-75.9542
43828	-75.5764
43829	-75.7167
43830	-75.6464
43831	-75.7993
43832	-75.782
43833	-75.9887
43834	-75.5818
43835	-75.6101
43836	-75.2779
43837	-75.3797
43838	-75.6677
43839	-75.6869
43840	-75.6577
43841	-75.47
43842	-75.6518
43843	-75.7269
43844	-75.5164
43845	-75.8762
43846	-75.6873
43847	-75.6185
43848	-75.5655
43849	-75.3938
43850	-75.1999
43851	-75.5546
43852	-75.3995
43853	-75.178
43854	-75.3447
43855	-75.8627
43856	-75.6115
43857	-75.5653
43858	-75.5753
43859	-75.3497
43860	-75.5576
43861	-75.8008
43862	-75.3024
43863	-75.0823
43864	-74.9158
43865	-75.2844
43866	-75.7921
43867	-75.6905
43868	-75.6434
43869	-75.5399
43870	-75.1932
43871	-75.3724
43872	-75.5826
43873	-75.6256
43874	-75.3639
43875	-75.8224
43876	-75.7622
43877	-75.6109
43878	-75.6229
43879	-75.7156
43880	-75.9715
43881	-75.6862
43882	-75.4686
43883	-75.4031
43884	-75.6178
43885	-75.6211
43886	-75.8691
43887	-75.6673
43888	-75.7341
43889	-75.844
43890	-75.5852
43891	-75.6361
43892	-75.5325
43893	-75.6135
43894	-75.4262
43895	-75.5996
43896	-75.6405
43897	-75.399
43898	-75.4583
43899	-75.3428
43900	-75.1844
43901	-75.1727
43902	-75.3028
43903	-75.8043
43904	-75.8255
43905	-75.4575
43906	-75.0611
43907	-74.8366
43908	-75.4331
43909	-75.6707
43910	-75.9895
43911	-75.416
43912	-75.5562
43913	-75.0714
43914	-75.3617
43915	-75.6589
43916	-75.9263
43917	-75.9974
43918	-75.5074
43919	-75.7595
43920	-75.8117
43921	-75.3181
43922	-75.8348
43923	-75.5034
43924	-75.442
43925	-76.5865
43926	-75.9374
43927	-75.6938
43928	-75.5481
43929	-75.3396
43930	-75.373
43931	-75.9228
43932	-76.1924
43933	-75.3666
43934	-75.0866
43935	-75.5147
43936	-75.8911
43937	-75.8265
43938	-75.5863
43939	-75.5647
43940	-76.0599
43941	-75.9046
43942	-75.3301
43943	-75.5618
43944	-75.867
43945	-75.9062
43946	-75.3197
43947	-75.2068
43948	-75.1713
43949	-75.4982
43950	-75.4824
43951	-75.7597
43952	-75.674
43953	-75.8688
43954	-75.4287
43955	-75.1289
43956	-74.8601
43957	-75.9006
43958	-75.7223
43959	-75.4596
43960	-75.5231
43961	-75.6976
43962	-75.5706
43963	-75.2837
43964	-75.3877
43965	-75.4297
43966	-75.5833
43967	-75.8173
43968	-75.6311
43969	-75.691
43970	-75.2107
43971	-75.6467
43972	-75.0538
43973	-75.2043
43974	-75.3531
43975	-75.5935
43976	-75.8246
43977	-75.8677
43978	-75.8241
43979	-75.3077
43980	-75.1799
43981	-75.994
43982	-75.6525
43983	-75.5498
43984	-75.4581
43985	-76.079
43986	-75.9622
43987	-75.5416
43988	-75.9641
43989	-75.7336
43990	-75.7134
43991	-75.4001
43992	-75.3191
43993	-75.5355
43994	-75.7171
43995	-75.5052
43996	-76.1093
43997	-75.527
43998	-75.4736
43999	-75.714
44000	-75.8107
44001	-75.6654
44002	-76.0563
44003	-75.6109
44004	-75.5756
44005	-75.7327
44006	-76.086
44007	-75.4084
44008	-75.4554
44009	-75.4964
44010	-75.5358
44011	-75.5755
44012	-75.4766
44013	-75.2928
44014	-75.4601
44015	-76.0885
44016	-75.8229
44017	-75.7891
44018	-75.3018
44019	-75.451
44020	-75.7282
44021	-75.6933
44022	-75.7086
44023	-75.9832
44024	-75.7274
44025	-75.7148
44026	-75.4445
44027	-75.4193
44028	-75.281
44029	-75.1009
44030	-75.3652
44031	-75.6685
44032	-75.6484
44033	-75.829
44034	-75.6575
44035	-75.7186
44036	-75.7786
44037	-75.4848
44038	-75.7847
44039	-75.7146
44040	-75.4892
44041	-75.8866
44042	-76.1097
44043	-75.5988
44044	-75.2861
44045	-75.5937
44046	-75.6903
44047	-74.9676
44048	-75.2175
44049	-75.2034
44050	-75.0761
44051	-75.371
44052	-75.6025
44053	-75.5605
44054	-75.3949
44055	-75.4487
44056	-75.6445
44057	-75.5502
44058	-75.5499
44059	-75.4563
44060	-75.7356
44061	-75.5345
44062	-75.6286
44063	-75.8472
44064	-75.6621
44065	-75.5313
44066	-75.4112
44067	-75.8048
44068	-76.0494
44069	-76.0787
44070	-76.264
44071	-75.7904
44072	-75.6502
44073	-75.4932
44074	-75.5563
44075	-75.724
44076	-75.865
44077	-75.6784
44078	-75.7364
44079	-75.2291
44080	-75.2198
44081	-75.2172
44082	-75.5252
44083	-75.6931
44084	-75.1205
44085	-75.5166
44086	-75.3837
44087	-75.8215
44088	-75.4629
44089	-75.4622
44090	-75.5291
44091	-75.4173
44092	-75.3936
44093	-75.7415
44094	-75.8092
44095	-75.7599
44096	-75.5435
44097	-75.8277
44098	-75.7493
44099	-75.214
44100	-75.3055
44101	-75.8263
44102	-76.0058
44103	-75.5727
44104	-75.1759
44105	-75.628
44106	-75.8665
44107	-75.5563
44108	-75.4281
44109	-75.3943
44110	-75.745
44111	-75.8627
44112	-75.7724
44113	-75.8612
44114	-75.9386
44115	-75.4782
44116	-75.4669
44117	-75.944
44118	-75.6109
44119	-75.5601
44120	-75.6779
44121	-75.3614
44122	-75.7802
44123	-75.9372
44124	-76.0311
44125	-75.9971
44126	-75.7331
44127	-75.5613
44128	-75.9298
44129	-76.0893
44130	-75.6072
44131	-75.4549
44132	-75.3435
44133	-75.3239
44134	-75.2971
44135	-75.9187
44136	-75.5383
44137	-75.4922
44138	-75.4792
44139	-75.8228
44140	-75.3844
44141	-75.195
44142	-75.3902
44143	-75.7957
44144	-76.008
44145	-75.7994
44146	-75.3712
44147	-75.8264
44148	-75.494
44149	-75.5898
44150	-75.538
44151	-75.5234
44152	-75.3913
44153	-75.2559
44154	-75.4029
44155	-75.7369
44156	-75.4625
44157	-75.3336
44158	-75.0638
44159	-75.5335
44160	-75.7412
44161	-75.8523
44162	-75.3143
44163	-75.3142
44164	-75.7081
44165	-75.8826
44166	-75.7901
44167	-75.7532
44168	-75.4777
44169	-75.8088
44170	-75.6019
44171	-75.2613
44172	-75.3525
44173	-75.2368
44174	-75.8555
44175	-75.8134
44176	-75.6057
44177	-75.4001
44178	-75.545
44179	-75.6661
44180	-75.3595
44181	-75.4502
44182	-75.6106
44183	-75.538
44184	-75.6109
44185	-75.7368
44186	-75.6911
44187	-75.3198
44188	-75.369
44189	-75.2929
44190	-75.4536
44191	-75.3464
44192	-75.588
44193	-75.4818
44194	-76.3094
44195	-76.1094
44196	-75.6001
44197	-75.4692
44198	-75.6044
44199	-75.2987
44200	-75.5376
44201	-75.3936
44202	-75.2804
44203	-75.9322
44204	-75.4746
44205	-75.7989
44206	-75.9987
44207	-75.7789
44208	-76.1697
44209	-75.4201
44210	-75.7808
44211	-75.6064
44212	-75.346
44213	-75.5543
44214	-75.4046
44215	-76.0826
44216	-76.1054
44217	-76.0359
44218	-75.7461
44219	-75.3554
44220	-75.2029
44221	-74.9782
44222	-75.3205
44223	-75.5464
44224	-75.2658
44225	-75.3809
44226	-75.8235
44227	-75.6591
44228	-75.5728
44229	-75.6782
44230	-75.6273
44231	-75.3994
44232	-75.447
44233	-75.4155
44234	-75.7577
44235	-75.6014
44236	-75.4714
44237	-75.2388
44238	-75.3425
44239	-75.7754
44240	-75.6314
44241	-75.5898
44242	-75.4942
44243	-75.4626
44244	-75.7619
44245	-75.6498
44246	-75.6538
44247	-75.8445
44248	-75.869
44249	-75.652
44250	-76.0591
44251	-75.7703
44252	-75.5881
44253	-75.8201
44254	-75.4643
44255	-75.5385
44256	-75.7455
44257	-75.2612
44258	-75.4776
44259	-75.6199
44260	-75.9218
44261	-75.844
44262	-75.7371
44263	-75.4567
44264	-75.0513
44265	-75.45
44266	-75.6339
44267	-75.3565
44268	-75.9445
44269	-76.0175
44270	-76.2055
44271	-76.3191
44272	-75.6331
44273	-75.5184
44274	-75.6686
44275	-75.7407
44276	-75.8162
44277	-75.8082
44278	-75.848
44279	-75.7267
44280	-75.6724
44281	-75.172
44282	-75.1501
44283	-75.1848
44284	-75.5289
44285	-75.6723
44286	-75.4349
44287	-75.2303
44288	-75.4314
44289	-75.733
44290	-75.757
44291	-75.2948
44292	-75.4822
44293	-75.874
44294	-75.5047
44295	-75.5494
44296	-76.0758
44297	-75.8483
44298	-75.4198
44299	-75.3004
44300	-75.6656
44301	-75.7696
44302	-75.7642
44303	-75.3317
44304	-75.3084
44305	-75.5723
44306	-75.5115
44307	-75.5005
44308	-75.3153
44309	-75.2154
44310	-75.4236
44311	-75.5192
44312	-75.4729
44313	-75.3398
44314	-75.7566
44315	-75.3862
44316	-75.2495
44317	-75.4422
44318	-75.5263
44319	-75.6658
44320	-75.8022
44321	-75.7867
44322	-75.6871
44323	-75.8893
44324	-75.7964
44325	-75.8523
44326	-75.5518
44327	-75.9343
44328	-75.7574
44329	-75.5972
44330	-75.5479
44331	-75.7234
44332	-75.7699
44333	-75.4336
44334	-75.4215
44335	-75.4999
44336	-75.9188
44337	-75.9868
44338	-75.7767
44339	-75.7021
44340	-75.6952
44341	-75.676
44342	-75.4325
44343	-75.4961
44344	-75.366
44345	-75.06
44346	-75.5896
44347	-75.5171
44348	-75.5161
44349	-75.7416
44350	-76.0205
44351	-76.1452
44352	-75.9065
44353	-75.3166
44354	-75.7181
44355	-75.5762
44356	-75.672
44357	-75.8624
44358	-75.1564
44359	-75.5445
44360	-75.4812
44361	-75.5555
44362	-75.5971
44363	-75.569
44364	-75.263
44365	-75.4869
44366	-75.4744
44367	-75.5354
44368	-75.8647
44369	-75.6778
44370	-75.225
44371	-75.5596
44372	-75.4585
44373	-75.8749
44374	-75.6348
44375	-75.2644
44376	-75.4836
44377	-75.2464
44378	-75.5342
44379	-75.6912
44380	-75.5218
44381	-75.6133
44382	-75.1632
44383	-75.1584
44384	-75.2157
44385	-75.0821
44386	-75.3451
44387	-75.2923
44388	-75.3029
44389	-75.8572
44390	-75.7223
44391	-75.7208
44392	-75.4816
44393	-75.4244
44394	-75.3499
44395	-75.6958
44396	-75.7801
44397	-75.4006
44398	-75.3862
44399	-75.2823
44400	-75.3408
44401	-75.6901
44402	-75.868
44403	-75.7268
44404	-75.8219
44405	-75.8502
44406	-75.7446
44407	-75.8846
44408	-75.4712
44409	-75.2245
44410	-75.5923
44411	-75.5545
44412	-75.6603
44413	-75.6713
44414	-75.5069
44415	-75.3103
44416	-75.028
44417	-75.5839
44418	-75.6044
44419	-75.5227
44420	-75.8427
44421	-75.8762
44422	-75.5368
44423	-75.6927
44424	-75.9122
44425	-76.1239
44426	-75.8348
44427	-75.7173
44428	-75.8193
44429	-75.3704
44430	-75.7594
44431	-75.7113
44432	-75.6557
44433	-75.8242
44434	-75.5028
44435	-75.7479
44436	-75.7416
44437	-76.1204
44438	-75.9157
44439	-75.5596
44440	-75.6372
44441	-75.5261
44442	-75.3514
44443	-75.4902
44444	-75.5596
44445	-75.6289
44446	-75.6922
44447	-75.8239
44448	-75.7081
44449	-75.9855
44450	-75.73
44451	-75.3344
44452	-75.7616
44453	-76.0698
44454	-75.4698
44455	-75.8283
44456	-75.8174
44457	-75.77
44458	-75.7028
44459	-75.3436
44460	-75.3207
44461	-75.3645
44462	-75.6694
44463	-75.6852
44464	-76.0401
44465	-75.6509
44466	-75.5215
44467	-75.4669
44468	-75.6705
44469	-75.4404
44470	-75.8045
44471	-75.802
44472	-75.5731
44473	-75.2912
44474	-75.7681
44475	-75.8341
44476	-76.1283
44477	-75.4458
44478	-75.0272
44479	-75.3229
44480	-75.6053
44481	-75.4575
44482	-75.5079
44483	-75.1942
44484	-75.4227
44485	-75.4436
44486	-75.7418
44487	-76.0134
44488	-76.0136
44489	-75.9155
44490	-75.7866
44491	-75.8377
44492	-75.3668
44493	-75.7519
44494	-75.5787
44495	-75.8566
44496	-76.2732
44497	-75.8701
44498	-75.6009
44499	-75.886
44500	-76.1528
44501	-75.4538
44502	-75.5462
44503	-75.6392
44504	-75.6658
44505	-75.7415
44506	-75.5943
44507	-75.4423
44508	-75.4187
44509	-75.5698
44510	-75.6909
44511	-75.4807
44512	-75.4188
44513	-75.835
44514	-75.8891
44515	-75.4047
44516	-75.5792
44517	-75.5528
44518	-75.6988
44519	-75.3932
44520	-75.73
44521	-75.7874
44522	-75.413
44523	-75.2656
44524	-75.5628
44525	-75.6546
44526	-75.4634
44527	-75.4471
44528	-75.395
44529	-75.8487
44530	-75.7233
44531	-75.6276
44532	-75.4473
44533	-75.3233
44534	-75.2076
44535	-75.798
44536	-76.1717
44537	-75.5972
44538	-75.8999
44539	-75.7074
44540	-75.4515
44541	-75.1708
44542	-75.3035
44543	-75.5813
44544	-75.7066
44545	-75.8913
44546	-75.8176
44547	-75.9473
44548	-75.8575
44549	-75.9295
44550	-75.8253
44551	-75.486
44552	-75.455
44553	-75.81
44554	-75.8064
44555	-75.478
44556	-75.462
44557	-75.8062
44558	-75.6487
44559	-75.338
44560	-75.2982
44561	-75.1663
44562	-75.8354
44563	-75.5411
44564	-75.5916
44565	-75.53
44566	-75.9013
44567	-75.6599
44568	-75.892
44569	-75.7735
44570	-75.8856
44571	-76.0085
44572	-75.7809
44573	-75.7832
44574	-75.8242
44575	-75.9696
44576	-75.8572
44577	-75.4032
44578	-75.621
44579	-75.5572
44580	-75.5509
44581	-75.7679
44582	-75.6544
44583	-75.847
44584	-75.734
44585	-75.3538
44586	-75.7611
44587	-75.4663
44588	-75.2947
44589	-75.7017
44590	-75.5669
44591	-75.5765
44592	-75.6111
44593	-75.7111
44594	-75.3513
44595	-75.3126
44596	-75.3129
44597	-75.3455
44598	-75.4635
44599	-75.8018
44600	-75.8321
44601	-75.5447
44602	-75.651
44603	-75.7576
44604	-75.5502
44605	-75.6825
44606	-75.7576
44607	-75.8304
44608	-75.7564
44609	-75.6644
44610	-75.055
44611	-75.3887
44612	-75.3424
44613	-75.2428
44614	-75.7235
44615	-76.0527
44616	-75.5161
44617	-75.4345
44618	-75.5672
44619	-75.5453
44620	-75.6057
44621	-75.321
44622	-75.7957
44623	-75.6013
44624	-75.5276
44625	-75.601
44626	-75.5656
44627	-75.7444
44628	-75.6025
44629	-75.7958
44630	-75.708
44631	-76.0892
44632	-75.6827
44633	-75.2628
44634	-75.4978
44635	-75.6115
44636	-75.5194
44637	-75.7871
44638	-76.0498
44639	-76.0527
44640	-75.3238
44641	-75.0886
44642	-75.6834
44643	-76.0456
44644	-75.5476
44645	-75.5027
44646	-75.4883
44647	-75.3742
44648	-75.7666
44649	-75.804
44650	-75.6938
44651	-75.5963
44652	-75.7924
44653	-75.4205
44654	-75.1398
44655	-75.513
44656	-75.7947
44657	-75.8796
44658	-75.6557
44659	-75.5524
44660	-75.4807
44661	-75.1522
44662	-75.2044
44663	-75.2212
44664	-75.1369
44665	-76.0964
44666	-75.8464
44667	-75.3931
44668	-75.4814
44669	-76.0457
44670	-76.0121
44671	-75.9903
44672	-75.4282
44673	-75.385
44674	-75.4897
44675	-75.4719
44676	-75.5636
44677	-75.6915
44678	-75.6384
44679	-75.6373
44680	-75.7209
44681	-75.6014
44682	-75.3619
44683	-75.6185
44684	-75.6491
44685	-75.4691
44686	-75.879
44687	-75.9101
44688	-75.484
44689	-75.5392
44690	-75.5169
44691	-75.5086
44692	-75.7693
44693	-75.8724
44694	-75.5165
44695	-75.7217
44696	-75.6075
44697	-75.5136
44698	-75.549
44699	-75.7968
44700	-75.4891
44701	-75.4594
44702	-75.65
44703	-76.0566
44704	-76.0314
44705	-75.6824
44706	-75.7176
44707	-75.8457
44708	-75.9745
44709	-75.8648
44710	-75.628
44711	-75.839
44712	-75.9275
44713	-75.7431
44714	-75.8646
44715	-75.6837
44716	-75.5459
44717	-75.3808
44718	-75.1597
44719	-75.3507
44720	-75.1541
44721	-75.2341
44722	-75.5535
44723	-75.6374
44724	-75.7567
44725	-75.8092
44726	-75.9318
44727	-75.585
44728	-75.6612
44729	-75.95
44730	-75.6633
44731	-75.6415
44732	-75.604
44733	-76.2039
44734	-75.7509
44735	-75.6456
44736	-75.4873
44737	-75.7668
44738	-75.7097
44739	-75.2873
44740	-75.2708
44741	-75.3593
44742	-75.5575
44743	-75.2272
44744	-75.3532
44745	-75.6139
44746	-75.3664
44747	-75.6159
44748	-75.6017
44749	-75.983
44750	-76.0348
44751	-75.4408
44752	-75.6166
44753	-75.2449
44754	-74.8934
44755	-75.08
44756	-75.6349
44757	-75.6634
44758	-75.5769
44759	-75.7265
44760	-75.9053
44761	-75.8005
44762	-75.5434
44763	-75.3203
44764	-75.6257
44765	-75.2611
44766	-75.0427
44767	-75.2858
44768	-75.5234
44769	-75.2692
44770	-75.5175
44771	-75.3543
44772	-75.6301
44773	-75.6715
44774	-75.5246
44775	-75.3446
44776	-75.4294
44777	-75.9594
44778	-75.7095
44779	-75.674
44780	-75.5926
44781	-76.054
44782	-75.8397
44783	-75.4762
44784	-75.3377
44785	-75.6567
44786	-76.1675
44787	-75.895
44788	-75.8588
44789	-75.8165
44790	-75.5249
44791	-75.4608
44792	-75.1034
44793	-75.4107
44794	-75.3529
44795	-75.5507
44796	-75.5247
44797	-76.1517
44798	-76.0708
44799	-75.6042
44800	-75.6455
44801	-75.4079
44802	-75.4127
44803	-74.9783
44804	-75.5467
44805	-75.6904
44806	-75.5548
44807	-75.1484
44808	-75.5153
44809	-75.4474
44810	-75.4812
44811	-75.2814
44812	-75.7158
44813	-75.4066
44814	-75.8515
44815	-75.5514
44816	-74.7695
44817	-75.0178
44818	-75.6109
44819	-75.6846
44820	-76.0204
44821	-75.8832
44822	-76.07
44823	-75.8663
44824	-75.7815
44825	-75.7128
44826	-75.615
44827	-75.3528
44828	-75.4772
44829	-75.6433
44830	-75.7757
44831	-75.9194
44832	-75.7953
44833	-75.6867
44834	-75.5085
44835	-75.7387
44836	-75.6598
44837	-75.8783
44838	-75.8367
44839	-75.687
44840	-75.7701
44841	-75.9743
44842	-75.4985
44843	-75.273
44844	-75.2869
44845	-75.2475
44846	-75.4186
44847	-75.5074
44848	-75.5112
44849	-75.5184
44850	-75.4235
44851	-75.4479
44852	-75.4289
44853	-75.691
44854	-75.8359
44855	-75.6365
44856	-76.0972
44857	-75.4602
44858	-75.6795
44859	-75.6724
44860	-75.6926
44861	-75.5674
44862	-74.9766
44863	-74.8689
44864	-75.4161
44865	-75.9067
44866	-75.7463
44867	-75.8587
44868	-75.5303
44869	-75.8513
44870	-75.9634
44871	-76.02
44872	-75.6605
44873	-75.5852
44874	-75.9351
44875	-75.7572
44876	-75.8917
44877	-75.7246
44878	-75.3465
44879	-75.644
44880	-75.7588
44881	-75.7192
44882	-75.4038
44883	-75.4211
44884	-75.8841
44885	-76.4463
44886	-75.4168
44887	-75.5272
44888	-75.5307
44889	-75.3447
44890	-75.6013
44891	-75.4649
44892	-75.3749
44893	-75.6377
44894	-76.1018
44895	-75.9899
44896	-75.3961
44897	-75.185
44898	-75.4362
44899	-75.7364
44900	-75.3684
44901	-75.2704
44902	-75.2042
44903	-75.6981
44904	-75.8977
44905	-75.5727
44906	-75.028
44907	-75.4445
44908	-75.8804
44909	-75.4386
44910	-75.8264
44911	-75.6543
44912	-76.0598
44913	-75.7301
44914	-75.8714
44915	-75.4688
44916	-75.0022
44917	-75.3432
44918	-75.784
44919	-75.5076
44920	-75.4124
44921	-75.664
44922	-75.8024
44923	-75.7576
44924	-75.1382
44925	-75.4081
44926	-76.0365
44927	-75.9204
44928	-75.641
44929	-75.6788
44930	-75.4395
44931	-75.4801
44932	-75.6332
44933	-75.6626
44934	-75.6355
44935	-75.5823
44936	-75.5075
44937	-75.2051
44938	-75.6138
44939	-75.6851
44940	-75.5533
44941	-75.703
44942	-75.8364
44943	-75.8023
44944	-75.8937
44945	-75.7436
44946	-75.9381
44947	-75.7065
44948	-75.4242
44949	-75.8775
44950	-76.1767
44951	-75.6951
44952	-75.5543
44953	-75.3912
44954	-75.9592
44955	-75.7733
44956	-75.61
44957	-76.0036
44958	-75.5943
44959	-75.2738
44960	-75.677
44961	-75.7064
44962	-75.2112
44963	-75.2101
44964	-75.6408
44965	-75.5405
44966	-75.631
44967	-75.7885
44968	-75.3804
44969	-75.384
44970	-75.2243
44971	-75.1965
44972	-75.6386
44973	-75.452
44974	-75.176
44975	-75.0995
44976	-75.6919
44977	-75.015
44978	-74.8527
44979	-75.5328
44980	-75.7137
44981	-75.8745
44982	-75.6903
44983	-75.8217
44984	-76.0009
44985	-75.4442
44986	-75.3969
44987	-75.7053
44988	-75.3484
44989	-75.5016
44990	-75.8696
44991	-75.8065
44992	-75.857
44993	-75.9762
44994	-75.9418
44995	-75.718
44996	-75.5795
44997	-75.7549
44998	-75.5095
44999	-75.3892
45000	-75.4729
45001	-75.5497
45002	-75.6824
45003	-75.6224
45004	-75.5017
45005	-75.4664
45006	-75.7842
45007	-76.0232
45008	-75.6362
45009	-75.8604
45010	-75.7541
45011	-75.6458
45012	-75.7721
45013	-75.5084
45014	-75.1464
45015	-75.4192
45016	-75.645
45017	-75.9936
45018	-75.3957
45019	-75.7116
45020	-75.796
45021	-75.7032
45022	-76.0883
45023	-75.5769
45024	-75.774
45025	-75.8469
45026	-75.7959
45027	-75.3127
45028	-75.7842
45029	-75.8221
45030	-75.9194
45031	-75.035
45032	-75.2552
45033	-75.5776
45034	-75.3556
45035	-75.3603
45036	-75.3445
45037	-75.6486
45038	-75.9173
45039	-75.7805
45040	-75.7211
45041	-75.8595
45042	-76.0654
45043	-75.8748
45044	-76.0189
45045	-76.0471
45046	-75.8155
45047	-75.1749
45048	-75.1344
45049	-75.6162
45050	-75.6113
45051	-75.4491
45052	-75.6629
45053	-75.7082
45054	-76.0697
45055	-75.5889
45056	-75.2177
45057	-75.577
45058	-75.4638
45059	-75.6116
45060	-75.8727
45061	-75.4109
45062	-75.0821
45063	-75.4451
45064	-75.9555
45065	-75.5302
45066	-75.274
45067	-75.5288
45068	-75.579
45069	-75.575
45070	-75.2789
45071	-75.2451
45072	-75.5831
45073	-75.5643
45074	-75.6893
45075	-75.7165
45076	-75.2854
45077	-75.7491
45078	-76.3776
45079	-76.0475
45080	-75.7054
45081	-75.5297
45082	-75.4279
45083	-75.7679
45084	-75.5024
45085	-75.9206
45086	-75.7525
45087	-75.5617
45088	-75.6165
45089	-75.3328
45090	-74.9906
45091	-75.555
45092	-75.503
45093	-75.3352
45094	-75.3957
45095	-75.7936
45096	-75.8504
45097	-75.5389
45098	-75.7882
45099	-75.8683
45100	-75.6525
45101	-75.3727
45102	-75.6531
45103	-75.5094
45104	-75.7854
45105	-75.5605
45106	-75.8967
45107	-75.7828
45108	-75.9051
45109	-75.7296
45110	-75.4852
45111	-75.4699
45112	-75.0173
45113	-75.9215
45114	-75.667
45115	-75.6236
45116	-75.7693
45117	-76.1066
45118	-75.442
45119	-75.0772
45120	-75.4564
45121	-75.9258
45122	-75.3341
45123	-75.2927
45124	-75.5874
45125	-75.4409
45126	-75.8825
45127	-75.9895
45128	-75.6159
45129	-75.3724
45130	-75.788
45131	-75.8605
45132	-75.325
45133	-75.6113
45134	-75.6346
45135	-75.6813
45136	-75.4881
45137	-75.6219
45138	-75.7309
45139	-75.3129
45140	-75.6128
45141	-75.5341
45142	-75.3025
45143	-75.2034
45144	-75.161
45145	-75.1512
45146	-75.3084
45147	-75.9894
45148	-75.6711
45149	-75.5273
45150	-75.8743
45151	-75.7184
45152	-75.5212
45153	-75.493
45154	-75.5113
45155	-75.5236
45156	-75.5599
45157	-75.6517
45158	-76.2091
45159	-76.0644
45160	-75.5391
45161	-75.5636
45162	-75.4648
45163	-75.0546
45164	-75.261
45165	-75.4634
45166	-75.4051
45167	-75.408
45168	-75.3359
45169	-75.6053
45170	-75.6406
45171	-75.3055
45172	-75.4862
45173	-75.715
45174	-75.6442
45175	-75.3123
45176	-75.6322
45177	-75.4891
45178	-75.4991
45179	-75.7905
45180	-75.5667
45181	-75.8067
45182	-75.5082
45183	-75.5863
45184	-75.4141
45185	-75.6654
45186	-75.828
45187	-75.9614
45188	-75.4065
45189	-75.547
45190	-75.7054
45191	-76.0203
45192	-75.8311
45193	-75.3464
45194	-75.1901
45195	-75.3488
45196	-75.5841
45197	-76.0119
45198	-75.6747
45199	-75.463
45200	-75.6817
45201	-75.572
45202	-75.4051
45203	-75.4774
45204	-75.5575
45205	-75.8364
45206	-75.642
45207	-75.7707
45208	-75.5436
45209	-75.8358
45210	-75.6098
45211	-75.0069
45212	-75.3588
45213	-75.3494
45214	-75.4243
45215	-75.4249
45216	-75.9137
45217	-75.4482
45218	-75.355
45219	-75.6595
45220	-75.7782
45221	-75.6039
45222	-75.7784
45223	-75.7292
45224	-75.5697
45225	-75.5166
45226	-75.4647
45227	-75.7618
45228	-75.9963
45229	-76.0156
45230	-75.9497
45231	-75.8474
45232	-75.2198
45233	-75.5658
45234	-75.9614
45235	-75.8658
45236	-75.7439
45237	-75.9543
45238	-75.7298
45239	-75.609
45240	-75.1631
45241	-75.1567
45242	-75.3648
45243	-75.3699
45244	-75.5481
45245	-75.8842
45246	-75.5471
45247	-75.436
45248	-75.3175
45249	-75.4869
45250	-75.2288
45251	-75.7573
45252	-75.9922
45253	-75.8675
45254	-75.942
45255	-75.8493
45256	-75.6072
45257	-75.5263
45258	-75.3979
45259	-75.3276
45260	-75.7017
45261	-75.8724
45262	-76.0728
45263	-75.7104
45264	-75.2727
45265	-75.9567
45266	-75.5894
45267	-75.6066
45268	-75.5637
45269	-75.3579
45270	-75.612
45271	-75.7764
45272	-75.2574
45273	-75.1755
45274	-75.5193
45275	-75.3477
45276	-75.7314
45277	-75.6535
45278	-75.9671
45279	-75.5338
45280	-75.5624
45281	-75.5175
45282	-75.5254
45283	-75.6375
45284	-75.7966
45285	-75.7521
45286	-75.6131
45287	-75.5156
45288	-75.3941
45289	-75.622
45290	-75.3547
45291	-75.9241
45292	-75.5987
45293	-75.5606
45294	-75.4768
45295	-75.7323
45296	-76.0682
45297	-75.9257
45298	-75.8907
45299	-75.7379
45300	-75.2807
45301	-75.0008
45302	-75.4635
45303	-75.4839
45304	-75.5747
45305	-75.9624
45306	-76.0293
45307	-75.8187
45308	-75.4661
45309	-75.6734
45310	-75.349
45311	-75.5043
45312	-75.8044
45313	-75.989
45314	-75.5506
45315	-75.1779
45316	-75.4437
45317	-75.4699
45318	-75.6274
45319	-75.6657
45320	-75.4995
45321	-75.4155
45322	-75.4751
45323	-75.8322
45324	-75.6917
45325	-76.0726
45326	-75.5414
45327	-75.5101
45328	-75.4012
45329	-75.1061
45330	-75.549
45331	-75.6613
45332	-75.2582
45333	-75.5312
45334	-75.647
45335	-75.3278
45336	-75.5855
45337	-75.9743
45338	-75.6548
45339	-75.4919
45340	-75.7386
45341	-75.4366
45342	-75.6204
45343	-75.4962
45344	-75.3643
45345	-75.3559
45346	-75.3995
45347	-75.6605
45348	-75.7747
45349	-75.5226
45350	-75.7803
45351	-75.516
45352	-75.4073
45353	-75.5122
45354	-75.6776
45355	-76.0424
45356	-75.7232
45357	-75.2402
45358	-75.3196
45359	-75.4597
45360	-75.3213
45361	-75.4794
45362	-75.4463
45363	-75.5945
45364	-75.6317
45365	-75.7171
45366	-75.8978
45367	-75.9315
45368	-75.9746
45369	-75.2748
45370	-75.8128
45371	-75.2481
45372	-75.5603
45373	-75.6009
45374	-75.8038
45375	-75.7885
45376	-75.752
45377	-75.6868
45378	-75.536
45379	-75.864
45380	-75.7474
45381	-75.4678
45382	-75.2674
45383	-75.3546
45384	-75.22
45385	-75.5303
45386	-75.7098
45387	-75.286
45388	-75.3506
45389	-75.5245
45390	-75.6868
45391	-75.2288
45392	-75.2201
45393	-75.2392
45394	-75.8357
45395	-75.9291
45396	-75.7965
45397	-75.484
45398	-75.3611
45399	-75.801
45400	-75.6017
45401	-75.5139
45402	-75.4519
45403	-75.5065
45404	-75.8437
45405	-75.6841
45406	-75.3948
45407	-75.2474
45408	-75.5528
45409	-75.6404
45410	-75.7213
45411	-75.604
45412	-75.7582
45413	-75.7215
45414	-75.4935
45415	-75.3628
45416	-75.2044
45417	-75.0053
45418	-75.5532
45419	-75.7599
45420	-75.6537
45421	-75.6894
45422	-75.9543
45423	-75.7174
45424	-75.5232
45425	-75.6908
45426	-75.5348
45427	-75.4357
45428	-75.7294
45429	-75.3584
45430	-75.1914
45431	-75.5366
45432	-75.4241
45433	-75.8374
45434	-75.9902
45435	-75.8059
45436	-75.9008
45437	-75.4774
45438	-75.0276
45439	-75.3811
45440	-75.5623
45441	-75.4878
45442	-75.7509
45443	-75.8987
45444	-75.8816
45445	-75.6383
45446	-75.9064
45447	-75.7078
45448	-75.7921
45449	-75.9409
45450	-75.9666
45451	-75.7504
45452	-75.2782
45453	-75.3448
45454	-75.4213
45455	-75.4139
45456	-75.2896
45457	-75.5877
45458	-75.259
45459	-75.3715
45460	-75.3663
45461	-75.4069
45462	-75.749
45463	-75.9677
45464	-75.4181
45465	-75.7779
45466	-76.0313
45467	-75.7711
45468	-75.6749
45469	-75.3472
45470	-75.5646
45471	-75.4718
45472	-75.5261
45473	-75.3465
45474	-75.2488
45475	-75.7239
45476	-75.8223
45477	-75.8434
45478	-75.7025
45479	-75.9933
45480	-75.5244
45481	-75.4138
45482	-75.8795
45483	-75.5241
45484	-75.6425
45485	-75.5472
45486	-75.5102
45487	-75.4194
45488	-75.4905
45489	-75.4976
45490	-75.3206
45491	-75.8107
45492	-75.5246
45493	-75.2362
45494	-75.4774
45495	-75.872
45496	-75.6509
45497	-75.6971
45498	-75.6035
45499	-75.645
45500	-75.7365
45501	-75.8638
45502	-75.734
45503	-75.4648
45504	-75.4551
45505	-75.5949
45506	-75.6581
45507	-75.3331
45508	-75.7688
45509	-75.4106
45510	-75.4014
45511	-75.596
45512	-75.9424
45513	-76.1763
45514	-76.1851
45515	-76.1881
45516	-75.8119
45517	-75.0724
45518	-75.0061
45519	-75.2197
45520	-75.7758
45521	-75.5532
45522	-75.3415
45523	-75.5149
45524	-75.6778
45525	-75.8584
45526	-76.0369
45527	-75.696
45528	-75.2595
45529	-75.3194
45530	-75.6656
45531	-75.7696
45532	-75.5273
45533	-75.2317
45534	-75.8454
45535	-75.9647
45536	-75.4755
45537	-75.9933
45538	-75.9143
45539	-75.5462
45540	-75.4752
45541	-75.6825
45542	-75.9071
45543	-75.7163
45544	-75.8004
45545	-75.9852
45546	-75.7412
45547	-75.2676
45548	-75.2487
45549	-75.2479
45550	-75.3071
45551	-75.9388
45552	-75.7474
45553	-75.8267
45554	-76.0226
45555	-75.5351
45556	-75.1617
45557	-75.5855
45558	-75.5569
45559	-75.5882
45560	-75.7874
45561	-75.6614
45562	-75.5955
45563	-75.5124
45564	-75.0495
45565	-75.3464
45566	-75.4595
45567	-76.183
45568	-75.7487
45569	-75.6556
45570	-75.4141
45571	-75.8378
45572	-75.8375
45573	-75.7006
45574	-75.7414
45575	-75.7039
45576	-75.7069
45577	-75.6601
45578	-75.5266
45579	-75.8154
45580	-75.5346
45581	-75.4361
45582	-75.8757
45583	-76.0373
45584	-76.2018
45585	-75.8926
45586	-75.6429
45587	-75.2377
45588	-75.4195
45589	-75.7007
45590	-75.6009
45591	-75.569
45592	-75.3928
45593	-75.6176
45594	-75.4978
45595	-75.868
45596	-75.3079
45597	-75.8993
45598	-75.7467
45599	-75.5424
45600	-75.4154
45601	-75.5721
45602	-75.5287
45603	-75.7432
45604	-75.5986
45605	-75.5893
45606	-75.8782
45607	-75.8233
45608	-75.5219
45609	-75.5167
45610	-75.6058
45611	-75.9489
45612	-75.5107
45613	-75.3875
45614	-75.7155
45615	-75.9954
45616	-75.8771
45617	-75.8065
45618	-75.3549
45619	-74.9825
45620	-75.791
45621	-75.6082
45622	-75.6931
45623	-75.4911
45624	-75.4707
45625	-75.5876
45626	-75.1937
45627	-75.6858
45628	-75.9502
45629	-75.4003
45630	-75.1678
45631	-75.5889
45632	-75.306
45633	-75.3627
45634	-75.1848
45635	-75.6767
45636	-75.1987
45637	-75.3984
45638	-75.3794
45639	-75.4548
45640	-75.2765
45641	-75.6067
45642	-75.2445
45643	-75.5215
45644	-75.7719
45645	-76.1849
45646	-75.6707
45647	-75.8421
45648	-75.8468
45649	-76.0741
45650	-75.7992
45651	-75.8942
45652	-75.7321
45653	-75.8871
45654	-75.8081
45655	-75.7572
45656	-75.7567
45657	-76.1496
45658	-76.2054
45659	-75.8372
45660	-75.7641
45661	-75.6876
45662	-75.6106
45663	-75.3343
45664	-75.6109
45665	-76.0369
45666	-75.0374
45667	-75.4009
45668	-75.4895
45669	-75.6675
45670	-75.7578
45671	-75.5011
45672	-75.9159
45673	-75.7582
45674	-75.0432
45675	-75.6772
45676	-75.359
45677	-75.6086
45678	-75.5702
45679	-75.4205
45680	-75.5352
45681	-75.3194
45682	-75.676
45683	-75.8414
45684	-75.5124
45685	-75.9108
45686	-76.0861
45687	-75.6352
45688	-75.3628
45689	-75.0543
45690	-75.5984
45691	-75.8416
45692	-75.9732
45693	-75.713
45694	-75.4917
45695	-75.942
45696	-75.8718
45697	-75.8566
45698	-75.6294
45699	-75.9447
45700	-75.6218
45701	-75.568
45702	-75.2562
45703	-75.767
45704	-75.6733
45705	-75.6002
45706	-75.5438
45707	-75.6164
45708	-75.65
45709	-75.1706
45710	-75.3847
45711	-75.4628
45712	-75.606
45713	-75.9194
45714	-75.6394
45715	-75.578
45716	-76.0175
45717	-75.9236
45718	-76.2886
45719	-75.8813
45720	-75.2943
45721	-75.8758
45722	-75.7714
45723	-75.5808
45724	-75.5063
45725	-75.5432
45726	-75.8738
45727	-75.6878
45728	-75.387
45729	-75.5507
45730	-75.4667
45731	-75.2867
45732	-75.8028
45733	-75.7759
45734	-75.5227
45735	-75.7228
45736	-75.5916
45737	-75.5561
45738	-75.7
45739	-75.8498
45740	-75.6291
45741	-75.6842
45742	-76.0079
45743	-75.9287
45744	-76.2229
45745	-76.1041
45746	-75.8387
45747	-75.5561
45748	-75.6145
45749	-75.2196
45750	-75.7544
45751	-76.0084
45752	-75.5697
45753	-75.5771
45754	-75.5205
45755	-75.5819
45756	-75.5649
45757	-75.5957
45758	-75.6614
45759	-75.6463
45760	-75.2123
45761	-75.6265
45762	-76.1934
45763	-75.4567
45764	-75.2139
45765	-75.2536
45766	-75.4099
45767	-75.3692
45768	-75.6497
45769	-75.7786
45770	-75.4918
45771	-76.0369
45772	-75.8977
45773	-75.6646
45774	-75.9654
45775	-75.9026
45776	-75.6504
45777	-75.8904
45778	-75.5628
45779	-75.8191
45780	-75.5972
45781	-75.848
45782	-75.7577
45783	-75.7751
45784	-75.6274
45785	-75.5968
45786	-75.6377
45787	-75.7006
45788	-75.9549
45789	-75.8252
45790	-75.5732
45791	-75.5414
45792	-75.5646
45793	-75.6625
45794	-75.2065
45795	-75.4245
45796	-75.6232
45797	-75.6812
45798	-75.5805
45799	-75.5817
45800	-75.5622
45801	-75.5277
45802	-75.37
45803	-75.4758
45804	-75.4938
45805	-75.4162
45806	-75.568
45807	-75.7685
45808	-75.7876
45809	-75.5491
45810	-75.7223
45811	-75.9494
45812	-75.706
45813	-75.6585
45814	-75.3363
45815	-75.2836
45816	-75.6648
45817	-75.4243
45818	-75.2944
45819	-75.677
45820	-75.286
45821	-75.3194
45822	-75.6623
45823	-75.3986
45824	-75.4958
45825	-75.7267
45826	-75.5168
45827	-75.4646
45828	-75.2921
45829	-75.7937
45830	-75.9763
45831	-75.6461
45832	-75.8395
45833	-75.6682
45834	-75.5189
45835	-75.6586
45836	-75.9213
45837	-75.398
45838	-75.0966
45839	-75.2575
45840	-75.3377
45841	-75.5882
45842	-75.2801
45843	-75.4476
45844	-75.4019
45845	-75.6578
45846	-75.6978
45847	-75.7419
45848	-76.2176
45849	-75.9912
45850	-75.8285
45851	-75.84
45852	-75.6627
45853	-75.6935
45854	-75.7483
45855	-75.7707
45856	-75.4646
45857	-75.5357
45858	-75.1988
45859	-75.3939
45860	-75.5805
45861	-75.4522
45862	-75.7532
45863	-75.6355
45864	-75.5393
45865	-75.3376
45866	-75.7537
45867	-75.7758
45868	-75.4613
45869	-75.5319
45870	-75.3566
45871	-75.0751
45872	-75.5343
45873	-75.6361
45874	-75.4641
45875	-75.6392
45876	-75.608
45877	-75.7321
45878	-75.4979
45879	-75.5436
45880	-75.7833
45881	-75.6909
45882	-75.7344
45883	-75.442
45884	-75.5108
45885	-75.3177
45886	-75.5215
45887	-75.3499
45888	-75.4394
45889	-75.5883
45890	-75.6564
45891	-75.6037
45892	-75.6545
45893	-75.2845
45894	-75.4878
45895	-75.1962
45896	-75.8092
45897	-75.7755
45898	-75.3738
45899	-75.7552
45900	-76.3946
45901	-75.9872
45902	-75.8175
45903	-75.7949
45904	-75.8164
45905	-75.6629
45906	-75.6701
45907	-75.7241
45908	-75.7217
45909	-75.404
45910	-74.9437
45911	-75.2299
45912	-75.5819
45913	-75.9591
45914	-75.7215
45915	-75.7877
45916	-75.5765
45917	-75.9829
45918	-75.9095
45919	-75.8208
45920	-75.782
45921	-75.8173
45922	-75.5991
45923	-75.9988
45924	-75.9122
45925	-75.6936
45926	-75.6738
45927	-75.6674
45928	-75.769
45929	-75.7504
45930	-75.7712
45931	-75.5199
45932	-75.4405
45933	-75.5297
45934	-75.8698
45935	-75.2124
45936	-75.1793
45937	-75.4891
45938	-75.4542
45939	-75.4896
45940	-75.1773
45941	-75.4311
45942	-75.8064
45943	-75.6834
45944	-75.5996
45945	-75.9049
45946	-75.5973
45947	-75.4068
45948	-75.8133
45949	-75.8807
45950	-75.4733
45951	-75.5416
45952	-75.5761
45953	-75.6261
45954	-75.6712
45955	-75.4732
45956	-75.1762
45957	-75.273
45958	-75.5814
45959	-75.887
45960	-75.4002
45961	-75.4983
45962	-76.0451
45963	-75.9053
45964	-75.7661
45965	-75.9304
45966	-76.1093
45967	-75.6306
45968	-75.5617
45969	-75.7185
45970	-75.7204
45971	-75.7532
45972	-75.4331
45973	-75.6564
45974	-76.0362
45975	-75.7055
45976	-75.5547
45977	-75.5713
45978	-75.7001
45979	-75.7568
45980	-75.8433
45981	-75.6825
45982	-75.6341
45983	-75.4109
45984	-75.1728
45985	-74.9553
45986	-75.3911
45987	-75.5072
45988	-75.568
45989	-75.7217
45990	-75.9097
45991	-75.6351
45992	-75.9612
45993	-75.3544
45994	-75.5431
45995	-74.9948
45996	-75.2937
45997	-75.8803
45998	-75.9055
45999	-75.6363
46000	-75.7835
46001	-75.4983
46002	-75.4818
46003	-75.9955
46004	-75.8339
46005	-75.8435
46006	-75.4669
46007	-75.8202
46008	-75.5236
46009	-75.8999
46010	-75.4397
46011	-75.7613
46012	-75.993
46013	-76.3005
46014	-76.1522
46015	-75.5528
46016	-75.4275
46017	-75.468
46018	-75.2557
46019	-75.4639
46020	-75.7098
46021	-75.5756
46022	-75.8364
46023	-75.5323
46024	-75.314
46025	-75.7081
46026	-75.9366
46027	-75.778
46028	-75.5718
46029	-75.969
46030	-75.5273
46031	-75.7614
46032	-75.4698
46033	-75.8482
46034	-75.5398
46035	-75.3701
46036	-75.145
46037	-75.3028
46038	-75.7332
46039	-75.89
46040	-75.872
46041	-75.8381
46042	-75.74
46043	-75.838
46044	-75.5208
46045	-74.8976
46046	-75.2616
46047	-75.6509
46048	-75.4548
46049	-75.8185
46050	-75.8435
46051	-75.698
46052	-76.0496
46053	-76.2008
46054	-75.8578
46055	-75.4321
46056	-75.8987
46057	-75.7379
46058	-75.6176
46059	-75.7474
46060	-75.8338
46061	-75.8966
46062	-75.8051
46063	-75.8256
46064	-75.5067
46065	-75.5683
46066	-75.3552
46067	-75.2752
46068	-75.5184
46069	-76.1891
46070	-75.4872
46071	-75.2852
46072	-75.3776
46073	-75.5109
46074	-75.0837
46075	-75.442
46076	-75.5426
46077	-75.7265
46078	-75.4678
46079	-75.7474
46080	-75.765
46081	-75.6799
46082	-75.4431
46083	-75.6403
46084	-75.5587
46085	-75.625
46086	-75.5281
46087	-75.4367
46088	-75.3901
46089	-75.5818
46090	-75.3972
46091	-75.6439
46092	-75.8566
46093	-75.4915
46094	-75.6379
46095	-75.527
46096	-75.6149
46097	-75.6944
46098	-75.6807
46099	-75.9027
46100	-75.4458
46101	-75.6797
46102	-75.6538
46103	-76.0025
46104	-75.7655
46105	-75.5399
46106	-75.7908
46107	-75.5956
46108	-75.631
46109	-75.2881
46110	-75.3939
46111	-75.9697
46112	-75.7732
46113	-75.8569
46114	-75.9263
46115	-75.5689
46116	-75.592
46117	-75.577
46118	-75.5706
46119	-75.9755
46120	-75.5719
46121	-75.6933
46122	-75.6025
46123	-75.644
46124	-75.4782
46125	-75.6912
46126	-76.08
46127	-75.8175
46128	-75.5225
46129	-75.5882
46130	-75.2902
46131	-75.7098
46132	-75.5271
46133	-75.5046
46134	-75.5318
46135	-75.5022
46136	-75.2109
46137	-75.6954
46138	-75.7332
46139	-75.5842
46140	-75.4114
46141	-75.3486
46142	-75.6044
46143	-75.6101
46144	-75.4718
46145	-75.3744
46146	-75.2557
46147	-75.3419
46148	-75.95
46149	-75.9582
46150	-75.8271
46151	-75.8221
46152	-75.8153
46153	-75.9768
46154	-75.6862
46155	-75.6498
46156	-75.4858
46157	-75.3707
46158	-75.519
46159	-75.5665
46160	-75.6701
46161	-75.4213
46162	-76.1647
46163	-76.2585
46164	-75.6845
46165	-75.8554
46166	-75.7074
46167	-75.5738
46168	-75.6276
46169	-75.5626
46170	-75.6559
46171	-75.8259
46172	-75.5822
46173	-75.5029
46174	-75.6373
46175	-75.845
46176	-75.5673
46177	-75.4306
46178	-75.584
46179	-75.2332
46180	-75.9553
46181	-76.0085
46182	-75.7295
46183	-75.8275
46184	-76.1201
46185	-75.852
46186	-75.5274
46187	-75.7961
46188	-75.7666
46189	-75.9266
46190	-75.5306
46191	-75.4963
46192	-75.0514
46193	-75.4683
46194	-75.5045
46195	-75.4834
46196	-75.6023
46197	-75.8631
46198	-75.6601
46199	-75.9338
46200	-75.7202
46201	-75.4305
46202	-75.5975
46203	-75.1989
46204	-75.4408
46205	-75.6529
46206	-75.8244
46207	-75.7892
46208	-75.4196
46209	-75.7687
46210	-75.7014
46211	-75.8635
46212	-75.694
46213	-75.8221
46214	-75.5469
46215	-75.4211
46216	-75.7468
46217	-75.57
46218	-75.7204
46219	-75.4376
46220	-75.596
46221	-75.4549
46222	-75.7471
46223	-75.6248
46224	-75.2617
46225	-75.5567
46226	-75.673
46227	-75.7151
46228	-76.0574
46229	-75.8838
46230	-75.6071
46231	-75.2881
46232	-76.2566
46233	-75.954
46234	-75.9397
46235	-76.1546
46236	-75.8114
46237	-75.8471
46238	-76.1974
46239	-75.7232
46240	-75.5994
46241	-75.4051
46242	-75.1891
46243	-75.4014
46244	-75.7497
46245	-75.532
46246	-75.6513
46247	-75.6908
46248	-75.4044
46249	-75.3875
46250	-75.6251
46251	-75.9677
46252	-76.1594
46253	-75.8317
46254	-75.4785
46255	-75.7337
46256	-75.7316
46257	-75.3532
46258	-75.3886
46259	-74.9633
46260	-74.9713
46261	-75.3713
46262	-75.8613
46263	-75.6954
46264	-75.2434
46265	-75.622
46266	-75.5086
46267	-75.4157
46268	-75.2663
46269	-75.6552
46270	-75.4557
46271	-75.3597
46272	-75.3293
46273	-75.7611
46274	-75.5236
46275	-75.5977
46276	-75.3025
46277	-75.1503
46278	-75.4752
46279	-75.8135
46280	-76.2253
46281	-76.0159
46282	-75.945
46283	-75.6438
46284	-75.4852
46285	-75.4758
46286	-75.3631
46287	-75.1446
46288	-75.7256
46289	-75.6067
46290	-75.4335
46291	-75.131
46292	-75.2321
46293	-75.4562
46294	-75.4682
46295	-75.3496
46296	-75.5812
46297	-75.7351
46298	-75.5591
46299	-75.7036
46300	-75.6244
46301	-75.5912
46302	-75.5131
46303	-75.3798
46304	-75.6012
46305	-75.7183
46306	-76.1306
46307	-75.6134
46308	-75.6644
46309	-75.483
46310	-75.6477
46311	-75.9273
46312	-75.5583
46313	-75.6085
46314	-75.9017
46315	-75.7817
46316	-75.8263
46317	-75.3876
46318	-75.4681
46319	-75.4273
46320	-75.3048
46321	-75.8125
46322	-75.4941
46323	-75.6803
46324	-75.5874
46325	-75.7383
46326	-75.7085
46327	-75.6878
46328	-75.6502
46329	-75.6085
46330	-75.4474
46331	-75.6399
46332	-75.3647
46333	-75.1699
46334	-74.9609
46335	-75.9045
46336	-75.7291
46337	-75.6354
46338	-75.7168
46339	-75.3031
46340	-75.3332
46341	-75.5152
46342	-75.7597
46343	-75.6365
46344	-75.6797
46345	-75.5311
46346	-75.818
46347	-75.7549
46348	-75.6432
46349	-75.6886
46350	-75.7593
46351	-75.56
46352	-75.2468
46353	-75.3078
46354	-75.5609
46355	-75.7701
46356	-75.4273
46357	-75.3194
46358	-75.5259
46359	-75.3527
46360	-75.5366
46361	-75.9178
46362	-76.0053
46363	-75.8067
46364	-75.8708
46365	-75.3202
46366	-75.2972
46367	-75.0762
46368	-75.2909
46369	-75.2702
46370	-75.4538
46371	-75.488
46372	-75.6183
46373	-75.3022
46374	-74.8133
46375	-75.4693
46376	-75.9949
46377	-75.4987
46378	-75.6187
46379	-75.4846
46380	-75.7109
46381	-75.7557
46382	-75.5619
46383	-75.6201
46384	-75.9453
46385	-75.5908
46386	-75.3956
46387	-75.2712
46388	-75.5097
46389	-75.5572
46390	-75.595
46391	-75.7527
46392	-75.9188
46393	-75.7991
46394	-75.4861
46395	-75.4908
46396	-75.5395
46397	-75.7432
46398	-75.567
46399	-75.7344
46400	-75.6884
46401	-75.6478
46402	-75.8681
46403	-75.6336
46404	-75.4022
46405	-75.5409
46406	-75.9984
46407	-76.1199
46408	-75.7512
46409	-75.1523
46410	-75.3758
46411	-75.3222
46412	-75.8726
46413	-75.9226
46414	-76.0154
46415	-75.8738
46416	-75.6093
46417	-75.7908
46418	-75.6097
46419	-75.7202
46420	-75.7835
46421	-75.8071
46422	-75.7365
46423	-75.23
46424	-75.5211
46425	-75.5783
46426	-75.1829
46427	-75.3232
46428	-75.6875
46429	-75.6237
46430	-75.4279
46431	-75.5872
46432	-75.531
46433	-75.422
46434	-75.6436
46435	-76.0285
46436	-75.5201
46437	-76.1339
46438	-75.8875
46439	-75.7239
46440	-75.7076
46441	-75.7799
46442	-76.2081
46443	-75.7645
46444	-75.8199
46445	-75.7553
46446	-75.8894
46447	-75.8046
46448	-76.2504
46449	-75.6791
46450	-75.7256
46451	-75.8063
46452	-75.514
46453	-75.2949
46454	-75.5569
46455	-75.7915
46456	-75.9537
46457	-75.8293
46458	-75.907
46459	-75.3397
46460	-75.5216
46461	-75.3472
46462	-75.3911
46463	-75.5493
46464	-75.4859
46465	-75.6931
46466	-76.0767
46467	-75.6196
46468	-75.4774
46469	-75.9213
46470	-75.9025
46471	-75.9008
46472	-76.2392
46473	-76.2924
46474	-75.9466
46475	-76.0545
46476	-75.9289
46477	-75.899
46478	-75.6096
46479	-75.6467
46480	-75.7874
46481	-75.7127
46482	-75.4444
46483	-75.8096
46484	-75.4005
46485	-75.404
46486	-75.8306
46487	-75.4361
46488	-75.7207
46489	-75.5015
46490	-75.8481
46491	-76.0135
46492	-75.723
46493	-75.9287
46494	-75.8528
46495	-75.7508
46496	-75.7461
46497	-76.0191
46498	-76.0988
46499	-75.4514
46500	-75.7013
46501	-75.6483
46502	-75.5578
46503	-75.3312
46504	-75.6477
46505	-75.6002
46506	-75.2241
46507	-75.4564
46508	-75.5398
46509	-75.5964
46510	-75.4661
46511	-75.891
46512	-75.5891
46513	-75.13
46514	-75.2708
46515	-75.5555
46516	-75.7412
46517	-76.0643
46518	-75.9794
46519	-75.8717
46520	-75.5793
46521	-75.5155
46522	-75.3063
46523	-75.2813
46524	-75.7439
46525	-75.8917
46526	-75.5597
46527	-75.7011
46528	-75.7229
46529	-75.7559
46530	-75.4579
46531	-76.0037
46532	-75.5991
46533	-75.4823
46534	-75.5502
46535	-75.4748
46536	-76.1052
46537	-75.9448
46538	-75.7747
46539	-75.4415
46540	-75.6347
46541	-75.3735
46542	-75.1527
46543	-75.2426
46544	-75.3594
46545	-75.6173
46546	-75.4419
46547	-75.6665
46548	-75.3285
46549	-75.7057
46550	-75.6612
46551	-75.7881
46552	-75.5904
46553	-75.5654
46554	-75.7786
46555	-75.4196
46556	-75.7591
46557	-75.878
46558	-75.7035
46559	-75.7526
46560	-75.2463
46561	-75.4039
46562	-75.5577
46563	-75.4311
46564	-75.4538
46565	-75.6267
46566	-75.4289
46567	-75.7392
46568	-76.0505
46569	-75.9521
46570	-75.9068
46571	-75.8667
46572	-75.6018
46573	-75.2015
46574	-75.4505
46575	-75.6003
46576	-75.8633
46577	-75.5539
46578	-75.4425
46579	-75.2646
46580	-75.639
46581	-75.7669
46582	-75.0761
46583	-75.096
46584	-75.6928
46585	-75.6543
46586	-75.7871
46587	-75.896
46588	-75.7464
46589	-75.7034
46590	-75.5177
46591	-75.3795
46592	-75.1602
46593	-75.3659
46594	-75.6317
46595	-75.7702
46596	-75.5744
46597	-75.6948
46598	-76.129
46599	-75.9386
46600	-75.7141
46601	-75.5466
46602	-75.2153
46603	-75.7018
46604	-76.1655
46605	-75.596
46606	-76.083
46607	-75.9481
46608	-75.6546
46609	-75.7261
46610	-76.1424
46611	-76.2108
46612	-75.7318
46613	-75.5932
46614	-75.3712
46615	-75.518
46616	-75.4747
46617	-75.8041
46618	-75.6815
46619	-75.6328
46620	-75.5068
46621	-75.5331
46622	-76.1132
46623	-75.8181
46624	-75.7017
46625	-75.3218
46626	-75.699
46627	-75.7959
46628	-75.4069
46629	-75.2301
46630	-75.2424
46631	-75.9442
46632	-75.8461
46633	-75.554
46634	-75.6095
46635	-75.6333
46636	-75.5912
46637	-75.7065
46638	-75.5968
46639	-75.4341
46640	-75.3875
46641	-75.3486
46642	-75.688
46643	-75.5257
46644	-75.3609
46645	-75.6216
46646	-75.5493
46647	-75.3469
46648	-75.4069
46649	-75.446
46650	-75.7587
46651	-75.9875
46652	-75.6505
46653	-75.3289
46654	-75.9143
46655	-75.7906
46656	-75.7869
46657	-75.4845
46658	-75.7666
46659	-75.4943
46660	-75.7061
46661	-76.0349
46662	-75.7335
46663	-75.2236
46664	-75.0615
46665	-75.48
46666	-75.7586
46667	-75.504
46668	-75.7217
46669	-75.4265
46670	-75.7684
46671	-76.0397
46672	-75.7336
46673	-75.8759
46674	-75.2182
46675	-74.985
46676	-75.3361
46677	-75.6723
46678	-75.756
46679	-75.676
46680	-75.5165
46681	-75.4919
46682	-75.6166
46683	-75.0819
46684	-74.8778
46685	-75.4922
46686	-75.29
46687	-75.367
46688	-75.2555
46689	-75.5135
46690	-76.1735
46691	-76.0368
46692	-75.9307
46693	-75.9134
46694	-75.5929
46695	-75.8624
46696	-75.4997
46697	-76.1144
46698	-75.7288
46699	-75.6084
46700	-75.6111
46701	-76.0334
46702	-75.5922
46703	-75.643
46704	-75.5525
46705	-75.3658
46706	-75.3494
46707	-75.0237
46708	-75.4826
46709	-75.87
46710	-75.6998
46711	-75.6229
46712	-75.6472
46713	-75.4168
46714	-75.4885
46715	-75.2812
46716	-75.7008
46717	-75.7281
46718	-76.0704
46719	-76.0208
46720	-75.7543
46721	-75.8313
46722	-75.6985
46723	-76
46724	-75.3902
46725	-74.9664
46726	-75.006
46727	-75.5849
46728	-75.6888
46729	-75.772
46730	-75.7314
46731	-75.7064
46732	-76.2572
46733	-76.0572
46734	-75.8126
46735	-75.7819
46736	-75.5522
46737	-75.5654
46738	-75.3933
46739	-75.4272
46740	-75.5257
46741	-75.4664
46742	-75.8856
46743	-75.7415
46744	-75.6951
46745	-75.426
46746	-75.6575
46747	-75.8237
46748	-76.1132
46749	-75.8954
46750	-75.8787
46751	-75.9099
46752	-75.6902
46753	-75.5373
46754	-75.9454
46755	-75.9635
46756	-75.4663
46757	-75.1309
46758	-74.9167
46759	-75.2369
46760	-75.4455
46761	-75.708
46762	-75.6796
46763	-75.9669
46764	-75.7339
46765	-75.7821
46766	-76.1044
46767	-75.8997
46768	-75.3132
46769	-74.8855
46770	-75.4288
46771	-76.0102
46772	-75.5047
46773	-75.709
46774	-75.7407
46775	-75.5025
46776	-75.6339
46777	-75.6442
46778	-75.4486
46779	-75.6061
46780	-75.9669
46781	-75.6407
46782	-75.3935
46783	-75.7213
46784	-75.9726
46785	-75.5386
46786	-75.7295
46787	-75.743
46788	-75.5766
46789	-75.7092
46790	-75.7538
46791	-75.5576
46792	-75.7854
46793	-75.8651
46794	-75.6978
46795	-75.4645
46796	-75.864
46797	-75.6192
46798	-75.5274
46799	-75.7772
46800	-75.7494
46801	-75.884
46802	-75.7538
46803	-75.4067
46804	-76.0037
46805	-75.9491
46806	-75.8748
46807	-75.835
46808	-75.7996
46809	-76.1055
46810	-75.8305
46811	-75.5644
46812	-75.5536
46813	-75.5551
46814	-75.7788
46815	-75.5686
46816	-75.6214
46817	-75.6391
46818	-75.7729
46819	-76.1193
46820	-76.0931
46821	-75.6873
46822	-75.8338
46823	-76.4061
46824	-75.6222
46825	-75.6613
46826	-75.9665
46827	-76.1657
46828	-76.0253
46829	-75.8485
46830	-75.6378
46831	-75.3734
46832	-75.6776
46833	-75.8439
46834	-75.5499
46835	-75.5505
46836	-75.658
46837	-75.9696
46838	-76.026
46839	-75.6204
46840	-75.4512
46841	-75.9112
46842	-75.8041
46843	-76.0451
46844	-75.9868
46845	-75.7177
46846	-75.293
46847	-75.2214
46848	-76.2349
46849	-76.1493
46850	-75.4618
46851	-75.2549
46852	-75.6354
46853	-75.2244
46854	-75.4782
46855	-75.2714
46856	-75.3976
46857	-75.1206
46858	-75.2259
46859	-75.362
46860	-76.1082
46861	-76.0023
46862	-75.6135
46863	-75.5355
46864	-75.6275
46865	-75.8007
46866	-75.6098
46867	-75.5801
46868	-75.9582
46869	-76.0633
46870	-76.0349
46871	-76.0111
46872	-75.5134
46873	-75.6933
46874	-75.3771
46875	-75.2171
46876	-75.6646
46877	-75.6827
46878	-75.4829
46879	-75.5218
46880	-75.0525
46881	-75.3548
46882	-75.295
46883	-75.5821
46884	-75.3894
46885	-75.3878
46886	-75.4162
46887	-75.5126
46888	-75.5357
46889	-75.573
46890	-75.3489
46891	-75.1805
46892	-75.6806
46893	-75.49
46894	-75.2807
46895	-75.2715
46896	-75.0335
46897	-75.6366
46898	-76.0423
46899	-75.5658
46900	-75.7578
46901	-75.7065
46902	-75.7612
46903	-75.8193
46904	-75.4698
46905	-76.1168
46906	-75.7498
46907	-75.6581
46908	-75.2968
46909	-75.7051
46910	-75.8546
46911	-75.887
46912	-75.7834
46913	-75.8886
46914	-75.7342
46915	-75.6177
46916	-75.6624
46917	-75.4568
46918	-75.4697
46919	-75.253
46920	-75.1205
46921	-75.7219
46922	-75.9969
46923	-75.6709
46924	-75.3214
46925	-75.2266
46926	-75.1057
46927	-75.4173
46928	-75.3489
46929	-75.3805
46930	-75.3802
46931	-75.6376
46932	-75.8675
46933	-75.4757
46934	-75.4669
46935	-75.4498
46936	-75.6511
46937	-75.582
46938	-75.7059
46939	-75.629
46940	-75.0586
46941	-75.2023
46942	-75.4392
46943	-75.4866
46944	-75.4585
46945	-75.5906
46946	-75.698
46947	-75.4723
46948	-75.3864
46949	-75.2233
46950	-75.4049
46951	-75.3598
46952	-75.538
46953	-75.6083
46954	-75.4862
46955	-75.6115
46956	-75.6368
46957	-75.3993
46958	-75.1327
46959	-75.3556
46960	-75.6961
46961	-75.8086
46962	-75.0681
46963	-75.497
46964	-75.4418
46965	-75.6252
46966	-75.7609
46967	-76.1768
46968	-75.5237
46969	-75.5477
46970	-75.5585
46971	-75.641
46972	-75.8043
46973	-75.5845
46974	-75.3402
46975	-75.3397
46976	-75.5409
46977	-75.571
46978	-75.6063
46979	-75.7691
46980	-75.6533
46981	-75.6793
46982	-75.6631
46983	-75.8177
46984	-75.5685
46985	-75.3146
46986	-75.851
46987	-75.7061
46988	-75.5894
46989	-75.8706
46990	-75.9288
46991	-75.2471
46992	-75.5888
46993	-75.6952
46994	-75.3832
46995	-75.5473
46996	-75.6146
46997	-75.8792
46998	-75.6363
46999	-75.4756
47000	-75.5199
47001	-75.6893
47002	-76.035
47003	-75.9261
47004	-75.6544
47005	-75.7959
47006	-75.5836
47007	-75.6228
47008	-75.7758
47009	-75.8716
47010	-75.2622
47011	-75.4653
47012	-75.5814
47013	-75.4378
47014	-75.9039
47015	-75.8126
47016	-75.4206
47017	-75.1338
47018	-75.2258
47019	-75.4053
47020	-75.8845
47021	-75.8518
47022	-75.8739
47023	-75.7352
47024	-75.4844
47025	-75.4154
47026	-75.4209
47027	-75.0446
47028	-75.358
47029	-75.6991
47030	-75.8574
47031	-75.1662
47032	-75.3346
47033	-75.5678
47034	-76.0955
47035	-76.0275
47036	-75.6992
47037	-75.386
47038	-75.5982
47039	-75.4527
47040	-75.3452
47041	-75.6634
47042	-75.4276
47043	-75.7268
47044	-75.8885
47045	-75.4636
47046	-75.2091
47047	-75.6884
47048	-76.0149
47049	-76.021
47050	-75.3111
47051	-75.2189
47052	-75.2692
47053	-75.5355
47054	-75.4713
47055	-76.2966
47056	-75.9733
47057	-76.0263
47058	-76.1397
47059	-75.9723
47060	-75.933
47061	-75.6015
47062	-75.2775
47063	-75.8943
47064	-76.1883
47065	-75.5275
47066	-75.3604
47067	-75.5787
47068	-75.6178
47069	-75.9307
47070	-75.6073
47071	-75.5782
47072	-75.7739
47073	-75.9404
47074	-75.6949
47075	-76.0865
47076	-75.3711
47077	-75.441
47078	-75.44
47079	-75.1507
47080	-75.4715
47081	-75.7165
47082	-75.6188
47083	-75.568
47084	-75.5686
47085	-75.2638
47086	-75.506
47087	-75.5689
47088	-75.4056
47089	-75.8968
47090	-75.3952
47091	-75.4422
47092	-75.3303
47093	-75.1115
47094	-75.4465
47095	-75.3504
47096	-75.2376
47097	-75.5455
47098	-75.7485
47099	-75.4646
47100	-75.6882
47101	-75.404
47102	-75.4489
47103	-75.2716
47104	-75.8567
47105	-75.5534
47106	-75.6539
47107	-75.4096
47108	-75.4241
47109	-75.9763
47110	-75.8935
47111	-75.8251
47112	-76.1074
47113	-76.0776
47114	-75.7093
47115	-75.2364
47116	-75.6044
47117	-75.8541
47118	-76.2016
47119	-75.6867
47120	-75.4011
47121	-75.1967
47122	-75.5792
47123	-75.4363
47124	-75.2559
47125	-75.384
47126	-75.3768
47127	-75.7126
47128	-75.636
47129	-75.4305
47130	-75.4193
47131	-75.6502
47132	-75.5695
47133	-75.3519
47134	-75.9873
47135	-75.585
47136	-75.8126
47137	-75.7346
47138	-75.9081
47139	-75.492
47140	-75.4643
47141	-75.9632
47142	-75.8763
47143	-75.329
47144	-75.8558
47145	-75.7771
47146	-75.5646
47147	-75.4418
47148	-75.5699
47149	-75.1816
47150	-75.6691
47151	-75.521
47152	-75.4539
47153	-75.7916
47154	-75.5114
47155	-75.7079
47156	-75.8368
47157	-75.689
47158	-75.7526
47159	-75.6894
47160	-75.7596
47161	-75.1897
47162	-75.3893
47163	-75.9065
47164	-75.2531
47165	-75.5265
47166	-75.3299
47167	-75.7615
47168	-75.7505
47169	-75.7143
47170	-75.8312
47171	-75.3356
47172	-75.5765
47173	-75.6984
47174	-75.6919
47175	-75.4584
47176	-75.9337
47177	-75.4112
47178	-75.6343
47179	-75.4368
47180	-75.2399
47181	-75.3647
47182	-75.8483
47183	-75.5948
47184	-75.4432
47185	-75.6234
47186	-75.5758
47187	-75.3918
47188	-75.5883
47189	-75.7803
47190	-75.7066
47191	-75.6067
47192	-75.5589
47193	-75.2993
47194	-75.5335
47195	-75.8099
47196	-75.5457
47197	-75.5107
47198	-75.5922
47199	-75.6509
47200	-75.2175
47201	-75.3811
47202	-75.575
47203	-75.3692
47204	-75.8399
47205	-75.6674
47206	-75.6353
47207	-75.3908
47208	-75.3509
47209	-75.6603
47210	-75.7052
47211	-75.513
47212	-75.8721
47213	-75.8961
47214	-75.7685
47215	-75.6624
47216	-75.4917
47217	-75.5124
47218	-75.5109
47219	-75.7038
47220	-75.6476
47221	-75.4487
47222	-75.6588
47223	-75.9038
47224	-75.5657
47225	-75.4389
47226	-75.4378
47227	-75.4854
47228	-75.3581
47229	-75.8311
47230	-76.0423
47231	-75.7442
47232	-75.4354
47233	-75.4896
47234	-75.4831
47235	-76.0296
47236	-75.6934
47237	-75.3795
47238	-75.6943
47239	-75.2276
47240	-75.4319
47241	-75.5143
47242	-75.4368
47243	-75.3796
47244	-75.3619
47245	-76.0831
47246	-75.627
47247	-75.4534
47248	-75.5463
47249	-75.7698
47250	-75.8359
47251	-75.2639
47252	-75.3838
47253	-75.6192
47254	-75.6776
47255	-75.5679
47256	-75.192
47257	-75.2015
47258	-75.314
47259	-75.577
47260	-75.4851
47261	-75.2018
47262	-75.5501
47263	-75.8404
47264	-75.8061
47265	-75.6085
47266	-75.3776
47267	-75.6856
47268	-75.725
47269	-75.5223
47270	-75.6498
47271	-75.6745
47272	-75.6005
47273	-75.3447
47274	-75.6439
47275	-75.4263
47276	-75.5217
47277	-75.1951
47278	-75.1079
47279	-75.4061
47280	-75.7207
47281	-75.4406
47282	-75.7402
47283	-75.983
47284	-75.6418
47285	-75.2567
47286	-75.2935
47287	-75.0756
47288	-75.1326
47289	-75.6575
47290	-75.9814
47291	-75.8422
47292	-75.5025
47293	-75.2816
47294	-75.5115
47295	-75.4954
47296	-75.6976
47297	-75.7251
47298	-75.5929
47299	-75.4304
47300	-75.1002
47301	-75.2336
47302	-75.0648
47303	-75.638
47304	-75.4474
47305	-75.2191
47306	-75.6631
47307	-75.7915
47308	-76.0092
47309	-75.5548
47310	-75.0769
47311	-75.3654
47312	-75.8588
47313	-75.908
47314	-75.545
47315	-75.4939
47316	-75.6062
47317	-75.0351
47318	-75.2593
47319	-75.5678
47320	-75.6527
47321	-75.4352
47322	-75.3898
47323	-75.3155
47324	-75.5969
47325	-75.5501
47326	-75.3231
47327	-75.7075
47328	-75.4815
47329	-75.4972
47330	-75.4695
47331	-75.0283
47332	-75.4377
47333	-75.4561
47334	-75.582
47335	-75.7226
47336	-75.8813
47337	-75.8551
47338	-75.4912
47339	-75.4002
47340	-75.6038
47341	-75.4852
47342	-75.3628
47343	-75.3356
47344	-75.5727
47345	-76.0254
47346	-75.696
47347	-75.6685
47348	-75.9495
47349	-75.9713
47350	-76.0417
47351	-75.872
47352	-75.6328
47353	-75.5095
47354	-75.8788
47355	-75.9168
47356	-75.8688
47357	-76.036
47358	-75.7862
47359	-75.6983
47360	-75.4709
47361	-75.6146
47362	-75.2507
47363	-75.0783
47364	-75.7968
47365	-75.5955
47366	-75.4808
47367	-75.0221
47368	-75.4516
47369	-75.6586
47370	-75.6719
47371	-75.9219
47372	-76.0449
47373	-76.0413
47374	-75.4375
47375	-75.6406
47376	-75.4901
47377	-75.773
47378	-75.6954
47379	-75.6216
47380	-75.7999
47381	-75.7235
47382	-75.1892
47383	-75.5036
47384	-75.7062
47385	-75.6599
47386	-75.4491
47387	-75.6645
47388	-75.7017
47389	-75.304
47390	-75.7127
47391	-75.3794
47392	-75.7146
47393	-76.0804
47394	-75.8877
47395	-75.5589
47396	-75.4787
47397	-75.5104
47398	-75.6532
47399	-75.4303
47400	-75.0192
47401	-75.1205
47402	-75.2447
47403	-75.3118
47404	-74.8715
47405	-75.4385
47406	-75.4824
47407	-75.7109
47408	-75.4278
47409	-76.0143
47410	-76.0204
47411	-75.6944
47412	-75.6544
47413	-75.4507
47414	-75.6425
47415	-75.5284
47416	-75.7289
47417	-75.6757
47418	-75.4927
47419	-75.0961
47420	-75.3839
47421	-75.8554
47422	-75.4245
47423	-75.6428
47424	-75.4167
47425	-75.2373
47426	-75.1146
47427	-75.4462
47428	-75.6455
47429	-75.562
47430	-75.7289
47431	-75.6417
47432	-75.9026
47433	-75.6877
47434	-75.3274
47435	-75.6237
47436	-75.7027
47437	-75.3312
47438	-75.3895
47439	-75.3596
47440	-75.5152
47441	-75.2539
47442	-75.7765
47443	-75.6646
47444	-75.7752
47445	-75.4777
47446	-75.3296
47447	-75.8389
47448	-75.6997
47449	-75.8785
47450	-75.8941
47451	-75.7648
47452	-75.6321
47453	-75.6235
47454	-75.6163
47455	-75.7829
47456	-75.919
47457	-75.7108
47458	-75.186
47459	-75.5504
47460	-75.5216
47461	-75.51
47462	-75.6289
47463	-75.3477
47464	-75.5794
47465	-75.5245
47466	-75.4348
47467	-75.4509
47468	-75.7829
47469	-75.5096
47470	-75.4271
47471	-75.1047
47472	-75.4922
47473	-75.7307
47474	-75.393
47475	-75.2637
47476	-75.7087
47477	-75.5246
47478	-75.4074
47479	-75.5842
47480	-75.4742
47481	-75.5614
47482	-75.9059
47483	-75.8674
47484	-75.6964
47485	-75.6555
47486	-75.5202
47487	-75.4673
47488	-75.7796
47489	-75.5436
47490	-76.0736
47491	-76.0629
47492	-75.4204
47493	-75.1501
47494	-75.6221
47495	-75.4642
47496	-75.6171
47497	-75.2364
47498	-75.2258
47499	-75.4831
47500	-75.3559
47501	-75.7686
47502	-75.8384
47503	-75.6288
47504	-76.0821
47505	-75.7018
47506	-75.6494
47507	-75.5515
47508	-75.3879
47509	-75.2666
47510	-75.2118
47511	-75.7538
47512	-76.1793
47513	-76.1213
47514	-75.9022
47515	-75.87
47516	-75.653
47517	-75.5018
47518	-75.5469
47519	-75.4521
47520	-75.8318
47521	-75.8168
47522	-75.5553
47523	-75.4598
47524	-75.3744
47525	-75.8092
47526	-75.8048
47527	-75.4632
47528	-75.5262
47529	-76.0918
47530	-75.8558
47531	-75.6066
47532	-75.525
47533	-75.9161
47534	-75.2092
47535	-75.3456
47536	-75.7963
47537	-75.5902
47538	-75.2413
47539	-75.4431
47540	-75.2726
47541	-75.309
47542	-75.4904
47543	-75.7234
47544	-75.7293
47545	-75.5377
47546	-75.597
47547	-75.2311
47548	-75.2674
47549	-75.3158
47550	-75.2997
47551	-75.5909
47552	-75.6544
47553	-75.6238
47554	-75.9273
47555	-75.7166
47556	-75.5978
47557	-75.0801
47558	-75.6732
47559	-75.7636
47560	-75.3422
47561	-75.1364
47562	-75.5797
47563	-75.402
47564	-75.0815
47565	-75.4408
47566	-75.6598
47567	-75.6211
47568	-75.4073
47569	-74.951
47570	-75.3049
47571	-75.4909
47572	-75.7146
47573	-75.3445
47574	-75.2269
47575	-75.3306
47576	-75.2807
47577	-75.1238
47578	-75.6934
47579	-75.5957
47580	-75.604
47581	-75.6767
47582	-75.8799
47583	-76.062
47584	-75.7928
47585	-75.8676
47586	-75.5664
47587	-75.5533
47588	-75.5755
47589	-75.6783
47590	-75.8431
47591	-75.6468
47592	-75.4325
47593	-75.5981
47594	-75.6727
47595	-75.5143
47596	-75.3214
47597	-75.4241
47598	-76.0252
47599	-75.835
47600	-76.0205
47601	-75.6189
47602	-75.4515
47603	-75.3725
47604	-75.6401
47605	-75.7018
47606	-75.1907
47607	-75.4203
47608	-75.4416
47609	-75.4594
47610	-75.619
47611	-75.7243
47612	-75.5846
47613	-75.6781
47614	-75.636
47615	-75.5564
47616	-75.4426
47617	-75.3254
47618	-75.2782
47619	-75.4459
47620	-75.2757
47621	-75.5509
47622	-75.7977
47623	-75.5775
47624	-75.6736
47625	-75.1996
47626	-75.5385
47627	-75.827
47628	-75.156
47629	-75.552
47630	-75.8106
47631	-75.9184
47632	-75.5565
47633	-75.1059
47634	-74.9229
47635	-74.7937
47636	-75.0446
47637	-75.0662
47638	-75.1635
47639	-75.5851
47640	-75.6438
47641	-75.2164
47642	-75.2479
47643	-75.5102
47644	-75.7194
47645	-75.6018
47646	-75.5072
47647	-75.7111
47648	-75.6569
47649	-75.8247
47650	-75.9353
47651	-76.3246
47652	-76.3597
47653	-75.9155
47654	-75.779
47655	-75.7262
47656	-75.4939
47657	-75.4402
47658	-75.5997
47659	-75.8684
47660	-75.6192
47661	-75.5702
47662	-75.2463
47663	-75.2276
47664	-75.4718
47665	-75.6424
47666	-74.9941
47667	-75.0486
47668	-75.5708
47669	-75.5202
47670	-75.9542
47671	-75.996
47672	-75.7492
47673	-75.946
47674	-75.9375
47675	-75.6144
47676	-75.3422
47677	-75.5294
47678	-75.7087
47679	-75.4721
47680	-75.4524
47681	-75.3834
47682	-75.7587
47683	-75.8554
47684	-75.2542
47685	-75.159
47686	-75.5017
47687	-76.2052
47688	-75.7607
47689	-75.1185
47690	-75.2869
47691	-75.8842
47692	-75.5766
47693	-75.071
47694	-74.9978
47695	-75.7043
47696	-75.5258
47697	-75.299
47698	-75.5446
47699	-75.636
47700	-75.7148
47701	-75.8195
47702	-76.0248
47703	-75.6792
47704	-75.4287
47705	-75.5804
47706	-75.5136
47707	-75.7818
47708	-75.4924
47709	-75.5029
47710	-75.792
47711	-75.5743
47712	-75.5089
47713	-75.3895
47714	-75.45
47715	-75.9943
47716	-75.5417
47717	-75.4738
47718	-75.5968
47719	-75.9896
47720	-75.9675
47721	-75.551
47722	-75.8023
47723	-75.6378
47724	-75.2859
47725	-76.0319
47726	-75.5047
47727	-75.7592
47728	-75.5849
47729	-76.0216
47730	-75.614
47731	-75.6695
47732	-75.706
47733	-75.5328
47734	-75.6279
47735	-75.4822
47736	-75.4591
47737	-75.5656
47738	-75.0317
47739	-75.3459
47740	-75.8992
47741	-76.0934
47742	-75.6128
47743	-75.5142
47744	-75.9811
47745	-75.3129
47746	-75.3856
47747	-75.3913
47748	-75.112
47749	-75.3684
47750	-75.7297
47751	-75.574
47752	-75.4059
47753	-75.7262
47754	-75.6677
47755	-75.9458
47756	-75.8426
47757	-75.883
47758	-76.049
47759	-75.5307
47760	-75.5438
47761	-75.6795
47762	-75.5789
47763	-75.6251
47764	-75.6972
47765	-75.3371
47766	-75.3379
47767	-75.7684
47768	-75.6925
47769	-75.6792
47770	-76.002
47771	-75.8835
47772	-76.083
47773	-75.4984
47774	-75.6567
47775	-75.743
47776	-75.9316
47777	-75.5329
47778	-75.1868
47779	-75.5972
47780	-76.1228
47781	-75.719
47782	-75.4636
47783	-75.5054
47784	-75.658
47785	-76.1913
47786	-75.7681
47787	-75.9131
47788	-75.3328
47789	-75.2063
47790	-75.4743
47791	-75.6747
47792	-75.7512
47793	-75.6262
47794	-75.1446
47795	-75.2015
47796	-75.3569
47797	-75.3725
47798	-75.9227
47799	-75.9841
47800	-75.6855
47801	-75.2995
47802	-75.1281
47803	-75.418
47804	-75.4733
47805	-75.1945
47806	-75.3734
47807	-75.6363
47808	-75.8144
47809	-75.3148
47810	-75.1577
47811	-75.4858
47812	-76.0528
47813	-75.7885
47814	-75.1239
47815	-75.4708
47816	-75.7959
47817	-75.7575
47818	-75.8461
47819	-75.7371
47820	-75.5006
47821	-75.4627
47822	-75.8607
47823	-75.8895
47824	-75.7063
47825	-75.7646
47826	-75.6268
47827	-75.5837
47828	-75.6027
47829	-75.4979
47830	-75.4859
47831	-75.4217
47832	-75.6791
47833	-75.5667
47834	-75.8657
47835	-75.7553
47836	-75.6615
47837	-75.3746
47838	-75.8329
47839	-75.613
47840	-75.5439
47841	-75.0693
47842	-75.2084
47843	-75.6968
47844	-75.8027
47845	-75.9182
47846	-76.0318
47847	-75.4959
47848	-75.7264
47849	-75.7925
47850	-75.7595
47851	-75.5933
47852	-76.0479
47853	-75.9953
47854	-75.55
47855	-75.8292
47856	-75.5893
47857	-75.4994
47858	-75.8338
47859	-75.6837
47860	-75.3129
47861	-75.8003
47862	-75.7732
47863	-75.7015
47864	-75.3215
47865	-75.6954
47866	-75.5156
47867	-75.9555
47868	-76.2048
47869	-75.6776
47870	-75.3135
47871	-75.5691
47872	-75.3187
47873	-75.2317
47874	-75.7825
47875	-75.9942
47876	-75.4476
47877	-75.1586
47878	-75.5573
47879	-76.1089
47880	-75.876
47881	-76.054
47882	-75.6658
47883	-75.5315
47884	-75.7113
47885	-75.5036
47886	-75.3311
47887	-75.6174
47888	-75.6143
47889	-75.1798
47890	-75.3924
47891	-75.2809
47892	-75.1966
47893	-75.1536
47894	-74.9046
47895	-75.3198
47896	-75.329
47897	-75.479
47898	-75.7947
47899	-75.4482
47900	-75.9655
47901	-75.5339
47902	-74.9732
47903	-74.9875
47904	-75.6328
47905	-75.6632
47906	-76.091
47907	-75.7099
47908	-75.7174
47909	-75.5716
47910	-75.8105
47911	-76.0668
47912	-75.5447
47913	-75.126
47914	-74.9956
47915	-75.5796
47916	-75.6972
47917	-75.7016
47918	-75.2536
47919	-75.9038
47920	-75.6906
47921	-75.9082
47922	-75.6017
47923	-75.5693
47924	-75.8697
47925	-75.8398
47926	-75.9596
47927	-75.8189
47928	-75.7481
47929	-75.3375
47930	-75.898
47931	-75.5987
47932	-75.4767
47933	-75.6363
47934	-75.235
47935	-75.6683
47936	-75.9663
47937	-76.0883
47938	-75.7229
47939	-75.5715
47940	-75.1515
47941	-75.3874
47942	-75.8703
47943	-75.3466
47944	-75.5996
47945	-75.1734
47946	-75.2272
47947	-75.375
47948	-75.5327
47949	-75.6283
47950	-75.7223
47951	-75.7433
47952	-75.6196
47953	-75.281
47954	-75.4059
47955	-75.3678
47956	-75.4213
47957	-75.6788
47958	-75.8394
47959	-75.3694
47960	-75.3961
47961	-75.6647
47962	-75.8752
47963	-75.4097
47964	-75.4421
47965	-75.8273
47966	-75.8813
47967	-75.5151
47968	-75.2089
47969	-75.1007
47970	-75.4545
47971	-75.5566
47972	-75.16
47973	-75.4707
47974	-75.383
47975	-75.3611
47976	-75.5162
47977	-75.5217
47978	-75.3523
47979	-75.6255
47980	-75.8023
47981	-74.9326
47982	-75.3733
47983	-75.4043
47984	-75.6046
47985	-75.634
47986	-75.4215
47987	-75.84
47988	-75.7484
47989	-76.0487
47990	-76.0245
47991	-75.5673
47992	-75.4525
47993	-75.6509
47994	-75.4374
47995	-75.4213
47996	-75.594
47997	-75.2573
47998	-75.7274
47999	-76.016
48000	-75.8974
48001	-76.0906
48002	-75.7896
48003	-75.8692
48004	-75.9276
48005	-75.802
48006	-75.5198
48007	-75.5038
48008	-75.6134
48009	-75.8418
48010	-75.8369
48011	-75.7379
48012	-75.6476
48013	-75.6167
48014	-75.36
48015	-75.7242
48016	-75.7913
48017	-75.6739
48018	-75.5876
48019	-75.52
48020	-75.702
48021	-75.5263
48022	-75.5305
48023	-75.7935
48024	-75.6435
48025	-75.4323
48026	-75.3626
48027	-75.4331
48028	-75.5615
48029	-75.732
48030	-75.2615
48031	-75.1322
48032	-75.0873
48033	-75.385
48034	-75.9212
48035	-75.7737
48036	-75.7167
48037	-75.3554
48038	-75.3108
48039	-75.9276
48040	-75.6709
48041	-75.9099
48042	-75.6963
48043	-75.607
48044	-75.9859
48045	-75.8537
48046	-75.6734
48047	-75.8487
48048	-75.5641
48049	-75.4358
48050	-75.7496
48051	-75.4716
48052	-75.5122
48053	-75.7418
48054	-75.5582
48055	-75.8644
48056	-75.6046
48057	-75.4967
48058	-75.6289
48059	-75.4259
48060	-75.6037
48061	-75.1101
48062	-75.9505
48063	-75.7272
48064	-75.7146
48065	-74.8596
48066	-75.0161
48067	-75.3527
48068	-75.3896
48069	-75.5654
48070	-75.7937
48071	-75.5451
48072	-75.3703
48073	-75.4007
48074	-75.8962
48075	-75.7245
48076	-75.7641
48077	-75.5837
48078	-75.2879
48079	-75.3603
48080	-75.4349
48081	-75.2117
48082	-75.7245
48083	-75.7736
48084	-75.4839
48085	-75.5706
48086	-75.7508
48087	-76.0856
48088	-75.6068
48089	-75.6992
48090	-75.4636
48091	-75.5729
48092	-75.4886
48093	-75.9357
48094	-75.908
48095	-75.346
48096	-75.3026
48097	-75.746
48098	-75.8811
48099	-75.7389
48100	-75.5716
48101	-75.2247
48102	-75.3173
48103	-75.6988
48104	-76.0051
48105	-75.6895
48106	-75.6511
48107	-75.8676
48108	-75.7016
48109	-75.5045
48110	-75.4024
48111	-75.5637
48112	-75.4648
48113	-75.6649
48114	-75.6385
48115	-75.5489
48116	-75.74
48117	-76.2172
48118	-76.0004
48119	-75.9314
48120	-75.7732
48121	-75.3391
48122	-75.2166
48123	-75.7878
48124	-75.3685
48125	-75.1391
48126	-75.5624
48127	-75.7656
48128	-75.7204
48129	-75.757
48130	-75.8593
48131	-75.8309
48132	-75.3795
48133	-75.6424
48134	-76.1491
48135	-76.0506
48136	-75.5896
48137	-76.0236
48138	-76.0134
48139	-75.7691
48140	-75.7003
48141	-75.8693
48142	-75.8319
48143	-75.4958
48144	-75.3949
48145	-75.5541
48146	-75.4503
48147	-75.4721
48148	-75.5004
48149	-75.433
48150	-75.3556
48151	-75.594
48152	-75.5548
48153	-75.3623
48154	-75.3061
48155	-75.5966
48156	-75.8734
48157	-75.6541
48158	-75.486
48159	-75.5026
48160	-75.4761
48161	-75.2717
48162	-75.4221
48163	-75.9615
48164	-75.8637
48165	-75.8552
48166	-75.5446
48167	-75.5518
48168	-75.5492
48169	-75.7514
48170	-75.3377
48171	-75.2476
48172	-75.6345
48173	-75.8152
48174	-75.55
48175	-75.4613
48176	-75.4093
48177	-76.1703
48178	-75.9139
48179	-75.7198
48180	-76.0186
48181	-76.4322
48182	-76.0165
48183	-75.7254
48184	-75.477
48185	-75.3905
48186	-75.9382
48187	-75.8553
48188	-75.8807
48189	-76.136
48190	-75.8933
48191	-75.6014
48192	-75.5098
48193	-75.6971
48194	-75.6392
48195	-75.5485
48196	-75.4807
48197	-75.4676
48198	-75.2247
48199	-75.6641
48200	-75.8121
48201	-75.3491
48202	-74.9459
48203	-75.6833
48204	-75.6073
48205	-75.6763
48206	-75.5447
48207	-75.5141
48208	-75.6791
48209	-75.817
48210	-76.0149
48211	-75.823
48212	-75.3725
48213	-75.4725
48214	-75.5536
48215	-75.2991
48216	-75.4989
48217	-75.5515
48218	-75.7541
48219	-75.6839
48220	-75.7173
48221	-75.7019
48222	-75.3531
48223	-75.4982
48224	-75.2333
48225	-75.4981
48226	-75.689
48227	-75.4842
48228	-75.7056
48229	-75.9675
48230	-75.9268
48231	-75.7823
48232	-75.6844
48233	-75.689
48234	-75.8278
48235	-75.9764
48236	-75.6595
48237	-75.288
48238	-75.8687
48239	-75.5469
48240	-75.4077
48241	-75.3537
48242	-74.977
48243	-75.5479
48244	-75.7034
48245	-75.6825
48246	-75.8357
48247	-75.8883
48248	-75.9399
48249	-75.7975
48250	-75.4839
48251	-75.4046
48252	-75.6832
48253	-75.3875
48254	-75.5053
48255	-75.7536
48256	-75.635
48257	-75.5088
48258	-75.57
48259	-75.4083
48260	-75.6033
48261	-75.6996
48262	-75.3072
48263	-75.0925
48264	-75.5044
48265	-75.7586
48266	-75.6175
48267	-75.8381
48268	-75.6195
48269	-75.795
48270	-75.1771
48271	-75.4092
48272	-75.6758
48273	-75.8397
48274	-75.8317
48275	-75.4301
48276	-75.2517
48277	-75.8005
48278	-75.9789
48279	-76.0967
48280	-75.6831
48281	-75.6464
48282	-75.6002
48283	-75.8211
48284	-75.7662
48285	-75.4777
48286	-75.6803
48287	-75.8174
48288	-75.6089
48289	-75.571
48290	-75.684
48291	-75.5684
48292	-75.6283
48293	-75.8811
48294	-75.736
48295	-75.511
48296	-75.389
48297	-75.8498
48298	-75.8022
48299	-75.8944
48300	-75.5548
48301	-75.419
48302	-75.6238
48303	-75.7193
48304	-75.6673
48305	-75.7015
48306	-75.6927
48307	-75.9804
48308	-75.5572
48309	-75.6562
48310	-75.5216
48311	-75.4675
48312	-75.6173
48313	-75.5294
48314	-75.6869
48315	-75.2997
48316	-75.4296
48317	-75.8226
48318	-75.7088
48319	-75.3987
48320	-75.4083
48321	-75.761
48322	-75.1635
48323	-75.2901
48324	-75.2732
48325	-75.5902
48326	-75.6694
48327	-75.7795
48328	-75.0628
48329	-75.3151
48330	-75.453
48331	-75.6079
48332	-75.4413
48333	-75.6015
48334	-75.3908
48335	-75.3055
48336	-75.2081
48337	-75.3432
48338	-75.7427
48339	-75.9195
48340	-75.6956
48341	-75.7203
48342	-76.0491
48343	-76.2979
48344	-75.3932
48345	-75.3842
48346	-75.6662
48347	-75.683
48348	-75.9081
48349	-75.9239
48350	-75.7852
48351	-76.0056
48352	-75.5924
48353	-75.5969
48354	-75.445
48355	-75.4101
48356	-75.6248
48357	-75.5842
48358	-75.691
48359	-75.4244
48360	-75.428
48361	-75.4143
48362	-75.649
48363	-76.0145
48364	-76.0781
48365	-75.8733
48366	-75.7852
48367	-75.6069
48368	-75.4723
48369	-75.3346
48370	-75.3976
48371	-75.4379
48372	-75.6291
48373	-75.2004
48374	-75.3826
48375	-75.4413
48376	-75.2121
48377	-75.3758
48378	-75.4113
48379	-75.5088
48380	-75.4746
48381	-75.8004
48382	-75.8054
48383	-75.6799
48384	-75.3603
48385	-75.408
48386	-75.3426
48387	-75.2827
48388	-75.6192
48389	-75.5898
48390	-75.9218
48391	-75.6207
48392	-75.646
48393	-75.7605
48394	-75.6442
48395	-75.2839
48396	-75.822
48397	-75.6115
48398	-75.6558
48399	-75.7916
48400	-75.7135
48401	-75.7366
48402	-75.5688
48403	-75.9471
48404	-75.8183
48405	-75.5322
48406	-75.5682
48407	-75.627
48408	-75.5743
48409	-75.6092
48410	-75.4475
48411	-75.2238
48412	-75.161
48413	-75.1058
48414	-75.4997
48415	-75.544
48416	-75.8748
48417	-75.6524
48418	-75.6423
48419	-75.4474
48420	-75.7066
48421	-75.4967
48422	-75.2481
48423	-75.4281
48424	-75.7433
48425	-75.5893
48426	-75.5462
48427	-76.2699
48428	-75.9701
48429	-75.6946
48430	-75.5192
48431	-75.3927
48432	-75.486
48433	-75.9228
48434	-75.9974
48435	-75.8697
48436	-75.5659
48437	-75.9137
48438	-76.004
48439	-75.645
48440	-75.9398
48441	-75.1127
48442	-75.699
48443	-76.0472
48444	-76.0184
48445	-75.673
48446	-75.4371
48447	-75.5532
48448	-75.7907
48449	-75.3799
48450	-75.5276
48451	-75.6157
48452	-75.8063
48453	-75.5895
48454	-75.5565
48455	-75.6147
48456	-75.6374
48457	-75.1534
48458	-75.1625
48459	-75.5418
48460	-75.6449
48461	-75.3507
48462	-75.3603
48463	-75.4809
48464	-75.7083
48465	-75.7673
48466	-75.104
48467	-75.2945
48468	-75.6878
48469	-75.8404
48470	-75.8673
48471	-75.8388
48472	-75.3657
48473	-75.4104
48474	-75.359
48475	-75.3091
48476	-75.511
48477	-75.4745
48478	-75.3642
48479	-75.1065
48480	-75.3511
48481	-75.6995
48482	-75.4712
48483	-75.657
48484	-75.5268
48485	-75.407
48486	-75.3983
48487	-75.4352
48488	-75.1396
48489	-75.1458
48490	-75.3671
48491	-75.4425
48492	-75.9335
48493	-75.7786
48494	-75.5264
48495	-75.5619
48496	-75.6259
48497	-75.7425
48498	-75.6651
48499	-75.5026
48500	-75.4454
48501	-75.8941
48502	-76.013
48503	-75.8226
48504	-75.2461
48505	-74.9524
48506	-75.2864
48507	-75.8892
48508	-76.0956
48509	-75.714
48510	-75.747
48511	-75.5552
48512	-75.6179
48513	-75.4973
48514	-75.4383
48515	-75.4992
48516	-75.4964
48517	-75.4716
48518	-75.8326
48519	-75.4776
48520	-75.5351
48521	-75.2389
48522	-75.1977
48523	-75.7513
48524	-76.008
48525	-75.8126
48526	-75.8231
48527	-75.3127
48528	-75.5777
48529	-75.7251
48530	-75.5269
48531	-75.6291
48532	-75.9327
48533	-75.7134
48534	-75.6491
48535	-75.505
48536	-75.5668
48537	-75.3935
48538	-75.4075
48539	-75.6022
48540	-75.8529
48541	-75.9745
48542	-75.5079
48543	-75.5618
48544	-75.3368
48545	-75.4375
48546	-75.4151
48547	-75.6018
48548	-75.4145
48549	-75.4753
48550	-75.7137
48551	-75.2718
48552	-75.386
48553	-75.5575
48554	-75.8249
48555	-75.6095
48556	-75.1568
48557	-75.2492
48558	-75.3582
48559	-75.2701
48560	-75.4085
48561	-75.5304
48562	-75.8291
48563	-75.4602
48564	-75.5334
48565	-75.4077
48566	-75.652
48567	-75.8444
48568	-75.9247
48569	-75.6939
48570	-76.1452
48571	-76.0909
48572	-75.66
48573	-75.2647
48574	-75.2159
48575	-75.6715
48576	-75.7865
48577	-75.3787
48578	-75.2489
48579	-75.4504
48580	-75.4732
48581	-75.6569
48582	-75.853
48583	-75.4385
48584	-75.5014
48585	-75.7256
48586	-75.9425
48587	-75.8085
48588	-75.8942
48589	-75.6489
48590	-75.3541
48591	-75.3495
48592	-75.256
48593	-75.2942
48594	-75.352
48595	-75.5913
48596	-75.6055
48597	-76.0773
48598	-75.9795
48599	-75.5528
48600	-75.8194
48601	-75.6868
48602	-75.7676
48603	-75.6682
48604	-75.6302
48605	-75.4648
48606	-75.4539
48607	-75.614
48608	-75.3505
48609	-75.2463
48610	-75.7336
48611	-75.442
48612	-75.3495
48613	-75.064
48614	-75.2617
48615	-75.4883
48616	-75.3746
48617	-75.6412
48618	-75.5009
48619	-75.0697
48620	-75.1224
48621	-75.3328
48622	-75.6741
48623	-75.349
48624	-75.7048
48625	-75.4166
48626	-75.6704
48627	-75.4589
48628	-75.0353
48629	-75.5629
48630	-75.9835
48631	-75.2686
48632	-75.2924
48633	-75.2596
48634	-75.0699
48635	-75.4393
48636	-75.5413
48637	-75.309
48638	-75.3249
48639	-75.8534
48640	-75.666
48641	-76.1264
48642	-76.1421
48643	-75.9133
48644	-75.7986
48645	-75.6054
48646	-75.8567
48647	-75.7719
48648	-75.7523
48649	-75.6756
48650	-75.6959
48651	-75.3554
48652	-75.9631
48653	-75.9206
48654	-75.8324
48655	-75.8329
48656	-75.7708
48657	-75.844
48658	-75.5709
48659	-75.8876
48660	-75.7736
48661	-75.6609
48662	-75.3131
48663	-75.2172
48664	-75.1638
48665	-75.5806
48666	-75.3841
48667	-75.4377
48668	-75.8035
48669	-75.9165
48670	-76.0012
48671	-75.5722
48672	-75.3998
48673	-75.2809
48674	-75.5471
48675	-75.8368
48676	-75.8014
48677	-76.0571
48678	-75.9861
48679	-76
48680	-76.0028
48681	-75.8786
48682	-75.7432
48683	-75.5959
48684	-75.6038
48685	-75.7504
48686	-75.8416
48687	-75.9406
48688	-75.9125
48689	-75.9191
48690	-75.423
48691	-75.4645
48692	-75.5814
48693	-75.2234
48694	-74.9977
48695	-75.5257
48696	-75.8661
48697	-75.5306
48698	-75.986
48699	-76.1176
48700	-75.5887
48701	-75.5718
48702	-75.6926
48703	-75.8174
48704	-75.6961
48705	-76.049
48706	-75.7436
48707	-75.4942
48708	-75.7992
48709	-75.6214
48710	-75.524
48711	-75.636
48712	-75.678
48713	-75.5267
48714	-75.5427
48715	-75.3947
48716	-75.7339
48717	-75.8372
48718	-75.5583
48719	-75.4812
48720	-75.52
48721	-75.4747
48722	-75.2542
48723	-75.8307
48724	-75.9255
48725	-75.8352
48726	-75.5835
48727	-75.7706
48728	-75.1313
48729	-75.873
48730	-75.5472
48731	-75.3054
48732	-74.9505
48733	-75.4521
48734	-75.537
48735	-75.8911
48736	-76.0486
48737	-75.7883
48738	-75.094
48739	-75.4039
48740	-76.228
48741	-76.2921
48742	-75.4611
48743	-75.3984
48744	-75.4709
48745	-75.907
48746	-75.6208
48747	-75.4726
48748	-75.2089
48749	-75.1436
48750	-75.5979
48751	-75.641
48752	-75.5256
48753	-75.8128
48754	-75.8963
48755	-75.8314
48756	-75.6022
48757	-75.2506
48758	-75.365
48759	-75.643
48760	-75.8371
48761	-75.8244
48762	-75.6598
48763	-75.9344
48764	-75.3496
48765	-75.1085
48766	-75.0931
48767	-75.5668
48768	-75.63
48769	-75.4302
48770	-75.5565
48771	-75.8902
48772	-75.6369
48773	-75.5555
48774	-75.9046
48775	-75.3496
48776	-75.1931
48777	-75.3913
48778	-75.5269
48779	-75.4295
48780	-75.1215
48781	-75.383
48782	-75.6635
48783	-75.3978
48784	-75.5048
48785	-75.3859
48786	-75.3693
48787	-75.8789
48788	-75.7702
48789	-75.7285
48790	-75.682
48791	-75.4241
48792	-75.3249
48793	-75.4527
48794	-75.4633
48795	-75.3208
48796	-75.3452
48797	-75.3725
48798	-75.5519
48799	-75.4687
48800	-75.493
48801	-75.4588
48802	-75.3861
48803	-75.5547
48804	-75.9667
48805	-75.5979
48806	-75.8561
48807	-75.3808
48808	-75.0973
48809	-75.3676
48810	-75.2456
48811	-75.5802
48812	-75.8169
48813	-75.5666
48814	-75.7371
48815	-75.701
48816	-75.8073
48817	-75.7527
48818	-75.3745
48819	-75.2486
48820	-75.7593
48821	-76.0711
48822	-75.6636
48823	-75.4548
48824	-75.4876
48825	-75.3517
48826	-76.0079
48827	-75.8765
48828	-75.3246
48829	-75.4162
48830	-75.5113
48831	-75.5589
48832	-75.7315
48833	-76.0308
48834	-75.6788
48835	-75.2949
48836	-75.5486
48837	-76.0362
48838	-75.958
48839	-75.7369
48840	-75.5115
48841	-75.8936
48842	-75.5532
48843	-75.8357
48844	-75.3926
48845	-74.9614
48846	-74.9601
48847	-75.4996
48848	-75.5144
48849	-76.1903
48850	-75.6219
48851	-75.9309
48852	-75.5194
48853	-75.4607
48854	-75.5994
48855	-75.4397
48856	-75.1784
48857	-75.2183
48858	-76.1724
48859	-75.9171
48860	-75.6036
48861	-74.9415
48862	-75.0912
48863	-75.5788
48864	-75.4523
48865	-75.4171
48866	-75.4471
48867	-75.5821
48868	-75.2819
48869	-75.0853
48870	-75.3539
48871	-75.4909
48872	-75.849
48873	-75.7872
48874	-76.0089
48875	-75.8421
48876	-76.0812
48877	-75.5545
48878	-75.4681
48879	-75.2987
48880	-75.5192
48881	-75.2919
48882	-75.58
48883	-75.8338
48884	-75.7832
48885	-75.898
48886	-75.6598
48887	-75.6823
48888	-75.46
48889	-75.3872
48890	-75.4705
48891	-75.3408
48892	-75.6602
48893	-75.7464
48894	-75.7439
48895	-75.4819
48896	-75.4786
48897	-75.5035
48898	-75.5577
48899	-75.9148
48900	-75.7854
48901	-75.7556
48902	-75.4776
48903	-75.535
48904	-75.8741
48905	-75.693
48906	-76.0113
48907	-75.7305
48908	-75.5841
48909	-75.8528
48910	-75.1869
48911	-74.9323
48912	-75.4838
48913	-75.6664
48914	-75.8817
48915	-75.6354
48916	-75.901
48917	-75.5143
48918	-75.4365
48919	-75.7967
48920	-75.5895
48921	-75.3822
48922	-75.7218
48923	-75.8332
48924	-75.2451
48925	-75.3348
48926	-75.0379
48927	-75.0678
48928	-75.3137
48929	-75.3128
48930	-74.8449
48931	-75.0436
48932	-75.308
48933	-75.1435
48934	-75.0023
48935	-74.7681
48936	-74.5949
48937	-74.4806
48938	-74.3977
48939	-74.2653
48940	-74.0343
48941	-74.2837
48942	-73.6867
48943	-73.806
48944	-73.9946
48945	-73.9095
48946	-73.8044
48947	-73.3938
48948	-73.8542
48949	-73.7836
48950	-73.2671
48951	-74.149
48952	-74.3651
48953	-74.352
48954	-74.6354
48955	-74.8106
48956	-74.7071
48957	-74.5819
48958	-74.9153
48959	-75.3076
48960	-75.229
48961	-74.978
48962	-75.1151
48963	-75.0148
48964	-74.9486
48965	-74.9395
48966	-74.8799
48967	-75.5195
48968	-75.0808
48969	-74.9802
48970	-74.6678
48971	-74.6495
48972	-74.4916
48973	-74.7063
48974	-74.5333
48975	-74.7345
48976	-74.4518
48977	-74.5279
48978	-74.3441
48979	-74.3797
48980	-74.3879
48981	-74.1718
48982	-74.2014
48983	-73.9831
48984	-73.5871
48985	-73.3332
48986	-73.6624
48987	-73.8
48988	-73.277
48989	-73.1295
48990	-72.9103
48991	-73.0061
48992	-72.9843
48993	-72.5703
48994	-72.2006
48995	-72.428
48996	-71.7351
48997	-71.9391
48998	-71.7649
48999	-71.4919
49000	-71.4194
49001	-71.2256
49002	-71.0032
49003	-70.8775
49004	-70.5399
49005	-70.0992
49006	-70.0846
49007	-69.6016
49008	-69.3081
49009	-69.3529
49010	-68.8892
49011	-68.5346
49012	-68.6306
49013	-67.8204
49014	-67.6442
49015	-67.7131
49016	-67.3005
49017	-67.1614
49018	-66.8322
49019	-66.697
49020	-66.2374
49021	-65.9928
49022	-65.9041
49023	-65.3799
49024	-64.8924
49025	-64.6995
49026	-64.6486
49027	-64.8829
49028	-64.5707
49029	-64.5138
49030	-63.5338
49031	-64.2982
49032	-63.981
49033	-63.3112
49034	-62.921
49035	-63.1462
49036	-63.023
49037	-63.1952
49038	-62.3572
49039	-62.3434
49040	-62.8098
49041	-62.7352
49042	-62.0985
49043	-62.0645
49044	-62.4179
49045	-62.194
49046	-62.5928
49047	-62.3567
49048	-62.5912
49049	-62.6463
49050	-62.5146
49051	-63.2165
49052	-63.3104
49053	-63.4114
49054	-63.8395
49055	-64.1341
49056	-64.452
49057	-64.704
49058	-65.0417
49059	-65.4056
49060	-65.8983
49061	-65.7104
49062	-66.3071
49063	-66.4636
49064	-67.2488
49065	-67.6625
49066	-67.7061
49067	-67.6859
49068	-67.9284
49069	-68.6473
49070	-68.8243
49071	-68.9487
49072	-69.4533
49073	-69.3833
49074	-69.9627
49075	-70.4565
49076	-70.2592
49077	-70.4284
49078	-70.4807
49079	-69.9257
49080	-69.7009
49081	-69.7008
49082	-69.3306
49083	-69.3067
49084	-68.9561
49085	-68.4258
49086	-67.675
49087	-67.0458
49088	-66.3962
49089	-65.7155
49090	-64.8972
49091	-63.9938
49092	-63.1052
49093	-62.3491
49094	-61.7912
49095	-61.2063
49096	-60.6617
49097	-60.447
49098	-60.2872
49099	-60.1558
49100	-60.4664
49101	-61.1295
49102	-61.9718
49103	-63.106
49104	-64.3421
49105	-65.8288
49106	-66.9153
49107	-67.3837
49108	-68.7518
49109	-69.8472
49110	-70.4763
49111	-71.4394
49112	-72.1622
49113	-71.9227
49114	-72.5294
49115	-73.0798
49116	-73.544
49117	-73.6321
49118	-73.8271
49119	-74.1451
49120	-73.9647
49121	-74.0663
49122	-74.3154
49123	-74.3901
49124	-74.4515
49125	-74.7279
49126	-74.8927
49127	-75.0145
49128	-74.8819
49129	-75.1767
49130	-75.203
49131	-74.9603
49132	-74.8169
49133	-74.5697
49134	-74.5612
49135	-74.9702
49136	-75.4837
49137	-74.9193
49138	-75.2947
49139	-75.1385
49140	-75.2691
49141	-75.5238
49142	-75.3897
49143	-75.6516
49144	-75.224
49145	-74.8403
49146	-75.3026
49147	-74.9253
49148	-75.0482
49149	-75.5713
49150	-75.7681
49151	-75.3162
49152	-75.4472
49153	-75.2605
49154	-75.0557
49155	-75.0294
49156	-75.1773
49157	-75.0595
49158	-74.7727
49159	-74.7715
49160	-74.8529
49161	-75.1704
49162	-75.0048
49163	-75.0254
49164	-74.615
49165	-74.5065
49166	-74.4012
49167	-74.2358
49168	-74.1415
49169	-74.2727
49170	-74.0869
49171	-73.9241
49172	-73.4823
49173	-73.2551
49174	-73.6113
49175	-73.3875
49176	-73.1671
49177	-73.2879
49178	-73.8674
49179	-74.0112
49180	-74.5567
49181	-74.3738
49182	-74.633
49183	-74.8697
49184	-74.8441
49185	-74.862
49186	-75.3173
49187	-75.6275
49188	-75.4049
49189	-75.5658
49190	-75.5965
49191	-75.7731
49192	-75.3783
49193	-75.0488
49194	-75.4549
49195	-75.446
49196	-75.258
49197	-75.2638
49198	-75.301
49199	-75.8523
49200	-75.8615
49201	-75.6865
49202	-75.8232
49203	-75.4064
49204	-75.6549
49205	-75.5958
49206	-75.4553
49207	-75.2422
49208	-75.4275
49209	-75.4346
49210	-75.395
49211	-75.2551
49212	-75.5367
49213	-75.5972
49214	-75.22
49215	-75.3648
49216	-75.6113
49217	-75.1921
49218	-75.043
49219	-75.5794
49220	-75.4261
49221	-75.3004
49222	-75.2413
49223	-75.5613
49224	-75.6502
49225	-75.303
49226	-75.4469
49227	-75.6537
49228	-75.6437
49229	-75.7634
49230	-75.5499
49231	-75.3783
49232	-75.3879
49233	-74.8947
49234	-74.6507
49235	-74.8854
49236	-74.7545
49237	-74.7626
49238	-74.6523
49239	-74.3171
49240	-74.427
49241	-74.1228
49242	-73.791
49243	-73.7522
49244	-73.2523
49245	-73.2532
49246	-72.7475
49247	-72.3217
49248	-72.6187
49249	-73.1385
49250	-72.3218
49251	-72.305
49252	-72.4861
49253	-72.5493
49254	-73.1857
49255	-73.6981
49256	-73.8415
49257	-74.3673
49258	-74.3502
49259	-74.5694
49260	-74.5969
49261	-74.9941
49262	-75.6129
49263	-75.6076
49264	-75.5022
49265	-75.5505
49266	-75.2464
49267	-75.1943
49268	-75.0521
49269	-75.4392
49270	-75.8389
49271	-75.3663
49272	-75.5971
49273	-75.4853
49274	-75.8281
49275	-75.3863
49276	-75.4162
49277	-75.2879
49278	-75.7641
49279	-75.5915
49280	-75.4361
49281	-75.3751
49282	-75.6328
49283	-76.0859
49284	-75.6917
49285	-75.3284
49286	-75.5816
49287	-75.3519
49288	-75.2455
49289	-75.6522
49290	-75.3766
49291	-75.7389
49292	-75.6484
49293	-75.7982
49294	-75.6155
49295	-75.4396
49296	-75.2021
49297	-75.4917
49298	-75.737
49299	-75.4774
49300	-75.5048
49301	-75.3763
49302	-75.6058
49303	-75.3901
49304	-75.623
49305	-75.1195
49306	-75.4795
49307	-76.0193
49308	-75.6567
49309	-75.4598
49310	-75.5926
49311	-75.8486
49312	-76.0102
49313	-75.502
49314	-75.5073
49315	-75.5084
49316	-75.4937
49317	-75.2809
49318	-75.1313
49319	-75.3892
49320	-75.0466
49321	-75.4764
49322	-74.7962
49323	-75.2868
49324	-75.4436
49325	-74.7637
49326	-75.3572
49327	-75.0886
49328	-75.1465
49329	-75.1285
49330	-74.7711
49331	-75.3097
49332	-75.8793
49333	-75.5607
49334	-75.4562
49335	-75.7373
49336	-75.1923
49337	-75.2318
49338	-75.8633
49339	-75.9878
49340	-75.4005
49341	-75.5997
49342	-75.694
49343	-75.3814
49344	-75.6115
49345	-75.7528
49346	-75.21
49347	-75.2704
49348	-75.3188
49349	-75.2698
49350	-75.5337
49351	-75.5481
49352	-75.7833
49353	-75.7777
49354	-75.4673
49355	-75.7364
49356	-75.4965
49357	-75.5822
49358	-75.7089
49359	-76.0231
49360	-75.9564
49361	-75.6904
49362	-75.6315
49363	-75.5484
49364	-75.8039
49365	-75.3878
49366	-75.3691
49367	-75.4908
49368	-75.3569
49369	-75.5588
49370	-75.9199
49371	-75.5346
49372	-75.6271
49373	-75.367
49374	-75.373
49375	-75.6524
49376	-75.9168
49377	-75.9486
49378	-75.5581
49379	-75.4149
49380	-75.3515
49381	-75.4048
49382	-75.5286
49383	-75.5742
49384	-75.2823
49385	-75.2013
49386	-75.3917
49387	-75.4899
49388	-75.5587
49389	-75.3404
49390	-75.4375
49391	-75.3922
49392	-75.4625
49393	-75.3538
49394	-75.4833
49395	-75.5579
49396	-75.1964
49397	-75.3504
49398	-75.1633
49399	-75.2542
49400	-75.131
49401	-74.8207
49402	-75.1453
49403	-75.4147
49404	-75.4056
49405	-75.3816
49406	-75.6849
49407	-75.6892
49408	-75.5433
49409	-75.1192
49410	-75.0822
49411	-75.5858
49412	-75.3146
49413	-75.4642
49414	-75.4839
49415	-75.3422
49416	-75.0454
49417	-75.0619
49418	-75.2594
49419	-75.7752
49420	-75.4761
49421	-75.4354
49422	-75.6599
49423	-75.6646
49424	-75.9651
49425	-76.0989
49426	-75.8973
49427	-75.8735
49428	-75.4684
49429	-75.6374
49430	-75.2711
49431	-75.5047
49432	-75.8545
49433	-75.7404
49434	-75.7677
49435	-75.5109
49436	-75.2382
49437	-75.6076
49438	-75.6655
49439	-75.4211
49440	-75.2209
49441	-75.397
49442	-75.6819
49443	-75.3818
49444	-75.7785
49445	-75.7021
49446	-76.0861
49447	-75.8445
49448	-75.3152
49449	-75.7155
49450	-75.5378
49451	-75.3242
49452	-75.5536
49453	-75.9368
49454	-75.53
49455	-75.0433
49456	-75.2949
49457	-75.2658
49458	-75.4281
49459	-75.6833
49460	-76.0771
49461	-75.717
49462	-75.8286
49463	-75.7038
49464	-75.4362
49465	-75.3329
49466	-75.692
49467	-75.7605
49468	-75.5501
49469	-75.7595
49470	-75.4359
49471	-75.3144
49472	-75.3644
49473	-74.9086
49474	-75.0479
49475	-75.6788
49476	-75.7307
49477	-75.6354
49478	-75.2848
49479	-75.1494
49480	-75.1007
49481	-75.0504
49482	-75.6226
49483	-75.5163
49484	-75.823
49485	-75.697
49486	-75.4279
49487	-75.8172
49488	-75.6645
49489	-75.7159
49490	-75.3829
49491	-75.4829
49492	-75.1046
49493	-75.3297
49494	-75.582
49495	-75.5571
49496	-75.779
49497	-75.5368
49498	-75.5988
49499	-75.4124
49500	-75.9136
49501	-75.706
49502	-75.5687
49503	-75.4193
49504	-75.7759
49505	-75.8578
49506	-75.4366
49507	-76.0287
49508	-76.3005
49509	-76.0203
49510	-75.7627
49511	-75.8371
49512	-75.6892
49513	-75.7888
49514	-75.7994
49515	-75.4227
49516	-75.6676
49517	-75.6791
49518	-75.6492
49519	-75.5568
49520	-75.4297
49521	-75.2954
49522	-75.1863
49523	-75.6323
49524	-75.3949
49525	-75.1794
49526	-75.6238
49527	-75.6679
49528	-75.6267
49529	-75.242
49530	-75.2837
49531	-75.5528
49532	-75.5555
49533	-75.7849
49534	-75.4258
49535	-75.5048
49536	-75.2636
49537	-75.2353
49538	-75.3467
49539	-76.0247
49540	-76.2161
49541	-75.9598
49542	-75.5827
49543	-75.565
49544	-75.6602
49545	-76.0084
49546	-75.6092
49547	-75.1943
49548	-75.4151
49549	-75.4749
49550	-75.7631
49551	-75.7352
49552	-75.271
49553	-75.0372
49554	-75.0689
49555	-75.4326
49556	-75.7088
49557	-75.7581
49558	-75.3917
49559	-75.4278
49560	-75.7088
49561	-75.88
49562	-75.7132
49563	-75.8585
49564	-75.4505
49565	-75.4042
49566	-75.9349
49567	-76.3004
49568	-76.2325
49569	-75.8771
49570	-75.2887
49571	-75.3062
49572	-75.7378
49573	-76.0198
49574	-75.5409
49575	-75.587
49576	-75.353
49577	-75.264
49578	-74.9203
49579	-75.4272
49580	-75.5278
49581	-75.4159
49582	-75.1333
49583	-75.6808
49584	-75.7579
49585	-75.5451
49586	-75.3626
49587	-75.416
49588	-75.3937
49589	-75.6822
49590	-75.3522
49591	-75.7421
49592	-75.8213
49593	-75.7741
49594	-75.527
49595	-75.253
49596	-75.4486
49597	-75.6872
49598	-75.5193
49599	-75.3918
49600	-75.891
49601	-75.8303
49602	-75.6194
49603	-75.8167
49604	-75.8407
49605	-75.6688
49606	-75.4578
49607	-75.3218
49608	-75.4794
49609	-75.5626
49610	-75.6321
49611	-75.6424
49612	-75.9162
49613	-75.8225
49614	-76.0171
49615	-75.8077
49616	-75.8377
49617	-75.5963
49618	-75.4821
49619	-75.5214
49620	-75.6187
49621	-75.2716
49622	-75.5253
49623	-75.7887
49624	-75.8098
49625	-75.6426
49626	-75.581
49627	-75.5068
49628	-75.7839
49629	-76.3489
49630	-75.3857
49631	-75.3127
49632	-75.2302
49633	-75.5885
49634	-75.3758
49635	-75.3049
49636	-75.8344
49637	-75.3996
49638	-75.5371
49639	-75.4292
49640	-75.3913
49641	-75.6913
49642	-75.805
49643	-75.9136
49644	-75.3153
49645	-75.3451
49646	-75.7016
49647	-75.7269
49648	-75.8034
49649	-75.6534
49650	-75.7714
49651	-75.7795
49652	-75.8086
49653	-75.4258
49654	-75.3064
49655	-75.424
49656	-75.3134
49657	-75.157
49658	-75.8538
49659	-75.6849
49660	-75.4158
49661	-76.0096
49662	-75.9197
49663	-75.8047
49664	-75.6633
49665	-76.0962
49666	-75.7648
49667	-75.4464
49668	-75.5842
49669	-75.719
49670	-75.6589
49671	-75.4889
49672	-75.6143
49673	-76.0188
49674	-75.8306
49675	-75.5554
49676	-75.7218
49677	-75.563
49678	-75.4482
49679	-75.4855
49680	-75.5288
49681	-75.5895
49682	-75.8107
49683	-75.9048
49684	-75.6113
49685	-75.1937
49686	-75.4138
49687	-75.8228
49688	-75.7552
49689	-75.4721
49690	-75.4875
49691	-75.4936
49692	-75.5039
49693	-75.4907
49694	-75.2781
49695	-75.0875
49696	-75.364
49697	-75.5853
49698	-75.8526
49699	-75.8866
49700	-75.22
49701	-75.0341
49702	-75.3459
49703	-75.7931
49704	-75.9208
49705	-76.3512
49706	-75.7324
49707	-75.6603
49708	-75.833
49709	-76.2531
49710	-76.0795
49711	-76.1618
49712	-75.7114
49713	-75.2763
49714	-75.7393
49715	-75.9327
49716	-75.4918
49717	-75.3979
49718	-75.6189
49719	-75.7923
49720	-75.3996
49721	-75.8638
49722	-75.7742
49723	-75.4496
49724	-75.6323
49725	-75.4721
49726	-75.5804
49727	-75.7926
49728	-75.5774
49729	-75.4949
49730	-75.5443
49731	-75.9962
49732	-75.5491
49733	-75.431
49734	-75.2768
49735	-75.5489
49736	-75.3925
49737	-75.4802
49738	-75.5299
49739	-75.4444
49740	-75.2774
49741	-75.2333
49742	-75.4634
49743	-75.641
49744	-75.8732
49745	-75.2778
49746	-75.4316
49747	-75.7572
49748	-75.5139
49749	-75.2497
49750	-75.1762
49751	-75.4263
49752	-75.8941
49753	-75.6269
49754	-75.5584
49755	-75.5669
49756	-75.4535
49757	-75.4316
49758	-75.7752
49759	-75.4544
49760	-75.4639
49761	-75.5764
49762	-75.3404
49763	-75.4362
49764	-75.4622
49765	-75.696
49766	-75.4941
49767	-75.7261
49768	-75.5878
49769	-75.5244
49770	-75.789
49771	-75.3364
49772	-75.3256
49773	-75.3251
49774	-75.4036
49775	-75.3209
49776	-75.4536
49777	-75.5659
49778	-75.887
49779	-75.9452
49780	-75.9857
49781	-76.1275
49782	-75.7279
49783	-75.5966
49784	-75.4111
49785	-75.4846
49786	-75.7146
49787	-75.9286
49788	-75.4719
49789	-75.0839
49790	-75.2492
49791	-75.5859
49792	-75.5381
49793	-75.2215
49794	-75.6323
49795	-75.7661
49796	-75.7
49797	-75.5852
49798	-75.2856
49799	-75.4786
49800	-75.3269
49801	-75.2344
49802	-75.7684
49803	-75.7443
49804	-75.5369
49805	-76.18
49806	-75.5703
49807	-75.5581
49808	-75.7161
49809	-75.5593
49810	-75.3933
49811	-75.9412
49812	-76.1036
49813	-75.9173
49814	-75.8382
49815	-75.9389
49816	-75.9426
49817	-75.815
49818	-75.4075
49819	-75.4713
49820	-75.1338
49821	-75.3226
49822	-75.7119
49823	-75.6636
49824	-75.0351
49825	-75.4117
49826	-75.5502
49827	-75.6454
49828	-75.4706
49829	-75.2916
49830	-75.4747
49831	-75.7371
49832	-75.6574
49833	-75.925
49834	-75.4054
49835	-75.2414
49836	-75.5762
49837	-75.3983
49838	-75.7632
49839	-75.9646
49840	-75.791
49841	-75.6389
49842	-75.7578
49843	-75.6254
49844	-75.3914
49845	-75.2616
49846	-75.1851
49847	-74.9576
49848	-75.3765
49849	-75.9759
49850	-76.2096
49851	-75.5212
49852	-75.4352
49853	-75.5053
49854	-75.7157
49855	-75.8273
49856	-75.5188
49857	-75.6073
49858	-75.5988
49859	-75.6868
49860	-75.4218
49861	-75.4409
49862	-75.4706
49863	-75.799
49864	-75.6834
49865	-75.6419
49866	-75.4354
49867	-75.4652
49868	-75.3105
49869	-75.4937
49870	-75.6344
49871	-75.9137
49872	-75.6408
49873	-75.2405
49874	-75.7355
49875	-76.049
49876	-75.7935
49877	-75.8333
49878	-75.6113
49879	-75.3987
49880	-75.3194
49881	-75.8107
49882	-75.4195
49883	-75.367
49884	-75.4926
49885	-76.1667
49886	-76.0608
49887	-75.9259
49888	-75.3522
49889	-75.4493
49890	-75.7461
49891	-75.6162
49892	-75.6925
49893	-75.625
49894	-75.3691
49895	-75.4183
49896	-75.84
49897	-75.6029
49898	-75.4556
49899	-75.8357
49900	-75.755
49901	-75.5412
49902	-75.7021
49903	-75.4114
49904	-75.8277
49905	-75.4692
49906	-75.1398
49907	-75.5138
49908	-75.4667
49909	-74.9515
49910	-75.2084
49911	-75.5379
49912	-75.4092
49913	-75.718
49914	-75.3621
49915	-75.2488
49916	-75.4663
49917	-75.973
49918	-75.5281
49919	-75.639
49920	-75.8417
49921	-75.2729
49922	-75.1492
49923	-75.5325
49924	-75.9497
49925	-75.7503
49926	-75.6381
49927	-75.6267
49928	-75.5671
49929	-75.4884
49930	-75.7801
49931	-75.4891
49932	-75.3354
49933	-75.224
49934	-75.7084
49935	-75.6955
49936	-75.7519
49937	-75.3332
49938	-75.5205
49939	-75.4551
49940	-75.4525
49941	-75.4408
49942	-75.5429
49943	-75.2491
49944	-75.5535
49945	-75.761
49946	-75.8248
49947	-75.6546
49948	-75.4356
49949	-75.851
49950	-75.6074
49951	-75.8444
49952	-75.4841
49953	-75.4351
49954	-75.3997
49955	-75.4684
49956	-75.8406
49957	-75.9726
49958	-75.8748
49959	-75.9223
49960	-75.5496
49961	-75.4175
49962	-75.7257
49963	-75.7302
49964	-75.5104
49965	-75.3589
49966	-75.3468
49967	-75.6969
49968	-75.8335
49969	-75.2886
49970	-75.3661
49971	-75.5097
49972	-75.7651
49973	-76.2133
49974	-76.0634
49975	-76.0898
49976	-75.8393
49977	-75.7509
49978	-75.7192
49979	-75.9969
49980	-75.817
49981	-75.5925
49982	-75.7268
49983	-75.5876
49984	-75.3574
49985	-75.8951
49986	-75.8085
49987	-75.6049
49988	-75.4606
49989	-75.6881
49990	-75.8813
49991	-75.5031
49992	-75.64
49993	-75.9643
49994	-75.9746
49995	-76.0663
49996	-75.2893
49997	-75.2008
49998	-75.2902
49999	-75.4697
