0	-26.9666
1	-28.5626
2	-44.3375
3	-63.9913
4	-64.4541
5	-63.7545
6	-64.6264
7	-66.1381
8	-67.9158
9	-69.0356
10	-70.0593
11	-70.9439
12	-71.7266
13	-72.1646
14	-72.4127
15	-72.6299
16	-74.2422
17	-72.6739
18	-72.9969
19	-73.2555
20	-72.1837
21	-71.4356
22	-69.8871
23	-70.4502
24	-70.9778
25	-71.9583
26	-70.9292
27	-68.5765
28	-65.4895
29	-66.2681
30	-69.2182
31	-71.8792
32	-72.8636
33	-73.3897
34	-72.7615
35	-73.064
36	-74.1123
37	-72.2743
38	-71.9954
39	-71.3786
40	-70.9356
41	-70.7278
42	-70.825
43	-70.465
44	-69.2387
45	-68.978
46	-68.4825
47	-69.3282
48	-67.556
49	-66.5347
50	-65.7717
51	-65.618
52	-66.297
53	-67.9639
54	-68.8327
55	-69.4873
56	-69.9131
57	-70.5015
58	-69.451
59	-68.5902
60	-65.5615
61	-62.3451
62	-62.8098
63	-66.5476
64	-68.7928
65	-69.4325
66	-69.1858
67	-67.9763
68	-67.2172
69	-63.9417
70	-58.8293
71	-52.986
72	-52.5115
73	-58.8796
74	-61.9556
75	-64.1801
76	-65.2731
77	-65.2808
78	-66.3018
79	-67.2834
80	-68.5608
81	-68.484
82	-67.14
83	-67.6135
84	-70.1408
85	-71.537
86	-72.0341
87	-72.3991
88	-71.739
89	-72.6122
90	-71.9761
91	-71.5195
92	-71.3524
93	-70.4526
94	-69.3803
95	-68.3881
96	-68.1243
97	-69.2217
98	-69.9445
99	-70.0215
100	-70.7467
101	-71.2766
102	-71.6603
103	-71.8248
104	-70.8105
105	-71.3137
106	-71.4309
107	-71.0942
108	-70.558
109	-70.0639
110	-68.0684
111	-66.5722
112	-65.999
113	-66.2701
114	-65.3691
115	-63.5644
116	-63.3455
117	-61.5438
118	-59.6013
119	-52.417
120	-42.8325
121	-33.0823
122	-31.9331
123	-39.3039
124	-48.6589
125	-55.0328
126	-57.5049
127	-58.0314
128	-57.2445
129	-60.3131
130	-63.7946
131	-65.7814
132	-67.3611
133	-67.8874
134	-69.2203
135	-70.5523
136	-70.5652
137	-70.3553
138	-70.4233
139	-70.4783
140	-70.1779
141	-71.1109
142	-72.5949
143	-71.9889
144	-72.1596
145	-71.8309
146	-72.0622
147	-72.0752
148	-71.2147
149	-70.0343
150	-69.6611
151	-70.506
152	-71.905
153	-72.55
154	-73.1677
155	-72.7619
156	-71.8304
157	-72.454
158	-72.689
159	-72.5548
160	-69.0374
161	-65.7073
162	-66.5302
163	-68.8497
164	-69.2321
165	-69.3719
166	-69.465
167	-68.818
168	-67.7227
169	-64.3453
170	-58.8272
171	-53.4646
172	-52.6724
173	-58.5275
174	-62.1661
175	-64.7152
176	-65.5956
177	-66.3189
178	-66.2299
179	-67.4366
180	-68.4588
181	-66.6324
182	-62.4464
183	-63.4379
184	-66.7672
185	-65.9789
186	-68.0286
187	-68.2107
188	-68.5362
189	-68.0136
190	-67.4911
191	-65.4244
192	-64.4922
193	-62.5528
194	-60.636
195	-60.7332
196	-59.0453
197	-61.296
198	-62.4781
199	-64.1316
200	-66.9962
201	-69.0058
202	-70.4932
203	-70.5075
204	-69.8631
205	-69.5273
206	-69.2014
207	-69.6368
208	-70.6668
209	-71.5736
210	-72.1305
211	-72.0611
212	-71.84
213	-72.6078
214	-72.1012
215	-72.1139
216	-70.8437
217	-69.9726
218	-69.5627
219	-70.0496
220	-71.9715
221	-71.9455
222	-71.2411
223	-72.0915
224	-72.5249
225	-72.1427
226	-72.0279
227	-71.3807
228	-71.8087
229	-70.9435
230	-70.4856
231	-70.2768
232	-69.7231
233	-70.106
234	-69.5322
235	-69.1245
236	-67.9262
237	-67.0771
238	-65.4462
239	-60.1167
240	-57.4752
241	-56.3293
242	-53.3221
243	-48.848
244	-47.8385
245	-47.7639
246	-45.0175
247	-47.5485
248	-52.299
249	-55.5342
250	-58.5109
251	-63.471
252	-65.079
253	-66.399
254	-67.5571
255	-67.8967
256	-68.1644
257	-69.1432
258	-69.3905
259	-70.4761
260	-70.9657
261	-71.0535
262	-70.9127
263	-71.4571
264	-70.9241
265	-71.283
266	-70.9172
267	-70.2204
268	-70.8421
269	-70.7413
270	-68.443
271	-65.0253
272	-64.8817
273	-67.5154
274	-69.8428
275	-71.267
276	-71.6928
277	-71.6141
278	-71.3399
279	-71.3887
280	-71.7955
281	-70.5643
282	-70.5849
283	-69.8265
284	-69.3209
285	-69.5317
286	-68.8178
287	-69.5744
288	-68.6843
289	-68.4922
290	-66.1421
291	-63.7515
292	-63.5599
293	-61.7059
294	-59.7712
295	-59.9897
296	-58.1885
297	-60.3469
298	-61.7927
299	-63.4731
300	-66.3847
301	-68.7233
302	-69.156
303	-69.5741
304	-68.0957
305	-66.7896
306	-66.603
307	-65.9696
308	-67.7957
309	-68.302
310	-68.7158
311	-67.5612
312	-66.3682
313	-66.3959
314	-65.6469
315	-63.8419
316	-62.5616
317	-61.6803
318	-59.0366
319	-61.8407
320	-65.6897
321	-68.4414
322	-68.1535
323	-69.513
324	-69.6315
325	-69.6578
326	-69.795
327	-69.425
328	-68.9047
329	-69.9185
330	-70.2385
331	-71.0366
332	-70.9543
333	-71.1676
334	-71.548
335	-71.3218
336	-71.3327
337	-70.3512
338	-69.1103
339	-62.7387
340	-62.7848
341	-68.0936
342	-69.6716
343	-70.5953
344	-69.854
345	-69.3388
346	-69.6307
347	-70.4141
348	-69.9405
349	-69.9813
350	-70.5342
351	-70.5217
352	-70.3505
353	-70.3836
354	-69.9469
355	-69.4241
356	-69.4517
357	-68.2362
358	-67.886
359	-66.5817
360	-63.7975
361	-61.6427
362	-59.383
363	-59.6367
364	-58.7433
365	-55.1318
366	-52.3074
367	-46.2813
368	-42.0789
369	-45.5588
370	-55.1284
371	-61.0329
372	-62.9214
373	-64.3605
374	-66.2168
375	-66.5604
376	-68.1184
377	-67.8052
378	-67.8055
379	-68.4893
380	-68.536
381	-69.5794
382	-69.2479
383	-69.6526
384	-69.8973
385	-69.5662
386	-69.4418
387	-69.7882
388	-69.2308
389	-68.9692
390	-68.7864
391	-68.3465
392	-68.4103
393	-68.283
394	-67.448
395	-66.703
396	-66.9245
397	-67.7302
398	-68.12
399	-68.0027
400	-68.2989
401	-68.1099
402	-68.4273
403	-68.5205
404	-67.9854
405	-68.7498
406	-67.2155
407	-67.4802
408	-67.4306
409	-67.1524
410	-66.3265
411	-65.0378
412	-64.5283
413	-64.5279
414	-63.9637
415	-62.9977
416	-61.7959
417	-62.0321
418	-61.1872
419	-62.4689
420	-64.7018
421	-65.0664
422	-65.6135
423	-66.3122
424	-65.6508
425	-65.6989
426	-65.2299
427	-64.7222
428	-62.3969
429	-59.2818
430	-61.5469
431	-63.8084
432	-63.9517
433	-64.2614
434	-63.6795
435	-63.2127
436	-62.922
437	-61.5366
438	-58.9954
439	-49.7776
440	-48.9435
441	-56.5542
442	-61.1796
443	-62.0447
444	-62.1559
445	-62.4248
446	-61.3377
447	-62.9059
448	-61.3338
449	-61.8844
450	-61.2933
451	-62.2433
452	-62.0882
453	-61.8486
454	-61.6732
455	-61.215
456	-61.3092
457	-60.8223
458	-60.6304
459	-60.4745
460	-59.9203
461	-60.0619
462	-59.3545
463	-59.1796
464	-58.9236
465	-58.8263
466	-58.2784
467	-57.9977
468	-57.6822
469	-57.3861
470	-57.0798
471	-56.5234
472	-56.4101
473	-55.8033
474	-55.6725
475	-55.1661
476	-54.8984
477	-54.5755
478	-54.1702
479	-54.3363
480	-53.3574
481	-53.7277
482	-54.6329
483	-56.6993
484	-60.765
485	-54.2884
486	-51.5894
487	-21.9304
488	6.36117
489	17.1695
490	18.0786
491	9.46956
492	-13.6199
493	-56.9205
494	-52.2814
495	-60.3678
496	-58.1599
497	-55.3508
498	-53.6678
499	-53.6292
500	-53.8078
501	-54.2911
502	-54.4338
503	-54.7934
504	-55.182
505	-55.3757
506	-55.9851
507	-56.0656
508	-56.7056
509	-56.8953
510	-57.2722
511	-57.6466
512	-57.943
513	-58.3361
514	-58.4742
515	-59.0321
516	-59.1172
517	-59.5375
518	-59.5306
519	-60.2496
520	-60.2451
521	-60.6965
522	-60.9489
523	-60.8902
524	-61.5076
525	-61.4736
526	-61.7292
527	-62.0221
528	-62.3593
529	-61.5492
530	-61.4108
531	-62.1575
532	-61.6109
533	-63.0501
534	-61.8989
535	-62.0474
536	-61.9369
537	-61.601
538	-59.1213
539	-49.7615
540	-48.8768
541	-56.4842
542	-62.2818
543	-62.4077
544	-63.1711
545	-63.8913
546	-63.9019
547	-64.0464
548	-63.5458
549	-62.5949
550	-59.3187
551	-61.8692
552	-64.4243
553	-65.0595
554	-65.248
555	-66.1011
556	-65.6494
557	-65.8328
558	-65.7754
559	-64.9346
560	-63.9837
561	-61.8724
562	-62.7119
563	-62.5295
564	-62.7747
565	-64.0902
566	-64.4125
567	-64.8358
568	-64.5965
569	-65.7355
570	-67.5675
571	-67.5649
572	-67.4899
573	-68.0158
574	-67.5383
575	-68.6025
576	-68.2707
577	-68.3837
578	-68.2185
579	-68.4712
580	-68.2578
581	-67.6393
582	-67.8422
583	-66.8834
584	-66.8185
585	-67.0711
586	-67.852
587	-68.8732
588	-68.1501
589	-67.9483
590	-69.132
591	-69.4088
592	-69.8667
593	-69.5492
594	-69.6126
595	-69.5446
596	-69.6108
597	-69.5858
598	-68.9456
599	-69.5137
600	-68.0165
601	-67.8309
602	-67.7185
603	-67.5102
604	-67.4196
605	-66.789
606	-65.3214
607	-62.7822
608	-61.717
609	-57.1335
610	-48.5523
611	-43.4599
612	-46.3979
613	-52.8121
614	-55.0071
615	-58.8288
616	-60.4476
617	-59.6294
618	-60.341
619	-64.1686
620	-66
621	-67.6211
622	-68.9676
623	-68.7804
624	-69.4174
625	-69.6728
626	-70.3232
627	-70.6061
628	-71.215
629	-70.3821
630	-71.1034
631	-70.1638
632	-69.9898
633	-69.7929
634	-69.2801
635	-69.6649
636	-70.3699
637	-70.3233
638	-68.991
639	-62.9313
640	-62.4356
641	-68.0668
642	-70.4296
643	-70.8325
644	-71.245
645	-71.4415
646	-71.5855
647	-71.538
648	-70.8782
649	-70.7569
650	-70.5901
651	-69.4663
652	-69.7817
653	-69.8766
654	-70.1308
655	-69.9101
656	-69.1409
657	-69.1725
658	-68.3224
659	-66.8336
660	-62.9878
661	-60.0304
662	-61.7451
663	-62.6266
664	-64.0999
665	-65.4495
666	-66.399
667	-66.7769
668	-67.2703
669	-68.314
670	-68.8138
671	-67.3716
672	-66.4117
673	-65.8852
674	-66.8271
675	-67.1874
676	-69.5528
677	-69.3178
678	-68.6252
679	-67.1503
680	-64.297
681	-62.3703
682	-60.5848
683	-58.1543
684	-59.581
685	-60.1192
686	-60.1555
687	-63.2412
688	-63.8345
689	-65.607
690	-67.8946
691	-68.7697
692	-69.4982
693	-69.7223
694	-68.4272
695	-69.3073
696	-69.8627
697	-70.0998
698	-70.9494
699	-71.5957
700	-71.465
701	-71.4409
702	-71.8661
703	-71.8048
704	-71.7422
705	-71.0209
706	-68.1168
707	-64.88
708	-64.8987
709	-67.8441
710	-70.0128
711	-70.4937
712	-70.6542
713	-70.4575
714	-71.1286
715	-71.4368
716	-71.2947
717	-71.0513
718	-71.1752
719	-71.1429
720	-70.8867
721	-68.9891
722	-68.8008
723	-68.6213
724	-67.8887
725	-67.4388
726	-66.3791
727	-65.5117
728	-63.8035
729	-59.5884
730	-55.2818
731	-52.8494
732	-48.1535
733	-44.6934
734	-46.5597
735	-48.0612
736	-47.6615
737	-52.2228
738	-55.3962
739	-56.8013
740	-59.0734
741	-64.7898
742	-66.6538
743	-67.7486
744	-68.9423
745	-69.2871
746	-69.2316
747	-70.3388
748	-69.5087
749	-70.5649
750	-70.8956
751	-71.4898
752	-71.3512
753	-71.6043
754	-72.368
755	-72.6421
756	-72.5351
757	-71.4639
758	-71.2014
759	-71.8424
760	-71.35
761	-69.7268
762	-70.5133
763	-70.584
764	-71.4851
765	-72.8363
766	-71.7207
767	-72.1661
768	-72.1143
769	-72.2623
770	-72.0343
771	-70.8085
772	-69.7873
773	-68.9361
774	-69.341
775	-69.5607
776	-70.8944
777	-70.3164
778	-69.6494
779	-67.1773
780	-64.5208
781	-62.8928
782	-60.6356
783	-59.0117
784	-60.0837
785	-60.9583
786	-61.5121
787	-64.08
788	-64.7802
789	-66.529
790	-68.9046
791	-67.6302
792	-68.643
793	-68.0157
794	-65.7195
795	-66.7251
796	-63.816
797	-62.7629
798	-65.7267
799	-67.7159
800	-67.9108
801	-66.6437
802	-66.6311
803	-66.1416
804	-65.2011
805	-63.2474
806	-60.2881
807	-53.6239
808	-52.9563
809	-58.1899
810	-63.4549
811	-67.4564
812	-69.128
813	-68.6622
814	-69.8108
815	-69.4952
816	-69.4437
817	-66.8663
818	-65.5219
819	-68.9134
820	-71.9454
821	-72.8598
822	-72.7244
823	-72.1197
824	-72.289
825	-73.204
826	-72.8307
827	-72.2544
828	-71.5414
829	-69.4094
830	-70.1153
831	-71.674
832	-71.8049
833	-72.2718
834	-71.8528
835	-72.0035
836	-72.7151
837	-71.8894
838	-71.6684
839	-70.2872
840	-70.6433
841	-70.6783
842	-70.9781
843	-70.9293
844	-70.9041
845	-69.9853
846	-68.5256
847	-67.6651
848	-66.0896
849	-64.3862
850	-61.034
851	-57.8536
852	-57.8255
853	-58.2459
854	-55.9534
855	-49.9213
856	-41.7512
857	-33.1806
858	-32.4822
859	-40.4448
860	-51.124
861	-58.4075
862	-61.6435
863	-63.0141
864	-63.9075
865	-65.004
866	-66.7021
867	-66.2313
868	-66.3264
869	-67.9655
870	-69.485
871	-71.3606
872	-71.1129
873	-71.6852
874	-71.6009
875	-71.0595
876	-71.5434
877	-72.0614
878	-71.3075
879	-70.7814
880	-70.4623
881	-70.0539
882	-69.631
883	-68.0334
884	-68.1686
885	-69.0235
886	-70.1309
887	-71.3453
888	-71.3937
889	-71.8022
890	-72.6722
891	-72.1268
892	-72.0441
893	-72.2151
894	-72.1275
895	-71.0806
896	-67.8518
897	-67.4239
898	-68.4453
899	-68.9152
900	-67.8753
901	-66.6604
902	-65.8042
903	-65.5637
904	-65.0909
905	-62.8694
906	-60.5893
907	-53.5395
908	-52.4435
909	-57.656
910	-63.3275
911	-67.2915
912	-68.0246
913	-68.7812
914	-70.0445
915	-69.1086
916	-67.2509
917	-63.8216
918	-62.0812
919	-65.4662
920	-68.476
921	-69.363
922	-70.4331
923	-70.3534
924	-70.0019
925	-68.8116
926	-67.9306
927	-66.8735
928	-65.3463
929	-63.357
930	-64.9854
931	-67.3971
932	-68.5705
933	-69.5694
934	-68.9543
935	-69.3798
936	-70.3426
937	-71.3903
938	-70.9952
939	-71.0038
940	-71.4108
941	-71.7536
942	-72.521
943	-73.4239
944	-73.6517
945	-73.1607
946	-73.0328
947	-73.0775
948	-72.6425
949	-70.2433
950	-66.8003
951	-65.0194
952	-67.7897
953	-70.195
954	-71.9771
955	-71.154
956	-70.9876
957	-69.8711
958	-70.3973
959	-72.5142
960	-72.9277
961	-73.1116
962	-73.6069
963	-73.2676
964	-73.7168
965	-72.6711
966	-72.4522
967	-72.2826
968	-70.7396
969	-70.8031
970	-68.9298
971	-68.1822
972	-66.4078
973	-64.5873
974	-63.9902
975	-63.983
976	-64.3282
977	-39.2749
978	-20.2113
979	-13.6618
980	-16.4038
981	-29.6148
982	-61.1216
983	-65.0291
984	-64.1748
985	-64.4219
986	-65.6419
987	-67.6103
988	-69.2053
989	-70.1814
990	-70.9764
991	-71.6469
992	-72.6737
993	-73.0363
994	-73.7843
995	-73.9147
996	-73.2277
997	-73.0657
998	-73.573
999	-72.751
1000	-71.6814
1001	-70.0958
1002	-70.4627
1003	-71.1004
1004	-72.1389
1005	-71.7271
1006	-69.3048
1007	-65.9205
1008	-66.3627
1009	-68.9522
1010	-71.9116
1011	-72.9705
1012	-73.0837
1013	-73.4724
1014	-73.56
1015	-73.3522
1016	-73.097
1017	-71.9914
1018	-71.2386
1019	-71.5492
1020	-70.9513
1021	-70.9746
1022	-70.2762
1023	-69.5876
1024	-68.8509
1025	-68.7019
1026	-69.2572
1027	-68.0898
1028	-66.3445
1029	-67.5696
1030	-66.8186
1031	-66.393
1032	-67.6999
1033	-68.6667
1034	-69.5271
1035	-70.5
1036	-70.5812
1037	-69.9036
1038	-69.1462
1039	-66.1771
1040	-62.5283
1041	-62.2147
1042	-66.0963
1043	-68.5059
1044	-69.818
1045	-69.6952
1046	-68.1176
1047	-67.6982
1048	-65.3732
1049	-59.84
1050	-53.7817
1051	-51.9561
1052	-57.2576
1053	-61.6103
1054	-64.206
1055	-65.2572
1056	-65.4039
1057	-66.1788
1058	-67.1936
1059	-68.6656
1060	-68.7021
1061	-67.6182
1062	-67.0064
1063	-69.9274
1064	-72.268
1065	-72.4748
1066	-72.0328
1067	-72.2773
1068	-72.4809
1069	-72.1082
1070	-71.96
1071	-71.7863
1072	-71.7116
1073	-69.3041
1074	-69.0418
1075	-68.1112
1076	-69.1729
1077	-70.3949
1078	-70.1774
1079	-70.6956
1080	-71.5062
1081	-71.9909
1082	-72.1086
1083	-71.2457
1084	-71.583
1085	-71.4765
1086	-71.1021
1087	-71.0698
1088	-70.5638
1089	-68.6545
1090	-66.7301
1091	-66.2751
1092	-66.4107
1093	-66.0632
1094	-63.9133
1095	-63.1256
1096	-62.1693
1097	-60.0705
1098	-54.0458
1099	-45.3654
1100	-34.1184
1101	-31.1134
1102	-37.2586
1103	-47.2933
1104	-53.5255
1105	-57.0057
1106	-57.9158
1107	-57.2408
1108	-59.6564
1109	-63.3948
1110	-65.365
1111	-67.0077
1112	-68.0212
1113	-69.0035
1114	-70.3669
1115	-71.0428
1116	-71.1801
1117	-70.4697
1118	-70.8687
1119	-69.9016
1120	-71.3185
1121	-72.3612
1122	-72.694
1123	-72.3989
1124	-71.9486
1125	-72.1016
1126	-72.3324
1127	-71.6157
1128	-70.7586
1129	-69.1204
1130	-70.2905
1131	-72.1981
1132	-73.4861
1133	-73.6843
1134	-73.1911
1135	-72.2673
1136	-73.1131
1137	-73.1986
1138	-73.0311
1139	-70.4298
1140	-66.3717
1141	-65.8139
1142	-68.5961
1143	-69.7515
1144	-69.9064
1145	-69.0109
1146	-69.2971
1147	-68.1033
1148	-65.1493
1149	-60.0764
1150	-54.3216
1151	-52.1154
1152	-56.771
1153	-61.9203
1154	-64.0586
1155	-65.7106
1156	-66.2536
1157	-66.1163
1158	-67.4071
1159	-68.309
1160	-67.3816
1161	-62.9269
1162	-62.6548
1163	-66.8472
1164	-66.5175
1165	-67.6678
1166	-69.1451
1167	-68.1922
1168	-68.6006
1169	-68.1182
1170	-66.3175
1171	-65.0516
1172	-63.9777
1173	-61.1809
1174	-61.7418
1175	-59.4581
1176	-60.8621
1177	-62.5639
1178	-64.1174
1179	-66.7108
1180	-68.8527
1181	-70.7178
1182	-71.517
1183	-70.2978
1184	-70.4425
1185	-69.6646
1186	-69.8919
1187	-71.0153
1188	-72.2004
1189	-72.7835
1190	-72.7012
1191	-72.0483
1192	-72.4832
1193	-72.8407
1194	-72.7835
1195	-71.3846
1196	-70.6485
1197	-69.9252
1198	-70.6759
1199	-71.8587
1200	-72.5417
1201	-71.6344
1202	-73.1897
1203	-73.061
1204	-73.1111
1205	-72.9661
1206	-72.4574
1207	-71.9675
1208	-72.1353
1209	-71.3759
1210	-70.6254
1211	-70.5934
1212	-70.4038
1213	-69.8647
1214	-69.8343
1215	-69.2667
1216	-67.7491
1217	-66.8511
1218	-61.6628
1219	-57.9777
1220	-57.2534
1221	-54.6059
1222	-50.0192
1223	-48.1429
1224	-49.0089
1225	-45.629
1226	-47.0381
1227	-52.0593
1228	-55.2229
1229	-58.0975
1230	-62.7542
1231	-65.5461
1232	-66.4934
1233	-68.0083
1234	-68.4148
1235	-68.658
1236	-69.2503
1237	-70.1199
1238	-71.0758
1239	-72.0785
1240	-71.7591
1241	-71.7837
1242	-72.1795
1243	-72.2283
1244	-72.184
1245	-71.6992
1246	-70.704
1247	-71.1324
1248	-71.4663
1249	-69.7859
1250	-66.137
1251	-64.8731
1252	-67.0427
1253	-70.1862
1254	-72.2484
1255	-72.4845
1256	-72.8566
1257	-72.2817
1258	-72.5295
1259	-72.3834
1260	-72.2692
1261	-71.2303
1262	-71.142
1263	-69.9983
1264	-69.8265
1265	-70.3772
1266	-70.7544
1267	-69.3895
1268	-69.1501
1269	-67.5686
1270	-65.1248
1271	-64.3942
1272	-62.8411
1273	-60.5755
1274	-61.1055
1275	-58.553
1276	-60.3639
1277	-62.5704
1278	-63.5352
1279	-66.8656
1280	-69.1408
1281	-70.4386
1282	-70.3316
1283	-68.9714
1284	-67.6812
1285	-67.0033
1286	-66.4297
1287	-67.8692
1288	-69.155
1289	-69.4864
1290	-68.7612
1291	-67.3055
1292	-66.8687
1293	-66.4019
1294	-64.892
1295	-62.7745
1296	-62.1657
1297	-58.6911
1298	-60.5159
1299	-64.8744
1300	-68.6938
1301	-69.048
1302	-70.0778
1303	-70.4099
1304	-70.9203
1305	-70.9868
1306	-70.6857
1307	-70.2658
1308	-70.5822
1309	-71.8391
1310	-72.4578
1311	-73.0787
1312	-73.3902
1313	-73.3537
1314	-73.3158
1315	-72.903
1316	-72.5091
1317	-71.4968
1318	-64.1557
1319	-61.8913
1320	-68.1544
1321	-71.1732
1322	-72.4055
1323	-71.1273
1324	-70.3721
1325	-70.3695
1326	-72.0882
1327	-72.2503
1328	-72.4225
1329	-72.0045
1330	-72.7279
1331	-72.7239
1332	-72.499
1333	-71.8115
1334	-70.782
1335	-69.9062
1336	-69.5429
1337	-69.3817
1338	-67.8282
1339	-65.1005
1340	-62.1427
1341	-59.8362
1342	-59.7105
1343	-59.1817
1344	-55.9273
1345	-52.4606
1346	-46.8033
1347	-41.0889
1348	-43.0511
1349	-52.7764
1350	-60.2159
1351	-62.189
1352	-64.6024
1353	-66.3882
1354	-68.035
1355	-69.2973
1356	-69.7033
1357	-69.6799
1358	-70.7737
1359	-71.306
1360	-72.1962
1361	-72.2828
1362	-72.8549
1363	-73.1094
1364	-73.3665
1365	-72.8838
1366	-73.0515
1367	-72.7622
1368	-71.7023
1369	-71.977
1370	-71.2275
1371	-71.7235
1372	-71.1694
1373	-70.3763
1374	-69.8335
1375	-70.2604
1376	-70.4848
1377	-71.3629
1378	-71.873
1379	-72.5419
1380	-72.3296
1381	-73.0419
1382	-72.6978
1383	-73.0649
1384	-72.0058
1385	-70.9639
1386	-71.1412
1387	-70.6
1388	-71.0672
1389	-70.0617
1390	-67.7893
1391	-66.519
1392	-66.6542
1393	-66.5419
1394	-65.1817
1395	-63.4146
1396	-63.2235
1397	-60.9616
1398	-62.2557
1399	-65.9861
1400	-68.2599
1401	-68.4316
1402	-69.5434
1403	-69.709
1404	-70.1325
1405	-70.1811
1406	-67.6072
1407	-65.3727
1408	-59.9056
1409	-61.7969
1410	-67.3185
1411	-67.7193
1412	-68.1822
1413	-67.4875
1414	-67.4679
1415	-66.7287
1416	-65.0572
1417	-61.4709
1418	-51.1735
1419	-48.449
1420	-55.0587
1421	-64.4459
1422	-66.185
1423	-66.4882
1424	-67.2472
1425	-66.9574
1426	-67.959
1427	-67.9182
1428	-67.185
1429	-64.3727
1430	-66.225
1431	-71.1912
1432	-71.2079
1433	-71.2045
1434	-71.1455
1435	-71.3254
1436	-70.6063
1437	-70.6768
1438	-70.8342
1439	-69.4854
1440	-68.666
1441	-68.5986
1442	-68.584
1443	-69.522
1444	-69.6176
1445	-69.4708
1446	-68.9734
1447	-69.1475
1448	-69.4952
1449	-68.6147
1450	-67.6565
1451	-68.1359
1452	-68.051
1453	-68.4182
1454	-67.7536
1455	-67.8262
1456	-66.5121
1457	-65.9769
1458	-64.4222
1459	-63.1968
1460	-62.7232
1461	-61.6079
1462	-61.1528
1463	-60.6262
1464	-60.1216
1465	-57.3452
1466	-43.2721
1467	-6.90749
1468	6.3158
1469	9.05582
1470	2.49397
1471	-16.677
1472	-55.6838
1473	-58.0437
1474	-60.4454
1475	-61.1415
1476	-61.5287
1477	-61.7695
1478	-63.1026
1479	-63.4756
1480	-64.9702
1481	-66.2293
1482	-66.8971
1483	-67.9202
1484	-67.8636
1485	-68.5921
1486	-68.1574
1487	-68.1607
1488	-68.2767
1489	-68.9451
1490	-68.9469
1491	-68.9953
1492	-68.9171
1493	-69.4948
1494	-69.3298
1495	-68.6944
1496	-68.1782
1497	-67.6366
1498	-68.79
1499	-70.0125
1500	-71.0059
1501	-70.8836
1502	-70.905
1503	-71.099
1504	-71.4205
1505	-71.363
1506	-71.086
1507	-69.5814
1508	-64.5793
1509	-65.7224
1510	-68.1142
1511	-67.7046
1512	-68.0286
1513	-66.9516
1514	-66.6095
1515	-66.5667
1516	-66.0554
1517	-61.4424
1518	-51.173
1519	-48.3222
1520	-55.0261
1521	-63.8104
1522	-65.5138
1523	-66.4845
1524	-67.5848
1525	-67.4137
1526	-68.2845
1527	-67.8379
1528	-65.6161
1529	-59.9683
1530	-61.887
1531	-67.269
1532	-68.8025
1533	-70.0694
1534	-70.5913
1535	-70.2989
1536	-69.2542
1537	-68.6918
1538	-68.2234
1539	-66.9187
1540	-64.5876
1541	-64.9113
1542	-64.2471
1543	-65.1362
1544	-66.7569
1545	-67.0215
1546	-66.9491
1547	-67.1927
1548	-69.1587
1549	-71.1773
1550	-71.8535
1551	-71.2792
1552	-71.5687
1553	-71.5867
1554	-72.8162
1555	-73.1779
1556	-72.9452
1557	-72.8668
1558	-72.4546
1559	-72.55
1560	-71.1836
1561	-70.5482
1562	-69.3817
1563	-69.2937
1564	-69.4646
1565	-70.1366
1566	-71.2207
1567	-71.0698
1568	-70.9327
1569	-71.9211
1570	-71.8343
1571	-72.9183
1572	-73.2113
1573	-72.8331
1574	-73.6504
1575	-73.1466
1576	-72.8051
1577	-72.5276
1578	-72.1885
1579	-71.1753
1580	-70.6027
1581	-69.911
1582	-69.8937
1583	-69.282
1584	-68.0197
1585	-66.0909
1586	-63.6944
1587	-62.7868
1588	-59.5676
1589	-51.6794
1590	-45.5769
1591	-47.0534
1592	-53.3797
1593	-55.4978
1594	-59.4912
1595	-60.8597
1596	-60.4397
1597	-60.9738
1598	-64.1136
1599	-67.1888
1600	-68.9797
1601	-70.7445
1602	-70.2908
1603	-70.7067
1604	-71.5187
1605	-72.5769
1606	-73.0455
1607	-73.3243
1608	-72.4094
1609	-72.7825
1610	-72.397
1611	-72.1018
1612	-71.4812
1613	-70.1778
1614	-70.7234
1615	-71.5818
1616	-72.1708
1617	-70.641
1618	-64.8608
1619	-61.9413
1620	-67.5455
1621	-71.8882
1622	-72.6414
1623	-72.9051
1624	-73.2795
1625	-73.6298
1626	-73.309
1627	-72.863
1628	-72.176
1629	-71.3604
1630	-70.8324
1631	-70.6806
1632	-71.2216
1633	-71.5117
1634	-71.0969
1635	-70.3176
1636	-69.8386
1637	-69.4668
1638	-68.6007
1639	-64.8388
1640	-61.3698
1641	-62.2951
1642	-63.3875
1643	-64.0239
1644	-66.1718
1645	-67.4197
1646	-67.5117
1647	-68.0661
1648	-69.5693
1649	-69.6385
1650	-68.5252
1651	-67.2059
1652	-65.9739
1653	-67.1677
1654	-67.3908
1655	-69.5536
1656	-70.0628
1657	-69.488
1658	-68.2063
1659	-64.7614
1660	-62.8736
1661	-61.0565
1662	-58.5092
1663	-58.7371
1664	-60.46
1665	-59.9675
1666	-63.0575
1667	-63.4776
1668	-65.1699
1669	-68.2633
1670	-68.8657
1671	-69.6993
1672	-70.5054
1673	-69.5406
1674	-69.8032
1675	-69.6525
1676	-70.9495
1677	-71.741
1678	-72.7152
1679	-72.4614
1680	-72.4535
1681	-72.7899
1682	-73.0267
1683	-72.3445
1684	-71.9135
1685	-69.2268
1686	-65.697
1687	-64.9344
1688	-67.8765
1689	-70.8219
1690	-71.6997
1691	-70.7687
1692	-71.3384
1693	-71.9644
1694	-72.1113
1695	-72.0607
1696	-71.8828
1697	-71.3647
1698	-71.9319
1699	-71.1927
1700	-70.211
1701	-69.1416
1702	-68.632
1703	-68.1154
1704	-67.825
1705	-66.6773
1706	-65.7948
1707	-64.3378
1708	-60.3303
1709	-55.949
1710	-53.3429
1711	-49.0772
1712	-44.6425
1713	-45.4778
1714	-48.0084
1715	-46.8588
1716	-50.7201
1717	-54.5747
1718	-56.4311
1719	-58.138
1720	-63.627
1721	-66.2751
1722	-67.5894
1723	-69.0341
1724	-69.4261
1725	-69.8368
1726	-70.4403
1727	-70.3253
1728	-70.8494
1729	-71.5537
1730	-71.8894
1731	-71.6669
1732	-72.5382
1733	-73.0228
1734	-73.3221
1735	-73.2315
1736	-72.2289
1737	-71.7955
1738	-72.5776
1739	-71.6178
1740	-70.4392
1741	-70.2641
1742	-71.2135
1743	-72.2222
1744	-73.8975
1745	-72.8815
1746	-72.5287
1747	-72.1759
1748	-72.8914
1749	-73.1464
1750	-71.4263
1751	-70.4957
1752	-69.217
1753	-69.7514
1754	-69.7181
1755	-70.5962
1756	-71.1753
1757	-69.9238
1758	-68.0256
1759	-65.0919
1760	-62.978
1761	-61.5175
1762	-58.7993
1763	-59.4869
1764	-61.1706
1765	-60.6559
1766	-63.7028
1767	-64.1653
1768	-66.1847
1769	-68.6318
1770	-67.8748
1771	-68.5533
1772	-68.5013
1773	-65.917
1774	-66.8209
1775	-64.9186
1776	-62.6014
1777	-64.7759
1778	-68.1198
1779	-68.4222
1780	-67.1375
1781	-66.6955
1782	-66.5129
1783	-65.7871
1784	-64.0006
1785	-61.44
1786	-54.7839
1787	-52.8585
1788	-57.4085
1789	-62.6253
1790	-67.0262
1791	-69.3166
1792	-69.2087
1793	-69.8187
1794	-70.0865
1795	-69.97
1796	-67.755
1797	-65.6309
1798	-68.2066
1799	-72.0014
1800	-73.6048
1801	-73.1771
1802	-72.7279
1803	-72.8252
1804	-73.383
1805	-73.8953
1806	-72.5874
1807	-72.0596
1808	-69.9778
1809	-70.0745
1810	-71.4721
1811	-72.2592
1812	-72.6512
1813	-72.2293
1814	-72.4015
1815	-72.7103
1816	-72.7282
1817	-72.2064
1818	-71.1994
1819	-70.5867
1820	-71.0322
1821	-70.7382
1822	-71.2814
1823	-71.3196
1824	-70.1405
1825	-68.9262
1826	-68.1087
1827	-67.0089
1828	-64.9473
1829	-62.1336
1830	-58.4199
1831	-57.7754
1832	-58.9282
1833	-56.6597
1834	-51.3982
1835	-44.192
1836	-34.6634
1837	-32.0499
1838	-38.4737
1839	-49.9665
1840	-57.1952
1841	-61.5035
1842	-63.1976
1843	-63.849
1844	-64.9444
1845	-66.8658
1846	-66.5964
1847	-66.3589
1848	-67.5872
1849	-69.6908
1850	-71.4075
1851	-71.352
1852	-71.7998
1853	-72.1987
1854	-71.3056
1855	-71.6794
1856	-72.188
1857	-71.9579
1858	-71.0316
1859	-70.5813
1860	-70.1868
1861	-70.0071
1862	-68.2628
1863	-68.0704
1864	-69.3011
1865	-69.7793
1866	-71.5874
1867	-71.7905
1868	-71.9844
1869	-72.8178
1870	-72.7146
1871	-72.6133
1872	-72.5864
1873	-72.3725
1874	-71.9779
1875	-68.9609
1876	-67.2479
1877	-68.6795
1878	-68.8297
1879	-68.4703
1880	-66.7838
1881	-66.0233
1882	-65.8674
1883	-65.593
1884	-63.6007
1885	-61.3973
1886	-54.8405
1887	-52.3734
1888	-56.6618
1889	-62.2602
1890	-66.8392
1891	-68.1551
1892	-68.7626
1893	-70.0281
1894	-69.9257
1895	-68.1562
1896	-64.9176
1897	-62.1038
1898	-64.7017
1899	-68.0676
1900	-69.2973
1901	-70.5402
1902	-70.675
1903	-70.3084
1904	-69.077
1905	-68.2902
1906	-67.0159
1907	-65.2038
1908	-61.907
1909	-62.7767
1910	-67.0345
1911	-68.7982
1912	-69.722
1913	-69.3297
1914	-69.445
1915	-70.3206
1916	-71.5738
1917	-71.3091
1918	-71.2415
1919	-71.3297
1920	-71.8441
1921	-72.3984
1922	-73.698
1923	-74.2044
1924	-73.7323
1925	-73.3902
1926	-73.2678
1927	-73.0702
1928	-70.9526
1929	-67.5014
1930	-65.0395
1931	-67.0354
1932	-69.9395
1933	-71.9055
1934	-71.6931
1935	-70.8656
1936	-69.8972
1937	-70.5849
1938	-72.2199
1939	-73.1457
1940	-73.2984
1941	-73.3492
1942	-73.2325
1943	-74.0343
1944	-72.65
1945	-72.8454
1946	-72.3272
1947	-71.0219
1948	-70.6253
1949	-69.2513
1950	-68.4822
1951	-66.5454
1952	-64.7858
1953	-64.0159
1954	-63.554
1955	-64.6584
1956	-45.652
1957	-22.8051
1958	-14.2121
1959	-15.1248
1960	-25.9275
1961	-53.6799
1962	-65.214
1963	-63.9639
1964	-64.4542
1965	-65.361
1966	-67.2619
1967	-69.3396
1968	-70.0843
1969	-71.4035
1970	-71.6574
1971	-72.4493
1972	-72.8741
1973	-73.1846
1974	-74.1623
1975	-73.2631
1976	-73.0271
1977	-73.535
1978	-73.0614
1979	-71.9083
1980	-70.3874
1981	-70.2148
1982	-71.1521
1983	-72.2641
1984	-72.3114
1985	-70.113
1986	-66.8903
1987	-66.1126
1988	-68.9343
1989	-71.6403
1990	-73.0182
1991	-73.5873
1992	-73.2402
1993	-73.7804
1994	-74.0942
1995	-73.5417
1996	-72.0854
1997	-71.6272
1998	-71.1683
1999	-71.0555
2000	-71.1487
2001	-70.5608
2002	-69.7957
2003	-69.0583
2004	-68.7588
2005	-69.2002
2006	-67.9877
2007	-66.434
2008	-67.4159
2009	-67.2266
2010	-66.4632
2011	-67.5671
2012	-68.5915
2013	-69.5287
2014	-70.2141
2015	-70.7938
2016	-70.2219
2017	-69.3793
2018	-66.9328
2019	-62.9382
2020	-61.64
2021	-65.3435
2022	-68.0047
2023	-69.7865
2024	-69.5579
2025	-68.2987
2026	-68.0199
2027	-66.0166
2028	-61.0815
2029	-54.8905
2030	-51.7826
2031	-55.7875
2032	-61.4133
2033	-63.527
2034	-65.0092
2035	-65.418
2036	-65.9809
2037	-66.9804
2038	-68.3224
2039	-68.674
2040	-67.8827
2041	-66.8115
2042	-69.4007
2043	-72.1548
2044	-72.4816
2045	-72.237
2046	-72.6721
2047	-72.6935
2048	-72.4778
2049	-72.2723
2050	-72.4228
2051	-72.0984
2052	-69.8884
2053	-69.3194
2054	-68.3193
2055	-69.3411
2056	-70.554
2057	-70.7311
2058	-70.7333
2059	-71.5008
2060	-71.9868
2061	-72.1429
2062	-71.579
2063	-71.4217
2064	-72.1878
2065	-71.3721
2066	-71.164
2067	-70.7689
2068	-69.4718
2069	-67.0924
2070	-66.0157
2071	-66.5864
2072	-66.2931
2073	-64.0941
2074	-63.1949
2075	-62.6373
2076	-60.7454
2077	-55.5144
2078	-47.7584
2079	-35.5208
2080	-30.7131
2081	-35.2963
2082	-45.7657
2083	-51.9658
2084	-56.3734
2085	-58.124
2086	-57.2996
2087	-58.7709
2088	-62.4103
2089	-65.0117
2090	-66.9918
2091	-67.7172
2092	-68.7483
2093	-70.1798
2094	-71.126
2095	-71.0333
2096	-70.6484
2097	-71.1376
2098	-70.1687
2099	-71.1339
2100	-72.2362
2101	-72.7899
2102	-72.4998
2103	-72.115
2104	-72.4313
2105	-72.7075
2106	-71.7288
2107	-71.1569
2108	-68.8124
2109	-69.411
2110	-72.1268
2111	-73.2841
2112	-73.6344
2113	-73.214
2114	-72.6748
2115	-73.0665
2116	-73.2405
2117	-73.5986
2118	-71.2944
2119	-66.9035
2120	-65.3348
2121	-68.2048
2122	-69.5933
2123	-70.2033
2124	-69.294
2125	-69.1724
2126	-68.2895
2127	-66.0993
2128	-61.2122
2129	-55.3078
2130	-51.8994
2131	-55.2681
2132	-61.2277
2133	-63.4984
2134	-65.559
2135	-66.1657
2136	-66.1652
2137	-67.0444
2138	-68.2693
2139	-68.0547
2140	-63.5193
2141	-62.2431
2142	-65.8816
2143	-66.8947
2144	-67.3083
2145	-69.2007
2146	-68.6552
2147	-68.9409
2148	-68.9192
2149	-66.7811
2150	-65.3598
2151	-64.9212
2152	-61.8512
2153	-62.3726
2154	-60.1612
2155	-60.6582
2156	-62.8183
2157	-63.9892
2158	-66.0597
2159	-68.793
2160	-70.5898
2161	-71.8318
2162	-71.0814
2163	-70.4672
2164	-69.8643
2165	-70.0903
2166	-71.1307
2167	-72.2832
2168	-73.3374
2169	-73.1381
2170	-72.1254
2171	-72.4927
2172	-72.7368
2173	-73.3675
2174	-71.4651
2175	-70.9817
2176	-69.7001
2177	-70.2994
2178	-71.6599
2179	-72.5154
2180	-71.8952
2181	-72.6436
2182	-73.0809
2183	-73.1333
2184	-72.8625
2185	-72.9493
2186	-72.1926
2187	-72.6938
2188	-71.6223
2189	-71.0922
2190	-70.9052
2191	-70.56
2192	-70.4795
2193	-70.2223
2194	-69.7855
2195	-68.2834
2196	-67.3252
2197	-63.1068
2198	-58.4969
2199	-57.6412
2200	-55.6464
2201	-51.478
2202	-48.7132
2203	-49.661
2204	-46.3966
2205	-46.8607
2206	-51.7071
2207	-54.9352
2208	-57.4694
2209	-61.8818
2210	-65.5474
2211	-66.8577
2212	-67.9616
2213	-68.6127
2214	-68.7717
2215	-69.1686
2216	-69.9243
2217	-71.1044
2218	-72.1683
2219	-72.4056
2220	-71.8928
2221	-72.1093
2222	-72.6055
2223	-72.4119
2224	-71.9146
2225	-71.1476
2226	-70.8651
2227	-71.9643
2228	-70.4621
2229	-66.9987
2230	-64.5924
2231	-66.2644
2232	-69.8378
2233	-71.8942
2234	-72.464
2235	-72.8739
2236	-72.805
2237	-72.7687
2238	-72.5791
2239	-72.7084
2240	-71.5658
2241	-71.7116
2242	-70.2363
2243	-70.1179
2244	-70.4693
2245	-71.1081
2246	-69.9337
2247	-69.1425
2248	-68.684
2249	-65.7565
2250	-64.5298
2251	-63.8512
2252	-61.1159
2253	-62.0971
2254	-59.1387
2255	-60.0509
2256	-62.5906
2257	-63.4803
2258	-66.2224
2259	-69.0189
2260	-70.2053
2261	-70.8344
2262	-69.7332
2263	-67.7874
2264	-67.812
2265	-66.3754
2266	-67.566
2267	-69.3681
2268	-69.6039
2269	-69.1701
2270	-67.3461
2271	-66.7808
2272	-66.8458
2273	-64.7334
2274	-62.6125
2275	-62.1589
2276	-58.6039
2277	-58.8108
2278	-63.5731
2279	-67.6385
2280	-69.2762
2281	-69.9897
2282	-70.3609
2283	-71.0621
2284	-71.1131
2285	-70.9548
2286	-70.2148
2287	-70.3908
2288	-71.4828
2289	-72.6315
2290	-73.2111
2291	-73.5751
2292	-73.3937
2293	-73.4685
2294	-73.1146
2295	-72.8016
2296	-72.2821
2297	-65.7739
2298	-61.5908
2299	-66.4805
2300	-71.2288
2301	-72.1678
2302	-71.4637
2303	-70.4027
2304	-70.4688
2305	-71.6738
2306	-72.1966
2307	-72.6593
2308	-71.9873
2309	-72.5651
2310	-73.1362
2311	-72.447
2312	-72.2943
2313	-70.7971
2314	-70.1775
2315	-69.3521
2316	-69.2748
2317	-67.9743
2318	-65.8537
2319	-62.5571
2320	-60.0252
2321	-59.4295
2322	-59.087
2323	-56.4892
2324	-52.3583
2325	-47.5603
2326	-40.6399
2327	-41.1112
2328	-49.8197
2329	-58.2031
2330	-61.585
2331	-63.9387
2332	-66.1233
2333	-67.5451
2334	-69.2393
2335	-69.7079
2336	-69.5387
2337	-70.3673
2338	-71.1772
2339	-72.1495
2340	-72.5523
2341	-72.8322
2342	-73.1762
2343	-73.7313
2344	-73.1676
2345	-73.338
2346	-73.0035
2347	-72.2507
2348	-72.2522
2349	-71.3816
2350	-71.9369
2351	-71.5782
2352	-70.505
2353	-70.2803
2354	-70.2668
2355	-70.6927
2356	-71.6492
2357	-71.8587
2358	-72.6053
2359	-72.7579
2360	-73.1126
2361	-73.2215
2362	-73.5142
2363	-72.6478
2364	-71.2531
2365	-70.8018
2366	-70.755
2367	-71.4752
2368	-70.4781
2369	-68.3395
2370	-66.9359
2371	-66.4495
2372	-66.5483
2373	-65.5334
2374	-63.3945
2375	-62.5741
2376	-60.5225
2377	-60.741
2378	-64.8857
2379	-67.8167
2380	-68.5255
2381	-69.1693
2382	-70.3055
2383	-70.5938
2384	-70.2017
2385	-68.1578
2386	-66.3421
2387	-60.562
2388	-60.7733
2389	-66.5695
2390	-68.5008
2391	-68.4943
2392	-67.9699
2393	-67.7361
2394	-67.163
2395	-65.6925
2396	-63.0111
2397	-53.029
2398	-48.3109
2399	-53.0497
2400	-63.2083
2401	-66.1751
2402	-66.7977
2403	-67.407
2404	-67.9385
2405	-68.367
2406	-68.9347
2407	-68.6245
2408	-64.7333
2409	-65.3552
2410	-71.3693
2411	-73.2964
2412	-73.2694
2413	-72.9888
2414	-73.0361
2415	-72.616
2416	-72.6487
2417	-73.1422
2418	-72.7989
2419	-70.4108
2420	-69.6097
2421	-70.1084
2422	-70.7159
2423	-72.2377
2424	-72.1099
2425	-71.0868
2426	-71.5669
2427	-71.9531
2428	-72.2318
2429	-70.7554
2430	-70.6704
2431	-71.4965
2432	-71.5239
2433	-71.2961
2434	-71.2182
2435	-70.679
2436	-69.129
2437	-66.8894
2438	-65.8867
2439	-65.3621
2440	-63.2489
2441	-61.9767
2442	-60.9691
2443	-60.4525
2444	-59.3404
2445	-56.716
2446	-15.8009
2447	0.145398
2448	4.75633
2449	0.135603
2450	-15.8438
2451	-56.4808
2452	-59.0869
2453	-60.6419
2454	-61.1852
2455	-61.959
2456	-63.2217
2457	-65.3689
2458	-65.6254
2459	-66.6691
2460	-69.2937
2461	-70.6364
2462	-71.2465
2463	-71.3712
2464	-71.6188
2465	-71.4862
2466	-70.6999
2467	-70.8335
2468	-72.1347
2469	-71.541
2470	-71.1476
2471	-71.2065
2472	-72.1619
2473	-71.4745
2474	-70.0098
2475	-69.4385
2476	-68.4034
2477	-68.9918
2478	-72.1626
2479	-72.9836
2480	-72.6662
2481	-72.9279
2482	-73.2599
2483	-73.5108
2484	-73.0692
2485	-72.8199
2486	-71.5359
2487	-65.5281
2488	-64.9783
2489	-68.6567
2490	-68.8549
2491	-68.4588
2492	-67.8344
2493	-67.1434
2494	-66.9542
2495	-66.2196
2496	-63.4543
2497	-52.9547
2498	-48.156
2499	-52.8475
2500	-62.7161
2501	-65.6405
2502	-67.095
2503	-67.5765
2504	-67.8016
2505	-68.5585
2506	-68.4444
2507	-66.7915
2508	-60.7938
2509	-60.7247
2510	-67.0728
2511	-68.601
2512	-70.7018
2513	-71.0684
2514	-70.7227
2515	-69.4808
2516	-68.8277
2517	-68.8299
2518	-68.1653
2519	-66.4482
2520	-65.9124
2521	-64.9591
2522	-65.06
2523	-67.1514
2524	-67.845
2525	-67.1744
2526	-67.3557
2527	-69.058
2528	-71.2084
2529	-72.2751
2530	-71.4903
2531	-71.7478
2532	-71.944
2533	-72.9781
2534	-73.6374
2535	-73.6774
2536	-73.4883
2537	-73.303
2538	-72.5949
2539	-71.3553
2540	-71.1181
2541	-69.9108
2542	-69.0659
2543	-69.7082
2544	-69.4577
2545	-71.4147
2546	-71.4246
2547	-71.0772
2548	-71.6572
2549	-71.977
2550	-73.0853
2551	-73.6167
2552	-73.2709
2553	-73.9851
2554	-73.9811
2555	-73.3862
2556	-72.9571
2557	-72.6029
2558	-71.7391
2559	-71.0025
2560	-70.1496
2561	-70.5215
2562	-69.8779
2563	-68.3249
2564	-66.6742
2565	-64.5006
2566	-63.365
2567	-61.5461
2568	-54.9131
2569	-48.3819
2570	-48.5056
2571	-53.9175
2572	-55.9999
2573	-59.2725
2574	-61.1513
2575	-61.0005
2576	-60.894
2577	-63.4319
2578	-67.1164
2579	-69.3644
2580	-71.0308
2581	-70.6071
2582	-70.6107
2583	-71.5432
2584	-72.8142
2585	-73.2007
2586	-73.5115
2587	-72.689
2588	-73.0351
2589	-72.8698
2590	-72.257
2591	-71.9681
2592	-70.2388
2593	-70.3971
2594	-71.3292
2595	-72.4236
2596	-71.5484
2597	-66.8722
2598	-61.8845
2599	-66.0602
2600	-72.2577
2601	-72.8254
2602	-73.0409
2603	-73.2686
2604	-73.479
2605	-73.4602
2606	-73.507
2607	-72.5651
2608	-71.8832
2609	-70.9027
2610	-70.7371
2611	-71.6484
2612	-71.4578
2613	-71.3826
2614	-70.5233
2615	-70.1296
2616	-69.6727
2617	-69.5304
2618	-66.4735
2619	-63.1846
2620	-62.6619
2621	-63.818
2622	-64.3368
2623	-65.9818
2624	-67.809
2625	-67.6856
2626	-68.2137
2627	-69.3521
2628	-69.9985
2629	-69.1576
2630	-67.5797
2631	-65.7741
2632	-66.6389
2633	-67.1032
2634	-68.777
2635	-70.1177
2636	-69.6806
2637	-68.484
2638	-65.571
2639	-62.8557
2640	-61.5655
2641	-58.5724
2642	-58.0936
2643	-60.8076
2644	-59.4298
2645	-62.1549
2646	-63.2185
2647	-64.7313
2648	-67.5596
2649	-68.5353
2650	-69.4583
2651	-70.421
2652	-69.6184
2653	-69.4772
2654	-69.5246
2655	-70.8411
2656	-71.7425
2657	-72.438
2658	-72.7277
2659	-72.8824
2660	-73.1574
2661	-73.0516
2662	-72.6346
2663	-72.5617
2664	-69.992
2665	-66.4484
2666	-65.0605
2667	-67.175
2668	-70.3045
2669	-71.8371
2670	-70.8892
2671	-71.3286
2672	-72.0878
2673	-72.1343
2674	-72.1509
2675	-71.7337
2676	-71.1389
2677	-71.8015
2678	-71.5036
2679	-70.5469
2680	-69.2431
2681	-68.6809
2682	-68.2319
2683	-67.7935
2684	-66.8767
2685	-65.6706
2686	-64.6029
2687	-61.0815
2688	-56.4634
2689	-53.764
2690	-49.9461
2691	-44.8542
2692	-44.643
2693	-47.9781
2694	-46.278
2695	-49.2555
2696	-53.6929
2697	-56.0545
2698	-57.4122
2699	-62.141
2700	-65.9818
2701	-67.143
2702	-68.4731
2703	-69.2823
2704	-69.7021
2705	-70.1714
2706	-70.3549
2707	-70.397
2708	-71.3842
2709	-71.9104
2710	-71.7637
2711	-72.8096
2712	-72.7743
2713	-73.1504
2714	-73.4075
2715	-72.5326
2716	-71.8813
2717	-72.5046
2718	-71.8331
2719	-70.7492
2720	-70.0914
2721	-71.0527
2722	-72.0392
2723	-73.5781
2724	-73.2294
2725	-72.7636
2726	-72.1253
2727	-73.1079
2728	-72.94
2729	-71.7835
2730	-70.7963
2731	-69.3185
2732	-69.3985
2733	-69.5768
2734	-70.1176
2735	-71.0254
2736	-69.7707
2737	-68.5536
2738	-65.576
2739	-63.0538
2740	-61.6727
2741	-58.9304
2742	-58.7088
2743	-61.3679
2744	-60.201
2745	-62.5843
2746	-63.7031
2747	-65.5233
2748	-68.1323
2749	-68.3371
2750	-68.2261
2751	-68.8923
2752	-66.3318
2753	-66.5362
2754	-65.9694
2755	-62.7487
2756	-64.1077
2757	-68.1224
2758	-68.4923
2759	-67.7747
2760	-66.827
2761	-67.057
2762	-66.2016
2763	-64.5709
2764	-62.2994
2765	-56.0035
2766	-52.9113
2767	-56.2767
2768	-61.6563
2769	-66.2652
2770	-68.9663
2771	-69.4981
2772	-69.8233
2773	-70.4387
2774	-69.827
2775	-68.5736
2776	-65.8873
2777	-67.5049
2778	-71.2863
2779	-73.8763
2780	-73.4083
2781	-72.9462
2782	-72.5755
2783	-73.1816
2784	-73.9553
2785	-72.9058
2786	-72.094
2787	-70.3331
2788	-69.9761
2789	-71.3241
2790	-72.3257
2791	-72.7166
2792	-72.3563
2793	-72.1909
2794	-72.7579
2795	-72.9287
2796	-72.6574
2797	-71.6609
2798	-70.7187
2799	-71.1003
2800	-70.7644
2801	-71.3696
2802	-71.3157
2803	-70.5226
2804	-69.2021
2805	-68.3492
2806	-67.6826
2807	-65.7623
2808	-63.1811
2809	-59.282
2810	-57.7883
2811	-58.9194
2812	-57.2806
2813	-52.987
2814	-46.6178
2815	-36.6274
2816	-32.122
2817	-36.8823
2818	-48.5959
2819	-56
2820	-60.9628
2821	-63.089
2822	-64.0596
2823	-64.7013
2824	-66.7307
2825	-66.7648
2826	-66.4971
2827	-67.3707
2828	-69.7003
2829	-71.2948
2830	-71.3918
2831	-71.7729
2832	-72.2968
2833	-71.6666
2834	-71.6493
2835	-72.2762
2836	-72.0833
2837	-71.2117
2838	-70.4668
2839	-70.5584
2840	-70.1088
2841	-68.5175
2842	-67.5165
2843	-69.2796
2844	-69.1916
2845	-71.2865
2846	-71.923
2847	-72.0694
2848	-72.5587
2849	-72.8362
2850	-72.6455
2851	-72.5635
2852	-72.7422
2853	-72.2045
2854	-69.8234
2855	-67.2975
2856	-68.5869
2857	-69.0987
2858	-69.0322
2859	-67.0789
2860	-66.3555
2861	-66.1579
2862	-65.9712
2863	-64.4436
2864	-62.0569
2865	-56.3274
2866	-52.5303
2867	-55.5695
2868	-61.2678
2869	-66.3633
2870	-68.4564
2871	-68.8292
2872	-69.9246
2873	-70.5774
2874	-68.7886
2875	-65.9388
2876	-62.462
2877	-63.9231
2878	-67.5344
2879	-69.1996
2880	-70.0658
2881	-70.5723
2882	-70.3269
2883	-69.2807
2884	-68.3682
2885	-66.9765
2886	-65.3531
2887	-61.1967
2888	-60.4799
2889	-66.1686
2890	-68.6917
2891	-69.9515
2892	-69.1519
2893	-69.4559
2894	-70.1879
2895	-71.3592
2896	-71.1684
2897	-71.3597
2898	-71.5988
2899	-71.6573
2900	-72.2823
2901	-73.7425
2902	-74.0171
2903	-74.2382
2904	-73.2566
2905	-73.7737
2906	-73.2859
2907	-71.5831
2908	-68.1849
2909	-65.1351
2910	-66.1482
2911	-69.496
2912	-71.5364
2913	-71.9849
2914	-70.7931
2915	-70.0851
2916	-69.9847
2917	-71.8115
2918	-72.9982
2919	-73.5664
2920	-73.3233
2921	-73.214
2922	-74.2651
2923	-72.98
2924	-72.8831
2925	-72.4307
2926	-70.8805
2927	-70.3957
2928	-69.4523
2929	-68.4232
2930	-66.9198
2931	-65.0326
2932	-63.92
2933	-63.5741
2934	-64.6793
2935	-53.1984
2936	-25.9239
2937	-15.1384
2938	-14.2341
2939	-22.8417
2940	-45.8173
2941	-65.0306
2942	-64.0974
2943	-64.5266
2944	-65.0441
2945	-66.8662
2946	-69.0014
2947	-69.7343
2948	-71.2028
2949	-71.4481
2950	-72.3757
2951	-72.5538
2952	-73.2209
2953	-73.842
2954	-73.4873
2955	-73.1575
2956	-73.1841
2957	-73.1527
2958	-72.3694
2959	-70.7062
2960	-70.2154
2961	-70.9478
2962	-72.1201
2963	-72.3548
2964	-70.9067
2965	-67.619
2966	-66.0738
2967	-68.4664
2968	-71.3553
2969	-72.921
2970	-73.3983
2971	-73.3049
2972	-73.8494
2973	-73.9972
2974	-73.7196
2975	-72.3902
2976	-72.1229
2977	-70.9555
2978	-71.0281
2979	-71.0097
2980	-70.7199
2981	-69.9356
2982	-69.015
2983	-69.0252
2984	-68.7975
2985	-68.0201
2986	-66.4257
2987	-65.7822
2988	-65.9312
2989	-66.4399
2990	-67.5147
2991	-68.3366
2992	-69.4273
2993	-70.1002
2994	-70.6522
2995	-70.6608
2996	-69.5135
2997	-67.5976
2998	-63.5068
2999	-61.3626
3000	-64.3984
3001	-67.5499
3002	-69.5677
3003	-69.8074
3004	-68.3349
3005	-67.8232
3006	-66.6336
3007	-62.0586
3008	-56.1932
3009	-51.618
3010	-54.1913
3011	-60.8412
3012	-62.9423
3013	-64.6633
3014	-65.4507
3015	-65.6115
3016	-66.5216
3017	-67.8974
3018	-68.8142
3019	-68.0705
3020	-66.8113
3021	-68.589
3022	-71.5388
3023	-72.5866
3024	-72.3697
3025	-72.564
3026	-72.5314
3027	-72.7474
3028	-72.4523
3029	-72.4668
3030	-72.3372
3031	-70.4243
3032	-69.6133
3033	-68.5647
3034	-69.2029
3035	-70.3365
3036	-70.7295
3037	-70.8425
3038	-71.4984
3039	-71.7872
3040	-72.2409
3041	-71.6419
3042	-71.4435
3043	-72.0453
3044	-71.5213
3045	-71.2391
3046	-70.8308
3047	-69.5193
3048	-67.4626
3049	-66.0396
3050	-66.3681
3051	-66.3687
3052	-64.368
3053	-63.2713
3054	-62.7416
3055	-60.856
3056	-57.0547
3057	-49.5135
3058	-37.2485
3059	-30.7396
3060	-33.4327
3061	-43.3576
3062	-50.557
3063	-55.82
3064	-57.9385
3065	-57.2779
3066	-57.9629
3067	-61.6034
3068	-64.5209
3069	-66.5034
3070	-67.4147
3071	-68.5504
3072	-69.8688
3073	-71.16
3074	-71.1163
3075	-70.7164
3076	-70.7284
3077	-70.2788
3078	-70.7513
3079	-71.9252
3080	-72.6248
3081	-72.4792
3082	-72.4464
3083	-72.4704
3084	-72.5447
3085	-71.9344
3086	-71.1565
3087	-68.7727
3088	-68.7381
3089	-71.9286
3090	-73.0983
3091	-73.6912
3092	-73.5122
3093	-73.107
3094	-72.6642
3095	-73.2866
3096	-73.8136
3097	-71.9669
3098	-67.8762
3099	-65.1858
3100	-67.5316
3101	-69.4426
3102	-69.8897
3103	-69.3643
3104	-68.8528
3105	-68.5046
3106	-67.0057
3107	-62.1958
3108	-56.5675
3109	-51.9047
3110	-53.9818
3111	-60.7834
3112	-62.8925
3113	-65.1478
3114	-65.9934
3115	-66.0608
3116	-66.5187
3117	-68.1356
3118	-68.3694
3119	-64.4526
3120	-62.0977
3121	-64.7631
3122	-67.0088
3123	-67.2435
3124	-69.1139
3125	-68.9742
3126	-68.9889
3127	-69.2204
3128	-67.6052
3129	-66.1084
3130	-65.8414
3131	-62.8983
3132	-62.7875
3133	-61.1035
3134	-60.5941
3135	-62.942
3136	-64.0399
3137	-65.6461
3138	-68.4368
3139	-70.4801
3140	-71.7086
3141	-71.6094
3142	-70.6453
3143	-70.2795
3144	-70.2162
3145	-70.9312
3146	-72.2232
3147	-73.2323
3148	-73.4252
3149	-72.2609
3150	-72.5666
3151	-72.6609
3152	-73.1474
3153	-71.684
3154	-70.8796
3155	-69.6927
3156	-69.7594
3157	-71.0961
3158	-72.6326
3159	-72.0186
3160	-72.4268
3161	-73.2462
3162	-72.9675
3163	-73.0731
3164	-72.8108
3165	-72.4445
3166	-72.824
3167	-71.8499
3168	-71.3836
3169	-71.1202
3170	-70.633
3171	-70.5978
3172	-70.4244
3173	-70.1317
3174	-68.867
3175	-68.1229
3176	-64.6915
3177	-59.1875
3178	-58.1975
3179	-56.6295
3180	-53.1882
3181	-49.6297
3182	-50.338
3183	-47.3403
3184	-46.7721
3185	-51.0888
3186	-54.8018
3187	-57.0521
3188	-61.0675
3189	-65.377
3190	-66.9751
3191	-67.7435
3192	-69.0133
3193	-68.9665
3194	-69.1973
3195	-69.8034
3196	-70.9539
3197	-72.0653
3198	-72.3367
3199	-72.0461
3200	-72.1572
3201	-72.7079
3202	-72.3118
3203	-72.3412
3204	-71.2497
3205	-70.7343
3206	-71.6226
3207	-71.1955
3208	-67.8401
3209	-64.5861
3210	-65.6336
3211	-69.28
3212	-71.5086
3213	-72.118
3214	-73.0414
3215	-72.7182
3216	-72.6132
3217	-72.5501
3218	-73.0656
3219	-71.791
3220	-71.5949
3221	-70.7948
3222	-70.4752
3223	-70.2655
3224	-70.9886
3225	-70.3356
3226	-69.2299
3227	-69.3446
3228	-66.1699
3229	-64.9472
3230	-64.606
3231	-61.8828
3232	-61.8841
3233	-59.8935
3234	-60.087
3235	-62.3583
3236	-63.5283
3237	-65.6058
3238	-68.9355
3239	-70.185
3240	-70.61
3241	-70.3025
3242	-68.195
3243	-67.9459
3244	-66.612
3245	-66.9095
3246	-69.1137
3247	-69.6856
3248	-69.2593
3249	-67.4981
3250	-66.4973
3251	-66.5634
3252	-64.9942
3253	-62.6201
3254	-61.9581
3255	-58.9699
3256	-57.4166
3257	-62.318
3258	-66.5996
3259	-69.2912
3260	-69.3507
3261	-70.2809
3262	-70.9396
3263	-71.2422
3264	-70.81
3265	-70.1116
3266	-69.8394
3267	-71.0145
3268	-72.3413
3269	-73.1648
3270	-73.2328
3271	-73.5872
3272	-73.4249
3273	-73.1649
3274	-72.7302
3275	-72.3194
3276	-67.6076
3277	-61.6616
3278	-64.8187
3279	-70.6632
3280	-72.1007
3281	-71.8134
3282	-70.5256
3283	-70.2558
3284	-71.2743
3285	-72.2743
3286	-72.5817
3287	-71.7278
3288	-72.1319
3289	-73.0396
3290	-72.2399
3291	-72.2165
3292	-71.0876
3293	-70.3534
3294	-69.2992
3295	-69.0785
3296	-67.7929
3297	-66.284
3298	-62.9312
3299	-60.1302
3300	-59.1528
3301	-58.979
3302	-57.1521
3303	-52.2581
3304	-48.7148
3305	-40.7269
3306	-39.7122
3307	-46.8391
3308	-56.3614
3309	-61.0886
3310	-63.0583
3311	-65.5769
3312	-67.1458
3313	-68.473
3314	-69.4825
3315	-69.382
3316	-69.8797
3317	-71.3124
3318	-71.8695
3319	-72.2692
3320	-72.444
3321	-72.8267
3322	-73.7609
3323	-72.9878
3324	-73.2243
3325	-73.0205
3326	-72.5243
3327	-72.1467
3328	-71.6952
3329	-71.7221
3330	-71.5293
3331	-70.8478
3332	-70.5163
3333	-70.202
3334	-70.7511
3335	-71.5846
3336	-72.051
3337	-72.2639
3338	-72.8055
3339	-73.032
3340	-73.5374
3341	-73.0827
3342	-72.8266
3343	-71.3965
3344	-70.5691
3345	-70.5133
3346	-71.4203
3347	-70.3858
3348	-68.7381
3349	-66.6975
3350	-66.3755
3351	-66.2366
3352	-65.6511
3353	-63.6335
3354	-62.2514
3355	-60.5836
3356	-59.3193
3357	-63.5935
3358	-66.7922
3359	-68.2565
3360	-68.7654
3361	-70.2596
3362	-70.399
3363	-70.1873
3364	-68.6077
3365	-66.5619
3366	-61.645
3367	-60.0076
3368	-65.6645
3369	-68.5941
3370	-68.3666
3371	-67.971
3372	-67.8641
3373	-67.3539
3374	-65.9842
3375	-64.0956
3376	-55.4674
3377	-48.5707
3378	-51.4125
3379	-61.3321
3380	-65.8947
3381	-66.4237
3382	-67.2667
3383	-68.1586
3384	-68.0354
3385	-68.8496
3386	-68.9178
3387	-65.5144
3388	-64.7079
3389	-70.3219
3390	-72.9948
3391	-73.0268
3392	-72.6314
3393	-72.5496
3394	-72.504
3395	-72.1459
3396	-72.5879
3397	-72.6056
3398	-70.3582
3399	-69.5977
3400	-70.1461
3401	-70.4659
3402	-72.0163
3403	-71.6725
3404	-70.9863
3405	-70.8838
3406	-71.5043
3407	-72.133
3408	-70.778
3409	-69.637
3410	-70.5798
3411	-70.738
3412	-70.3666
3413	-70.6533
3414	-70.1485
3415	-68.4902
3416	-66.8954
3417	-65.4259
3418	-64.9436
3419	-63.8801
3420	-61.9912
3421	-61.0846
3422	-60.4476
3423	-59.6763
3424	-57.4431
3425	-24.0857
3426	-4.96044
3427	1.59133
3428	-1.1581
3429	-14.407
3430	-50.402
3431	-58.724
3432	-60.1774
3433	-60.9492
3434	-61.7131
3435	-63.0874
3436	-64.0958
3437	-65.0705
3438	-65.8831
3439	-67.9759
3440	-69.7515
3441	-70.3054
3442	-70.4524
3443	-70.8302
3444	-71.1713
3445	-69.7004
3446	-70.5308
3447	-71.7613
3448	-70.8581
3449	-70.5595
3450	-71.1385
3451	-70.9555
3452	-71.4521
3453	-70.1461
3454	-69.2113
3455	-68.2051
3456	-68.0738
3457	-70.8538
3458	-72.4203
3459	-72.3125
3460	-72.708
3461	-73.0535
3462	-72.9491
3463	-72.7444
3464	-72.7617
3465	-72.1263
3466	-66.6278
3467	-64.5072
3468	-68.195
3469	-69.074
3470	-68.4197
3471	-68.0934
3472	-67.031
3473	-66.9898
3474	-66.2559
3475	-65.0239
3476	-55.1812
3477	-48.3814
3478	-51.1287
3479	-60.9881
3480	-65.6842
3481	-66.9453
3482	-67.3365
3483	-67.9813
3484	-68.1713
3485	-68.8512
3486	-67.5406
3487	-61.9065
3488	-60.0843
3489	-65.9975
3490	-68.5011
3491	-70.3169
3492	-71.1034
3493	-70.9552
3494	-69.8152
3495	-68.8872
3496	-68.8801
3497	-68.4498
3498	-67.7606
3499	-67.0348
3500	-65.5362
3501	-65.2122
3502	-66.9601
3503	-68.1844
3504	-67.5045
3505	-67.5259
3506	-68.6653
3507	-70.7185
3508	-72.3183
3509	-71.9396
3510	-72.0222
3511	-71.8518
3512	-72.6477
3513	-73.5338
3514	-73.7162
3515	-73.7471
3516	-73.3205
3517	-72.6104
3518	-71.5486
3519	-70.9456
3520	-69.9391
3521	-68.8557
3522	-69.52
3523	-68.976
3524	-71.0154
3525	-71.2332
3526	-70.8649
3527	-71.4228
3528	-71.6095
3529	-73.039
3530	-73.2942
3531	-73.184
3532	-73.8517
3533	-74.2027
3534	-73.2909
3535	-73.2436
3536	-72.7495
3537	-71.8461
3538	-71.0531
3539	-70.3951
3540	-70.5036
3541	-69.8886
3542	-68.9446
3543	-67.2564
3544	-65.024
3545	-63.6497
3546	-63.0868
3547	-58.3152
3548	-51.9801
3549	-50.8088
3550	-54.9461
3551	-56.6004
3552	-59.1778
3553	-61.6658
3554	-61.254
3555	-60.8934
3556	-62.6461
3557	-66.5912
3558	-69.3738
3559	-70.9309
3560	-70.9408
3561	-70.6948
3562	-71.2703
3563	-72.5814
3564	-73.4715
3565	-73.415
3566	-72.8696
3567	-72.7161
3568	-73.2069
3569	-72.3351
3570	-72.2105
3571	-70.3639
3572	-70.3524
3573	-71.1217
3574	-72.6651
3575	-71.6795
3576	-68.5087
3577	-62.2393
3578	-64.6234
3579	-71.6702
3580	-72.6176
3581	-72.8724
3582	-73.2855
3583	-73.3888
3584	-73.5484
3585	-73.8626
3586	-72.7182
3587	-72.1928
3588	-71.1416
3589	-70.8993
3590	-71.4086
3591	-71.5032
3592	-71.5652
3593	-70.5849
3594	-70.2871
3595	-69.5397
3596	-69.6399
3597	-68.0273
3598	-64.7007
3599	-63.4813
3600	-64.4122
3601	-64.2292
3602	-65.7105
3603	-67.5729
3604	-68.0006
3605	-68.1265
3606	-69.2441
3607	-70.2028
3608	-69.1592
3609	-67.6727
3610	-65.7774
3611	-66.1042
3612	-66.7278
3613	-67.9666
3614	-70.017
3615	-69.6683
3616	-68.4913
3617	-66.3693
3618	-63.146
3619	-61.6276
3620	-58.9097
3621	-57.7375
3622	-60.5585
3623	-59.0851
3624	-61.2239
3625	-63.0272
3626	-63.9941
3627	-66.7816
3628	-68.4499
3629	-69.3105
3630	-70.5163
3631	-69.7523
3632	-69.2054
3633	-69.4513
3634	-70.5008
3635	-71.3543
3636	-72.0341
3637	-72.9954
3638	-72.6618
3639	-73.0111
3640	-73.027
3641	-73.0112
3642	-72.952
3643	-70.6694
3644	-67.4562
3645	-65.0735
3646	-66.5315
3647	-69.7871
3648	-71.7871
3649	-71.2028
3650	-71.1035
3651	-72.0602
3652	-72.1629
3653	-72.0493
3654	-71.9151
3655	-71.0097
3656	-71.6195
3657	-71.5079
3658	-70.62
3659	-69.3687
3660	-68.8659
3661	-68.197
3662	-67.8321
3663	-66.9937
3664	-65.6149
3665	-64.6661
3666	-61.8878
3667	-57.2514
3668	-54.0377
3669	-50.5363
3670	-45.1361
3671	-43.9822
3672	-47.6738
3673	-46.0016
3674	-48.0023
3675	-52.9539
3676	-55.6234
3677	-56.7958
3678	-60.7735
3679	-65.4009
3680	-66.7151
3681	-68.0903
3682	-68.9923
3683	-69.1406
3684	-69.881
3685	-70.3079
3686	-70.1872
3687	-70.8415
3688	-71.7598
3689	-71.6705
3690	-72.4407
3691	-72.7342
3692	-73.0165
3693	-73.3649
3694	-72.7911
3695	-71.8533
3696	-72.5099
3697	-72.0963
3698	-71.0633
3699	-70.1093
3700	-70.7916
3701	-71.975
3702	-73.4282
3703	-73.8036
3704	-72.8112
3705	-72.2871
3706	-73.1879
3707	-72.8116
3708	-72.1507
3709	-70.9376
3710	-69.1385
3711	-69.1173
3712	-69.5284
3713	-69.6793
3714	-71.1266
3715	-69.9882
3716	-68.7321
3717	-66.2452
3718	-63.3026
3719	-61.6379
3720	-59.3066
3721	-58.0554
3722	-61.0017
3723	-59.5761
3724	-61.7378
3725	-63.2536
3726	-65.0068
3727	-67.1856
3728	-68.6641
3729	-68.0399
3730	-68.7092
3731	-66.6505
3732	-65.9147
3733	-66.6128
3734	-63.1806
3735	-63.6803
3736	-67.6837
3737	-68.5279
3738	-68.1071
3739	-66.9707
3740	-67.3566
3741	-66.4421
3742	-65.2232
3743	-63.1389
3744	-57.4762
3745	-53.2523
3746	-55.4928
3747	-60.7189
3748	-65.5054
3749	-68.6619
3750	-69.8406
3751	-69.7031
3752	-70.869
3753	-69.9462
3754	-69.2667
3755	-66.4303
3756	-67.0036
3757	-70.7241
3758	-73.6184
3759	-73.3795
3760	-73.4095
3761	-72.2327
3762	-72.8246
3763	-73.873
3764	-73.0339
3765	-72.2845
3766	-70.6144
3767	-69.9213
3768	-71.1913
3769	-72.2985
3770	-72.7205
3771	-72.3529
3772	-72.0783
3773	-72.6115
3774	-72.9206
3775	-72.7468
3776	-71.7141
3777	-70.6168
3778	-71.2991
3779	-70.9112
3780	-71.5457
3781	-71.5422
3782	-71.0216
3783	-69.6441
3784	-68.6533
3785	-68.2237
3786	-66.2654
3787	-64.0426
3788	-60.0327
3789	-57.9209
3790	-58.8601
3791	-58.0953
3792	-54.7442
3793	-48.2634
3794	-38.5467
3795	-32.6328
3796	-35.6514
3797	-46.5579
3798	-54.6024
3799	-60.4222
3800	-62.8217
3801	-63.9752
3802	-64.6068
3803	-66.5661
3804	-66.9874
3805	-66.6215
3806	-67.2565
3807	-69.2527
3808	-71.102
3809	-71.3901
3810	-71.7965
3811	-72.2139
3812	-71.9224
3813	-71.6682
3814	-72.4101
3815	-72.0463
3816	-71.5784
3817	-70.587
3818	-70.4323
3819	-69.9919
3820	-68.8817
3821	-67.464
3822	-68.7692
3823	-68.9306
3824	-70.9562
3825	-71.852
3826	-72.1373
3827	-72.5529
3828	-72.9968
3829	-72.573
3830	-72.6144
3831	-73.0205
3832	-72.3494
3833	-70.5968
3834	-67.5721
3835	-68.4113
3836	-69.2262
3837	-69.2607
3838	-67.4715
3839	-66.4889
3840	-66.2388
3841	-66.24
3842	-65.0083
3843	-62.4449
3844	-57.9476
3845	-52.8047
3846	-54.6489
3847	-60.3351
3848	-65.5473
3849	-68.5128
3850	-68.9593
3851	-69.9932
3852	-70.6368
3853	-69.1633
3854	-66.7618
3855	-62.969
3856	-63.4177
3857	-66.9974
3858	-69.1537
3859	-69.6128
3860	-70.4488
3861	-70.3089
3862	-69.3411
3863	-68.535
3864	-67.135
3865	-65.5535
3866	-61.0558
3867	-58.6066
3868	-64.1344
3869	-68.7435
3870	-69.8854
3871	-69.1962
3872	-69.5997
3873	-70.0012
3874	-71.3934
3875	-71.2904
3876	-71.2706
3877	-71.4725
3878	-71.507
3879	-72.0835
3880	-73.3662
3881	-74.0392
3882	-74.1358
3883	-73.3413
3884	-73.6526
3885	-73.0968
3886	-72.1415
3887	-68.8949
3888	-65.5005
3889	-65.3405
3890	-68.9315
3891	-71.0813
3892	-72.0423
3893	-70.7993
3894	-70.3521
3895	-69.9153
3896	-71.5121
3897	-72.8918
3898	-73.3665
3899	-73.2645
3900	-73.2456
3901	-74.3669
3902	-73.1365
3903	-72.8606
3904	-72.4651
3905	-70.9174
3906	-70.2268
3907	-69.6699
3908	-68.3272
3909	-67.0489
3910	-65.4974
3911	-63.7952
3912	-63.637
3913	-64.0282
3914	-59.8845
3915	-29.6425
3916	-16.4529
3917	-13.7189
3918	-20.2816
3919	-39.4152
3920	-64.3961
3921	-64.3671
3922	-64.5405
3923	-64.9041
3924	-66.7047
3925	-68.5817
3926	-69.3064
3927	-70.8426
3928	-71.3441
3929	-72.2586
3930	-72.538
3931	-73.3627
3932	-73.6125
3933	-74.0763
3934	-73.0886
3935	-73.1529
3936	-73.2556
3937	-72.6987
3938	-71.237
3939	-70.2889
3940	-71.0476
3941	-71.638
3942	-72.6136
3943	-71.5017
3944	-68.3248
3945	-66.0639
3946	-68.1777
3947	-70.6134
3948	-72.8817
3949	-73.2258
3950	-73.3855
3951	-73.6704
3952	-73.9978
3953	-73.9521
3954	-72.671
3955	-72.1302
3956	-70.8448
3957	-70.7062
3958	-70.8627
3959	-70.7784
3960	-69.8665
3961	-69.1154
3962	-69.0434
3963	-68.5113
3964	-68.0837
3965	-66.6697
3966	-64.6502
3967	-63.4997
3968	-65.5174
3969	-67.2744
3970	-68.1896
3971	-69.3497
3972	-70.2234
3973	-70.6954
3974	-70.7943
3975	-69.7982
3976	-68.3528
3977	-64.1992
3978	-61.4433
3979	-63.4344
3980	-66.9754
3981	-69.3225
3982	-69.8373
3983	-68.5238
3984	-67.7871
3985	-67.0456
3986	-63.0507
3987	-57.5843
3988	-51.9034
3989	-52.9706
3990	-60.1273
3991	-62.3241
3992	-64.3019
3993	-65.4696
3994	-65.3119
3995	-66.3452
3996	-67.5393
3997	-68.9184
3998	-68.3944
3999	-66.9204
4000	-67.8073
4001	-70.756
4002	-72.5321
4003	-72.4243
4004	-72.5629
4005	-72.3966
4006	-72.8699
4007	-72.4353
4008	-72.5647
4009	-72.6047
4010	-71.0785
4011	-69.8645
4012	-69.0227
4013	-69.0868
4014	-70.268
4015	-70.8347
4016	-70.8699
4017	-71.3915
4018	-71.6966
4019	-72.1551
4020	-72.1496
4021	-71.2861
4022	-71.7482
4023	-71.4245
4024	-71.2976
4025	-70.856
4026	-69.6896
4027	-67.9164
4028	-66.2208
4029	-66.0651
4030	-66.354
4031	-64.6265
4032	-63.3892
4033	-62.6954
4034	-60.8952
4035	-58.3299
4036	-50.7614
4037	-39.3195
4038	-31.2182
4039	-32.0079
4040	-40.9016
4041	-49.2229
4042	-55.3041
4043	-57.3723
4044	-57.4157
4045	-57.5148
4046	-60.8899
4047	-63.9129
4048	-65.8465
4049	-67.2641
4050	-67.9898
4051	-69.6633
4052	-70.6824
4053	-71.1208
4054	-70.8313
4055	-70.7424
4056	-70.5053
4057	-70.3557
4058	-71.6594
4059	-72.4194
4060	-72.645
4061	-72.315
4062	-72.3369
4063	-72.4189
4064	-72.034
4065	-71.2851
4066	-69.1243
4067	-67.7982
4068	-71.4437
4069	-72.7797
4070	-73.6532
4071	-73.8284
4072	-73.4477
4073	-72.5063
4074	-73.3751
4075	-73.7508
4076	-72.7318
4077	-68.608
4078	-65.298
4079	-67.0047
4080	-69.2594
4081	-69.7309
4082	-69.6294
4083	-68.7937
4084	-68.6389
4085	-67.567
4086	-63.2735
4087	-57.6808
4088	-52.0453
4089	-52.8677
4090	-59.8025
4091	-62.3407
4092	-64.476
4093	-65.76
4094	-65.8762
4095	-66.1453
4096	-67.9857
4097	-68.4343
4098	-65.5463
4099	-62.1585
4100	-63.8251
4101	-67.0034
4102	-67.2184
4103	-69.0728
4104	-69.0522
4105	-68.8899
4106	-69.5266
4107	-68.3263
4108	-66.8364
4109	-66.3891
4110	-64.1531
4111	-63.0165
4112	-61.7294
4113	-60.7322
4114	-62.9069
4115	-64.2302
4116	-65.3282
4117	-68.057
4118	-70.1018
4119	-71.6203
4120	-71.8522
4121	-70.7519
4122	-70.6744
4123	-70.5474
4124	-70.8899
4125	-72.2954
4126	-73.12
4127	-73.2655
4128	-72.3647
4129	-72.4579
4130	-72.6512
4131	-72.9719
4132	-71.9481
4133	-70.7959
4134	-69.5767
4135	-69.3409
4136	-70.7641
4137	-72.5157
4138	-72.2208
4139	-72.0876
4140	-72.9565
4141	-73.0268
4142	-73.0233
4143	-73.1076
4144	-72.4868
4145	-72.8391
4146	-72.1452
4147	-71.8487
4148	-71.2852
4149	-70.5602
4150	-70.8146
4151	-70.3168
4152	-70.641
4153	-69.5385
4154	-68.428
4155	-66.0696
4156	-60.1828
4157	-58.9429
4158	-57.9739
4159	-54.8958
4160	-50.8595
4161	-50.9243
4162	-48.4865
4163	-46.9955
4164	-50.6422
4165	-54.5946
4166	-56.7957
4167	-60.2814
4168	-65.0227
4169	-67.025
4170	-67.6569
4171	-69.0038
4172	-69.1764
4173	-69.4564
4174	-69.7211
4175	-70.8014
4176	-72.1377
4177	-72.5592
4178	-72.1694
4179	-72.3032
4180	-72.6608
4181	-72.3072
4182	-72.4196
4183	-71.4978
4184	-70.8275
4185	-71.3091
4186	-71.453
4187	-68.3486
4188	-64.7625
4189	-65.2772
4190	-68.7406
4191	-71.2329
4192	-72.1169
4193	-72.8688
4194	-72.6624
4195	-72.454
4196	-72.6337
4197	-73.2069
4198	-72.2808
4199	-71.432
4200	-71.209
4201	-70.6507
4202	-70.3582
4203	-70.967
4204	-70.8304
4205	-69.4414
4206	-69.6533
4207	-66.9019
4208	-65.4004
4209	-65.2754
4210	-63.1277
4211	-61.926
4212	-60.6052
4213	-60.0474
4214	-62.3226
4215	-63.6177
4216	-65.1504
4217	-68.4935
4218	-70.2741
4219	-70.5987
4220	-70.7962
4221	-68.6339
4222	-67.703
4223	-66.9135
4224	-66.6427
4225	-68.7066
4226	-69.6109
4227	-69.2015
4228	-67.8467
4229	-66.3117
4230	-66.3955
4231	-65.2058
4232	-62.7986
4233	-61.655
4234	-59.3061
4235	-56.525
4236	-60.8571
4237	-65.4811
4238	-68.9222
4239	-68.9083
4240	-69.9938
4241	-70.938
4242	-71.1407
4243	-71.0077
4244	-70.0198
4245	-69.2659
4246	-70.7202
4247	-72.3423
4248	-73.0197
4249	-73.2099
4250	-73.6111
4251	-73.4302
4252	-73.3415
4253	-72.9374
4254	-72.3133
4255	-69.229
4256	-62.1452
4257	-63.4673
4258	-70.1323
4259	-71.6786
4260	-72.2299
4261	-70.6753
4262	-70.2409
4263	-71.0064
4264	-72.2589
4265	-72.4381
4266	-71.6443
4267	-71.8766
4268	-72.7965
4269	-72.2059
4270	-72.1847
4271	-71.145
4272	-70.2008
4273	-69.1861
4274	-68.9795
4275	-67.8019
4276	-66.5856
4277	-63.5338
4278	-60.5485
4279	-58.9403
4280	-58.7946
4281	-57.3506
4282	-52.4255
4283	-49.5501
4284	-41.1232
4285	-38.5133
4286	-43.9799
4287	-54.3494
4288	-60.3012
4289	-62.3529
4290	-64.9801
4291	-66.817
4292	-68.0202
4293	-69.4037
4294	-69.347
4295	-69.2498
4296	-70.8614
4297	-71.6182
4298	-72.2449
4299	-72.2734
4300	-72.7124
4301	-73.2772
4302	-73.0618
4303	-72.9795
4304	-73.1646
4305	-72.6473
4306	-72.0735
4307	-71.8672
4308	-71.8982
4309	-71.7264
4310	-71.3561
4311	-70.7872
4312	-70.5333
4313	-71.1503
4314	-71.6157
4315	-71.9605
4316	-72.1272
4317	-73.0215
4318	-72.711
4319	-73.4751
4320	-72.9603
4321	-72.8076
4322	-71.5431
4323	-70.4104
4324	-70.3536
4325	-70.8949
4326	-70.4732
4327	-68.9972
4328	-66.87
4329	-66.2
4330	-66.1889
4331	-65.6917
4332	-63.7272
4333	-62.3501
4334	-60.7543
4335	-58.2097
4336	-62.1144
4337	-65.8525
4338	-68.1889
4339	-68.6223
4340	-70.0656
4341	-70.1085
4342	-70.254
4343	-69.0573
4344	-66.6623
4345	-62.9881
4346	-59.6628
4347	-64.5329
4348	-68.3128
4349	-68.3848
4350	-68.1925
4351	-68.0069
4352	-67.4887
4353	-66.4538
4354	-64.8014
4355	-57.8908
4356	-49.2289
4357	-50.1989
4358	-59.4436
4359	-65.8419
4360	-66.3873
4361	-67.213
4362	-67.8826
4363	-67.8199
4364	-68.5076
4365	-68.8519
4366	-66.3087
4367	-64.3906
4368	-69.0151
4369	-72.693
4370	-73.0449
4371	-72.4596
4372	-72.1817
4373	-72.2675
4374	-71.9643
4375	-72.3195
4376	-72.5224
4377	-70.9318
4378	-69.7313
4379	-70.1334
4380	-70.3681
4381	-71.5955
4382	-71.5939
4383	-71.0431
4384	-70.6336
4385	-71.0977
4386	-71.6797
4387	-70.6316
4388	-69.3807
4389	-69.9796
4390	-70.5434
4391	-70.2374
4392	-70.4173
4393	-69.8018
4394	-68.3956
4395	-67.2733
4396	-65.489
4397	-64.7097
4398	-63.9476
4399	-62.2721
4400	-61.505
4401	-60.5887
4402	-60.0592
4403	-58.1854
4404	-32.8369
4405	-9.81528
4406	-1.21662
4407	-2.13454
4408	-12.9639
4409	-41.5362
4410	-58.2278
4411	-59.7549
4412	-60.9098
4413	-61.6345
4414	-62.6535
4415	-63.4379
4416	-64.8712
4417	-65.4405
4418	-67.2595
4419	-68.9601
4420	-69.627
4421	-70.1803
4422	-70.6968
4423	-70.7683
4424	-69.61
4425	-70.0469
4426	-71.0203
4427	-70.7009
4428	-70.0861
4429	-70.7615
4430	-70.4137
4431	-71.0321
4432	-70.3402
4433	-68.9944
4434	-68.3848
4435	-67.4271
4436	-69.9953
4437	-71.9869
4438	-72.384
4439	-72.4643
4440	-72.5472
4441	-72.7205
4442	-72.6816
4443	-72.7441
4444	-72.4564
4445	-67.8971
4446	-64.3621
4447	-67.641
4448	-69.3757
4449	-68.4289
4450	-68.3217
4451	-67.1352
4452	-67.063
4453	-66.4306
4454	-65.833
4455	-57.6888
4456	-49.0019
4457	-49.8621
4458	-59.1248
4459	-65.3928
4460	-66.5962
4461	-67.2886
4462	-68.0314
4463	-67.9756
4464	-68.7975
4465	-68.0179
4466	-63.3108
4467	-59.8452
4468	-64.7656
4469	-68.3759
4470	-70.1479
4471	-70.9553
4472	-70.9274
4473	-70.2929
4474	-69.1307
4475	-68.8026
4476	-68.3893
4477	-67.6158
4478	-67.0172
4479	-66.0954
4480	-65.3579
4481	-66.9297
4482	-68.1626
4483	-67.9132
4484	-67.6291
4485	-68.2773
4486	-70.6006
4487	-72.0201
4488	-71.9945
4489	-71.969
4490	-71.8056
4491	-72.6017
4492	-73.3062
4493	-73.7688
4494	-73.6485
4495	-73.0154
4496	-72.8369
4497	-71.6223
4498	-70.9588
4499	-70.0186
4500	-68.7927
4501	-69.3845
4502	-68.7845
4503	-70.494
4504	-71.1043
4505	-71.0497
4506	-71.0827
4507	-71.5789
4508	-72.9086
4509	-73.0222
4510	-73.3625
4511	-73.6665
4512	-74.1319
4513	-73.3549
4514	-73.2584
4515	-72.6985
4516	-72.1111
4517	-71.0913
4518	-70.5546
4519	-70.409
4520	-69.9372
4521	-69.4663
4522	-67.7136
4523	-65.5231
4524	-63.8891
4525	-63.932
4526	-61.8832
4527	-56.8383
4528	-55.2289
4529	-56.768
4530	-57.567
4531	-59.2721
4532	-61.6686
4533	-61.6202
4534	-60.9673
4535	-62.2506
4536	-66.1455
4537	-69.3112
4538	-70.7058
4539	-71.3495
4540	-70.7616
4541	-71.303
4542	-72.1559
4543	-73.3922
4544	-73.4335
4545	-72.9389
4546	-72.867
4547	-73.2386
4548	-72.4987
4549	-72.4077
4550	-70.8257
4551	-70.3819
4552	-70.913
4553	-72.7947
4554	-72.2555
4555	-69.7787
4556	-62.9936
4557	-63.5798
4558	-70.8928
4559	-72.6733
4560	-72.9916
4561	-72.9469
4562	-73.4326
4563	-73.7511
4564	-73.8276
4565	-72.7723
4566	-72.2758
4567	-71.4862
4568	-70.8002
4569	-71.2845
4570	-71.5147
4571	-71.5241
4572	-70.8061
4573	-70.3391
4574	-69.5526
4575	-69.597
4576	-69.2718
4577	-66.3897
4578	-64.8827
4579	-65.011
4580	-64.4487
4581	-65.5928
4582	-67.4485
4583	-68.1971
4584	-68.1645
4585	-69.244
4586	-69.9997
4587	-69.2751
4588	-67.7272
4589	-65.9744
4590	-65.6769
4591	-66.5307
4592	-67.3314
4593	-70.2339
4594	-69.497
4595	-68.4891
4596	-66.9998
4597	-63.7105
4598	-61.5544
4599	-59.3838
4600	-57.4574
4601	-59.8917
4602	-59.0944
4603	-60.1931
4604	-62.7791
4605	-63.3922
4606	-65.6993
4607	-68.5369
4608	-69.0249
4609	-69.9122
4610	-69.8572
4611	-68.9276
4612	-69.3832
4613	-70.1605
4614	-71.2919
4615	-71.9828
4616	-72.9526
4617	-72.6608
4618	-72.8902
4619	-73.0966
4620	-73.1191
4621	-72.8731
4622	-71.2759
4623	-68.2023
4624	-65.2981
4625	-66.1162
4626	-68.9794
4627	-71.4991
4628	-71.543
4629	-71.0286
4630	-71.8643
4631	-72.3144
4632	-72.0835
4633	-71.9792
4634	-71.0355
4635	-71.4868
4636	-71.6174
4637	-70.7008
4638	-69.3352
4639	-68.8817
4640	-68.3124
4641	-67.9446
4642	-67.0076
4643	-65.5918
4644	-64.6885
4645	-62.7587
4646	-57.9863
4647	-54.2458
4648	-51.0935
4649	-45.6899
4650	-43.4146
4651	-46.6022
4652	-46.0773
4653	-46.8896
4654	-51.9539
4655	-54.9385
4656	-56.2101
4657	-59.4183
4658	-64.6373
4659	-66.4188
4660	-67.7192
4661	-68.7685
4662	-68.7543
4663	-69.7425
4664	-70.5979
4665	-69.989
4666	-70.6597
4667	-71.5671
4668	-71.7587
4669	-71.9986
4670	-72.7265
4671	-72.8882
4672	-73.4336
4673	-72.8962
4674	-71.7073
4675	-72.2095
4676	-72.2391
4677	-71.3165
4678	-70.022
4679	-70.6379
4680	-71.7512
4681	-73.0234
4682	-73.9671
4683	-72.8814
4684	-72.3092
4685	-72.9806
4686	-72.8342
4687	-72.7082
4688	-71.3062
4689	-69.2397
4690	-68.8429
4691	-69.5832
4692	-69.506
4693	-71.0249
4694	-70.0144
4695	-68.9297
4696	-66.8696
4697	-63.6621
4698	-61.7134
4699	-59.6381
4700	-57.6774
4701	-60.179
4702	-59.4559
4703	-60.8819
4704	-62.8981
4705	-64.3279
4706	-66.3266
4707	-68.559
4708	-67.9123
4709	-68.6662
4710	-67.2729
4711	-65.4571
4712	-67.0365
4713	-63.785
4714	-63.537
4715	-67.2228
4716	-68.6796
4717	-68.4193
4718	-67.2656
4719	-67.3486
4720	-66.8345
4721	-66.0475
4722	-63.9568
4723	-59.2164
4724	-53.9215
4725	-54.8797
4726	-59.7655
4727	-64.6228
4728	-68.5507
4729	-70.0279
4730	-69.6468
4731	-70.9047
4732	-70.2177
4733	-69.7658
4734	-67.1754
4735	-66.6248
4736	-70.1649
4737	-73.2626
4738	-73.5146
4739	-73.481
4740	-72.14
4741	-72.6066
4742	-73.7557
4743	-73.2101
4744	-72.3955
4745	-70.986
4746	-69.7029
4747	-70.8224
4748	-72.0932
4749	-72.9706
4750	-72.5678
4751	-72.1705
4752	-72.4799
4753	-72.8848
4754	-72.7758
4755	-72.0494
4756	-70.8834
4757	-71.5082
4758	-71.1082
4759	-71.2936
4760	-71.6251
4761	-71.3221
4762	-69.9411
4763	-69.1186
4764	-68.4873
4765	-66.8031
4766	-64.9568
4767	-60.9827
4768	-58.134
4769	-58.9209
4770	-58.7581
4771	-56.1915
4772	-49.7829
4773	-40.6446
4774	-33.5825
4775	-34.699
4776	-44.4127
4777	-53.2011
4778	-59.7835
4779	-62.7469
4780	-64.1636
4781	-64.5724
4782	-66.3064
4783	-67.2985
4784	-66.7868
4785	-67.2499
4786	-68.8586
4787	-70.7225
4788	-71.5411
4789	-71.9414
4790	-72.2026
4791	-72.1774
4792	-71.6008
4793	-72.3702
4794	-72.256
4795	-71.5095
4796	-70.589
4797	-70.3155
4798	-69.9957
4799	-69.1571
4800	-67.4444
4801	-68.311
4802	-68.7003
4803	-70.4236
4804	-71.5515
4805	-71.6695
4806	-72.1521
4807	-72.9426
4808	-72.4071
4809	-72.6269
4810	-72.7743
4811	-72.4689
4812	-71.5527
4813	-68.1219
4814	-68.4572
4815	-69.3925
4816	-69.4381
4817	-68.1822
4818	-66.7916
4819	-66.3181
4820	-66.2112
4821	-65.4997
4822	-63.0244
4823	-59.5224
4824	-53.5493
4825	-54.011
4826	-59.3514
4827	-64.6703
4828	-68.2037
4829	-68.9206
4830	-69.824
4831	-70.4925
4832	-69.686
4833	-67.4459
4834	-63.6985
4835	-63.1964
4836	-66.3292
4837	-69.069
4838	-69.4072
4839	-70.3961
4840	-70.1937
4841	-69.3704
4842	-68.6685
4843	-67.3115
4844	-65.7871
4845	-61.1642
4846	-57.2477
4847	-61.7495
4848	-68.2176
4849	-69.8256
4850	-69.503
4851	-69.6355
4852	-70.106
4853	-71.1786
4854	-71.543
4855	-71.2807
4856	-71.1019
4857	-71.5134
4858	-72.0078
4859	-73.014
4860	-74.1728
4861	-74.1823
4862	-73.4158
4863	-73.5122
4864	-73.0894
4865	-72.4412
4866	-69.5943
4867	-65.9878
4868	-64.762
4869	-68.399
4870	-70.5682
4871	-71.879
4872	-70.9418
4873	-70.6364
4874	-69.7219
4875	-70.9933
4876	-72.5814
4877	-73.2289
4878	-73.1692
4879	-73.4339
4880	-73.7637
4881	-73.3523
4882	-72.7368
4883	-72.5065
4884	-71.289
4885	-70.0421
4886	-69.8816
4887	-68.2307
4888	-67.4061
4889	-65.6547
4890	-63.9024
4891	-63.5605
4892	-63.3176
4893	-62.4641
4894	-34.0663
4895	-18.1749
4896	-13.5718
4897	-18.1946
4898	-34.1598
4899	-63.6517
4900	-64.8528
4901	-64.5218
4902	-64.8493
4903	-66.428
4904	-68.0932
4905	-69.3053
4906	-70.5777
4907	-71.3579
4908	-72.0979
4909	-72.7748
4910	-73.3374
4911	-73.3046
4912	-74.3837
4913	-73.2672
4914	-72.8718
4915	-73.4804
4916	-73.0683
4917	-71.7621
4918	-70.5051
4919	-71.0445
4920	-71.5051
4921	-72.6336
4922	-72.1862
4923	-69.3232
4924	-66.4058
4925	-67.7996
4926	-70.1836
4927	-72.7193
4928	-72.9598
4929	-73.4934
4930	-73.5419
4931	-74.1937
4932	-73.94
4933	-72.912
4934	-72.1459
4935	-70.956
4936	-70.4138
4937	-70.8694
4938	-70.7927
4939	-69.7469
4940	-69.2583
4941	-69.0628
4942	-68.49
4943	-68.1375
4944	-67.0426
4945	-64.1622
4946	-61.3773
4947	-64.2089
4948	-67.2368
4949	-68.0732
4950	-69.1964
4951	-70.0867
4952	-70.5828
4953	-71.0467
4954	-69.7467
4955	-68.9339
4956	-64.7744
4957	-61.6846
4958	-62.5093
4959	-66.504
4960	-68.9469
4961	-69.8053
4962	-68.8732
4963	-67.773
4964	-67.2943
4965	-64.2609
4966	-58.7513
4967	-52.5672
4968	-52.0829
4969	-58.9031
4970	-61.8078
4971	-64.0715
4972	-65.0622
4973	-65.1366
4974	-66.3911
4975	-67.0793
4976	-68.6308
4977	-68.7047
4978	-66.9759
4979	-67.2049
4980	-70.1765
4981	-72.3607
4982	-72.6656
4983	-72.5386
4984	-72.3881
4985	-72.776
4986	-72.3237
4987	-72.4338
4988	-72.8483
4989	-71.7824
4990	-70.0395
4991	-69.1718
4992	-69.2205
4993	-70.0594
4994	-70.7901
4995	-70.788
4996	-71.3161
4997	-71.7352
4998	-72.1106
4999	-72.3514
5000	-71.3164
5001	-71.6179
5002	-71.5846
5003	-71.2324
5004	-70.9963
5005	-69.9589
5006	-68.4069
5007	-66.4846
5008	-65.9185
5009	-66.3978
5010	-65.075
5011	-63.4815
5012	-62.8182
5013	-61.3058
5014	-59.1873
5015	-52.1675
5016	-41.8529
5017	-32.077
5018	-30.8549
5019	-38.5719
5020	-48.0458
5021	-54.4278
5022	-56.981
5023	-57.5229
5024	-57.267
5025	-60.096
5026	-63.4009
5027	-65.4632
5028	-67.1147
5029	-67.5283
5030	-69.3459
5031	-70.3657
5032	-71.1399
5033	-71.0575
5034	-70.703
5035	-70.7558
5036	-70.1099
5037	-71.3716
5038	-72.4803
5039	-72.4332
5040	-72.2003
5041	-72.1134
5042	-72.4059
5043	-72.2447
5044	-71.527
5045	-69.5452
5046	-67.1799
5047	-70.1058
5048	-72.5561
5049	-73.3844
5050	-73.9438
5051	-73.2185
5052	-72.6607
5053	-73.7404
5054	-73.5265
5055	-73.4938
5056	-69.5118
5057	-65.6558
5058	-66.3424
5059	-68.8679
5060	-69.6682
5061	-69.6587
5062	-68.7136
5063	-68.8306
5064	-67.8748
5065	-64.3624
5066	-58.8178
5067	-52.6699
5068	-52.0377
5069	-58.0926
5070	-61.8793
5071	-64.0221
5072	-65.6165
5073	-65.9103
5074	-65.9388
5075	-67.4671
5076	-68.4213
5077	-66.9416
5078	-62.3857
5079	-63.0799
5080	-67.0661
5081	-67.355
5082	-69.0022
5083	-69.4472
5084	-68.8453
5085	-69.6539
5086	-68.8868
5087	-67.5883
5088	-66.9052
5089	-65.4506
5090	-63.5246
5091	-62.2917
5092	-61.0603
5093	-62.8722
5094	-64.0917
5095	-65.1937
5096	-67.5872
5097	-69.7818
5098	-71.6248
5099	-72.1054
5100	-71.0092
5101	-70.9336
5102	-70.5782
5103	-70.8201
5104	-71.8179
5105	-73.312
5106	-73.2785
5107	-72.7744
5108	-72.321
5109	-72.6853
5110	-72.7385
5111	-72.1365
5112	-70.7938
5113	-69.8312
5114	-69.1036
5115	-70.3762
5116	-72.1923
5117	-72.3424
5118	-71.8063
5119	-73.0079
5120	-73.0952
5121	-73.1182
5122	-73.2384
5123	-72.762
5124	-72.6747
5125	-72.5492
5126	-72.2131
5127	-71.39
5128	-70.9424
5129	-70.766
5130	-70.5229
5131	-70.7236
5132	-70.3002
5133	-68.8499
5134	-67.5571
5135	-61.4051
5136	-59.4439
5137	-59.1323
5138	-56.2893
5139	-52.2208
5140	-51.3532
5141	-49.8878
5142	-47.5137
5143	-50.1406
5144	-54.3776
5145	-56.7258
5146	-59.665
5147	-64.3703
5148	-67.0352
5149	-67.6691
5150	-69.2347
5151	-69.2458
5152	-69.5411
5153	-69.7884
5154	-70.7099
5155	-72.1941
5156	-72.5338
5157	-72.217
5158	-72.381
5159	-72.5186
5160	-72.5494
5161	-72.6623
5162	-71.6052
5163	-70.9507
5164	-71.1244
5165	-71.5958
5166	-69.1119
5167	-65.2274
5168	-65.042
5169	-67.917
5170	-70.4463
5171	-72.1073
5172	-72.7475
5173	-72.5965
5174	-72.3637
5175	-72.4205
5176	-73.0761
5177	-72.6226
5178	-71.5644
5179	-71.6947
5180	-70.9094
5181	-70.5086
5182	-71.0119
5183	-71.1717
5184	-69.8216
5185	-69.6811
5186	-67.8452
5187	-66.0704
5188	-65.889
5189	-64.2816
5190	-62.2906
5191	-61.1679
5192	-59.991
5193	-62.1367
5194	-63.6333
5195	-64.771
5196	-68.0653
5197	-70.0618
5198	-70.5024
5199	-70.958
5200	-69.1142
5201	-67.7333
5202	-67.3351
5203	-66.4805
5204	-67.9924
5205	-69.5971
5206	-69.1569
5207	-68.0338
5208	-66.2651
5209	-66.2326
5210	-65.4961
5211	-63.1765
5212	-61.5325
5213	-59.7483
5214	-56.1118
5215	-59.2966
5216	-64.241
5217	-68.3786
5218	-68.6727
5219	-69.9942
5220	-70.549
5221	-71.0924
5222	-71.0847
5223	-69.9924
5224	-69.0702
5225	-70.2656
5226	-71.9496
5227	-72.8837
5228	-73.1256
5229	-73.6374
5230	-73.4152
5231	-73.6685
5232	-73.335
5233	-72.4641
5234	-70.67
5235	-63.0408
5236	-62.4829
5237	-69.1146
5238	-71.4472
5239	-72.3353
5240	-70.9093
5241	-70.2916
5242	-70.7788
5243	-72.1931
5244	-72.2383
5245	-71.7215
5246	-71.7912
5247	-72.3995
5248	-72.3456
5249	-72.1376
5250	-71.1966
5251	-70.1511
5252	-69.2869
5253	-68.8275
5254	-67.8215
5255	-66.5611
5256	-64.0389
5257	-60.8832
5258	-58.8673
5259	-58.6299
5260	-57.365
5261	-52.8817
5262	-49.8034
5263	-41.976
5264	-37.7464
5265	-41.532
5266	-52.4328
5267	-59.4148
5268	-61.7147
5269	-64.3852
5270	-66.1181
5271	-67.4849
5272	-69.0571
5273	-69.2735
5274	-68.87
5275	-70.3203
5276	-71.3042
5277	-71.8361
5278	-71.9887
5279	-72.6889
5280	-72.9739
5281	-73.3561
5282	-72.7733
5283	-73.2937
5284	-72.6525
5285	-72.0664
5286	-72.1736
5287	-71.8613
5288	-71.9212
5289	-71.815
5290	-70.7386
5291	-70.654
5292	-71.0617
5293	-71.5194
5294	-71.8732
5295	-72.2768
5296	-72.9076
5297	-72.5291
5298	-73.2821
5299	-72.6631
5300	-72.9117
5301	-71.8403
5302	-70.4554
5303	-70.1366
5304	-70.3274
5305	-70.49
5306	-69.0997
5307	-67.2272
5308	-66.2125
5309	-66.1143
5310	-65.4928
5311	-64.0496
5312	-62.1246
5313	-60.9624
5314	-57.5431
5315	-60.5568
5316	-64.8557
5317	-68.2369
5318	-68.3137
5319	-69.643
5320	-69.8334
5321	-70.1577
5322	-69.6146
5323	-66.6653
5324	-64.1005
5325	-59.6667
5326	-63.2985
5327	-68.1043
5328	-68.4075
5329	-68.5561
5330	-68.0317
5331	-67.6235
5332	-66.7607
5333	-65.3622
5334	-60.3751
5335	-50.292
5336	-49.3972
5337	-57.6032
5338	-65.3676
5339	-66.4161
5340	-67.2037
5341	-67.9333
5342	-67.8839
5343	-68.3938
5344	-68.9091
5345	-67.3109
5346	-64.2848
5347	-67.9536
5348	-72.3422
5349	-73.0726
5350	-72.6924
5351	-72.3042
5352	-72.3825
5353	-72.0957
5354	-72.4645
5355	-72.6609
5356	-71.5543
5357	-70.2657
5358	-70.3953
5359	-70.333
5360	-71.5705
5361	-71.9539
5362	-71.4964
5363	-70.9209
5364	-71.5608
5365	-71.8677
5366	-71.0764
5367	-69.8877
5368	-70.1934
5369	-70.9525
5370	-70.6639
5371	-70.9951
5372	-70.0951
5373	-69.0523
5374	-68.0984
5375	-66.0495
5376	-65.1691
5377	-64.4537
5378	-62.8176
5379	-61.4636
5380	-60.7232
5381	-60.3084
5382	-58.5886
5383	-42.9666
5384	-14.7732
5385	-3.97523
5386	-3.07452
5387	-11.7012
5388	-34.9294
5389	-57.9766
5390	-59.4335
5391	-61.0333
5392	-61.7601
5393	-62.5797
5394	-63.3906
5395	-65.0353
5396	-65.3248
5397	-67.1208
5398	-69.262
5399	-69.8298
5400	-70.3801
5401	-71.1497
5402	-71.3401
5403	-70.0951
5404	-70.3038
5405	-70.9043
5406	-71.3604
5407	-70.3728
5408	-70.8336
5409	-70.4437
5410	-71.2168
5411	-70.5075
5412	-69.335
5413	-68.7033
5414	-67.209
5415	-69.4082
5416	-71.9031
5417	-72.4644
5418	-72.4621
5419	-72.5979
5420	-72.7723
5421	-73.055
5422	-72.854
5423	-72.4571
5424	-69.2528
5425	-64.5886
5426	-67.042
5427	-69.5182
5428	-68.6198
5429	-68.4842
5430	-67.3598
5431	-67.1835
5432	-66.7071
5433	-66.096
5434	-59.9367
5435	-50.0283
5436	-49.0111
5437	-57.34
5438	-64.8072
5439	-66.3302
5440	-67.0867
5441	-67.9607
5442	-67.9291
5443	-68.6741
5444	-68.4856
5445	-64.7851
5446	-59.9823
5447	-63.5126
5448	-68.359
5449	-69.7421
5450	-70.9686
5451	-71.0313
5452	-70.7778
5453	-69.295
5454	-68.8675
5455	-68.3075
5456	-66.8712
5457	-65.8264
5458	-66.1866
5459	-65.4962
5460	-67.0786
5461	-68.5308
5462	-68.3321
5463	-67.6653
5464	-68.1889
5465	-70.4288
5466	-71.9288
5467	-72.2624
5468	-71.8795
5469	-72.0408
5470	-72.5976
5471	-73.441
5472	-73.6785
5473	-73.6713
5474	-72.9467
5475	-73.1074
5476	-71.9355
5477	-70.9981
5478	-70.1763
5479	-68.9041
5480	-69.2891
5481	-68.9422
5482	-69.7036
5483	-71.1563
5484	-70.9373
5485	-70.8416
5486	-71.391
5487	-72.4867
5488	-73.1512
5489	-73.6265
5490	-73.526
5491	-74.077
5492	-73.5155
5493	-73.1841
5494	-72.7965
5495	-72.3867
5496	-71.362
5497	-70.7194
5498	-70.3257
5499	-70.1709
5500	-69.8146
5501	-68.3011
5502	-65.9803
5503	-64.1521
5504	-64.2025
5505	-63.3554
5506	-60.7759
5507	-58.8951
5508	-58.7583
5509	-58.3095
5510	-59.509
5511	-61.7193
5512	-62.2579
5513	-61.2973
5514	-61.8399
5515	-65.7694
5516	-69.0348
5517	-70.6291
5518	-71.7169
5519	-70.8534
5520	-71.2468
5521	-72.3728
5522	-73.1998
5523	-73.8189
5524	-73.2588
5525	-72.8928
5526	-73.4444
5527	-72.7907
5528	-72.1763
5529	-71.1188
5530	-70.3774
5531	-70.7838
5532	-72.4751
5533	-72.5866
5534	-70.6117
5535	-64.1576
5536	-62.8949
5537	-69.736
5538	-72.4116
5539	-73.1418
5540	-72.7541
5541	-73.2244
5542	-73.6637
5543	-73.7089
5544	-73.1395
5545	-72.2883
5546	-71.6621
5547	-70.5747
5548	-71.1401
5549	-71.6186
5550	-71.7232
5551	-71.0385
5552	-70.4662
5553	-69.7689
5554	-69.4764
5555	-69.7966
5556	-68.2535
5557	-66.1565
5558	-65.7213
5559	-64.8172
5560	-65.4659
5561	-67.4004
5562	-68.2708
5563	-68.3701
5564	-69.0178
5565	-69.8458
5566	-69.5777
5567	-67.9424
5568	-66.0684
5569	-65.4003
5570	-66.5368
5571	-66.7213
5572	-69.6862
5573	-69.4446
5574	-68.651
5575	-67.2944
5576	-64.0867
5577	-61.7916
5578	-59.8358
5579	-57.4225
5580	-59.008
5581	-59.4156
5582	-59.3351
5583	-62.4558
5584	-63.012
5585	-64.9118
5586	-68.1989
5587	-68.7048
5588	-69.579
5589	-70.1707
5590	-68.8921
5591	-69.5164
5592	-69.3997
5593	-70.8368
5594	-71.9247
5595	-72.6995
5596	-72.7112
5597	-72.5903
5598	-72.9076
5599	-73.1747
5600	-72.9147
5601	-71.7536
5602	-68.841
5603	-65.677
5604	-65.8259
5605	-68.4827
5606	-71.1696
5607	-71.8727
5608	-70.9382
5609	-71.8083
5610	-72.3412
5611	-72.0534
5612	-72.2951
5613	-71.1321
5614	-71.1331
5615	-71.4201
5616	-70.6893
5617	-69.4201
5618	-68.8716
5619	-68.2716
5620	-67.7558
5621	-67.0773
5622	-65.8375
5623	-64.8945
5624	-63.254
5625	-58.6927
5626	-54.6635
5627	-51.6453
5628	-46.5437
5629	-43.2373
5630	-45.3632
5631	-46.4405
5632	-46.1138
5633	-50.7603
5634	-54.162
5635	-55.8025
5636	-58.3011
5637	-63.9669
5638	-65.9247
5639	-67.173
5640	-68.5464
5641	-68.6388
5642	-69.6484
5643	-70.3182
5644	-69.95
5645	-70.5477
5646	-71.0996
5647	-71.5548
5648	-71.6965
5649	-72.5292
5650	-72.848
5651	-73.3359
5652	-72.9748
5653	-71.8347
5654	-72.0134
5655	-72.4416
5656	-71.4597
5657	-70.0908
5658	-70.3445
5659	-71.5716
5660	-72.8732
5661	-74.0069
5662	-72.9648
5663	-72.4933
5664	-72.4978
5665	-73.1888
5666	-72.9425
5667	-71.3787
5668	-69.7005
5669	-68.3818
5670	-69.4734
5671	-69.3766
5672	-70.6071
5673	-70.3079
5674	-69.0783
5675	-67.4345
5676	-64.097
5677	-62.0403
5678	-60.0657
5679	-57.5364
5680	-59.4089
5681	-59.6156
5682	-60.0292
5683	-62.6284
5684	-63.7257
5685	-65.6387
5686	-68.1999
5687	-67.8654
5688	-68.4248
5689	-67.8779
5690	-65.179
5691	-66.9369
5692	-64.4745
5693	-63.7258
5694	-66.821
5695	-68.621
5696	-68.6997
5697	-67.6147
5698	-67.5148
5699	-67.216
5700	-66.7338
5701	-64.6395
5702	-61.2496
5703	-54.8858
5704	-54.5736
5705	-59.041
5706	-63.9903
5707	-68.1507
5708	-69.9433
5709	-69.6086
5710	-70.6111
5711	-70.637
5712	-70.3013
5713	-67.8026
5714	-66.3763
5715	-69.5398
5716	-73.0825
5717	-73.5435
5718	-73.595
5719	-72.3325
5720	-72.7238
5721	-73.5692
5722	-73.5902
5723	-72.4668
5724	-71.4681
5725	-69.3398
5726	-70.256
5727	-72.0391
5728	-72.9049
5729	-72.6066
5730	-72.1598
5731	-72.486
5732	-72.8618
5733	-72.7369
5734	-72.3344
5735	-71.2847
5736	-71.595
5737	-71.2913
5738	-71.0855
5739	-71.7005
5740	-71.4134
5741	-70.3426
5742	-69.3135
5743	-68.5716
5744	-67.4437
5745	-65.5788
5746	-61.942
5747	-58.5965
5748	-58.909
5749	-59.6377
5750	-57.2882
5751	-51.4377
5752	-43.0927
5753	-34.8507
5754	-34.2354
5755	-42.1793
5756	-51.9736
5757	-58.8351
5758	-62.3358
5759	-64.1602
5760	-64.6166
5761	-65.9205
5762	-67.3778
5763	-66.9278
5764	-67.0934
5765	-68.4938
5766	-70.4429
5767	-71.6311
5768	-71.8565
5769	-72.0871
5770	-72.5894
5771	-71.7158
5772	-72.3145
5773	-72.4925
5774	-71.4596
5775	-70.7504
5776	-70.2063
5777	-70.0006
5778	-69.5083
5779	-67.5661
5780	-67.9672
5781	-68.657
5782	-69.7361
5783	-71.3254
5784	-71.539
5785	-72.3009
5786	-72.8662
5787	-72.443
5788	-72.628
5789	-72.7025
5790	-72.5749
5791	-72.153
5792	-68.7948
5793	-68.2208
5794	-69.5362
5795	-69.4211
5796	-68.635
5797	-67.0481
5798	-66.5946
5799	-66.5039
5800	-66.2163
5801	-64.0231
5802	-61.1591
5803	-54.6551
5804	-53.6778
5805	-58.3933
5806	-63.7906
5807	-67.7043
5808	-68.8821
5809	-69.6666
5810	-70.6225
5811	-70.207
5812	-68.1419
5813	-64.723
5814	-63.1045
5815	-65.7459
5816	-68.6959
5817	-69.2194
5818	-70.2204
5819	-70.1595
5820	-69.5995
5821	-68.5504
5822	-67.547
5823	-66.1023
5824	-61.6484
5825	-56.3827
5826	-59.2109
5827	-67.6476
5828	-69.6908
5829	-69.7606
5830	-69.7043
5831	-69.9591
5832	-70.9214
5833	-71.3937
5834	-71.3735
5835	-70.9553
5836	-71.1876
5837	-71.8417
5838	-72.737
5839	-73.9612
5840	-74.2538
5841	-73.7196
5842	-73.354
5843	-73.2377
5844	-72.716
5845	-70.1985
5846	-66.4426
5847	-64.5267
5848	-67.7447
5849	-70.1483
5850	-71.5101
5851	-71.3309
5852	-70.6494
5853	-69.7049
5854	-70.55
5855	-72.215
5856	-73.2351
5857	-73.119
5858	-73.4479
5859	-73.4414
5860	-73.2863
5861	-72.5306
5862	-72.5779
5863	-71.6865
5864	-69.8413
5865	-70.0596
5866	-68.4179
5867	-67.2703
5868	-65.9327
5869	-63.8427
5870	-63.4908
5871	-62.8297
5872	-62.4976
5873	-39.3525
5874	-20.3322
5875	-13.7903
5876	-16.5429
5877	-29.7868
5878	-60.9503
5879	-65.0188
5880	-64.3834
5881	-64.7269
5882	-66.0062
5883	-67.6538
5884	-69.4385
5885	-70.1608
5886	-71.3161
5887	-71.8766
5888	-72.5593
5889	-73.2501
5890	-73.1053
5891	-73.8784
5892	-73.3001
5893	-72.6516
5894	-73.3105
5895	-73.0186
5896	-71.9665
5897	-70.6532
5898	-70.9815
5899	-71.4696
5900	-72.5301
5901	-72.497
5902	-70.2512
5903	-67.0177
5904	-67.4987
5905	-70.0061
5906	-72.5583
5907	-72.9324
5908	-73.3783
5909	-73.2821
5910	-74.1372
5911	-73.9336
5912	-73.133
5913	-72.0905
5914	-71.0251
5915	-70.0702
5916	-70.8575
5917	-70.6959
5918	-69.7509
5919	-69.4297
5920	-68.8735
5921	-68.3769
5922	-68.1427
5923	-67.2458
5924	-63.8892
5925	-59.9458
5926	-62.2472
5927	-66.6699
5928	-68.1061
5929	-69.0198
5930	-69.7044
5931	-70.3507
5932	-71.0932
5933	-70.1504
5934	-69.3869
5935	-65.4434
5936	-62.0244
5937	-61.7585
5938	-65.9105
5939	-68.4528
5940	-69.6964
5941	-69.1504
5942	-67.9257
5943	-67.4286
5944	-65.3672
5945	-60.1348
5946	-53.4492
5947	-51.595
5948	-57.1675
5949	-61.3844
5950	-63.8796
5951	-64.7932
5952	-65.1036
5953	-66.181
5954	-66.9569
5955	-68.3317
5956	-68.8089
5957	-67.3249
5958	-66.9403
5959	-69.7815
5960	-72.1117
5961	-72.6131
5962	-72.3247
5963	-72.543
5964	-72.5952
5965	-72.2003
5966	-72.6231
5967	-73.0074
5968	-72.4516
5969	-70.2193
5970	-69.4535
5971	-69.168
5972	-70.0687
5973	-70.9445
5974	-70.621
5975	-71.1901
5976	-71.6961
5977	-71.9569
5978	-72.3433
5979	-71.2753
5980	-71.7278
5981	-71.6525
5982	-71.2195
5983	-70.9817
5984	-70.3368
5985	-68.9917
5986	-66.8374
5987	-66.037
5988	-66.5318
5989	-65.5792
5990	-63.6472
5991	-62.9378
5992	-61.7422
5993	-59.876
5994	-53.8531
5995	-44.7169
5996	-33.1634
5997	-30.1396
5998	-36.5247
5999	-46.8901
6000	-53.0246
6001	-56.4781
6002	-57.5455
6003	-57.2349
6004	-59.5196
6005	-62.7942
6006	-64.9653
6007	-66.8506
6008	-67.3654
6009	-69.0054
6010	-70.1257
6011	-71.1571
6012	-71.1342
6013	-70.5664
6014	-70.8447
6015	-69.9268
6016	-71.1823
6017	-72.5635
6018	-72.2878
6019	-72.0572
6020	-71.9083
6021	-72.475
6022	-72.2647
6023	-71.5258
6024	-70.087
6025	-66.7954
6026	-68.8177
6027	-72.4823
6028	-73.2931
6029	-73.6057
6030	-73.2289
6031	-72.8483
6032	-73.7507
6033	-73.3897
6034	-73.6518
6035	-70.3499
6036	-66.105
6037	-65.7753
6038	-68.4057
6039	-69.5371
6040	-69.8459
6041	-68.7673
6042	-68.7327
6043	-67.7226
6044	-65.4307
6045	-60.0254
6046	-53.6266
6047	-51.5186
6048	-56.4532
6049	-61.1553
6050	-63.5974
6051	-65.488
6052	-65.6915
6053	-65.8387
6054	-67.1223
6055	-68.3571
6056	-67.7344
6057	-62.6777
6058	-62.4392
6059	-66.9405
6060	-67.5722
6061	-68.9566
6062	-69.6541
6063	-69.0755
6064	-69.6344
6065	-69.5001
6066	-68.3793
6067	-67.5299
6068	-66.7148
6069	-64.3662
6070	-62.957
6071	-61.6188
6072	-62.8768
6073	-64.2482
6074	-65.1747
6075	-67.0393
6076	-69.6281
6077	-71.3773
6078	-72.4296
6079	-71.3837
6080	-71.0996
6081	-70.7408
6082	-70.941
6083	-71.5101
6084	-73.0719
6085	-73.3928
6086	-72.6697
6087	-72.2007
6088	-72.4489
6089	-72.871
6090	-72.3608
6091	-70.7944
6092	-69.9862
6093	-68.6104
6094	-70.0838
6095	-71.78
6096	-72.4602
6097	-71.7058
6098	-72.8204
6099	-73.0336
6100	-73.1128
6101	-73.2766
6102	-73.2322
6103	-72.6412
6104	-73.0707
6105	-72.239
6106	-71.7866
6107	-71.3211
6108	-70.8529
6109	-70.7776
6110	-71.0559
6111	-70.4252
6112	-69.0473
6113	-68.1659
6114	-62.8012
6115	-59.8103
6116	-59.9903
6117	-57.7723
6118	-53.8644
6119	-51.986
6120	-51.1104
6121	-48.3024
6122	-49.8729
6123	-54.3258
6124	-56.6835
6125	-59.1154
6126	-63.4751
6127	-66.9523
6128	-67.833
6129	-69.5062
6130	-69.5043
6131	-69.7051
6132	-69.6676
6133	-70.7504
6134	-72.0342
6135	-72.7448
6136	-72.4291
6137	-72.3446
6138	-72.573
6139	-72.7525
6140	-72.6774
6141	-71.8341
6142	-71.1073
6143	-70.8438
6144	-71.852
6145	-70.0534
6146	-66.0216
6147	-64.8863
6148	-67.2239
6149	-70.0082
6150	-71.9311
6151	-72.6016
6152	-72.6971
6153	-72.451
6154	-72.5975
6155	-72.9569
6156	-72.9506
6157	-71.6637
6158	-71.937
6159	-70.9737
6160	-70.8372
6161	-71.0293
6162	-71.4021
6163	-70.2883
6164	-69.774
6165	-68.9882
6166	-66.9183
6167	-66.4206
6168	-65.389
6169	-62.8879
6170	-62.0518
6171	-60.2515
6172	-61.9492
6173	-63.9276
6174	-64.6615
6175	-67.5646
6176	-69.7554
6177	-70.4005
6178	-71.0024
6179	-69.6315
6180	-67.9378
6181	-67.7498
6182	-66.4362
6183	-67.22
6184	-69.453
6185	-69.2995
6186	-68.2957
6187	-66.4045
6188	-66.0753
6189	-65.7934
6190	-63.6826
6191	-61.3711
6192	-60.3676
6193	-56.0827
6194	-57.6628
6195	-63.007
6196	-67.2445
6197	-68.7473
6198	-69.5828
6199	-70.238
6200	-70.8123
6201	-70.9638
6202	-70.2988
6203	-69.136
6204	-69.6399
6205	-71.5291
6206	-72.8308
6207	-73.1293
6208	-73.4531
6209	-73.7028
6210	-73.7426
6211	-73.4036
6212	-72.6413
6213	-71.7515
6214	-64.3677
6215	-61.9014
6216	-68.0953
6217	-71.2573
6218	-72.0381
6219	-71.1498
6220	-70.4828
6221	-70.8039
6222	-72.0305
6223	-72.0913
6224	-71.9731
6225	-71.5521
6226	-72.1103
6227	-72.7636
6228	-72.0326
6229	-71.4343
6230	-70.2895
6231	-69.4695
6232	-68.633
6233	-67.9066
6234	-66.6408
6235	-64.3432
6236	-61.1778
6237	-58.8995
6238	-58.3292
6239	-57.2627
6240	-53.5744
6241	-49.8607
6242	-43.0295
6243	-37.3824
6244	-39.5637
6245	-50.1018
6246	-57.833
6247	-61.1101
6248	-63.592
6249	-65.528
6250	-67.0259
6251	-68.4577
6252	-69.1339
6253	-68.6164
6254	-69.6412
6255	-70.7832
6256	-71.5939
6257	-71.7271
6258	-72.4479
6259	-72.6908
6260	-73.5312
6261	-72.7504
6262	-73.3259
6263	-72.5715
6264	-72.2097
6265	-72.2465
6266	-71.6785
6267	-72.0371
6268	-71.9306
6269	-70.813
6270	-70.7745
6271	-71.1872
6272	-71.6315
6273	-72.1438
6274	-72.5068
6275	-72.8764
6276	-72.6855
6277	-72.972
6278	-72.6101
6279	-72.8977
6280	-72.2398
6281	-70.3662
6282	-69.9903
6283	-69.9459
6284	-70.6219
6285	-69.5208
6286	-67.5822
6287	-66.4446
6288	-65.9719
6289	-65.6553
6290	-64.2434
6291	-62.1044
6292	-61.2542
6293	-57.2808
6294	-59.0665
6295	-63.8609
6296	-67.4182
6297	-68.2563
6298	-69.3192
6299	-69.8039
6300	-70.1367
6301	-69.7746
6302	-66.9193
6303	-64.8777
6304	-60.1061
6305	-62.2081
6306	-67.4957
6307	-68.5571
6308	-68.9252
6309	-68.0709
6310	-67.885
6311	-67.133
6312	-65.8914
6313	-62.1546
6314	-51.7841
6315	-48.9916
6316	-55.5723
6317	-64.5645
6318	-66.4046
6319	-67.1771
6320	-68.2054
6321	-68.1824
6322	-68.4208
6323	-69.0132
6324	-68.276
6325	-64.4405
6326	-66.8048
6327	-72.1367
6328	-73.4089
6329	-73.1503
6330	-72.8233
6331	-72.752
6332	-72.394
6333	-72.7738
6334	-73.0067
6335	-72.5269
6336	-71.0098
6337	-70.5808
6338	-70.6199
6339	-71.6624
6340	-72.4731
6341	-72.0893
6342	-71.1458
6343	-71.6722
6344	-72.3715
6345	-71.8929
6346	-70.6768
6347	-70.8684
6348	-71.5379
6349	-71.3393
6350	-71.599
6351	-70.8425
6352	-70.0098
6353	-69.0334
6354	-66.9083
6355	-65.9091
6356	-65.1189
6357	-63.1296
6358	-61.8133
6359	-60.8819
6360	-60.4392
6361	-59.4283
6362	-53.3412
6363	-20.0591
6364	-6.84605
6365	-4.11353
6366	-10.6906
6367	-29.9448
6368	-57.4001
6369	-59.276
6370	-60.9123
6371	-61.7298
6372	-62.4559
6373	-63.3982
6374	-65.4311
6375	-65.5936
6376	-66.9141
6377	-69.8027
6378	-70.5044
6379	-70.8819
6380	-71.5834
6381	-71.9342
6382	-70.7732
6383	-70.8144
6384	-71.0673
6385	-71.7495
6386	-71.0386
6387	-70.8682
6388	-70.8486
6389	-71.5409
6390	-70.7644
6391	-69.5528
6392	-69.0829
6393	-67.3164
6394	-68.5655
6395	-71.9139
6396	-72.6903
6397	-72.6465
6398	-73.0306
6399	-73.1602
6400	-73.0451
6401	-72.9917
6402	-72.6455
6403	-70.5647
6404	-65.1546
6405	-66.2685
6406	-69.3766
6407	-68.8785
6408	-68.6355
6409	-67.557
6410	-67.1669
6411	-67.0305
6412	-66.5647
6413	-62.2014
6414	-51.4777
6415	-48.5636
6416	-55.2403
6417	-64.0291
6418	-66.1312
6419	-67.147
6420	-67.8645
6421	-68.0629
6422	-68.8161
6423	-68.5953
6424	-66.203
6425	-60.5235
6426	-62.3404
6427	-68.0107
6428	-69.4497
6429	-70.6578
6430	-71.127
6431	-71.1506
6432	-69.6916
6433	-69.0912
6434	-68.4614
6435	-66.1425
6436	-64.4534
6437	-65.445
6438	-65.639
6439	-66.8963
6440	-68.6438
6441	-68.7724
6442	-67.9597
6443	-68.1692
6444	-70.3439
6445	-71.9552
6446	-72.1966
6447	-71.8982
6448	-72.1241
6449	-72.5637
6450	-73.2509
6451	-73.6987
6452	-73.7417
6453	-73.0768
6454	-73.3049
6455	-72.1656
6456	-71.1916
6457	-70.3988
6458	-68.916
6459	-68.6786
6460	-68.8946
6461	-69.0096
6462	-71.012
6463	-70.8765
6464	-70.8117
6465	-71.273
6466	-72.0363
6467	-73.2635
6468	-73.5707
6469	-73.3124
6470	-74.1493
6471	-73.6891
6472	-73.3195
6473	-72.8239
6474	-72.7299
6475	-71.5594
6476	-70.7882
6477	-70.3861
6478	-70.5389
6479	-70.252
6480	-68.5916
6481	-66.3318
6482	-64.4802
6483	-64.1652
6484	-62.7997
6485	-57.6042
6486	-53.3498
6487	-55.3231
6488	-58.4969
6489	-59.6591
6490	-61.8305
6491	-62.6834
6492	-61.6874
6493	-61.6271
6494	-64.7972
6495	-68.3486
6496	-70.8827
6497	-71.885
6498	-71.1372
6499	-71.1468
6500	-72.3867
6501	-73.3679
6502	-73.8767
6503	-73.3855
6504	-72.8601
6505	-73.5173
6506	-73.2406
6507	-72.1622
6508	-71.6919
6509	-70.4466
6510	-70.6982
6511	-72.0823
6512	-72.6825
6513	-71.1123
6514	-65.7517
6515	-62.6015
6516	-68.2302
6517	-72.1396
6518	-73.1488
6519	-72.7136
6520	-73.2963
6521	-73.5727
6522	-73.5872
6523	-73.4812
6524	-72.4102
6525	-71.9586
6526	-70.484
6527	-71.1903
6528	-71.751
6529	-71.6415
6530	-71.3518
6531	-70.5454
6532	-69.9397
6533	-69.4901
6534	-69.6979
6535	-69.2494
6536	-67.4496
6537	-66.7379
6538	-65.2427
6539	-65.516
6540	-67.3851
6541	-68.4474
6542	-68.5977
6543	-68.9134
6544	-69.8688
6545	-69.798
6546	-68.3311
6547	-66.3732
6548	-65.1522
6549	-66.3837
6550	-66.3312
6551	-69.1397
6552	-69.4924
6553	-68.7666
6554	-67.7853
6555	-64.5245
6556	-62.2221
6557	-60.2699
6558	-57.4273
6559	-58.3137
6560	-59.6373
6561	-58.7453
6562	-61.6387
6563	-62.6293
6564	-64.359
6565	-67.5422
6566	-68.4518
6567	-69.2905
6568	-70.4043
6569	-68.9287
6570	-69.3341
6571	-68.9445
6572	-70.7057
6573	-71.6846
6574	-72.5594
6575	-72.7343
6576	-72.7004
6577	-72.9754
6578	-73.2569
6579	-72.7414
6580	-72.4443
6581	-69.6462
6582	-66.2619
6583	-65.8892
6584	-68.055
6585	-70.8136
6586	-72.1256
6587	-71.1217
6588	-71.9982
6589	-72.3526
6590	-72.0807
6591	-72.0009
6592	-71.1659
6593	-70.7777
6594	-71.3606
6595	-70.7942
6596	-69.6261
6597	-68.9784
6598	-68.3554
6599	-67.5828
6600	-67.2229
6601	-66.1267
6602	-64.9526
6603	-63.6137
6604	-59.3928
6605	-55.3103
6606	-52.2828
6607	-47.7178
6608	-43.2406
6609	-44.3012
6610	-46.5794
6611	-45.3755
6612	-49.3417
6613	-53.3149
6614	-55.3455
6615	-57.4359
6616	-62.9695
6617	-65.435
6618	-66.7881
6619	-68.2947
6620	-68.6962
6621	-69.4432
6622	-70.1696
6623	-69.8716
6624	-70.3676
6625	-70.8784
6626	-71.4404
6627	-71.4809
6628	-72.3897
6629	-72.835
6630	-73.0516
6631	-73.143
6632	-71.9697
6633	-72.0983
6634	-72.4609
6635	-71.3873
6636	-70.176
6637	-70.0378
6638	-71.3578
6639	-72.4947
6640	-74.0001
6641	-73.295
6642	-72.5951
6643	-72.2759
6644	-73.0975
6645	-72.9968
6646	-71.4908
6647	-70.0684
6648	-68.252
6649	-68.9844
6650	-68.976
6651	-70.1977
6652	-70.5145
6653	-69.0935
6654	-67.954
6655	-64.6279
6656	-62.1457
6657	-60.5503
6658	-57.5905
6659	-58.3713
6660	-59.9738
6661	-59.3161
6662	-62.1035
6663	-63.1268
6664	-65.1865
6665	-67.8149
6666	-67.8692
6667	-68.241
6668	-68.3588
6669	-65.2879
6670	-66.5914
6671	-65.3296
6672	-63.4526
6673	-65.92
6674	-68.551
6675	-68.981
6676	-68.1431
6677	-67.7701
6678	-67.5675
6679	-67.0888
6680	-65.5304
6681	-62.8845
6682	-55.9999
6683	-54.4822
6684	-58.5398
6685	-63.3891
6686	-67.4714
6687	-69.7963
6688	-69.8
6689	-70.4102
6690	-70.8116
6691	-70.3773
6692	-68.4192
6693	-66.5015
6694	-69.0179
6695	-72.2117
6696	-73.6623
6697	-73.6019
6698	-72.7144
6699	-72.7654
6700	-73.3826
6701	-73.9138
6702	-72.5694
6703	-71.8674
6704	-69.4487
6705	-69.8573
6706	-71.7786
6707	-72.8589
6708	-72.9258
6709	-72.2251
6710	-72.1699
6711	-72.8771
6712	-72.7061
6713	-72.5011
6714	-71.577
6715	-71.4185
6716	-71.5407
6717	-71.1803
6718	-71.6295
6719	-71.6145
6720	-70.5292
6721	-69.7186
6722	-68.8781
6723	-68.1657
6724	-66.1154
6725	-62.9673
6726	-59.3681
6727	-59.0357
6728	-60.3435
6729	-58.0888
6730	-53.0885
6731	-45.5639
6732	-36.5265
6733	-33.9676
6734	-40.3313
6735	-50.9335
6736	-57.9648
6737	-62.0824
6738	-64.0987
6739	-64.8159
6740	-65.804
6741	-67.438
6742	-67.066
6743	-67.0667
6744	-68.1138
6745	-70.1645
6746	-71.8379
6747	-71.7887
6748	-72.1761
6749	-72.9292
6750	-71.8053
6751	-72.2709
6752	-72.58
6753	-71.7691
6754	-71.0363
6755	-70.2855
6756	-70.1426
6757	-69.7899
6758	-67.7048
6759	-67.5135
6760	-68.8755
6761	-69.0861
6762	-71.0169
6763	-71.5372
6764	-72.0486
6765	-72.8508
6766	-72.6969
6767	-72.9217
6768	-72.7051
6769	-72.7812
6770	-72.3624
6771	-69.5961
6772	-68.1653
6773	-69.4875
6774	-69.4951
6775	-69.1656
6776	-67.4423
6777	-66.8577
6778	-66.8724
6779	-66.8702
6780	-64.8777
6781	-62.1659
6782	-55.9794
6783	-53.7012
6784	-57.4964
6785	-62.8666
6786	-67.3056
6787	-68.9749
6788	-69.5909
6789	-70.3355
6790	-70.8198
6791	-68.7668
6792	-65.9225
6793	-63.286
6794	-65.2478
6795	-68.213
6796	-69.0898
6797	-70.1189
6798	-70.1176
6799	-69.8513
6800	-68.7839
6801	-67.6865
6802	-66.2704
6803	-62.6168
6804	-56.0102
6805	-57.1764
6806	-65.9051
6807	-69.3593
6808	-70.0277
6809	-69.4712
6810	-69.9913
6811	-70.5912
6812	-71.3826
6813	-71.2467
6814	-71.0213
6815	-70.6673
6816	-71.6824
6817	-72.5
6818	-74.1044
6819	-73.9149
6820	-73.6951
6821	-73.4783
6822	-73.3774
6823	-72.9824
6824	-71.0226
6825	-67.1832
6826	-64.4872
6827	-66.61
6828	-69.5876
6829	-71.3034
6830	-71.5996
6831	-70.8044
6832	-69.7776
6833	-70.3024
6834	-71.7908
6835	-73.0542
6836	-72.7883
6837	-73.2344
6838	-73.1686
6839	-73.407
6840	-72.4514
6841	-72.4726
6842	-71.6692
6843	-69.8667
6844	-69.5273
6845	-68.3546
6846	-66.9818
6847	-65.9124
6848	-63.9525
6849	-63.505
6850	-62.5986
6851	-62.5846
6852	-45.7374
6853	-22.9628
6854	-14.3773
6855	-15.2992
6856	-26.1278
6857	-54.0043
6858	-64.6397
6859	-64.3104
6860	-64.76
6861	-65.5638
6862	-67.3393
6863	-69.0271
6864	-69.5044
6865	-71.0624
6866	-71.5592
6867	-72.1731
6868	-72.8083
6869	-72.8006
6870	-73.5598
6871	-73.3098
6872	-72.5214
6873	-73.1493
6874	-72.9371
6875	-72.268
6876	-70.8756
6877	-70.9249
6878	-71.3103
6879	-72.5033
6880	-72.7718
6881	-70.8629
6882	-67.7581
6883	-67.2706
6884	-69.8035
6885	-72.3131
6886	-72.8875
6887	-73.0996
6888	-73.2696
6889	-73.9782
6890	-73.974
6891	-73.3748
6892	-72.2727
6893	-71.2107
6894	-69.7044
6895	-70.556
6896	-70.5943
6897	-69.7878
6898	-69.2964
6899	-68.7324
6900	-68.3731
6901	-68.1253
6902	-67.1577
6903	-64.1371
6904	-59.1602
6905	-60.0234
6906	-65.7786
6907	-68.1465
6908	-68.6044
6909	-69.708
6910	-70.1632
6911	-70.8861
6912	-70.5259
6913	-69.5648
6914	-66.1077
6915	-62.3806
6916	-61.2596
6917	-65.0985
6918	-68.026
6919	-69.5948
6920	-69.3394
6921	-68.0966
6922	-67.5417
6923	-66.2149
6924	-61.1299
6925	-54.6646
6926	-51.4891
6927	-55.5164
6928	-60.9859
6929	-63.4016
6930	-64.5333
6931	-65.3179
6932	-65.9775
6933	-66.7228
6934	-67.8586
6935	-68.8098
6936	-67.729
6937	-66.8448
6938	-69.4039
6939	-71.6583
6940	-72.6672
6941	-72.3825
6942	-72.6006
6943	-72.3829
6944	-72.2041
6945	-72.6815
6946	-72.9377
6947	-72.8453
6948	-70.8403
6949	-69.8211
6950	-69.2202
6951	-70.0834
6952	-71.0972
6953	-70.7945
6954	-71.1636
6955	-71.6195
6956	-71.9011
6957	-72.3354
6958	-71.3053
6959	-71.8321
6960	-71.7436
6961	-71.3068
6962	-71.0619
6963	-70.5873
6964	-69.3533
6965	-67.1448
6966	-66.0763
6967	-66.4831
6968	-66.1562
6969	-63.8737
6970	-62.948
6971	-62.2371
6972	-60.5461
6973	-55.5596
6974	-47.4268
6975	-34.6837
6976	-29.8416
6977	-34.4566
6978	-45.4773
6979	-51.5615
6980	-55.9859
6981	-57.9019
6982	-57.2748
6983	-58.7048
6984	-62.1846
6985	-64.6816
6986	-66.5585
6987	-67.1501
6988	-68.6449
6989	-69.8795
6990	-71.2095
6991	-71.3474
6992	-70.6554
6993	-70.8387
6994	-69.9583
6995	-70.6671
6996	-72.241
6997	-72.3372
6998	-72.0632
6999	-71.9702
7000	-72.4333
7001	-72.3167
7002	-71.4616
7003	-70.5263
7004	-66.7794
7005	-67.6214
7006	-72.121
7007	-73.1177
7008	-73.5303
7009	-73.4674
7010	-72.9758
7011	-73.3125
7012	-73.3522
7013	-73.6051
7014	-71.2867
7015	-66.7705
7016	-65.3871
7017	-67.9434
7018	-69.3134
7019	-69.9741
7020	-69.0105
7021	-68.9509
7022	-67.8475
7023	-66.3372
7024	-61.16
7025	-54.8036
7026	-51.4032
7027	-55.0597
7028	-60.6737
7029	-62.9726
7030	-65.1549
7031	-65.6667
7032	-65.7267
7033	-66.8942
7034	-68.0683
7035	-68.1853
7036	-63.3662
7037	-62.1039
7038	-66.041
7039	-67.4633
7040	-68.6409
7041	-69.734
7042	-69.3514
7043	-69.6175
7044	-69.7868
7045	-69.1103
7046	-68.3232
7047	-67.7993
7048	-65.4698
7049	-63.6347
7050	-62.3329
7051	-63.0257
7052	-64.5248
7053	-65.0951
7054	-66.6519
7055	-69.2799
7056	-71.2186
7057	-72.4047
7058	-71.8242
7059	-71.2532
7060	-70.8539
7061	-71.142
7062	-71.2772
7063	-72.8908
7064	-73.3906
7065	-72.8283
7066	-72.1301
7067	-72.4223
7068	-72.601
7069	-72.6152
7070	-70.8841
7071	-70.0676
7072	-68.4226
7073	-69.3405
7074	-71.1829
7075	-72.5694
7076	-71.8746
7077	-72.3823
7078	-72.948
7079	-73.1342
7080	-73.1086
7081	-73.0078
7082	-72.8603
7083	-73.5414
7084	-72.4079
7085	-71.9284
7086	-71.617
7087	-70.879
7088	-71.0313
7089	-70.9508
7090	-70.66
7091	-69.4631
7092	-68.9616
7093	-64.52
7094	-60.2709
7095	-60.5558
7096	-59.2207
7097	-55.9248
7098	-53.1654
7099	-52.2832
7100	-49.2132
7101	-49.8428
7102	-54.0239
7103	-56.7027
7104	-58.6832
7105	-62.5425
7106	-66.7466
7107	-68.15
7108	-69.5038
7109	-69.9417
7110	-69.6679
7111	-69.7214
7112	-70.6562
7113	-71.9198
7114	-72.9083
7115	-72.7255
7116	-72.3467
7117	-72.6427
7118	-72.7868
7119	-72.6124
7120	-72.0522
7121	-71.1192
7122	-70.8185
7123	-71.814
7124	-70.8507
7125	-66.9978
7126	-64.6504
7127	-66.4416
7128	-69.7909
7129	-71.5644
7130	-72.2317
7131	-72.9041
7132	-72.5584
7133	-72.5535
7134	-72.9284
7135	-73.2349
7136	-71.9778
7137	-71.9925
7138	-71.235
7139	-70.8876
7140	-71.2272
7141	-71.5787
7142	-70.8264
7143	-69.8889
7144	-70.0385
7145	-67.4279
7146	-67.0341
7147	-66.3418
7148	-63.6541
7149	-62.9799
7150	-60.7691
7151	-61.9719
7152	-63.8163
7153	-64.5243
7154	-66.9821
7155	-69.5504
7156	-70.5334
7157	-70.825
7158	-70.0463
7159	-68.1966
7160	-67.9191
7161	-66.4644
7162	-66.5302
7163	-69.318
7164	-69.5684
7165	-68.5447
7166	-66.6147
7167	-65.9141
7168	-65.6337
7169	-63.8329
7170	-61.5436
7171	-60.6419
7172	-56.3987
7173	-56.3485
7174	-61.7707
7175	-66.2357
7176	-68.7042
7177	-69.2087
7178	-69.968
7179	-70.7063
7180	-71.0278
7181	-70.1001
7182	-69.3369
7183	-69.1242
7184	-71.0049
7185	-72.8202
7186	-73.2921
7187	-73.1883
7188	-73.7482
7189	-73.6729
7190	-73.3146
7191	-72.5745
7192	-72.2851
7193	-66.0547
7194	-61.719
7195	-66.6106
7196	-71.0276
7197	-71.9805
7198	-71.4539
7199	-70.6096
7200	-70.6788
7201	-71.75
7202	-72.0667
7203	-72.1585
7204	-71.1835
7205	-71.8826
7206	-72.6796
7207	-71.7876
7208	-71.6963
7209	-70.7287
7210	-69.5625
7211	-68.4565
7212	-67.8975
7213	-66.7558
7214	-64.7411
7215	-61.6008
7216	-58.9984
7217	-58.1495
7218	-57.3936
7219	-54.3771
7220	-49.9657
7221	-44.3416
7222	-37.4657
7223	-38.0688
7224	-47.258
7225	-55.8506
7226	-60.4062
7227	-62.7985
7228	-65.0178
7229	-66.4824
7230	-68.0832
7231	-68.9806
7232	-68.4139
7233	-69.1416
7234	-70.5666
7235	-71.3731
7236	-71.7114
7237	-72.3625
7238	-72.5137
7239	-73.3123
7240	-72.8588
7241	-73.0631
7242	-72.6126
7243	-72.4203
7244	-72.0978
7245	-71.8054
7246	-72.1386
7247	-71.8256
7248	-71.1617
7249	-70.9304
7250	-71.0846
7251	-71.5889
7252	-72.2912
7253	-72.4393
7254	-72.7873
7255	-72.527
7256	-73.0492
7257	-72.9313
7258	-72.9823
7259	-72.4802
7260	-70.6521
7261	-69.7586
7262	-69.7091
7263	-70.7009
7264	-69.6681
7265	-67.9236
7266	-66.4495
7267	-65.9181
7268	-65.4961
7269	-64.4226
7270	-62.0927
7271	-61.1057
7272	-57.4324
7273	-57.548
7274	-62.7732
7275	-66.375
7276	-68.1746
7277	-68.7238
7278	-69.978
7279	-69.9811
7280	-69.7477
7281	-67.345
7282	-65.3826
7283	-60.9021
7284	-61.1641
7285	-66.8052
7286	-68.76
7287	-68.9909
7288	-68.1407
7289	-68.1189
7290	-67.3755
7291	-66.2091
7292	-63.8427
7293	-53.7435
7294	-48.983
7295	-53.6778
7296	-63.4654
7297	-66.315
7298	-67.0748
7299	-68.0959
7300	-68.3213
7301	-68.5269
7302	-69.0011
7303	-68.9979
7304	-65.0061
7305	-65.7615
7306	-71.6181
7307	-73.3846
7308	-73.5148
7309	-73.1432
7310	-72.8689
7311	-72.7178
7312	-72.984
7313	-73.1548
7314	-72.9521
7315	-71.2645
7316	-70.7053
7317	-70.6664
7318	-71.6012
7319	-72.8385
7320	-72.3244
7321	-71.1189
7322	-71.6519
7323	-72.3128
7324	-72.5768
7325	-71.1243
7326	-70.9443
7327	-71.5546
7328	-71.8043
7329	-71.6464
7330	-71.2537
7331	-70.8512
7332	-69.2727
7333	-67.6542
7334	-66.5076
7335	-65.6315
7336	-63.5795
7337	-62.2508
7338	-61.0677
7339	-60.7108
7340	-59.9744
7341	-57.2291
7342	-25.8703
7343	-9.93336
7344	-5.32889
7345	-9.9627
7346	-25.9986
7347	-56.7947
7348	-59.3828
7349	-61.0121
7350	-61.696
7351	-62.4346
7352	-63.5598
7353	-65.5878
7354	-65.6318
7355	-66.8177
7356	-69.231
7357	-70.9107
7358	-71.4475
7359	-71.5437
7360	-71.8387
7361	-71.5786
7362	-71.0313
7363	-71.3831
7364	-72.0112
7365	-71.1222
7366	-70.7441
7367	-71.0976
7368	-71.6792
7369	-71.0297
7370	-69.6481
7371	-69.3674
7372	-67.2943
7373	-67.725
7374	-71.2738
7375	-72.6785
7376	-72.699
7377	-72.9415
7378	-73.3975
7379	-73.1964
7380	-73.0127
7381	-72.8088
7382	-71.6552
7383	-66.044
7384	-65.6936
7385	-69.0248
7386	-69.1426
7387	-68.8044
7388	-67.8028
7389	-67.3133
7390	-67.2496
7391	-66.7066
7392	-64.1853
7393	-53.369
7394	-48.5122
7395	-53.1758
7396	-62.8179
7397	-66.0189
7398	-67.1946
7399	-67.6728
7400	-68.1801
7401	-68.779
7402	-68.6934
7403	-67.3305
7404	-61.3929
7405	-61.4043
7406	-67.2315
7407	-69.106
7408	-70.3773
7409	-71.4982
7410	-71.0388
7411	-69.9903
7412	-69.1062
7413	-68.5409
7414	-66.0342
7415	-63.5579
7416	-63.6671
7417	-65.4386
7418	-66.7369
7419	-68.7028
7420	-69.1563
7421	-68.368
7422	-68.1969
7423	-70.2135
7424	-71.7656
7425	-72.3911
7426	-71.9781
7427	-71.9782
7428	-72.3874
7429	-73.1988
7430	-73.8937
7431	-73.877
7432	-73.2103
7433	-73.5575
7434	-72.515
7435	-71.2698
7436	-70.5204
7437	-69.108
7438	-68.3164
7439	-68.8916
7440	-68.5524
7441	-71.0186
7442	-70.953
7443	-70.5346
7444	-71.106
7445	-71.8013
7446	-73.2745
7447	-73.5575
7448	-73.1629
7449	-74.0365
7450	-73.8272
7451	-73.4437
7452	-72.9902
7453	-72.8998
7454	-71.7673
7455	-70.7809
7456	-70.3431
7457	-70.3686
7458	-70.4535
7459	-68.847
7460	-66.8079
7461	-64.7966
7462	-64.1011
7463	-62.3823
7464	-56.6371
7465	-50.6269
7466	-50.5075
7467	-56.7916
7468	-59.6483
7469	-61.9174
7470	-63.0822
7471	-62.0661
7472	-61.6119
7473	-63.8831
7474	-67.9681
7475	-70.7343
7476	-71.8237
7477	-71.5185
7478	-71.0436
7479	-72.1561
7480	-73.1156
7481	-73.6215
7482	-73.5014
7483	-72.7055
7484	-73.3337
7485	-73.496
7486	-72.3685
7487	-72.36
7488	-70.4456
7489	-70.6223
7490	-71.6071
7491	-72.9984
7492	-71.7364
7493	-67.5439
7494	-62.6966
7495	-66.736
7496	-72.0415
7497	-73.0641
7498	-72.7542
7499	-73.2092
7500	-73.454
7501	-73.7251
7502	-73.7329
7503	-72.6181
7504	-72.2498
7505	-70.5862
7506	-70.7307
7507	-71.841
7508	-71.6513
7509	-71.5111
7510	-70.4726
7511	-70.3368
7512	-69.5509
7513	-69.5661
7514	-69.092
7515	-67.7339
7516	-66.6903
7517	-65.7826
7518	-65.4704
7519	-67.2697
7520	-68.4928
7521	-69.017
7522	-68.919
7523	-69.6591
7524	-70.045
7525	-68.5417
7526	-66.8339
7527	-64.8926
7528	-65.8967
7529	-66.0373
7530	-68.3095
7531	-69.604
7532	-68.8315
7533	-67.9851
7534	-65.2713
7535	-62.5756
7536	-60.8099
7537	-57.6467
7538	-57.5005
7539	-60.1121
7540	-58.3328
7541	-61.0584
7542	-62.3884
7543	-63.8447
7544	-66.9354
7545	-68.2679
7546	-68.9808
7547	-70.3886
7548	-68.9102
7549	-68.9242
7550	-68.7437
7551	-70.4929
7552	-71.3447
7553	-72.2024
7554	-72.8592
7555	-73.0874
7556	-73.0302
7557	-73.3655
7558	-73.3022
7559	-72.9318
7560	-70.4293
7561	-67.1736
7562	-65.7742
7563	-67.8732
7564	-70.365
7565	-72.0624
7566	-71.3104
7567	-71.7687
7568	-72.3037
7569	-72.2211
7570	-72.0791
7571	-71.4978
7572	-70.5263
7573	-71.3302
7574	-70.9363
7575	-69.7538
7576	-69.183
7577	-68.3823
7578	-67.7227
7579	-67.2783
7580	-66.3906
7581	-64.9211
7582	-63.8271
7583	-60.3699
7584	-55.8635
7585	-52.9103
7586	-48.7441
7587	-43.4862
7588	-43.4906
7589	-46.9935
7590	-44.9669
7591	-48.061
7592	-52.637
7593	-54.9733
7594	-56.7937
7595	-61.708
7596	-64.8697
7597	-66.3316
7598	-67.771
7599	-68.6686
7600	-68.782
7601	-69.9812
7602	-69.9787
7603	-70.0472
7604	-70.6785
7605	-71.3733
7606	-71.5776
7607	-72.4332
7608	-72.6667
7609	-72.941
7610	-73.17
7611	-72.2702
7612	-71.9783
7613	-72.3649
7614	-71.3164
7615	-70.2664
7616	-69.464
7617	-70.7796
7618	-72.2874
7619	-73.8207
7620	-73.7157
7621	-72.9549
7622	-72.2296
7623	-73.1947
7624	-72.8905
7625	-71.6429
7626	-70.5646
7627	-68.2985
7628	-68.7099
7629	-68.8943
7630	-69.7359
7631	-70.6887
7632	-69.1317
7633	-68.2922
7634	-65.2976
7635	-62.3885
7636	-60.8557
7637	-57.865
7638	-57.6818
7639	-60.4684
7640	-58.8522
7641	-61.4022
7642	-62.5561
7643	-64.767
7644	-67.1799
7645	-68.0335
7646	-68.1065
7647	-68.5018
7648	-65.5226
7649	-65.9978
7650	-65.8801
7651	-63.5998
7652	-65.3158
7653	-68.5501
7654	-69.1782
7655	-68.7387
7656	-68.072
7657	-67.99
7658	-67.3576
7659	-66.1496
7660	-63.9404
7661	-57.2886
7662	-54.5858
7663	-57.8926
7664	-62.5798
7665	-66.6593
7666	-69.4754
7667	-70.0029
7668	-70.3063
7669	-70.9377
7670	-70.5271
7671	-69.0689
7672	-66.7967
7673	-68.3835
7674	-71.6303
7675	-73.8548
7676	-73.6653
7677	-73.1166
7678	-72.5165
7679	-72.9438
7680	-73.918
7681	-72.749
7682	-72.0496
7683	-69.4625
7684	-69.2158
7685	-71.4856
7686	-72.7057
7687	-73.0193
7688	-72.2404
7689	-72.1487
7690	-72.7106
7691	-72.9269
7692	-72.6982
7693	-71.8154
7694	-71.3114
7695	-71.6643
7696	-71.2915
7697	-71.8397
7698	-72.1044
7699	-70.9046
7700	-69.9956
7701	-69.3631
7702	-68.8357
7703	-66.8047
7704	-64.131
7705	-60.1331
7706	-59.1735
7707	-60.4594
7708	-58.9825
7709	-54.9148
7710	-48.0511
7711	-38.4323
7712	-34.1569
7713	-38.9041
7714	-49.9469
7715	-56.9548
7716	-61.526
7717	-64.0083
7718	-65.0845
7719	-65.7253
7720	-67.5187
7721	-67.2848
7722	-67.3001
7723	-67.892
7724	-69.9877
7725	-71.9395
7726	-71.7011
7727	-72.2655
7728	-72.9218
7729	-72.0523
7730	-72.2538
7731	-72.4855
7732	-71.9034
7733	-71.0262
7734	-70.2015
7735	-70.1248
7736	-69.9988
7737	-68.0776
7738	-67.0937
7739	-68.8697
7740	-68.6787
7741	-70.6747
7742	-71.5078
7743	-71.9321
7744	-72.6822
7745	-72.922
7746	-72.7774
7747	-72.7605
7748	-72.9721
7749	-72.7147
7750	-70.5318
7751	-68.2601
7752	-69.5774
7753	-69.7097
7754	-69.697
7755	-67.6592
7756	-67.1271
7757	-67.1197
7758	-67.1378
7759	-65.6336
7760	-63.0149
7761	-57.45
7762	-53.8328
7763	-56.7962
7764	-62.0187
7765	-66.6731
7766	-69.0494
7767	-69.5974
7768	-70.4251
7769	-71.174
7770	-69.3628
7771	-66.8501
7772	-63.6968
7773	-64.8182
7774	-67.7609
7775	-69.245
7776	-69.6834
7777	-70.0801
7778	-69.8461
7779	-68.7838
7780	-67.8477
7781	-66.3252
7782	-63.6788
7783	-56.1444
7784	-55.4841
7785	-63.2921
7786	-68.9404
7787	-70.0289
7788	-69.3125
7789	-69.8505
7790	-70.3075
7791	-71.3223
7792	-71.1494
7793	-71.0182
7794	-70.2859
7795	-71.4935
7796	-72.2825
7797	-73.9449
7798	-73.9549
7799	-73.786
7800	-73.4842
7801	-73.3655
7802	-73.2302
7803	-71.6559
7804	-68.0357
7805	-64.6201
7806	-65.8278
7807	-69.2696
7808	-71.0536
7809	-71.6916
7810	-70.838
7811	-69.9162
7812	-69.8637
7813	-71.4523
7814	-72.8387
7815	-72.7858
7816	-72.9841
7817	-73.0606
7818	-73.5611
7819	-72.6001
7820	-72.402
7821	-71.7438
7822	-69.9984
7823	-69.2602
7824	-68.3945
7825	-66.9452
7826	-65.8555
7827	-64.098
7828	-63.2554
7829	-62.5267
7830	-62.1495
7831	-53.0626
7832	-26.1189
7833	-15.3403
7834	-14.4441
7835	-23.0725
7836	-46.2028
7837	-63.7744
7838	-64.1034
7839	-64.6746
7840	-65.2348
7841	-66.9131
7842	-68.407
7843	-68.9338
7844	-70.584
7845	-71.4412
7846	-71.9753
7847	-72.4591
7848	-72.6952
7849	-73.3496
7850	-73.6242
7851	-72.534
7852	-72.7764
7853	-73.1543
7854	-72.5435
7855	-71.1738
7856	-70.9257
7857	-71.31
7858	-72.5251
7859	-72.7556
7860	-71.4992
7861	-68.5039
7862	-67.1238
7863	-69.6068
7864	-71.8168
7865	-72.9327
7866	-72.9706
7867	-73.2981
7868	-74.1349
7869	-73.9043
7870	-73.686
7871	-72.5585
7872	-71.6056
7873	-69.4122
7874	-70.1889
7875	-70.7322
7876	-69.8563
7877	-69.3891
7878	-68.7928
7879	-68.5029
7880	-67.9225
7881	-67.2634
7882	-64.7172
7883	-58.9335
7884	-58.1196
7885	-64.3765
7886	-67.988
7887	-68.4796
7888	-69.5226
7889	-70.1201
7890	-70.6035
7891	-70.8907
7892	-69.4841
7893	-66.8238
7894	-62.8068
7895	-61.1068
7896	-64.352
7897	-67.4422
7898	-69.2933
7899	-69.601
7900	-68.3501
7901	-67.516
7902	-66.8054
7903	-62.1329
7904	-56.103
7905	-51.4126
7906	-54.0598
7907	-60.6073
7908	-62.9245
7909	-64.2845
7910	-65.2665
7911	-65.5629
7912	-66.5344
7913	-67.6604
7914	-68.82
7915	-68.0976
7916	-66.8589
7917	-68.7148
7918	-71.1563
7919	-72.7353
7920	-72.4805
7921	-72.5471
7922	-72.2752
7923	-72.3018
7924	-72.8574
7925	-72.9003
7926	-73.3523
7927	-71.4453
7928	-70.094
7929	-69.3763
7930	-70.0128
7931	-70.951
7932	-71.1551
7933	-70.9813
7934	-71.6931
7935	-71.9001
7936	-72.4056
7937	-71.4635
7938	-71.7937
7939	-71.862
7940	-71.5165
7941	-71.2936
7942	-70.751
7943	-69.464
7944	-67.578
7945	-66.1327
7946	-66.4119
7947	-66.3785
7948	-64.2045
7949	-63.1184
7950	-62.297
7951	-60.4522
7952	-57.0731
7953	-49.3979
7954	-36.5412
7955	-29.9632
7956	-32.7381
7957	-43.0972
7958	-50.2203
7959	-55.5384
7960	-57.4709
7961	-57.231
7962	-58.0979
7963	-61.6143
7964	-64.0984
7965	-66.0899
7966	-67.0704
7967	-68.101
7968	-69.7568
7969	-71.0109
7970	-71.4631
7971	-70.8284
7972	-70.8858
7973	-70.042
7974	-70.3909
7975	-71.8005
7976	-72.3191
7977	-72.0543
7978	-72.0241
7979	-72.3823
7980	-72.3813
7981	-71.4856
7982	-70.8695
7983	-67.1678
7984	-66.5563
7985	-71.5789
7986	-73.0464
7987	-73.3902
7988	-73.6385
7989	-73.6494
7990	-73.1974
7991	-73.3107
7992	-73.5878
7993	-72.0915
7994	-67.7107
7995	-65.2505
7996	-67.5794
7997	-69.2838
7998	-70.0448
7999	-69.393
8000	-68.8161
8001	-67.878
8002	-67.2926
8003	-62.2923
8004	-56.2912
8005	-51.3734
8006	-53.7059
8007	-60.2954
8008	-62.3826
8009	-64.8165
8010	-65.6916
8011	-65.8011
8012	-66.3536
8013	-67.9749
8014	-68.3799
8015	-64.3984
8016	-62.0739
8017	-64.8956
8018	-67.2498
8019	-68.5368
8020	-69.9162
8021	-69.4698
8022	-69.4659
8023	-69.8602
8024	-69.5985
8025	-68.7671
8026	-68.6219
8027	-66.7741
8028	-64.4217
8029	-62.9982
8030	-63.2058
8031	-64.6668
8032	-65.3006
8033	-66.5093
8034	-68.9611
8035	-70.8591
8036	-72.4614
8037	-72.0013
8038	-71.4232
8039	-71.2357
8040	-71.3844
8041	-71.4176
8042	-72.863
8043	-73.4053
8044	-73.2811
8045	-72.3107
8046	-72.2858
8047	-72.626
8048	-72.7791
8049	-71.1688
8050	-70.0861
8051	-68.3806
8052	-68.5383
8053	-70.5616
8054	-72.4807
8055	-72.0834
8056	-72.1613
8057	-72.7268
8058	-73.1256
8059	-73.0116
8060	-73.2501
8061	-73.0039
8062	-73.5166
8063	-72.5166
8064	-72.2432
8065	-71.6082
8066	-71.0036
8067	-71.2267
8068	-70.9642
8069	-71.0115
8070	-69.9734
8071	-69.2598
8072	-66.1934
8073	-61.0992
8074	-61.3062
8075	-60.8892
8076	-58.2253
8077	-54.7668
8078	-53.3947
8079	-50.1466
8080	-50.1174
8081	-53.8518
8082	-56.7884
8083	-58.4856
8084	-61.8339
8085	-66.5009
8086	-68.4458
8087	-69.3736
8088	-70.4035
8089	-69.7206
8090	-69.888
8091	-70.4577
8092	-71.7983
8093	-72.9178
8094	-73.1739
8095	-72.2573
8096	-72.8243
8097	-72.9196
8098	-72.5803
8099	-72.2726
8100	-71.2399
8101	-70.8232
8102	-71.5601
8103	-71.377
8104	-67.9551
8105	-64.5158
8106	-65.9245
8107	-69.4935
8108	-71.2544
8109	-72.0884
8110	-72.8168
8111	-72.5113
8112	-72.3835
8113	-72.9324
8114	-73.5472
8115	-72.3855
8116	-71.8142
8117	-71.4645
8118	-71.1747
8119	-71.0267
8120	-71.6403
8121	-71.1513
8122	-69.9568
8123	-70.4748
8124	-68.1259
8125	-67.565
8126	-67.0811
8127	-64.8088
8128	-63.9563
8129	-61.2293
8130	-61.9385
8131	-63.8436
8132	-64.78
8133	-66.5504
8134	-69.4744
8135	-70.2911
8136	-70.6178
8137	-70.2942
8138	-68.4826
8139	-67.7805
8140	-66.5306
8141	-65.8435
8142	-68.7901
8143	-69.4888
8144	-68.6138
8145	-66.7243
8146	-65.752
8147	-65.6061
8148	-64.3196
8149	-61.6876
8150	-60.8178
8151	-57.0455
8152	-55.2383
8153	-60.6817
8154	-65.1205
8155	-68.5407
8156	-68.7432
8157	-69.6853
8158	-70.5841
8159	-70.9922
8160	-70.0833
8161	-69.3798
8162	-68.39
8163	-70.4944
8164	-72.4237
8165	-73.5285
8166	-73.1218
8167	-73.6917
8168	-73.7001
8169	-73.3302
8170	-72.786
8171	-72.4089
8172	-67.9482
8173	-61.9301
8174	-64.9898
8175	-70.5052
8176	-71.8139
8177	-71.8151
8178	-70.881
8179	-70.5355
8180	-71.5234
8181	-72.1033
8182	-72.3035
8183	-71.0165
8184	-71.5833
8185	-72.173
8186	-71.6536
8187	-71.6147
8188	-70.711
8189	-69.5145
8190	-68.4166
8191	-67.874
8192	-66.8456
8193	-65.1677
8194	-62.1464
8195	-59.0963
8196	-57.9427
8197	-57.5793
8198	-55.2975
8199	-50.16
8200	-45.7093
8201	-37.8825
8202	-36.9926
8203	-44.2748
8204	-54.2258
8205	-59.5358
8206	-62.0031
8207	-64.6072
8208	-65.8778
8209	-67.4591
8210	-68.7625
8211	-68.4161
8212	-68.6852
8213	-70.3308
8214	-71.1711
8215	-71.6471
8216	-72.0891
8217	-72.2258
8218	-73.0769
8219	-73.0838
8220	-72.754
8221	-72.8549
8222	-72.5967
8223	-71.9829
8224	-72.0287
8225	-72.1189
8226	-71.6631
8227	-71.4111
8228	-70.9267
8229	-71.064
8230	-71.7166
8231	-72.2706
8232	-72.4776
8233	-72.7918
8234	-72.5359
8235	-73.0397
8236	-73.1035
8237	-73.0679
8238	-72.5078
8239	-70.9159
8240	-69.6706
8241	-69.4917
8242	-70.3399
8243	-69.6868
8244	-68.0655
8245	-66.4542
8246	-65.7371
8247	-65.4684
8248	-64.4433
8249	-62.2582
8250	-61.081
8251	-57.9448
8252	-56.3845
8253	-61.4919
8254	-65.2037
8255	-68.0238
8256	-68.4136
8257	-69.771
8258	-69.7328
8259	-69.9854
8260	-67.7682
8261	-65.6753
8262	-62.0585
8263	-60.4855
8264	-66.1058
8265	-68.7532
8266	-69.1484
8267	-68.3939
8268	-68.4631
8269	-67.6912
8270	-66.568
8271	-64.8168
8272	-56.2442
8273	-49.3642
8274	-52.1705
8275	-61.662
8276	-66.3167
8277	-66.7939
8278	-67.8105
8279	-68.3163
8280	-68.5861
8281	-68.9733
8282	-69.4662
8283	-66.0039
8284	-65.2425
8285	-70.7883
8286	-73.1678
8287	-73.6302
8288	-73.0581
8289	-72.8929
8290	-72.6376
8291	-72.7415
8292	-73.1403
8293	-73.1767
8294	-71.448
8295	-70.681
8296	-71.0071
8297	-71.4359
8298	-72.87
8299	-72.2528
8300	-71.3317
8301	-71.3775
8302	-72.2276
8303	-72.9441
8304	-71.6764
8305	-70.6908
8306	-71.4207
8307	-71.9429
8308	-71.2546
8309	-71.4912
8310	-71.1226
8311	-69.4782
8312	-67.9011
8313	-66.6353
8314	-65.9613
8315	-64.1936
8316	-62.6247
8317	-61.3923
8318	-60.8493
8319	-60.5643
8320	-58.3265
8321	-32.4372
8322	-13.3181
8323	-6.77135
8324	-9.53204
8325	-22.8223
8326	-54.2717
8327	-59.2116
8328	-60.8004
8329	-61.514
8330	-62.5246
8331	-63.6573
8332	-65.082
8333	-65.7836
8334	-66.4999
8335	-68.6022
8336	-70.7269
8337	-71.5668
8338	-71.394
8339	-71.6635
8340	-71.9663
8341	-70.8971
8342	-71.2482
8343	-71.8457
8344	-71.2264
8345	-70.6798
8346	-71.1245
8347	-71.4244
8348	-71.2279
8349	-69.8918
8350	-69.1814
8351	-67.4269
8352	-66.9594
8353	-70.2102
8354	-72.5888
8355	-72.5684
8356	-72.9216
8357	-73.4512
8358	-73.3658
8359	-73
8360	-72.8722
8361	-72.2936
8362	-67.3557
8363	-65.2903
8364	-68.7279
8365	-69.4576
8366	-68.9099
8367	-67.9875
8368	-67.2797
8369	-67.4329
8370	-66.9475
8371	-65.822
8372	-55.7427
8373	-48.8512
8374	-51.5689
8375	-61.1818
8376	-65.9199
8377	-67.3344
8378	-67.5977
8379	-68.3879
8380	-68.5943
8381	-68.9585
8382	-68.007
8383	-62.6192
8384	-60.8508
8385	-66.462
8386	-68.6623
8387	-70.2547
8388	-71.4505
8389	-70.9983
8390	-70.3585
8391	-69.0251
8392	-68.5833
8393	-65.9894
8394	-63.0378
8395	-62.0903
8396	-64.9178
8397	-66.5826
8398	-68.7259
8399	-69.4325
8400	-68.7362
8401	-68.3949
8402	-69.8358
8403	-71.7591
8404	-72.2505
8405	-71.9437
8406	-71.9381
8407	-72.1614
8408	-73.1575
8409	-73.8599
8410	-73.8574
8411	-73.3513
8412	-73.6071
8413	-72.7104
8414	-71.2227
8415	-70.6002
8416	-69.4958
8417	-68.042
8418	-69.006
8419	-68.2834
8420	-70.6856
8421	-71.1092
8422	-70.5135
8423	-70.8114
8424	-71.6388
8425	-73.0756
8426	-73.3346
8427	-73.2413
8428	-73.9519
8429	-73.7974
8430	-73.4276
8431	-73.0381
8432	-72.9667
8433	-71.7216
8434	-70.8086
8435	-70.2062
8436	-70.3706
8437	-70.5306
8438	-69.2096
8439	-67.3275
8440	-65.119
8441	-64.2469
8442	-62.5579
8443	-56.5031
8444	-48.665
8445	-46.11
8446	-52.0312
8447	-58.6544
8448	-61.9952
8449	-63.4335
8450	-62.5029
8451	-61.9328
8452	-63.1628
8453	-67.5927
8454	-70.2075
8455	-71.6684
8456	-71.9545
8457	-71.0933
8458	-71.9286
8459	-72.737
8460	-73.6651
8461	-73.5491
8462	-72.8294
8463	-73.4146
8464	-73.4421
8465	-72.5605
8466	-72.5408
8467	-70.6304
8468	-70.6277
8469	-71.2763
8470	-73.4514
8471	-72.2191
8472	-69.0949
8473	-63.1818
8474	-65.4937
8475	-71.9742
8476	-73.0124
8477	-72.7587
8478	-73.0091
8479	-73.2757
8480	-73.7669
8481	-74.0518
8482	-72.773
8483	-72.3735
8484	-70.7911
8485	-70.3435
8486	-71.7156
8487	-71.6617
8488	-71.5427
8489	-70.5721
8490	-70.4088
8491	-69.6475
8492	-69.5679
8493	-68.8268
8494	-66.7682
8495	-65.7923
8496	-65.799
8497	-65.4569
8498	-67.0177
8499	-68.5794
8500	-69.2746
8501	-68.8324
8502	-69.6818
8503	-70.0951
8504	-68.7411
8505	-67.1495
8506	-64.9054
8507	-65.4236
8508	-66.0557
8509	-67.4536
8510	-69.9176
8511	-68.908
8512	-67.9411
8513	-66.3018
8514	-63.0108
8515	-60.8487
8516	-58.065
8517	-57.0737
8518	-60.3742
8519	-58.1706
8520	-60.2309
8521	-62.2449
8522	-63.2954
8523	-66.1904
8524	-68.2726
8525	-68.8017
8526	-70.2453
8527	-69.2221
8528	-68.6318
8529	-68.6821
8530	-70.0143
8531	-71.1091
8532	-71.9899
8533	-72.971
8534	-73.1149
8535	-73.0379
8536	-73.3164
8537	-73.3398
8538	-73.0729
8539	-71.1403
8540	-67.7582
8541	-65.8427
8542	-67.3397
8543	-69.8338
8544	-71.9927
8545	-71.6338
8546	-71.6419
8547	-72.0902
8548	-72.1449
8549	-71.9145
8550	-71.6814
8551	-70.4974
8552	-71.2678
8553	-71.0635
8554	-69.9195
8555	-68.9826
8556	-68.7927
8557	-67.8448
8558	-67.4736
8559	-66.517
8560	-65.0701
8561	-64.0155
8562	-61.2404
8563	-56.6012
8564	-53.4419
8565	-49.6712
8566	-43.8577
8567	-42.8898
8568	-46.8253
8569	-44.8428
8570	-46.9896
8571	-51.9028
8572	-54.5755
8573	-56.0519
8574	-60.4024
8575	-64.3921
8576	-65.9657
8577	-67.2409
8578	-68.3054
8579	-68.3959
8580	-69.6218
8581	-70.0815
8582	-69.8071
8583	-70.6077
8584	-71.3145
8585	-71.4718
8586	-72.2008
8587	-72.569
8588	-72.7808
8589	-73.3529
8590	-72.4352
8591	-71.8408
8592	-72.3765
8593	-71.4239
8594	-70.3001
8595	-69.0578
8596	-70.4128
8597	-72.057
8598	-73.5357
8599	-74.0121
8600	-73.1738
8601	-72.421
8602	-73.1806
8603	-72.8346
8604	-72.0303
8605	-71.0672
8606	-68.4739
8607	-68.4767
8608	-69.0632
8609	-69.4437
8610	-70.7099
8611	-69.2835
8612	-68.4867
8613	-66.1534
8614	-62.7445
8615	-61.0735
8616	-58.294
8617	-57.0732
8618	-60.4388
8619	-58.5179
8620	-60.572
8621	-62.2296
8622	-64.1067
8623	-66.3522
8624	-68.1101
8625	-67.9411
8626	-68.3481
8627	-65.9601
8628	-65.378
8629	-66.2265
8630	-63.9379
8631	-65.0422
8632	-68.1863
8633	-69.1128
8634	-69.2441
8635	-68.438
8636	-68.3673
8637	-67.8361
8638	-66.9358
8639	-64.7732
8640	-58.7706
8641	-55.0315
8642	-57.2861
8643	-61.8461
8644	-65.9876
8645	-69.2222
8646	-70.2792
8647	-70.2713
8648	-71.3518
8649	-70.727
8650	-69.7913
8651	-67.3216
8652	-68.0121
8653	-71.1746
8654	-73.6739
8655	-73.7035
8656	-73.5629
8657	-72.3233
8658	-72.8136
8659	-73.787
8660	-72.8515
8661	-72.2319
8662	-69.7582
8663	-68.7531
8664	-70.8908
8665	-72.4874
8666	-73.2196
8667	-72.3042
8668	-71.8981
8669	-72.5227
8670	-72.8698
8671	-72.6475
8672	-71.9612
8673	-71.4783
8674	-71.8599
8675	-71.4099
8676	-71.8791
8677	-71.8742
8678	-71.1798
8679	-70.2783
8680	-69.8034
8681	-69.4939
8682	-67.4607
8683	-65.2752
8684	-61.0483
8685	-59.1821
8686	-60.5112
8687	-59.9206
8688	-56.809
8689	-50.0046
8690	-40.393
8691	-34.8073
8692	-37.848
8693	-48.1206
8694	-55.8026
8695	-61.0344
8696	-63.9137
8697	-65.0519
8698	-65.7533
8699	-67.5435
8700	-67.6696
8701	-67.3482
8702	-67.8454
8703	-69.7386
8704	-71.8113
8705	-71.7578
8706	-72.2701
8707	-72.8154
8708	-72.3909
8709	-72.2489
8710	-72.5307
8711	-72.2354
8712	-71.158
8713	-70.3242
8714	-70.2486
8715	-69.9024
8716	-68.7326
8717	-66.9954
8718	-68.6284
8719	-68.3607
8720	-70.3779
8721	-71.4336
8722	-71.7168
8723	-72.3897
8724	-72.9151
8725	-72.6613
8726	-72.799
8727	-73.1955
8728	-72.8556
8729	-71.4936
8730	-68.5306
8731	-69.5708
8732	-69.9404
8733	-70.0179
8734	-68.3164
8735	-67.3013
8736	-67.2823
8737	-67.3551
8738	-66.4305
8739	-63.7083
8740	-58.8749
8741	-54.2393
8742	-56.2026
8743	-61.1551
8744	-66.0597
8745	-68.8808
8746	-69.5852
8747	-70.6205
8748	-71.1397
8749	-70.1826
8750	-67.6427
8751	-64.267
8752	-64.5726
8753	-67.007
8754	-69.2034
8755	-69.4422
8756	-70.1001
8757	-69.8686
8758	-68.7291
8759	-68.0546
8760	-66.3654
8761	-64.5553
8762	-56.7319
8763	-54.1625
8764	-60.4896
8765	-68.5066
8766	-70.0223
8767	-69.222
8768	-69.6346
8769	-70.0478
8770	-71.3303
8771	-71.1435
8772	-70.929
8773	-69.8641
8774	-71.0305
8775	-72.0713
8776	-73.6042
8777	-73.7285
8778	-74.0541
8779	-73.4869
8780	-73.448
8781	-73.3247
8782	-72.0509
8783	-68.7459
8784	-64.9419
8785	-65.1298
8786	-68.7234
8787	-70.5734
8788	-71.7868
8789	-70.8247
8790	-70.2387
8791	-69.7806
8792	-71.2282
8793	-72.633
8794	-72.8827
8795	-72.9442
8796	-72.9956
8797	-73.583
8798	-72.685
8799	-72.3996
8800	-71.8597
8801	-70.2052
8802	-69.0383
8803	-68.4296
8804	-67.0526
8805	-65.8666
8806	-64.3698
8807	-63.1142
8808	-62.6446
8809	-61.8191
8810	-58.151
8811	-29.8751
8812	-16.6921
8813	-13.965
8814	-20.5448
8815	-39.7851
8816	-63.0231
8817	-64.1419
8818	-64.6939
8819	-64.82
8820	-66.4198
8821	-68.021
8822	-68.7477
8823	-70.139
8824	-71.3844
8825	-71.9292
8826	-72.2517
8827	-72.5473
8828	-72.9301
8829	-73.9205
8830	-72.7038
8831	-72.4355
8832	-73.1306
8833	-72.7659
8834	-71.4954
8835	-71.0784
8836	-71.3717
8837	-72.2096
8838	-72.7639
8839	-72.1541
8840	-69.4334
8841	-67.3484
8842	-69.444
8843	-71.3907
8844	-72.991
8845	-72.8066
8846	-73.4399
8847	-73.7671
8848	-73.8789
8849	-74.0569
8850	-72.6848
8851	-71.9181
8852	-69.3379
8853	-69.562
8854	-70.7008
8855	-70.0208
8856	-69.3342
8857	-68.7814
8858	-68.5645
8859	-67.7617
8860	-67.3342
8861	-65.3134
8862	-59.0997
8863	-56.5485
8864	-62.1059
8865	-67.5778
8866	-68.2369
8867	-69.4989
8868	-70.177
8869	-70.4396
8870	-71.2655
8871	-69.5759
8872	-67.6023
8873	-63.2427
8874	-61.2942
8875	-63.3265
8876	-66.9634
8877	-69.0888
8878	-69.6638
8879	-68.6806
8880	-67.7047
8881	-67.1417
8882	-63.2555
8883	-57.8312
8884	-51.8141
8885	-52.9439
8886	-60.1672
8887	-62.2664
8888	-64.0896
8889	-65.1924
8890	-65.3663
8891	-66.5829
8892	-67.4656
8893	-68.7997
8894	-68.4415
8895	-66.8486
8896	-67.9394
8897	-70.4381
8898	-72.6106
8899	-72.6207
8900	-72.6223
8901	-72.3572
8902	-72.3983
8903	-72.603
8904	-72.8488
8905	-73.2165
8906	-71.7753
8907	-70.5057
8908	-69.5372
8909	-69.9932
8910	-70.9138
8911	-71.3074
8912	-71.0858
8913	-71.6741
8914	-71.9956
8915	-72.3114
8916	-71.8287
8917	-71.4233
8918	-71.8459
8919	-71.5495
8920	-71.2348
8921	-70.8232
8922	-69.6675
8923	-68.1458
8924	-66.3245
8925	-66.3147
8926	-66.52
8927	-64.5474
8928	-63.4201
8929	-62.5222
8930	-60.6589
8931	-58.4534
8932	-50.8968
8933	-38.7261
8934	-30.5169
8935	-31.3249
8936	-40.5742
8937	-49.058
8938	-55.1495
8939	-56.957
8940	-57.4554
8941	-57.7939
8942	-60.9194
8943	-63.7055
8944	-65.7966
8945	-67.0355
8946	-67.6704
8947	-69.4801
8948	-70.5388
8949	-71.4099
8950	-71.0353
8951	-70.8973
8952	-70.2486
8953	-70.257
8954	-71.5031
8955	-72.265
8956	-72.1455
8957	-71.9732
8958	-72.1426
8959	-72.4653
8960	-71.6257
8961	-71.0418
8962	-67.729
8963	-65.6678
8964	-70.2981
8965	-72.9616
8966	-73.2953
8967	-73.7438
8968	-73.5792
8969	-73.0979
8970	-73.2531
8971	-73.5918
8972	-72.7452
8973	-68.701
8974	-65.397
8975	-67.039
8976	-69.0757
8977	-69.7696
8978	-69.5469
8979	-68.6748
8980	-68.1144
8981	-67.6234
8982	-63.4618
8983	-57.7673
8984	-51.6587
8985	-52.6463
8986	-59.5036
8987	-62.0042
8988	-64.3009
8989	-65.5813
8990	-65.5116
8991	-66.0599
8992	-67.732
8993	-68.5759
8994	-65.7219
8995	-62.109
8996	-63.9208
8997	-67.0996
8998	-68.4362
8999	-69.8381
9000	-69.7662
9001	-69.4193
9002	-70.0122
9003	-69.6336
9004	-69.1632
9005	-69.1006
9006	-67.6221
9007	-65.3216
9008	-63.4085
9009	-63.3101
9010	-64.9568
9011	-65.7189
9012	-66.4739
9013	-68.4309
9014	-70.671
9015	-72.3464
9016	-72.1867
9017	-71.5631
9018	-71.3347
9019	-71.5218
9020	-71.4541
9021	-72.6369
9022	-73.4401
9023	-73.5595
9024	-72.5259
9025	-72.2023
9026	-72.5365
9027	-72.6217
9028	-71.3203
9029	-70.154
9030	-68.5887
9031	-67.9835
9032	-70.1462
9033	-72.1422
9034	-71.9885
9035	-71.9978
9036	-72.7538
9037	-73.1204
9038	-73.1063
9039	-73.3247
9040	-73.0664
9041	-73.3501
9042	-72.6843
9043	-72.6442
9044	-71.7919
9045	-71.031
9046	-71.3382
9047	-71.0242
9048	-71.2885
9049	-70.405
9050	-69.7453
9051	-67.4728
9052	-62.0752
9053	-61.8687
9054	-62.276
9055	-60.5211
9056	-56.9085
9057	-54.6194
9058	-51.3878
9059	-50.6851
9060	-53.9116
9061	-56.9756
9062	-58.4521
9063	-60.8597
9064	-66.0261
9065	-68.682
9066	-69.3166
9067	-70.6356
9068	-69.9604
9069	-70.2204
9070	-70.4694
9071	-71.6994
9072	-72.9096
9073	-73.2321
9074	-72.3389
9075	-72.972
9076	-72.9474
9077	-72.6068
9078	-72.6004
9079	-71.2597
9080	-70.9737
9081	-71.3025
9082	-71.6124
9083	-68.8971
9084	-64.7996
9085	-65.5561
9086	-68.8125
9087	-70.8597
9088	-72.122
9089	-72.7351
9090	-72.3811
9091	-72.3218
9092	-72.874
9093	-73.6418
9094	-72.7919
9095	-71.654
9096	-71.89
9097	-71.301
9098	-71.1055
9099	-71.685
9100	-71.4318
9101	-70.0746
9102	-70.33
9103	-69.0263
9104	-68.2051
9105	-67.8596
9106	-66.2197
9107	-64.5306
9108	-61.7988
9109	-61.9067
9110	-64.2153
9111	-64.7213
9112	-66.1449
9113	-69.1684
9114	-70.186
9115	-70.5779
9116	-70.6777
9117	-68.7227
9118	-67.6811
9119	-66.6294
9120	-65.4492
9121	-67.8844
9122	-69.4624
9123	-68.6223
9124	-66.9697
9125	-65.5733
9126	-65.5925
9127	-64.5038
9128	-61.9806
9129	-60.7396
9130	-57.2325
9131	-54.6049
9132	-59.1378
9133	-63.8989
9134	-68.1888
9135	-68.5102
9136	-69.3848
9137	-70.4265
9138	-70.9039
9139	-70.2958
9140	-69.4016
9141	-67.9719
9142	-69.7314
9143	-72.1267
9144	-73.3903
9145	-73.0023
9146	-73.6412
9147	-73.7452
9148	-73.4012
9149	-73.1262
9150	-72.4607
9151	-69.4854
9152	-62.5279
9153	-63.709
9154	-69.9092
9155	-71.5915
9156	-72.0501
9157	-71.0629
9158	-70.4902
9159	-71.3826
9160	-72.1929
9161	-72.1396
9162	-70.9522
9163	-71.1098
9164	-72.1086
9165	-71.6023
9166	-71.7441
9167	-70.8372
9168	-69.702
9169	-68.4303
9170	-67.95
9171	-66.7659
9172	-65.5344
9173	-62.5996
9174	-59.3518
9175	-57.8162
9176	-57.3935
9177	-55.6615
9178	-50.5563
9179	-47.1694
9180	-38.6853
9181	-36.1791
9182	-41.7081
9183	-52.3999
9184	-58.7073
9185	-61.4673
9186	-64.0982
9187	-65.3401
9188	-66.8172
9189	-68.4154
9190	-68.4655
9191	-68.3386
9192	-69.701
9193	-70.8777
9194	-71.5808
9195	-71.6992
9196	-72.2379
9197	-72.7012
9198	-72.928
9199	-72.5962
9200	-73.151
9201	-72.6229
9202	-72.1165
9203	-72.3543
9204	-72.274
9205	-71.8098
9206	-71.6847
9207	-70.8626
9208	-70.94
9209	-71.9439
9210	-72.3879
9211	-72.6865
9212	-72.7591
9213	-72.6336
9214	-72.6613
9215	-73.0734
9216	-72.8188
9217	-72.4754
9218	-71.0647
9219	-69.673
9220	-69.0642
9221	-69.9729
9222	-69.7012
9223	-68.2916
9224	-66.7625
9225	-65.7596
9226	-65.4454
9227	-64.5533
9228	-62.6995
9229	-61.2728
9230	-58.4634
9231	-55.5954
9232	-59.9488
9233	-64.1882
9234	-67.8621
9235	-68.2465
9236	-69.4652
9237	-69.543
9238	-69.7774
9239	-68.2516
9240	-65.824
9241	-63.3123
9242	-60.2133
9243	-65.0778
9244	-68.6116
9245	-69.0533
9246	-68.8221
9247	-68.5402
9248	-67.942
9249	-66.9543
9250	-65.5401
9251	-58.9203
9252	-50.144
9253	-51.0823
9254	-59.9034
9255	-66.1329
9256	-66.7456
9257	-67.7029
9258	-68.4005
9259	-68.5946
9260	-68.81
9261	-69.5017
9262	-66.9319
9263	-64.8515
9264	-69.6379
9265	-73.1104
9266	-73.7195
9267	-73.1893
9268	-72.7549
9269	-72.6403
9270	-72.6021
9271	-72.9485
9272	-73.0887
9273	-71.5634
9274	-70.6344
9275	-70.7862
9276	-71.3559
9277	-72.589
9278	-72.2596
9279	-71.6072
9280	-71.2486
9281	-72.378
9282	-72.8417
9283	-71.8684
9284	-70.6376
9285	-71.1255
9286	-71.9221
9287	-71.209
9288	-71.5916
9289	-70.9231
9290	-69.6715
9291	-68.4194
9292	-66.8809
9293	-66.1726
9294	-64.7419
9295	-63.1342
9296	-61.7554
9297	-61.048
9298	-60.9008
9299	-59.134
9300	-40.1079
9301	-17.0751
9302	-8.47914
9303	-9.40659
9304	-20.2676
9305	-48.5763
9306	-58.9503
9307	-60.3656
9308	-61.5275
9309	-62.512
9310	-63.4355
9311	-64.7261
9312	-65.7914
9313	-66.1983
9314	-68.0163
9315	-70.4592
9316	-71.3822
9317	-71.247
9318	-71.8122
9319	-72.1291
9320	-70.7061
9321	-71.2507
9322	-71.9063
9323	-71.4517
9324	-70.5213
9325	-70.8913
9326	-71.0466
9327	-71.2872
9328	-70.3573
9329	-69.2088
9330	-67.5748
9331	-66.5046
9332	-69.2908
9333	-72.1798
9334	-72.513
9335	-72.8833
9336	-73.0302
9337	-73.3459
9338	-73.1378
9339	-73.1024
9340	-72.7
9341	-68.4732
9342	-65.239
9343	-68.3265
9344	-69.7622
9345	-69.0635
9346	-68.3435
9347	-67.4074
9348	-67.5828
9349	-67.1777
9350	-66.3678
9351	-58.4389
9352	-49.5858
9353	-50.4132
9354	-59.3897
9355	-65.6732
9356	-67.1529
9357	-67.5499
9358	-68.462
9359	-68.5788
9360	-69.1181
9361	-68.6005
9362	-64.2652
9363	-60.7174
9364	-65.2585
9365	-68.3966
9366	-70.0722
9367	-71.213
9368	-71.2241
9369	-70.7608
9370	-69.1254
9371	-68.7447
9372	-66.1789
9373	-62.7203
9374	-60.6791
9375	-63.6543
9376	-66.5317
9377	-68.5913
9378	-69.6731
9379	-69.2658
9380	-68.6381
9381	-69.6509
9382	-71.5133
9383	-72.2123
9384	-71.903
9385	-71.6474
9386	-71.998
9387	-73.1817
9388	-73.8804
9389	-73.8727
9390	-73.4006
9391	-73.3165
9392	-72.9184
9393	-71.3356
9394	-70.6671
9395	-69.5721
9396	-68.106
9397	-69.0453
9398	-68.1778
9399	-69.7883
9400	-70.9849
9401	-70.556
9402	-70.537
9403	-71.3545
9404	-72.7878
9405	-73.2058
9406	-73.3055
9407	-73.8415
9408	-73.84
9409	-73.3966
9410	-73.0812
9411	-72.8439
9412	-71.9539
9413	-70.8113
9414	-70.1025
9415	-70.054
9416	-70.2758
9417	-69.558
9418	-67.7538
9419	-65.4624
9420	-64.0059
9421	-62.6826
9422	-56.6388
9423	-48.1255
9424	-43.3348
9425	-47.9967
9426	-57.2454
9427	-61.7442
9428	-63.6093
9429	-63.216
9430	-62.1685
9431	-62.6892
9432	-66.9632
9433	-69.7478
9434	-71.4976
9435	-72.2956
9436	-71.1688
9437	-71.7576
9438	-72.5674
9439	-73.7228
9440	-73.4606
9441	-72.9808
9442	-72.9009
9443	-73.3626
9444	-72.5452
9445	-72.4892
9446	-71.0448
9447	-70.7607
9448	-71.0482
9449	-73.2897
9450	-72.7593
9451	-70.3136
9452	-64.0619
9453	-64.5129
9454	-71.3007
9455	-72.6904
9456	-72.9418
9457	-72.815
9458	-73.0817
9459	-73.6692
9460	-74.0344
9461	-73.0688
9462	-72.4198
9463	-71.2222
9464	-69.9453
9465	-71.336
9466	-71.5682
9467	-71.5308
9468	-70.9558
9469	-70.4262
9470	-69.8967
9471	-69.4826
9472	-68.4724
9473	-65.8161
9474	-64.2005
9475	-65.4433
9476	-65.5909
9477	-66.876
9478	-68.4686
9479	-69.1673
9480	-69.0027
9481	-69.7906
9482	-70.0278
9483	-69.2279
9484	-67.4744
9485	-64.8495
9486	-65.1091
9487	-65.9889
9488	-66.648
9489	-69.8159
9490	-68.845
9491	-67.9259
9492	-66.8231
9493	-63.5745
9494	-60.929
9495	-58.735
9496	-56.8555
9497	-59.7632
9498	-58.4143
9499	-59.3559
9500	-62.0158
9501	-62.7557
9502	-65.0959
9503	-68.1275
9504	-68.5894
9505	-69.8258
9506	-69.5909
9507	-68.4594
9508	-68.8702
9509	-69.3652
9510	-70.9635
9511	-72.0481
9512	-72.812
9513	-72.9416
9514	-72.9861
9515	-73.1924
9516	-73.6262
9517	-73.2084
9518	-71.6767
9519	-68.4636
9520	-66.0903
9521	-67.1701
9522	-69.3546
9523	-71.6071
9524	-71.9367
9525	-71.3254
9526	-71.9455
9527	-72.2762
9528	-71.9553
9529	-72.0634
9530	-70.6358
9531	-71.1616
9532	-71.0075
9533	-70.1099
9534	-68.9452
9535	-68.9668
9536	-67.9789
9537	-67.5624
9538	-66.4846
9539	-65.2658
9540	-64.1804
9541	-62.0858
9542	-57.3271
9543	-53.7526
9544	-50.2729
9545	-44.4972
9546	-42.4636
9547	-45.8672
9548	-45.014
9549	-45.9904
9550	-51.1036
9551	-53.9651
9552	-55.5738
9553	-59.1888
9554	-63.8911
9555	-65.6651
9556	-66.8259
9557	-68.0644
9558	-68.2079
9559	-69.4135
9560	-70.0687
9561	-69.6562
9562	-70.4838
9563	-71.1582
9564	-71.2028
9565	-71.8634
9566	-72.5711
9567	-72.7867
9568	-73.157
9569	-72.6474
9570	-71.7171
9571	-72.2383
9572	-71.6805
9573	-70.3329
9574	-68.724
9575	-69.8336
9576	-71.7544
9577	-73.3326
9578	-74.1878
9579	-73.3317
9580	-72.6894
9581	-72.8344
9582	-73.0998
9583	-72.6324
9584	-71.1109
9585	-68.7452
9586	-68.0372
9587	-69.2204
9588	-69.0973
9589	-70.7182
9590	-69.465
9591	-68.443
9592	-66.8875
9593	-63.3363
9594	-61.1961
9595	-58.8845
9596	-56.7762
9597	-59.7199
9598	-58.523
9599	-59.7792
9600	-61.9911
9601	-63.5412
9602	-65.4558
9603	-68.0917
9604	-67.8447
9605	-68.587
9606	-66.5758
9607	-64.9729
9608	-66.4817
9609	-64.2689
9610	-64.8874
9611	-67.7631
9612	-69.0743
9613	-69.4476
9614	-68.7515
9615	-68.5852
9616	-68.2521
9617	-67.9218
9618	-65.7696
9619	-60.564
9620	-55.7992
9621	-57.0624
9622	-61.0574
9623	-65.4454
9624	-68.9976
9625	-70.6132
9626	-70.1065
9627	-71.3457
9628	-71.0033
9629	-70.4346
9630	-68.1477
9631	-67.6805
9632	-70.7935
9633	-73.3886
9634	-73.5689
9635	-73.6437
9636	-72.3294
9637	-72.632
9638	-73.7344
9639	-73.0399
9640	-72.4265
9641	-70.3275
9642	-68.048
9643	-70.2425
9644	-72.4115
9645	-73.4308
9646	-72.2981
9647	-71.95
9648	-72.2083
9649	-72.8411
9650	-72.6353
9651	-72.2494
9652	-71.6435
9653	-71.994
9654	-71.7299
9655	-71.6442
9656	-71.9574
9657	-71.3629
9658	-70.5426
9659	-70.1114
9660	-69.6977
9661	-68.1487
9662	-66.1894
9663	-62.0147
9664	-59.5418
9665	-60.644
9666	-60.8359
9667	-58.4666
9668	-51.7923
9669	-42.7042
9670	-35.9867
9671	-37.0369
9672	-46.477
9673	-54.4859
9674	-60.493
9675	-63.4908
9676	-65.1528
9677	-65.8764
9678	-67.2914
9679	-67.9309
9680	-67.4744
9681	-67.8526
9682	-69.4267
9683	-71.4625
9684	-71.9351
9685	-72.3464
9686	-72.6412
9687	-72.9164
9688	-72.3017
9689	-72.6439
9690	-72.5974
9691	-71.4359
9692	-70.4334
9693	-70.2284
9694	-69.8693
9695	-69.2589
9696	-67.1114
9697	-68.2591
9698	-68.2272
9699	-70.0318
9700	-71.1471
9701	-71.4865
9702	-72.1207
9703	-72.8664
9704	-72.7456
9705	-72.9861
9706	-73.0772
9707	-72.8539
9708	-72.3357
9709	-69.0141
9710	-69.6175
9711	-70.0766
9712	-70.2275
9713	-68.992
9714	-67.4683
9715	-67.5408
9716	-67.5449
9717	-67.1069
9718	-64.6213
9719	-60.611
9720	-55.0339
9721	-55.7228
9722	-60.4879
9723	-65.3104
9724	-68.6669
9725	-69.6987
9726	-70.703
9727	-70.8911
9728	-70.6994
9729	-68.3799
9730	-65.0637
9731	-64.4987
9732	-66.2403
9733	-68.9785
9734	-69.1745
9735	-70.0616
9736	-69.6306
9737	-68.7504
9738	-67.9901
9739	-66.6438
9740	-65.2001
9741	-57.7493
9742	-53.2799
9743	-57.9337
9744	-67.8049
9745	-69.7408
9746	-69.1837
9747	-69.471
9748	-69.8875
9749	-71.3311
9750	-71.2186
9751	-71.0558
9752	-69.5771
9753	-70.2446
9754	-71.8829
9755	-73.1723
9756	-73.6932
9757	-74.1383
9758	-73.5903
9759	-73.4828
9760	-73.2971
9761	-72.4426
9762	-69.6473
9763	-65.4048
9764	-64.5578
9765	-68.3373
9766	-70.2117
9767	-71.557
9768	-70.9384
9769	-70.4868
9770	-69.6399
9771	-71.0473
9772	-72.128
9773	-72.765
9774	-72.9148
9775	-72.8243
9776	-73.4873
9777	-72.5299
9778	-72.3495
9779	-71.9678
9780	-70.6576
9781	-68.7515
9782	-68.5439
9783	-67.1788
9784	-65.9607
9785	-64.6367
9786	-63.0577
9787	-62.6591
9788	-61.5148
9789	-60.0313
9790	-34.3368
9791	-18.4525
9792	-13.8545
9793	-18.4918
9794	-34.5254
9795	-62.1087
9796	-64.3103
9797	-64.3513
9798	-64.557
9799	-66.2261
9800	-67.5881
9801	-68.6867
9802	-69.5677
9803	-70.8566
9804	-71.7921
9805	-72.1876
9806	-72.6539
9807	-72.6961
9808	-73.7823
9809	-73.073
9810	-72.277
9811	-72.9407
9812	-72.9438
9813	-71.9157
9814	-71.2361
9815	-71.3495
9816	-72.0177
9817	-72.8689
9818	-72.5743
9819	-70.2378
9820	-67.7875
9821	-69.1396
9822	-71.1203
9823	-73.09
9824	-72.7299
9825	-73.5672
9826	-73.44
9827	-73.8397
9828	-74.1921
9829	-72.8927
9830	-72.0417
9831	-69.4829
9832	-68.9274
9833	-70.6969
9834	-70.0526
9835	-69.2335
9836	-68.8763
9837	-68.5132
9838	-67.8181
9839	-67.1939
9840	-65.8901
9841	-59.6579
9842	-55.4438
9843	-59.6938
9844	-67.209
9845	-68.0385
9846	-69.1216
9847	-69.9256
9848	-70.3658
9849	-71.148
9850	-69.875
9851	-68.2946
9852	-63.5324
9853	-61.5627
9854	-62.4587
9855	-66.5067
9856	-69.0354
9857	-69.5024
9858	-68.9863
9859	-67.6849
9860	-67.1367
9861	-64.5708
9862	-59.1351
9863	-52.5362
9864	-52.1391
9865	-59.1475
9866	-61.8232
9867	-64.05
9868	-64.9315
9869	-65.2395
9870	-66.6226
9871	-67.0962
9872	-68.5477
9873	-68.8071
9874	-67.0127
9875	-67.3695
9876	-70.1395
9877	-72.4075
9878	-72.8358
9879	-72.6078
9880	-72.4003
9881	-72.4628
9882	-72.2528
9883	-72.9184
9884	-73.1567
9885	-72.1636
9886	-70.8636
9887	-69.7686
9888	-70.2034
9889	-70.9698
9890	-71.4109
9891	-70.9021
9892	-71.5716
9893	-71.939
9894	-72.2101
9895	-72.1287
9896	-71.3268
9897	-71.895
9898	-71.6627
9899	-71.2551
9900	-70.835
9901	-70.1382
9902	-68.7462
9903	-66.6418
9904	-66.254
9905	-66.6591
9906	-65.0446
9907	-63.5492
9908	-62.7433
9909	-61.1619
9910	-59.2812
9911	-52.3822
9912	-41.3819
9913	-31.4991
9914	-30.2947
9915	-38.3001
9916	-47.8994
9917	-54.1855
9918	-56.7004
9919	-57.526
9920	-57.7474
9921	-60.2985
9922	-63.2955
9923	-65.3521
9924	-66.9639
9925	-67.2857
9926	-69.1184
9927	-70.3381
9928	-71.1015
9929	-71.1801
9930	-70.8044
9931	-70.4875
9932	-70.1561
9933	-71.2297
9934	-72.3116
9935	-72.1327
9936	-71.791
9937	-71.8469
9938	-72.4617
9939	-71.7806
9940	-71.2161
9941	-68.5789
9942	-65.0523
9943	-68.7801
9944	-72.7949
9945	-73.1089
9946	-73.4842
9947	-73.5078
9948	-73.2118
9949	-73.504
9950	-73.4772
9951	-73.2536
9952	-69.7427
9953	-65.8243
9954	-66.4281
9955	-68.9184
9956	-69.6886
9957	-69.6455
9958	-68.7006
9959	-68.3457
9960	-67.5433
9961	-64.6668
9962	-58.9107
9963	-52.362
9964	-51.8639
9965	-58.2264
9966	-61.6147
9967	-63.7511
9968	-65.5358
9969	-65.5139
9970	-65.8909
9971	-67.401
9972	-68.6558
9973	-67.0053
9974	-62.3775
9975	-63.2582
9976	-66.9959
9977	-68.3862
9978	-69.8648
9979	-70.16
9980	-69.5604
9981	-70.0604
9982	-69.5882
9983	-69.5571
9984	-69.0088
9985	-68.3147
9986	-65.9355
9987	-64.0021
9988	-63.7055
9989	-65.3622
9990	-65.8322
9991	-66.4073
9992	-68.0775
9993	-70.3462
9994	-72.0985
9995	-72.3571
9996	-71.6977
9997	-71.5506
9998	-71.5452
9999	-71.6071
10000	-72.0985
10001	-73.5205
10002	-73.5403
10003	-72.6072
10004	-72.1109
10005	-72.4374
10006	-72.5258
10007	-71.4756
10008	-70.2679
10009	-68.7981
10010	-67.6978
10011	-69.4871
10012	-71.7485
10013	-72.1158
10014	-71.6981
10015	-72.6302
10016	-72.8359
10017	-73.1635
10018	-73.3544
10019	-73.3538
10020	-73.2715
10021	-72.9205
10022	-72.8828
10023	-72.025
10024	-71.3683
10025	-71.2234
10026	-71.1135
10027	-71.4276
10028	-70.7874
10029	-69.8398
10030	-68.6974
10031	-63.1679
10032	-62.0093
10033	-63.609
10034	-62.3238
10035	-59.1271
10036	-56.2508
10037	-52.9255
10038	-51.3822
10039	-53.8887
10040	-57.0569
10041	-58.4355
10042	-60.1325
10043	-65.1398
10044	-68.5572
10045	-69.4306
10046	-70.7933
10047	-70.4521
10048	-70.3322
10049	-70.3564
10050	-71.5072
10051	-72.9293
10052	-73.3875
10053	-72.5782
10054	-73.008
10055	-72.9894
10056	-72.7523
10057	-72.9334
10058	-71.3821
10059	-71.1574
10060	-71.0607
10061	-71.9494
10062	-69.6443
10063	-65.4171
10064	-65.4867
10065	-68.2994
10066	-70.4685
10067	-71.9842
10068	-72.7141
10069	-72.3122
10070	-72.3318
10071	-72.6393
10072	-73.3136
10073	-73.0233
10074	-71.703
10075	-72.072
10076	-71.4469
10077	-71.3196
10078	-71.6856
10079	-71.7492
10080	-70.4792
10081	-70.2608
10082	-69.9422
10083	-69.1092
10084	-68.8216
10085	-67.5408
10086	-65.3619
10087	-62.5508
10088	-61.9966
10089	-64.4222
10090	-65.0195
10091	-65.8771
10092	-68.7549
10093	-70.2954
10094	-70.46
10095	-70.8163
10096	-69.0672
10097	-67.7763
10098	-66.8721
10099	-65.2299
10100	-66.9293
10101	-69.1999
10102	-68.7368
10103	-67.332
10104	-65.5759
10105	-65.4554
10106	-64.7706
10107	-62.4331
10108	-60.5511
10109	-57.9259
10110	-54.4341
10111	-57.5379
10112	-62.6801
10113	-67.234
10114	-68.234
10115	-69.2755
10116	-70.1307
10117	-70.6914
10118	-70.6151
10119	-69.3218
10120	-67.7735
10121	-69.1362
10122	-71.763
10123	-73.216
10124	-73.1529
10125	-73.6764
10126	-73.7679
10127	-73.5706
10128	-73.3338
10129	-72.6404
10130	-70.7434
10131	-63.5237
10132	-62.8719
10133	-69.1011
10134	-71.3948
10135	-72.0189
10136	-71.2739
10137	-70.582
10138	-71.1817
10139	-72.2151
10140	-72.0107
10141	-71.0324
10142	-70.8336
10143	-71.7433
10144	-71.7067
10145	-71.6739
10146	-70.8729
10147	-69.7253
10148	-68.6929
10149	-67.8087
10150	-66.7955
10151	-65.6181
10152	-63.0717
10153	-59.6665
10154	-57.7571
10155	-57.4285
10156	-55.7935
10157	-51.1545
10158	-47.8499
10159	-39.8025
10160	-35.7014
10161	-39.5455
10162	-50.6526
10163	-57.5728
10164	-60.8882
10165	-63.3937
10166	-64.9214
10167	-66.2514
10168	-67.873
10169	-68.447
10170	-67.9459
10171	-69.1217
10172	-70.6068
10173	-71.2145
10174	-71.271
10175	-72.0762
10176	-72.4554
10177	-72.8615
10178	-72.5439
10179	-73.1336
10180	-72.5886
10181	-72.1647
10182	-72.5841
10183	-71.8983
10184	-71.9103
10185	-71.803
10186	-70.8186
10187	-70.9649
10188	-72.0976
10189	-72.2136
10190	-72.8103
10191	-72.7082
10192	-72.8468
10193	-72.5293
10194	-72.9366
10195	-72.4977
10196	-72.6229
10197	-71.4381
10198	-69.7122
10199	-68.794
10200	-69.5667
10201	-69.7711
10202	-68.5144
10203	-66.9051
10204	-65.904
10205	-65.4855
10206	-64.4877
10207	-63.0603
10208	-61.0566
10209	-58.9601
10210	-55.2498
10211	-58.2648
10212	-63.2225
10213	-67.5473
10214	-67.8724
10215	-69.0298
10216	-69.4557
10217	-69.7751
10218	-68.7022
10219	-66.0066
10220	-63.9154
10221	-60.3339
10222	-63.9248
10223	-68.4161
10224	-69.0571
10225	-69.0158
10226	-68.5434
10227	-68.1259
10228	-67.299
10229	-66.1777
10230	-61.4686
10231	-51.3362
10232	-50.4033
10233	-58.231
10234	-65.604
10235	-66.7118
10236	-67.6077
10237	-68.5316
10238	-68.6506
10239	-68.7117
10240	-69.5716
10241	-67.8502
10242	-64.8234
10243	-68.4974
10244	-72.7493
10245	-73.5367
10246	-73.3014
10247	-72.828
10248	-72.8606
10249	-72.6089
10250	-72.9781
10251	-72.9469
10252	-71.9772
10253	-70.6396
10254	-70.8192
10255	-71.3496
10256	-72.5365
10257	-72.4585
10258	-71.9862
10259	-71.1016
10260	-72.107
10261	-72.7533
10262	-72.0977
10263	-70.8428
10264	-71.0649
10265	-71.9826
10266	-71.3953
10267	-71.8703
10268	-71.0925
10269	-70.099
10270	-69.2362
10271	-67.4198
10272	-66.524
10273	-65.2608
10274	-63.6376
10275	-62.0432
10276	-61.1874
10277	-60.974
10278	-59.6443
10279	-49.3395
10280	-21.2838
10281	-10.4853
10282	-9.59223
10283	-18.2441
10284	-41.6898
10285	-58.5477
10286	-60.0449
10287	-61.5772
10288	-62.4775
10289	-63.3645
10290	-64.3871
10291	-65.9067
10292	-66.0506
10293	-67.7038
10294	-70.1386
10295	-71.3202
10296	-71.2863
10297	-72.0681
10298	-72.2742
10299	-70.9079
10300	-71.3594
10301	-71.5932
10302	-71.7832
10303	-70.6046
10304	-70.5441
10305	-70.8736
10306	-71.4971
10307	-70.3202
10308	-69.0807
10309	-67.9972
10310	-66.3602
10311	-68.4875
10312	-71.6284
10313	-72.6688
10314	-72.9813
10315	-72.8888
10316	-73.6147
10317	-73.1067
10318	-73.2192
10319	-72.8264
10320	-69.7507
10321	-65.5088
10322	-67.8633
10323	-69.9883
10324	-69.1777
10325	-68.8847
10326	-67.6467
10327	-67.6711
10328	-67.4462
10329	-66.6988
10330	-61.0393
10331	-50.7319
10332	-49.6754
10333	-57.6957
10334	-65.3967
10335	-66.9197
10336	-67.3804
10337	-68.3169
10338	-68.7034
10339	-69.1016
10340	-68.6881
10341	-65.6481
10342	-60.9892
10343	-64.1223
10344	-68.1866
10345	-69.7055
10346	-70.8194
10347	-71.3415
10348	-71.0107
10349	-69.5876
10350	-68.7695
10351	-66.569
10352	-62.729
10353	-59.7724
10354	-61.9603
10355	-66.2171
10356	-68.3771
10357	-69.974
10358	-69.7596
10359	-68.882
10360	-69.4054
10361	-71.3322
10362	-72.1114
10363	-71.9318
10364	-71.4312
10365	-71.8977
10366	-73.0099
10367	-73.4803
10368	-73.7106
10369	-73.511
10370	-73.049
10371	-73.225
10372	-71.6969
10373	-70.8597
10374	-69.8492
10375	-68.2035
10376	-68.7259
10377	-68.2792
10378	-68.9934
10379	-70.8354
10380	-70.6161
10381	-70.3416
10382	-70.9147
10383	-72.1783
10384	-73.2661
10385	-73.3093
10386	-73.6171
10387	-73.759
10388	-73.307
10389	-73.0452
10390	-72.7714
10391	-72.3656
10392	-70.9275
10393	-69.9344
10394	-69.7342
10395	-70.1164
10396	-69.851
10397	-67.9078
10398	-65.9005
10399	-64.0362
10400	-62.8427
10401	-57.16
10402	-48.3662
10403	-41.531
10404	-44.382
10405	-54.1533
10406	-60.9761
10407	-63.5343
10408	-63.7576
10409	-62.6415
10410	-62.4431
10411	-66.2471
10412	-69.1919
10413	-71.408
10414	-72.5733
10415	-71.3816
10416	-71.5418
10417	-72.7667
10418	-73.5154
10419	-73.4844
10420	-73.2336
10421	-72.5603
10422	-73.335
10423	-72.7936
10424	-72.3797
10425	-71.6188
10426	-70.8085
10427	-70.8598
10428	-72.7936
10429	-73.0096
10430	-71.0102
10431	-65.3655
10432	-63.9788
10433	-70.353
10434	-72.5232
10435	-73.3233
10436	-72.7813
10437	-73.1604
10438	-73.7497
10439	-73.8974
10440	-73.5131
10441	-72.4571
10442	-71.6305
10443	-69.6115
10444	-70.9814
10445	-71.6226
10446	-71.6644
10447	-71.0894
10448	-70.3774
10449	-69.9205
10450	-69.4938
10451	-68.2328
10452	-65.2094
10453	-62.9389
10454	-64.151
10455	-65.7573
10456	-66.848
10457	-68.6025
10458	-69.2096
10459	-69.1887
10460	-69.7034
10461	-69.9993
10462	-69.3684
10463	-67.9694
10464	-64.9814
10465	-64.874
10466	-66.1617
10467	-66.0068
10468	-69.3456
10469	-68.9502
10470	-68.0561
10471	-67.0809
10472	-64.0696
10473	-61.2921
10474	-59.3182
10475	-56.7947
10476	-58.7814
10477	-58.8479
10478	-58.6096
10479	-61.6956
10480	-62.4253
10481	-64.3884
10482	-67.8653
10483	-68.3217
10484	-69.6257
10485	-70.0029
10486	-68.2675
10487	-69.1643
10488	-68.7291
10489	-70.7748
10490	-71.8332
10491	-72.6952
10492	-72.8476
10493	-72.858
10494	-73.0662
10495	-73.5745
10496	-73.1855
10497	-72.1543
10498	-69.282
10499	-66.5764
10500	-67.108
10501	-69.0031
10502	-71.2741
10503	-72.0548
10504	-71.3054
10505	-72.0246
10506	-72.4808
10507	-71.8998
10508	-72.0329
10509	-70.8345
10510	-70.8527
10511	-71.0916
10512	-70.1856
10513	-69.2261
10514	-68.7866
10515	-68.0427
10516	-67.3842
10517	-66.6899
10518	-65.5149
10519	-64.481
10520	-62.7419
10521	-57.9491
10522	-54.2551
10523	-50.9473
10524	-45.4965
10525	-42.3477
10526	-44.6434
10527	-45.3815
10528	-45.217
10529	-50.0843
10530	-53.451
10531	-55.2486
10532	-58.1371
10533	-63.4797
10534	-65.1805
10535	-66.4471
10536	-67.7336
10537	-68.1983
10538	-69.2374
10539	-69.9955
10540	-69.6382
10541	-70.2998
10542	-70.9004
10543	-71.1439
10544	-71.3838
10545	-72.2637
10546	-72.5306
10547	-73.0708
10548	-72.6338
10549	-71.7554
10550	-72.1803
10551	-71.891
10552	-70.4144
10553	-68.567
10554	-69.2455
10555	-71.3225
10556	-73.1619
10557	-74.3384
10558	-73.4019
10559	-72.7093
10560	-72.6973
10561	-72.9951
10562	-72.8247
10563	-71.5219
10564	-69.2276
10565	-67.7526
10566	-69.1821
10567	-68.811
10568	-70.4977
10569	-69.681
10570	-68.5354
10571	-67.5238
10572	-63.843
10573	-61.583
10574	-59.5279
10575	-56.7167
10576	-58.8431
10577	-58.7558
10578	-59.1351
10579	-61.7326
10580	-63.0628
10581	-64.9362
10582	-67.9062
10583	-67.9373
10584	-68.3905
10585	-67.367
10586	-64.8319
10587	-66.7162
10588	-64.7016
10589	-64.5897
10590	-67.5433
10591	-68.9273
10592	-69.5423
10593	-69.0878
10594	-68.9725
10595	-68.8607
10596	-68.1811
10597	-66.5512
10598	-62.4098
10599	-56.7898
10600	-56.8077
10601	-60.5236
10602	-64.9856
10603	-68.4928
10604	-70.4127
10605	-70.0445
10606	-71.2221
10607	-71.2781
10608	-70.9166
10609	-68.8078
10610	-67.5838
10611	-70.1831
10612	-73.139
10613	-73.5231
10614	-73.5136
10615	-72.4968
10616	-72.7471
10617	-73.3515
10618	-73.2781
10619	-72.4066
10620	-70.8463
10621	-67.6193
10622	-69.5772
10623	-72.357
10624	-73.415
10625	-72.502
10626	-72.0205
10627	-71.9846
10628	-72.8342
10629	-72.581
10630	-72.456
10631	-72.0149
10632	-71.844
10633	-71.9349
10634	-71.6088
10635	-72.0514
10636	-71.7425
10637	-70.8097
10638	-70.352
10639	-69.8433
10640	-68.9266
10641	-67.0589
10642	-63.1252
10643	-60.0966
10644	-60.8008
10645	-61.9374
10646	-59.8867
10647	-53.904
10648	-44.997
10649	-37.2855
10650	-36.6361
10651	-44.714
10652	-53.4197
10653	-59.7465
10654	-63.1532
10655	-65.2671
10656	-66.026
10657	-67.2285
10658	-68.2797
10659	-67.7136
10660	-67.8377
10661	-68.9924
10662	-71.1033
10663	-72.312
10664	-72.2559
10665	-72.7529
10666	-73.0997
10667	-72.3718
10668	-72.7352
10669	-72.7791
10670	-71.5583
10671	-70.6724
10672	-70.0237
10673	-69.9262
10674	-69.535
10675	-67.1535
10676	-67.7618
10677	-68.2184
10678	-69.271
10679	-70.8095
10680	-71.4207
10681	-72.0721
10682	-72.9142
10683	-72.6471
10684	-73.1473
10685	-73.0018
10686	-72.9399
10687	-72.4975
10688	-69.6916
10689	-69.4949
10690	-70.3259
10691	-70.3347
10692	-69.7077
10693	-67.9476
10694	-67.6901
10695	-67.7745
10696	-67.955
10697	-65.6634
10698	-61.9332
10699	-56.2417
10700	-55.5824
10701	-59.5798
10702	-64.672
10703	-68.3163
10704	-69.5729
10705	-70.5154
10706	-70.8931
10707	-71.1091
10708	-69.0154
10709	-66.1758
10710	-64.666
10711	-65.4474
10712	-68.7021
10713	-69.0677
10714	-69.873
10715	-69.4569
10716	-68.8331
10717	-68.0442
10718	-67.0453
10719	-65.354
10720	-58.9183
10721	-52.8363
10722	-55.8432
10723	-66.1076
10724	-69.4367
10725	-69.3054
10726	-69.2419
10727	-69.7842
10728	-70.8823
10729	-71.1096
10730	-71.1518
10731	-69.6623
10732	-69.5189
10733	-71.6981
10734	-72.9774
10735	-73.6383
10736	-73.7702
10737	-73.7355
10738	-73.4725
10739	-73.2255
10740	-72.8359
10741	-70.4442
10742	-66.1258
10743	-64.4282
10744	-67.7225
10745	-69.8327
10746	-71.219
10747	-71.212
10748	-70.627
10749	-69.7477
10750	-70.653
10751	-71.7627
10752	-72.8317
10753	-72.3721
10754	-72.6492
10755	-73.3285
10756	-72.5836
10757	-72.2758
10758	-71.9902
10759	-71.0696
10760	-68.7994
10761	-68.4544
10762	-67.2633
10763	-65.8012
10764	-64.6532
10765	-63.0219
10766	-62.6154
10767	-61.3857
10768	-60.4319
10769	-39.6609
10770	-20.6489
10771	-14.1104
10772	-16.875
10773	-30.167
10774	-59.783
10775	-64.0407
10776	-63.8588
10777	-64.0899
10778	-65.6127
10779	-67.0016
10780	-68.4013
10781	-68.9911
10782	-70.2423
10783	-71.3415
10784	-72.0458
10785	-72.3843
10786	-72.548
10787	-73.2953
10788	-73.1436
10789	-72.1082
10790	-72.6237
10791	-72.8753
10792	-72.321
10793	-71.2729
10794	-71.1537
10795	-71.939
10796	-72.7792
10797	-72.6353
10798	-71.0182
10799	-68.2805
10800	-68.9396
10801	-71.1022
10802	-73.0034
10803	-72.7215
10804	-73.1757
10805	-73.1759
10806	-73.8952
10807	-74.021
10808	-73.1421
10809	-72.1455
10810	-69.8878
10811	-68.2617
10812	-70.167
10813	-69.9964
10814	-69.1786
10815	-68.9241
10816	-68.686
10817	-67.734
10818	-67.1552
10819	-66.2147
10820	-60.3773
10821	-54.8053
10822	-57.5571
10823	-65.9486
10824	-67.9629
10825	-68.762
10826	-69.612
10827	-70.0302
10828	-70.7187
10829	-70.235
10830	-68.9505
10831	-64.1805
10832	-61.8643
10833	-61.8131
10834	-65.9528
10835	-68.9253
10836	-69.4798
10837	-69.2039
10838	-67.8745
10839	-67.2279
10840	-65.819
10841	-60.538
10842	-53.6829
10843	-51.7965
10844	-57.4514
10845	-61.4361
10846	-63.8838
10847	-64.7327
10848	-65.2516
10849	-66.5456
10850	-66.9134
10851	-68.2844
10852	-68.9862
10853	-67.3256
10854	-67.15
10855	-69.9625
10856	-71.9273
10857	-72.8596
10858	-72.4855
10859	-72.5133
10860	-72.2248
10861	-72.0772
10862	-73.1187
10863	-73.2632
10864	-72.7062
10865	-71.1212
10866	-70.0809
10867	-70.0345
10868	-70.922
10869	-71.5745
10870	-70.8407
10871	-71.4094
10872	-71.8838
10873	-72.0408
10874	-72.4409
10875	-71.3357
10876	-71.9455
10877	-71.6396
10878	-71.3632
10879	-70.9692
10880	-70.469
10881	-69.2779
10882	-67.0784
10883	-66.2274
10884	-66.7521
10885	-65.6659
10886	-63.7735
10887	-62.8943
10888	-61.6461
10889	-60.0104
10890	-54.1427
10891	-44.5449
10892	-32.7431
10893	-29.686
10894	-36.2305
10895	-46.9881
10896	-53.1131
10897	-56.4703
10898	-57.626
10899	-57.6733
10900	-59.6482
10901	-62.6768
10902	-65.0613
10903	-66.8291
10904	-67.099
10905	-68.8602
10906	-70.0511
10907	-71.0697
10908	-71.3375
10909	-70.8212
10910	-70.6959
10911	-69.9599
10912	-70.9306
10913	-72.3118
10914	-72.0775
10915	-71.6809
10916	-71.7666
10917	-72.372
10918	-71.9009
10919	-71.2566
10920	-69.5556
10921	-64.8034
10922	-67.2341
10923	-72.2972
10924	-73.1
10925	-73.2668
10926	-73.4859
10927	-73.3612
10928	-73.4612
10929	-73.6123
10930	-73.5083
10931	-70.6515
10932	-66.2375
10933	-65.9923
10934	-68.7272
10935	-69.6241
10936	-69.819
10937	-68.8452
10938	-68.4375
10939	-67.6489
10940	-65.8365
10941	-60.1673
10942	-53.4905
10943	-51.4183
10944	-56.6693
10945	-61.0121
10946	-63.3882
10947	-65.4772
10948	-65.5641
10949	-66.0358
10950	-67.1037
10951	-68.472
10952	-67.8141
10953	-62.9591
10954	-62.6717
10955	-66.8033
10956	-68.2936
10957	-69.7085
10958	-70.3097
10959	-69.7203
10960	-69.9547
10961	-69.5714
10962	-69.0728
10963	-68.7175
10964	-68.6379
10965	-65.8567
10966	-64.802
10967	-64.1668
10968	-65.5166
10969	-66.176
10970	-66.4795
10971	-67.8735
10972	-70.0522
10973	-71.7727
10974	-72.6457
10975	-72.0247
10976	-71.7962
10977	-71.5887
10978	-71.7739
10979	-71.793
10980	-73.5004
10981	-73.4541
10982	-72.5608
10983	-72.1213
10984	-72.3947
10985	-72.5017
10986	-71.7038
10987	-70.3138
10988	-69.0359
10989	-67.3284
10990	-68.7029
10991	-71.1967
10992	-72.2613
10993	-71.5746
10994	-72.2413
10995	-72.679
10996	-73.1279
10997	-73.4661
10998	-73.2658
10999	-73.4936
11000	-73.2612
11001	-72.9977
11002	-72.5043
11003	-71.5779
11004	-71.2037
11005	-71.0056
11006	-71.2415
11007	-71.2132
11008	-70.062
11009	-69.3161
11010	-64.29
11011	-61.9916
11012	-64.1517
11013	-63.5565
11014	-60.4685
11015	-57.7612
11016	-54.4133
11017	-52.0721
11018	-53.9498
11019	-57.0475
11020	-58.5586
11021	-59.7934
11022	-63.9378
11023	-68.6237
11024	-69.6885
11025	-70.8479
11026	-70.9143
11027	-70.3094
11028	-70.4098
11029	-71.3203
11030	-72.8725
11031	-73.5344
11032	-72.597
11033	-72.8789
11034	-72.9049
11035	-72.97
11036	-73.1904
11037	-71.6919
11038	-71.3249
11039	-70.9342
11040	-72.182
11041	-70.6113
11042	-66.2837
11043	-65.2245
11044	-67.696
11045	-70.1724
11046	-71.7736
11047	-72.7132
11048	-72.4606
11049	-72.3623
11050	-72.5753
11051	-73.0694
11052	-73.3484
11053	-71.7649
11054	-72.0076
11055	-71.5114
11056	-71.5008
11057	-71.6174
11058	-71.9385
11059	-71.0172
11060	-70.2594
11061	-70.8468
11062	-69.7541
11063	-69.6234
11064	-68.2813
11065	-66.4259
11066	-63.5703
11067	-62.3964
11068	-64.3215
11069	-65.3684
11070	-65.715
11071	-68.3159
11072	-70.0892
11073	-70.1879
11074	-70.6868
11075	-69.3531
11076	-67.9449
11077	-67.0563
11078	-65.3058
11079	-65.9007
11080	-68.9708
11081	-68.7647
11082	-67.6783
11083	-65.7113
11084	-65.3598
11085	-64.9332
11086	-62.8226
11087	-60.4555
11088	-58.823
11089	-54.5962
11090	-55.9995
11091	-61.5458
11092	-66.1038
11093	-68.0963
11094	-69.0435
11095	-69.8904
11096	-70.3653
11097	-70.4995
11098	-69.3723
11099	-67.878
11100	-68.5799
11101	-71.1152
11102	-73.1925
11103	-73.1085
11104	-73.4964
11105	-73.7279
11106	-73.7428
11107	-73.3343
11108	-72.5974
11109	-71.7431
11110	-64.9601
11111	-62.4084
11112	-68.2902
11113	-71.1462
11114	-71.8545
11115	-71.3819
11116	-70.873
11117	-70.9882
11118	-72.1271
11119	-72.1082
11120	-71.2711
11121	-70.6065
11122	-71.4331
11123	-71.7267
11124	-71.5978
11125	-71.1394
11126	-70.0036
11127	-69.0053
11128	-67.9059
11129	-66.9367
11130	-65.85
11131	-63.6209
11132	-60.1805
11133	-57.8058
11134	-57.2103
11135	-55.9166
11136	-51.9313
11137	-48.046
11138	-41.0435
11139	-35.5977
11140	-37.8205
11141	-48.5802
11142	-56.0187
11143	-60.1669
11144	-62.7579
11145	-64.3833
11146	-65.8186
11147	-67.4349
11148	-68.3469
11149	-67.7825
11150	-68.5707
11151	-70.3281
11152	-70.7681
11153	-71.1518
11154	-71.9799
11155	-72.1268
11156	-72.8927
11157	-72.4035
11158	-72.9736
11159	-72.459
11160	-72.3496
11161	-72.3741
11162	-71.6786
11163	-71.9549
11164	-71.7286
11165	-70.8506
11166	-70.8553
11167	-72.0106
11168	-72.283
11169	-72.7718
11170	-72.7269
11171	-72.8035
11172	-72.3917
11173	-72.6654
11174	-72.4492
11175	-72.6307
11176	-71.832
11177	-69.7702
11178	-68.6642
11179	-69.2914
11180	-69.9708
11181	-68.8416
11182	-67.1462
11183	-66.0243
11184	-65.3876
11185	-64.6765
11186	-63.2954
11187	-61.0368
11188	-59.5855
11189	-55.299
11190	-56.7899
11191	-62.1707
11192	-66.4848
11193	-67.7435
11194	-68.7371
11195	-69.3753
11196	-69.7683
11197	-69.1309
11198	-66.3269
11199	-64.2505
11200	-60.8292
11201	-62.977
11202	-67.9934
11203	-69.1348
11204	-69.3068
11205	-68.5673
11206	-68.4427
11207	-67.7012
11208	-66.6271
11209	-63.5225
11210	-52.959
11211	-50.1338
11212	-56.5803
11213	-64.9279
11214	-66.6914
11215	-67.5328
11216	-68.7594
11217	-68.8908
11218	-68.7709
11219	-69.5112
11220	-68.8348
11221	-65.0921
11222	-67.529
11223	-72.45
11224	-73.4912
11225	-73.5973
11226	-73.1115
11227	-73.0292
11228	-72.7127
11229	-73.0771
11230	-73.0176
11231	-72.304
11232	-70.6131
11233	-70.5751
11234	-71.2695
11235	-72.496
11236	-72.794
11237	-71.9714
11238	-71.0668
11239	-71.8342
11240	-72.889
11241	-72.3433
11242	-71.1882
11243	-71.1484
11244	-71.9562
11245	-71.8654
11246	-72.0897
11247	-71.3716
11248	-70.6729
11249	-69.5653
11250	-68.1197
11251	-67.0213
11252	-65.714
11253	-63.9173
11254	-62.472
11255	-61.4779
11256	-61.2217
11257	-60.6214
11258	-55.4343
11259	-26.0411
11260	-12.822
11261	-10.095
11262	-16.6924
11263	-36.0681
11264	-58.1962
11265	-59.9268
11266	-61.6141
11267	-62.4914
11268	-63.3482
11269	-64.2559
11270	-66.0809
11271	-66.203
11272	-67.3995
11273	-69.9078
11274	-71.4618
11275	-71.3967
11276	-71.8916
11277	-72.2007
11278	-71.4728
11279	-71.3507
11280	-71.6596
11281	-71.748
11282	-70.685
11283	-70.2074
11284	-70.7946
11285	-71.5592
11286	-70.5746
11287	-69.1078
11288	-68.4103
11289	-66.3985
11290	-67.7504
11291	-71.2799
11292	-72.8641
11293	-72.8562
11294	-73.0228
11295	-73.5281
11296	-73.1783
11297	-73.2311
11298	-72.9354
11299	-70.9298
11300	-66.1207
11301	-67.2802
11302	-69.9579
11303	-69.4808
11304	-69.2441
11305	-67.9327
11306	-67.7666
11307	-67.7687
11308	-67.3463
11309	-63.4598
11310	-52.3068
11311	-49.3463
11312	-55.9025
11313	-64.5608
11314	-66.7285
11315	-67.4385
11316	-68.1788
11317	-68.774
11318	-69.2286
11319	-68.6886
11320	-66.8166
11321	-61.6235
11322	-63.2262
11323	-67.7468
11324	-69.1737
11325	-70.589
11326	-71.3641
11327	-71.1824
11328	-69.9499
11329	-68.7036
11330	-67.2135
11331	-62.8625
11332	-59.3412
11333	-60.3266
11334	-65.4357
11335	-68.1284
11336	-70.2596
11337	-69.9801
11338	-69.1657
11339	-69.405
11340	-71.2259
11341	-72.1307
11342	-71.8501
11343	-71.3814
11344	-71.7447
11345	-72.9154
11346	-73.4521
11347	-73.7965
11348	-73.6757
11349	-73.0884
11350	-73.1771
11351	-72.0234
11352	-71.1368
11353	-70.0037
11354	-68.3365
11355	-68.1679
11356	-68.223
11357	-68.3266
11358	-70.8288
11359	-70.513
11360	-70.2385
11361	-70.7318
11362	-71.8265
11363	-73.4379
11364	-73.2472
11365	-73.3937
11366	-73.8665
11367	-73.2274
11368	-73.0565
11369	-72.7394
11370	-72.5962
11371	-70.7172
11372	-69.8207
11373	-69.5511
11374	-69.9405
11375	-69.9418
11376	-68.0759
11377	-66.3002
11378	-64.0799
11379	-63.0963
11380	-57.9556
11381	-49.3152
11382	-40.4859
11383	-41.3644
11384	-50.4437
11385	-59.4576
11386	-63.5252
11387	-64.2957
11388	-63.1938
11389	-62.5376
11390	-65.2527
11391	-68.9303
11392	-70.9867
11393	-72.1131
11394	-71.5849
11395	-71.3514
11396	-72.592
11397	-73.3336
11398	-73.2769
11399	-73.322
11400	-72.3405
11401	-73.2733
11402	-73.0657
11403	-72.3655
11404	-72.2927
11405	-70.7207
11406	-70.8252
11407	-72.2481
11408	-73.1618
11409	-71.6473
11410	-66.9297
11411	-63.8301
11412	-69.1945
11413	-72.3556
11414	-73.3762
11415	-72.6027
11416	-73.0086
11417	-73.5685
11418	-73.9882
11419	-73.9005
11420	-72.743
11421	-71.762
11422	-69.5358
11423	-70.313
11424	-71.5354
11425	-71.4987
11426	-71.1292
11427	-70.2972
11428	-69.8648
11429	-69.5567
11430	-68.1667
11431	-65.1248
11432	-62.061
11433	-62.5846
11434	-65.6013
11435	-66.837
11436	-68.7277
11437	-69.3829
11438	-69.4867
11439	-69.6712
11440	-70.2269
11441	-69.6036
11442	-68.2042
11443	-65.4161
11444	-64.3935
11445	-66.1313
11446	-65.7015
11447	-68.6598
11448	-69.0634
11449	-68.2712
11450	-67.4768
11451	-64.4532
11452	-61.773
11453	-59.9291
11454	-56.9016
11455	-57.9343
11456	-59.1433
11457	-58.0597
11458	-60.9986
11459	-62.2075
11460	-63.8784
11461	-67.2529
11462	-68.1905
11463	-69.2507
11464	-70.4613
11465	-68.3307
11466	-69.1078
11467	-68.4047
11468	-70.5876
11469	-71.5832
11470	-72.4994
11471	-72.808
11472	-72.8875
11473	-73.0484
11474	-73.5417
11475	-73.2586
11476	-72.9117
11477	-70.0119
11478	-67.1496
11479	-66.956
11480	-68.7334
11481	-70.8992
11482	-72.1648
11483	-71.5453
11484	-72.2276
11485	-72.3578
11486	-71.8125
11487	-71.9706
11488	-71.0466
11489	-70.5987
11490	-71.2261
11491	-70.3628
11492	-69.4371
11493	-69.0522
11494	-68.0829
11495	-67.3204
11496	-66.9727
11497	-65.8092
11498	-64.5706
11499	-63.1473
11500	-58.8286
11501	-54.9193
11502	-51.71
11503	-46.7615
11504	-42.4404
11505	-43.6696
11506	-45.888
11507	-44.6248
11508	-48.7739
11509	-52.7576
11510	-54.8294
11511	-57.2579
11512	-62.6356
11513	-64.8486
11514	-66.1569
11515	-67.4744
11516	-68.0694
11517	-68.8619
11518	-69.8237
11519	-69.7676
11520	-70.0084
11521	-70.7075
11522	-71.042
11523	-71.1329
11524	-72.2897
11525	-72.4795
11526	-72.7991
11527	-72.6363
11528	-71.8154
11529	-72.4884
11530	-72.1786
11531	-70.4764
11532	-68.6622
11533	-68.548
11534	-70.8436
11535	-72.694
11536	-74.0457
11537	-73.628
11538	-73.034
11539	-72.5142
11540	-73.1448
11541	-72.9425
11542	-71.579
11543	-69.8316
11544	-67.7031
11545	-68.6615
11546	-68.5911
11547	-70.0517
11548	-70.0773
11549	-68.5842
11550	-68.1409
11551	-64.2572
11552	-61.7121
11553	-60.0865
11554	-56.8845
11555	-57.9275
11556	-59.1256
11557	-58.6728
11558	-61.2773
11559	-62.5192
11560	-64.5138
11561	-67.2568
11562	-67.8594
11563	-68.3236
11564	-68.0977
11565	-64.8729
11566	-66.3722
11567	-65.1938
11568	-64.4761
11569	-67.2114
11570	-68.8383
11571	-69.6959
11572	-69.5927
11573	-69.1982
11574	-69.2142
11575	-68.5531
11576	-67.2981
11577	-64.1674
11578	-57.9626
11579	-56.8788
11580	-60.2089
11581	-64.5638
11582	-67.998
11583	-70.0681
11584	-70.2452
11585	-71.023
11586	-71.2006
11587	-71.3163
11588	-69.3041
11589	-67.7242
11590	-69.8801
11591	-72.5282
11592	-73.6899
11593	-73.6799
11594	-72.9674
11595	-72.6494
11596	-73.0252
11597	-73.4543
11598	-72.4933
11599	-71.3667
11600	-67.6029
11601	-68.5109
11602	-72.0033
11603	-73.1558
11604	-72.8378
11605	-71.8409
11606	-71.9253
11607	-72.7437
11608	-72.7395
11609	-72.5029
11610	-72.2436
11611	-72.0579
11612	-72.2324
11613	-71.8572
11614	-72.269
11615	-71.9589
11616	-71.0105
11617	-70.5329
11618	-70.0483
11619	-69.6295
11620	-67.7373
11621	-64.5314
11622	-60.8583
11623	-61.0753
11624	-62.6979
11625	-60.6881
11626	-55.9549
11627	-47.695
11628	-39.1072
11629	-36.6969
11630	-43.0833
11631	-52.5258
11632	-59.0237
11633	-62.708
11634	-65.2477
11635	-66.0899
11636	-67.2547
11637	-68.459
11638	-67.9399
11639	-68.0943
11640	-68.7401
11641	-70.8992
11642	-72.571
11643	-72.3293
11644	-72.6994
11645	-73.2073
11646	-72.5166
11647	-72.9094
11648	-72.6577
11649	-71.6622
11650	-70.8352
11651	-69.9723
11652	-69.9627
11653	-69.652
11654	-67.468
11655	-67.2944
11656	-68.4635
11657	-68.7269
11658	-70.6277
11659	-71.2883
11660	-71.8786
11661	-72.6074
11662	-72.812
11663	-73.0795
11664	-72.8417
11665	-73.0312
11666	-72.6945
11667	-70.5107
11668	-69.4538
11669	-70.4104
11670	-70.378
11671	-70.2447
11672	-68.4207
11673	-67.9841
11674	-68.1915
11675	-68.2826
11676	-66.5887
11677	-63.3708
11678	-57.5786
11679	-55.6221
11680	-58.9177
11681	-63.7994
11682	-67.9181
11683	-69.4439
11684	-70.5207
11685	-70.8614
11686	-71.2591
11687	-69.5175
11688	-66.932
11689	-64.9198
11690	-64.7613
11691	-68.0601
11692	-69.188
11693	-69.5831
11694	-69.4422
11695	-69.0111
11696	-68.0836
11697	-67.3135
11698	-65.5355
11699	-60.3155
11700	-52.828
11701	-54.1279
11702	-63.5054
11703	-69.0341
11704	-69.3572
11705	-68.9769
11706	-69.6236
11707	-70.3606
11708	-70.9034
11709	-70.9607
11710	-69.8565
11711	-68.8274
11712	-71.4985
11713	-72.6353
11714	-73.8104
11715	-73.5675
11716	-73.5705
11717	-73.6147
11718	-73.0461
11719	-73.0041
11720	-71.3575
11721	-67.1031
11722	-64.2984
11723	-66.6614
11724	-69.3953
11725	-70.9431
11726	-71.3873
11727	-70.8137
11728	-69.9937
11729	-70.3966
11730	-71.5626
11731	-72.6262
11732	-71.9444
11733	-72.5952
11734	-73.064
11735	-72.7025
11736	-72.2497
11737	-71.9413
11738	-71.0013
11739	-69.1113
11740	-68.2399
11741	-67.3041
11742	-65.7099
11743	-64.6504
11744	-62.9058
11745	-62.4566
11746	-61.2188
11747	-60.3452
11748	-46.0458
11749	-23.3197
11750	-14.7353
11751	-15.6668
11752	-26.5314
11753	-53.8909
11754	-63.0282
11755	-63.4092
11756	-63.966
11757	-65.0175
11758	-66.4311
11759	-67.9432
11760	-68.5069
11761	-69.7582
11762	-71.0436
11763	-71.7609
11764	-71.9399
11765	-72.3659
11766	-72.8839
11767	-73.1481
11768	-72.0995
11769	-72.3888
11770	-72.8496
11771	-72.4513
11772	-71.4911
11773	-71.2044
11774	-71.7085
11775	-72.6509
11776	-72.7105
11777	-71.8786
11778	-68.96
11779	-68.6331
11780	-71.0107
11781	-72.8823
11782	-72.8194
11783	-72.9764
11784	-73.0587
11785	-73.7755
11786	-73.8782
11787	-73.3975
11788	-72.3613
11789	-70.3778
11790	-67.7626
11791	-69.7991
11792	-70.0891
11793	-69.0408
11794	-68.8827
11795	-68.5209
11796	-67.9239
11797	-67.1205
11798	-66.2213
11799	-61.4603
11800	-54.6214
11801	-55.8361
11802	-64.4036
11803	-68.0699
11804	-68.5059
11805	-69.5018
11806	-69.9542
11807	-70.4089
11808	-70.466
11809	-69.1598
11810	-65.0155
11811	-62.0676
11812	-61.3797
11813	-65.2155
11814	-68.2984
11815	-69.4874
11816	-69.326
11817	-68.237
11818	-67.3235
11819	-66.6531
11820	-61.6097
11821	-54.9366
11822	-51.6934
11823	-55.8059
11824	-61.1213
11825	-63.3813
11826	-64.5441
11827	-65.5178
11828	-66.3134
11829	-66.7589
11830	-67.7737
11831	-68.965
11832	-67.9384
11833	-67.1187
11834	-69.6359
11835	-71.5064
11836	-73.0382
11837	-72.443
11838	-72.6017
11839	-72.2245
11840	-72.0761
11841	-73.1948
11842	-73.2965
11843	-72.8733
11844	-71.481
11845	-70.4861
11846	-70.03
11847	-71.0113
11848	-71.5601
11849	-71.0066
11850	-71.1674
11851	-72.0296
11852	-72.0454
11853	-72.6149
11854	-71.4074
11855	-71.945
11856	-71.8272
11857	-71.4655
11858	-71.2456
11859	-70.6747
11860	-69.5054
11861	-67.5705
11862	-66.2675
11863	-66.7824
11864	-66.2711
11865	-64.0977
11866	-63.0388
11867	-62.0461
11868	-60.4392
11869	-56.0635
11870	-47.5895
11871	-34.3625
11872	-29.4934
11873	-34.1571
11874	-45.6422
11875	-51.7416
11876	-56.0679
11877	-58.0503
11878	-57.5592
11879	-59.1418
11880	-62.1478
11881	-64.6586
11882	-66.3524
11883	-66.9265
11884	-68.4289
11885	-69.7736
11886	-71.0585
11887	-71.4726
11888	-71.0441
11889	-70.9538
11890	-69.9603
11891	-70.563
11892	-72.2308
11893	-72.0055
11894	-71.6628
11895	-71.7487
11896	-72.3534
11897	-72.0167
11898	-71.1806
11899	-70.0555
11900	-64.9529
11901	-65.8974
11902	-71.5831
11903	-73.0566
11904	-73.0304
11905	-73.6123
11906	-73.4674
11907	-73.3922
11908	-73.4262
11909	-73.4692
11910	-71.2851
11911	-66.9949
11912	-65.7958
11913	-68.2304
11914	-69.6977
11915	-69.9483
11916	-69.1229
11917	-68.6239
11918	-67.6273
11919	-66.7266
11920	-61.3771
11921	-54.8027
11922	-51.4074
11923	-55.2295
11924	-60.6954
11925	-62.8034
11926	-65.2054
11927	-65.6016
11928	-65.6653
11929	-66.905
11930	-68.1829
11931	-68.3826
11932	-63.7564
11933	-62.4453
11934	-66.1607
11935	-67.7993
11936	-69.5109
11937	-70.5282
11938	-69.8857
11939	-69.8825
11940	-69.7841
11941	-68.7474
11942	-68.0533
11943	-68.0727
11944	-65.8702
11945	-65.1787
11946	-64.5298
11947	-65.6936
11948	-66.5596
11949	-66.7116
11950	-67.8528
11951	-69.7506
11952	-71.4829
11953	-72.7376
11954	-72.1372
11955	-71.7734
11956	-71.6878
11957	-72.1382
11958	-71.721
11959	-73.31
11960	-73.5446
11961	-72.6502
11962	-72.2312
11963	-72.3575
11964	-72.4473
11965	-72.0018
11966	-70.3936
11967	-69.2286
11968	-67.2422
11969	-67.9593
11970	-70.5833
11971	-72.1766
11972	-71.5634
11973	-72.1017
11974	-72.4604
11975	-73.1313
11976	-73.1446
11977	-73.2152
11978	-73.4691
11979	-73.3822
11980	-73.0644
11981	-72.6126
11982	-71.9643
11983	-71.0419
11984	-71.1789
11985	-71.2259
11986	-71.5582
11987	-70.2665
11988	-69.7228
11989	-65.6818
11990	-61.7538
11991	-63.2273
11992	-62.7202
11993	-60.3839
11994	-57.8879
11995	-55.8178
11996	-53.0509
11997	-54.3861
11998	-56.9666
11999	-59.0282
12000	-59.6228
12001	-62.877
12002	-68.3265
12003	-69.768
12004	-70.8624
12005	-71.0488
12006	-70.3983
12007	-70.5761
12008	-71.2788
12009	-72.5665
12010	-73.7428
12011	-72.837
12012	-72.7329
12013	-73.0512
12014	-73.0357
12015	-72.999
12016	-72.0966
12017	-71.4271
12018	-70.9977
12019	-72.17
12020	-71.1309
12021	-67.2001
12022	-64.9241
12023	-67.0246
12024	-69.9407
12025	-71.3878
12026	-72.5176
12027	-72.6044
12028	-72.5092
12029	-72.3688
12030	-72.966
12031	-73.531
12032	-72.0432
12033	-71.9957
12034	-71.6288
12035	-71.5506
12036	-71.7635
12037	-71.9859
12038	-71.4566
12039	-70.3974
12040	-70.9473
12041	-69.7537
12042	-69.9674
12043	-68.8525
12044	-67.2631
12045	-64.6826
12046	-62.6586
12047	-64.3062
12048	-65.5469
12049	-65.8233
12050	-67.9597
12051	-70.0152
12052	-70.0627
12053	-70.6119
12054	-69.6242
12055	-67.9646
12056	-67.2126
12057	-65.4742
12058	-65.1132
12059	-68.7652
12060	-68.929
12061	-67.9664
12062	-65.8912
12063	-65.3072
12064	-64.9889
12065	-63.1146
12066	-60.6638
12067	-59.6567
12068	-55.0347
12069	-54.8603
12070	-60.4384
12071	-65.0534
12072	-68.0162
12073	-68.7197
12074	-69.5008
12075	-70.259
12076	-70.6051
12077	-69.4465
12078	-68.3796
12079	-67.7396
12080	-70.4801
12081	-72.9477
12082	-73.2527
12083	-73.2821
12084	-73.5345
12085	-73.9008
12086	-73.2935
12087	-72.7065
12088	-72.3041
12089	-66.7192
12090	-62.3384
12091	-67.0071
12092	-70.8574
12093	-71.7639
12094	-71.7369
12095	-71.1278
12096	-70.9297
12097	-72.0006
12098	-72.2129
12099	-71.5439
12100	-70.3788
12101	-71.1584
12102	-71.549
12103	-71.3898
12104	-71.1834
12105	-70.1655
12106	-69.0906
12107	-67.9641
12108	-67.2077
12109	-65.9614
12110	-63.9797
12111	-60.8403
12112	-57.8737
12113	-57.0959
12114	-56.1869
12115	-52.9842
12116	-48.38
12117	-42.4724
12118	-35.9427
12119	-36.5351
12120	-45.7702
12121	-54.3026
12122	-59.292
12123	-61.953
12124	-64.013
12125	-65.3979
12126	-67.0771
12127	-68.1649
12128	-67.7991
12129	-68.1724
12130	-69.8766
12131	-70.5713
12132	-71.335
12133	-71.9651
12134	-71.874
12135	-72.7166
12136	-72.4563
12137	-72.8653
12138	-72.4808
12139	-72.4798
12140	-72.1623
12141	-71.5538
12142	-72.0454
12143	-71.6083
12144	-70.8975
12145	-70.8549
12146	-71.6569
12147	-72.4659
12148	-72.9024
12149	-72.838
12150	-72.7867
12151	-72.3662
12152	-72.594
12153	-72.6582
12154	-72.7793
12155	-72.0694
12156	-69.9675
12157	-68.6376
12158	-69.038
12159	-69.8492
12160	-68.9221
12161	-67.3401
12162	-66.203
12163	-65.2693
12164	-64.7032
12165	-63.4088
12166	-61.1459
12167	-60.1765
12168	-55.6535
12169	-55.6065
12170	-61.1682
12171	-65.1243
12172	-67.7984
12173	-68.2258
12174	-69.2961
12175	-69.4956
12176	-69.3908
12177	-66.5542
12178	-64.4567
12179	-61.632
12180	-62.0752
12181	-67.4376
12182	-69.0894
12183	-69.6166
12184	-68.7882
12185	-68.7914
12186	-68.019
12187	-67.055
12188	-65.0148
12189	-55.0639
12190	-50.2627
12191	-54.914
12192	-64.0272
12193	-66.7949
12194	-67.4307
12195	-68.8021
12196	-68.8516
12197	-68.8598
12198	-69.4685
12199	-69.4882
12200	-65.7411
12201	-66.6908
12202	-71.79
12203	-73.4288
12204	-73.5402
12205	-73.2598
12206	-73.1146
12207	-72.9327
12208	-72.9964
12209	-73.1126
12210	-72.7538
12211	-70.675
12212	-70.0463
12213	-71.2849
12214	-72.262
12215	-73.0841
12216	-72.2518
12217	-71.2582
12218	-71.5879
12219	-72.714
12220	-72.6655
12221	-71.7862
12222	-71.2531
12223	-71.757
12224	-72.2185
12225	-72.0003
12226	-71.5761
12227	-71.3146
12228	-69.756
12229	-68.6734
12230	-67.4404
12231	-66.3291
12232	-64.5507
12233	-63.094
12234	-61.7557
12235	-61.5987
12236	-61.1542
12237	-58.4126
12238	-31.4767
12239	-15.5241
12240	-10.9225
12241	-15.5728
12242	-31.689
12243	-57.6693
12244	-59.948
12245	-61.5919
12246	-62.5256
12247	-63.3696
12248	-64.3498
12249	-65.9562
12250	-66.1732
12251	-67.2314
12252	-69.5845
12253	-71.3969
12254	-71.6345
12255	-71.9431
12256	-72.3334
12257	-71.9694
12258	-71.5272
12259	-71.9762
12260	-71.7594
12261	-70.905
12262	-70.0737
12263	-70.7846
12264	-71.4412
12265	-70.9074
12266	-69.2607
12267	-68.7804
12268	-66.4115
12269	-66.8973
12270	-70.5113
12271	-72.488
12272	-72.7106
12273	-73.1245
12274	-73.4069
12275	-73.4757
12276	-73.1831
12277	-73.0383
12278	-71.8348
12279	-67.1355
12280	-66.9178
12281	-69.9837
12282	-69.6735
12283	-69.4459
12284	-68.1427
12285	-67.9645
12286	-67.8973
12287	-67.8684
12288	-65.391
12289	-54.3433
12290	-49.4152
12291	-54.0506
12292	-63.3362
12293	-66.5716
12294	-67.6474
12295	-68.0924
12296	-69.0137
12297	-69.2288
12298	-68.9972
12299	-67.8029
12300	-62.5803
12301	-62.584
12302	-67.0733
12303	-68.7445
12304	-70.4754
12305	-71.5703
12306	-71.2088
12307	-70.3412
12308	-68.689
12309	-68.1521
12310	-63.2504
12311	-59.2579
12312	-58.5675
12313	-64.0167
12314	-67.8978
12315	-70.1126
12316	-70.1407
12317	-69.3716
12318	-69.314
12319	-70.9348
12320	-71.9387
12321	-71.5635
12322	-71.418
12323	-71.4629
12324	-72.5602
12325	-73.3642
12326	-73.8038
12327	-73.8924
12328	-73.0016
12329	-73.4133
12330	-72.2994
12331	-71.1734
12332	-70.1784
12333	-68.7356
12334	-67.7186
12335	-68.363
12336	-67.9377
12337	-70.5491
12338	-70.5667
12339	-70.0406
12340	-70.4387
12341	-71.7049
12342	-72.9134
12343	-73.1495
12344	-73.2767
12345	-73.8918
12346	-73.1452
12347	-73.1733
12348	-72.7588
12349	-72.7227
12350	-70.8561
12351	-69.724
12352	-69.2176
12353	-69.501
12354	-69.5879
12355	-68.313
12356	-66.4449
12357	-64.232
12358	-63.3242
12359	-58.7956
12360	-50.6301
12361	-40.1109
12362	-38.9593
12363	-47.0411
12364	-57.6115
12365	-63.2986
12366	-64.6701
12367	-63.6979
12368	-62.6756
12369	-64.4619
12370	-68.24
12371	-70.5492
12372	-71.7851
12373	-71.9149
12374	-71.2924
12375	-72.2183
12376	-73.0782
12377	-73.2337
12378	-73.1208
12379	-72.307
12380	-73.117
12381	-73.1094
12382	-72.4637
12383	-72.5663
12384	-70.8194
12385	-70.8804
12386	-71.8445
12387	-73.5397
12388	-72.2537
12389	-68.4699
12390	-64.143
12391	-67.8904
12392	-72.2086
12393	-73.2831
12394	-72.6898
12395	-72.8741
12396	-73.3859
12397	-73.8784
12398	-73.8054
12399	-72.8168
12400	-72.154
12401	-69.7595
12402	-69.6728
12403	-71.5981
12404	-71.3597
12405	-71.3148
12406	-70.2959
12407	-70.2449
12408	-69.6477
12409	-68.1854
12410	-65.2414
12411	-61.511
12412	-60.8814
12413	-64.992
12414	-66.8746
12415	-68.5728
12416	-69.4104
12417	-69.9019
12418	-69.5955
12419	-70.3528
12420	-69.8508
12421	-68.3046
12422	-65.7899
12423	-64.2104
12424	-65.6116
12425	-65.5185
12426	-67.9141
12427	-69.1453
12428	-68.2945
12429	-67.6922
12430	-65.2585
12431	-62.3043
12432	-60.3599
12433	-57.2414
12434	-57.3043
12435	-59.7199
12436	-57.7959
12437	-60.5573
12438	-62.017
12439	-63.3965
12440	-66.6835
12441	-68.0421
12442	-68.8907
12443	-70.5887
12444	-68.5277
12445	-68.646
12446	-68.3582
12447	-70.1222
12448	-71.3976
12449	-72.2742
12450	-72.8764
12451	-73.0429
12452	-73.2324
12453	-73.5333
12454	-73.3894
12455	-73.0719
12456	-70.7036
12457	-67.7701
12458	-66.8879
12459	-68.636
12460	-70.6759
12461	-72.235
12462	-71.6495
12463	-71.8913
12464	-72.365
12465	-71.9524
12466	-72.3007
12467	-71.3171
12468	-70.5101
12469	-71.2189
12470	-70.6061
12471	-69.57
12472	-69.0924
12473	-68.2912
12474	-67.4064
12475	-67.2412
12476	-66.0515
12477	-64.7166
12478	-63.5604
12479	-59.82
12480	-55.5763
12481	-52.4605
12482	-48.0393
12483	-42.6414
12484	-42.9471
12485	-46.5073
12486	-44.316
12487	-47.6489
12488	-52.1023
12489	-54.3621
12490	-56.5446
12491	-61.5413
12492	-64.4341
12493	-65.8025
12494	-67.1395
12495	-67.8555
12496	-68.3868
12497	-69.7421
12498	-69.8391
12499	-69.8451
12500	-70.6347
12501	-71.0898
12502	-70.9446
12503	-72.1942
12504	-72.3032
12505	-72.6199
12506	-72.7043
12507	-72.0386
12508	-72.3286
12509	-72.2413
12510	-70.5949
12511	-69.085
12512	-67.8818
12513	-70.1777
12514	-72.3183
12515	-73.7697
12516	-73.7377
12517	-73.2535
12518	-72.585
12519	-73.1882
12520	-73.0332
12521	-71.8783
12522	-70.5127
12523	-67.8338
12524	-68.2532
12525	-68.477
12526	-69.8128
12527	-70.4492
12528	-68.6778
12529	-68.2838
12530	-64.9646
12531	-62.0034
12532	-60.5078
12533	-57.2918
12534	-57.1647
12535	-59.8358
12536	-58.2273
12537	-60.7206
12538	-62.0421
12539	-64.1167
12540	-66.6076
12541	-67.9178
12542	-68.1442
12543	-68.4019
12544	-65.1711
12545	-65.7448
12546	-65.5644
12547	-64.4643
12548	-66.7909
12549	-68.8094
12550	-69.7187
12551	-70.1415
12552	-69.3635
12553	-69.5665
12554	-68.927
12555	-67.9763
12556	-65.6681
12557	-59.2423
12558	-57.1214
12559	-60.0887
12560	-64.0486
12561	-67.4705
12562	-69.9687
12563	-70.3959
12564	-70.7471
12565	-71.4084
12566	-71.1843
12567	-69.8891
12568	-68.037
12569	-69.5131
12570	-72.077
12571	-73.8341
12572	-73.7401
12573	-73.4697
12574	-72.6074
12575	-72.7794
12576	-73.4297
12577	-72.6628
12578	-71.8416
12579	-67.9873
12580	-67.5704
12581	-71.2696
12582	-72.9046
12583	-73.031
12584	-71.6428
12585	-71.7937
12586	-72.5596
12587	-73.091
12588	-72.5685
12589	-72.29
12590	-72.1856
12591	-72.3602
12592	-71.9438
12593	-72.5003
12594	-72.146
12595	-71.2906
12596	-70.7949
12597	-70.6394
12598	-70.0718
12599	-68.417
12600	-65.7793
12601	-61.5654
12602	-61.2069
12603	-62.969
12604	-61.7921
12605	-58.1684
12606	-50.2407
12607	-41.0456
12608	-37.0377
12609	-41.831
12610	-51.772
12611	-58.2512
12612	-62.3374
12613	-65.0387
12614	-66.225
12615	-67.3065
12616	-68.4691
12617	-68.2243
12618	-68.2253
12619	-68.7222
12620	-70.5864
12621	-72.6606
12622	-72.3345
12623	-72.6032
12624	-73.19
12625	-72.7504
12626	-72.7549
12627	-72.6059
12628	-72.0895
12629	-71.0395
12630	-70.1765
12631	-69.9008
12632	-69.8408
12633	-68.0243
12634	-66.964
12635	-68.634
12636	-68.463
12637	-70.4231
12638	-71.1617
12639	-71.7737
12640	-72.3969
12641	-72.9409
12642	-73.1045
12643	-72.9132
12644	-73.1601
12645	-73.0608
12646	-71.335
12647	-69.506
12648	-70.6152
12649	-70.4791
12650	-70.588
12651	-68.9911
12652	-68.3356
12653	-68.5188
12654	-68.7302
12655	-67.5022
12656	-64.7037
12657	-58.9568
12658	-55.7653
12659	-58.5834
12660	-63.0717
12661	-67.2501
12662	-69.4481
12663	-70.4589
12664	-71.0679
12665	-71.4637
12666	-69.9271
12667	-67.4411
12668	-65.3979
12669	-64.2093
12670	-67.1634
12671	-69.0891
12672	-69.4278
12673	-69.4847
12674	-69.002
12675	-68.0836
12676	-67.2588
12677	-65.7819
12678	-62.0267
12679	-53.2501
12680	-52.6139
12681	-60.6805
12682	-68.5044
12683	-69.5249
12684	-68.9822
12685	-69.2742
12686	-70.032
12687	-70.7099
12688	-70.7756
12689	-70.0844
12690	-68.4512
12691	-70.6525
12692	-72.3655
12693	-73.6973
12694	-73.5231
12695	-73.7235
12696	-73.5404
12697	-73.0428
12698	-73.0963
12699	-71.977
12700	-68.0677
12701	-64.4371
12702	-65.8358
12703	-69.14
12704	-70.7201
12705	-71.5353
12706	-70.9025
12707	-70.0917
12708	-70.1747
12709	-71.3111
12710	-72.4636
12711	-71.8159
12712	-72.3196
12713	-72.8976
12714	-72.9097
12715	-72.0301
12716	-71.9155
12717	-71.1382
12718	-69.2545
12719	-68.0252
12720	-67.2615
12721	-65.7809
12722	-64.5251
12723	-62.9646
12724	-62.303
12725	-61.2319
12726	-60.165
12727	-52.6664
12728	-26.5179
12729	-15.7369
12730	-14.8482
12731	-23.5042
12732	-46.7018
12733	-62.0599
12734	-63.0409
12735	-63.7638
12736	-64.4183
12737	-65.8452
12738	-67.3332
12739	-68.2033
12740	-69.2437
12741	-70.6395
12742	-71.4646
12743	-71.6592
12744	-72.1773
12745	-72.5676
12746	-73.2785
12747	-72.0994
12748	-72.2227
12749	-72.686
12750	-72.5959
12751	-71.8514
12752	-71.1949
12753	-71.7357
12754	-72.6849
12755	-72.7318
12756	-72.1353
12757	-69.8039
12758	-68.6579
12759	-70.8697
12760	-72.4726
12761	-72.8536
12762	-72.69
12763	-73.109
12764	-73.7037
12765	-73.5955
12766	-73.7143
12767	-72.6122
12768	-70.7572
12769	-67.5156
12770	-69.0949
12771	-70.1751
12772	-69.0819
12773	-69.1161
12774	-68.4962
12775	-68.0497
12776	-67.1548
12777	-66.3436
12778	-63.0762
12779	-54.8869
12780	-54.192
12781	-61.6987
12782	-67.6012
12783	-68.2571
12784	-69.2189
12785	-70.0104
12786	-70.1443
12787	-70.8136
12788	-69.2022
12789	-65.9516
12790	-62.1444
12791	-61.3011
12792	-64.4531
12793	-67.83
12794	-69.311
12795	-69.5457
12796	-68.7157
12797	-67.4276
12798	-67.0455
12799	-62.6944
12800	-56.5519
12801	-51.7714
12802	-54.447
12803	-60.7481
12804	-62.9435
12805	-64.386
12806	-65.4532
12807	-66.0646
12808	-66.5797
12809	-67.4714
12810	-69.1102
12811	-68.2669
12812	-67.0495
12813	-68.9527
12814	-70.9913
12815	-72.8282
12816	-72.5498
12817	-72.6041
12818	-72.2274
12819	-72.1388
12820	-73.0099
12821	-73.2499
12822	-73.071
12823	-71.7645
12824	-70.9221
12825	-70.0813
12826	-71.0084
12827	-71.5136
12828	-71.354
12829	-70.9965
12830	-72.1121
12831	-72.2742
12832	-72.5533
12833	-71.6571
12834	-71.8695
12835	-71.8615
12836	-71.6081
12837	-71.2418
12838	-70.8235
12839	-69.6176
12840	-68.0767
12841	-66.3258
12842	-66.7877
12843	-66.7552
12844	-64.4777
12845	-63.3169
12846	-62.3376
12847	-60.449
12848	-57.6058
12849	-49.7397
12850	-36.4073
12851	-29.7177
12852	-32.5648
12853	-43.2754
12854	-50.4908
12855	-55.7531
12856	-57.5087
12857	-57.6456
12858	-58.6659
12859	-61.6696
12860	-64.2177
12861	-66.0857
12862	-67.0249
12863	-67.9565
12864	-69.7083
12865	-70.867
12866	-71.4963
12867	-71.0443
12868	-71.2177
12869	-70.1621
12870	-70.4729
12871	-71.7983
12872	-71.94
12873	-71.6476
12874	-71.5589
12875	-72.0136
12876	-72.1496
12877	-71.2233
12878	-70.4956
12879	-65.5095
12880	-64.8321
12881	-70.7102
12882	-72.9968
12883	-72.9076
12884	-73.5689
12885	-73.7686
12886	-73.46
12887	-73.2432
12888	-73.4111
12889	-71.9905
12890	-68.1172
12891	-65.8015
12892	-67.8507
12893	-69.4925
12894	-69.9265
12895	-69.5587
12896	-68.7086
12897	-67.7513
12898	-67.4743
12899	-62.6692
12900	-56.4658
12901	-51.3916
12902	-53.9318
12903	-60.352
12904	-62.3667
12905	-64.8807
12906	-65.6819
12907	-65.5986
12908	-66.5164
12909	-67.9524
12910	-68.6862
12911	-64.8526
12912	-62.505
12913	-65.239
12914	-67.4223
12915	-69.3646
12916	-70.5852
12917	-70.0842
12918	-69.8887
12919	-70.1638
12920	-68.5801
12921	-67.548
12922	-67.6176
12923	-65.8257
12924	-65.0244
12925	-64.7647
12926	-65.8247
12927	-67.0693
12928	-67.1185
12929	-67.8295
12930	-69.5404
12931	-71.0611
12932	-72.7249
12933	-72.2051
12934	-71.7768
12935	-71.6638
12936	-72.2576
12937	-71.9511
12938	-73.0561
12939	-73.5159
12940	-72.989
12941	-72.2076
12942	-72.2673
12943	-72.3972
12944	-72.0698
12945	-70.575
12946	-69.3156
12947	-67.4133
12948	-67.4055
12949	-69.9414
12950	-71.8184
12951	-71.7063
12952	-71.9674
12953	-72.6281
12954	-73.0248
12955	-72.9751
12956	-73.2525
12957	-73.442
12958	-73.2262
12959	-73.0994
12960	-72.7776
12961	-72.016
12962	-70.8911
12963	-71.2929
12964	-71.089
12965	-71.853
12966	-70.5019
12967	-70.1145
12968	-67.0285
12969	-61.8372
12970	-62.2045
12971	-61.9317
12972	-59.6241
12973	-56.9609
12974	-56.873
12975	-54.4715
12976	-54.5622
12977	-57.1639
12978	-59.2767
12979	-59.6696
12980	-61.855
12981	-67.8044
12982	-69.866
12983	-71.0905
12984	-71.3048
12985	-70.694
12986	-71.0137
12987	-71.1562
12988	-72.3687
12989	-73.4335
12990	-73.3756
12991	-72.6268
12992	-73.05
12993	-73.1483
12994	-72.8664
12995	-72.2942
12996	-71.5062
12997	-71.0843
12998	-71.787
12999	-71.814
13000	-68.273
13001	-64.9332
13002	-66.5155
13003	-69.7649
13004	-71.2011
13005	-72.4302
13006	-72.5879
13007	-72.3452
13008	-72.2571
13009	-73.1271
13010	-73.7439
13011	-72.4501
13012	-71.8455
13013	-71.9051
13014	-71.6369
13015	-71.7318
13016	-72.1122
13017	-72.1212
13018	-70.4246
13019	-70.8004
13020	-69.738
13021	-69.7558
13022	-69.2644
13023	-67.616
13024	-65.7183
13025	-63.1555
13026	-64.0683
13027	-65.8526
13028	-66.0639
13029	-67.6723
13030	-69.9115
13031	-69.975
13032	-70.4086
13033	-69.9956
13034	-68.0271
13035	-67.3174
13036	-65.5898
13037	-64.487
13038	-68.2954
13039	-69.1856
13040	-68.1193
13041	-66.1699
13042	-65.127
13043	-65.0525
13044	-63.449
13045	-60.9081
13046	-60.1746
13047	-55.5663
13048	-54.0911
13049	-59.3494
13050	-64.1095
13051	-67.7647
13052	-68.3753
13053	-69.084
13054	-70.1264
13055	-70.6035
13056	-69.4781
13057	-68.6063
13058	-67.2165
13059	-69.7615
13060	-72.4417
13061	-73.5107
13062	-73.1276
13063	-73.4682
13064	-73.9082
13065	-73.3037
13066	-73.0772
13067	-72.5513
13068	-68.4973
13069	-62.6568
13070	-65.6019
13071	-70.4466
13072	-71.6793
13073	-72.0361
13074	-71.3452
13075	-71.0529
13076	-71.8868
13077	-72.1772
13078	-71.7276
13079	-70.4203
13080	-70.843
13081	-71.3892
13082	-71.164
13083	-71.2453
13084	-70.4952
13085	-69.1933
13086	-67.7948
13087	-67.2902
13088	-66.1018
13089	-64.2502
13090	-61.307
13091	-58.0061
13092	-57.0366
13093	-56.5206
13094	-53.7885
13095	-48.731
13096	-44.0867
13097	-36.4889
13098	-35.6127
13099	-42.9698
13100	-52.7173
13101	-58.4626
13102	-61.3383
13103	-63.653
13104	-64.8482
13105	-66.5156
13106	-67.9569
13107	-67.7298
13108	-67.8473
13109	-69.4882
13110	-70.2939
13111	-71.2325
13112	-71.6815
13113	-71.7799
13114	-72.3679
13115	-72.4953
13116	-72.5263
13117	-72.7147
13118	-72.3534
13119	-72.1198
13120	-71.6262
13121	-71.9051
13122	-71.6197
13123	-71.0521
13124	-70.6491
13125	-71.4071
13126	-72.7573
13127	-72.9366
13128	-73.0521
13129	-73.0211
13130	-72.278
13131	-72.4644
13132	-72.7866
13133	-72.6596
13134	-72.158
13135	-70.2567
13136	-68.774
13137	-68.6389
13138	-69.7054
13139	-68.9655
13140	-67.5681
13141	-66.3813
13142	-65.1424
13143	-64.749
13144	-63.5368
13145	-61.4684
13146	-60.3632
13147	-56.3559
13148	-54.6959
13149	-59.9684
13150	-63.9736
13151	-67.7154
13152	-67.9927
13153	-69.2363
13154	-69.3222
13155	-69.4455
13156	-66.9952
13157	-64.7229
13158	-62.5295
13159	-61.5357
13160	-66.9193
13161	-69.0492
13162	-69.9053
13163	-69.0968
13164	-69.1
13165	-68.2314
13166	-67.5543
13167	-65.9059
13168	-57.5506
13169	-50.7913
13170	-53.5649
13171	-62.4369
13172	-67.0422
13173	-67.2449
13174	-68.4051
13175	-68.9813
13176	-69.1253
13177	-69.3403
13178	-69.7696
13179	-66.6318
13180	-66.0817
13181	-71.369
13182	-73.2331
13183	-73.7125
13184	-73.4478
13185	-73.0314
13186	-72.8592
13187	-73.1248
13188	-73.2065
13189	-72.9563
13190	-70.8834
13191	-69.7597
13192	-70.9977
13193	-72.1351
13194	-73.0325
13195	-72.531
13196	-71.5142
13197	-71.4499
13198	-72.6979
13199	-72.7995
13200	-72.1492
13201	-71.4074
13202	-71.6257
13203	-72.6448
13204	-71.9235
13205	-72.0009
13206	-71.6965
13207	-70.1067
13208	-69.3134
13209	-67.7437
13210	-66.7999
13211	-65.0684
13212	-63.6116
13213	-62.158
13214	-61.8384
13215	-61.63
13216	-59.6078
13217	-37.7875
13218	-18.6319
13219	-12.0846
13220	-14.8585
13221	-28.206
13222	-55.9498
13223	-59.9592
13224	-61.3916
13225	-62.4344
13226	-63.3726
13227	-64.4165
13228	-65.785
13229	-66.3984
13230	-67.2584
13231	-69.015
13232	-71.1428
13233	-71.7771
13234	-71.8652
13235	-72.2815
13236	-72.2672
13237	-71.6036
13238	-71.9252
13239	-71.9907
13240	-71.2562
13241	-70.0103
13242	-70.6678
13243	-71.2181
13244	-71.1039
13245	-69.5727
13246	-68.8033
13247	-66.6033
13248	-66.2731
13249	-69.6249
13250	-72.1948
13251	-72.7342
13252	-73.0318
13253	-73.4563
13254	-73.2841
13255	-73.2452
13256	-73.1896
13257	-72.4029
13258	-68.2388
13259	-66.5519
13260	-69.7072
13261	-70.1399
13262	-69.7834
13263	-68.3218
13264	-67.8832
13265	-67.9989
13266	-68.0826
13267	-66.5359
13268	-56.8493
13269	-49.8847
13270	-52.5773
13271	-61.7576
13272	-66.4921
13273	-67.6334
13274	-67.9485
13275	-69.2058
13276	-69.2627
13277	-69.3221
13278	-68.501
13279	-63.9777
13280	-62.2086
13281	-66.227
13282	-68.5972
13283	-70.3005
13284	-71.5973
13285	-71.1005
13286	-70.625
13287	-68.8381
13288	-68.4217
13289	-63.8672
13290	-59.5785
13291	-57.1646
13292	-62.1677
13293	-67.6146
13294	-69.6626
13295	-70.0991
13296	-69.5868
13297	-69.2881
13298	-70.5314
13299	-71.6928
13300	-71.3752
13301	-71.2933
13302	-70.905
13303	-72.241
13304	-73.3643
13305	-73.8527
13306	-73.737
13307	-73.0877
13308	-73.5487
13309	-72.5242
13310	-71.2198
13311	-70.4138
13312	-69.1713
13313	-67.5159
13314	-68.5929
13315	-67.7796
13316	-70.0654
13317	-70.511
13318	-70.1577
13319	-70.1392
13320	-71.4885
13321	-72.5284
13322	-73.0456
13323	-73.2065
13324	-73.5654
13325	-73.312
13326	-73.0726
13327	-72.7503
13328	-72.7187
13329	-70.9843
13330	-69.5713
13331	-68.9045
13332	-69.3065
13333	-69.3348
13334	-68.4317
13335	-66.5912
13336	-64.6014
13337	-63.4365
13338	-59.6936
13339	-51.6708
13340	-40.28
13341	-37.1467
13342	-43.7155
13343	-55.2725
13344	-62.8719
13345	-64.7924
13346	-64.1544
13347	-63.0727
13348	-63.7964
13349	-67.7886
13350	-70.0916
13351	-71.2625
13352	-71.7395
13353	-71.2172
13354	-71.9449
13355	-72.888
13356	-73.3128
13357	-72.9677
13358	-72.5196
13359	-72.7173
13360	-73.1073
13361	-72.506
13362	-72.9439
13363	-71.0958
13364	-70.9643
13365	-71.6106
13366	-74.0433
13367	-72.7275
13368	-69.711
13369	-64.675
13370	-66.8485
13371	-72.1231
13372	-73.1045
13373	-72.8928
13374	-72.839
13375	-73.1007
13376	-73.9545
13377	-73.6851
13378	-73.0829
13379	-72.2695
13380	-69.9729
13381	-69.2137
13382	-71.4453
13383	-71.3026
13384	-71.3865
13385	-70.4907
13386	-70.374
13387	-69.6751
13388	-68.4457
13389	-65.4886
13390	-61.5499
13391	-59.4364
13392	-63.3778
13393	-66.7652
13394	-68.5078
13395	-69.3737
13396	-69.944
13397	-69.727
13398	-70.3738
13399	-69.8515
13400	-68.4633
13401	-66.2087
13402	-64.0628
13403	-65.2184
13404	-65.6041
13405	-67.142
13406	-69.2293
13407	-68.3274
13408	-67.7065
13409	-66.1155
13410	-62.9808
13411	-60.6074
13412	-57.687
13413	-56.8556
13414	-60.3263
13415	-57.7874
13416	-59.8773
13417	-61.9646
13418	-62.9838
13419	-65.7213
13420	-68.0674
13421	-68.6698
13422	-70.3709
13423	-68.7989
13424	-68.3884
13425	-68.3876
13426	-69.5576
13427	-71.1752
13428	-71.9951
13429	-72.8109
13430	-72.8857
13431	-73.129
13432	-73.6493
13433	-73.7178
13434	-73.3605
13435	-71.5754
13436	-68.3519
13437	-66.9739
13438	-68.4495
13439	-70.2772
13440	-72.1686
13441	-71.9725
13442	-71.7887
13443	-72.3248
13444	-72.1517
13445	-71.995
13446	-71.7568
13447	-70.5819
13448	-71.2077
13449	-70.7868
13450	-69.7839
13451	-68.9095
13452	-68.8506
13453	-67.6527
13454	-67.4881
13455	-66.2157
13456	-64.9487
13457	-63.6666
13458	-60.7984
13459	-56.2802
13460	-53.0181
13461	-49.1885
13462	-43.1019
13463	-42.4021
13464	-46.4149
13465	-44.3651
13466	-46.7008
13467	-51.5207
13468	-54.1418
13469	-55.8074
13470	-60.4179
13471	-63.9219
13472	-65.4969
13473	-66.7143
13474	-67.7487
13475	-68.0807
13476	-69.4022
13477	-69.8271
13478	-69.7471
13479	-70.6063
13480	-71.1955
13481	-70.788
13482	-71.8745
13483	-72.1849
13484	-72.5418
13485	-72.5492
13486	-72.3211
13487	-71.9643
13488	-72.3141
13489	-70.8473
13490	-69.0032
13491	-67.3906
13492	-69.4899
13493	-72.0123
13494	-73.5988
13495	-73.8733
13496	-73.5312
13497	-72.817
13498	-73.1246
13499	-73.0486
13500	-72.3261
13501	-70.6743
13502	-68.152
13503	-67.9722
13504	-68.6336
13505	-69.2105
13506	-70.4995
13507	-68.9468
13508	-68.2834
13509	-65.978
13510	-62.463
13511	-60.6991
13512	-57.7742
13513	-56.6097
13514	-60.3115
13515	-57.9802
13516	-60.1382
13517	-61.8322
13518	-63.6732
13519	-65.7978
13520	-68.066
13521	-67.9309
13522	-68.4665
13523	-65.6666
13524	-65.2243
13525	-65.8296
13526	-64.578
13527	-66.5627
13528	-68.5751
13529	-69.556
13530	-70.5208
13531	-69.5759
13532	-69.6621
13533	-69.316
13534	-68.5729
13535	-66.5892
13536	-60.8235
13537	-57.6406
13538	-59.9787
13539	-63.5192
13540	-66.9298
13541	-69.8792
13542	-70.5892
13543	-70.5508
13544	-71.5907
13545	-71.3345
13546	-70.6127
13547	-68.6512
13548	-69.2728
13549	-71.676
13550	-73.5551
13551	-73.7125
13552	-73.7281
13553	-72.7097
13554	-72.741
13555	-73.2306
13556	-72.8523
13557	-71.9622
13558	-68.6109
13559	-66.5352
13560	-70.3259
13561	-72.6405
13562	-73.3409
13563	-71.7113
13564	-71.6558
13565	-72.2089
13566	-72.8406
13567	-72.5858
13568	-72.3645
13569	-72.3679
13570	-72.6293
13571	-72.0146
13572	-72.4718
13573	-72.1482
13574	-71.4507
13575	-70.9535
13576	-71.1705
13577	-70.5304
13578	-69.1616
13579	-67.0763
13580	-62.3919
13581	-61.4729
13582	-63.1884
13583	-63.0227
13584	-60.322
13585	-52.5254
13586	-43.1295
13587	-37.9054
13588	-40.9428
13589	-50.4876
13590	-57.3769
13591	-61.9611
13592	-64.7129
13593	-66.3067
13594	-67.4019
13595	-68.4887
13596	-68.603
13597	-68.2749
13598	-68.8512
13599	-70.4679
13600	-72.6685
13601	-72.2708
13602	-72.828
13603	-73.0512
13604	-72.8939
13605	-72.7288
13606	-72.6358
13607	-72.5018
13608	-71.2688
13609	-70.4912
13610	-70.0274
13611	-70.0784
13612	-68.864
13613	-66.9185
13614	-68.5528
13615	-68.2093
13616	-70.1709
13617	-71.0435
13618	-71.5975
13619	-72.3002
13620	-73.0137
13621	-73.1377
13622	-73.1743
13623	-73.2589
13624	-72.9843
13625	-72.0428
13626	-69.8052
13627	-70.7608
13628	-70.7555
13629	-70.9107
13630	-69.6852
13631	-68.7557
13632	-68.7742
13633	-68.9991
13634	-68.3571
13635	-65.7755
13636	-60.4668
13637	-56.3443
13638	-58.3232
13639	-62.426
13640	-66.6503
13641	-69.1126
13642	-70.3659
13643	-71.1961
13644	-71.1777
13645	-70.4756
13646	-67.9072
13647	-65.9066
13648	-63.9275
13649	-65.9721
13650	-69.1517
13651	-69.3119
13652	-69.3173
13653	-68.8756
13654	-68.0502
13655	-67.3993
13656	-65.8804
13657	-63.4595
13658	-54.123
13659	-51.5543
13660	-57.9546
13661	-67.7033
13662	-69.3422
13663	-68.6894
13664	-69.0729
13665	-69.5596
13666	-70.6936
13667	-70.6462
13668	-70.1414
13669	-67.9885
13670	-69.7784
13671	-72.1952
13672	-73.6284
13673	-73.3879
13674	-73.7919
13675	-73.5853
13676	-73.0713
13677	-73.2174
13678	-72.521
13679	-68.9335
13680	-64.8384
13681	-65.2218
13682	-68.8556
13683	-70.3276
13684	-71.5883
13685	-70.9506
13686	-70.2642
13687	-70.0284
13688	-71.178
13689	-72.3245
13690	-72.0545
13691	-72.0804
13692	-72.7744
13693	-72.6526
13694	-71.9438
13695	-71.8379
13696	-71.2231
13697	-69.6704
13698	-67.7229
13699	-67.2182
13700	-65.9733
13701	-64.4852
13702	-63.1551
13703	-62.2301
13704	-61.3931
13705	-60.143
13706	-56.462
13707	-30.3179
13708	-17.1284
13709	-14.4062
13710	-21.008
13711	-40.3779
13712	-61.2768
13713	-62.7589
13714	-63.4769
13715	-63.853
13716	-65.4358
13717	-66.8981
13718	-67.9648
13719	-68.7365
13720	-70.1348
13721	-71.287
13722	-71.5071
13723	-72.0384
13724	-72.4527
13725	-73.2806
13726	-72.3004
13727	-71.8779
13728	-72.6299
13729	-72.922
13730	-72.0945
13731	-71.521
13732	-71.6375
13733	-72.4688
13734	-72.8058
13735	-72.3047
13736	-70.582
13737	-68.7792
13738	-70.755
13739	-72.129
13740	-73.0091
13741	-72.6817
13742	-73.2201
13743	-73.4128
13744	-73.5468
13745	-73.8824
13746	-72.8333
13747	-71.4461
13748	-67.56
13749	-68.4063
13750	-70.159
13751	-69.1792
13752	-68.9692
13753	-68.5217
13754	-68.1515
13755	-67.1128
13756	-66.5166
13757	-64.1577
13758	-55.606
13759	-53.0046
13760	-59.0585
13761	-66.9811
13762	-67.893
13763	-69.0431
13764	-69.8634
13765	-70.0089
13766	-70.5503
13767	-69.315
13768	-66.8471
13769	-62.2325
13770	-61.6004
13771	-63.7407
13772	-67.2659
13773	-69.1651
13774	-69.4989
13775	-68.8626
13776	-67.7819
13777	-67.4834
13778	-63.8622
13779	-58.4072
13780	-52.2376
13781	-53.505
13782	-60.3846
13783	-62.4577
13784	-64.2467
13785	-65.441
13786	-65.6921
13787	-66.6088
13788	-67.3455
13789	-68.9445
13790	-68.7343
13791	-67.123
13792	-68.3943
13793	-70.6057
13794	-72.8149
13795	-72.7146
13796	-72.7443
13797	-72.3223
13798	-72.3021
13799	-72.7148
13800	-73.18
13801	-73.0799
13802	-72.1455
13803	-71.2769
13804	-70.2416
13805	-70.9915
13806	-71.6208
13807	-71.6195
13808	-71.0918
13809	-72.0671
13810	-72.0821
13811	-72.4868
13812	-72.0459
13813	-71.8118
13814	-71.9292
13815	-71.78
13816	-71.3801
13817	-70.7458
13818	-69.9702
13819	-68.8561
13820	-66.6405
13821	-66.7533
13822	-66.9612
13823	-64.9439
13824	-63.7163
13825	-62.6145
13826	-60.9135
13827	-58.8874
13828	-51.4934
13829	-38.6664
13830	-30.3665
13831	-31.1899
13832	-40.7666
13833	-49.3668
13834	-55.4828
13835	-57.1236
13836	-57.8238
13837	-58.374
13838	-61.274
13839	-63.8695
13840	-66.0283
13841	-66.9497
13842	-67.6114
13843	-69.4143
13844	-70.727
13845	-71.5541
13846	-71.2723
13847	-71.3332
13848	-70.3578
13849	-70.3048
13850	-71.6363
13851	-72.0821
13852	-71.675
13853	-71.4623
13854	-71.7213
13855	-72.2143
13856	-71.3254
13857	-70.7847
13858	-66.4693
13859	-63.9144
13860	-69.218
13861	-72.9446
13862	-72.8197
13863	-73.4461
13864	-73.681
13865	-73.6096
13866	-73.146
13867	-73.3371
13868	-72.6753
13869	-69.1739
13870	-65.9356
13871	-67.553
13872	-69.346
13873	-69.9607
13874	-69.7791
13875	-68.7857
13876	-67.9479
13877	-67.7341
13878	-64.0473
13879	-58.1437
13880	-51.7911
13881	-52.9296
13882	-59.6952
13883	-62.1652
13884	-64.2727
13885	-65.7576
13886	-65.5044
13887	-66.2675
13888	-67.7126
13889	-68.7787
13890	-66.2738
13891	-62.5359
13892	-64.4638
13893	-67.2262
13894	-69.0482
13895	-70.1932
13896	-70.4175
13897	-70.0194
13898	-70.1461
13899	-68.7271
13900	-67.1493
13901	-67.0287
13902	-65.6857
13903	-64.3682
13904	-65.1441
13905	-65.9694
13906	-67.3189
13907	-67.7262
13908	-67.8786
13909	-69.3029
13910	-70.7811
13911	-72.4037
13912	-72.2641
13913	-71.8186
13914	-71.6503
13915	-72.1601
13916	-72.2554
13917	-72.8972
13918	-73.6239
13919	-73.1664
13920	-72.2379
13921	-72.0784
13922	-72.4656
13923	-72.2269
13924	-70.8363
13925	-69.445
13926	-67.684
13927	-67.0072
13928	-69.3159
13929	-71.5357
13930	-71.8451
13931	-71.567
13932	-72.5736
13933	-72.7792
13934	-72.9705
13935	-73.3627
13936	-73.3605
13937	-73.1182
13938	-73.0455
13939	-73.2671
13940	-72.2527
13941	-71.005
13942	-71.3087
13943	-71.0044
13944	-71.6719
13945	-70.8003
13946	-70.2846
13947	-68.2222
13948	-62.2659
13949	-61.383
13950	-61.1754
13951	-58.8266
13952	-56.1256
13953	-56.5617
13954	-55.864
13955	-54.9567
13956	-57.5705
13957	-59.6676
13958	-59.8545
13959	-61.0697
13960	-66.7032
13961	-69.9104
13962	-71.2021
13963	-71.6913
13964	-70.9344
13965	-71.442
13966	-71.0001
13967	-72.211
13968	-73.1059
13969	-73.5158
13970	-72.7502
13971	-73.0678
13972	-73.0861
13973	-72.8682
13974	-72.604
13975	-71.5057
13976	-71.3836
13977	-71.5184
13978	-72.0409
13979	-69.4922
13980	-65.3242
13981	-66.3634
13982	-69.3459
13983	-71.1146
13984	-72.1693
13985	-72.5941
13986	-72.3208
13987	-72.2716
13988	-73.0459
13989	-73.7119
13990	-72.8833
13991	-71.7196
13992	-72.0371
13993	-71.5684
13994	-71.8564
13995	-72.1536
13996	-72.2943
13997	-70.6345
13998	-70.4798
13999	-69.6278
14000	-69.3184
14001	-68.9838
14002	-67.7721
14003	-66.0261
14004	-63.7059
14005	-64.0046
14006	-66.2765
14007	-66.3334
14008	-67.3538
14009	-69.7825
14010	-69.916
14011	-70.3703
14012	-70.1281
14013	-68.3046
14014	-67.468
14015	-65.9002
14016	-64.0863
14017	-66.9412
14018	-69.0421
14019	-68.1351
14020	-66.4658
14021	-65.0696
14022	-65.1087
14023	-63.8393
14024	-61.3226
14025	-60.1377
14026	-55.9543
14027	-53.5625
14028	-58.0216
14029	-62.7935
14030	-67.3394
14031	-68.101
14032	-68.9507
14033	-69.993
14034	-70.4637
14035	-69.4845
14036	-68.8098
14037	-66.8856
14038	-69.0005
14039	-71.8733
14040	-73.3764
14041	-73.1814
14042	-73.5851
14043	-73.745
14044	-73.5103
14045	-73.1484
14046	-72.7125
14047	-69.9033
14048	-63.3695
14049	-64.4458
14050	-69.9851
14051	-71.5786
14052	-72.0129
14053	-71.6453
14054	-71.2699
14055	-71.7561
14056	-72.1343
14057	-71.8414
14058	-70.4722
14059	-70.4829
14060	-71.292
14061	-71.0553
14062	-71.3197
14063	-70.6348
14064	-69.3708
14065	-67.9166
14066	-67.2704
14067	-66.226
14068	-64.7092
14069	-61.9005
14070	-58.3121
14071	-56.9548
14072	-56.4606
14073	-54.5423
14074	-49.2861
14075	-45.6725
14076	-37.4901
14077	-35.0763
14078	-40.5838
14079	-51.2587
14080	-57.4359
14081	-60.8923
14082	-63.3283
14083	-64.4331
14084	-65.8076
14085	-67.5425
14086	-67.7472
14087	-67.3764
14088	-68.9252
14089	-70.0469
14090	-71.0905
14091	-71.2958
14092	-71.8202
14093	-72.1823
14094	-72.3036
14095	-72.3001
14096	-73.0307
14097	-72.2875
14098	-72.2543
14099	-71.6965
14100	-71.6738
14101	-71.6266
14102	-71.1495
14103	-70.4385
14104	-71.18
14105	-72.905
14106	-72.8009
14107	-73.2376
14108	-73.2888
14109	-72.2682
14110	-72.4487
14111	-72.7543
14112	-72.4446
14113	-72.122
14114	-70.6371
14115	-68.9378
14116	-68.3934
14117	-69.4723
14118	-69.1017
14119	-67.8041
14120	-66.4309
14121	-65.1984
14122	-64.7972
14123	-63.5579
14124	-61.9378
14125	-60.5706
14126	-56.8286
14127	-54.1214
14128	-58.5073
14129	-62.9521
14130	-67.4882
14131	-67.7774
14132	-69.0279
14133	-69.2296
14134	-69.3267
14135	-67.3799
14136	-65.1231
14137	-62.6758
14138	-61.3931
14139	-65.976
14140	-68.9487
14141	-69.9226
14142	-69.3821
14143	-69.2227
14144	-68.5205
14145	-67.8099
14146	-66.462
14147	-60.1769
14148	-51.7258
14149	-52.632
14150	-60.9973
14151	-66.6038
14152	-67.2644
14153	-68.2482
14154	-68.8117
14155	-69.3079
14156	-69.2896
14157	-69.9742
14158	-67.6677
14159	-65.8299
14160	-70.3401
14161	-72.8692
14162	-73.6775
14163	-73.6216
14164	-73.1564
14165	-72.8882
14166	-72.8802
14167	-73.3115
14168	-73.1008
14169	-71.1278
14170	-69.5905
14171	-70.9078
14172	-72.0363
14173	-72.9837
14174	-72.6839
14175	-71.6724
14176	-71.3239
14177	-72.5182
14178	-72.7263
14179	-72.2997
14180	-71.3899
14181	-71.4914
14182	-72.6635
14183	-71.8707
14184	-72.2954
14185	-71.6926
14186	-70.4024
14187	-69.5811
14188	-68.1586
14189	-67.1777
14190	-65.6993
14191	-64.2176
14192	-62.6184
14193	-62.0697
14194	-61.9096
14195	-60.5398
14196	-45.3293
14197	-22.1955
14198	-13.5941
14199	-14.5317
14200	-25.4356
14201	-51.8662
14202	-59.8377
14203	-61.0202
14204	-62.4676
14205	-63.478
14206	-64.4532
14207	-65.6864
14208	-66.5711
14209	-66.9078
14210	-68.6686
14211	-70.9484
14212	-71.86
14213	-71.7429
14214	-72.4281
14215	-72.7543
14216	-71.6133
14217	-72.0014
14218	-72.0289
14219	-71.3511
14220	-70.0814
14221	-70.2815
14222	-70.9695
14223	-71.2778
14224	-70.0652
14225	-68.9186
14226	-66.8888
14227	-65.9142
14228	-68.8006
14229	-71.8059
14230	-72.9085
14231	-73.119
14232	-73.1464
14233	-73.3676
14234	-73.4399
14235	-73.3346
14236	-72.5816
14237	-69.5252
14238	-66.5971
14239	-69.2935
14240	-70.426
14241	-70.005
14242	-68.7981
14243	-68.1475
14244	-68.3914
14245	-68.3107
14246	-67.3178
14247	-59.679
14248	-50.7544
14249	-51.5497
14250	-60.1955
14251	-66.4002
14252	-67.5816
14253	-67.8399
14254	-69.2617
14255	-69.4012
14256	-69.5244
14257	-68.8184
14258	-65.5239
14259	-62.2566
14260	-65.3976
14261	-68.2827
14262	-69.9132
14263	-71.12
14264	-71.2628
14265	-70.6987
14266	-69.0295
14267	-68.5528
14268	-64.3964
14269	-59.7886
14270	-56.2595
14271	-60.371
14272	-67.0667
14273	-69.1842
14274	-69.9718
14275	-69.8998
14276	-69.2299
14277	-70.3385
14278	-71.4976
14279	-71.4443
14280	-71.1843
14281	-70.554
14282	-72.0195
14283	-73.1688
14284	-73.8413
14285	-73.7774
14286	-73.2913
14287	-73.2846
14288	-72.8336
14289	-71.4281
14290	-70.5512
14291	-69.295
14292	-67.6114
14293	-68.7566
14294	-67.722
14295	-69.4318
14296	-70.5702
14297	-70.2144
14298	-70.0614
14299	-71.3101
14300	-72.4018
14301	-73.0825
14302	-73.0732
14303	-73.3109
14304	-73.4698
14305	-73.0652
14306	-72.5303
14307	-72.7574
14308	-71.226
14309	-69.521
14310	-68.8033
14311	-69.0341
14312	-68.9409
14313	-68.3636
14314	-66.5163
14315	-64.9401
14316	-63.2398
14317	-60.4563
14318	-52.7878
14319	-40.9801
14320	-35.8708
14321	-40.6364
14322	-52.2292
14323	-61.6405
14324	-64.5743
14325	-64.5085
14326	-63.4679
14327	-63.3026
14328	-66.9973
14329	-69.5046
14330	-70.9595
14331	-71.5318
14332	-71.357
14333	-71.9352
14334	-72.634
14335	-73.2421
14336	-72.9566
14337	-72.8085
14338	-72.4209
14339	-72.9258
14340	-72.5985
14341	-72.7113
14342	-71.3309
14343	-71.0935
14344	-71.2933
14345	-73.6427
14346	-73.0251
14347	-70.8762
14348	-65.6818
14349	-66.0769
14350	-71.8759
14351	-73.1267
14352	-73.0985
14353	-72.6981
14354	-72.9353
14355	-73.7895
14356	-73.8049
14357	-73.4625
14358	-72.3972
14359	-70.329
14360	-68.6004
14361	-70.8322
14362	-71.3958
14363	-71.4023
14364	-70.6911
14365	-70.263
14366	-69.6463
14367	-68.8389
14368	-65.8017
14369	-61.6423
14370	-58.4393
14371	-61.5268
14372	-66.5823
14373	-68.3102
14374	-69.2868
14375	-69.8571
14376	-69.9199
14377	-70.3593
14378	-69.9707
14379	-68.9466
14380	-66.6841
14381	-64.0122
14382	-64.8135
14383	-65.8837
14384	-66.3313
14385	-69.3762
14386	-68.6817
14387	-67.7835
14388	-66.8302
14389	-63.6966
14390	-60.7236
14391	-58.4819
14392	-56.691
14393	-60.0768
14394	-58.0511
14395	-59.1156
14396	-62.0016
14397	-62.6018
14398	-64.8788
14399	-68.0281
14400	-68.4082
14401	-70.1371
14402	-69.4151
14403	-68.1863
14404	-68.695
14405	-68.8616
14406	-71.2729
14407	-71.803
14408	-72.7328
14409	-72.7455
14410	-72.8977
14411	-73.4385
14412	-73.7712
14413	-73.582
14414	-72.0986
14415	-69.1596
14416	-67.2529
14417	-68.4189
14418	-69.9591
14419	-71.9174
14420	-72.2157
14421	-71.7968
14422	-72.1927
14423	-72.4701
14424	-71.9755
14425	-71.9858
14426	-70.8408
14427	-71.0431
14428	-70.9312
14429	-69.8102
14430	-68.9769
14431	-68.8465
14432	-67.9064
14433	-67.5827
14434	-66.4527
14435	-65.3135
14436	-63.897
14437	-61.7446
14438	-56.875
14439	-53.631
14440	-49.902
14441	-43.8594
14442	-42.0684
14443	-45.488
14444	-44.5828
14445	-45.7547
14446	-50.8386
14447	-53.5768
14448	-55.4685
14449	-59.3362
14450	-63.5406
14451	-65.281
14452	-66.4022
14453	-67.586
14454	-67.9061
14455	-69.0951
14456	-69.7693
14457	-69.6596
14458	-70.6023
14459	-71.037
14460	-70.6292
14461	-71.3621
14462	-72.2344
14463	-72.3715
14464	-72.4255
14465	-72.4552
14466	-71.7659
14467	-72.3256
14468	-71.1663
14469	-69.0842
14470	-66.9981
14471	-68.733
14472	-71.6762
14473	-73.3781
14474	-74.167
14475	-73.5531
14476	-73.0117
14477	-72.9992
14478	-73.1066
14479	-72.6384
14480	-70.9732
14481	-68.7523
14482	-67.6499
14483	-68.8424
14484	-68.8935
14485	-70.4767
14486	-69.1902
14487	-68.3634
14488	-66.657
14489	-63.1422
14490	-60.9596
14491	-58.5176
14492	-56.3841
14493	-59.5245
14494	-58.0516
14495	-59.3381
14496	-61.6259
14497	-63.2566
14498	-65.0319
14499	-67.7705
14500	-67.7924
14501	-68.4947
14502	-66.3505
14503	-64.9466
14504	-66.2101
14505	-64.6202
14506	-66.2829
14507	-68.4177
14508	-69.3423
14509	-70.3547
14510	-69.8007
14511	-69.7907
14512	-69.5475
14513	-69.0438
14514	-67.3895
14515	-62.5387
14516	-58.569
14517	-59.8316
14518	-63.0003
14519	-66.5715
14520	-69.3971
14521	-70.5429
14522	-70.4836
14523	-71.5647
14524	-71.3833
14525	-71.4394
14526	-69.3361
14527	-69.0278
14528	-71.3834
14529	-73.2258
14530	-73.5745
14531	-73.6193
14532	-72.7359
14533	-72.8522
14534	-73.0682
14535	-73.0354
14536	-71.8879
14537	-69.4994
14538	-65.8349
14539	-69.3566
14540	-72.7707
14541	-73.5113
14542	-72.0083
14543	-71.5918
14544	-71.7864
14545	-72.8406
14546	-72.5023
14547	-72.5982
14548	-72.5262
14549	-72.479
14550	-72.2865
14551	-72.2964
14552	-72.2914
14553	-71.6839
14554	-71.1311
14555	-71.2551
14556	-70.74
14557	-69.8959
14558	-67.837
14559	-63.4461
14560	-61.7646
14561	-63.4472
14562	-63.8799
14563	-61.9951
14564	-54.923
14565	-45.535
14566	-39.1747
14567	-40.3377
14568	-49.3708
14569	-56.4428
14570	-61.605
14571	-64.1722
14572	-66.3803
14573	-67.4106
14574	-68.6097
14575	-68.9544
14576	-68.5291
14577	-68.879
14578	-70.1814
14579	-72.173
14580	-72.5648
14581	-72.6507
14582	-72.9317
14583	-73.0396
14584	-72.8916
14585	-72.8022
14586	-72.7534
14587	-71.6268
14588	-70.5564
14589	-70.1197
14590	-69.9149
14591	-69.5101
14592	-67.0762
14593	-68.2176
14594	-68.1343
14595	-69.904
14596	-70.92
14597	-71.387
14598	-72.0242
14599	-72.9415
14600	-72.9981
14601	-73.3099
14602	-73.3691
14603	-73.0142
14604	-72.3225
14605	-70.2708
14606	-70.7998
14607	-70.8006
14608	-71.2839
14609	-70.4531
14610	-69.1346
14611	-69.0739
14612	-69.1926
14613	-69.0091
14614	-66.8489
14615	-61.8329
14616	-57.3311
14617	-58.1864
14618	-61.8977
14619	-66.2473
14620	-68.9323
14621	-70.2274
14622	-71.1836
14623	-71.0851
14624	-70.9233
14625	-68.5875
14626	-66.4492
14627	-63.9591
14628	-64.9121
14629	-68.8473
14630	-69.2013
14631	-69.2677
14632	-68.7975
14633	-68.0591
14634	-67.4047
14635	-66.0798
14636	-64.4352
14637	-55.4374
14638	-50.9212
14639	-55.6793
14640	-66.0664
14641	-68.9863
14642	-68.5392
14643	-68.8713
14644	-69.1677
14645	-70.5225
14646	-70.7211
14647	-70.3002
14648	-67.8347
14649	-68.6167
14650	-71.911
14651	-73.4667
14652	-73.4259
14653	-73.6153
14654	-73.672
14655	-73.2567
14656	-73.0902
14657	-72.9823
14658	-69.9191
14659	-65.3865
14660	-64.7705
14661	-68.5505
14662	-69.9578
14663	-71.523
14664	-71.0399
14665	-70.4612
14666	-69.9691
14667	-70.8836
14668	-71.8903
14669	-72.2004
14670	-72.0153
14671	-72.3466
14672	-72.5648
14673	-72.0288
14674	-71.9547
14675	-71.3749
14676	-70.1017
14677	-67.7564
14678	-67.3487
14679	-66.1178
14680	-64.5344
14681	-63.3167
14682	-62.2162
14683	-61.6489
14684	-60.1307
14685	-58.0278
14686	-34.8268
14687	-18.9296
14688	-14.3338
14689	-18.9885
14690	-35.1135
14691	-60.0962
14692	-62.5392
14693	-63.0423
14694	-63.3985
14695	-65.1751
14696	-66.3314
14697	-67.4953
14698	-68.2163
14699	-69.6372
14700	-70.8522
14701	-71.6856
14702	-71.8931
14703	-72.3378
14704	-73.1213
14705	-72.6233
14706	-71.7546
14707	-72.3228
14708	-72.8812
14709	-72.2556
14710	-71.6626
14711	-71.5929
14712	-72.309
14713	-72.8895
14714	-72.5567
14715	-70.9465
14716	-69.2034
14717	-70.4588
14718	-71.8122
14719	-73.0458
14720	-72.5913
14721	-73.1238
14722	-73.1871
14723	-73.5652
14724	-73.8169
14725	-73.0537
14726	-71.7736
14727	-67.887
14728	-67.4057
14729	-69.9044
14730	-69.2877
14731	-68.707
14732	-68.5727
14733	-68.1982
14734	-67.2722
14735	-66.3556
14736	-65.0319
14737	-56.7487
14738	-52.2564
14739	-56.7598
14740	-65.8999
14741	-67.6366
14742	-68.5629
14743	-69.3567
14744	-69.7588
14745	-70.2602
14746	-69.7049
14747	-67.5091
14748	-62.5306
14749	-61.7973
14750	-62.9842
14751	-66.5857
14752	-69.2815
14753	-69.4024
14754	-69.1135
14755	-68.0007
14756	-67.3271
14757	-65.1619
14758	-59.8966
14759	-53.0827
14760	-52.7547
14761	-59.709
14762	-62.152
14763	-64.2403
14764	-65.129
14765	-65.5508
14766	-66.9208
14767	-67.0522
14768	-68.7218
14769	-69.2052
14770	-67.4331
14771	-67.9291
14772	-70.3358
14773	-72.7294
14774	-73.0616
14775	-72.6995
14776	-72.4847
14777	-72.231
14778	-72.4091
14779	-73.1919
14780	-72.9441
14781	-72.3116
14782	-71.4803
14783	-70.6292
14784	-71.0038
14785	-71.5349
14786	-71.8365
14787	-71.0968
14788	-71.8487
14789	-72.0752
14790	-72.3535
14791	-72.2885
14792	-71.766
14793	-72.1296
14794	-71.8735
14795	-71.4375
14796	-70.9224
14797	-70.3629
14798	-69.3441
14799	-67.1456
14800	-66.6686
14801	-67.2483
14802	-65.5622
14803	-64.0085
14804	-62.968
14805	-61.4338
14806	-59.7088
14807	-53.1607
14808	-41.4384
14809	-31.4486
14810	-30.2803
14811	-38.5311
14812	-48.3287
14813	-54.5641
14814	-56.9639
14815	-57.92
14816	-58.2192
14817	-60.885
14818	-63.4938
14819	-65.5587
14820	-66.9368
14821	-67.3778
14822	-69.2187
14823	-70.5139
14824	-71.219
14825	-71.5007
14826	-71.26
14827	-70.6448
14828	-70.2282
14829	-71.3624
14830	-72.2428
14831	-71.7621
14832	-71.4484
14833	-71.473
14834	-72.2753
14835	-71.5293
14836	-70.9732
14837	-67.7186
14838	-63.4299
14839	-67.5649
14840	-72.6745
14841	-72.869
14842	-73.2072
14843	-73.7394
14844	-73.6458
14845	-73.4051
14846	-73.5066
14847	-73.0837
14848	-69.9078
14849	-66.3216
14850	-66.9609
14851	-69.2329
14852	-70.1027
14853	-69.9446
14854	-68.9707
14855	-68.2354
14856	-67.7655
14857	-65.3332
14858	-59.4788
14859	-52.586
14860	-52.201
14861	-58.8135
14862	-61.7491
14863	-63.8681
14864	-65.8511
14865	-65.6097
14866	-66.1856
14867	-67.5815
14868	-68.8004
14869	-67.3548
14870	-62.9611
14871	-63.8742
14872	-67.0318
14873	-68.9327
14874	-69.9146
14875	-70.6179
14876	-70.1799
14877	-70.1401
14878	-68.9479
14879	-66.932
14880	-66.3675
14881	-65.5895
14882	-63.8554
14883	-65.5046
14884	-66.2897
14885	-67.6174
14886	-68.2252
14887	-68.166
14888	-69.2454
14889	-70.6108
14890	-72.3628
14891	-72.3988
14892	-72.0025
14893	-71.7672
14894	-72.0326
14895	-72.3818
14896	-72.4279
14897	-73.8403
14898	-73.2056
14899	-72.3497
14900	-72.1066
14901	-72.3011
14902	-72.2176
14903	-70.9986
14904	-69.5333
14905	-67.9083
14906	-66.7128
14907	-68.6068
14908	-71.0951
14909	-71.9132
14910	-71.3228
14911	-72.3805
14912	-72.6235
14913	-73.1468
14914	-73.5435
14915	-73.3414
14916	-73.0695
14917	-73.3005
14918	-73.5662
14919	-72.4534
14920	-71.0626
14921	-71.266
14922	-70.92
14923	-71.5508
14924	-71.1006
14925	-70.3257
14926	-68.783
14927	-63.1349
14928	-60.8714
14929	-60.7289
14930	-58.1166
14931	-55.6024
14932	-55.4564
14933	-57.7262
14934	-55.4251
14935	-57.8396
14936	-60.2136
14937	-60.2502
14938	-60.6257
14939	-65.339
14940	-69.999
14941	-71.0561
14942	-71.8571
14943	-71.3217
14944	-71.2627
14945	-71.2168
14946	-71.9185
14947	-72.7708
14948	-73.7021
14949	-72.8048
14950	-73.2857
14951	-72.932
14952	-72.9257
14953	-72.9424
14954	-71.678
14955	-71.5879
14956	-71.3878
14957	-72.319
14958	-70.2685
14959	-65.9659
14960	-66.2429
14961	-68.985
14962	-70.6561
14963	-72.06
14964	-72.661
14965	-72.4947
14966	-72.3549
14967	-72.9952
14968	-73.4102
14969	-73.0945
14970	-71.7305
14971	-72.1511
14972	-71.6087
14973	-71.9591
14974	-72.0027
14975	-72.2768
14976	-71.2187
14977	-70.356
14978	-69.7182
14979	-68.7765
14980	-68.4789
14981	-67.4156
14982	-65.9371
14983	-64.5283
14984	-64.1784
14985	-66.5062
14986	-66.7631
14987	-67.1883
14988	-69.5604
14989	-69.9212
14990	-70.27
14991	-70.1714
14992	-68.8631
14993	-67.6079
14994	-66.261
14995	-63.9474
14996	-65.7681
14997	-68.7725
14998	-68.2403
14999	-66.9018
15000	-65.1675
15001	-64.9727
15002	-64.0806
15003	-61.9276
15004	-60.054
15005	-56.7835
15006	-53.5081
15007	-56.4773
15008	-61.6235
15009	-66.3065
15010	-67.821
15011	-68.9149
15012	-69.9758
15013	-70.44
15014	-69.617
15015	-68.8165
15016	-66.8493
15017	-68.474
15018	-71.2927
15019	-73.2389
15020	-73.2231
15021	-73.8458
15022	-73.6326
15023	-73.9161
15024	-73.2311
15025	-72.724
15026	-70.9031
15027	-64.494
15028	-63.7252
15029	-69.4281
15030	-71.4756
15031	-71.8809
15032	-71.8785
15033	-71.3195
15034	-71.569
15035	-72.1638
15036	-72.0945
15037	-70.6579
15038	-70.3349
15039	-71.2762
15040	-71.0519
15041	-71.3784
15042	-70.8254
15043	-69.5677
15044	-68.2341
15045	-67.3397
15046	-66.3288
15047	-64.9545
15048	-62.4657
15049	-58.7405
15050	-56.8801
15051	-56.5607
15052	-54.8095
15053	-49.9814
15054	-46.6559
15055	-38.6864
15056	-34.7746
15057	-38.5955
15058	-49.4759
15059	-56.2718
15060	-60.12
15061	-62.7352
15062	-64.0403
15063	-65.2503
15064	-67.0299
15065	-67.7729
15066	-67.073
15067	-68.2546
15068	-69.8479
15069	-70.7514
15070	-71.0192
15071	-71.6402
15072	-71.9899
15073	-72.2037
15074	-72.0696
15075	-72.947
15076	-72.139
15077	-72.1122
15078	-71.8122
15079	-71.4458
15080	-71.6429
15081	-71.1554
15082	-70.3572
15083	-70.7095
15084	-72.6942
15085	-72.8015
15086	-73.2564
15087	-73.0443
15088	-72.3184
15089	-72.2092
15090	-72.3984
15091	-72.3796
15092	-72.2925
15093	-71.0483
15094	-69.2853
15095	-68.0616
15096	-69.2055
15097	-69.3076
15098	-68.1862
15099	-66.6568
15100	-65.4473
15101	-64.9804
15102	-63.7364
15103	-62.4544
15104	-60.526
15105	-57.6113
15106	-53.9833
15107	-56.8801
15108	-61.9413
15109	-66.8567
15110	-67.4253
15111	-68.5999
15112	-69.1996
15113	-69.4645
15114	-67.8803
15115	-65.5398
15116	-62.9598
15117	-61.4136
15118	-64.848
15119	-68.7674
15120	-69.8393
15121	-69.6592
15122	-69.2004
15123	-68.8709
15124	-68.0824
15125	-67.0927
15126	-62.9588
15127	-53.0818
15128	-52.12
15129	-59.4832
15130	-66.1815
15131	-67.2779
15132	-68.0014
15133	-69.0182
15134	-69.2891
15135	-69.2508
15136	-69.9131
15137	-68.5548
15138	-65.89
15139	-69.5265
15140	-72.5477
15141	-73.5797
15142	-73.6074
15143	-73.2804
15144	-73.0349
15145	-72.7921
15146	-73.0744
15147	-73.2078
15148	-71.4636
15149	-69.3342
15150	-70.0485
15151	-71.6518
15152	-73.1196
15153	-72.7363
15154	-71.8827
15155	-71.1437
15156	-72.1766
15157	-72.8278
15158	-72.3679
15159	-71.4841
15160	-71.5441
15161	-72.4869
15162	-72.1525
15163	-72.3942
15164	-71.916
15165	-70.8424
15166	-69.9146
15167	-68.7592
15168	-67.7247
15169	-66.3369
15170	-64.6273
15171	-63.082
15172	-62.3192
15173	-62.2588
15174	-61.2907
15175	-53.0981
15176	-26.2793
15177	-15.468
15178	-14.5819
15179	-23.2668
15180	-46.844
15181	-59.6794
15182	-60.9032
15183	-62.5092
15184	-63.3991
15185	-64.4582
15186	-65.5689
15187	-66.6802
15188	-66.9759
15189	-68.4002
15190	-70.6567
15191	-72.1486
15192	-71.6976
15193	-72.4738
15194	-73.1629
15195	-71.8372
15196	-71.9426
15197	-72.0398
15198	-71.5413
15199	-70.3476
15200	-69.9312
15201	-70.684
15202	-71.3263
15203	-70.1806
15204	-68.861
15205	-67.3295
15206	-65.8431
15207	-68.0619
15208	-71.1609
15209	-73.0935
15210	-72.9801
15211	-73.0352
15212	-73.4227
15213	-73.401
15214	-73.4073
15215	-72.7338
15216	-70.4855
15217	-66.9448
15218	-68.9415
15219	-70.731
15220	-70.1593
15221	-69.401
15222	-68.4042
15223	-68.337
15224	-68.439
15225	-67.7887
15226	-62.6946
15227	-52.0438
15228	-50.9486
15229	-58.7033
15230	-66.2974
15231	-67.3936
15232	-67.7912
15233	-69.0535
15234	-69.484
15235	-69.6479
15236	-68.9613
15237	-66.8404
15238	-62.6905
15239	-64.9066
15240	-67.6567
15241	-69.508
15242	-70.8082
15243	-71.3842
15244	-70.7746
15245	-69.4039
15246	-68.5789
15247	-65.1705
15248	-60.09
15249	-55.7796
15250	-58.5914
15251	-65.8117
15252	-68.7676
15253	-69.8064
15254	-69.768
15255	-69.0425
15256	-69.8405
15257	-71.2736
15258	-71.6619
15259	-71.073
15260	-70.2052
15261	-71.6789
15262	-72.9379
15263	-73.6849
15264	-73.5745
15265	-73.5549
15266	-73.062
15267	-72.9762
15268	-71.7797
15269	-70.8663
15270	-69.6025
15271	-67.8457
15272	-68.3983
15273	-67.7371
15274	-68.7324
15275	-70.4986
15276	-70.275
15277	-69.9675
15278	-70.6919
15279	-72.1173
15280	-73.2857
15281	-72.9059
15282	-73.1291
15283	-73.5188
15284	-73.069
15285	-72.4279
15286	-72.7284
15287	-71.6038
15288	-69.6154
15289	-68.7422
15290	-68.6016
15291	-68.7964
15292	-68.1471
15293	-66.562
15294	-65.0798
15295	-63.2378
15296	-61.2514
15297	-53.7828
15298	-42.2528
15299	-35.0996
15300	-37.9914
15301	-48.6231
15302	-59.5603
15303	-64.0653
15304	-64.6425
15305	-63.6537
15306	-62.9321
15307	-66.1751
15308	-68.874
15309	-70.6835
15310	-71.3504
15311	-71.1739
15312	-71.7568
15313	-72.6769
15314	-72.9891
15315	-72.7746
15316	-72.9699
15317	-72.0875
15318	-72.7154
15319	-72.7194
15320	-72.554
15321	-71.895
15322	-71.1717
15323	-71.158
15324	-72.9911
15325	-73.1829
15326	-71.696
15327	-66.9114
15328	-65.6677
15329	-71.2663
15330	-72.8343
15331	-73.2618
15332	-72.8504
15333	-72.8254
15334	-73.7236
15335	-73.8837
15336	-73.5938
15337	-72.6304
15338	-70.6619
15339	-68.1849
15340	-70.0806
15341	-71.5681
15342	-71.3023
15343	-70.8257
15344	-70.217
15345	-69.7491
15346	-68.997
15347	-66.3141
15348	-61.7432
15349	-57.8099
15350	-59.7552
15351	-66.046
15352	-68.1347
15353	-69.2992
15354	-69.8948
15355	-70.0092
15356	-70.3123
15357	-70.1376
15358	-69.1102
15359	-67.0827
15360	-64.1489
15361	-64.432
15362	-66.1633
15363	-65.8301
15364	-69.0623
15365	-68.6129
15366	-68.0319
15367	-67.2944
15368	-64.1431
15369	-61.1634
15370	-59.2819
15371	-56.7295
15372	-58.8264
15373	-58.4534
15374	-58.4267
15375	-61.5152
15376	-62.298
15377	-64.3059
15378	-67.6446
15379	-68.2658
15380	-69.7854
15381	-69.9682
15382	-68.0325
15383	-68.9947
15384	-68.4961
15385	-70.8612
15386	-71.6833
15387	-72.7248
15388	-72.6106
15389	-72.7705
15390	-73.2355
15391	-73.542
15392	-73.5942
15393	-72.4476
15394	-69.738
15395	-67.7358
15396	-68.3984
15397	-69.7081
15398	-71.561
15399	-72.2127
15400	-71.6158
15401	-72.2333
15402	-72.5527
15403	-71.8715
15404	-72.175
15405	-71.0431
15406	-70.938
15407	-70.8744
15408	-69.8797
15409	-69.3744
15410	-68.9321
15411	-68.0501
15412	-67.5281
15413	-66.7881
15414	-65.6888
15415	-64.3341
15416	-62.5448
15417	-57.6049
15418	-54.1922
15419	-50.7198
15420	-44.9885
15421	-41.9828
15422	-44.4923
15423	-45.0467
15424	-44.9792
15425	-50.0203
15426	-53.1481
15427	-55.2314
15428	-58.2937
15429	-63.1751
15430	-64.8937
15431	-66.1255
15432	-67.3291
15433	-67.8387
15434	-68.8675
15435	-69.8268
15436	-69.677
15437	-70.2834
15438	-70.8419
15439	-70.6059
15440	-71.0082
15441	-72.2747
15442	-72.1955
15443	-72.2567
15444	-72.2798
15445	-71.6273
15446	-72.3215
15447	-71.4969
15448	-69.2242
15449	-66.8837
15450	-67.9066
15451	-71.0355
15452	-72.9785
15453	-74.0519
15454	-73.5567
15455	-73.1237
15456	-72.8356
15457	-73.2093
15458	-72.5833
15459	-71.1072
15460	-69.2463
15461	-67.6764
15462	-69.0299
15463	-68.6432
15464	-70.4821
15465	-69.4493
15466	-68.3408
15467	-67.3564
15468	-63.7281
15469	-61.2717
15470	-59.2969
15471	-56.4177
15472	-58.773
15473	-58.3017
15474	-58.74
15475	-61.3834
15476	-62.9512
15477	-64.5647
15478	-67.4925
15479	-67.836
15480	-68.7081
15481	-67.3406
15482	-64.745
15483	-66.4629
15484	-64.8481
15485	-65.8743
15486	-68.2365
15487	-69.3508
15488	-70.0886
15489	-70.0458
15490	-69.8172
15491	-69.7745
15492	-69.2897
15493	-67.7485
15494	-64.1984
15495	-59.6695
15496	-59.8604
15497	-62.7592
15498	-66.3183
15499	-68.948
15500	-70.4855
15501	-70.5032
15502	-71.6295
15503	-71.3713
15504	-71.5906
15505	-69.8612
15506	-68.898
15507	-70.8414
15508	-73.0111
15509	-73.5942
15510	-73.6664
15511	-72.8386
15512	-72.9114
15513	-72.9798
15514	-73.1416
15515	-72.0172
15516	-70.1758
15517	-65.4962
15518	-67.9984
15519	-72.4119
15520	-73.4392
15521	-72.4616
15522	-71.4135
15523	-71.4091
15524	-72.8175
15525	-72.5642
15526	-72.617
15527	-72.5917
15528	-72.3259
15529	-72.5749
15530	-72.3364
15531	-72.5597
15532	-71.9402
15533	-71.3507
15534	-71.3912
15535	-70.9778
15536	-70.4663
15537	-68.5435
15538	-64.7149
15539	-62.0049
15540	-63.5917
15541	-64.6662
15542	-63.0282
15543	-57.3407
15544	-48.009
15545	-40.8592
15546	-40.1701
15547	-48.3826
15548	-55.6849
15549	-61.1883
15550	-63.713
15551	-66.3493
15552	-67.4957
15553	-68.783
15554	-69.3071
15555	-68.7485
15556	-68.9323
15557	-69.8618
15558	-72.0751
15559	-72.7734
15560	-72.6378
15561	-73.0314
15562	-73.3644
15563	-73.0438
15564	-73.0101
15565	-72.9525
15566	-71.6805
15567	-71.0092
15568	-70.1564
15569	-69.8206
15570	-69.6532
15571	-67.2426
15572	-67.8402
15573	-68.181
15574	-69.2523
15575	-70.5916
15576	-71.4075
15577	-71.9844
15578	-72.7218
15579	-73.0137
15580	-73.1893
15581	-73.2051
15582	-73.1625
15583	-72.5604
15584	-70.7391
15585	-70.708
15586	-71.029
15587	-71.4244
15588	-70.9364
15589	-69.5444
15590	-69.0728
15591	-69.4424
15592	-69.6991
15593	-67.8279
15594	-63.1598
15595	-58.5
15596	-58.0686
15597	-61.4397
15598	-65.6759
15599	-68.8185
15600	-70.2041
15601	-71.0891
15602	-71.045
15603	-71.0565
15604	-69.0231
15605	-66.9356
15606	-64.2788
15607	-63.6615
15608	-68.15
15609	-69.0505
15610	-69.167
15611	-68.7556
15612	-68.0709
15613	-67.5363
15614	-66.3203
15615	-64.7692
15616	-57.1218
15617	-50.7005
15618	-53.8038
15619	-63.9883
15620	-68.3407
15621	-68.7511
15622	-68.5896
15623	-68.9858
15624	-70.2126
15625	-70.5686
15626	-70.5791
15627	-68.1338
15628	-67.715
15629	-71.5542
15630	-73.1619
15631	-73.312
15632	-73.4658
15633	-73.7159
15634	-73.4788
15635	-72.8413
15636	-73.0064
15637	-71.0332
15638	-66.2205
15639	-64.6735
15640	-67.8843
15641	-69.6603
15642	-71.2021
15643	-71.2697
15644	-70.6936
15645	-69.9695
15646	-70.7858
15647	-71.6192
15648	-71.9359
15649	-71.6079
15650	-71.9875
15651	-72.6691
15652	-72.1019
15653	-71.9749
15654	-71.5506
15655	-70.355
15656	-67.9409
15657	-67.2508
15658	-66.2805
15659	-64.6096
15660	-63.3451
15661	-62.0164
15662	-61.4933
15663	-60.0432
15664	-58.6007
15665	-40.2002
15666	-21.1686
15667	-14.6289
15668	-17.407
15669	-30.762
15670	-58.0925
15671	-62.1809
15672	-62.6004
15673	-63.0632
15674	-64.4683
15675	-65.8636
15676	-67.1818
15677	-67.696
15678	-69.0172
15679	-70.4381
15680	-71.5997
15681	-71.6525
15682	-72.2224
15683	-72.5794
15684	-72.763
15685	-71.7496
15686	-72.0008
15687	-72.816
15688	-72.3639
15689	-71.6794
15690	-71.517
15691	-72.0085
15692	-72.8862
15693	-72.4886
15694	-71.5171
15695	-69.6816
15696	-70.2791
15697	-71.8215
15698	-73.1743
15699	-72.604
15700	-73.1433
15701	-72.9451
15702	-73.3312
15703	-73.8203
15704	-73.2201
15705	-72.0713
15706	-68.485
15707	-66.6809
15708	-69.4275
15709	-69.4291
15710	-68.5173
15711	-68.6573
15712	-68.1222
15713	-67.3439
15714	-66.2883
15715	-65.3757
15716	-58.1575
15717	-51.931
15718	-54.8528
15719	-64.3981
15720	-67.3853
15721	-68.1514
15722	-69.0192
15723	-69.6595
15724	-69.9367
15725	-69.9799
15726	-68.1761
15727	-63.1022
15728	-61.8866
15729	-62.349
15730	-66.1596
15731	-69.3394
15732	-69.507
15733	-69.3131
15734	-68.3516
15735	-67.4124
15736	-66.312
15737	-61.5464
15738	-54.3145
15739	-52.5614
15740	-58.153
15741	-61.8873
15742	-63.9711
15743	-65.0242
15744	-65.6358
15745	-66.8891
15746	-66.9885
15747	-68.5267
15748	-69.3605
15749	-67.7735
15750	-67.7944
15751	-70.0982
15752	-72.3049
15753	-73.0594
15754	-72.487
15755	-72.5571
15756	-72.1821
15757	-72.2219
15758	-73.3319
15759	-72.9633
15760	-72.5413
15761	-71.4785
15762	-70.924
15763	-70.9685
15764	-71.6132
15765	-71.9232
15766	-71.1809
15767	-71.6419
15768	-72.2347
15769	-72.265
15770	-72.5675
15771	-71.804
15772	-72.2218
15773	-71.9836
15774	-71.5631
15775	-71.227
15776	-70.7314
15777	-69.8867
15778	-67.6581
15779	-66.6889
15780	-67.3547
15781	-66.2611
15782	-64.3522
15783	-63.3029
15784	-61.9274
15785	-60.3258
15786	-54.9346
15787	-44.6765
15788	-32.9175
15789	-29.7931
15790	-36.3745
15791	-47.5882
15792	-53.6024
15793	-56.9015
15794	-58.1163
15795	-58.2794
15796	-60.2034
15797	-62.9784
15798	-65.2735
15799	-66.7721
15800	-67.2776
15801	-69.2252
15802	-70.247
15803	-71.1823
15804	-71.5375
15805	-71.2835
15806	-71.0294
15807	-70.2175
15808	-70.9946
15809	-72.2792
15810	-71.8159
15811	-71.2462
15812	-71.2718
15813	-72.324
15814	-71.7313
15815	-71.0206
15816	-68.7686
15817	-63.361
15818	-65.9012
15819	-72.0612
15820	-72.887
15821	-73.1892
15822	-73.806
15823	-73.6486
15824	-73.3513
15825	-73.435
15826	-73.3666
15827	-70.7337
15828	-66.8259
15829	-66.7001
15830	-69.2382
15831	-70.1735
15832	-70.1054
15833	-69.1562
15834	-68.5951
15835	-67.767
15836	-66.4923
15837	-60.8381
15838	-53.7993
15839	-51.851
15840	-57.3692
15841	-61.406
15842	-63.5288
15843	-65.7965
15844	-65.8753
15845	-66.1153
15846	-67.439
15847	-68.6485
15848	-68.2915
15849	-63.7328
15850	-63.4595
15851	-66.8353
15852	-68.5136
15853	-69.7176
15854	-70.839
15855	-70.3802
15856	-70.1154
15857	-69.2657
15858	-66.8624
15859	-65.8163
15860	-65.445
15861	-63.3998
15862	-65.0029
15863	-66.5843
15864	-68.0374
15865	-68.8445
15866	-68.4722
15867	-69.3018
15868	-70.5054
15869	-72.0284
15870	-72.365
15871	-71.9413
15872	-71.5829
15873	-72.0129
15874	-72.5133
15875	-72.1813
15876	-73.5161
15877	-73.3299
15878	-72.4474
15879	-72.2005
15880	-72.1572
15881	-72.2374
15882	-71.2913
15883	-69.7149
15884	-68.1839
15885	-66.6143
15886	-67.8157
15887	-70.63
15888	-71.9256
15889	-71.3115
15890	-72.1039
15891	-72.4261
15892	-73.156
15893	-73.2015
15894	-73.3625
15895	-73.3007
15896	-73.1587
15897	-73.619
15898	-72.6813
15899	-71.1606
15900	-71.0101
15901	-70.894
15902	-71.2661
15903	-71.3737
15904	-70.4807
15905	-69.3364
15906	-64.0755
15907	-60.6496
15908	-60.3236
15909	-57.8388
15910	-55.1413
15911	-53.8964
15912	-57.9867
15913	-56.0209
15914	-58.1706
15915	-60.4794
15916	-60.8663
15917	-60.5359
15918	-64.1903
15919	-69.9616
15920	-70.8813
15921	-71.6577
15922	-71.4604
15923	-71.0589
15924	-71.7387
15925	-71.7982
15926	-72.5612
15927	-73.7053
15928	-72.9459
15929	-73.262
15930	-72.8856
15931	-73.0013
15932	-73.2137
15933	-71.9137
15934	-71.8082
15935	-71.4007
15936	-72.5455
15937	-71.02
15938	-66.8724
15939	-65.9014
15940	-68.3588
15941	-70.5208
15942	-71.9128
15943	-72.852
15944	-72.5713
15945	-72.336
15946	-72.7455
15947	-73.1695
15948	-73.4769
15949	-71.8382
15950	-71.8682
15951	-71.6008
15952	-71.7274
15953	-71.8503
15954	-72.2486
15955	-71.4101
15956	-70.4261
15957	-69.5615
15958	-68.3252
15959	-67.7948
15960	-66.9943
15961	-65.5428
15962	-65.532
15963	-64.1887
15964	-66.4718
15965	-67.1409
15966	-67.1855
15967	-69.2649
15968	-70.0266
15969	-69.9256
15970	-70.269
15971	-69.3602
15972	-67.6869
15973	-66.5087
15974	-64.1177
15975	-64.7398
15976	-68.4127
15977	-68.4568
15978	-67.2708
15979	-65.2402
15980	-65.0343
15981	-64.4924
15982	-62.3051
15983	-60.0058
15984	-57.6882
15985	-53.7594
15986	-55.1423
15987	-60.6552
15988	-65.2186
15989	-67.6581
15990	-68.7693
15991	-69.6488
15992	-70.1062
15993	-69.9448
15994	-68.7338
15995	-67.0901
15996	-67.4834
15997	-70.8063
15998	-73.1321
15999	-73.335
16000	-73.6438
16001	-73.5709
16002	-73.9634
16003	-73.2622
16004	-72.8245
16005	-71.8018
16006	-66.0893
16007	-63.4045
16008	-68.6947
16009	-71.2011
16010	-71.7964
16011	-72.024
16012	-71.564
16013	-71.5591
16014	-72.0813
16015	-72.237
16016	-71.0494
16017	-70.1733
16018	-70.9261
16019	-70.938
16020	-71.2507
16021	-70.9146
16022	-69.6683
16023	-68.5058
16024	-67.3918
16025	-66.4956
16026	-65.2646
16027	-63.0315
16028	-59.3724
16029	-56.9266
16030	-56.5237
16031	-55.0982
16032	-50.9941
16033	-47.0149
16034	-39.9923
16035	-34.8313
16036	-37.0276
16037	-47.6319
16038	-54.8547
16039	-59.4233
16040	-62.1971
16041	-63.6646
16042	-64.8032
16043	-66.7424
16044	-67.646
16045	-67.0041
16046	-67.9164
16047	-69.5735
16048	-70.3545
16049	-70.9323
16050	-71.6475
16051	-71.7356
16052	-72.1399
16053	-71.9738
16054	-72.8623
16055	-72.1471
16056	-72.0785
16057	-72.0487
16058	-71.1035
16059	-71.7046
16060	-71.0996
16061	-70.2706
16062	-70.4087
16063	-72.415
16064	-72.8661
16065	-73.3376
16066	-73.0201
16067	-72.3616
16068	-72.2412
16069	-72.4021
16070	-72.2603
16071	-72.5649
16072	-71.3074
16073	-69.39
16074	-67.8976
16075	-68.8257
16076	-69.5111
16077	-68.3831
16078	-66.8433
16079	-65.7884
16080	-64.9677
16081	-64.0559
16082	-62.639
16083	-60.5108
16084	-58.4871
16085	-54.1288
16086	-55.4977
16087	-60.991
16088	-65.5897
16089	-67.3823
16090	-68.1817
16091	-69.0629
16092	-69.603
16093	-68.5596
16094	-65.7664
16095	-63.3201
16096	-61.6924
16097	-63.9852
16098	-68.4877
16099	-69.7884
16100	-70.0236
16101	-69.3444
16102	-69.241
16103	-68.4929
16104	-67.513
16105	-65.101
16106	-54.88
16107	-52.0247
16108	-58.2321
16109	-65.7683
16110	-67.4058
16111	-67.8754
16112	-69.2618
16113	-69.1582
16114	-69.3399
16115	-69.864
16116	-69.4667
16117	-66.241
16118	-68.7059
16119	-72.4419
16120	-73.4675
16121	-73.6665
16122	-73.3599
16123	-73.2183
16124	-72.8261
16125	-72.9235
16126	-73.2441
16127	-71.6681
16128	-69.2528
16129	-69.2074
16130	-71.5705
16131	-72.8851
16132	-72.9392
16133	-71.9441
16134	-71.1844
16135	-71.7894
16136	-72.7307
16137	-72.654
16138	-71.8761
16139	-71.7941
16140	-72.5274
16141	-72.6377
16142	-72.3998
16143	-71.8805
16144	-71.2809
16145	-70.3836
16146	-69.3348
16147	-68.2885
16148	-66.83
16149	-65.1698
16150	-63.6819
16151	-62.6839
16152	-62.6043
16153	-62.1735
16154	-57.4516
16155	-30.9716
16156	-17.7282
16157	-15.0046
16158	-21.6278
16159	-41.1628
16160	-59.5015
16161	-60.9868
16162	-62.555
16163	-63.4489
16164	-64.556
16165	-65.3899
16166	-66.7007
16167	-67.0936
16168	-68.177
16169	-70.4374
16170	-72.1776
16171	-71.7985
16172	-72.3348
16173	-72.9646
16174	-72.2619
16175	-72.0729
16176	-72.1547
16177	-71.5945
16178	-70.5179
16179	-69.7975
16180	-70.5114
16181	-71.2695
16182	-70.4168
16183	-68.8824
16184	-67.8514
16185	-65.8978
16186	-67.3741
16187	-70.6347
16188	-72.7717
16189	-72.9044
16190	-73.1864
16191	-73.4895
16192	-73.5712
16193	-73.5756
16194	-73.0226
16195	-71.4691
16196	-67.7145
16197	-68.7543
16198	-70.6393
16199	-70.3074
16200	-69.8418
16201	-68.7633
16202	-68.5676
16203	-68.579
16204	-68.4996
16205	-65.2222
16206	-53.7748
16207	-50.7629
16208	-57.1541
16209	-65.3436
16210	-67.2632
16211	-67.8673
16212	-68.9955
16213	-69.751
16214	-69.7822
16215	-69.1741
16216	-67.7475
16217	-63.4127
16218	-64.5116
16219	-67.0573
16220	-69.1588
16221	-70.7625
16222	-71.2787
16223	-70.8527
16224	-69.8498
16225	-68.655
16226	-66.0347
16227	-60.6068
16228	-55.7634
16229	-56.6661
16230	-64.1311
16231	-68.3018
16232	-69.6294
16233	-69.6814
16234	-68.9474
16235	-69.4143
16236	-71.0222
16237	-71.6548
16238	-70.9385
16239	-70.0201
16240	-71.144
16241	-72.6684
16242	-73.4855
16243	-73.4825
16244	-73.3021
16245	-72.8807
16246	-73.0304
16247	-72.2753
16248	-70.9971
16249	-69.8797
16250	-68.0875
16251	-67.9812
16252	-67.9092
16253	-68.0975
16254	-70.279
16255	-70.3586
16256	-69.8927
16257	-70.3241
16258	-71.7588
16259	-72.9594
16260	-73.0714
16261	-73.1509
16262	-73.4411
16263	-72.9301
16264	-72.4095
16265	-72.4642
16266	-71.8612
16267	-69.6443
16268	-68.5235
16269	-68.188
16270	-68.378
16271	-68.029
16272	-66.7402
16273	-65.1922
16274	-63.3452
16275	-61.6934
16276	-54.8175
16277	-43.9603
16278	-34.8177
16279	-35.6767
16280	-45.4414
16281	-57.1463
16282	-63.3814
16283	-64.5925
16284	-63.5892
16285	-62.6768
16286	-65.0393
16287	-68.0072
16288	-70.0113
16289	-70.883
16290	-71.1259
16291	-71.3258
16292	-72.7983
16293	-73.0492
16294	-72.5836
16295	-72.7335
16296	-71.9551
16297	-72.6272
16298	-72.6532
16299	-72.3813
16300	-72.4829
16301	-71.2333
16302	-71.2978
16303	-72.525
16304	-73.4789
16305	-72.0527
16306	-68.2821
16307	-65.6311
16308	-70.3117
16309	-72.5812
16310	-73.351
16311	-73.0323
16312	-72.911
16313	-73.6434
16314	-73.6359
16315	-73.6833
16316	-72.8275
16317	-70.9652
16318	-68.0929
16319	-69.3686
16320	-71.2927
16321	-70.9889
16322	-70.8973
16323	-70.071
16324	-69.9746
16325	-69.015
16326	-66.6349
16327	-62.2105
16328	-57.6175
16329	-58.0042
16330	-64.4897
16331	-67.8365
16332	-69.2936
16333	-70.0044
16334	-69.9739
16335	-70.1821
16336	-70.4531
16337	-69.2247
16338	-67.5517
16339	-64.1998
16340	-64.12
16341	-66.0323
16342	-65.5337
16343	-68.5019
16344	-68.6704
16345	-68.0327
16346	-67.4741
16347	-64.6838
16348	-61.7691
16349	-59.8606
16350	-56.8819
16351	-58.0595
16352	-59.0511
16353	-57.9579
16354	-60.9878
16355	-62.2111
16356	-63.8992
16357	-67.0444
16358	-68.0477
16359	-69.4217
16360	-70.4207
16361	-68.1103
16362	-69.0824
16363	-68.2204
16364	-70.4382
16365	-71.719
16366	-72.6123
16367	-72.676
16368	-72.7874
16369	-73.2118
16370	-73.3698
16371	-73.6228
16372	-72.9053
16373	-70.4933
16374	-68.2014
16375	-68.2543
16376	-69.592
16377	-71.3722
16378	-72.2551
16379	-71.7339
16380	-72.1104
16381	-72.6526
16382	-72.0117
16383	-72.2624
16384	-71.2937
16385	-70.7646
16386	-71.1521
16387	-70.184
16388	-69.5578
16389	-69.155
16390	-68.1866
16391	-67.3587
16392	-67.1428
16393	-65.8881
16394	-64.609
16395	-63.1411
16396	-58.5089
16397	-54.8602
16398	-51.5717
16399	-46.2912
16400	-42.0954
16401	-43.5604
16402	-45.7202
16403	-44.4769
16404	-48.8174
16405	-52.5645
16406	-54.6553
16407	-57.3577
16408	-62.4726
16409	-64.5347
16410	-65.8428
16411	-67.1633
16412	-67.7196
16413	-68.5476
16414	-69.7238
16415	-69.7198
16416	-70.0618
16417	-70.9511
16418	-70.6122
16419	-70.7237
16420	-72.2288
16421	-72.1544
16422	-72.1623
16423	-72.2793
16424	-71.8599
16425	-72.308
16426	-71.7574
16427	-69.4836
16428	-67.0117
16429	-66.9428
16430	-70.3096
16431	-72.6033
16432	-73.9843
16433	-73.6093
16434	-73.4741
16435	-72.9658
16436	-73.128
16437	-72.715
16438	-71.4304
16439	-69.8472
16440	-67.6119
16441	-68.6192
16442	-68.5165
16443	-70.1373
16444	-69.9028
16445	-68.4107
16446	-68.098
16447	-64.1972
16448	-61.56
16449	-59.8263
16450	-56.6121
16451	-57.8236
16452	-58.7264
16453	-58.3734
16454	-61.0093
16455	-62.34
16456	-64.1198
16457	-67.0183
16458	-67.9779
16459	-68.7098
16460	-67.8939
16461	-64.8528
16462	-66.3049
16463	-65.2843
16464	-65.5881
16465	-68.1744
16466	-69.0756
16467	-69.9523
16468	-70.2493
16469	-69.6171
16470	-70.0023
16471	-69.3125
16472	-67.9501
16473	-65.6782
16474	-60.8071
16475	-59.9887
16476	-62.7349
16477	-66.0769
16478	-68.666
16479	-70.452
16480	-70.6236
16481	-71.5251
16482	-71.4949
16483	-71.773
16484	-70.2715
16485	-69.1795
16486	-70.6096
16487	-72.8399
16488	-73.6995
16489	-73.4479
16490	-73.1323
16491	-72.7338
16492	-72.8799
16493	-73.1856
16494	-72.2224
16495	-70.8328
16496	-65.5417
16497	-66.7853
16498	-71.6584
16499	-73.164
16500	-72.8814
16501	-71.2499
16502	-71.2339
16503	-72.5282
16504	-72.845
16505	-72.7541
16506	-72.6134
16507	-72.3234
16508	-72.8367
16509	-72.5387
16510	-72.9317
16511	-72.3656
16512	-71.5973
16513	-71.3019
16514	-71.4367
16515	-70.7273
16516	-69.3701
16517	-66.0531
16518	-62.4237
16519	-63.4814
16520	-65.0721
16521	-63.9374
16522	-59.2122
16523	-51.0254
16524	-42.799
16525	-40.5157
16526	-47.0497
16527	-54.9755
16528	-60.4776
16529	-63.3535
16530	-65.9192
16531	-67.5925
16532	-68.9176
16533	-69.816
16534	-69.0499
16535	-69.1015
16536	-69.6988
16537	-71.6402
16538	-73.1244
16539	-72.6865
16540	-73.0099
16541	-73.4995
16542	-73.2598
16543	-72.9135
16544	-72.9395
16545	-71.7888
16546	-71.247
16547	-70.1992
16548	-70.049
16549	-69.9104
16550	-67.6398
16551	-67.4589
16552	-68.5264
16553	-68.8871
16554	-70.6185
16555	-71.3634
16556	-71.7362
16557	-72.4795
16558	-73.1585
16559	-73.2856
16560	-73.1577
16561	-73.3727
16562	-72.8951
16563	-71.3661
16564	-70.7224
16565	-71.377
16566	-71.4118
16567	-71.3991
16568	-69.8641
16569	-69.1549
16570	-69.7774
16571	-69.9339
16572	-68.6376
16573	-64.8461
16574	-59.6655
16575	-58.1877
16576	-61.0391
16577	-64.9471
16578	-68.5607
16579	-69.9145
16580	-70.9777
16581	-70.979
16582	-71.3705
16583	-69.4125
16584	-67.4499
16585	-64.8238
16586	-62.7637
16587	-67.28
16588	-68.9245
16589	-69.0077
16590	-68.6848
16591	-68.1264
16592	-67.4408
16593	-66.5441
16594	-64.9744
16595	-58.8407
16596	-50.8894
16597	-52.1598
16598	-61.4879
16599	-68.0803
16600	-68.6265
16601	-68.2742
16602	-68.8428
16603	-69.8657
16604	-70.3387
16605	-70.5086
16606	-68.4366
16607	-66.9972
16608	-70.5526
16609	-72.9293
16610	-73.4441
16611	-73.329
16612	-73.6417
16613	-73.6213
16614	-72.9336
16615	-72.7868
16616	-71.906
16617	-67.2651
16618	-64.5166
16619	-66.9889
16620	-69.4437
16621	-70.9725
16622	-71.4568
16623	-70.9376
16624	-70.2463
16625	-70.6649
16626	-71.5346
16627	-72.0073
16628	-71.2691
16629	-71.8174
16630	-72.5368
16631	-72.2433
16632	-71.7745
16633	-71.4662
16634	-70.4565
16635	-68.1795
16636	-67.3548
16637	-66.2429
16638	-64.6588
16639	-63.4477
16640	-61.907
16641	-61.4182
16642	-60.031
16643	-58.7185
16644	-46.5338
16645	-23.8841
16646	-15.2941
16647	-16.2357
16648	-27.1462
16649	-53.5693
16650	-61.4032
16651	-62.0621
16652	-62.7672
16653	-63.8147
16654	-65.272
16655	-66.6633
16656	-67.279
16657	-68.3259
16658	-70.0118
16659	-71.4557
16660	-71.4017
16661	-71.9535
16662	-72.2312
16663	-72.7331
16664	-71.6947
16665	-71.7585
16666	-72.6927
16667	-72.3923
16668	-71.927
16669	-71.228
16670	-71.728
16671	-72.7659
16672	-72.3521
16673	-71.7833
16674	-70.2548
16675	-70.1297
16676	-71.9323
16677	-73.2919
16678	-72.6824
16679	-72.8354
16680	-72.774
16681	-73.3999
16682	-73.6778
16683	-73.3478
16684	-72.3549
16685	-69.2974
16686	-66.2122
16687	-69.0545
16688	-69.5553
16689	-68.3739
16690	-68.5654
16691	-68.0437
16692	-67.6063
16693	-66.2764
16694	-65.5019
16695	-59.5433
16696	-52.0248
16697	-53.2365
16698	-62.1188
16699	-67.1906
16700	-67.9628
16701	-68.7063
16702	-69.5614
16703	-69.7818
16704	-70.0892
16705	-68.5098
16706	-63.9462
16707	-61.6472
16708	-61.989
16709	-65.6227
16710	-68.9576
16711	-69.6149
16712	-69.498
16713	-68.6467
16714	-67.5119
16715	-66.9465
16716	-62.6207
16717	-55.8818
16718	-52.4867
16719	-56.6606
16720	-61.4867
16721	-63.5686
16722	-64.911
16723	-65.9295
16724	-66.5865
16725	-66.9815
16726	-68.0278
16727	-69.4129
16728	-68.2869
16729	-67.5695
16730	-69.893
16731	-71.8118
16732	-73.1665
16733	-72.5027
16734	-72.8499
16735	-72.3266
16736	-72.2628
16737	-73.0646
16738	-73.1406
16739	-72.795
16740	-71.6722
16741	-71.2767
16742	-70.8009
16743	-71.7138
16744	-71.8002
16745	-71.4298
16746	-71.4362
16747	-72.499
16748	-72.3203
16749	-72.7534
16750	-71.7911
16751	-72.2013
16752	-72.1595
16753	-71.7599
16754	-71.3918
16755	-70.7949
16756	-70.1767
16757	-68.0318
16758	-66.8664
16759	-67.2599
16760	-66.8143
16761	-64.7291
16762	-63.6178
16763	-62.3556
16764	-60.6586
16765	-56.8582
16766	-48.1059
16767	-34.6186
16768	-29.7239
16769	-34.4477
16770	-46.4187
16771	-52.4948
16772	-56.6242
16773	-58.4111
16774	-58.2049
16775	-59.7033
16776	-62.5615
16777	-64.8347
16778	-66.5711
16779	-67.2625
16780	-68.7288
16781	-70.0365
16782	-71.123
16783	-71.6159
16784	-71.242
16785	-71.4056
16786	-70.3153
16787	-70.9667
16788	-71.8968
16789	-71.8319
16790	-71.1486
16791	-71.0762
16792	-71.9601
16793	-71.8461
16794	-71.1712
16795	-69.5
16796	-63.6689
16797	-64.7296
16798	-71.0966
16799	-72.8635
16800	-72.8825
16801	-73.6696
16802	-73.621
16803	-73.357
16804	-73.2567
16805	-73.3785
16806	-71.4262
16807	-67.688
16808	-66.7655
16809	-69.0286
16810	-70.2425
16811	-70.1174
16812	-69.5278
16813	-68.6846
16814	-67.8306
16815	-67.3289
16816	-62.1639
16817	-55.3937
16818	-51.8505
16819	-55.9292
16820	-61.1726
16821	-63.1285
16822	-65.5321
16823	-65.9894
16824	-66.01
16825	-67.2298
16826	-68.3816
16827	-68.7161
16828	-64.6927
16829	-63.3819
16830	-66.3871
16831	-68.0649
16832	-69.5343
16833	-70.8663
16834	-70.5082
16835	-70.0651
16836	-69.5471
16837	-66.8231
16838	-65.5127
16839	-65.047
16840	-63.0361
16841	-63.8743
16842	-66.4341
16843	-68.4572
16844	-69.3942
16845	-68.9196
16846	-69.4958
16847	-70.4606
16848	-71.4275
16849	-72.2394
16850	-72.0264
16851	-71.6019
16852	-71.9252
16853	-72.6757
16854	-72.1665
16855	-73.2015
16856	-73.3661
16857	-72.7147
16858	-72.4369
16859	-72.2377
16860	-72.4591
16861	-71.656
16862	-70.0947
16863	-68.5291
16864	-66.5566
16865	-67.0912
16866	-70.0059
16867	-71.5707
16868	-71.3177
16869	-71.6556
16870	-72.2189
16871	-73.1434
16872	-72.839
16873	-73.2681
16874	-73.2371
16875	-72.9246
16876	-73.3507
16877	-72.8229
16878	-71.5887
16879	-70.6365
16880	-70.9972
16881	-71.1202
16882	-71.3209
16883	-70.6879
16884	-69.6711
16885	-65.5288
16886	-60.7744
16887	-59.9587
16888	-57.8938
16889	-54.7917
16890	-52.8394
16891	-55.3646
16892	-56.6442
16893	-58.1215
16894	-60.741
16895	-61.5975
16896	-60.7794
16897	-63.1128
16898	-69.2056
16899	-70.6651
16900	-71.3496
16901	-71.6132
16902	-71.082
16903	-71.6387
16904	-71.582
16905	-72.512
16906	-73.5865
16907	-72.9996
16908	-73.1355
16909	-73.0366
16910	-73.1617
16911	-73.2312
16912	-72.2102
16913	-71.8317
16914	-71.4117
16915	-72.4199
16916	-71.7496
16917	-67.8474
16918	-65.6927
16919	-67.9005
16920	-70.3354
16921	-71.5282
16922	-72.9232
16923	-72.6518
16924	-72.2937
16925	-72.5214
16926	-73.1979
16927	-73.7703
16928	-71.9442
16929	-71.6673
16930	-71.6193
16931	-71.7425
16932	-71.9171
16933	-72.2029
16934	-71.8657
16935	-70.6099
16936	-69.6161
16937	-67.8665
16938	-67.4442
16939	-66.4765
16940	-64.9902
16941	-65.5992
16942	-64.4312
16943	-66.6078
16944	-67.8894
16945	-67.4584
16946	-69.0607
16947	-70.2946
16948	-69.7465
16949	-70.0528
16950	-69.5653
16951	-67.5796
16952	-66.7794
16953	-64.3882
16954	-64.0448
16955	-68.2656
16956	-68.6766
16957	-67.4983
16958	-65.4466
16959	-64.9533
16960	-64.5851
16961	-62.6725
16962	-60.1782
16963	-58.8215
16964	-54.2522
16965	-54.1272
16966	-59.6107
16967	-64.1911
16968	-67.502
16969	-68.659
16970	-69.0387
16971	-70.0512
16972	-70.2078
16973	-68.79
16974	-67.6076
16975	-66.8516
16976	-70.188
16977	-72.8829
16978	-73.3569
16979	-73.344
16980	-73.5497
16981	-73.9906
16982	-73.2923
16983	-72.9581
16984	-72.4012
16985	-67.6299
16986	-63.4607
16987	-67.7051
16988	-70.9977
16989	-71.863
16990	-72.0024
16991	-71.9003
16992	-71.3902
16993	-72.0818
16994	-72.3641
16995	-71.3458
16996	-70.1008
16997	-70.6708
16998	-70.8109
16999	-70.9873
17000	-70.9661
17001	-70.0271
17002	-68.6815
17003	-67.3424
17004	-66.83
17005	-65.5482
17006	-63.4158
17007	-60.0774
17008	-57.072
17009	-56.4774
17010	-55.5087
17011	-51.9994
17012	-47.4486
17013	-41.4706
17014	-35.2156
17015	-35.8769
17016	-45.1278
17017	-53.1277
17018	-58.6641
17019	-61.4816
17020	-63.4116
17021	-64.4871
17022	-66.3423
17023	-67.5078
17024	-67.1078
17025	-67.6194
17026	-69.3174
17027	-70.0358
17028	-70.9528
17029	-71.52
17030	-71.5461
17031	-72.0714
17032	-71.8453
17033	-72.5881
17034	-72.4338
17035	-72.0836
17036	-72.1385
17037	-71.058
17038	-71.5342
17039	-71.0899
17040	-70.2562
17041	-70.1293
17042	-71.7855
17043	-72.9525
17044	-73.4862
17045	-73.113
17046	-72.794
17047	-72.1243
17048	-72.3194
17049	-72.5632
17050	-72.639
17051	-71.4952
17052	-69.6189
17053	-67.8747
17054	-68.5029
17055	-69.5218
17056	-68.4757
17057	-67.0674
17058	-65.9768
17059	-64.7961
17060	-64.1397
17061	-62.8215
17062	-60.6209
17063	-59.5202
17064	-54.647
17065	-54.504
17066	-60.0017
17067	-64.2362
17068	-67.4142
17069	-68.0108
17070	-68.9992
17071	-69.375
17072	-69.0505
17073	-66.0912
17074	-63.6566
17075	-61.9877
17076	-63.1496
17077	-68.2338
17078	-69.645
17079	-70.4643
17080	-69.5644
17081	-69.5426
17082	-68.8149
17083	-68.0262
17084	-66.529
17085	-57.1518
17086	-52.3461
17087	-56.9427
17088	-65.0934
17089	-67.5465
17090	-67.7927
17091	-69.11
17092	-69.1227
17093	-69.5029
17094	-69.7929
17095	-70.0372
17096	-66.9047
17097	-67.9647
17098	-72.1074
17099	-73.3012
17100	-73.7007
17101	-73.6957
17102	-73.3116
17103	-73.1192
17104	-72.9004
17105	-73.2963
17106	-72.0209
17107	-69.5436
17108	-68.5806
17109	-71.0329
17110	-72.8075
17111	-73.1382
17112	-72.142
17113	-71.493
17114	-71.4297
17115	-72.5692
17116	-72.5606
17117	-72.28
17118	-71.8007
17119	-72.2774
17120	-72.9687
17121	-72.3292
17122	-72.15
17123	-71.8451
17124	-70.6197
17125	-69.9439
17126	-68.7408
17127	-67.3505
17128	-65.6824
17129	-64.3
17130	-62.9203
17131	-62.915
17132	-62.9728
17133	-60.2102
17134	-36.4006
17135	-20.4032
17136	-15.8006
17137	-20.4711
17138	-36.6921
17139	-59.1237
17140	-61.066
17141	-62.5366
17142	-63.4132
17143	-64.5668
17144	-65.4418
17145	-66.6876
17146	-67.1162
17147	-68.0997
17148	-70.1115
17149	-71.8677
17150	-71.9876
17151	-72.1438
17152	-72.9447
17153	-72.5048
17154	-72.0656
17155	-72.444
17156	-71.8958
17157	-70.8302
17158	-69.7429
17159	-70.4649
17160	-71.0647
17161	-70.8286
17162	-68.9958
17163	-68.2672
17164	-65.8958
17165	-66.5834
17166	-69.9387
17167	-72.254
17168	-72.9631
17169	-73.2038
17170	-73.3786
17171	-73.6735
17172	-73.4716
17173	-73.1762
17174	-72.0311
17175	-68.6795
17176	-68.4001
17177	-70.8672
17178	-70.3662
17179	-70.1651
17180	-68.8517
17181	-68.7824
17182	-68.7321
17183	-69.0207
17184	-66.783
17185	-56.001
17186	-50.9862
17187	-55.588
17188	-64.1523
17189	-67.2382
17190	-68.0131
17191	-68.7098
17192	-69.9383
17193	-69.8459
17194	-69.3559
17195	-68.4451
17196	-64.3434
17197	-64.2382
17198	-66.3382
17199	-68.7868
17200	-70.6219
17201	-71.2758
17202	-70.8012
17203	-69.9464
17204	-68.5972
17205	-66.9801
17206	-61.3203
17207	-56.1894
17208	-55.1523
17209	-62.132
17210	-67.5374
17211	-69.2252
17212	-69.3493
17213	-68.8769
17214	-69.0856
17215	-70.5756
17216	-71.4293
17217	-70.7332
17218	-69.8788
17219	-70.386
17220	-72.3886
17221	-73.3558
17222	-73.4726
17223	-73.1877
17224	-72.8264
17225	-73.1215
17226	-72.3351
17227	-71.1335
17228	-70.1213
17229	-68.4315
17230	-67.7212
17231	-68.1995
17232	-67.682
17233	-70.055
17234	-70.3765
17235	-69.9317
17236	-70.0565
17237	-71.4552
17238	-72.5956
17239	-72.9205
17240	-72.8657
17241	-73.3504
17242	-72.8494
17243	-72.5426
17244	-72.4258
17245	-72.2931
17246	-69.8501
17247	-68.4398
17248	-67.9427
17249	-68.0408
17250	-67.8793
17251	-66.8253
17252	-65.3986
17253	-63.5186
17254	-62.0221
17255	-56.0588
17256	-45.9849
17257	-35.0243
17258	-33.8911
17259	-42.3162
17260	-54.5798
17261	-62.5787
17262	-64.1609
17263	-63.5433
17264	-62.4161
17265	-63.9511
17266	-67.3323
17267	-69.3809
17268	-70.7101
17269	-71.0011
17270	-70.9771
17271	-71.9716
17272	-72.5079
17273	-72.4771
17274	-72.3838
17275	-71.9871
17276	-72.4221
17277	-72.6428
17278	-72.3852
17279	-72.75
17280	-71.4392
17281	-71.4058
17282	-72.1863
17283	-73.915
17284	-72.4439
17285	-69.769
17286	-65.9661
17287	-69.3877
17288	-72.511
17289	-73.3288
17290	-73.1191
17291	-73.0592
17292	-73.2713
17293	-73.5419
17294	-73.7332
17295	-73.082
17296	-71.4719
17297	-68.2937
17298	-68.6801
17299	-71.1716
17300	-70.8822
17301	-70.9885
17302	-70.0427
17303	-70.2933
17304	-69.2329
17305	-67.1515
17306	-62.7591
17307	-57.8314
17308	-56.5448
17309	-62.4601
17310	-67.535
17311	-69.0218
17312	-69.8474
17313	-69.7365
17314	-69.8463
17315	-70.3437
17316	-69.4789
17317	-68.1149
17318	-64.4283
17319	-63.904
17320	-65.7014
17321	-65.4823
17322	-67.9902
17323	-68.8066
17324	-68.1251
17325	-67.601
17326	-65.5908
17327	-62.4092
17328	-60.3364
17329	-57.241
17330	-57.5116
17331	-59.7947
17332	-57.7725
17333	-60.5833
17334	-62.1229
17335	-63.445
17336	-66.5227
17337	-68.0041
17338	-68.8892
17339	-70.6627
17340	-68.3754
17341	-68.7573
17342	-68.2406
17343	-69.7957
17344	-71.8215
17345	-72.4708
17346	-72.7073
17347	-72.8871
17348	-73.1358
17349	-73.5358
17350	-73.7779
17351	-73.2298
17352	-71.1729
17353	-68.6777
17354	-68.2962
17355	-69.6635
17356	-71.1186
17357	-72.2034
17358	-71.9425
17359	-72.0663
17360	-72.6939
17361	-72.1764
17362	-72.2879
17363	-71.5323
17364	-70.7408
17365	-71.2806
17366	-70.4576
17367	-69.7415
17368	-69.1431
17369	-68.4456
17370	-67.515
17371	-67.5847
17372	-66.0612
17373	-64.8749
17374	-63.5941
17375	-59.6304
17376	-55.5739
17377	-52.4653
17378	-47.797
17379	-42.3323
17380	-42.8548
17381	-46.446
17382	-44.2736
17383	-47.8188
17384	-52.0564
17385	-54.2117
17386	-56.6202
17387	-61.5949
17388	-64.3529
17389	-65.6035
17390	-66.7488
17391	-67.5086
17392	-68.1709
17393	-69.5521
17394	-69.8839
17395	-69.9202
17396	-70.7988
17397	-70.757
17398	-70.6563
17399	-71.9309
17400	-72.0852
17401	-72.3167
17402	-72.2213
17403	-72.026
17404	-72.1476
17405	-72.0895
17406	-69.8041
17407	-67.4903
17408	-66.2765
17409	-69.4002
17410	-72.096
17411	-73.733
17412	-73.5179
17413	-73.7229
17414	-73.1254
17415	-73.0566
17416	-72.9139
17417	-71.8771
17418	-70.3796
17419	-67.8319
17420	-68.2616
17421	-68.4661
17422	-69.8453
17423	-70.2685
17424	-68.4929
17425	-68.3272
17426	-65.0128
17427	-61.9705
17428	-60.3067
17429	-57.1278
17430	-57.1063
17431	-59.5272
17432	-58.0038
17433	-60.5165
17434	-61.9816
17435	-63.8041
17436	-66.3402
17437	-68.1172
17438	-68.3636
17439	-68.5694
17440	-65.2042
17441	-65.7825
17442	-65.5029
17443	-65.4145
17444	-67.9573
17445	-68.9688
17446	-69.8215
17447	-70.3267
17448	-69.4109
17449	-70.0123
17450	-69.4089
17451	-68.0011
17452	-66.0751
17453	-62.2258
17454	-60.5139
17455	-62.7153
17456	-65.8993
17457	-68.5872
17458	-70.2034
17459	-70.5161
17460	-71.1472
17461	-71.6347
17462	-71.6063
17463	-70.741
17464	-69.3979
17465	-70.5592
17466	-72.5605
17467	-73.5936
17468	-73.6054
17469	-73.6692
17470	-72.6812
17471	-72.8263
17472	-73.126
17473	-72.4986
17474	-71.3027
17475	-65.998
17476	-65.5777
17477	-70.6376
17478	-72.791
17479	-73.0546
17480	-71.233
17481	-71.1517
17482	-72.4323
17483	-72.8448
17484	-72.9623
17485	-72.6986
17486	-72.6788
17487	-72.892
17488	-72.6004
17489	-73.1438
17490	-72.8599
17491	-71.6524
17492	-71.1425
17493	-71.5719
17494	-71.0322
17495	-70.0057
17496	-67.0434
17497	-62.7144
17498	-62.7106
17499	-64.7507
17500	-64.0945
17501	-60.8884
17502	-53.6006
17503	-44.9971
17504	-41.3497
17505	-46.1509
17506	-54.3312
17507	-60.1044
17508	-63.2099
17509	-65.7171
17510	-67.7057
17511	-69.0597
17512	-70.1332
17513	-69.4605
17514	-69.3298
17515	-69.8271
17516	-71.4306
17517	-72.9722
17518	-72.5832
17519	-72.9921
17520	-73.4777
17521	-73.238
17522	-72.881
17523	-73.0784
17524	-72.1343
17525	-71.4884
17526	-70.3645
17527	-70.049
17528	-70.1481
17529	-68.2816
17530	-67.144
17531	-68.6988
17532	-68.59
17533	-70.5225
17534	-71.1704
17535	-71.5253
17536	-72.4057
17537	-73.274
17538	-73.4191
17539	-73.3981
17540	-73.4488
17541	-73.0582
17542	-71.8667
17543	-70.7757
17544	-71.6543
17545	-71.4564
17546	-71.5797
17547	-70.1238
17548	-69.2241
17549	-69.8694
17550	-70.1395
17551	-69.1374
17552	-66.2946
17553	-61.0486
17554	-58.7487
17555	-61.0688
17556	-64.3747
17557	-68.1322
17558	-69.5985
17559	-70.7975
17560	-71.1199
17561	-71.5204
17562	-69.7708
17563	-67.8869
17564	-65.4945
17565	-62.2825
17566	-65.8969
17567	-68.9753
17568	-68.8875
17569	-68.4805
17570	-68.1271
17571	-67.4187
17572	-66.8297
17573	-65.152
17574	-60.7965
17575	-51.4949
17576	-50.8336
17577	-58.9414
17578	-67.3291
17579	-68.4386
17580	-68.0735
17581	-68.522
17582	-69.2713
17583	-70.1098
17584	-70.3307
17585	-68.9316
17586	-66.6567
17587	-69.5832
17588	-72.6332
17589	-73.407
17590	-73.2799
17591	-73.6076
17592	-73.4477
17593	-72.897
17594	-72.7799
17595	-72.4842
17596	-68.3646
17597	-64.7808
17598	-66.3116
17599	-69.3229
17600	-70.7905
17601	-71.6169
17602	-71.0681
17603	-70.4469
17604	-70.5141
17605	-71.3984
17606	-72.052
17607	-71.0296
17608	-71.5435
17609	-72.4281
17610	-72.0414
17611	-71.6264
17612	-71.4074
17613	-70.8018
17614	-68.5796
17615	-67.0769
17616	-66.211
17617	-64.9974
17618	-63.3552
17619	-61.969
17620	-61.3839
17621	-60.1914
17622	-58.8093
17623	-51.906
17624	-27.1296
17625	-16.3372
17626	-15.4552
17627	-24.146
17628	-47.1935
17629	-60.3698
17630	-61.6665
17631	-62.6776
17632	-63.3343
17633	-64.6396
17634	-66.1378
17635	-67.1003
17636	-67.8077
17637	-69.6051
17638	-70.9254
17639	-71.0909
17640	-71.7845
17641	-72.057
17642	-72.6602
17643	-71.6749
17644	-71.5445
17645	-72.5376
17646	-72.5807
17647	-71.9275
17648	-71.2847
17649	-71.6523
17650	-72.721
17651	-72.3999
17652	-71.7904
17653	-70.7841
17654	-70.1311
17655	-71.7453
17656	-73.1705
17657	-72.886
17658	-72.6836
17659	-72.6941
17660	-73.168
17661	-73.4769
17662	-73.6682
17663	-72.6645
17664	-69.8933
17665	-66.0533
17666	-68.394
17667	-69.6475
17668	-68.4333
17669	-68.5591
17670	-68.2082
17671	-67.6053
17672	-66.3753
17673	-65.6171
17674	-61.4231
17675	-52.5364
17676	-51.8175
17677	-59.6201
17678	-66.7182
17679	-67.601
17680	-68.4256
17681	-69.487
17682	-69.6076
17683	-70.0069
17684	-68.7498
17685	-65.0335
17686	-61.4265
17687	-61.9506
17688	-64.9691
17689	-68.4717
17690	-69.5429
17691	-69.6293
17692	-68.9923
17693	-67.7068
17694	-67.4429
17695	-63.6952
17696	-57.5556
17697	-52.6825
17698	-55.4335
17699	-61.2919
17700	-63.2982
17701	-64.8773
17702	-65.9035
17703	-66.3894
17704	-66.8752
17705	-67.7078
17706	-69.4058
17707	-68.8477
17708	-67.5186
17709	-69.5264
17710	-71.2618
17711	-73.1296
17712	-72.6916
17713	-72.9139
17714	-72.4012
17715	-72.5865
17716	-72.9754
17717	-73.1713
17718	-72.7353
17719	-71.7533
17720	-71.4521
17721	-70.79
17722	-71.5972
17723	-71.8586
17724	-71.8624
17725	-71.3342
17726	-72.1939
17727	-72.5918
17728	-72.5885
17729	-72.0561
17730	-72.2822
17731	-72.2864
17732	-71.8785
17733	-71.4138
17734	-70.8479
17735	-70.3677
17736	-68.8132
17737	-67.1127
17738	-67.262
17739	-67.3156
17740	-65.1611
17741	-63.9975
17742	-62.8182
17743	-60.937
17744	-58.6698
17745	-50.5215
17746	-36.7549
17747	-30.0736
17748	-32.8783
17749	-43.9999
17750	-51.2641
17751	-56.3703
17752	-57.897
17753	-58.3123
17754	-59.3753
17755	-62.1548
17756	-64.5872
17757	-66.4397
17758	-67.1811
17759	-68.3512
17760	-69.8385
17761	-70.8512
17762	-71.8031
17763	-71.4533
17764	-71.7491
17765	-70.4705
17766	-70.8062
17767	-71.8807
17768	-71.8446
17769	-71.1621
17770	-70.9798
17771	-71.3773
17772	-72.0661
17773	-71.125
17774	-70.0042
17775	-64.3943
17776	-63.5049
17777	-69.9912
17778	-73.0476
17779	-72.7907
17780	-73.4747
17781	-73.7691
17782	-73.5192
17783	-73.2508
17784	-73.3213
17785	-72.1433
17786	-68.8461
17787	-66.5991
17788	-68.6895
17789	-70.0761
17790	-70.15
17791	-69.9261
17792	-68.9548
17793	-68.0151
17794	-67.966
17795	-63.5874
17796	-57.1095
17797	-51.959
17798	-54.7134
17799	-60.8559
17800	-62.8899
17801	-65.0826
17802	-65.9818
17803	-65.9062
17804	-66.9735
17805	-68.1131
17806	-69.1593
17807	-65.8228
17808	-63.4895
17809	-65.8892
17810	-67.7241
17811	-69.4566
17812	-70.6736
17813	-70.7178
17814	-70.1565
17815	-69.7804
17816	-67.0725
17817	-65.4311
17818	-64.4641
17819	-62.9637
17820	-62.9148
17821	-66.2887
17822	-68.5152
17823	-69.9019
17824	-69.4634
17825	-69.8396
17826	-70.7388
17827	-70.9552
17828	-71.9397
17829	-72.1822
17830	-71.6255
17831	-71.7124
17832	-72.6275
17833	-72.2716
17834	-73.0101
17835	-73.5827
17836	-72.9637
17837	-72.23
17838	-72.2806
17839	-72.4026
17840	-71.7345
17841	-70.2704
17842	-68.7745
17843	-66.7182
17844	-66.5571
17845	-69.4224
17846	-71.1715
17847	-71.3676
17848	-71.3603
17849	-72.1558
17850	-72.9796
17851	-72.7386
17852	-73.3648
17853	-73.1688
17854	-72.7877
17855	-73.1951
17856	-73.1342
17857	-71.8063
17858	-70.5055
17859	-70.6512
17860	-70.8566
17861	-71.3409
17862	-70.5477
17863	-69.4056
17864	-66.7952
17865	-61.2103
17866	-59.629
17867	-57.794
17868	-54.6864
17869	-51.6603
17870	-53.2482
17871	-56.8207
17872	-58.3003
17873	-61.3465
17874	-62.4485
17875	-61.3575
17876	-62.4023
17877	-68.2009
17878	-70.5711
17879	-71.1555
17880	-71.7636
17881	-71.1388
17882	-71.2907
17883	-71.4033
17884	-72.4943
17885	-73.0943
17886	-73.1438
17887	-73.0254
17888	-73.1006
17889	-73.107
17890	-73.0787
17891	-72.4862
17892	-71.7859
17893	-71.5911
17894	-72.1469
17895	-72.2711
17896	-69.0605
17897	-65.7938
17898	-67.4616
17899	-70.2124
17900	-71.3441
17901	-72.7844
17902	-72.5825
17903	-72.3282
17904	-72.4696
17905	-73.2254
17906	-73.7182
17907	-72.3698
17908	-71.4673
17909	-71.4835
17910	-71.5881
17911	-71.8314
17912	-72.2185
17913	-72.3432
17914	-70.6591
17915	-69.8175
17916	-67.6987
17917	-66.951
17918	-65.9854
17919	-64.5795
17920	-64.9589
17921	-64.7339
17922	-66.6277
17923	-68.3601
17924	-67.8966
17925	-68.7915
17926	-70.1796
17927	-69.7415
17928	-69.8986
17929	-69.6984
17930	-67.6849
17931	-67.0219
17932	-64.7088
17933	-63.5082
17934	-67.3145
17935	-68.5409
17936	-67.6917
17937	-65.8087
17938	-64.8193
17939	-64.7418
17940	-63.084
17941	-60.5165
17942	-59.5799
17943	-54.7284
17944	-53.4935
17945	-58.709
17946	-63.4569
17947	-67.2581
17948	-68.3685
17949	-68.8675
17950	-69.8861
17951	-70.32
17952	-68.8571
17953	-67.8825
17954	-66.4424
17955	-69.4254
17956	-72.4011
17957	-73.4235
17958	-73.2143
17959	-73.4403
17960	-73.7893
17961	-73.5564
17962	-73.2367
17963	-72.7163
17964	-69.2017
17965	-63.9083
17966	-66.6148
17967	-70.7168
17968	-71.6913
17969	-72.0357
17970	-72.0831
17971	-71.5318
17972	-72.2089
17973	-72.2522
17974	-71.689
17975	-70.1621
17976	-70.4274
17977	-70.8415
17978	-70.8286
17979	-70.9327
17980	-70.5137
17981	-68.9959
17982	-67.4581
17983	-67.1603
17984	-65.7832
17985	-63.7733
17986	-60.7976
17987	-57.3019
17988	-56.3763
17989	-55.7984
17990	-52.9541
17991	-47.9559
17992	-43.2064
17993	-35.9473
17994	-35.0898
17995	-42.4478
17996	-51.7575
17997	-57.7479
17998	-60.9786
17999	-63.3074
18000	-64.1487
18001	-65.717
18002	-67.3546
18003	-67.3171
18004	-67.3444
18005	-68.9608
18006	-69.827
18007	-71.0478
18008	-71.3172
18009	-71.478
18010	-71.9698
18011	-71.7827
18012	-72.209
18013	-72.7289
18014	-72.0007
18015	-72.057
18016	-71.2654
18017	-71.3685
18018	-71.1417
18019	-70.2944
18020	-69.8595
18021	-71.203
18022	-72.9377
18023	-73.2494
18024	-73.3408
18025	-72.7961
18026	-72.0839
18027	-72.1206
18028	-72.8277
18029	-72.5157
18030	-71.6758
18031	-69.9678
18032	-68.0858
18033	-68.0858
18034	-69.5026
18035	-68.6373
18036	-67.2487
18037	-66.2305
18038	-64.6963
18039	-64.3408
18040	-63.0139
18041	-61.2128
18042	-59.9053
18043	-55.3342
18044	-53.727
18045	-59.1431
18046	-63.1147
18047	-67.1968
18048	-67.7081
18049	-68.8052
18050	-69.3716
18051	-69.2697
18052	-66.4293
18053	-64.1767
18054	-62.1376
18055	-62.6833
18056	-67.5036
18057	-69.5986
18058	-70.7144
18059	-69.8553
18060	-69.6393
18061	-69.1295
18062	-68.3102
18063	-66.9686
18064	-59.613
18065	-53.0843
18066	-55.8488
18067	-63.7919
18068	-67.416
18069	-67.7203
18070	-69.0037
18071	-69.1393
18072	-69.7252
18073	-69.8288
18074	-70.4538
18075	-67.8015
18076	-67.5816
18077	-71.9181
18078	-72.9769
18079	-73.9129
18080	-73.8398
18081	-73.3296
18082	-72.9992
18083	-72.8097
18084	-73.3057
18085	-72.4695
18086	-69.9474
18087	-68.0135
18088	-70.6694
18089	-72.537
18090	-73.2391
18091	-72.4254
18092	-71.6067
18093	-71.3819
18094	-72.4218
18095	-72.6899
18096	-72.7203
18097	-71.9232
18098	-72.1364
18099	-73.1025
18100	-72.3133
18101	-72.4159
18102	-72.5872
18103	-70.9056
18104	-70.5652
18105	-69.1547
18106	-67.9957
18107	-66.4149
18108	-64.8636
18109	-63.3761
18110	-63.2527
18111	-63.2411
18112	-61.5291
18113	-42.786
18114	-23.5305
18115	-16.9762
18116	-19.7655
18117	-33.1875
18118	-57.7012
18119	-61.1394
18120	-62.2179
18121	-63.3656
18122	-64.5493
18123	-65.5813
18124	-66.7108
18125	-67.3401
18126	-68.1506
18127	-69.7562
18128	-71.6789
18129	-72.0001
18130	-72.0476
18131	-72.9819
18132	-72.8032
18133	-72.409
18134	-72.499
18135	-72.1628
18136	-71.0245
18137	-69.6866
18138	-70.2152
18139	-70.8104
18140	-71.0096
18141	-69.3484
18142	-68.4326
18143	-66.1639
18144	-66.0556
18145	-69.1913
18146	-71.8185
18147	-73.1848
18148	-73.1725
18149	-73.3185
18150	-73.772
18151	-73.5064
18152	-73.4734
18153	-72.3397
18154	-69.9363
18155	-68.2999
18156	-70.6953
18157	-70.6616
18158	-70.617
18159	-69.1584
18160	-68.852
18161	-68.8774
18162	-69.3551
18163	-67.5621
18164	-58.6037
18165	-51.6218
18166	-54.3036
18167	-62.7145
18168	-66.9626
18169	-68.0516
18170	-68.5475
18171	-70.0477
18172	-70.0894
18173	-69.6629
18174	-68.818
18175	-65.4991
18176	-64.1938
18177	-65.4039
18178	-68.3777
18179	-70.4291
18180	-70.9848
18181	-70.8425
18182	-69.9483
18183	-68.657
18184	-67.6899
18185	-62.2388
18186	-56.92
18187	-54.0682
18188	-60.154
18189	-66.8229
18190	-68.6849
18191	-68.9652
18192	-68.8436
18193	-68.6352
18194	-69.6949
18195	-70.7972
18196	-70.5216
18197	-69.8061
18198	-69.7344
18199	-72.2054
18200	-73.2188
18201	-73.6625
18202	-73.3609
18203	-72.9688
18204	-73.1806
18205	-72.6375
18206	-71.2598
18207	-70.2994
18208	-69.0137
18209	-67.4661
18210	-68.4178
18211	-67.587
18212	-69.869
18213	-70.3749
18214	-70.139
18215	-69.8435
18216	-71.3254
18217	-72.3318
18218	-72.8504
18219	-72.9267
18220	-73.0492
18221	-73.1284
18222	-72.6524
18223	-72.224
18224	-72.4053
18225	-70.1352
18226	-68.4656
18227	-67.7869
18228	-67.9011
18229	-67.5968
18230	-66.8464
18231	-65.4074
18232	-64.0066
18233	-62.1864
18234	-57.3165
18235	-48.1346
18236	-35.7595
18237	-32.5717
18238	-39.321
18239	-51.8552
18240	-61.2885
18241	-63.2397
18242	-63.208
18243	-62.0649
18244	-63.0671
18245	-66.5116
18246	-68.7198
18247	-70.5315
18248	-70.8057
18249	-70.7306
18250	-71.6454
18251	-72.281
18252	-72.4429
18253	-72.2261
18254	-72.2553
18255	-71.9493
18256	-72.5473
18257	-72.4439
18258	-72.8885
18259	-71.692
18260	-71.6162
18261	-71.9344
18262	-74.0626
18263	-72.7779
18264	-70.6972
18265	-66.6385
18266	-68.7208
18267	-72.2037
18268	-73.2507
18269	-73.2656
18270	-72.7987
18271	-72.8955
18272	-73.6272
18273	-73.597
18274	-73.4218
18275	-71.9428
18276	-68.5775
18277	-67.8208
18278	-70.6169
18279	-71.0061
18280	-70.9717
18281	-70.2113
18282	-70.2857
18283	-69.3254
18284	-67.6711
18285	-63.2385
18286	-58.3995
18287	-55.4877
18288	-60.4806
18289	-67.0289
18290	-68.6573
18291	-69.3963
18292	-69.6774
18293	-69.7298
18294	-70.2641
18295	-69.6529
18296	-68.2946
18297	-64.8677
18298	-63.6103
18299	-65.2176
18300	-65.6037
18301	-67.0508
18302	-68.7748
18303	-68.1647
18304	-67.768
18305	-66.3109
18306	-63.1968
18307	-60.674
18308	-57.7949
18309	-57.1314
18310	-60.5637
18311	-57.8903
18312	-59.9299
18313	-62.0804
18314	-63.0687
18315	-65.7469
18316	-67.9824
18317	-68.6216
18318	-70.5569
18319	-68.8219
18320	-68.539
18321	-68.413
18322	-69.2656
18323	-71.7597
18324	-71.9674
18325	-72.7098
18326	-72.7024
18327	-72.8214
18328	-73.5347
18329	-73.7946
18330	-73.605
18331	-71.8602
18332	-69.3927
18333	-68.3927
18334	-69.7659
18335	-70.896
18336	-72.1607
18337	-72.2109
18338	-72.0904
18339	-72.6877
18340	-72.4154
18341	-72.1208
18342	-71.9846
18343	-70.8804
18344	-71.2968
18345	-70.7177
18346	-69.7527
18347	-69.0357
18348	-68.6417
18349	-67.8188
18350	-67.8861
18351	-66.3515
18352	-65.1162
18353	-63.7543
18354	-60.7008
18355	-56.2318
18356	-53.1803
18357	-49.0534
18358	-42.8836
18359	-42.4198
18360	-46.5104
18361	-44.367
18362	-46.8627
18363	-51.6239
18364	-54.0111
18365	-56.0393
18366	-60.6285
18367	-63.8499
18368	-65.3674
18369	-66.4801
18370	-67.3829
18371	-67.9057
18372	-69.2104
18373	-69.772
18374	-69.8789
18375	-70.8177
18376	-71.0086
18377	-70.5395
18378	-71.5134
18379	-72.0546
18380	-72.2857
18381	-72.0336
18382	-72.3003
18383	-71.7807
18384	-72.3164
18385	-70.1503
18386	-67.6656
18387	-65.7856
18388	-68.6128
18389	-71.8409
18390	-73.4355
18391	-73.4152
18392	-73.7274
18393	-73.1614
18394	-72.9272
18395	-72.9763
18396	-72.282
18397	-70.523
18398	-68.348
18399	-67.9586
18400	-68.6445
18401	-69.4305
18402	-70.3901
18403	-68.9008
18404	-68.2523
18405	-66.074
18406	-62.6556
18407	-60.6227
18408	-57.7288
18409	-56.6421
18410	-60.3037
18411	-57.8627
18412	-60.0079
18413	-61.8688
18414	-63.4861
18415	-65.5412
18416	-67.9345
18417	-68.2548
18418	-68.8732
18419	-65.7819
18420	-65.4663
18421	-65.8163
18422	-65.1612
18423	-67.6914
18424	-68.9129
18425	-69.6934
18426	-70.314
18427	-69.2796
18428	-69.6932
18429	-69.2133
18430	-68.1402
18431	-66.187
18432	-63.7667
18433	-61.4287
18434	-63.0506
18435	-65.8748
18436	-68.348
18437	-69.9889
18438	-70.5167
18439	-70.9019
18440	-71.8918
18441	-71.5836
18442	-71.4851
18443	-69.8589
18444	-70.3907
18445	-72.3492
18446	-73.2755
18447	-73.5975
18448	-73.9713
18449	-72.7881
18450	-72.9243
18451	-72.9027
18452	-72.842
18453	-71.6058
18454	-66.8148
18455	-64.6954
18456	-69.4074
18457	-72.6407
18458	-73.2058
18459	-71.4056
18460	-71.0628
18461	-71.6002
18462	-72.9841
18463	-72.7198
18464	-72.9331
18465	-73.0206
18466	-72.7077
18467	-72.8521
18468	-73.1589
18469	-72.5415
18470	-71.743
18471	-71.1412
18472	-71.7431
18473	-71.5739
18474	-70.481
18475	-67.8368
18476	-63.1916
18477	-62.0544
18478	-64.1142
18479	-64.1809
18480	-61.8406
18481	-56.0668
18482	-47.4057
18483	-42.6913
18484	-45.5445
18485	-53.6632
18486	-59.6924
18487	-62.7398
18488	-65.2707
18489	-67.7721
18490	-69.0419
18491	-70.4163
18492	-69.9793
18493	-69.5297
18494	-70.0005
18495	-71.2621
18496	-73.0525
18497	-72.7352
18498	-73.0135
18499	-73.3338
18500	-73.3671
18501	-72.9849
18502	-72.9507
18503	-72.7578
18504	-71.7244
18505	-70.5852
18506	-70.3061
18507	-70.1787
18508	-69.1776
18509	-67.1287
18510	-68.6824
18511	-68.4332
18512	-70.1975
18513	-71.1237
18514	-71.5636
18515	-72.3805
18516	-73.124
18517	-73.4064
18518	-73.5072
18519	-73.4895
18520	-73.142
18521	-72.0681
18522	-70.9167
18523	-71.7805
18524	-71.6364
18525	-71.9915
18526	-70.499
18527	-69.2885
18528	-69.9362
18529	-70.2417
18530	-69.6209
18531	-67.1612
18532	-62.3233
18533	-59.5153
18534	-61.2726
18535	-64.1399
18536	-67.6737
18537	-69.1874
18538	-70.7102
18539	-71.186
18540	-71.3685
18541	-70.1131
18542	-68.2221
18543	-66.1931
18544	-62.1486
18545	-64.3394
18546	-68.8492
18547	-68.9241
18548	-68.4834
18549	-68.0588
18550	-67.5911
18551	-66.9391
18552	-65.3656
18553	-62.5878
18554	-52.5262
18555	-49.9517
18556	-56.394
18557	-66.1772
18558	-68.3181
18559	-67.9552
18560	-68.4265
18561	-68.8107
18562	-69.8787
18563	-70.1363
18564	-69.1311
18565	-66.2481
18566	-68.2969
18567	-72.308
18568	-73.4635
18569	-73.1075
18570	-73.5342
18571	-73.4123
18572	-73.1495
18573	-72.8376
18574	-72.8163
18575	-69.4356
18576	-65.1715
18577	-65.7384
18578	-69.2247
18579	-70.3408
18580	-71.565
18581	-71.3069
18582	-70.6564
18583	-70.3976
18584	-71.2054
18585	-72.0454
18586	-71.1119
18587	-71.4153
18588	-72.1735
18589	-71.9522
18590	-71.5831
18591	-71.4861
18592	-70.7396
18593	-69.1059
18594	-66.9955
18595	-66.3631
18596	-65.189
18597	-63.4303
18598	-62.1295
18599	-61.245
18600	-60.5535
18601	-58.9478
18602	-55.0262
18603	-30.981
18604	-17.7718
18605	-15.0528
18606	-21.6811
18607	-41.1437
18608	-59.4777
18609	-61.4485
18610	-62.3023
18611	-62.8386
18612	-64.2045
18613	-65.6919
18614	-66.9894
18615	-67.2255
18616	-69.0643
18617	-70.5881
18618	-71.0596
18619	-71.7164
18620	-71.9066
18621	-72.554
18622	-71.8227
18623	-71.3793
18624	-72.2932
18625	-72.9069
18626	-72.1794
18627	-71.3469
18628	-71.5787
18629	-72.3826
18630	-72.608
18631	-71.9126
18632	-70.9861
18633	-70.2707
18634	-71.4957
18635	-72.8431
18636	-72.9361
18637	-72.7028
18638	-72.7309
18639	-73.0564
18640	-73.0749
18641	-73.6056
18642	-72.8998
18643	-70.7805
18644	-66.165
18645	-67.3462
18646	-69.6305
18647	-68.5235
18648	-68.3899
18649	-68.2384
18650	-67.5561
18651	-66.6958
18652	-65.6251
18653	-63.0805
18654	-53.4748
18655	-50.8516
18656	-57.1009
18657	-65.7802
18658	-67.2701
18659	-68.2553
18660	-69.1505
18661	-69.3061
18662	-69.7242
18663	-68.9903
18664	-66.0468
18665	-61.3587
18666	-62.1399
18667	-64.4497
18668	-67.843
18669	-69.492
18670	-69.6093
18671	-69.3052
18672	-68.0556
18673	-67.6855
18674	-64.8764
18675	-59.4618
18676	-53.2764
18677	-54.5595
18678	-60.8593
18679	-63.0422
18680	-64.8679
18681	-65.844
18682	-66.1732
18683	-66.9378
18684	-67.5055
18685	-69.2807
18686	-69.1823
18687	-67.7071
18688	-69.1163
18689	-70.9245
18690	-72.9634
18691	-72.7304
18692	-72.9977
18693	-72.5376
18694	-72.6405
18695	-72.8447
18696	-73.1642
18697	-72.6861
18698	-71.8885
18699	-71.3074
18700	-70.9076
18701	-71.5459
18702	-71.9488
18703	-71.9485
18704	-71.5192
18705	-72.0995
18706	-72.4988
18707	-72.5991
18708	-72.2871
18709	-72.538
18710	-72.3861
18711	-72.0996
18712	-71.5551
18713	-70.9662
18714	-70.6607
18715	-69.4533
18716	-67.5109
18717	-67.2238
18718	-67.7707
18719	-65.7724
18720	-64.5579
18721	-63.1973
18722	-61.6405
18723	-59.7637
18724	-52.6545
18725	-39.2122
18726	-30.8485
18727	-31.6802
18728	-41.5558
18729	-50.3003
18730	-56.1693
18731	-57.7034
18732	-58.4797
18733	-59.1275
18734	-61.7847
18735	-64.4545
18736	-66.3475
18737	-67.1815
18738	-67.992
18739	-69.549
18740	-70.794
18741	-71.7716
18742	-71.7751
18743	-71.9158
18744	-70.8029
18745	-70.7034
18746	-71.7422
18747	-72.0691
18748	-71.3609
18749	-70.9294
18750	-70.9875
18751	-72.0427
18752	-71.2588
18753	-70.442
18754	-65.5477
18755	-62.7531
18756	-68.4496
18757	-72.8112
18758	-72.7632
18759	-73.2662
18760	-73.8774
18761	-73.7289
18762	-73.3738
18763	-73.3888
18764	-72.5802
18765	-69.5446
18766	-66.8193
18767	-68.4826
18768	-69.9679
18769	-70.1863
18770	-70.2602
18771	-69.1833
18772	-68.1314
18773	-68.2628
18774	-64.983
18775	-58.9503
18776	-52.4759
18777	-53.7798
18778	-60.3157
18779	-62.6456
18780	-64.6567
18781	-66.1314
18782	-65.9174
18783	-66.7696
18784	-68.0695
18785	-69.058
18786	-67.2087
18787	-63.6164
18788	-65.3478
18789	-67.469
18790	-69.2323
18791	-70.3826
18792	-70.9688
18793	-70.3763
18794	-69.9801
18795	-67.4319
18796	-65.4107
18797	-64.1613
18798	-62.9699
18799	-62.1521
18800	-65.7153
18801	-68.2981
18802	-69.7192
18803	-69.8836
18804	-69.8004
18805	-70.7022
18806	-70.7805
18807	-71.8121
18808	-72.1871
18809	-71.6165
18810	-71.5622
18811	-72.2662
18812	-72.4582
18813	-72.7003
18814	-73.8252
18815	-73.0515
18816	-72.2056
18817	-71.9512
18818	-72.3884
18819	-71.9342
18820	-70.5552
18821	-68.9758
18822	-66.8599
18823	-66.3126
18824	-68.6965
18825	-70.8791
18826	-71.4106
18827	-71.1123
18828	-72.0909
18829	-72.6334
18830	-72.8218
18831	-73.4521
18832	-73.107
18833	-72.693
18834	-73.1134
18835	-73.4945
18836	-72.1418
18837	-70.431
18838	-70.3843
18839	-70.6341
18840	-71.2133
18841	-70.3141
18842	-69.2285
18843	-67.3261
18844	-62.0161
18845	-59.5949
18846	-57.5999
18847	-54.114
18848	-50.8523
18849	-51.3858
18850	-56.2158
18851	-58.6342
18852	-61.8548
18853	-63.3067
18854	-62.0606
18855	-61.9356
18856	-67.258
18857	-70.4063
18858	-70.8823
18859	-71.8404
18860	-71.2148
18861	-71.2312
18862	-71.4344
18863	-72.2944
18864	-72.728
18865	-73.0478
18866	-72.9524
18867	-73.1484
18868	-73.0556
18869	-73.155
18870	-72.7195
18871	-72.0316
18872	-71.8211
18873	-71.8496
18874	-72.6227
18875	-70.1308
18876	-66.2605
18877	-67.1825
18878	-70.0058
18879	-71.3989
18880	-72.5907
18881	-72.6549
18882	-72.3995
18883	-72.389
18884	-73.511
18885	-73.6483
18886	-72.8218
18887	-71.4012
18888	-71.2814
18889	-71.3382
18890	-71.9162
18891	-72.0423
18892	-72.5861
18893	-70.8775
18894	-70.0288
18895	-67.7366
18896	-66.5245
18897	-65.5708
18898	-64.3317
18899	-64.2345
18900	-65.1862
18901	-66.6496
18902	-68.6721
18903	-68.4718
18904	-68.863
18905	-70.0312
18906	-69.8685
18907	-69.8441
18908	-69.6495
18909	-68.0887
18910	-66.9984
18911	-65.2575
18912	-63.215
18913	-66.285
18914	-68.5305
18915	-67.8618
18916	-66.1747
18917	-64.8304
18918	-64.7249
18919	-63.4728
18920	-60.987
18921	-59.7902
18922	-55.2328
18923	-53.1846
18924	-57.4831
18925	-62.1532
18926	-66.7348
18927	-68.0505
18928	-68.892
18929	-69.6987
18930	-70.3722
18931	-68.903
18932	-68.1348
18933	-66.2522
18934	-68.6525
18935	-71.772
18936	-73.4089
18937	-73.4075
18938	-73.2914
18939	-73.6107
18940	-73.831
18941	-73.2299
18942	-72.8437
18943	-70.4888
18944	-64.7537
18945	-65.6429
18946	-70.3678
18947	-71.6684
18948	-72.109
18949	-72.3229
18950	-71.6587
18951	-72.0333
18952	-72.1984
18953	-71.8236
18954	-70.3225
18955	-70.1882
18956	-70.9489
18957	-70.7833
18958	-71.1619
18959	-70.7836
18960	-69.3279
18961	-67.6979
18962	-67.1883
18963	-66.0283
18964	-64.426
18965	-61.4936
18966	-57.6244
18967	-56.341
18968	-55.8409
18969	-53.8744
18970	-48.5817
18971	-44.883
18972	-37.061
18973	-34.6462
18974	-40.2028
18975	-50.4593
18976	-56.7387
18977	-60.5141
18978	-62.9017
18979	-63.7973
18980	-65.1179
18981	-66.9082
18982	-67.2466
18983	-66.8102
18984	-68.2554
18985	-69.4712
18986	-70.8911
18987	-71.108
18988	-71.4408
18989	-71.9557
18990	-71.8379
18991	-71.8782
18992	-72.8496
18993	-71.9372
18994	-71.9725
18995	-71.4931
18996	-71.2943
18997	-71.1965
18998	-70.1708
18999	-69.68
19000	-70.6751
19001	-72.6271
19002	-73.161
19003	-73.4603
19004	-72.7736
19005	-72.1833
19006	-72.1804
19007	-72.7042
19008	-72.3887
19009	-71.9218
19010	-70.3421
19011	-68.5291
19012	-67.7815
19013	-69.1041
19014	-68.7762
19015	-67.6111
19016	-66.4409
19017	-64.8048
19018	-64.324
19019	-63.1341
19020	-61.587
19021	-60.1413
19022	-55.911
19023	-53.4069
19024	-57.7206
19025	-62.1324
19026	-67.2466
19027	-67.5175
19028	-68.6599
19029	-69.2135
19030	-69.1889
19031	-66.7635
19032	-64.677
19033	-62.2534
19034	-62.393
19035	-66.6469
19036	-69.4772
19037	-70.6232
19038	-70.1705
19039	-69.945
19040	-69.3709
19041	-68.5467
19042	-67.4197
19043	-62.261
19044	-54.2472
19045	-55.1416
19046	-62.6666
19047	-67.3295
19048	-67.7723
19049	-68.6835
19050	-69.1116
19051	-69.727
19052	-69.8974
19053	-70.6592
19054	-68.687
19055	-67.357
19056	-71.3232
19057	-72.6983
19058	-73.8518
19059	-73.8235
19060	-73.5765
19061	-73.1738
19062	-72.7585
19063	-73.2094
19064	-72.7467
19065	-70.1613
19066	-67.6795
19067	-69.636
19068	-72.269
19069	-73.4574
19070	-72.4743
19071	-71.6546
19072	-71.3041
19073	-72.3318
19074	-72.7928
19075	-72.8022
19076	-72.0745
19077	-71.9443
19078	-73.1964
19079	-72.445
19080	-72.7151
19081	-72.4869
19082	-71.3169
19083	-70.9078
19084	-69.6152
19085	-68.5734
19086	-66.9563
19087	-65.4274
19088	-63.9276
19089	-63.5283
19090	-63.5816
19091	-62.627
19092	-50.2211
19093	-27.1598
19094	-18.5431
19095	-19.4915
19096	-30.4507
19097	-54.6835
19098	-61.2145
19099	-61.9623
19100	-63.3739
19101	-64.5834
19102	-65.8717
19103	-66.6506
19104	-67.5488
19105	-68.0135
19106	-69.4289
19107	-71.6745
19108	-72.2429
19109	-72.0938
19110	-73.0814
19111	-73.1674
19112	-72.7744
19113	-72.6769
19114	-72.4501
19115	-71.3818
19116	-69.8191
19117	-69.9985
19118	-70.7399
19119	-71.2679
19120	-69.8807
19121	-68.8845
19122	-66.4988
19123	-65.8368
19124	-68.476
19125	-71.4151
19126	-73.2362
19127	-73.1813
19128	-73.2151
19129	-73.5988
19130	-73.684
19131	-73.6107
19132	-72.4164
19133	-70.6142
19134	-68.4648
19135	-70.4245
19136	-71.018
19137	-70.8503
19138	-69.5317
19139	-69.1863
19140	-68.9765
19141	-69.3627
19142	-68.2115
19143	-61.5854
19144	-52.676
19145	-53.4425
19146	-61.5247
19147	-66.8261
19148	-68.0784
19149	-68.4436
19150	-69.8946
19151	-70.3589
19152	-70.0629
19153	-68.9551
19154	-66.7641
19155	-64.3507
19156	-64.5784
19157	-67.6736
19158	-70.1862
19159	-70.962
19160	-70.8796
19161	-69.9595
19162	-68.9746
19163	-68.0798
19164	-62.9922
19165	-57.628
19166	-53.3858
19167	-58.0479
19168	-65.8294
19169	-67.9675
19170	-68.6443
19171	-68.9108
19172	-68.3674
19173	-69.07
19174	-70.5238
19175	-70.6046
19176	-69.9304
19177	-69.0382
19178	-71.8843
19179	-72.9835
19180	-73.4858
19181	-73.2862
19182	-73.1826
19183	-73.2092
19184	-72.7699
19185	-71.5578
19186	-70.6163
19187	-69.3365
19188	-67.4912
19189	-68.5726
19190	-67.567
19191	-69.3203
19192	-70.44
19193	-70.197
19194	-69.7728
19195	-71.0577
19196	-72.1332
19197	-72.8264
19198	-72.7197
19199	-72.8122
19200	-73.1714
19201	-72.573
19202	-72.1207
19203	-72.4375
19204	-70.5279
19205	-68.5007
19206	-67.6778
19207	-67.7167
19208	-67.4339
19209	-66.6142
19210	-65.2641
19211	-64.3008
19212	-62.1607
19213	-58.6631
19214	-49.9389
19215	-36.8648
19216	-31.7015
19217	-36.4967
19218	-48.8237
19219	-59.0876
19220	-62.2872
19221	-62.9662
19222	-61.673
19223	-62.2931
19224	-65.5559
19225	-67.8632
19226	-69.9165
19227	-70.5051
19228	-70.602
19229	-71.4692
19230	-72.2712
19231	-72.3683
19232	-72.2308
19233	-72.4626
19234	-71.7878
19235	-72.4074
19236	-72.5923
19237	-72.7558
19238	-72.0395
19239	-71.7496
19240	-71.8024
19241	-73.4084
19242	-72.8915
19243	-71.5206
19244	-67.6088
19245	-68.0961
19246	-71.9783
19247	-73.0272
19248	-73.4407
19249	-72.6534
19250	-72.7639
19251	-73.5983
19252	-73.7996
19253	-73.597
19254	-72.208
19255	-69.0092
19256	-67.0701
19257	-69.8456
19258	-71.0423
19259	-70.9645
19260	-70.4118
19261	-69.9521
19262	-69.4129
19263	-67.9997
19264	-64.0005
19265	-58.8881
19266	-54.7365
19267	-58.572
19268	-66.2311
19269	-68.1806
19270	-68.847
19271	-69.4908
19272	-69.7125
19273	-70.2287
19274	-69.9382
19275	-68.7268
19276	-65.6065
19277	-63.4019
19278	-64.837
19279	-65.9937
19280	-66.3951
19281	-68.8528
19282	-68.3349
19283	-67.9973
19284	-67.0287
19285	-63.9147
19286	-60.948
19287	-58.7177
19288	-56.9351
19289	-60.2198
19290	-58.0978
19291	-59.2764
19292	-61.9445
19293	-62.6758
19294	-64.978
19295	-67.8539
19296	-68.5276
19297	-70.4725
19298	-69.4177
19299	-68.3377
19300	-68.8203
19301	-68.9132
19302	-71.3262
19303	-71.6986
19304	-72.7254
19305	-72.5794
19306	-72.6073
19307	-73.1417
19308	-73.5061
19309	-73.8049
19310	-72.3678
19311	-69.8739
19312	-68.6152
19313	-69.8895
19314	-70.7402
19315	-71.912
19316	-72.2572
19317	-71.8958
19318	-72.674
19319	-72.6695
19320	-72.0374
19321	-72.2056
19322	-71.1669
19323	-71.3427
19324	-70.7564
19325	-69.6882
19326	-69.205
19327	-69.0533
19328	-68.0641
19329	-68.0574
19330	-66.8153
19331	-65.5746
19332	-64.162
19333	-61.7239
19334	-56.8351
19335	-53.9653
19336	-50.0777
19337	-43.7698
19338	-42.22
19339	-45.683
19340	-44.6992
19341	-46.0139
19342	-51.2156
19343	-53.7688
19344	-55.9242
19345	-59.5852
19346	-63.5386
19347	-65.2048
19348	-66.3914
19349	-67.3348
19350	-67.8729
19351	-69.0792
19352	-69.8205
19353	-69.9059
19354	-70.5295
19355	-71.0761
19356	-70.408
19357	-71.1827
19358	-72.1604
19359	-72.2161
19360	-71.9656
19361	-72.1198
19362	-71.6413
19363	-72.4277
19364	-70.6942
19365	-67.9605
19366	-65.4941
19367	-67.7174
19368	-71.3343
19369	-73.2962
19370	-73.6225
19371	-73.6171
19372	-73.2269
19373	-73.0303
19374	-73.1705
19375	-72.3757
19376	-70.6823
19377	-69.0681
19378	-67.751
19379	-68.8678
19380	-69.0078
19381	-70.4915
19382	-69.1968
19383	-68.4013
19384	-66.7675
19385	-63.3413
19386	-60.95
19387	-58.6111
19388	-56.5028
19389	-59.9566
19390	-57.9362
19391	-59.3375
19392	-61.7921
19393	-63.2666
19394	-64.9595
19395	-67.6513
19396	-68.0684
19397	-69.013
19398	-66.6759
19399	-65.1801
19400	-66.2326
19401	-65.143
19402	-67.3269
19403	-68.8749
19404	-69.7917
19405	-70.254
19406	-69.3055
19407	-69.1068
19408	-68.9762
19409	-68.1029
19410	-66.1674
19411	-65.0069
19412	-62.524
19413	-63.2701
19414	-65.7119
19415	-68.0551
19416	-69.7771
19417	-70.5971
19418	-70.7308
19419	-71.8665
19420	-71.6664
19421	-71.8258
19422	-70.3223
19423	-70.1348
19424	-72.0274
19425	-73.0336
19426	-73.6992
19427	-73.7608
19428	-72.7569
19429	-73.0609
19430	-72.7341
19431	-72.991
19432	-71.6523
19433	-68.0271
19434	-64.1026
19435	-68.1405
19436	-72.4999
19437	-73.3387
19438	-71.8014
19439	-71.0081
19440	-71.1184
19441	-72.9482
19442	-72.5358
19443	-72.877
19444	-73.0745
19445	-72.6554
19446	-73.1401
19447	-73.1774
19448	-72.5965
19449	-71.8865
19450	-71.3217
19451	-71.5655
19452	-71.9531
19453	-70.8718
19454	-68.5992
19455	-63.7899
19456	-61.6658
19457	-63.247
19458	-63.8519
19459	-62.1946
19460	-57.5965
19461	-50.1383
19462	-44.3711
19463	-45.4849
19464	-53.0496
19465	-59.205
19466	-62.3831
19467	-64.8904
19468	-67.6845
19469	-69.0411
19470	-70.4491
19471	-70.3398
19472	-69.6298
19473	-70.1758
19474	-71.1025
19475	-72.8881
19476	-72.8887
19477	-72.9903
19478	-73.2678
19479	-73.5951
19480	-73.3116
19481	-73.0459
19482	-73.1183
19483	-71.9136
19484	-70.9037
19485	-70.4244
19486	-70.1754
19487	-69.8509
19488	-67.383
19489	-68.4695
19490	-68.46
19491	-69.9171
19492	-70.8994
19493	-71.547
19494	-72.1771
19495	-72.9782
19496	-73.3265
19497	-73.6267
19498	-73.5364
19499	-73.1047
19500	-72.3091
19501	-71.2407
19502	-71.762
19503	-71.7703
19504	-72.3064
19505	-70.8399
19506	-69.3952
19507	-69.4836
19508	-70.1159
19509	-69.9549
19510	-67.4467
19511	-63.5707
19512	-60.6038
19513	-61.2018
19514	-63.7702
19515	-67.3472
19516	-68.9684
19517	-70.637
19518	-71.2332
19519	-71.2808
19520	-70.4755
19521	-68.6694
19522	-66.9567
19523	-62.3881
19524	-63.0546
19525	-68.3123
19526	-68.8537
19527	-68.5281
19528	-68.1339
19529	-67.4025
19530	-67.0767
19531	-65.4768
19532	-63.5474
19533	-54.0114
19534	-49.4801
19535	-54.3438
19536	-64.391
19537	-68.0724
19538	-67.9985
19539	-68.3618
19540	-68.5224
19541	-69.641
19542	-70.2733
19543	-69.4627
19544	-66.3186
19545	-67.092
19546	-71.7239
19547	-73.5156
19548	-73.0743
19549	-73.522
19550	-73.7145
19551	-73.329
19552	-72.8733
19553	-73.0324
19554	-70.5505
19555	-65.8863
19556	-65.3754
19557	-69.0258
19558	-70.0642
19559	-71.473
19560	-71.5343
19561	-70.9464
19562	-70.4377
19563	-71.0509
19564	-71.7915
19565	-71.3618
19566	-71.225
19567	-71.6729
19568	-72.0179
19569	-71.7726
19570	-71.6462
19571	-70.9727
19572	-69.5456
19573	-66.9997
19574	-66.4504
19575	-65.5697
19576	-63.4891
19577	-62.2792
19578	-61.182
19579	-60.7794
19580	-59.1129
19581	-56.6786
19582	-35.5458
19583	-19.618
19584	-15.0213
19585	-19.6963
19586	-35.938
19587	-58.4957
19588	-61.2288
19589	-61.831
19590	-62.3684
19591	-63.7404
19592	-65.1423
19593	-66.5776
19594	-67.0062
19595	-68.384
19596	-70.0309
19597	-71.016
19598	-71.5144
19599	-71.9142
19600	-72.3014
19601	-72.0882
19602	-71.3855
19603	-71.9923
19604	-72.8237
19605	-72.3938
19606	-71.5876
19607	-71.5857
19608	-72.214
19609	-72.8747
19610	-71.9407
19611	-71.1546
19612	-70.5888
19613	-71.3452
19614	-72.8638
19615	-73.0492
19616	-72.636
19617	-72.7794
19618	-73.0059
19619	-72.8877
19620	-73.6161
19621	-72.8957
19622	-71.5477
19623	-66.5929
19624	-66.3125
19625	-69.2535
19626	-68.8034
19627	-68.1942
19628	-68.3577
19629	-67.51
19630	-66.8814
19631	-65.7472
19632	-64.1839
19633	-54.8472
19634	-50.3092
19635	-54.9486
19636	-64.429
19637	-66.9583
19638	-67.9665
19639	-68.6779
19640	-69.1369
19641	-69.6671
19642	-69.2821
19643	-66.8229
19644	-61.5326
19645	-62.0008
19646	-63.888
19647	-67.1739
19648	-69.7313
19649	-69.6034
19650	-69.5349
19651	-68.453
19652	-67.9475
19653	-66.1352
19654	-61.0907
19655	-54.2833
19656	-54.0493
19657	-60.4328
19658	-62.6977
19659	-64.8022
19660	-65.7398
19661	-66.0778
19662	-67.0694
19663	-67.3946
19664	-69.2161
19665	-69.4165
19666	-68.0919
19667	-68.7076
19668	-70.7249
19669	-72.767
19670	-73.0137
19671	-72.8574
19672	-72.6531
19673	-72.522
19674	-72.5473
19675	-73.0951
19676	-72.4812
19677	-71.7976
19678	-71.2081
19679	-71.0636
19680	-71.5518
19681	-71.9524
19682	-71.9389
19683	-71.6445
19684	-72.0094
19685	-72.4847
19686	-72.61
19687	-72.5059
19688	-72.4572
19689	-72.6923
19690	-72.246
19691	-71.8626
19692	-71.2652
19693	-71.0792
19694	-70.0212
19695	-67.9668
19696	-67.255
19697	-67.8726
19698	-66.5305
19699	-64.8105
19700	-63.5925
19701	-62.1347
19702	-60.5178
19703	-54.5509
19704	-42.1189
19705	-32.0574
19706	-30.9217
19707	-39.3474
19708	-49.3743
19709	-55.5272
19710	-57.7592
19711	-58.6203
19712	-59.1031
19713	-61.5535
19714	-64.0901
19715	-65.9835
19716	-67.2551
19717	-67.9377
19718	-69.5382
19719	-70.5774
19720	-71.615
19721	-71.8199
19722	-72.2124
19723	-71.3202
19724	-70.6533
19725	-71.5542
19726	-72.0976
19727	-71.5762
19728	-70.9195
19729	-70.8206
19730	-71.8985
19731	-71.5036
19732	-70.8392
19733	-67.206
19734	-62.4147
19735	-66.6379
19736	-72.4571
19737	-72.8831
19738	-73.1647
19739	-74.1507
19740	-73.7954
19741	-73.445
19742	-73.4577
19743	-72.9135
19744	-70.3945
19745	-67.2391
19746	-67.9275
19747	-69.7891
19748	-70.3627
19749	-70.3694
19750	-69.3697
19751	-68.4377
19752	-68.3295
19753	-66.3704
19754	-60.5366
19755	-53.3938
19756	-53.0967
19757	-59.6293
19758	-62.2068
19759	-64.3445
19760	-66.2421
19761	-66.2082
19762	-66.8128
19763	-68.1192
19764	-69.0675
19765	-68.179
19766	-64.1562
19767	-64.9644
19768	-67.3695
19769	-68.9324
19770	-70.1494
19771	-71.1565
19772	-70.5784
19773	-70.0557
19774	-67.9601
19775	-65.3941
19776	-63.983
19777	-62.757
19778	-61.7027
19779	-64.3826
19780	-67.8608
19781	-69.3061
19782	-69.709
19783	-69.6439
19784	-70.7278
19785	-70.5517
19786	-71.6834
19787	-72.0091
19788	-71.6789
19789	-71.3309
19790	-72.115
19791	-72.6233
19792	-72.3755
19793	-73.703
19794	-73.1195
19795	-72.2801
19796	-72.0272
19797	-72.1664
19798	-71.9548
19799	-70.8539
19800	-69.0877
19801	-67.1665
19802	-66.1009
19803	-68.1498
19804	-70.6052
19805	-71.4917
19806	-70.9361
19807	-71.8792
19808	-72.3189
19809	-72.947
19810	-73.2021
19811	-73.2056
19812	-72.7498
19813	-72.8858
19814	-73.59
19815	-72.208
19816	-70.6943
19817	-70.0982
19818	-70.2612
19819	-70.9411
19820	-70.2019
19821	-69.2126
19822	-67.6524
19823	-62.9519
19824	-59.781
19825	-57.6237
19826	-53.9351
19827	-50.4466
19828	-49.9512
19829	-54.3755
19830	-58.5325
19831	-62.1555
19832	-64.2866
19833	-63.1089
19834	-61.6944
19835	-65.9573
19836	-70.1396
19837	-70.5767
19838	-71.5133
19839	-71.2313
19840	-71.2344
19841	-71.6132
19842	-72.0758
19843	-72.3655
19844	-73.1855
19845	-72.9772
19846	-73.293
19847	-72.8626
19848	-73.133
19849	-73.0678
19850	-72.0899
19851	-72.128
19852	-71.6382
19853	-72.7486
19854	-71.005
19855	-67.026
19856	-67.0786
19857	-69.5989
19858	-71.0823
19859	-72.3583
19860	-72.7619
19861	-72.4475
19862	-72.3405
19863	-73.2199
19864	-73.5244
19865	-73.2677
19866	-71.2395
19867	-71.1704
19868	-71.1336
19869	-71.7962
19870	-71.9293
19871	-72.459
19872	-71.2204
19873	-70.0843
19874	-67.9183
19875	-66.2778
19876	-65.2348
19877	-64.2567
19878	-63.4979
19879	-65.1281
19880	-66.5568
19881	-68.8814
19882	-68.8433
19883	-69.0688
19884	-70.02
19885	-69.7094
19886	-69.601
19887	-69.7636
19888	-68.5684
19889	-67.0302
19890	-65.9395
19891	-63.2604
19892	-65.1152
19893	-68.3671
19894	-68.1396
19895	-66.7463
19896	-65.1256
19897	-64.7978
19898	-63.812
19899	-61.6932
19900	-59.7091
19901	-56.0751
19902	-53.1599
19903	-56.0724
19904	-61.1104
19905	-65.8275
19906	-67.7421
19907	-68.8915
19908	-69.6908
19909	-70.3931
19910	-69.12
19911	-68.2009
19912	-66.3446
19913	-67.7166
19914	-71.2738
19915	-73.2684
19916	-73.3614
19917	-73.3383
19918	-73.3668
19919	-73.974
19920	-73.3262
19921	-73.0029
19922	-71.3518
19923	-65.9842
19924	-65.0815
19925	-69.9351
19926	-71.59
19927	-71.9769
19928	-72.249
19929	-71.9923
19930	-71.8857
19931	-72.1255
19932	-72.047
19933	-70.6476
19934	-70.1731
19935	-70.7976
19936	-70.6904
19937	-71.0603
19938	-70.7106
19939	-69.4917
19940	-67.9747
19941	-67.3194
19942	-66.2451
19943	-64.7293
19944	-62.1742
19945	-58.182
19946	-56.3047
19947	-56.1309
19948	-54.3412
19949	-49.4004
19950	-46.0944
19951	-38.2448
19952	-34.599
19953	-38.3473
19954	-48.9021
19955	-55.4666
19956	-59.8763
19957	-62.4133
19958	-63.5973
19959	-64.6111
19960	-66.688
19961	-67.2602
19962	-66.6456
19963	-67.7503
19964	-69.2144
19965	-70.584
19966	-70.9451
19967	-71.4773
19968	-71.7853
19969	-71.933
19970	-71.6787
19971	-72.7184
19972	-71.79
19973	-71.7783
19974	-71.8017
19975	-71.0292
19976	-71.187
19977	-70.1146
19978	-69.4177
19979	-70.1494
19980	-72.2961
19981	-73.0646
19982	-73.7026
19983	-72.9136
19984	-72.2516
19985	-72.3873
19986	-72.5341
19987	-72.1437
19988	-72.2289
19989	-70.7777
19990	-68.9358
19991	-67.5518
19992	-68.9129
19993	-68.9627
19994	-68.0851
19995	-66.5817
19996	-65.0648
19997	-64.5102
19998	-63.3823
19999	-62.1053
20000	-60.1086
20001	-56.9752
20002	-53.3599
20003	-56.2178
20004	-61.1679
20005	-66.3176
20006	-67.3387
20007	-68.3971
20008	-69.2157
20009	-69.3553
20010	-67.3845
20011	-65.2092
20012	-62.5144
20013	-62.2772
20014	-65.82
20015	-69.1547
20016	-70.4255
20017	-70.4522
20018	-69.852
20019	-69.6666
20020	-68.8411
20021	-67.7656
20022	-64.9559
20023	-55.852
20024	-54.8788
20025	-61.4118
20026	-67.0604
20027	-67.8963
20028	-68.4982
20029	-69.3577
20030	-69.6315
20031	-69.8856
20032	-70.3813
20033	-69.416
20034	-67.4601
20035	-70.77
20036	-72.4783
20037	-73.7407
20038	-73.9388
20039	-73.781
20040	-73.2506
20041	-72.7933
20042	-73.1722
20043	-73.0299
20044	-70.4473
20045	-67.5739
20046	-68.5646
20047	-71.8774
20048	-73.4754
20049	-72.6436
20050	-71.6514
20051	-71.3984
20052	-71.6954
20053	-72.6389
20054	-72.6996
20055	-72.2844
20056	-71.9325
20057	-73.189
20058	-72.7346
20059	-72.8194
20060	-72.4834
20061	-71.3046
20062	-71.2019
20063	-70.1665
20064	-69.0723
20065	-67.6897
20066	-65.9664
20067	-64.466
20068	-63.7114
20069	-63.8182
20070	-63.4374
20071	-56.2551
20072	-31.3586
20073	-20.5194
20074	-19.6392
20075	-28.3664
20076	-51.1437
20077	-61.3014
20078	-62.0537
20079	-63.5
20080	-64.6535
20081	-65.9112
20082	-66.5417
20083	-67.5774
20084	-68.139
20085	-69.2231
20086	-71.374
20087	-72.5879
20088	-72.2332
20089	-73.0648
20090	-73.4096
20091	-72.7734
20092	-72.7665
20093	-72.7277
20094	-71.6062
20095	-70.0995
20096	-69.7827
20097	-70.7789
20098	-71.1998
20099	-70.2853
20100	-68.9252
20101	-66.9755
20102	-65.6672
20103	-67.9415
20104	-70.8647
20105	-72.8022
20106	-73.1913
20107	-73.3058
20108	-73.6064
20109	-73.837
20110	-73.8765
20111	-72.5973
20112	-71.3915
20113	-68.9172
20114	-70.3001
20115	-71.1643
20116	-71.057
20117	-70.0524
20118	-69.2877
20119	-69.1512
20120	-69.3121
20121	-68.9104
20122	-64.8306
20123	-54.165
20124	-53.0273
20125	-60.2385
20126	-66.8003
20127	-67.981
20128	-68.4151
20129	-69.8168
20130	-70.4922
20131	-70.1399
20132	-69.1416
20133	-67.7362
20134	-64.5231
20135	-63.9993
20136	-66.8851
20137	-69.5747
20138	-70.9781
20139	-70.8337
20140	-70.08
20141	-69.1475
20142	-68.2308
20143	-63.9849
20144	-58.1459
20145	-53.1474
20146	-55.9864
20147	-64.5962
20148	-67.2387
20149	-68.5364
20150	-68.5648
20151	-68.006
20152	-68.5755
20153	-70.0886
20154	-70.5665
20155	-69.8667
20156	-68.6589
20157	-71.0164
20158	-72.993
20159	-73.3619
20160	-73.1515
20161	-73.1762
20162	-73.0163
20163	-72.9222
20164	-71.9862
20165	-71.0344
20166	-69.6968
20167	-67.7824
20168	-68.3428
20169	-67.6863
20170	-68.5957
20171	-70.218
20172	-70.3555
20173	-69.6971
20174	-70.5275
20175	-71.8504
20176	-72.7929
20177	-72.7183
20178	-72.3665
20179	-73.3016
20180	-72.474
20181	-72.2468
20182	-72.1368
20183	-70.8304
20184	-68.6169
20185	-67.5069
20186	-67.358
20187	-67.3584
20188	-66.4835
20189	-65.3906
20190	-64.1842
20191	-62.2315
20192	-59.8268
20193	-51.5295
20194	-38.5315
20195	-31.2707
20196	-34.1053
20197	-45.3834
20198	-56.5009
20199	-61.4697
20200	-62.5574
20201	-61.5215
20202	-61.6539
20203	-64.6466
20204	-67.206
20205	-69.2723
20206	-69.9614
20207	-70.5094
20208	-71.4244
20209	-72.2098
20210	-72.4718
20211	-72.2583
20212	-72.2263
20213	-71.607
20214	-72.2891
20215	-72.5269
20216	-72.6684
20217	-72.3953
20218	-71.5594
20219	-71.7378
20220	-72.9745
20221	-73.0892
20222	-71.7015
20223	-68.8015
20224	-67.7424
20225	-71.8227
20226	-72.8924
20227	-73.4112
20228	-72.7526
20229	-72.6805
20230	-73.3616
20231	-74.1011
20232	-73.6927
20233	-72.6362
20234	-69.588
20235	-66.7531
20236	-69.2002
20237	-70.9001
20238	-70.8671
20239	-70.5498
20240	-69.816
20241	-69.7304
20242	-68.1687
20243	-64.8723
20244	-59.5305
20245	-54.4334
20246	-56.7103
20247	-64.6959
20248	-67.4481
20249	-68.6251
20250	-69.3189
20251	-69.3058
20252	-69.6873
20253	-69.8067
20254	-68.845
20255	-66.0157
20256	-63.1642
20257	-64.6046
20258	-66.2865
20259	-65.9215
20260	-68.9074
20261	-68.5117
20262	-67.9776
20263	-67.6237
20264	-64.5912
20265	-61.489
20266	-59.6571
20267	-57.0486
20268	-59.302
20269	-58.6003
20270	-58.733
20271	-61.5937
20272	-62.5156
20273	-64.4777
20274	-67.3941
20275	-68.4094
20276	-70.032
20277	-70.0629
20278	-68.2258
20279	-69.2228
20280	-68.5822
20281	-71.1645
20282	-71.7615
20283	-72.7097
20284	-72.4905
20285	-72.5582
20286	-73.0687
20287	-73.3913
20288	-73.9074
20289	-72.6836
20290	-70.3235
20291	-69.1238
20292	-69.937
20293	-70.6874
20294	-71.8128
20295	-72.2504
20296	-71.7646
20297	-72.6347
20298	-72.9669
20299	-72.1013
20300	-72.3583
20301	-71.4349
20302	-71.4097
20303	-70.9807
20304	-69.9501
20305	-69.5316
20306	-69.2903
20307	-68.2627
20308	-67.9072
20309	-67.1967
20310	-66.0406
20311	-64.5325
20312	-62.5711
20313	-57.6264
20314	-54.6068
20315	-50.9324
20316	-45.0423
20317	-42.1517
20318	-44.917
20319	-45.2996
20320	-45.3039
20321	-50.4173
20322	-53.3864
20323	-55.3821
20324	-58.6273
20325	-63.2131
20326	-65.032
20327	-66.1763
20328	-67.0834
20329	-67.8548
20330	-68.8625
20331	-69.9041
20332	-69.7917
20333	-70.5128
20334	-71.117
20335	-70.4265
20336	-70.8143
20337	-72.2186
20338	-72.1376
20339	-71.9721
20340	-72.244
20341	-71.4088
20342	-72.2842
20343	-71.1502
20344	-68.3679
20345	-65.4362
20346	-66.6164
20347	-70.7554
20348	-72.8594
20349	-73.5437
20350	-73.6889
20351	-73.3673
20352	-73.0849
20353	-73.2032
20354	-72.5778
20355	-71.0704
20356	-69.6653
20357	-67.7723
20358	-69.0018
20359	-68.8587
20360	-70.5503
20361	-69.4221
20362	-68.4344
20363	-67.6296
20364	-63.946
20365	-61.3806
20366	-59.5019
20367	-56.5949
20368	-59.0655
20369	-58.2665
20370	-58.824
20371	-61.4791
20372	-62.9401
20373	-64.4734
20374	-67.3584
20375	-68.169
20376	-69.127
20377	-67.4704
20378	-65.0146
20379	-66.6557
20380	-65.2295
20381	-66.8869
20382	-68.7049
20383	-69.7894
20384	-70.036
20385	-69.4454
20386	-68.7744
20387	-68.9972
20388	-68.0283
20389	-66.1102
20390	-65.3927
20391	-63.6488
20392	-63.7408
20393	-65.7765
20394	-68.0063
20395	-69.5162
20396	-70.6789
20397	-70.5858
20398	-71.7009
20399	-71.7363
20400	-71.7386
20401	-70.8449
20402	-70.086
20403	-71.5904
20404	-72.8917
20405	-73.8516
20406	-73.5182
20407	-72.9135
20408	-72.938
20409	-72.729
20410	-72.833
20411	-71.7574
20412	-69.5999
20413	-63.8457
20414	-66.6399
20415	-71.8066
20416	-73.3203
20417	-72.0987
20418	-71.0059
20419	-70.935
20420	-72.5926
20421	-72.4605
20422	-72.8836
20423	-73.1779
20424	-72.6268
20425	-73.336
20426	-73.009
20427	-72.9225
20428	-72.0601
20429	-71.1165
20430	-71.4029
20431	-72.3294
20432	-71.1236
20433	-69.0378
20434	-64.6547
20435	-61.5769
20436	-62.308
20437	-63.634
20438	-62.1594
20439	-58.7335
20440	-53.082
20441	-46.6076
20442	-46.1016
20443	-52.9007
20444	-58.8447
20445	-61.9714
20446	-64.3163
20447	-67.3209
20448	-69.0564
20449	-70.6528
20450	-70.6655
20451	-69.8211
20452	-70.2392
20453	-70.7752
20454	-72.7117
20455	-73.0131
20456	-73.2384
20457	-73.3652
20458	-73.7725
20459	-73.5489
20460	-73.0633
20461	-72.9758
20462	-71.8718
20463	-71.4229
20464	-70.6401
20465	-70.3197
20466	-70.3676
20467	-67.674
20468	-68.3138
20469	-68.6203
20470	-69.5153
20471	-70.8223
20472	-71.4424
20473	-72.0116
20474	-72.7262
20475	-73.2348
20476	-73.6174
20477	-73.3385
20478	-73.1061
20479	-72.7176
20480	-71.629
20481	-71.6959
20482	-71.9672
20483	-72.2127
20484	-70.9429
20485	-69.2009
20486	-69.0969
20487	-69.9912
20488	-69.8586
20489	-67.6936
20490	-64.8545
20491	-61.6258
20492	-61.4051
20493	-63.6756
20494	-66.9892
20495	-68.9318
20496	-70.2161
20497	-71.0624
20498	-71.1863
20499	-70.9083
20500	-69.1647
20501	-67.6308
20502	-63.0069
20503	-61.9051
20504	-67.4164
20505	-68.734
20506	-68.482
20507	-67.9851
20508	-67.3814
20509	-67.1896
20510	-65.6202
20511	-64.0669
20512	-55.9288
20513	-49.4106
20514	-52.5845
20515	-62.2401
20516	-67.5101
20517	-68.0488
20518	-67.8468
20519	-68.377
20520	-69.5076
20521	-70.0922
20522	-69.8368
20523	-66.7267
20524	-66.2137
20525	-71.0133
20526	-73.3956
20527	-73.0309
20528	-73.1735
20529	-73.7046
20530	-73.4711
20531	-72.8004
20532	-72.7283
20533	-71.7742
20534	-66.838
20535	-65.1774
20536	-68.5688
20537	-69.9108
20538	-71.2552
20539	-71.5948
20540	-71.1173
20541	-70.6153
20542	-70.9199
20543	-71.6666
20544	-71.5027
20545	-70.9462
20546	-71.3153
20547	-72.0995
20548	-71.8582
20549	-71.7689
20550	-71.1119
20551	-69.9647
20552	-67.233
20553	-66.5287
20554	-65.7601
20555	-63.6964
20556	-62.3232
20557	-61.0272
20558	-60.6878
20559	-59.2442
20560	-57.3748
20561	-40.9864
20562	-21.9043
20563	-15.3586
20564	-18.152
20565	-31.586
20566	-56.6106
20567	-60.7458
20568	-61.344
20569	-62.1033
20570	-63.3493
20571	-64.805
20572	-66.2553
20573	-66.6866
20574	-67.6402
20575	-69.6402
20576	-70.917
20577	-71.234
20578	-71.7951
20579	-72.0219
20580	-72.3351
20581	-71.2932
20582	-71.5702
20583	-72.6722
20584	-72.6662
20585	-71.5098
20586	-71.4588
20587	-71.9295
20588	-72.7054
20589	-71.8386
20590	-71.3437
20591	-70.8101
20592	-71.3789
20593	-72.7346
20594	-73.2143
20595	-72.7043
20596	-72.8706
20597	-72.7792
20598	-72.8581
20599	-73.8757
20600	-72.9372
20601	-71.9479
20602	-67.4266
20603	-65.5975
20604	-69.023
20605	-69.0881
20606	-68.003
20607	-68.1698
20608	-67.5808
20609	-67.0202
20610	-65.7193
20611	-64.7727
20612	-56.6004
20613	-50.1729
20614	-53.1798
20615	-62.6944
20616	-66.6776
20617	-67.5629
20618	-68.273
20619	-69.0369
20620	-69.4997
20621	-69.4916
20622	-67.2536
20623	-62.0797
20624	-61.1517
20625	-63.4188
20626	-66.5848
20627	-69.6477
20628	-69.7845
20629	-69.7476
20630	-68.8886
20631	-67.9908
20632	-66.932
20633	-62.7956
20634	-55.6695
20635	-54.0045
20636	-59.4583
20637	-62.3804
20638	-64.4214
20639	-65.803
20640	-66.2176
20641	-67.1087
20642	-67.3123
20643	-68.8876
20644	-69.7312
20645	-68.5763
20646	-68.4612
20647	-70.5703
20648	-72.5933
20649	-73.5541
20650	-72.7145
20651	-73.0405
20652	-72.5104
20653	-72.4933
20654	-72.8897
20655	-72.4667
20656	-71.9326
20657	-71.0798
20658	-71.2656
20659	-71.4617
20660	-72.0562
20661	-71.9468
20662	-71.7133
20663	-71.8519
20664	-72.494
20665	-72.5746
20666	-72.8368
20667	-72.3773
20668	-72.9445
20669	-72.5203
20670	-71.9201
20671	-71.4942
20672	-71.2031
20673	-70.5086
20674	-68.4599
20675	-67.5479
20676	-68.1033
20677	-67.1756
20678	-65.1936
20679	-64.1049
20680	-62.8865
20681	-61.1715
20682	-56.3332
20683	-45.4911
20684	-33.6539
20685	-30.594
20686	-37.2142
20687	-48.8273
20688	-54.6612
20689	-57.8122
20690	-59.0209
20691	-59.1152
20692	-61.1052
20693	-63.6962
20694	-65.8157
20695	-67.2733
20696	-67.8429
20697	-69.6728
20698	-70.5383
20699	-71.4434
20700	-71.868
20701	-72.0076
20702	-71.8309
20703	-70.6907
20704	-71.3922
20705	-72.0368
20706	-71.6178
20707	-70.8991
20708	-70.6318
20709	-71.7601
20710	-71.8695
20711	-70.8976
20712	-68.3503
20713	-62.4658
20714	-65.0827
20715	-71.859
20716	-72.7685
20717	-73.0437
20718	-73.759
20719	-73.8184
20720	-73.3754
20721	-73.4883
20722	-73.1339
20723	-71.1952
20724	-67.9473
20725	-67.7505
20726	-69.7401
20727	-70.7299
20728	-70.512
20729	-69.5479
20730	-68.7078
20731	-68.2547
20732	-67.4793
20733	-61.995
20734	-54.7173
20735	-52.8947
20736	-58.5001
20737	-61.8922
20738	-64.0546
20739	-66.2379
20740	-66.3963
20741	-66.6487
20742	-68.1459
20743	-69.063
20744	-68.8041
20745	-64.9797
20746	-64.8185
20747	-67.151
20748	-68.4017
20749	-69.9596
20750	-71.0419
20751	-70.6346
20752	-70.1838
20753	-68.4729
20754	-65.3186
20755	-63.8948
20756	-62.4629
20757	-61.1897
20758	-63.0994
20759	-66.849
20760	-68.8044
20761	-69.462
20762	-69.4015
20763	-70.2678
20764	-70.5173
20765	-71.3411
20766	-71.7655
20767	-71.592
20768	-71.0168
20769	-72.0652
20770	-72.5839
20771	-72.1711
20772	-73.4137
20773	-73.2272
20774	-72.2948
20775	-72.1735
20776	-72.0962
20777	-72.1633
20778	-71.0841
20779	-69.329
20780	-67.5704
20781	-65.9019
20782	-67.4061
20783	-70.2439
20784	-71.4058
20785	-70.9452
20786	-71.6673
20787	-72.0734
20788	-72.9578
20789	-72.8558
20790	-73.1898
20791	-72.8243
20792	-72.7168
20793	-73.1757
20794	-72.4201
20795	-70.8581
20796	-69.9554
20797	-70.1214
20798	-70.5048
20799	-70.1933
20800	-69.0981
20801	-67.9301
20802	-64.1672
20803	-59.8858
20804	-57.639
20805	-54.0389
20806	-50.172
20807	-48.6733
20808	-52.3847
20809	-57.52
20810	-61.6054
20811	-64.2149
20812	-63.7654
20813	-61.5998
20814	-64.5586
20815	-69.6046
20816	-70.3256
20817	-71.0966
20818	-71.3578
20819	-70.9366
20820	-71.4632
20821	-72.0129
20822	-72.1872
20823	-72.8628
20824	-72.9827
20825	-73.1948
20826	-72.7997
20827	-73.103
20828	-73.0335
20829	-72.2377
20830	-72.1131
20831	-71.5473
20832	-72.8357
20833	-71.7067
20834	-67.9716
20835	-66.8412
20836	-69.2434
20837	-71
20838	-72.2082
20839	-72.9046
20840	-72.7194
20841	-72.275
20842	-72.9527
20843	-73.4978
20844	-73.4751
20845	-71.3217
20846	-71.0906
20847	-71.1932
20848	-71.7068
20849	-71.7456
20850	-72.337
20851	-71.5385
20852	-70.3368
20853	-68.2488
20854	-66.244
20855	-64.9595
20856	-64.0752
20857	-62.9372
20858	-64.4507
20859	-66.3671
20860	-68.9598
20861	-69.1579
20862	-69.3544
20863	-70.0367
20864	-69.838
20865	-69.3525
20866	-69.6989
20867	-68.7188
20868	-67.0456
20869	-66.4278
20870	-63.5201
20871	-64.2232
20872	-68.0151
20873	-68.2601
20874	-67.0711
20875	-65.0835
20876	-64.8219
20877	-64.2105
20878	-62.1455
20879	-59.757
20880	-57.1164
20881	-53.4338
20882	-54.8886
20883	-60.2545
20884	-64.7142
20885	-67.5565
20886	-68.8136
20887	-69.1897
20888	-70.1644
20889	-69.4807
20890	-68.4118
20891	-66.6359
20892	-66.9282
20893	-70.8119
20894	-73.1222
20895	-73.5228
20896	-73.5069
20897	-73.1153
20898	-74.0171
20899	-73.4377
20900	-73.1194
20901	-71.9451
20902	-67.4153
20903	-64.9172
20904	-69.3371
20905	-71.4132
20906	-71.9727
20907	-72.1661
20908	-72.1984
20909	-71.8201
20910	-72.2097
20911	-72.2172
20912	-70.8677
20913	-70.2476
20914	-70.8206
20915	-70.5977
20916	-70.7653
20917	-70.9534
20918	-69.6122
20919	-68.3143
20920	-67.2808
20921	-66.5255
20922	-65.0408
20923	-62.7614
20924	-59.0519
20925	-56.4352
20926	-56.226
20927	-54.7624
20928	-50.5204
20929	-46.6095
20930	-39.5977
20931	-34.8058
20932	-36.9059
20933	-47.2139
20934	-54.1027
20935	-59.189
20936	-62.042
20937	-63.3561
20938	-64.2855
20939	-66.2999
20940	-67.1533
20941	-66.7293
20942	-67.6033
20943	-69.0842
20944	-70.2208
20945	-70.9229
20946	-71.2733
20947	-71.5178
20948	-71.9735
20949	-71.5195
20950	-72.7463
20951	-71.9256
20952	-71.7434
20953	-71.9658
20954	-70.7836
20955	-71.1747
20956	-70.1631
20957	-69.4326
20958	-69.6664
20959	-71.9185
20960	-73.0317
20961	-73.6795
20962	-73.1549
20963	-72.381
20964	-72.2475
20965	-72.338
20966	-72.2482
20967	-72.36
20968	-71.0521
20969	-69.1898
20970	-67.4328
20971	-68.6519
20972	-69.201
20973	-68.2217
20974	-66.8668
20975	-65.5178
20976	-64.708
20977	-63.6918
20978	-62.3755
20979	-60.0512
20980	-57.8597
20981	-53.6461
20982	-54.9102
20983	-60.3171
20984	-64.9222
20985	-67.2999
20986	-67.9651
20987	-69.0048
20988	-69.6421
20989	-68.1931
20990	-65.641
20991	-62.766
20992	-62.1639
20993	-65.1107
20994	-68.8444
20995	-70.1189
20996	-70.796
20997	-69.8663
20998	-69.9336
20999	-69.231
21000	-68.147
21001	-66.3277
21002	-57.9163
21003	-55.0666
21004	-60.412
21005	-66.8507
21006	-68.1309
21007	-68.307
21008	-69.4931
21009	-69.4984
21010	-69.9988
21011	-70.4051
21012	-70.1059
21013	-67.8288
21014	-70.0832
21015	-72.2612
21016	-73.4393
21017	-73.7786
21018	-73.8821
21019	-73.46
21020	-73.0611
21021	-73.0359
21022	-73.1094
21023	-70.8315
21024	-67.6666
21025	-67.593
21026	-71.2866
21027	-73.5262
21028	-72.9409
21029	-71.5588
21030	-71.1811
21031	-71.2036
21032	-72.4369
21033	-72.5542
21034	-72.6888
21035	-72.0841
21036	-73.07
21037	-73.1001
21038	-72.9719
21039	-72.6098
21040	-71.7093
21041	-71.3445
21042	-70.5931
21043	-69.4576
21044	-68.2261
21045	-66.5268
21046	-64.7901
21047	-63.7958
21048	-64.1351
21049	-64.1824
21050	-60.0892
21051	-36.2228
21052	-22.9304
21053	-20.2073
21054	-26.8632
21055	-46.5423
21056	-61.3046
21057	-62.2075
21058	-63.5243
21059	-64.43
21060	-66.1288
21061	-66.7232
21062	-67.6836
21063	-68.1429
21064	-69.0649
21065	-71.0214
21066	-72.5282
21067	-72.3417
21068	-72.7034
21069	-73.7128
21070	-72.9453
21071	-72.6379
21072	-72.8406
21073	-71.7988
21074	-70.3575
21075	-69.6769
21076	-70.698
21077	-71.1586
21078	-70.5888
21079	-68.9938
21080	-67.5896
21081	-65.6819
21082	-67.3918
21083	-70.3083
21084	-72.3441
21085	-73.236
21086	-73.3715
21087	-73.5654
21088	-74.0185
21089	-73.7938
21090	-72.9255
21091	-71.8733
21092	-70.0779
21093	-70.2382
21094	-71.234
21095	-71.1475
21096	-70.4044
21097	-69.385
21098	-69.3332
21099	-69.5735
21100	-69.5482
21101	-66.8192
21102	-56.1234
21103	-53.0454
21104	-58.9784
21105	-66.1963
21106	-67.6521
21107	-68.4732
21108	-69.5219
21109	-70.7241
21110	-70.2619
21111	-69.1945
21112	-68.4389
21113	-64.921
21114	-63.7243
21115	-65.8483
21116	-69.1275
21117	-70.7542
21118	-70.736
21119	-70.1369
21120	-69.1763
21121	-68.3925
21122	-64.9983
21123	-58.8725
21124	-53.3722
21125	-54.2619
21126	-62.8424
21127	-66.4355
21128	-68.3107
21129	-68.219
21130	-67.8021
21131	-68.3098
21132	-69.7629
21133	-70.5701
21134	-69.9326
21135	-68.4572
21136	-69.9929
21137	-72.7205
21138	-73.2526
21139	-73.1755
21140	-73.0325
21141	-72.8296
21142	-72.8935
21143	-72.1762
21144	-71.2171
21145	-70.0239
21146	-68.1054
21147	-68.045
21148	-67.9388
21149	-68.0294
21150	-70.1132
21151	-70.3062
21152	-69.8123
21153	-70.2471
21154	-71.6085
21155	-72.4594
21156	-72.5419
21157	-72.1101
21158	-73.2967
21159	-72.4757
21160	-72.1443
21161	-71.9372
21162	-71.2443
21163	-68.7791
21164	-67.4251
21165	-67.1581
21166	-67.2397
21167	-66.4465
21168	-65.374
21169	-64.351
21170	-62.5283
21171	-60.4796
21172	-52.693
21173	-40.3703
21174	-31.2775
21175	-32.132
21176	-42.2181
21177	-54.0595
21178	-60.6122
21179	-62.1672
21180	-61.3278
21181	-61.0325
21182	-63.6262
21183	-66.5051
21184	-68.4503
21185	-69.6647
21186	-70.2256
21187	-70.9376
21188	-72.0496
21189	-72.1717
21190	-72.1192
21191	-71.96
21192	-71.4744
21193	-71.9832
21194	-72.2664
21195	-72.5919
21196	-72.72
21197	-71.519
21198	-71.7571
21199	-72.8063
21200	-73.2962
21201	-71.9979
21202	-70.0314
21203	-67.7785
21204	-71.3092
21205	-72.7601
21206	-73.4966
21207	-73.1762
21208	-72.8295
21209	-73.0206
21210	-73.6937
21211	-73.6813
21212	-73.0561
21213	-70.0747
21214	-66.7755
21215	-68.3508
21216	-70.629
21217	-70.6579
21218	-70.482
21219	-69.7181
21220	-69.8274
21221	-68.4877
21222	-65.469
21223	-60.0257
21224	-54.5775
21225	-55.0828
21226	-62.7891
21227	-66.8754
21228	-68.2906
21229	-69.1005
21230	-68.9864
21231	-69.2532
21232	-69.6313
21233	-69.0148
21234	-66.7338
21235	-62.9461
21236	-64.2808
21237	-66.2558
21238	-65.7697
21239	-68.836
21240	-68.5917
21241	-68.019
21242	-67.687
21243	-65.3432
21244	-62.2133
21245	-60.2907
21246	-57.3062
21247	-58.485
21248	-59.2329
21249	-58.3882
21250	-61.1696
21251	-62.5825
21252	-64.1039
21253	-66.9517
21254	-68.2631
21255	-69.6586
21256	-70.4512
21257	-68.2935
21258	-69.2588
21259	-68.4876
21260	-70.6008
21261	-71.8481
21262	-72.7751
21263	-72.654
21264	-72.6464
21265	-72.8765
21266	-73.3966
21267	-73.916
21268	-72.9825
21269	-70.8913
21270	-69.3011
21271	-69.782
21272	-70.6576
21273	-71.8252
21274	-72.1906
21275	-71.8512
21276	-72.4574
21277	-73.2317
21278	-72.3108
21279	-72.4892
21280	-71.4347
21281	-71.2742
21282	-71.1387
21283	-70.2703
21284	-69.6533
21285	-69.4506
21286	-68.5263
21287	-67.8085
21288	-67.5574
21289	-66.3666
21290	-64.8842
21291	-63.396
21292	-58.5345
21293	-55.2286
21294	-51.9583
21295	-46.3911
21296	-42.2942
21297	-44.0499
21298	-46.0611
21299	-44.8873
21300	-49.3959
21301	-52.9174
21302	-54.7678
21303	-57.7719
21304	-62.7835
21305	-64.8181
21306	-65.9257
21307	-67.0609
21308	-67.7355
21309	-68.6326
21310	-69.7401
21311	-69.828
21312	-70.4401
21313	-71.0343
21314	-70.5501
21315	-70.7082
21316	-72.33
21317	-72.2208
21318	-72.026
21319	-72.0678
21320	-71.3775
21321	-72.1311
21322	-71.4924
21323	-68.8304
21324	-65.5649
21325	-65.7192
21326	-69.6732
21327	-72.3868
21328	-73.4808
21329	-73.4031
21330	-73.5207
21331	-73.1466
21332	-73.3835
21333	-72.8285
21334	-71.5203
21335	-70.0839
21336	-67.9489
21337	-69.0202
21338	-68.8582
21339	-70.3933
21340	-69.8309
21341	-68.4687
21342	-68.2577
21343	-64.5564
21344	-61.7623
21345	-60.0157
21346	-56.8494
21347	-58.475
21348	-58.7754
21349	-58.4643
21350	-61.1809
21351	-62.5735
21352	-64.1571
21353	-66.9967
21354	-68.4031
21355	-68.9887
21356	-68.2548
21357	-65.2136
21358	-66.4319
21359	-65.6398
21360	-66.6251
21361	-68.6173
21362	-69.585
21363	-70.0216
21364	-69.485
21365	-68.3599
21366	-68.9653
21367	-68.0261
21368	-66.0536
21369	-65.3292
21370	-64.9862
21371	-64.5612
21372	-66.1194
21373	-68.2473
21374	-69.3058
21375	-70.3753
21376	-70.5219
21377	-71.6411
21378	-71.715
21379	-71.745
21380	-71.0581
21381	-70.2012
21382	-71.2275
21383	-72.8006
21384	-73.9413
21385	-73.3702
21386	-73.2786
21387	-72.9964
21388	-72.8595
21389	-72.8856
21390	-72.0108
21391	-70.5041
21392	-64.0022
21393	-65.3105
21394	-71.0761
21395	-72.9566
21396	-72.3119
21397	-70.9685
21398	-70.9057
21399	-72.2663
21400	-72.6311
21401	-73.0055
21402	-73.0811
21403	-72.7922
21404	-73.2516
21405	-73.0802
21406	-73.2196
21407	-72.2591
21408	-71.2176
21409	-71.1857
21410	-72.448
21411	-71.4153
21412	-69.6504
21413	-65.7469
21414	-61.7652
21415	-61.5947
21416	-63.1681
21417	-62.1577
21418	-59.5152
21419	-56.2889
21420	-49.2102
21421	-47.1885
21422	-52.7541
21423	-58.5538
21424	-61.9407
21425	-64.0103
21426	-66.8224
21427	-68.9557
21428	-70.4498
21429	-70.7197
21430	-70.1427
21431	-70.2974
21432	-70.6479
21433	-72.523
21434	-73.0969
21435	-73.2744
21436	-73.4948
21437	-73.8987
21438	-73.6084
21439	-73.161
21440	-73.1346
21441	-72.234
21442	-71.7817
21443	-70.7055
21444	-70.4219
21445	-70.4479
21446	-68.0809
21447	-67.8649
21448	-68.8828
21449	-69.2407
21450	-70.8928
21451	-71.4811
21452	-71.7918
21453	-72.6772
21454	-73.3958
21455	-73.4799
21456	-73.3708
21457	-73.3144
21458	-73.0815
21459	-71.9349
21460	-71.6673
21461	-72.1245
21462	-72.2683
21463	-71.1923
21464	-69.2684
21465	-68.6103
21466	-69.5429
21467	-69.3432
21468	-67.965
21469	-65.6246
21470	-62.6678
21471	-61.8209
21472	-63.8435
21473	-66.4856
21474	-68.8843
21475	-69.774
21476	-70.8187
21477	-71.0724
21478	-71.1939
21479	-69.4907
21480	-67.9384
21481	-63.9016
21482	-61.2083
21483	-66.2408
21484	-68.7663
21485	-68.4152
21486	-67.8065
21487	-67.3828
21488	-67.101
21489	-65.9632
21490	-64.474
21491	-58.0569
21492	-49.7418
21493	-50.9648
21494	-60.0088
21495	-67.2582
21496	-67.7797
21497	-67.5958
21498	-68.2163
21499	-69.2028
21500	-69.8724
21501	-69.8919
21502	-67.2462
21503	-65.5793
21504	-70.0189
21505	-73.1948
21506	-73.1635
21507	-73.1228
21508	-73.7674
21509	-73.4087
21510	-72.8078
21511	-72.6265
21512	-72.5305
21513	-67.8795
21514	-65.158
21515	-67.8253
21516	-69.8986
21517	-70.9507
21518	-71.7902
21519	-71.2469
21520	-70.7835
21521	-70.8092
21522	-71.6814
21523	-71.7162
21524	-70.8897
21525	-71.1134
21526	-72.0596
21527	-71.6932
21528	-71.7323
21529	-71.1941
21530	-70.0743
21531	-67.5628
21532	-66.5999
21533	-65.72
21534	-64.0514
21535	-62.5757
21536	-61.0428
21537	-60.7268
21538	-59.2982
21539	-57.7378
21540	-47.026
21541	-24.6701
21542	-16.0677
21543	-17.02
21544	-27.9869
21545	-52.9692
21546	-60.2841
21547	-60.9688
21548	-61.9828
21549	-62.9159
21550	-64.1535
21551	-65.8012
21552	-66.3922
21553	-67.0421
21554	-69.0434
21555	-70.8166
21556	-71.0601
21557	-71.6245
21558	-71.9152
21559	-72.2969
21560	-71.3171
21561	-71.3676
21562	-72.4533
21563	-72.594
21564	-71.5511
21565	-71.1963
21566	-71.5879
21567	-72.5687
21568	-71.8766
21569	-71.3278
21570	-70.997
21571	-71.1881
21572	-72.3191
21573	-73.3153
21574	-72.7372
21575	-72.7042
21576	-72.7887
21577	-72.9306
21578	-73.5469
21579	-73.1793
21580	-72.2356
21581	-68.3735
21582	-65.1931
21583	-68.66
21584	-69.2209
21585	-67.9496
21586	-68.1119
21587	-67.6283
21588	-67.1998
21589	-65.729
21590	-65.0568
21591	-58.4291
21592	-50.442
21593	-51.6211
21594	-60.541
21595	-66.3911
21596	-67.2822
21597	-67.9355
21598	-69.0927
21599	-69.415
21600	-69.4141
21601	-67.797
21602	-63.0097
21603	-60.5956
21604	-63.0313
21605	-66.1233
21606	-69.5174
21607	-69.9922
21608	-69.8596
21609	-69.1876
21610	-68.0345
21611	-67.5781
21612	-64.1691
21613	-57.4047
21614	-53.992
21615	-58.2909
21616	-62.156
21617	-64.0725
21618	-65.7868
21619	-66.3787
21620	-66.9347
21621	-67.33
21622	-68.5134
21623	-69.8765
21624	-69.019
21625	-68.3804
21626	-70.4785
21627	-72.0033
21628	-73.6408
21629	-72.7761
21630	-73.3624
21631	-72.6274
21632	-72.7571
21633	-72.7774
21634	-72.5164
21635	-72.0612
21636	-70.7124
21637	-71.3054
21638	-71.2704
21639	-72.2392
21640	-71.9888
21641	-71.8572
21642	-71.8176
21643	-72.3977
21644	-72.6577
21645	-72.8911
21646	-72.3386
21647	-72.8154
21648	-72.8356
21649	-72.0419
21650	-71.4932
21651	-71.2578
21652	-71.0655
21653	-68.9643
21654	-67.8955
21655	-68.0383
21656	-67.7668
21657	-65.7292
21658	-64.5585
21659	-63.1925
21660	-61.4533
21661	-58.397
21662	-49.2353
21663	-35.6082
21664	-30.6936
21665	-35.5332
21666	-47.6375
21667	-53.6676
21668	-57.6315
21669	-59.0905
21670	-59.1635
21671	-60.6584
21672	-63.3387
21673	-65.4566
21674	-67.1479
21675	-67.9206
21676	-69.3038
21677	-70.3629
21678	-71.1953
21679	-72.0786
21680	-72.1127
21681	-71.994
21682	-70.8203
21683	-71.4525
21684	-71.9639
21685	-71.7421
21686	-70.7044
21687	-70.527
21688	-71.2823
21689	-71.9288
21690	-71.0262
21691	-69.1678
21692	-62.9082
21693	-63.8287
21694	-70.716
21695	-72.8569
21696	-73.0029
21697	-73.5851
21698	-73.8298
21699	-73.4666
21700	-73.272
21701	-73.2951
21702	-71.7699
21703	-68.9802
21704	-67.7812
21705	-69.5946
21706	-70.7936
21707	-70.6416
21708	-69.937
21709	-69.0795
21710	-68.4021
21711	-68.2112
21712	-63.5152
21713	-56.4854
21714	-52.8986
21715	-57.2917
21716	-61.6335
21717	-63.8712
21718	-65.9126
21719	-66.4265
21720	-66.64
21721	-67.8176
21722	-68.7966
21723	-69.1545
21724	-66.0165
21725	-64.9454
21726	-66.7331
21727	-67.8871
21728	-69.8797
21729	-71.0217
21730	-70.8299
21731	-70.1102
21732	-68.9557
21733	-65.6187
21734	-63.9854
21735	-62.1973
21736	-60.9726
21737	-61.9088
21738	-65.6435
21739	-68.1788
21740	-69.1839
21741	-68.972
21742	-69.7554
21743	-70.4848
21744	-70.8277
21745	-71.3437
21746	-71.7119
21747	-70.9239
21748	-71.7481
21749	-72.3857
21750	-72.1595
21751	-73.0827
21752	-73.3484
21753	-72.4252
21754	-72.0932
21755	-72.1942
21756	-72.3004
21757	-71.4076
21758	-69.708
21759	-68.0562
21760	-66.0629
21761	-66.7651
21762	-69.4822
21763	-71.0104
21764	-71.0644
21765	-71.3235
21766	-72.0302
21767	-73.018
21768	-72.7324
21769	-73.2917
21770	-72.8377
21771	-72.6617
21772	-72.8852
21773	-72.8262
21774	-71.119
21775	-69.7712
21776	-69.8046
21777	-70.1106
21778	-70.1581
21779	-68.8157
21780	-68.1578
21781	-65.1208
21782	-60.2918
21783	-57.6474
21784	-54.4262
21785	-49.951
21786	-47.7562
21787	-50.5557
21788	-55.8783
21789	-59.8997
21790	-63.0705
21791	-63.5973
21792	-61.4926
21793	-63.1985
21794	-68.6514
21795	-70.0417
21796	-70.816
21797	-71.4129
21798	-71.0682
21799	-71.3077
21800	-71.7231
21801	-72.1226
21802	-72.6514
21803	-72.9805
21804	-73.0582
21805	-72.8647
21806	-73.2159
21807	-73.1075
21808	-72.5295
21809	-72.0406
21810	-71.5985
21811	-72.6172
21812	-72.3246
21813	-68.9882
21814	-66.9258
21815	-68.9917
21816	-70.7816
21817	-71.9694
21818	-73.0948
21819	-72.833
21820	-72.3321
21821	-72.7728
21822	-73.5314
21823	-73.5207
21824	-71.5154
21825	-70.8377
21826	-70.972
21827	-71.492
21828	-71.648
21829	-72.1824
21830	-71.798
21831	-70.5376
21832	-68.7506
21833	-66.3453
21834	-64.8288
21835	-63.706
21836	-62.2115
21837	-63.4123
21838	-66.2134
21839	-68.4858
21840	-69.4057
21841	-69.3141
21842	-70.0653
21843	-70.0851
21844	-69.2595
21845	-69.5518
21846	-69.0391
21847	-67.1154
21848	-66.7195
21849	-63.7785
21850	-63.5866
21851	-67.6189
21852	-68.2438
21853	-67.4819
21854	-65.3045
21855	-64.8048
21856	-64.3805
21857	-62.6395
21858	-60.1182
21859	-58.4081
21860	-54.0189
21861	-53.9983
21862	-59.2805
21863	-63.7962
21864	-67.3282
21865	-68.742
21866	-68.8607
21867	-69.9845
21868	-69.7919
21869	-68.513
21870	-67.1934
21871	-66.4625
21872	-70.0324
21873	-73.0548
21874	-73.6629
21875	-73.4024
21876	-72.9044
21877	-73.8871
21878	-73.6067
21879	-73.3354
21880	-72.4245
21881	-68.857
21882	-65.1294
21883	-68.7032
21884	-71.3396
21885	-72.0859
21886	-72.0534
21887	-72.3557
21888	-71.8924
21889	-72.2478
21890	-72.3472
21891	-71.2679
21892	-70.1437
21893	-70.5983
21894	-70.4571
21895	-70.5994
21896	-70.9009
21897	-70.0758
21898	-68.6474
21899	-67.3262
21900	-66.7861
21901	-65.4036
21902	-63.3196
21903	-59.8046
21904	-56.5117
21905	-56.1951
21906	-55.2805
21907	-51.6139
21908	-47.0919
21909	-41.1431
21910	-35.1851
21911	-35.8685
21912	-44.9828
21913	-52.5776
21914	-58.5138
21915	-61.4283
21916	-63.1568
21917	-64.0003
21918	-65.9041
21919	-67.1113
21920	-66.7504
21921	-67.1993
21922	-68.8347
21923	-69.8259
21924	-70.9505
21925	-71.1129
21926	-71.4112
21927	-71.8464
21928	-71.494
21929	-72.3652
21930	-72.3743
21931	-71.6815
21932	-71.9963
21933	-70.833
21934	-71.1223
21935	-70.2099
21936	-69.2539
21937	-69.3688
21938	-71.323
21939	-72.7234
21940	-73.6476
21941	-73.0438
21942	-72.4582
21943	-72.2008
21944	-72.257
21945	-72.4056
21946	-72.2989
21947	-71.352
21948	-69.4335
21949	-67.5477
21950	-68.334
21951	-69.3568
21952	-68.3624
21953	-67.1592
21954	-65.8115
21955	-64.5161
21956	-63.9374
21957	-62.6557
21958	-60.4101
21959	-58.9414
21960	-54.1813
21961	-54.0133
21962	-59.3797
21963	-63.7632
21964	-67.1617
21965	-67.7672
21966	-68.8249
21967	-69.6194
21968	-68.87
21969	-65.9509
21970	-63.2025
21971	-62.2357
21972	-64.3883
21973	-68.598
21974	-70.0473
21975	-71.1316
21976	-70.1784
21977	-69.9095
21978	-69.2369
21979	-68.3913
21980	-67.1058
21981	-60.2888
21982	-55.713
21983	-59.7848
21984	-66.3941
21985	-68.2104
21986	-68.1995
21987	-69.4324
21988	-69.3653
21989	-70.2274
21990	-70.4692
21991	-70.6988
21992	-68.5159
21993	-69.5361
21994	-72.1187
21995	-73.1173
21996	-73.82
21997	-74.0449
21998	-73.5229
21999	-73.1853
22000	-72.928
22001	-73.2215
22002	-71.3029
22003	-67.8709
22004	-66.7764
22005	-70.348
22006	-73.0606
22007	-73.1027
22008	-71.6503
22009	-71.1105
22010	-70.7813
22011	-72.343
22012	-72.5097
22013	-73.1909
22014	-72.4478
22015	-72.883
22016	-73.659
22017	-72.9751
22018	-72.9798
22019	-72.1442
22020	-71.7044
22021	-71.0713
22022	-69.951
22023	-68.8647
22024	-67.127
22025	-65.2861
22026	-63.9897
22027	-64.4531
22028	-64.8075
22029	-62.1335
22030	-41.8978
22031	-25.8117
22032	-21.2026
22033	-25.8982
22034	-42.2401
22035	-61.1017
22036	-62.4979
22037	-63.3613
22038	-64.2494
22039	-66.0544
22040	-66.9106
22041	-67.7938
22042	-68.3585
22043	-69.0336
22044	-70.8184
22045	-72.4362
22046	-72.4955
22047	-72.763
22048	-73.8428
22049	-73.0219
22050	-72.8068
22051	-73.0486
22052	-72.1866
22053	-70.7981
22054	-69.6052
22055	-70.4839
22056	-71.008
22057	-70.9135
22058	-69.2042
22059	-68.1917
22060	-65.8021
22061	-66.7028
22062	-69.7303
22063	-71.969
22064	-73.3156
22065	-73.52
22066	-73.4262
22067	-74.0658
22068	-73.8587
22069	-73.3
22070	-72.0621
22071	-70.4381
22072	-70.184
22073	-71.3386
22074	-71.2154
22075	-70.9462
22076	-69.5267
22077	-69.622
22078	-69.6121
22079	-69.8661
22080	-67.8554
22081	-58.5605
22082	-53.4999
22083	-58.0219
22084	-65.1386
22085	-67.5093
22086	-68.5487
22087	-69.1963
22088	-70.7539
22089	-70.4279
22090	-69.3954
22091	-68.7748
22092	-65.6456
22093	-63.6096
22094	-64.6828
22095	-68.7484
22096	-70.2666
22097	-70.6928
22098	-70.3964
22099	-69.0365
22100	-68.2944
22101	-66.1101
22102	-59.8866
22103	-54.0122
22104	-52.9325
22105	-60.6524
22106	-65.8322
22107	-67.6793
22108	-67.9496
22109	-67.5903
22110	-68.1535
22111	-69.3446
22112	-70.3275
22113	-70.0327
22114	-68.3425
22115	-69.1443
22116	-72.3614
22117	-73.1971
22118	-73.3111
22119	-72.9339
22120	-72.7733
22121	-72.9546
22122	-72.3819
22123	-71.4475
22124	-70.2088
22125	-68.472
22126	-67.8135
22127	-68.2963
22128	-67.7609
22129	-69.9363
22130	-70.4201
22131	-70.1152
22132	-70.0525
22133	-71.5148
22134	-72.2656
22135	-72.6389
22136	-72.1051
22137	-73.2903
22138	-72.4053
22139	-72.1976
22140	-71.9007
22141	-71.4969
22142	-69.0588
22143	-67.4607
22144	-66.9689
22145	-67.1926
22146	-66.4618
22147	-65.4407
22148	-64.2125
22149	-62.9492
22150	-60.7714
22151	-54.078
22152	-42.6521
22153	-31.7308
22154	-30.6139
22155	-39.2921
22156	-51.885
22157	-59.7339
22158	-61.6413
22159	-61.5362
22160	-60.6426
22161	-62.7399
22162	-65.7654
22163	-67.716
22164	-69.473
22165	-69.8714
22166	-70.3833
22167	-71.7432
22168	-71.8824
22169	-71.9182
22170	-71.841
22171	-71.5216
22172	-71.3943
22173	-72.1443
22174	-72.727
22175	-72.9722
22176	-71.8604
22177	-71.8529
22178	-72.4883
22179	-73.4867
22180	-72.3371
22181	-70.6037
22182	-68.1671
22183	-70.5545
22184	-72.6682
22185	-73.3328
22186	-73.3094
22187	-72.8858
22188	-72.8173
22189	-73.4327
22190	-73.5393
22191	-73.5667
22192	-70.6185
22193	-66.8663
22194	-67.4601
22195	-70.3161
22196	-70.5784
22197	-70.6049
22198	-69.7685
22199	-69.8549
22200	-68.7208
22201	-66.1327
22202	-60.7755
22203	-55.1296
22204	-53.8412
22205	-60.4679
22206	-66.4074
22207	-67.9903
22208	-68.744
22209	-68.8157
22210	-68.9027
22211	-69.4632
22212	-69.1442
22213	-67.4275
22214	-63.0813
22215	-63.85
22216	-66.1456
22217	-65.7468
22218	-68.1361
22219	-68.6736
22220	-68.1645
22221	-67.8902
22222	-66.1345
22223	-62.9186
22224	-60.8417
22225	-57.8552
22226	-58.0317
22227	-60.0626
22228	-58.2503
22229	-60.851
22230	-62.5223
22231	-63.7463
22232	-66.4538
22233	-68.3077
22234	-69.2375
22235	-70.6643
22236	-68.6661
22237	-69.1728
22238	-68.6549
22239	-69.9666
22240	-72.0773
22241	-72.3619
22242	-72.6652
22243	-72.7745
22244	-72.7397
22245	-73.3037
22246	-73.6533
22247	-73.2846
22248	-71.5585
22249	-69.789
22250	-69.6942
22251	-70.6727
22252	-71.6578
22253	-72.263
22254	-72.0546
22255	-72.456
22256	-73.2961
22257	-72.4919
22258	-72.6338
22259	-71.7304
22260	-71.3318
22261	-71.4093
22262	-70.6995
22263	-69.7059
22264	-69.5025
22265	-68.6468
22266	-68.0164
22267	-68.0176
22268	-66.5941
22269	-65.3046
22270	-63.9186
22271	-59.61
22272	-55.9237
22273	-52.93
22274	-48.0848
22275	-42.5988
22276	-43.371
22277	-46.842
22278	-44.7983
22279	-48.4868
22280	-52.4854
22281	-54.4917
22282	-57.092
22283	-61.8925
22284	-64.6916
22285	-65.7595
22286	-66.8548
22287	-67.5349
22288	-68.2816
22289	-69.5141
22290	-69.8456
22291	-70.2937
22292	-70.983
22293	-70.9083
22294	-70.5179
22295	-72.0175
22296	-72.151
22297	-72.1808
22298	-71.893
22299	-71.6693
22300	-71.8073
22301	-71.8137
22302	-69.3995
22303	-66.0957
22304	-65.0248
22305	-68.9014
22306	-71.9868
22307	-73.5549
22308	-73.1369
22309	-73.579
22310	-73.1639
22311	-73.1297
22312	-72.8879
22313	-71.95
22314	-70.4507
22315	-68.286
22316	-68.6618
22317	-68.8574
22318	-70.2745
22319	-70.0309
22320	-68.6851
22321	-68.3474
22322	-65.4194
22323	-62.2535
22324	-60.5819
22325	-57.4753
22326	-57.5465
22327	-59.6249
22328	-58.208
22329	-60.7302
22330	-62.3856
22331	-63.8304
22332	-66.4387
22333	-68.2885
22334	-68.8538
22335	-69.1547
22336	-65.6612
22337	-66.1628
22338	-65.7503
22339	-66.2524
22340	-68.4461
22341	-69.2413
22342	-69.8562
22343	-69.4767
22344	-68.2444
22345	-68.8071
22346	-68.0919
22347	-66.0465
22348	-65.0836
22349	-65.7869
22350	-65.4923
22351	-66.7888
22352	-68.6959
22353	-69.4679
22354	-70.0949
22355	-70.5414
22356	-71.4301
22357	-71.7083
22358	-71.6849
22359	-71.509
22360	-70.4962
22361	-71.1432
22362	-72.723
22363	-73.3914
22364	-73.3638
22365	-73.55
22366	-72.9507
22367	-72.945
22368	-72.9482
22369	-72.3853
22370	-70.9604
22371	-64.5499
22372	-64.2256
22373	-70.1635
22374	-72.7321
22375	-72.6731
22376	-70.9021
22377	-70.8291
22378	-71.8207
22379	-72.7698
22380	-72.8304
22381	-73.2334
22382	-73.0733
22383	-73.1255
22384	-73.1835
22385	-73.2561
22386	-72.6329
22387	-71.4441
22388	-71.0424
22389	-72.1954
22390	-71.6551
22391	-69.9803
22392	-66.763
22393	-61.9581
22394	-61.054
22395	-62.5531
22396	-62.0021
22397	-60.003
22398	-57.6278
22399	-52.186
22400	-49.182
22401	-52.5714
22402	-58.1609
22403	-62.2152
22404	-63.6681
22405	-66.4316
22406	-68.7647
22407	-70.1481
22408	-71.0037
22409	-70.5398
22410	-70.4065
22411	-70.7855
22412	-72.1292
22413	-73.2051
22414	-73.3345
22415	-73.5659
22416	-73.7763
22417	-73.6495
22418	-73.1568
22419	-73.0864
22420	-72.5698
22421	-71.9108
22422	-70.9953
22423	-70.4078
22424	-70.483
22425	-68.7451
22426	-67.6296
22427	-69.121
22428	-69.0954
22429	-70.7484
22430	-71.4027
22431	-71.5529
22432	-72.7873
22433	-73.3988
22434	-73.452
22435	-73.5292
22436	-73.3522
22437	-73.1831
22438	-71.92
22439	-71.6644
22440	-72.2691
22441	-72.3674
22442	-71.3805
22443	-69.2173
22444	-68.1953
22445	-69.1081
22446	-69.0258
22447	-68.1277
22448	-65.8448
22449	-63.9171
22450	-62.6812
22451	-63.9778
22452	-66.1607
22453	-68.93
22454	-69.4391
22455	-70.6094
22456	-71.0108
22457	-71.219
22458	-69.9
22459	-68.1496
22460	-64.8929
22461	-60.9495
22462	-64.61
22463	-68.7238
22464	-68.3569
22465	-67.7546
22466	-67.4247
22467	-67.0958
22468	-66.515
22469	-64.6962
22470	-60.0755
22471	-50.4804
22472	-49.79
22473	-57.8836
22474	-66.2801
22475	-67.5844
22476	-67.3655
22477	-68.0075
22478	-68.7895
22479	-69.532
22480	-69.8485
22481	-67.7803
22482	-65.2772
22483	-68.7449
22484	-72.7763
22485	-73.4015
22486	-73.1582
22487	-73.6186
22488	-73.3249
22489	-72.8806
22490	-72.5429
22491	-72.7991
22492	-69.0118
22493	-65.4727
22494	-67.1738
22495	-69.7317
22496	-70.7041
22497	-71.7817
22498	-71.59
22499	-70.8245
22500	-70.8812
22501	-71.5492
22502	-71.9326
22503	-70.6387
22504	-70.9675
22505	-71.8281
22506	-71.6425
22507	-71.4318
22508	-71.1644
22509	-70.3649
22510	-68.0473
22511	-66.4007
22512	-65.7167
22513	-64.4282
22514	-62.6576
22515	-61.1595
22516	-60.5291
22517	-59.5811
22518	-57.9176
22519	-51.4528
22520	-27.9701
22521	-17.1568
22522	-16.2808
22523	-25.0134
22524	-47.6325
22525	-59.2164
22526	-60.7874
22527	-61.7554
22528	-62.6283
22529	-63.7152
22530	-65.327
22531	-66.2918
22532	-66.7081
22533	-68.6584
22534	-70.4729
22535	-71.0061
22536	-71.6923
22537	-71.8223
22538	-72.1464
22539	-71.4713
22540	-71.2088
22541	-72.2808
22542	-72.6868
22543	-71.5839
22544	-71.1299
22545	-71.4156
22546	-72.4215
22547	-72.1643
22548	-71.3507
22549	-70.9047
22550	-71.1322
22551	-72.0928
22552	-73.2362
22553	-73.0462
22554	-72.5403
22555	-72.774
22556	-72.7384
22557	-73.2252
22558	-73.4787
22559	-72.4064
22560	-69.3453
22561	-65.0967
22562	-67.7175
22563	-69.4652
22564	-67.9786
22565	-68.1366
22566	-67.7315
22567	-67.1899
22568	-65.9401
22569	-65.0275
22570	-60.4332
22571	-51.1198
22572	-50.3535
22573	-58.2738
22574	-65.8157
22575	-66.9787
22576	-67.7283
22577	-68.9457
22578	-69.1882
22579	-69.2914
22580	-68.3261
22581	-64.1884
22582	-60.4379
22583	-62.6894
22584	-65.7873
22585	-69.5294
22586	-70.0438
22587	-69.9793
22588	-69.4178
22589	-68.2969
22590	-67.7335
22591	-65.0989
22592	-59.3847
22593	-54.3895
22594	-57.2203
22595	-62.0289
22596	-63.9383
22597	-65.7789
22598	-66.417
22599	-66.8165
22600	-67.275
22601	-68.1835
22602	-69.916
22603	-69.5504
22604	-68.4488
22605	-70.3653
22606	-71.7115
22607	-73.4669
22608	-72.8105
22609	-73.1874
22610	-72.8159
22611	-73.0771
22612	-72.7189
22613	-72.5811
22614	-71.9883
22615	-70.7401
22616	-71.2184
22617	-71.1556
22618	-72.2428
22619	-72.041
22620	-71.9758
22621	-71.9925
22622	-72.1464
22623	-72.7177
22624	-72.7322
22625	-72.3568
22626	-72.8816
22627	-72.9215
22628	-72.3358
22629	-71.6241
22630	-71.3356
22631	-71.2621
22632	-69.6695
22633	-68.2437
22634	-67.9462
22635	-68.2514
22636	-66.2434
22637	-65.0421
22638	-63.6666
22639	-61.8788
22640	-60.1936
22641	-51.9018
22642	-37.8896
22643	-31.2225
22644	-34.011
22645	-45.4611
22646	-52.6489
22647	-57.5179
22648	-58.7869
22649	-59.328
22650	-60.3365
22651	-63.0539
22652	-65.4575
22653	-67.1401
22654	-67.9109
22655	-68.813
22656	-70.1915
22657	-71.1607
22658	-72.2132
22659	-72.1908
22660	-72.3812
22661	-71.1457
22662	-71.5573
22663	-71.9718
22664	-71.921
22665	-70.8029
22666	-70.4179
22667	-70.853
22668	-72.0063
22669	-71.2584
22670	-69.8715
22671	-63.7507
22672	-62.7541
22673	-69.3207
22674	-72.8053
22675	-72.989
22676	-73.3076
22677	-73.922
22678	-73.5253
22679	-73.2781
22680	-73.4343
22681	-72.1407
22682	-69.6081
22683	-67.8764
22684	-69.5879
22685	-70.8305
22686	-70.7185
22687	-70.3228
22688	-69.5846
22689	-68.5208
22690	-68.7769
22691	-64.9901
22692	-58.5671
22693	-53.1709
22694	-56.0854
22695	-61.3905
22696	-63.6233
22697	-65.6075
22698	-66.5626
22699	-66.4557
22700	-67.5884
22701	-68.7011
22702	-69.3234
22703	-67.0507
22704	-64.8369
22705	-66.427
22706	-67.6321
22707	-69.7455
22708	-70.9277
22709	-70.9642
22710	-70.3684
22711	-69.3822
22712	-65.9236
22713	-64.0289
22714	-62.0826
22715	-60.7455
22716	-60.9687
22717	-64.7183
22718	-67.1305
22719	-68.3311
22720	-68.4439
22721	-68.8849
22722	-70.2942
22723	-70.4027
22724	-70.9932
22725	-71.6529
22726	-70.855
22727	-71.3248
22728	-72.1378
22729	-72.2096
22730	-72.8756
22731	-73.5498
22732	-72.6442
22733	-72.1422
22734	-72.1818
22735	-72.3314
22736	-71.6498
22737	-70.1271
22738	-68.4723
22739	-66.2556
22740	-66.2244
22741	-68.9512
22742	-70.7857
22743	-71.1237
22744	-70.9802
22745	-72.0493
22746	-72.8373
22747	-72.6553
22748	-73.2048
22749	-72.8068
22750	-72.4457
22751	-72.8981
22752	-72.7869
22753	-71.1427
22754	-69.6331
22755	-69.5936
22756	-69.684
22757	-70.051
22758	-68.6406
22759	-68.0111
22760	-65.7006
22761	-61.0783
22762	-57.9252
22763	-54.9871
22764	-50.1092
22765	-47.1211
22766	-48.9297
22767	-54.0084
22768	-57.9675
22769	-61.6018
22770	-62.8947
22771	-61.5625
22772	-61.9699
22773	-67.4266
22774	-69.9336
22775	-70.3007
22776	-71.3326
22777	-71.0359
22778	-71.3491
22779	-71.4496
22780	-72.0484
22781	-72.3176
22782	-72.8508
22783	-73.0903
22784	-72.6424
22785	-73.1891
22786	-73.0536
22787	-72.7251
22788	-72.1055
22789	-71.7402
22790	-72.27
22791	-72.7373
22792	-70.0533
22793	-67.2528
22794	-68.6405
22795	-70.5863
22796	-71.7733
22797	-72.9993
22798	-72.8427
22799	-72.4271
22800	-72.6753
22801	-73.5133
22802	-73.3756
22803	-71.8667
22804	-70.6878
22805	-70.7015
22806	-71.0442
22807	-71.5382
22808	-72.0357
22809	-71.9343
22810	-70.5198
22811	-69.1406
22812	-66.4672
22813	-64.7713
22814	-63.5905
22815	-61.8003
22816	-62.518
22817	-65.567
22818	-67.8491
22819	-69.3858
22820	-69.2095
22821	-69.9437
22822	-70.1563
22823	-69.2558
22824	-69.4854
22825	-69.0484
22826	-67.1012
22827	-66.8974
22828	-64.2198
22829	-63.1198
22830	-66.9995
22831	-68.2818
22832	-67.7482
22833	-65.6879
22834	-64.9172
22835	-64.4629
22836	-63.1621
22837	-60.4796
22838	-59.489
22839	-54.4668
22840	-53.4783
22841	-58.6004
22842	-62.9877
22843	-67.0138
22844	-68.6483
22845	-68.7527
22846	-69.7947
22847	-70.021
22848	-68.6623
22849	-67.5841
22850	-66.0867
22851	-69.0965
22852	-72.5613
22853	-73.5434
22854	-73.3728
22855	-72.792
22856	-73.6965
22857	-73.7616
22858	-73.4589
22859	-72.7262
22860	-70.1424
22861	-65.7253
22862	-67.9124
22863	-71.1799
22864	-72.0629
22865	-72.1222
22866	-72.596
22867	-72.0336
22868	-72.2932
22869	-72.3777
22870	-71.6217
22871	-70.2528
22872	-70.3664
22873	-70.5112
22874	-70.492
22875	-71.0088
22876	-70.5875
22877	-68.9989
22878	-67.5292
22879	-67.3121
22880	-65.8452
22881	-63.8809
22882	-60.4518
22883	-56.8461
22884	-56.2519
22885	-55.5977
22886	-52.6684
22887	-47.684
22888	-42.8413
22889	-36.0361
22890	-35.1976
22891	-42.5251
22892	-51.2885
22893	-57.3832
22894	-60.9912
22895	-63.138
22896	-63.8213
22897	-65.4205
22898	-66.8953
22899	-66.9646
22900	-67.0221
22901	-68.4648
22902	-69.6598
22903	-70.8788
22904	-71.1754
22905	-71.262
22906	-71.9183
22907	-71.5203
22908	-72.0622
22909	-72.6812
22910	-71.8439
22911	-71.7377
22912	-71.0973
22913	-70.9438
22914	-70.3664
22915	-69.1098
22916	-69.1794
22917	-70.625
22918	-72.3683
22919	-73.5298
22920	-73.1307
22921	-72.5365
22922	-72.4038
22923	-72.2038
22924	-72.6136
22925	-72.1785
22926	-71.6008
22927	-69.8431
22928	-67.7783
22929	-67.8375
22930	-69.2007
22931	-68.5195
22932	-67.339
22933	-66.2496
22934	-64.5172
22935	-64.0988
22936	-62.905
22937	-60.9883
22938	-59.7642
22939	-54.8837
22940	-53.3941
22941	-58.7573
22942	-62.6941
22943	-67.0514
22944	-67.7153
22945	-68.6085
22946	-69.5488
22947	-69.0348
22948	-66.148
22949	-63.8131
22950	-62.1666
22951	-63.8257
22952	-67.9411
22953	-69.9215
22954	-71.0283
22955	-70.585
22956	-69.9703
22957	-69.3677
22958	-68.4963
22959	-67.3841
22960	-62.7139
22961	-56.8284
22962	-59.3634
22963	-65.7044
22964	-68.0777
22965	-68.3985
22966	-69.2688
22967	-69.5262
22968	-70.0572
22969	-70.6083
22970	-71.0062
22971	-69.0857
22972	-69.2443
22973	-72.1975
22974	-72.7952
22975	-73.9411
22976	-74.1259
22977	-73.5783
22978	-73.1924
22979	-72.8704
22980	-73.4865
22981	-71.8272
22982	-68.2499
22983	-66.3204
22984	-69.4854
22985	-72.3587
22986	-73.2609
22987	-71.9611
22988	-71.1061
22989	-70.6466
22990	-72.0129
22991	-72.5297
22992	-73.5084
22993	-72.5783
22994	-72.5615
22995	-73.7489
22996	-72.9999
22997	-73.0818
22998	-72.7184
22999	-71.7022
23000	-71.3531
23001	-70.6013
23002	-69.2009
23003	-67.6385
23004	-65.7963
23005	-64.1782
23006	-64.5282
23007	-64.8816
23008	-63.2544
23009	-48.553
23010	-29.2115
23011	-22.6409
23012	-25.4485
23013	-38.9632
23014	-59.9835
23015	-62.7721
23016	-63.2736
23017	-64.2307
23018	-66.065
23019	-67.046
23020	-67.8655
23021	-68.5858
23022	-69.2989
23023	-70.4452
23024	-72.3121
23025	-72.6392
23026	-72.5903
23027	-73.6688
23028	-73.1894
23029	-73.1314
23030	-73.3261
23031	-72.5155
23032	-71.091
23033	-69.5141
23034	-70.1631
23035	-70.9023
23036	-71.3309
23037	-69.5994
23038	-68.4351
23039	-66.152
23040	-66.2951
23041	-69.1411
23042	-71.5806
23043	-73.3678
23044	-73.4402
23045	-73.3374
23046	-73.9664
23047	-73.963
23048	-73.717
23049	-72.1703
23050	-71.0969
23051	-70.2085
23052	-71.2782
23053	-71.3149
23054	-71.1124
23055	-69.7005
23056	-69.5468
23057	-69.5723
23058	-70.1233
23059	-68.349
23060	-61.345
23061	-54.3926
23062	-57.0698
23063	-64.0888
23064	-67.3449
23065	-68.5359
23066	-69.0803
23067	-70.8811
23068	-70.6933
23069	-69.6956
23070	-68.9564
23071	-66.5338
23072	-63.7199
23073	-63.6649
23074	-68.1726
23075	-69.9175
23076	-70.5684
23077	-70.2333
23078	-69.137
23079	-68.4022
23080	-66.8551
23081	-60.984
23082	-54.8079
23083	-51.9985
23084	-58.4898
23085	-65.0265
23086	-67.0089
23087	-67.7519
23088	-67.6918
23089	-67.6689
23090	-68.5852
23091	-69.8341
23092	-69.9107
23093	-68.4851
23094	-68.3126
23095	-71.9929
23096	-72.9568
23097	-73.4893
23098	-72.8633
23099	-72.8609
23100	-72.9768
23101	-72.5242
23102	-71.7265
23103	-70.5098
23104	-69.0876
23105	-67.7711
23106	-68.586
23107	-67.717
23108	-69.7635
23109	-70.5242
23110	-70.5344
23111	-69.9099
23112	-71.566
23113	-72.0385
23114	-72.7841
23115	-72.1677
23116	-72.5109
23117	-72.4995
23118	-72.1813
23119	-71.71
23120	-71.8023
23121	-69.512
23122	-67.6213
23123	-66.8035
23124	-66.9877
23125	-66.4619
23126	-65.2332
23127	-64.203
23128	-63.3647
23129	-61.0532
23130	-55.7109
23131	-45.3323
23132	-32.6567
23133	-29.5298
23134	-36.2623
23135	-49.6915
23136	-58.4063
23137	-60.6713
23138	-61.1897
23139	-60.2413
23140	-61.8291
23141	-64.9209
23142	-67.0501
23143	-69.1467
23144	-69.5122
23145	-70.0818
23146	-71.4249
23147	-71.9191
23148	-71.8009
23149	-71.6767
23150	-71.8114
23151	-71.1377
23152	-71.99
23153	-72.7952
23154	-72.8461
23155	-72.037
23156	-71.7009
23157	-72.4051
23158	-73.4727
23159	-72.5828
23160	-70.9696
23161	-68.7801
23162	-69.9119
23163	-72.5185
23164	-73.1883
23165	-73.496
23166	-72.8127
23167	-72.6378
23168	-73.5273
23169	-73.6157
23170	-73.5255
23171	-71.292
23172	-67.2298
23173	-66.4994
23174	-69.8329
23175	-70.6042
23176	-70.7066
23177	-69.9319
23178	-69.8991
23179	-68.7815
23180	-66.7813
23181	-61.5858
23182	-55.851
23183	-52.8882
23184	-58.522
23185	-65.5481
23186	-67.6331
23187	-68.1512
23188	-68.5197
23189	-68.6841
23190	-69.2287
23191	-69.2757
23192	-68.131
23193	-63.3471
23194	-63.2361
23195	-65.5508
23196	-66.0034
23197	-67.3637
23198	-68.9721
23199	-68.3743
23200	-67.9262
23201	-66.9576
23202	-63.7765
23203	-61.2122
23204	-58.4916
23205	-57.6908
23206	-60.853
23207	-58.3804
23208	-60.3868
23209	-62.5072
23210	-63.4317
23211	-65.9774
23212	-68.1925
23213	-69.0168
23214	-70.695
23215	-69.1176
23216	-68.9626
23217	-68.9347
23218	-69.5835
23219	-71.766
23220	-71.9662
23221	-72.5706
23222	-72.67
23223	-72.5535
23224	-73.1165
23225	-73.4148
23226	-73.5203
23227	-72.0247
23228	-70.178
23229	-69.6956
23230	-70.7747
23231	-71.5741
23232	-72.1643
23233	-72.0969
23234	-72.3261
23235	-73.3245
23236	-72.6712
23237	-72.5455
23238	-72.2213
23239	-71.4063
23240	-71.5069
23241	-70.6868
23242	-69.9358
23243	-69.4973
23244	-68.9063
23245	-68.4162
23246	-68.439
23247	-67.0515
23248	-65.5914
23249	-64.3162
23250	-60.7663
23251	-56.5794
23252	-53.8696
23253	-49.5028
23254	-43.2596
23255	-43.0389
23256	-47.1315
23257	-44.9268
23258	-47.5319
23259	-52.1926
23260	-54.2833
23261	-56.6863
23262	-61.0067
23263	-64.2388
23264	-65.6521
23265	-66.7531
23266	-67.5666
23267	-68.1887
23268	-69.4106
23269	-69.8482
23270	-70.1888
23271	-71.0349
23272	-71.3378
23273	-70.5095
23274	-71.6347
23275	-72.1031
23276	-72.3933
23277	-71.7356
23278	-71.6859
23279	-71.6492
23280	-72.2884
23281	-69.8336
23282	-66.5738
23283	-64.5998
23284	-68.0653
23285	-71.5956
23286	-73.2971
23287	-73.1297
23288	-73.6064
23289	-73.1457
23290	-73.0684
23291	-72.9093
23292	-72.0796
23293	-70.5727
23294	-68.8822
23295	-68.3752
23296	-69.0198
23297	-69.8366
23298	-70.2853
23299	-69.096
23300	-68.3908
23301	-66.473
23302	-62.985
23303	-60.9255
23304	-58.1979
23305	-57.1897
23306	-60.5324
23307	-58.114
23308	-60.3234
23309	-62.1953
23310	-63.584
23311	-65.6721
23312	-67.9585
23313	-68.7696
23314	-69.4808
23315	-66.3587
23316	-65.9997
23317	-66.1027
23318	-66.0415
23319	-68.2688
23320	-69.1596
23321	-69.8637
23322	-69.6235
23323	-68.2209
23324	-68.3628
23325	-68.0515
23326	-66.1292
23327	-64.8986
23328	-65.8548
23329	-66.5179
23330	-67.6674
23331	-69.3091
23332	-69.8143
23333	-70.0021
23334	-70.6501
23335	-71.0263
23336	-71.8003
23337	-71.6482
23338	-71.8217
23339	-70.8683
23340	-71.0851
23341	-72.4488
23342	-72.9154
23343	-73.4698
23344	-73.4985
23345	-72.9228
23346	-73.0402
23347	-72.7627
23348	-72.6134
23349	-71.2242
23350	-65.5129
23351	-63.3813
23352	-68.5004
23353	-72.4755
23354	-72.8605
23355	-71.0966
23356	-70.9128
23357	-71.1685
23358	-72.7933
23359	-72.6283
23360	-73.1249
23361	-73.0878
23362	-73.1261
23363	-73.3823
23364	-73.2542
23365	-72.4711
23366	-71.5889
23367	-71.014
23368	-71.7698
23369	-71.8217
23370	-70.4055
23371	-67.5678
23372	-62.4423
23373	-60.7405
23374	-61.7045
23375	-61.9621
23376	-59.8964
23377	-58.2267
23378	-55.94
23379	-51.9202
23380	-53.0922
23381	-58.1534
23382	-62.4539
23383	-63.207
23384	-65.8764
23385	-68.3556
23386	-69.6971
23387	-71.1711
23388	-70.8229
23389	-70.5822
23390	-70.9209
23391	-71.7383
23392	-73.0802
23393	-72.9803
23394	-73.3086
23395	-73.7067
23396	-73.6699
23397	-73.1555
23398	-73.2258
23399	-72.9624
23400	-71.9672
23401	-71.2204
23402	-70.6174
23403	-70.6366
23404	-69.5007
23405	-67.7441
23406	-69.0664
23407	-69.1252
23408	-70.3983
23409	-71.2697
23410	-71.4941
23411	-72.7731
23412	-73.3708
23413	-73.3936
23414	-73.8788
23415	-73.3782
23416	-72.9743
23417	-71.959
23418	-71.7649
23419	-72.1493
23420	-72.5923
23421	-71.603
23422	-69.3514
23423	-67.9653
23424	-68.3971
23425	-68.7435
23426	-68.0327
23427	-65.9009
23428	-64.8451
23429	-63.5801
23430	-64.3811
23431	-66.2469
23432	-68.7786
23433	-69.1458
23434	-70.4338
23435	-71.0381
23436	-71.2141
23437	-70.2044
23438	-68.4069
23439	-66.0481
23440	-61.033
23441	-63.1234
23442	-68.4984
23443	-68.4502
23444	-67.8768
23445	-67.4802
23446	-67.1367
23447	-66.8206
23448	-64.9774
23449	-61.8478
23450	-51.6418
23451	-49.0417
23452	-55.5122
23453	-64.8514
23454	-67.4999
23455	-67.3558
23456	-67.9123
23457	-68.512
23458	-69.2293
23459	-69.7552
23460	-68.3194
23461	-65.0592
23462	-67.2722
23463	-72.3256
23464	-73.4288
23465	-72.9744
23466	-73.4932
23467	-73.5193
23468	-72.9514
23469	-72.6185
23470	-73.0569
23471	-70.2457
23472	-65.998
23473	-66.6936
23474	-69.673
23475	-70.4603
23476	-71.6719
23477	-71.5576
23478	-71.0767
23479	-70.9719
23480	-71.4186
23481	-72.1994
23482	-70.6292
23483	-70.8605
23484	-71.5775
23485	-71.8598
23486	-71.4602
23487	-71.2462
23488	-70.454
23489	-68.7394
23490	-66.4574
23491	-65.9142
23492	-64.6918
23493	-62.7251
23494	-61.2527
23495	-60.4705
23496	-59.926
23497	-58.2218
23498	-54.0141
23499	-31.8806
23500	-18.6394
23501	-15.9216
23502	-22.5815
23503	-42.0434
23504	-58.5789
23505	-60.7203
23506	-61.4143
23507	-62.2604
23508	-63.3635
23509	-64.8295
23510	-66.239
23511	-66.2846
23512	-68.1271
23513	-70.0804
23514	-70.8861
23515	-71.471
23516	-71.6736
23517	-72.0153
23518	-71.6741
23519	-71.0797
23520	-72.0589
23521	-72.6714
23522	-71.7227
23523	-71.2139
23524	-71.3475
23525	-72.1831
23526	-72.3795
23527	-71.2168
23528	-70.8703
23529	-70.9373
23530	-71.9728
23531	-73.1605
23532	-72.9048
23533	-72.4688
23534	-72.6059
23535	-72.6498
23536	-72.9161
23537	-73.6955
23538	-72.65
23539	-70.3795
23540	-65.3138
23541	-66.6643
23542	-69.3137
23543	-68.1329
23544	-67.9532
23545	-67.7615
23546	-67.0109
23547	-66.3106
23548	-65.1106
23549	-62.4566
23550	-52.2142
23551	-49.5455
23552	-55.9161
23553	-64.803
23554	-66.671
23555	-67.5655
23556	-68.5774
23557	-68.8741
23558	-69.2375
23559	-68.9755
23560	-65.2861
23561	-60.5477
23562	-62.2754
23563	-65.6132
23564	-68.7118
23565	-70.1433
23566	-69.9809
23567	-69.8535
23568	-68.5321
23569	-67.9939
23570	-66.2672
23571	-61.2518
23572	-55.1663
23573	-56.5178
23574	-61.7246
23575	-63.9075
23576	-65.7603
23577	-66.3528
23578	-66.7466
23579	-67.1931
23580	-67.9933
23581	-69.9441
23582	-69.842
23583	-68.7923
23584	-70.034
23585	-71.4761
23586	-73.2652
23587	-73.0291
23588	-73.1918
23589	-72.8656
23590	-73.0415
23591	-72.6792
23592	-72.5206
23593	-71.7088
23594	-70.9144
23595	-70.7964
23596	-71.1607
23597	-71.9476
23598	-72.0571
23599	-72.0351
23600	-72.0109
23601	-72.0117
23602	-72.5554
23603	-72.7131
23604	-72.575
23605	-72.8388
23606	-73.1651
23607	-72.6087
23608	-71.8952
23609	-71.5707
23610	-71.632
23611	-70.4092
23612	-68.824
23613	-68.1258
23614	-68.3495
23615	-66.816
23616	-65.726
23617	-64.1327
23618	-62.403
23619	-61.0428
23620	-54.1099
23621	-40.5503
23622	-32.1889
23623	-33.0239
23624	-43.1336
23625	-51.7959
23626	-57.4488
23627	-58.7547
23628	-59.4947
23629	-60.1451
23630	-62.7828
23631	-65.5016
23632	-67.0815
23633	-67.9594
23634	-68.6464
23635	-70.0482
23636	-71.0909
23637	-72.1734
23638	-72.0659
23639	-72.6939
23640	-71.5544
23641	-71.3466
23642	-72.2078
23643	-72.0908
23644	-71.0455
23645	-70.4454
23646	-70.6139
23647	-71.8717
23648	-71.4216
23649	-70.4042
23650	-65.0167
23651	-62.1385
23652	-67.8443
23653	-72.5627
23654	-73.0733
23655	-73.2382
23656	-73.6658
23657	-73.7122
23658	-73.4143
23659	-73.4194
23660	-72.5539
23661	-70.4267
23662	-68.1323
23663	-69.3144
23664	-70.8566
23665	-70.7229
23666	-70.7398
23667	-69.8952
23668	-68.6931
23669	-68.9706
23670	-66.2627
23671	-60.3581
23672	-53.8476
23673	-55.2122
23674	-61.2363
23675	-63.3158
23676	-65.2658
23677	-66.9118
23678	-66.5611
23679	-67.4468
23680	-68.6984
23681	-69.4047
23682	-68.2212
23683	-65.1016
23684	-66.2388
23685	-67.5428
23686	-69.5104
23687	-70.7717
23688	-71.2561
23689	-70.5619
23690	-69.6185
23691	-66.5335
23692	-63.923
23693	-62.0803
23694	-60.3622
23695	-60.3552
23696	-63.8686
23697	-65.8433
23698	-67.7658
23699	-67.8272
23700	-68.0387
23701	-69.9106
23702	-70.0083
23703	-70.7132
23704	-71.6879
23705	-70.6815
23706	-71.0004
23707	-71.8432
23708	-72.3206
23709	-72.5312
23710	-73.6454
23711	-72.869
23712	-72.2811
23713	-72.0336
23714	-72.3545
23715	-71.8752
23716	-70.6525
23717	-68.733
23718	-66.3832
23719	-65.8875
23720	-68.4216
23721	-70.6504
23722	-71.2386
23723	-70.7903
23724	-71.904
23725	-72.5005
23726	-72.5443
23727	-72.928
23728	-72.8685
23729	-72.3629
23730	-72.8655
23731	-72.9891
23732	-71.2363
23733	-69.4681
23734	-69.3684
23735	-69.5052
23736	-69.8986
23737	-68.4768
23738	-67.7855
23739	-66.1407
23740	-61.7569
23741	-58.1909
23742	-54.9521
23743	-50.3287
23744	-46.5762
23745	-47.4473
23746	-52.2495
23747	-55.7899
23748	-59.9512
23749	-61.9232
23750	-60.9321
23751	-60.851
23752	-66.1536
23753	-69.4921
23754	-69.893
23755	-71.2828
23756	-71.0455
23757	-71.1932
23758	-71.371
23759	-71.839
23760	-72.0486
23761	-72.543
23762	-73.0048
23763	-72.6103
23764	-72.8913
23765	-72.9586
23766	-72.8932
23767	-72.4685
23768	-72.0932
23769	-72.0825
23770	-73.0297
23771	-70.9219
23772	-67.769
23773	-68.4225
23774	-70.4786
23775	-71.6685
23776	-72.9809
23777	-72.878
23778	-72.3998
23779	-72.5496
23780	-73.646
23781	-73.3901
23782	-72.3015
23783	-70.768
23784	-70.4002
23785	-70.5945
23786	-71.4377
23787	-71.8258
23788	-72.179
23789	-70.7993
23790	-69.5135
23791	-66.6077
23792	-64.7272
23793	-63.0772
23794	-61.3202
23795	-61.645
23796	-64.6281
23797	-67.0475
23798	-68.9448
23799	-68.9511
23800	-69.4794
23801	-70.129
23802	-69.3052
23803	-69.1949
23804	-69.0422
23805	-67.1998
23806	-66.9577
23807	-64.9356
23808	-62.9432
23809	-66.0294
23810	-68.327
23811	-67.8316
23812	-66.2115
23813	-64.962
23814	-64.6379
23815	-63.5726
23816	-61.1241
23817	-59.8364
23818	-55.0349
23819	-53.2611
23820	-57.4247
23821	-61.982
23822	-66.3481
23823	-68.4381
23824	-68.9046
23825	-69.6334
23826	-70.1485
23827	-68.7896
23828	-67.7809
23829	-66.0502
23830	-68.2201
23831	-72.0303
23832	-73.4876
23833	-73.2685
23834	-72.8887
23835	-73.282
23836	-73.9043
23837	-73.6033
23838	-72.8203
23839	-71.2343
23840	-66.6585
23841	-67.3111
23842	-70.8909
23843	-72.0606
23844	-72.2381
23845	-72.508
23846	-72.118
23847	-72.3216
23848	-72.4224
23849	-71.9695
23850	-70.5519
23851	-70.3215
23852	-70.5659
23853	-70.597
23854	-70.9298
23855	-70.6124
23856	-69.3701
23857	-67.8666
23858	-67.519
23859	-66.0395
23860	-64.3957
23861	-61.2387
23862	-57.1876
23863	-56.1132
23864	-55.7351
23865	-53.6947
23866	-48.4213
23867	-44.685
23868	-37.1456
23869	-34.8604
23870	-40.4074
23871	-50.2064
23872	-56.4492
23873	-60.5653
23874	-62.8249
23875	-63.6319
23876	-64.8648
23877	-66.5928
23878	-66.8281
23879	-66.7095
23880	-67.8303
23881	-69.3089
23882	-70.8143
23883	-71.1683
23884	-71.2419
23885	-71.9728
23886	-71.7206
23887	-71.88
23888	-72.6719
23889	-71.7232
23890	-71.583
23891	-71.4482
23892	-70.8405
23893	-70.3349
23894	-69.0039
23895	-68.7552
23896	-70.0886
23897	-71.9576
23898	-73.3913
23899	-73.2589
23900	-72.5034
23901	-72.4874
23902	-72.3774
23903	-72.7358
23904	-72.0604
23905	-71.9719
23906	-70.2739
23907	-68.4017
23908	-67.466
23909	-69.0781
23910	-68.5979
23911	-67.7341
23912	-66.528
23913	-64.6042
23914	-64.2391
23915	-63.2061
23916	-61.5019
23917	-60.0124
23918	-55.6109
23919	-53.1514
23920	-57.3224
23921	-61.7664
23922	-66.6815
23923	-67.5721
23924	-68.2533
23925	-69.4583
23926	-69.3507
23927	-66.5219
23928	-64.5651
23929	-62.2195
23930	-63.5423
23931	-67.1925
23932	-69.7156
23933	-70.5926
23934	-70.656
23935	-69.9412
23936	-69.4873
23937	-68.7406
23938	-67.5283
23939	-64.8506
23940	-58.4291
23941	-59.384
23942	-64.9985
23943	-68.1593
23944	-68.5483
23945	-68.958
23946	-69.4724
23947	-69.9907
23948	-70.7341
23949	-70.9593
23950	-69.6347
23951	-69.2234
23952	-72.3246
23953	-72.4676
23954	-73.9061
23955	-74.1015
23956	-73.9053
23957	-73.1386
23958	-72.9906
23959	-73.5106
23960	-72.3041
23961	-68.8321
23962	-65.9419
23963	-68.483
23964	-71.9429
23965	-73.315
23966	-72.244
23967	-71.2536
23968	-70.7017
23969	-71.6096
23970	-72.672
23971	-73.4166
23972	-72.6906
23973	-72.4268
23974	-73.761
23975	-73.2863
23976	-73.1936
23977	-72.9908
23978	-71.6985
23979	-71.6908
23980	-71.2168
23981	-69.6332
23982	-68.1544
23983	-66.1839
23984	-64.4121
23985	-64.4811
23986	-64.5594
23987	-64.2118
23988	-55.3155
23989	-33.1966
23990	-24.5488
23991	-25.509
23992	-36.5398
23993	-57.6788
23994	-63.1608
23995	-63.2441
23996	-64.2269
23997	-65.9453
23998	-67.3134
23999	-67.8372
24000	-68.8911
24001	-69.5664
24002	-70.2112
24003	-72.1877
24004	-72.7732
24005	-72.5735
24006	-73.6301
24007	-73.3144
24008	-73.4951
24009	-73.3256
24010	-72.666
24011	-71.4668
24012	-69.6642
24013	-70.0348
24014	-70.8843
24015	-71.4215
24016	-70.0575
24017	-68.9224
24018	-66.4307
24019	-66.0581
24020	-68.4466
24021	-71.2021
24022	-73.2008
24023	-73.5771
24024	-73.1513
24025	-73.8616
24026	-73.9884
24027	-74.0785
24028	-72.2577
24029	-71.4972
24030	-70.5293
24031	-71.299
24032	-71.3929
24033	-71.4604
24034	-70.0512
24035	-69.5448
24036	-69.5611
24037	-69.9873
24038	-68.6338
24039	-64.5534
24040	-55.7472
24041	-56.5187
24042	-63.2453
24043	-67.3164
24044	-68.5256
24045	-69.0676
24046	-70.6511
24047	-70.8164
24048	-69.9346
24049	-69.0535
24050	-67.4114
24051	-64.1251
24052	-62.861
24053	-67.0851
24054	-69.5347
24055	-70.5699
24056	-70.1388
24057	-69.2757
24058	-68.6478
24059	-67.2996
24060	-62.0151
24061	-55.8077
24062	-51.5013
24063	-56.2688
24064	-64.1934
24065	-66.4541
24066	-67.6159
24067	-67.6413
24068	-67.387
24069	-68.0112
24070	-69.5037
24071	-69.8023
24072	-68.6099
24073	-67.6698
24074	-71.1163
24075	-72.8285
24076	-73.2782
24077	-72.8967
24078	-72.8625
24079	-73.0686
24080	-72.7184
24081	-71.9128
24082	-70.784
24083	-69.7505
24084	-67.8522
24085	-68.7793
24086	-67.7211
24087	-69.4224
24088	-70.5077
24089	-70.5748
24090	-69.8532
24091	-71.1453
24092	-71.8836
24093	-72.6278
24094	-72.1175
24095	-72.0894
24096	-72.7341
24097	-72.2055
24098	-71.7596
24099	-71.6865
24100	-69.8878
24101	-67.6967
24102	-66.6255
24103	-66.7514
24104	-66.5663
24105	-65.05
24106	-64.2054
24107	-63.3096
24108	-61.1306
24109	-57.321
24110	-47.7794
24111	-34.1021
24112	-28.8673
24113	-33.7311
24114	-46.5285
24115	-56.5943
24116	-59.9042
24117	-60.8732
24118	-59.9442
24119	-61.0158
24120	-64.0948
24121	-66.3696
24122	-68.6683
24123	-68.9679
24124	-69.7257
24125	-71.0264
24126	-72.0619
24127	-71.9254
24128	-71.7708
24129	-71.7004
24130	-71.0108
24131	-71.7837
24132	-72.834
24133	-72.732
24134	-72.2847
24135	-71.4939
24136	-72.3052
24137	-73.4004
24138	-72.6852
24139	-71.1667
24140	-69.5121
24141	-69.5945
24142	-72.2448
24143	-73.1248
24144	-73.6804
24145	-72.81
24146	-72.7076
24147	-73.3121
24148	-73.8573
24149	-73.6619
24150	-71.7686
24151	-67.7833
24152	-65.8773
24153	-69.1079
24154	-70.5899
24155	-70.4089
24156	-70.0591
24157	-69.732
24158	-69.0362
24159	-67.3554
24160	-62.603
24161	-56.738
24162	-52.3542
24163	-56.4992
24164	-64.5899
24165	-66.9025
24166	-67.6733
24167	-68.2981
24168	-68.4246
24169	-68.9136
24170	-69.0762
24171	-68.4806
24172	-63.919
24173	-62.8661
24174	-65.2914
24175	-66.2137
24176	-66.7539
24177	-68.9807
24178	-68.4329
24179	-68.1415
24180	-67.7059
24181	-64.4916
24182	-61.6495
24183	-59.4204
24184	-57.6214
24185	-60.7148
24186	-58.6463
24187	-59.928
24188	-62.3222
24189	-63.2725
24190	-65.3115
24191	-67.766
24192	-69.0319
24193	-70.6041
24194	-69.7043
24195	-68.8326
24196	-69.3516
24197	-69.2997
24198	-71.6045
24199	-71.7138
24200	-72.6589
24201	-72.7438
24202	-72.5265
24203	-73.1397
24204	-73.4133
24205	-73.6592
24206	-72.2999
24207	-70.4254
24208	-69.9009
24209	-70.96
24210	-71.4868
24211	-72.309
24212	-71.9393
24213	-72.1414
24214	-73.177
24215	-72.9939
24216	-72.5355
24217	-72.5962
24218	-71.5546
24219	-71.6475
24220	-71.0617
24221	-70.1028
24222	-69.6847
24223	-69.354
24224	-68.6099
24225	-68.5181
24226	-67.4966
24227	-66.1425
24228	-64.8638
24229	-61.9679
24230	-57.2725
24231	-54.7139
24232	-50.6964
24233	-44.2927
24234	-42.98
24235	-46.5325
24236	-45.3646
24237	-46.7395
24238	-51.7507
24239	-54.2773
24240	-56.4091
24241	-60.282
24242	-63.9832
24243	-65.3776
24244	-66.6395
24245	-67.4092
24246	-68.1995
24247	-69.1186
24248	-69.944
24249	-70.1298
24250	-71.1498
24251	-71.3376
24252	-70.4639
24253	-71.2949
24254	-72.057
24255	-72.441
24256	-71.7339
24257	-71.704
24258	-71.185
24259	-72.377
24260	-70.497
24261	-67.2307
24262	-64.2479
24263	-66.8237
24264	-71.1299
24265	-73.0047
24266	-73.2675
24267	-73.7532
24268	-73.3902
24269	-73.1086
24270	-73.0042
24271	-72.3448
24272	-70.8457
24273	-69.6019
24274	-68.1789
24275	-69.2037
24276	-69.6568
24277	-70.3387
24278	-69.419
24279	-68.4871
24280	-67.1323
24281	-63.8565
24282	-61.3656
24283	-59.174
24284	-57.1507
24285	-60.5814
24286	-58.2804
24287	-59.8029
24288	-62.1477
24289	-63.4626
24290	-65.2263
24291	-67.7942
24292	-68.8194
24293	-69.4542
24294	-67.2526
24295	-65.7865
24296	-66.6815
24297	-65.884
24298	-68.1031
24299	-69.1297
24300	-70.2217
24301	-69.8974
24302	-68.3315
24303	-67.9434
24304	-67.9858
24305	-66.3376
24306	-64.6217
24307	-65.3709
24308	-66.9297
24309	-68.1987
24310	-69.8602
24311	-70.158
24312	-69.88
24313	-70.7111
24314	-70.8136
24315	-71.832
24316	-71.662
24317	-71.8653
24318	-71.1529
24319	-70.8373
24320	-72.3487
24321	-72.6734
24322	-73.5134
24323	-73.4474
24324	-72.916
24325	-72.9587
24326	-72.7757
24327	-72.667
24328	-71.5122
24329	-66.8121
24330	-62.847
24331	-67.0849
24332	-72.0025
24333	-72.905
24334	-71.4731
24335	-70.7987
24336	-70.7956
24337	-72.6895
24338	-72.488
24339	-73.0195
24340	-73.0326
24341	-72.8776
24342	-73.6302
24343	-73.336
24344	-72.6023
24345	-71.6844
24346	-71.0425
24347	-71.2466
24348	-71.8918
24349	-70.4713
24350	-68.1431
24351	-63.2179
24352	-60.6297
24353	-61.02
24354	-61.817
24355	-59.8196
24356	-58.0666
24357	-57.9561
24358	-54.7192
24359	-54.2627
24360	-58.7966
24361	-62.7862
24362	-62.9932
24363	-65.2788
24364	-67.9275
24365	-69.6195
24366	-71.1924
24367	-70.8807
24368	-70.6709
24369	-70.786
24370	-71.5751
24371	-72.8261
24372	-72.9112
24373	-73.3447
24374	-73.8004
24375	-73.8211
24376	-73.1899
24377	-73.4298
24378	-73.1034
24379	-72.1152
24380	-71.5483
24381	-70.8582
24382	-70.8124
24383	-70.3103
24384	-68.0821
24385	-69.076
24386	-69.0713
24387	-70.2757
24388	-71.1728
24389	-71.4164
24390	-72.4336
24391	-73.0709
24392	-73.3264
24393	-73.8346
24394	-73.2217
24395	-72.8819
24396	-72.1265
24397	-71.9939
24398	-72.1033
24399	-72.4609
24400	-72.045
24401	-69.7406
24402	-67.8804
24403	-67.8343
24404	-68.59
24405	-67.9449
24406	-65.8954
24407	-65.2388
24408	-64.6318
24409	-65.038
24410	-66.5889
24411	-68.6057
24412	-69.1847
24413	-70.065
24414	-70.8463
24415	-71.1984
24416	-70.4038
24417	-68.8383
24418	-66.7751
24419	-61.5317
24420	-61.8959
24421	-67.9511
24422	-68.5817
24423	-68.0455
24424	-67.418
24425	-67.0079
24426	-66.9013
24427	-65.0367
24428	-62.9316
24429	-53.2502
24430	-48.6966
24431	-53.5664
24432	-63.1519
24433	-67.2907
24434	-67.447
24435	-67.8937
24436	-68.4263
24437	-69.0312
24438	-69.8412
24439	-68.7623
24440	-65.3616
24441	-66.1499
24442	-71.7241
24443	-73.3757
24444	-72.9117
24445	-73.333
24446	-73.5998
24447	-73.233
24448	-72.7765
24449	-73.0547
24450	-71.3904
24451	-66.985
24452	-66.511
24453	-69.4214
24454	-70.2799
24455	-71.66
24456	-71.8591
24457	-71.2878
24458	-71.3669
24459	-71.3231
24460	-72.1353
24461	-70.8386
24462	-70.5607
24463	-71.325
24464	-71.7016
24465	-71.5767
24466	-71.473
24467	-70.674
24468	-69.2485
24469	-66.6804
24470	-66.1162
24471	-65.2045
24472	-62.802
24473	-61.4304
24474	-60.4349
24475	-60.2173
24476	-58.5267
24477	-55.9239
24478	-36.5125
24479	-20.5363
24480	-15.9352
24481	-20.6339
24482	-37.0072
24483	-57.4078
24484	-60.4101
24485	-61.0914
24486	-61.7994
24487	-63.035
24488	-64.357
24489	-65.9866
24490	-66.1805
24491	-67.4066
24492	-69.7296
24493	-70.6987
24494	-71.2371
24495	-71.542
24496	-71.7353
24497	-71.9138
24498	-71.1259
24499	-71.6049
24500	-72.4739
24501	-72.0273
24502	-71.4254
24503	-71.3798
24504	-71.9382
24505	-72.4102
24506	-71.1805
24507	-70.7169
24508	-70.8299
24509	-71.9253
24510	-73.0772
24511	-72.9608
24512	-72.4596
24513	-72.5338
24514	-72.7046
24515	-72.7274
24516	-73.6697
24517	-72.8013
24518	-71.3357
24519	-65.8599
24520	-65.6799
24521	-69.0014
24522	-68.4634
24523	-67.8821
24524	-67.7648
24525	-67.0355
24526	-66.5774
24527	-65.2676
24528	-63.673
24529	-53.7422
24530	-49.1508
24531	-53.8786
24532	-63.2548
24533	-66.3078
24534	-67.44
24535	-68.1175
24536	-68.7093
24537	-69.1984
24538	-69.1258
24539	-66.164
24540	-60.7982
24541	-61.3105
24542	-65.0012
24543	-67.9571
24544	-70.2572
24545	-70.0448
24546	-70.2784
24547	-68.9103
24548	-68.4048
24549	-67.1814
24550	-62.9749
24551	-56.3775
24552	-56.2572
24553	-61.6297
24554	-63.5777
24555	-65.4727
24556	-66.3906
24557	-66.7383
24558	-67.2116
24559	-67.896
24560	-69.8787
24561	-70.234
24562	-69.2628
24563	-69.8722
24564	-71.2515
24565	-72.8622
24566	-73.4577
24567	-73.138
24568	-73.1117
24569	-72.9449
24570	-72.4829
24571	-72.4457
24572	-71.6534
24573	-70.9248
24574	-70.3895
24575	-71.0996
24576	-71.6126
24577	-72.0951
24578	-71.9332
24579	-71.8544
24580	-71.9692
24581	-72.5417
24582	-72.8318
24583	-72.8604
24584	-72.7896
24585	-73.3491
24586	-73.0089
24587	-72.1446
24588	-71.8927
24589	-71.7942
24590	-71.0294
24591	-69.1931
24592	-68.1782
24593	-68.6335
24594	-67.6462
24595	-66.031
24596	-64.6633
24597	-62.9804
24598	-61.655
24599	-56.1766
24600	-43.66
24601	-33.6024
24602	-32.4947
24603	-41.0074
24604	-51.1549
24605	-57.1078
24606	-59.0877
24607	-59.8967
24608	-60.2758
24609	-62.568
24610	-65.1625
24611	-66.8226
24612	-68.0706
24613	-68.6965
24614	-70.1125
24615	-71.0161
24616	-72.0091
24617	-72.1371
24618	-72.8884
24619	-72.1627
24620	-71.2923
24621	-72.2718
24622	-72.1878
24623	-71.1224
24624	-70.5053
24625	-70.4274
24626	-71.7328
24627	-71.7533
24628	-70.7609
24629	-66.7771
24630	-61.907
24631	-66.1678
24632	-72.0561
24633	-72.8754
24634	-73.1683
24635	-73.656
24636	-73.8805
24637	-73.5419
24638	-73.4584
24639	-72.6875
24640	-71.1135
24641	-68.8619
24642	-69.1903
24643	-70.5209
24644	-70.8108
24645	-70.8549
24646	-69.8643
24647	-68.9915
24648	-68.9094
24649	-67.6815
24650	-62.008
24651	-54.941
24652	-54.7353
24653	-60.9165
24654	-62.9345
24655	-64.95
24656	-66.9808
24657	-66.849
24658	-67.4732
24659	-68.7327
24660	-69.4411
24661	-68.8373
24662	-65.6963
24663	-66.1587
24664	-67.6927
24665	-68.8347
24666	-70.5603
24667	-71.2388
24668	-70.6581
24669	-69.8519
24670	-67.1934
24671	-63.9607
24672	-62.0158
24673	-60.0619
24674	-59.7519
24675	-62.8567
24676	-64.68
24677	-67.2076
24678	-67.3123
24679	-67.4804
24680	-69.2555
24681	-69.8289
24682	-70.6196
24683	-71.6525
24684	-70.6376
24685	-70.4913
24686	-71.7733
24687	-72.3704
24688	-72.2736
24689	-73.4426
24690	-72.8709
24691	-72.4794
24692	-72.113
24693	-72.2799
24694	-72.0094
24695	-71.0577
24696	-69.0429
24697	-66.8016
24698	-65.6961
24699	-67.9575
24700	-70.3867
24701	-71.2071
24702	-70.8692
24703	-71.5143
24704	-72.262
24705	-72.5418
24706	-72.738
24707	-72.9503
24708	-72.5241
24709	-72.6631
24710	-72.6908
24711	-71.4933
24712	-69.7217
24713	-69.2683
24714	-69.5644
24715	-69.5043
24716	-68.4539
24717	-67.5967
24718	-66.2825
24719	-62.7928
24720	-58.4952
24721	-55.1545
24722	-50.6923
24723	-46.2526
24724	-46.2509
24725	-50.8272
24726	-54.191
24727	-58.3139
24728	-60.6445
24729	-60.3761
24730	-59.9879
24731	-64.4615
24732	-68.9265
24733	-69.4286
24734	-70.8709
24735	-71.2011
24736	-71.0233
24737	-71.1015
24738	-71.7768
24739	-71.8723
24740	-72.299
24741	-72.9138
24742	-72.6183
24743	-72.7811
24744	-73.0191
24745	-73.0016
24746	-72.6181
24747	-72.5025
24748	-71.9176
24749	-72.8686
24750	-71.5833
24751	-68.6009
24752	-68.2814
24753	-70.3796
24754	-71.5347
24755	-72.8663
24756	-73.0509
24757	-72.393
24758	-72.4388
24759	-73.4482
24760	-73.6135
24761	-72.9294
24762	-70.6497
24763	-70.1709
24764	-70.3574
24765	-71.2569
24766	-71.6519
24767	-72.0387
24768	-71.1324
24769	-69.9006
24770	-66.9844
24771	-64.6016
24772	-62.9583
24773	-61.1358
24774	-60.9149
24775	-63.7148
24776	-65.9601
24777	-68.1775
24778	-68.6038
24779	-68.8252
24780	-70.0213
24781	-69.4514
24782	-69.0376
24783	-69.1707
24784	-67.3745
24785	-66.8018
24786	-65.8645
24787	-63.1167
24788	-65.0488
24789	-68.0567
24790	-68.0491
24791	-66.8207
24792	-65.108
24793	-64.8637
24794	-63.9922
24795	-61.7884
24796	-59.8112
24797	-55.896
24798	-53.3264
24799	-56.1832
24800	-60.894
24801	-65.4882
24802	-68.0766
24803	-69.0783
24804	-69.497
24805	-70.3116
24806	-69.0173
24807	-68.0159
24808	-66.1564
24809	-67.4344
24810	-71.5301
24811	-73.3094
24812	-73.3633
24813	-73.2045
24814	-72.7192
24815	-73.8899
24816	-73.7933
24817	-73.1675
24818	-71.8464
24819	-67.8399
24820	-66.9806
24821	-70.4942
24822	-71.9144
24823	-72.1036
24824	-72.3691
24825	-72.2348
24826	-72.3675
24827	-72.3835
24828	-72.3603
24829	-70.7717
24830	-70.2828
24831	-70.708
24832	-70.5468
24833	-70.7311
24834	-70.7989
24835	-69.596
24836	-68.2194
24837	-67.6557
24838	-66.3085
24839	-64.8066
24840	-62.098
24841	-57.7801
24842	-56.1127
24843	-56.1187
24844	-54.3572
24845	-49.4201
24846	-46.0498
24847	-38.3403
24848	-34.936
24849	-38.6694
24850	-48.8606
24851	-55.1752
24852	-60.1329
24853	-62.5063
24854	-63.496
24855	-64.445
24856	-66.5788
24857	-66.8234
24858	-66.731
24859	-67.4789
24860	-69.1501
24861	-70.7204
24862	-70.9959
24863	-71.2276
24864	-71.7171
24865	-71.7085
24866	-71.6861
24867	-72.529
24868	-71.7197
24869	-71.4569
24870	-71.7952
24871	-70.8075
24872	-70.3537
24873	-68.9928
24874	-68.5089
24875	-69.7058
24876	-71.5621
24877	-73.1373
24878	-73.3919
24879	-72.6383
24880	-72.6808
24881	-72.5744
24882	-72.6539
24883	-72.1366
24884	-72.143
24885	-70.7429
24886	-68.9363
24887	-67.2355
24888	-68.7453
24889	-68.8217
24890	-68.2659
24891	-66.7637
24892	-64.8765
24893	-64.5224
24894	-63.4787
24895	-62.0371
24896	-60.035
24897	-56.6645
24898	-53.3298
24899	-56.1872
24900	-60.8505
24901	-65.9374
24902	-67.4168
24903	-68.0216
24904	-69.4204
24905	-69.6293
24906	-67.2149
24907	-65.1599
24908	-62.5114
24909	-62.9237
24910	-66.6626
24911	-69.5946
24912	-70.1712
24913	-70.6929
24914	-69.9447
24915	-69.635
24916	-68.9295
24917	-67.6256
24918	-65.8964
24919	-60.4967
24920	-59.6777
24921	-64.3188
24922	-67.8842
24923	-68.7615
24924	-68.6984
24925	-69.5557
24926	-69.9992
24927	-70.7012
24928	-70.8711
24929	-70.2743
24930	-69.2635
24931	-71.8517
24932	-72.2984
24933	-73.6877
24934	-73.9184
24935	-74.217
24936	-73.34
24937	-73.0781
24938	-73.351
24939	-72.5748
24940	-69.482
24941	-65.9388
24942	-67.2501
24943	-71.126
24944	-73.4257
24945	-72.4976
24946	-71.2032
24947	-70.7728
24948	-71.0857
24949	-72.5233
24950	-73.1624
24951	-72.9608
24952	-72.4371
24953	-73.5999
24954	-73.5623
24955	-73.2787
24956	-72.9798
24957	-71.7633
24958	-71.9301
24959	-71.4035
24960	-70.0512
24961	-68.6703
24962	-66.5297
24963	-64.706
24964	-64.2466
24965	-64.3497
24966	-64.7135
24967	-59.6803
24968	-37.8629
24969	-26.9677
24970	-26.0922
24971	-34.8754
24972	-55.5068
24973	-63.3735
24974	-63.4068
24975	-64.3044
24976	-65.6347
24977	-67.3913
24978	-67.8965
24979	-68.8777
24980	-69.3676
24981	-70.1695
24982	-72.0542
24983	-72.9464
24984	-72.8543
24985	-73.3398
24986	-73.5831
24987	-73.5603
24988	-73.3623
24989	-72.9709
24990	-71.7683
24991	-70.0956
24992	-69.8699
24993	-70.9062
24994	-71.2964
24995	-70.5747
24996	-69.0893
24997	-66.9597
24998	-65.8993
24999	-68.0183
25000	-70.6762
25001	-72.6021
25002	-73.5504
25003	-73.1978
25004	-73.8611
25005	-74.1338
25006	-74.0602
25007	-72.5301
25008	-71.7605
25009	-70.9359
25010	-71.4243
25011	-71.4136
25012	-71.5049
25013	-70.2625
25014	-69.4908
25015	-69.6206
25016	-69.9132
25017	-69.0496
25018	-66.5083
25019	-57.581
25020	-56.3936
25021	-62.3654
25022	-67.124
25023	-68.2908
25024	-69.1982
25025	-70.4755
25026	-70.9635
25027	-70.3422
25028	-69.1533
25029	-68.0426
25030	-64.6135
25031	-62.3241
25032	-65.7782
25033	-69.0343
25034	-70.4895
25035	-70.1566
25036	-69.4257
25037	-68.5967
25038	-67.643
25039	-63.2956
25040	-56.8412
25041	-51.4422
25042	-54.2919
25043	-63.1061
25044	-65.8531
25045	-67.3819
25046	-67.3383
25047	-67.0391
25048	-67.7438
25049	-69.0349
25050	-69.807
25051	-68.7296
25052	-67.247
25053	-70.0824
25054	-72.7162
25055	-73.2201
25056	-72.8766
25057	-72.8531
25058	-72.9046
25059	-72.9013
25060	-72.0814
25061	-71.1987
25062	-70.1366
25063	-68.2442
25064	-68.7184
25065	-67.854
25066	-68.791
25067	-70.4493
25068	-70.5498
25069	-69.8118
25070	-70.6766
25071	-71.8199
25072	-72.4026
25073	-72.0125
25074	-71.6285
25075	-72.7265
25076	-72.1062
25077	-71.9528
25078	-71.5116
25079	-70.247
25080	-67.8913
25081	-66.5173
25082	-66.5873
25083	-66.4674
25084	-65.029
25085	-64.2892
25086	-63.2192
25087	-61.3069
25088	-58.6665
25089	-49.9942
25090	-35.814
25091	-28.621
25092	-31.4334
25093	-43.2411
25094	-54.1909
25095	-59.2854
25096	-60.6787
25097	-59.7778
25098	-60.2958
25099	-63.2503
25100	-65.7642
25101	-67.9289
25102	-68.6375
25103	-69.6001
25104	-70.8472
25105	-71.8963
25106	-71.8982
25107	-71.853
25108	-71.5681
25109	-70.978
25110	-71.5809
25111	-72.477
25112	-72.7871
25113	-72.6776
25114	-71.4388
25115	-72.1652
25116	-73.0148
25117	-72.7618
25118	-71.3805
25119	-70.1897
25120	-69.6315
25121	-71.9423
25122	-72.9954
25123	-73.6353
25124	-72.9605
25125	-72.7812
25126	-73.1053
25127	-73.7229
25128	-73.6665
25129	-72.3993
25130	-68.5268
25131	-65.578
25132	-68.3834
25133	-70.2857
25134	-70.183
25135	-70.0299
25136	-69.5794
25137	-69.0206
25138	-67.8056
25139	-63.723
25140	-57.7161
25141	-52.2388
25142	-54.646
25143	-63.2307
25144	-66.0797
25145	-67.3654
25146	-68.1232
25147	-68.2721
25148	-68.4014
25149	-68.9364
25150	-68.7695
25151	-64.6716
25152	-62.2486
25153	-65.1964
25154	-66.4979
25155	-66.4592
25156	-69.0202
25157	-68.5986
25158	-68.2647
25159	-68.0748
25160	-65.3802
25161	-62.2923
25162	-60.453
25163	-57.8973
25164	-59.9782
25165	-59.1453
25166	-59.5015
25167	-62.1688
25168	-63.1295
25169	-64.891
25170	-67.3494
25171	-68.9598
25172	-70.4168
25173	-70.0972
25174	-68.7825
25175	-69.6164
25176	-69.1793
25177	-71.3893
25178	-71.6977
25179	-72.9179
25180	-72.7799
25181	-72.7178
25182	-72.8942
25183	-73.1677
25184	-73.6845
25185	-72.5159
25186	-70.8806
25187	-70.0578
25188	-70.9398
25189	-71.5833
25190	-72.3407
25191	-71.9682
25192	-72.082
25193	-73.0131
25194	-73.3512
25195	-72.5425
25196	-72.6785
25197	-71.6993
25198	-71.7655
25199	-71.1568
25200	-70.3629
25201	-69.8074
25202	-69.523
25203	-68.9383
25204	-68.417
25205	-67.904
25206	-66.7515
25207	-65.048
25208	-62.9023
25209	-57.9849
25210	-55.347
25211	-51.6258
25212	-45.6411
25213	-42.9418
25214	-45.887
25215	-46.0527
25216	-46.1857
25217	-51.2709
25218	-54.1536
25219	-55.8462
25220	-59.4212
25221	-63.6054
25222	-65.2974
25223	-66.4868
25224	-67.3128
25225	-68.2441
25226	-68.9399
25227	-69.9483
25228	-70.1667
25229	-71.2129
25230	-71.4282
25231	-70.5979
25232	-71.126
25233	-72.2738
25234	-72.4693
25235	-71.7742
25236	-71.611
25237	-70.9749
25238	-72.2619
25239	-71.1192
25240	-67.7952
25241	-64.2639
25242	-65.7907
25243	-70.3208
25244	-72.7088
25245	-73.2815
25246	-73.4477
25247	-73.5137
25248	-72.9686
25249	-73.0493
25250	-72.6709
25251	-71.4039
25252	-70.0185
25253	-68.372
25254	-69.3402
25255	-69.4056
25256	-70.4389
25257	-69.6104
25258	-68.623
25259	-67.953
25260	-64.5888
25261	-61.9323
25262	-60.222
25263	-57.3228
25264	-59.5683
25265	-58.7236
25266	-59.3978
25267	-62.0413
25268	-63.1971
25269	-64.691
25270	-67.522
25271	-68.8434
25272	-69.619
25273	-68.0793
25274	-65.762
25275	-67.0684
25276	-65.9088
25277	-67.8631
25278	-69.1056
25279	-70.293
25280	-69.8718
25281	-68.5762
25282	-67.539
25283	-67.8739
25284	-66.4724
25285	-64.3255
25286	-64.8641
25287	-66.5239
25288	-67.5587
25289	-69.5839
25290	-70.0653
25291	-69.7508
25292	-70.2662
25293	-70.692
25294	-71.7664
25295	-71.55
25296	-71.7599
25297	-71.1725
25298	-70.8134
25299	-71.8734
25300	-72.6471
25301	-73.766
25302	-73.0992
25303	-73.0297
25304	-72.9087
25305	-72.9116
25306	-72.6137
25307	-71.8701
25308	-68.4534
25309	-62.7369
25310	-65.7605
25311	-71.2558
25312	-72.8127
25313	-71.621
25314	-70.7777
25315	-70.6236
25316	-72.4372
25317	-72.4321
25318	-73.0061
25319	-72.9874
25320	-72.7484
25321	-73.6014
25322	-73.5985
25323	-72.8376
25324	-72.0064
25325	-71.0181
25326	-70.8236
25327	-71.8646
25328	-70.5608
25329	-68.5232
25330	-64.2313
25331	-60.7549
25332	-60.6388
25333	-61.3947
25334	-59.6846
25335	-57.7763
25336	-57.4424
25337	-57.2371
25338	-57.0572
25339	-60.3752
25340	-63.5633
25341	-63.252
25342	-64.6083
25343	-67.4356
25344	-69.193
25345	-70.83
25346	-71.1117
25347	-70.6273
25348	-70.8293
25349	-71.4439
25350	-72.6188
25351	-72.7941
25352	-73.4265
25353	-73.7906
25354	-74.0384
25355	-73.3377
25356	-73.6263
25357	-73.1437
25358	-72.1347
25359	-71.9416
25360	-70.9766
25361	-70.8108
25362	-70.7661
25363	-68.5106
25364	-68.8869
25365	-69.2669
25366	-70.1049
25367	-71.2077
25368	-71.4681
25369	-72.1873
25370	-72.8231
25371	-73.1742
25372	-73.6346
25373	-73.1739
25374	-73.0136
25375	-72.4126
25376	-72.1425
25377	-72.0315
25378	-72.4176
25379	-72.1507
25380	-70.1074
25381	-67.815
25382	-67.3593
25383	-68.3019
25384	-67.8191
25385	-66.104
25386	-65.3404
25387	-65.4966
25388	-66.0972
25389	-67.0817
25390	-68.6922
25391	-69.1329
25392	-69.7262
25393	-70.609
25394	-70.9597
25395	-70.6554
25396	-69.297
25397	-67.4417
25398	-62.1786
25399	-60.8815
25400	-66.9528
25401	-68.6528
25402	-68.1133
25403	-67.3044
25404	-67.0443
25405	-66.9603
25406	-65.2022
25407	-63.5516
25408	-55.3213
25409	-48.7471
25410	-51.8777
25411	-61.1767
25412	-66.9324
25413	-67.5755
25414	-67.4826
25415	-68.1379
25416	-68.9826
25417	-69.6895
25418	-69.2518
25419	-65.8694
25420	-65.3077
25421	-70.9676
25422	-73.4303
25423	-72.954
25424	-73.1749
25425	-73.6714
25426	-73.28
25427	-72.8585
25428	-72.8047
25429	-72.1983
25430	-67.955
25431	-66.173
25432	-69.0853
25433	-70.1305
25434	-71.5546
25435	-72.0659
25436	-71.463
25437	-71.2329
25438	-71.2489
25439	-71.9488
25440	-71.2406
25441	-70.4179
25442	-71.0605
25443	-71.8193
25444	-71.5559
25445	-71.6593
25446	-70.8176
25447	-69.7473
25448	-66.9109
25449	-66.2358
25450	-65.339
25451	-63.0615
25452	-61.7057
25453	-60.2719
25454	-60.0581
25455	-58.8347
25456	-56.7314
25457	-41.9455
25458	-22.8764
25459	-16.3198
25460	-19.1302
25461	-32.6625
25462	-55.4431
25463	-59.8598
25464	-60.6826
25465	-61.7017
25466	-62.8505
25467	-64.0201
25468	-65.7251
25469	-66.0338
25470	-66.8111
25471	-69.1547
25472	-70.4975
25473	-71.09
25474	-71.4413
25475	-71.702
25476	-71.9764
25477	-71.1552
25478	-71.2577
25479	-72.2677
25480	-72.2817
25481	-71.4292
25482	-71.1865
25483	-71.666
25484	-72.3811
25485	-71.2158
25486	-70.5398
25487	-70.6152
25488	-71.6645
25489	-72.6893
25490	-73.1347
25491	-72.451
25492	-72.4358
25493	-72.7846
25494	-72.7221
25495	-73.4497
25496	-72.9516
25497	-71.8187
25498	-66.7832
25499	-65.0228
25500	-68.5815
25501	-68.9225
25502	-67.7848
25503	-67.7197
25504	-67.0916
25505	-66.843
25506	-65.355
25507	-64.3164
25508	-55.6965
25509	-49.1536
25510	-52.2023
25511	-61.443
25512	-66.0372
25513	-67.3186
25514	-67.7745
25515	-68.7544
25516	-69.1672
25517	-68.9042
25518	-66.8295
25519	-61.4306
25520	-60.438
25521	-64.3117
25522	-67.3374
25523	-70.2713
25524	-70.3319
25525	-70.3534
25526	-69.3626
25527	-68.5211
25528	-67.6388
25529	-64.5764
25530	-57.9844
25531	-56.2872
25532	-61.3838
25533	-63.2296
25534	-65.1989
25535	-66.5696
25536	-66.8782
25537	-67.3096
25538	-67.9394
25539	-69.5637
25540	-70.4867
25541	-69.5066
25542	-69.6907
25543	-71.0804
25544	-72.619
25545	-73.7235
25546	-72.9761
25547	-73.4293
25548	-72.9234
25549	-72.4495
25550	-72.4143
25551	-71.8438
25552	-70.9777
25553	-69.9679
25554	-70.8981
25555	-71.3202
25556	-72.2611
25557	-71.9126
25558	-71.7478
25559	-71.9742
25560	-72.2993
25561	-72.9089
25562	-73.1088
25563	-72.6908
25564	-73.4482
25565	-73.2534
25566	-72.3165
25567	-72.1158
25568	-71.9007
25569	-71.4163
25570	-69.7523
25571	-68.457
25572	-69.0061
25573	-68.3231
25574	-66.462
25575	-65.1256
25576	-63.7731
25577	-62.2364
25578	-58.3173
25579	-47.2322
25580	-35.4311
25581	-32.4208
25582	-39.0805
25583	-50.7029
25584	-56.3218
25585	-59.2623
25586	-60.1777
25587	-60.1284
25588	-62.1043
25589	-64.8481
25590	-66.6385
25591	-68.1665
25592	-68.7105
25593	-70.0049
25594	-71.0704
25595	-71.8236
25596	-72.3592
25597	-72.8668
25598	-72.4112
25599	-71.4882
25600	-72.2334
25601	-72.085
25602	-71.4649
25603	-70.4886
25604	-70.3626
25605	-71.399
25606	-72.0654
25607	-71.0173
25608	-68.1317
25609	-62.0689
25610	-64.7057
25611	-71.4702
25612	-72.7308
25613	-73.0825
25614	-73.8701
25615	-73.786
25616	-73.5438
25617	-73.4887
25618	-73.0334
25619	-71.7743
25620	-69.4666
25621	-69.0664
25622	-70.45
25623	-70.8084
25624	-71.0926
25625	-70.0502
25626	-69.2602
25627	-68.8101
25628	-68.5784
25629	-63.6129
25630	-56.4536
25631	-54.6661
25632	-60.1717
25633	-62.7921
25634	-64.6381
25635	-66.7421
25636	-67.0487
25637	-67.4645
25638	-68.8033
25639	-69.3736
25640	-69.2616
25641	-66.3982
25642	-66.1922
25643	-67.3443
25644	-68.1977
25645	-70.3009
25646	-71.0386
25647	-70.7636
25648	-69.9186
25649	-67.8234
25650	-64.137
25651	-62.2297
25652	-59.8312
25653	-59.3388
25654	-61.6718
25655	-63.5934
25656	-66.5264
25657	-66.8429
25658	-67.058
25659	-68.5376
25660	-69.6309
25661	-70.4297
25662	-71.2418
25663	-70.6193
25664	-70.1568
25665	-71.6659
25666	-72.3408
25667	-72.096
25668	-73.0137
25669	-72.918
25670	-72.4654
25671	-72.1061
25672	-72.379
25673	-72.3348
25674	-71.0919
25675	-69.2822
25676	-67.2205
25677	-65.6051
25678	-67.3329
25679	-69.9422
25680	-70.9965
25681	-71.0851
25682	-71.2132
25683	-72.0835
25684	-72.7616
25685	-72.6438
25686	-72.8216
25687	-72.4967
25688	-72.3628
25689	-72.4242
25690	-71.7559
25691	-70.124
25692	-69.2031
25693	-69.1486
25694	-69.1549
25695	-68.6279
25696	-67.4438
25697	-66.5707
25698	-63.7511
25699	-59.0457
25700	-55.4459
25701	-51.2003
25702	-45.9055
25703	-45.2185
25704	-49.2148
25705	-52.8892
25706	-56.453
25707	-59.5367
25708	-60.0758
25709	-59.4977
25710	-62.8037
25711	-68.1585
25712	-69.1167
25713	-70.2768
25714	-70.8375
25715	-70.8282
25716	-71.1893
25717	-71.6099
25718	-71.5278
25719	-72.0204
25720	-72.6609
25721	-72.683
25722	-72.6432
25723	-73.0901
25724	-73.017
25725	-72.798
25726	-72.6614
25727	-71.8566
25728	-72.916
25729	-72.097
25730	-69.4965
25731	-68.1851
25732	-70.2732
25733	-71.3837
25734	-72.707
25735	-73.1159
25736	-72.4157
25737	-72.2221
25738	-73.1034
25739	-73.6142
25740	-73.2309
25741	-70.8909
25742	-69.878
25743	-70.1255
25744	-70.9809
25745	-71.5237
25746	-72.123
25747	-71.2363
25748	-69.992
25749	-67.4646
25750	-64.7726
25751	-62.8819
25752	-61.1124
25753	-60.2524
25754	-62.6889
25755	-64.9311
25756	-67.2994
25757	-67.9987
25758	-68.3664
25759	-69.5158
25760	-69.6644
25761	-68.954
25762	-68.9368
25763	-67.5145
25764	-66.4151
25765	-66.6526
25766	-63.3852
25767	-64.2306
25768	-67.7996
25769	-68.0335
25770	-67.2341
25771	-65.2601
25772	-65.1927
25773	-64.3006
25774	-62.3548
25775	-60.0444
25776	-57.0386
25777	-53.6588
25778	-55.15
25779	-60.1675
25780	-64.4433
25781	-67.7764
25782	-69.1493
25783	-69.1644
25784	-70.3237
25785	-69.3672
25786	-68.2773
25787	-66.5514
25788	-66.7939
25789	-70.7479
25790	-73.173
25791	-73.6179
25792	-73.2476
25793	-72.4658
25794	-73.8225
25795	-73.8429
25796	-73.4623
25797	-72.0299
25798	-69.0716
25799	-66.9378
25800	-70.1464
25801	-71.7015
25802	-72.1058
25803	-72.2059
25804	-72.4325
25805	-72.6297
25806	-72.4514
25807	-72.4389
25808	-71.0813
25809	-70.3868
25810	-70.7319
25811	-70.3978
25812	-70.6524
25813	-71.0648
25814	-69.9802
25815	-68.6223
25816	-67.6913
25817	-66.6718
25818	-65.1219
25819	-62.928
25820	-58.6078
25821	-56.1859
25822	-56.2767
25823	-54.9139
25824	-50.5101
25825	-46.7344
25826	-39.7426
25827	-35.2203
25828	-37.3448
25829	-47.2901
25830	-53.8809
25831	-59.2817
25832	-62.1024
25833	-63.4504
25834	-64.1156
25835	-66.2106
25836	-66.8841
25837	-66.5916
25838	-67.3488
25839	-68.8991
25840	-70.1608
25841	-71.0386
25842	-71.2497
25843	-71.39
25844	-71.7195
25845	-71.6136
25846	-72.3921
25847	-72.0372
25848	-71.5845
25849	-71.6255
25850	-70.7727
25851	-70.3692
25852	-69.2885
25853	-68.4267
25854	-69.3703
25855	-71.1921
25856	-72.7508
25857	-73.4065
25858	-72.5947
25859	-72.5523
25860	-72.6627
25861	-72.4754
25862	-72.2656
25863	-71.978
25864	-71.2559
25865	-69.2696
25866	-67.1876
25867	-68.6015
25868	-68.8758
25869	-68.5782
25870	-67.0561
25871	-65.3267
25872	-64.6584
25873	-63.8597
25874	-62.4259
25875	-60.0139
25876	-57.7363
25877	-53.627
25878	-54.9149
25879	-60.0916
25880	-64.615
25881	-67.374
25882	-67.9971
25883	-69.1219
25884	-69.8665
25885	-68.1455
25886	-65.625
25887	-62.7861
25888	-62.6651
25889	-66.1147
25890	-69.21
25891	-70.0605
25892	-70.6688
25893	-70.1379
25894	-69.778
25895	-69.0045
25896	-67.8274
25897	-66.4543
25898	-62.788
25899	-60.4982
25900	-63.9731
25901	-67.7672
25902	-68.9099
25903	-68.7844
25904	-69.7196
25905	-69.9323
25906	-70.8091
25907	-70.9307
25908	-70.7496
25909	-69.605
25910	-71.3054
25911	-72.158
25912	-73.3569
25913	-73.8965
25914	-74.1588
25915	-73.4147
25916	-73.1097
25917	-73.0869
25918	-72.8291
25919	-70.0598
25920	-66.051
25921	-66.1779
25922	-70.3095
25923	-73.1751
25924	-72.8031
25925	-71.2496
25926	-70.5905
25927	-70.5931
25928	-72.3484
25929	-72.7915
25930	-73.4141
25931	-72.5926
25932	-73.4353
25933	-73.8353
25934	-73.4836
25935	-72.9805
25936	-71.9811
25937	-71.9888
25938	-71.714
25939	-70.4365
25940	-69.1355
25941	-67.0615
25942	-64.9934
25943	-64.0402
25944	-64.4164
25945	-64.8942
25946	-62.299
25947	-43.3523
25948	-29.9606
25949	-27.233
25950	-33.9331
25951	-52.9916
25952	-63.5145
25953	-63.5865
25954	-64.1702
25955	-65.3896
25956	-67.2942
25957	-67.9561
25958	-68.9563
25959	-69.5921
25960	-70.2087
25961	-71.8214
25962	-72.9654
25963	-72.936
25964	-73.1378
25965	-73.7274
25966	-73.6523
25967	-73.2663
25968	-73.2627
25969	-72.2326
25970	-70.5501
25971	-69.784
25972	-70.9381
25973	-71.187
25974	-70.9888
25975	-69.3833
25976	-67.6625
25977	-65.8936
25978	-67.768
25979	-70.1652
25980	-72.2172
25981	-73.497
25982	-73.3029
25983	-73.6564
25984	-74.319
25985	-73.9791
25986	-72.7788
25987	-72.011
25988	-71.2046
25989	-71.5756
25990	-71.4246
25991	-71.5471
25992	-70.5106
25993	-69.4708
25994	-69.5588
25995	-69.967
25996	-69.4405
25997	-67.4566
25998	-59.9097
25999	-56.7811
26000	-61.5992
26001	-66.9794
26002	-68.0388
26003	-69.0008
26004	-70.1344
26005	-71.0845
26006	-70.6702
26007	-69.2627
26008	-68.559
26009	-65.2514
26010	-62.0612
26011	-64.5205
26012	-68.3851
26013	-70.0415
26014	-70.172
26015	-69.4897
26016	-68.4465
26017	-67.9232
26018	-64.3178
26019	-57.7608
26020	-51.8484
26021	-52.6604
26022	-61.8367
26023	-65.1703
26024	-66.8541
26025	-67.0545
26026	-66.658
26027	-67.4287
26028	-68.8721
26029	-69.7129
26030	-68.821
26031	-67.0874
26032	-69.0426
26033	-72.5418
26034	-72.8989
26035	-72.9954
26036	-72.907
26037	-72.7848
26038	-72.8856
26039	-72.3883
26040	-71.5587
26041	-70.404
26042	-68.4942
26043	-68.5272
26044	-68.1813
26045	-68.4233
26046	-70.2352
26047	-70.5575
26048	-70.0426
26049	-70.3481
26050	-71.8118
26051	-72.2282
26052	-72.0891
26053	-71.4293
26054	-72.5432
26055	-72.0618
26056	-71.8609
26057	-71.5714
26058	-70.5534
26059	-68.2126
26060	-66.6288
26061	-66.4275
26062	-66.5412
26063	-65.2074
26064	-64.3527
26065	-63.2513
26066	-61.7689
26067	-59.4315
26068	-51.3815
26069	-37.882
26070	-28.7922
26071	-29.645
26072	-40.0326
26073	-52.0761
26074	-58.5162
26075	-60.3806
26076	-59.7432
26077	-59.6793
26078	-62.4026
26079	-65.1421
26080	-67.1245
26081	-68.4313
26082	-69.363
26083	-70.4113
26084	-71.717
26085	-71.5684
26086	-71.7523
26087	-71.3828
26088	-71.1509
26089	-71.0497
26090	-72.2824
26091	-72.6581
26092	-73.0289
26093	-71.6955
26094	-72.1294
26095	-73.0312
26096	-72.9026
26097	-71.6546
26098	-70.7783
26099	-69.5562
26100	-71.6598
26101	-72.9304
26102	-73.7101
26103	-73.3181
26104	-72.9145
26105	-72.8432
26106	-73.4731
26107	-73.6422
26108	-73.0796
26109	-69.2103
26110	-65.5633
26111	-67.4664
26112	-70.0963
26113	-70.0441
26114	-69.9521
26115	-69.4736
26116	-69.1092
26117	-68.0326
26118	-64.6375
26119	-58.6988
26120	-52.546
26121	-53.1751
26122	-61.4518
26123	-65.2958
26124	-67.1177
26125	-67.8657
26126	-68.0414
26127	-67.9667
26128	-68.8509
26129	-68.9314
26130	-65.5516
26131	-61.8634
26132	-64.4114
26133	-66.6758
26134	-66.4491
26135	-68.8416
26136	-68.7406
26137	-68.2201
26138	-68.1397
26139	-66.1885
26140	-63.068
26141	-61.3002
26142	-58.327
26143	-59.4752
26144	-59.8179
26145	-59.2708
26146	-61.8428
26147	-63.1957
26148	-64.4713
26149	-67.0705
26150	-68.8042
26151	-70.1313
26152	-70.6258
26153	-68.8998
26154	-69.6454
26155	-69.2893
26156	-71.0166
26157	-72.1216
26158	-72.7403
26159	-72.7155
26160	-72.9079
26161	-72.7218
26162	-72.8881
26163	-73.5052
26164	-72.8468
26165	-71.2111
26166	-70.2448
26167	-70.7535
26168	-71.5373
26169	-72.3412
26170	-72.1062
26171	-71.9871
26172	-72.8892
26173	-73.2995
26174	-72.6816
26175	-72.774
26176	-71.7528
26177	-71.7158
26178	-71.4284
26179	-70.709
26180	-70.0612
26181	-69.6764
26182	-69.102
26183	-68.5592
26184	-68.339
26185	-67.1122
26186	-65.418
26187	-63.9306
26188	-58.8304
26189	-55.976
26190	-52.7337
26191	-47.1642
26192	-43.1339
26193	-45.1473
26194	-46.8522
26195	-45.8649
26196	-50.4926
26197	-53.7955
26198	-55.3565
26199	-58.6206
26200	-63.1968
26201	-65.252
26202	-66.4245
26203	-67.4215
26204	-68.0981
26205	-68.7698
26206	-69.7613
26207	-70.2061
26208	-70.9121
26209	-71.3664
26210	-70.9301
26211	-70.9539
26212	-72.1992
26213	-72.2123
26214	-71.9423
26215	-71.5343
26216	-71.0096
26217	-71.9035
26218	-71.5609
26219	-68.4292
26220	-64.5651
26221	-64.8693
26222	-69.4528
26223	-72.3446
26224	-73.1597
26225	-73.1199
26226	-73.5542
26227	-72.9987
26228	-73.0368
26229	-72.9031
26230	-71.7233
26231	-70.437
26232	-68.82
26233	-69.5292
26234	-69.4506
26235	-70.5824
26236	-69.8936
26237	-68.7465
26238	-68.6215
26239	-65.2921
26240	-62.4217
26241	-60.7927
26242	-57.6774
26243	-58.9388
26244	-59.2455
26245	-59.1144
26246	-61.7232
26247	-63.0477
26248	-64.3985
26249	-67.2493
26250	-68.7687
26251	-69.6568
26252	-68.8617
26253	-66.0615
26254	-67.0193
26255	-66.0824
26256	-67.6398
26257	-68.9428
26258	-69.8293
26259	-70.0033
26260	-68.8271
26261	-67.2595
26262	-67.6646
26263	-66.6947
26264	-64.2894
26265	-64.4209
26266	-65.4822
26267	-66.4682
26268	-68.3639
26269	-69.8755
26270	-69.6894
26271	-69.9443
26272	-70.5731
26273	-71.561
26274	-71.6127
26275	-71.7385
26276	-71.1928
26277	-70.8949
26278	-71.5145
26279	-72.6079
26280	-73.6442
26281	-73.2022
26282	-73.2485
26283	-72.9642
26284	-73.0462
26285	-72.6446
26286	-71.9464
26287	-69.9
26288	-63.0236
26289	-64.4277
26290	-70.4229
26291	-72.5437
26292	-71.8916
26293	-70.7099
26294	-70.4879
26295	-71.9603
26296	-72.4688
26297	-72.8332
26298	-73.1249
26299	-72.6172
26300	-73.3114
26301	-73.5052
26302	-72.8813
26303	-72.1077
26304	-70.8963
26305	-70.6001
26306	-71.7202
26307	-70.5603
26308	-69.1044
26309	-65.2813
26310	-61.1026
26311	-60.1949
26312	-61.1586
26313	-59.5972
26314	-57.409
26315	-56.6891
26316	-57.7738
26317	-59.0861
26318	-61.6141
26319	-63.9277
26320	-63.4723
26321	-63.8572
26322	-66.8406
26323	-68.9047
26324	-70.4478
26325	-70.7124
26326	-70.7157
26327	-70.8174
26328	-71.4169
26329	-72.4211
26330	-72.945
26331	-73.193
26332	-74.0116
26333	-73.8406
26334	-73.7078
26335	-73.3987
26336	-73.313
26337	-72.3225
26338	-72.0427
26339	-71.2558
26340	-70.8355
26341	-70.8812
26342	-68.9233
26343	-68.5348
26344	-69.6092
26345	-70.0673
26346	-71.277
26347	-71.6817
26348	-72.045
26349	-72.7827
26350	-73.1082
26351	-73.7427
26352	-73.3919
26353	-73.0622
26354	-72.7062
26355	-71.9539
26356	-71.8997
26357	-72.4824
26358	-72.2064
26359	-70.4533
26360	-67.8472
26361	-67.0764
26362	-67.9231
26363	-67.74
26364	-66.3086
26365	-65.067
26366	-65.9332
26367	-66.9431
26368	-67.612
26369	-68.7628
26370	-69.1431
26371	-69.4635
26372	-70.4703
26373	-70.7398
26374	-70.9721
26375	-69.7893
26376	-67.5931
26377	-63.1177
26378	-60.3033
26379	-65.3999
26380	-68.6932
26381	-68.0981
26382	-67.3225
26383	-67.0983
26384	-66.9578
26385	-65.5784
26386	-63.9567
26387	-57.7243
26388	-49.1947
26389	-50.3771
26390	-59.1295
26391	-66.468
26392	-67.3785
26393	-67.2634
26394	-68.1444
26395	-68.7888
26396	-69.3754
26397	-69.2785
26398	-66.3948
26399	-64.8102
26400	-69.6823
26401	-73.323
26402	-73.229
26403	-73.1671
26404	-73.6169
26405	-73.2023
26406	-72.8986
26407	-72.7258
26408	-72.6974
26409	-68.927
26410	-66.3249
26411	-68.7112
26412	-70.1085
26413	-71.3174
26414	-72.2625
26415	-71.6746
26416	-71.3789
26417	-71.3114
26418	-71.8849
26419	-71.7256
26420	-70.2454
26421	-70.8537
26422	-71.7204
26423	-71.6334
26424	-71.496
26425	-71.0749
26426	-70.1104
26427	-67.2195
26428	-66.2498
26429	-65.4333
26430	-63.5112
26431	-61.9439
26432	-60.4025
26433	-60.0119
26434	-59.0448
26435	-57.1374
26436	-47.4106
26437	-25.7
26438	-17.0785
26439	-18.0418
26440	-29.0766
26441	-52.5322
26442	-59.4812
26443	-60.503
26444	-61.6696
26445	-62.4818
26446	-63.594
26447	-65.3391
26448	-65.9153
26449	-66.3107
26450	-68.5545
26451	-70.3269
26452	-71.0406
26453	-71.366
26454	-71.6625
26455	-72.0331
26456	-71.3063
26457	-71.0207
26458	-72.1612
26459	-72.4248
26460	-71.3433
26461	-71.0943
26462	-71.4015
26463	-72.3488
26464	-71.3407
26465	-70.3886
26466	-70.4976
26467	-71.227
26468	-72.2605
26469	-73.0818
26470	-72.5549
26471	-72.4993
26472	-72.8279
26473	-72.7107
26474	-73.2367
26475	-73.367
26476	-72.0054
26477	-67.8691
26478	-64.6703
26479	-68.3048
26480	-69.1079
26481	-67.7324
26482	-67.7216
26483	-67.1282
26484	-66.8454
26485	-65.4928
26486	-64.7121
26487	-57.9574
26488	-49.5554
26489	-50.6727
26490	-59.37
26491	-65.7671
26492	-66.9625
26493	-67.4721
26494	-68.7726
26495	-69.1435
26496	-68.9802
26497	-67.4587
26498	-62.41
26499	-59.9868
26500	-63.6695
26501	-66.9199
26502	-70.2316
26503	-70.5542
26504	-70.3863
26505	-69.6237
26506	-68.616
26507	-67.9634
26508	-65.6871
26509	-59.8575
26510	-56.5354
26511	-60.946
26512	-63.1743
26513	-65.0515
26514	-66.6863
26515	-66.9467
26516	-67.435
26517	-67.7458
26518	-69.2395
26519	-70.5412
26520	-70.0059
26521	-69.7761
26522	-70.9722
26523	-72.4438
26524	-73.8805
26525	-73.0941
26526	-73.6594
26527	-72.9475
26528	-72.812
26529	-72.4199
26530	-71.9419
26531	-70.9697
26532	-69.7657
26533	-70.6552
26534	-71.0996
26535	-72.4305
26536	-72.0149
26537	-71.7372
26538	-71.927
26539	-71.9407
26540	-72.7614
26541	-72.9164
26542	-72.7952
26543	-73.274
26544	-73.4679
26545	-72.5858
26546	-72.212
26547	-71.9409
26548	-71.5158
26549	-70.394
26550	-68.9298
26551	-69.0432
26552	-68.9145
26553	-67.0535
26554	-65.6355
26555	-64.2677
26556	-62.4423
26557	-60.5323
26558	-50.9831
26559	-37.6951
26560	-32.8044
26561	-37.538
26562	-49.8164
26563	-55.4776
26564	-59.1293
26565	-60.1726
26566	-60.1881
26567	-61.7429
26568	-64.4344
26569	-66.4643
26570	-68.2661
26571	-68.893
26572	-69.806
26573	-70.8407
26574	-71.6013
26575	-72.7178
26576	-72.9873
26577	-72.6804
26578	-71.61
26579	-72.2804
26580	-72.155
26581	-71.753
26582	-70.3834
26583	-70.2175
26584	-71.1024
26585	-72.297
26586	-71.1642
26587	-69.1078
26588	-62.6234
26589	-63.4284
26590	-70.6166
26591	-72.7818
26592	-73.132
26593	-73.4924
26594	-73.8507
26595	-73.7409
26596	-73.3723
26597	-73.0654
26598	-71.8882
26599	-70.0558
26600	-69.1165
26601	-70.342
26602	-71.02
26603	-71.1532
26604	-70.3928
26605	-69.7013
26606	-68.9679
26607	-69.048
26608	-65.1915
26609	-58.4386
26610	-54.7801
26611	-59.2536
26612	-62.6685
26613	-64.6819
26614	-66.632
26615	-67.3175
26616	-67.3146
26617	-68.5931
26618	-69.2743
26619	-69.2968
26620	-67.2746
26621	-66.046
26622	-66.7699
26623	-67.6753
26624	-70.02
26625	-70.9634
26626	-70.7585
26627	-70.0138
26628	-68.31
26629	-64.4111
26630	-62.6695
26631	-59.7897
26632	-58.9506
26633	-60.6845
26634	-62.7852
26635	-65.4267
26636	-66.3984
26637	-66.6246
26638	-67.6235
26639	-69.4462
26640	-70.1032
26641	-70.6422
26642	-70.9292
26643	-70.025
26644	-71.2736
26645	-72.0513
26646	-71.952
26647	-72.9109
26648	-72.9801
26649	-72.5293
26650	-72.1765
26651	-72.3908
26652	-72.3895
26653	-71.385
26654	-69.6672
26655	-67.7839
26656	-65.75
26657	-66.6826
26658	-69.2104
26659	-70.8083
26660	-70.9947
26661	-71.0052
26662	-72.2094
26663	-72.6068
26664	-72.5841
26665	-72.7652
26666	-72.3958
26667	-72.4406
26668	-72.3487
26669	-71.8642
26670	-70.1373
26671	-69.1314
26672	-68.8025
26673	-69.0314
26674	-68.9151
26675	-67.1945
26676	-66.4884
26677	-64.4907
26678	-59.6478
26679	-55.8334
26680	-51.802
26681	-46.0226
26682	-44.4863
26683	-47.5341
26684	-51.7645
26685	-54.5722
26686	-58.3642
26687	-59.8496
26688	-59.0051
26689	-61.2964
26690	-67.2247
26691	-68.7944
26692	-69.827
26693	-70.5844
26694	-70.4541
26695	-71.0139
26696	-71.3281
26697	-71.3559
26698	-71.706
26699	-72.4263
26700	-72.6252
26701	-72.3995
26702	-72.922
26703	-73.062
26704	-73.0514
26705	-72.5282
26706	-71.8671
26707	-72.6843
26708	-72.4438
26709	-70.0864
26710	-68.4266
26711	-70.0694
26712	-71.198
26713	-72.6008
26714	-73.1998
26715	-72.635
26716	-72.2937
26717	-72.6993
26718	-73.5299
26719	-73.3401
26720	-71.1224
26721	-69.8448
26722	-69.8937
26723	-70.6036
26724	-71.2227
26725	-72.011
26726	-71.3836
26727	-69.9761
26728	-68.0219
26729	-65.0826
26730	-62.9169
26731	-61.0345
26732	-59.5512
26733	-61.7104
26734	-64.0812
26735	-66.2651
26736	-67.4143
26737	-67.7742
26738	-68.8234
26739	-69.6115
26740	-68.8253
26741	-68.761
26742	-67.9186
26743	-66.1835
26744	-67.095
26745	-63.6015
26746	-63.622
26747	-67.5541
26748	-68.0655
26749	-67.7182
26750	-65.5286
26751	-65.0925
26752	-64.4577
26753	-63.0432
26754	-60.4613
26755	-58.456
26756	-54.2191
26757	-54.4222
26758	-59.3156
26759	-63.568
26760	-67.3932
26761	-69.2027
26762	-68.9396
26763	-70.0952
26764	-69.8743
26765	-68.602
26766	-67.1841
26767	-66.4547
26768	-69.8471
26769	-72.9918
26770	-73.6827
26771	-73.3998
26772	-72.4077
26773	-73.5475
26774	-74.1046
26775	-73.4998
26776	-72.2026
26777	-70.2514
26778	-67.2769
26779	-69.7561
26780	-71.6627
26781	-72.3498
26782	-72.1234
26783	-72.5263
26784	-72.5411
26785	-72.5709
26786	-72.4889
26787	-71.4993
26788	-70.3506
26789	-70.6626
26790	-70.3548
26791	-70.4453
26792	-71.1084
26793	-70.2824
26794	-68.9407
26795	-67.7772
26796	-67.0435
26797	-65.6123
26798	-63.7473
26799	-59.7315
26800	-56.3103
26801	-56.3904
26802	-55.5351
26803	-51.7732
26804	-47.2524
26805	-41.3538
26806	-35.719
26807	-36.4185
26808	-45.3639
26809	-52.5276
26810	-58.3263
26811	-61.7253
26812	-63.3855
26813	-63.9443
26814	-65.9266
26815	-67.008
26816	-66.6184
26817	-67.1857
26818	-68.6836
26819	-69.8443
26820	-71.0286
26821	-71.1097
26822	-71.2168
26823	-71.7311
26824	-71.3866
26825	-72.3275
26826	-72.2316
26827	-71.6643
26828	-71.6148
26829	-70.7853
26830	-70.3278
26831	-69.3812
26832	-68.2091
26833	-68.8615
26834	-70.5303
26835	-72.3544
26836	-73.344
26837	-72.5979
26838	-72.4984
26839	-72.745
26840	-72.3001
26841	-72.4433
26842	-71.9698
26843	-71.6862
26844	-69.5771
26845	-67.3946
26846	-68.354
26847	-69.1945
26848	-68.5534
26849	-67.2135
26850	-65.7089
26851	-64.5552
26852	-64.0455
26853	-62.7753
26854	-60.4598
26855	-58.7322
26856	-54.3349
26857	-54.1201
26858	-59.2549
26859	-63.549
26860	-67.1927
26861	-68.0993
26862	-68.8773
26863	-69.991
26864	-68.7249
26865	-66.008
26866	-63.2806
26867	-62.6285
26868	-65.6046
26869	-68.8563
26870	-70.0828
26871	-70.5951
26872	-70.3385
26873	-69.8207
26874	-69.0432
26875	-67.9947
26876	-66.7132
26877	-64.7882
26878	-62.0148
26879	-64.1894
26880	-67.8673
26881	-68.8424
26882	-68.7124
26883	-69.7142
26884	-69.7673
26885	-70.6483
26886	-71.1129
26887	-71.1042
26888	-70.0974
26889	-70.9887
26890	-72.1527
26891	-73.0926
26892	-73.934
26893	-74.1394
26894	-73.5306
26895	-73.1348
26896	-72.9432
26897	-72.9651
26898	-70.4869
26899	-66.3814
26900	-65.4413
26901	-69.4257
26902	-72.5052
26903	-73.0668
26904	-71.3229
26905	-70.7038
26906	-70.2425
26907	-72.2278
26908	-72.5411
26909	-73.8626
26910	-72.7766
26911	-73.1662
26912	-73.9445
26913	-73.7954
26914	-73.265
26915	-72.3089
26916	-71.9415
26917	-71.6758
26918	-70.9385
26919	-69.4532
26920	-67.6014
26921	-65.053
26922	-63.987
26923	-64.3518
26924	-64.9472
26925	-63.4046
26926	-49.8896
26927	-33.6258
26928	-28.9985
26929	-33.7289
26930	-50.2081
26931	-63.3595
26932	-63.944
26933	-63.9916
26934	-65.2196
26935	-67.1602
26936	-68.3435
26937	-68.9395
26938	-69.8447
26939	-70.3631
26940	-71.5434
26941	-72.9096
26942	-72.8218
26943	-73.1923
26944	-73.9266
26945	-73.7242
26946	-73.1962
26947	-73.2862
26948	-72.6754
26949	-70.7805
26950	-69.814
26951	-70.7888
26952	-71.1642
26953	-71.4873
26954	-69.7187
26955	-68.2906
26956	-66.0566
26957	-67.1679
26958	-69.7404
26959	-72.0653
26960	-73.2988
26961	-73.5815
26962	-73.5207
26963	-74.1145
26964	-74.1866
26965	-73.0401
26966	-72.2236
26967	-71.5004
26968	-71.6473
26969	-71.5748
26970	-71.463
26971	-70.6513
26972	-69.4883
26973	-69.5124
26974	-69.8387
26975	-69.5866
26976	-67.8197
26977	-62.575
26978	-57.6756
26979	-61.1976
26980	-66.4935
26981	-67.868
26982	-68.9101
26983	-69.8125
26984	-71.0814
26985	-70.8994
26986	-69.5036
26987	-68.813
26988	-66.0952
26989	-62.0561
26990	-63.3509
26991	-67.8652
26992	-69.5578
26993	-70.1402
26994	-69.6348
26995	-68.4142
26996	-68.0078
26997	-65.5188
26998	-58.9038
26999	-52.5065
27000	-51.4511
27001	-59.773
27002	-64.5218
27003	-66.1939
27004	-66.8647
27005	-66.5601
27006	-67.4508
27007	-68.4804
27008	-69.4813
27009	-69.1495
27010	-67.004
27011	-68.1567
27012	-72.0333
27013	-72.8042
27014	-73.1255
27015	-72.7402
27016	-72.8419
27017	-72.8195
27018	-72.5998
27019	-71.7979
27020	-70.689
27021	-68.9887
27022	-68.4116
27023	-68.4958
27024	-68.1697
27025	-69.9985
27026	-70.6873
27027	-70.417
27028	-70.2578
27029	-71.6834
27030	-72.1578
27031	-72.2839
27032	-71.3878
27033	-72.2548
27034	-72.1289
27035	-71.8062
27036	-71.5883
27037	-70.8622
27038	-68.5261
27039	-66.6994
27040	-66.225
27041	-66.5815
27042	-65.3054
27043	-64.1161
27044	-63.2723
27045	-62.1484
27046	-60.0414
27047	-52.8758
27048	-40.3432
27049	-29.3901
27050	-28.2926
27051	-37.0863
27052	-50.0715
27053	-57.7454
27054	-59.9328
27055	-59.8942
27056	-59.3004
27057	-61.5785
27058	-64.5
27059	-66.4947
27060	-68.3725
27061	-68.7342
27062	-69.8732
27063	-71.3605
27064	-71.374
27065	-71.6479
27066	-71.3063
27067	-71.3912
27068	-70.6738
27069	-72.1147
27070	-72.7381
27071	-73.1744
27072	-71.9151
27073	-72.0095
27074	-72.6098
27075	-72.9367
27076	-71.9746
27077	-71.1253
27078	-69.6143
27079	-71.1955
27080	-72.6916
27081	-73.4942
27082	-73.4618
27083	-72.7709
27084	-72.6417
27085	-73.5055
27086	-73.5975
27087	-73.4181
27088	-69.9271
27089	-65.7536
27090	-66.5454
27091	-69.8245
27092	-70.0591
27093	-70.1334
27094	-69.2494
27095	-69.4019
27096	-68.2563
27097	-65.491
27098	-59.5707
27099	-53.2134
27100	-51.9948
27101	-59.1838
27102	-64.6506
27103	-66.509
27104	-67.5626
27105	-67.6776
27106	-67.6472
27107	-68.5304
27108	-68.9091
27109	-66.5357
27110	-61.8061
27111	-63.4319
27112	-66.6045
27113	-66.4493
27114	-68.6009
27115	-68.9526
27116	-68.4377
27117	-68.3263
27118	-66.9902
27119	-63.891
27120	-61.924
27121	-59.0972
27122	-58.9807
27123	-60.6826
27124	-59.2909
27125	-61.4801
27126	-63.1636
27127	-64.1834
27128	-66.5134
27129	-68.8104
27130	-69.9134
27131	-71.0173
27132	-69.3082
27133	-69.5925
27134	-69.461
27135	-70.508
27136	-72.225
27137	-72.358
27138	-72.6421
27139	-72.6323
27140	-72.5107
27141	-72.7612
27142	-73.2699
27143	-72.9324
27144	-71.6948
27145	-70.4642
27146	-70.5953
27147	-71.4424
27148	-72.3212
27149	-72.1025
27150	-71.9313
27151	-72.7336
27152	-73.4069
27153	-72.9096
27154	-72.9454
27155	-72.1052
27156	-71.8776
27157	-71.6472
27158	-70.9815
27159	-70.1669
27160	-70.1115
27161	-69.1291
27162	-68.8762
27163	-68.6974
27164	-67.4948
27165	-66.025
27166	-64.6762
27167	-59.907
27168	-56.7094
27169	-53.8757
27170	-48.9562
27171	-43.5827
27172	-44.5974
27173	-47.7417
27174	-45.8622
27175	-49.701
27176	-53.514
27177	-55.1314
27178	-58.0465
27179	-62.5528
27180	-65.1417
27181	-66.3422
27182	-67.4247
27183	-68.054
27184	-68.6127
27185	-69.7121
27186	-70.128
27187	-70.7464
27188	-71.4907
27189	-71.4563
27190	-70.9583
27191	-72.0794
27192	-72.1139
27193	-72.1981
27194	-71.5446
27195	-71.1366
27196	-71.4727
27197	-71.8757
27198	-69.128
27199	-65.2433
27200	-64.298
27201	-68.7717
27202	-71.7468
27203	-73.1508
27204	-72.9308
27205	-73.5417
27206	-73.0886
27207	-72.6896
27208	-72.9504
27209	-71.9129
27210	-70.5173
27211	-69.2381
27212	-69.2096
27213	-69.601
27214	-70.5726
27215	-70.1377
27216	-69.0303
27217	-68.6365
27218	-66.1096
27219	-63.0052
27220	-61.418
27221	-58.3689
27222	-58.4997
27223	-60.0295
27224	-58.755
27225	-61.3946
27226	-63.0125
27227	-64.1266
27228	-66.7244
27229	-68.7417
27230	-69.5583
27231	-69.5963
27232	-66.6027
27233	-66.9275
27234	-66.3759
27235	-67.1955
27236	-68.8129
27237	-69.6416
27238	-70.1043
27239	-68.9039
27240	-67.2424
27241	-67.2186
27242	-66.7045
27243	-64.4608
27244	-63.9507
27245	-64.6422
27246	-65.0787
27247	-66.7397
27248	-68.9021
27249	-70.0164
27250	-69.8733
27251	-70.5823
27252	-71.2053
27253	-71.6086
27254	-71.6107
27255	-71.4193
27256	-70.9968
27257	-71.3446
27258	-72.4784
27259	-73.2314
27260	-73.3113
27261	-73.4391
27262	-73.1452
27263	-73.1189
27264	-72.6928
27265	-72.0391
27266	-70.5232
27267	-63.7082
27268	-63.3587
27269	-69.346
27270	-72.4434
27271	-72.1717
27272	-70.7598
27273	-70.5931
27274	-71.4125
27275	-72.6554
27276	-72.6665
27277	-73.235
27278	-72.8659
27279	-73.1269
27280	-73.3398
27281	-72.7127
27282	-72.1157
27283	-70.7627
27284	-70.6157
27285	-71.225
27286	-70.666
27287	-69.4024
27288	-65.8257
27289	-61.5527
27290	-59.9329
27291	-60.7049
27292	-59.4041
27293	-56.7009
27294	-56.0083
27295	-56.182
27296	-55.4983
27297	-57.5047
27298	-61.747
27299	-63.5122
27300	-63.2447
27301	-66.2218
27302	-68.6056
27303	-69.8893
27304	-70.5338
27305	-70.7931
27306	-70.7486
27307	-71.2868
27308	-72.2424
27309	-72.91
27310	-72.9022
27311	-73.7026
27312	-73.6735
27313	-73.8981
27314	-73.4792
27315	-73.3465
27316	-72.7101
27317	-71.877
27318	-71.5127
27319	-70.9767
27320	-70.8441
27321	-69.4447
27322	-68.4276
27323	-69.8455
27324	-69.935
27325	-71.2459
27326	-71.6844
27327	-71.8754
27328	-72.5705
27329	-73.0068
27330	-73.8639
27331	-73.5735
27332	-72.9508
27333	-72.4952
27334	-71.717
27335	-71.8437
27336	-72.3085
27337	-72.2378
27338	-70.5859
27339	-68.0256
27340	-67.0111
27341	-67.4841
27342	-67.4318
27343	-66.2416
27344	-64.7408
27345	-65.4723
27346	-67.5055
27347	-68.2143
27348	-69.0394
27349	-69.151
27350	-69.1398
27351	-70.2905
27352	-70.7639
27353	-70.9118
27354	-70.0402
27355	-67.8445
27356	-64.2649
27357	-60.1346
27358	-63.8721
27359	-68.4759
27360	-68.1634
27361	-67.3536
27362	-67.1853
27363	-66.9544
27364	-66.1572
27365	-64.3686
27366	-59.8153
27367	-50.0479
27368	-49.3266
27369	-57.2567
27370	-65.4081
27371	-67.232
27372	-67.0834
27373	-67.9303
27374	-68.5074
27375	-69.0786
27376	-69.3494
27377	-67.1956
27378	-64.5158
27379	-68.1126
27380	-73.0669
27381	-73.608
27382	-73.1448
27383	-73.6521
27384	-73.3469
27385	-72.9885
27386	-72.6343
27387	-73.0967
27388	-70.0077
27389	-66.6545
27390	-68.3571
27391	-70.009
27392	-71.0171
27393	-72.2368
27394	-71.8128
27395	-71.312
27396	-71.385
27397	-71.8327
27398	-71.9245
27399	-70.1238
27400	-70.6621
27401	-71.416
27402	-71.4747
27403	-71.3397
27404	-70.9862
27405	-70.2495
27406	-67.9198
27407	-66.2116
27408	-65.7694
27409	-64.0195
27410	-62.3476
27411	-60.5687
27412	-59.9997
27413	-59.3697
27414	-57.497
27415	-51.0804
27416	-29.0629
27417	-18.2196
27418	-17.3489
27419	-26.1308
27420	-48.0806
27421	-58.7113
27422	-60.4507
27423	-61.4011
27424	-62.2803
27425	-63.1818
27426	-64.8456
27427	-65.9263
27428	-65.9887
27429	-68.0289
27430	-70.0101
27431	-71.033
27432	-71.2802
27433	-71.5878
27434	-71.9437
27435	-71.4341
27436	-70.7749
27437	-72.0932
27438	-72.3959
27439	-71.2804
27440	-71.2406
27441	-71.3825
27442	-72.0883
27443	-71.6339
27444	-70.2197
27445	-70.3767
27446	-70.6931
27447	-71.9804
27448	-73.1268
27449	-72.7087
27450	-72.409
27451	-72.8173
27452	-72.6304
27453	-73.0356
27454	-73.4194
27455	-72.2155
27456	-69.022
27457	-64.6422
27458	-67.3291
27459	-69.158
27460	-67.728
27461	-67.7999
27462	-67.1395
27463	-66.7677
27464	-65.7568
27465	-64.8452
27466	-60.0824
27467	-50.3616
27468	-49.5509
27469	-57.4206
27470	-65.1493
27471	-66.7932
27472	-67.3536
27473	-68.5058
27474	-68.8834
27475	-69.0482
27476	-68.1472
27477	-63.6827
27478	-59.9705
27479	-63.0479
27480	-66.7974
27481	-69.8233
27482	-70.7417
27483	-70.3512
27484	-69.9414
27485	-68.7533
27486	-68.1555
27487	-66.6883
27488	-61.874
27489	-57.2531
27490	-60.1252
27491	-63.2113
27492	-65.0527
27493	-66.8088
27494	-67.0681
27495	-67.3543
27496	-67.5941
27497	-68.9108
27498	-70.6915
27499	-70.5556
27500	-69.8594
27501	-70.8916
27502	-72.3454
27503	-73.5447
27504	-73.1901
27505	-73.5105
27506	-73.1127
27507	-73.098
27508	-72.6763
27509	-71.8289
27510	-71.0056
27511	-69.7678
27512	-70.5228
27513	-70.9254
27514	-72.1266
27515	-71.9515
27516	-71.8059
27517	-71.6944
27518	-71.6219
27519	-72.5924
27520	-73.087
27521	-72.8958
27522	-73.0789
27523	-73.6274
27524	-72.8934
27525	-72.2608
27526	-72.1507
27527	-71.8192
27528	-70.997
27529	-69.3791
27530	-69.014
27531	-69.0515
27532	-67.4993
27533	-66.1184
27534	-64.7397
27535	-62.9856
27536	-61.6951
27537	-54.0165
27538	-40.2412
27539	-33.6564
27540	-36.4251
27541	-48.0388
27542	-54.9379
27543	-59.183
27544	-60.1271
27545	-60.5155
27546	-61.5209
27547	-64.1305
27548	-66.4095
27549	-68.4138
27550	-69.026
27551	-69.5901
27552	-70.6896
27553	-71.6226
27554	-72.8381
27555	-72.7668
27556	-72.9992
27557	-71.8898
27558	-72.2906
27559	-72.3771
27560	-72.0146
27561	-70.4883
27562	-70.2177
27563	-70.6092
27564	-72.2266
27565	-71.3905
27566	-69.8965
27567	-63.5782
27568	-62.5044
27569	-69.0492
27570	-72.6306
27571	-73.0834
27572	-73.2854
27573	-73.6911
27574	-73.6389
27575	-73.4758
27576	-73.2141
27577	-72.1955
27578	-70.8294
27579	-69.3309
27580	-70.2909
27581	-71.2858
27582	-71.4283
27583	-70.7343
27584	-70.086
27585	-69.215
27586	-69.6179
27587	-66.5767
27588	-60.5308
27589	-55.29
27590	-58.3333
27591	-62.4356
27592	-64.5179
27593	-66.3674
27594	-67.6118
27595	-67.3491
27596	-68.2502
27597	-69.3621
27598	-69.3229
27599	-68.0219
27600	-65.928
27601	-66.2472
27602	-67.4539
27603	-69.6738
27604	-70.9271
27605	-70.8299
27606	-70.1883
27607	-68.8459
27608	-64.8749
27609	-62.7418
27610	-60.0814
27611	-58.4223
27612	-59.7847
27613	-62.1397
27614	-64.4781
27615	-65.9989
27616	-66.1182
27617	-66.8596
27618	-69.0917
27619	-69.6811
27620	-70.2398
27621	-71.0042
27622	-69.8989
27623	-70.8551
27624	-71.6535
27625	-71.913
27626	-72.588
27627	-73.1441
27628	-72.7257
27629	-72.4166
27630	-72.129
27631	-72.5876
27632	-71.7223
27633	-70.1444
27634	-68.3717
27635	-65.9326
27636	-66.122
27637	-68.5804
27638	-70.7373
27639	-71.0938
27640	-70.7851
27641	-72.0825
27642	-72.4961
27643	-72.4496
27644	-72.671
27645	-72.4357
27646	-72.3827
27647	-72.3137
27648	-71.9792
27649	-70.2336
27650	-68.8457
27651	-68.6957
27652	-68.7817
27653	-68.8539
27654	-67.0016
27655	-66.4736
27656	-64.9419
27657	-60.4197
27658	-56.3682
27659	-52.3936
27660	-46.4811
27661	-43.9463
27662	-46.0483
27663	-50.6814
27664	-52.7478
27665	-57.2239
27666	-59.3705
27667	-58.5154
27668	-60.0006
27669	-65.9097
27670	-68.4155
27671	-69.1844
27672	-70.5611
27673	-70.3755
27674	-70.7998
27675	-71.2771
27676	-71.2446
27677	-71.3914
27678	-72.084
27679	-72.5154
27680	-72.1465
27681	-73.0056
27682	-73.0452
27683	-73.0773
27684	-72.715
27685	-72.0759
27686	-72.3888
27687	-72.7009
27688	-70.8737
27689	-68.7737
27690	-70.0276
27691	-71.1448
27692	-72.3902
27693	-73.2556
27694	-73.0506
27695	-72.4055
27696	-72.537
27697	-73.4664
27698	-73.2343
27699	-71.357
27700	-69.7765
27701	-69.6392
27702	-70.1182
27703	-70.8806
27704	-71.664
27705	-71.4469
27706	-70.076
27707	-68.6298
27708	-65.4662
27709	-63.1131
27710	-61.0505
27711	-59.0817
27712	-60.6859
27713	-63.4286
27714	-65.2506
27715	-66.9001
27716	-67.3672
27717	-68.1309
27718	-69.4791
27719	-68.5924
27720	-68.6331
27721	-68.3192
27722	-66.1392
27723	-67.0542
27724	-64.2698
27725	-63.245
27726	-67.026
27727	-68.1184
27728	-67.8783
27729	-65.9654
27730	-65.3014
27731	-64.6455
27732	-63.6444
27733	-61.0463
27734	-59.8896
27735	-54.6233
27736	-53.9555
27737	-58.5336
27738	-62.8347
27739	-66.8673
27740	-69.1147
27741	-69.0102
27742	-70.0834
27743	-70.0505
27744	-68.9684
27745	-67.5989
27746	-66.2143
27747	-69.0149
27748	-72.7157
27749	-73.7716
27750	-73.3829
27751	-72.3557
27752	-73.4678
27753	-74.0034
27754	-73.6009
27755	-72.4666
27756	-71.2076
27757	-67.9361
27758	-69.3012
27759	-71.6009
27760	-72.4122
27761	-72.0988
27762	-72.4244
27763	-72.5565
27764	-72.5966
27765	-72.5653
27766	-71.8988
27767	-70.6311
27768	-70.7136
27769	-70.4427
27770	-70.3792
27771	-70.977
27772	-70.594
27773	-69.3665
27774	-68.0445
27775	-67.6245
27776	-66.1539
27777	-64.3532
27778	-60.5035
27779	-56.5708
27780	-56.455
27781	-55.8943
27782	-52.9299
27783	-47.9931
27784	-43.0497
27785	-36.6655
27786	-35.8575
27787	-43.1345
27788	-51.3206
27789	-57.4637
27790	-61.4139
27791	-63.2866
27792	-63.9569
27793	-65.6635
27794	-66.8532
27795	-66.7326
27796	-66.9933
27797	-68.284
27798	-69.6385
27799	-71.0107
27800	-71.1004
27801	-71.14
27802	-71.8505
27803	-71.3585
27804	-72.1161
27805	-72.5527
27806	-71.5402
27807	-71.5518
27808	-70.9437
27809	-70.2689
27810	-69.5421
27811	-68.1076
27812	-68.4391
27813	-70.0918
27814	-71.8331
27815	-73.3877
27816	-72.8693
27817	-72.3199
27818	-72.9824
27819	-72.2746
27820	-72.6801
27821	-72.059
27822	-71.8897
27823	-70.0129
27824	-67.8211
27825	-67.8816
27826	-69.2781
27827	-68.5831
27828	-67.5277
27829	-66.2222
27830	-64.6294
27831	-64.2451
27832	-63.1274
27833	-61.0325
27834	-59.8953
27835	-54.974
27836	-53.6082
27837	-58.5472
27838	-62.6744
27839	-66.9712
27840	-68.0034
27841	-68.6144
27842	-69.9195
27843	-69.1463
27844	-66.3263
27845	-63.9596
27846	-62.546
27847	-65.1006
27848	-68.433
27849	-69.9162
27850	-70.3865
27851	-70.4569
27852	-69.8784
27853	-69.0989
27854	-68.142
27855	-66.8531
27856	-65.5969
27857	-64.1637
27858	-64.9336
27859	-67.5252
27860	-68.8331
27861	-68.9678
27862	-69.4965
27863	-69.7991
27864	-70.536
27865	-71.2902
27866	-71.189
27867	-70.3524
27868	-70.7906
27869	-72.1705
27870	-72.5523
27871	-74.1275
27872	-74.2635
27873	-73.6811
27874	-73.2494
27875	-72.982
27876	-73.4445
27877	-71.0764
27878	-66.9898
27879	-64.8641
27880	-68.575
27881	-71.8171
27882	-73.1176
27883	-71.5926
27884	-70.8305
27885	-70.0662
27886	-71.6733
27887	-72.4922
27888	-73.8423
27889	-73.091
27890	-73.0104
27891	-73.8347
27892	-73.8802
27893	-73.3733
27894	-72.5685
27895	-71.8922
27896	-71.6686
27897	-71.259
27898	-69.771
27899	-68.0458
27900	-65.456
27901	-64.0668
27902	-63.971
27903	-64.5881
27904	-64.1846
27905	-56.7962
27906	-38.127
27907	-31.5146
27908	-34.3484
27909	-48.0189
27910	-62.6475
27911	-64.4513
27912	-64.0214
27913	-65.0138
27914	-67.0833
27915	-68.4403
27916	-68.9105
27917	-69.939
27918	-70.4743
27919	-71.2542
27920	-72.6957
27921	-72.8583
27922	-73.3295
27923	-73.9635
27924	-73.6093
27925	-73.2725
27926	-73.5271
27927	-72.8954
27928	-71.206
27929	-69.7266
27930	-70.6229
27931	-71.0541
27932	-71.8145
27933	-70.0584
27934	-68.7123
27935	-66.4072
27936	-66.9273
27937	-69.2601
27938	-71.7499
27939	-73.2006
27940	-73.737
27941	-73.3437
27942	-74.1457
27943	-74.1994
27944	-73.4618
27945	-72.3096
27946	-71.5986
27947	-71.7582
27948	-71.6371
27949	-71.502
27950	-70.8864
27951	-69.51
27952	-69.3937
27953	-69.4811
27954	-69.5181
27955	-67.9434
27956	-64.9868
27957	-59.1148
27958	-61.2313
27959	-66.0203
27960	-67.7021
27961	-68.8631
27962	-69.6938
27963	-70.9683
27964	-70.992
27965	-69.7952
27966	-69.0382
27967	-66.9427
27968	-62.3521
27969	-62.4259
27970	-67.1257
27971	-69.2665
27972	-70.0408
27973	-69.6269
27974	-68.4913
27975	-68.0095
27976	-66.2772
27977	-60.1898
27978	-53.4071
27979	-50.6739
27980	-57.3338
27981	-63.9184
27982	-65.5192
27983	-66.7717
27984	-66.7004
27985	-67.1058
27986	-67.9237
27987	-69.1973
27988	-69.2598
27989	-67.2503
27990	-67.351
27991	-71.3805
27992	-72.6793
27993	-73.4323
27994	-72.6377
27995	-72.8271
27996	-72.9381
27997	-72.5539
27998	-72.1079
27999	-70.9765
28000	-69.6422
28001	-68.3904
28002	-68.9622
28003	-68.136
28004	-69.9302
28005	-70.6432
28006	-70.6772
28007	-70.2945
28008	-71.5007
28009	-71.9813
28010	-72.4048
28011	-71.4761
28012	-71.9721
28013	-72.2314
28014	-71.7245
28015	-71.487
28016	-70.9779
28017	-68.9549
28018	-66.9271
28019	-66.0209
28020	-66.4542
28021	-65.5187
28022	-64.1135
28023	-63.3033
28024	-62.2729
28025	-60.4737
28026	-54.7299
28027	-43.2437
28028	-30.4377
28029	-27.3595
28030	-34.1195
28031	-48.1643
28032	-56.524
28033	-59.1394
28034	-59.741
28035	-58.9947
28036	-60.926
28037	-63.8481
28038	-65.9398
28039	-67.8444
28040	-68.2746
28041	-69.441
28042	-70.9939
28043	-71.3525
28044	-71.575
28045	-71.2731
28046	-71.52
28047	-70.559
28048	-71.6266
28049	-72.7994
28050	-72.8198
28051	-72.1071
28052	-71.781
28053	-72.5306
28054	-72.9403
28055	-72.2112
28056	-70.9612
28057	-69.8841
28058	-70.9338
28059	-72.4119
28060	-73.2268
28061	-73.7128
28062	-72.6521
28063	-72.5576
28064	-73.3611
28065	-73.4884
28066	-73.6613
28067	-70.756
28068	-66.2072
28069	-65.6627
28070	-69.1681
28071	-70.0038
28072	-70.1864
28073	-69.3905
28074	-69.361
28075	-68.4281
28076	-66.2948
28077	-60.5748
28078	-54.0858
28079	-51.1995
28080	-57.1585
28081	-63.9741
28082	-65.949
28083	-67.2305
28084	-67.441
28085	-67.3557
28086	-68.2492
28087	-68.8413
28088	-67.6064
28089	-62.1497
28090	-62.5905
28091	-66.2382
28092	-66.4765
28093	-68.1933
28094	-69.2414
28095	-68.6377
28096	-68.4083
28097	-67.7889
28098	-64.8082
28099	-62.4087
28100	-59.9452
28101	-58.8676
28102	-61.3038
28103	-59.4044
28104	-61.1951
28105	-63.1355
28106	-63.9289
28107	-65.9718
28108	-68.5211
28109	-69.784
28110	-71.1119
28111	-69.7266
28112	-69.5767
28113	-69.908
28114	-70.4091
28115	-72.0493
28116	-72.0433
28117	-72.6924
28118	-72.7865
28119	-72.47
28120	-72.7354
28121	-73.1014
28122	-73.116
28123	-71.6897
28124	-70.5256
28125	-70.4281
28126	-71.3768
28127	-72.1522
28128	-72.1708
28129	-71.8968
28130	-72.5311
28131	-73.4578
28132	-73.083
28133	-72.8764
28134	-72.5713
28135	-71.8226
28136	-72.0314
28137	-71.1713
28138	-70.3712
28139	-70.2745
28140	-69.3394
28141	-69.2786
28142	-69.1856
28143	-68.0059
28144	-66.5476
28145	-65.3853
28146	-61.1265
28147	-57.4632
28148	-55.1426
28149	-50.5515
28150	-44.3963
28151	-44.4148
28152	-48.2221
28153	-46.0812
28154	-48.8325
28155	-53.3039
28156	-55.0278
28157	-57.5609
28158	-61.7888
28159	-64.8935
28160	-66.3722
28161	-67.3625
28162	-67.8667
28163	-68.6568
28164	-69.603
28165	-70.2455
28166	-70.699
28167	-71.748
28168	-71.863
28169	-71.0648
28170	-71.8868
28171	-72.0362
28172	-72.3665
28173	-71.4817
28174	-71.1785
28175	-71.1208
28176	-72.3351
28177	-69.8121
28178	-65.8177
28179	-63.6716
28180	-67.6553
28181	-71.2923
28182	-73.0256
28183	-72.9467
28184	-73.404
28185	-73.313
28186	-72.4956
28187	-73.0691
28188	-72.1554
28189	-70.9297
28190	-69.8379
28191	-69.0948
28192	-69.7483
28193	-70.4072
28194	-70.3264
28195	-69.4253
28196	-68.7773
28197	-67.1261
28198	-63.8859
28199	-61.8799
28200	-59.3119
28201	-58.3474
28202	-61.0367
28203	-58.6988
28204	-61.0759
28205	-62.9271
28206	-63.9115
28207	-66.1343
28208	-68.5465
28209	-69.7212
28210	-69.7809
28211	-67.2206
28212	-66.7777
28213	-66.9414
28214	-66.7544
28215	-68.5858
28216	-69.5787
28217	-70.1254
28218	-69.2228
28219	-67.3614
28220	-66.9271
28221	-66.6574
28222	-64.5899
28223	-63.2722
28224	-64.0884
28225	-63.7307
28226	-65.3753
28227	-67.7281
28228	-69.5248
28229	-69.8391
28230	-70.4386
28231	-70.8988
28232	-71.5895
28233	-71.4656
28234	-71.5249
28235	-70.9502
28236	-71.3081
28237	-72.3095
28238	-72.8109
28239	-73.3577
28240	-73.4711
28241	-73.1207
28242	-73.0594
28243	-72.9126
28244	-72.3306
28245	-71.1038
28246	-64.7607
28247	-62.5459
28248	-67.8786
28249	-72.0657
28250	-72.4176
28251	-70.9834
28252	-70.8591
28253	-71.0182
28254	-72.7843
28255	-72.5459
28256	-72.8695
28257	-72.6758
28258	-72.8547
28259	-73.4161
28260	-72.811
28261	-72.1026
28262	-70.6568
28263	-70.3593
28264	-70.8435
28265	-70.6939
28266	-68.9976
28267	-66.416
28268	-62.1053
28269	-59.8214
28270	-60.0496
28271	-59.3368
28272	-56.5075
28273	-54.9162
28274	-54.9066
28275	-52.6264
28276	-53.8203
28277	-59.0769
28278	-62.751
28279	-62.4978
28280	-65.5901
28281	-68.0676
28282	-69.3762
28283	-70.455
28284	-70.9252
28285	-70.7362
28286	-71.1819
28287	-71.7772
28288	-72.8862
28289	-72.7271
28290	-73.4893
28291	-73.6015
28292	-73.91
28293	-73.271
28294	-73.2653
28295	-72.9671
28296	-71.8698
28297	-71.8367
28298	-71.1417
28299	-71.0249
28300	-70.1875
28301	-68.5669
28302	-69.7203
28303	-69.865
28304	-70.9493
28305	-71.6638
28306	-71.6858
28307	-72.5304
28308	-73.0318
28309	-73.5166
28310	-73.5672
28311	-72.7591
28312	-72.3934
28313	-71.6968
28314	-71.7361
28315	-72.034
28316	-72.3504
28317	-71.0435
28318	-68.374
28319	-66.8733
28320	-66.9268
28321	-67.0812
28322	-66.245
28323	-64.3344
28324	-64.8704
28325	-66.8817
28326	-67.6608
28327	-68.9107
28328	-69.0991
28329	-69.0317
28330	-69.9743
28331	-70.3844
28332	-70.9632
28333	-70.3061
28334	-68.2868
28335	-65.5901
28336	-60.3412
28337	-62.5038
28338	-68.1506
28339	-68.2648
28340	-67.5382
28341	-67.2416
28342	-67.0228
28343	-66.4194
28344	-64.8161
28345	-61.598
28346	-51.3207
28347	-48.6911
28348	-55.1668
28349	-64.1361
28350	-67.1514
28351	-67.1001
28352	-67.9003
28353	-68.4633
28354	-68.9044
28355	-69.4409
28356	-67.7688
28357	-64.3784
28358	-66.7766
28359	-72.4038
28360	-73.4951
28361	-73.2039
28362	-73.4902
28363	-73.2199
28364	-73.0329
28365	-72.8154
28366	-73.2132
28367	-71.2295
28368	-67.3471
28369	-68.0721
28370	-69.9378
28371	-70.7086
28372	-72.1106
28373	-72.0069
28374	-71.3244
28375	-71.7914
28376	-71.8488
28377	-72.2561
28378	-70.2331
28379	-70.5046
28380	-71.2589
28381	-71.4477
28382	-71.3321
28383	-71.1271
28384	-70.5713
28385	-68.4306
28386	-66.3838
28387	-65.8013
28388	-64.3949
28389	-62.3792
28390	-60.6866
28391	-59.9865
28392	-59.7317
28393	-58.0437
28394	-53.5744
28395	-33.0427
28396	-19.7573
28397	-17.0387
28398	-23.7351
28399	-43.0829
28400	-58.0979
28401	-60.2311
28402	-61.1531
28403	-61.9759
28404	-62.9148
28405	-64.4579
28406	-65.7613
28407	-65.7023
28408	-67.3612
28409	-69.8485
28410	-70.8628
28411	-71.1017
28412	-71.6037
28413	-71.742
28414	-71.8589
28415	-70.8035
28416	-71.9009
28417	-72.21
28418	-71.5159
28419	-71.2945
28420	-71.3954
28421	-71.8384
28422	-71.8601
28423	-70.2541
28424	-70.1625
28425	-70.276
28426	-71.6618
28427	-72.8247
28428	-72.8005
28429	-72.3637
28430	-72.6853
28431	-72.6085
28432	-72.9111
28433	-73.5116
28434	-72.415
28435	-70.1459
28436	-64.9778
28437	-66.3313
28438	-69.1016
28439	-67.9416
28440	-67.7052
28441	-67.3236
28442	-66.7163
28443	-66.0823
28444	-64.9673
28445	-62.3136
28446	-51.5857
28447	-48.8693
28448	-55.2878
28449	-64.071
28450	-66.3245
28451	-67.2589
28452	-68.1398
28453	-68.6714
28454	-68.9921
28455	-68.7278
28456	-64.9608
28457	-60.0751
28458	-62.0278
28459	-66.7684
28460	-69.3094
28461	-70.6949
28462	-70.4673
28463	-70.4209
28464	-68.9396
28465	-68.432
28466	-67.6419
28467	-63.4606
28468	-58.4138
28469	-60.0114
28470	-63.1513
28471	-64.8996
28472	-66.582
28473	-67.1261
28474	-67.1757
28475	-67.5522
28476	-68.6242
28477	-70.6828
28478	-71.005
28479	-70.3193
28480	-70.9182
28481	-71.9345
28482	-73.3994
28483	-73.6944
28484	-73.465
28485	-73.4351
28486	-73.1613
28487	-72.4612
28488	-71.7375
28489	-70.9339
28490	-69.9506
28491	-69.7799
28492	-70.655
28493	-71.6214
28494	-71.8538
28495	-71.7298
28496	-71.4672
28497	-71.5846
28498	-72.424
28499	-73.0743
28500	-73.1509
28501	-72.9143
28502	-73.8992
28503	-73.2456
28504	-72.4499
28505	-72.5037
28506	-72.1219
28507	-71.526
28508	-69.9812
28509	-69.1854
28510	-69.2714
28511	-68.0911
28512	-66.6809
28513	-65.139
28514	-63.5263
28515	-62.6341
28516	-56.5092
28517	-43.2055
28518	-34.9957
28519	-35.8297
28520	-46.0324
28521	-54.1142
28522	-59.2071
28523	-60.3432
28524	-60.7282
28525	-61.2668
28526	-63.8653
28527	-66.4468
28528	-68.3318
28529	-69.1759
28530	-69.5959
28531	-70.6956
28532	-71.5225
28533	-72.5594
28534	-72.6387
28535	-73.2246
28536	-72.4925
28537	-72.3838
28538	-72.6559
28539	-72.1595
28540	-70.755
28541	-70.2356
28542	-70.4272
28543	-72.0817
28544	-71.7375
28545	-70.5127
28546	-64.9538
28547	-61.9929
28548	-67.6326
28549	-72.3518
28550	-72.9841
28551	-73.2718
28552	-73.5307
28553	-73.7091
28554	-73.7228
28555	-73.3184
28556	-72.1787
28557	-71.2213
28558	-69.8657
28559	-70.2014
28560	-71.5646
28561	-71.2327
28562	-71.0448
28563	-70.1778
28564	-69.4066
28565	-69.571
28566	-68.0403
28567	-62.3019
28568	-56.228
28569	-57.676
28570	-62.3731
28571	-64.2224
28572	-66.0276
28573	-67.7949
28574	-67.5028
28575	-68.1682
28576	-69.3321
28577	-69.5142
28578	-68.6044
28579	-66.1101
28580	-65.9515
28581	-67.5415
28582	-69.0107
28583	-70.7714
28584	-70.8163
28585	-70.1454
28586	-68.9531
28587	-65.5616
28588	-62.9622
28589	-60.3784
28590	-58.1359
28591	-59.148
28592	-61.9141
28593	-63.3537
28594	-65.6681
28595	-65.828
28596	-66.4293
28597	-68.4338
28598	-69.371
28599	-69.8936
28600	-70.9265
28601	-69.8382
28602	-70.3165
28603	-71.3558
28604	-71.8896
28605	-72.3332
28606	-72.9689
28607	-72.5585
28608	-72.5098
28609	-72.1711
28610	-72.6528
28611	-71.8891
28612	-70.8208
28613	-68.8071
28614	-66.2584
28615	-65.9098
28616	-68.24
28617	-70.5525
28618	-71.2308
28619	-70.7639
28620	-71.8609
28621	-72.4527
28622	-72.3535
28623	-72.4813
28624	-72.4303
28625	-72.0663
28626	-72.4713
28627	-71.9768
28628	-70.4696
28629	-68.8087
28630	-68.6585
28631	-68.6978
28632	-68.5944
28633	-66.982
28634	-66.3153
28635	-65.1847
28636	-61.2652
28637	-56.6929
28638	-52.9407
28639	-47.2283
28640	-43.4269
28641	-44.8869
28642	-49.6378
28643	-51.2994
28644	-55.9131
28645	-58.1759
28646	-58.1913
28647	-59.0454
28648	-64.5131
28649	-67.9791
28650	-68.6475
28651	-70.3034
28652	-70.2999
28653	-70.4911
28654	-71.0334
28655	-71.3109
28656	-71.1353
28657	-71.9407
28658	-72.3232
28659	-72.1091
28660	-72.8265
28661	-73.0661
28662	-72.97
28663	-73.0126
28664	-72.3053
28665	-72.2404
28666	-72.7508
28667	-71.4642
28668	-69.2266
28669	-69.8682
28670	-70.9655
28671	-72.1125
28672	-73.3883
28673	-73.0892
28674	-72.435
28675	-72.3823
28676	-73.717
28677	-73.2622
28678	-71.891
28679	-69.8949
28680	-69.2912
28681	-69.6297
28682	-70.6695
28683	-71.3031
28684	-71.443
28685	-70.3266
28686	-69.2007
28687	-65.6689
28688	-63.1888
28689	-61.0402
28690	-58.822
28691	-59.7994
28692	-63.0807
28693	-64.036
28694	-66.4584
28695	-66.9396
28696	-67.4611
28697	-69.2883
28698	-68.6613
28699	-68.5267
28700	-68.5238
28701	-65.9629
28702	-66.8289
28703	-64.8597
28704	-63.1604
28705	-66.0176
28706	-68.1678
28707	-68.0386
28708	-66.532
28709	-65.4238
28710	-64.9059
28711	-64.0361
28712	-61.7164
28713	-60.4105
28714	-55.303
28715	-53.8214
28716	-57.6773
28717	-61.997
28718	-66.1883
28719	-69.1488
28720	-69.1748
28721	-69.9221
28722	-70.1855
28723	-69.1336
28724	-67.8496
28725	-66.1753
28726	-68.2416
28727	-72.3203
28728	-73.4275
28729	-73.2668
28730	-72.5198
28731	-72.8529
28732	-73.9043
28733	-73.6982
28734	-72.5946
28735	-71.7752
28736	-68.8371
28737	-68.9712
28738	-71.5452
28739	-72.1812
28740	-72.11
28741	-72.4879
28742	-72.7253
28743	-72.7021
28744	-72.762
28745	-72.13
28746	-70.9578
28747	-70.8281
28748	-70.6376
28749	-70.3904
28750	-70.7951
28751	-70.8727
28752	-69.6506
28753	-68.3366
28754	-67.8533
28755	-66.4042
28756	-64.7665
28757	-61.3616
28758	-57.0674
28759	-56.3461
28760	-56.2619
28761	-54.0262
28762	-48.809
28763	-44.9652
28764	-37.7441
28765	-35.625
28766	-41.1445
28767	-50.3614
28768	-56.4837
28769	-60.9647
28770	-63.1101
28771	-63.847
28772	-65.1351
28773	-66.6878
28774	-66.7947
28775	-66.8088
28776	-67.8156
28777	-69.4065
28778	-71.0361
28779	-71.0347
28780	-71.1695
28781	-71.9905
28782	-71.4654
28783	-72.008
28784	-72.7214
28785	-71.6193
28786	-71.4058
28787	-71.3951
28788	-70.3639
28789	-69.6789
28790	-67.9908
28791	-68.03
28792	-69.6685
28793	-71.2742
28794	-73.0314
28795	-72.8389
28796	-72.3091
28797	-73.0561
28798	-72.4397
28799	-72.4859
28800	-72.1736
28801	-72.0868
28802	-70.6519
28803	-68.4998
28804	-67.5179
28805	-69.2006
28806	-68.642
28807	-68.1084
28808	-66.4968
28809	-64.754
28810	-64.4057
28811	-63.5638
28812	-61.6835
28813	-60.2239
28814	-55.7603
28815	-53.4551
28816	-57.4215
28817	-61.8022
28818	-66.4739
28819	-68.0129
28820	-68.3402
28821	-69.8069
28822	-69.6512
28823	-66.748
28824	-64.7265
28825	-62.6042
28826	-64.3349
28827	-67.8141
28828	-69.7549
28829	-70.1607
28830	-70.3357
28831	-69.7535
28832	-69.2829
28833	-68.3477
28834	-66.8961
28835	-65.9173
28836	-66.3609
28837	-66.3452
28838	-67.3733
28839	-68.68
28840	-69.2376
28841	-69.2374
28842	-69.716
28843	-70.7269
28844	-71.3916
28845	-71.148
28846	-70.7601
28847	-70.7368
28848	-72.3044
28849	-72.2664
28850	-73.8803
28851	-74.2364
28852	-73.966
28853	-73.2686
28854	-73.181
28855	-73.6838
28856	-71.7863
28857	-67.6757
28858	-64.4689
28859	-67.5336
28860	-71.0639
28861	-72.9996
28862	-71.9133
28863	-70.8693
28864	-70.1559
28865	-71.2604
28866	-72.4579
28867	-73.5251
28868	-73.5406
28869	-72.9737
28870	-73.6854
28871	-74.0902
28872	-73.4713
28873	-72.9155
28874	-71.709
28875	-71.7944
28876	-71.5876
28877	-70.1635
28878	-68.6416
28879	-65.9085
28880	-63.9831
28881	-63.9301
28882	-64.0736
28883	-64.7022
28884	-60.5129
28885	-43.7701
28886	-35.0338
28887	-36.0102
28888	-47.1949
28889	-61.8835
28890	-64.9144
28891	-64.0415
28892	-64.9295
28893	-66.7233
28894	-68.1731
28895	-69.0578
28896	-69.8208
28897	-70.5804
28898	-71.1529
28899	-72.533
28900	-73.1316
28901	-73.4262
28902	-74.0159
28903	-73.7582
28904	-73.5222
28905	-73.7186
28906	-73.0051
28907	-71.762
28908	-70.0129
28909	-70.2844
28910	-70.9338
28911	-71.7742
28912	-70.7035
28913	-69.1673
28914	-66.7373
28915	-66.7049
28916	-68.8003
28917	-71.2324
28918	-72.8589
28919	-73.7799
28920	-73.2135
28921	-74.1371
28922	-74.3378
28923	-73.7636
28924	-72.3454
28925	-71.6575
28926	-71.7067
28927	-71.6563
28928	-71.3976
28929	-71.1155
28930	-69.6592
28931	-69.1443
28932	-69.2784
28933	-69.4626
28934	-68.113
28935	-66.1777
28936	-61.1334
28937	-61.6551
28938	-65.6879
28939	-67.5904
28940	-68.7806
28941	-69.5709
28942	-70.8804
28943	-70.9678
28944	-70.1639
28945	-69.2215
28946	-67.4752
28947	-62.8917
28948	-61.6123
28949	-66.2092
28950	-68.9113
28951	-70.0417
28952	-69.5685
28953	-68.5619
28954	-68.0006
28955	-66.7892
28956	-61.4671
28957	-54.6115
28958	-50.3227
28959	-55.0787
28960	-63.2343
28961	-64.9262
28962	-66.707
28963	-66.8152
28964	-66.8287
28965	-67.4961
28966	-68.6832
28967	-69.3244
28968	-67.5283
28969	-66.7762
28970	-70.4023
28971	-72.5244
28972	-73.2362
28973	-72.6769
28974	-72.8876
28975	-72.9816
28976	-72.6729
28977	-72.0921
28978	-71.3106
28979	-70.3028
28980	-68.6528
28981	-69.1587
28982	-68.2525
28983	-69.8079
28984	-70.7035
28985	-70.8822
28986	-70.1693
28987	-71.2574
28988	-71.9334
28989	-72.3571
28990	-71.5447
28991	-71.5827
28992	-72.3035
28993	-71.7254
28994	-71.5065
28995	-71.0309
28996	-69.5329
28997	-67.1068
28998	-65.8926
28999	-66.2348
29000	-65.7529
29001	-64.0713
29002	-63.2302
29003	-62.4551
29004	-60.5786
29005	-56.4894
29006	-46.2163
29007	-32.0199
29008	-26.8354
29009	-31.6189
29010	-45.0029
29011	-54.9253
29012	-58.4984
29013	-59.7114
29014	-58.7413
29015	-60.3119
29016	-63.1888
29017	-65.4083
29018	-67.4246
29019	-68.0012
29020	-69.2663
29021	-70.8291
29022	-71.5807
29023	-71.6895
29024	-71.373
29025	-71.2762
29026	-70.4485
29027	-71.3482
29028	-72.6274
29029	-72.6321
29030	-72.2964
29031	-71.6041
29032	-72.4226
29033	-73.1433
29034	-72.14
29035	-71.0008
29036	-70.3227
29037	-70.6067
29038	-72.4326
29039	-73.1214
29040	-73.6499
29041	-72.8132
29042	-72.6372
29043	-73.2985
29044	-73.5248
29045	-73.7666
29046	-71.4631
29047	-66.9185
29048	-65.0732
29049	-68.5579
29050	-70.1851
29051	-69.8989
29052	-69.5494
29053	-69.3417
29054	-68.6065
29055	-67.0123
29056	-61.7455
29057	-55.2152
29058	-50.8091
29059	-55.061
29060	-63.1862
29061	-65.518
29062	-66.7823
29063	-67.4223
29064	-67.2752
29065	-67.9362
29066	-68.692
29067	-68.2305
29068	-62.7737
29069	-61.9479
29070	-65.8652
29071	-66.6345
29072	-67.6114
29073	-69.4501
29074	-68.6194
29075	-68.5401
29076	-68.2372
29077	-65.544
29078	-62.9466
29079	-60.9953
29080	-59.0528
29081	-61.3827
29082	-59.7131
29083	-61.0706
29084	-63.0279
29085	-63.8534
29086	-65.5578
29087	-68.0392
29088	-69.7523
29089	-71.1105
29090	-70.1753
29091	-69.5721
29092	-70.0927
29093	-70.3172
29094	-71.8707
29095	-71.9277
29096	-72.9182
29097	-72.7527
29098	-72.6072
29099	-72.7345
29100	-73.0344
29101	-73.2789
29102	-71.9948
29103	-70.7498
29104	-70.4254
29105	-71.2719
29106	-71.941
29107	-72.5015
29108	-71.9947
29109	-72.4602
29110	-73.3415
29111	-73.2288
29112	-72.9766
29113	-72.8695
29114	-71.8199
29115	-72.1737
29116	-71.5168
29117	-70.6733
29118	-70.2456
29119	-69.6459
29120	-69.4788
29121	-69.2696
29122	-68.4362
29123	-67.2339
29124	-66.0094
29125	-62.4525
29126	-58.0604
29127	-55.9586
29128	-51.9302
29129	-45.6203
29130	-44.4501
29131	-48.104
29132	-46.671
29133	-48.0652
29134	-53.0075
29135	-55.1677
29136	-57.0577
29137	-61.0398
29138	-64.6872
29139	-66.0399
29140	-67.2635
29141	-67.8979
29142	-68.7023
29143	-69.4133
29144	-70.2502
29145	-70.8649
29146	-71.8389
29147	-71.9619
29148	-71.1458
29149	-71.6517
29150	-72.1537
29151	-72.5036
29152	-71.4312
29153	-71.1116
29154	-70.8788
29155	-72.2632
29156	-70.5338
29157	-66.701
29158	-63.4334
29159	-66.3359
29160	-70.8314
29161	-72.6903
29162	-73.0473
29163	-73.3931
29164	-73.5528
29165	-72.6187
29166	-73.0278
29167	-72.4938
29168	-71.3913
29169	-70.2172
29170	-69.0212
29171	-69.7765
29172	-70.2602
29173	-70.6042
29174	-69.7765
29175	-68.8932
29176	-67.8898
29177	-64.8614
29178	-62.3629
29179	-60.3788
29180	-58.415
29181	-61.0859
29182	-58.9378
29183	-60.6318
29184	-63.0113
29185	-63.7859
29186	-65.5194
29187	-68.2075
29188	-69.6405
29189	-69.9324
29190	-67.9888
29191	-66.6068
29192	-67.6114
29193	-66.5247
29194	-68.5688
29195	-69.5469
29196	-70.0511
29197	-69.6002
29198	-67.5597
29199	-66.5931
29200	-66.652
29201	-64.8217
29202	-62.8558
29203	-63.5957
29204	-62.7745
29205	-64.245
29206	-66.4076
29207	-68.5106
29208	-69.7243
29209	-70.0911
29210	-70.6001
29211	-71.4706
29212	-71.4023
29213	-71.3667
29214	-70.8449
29215	-71.0794
29216	-71.9134
29217	-72.585
29218	-73.4078
29219	-73.0316
29220	-73.1098
29221	-72.975
29222	-73.0547
29223	-72.4835
29224	-71.7901
29225	-66.2097
29226	-62.1561
29227	-66.5158
29228	-71.5529
29229	-72.4486
29230	-71.2144
29231	-70.7469
29232	-70.6243
29233	-72.5028
29234	-72.438
29235	-72.7222
29236	-72.6888
29237	-72.6753
29238	-73.3742
29239	-72.7484
29240	-72.1533
29241	-70.7538
29242	-70.2925
29243	-70.282
29244	-70.7818
29245	-68.7946
29246	-67.0683
29247	-62.8537
29248	-59.8664
29249	-59.588
29250	-59.3535
29251	-56.7091
29252	-53.8158
29253	-53.9001
29254	-50.842
29255	-50.8901
29256	-56.5328
29257	-61.2421
29258	-61.9447
29259	-64.6143
29260	-67.4896
29261	-68.9416
29262	-70.4903
29263	-70.8489
29264	-70.7381
29265	-71.0045
29266	-71.3685
29267	-72.5632
29268	-72.7108
29269	-73.3148
29270	-73.5851
29271	-73.8813
29272	-73.1923
29273	-73.2481
29274	-73.1858
29275	-72.0797
29276	-72.3378
29277	-71.2307
29278	-71.3819
29279	-71.01
29280	-68.913
29281	-69.7422
29282	-69.9165
29283	-70.8467
29284	-71.6631
29285	-71.6405
29286	-72.6446
29287	-72.9554
29288	-73.3167
29289	-73.5436
29290	-72.7872
29291	-72.5738
29292	-71.8374
29293	-71.7095
29294	-71.9257
29295	-72.6998
29296	-71.2268
29297	-68.8947
29298	-66.9094
29299	-66.586
29300	-66.7946
29301	-66.0095
29302	-64.1438
29303	-64.4084
29304	-65.6742
29305	-66.5884
29306	-68.3255
29307	-69.1879
29308	-69.1018
29309	-69.497
29310	-70.1868
29311	-70.8545
29312	-70.3072
29313	-68.5404
29314	-66.6712
29315	-60.9133
29316	-61.3237
29317	-67.6717
29318	-68.3922
29319	-67.8272
29320	-67.1431
29321	-67.0981
29322	-66.84
29323	-65.0124
29324	-62.7014
29325	-53.0356
29326	-48.4565
29327	-53.3041
29328	-62.5334
29329	-66.9868
29330	-67.2358
29331	-67.8369
29332	-68.4311
29333	-68.8118
29334	-69.5412
29335	-68.3768
29336	-64.7167
29337	-65.6838
29338	-71.5556
29339	-73.4109
29340	-73.1064
29341	-73.3382
29342	-73.06
29343	-73.0514
29344	-72.8488
29345	-73.2303
29346	-72.1001
29347	-68.3278
29348	-67.7727
29349	-69.787
29350	-70.6325
29351	-72.0047
29352	-72.2459
29353	-71.3817
29354	-71.651
29355	-71.8505
29356	-72.2302
29357	-70.6414
29358	-70.4661
29359	-71.1303
29360	-71.6157
29361	-71.3932
29362	-71.3869
29363	-70.5667
29364	-69.0354
29365	-66.707
29366	-66.0588
29367	-64.813
29368	-62.5578
29369	-61.0495
29370	-59.9075
29371	-59.8298
29372	-58.3761
29373	-55.6155
29374	-37.7654
29375	-21.7127
29376	-17.104
29377	-21.8295
29378	-38.2809
29379	-56.7999
29380	-59.8808
29381	-60.9148
29382	-61.7094
29383	-62.8169
29384	-64.0165
29385	-65.7044
29386	-65.604
29387	-66.8387
29388	-69.525
29389	-70.776
29390	-71.0381
29391	-71.4593
29392	-71.5864
29393	-71.8383
29394	-70.902
29395	-71.6056
29396	-72.1428
29397	-71.7648
29398	-71.1568
29399	-71.1787
29400	-71.5945
29401	-71.7418
29402	-70.3667
29403	-69.892
29404	-69.9498
29405	-71.1196
29406	-72.546
29407	-72.8924
29408	-72.3257
29409	-72.591
29410	-72.7899
29411	-72.8282
29412	-73.3515
29413	-72.6593
29414	-71.0298
29415	-65.584
29416	-65.5249
29417	-68.8872
29418	-68.3116
29419	-67.6963
29420	-67.5587
29421	-66.7095
29422	-66.5712
29423	-65.1497
29424	-63.5389
29425	-53.2433
29426	-48.593
29427	-53.3251
29428	-62.4305
29429	-66.0964
29430	-67.2436
29431	-67.8529
29432	-68.5847
29433	-68.9335
29434	-68.8224
29435	-65.941
29436	-60.4726
29437	-60.9977
29438	-66.175
29439	-68.6604
29440	-70.5799
29441	-70.5916
29442	-70.8088
29443	-69.1976
29444	-68.5258
29445	-68.1025
29446	-65.0607
29447	-59.9488
29448	-60.0796
29449	-63.3707
29450	-64.8221
29451	-66.4098
29452	-67.3451
29453	-67.2587
29454	-67.7647
29455	-68.4297
29456	-70.5963
29457	-71.3111
29458	-70.6114
29459	-70.9709
29460	-71.7619
29461	-72.9669
29462	-73.9085
29463	-73.5385
29464	-73.412
29465	-73.158
29466	-72.4992
29467	-71.8168
29468	-71.0484
29469	-69.9467
29470	-69.1662
29471	-70.3673
29472	-71.2047
29473	-71.9338
29474	-71.4856
29475	-71.3395
29476	-71.5666
29477	-72.1905
29478	-72.9107
29479	-73.2904
29480	-73.0752
29481	-73.92
29482	-73.6077
29483	-72.6891
29484	-72.609
29485	-72.3761
29486	-71.8083
29487	-70.5808
29488	-69.2815
29489	-69.4513
29490	-68.708
29491	-67.2357
29492	-65.633
29493	-63.9624
29494	-63.1311
29495	-58.5902
29496	-46.6989
29497	-36.8415
29498	-35.7652
29499	-44.2843
29500	-53.7844
29501	-59.1942
29502	-60.8694
29503	-61.0815
29504	-61.2077
29505	-63.483
29506	-66.2232
29507	-68.183
29508	-69.4625
29509	-69.835
29510	-70.4938
29511	-71.5616
29512	-72.6075
29513	-72.7774
29514	-73.3092
29515	-72.7967
29516	-72.3451
29517	-72.7277
29518	-72.2123
29519	-71.1414
29520	-70.1559
29521	-70.4451
29522	-71.7458
29523	-72.0085
29524	-70.8982
29525	-66.716
29526	-61.8762
29527	-66.1057
29528	-71.9869
29529	-72.837
29530	-73.3491
29531	-73.5335
29532	-73.6633
29533	-73.8609
29534	-73.5728
29535	-72.3808
29536	-71.5287
29537	-70.3803
29538	-70.0962
29539	-71.293
29540	-71.1599
29541	-71.1711
29542	-70.287
29543	-69.6155
29544	-69.388
29545	-69.1059
29546	-64.0598
29547	-57.6074
29548	-57.4773
29549	-62.382
29550	-64.0263
29551	-65.7545
29552	-67.7813
29553	-67.6424
29554	-68.2901
29555	-69.3539
29556	-69.5753
29557	-69.0146
29558	-66.6454
29559	-65.7648
29560	-66.8558
29561	-68.2876
29562	-70.371
29563	-70.7842
29564	-70.0604
29565	-69.2402
29566	-66.4407
29567	-62.927
29568	-60.6892
29569	-58.0351
29570	-58.4548
29571	-61.789
29572	-62.359
29573	-65.1052
29574	-65.4024
29575	-65.9065
29576	-68.014
29577	-69.061
29578	-69.7649
29579	-70.8169
29580	-69.7104
29581	-69.7775
29582	-71.1154
29583	-71.9412
29584	-72.2063
29585	-72.7164
29586	-72.6282
29587	-72.6822
29588	-72.3819
29589	-72.6365
29590	-72.1223
29591	-71.3085
29592	-69.3048
29593	-66.7239
29594	-65.7384
29595	-67.9996
29596	-70.3898
29597	-71.2198
29598	-70.9811
29599	-71.4921
29600	-72.4697
29601	-72.3193
29602	-72.2133
29603	-72.5747
29604	-72.1029
29605	-72.2217
29606	-71.849
29607	-70.8069
29608	-69.198
29609	-68.696
29610	-68.6171
29611	-68.3845
29612	-67.1086
29613	-66.231
29614	-65.1845
29615	-62.1484
29616	-57.2549
29617	-53.4434
29618	-48.1492
29619	-43.1524
29620	-43.8957
29621	-48.6381
29622	-50.254
29623	-54.6347
29624	-57.2587
29625	-57.7544
29626	-58.3022
29627	-63.0537
29628	-67.3526
29629	-68.2795
29630	-69.7311
29631	-70.0617
29632	-70.3246
29633	-71.0082
29634	-71.286
29635	-71.023
29636	-71.6521
29637	-72.2868
29638	-72.0889
29639	-72.478
29640	-73.0349
29641	-72.9263
29642	-73.1169
29643	-72.6428
29644	-72.2089
29645	-72.7692
29646	-71.8479
29647	-69.8424
29648	-69.6087
29649	-70.9282
29650	-71.8907
29651	-73.5361
29652	-73.3538
29653	-72.3173
29654	-72.3345
29655	-73.7813
29656	-73.3131
29657	-72.3275
29658	-70.1502
29659	-69.0513
29660	-69.3485
29661	-70.6073
29662	-71.0115
29663	-71.4763
29664	-70.6961
29665	-69.3917
29666	-66.2512
29667	-63.4264
29668	-61.1113
29669	-58.6723
29670	-58.9526
29671	-62.3503
29672	-63.0177
29673	-65.9854
29674	-66.2268
29675	-66.9221
29676	-68.6897
29677	-68.7986
29678	-68.4287
29679	-68.5268
29680	-66.0735
29681	-66.1353
29682	-65.7345
29683	-63.368
29684	-65.2737
29685	-67.9558
29686	-68.1633
29687	-67.0423
29688	-65.4546
29689	-65.3247
29690	-64.5159
29691	-62.3768
29692	-60.5297
29693	-56.2136
29694	-54.0111
29695	-56.7909
29696	-61.119
29697	-65.3567
29698	-68.7644
29699	-69.3366
29700	-69.8234
29701	-70.3448
29702	-69.3484
29703	-68.2418
29704	-66.4065
29705	-67.5525
29706	-71.4708
29707	-73.307
29708	-73.5006
29709	-72.7396
29710	-72.3022
29711	-73.7943
29712	-73.9035
29713	-72.9516
29714	-71.9814
29715	-69.7477
29716	-68.893
29717	-71.2375
29718	-71.9875
29719	-72.2177
29720	-72.3954
29721	-72.7552
29722	-72.9275
29723	-72.7285
29724	-72.3076
29725	-71.452
29726	-70.6394
29727	-70.7413
29728	-70.4028
29729	-70.7793
29730	-70.9256
29731	-70.0385
29732	-68.5123
29733	-68.185
29734	-66.821
29735	-65.268
29736	-62.4076
29737	-57.8328
29738	-56.2712
29739	-56.6371
29740	-54.8399
29741	-49.8909
29742	-46.4665
29743	-38.9431
29744	-35.7888
29745	-39.5259
29746	-49.1603
29747	-55.2881
29748	-60.4078
29749	-62.9676
29750	-63.7699
29751	-64.7475
29752	-66.5728
29753	-67.0172
29754	-66.8223
29755	-67.5398
29756	-69.2017
29757	-71.0833
29758	-71.1165
29759	-71.5051
29760	-71.7526
29761	-71.6527
29762	-71.7236
29763	-72.4253
29764	-71.8719
29765	-71.3286
29766	-71.4628
29767	-70.3808
29768	-69.7216
29769	-68.1385
29770	-67.8448
29771	-69.2463
29772	-70.7747
29773	-72.6649
29774	-72.735
29775	-72.2342
29776	-72.8258
29777	-72.8432
29778	-72.5729
29779	-72.2096
29780	-72.0511
29781	-71.2347
29782	-69.1958
29783	-67.3386
29784	-68.9035
29785	-68.6706
29786	-68.677
29787	-66.8358
29788	-65.0853
29789	-64.7558
29790	-63.9575
29791	-62.3635
29792	-60.2941
29793	-56.7612
29794	-53.6589
29795	-56.379
29796	-60.9905
29797	-65.6148
29798	-67.9407
29799	-68.2415
29800	-69.8286
29801	-69.9594
29802	-67.4824
29803	-65.426
29804	-62.9176
29805	-63.8479
29806	-67.3877
29807	-69.6238
29808	-69.999
29809	-70.2934
29810	-69.8351
29811	-69.3819
29812	-68.4113
29813	-67.0334
29814	-65.8155
29815	-67.2241
29816	-67.648
29817	-67.1945
29818	-68.6719
29819	-69.4536
29820	-68.9192
29821	-69.7482
29822	-70.5655
29823	-71.3877
29824	-71.145
29825	-70.9104
29826	-70.8036
29827	-71.905
29828	-72.2588
29829	-73.748
29830	-74.2021
29831	-73.8826
29832	-73.2442
29833	-73.2389
29834	-73.4259
29835	-72.0077
29836	-68.5301
29837	-64.4186
29838	-66.2704
29839	-70.3681
29840	-72.8551
29841	-72.5146
29842	-70.9564
29843	-70.2236
29844	-70.7169
29845	-72.3156
29846	-72.9552
29847	-73.8737
29848	-73.0987
29849	-73.5159
29850	-74.264
29851	-73.5796
29852	-73.1203
29853	-71.8563
29854	-71.8318
29855	-71.5518
29856	-70.5311
29857	-68.6936
29858	-66.4495
29859	-64.102
29860	-63.6412
29861	-63.807
29862	-64.7941
29863	-62.1754
29864	-51.2673
29865	-40.1712
29866	-39.2959
29867	-48.2066
29868	-61.4877
29869	-65.1668
29870	-64.0684
29871	-64.8192
29872	-66.361
29873	-68.2425
29874	-69.0881
29875	-69.6889
29876	-70.5825
29877	-71.2206
29878	-72.5374
29879	-73.3008
29880	-73.1169
29881	-73.7606
29882	-73.9017
29883	-73.4628
29884	-73.8706
29885	-73.1573
29886	-72.1999
29887	-70.246
29888	-70.193
29889	-71.0763
29890	-71.8076
29891	-71.2307
29892	-69.5938
29893	-67.3356
29894	-66.4185
29895	-68.5353
29896	-70.7131
29897	-72.4831
29898	-73.7393
29899	-73.2094
29900	-73.9898
29901	-74.2474
29902	-73.9112
29903	-72.4923
29904	-71.8306
29905	-71.5994
29906	-71.6129
29907	-71.3213
29908	-71.2455
29909	-69.732
29910	-68.968
29911	-69.0921
29912	-69.3991
29913	-68.2451
29914	-66.7162
29915	-63.5776
29916	-62.6054
29917	-65.5716
29918	-67.576
29919	-68.5207
29920	-69.4322
29921	-70.779
29922	-71.1258
29923	-70.7811
29924	-69.3034
29925	-68.1181
29926	-63.5419
29927	-61.1308
29928	-64.9827
29929	-68.4984
29930	-69.7259
29931	-69.6538
29932	-68.6888
29933	-68.1105
29934	-67.15
29935	-62.7204
29936	-55.918
29937	-50.4036
29938	-53.1575
29939	-62.2464
29940	-64.6373
29941	-66.3452
29942	-66.5719
29943	-66.5122
29944	-67.1513
29945	-68.4663
29946	-69.4357
29947	-67.7781
29948	-66.3345
29949	-69.4189
29950	-72.3479
29951	-72.9121
29952	-72.6842
29953	-72.7806
29954	-72.8442
29955	-72.7426
29956	-72.3323
29957	-71.9086
29958	-70.8054
29959	-68.9181
29960	-69.3881
29961	-68.3432
29962	-69.424
29963	-70.6573
29964	-70.9657
29965	-70.1704
29966	-71.0784
29967	-71.9547
29968	-72.1518
29969	-71.4941
29970	-71.3438
29971	-72.0644
29972	-71.7828
29973	-71.5932
29974	-71.0416
29975	-69.9082
29976	-67.4142
29977	-65.9753
29978	-66.1771
29979	-65.9914
29980	-64.1568
29981	-63.3721
29982	-62.422
29983	-60.823
29984	-57.9001
29985	-48.9071
29986	-33.8733
29987	-26.7159
29988	-29.5107
29989	-41.6453
29990	-52.7875
29991	-57.9288
29992	-59.5562
29993	-58.7512
29994	-59.5327
29995	-62.4684
29996	-64.8524
29997	-66.9584
29998	-67.859
29999	-69.0116
30000	-70.6821
30001	-71.5068
30002	-71.36
30003	-71.3831
30004	-71.1597
30005	-70.5984
30006	-70.9004
30007	-72.4813
30008	-72.7013
30009	-72.5698
30010	-71.6782
30011	-72.2999
30012	-73.0096
30013	-72.2095
30014	-71.2494
30015	-70.4233
30016	-70.1346
30017	-72.0831
30018	-73.1199
30019	-73.7073
30020	-73.0497
30021	-72.8721
30022	-73.0876
30023	-73.3467
30024	-73.7266
30025	-72.1686
30026	-67.7989
30027	-64.8187
30028	-67.7821
30029	-69.9239
30030	-69.6607
30031	-69.5199
30032	-69.149
30033	-68.3854
30034	-67.5108
30035	-63.0544
30036	-56.5187
30037	-50.8315
30038	-53.3356
30039	-62.0376
30040	-64.8596
30041	-66.4016
30042	-67.2154
30043	-67.3189
30044	-67.4811
30045	-68.5357
30046	-68.568
30047	-63.6198
30048	-61.4126
30049	-65.0916
30050	-66.8893
30051	-67.5022
30052	-69.3667
30053	-68.8593
30054	-68.6332
30055	-68.5218
30056	-66.3578
30057	-63.643
30058	-62.055
30059	-59.5347
30060	-61.0443
30061	-60.1974
30062	-60.7815
30063	-63.0072
30064	-63.9154
30065	-65.3329
30066	-67.6594
30067	-69.82
30068	-71.0855
30069	-70.5804
30070	-69.6345
30071	-70.1631
30072	-70.2543
30073	-71.5847
30074	-72.1286
30075	-73.048
30076	-72.7384
30077	-72.6403
30078	-72.6647
30079	-72.6671
30080	-73.1482
30081	-72.1166
30082	-71.0297
30083	-70.3274
30084	-71.1698
30085	-71.5956
30086	-72.5224
30087	-71.9706
30088	-72.3753
30089	-73.0451
30090	-73.2958
30091	-72.7722
30092	-73.069
30093	-71.9206
30094	-72.3164
30095	-71.8046
30096	-70.9716
30097	-70.4907
30098	-70.0294
30099	-69.6532
30100	-69.2444
30101	-68.7467
30102	-67.9246
30103	-66.1431
30104	-63.6522
30105	-58.7288
30106	-56.6025
30107	-52.9686
30108	-47.0968
30109	-44.557
30110	-47.686
30111	-47.2839
30112	-47.7126
30113	-52.5927
30114	-55.3152
30115	-56.6541
30116	-60.2486
30117	-64.3244
30118	-66.0384
30119	-67.1946
30120	-68.0402
30121	-68.7805
30122	-69.1645
30123	-70.1913
30124	-70.8621
30125	-71.7972
30126	-72.1336
30127	-71.2855
30128	-71.67
30129	-72.4796
30130	-72.3531
30131	-71.598
30132	-71.0274
30133	-70.7536
30134	-72.0588
30135	-71.1935
30136	-67.5184
30137	-63.5674
30138	-65.416
30139	-70.2751
30140	-72.3879
30141	-72.9443
30142	-73.2632
30143	-73.4431
30144	-72.8485
30145	-72.859
30146	-72.8036
30147	-71.6514
30148	-70.6014
30149	-69.3369
30150	-69.9083
30151	-70.2567
30152	-70.7514
30153	-70.2062
30154	-69.0453
30155	-68.6886
30156	-65.4666
30157	-62.9587
30158	-61.3678
30159	-58.6916
30160	-60.4833
30161	-59.2977
30162	-60.3565
30163	-62.9154
30164	-63.693
30165	-65.1711
30166	-68.1016
30167	-69.5688
30168	-70.0304
30169	-68.925
30170	-66.8944
30171	-67.9823
30172	-66.5087
30173	-68.3767
30174	-69.8225
30175	-69.9412
30176	-69.7241
30177	-67.8015
30178	-66.391
30179	-66.6033
30180	-65.1865
30181	-62.6572
30182	-63.001
30183	-62.1641
30184	-62.7296
30185	-65.089
30186	-67.6559
30187	-69.5158
30188	-69.7865
30189	-70.5289
30190	-71.3322
30191	-71.3411
30192	-71.2554
30193	-70.7396
30194	-70.8336
30195	-71.5144
30196	-72.5232
30197	-73.3547
30198	-72.8848
30199	-73.3538
30200	-72.9872
30201	-73.2452
30202	-72.6502
30203	-71.9295
30204	-67.8692
30205	-62.1588
30206	-65.2698
30207	-71.0012
30208	-72.3594
30209	-71.4474
30210	-70.776
30211	-70.4686
30212	-72.1343
30213	-72.3454
30214	-72.7027
30215	-72.5948
30216	-72.4512
30217	-73.2723
30218	-72.6889
30219	-72.1762
30220	-70.9103
30221	-70.2763
30222	-69.9076
30223	-70.5046
30224	-68.7603
30225	-67.535
30226	-63.7068
30227	-60.0888
30228	-59.2062
30229	-59.0013
30230	-56.8258
30231	-53.082
30232	-53.2368
30233	-49.8155
30234	-48.4955
30235	-53.8836
30236	-59.5411
30237	-61.4967
30238	-63.742
30239	-66.8777
30240	-68.4897
30241	-70.1483
30242	-70.6232
30243	-70.6499
30244	-70.7321
30245	-71.2315
30246	-72.2675
30247	-72.6115
30248	-73.0613
30249	-73.5457
30250	-73.8834
30251	-73.2915
30252	-73.2896
30253	-73.4313
30254	-72.364
30255	-72.2666
30256	-71.4479
30257	-71.4734
30258	-71.2365
30259	-69.3622
30260	-69.7417
30261	-69.9479
30262	-70.9789
30263	-71.7465
30264	-71.6479
30265	-72.2474
30266	-72.7937
30267	-73.1832
30268	-73.4292
30269	-72.9481
30270	-72.6325
30271	-71.8446
30272	-71.332
30273	-71.7028
30274	-72.4778
30275	-71.5473
30276	-69.5024
30277	-66.9939
30278	-66.2646
30279	-66.5685
30280	-65.9024
30281	-64.1734
30282	-63.8572
30283	-64.4664
30284	-65.1253
30285	-67.1456
30286	-68.5728
30287	-68.9962
30288	-69.2959
30289	-70.1378
30290	-70.4813
30291	-70.3142
30292	-68.8634
30293	-67.2192
30294	-61.8148
30295	-60.4171
30296	-66.6302
30297	-68.5575
30298	-67.963
30299	-67.1123
30300	-67.0667
30301	-66.9724
30302	-65.2232
30303	-63.335
30304	-55.206
30305	-48.6162
30306	-51.6845
30307	-60.7187
30308	-66.7581
30309	-67.3627
30310	-67.5328
30311	-68.2428
30312	-68.7622
30313	-69.4673
30314	-68.8484
30315	-65.3562
30316	-64.9643
30317	-70.7336
30318	-73.5339
30319	-73.1121
30320	-73.1169
30321	-73.2327
30322	-72.9966
30323	-73.0678
30324	-73.1866
30325	-72.6613
30326	-69.2779
30327	-67.7151
30328	-69.6819
30329	-70.4561
30330	-72.1023
30331	-72.5152
30332	-71.6005
30333	-71.6852
30334	-71.9655
30335	-72.1964
30336	-71.1333
30337	-70.2349
30338	-71.2191
30339	-71.7197
30340	-71.511
30341	-71.403
30342	-70.6224
30343	-69.5534
30344	-66.9112
30345	-66.3199
30346	-65.1683
30347	-62.9709
30348	-61.2992
30349	-59.8073
30350	-59.7976
30351	-58.7752
30352	-56.6035
30353	-43.031
30354	-24.1157
30355	-17.5433
30356	-20.3723
30357	-34.0364
30358	-54.8145
30359	-59.4591
30360	-60.593
30361	-61.7089
30362	-62.8322
30363	-63.6493
30364	-65.64
30365	-65.6253
30366	-66.5228
30367	-68.8443
30368	-70.4334
30369	-71.1127
30370	-71.3454
30371	-71.6323
30372	-71.8043
30373	-71.0657
30374	-71.203
30375	-72.0839
30376	-72.1128
30377	-71.0867
30378	-71.1917
30379	-71.4636
30380	-71.6745
30381	-70.4279
30382	-69.662
30383	-69.8217
30384	-70.6935
30385	-72.2395
30386	-73.0366
30387	-72.4557
30388	-72.5503
30389	-72.9858
30390	-72.7194
30391	-73.2227
30392	-72.7718
30393	-71.6963
30394	-66.5328
30395	-64.9188
30396	-68.3792
30397	-68.8117
30398	-67.7472
30399	-67.5146
30400	-66.7063
30401	-66.7502
30402	-65.3044
30403	-64.2556
30404	-55.3518
30405	-48.7132
30406	-51.8239
30407	-60.6773
30408	-65.8002
30409	-67.3287
30410	-67.564
30411	-68.5899
30412	-69.0715
30413	-68.6465
30414	-66.7219
30415	-61.2144
30416	-60.2456
30417	-65.4356
30418	-68.2621
30419	-70.7356
30420	-70.8614
30421	-70.957
30422	-69.6195
30423	-68.6512
30424	-68.3283
30425	-66.4576
30426	-61.8244
30427	-60.4557
30428	-63.6352
30429	-64.6463
30430	-66.3066
30431	-67.5572
30432	-67.4339
30433	-67.751
30434	-68.3818
30435	-70.3519
30436	-71.4962
30437	-70.7507
30438	-71.2777
30439	-71.5841
30440	-72.8438
30441	-74.0361
30442	-73.5558
30443	-73.6934
30444	-73.277
30445	-72.6194
30446	-71.9295
30447	-71.1618
30448	-69.8622
30449	-68.9628
30450	-70.0825
30451	-70.7258
30452	-72.0646
30453	-71.552
30454	-71.4054
30455	-71.757
30456	-71.8825
30457	-72.8788
30458	-73.1043
30459	-73.2109
30460	-73.733
30461	-74.0056
30462	-72.9385
30463	-72.8728
30464	-72.4836
30465	-71.9512
30466	-71.0067
30467	-69.6541
30468	-69.8
30469	-69.0875
30470	-67.6633
30471	-66.0878
30472	-64.3987
30473	-63.3546
30474	-60.7341
30475	-50.4718
30476	-39.1767
30477	-36.2556
30478	-42.927
30479	-53.5382
30480	-58.7714
30481	-61.0729
30482	-61.3686
30483	-61.0858
30484	-63.0465
30485	-66.023
30486	-67.8989
30487	-69.5872
30488	-69.8705
30489	-70.3868
30490	-71.4432
30491	-72.3724
30492	-73.1562
30493	-73.3649
30494	-73.0642
30495	-72.3754
30496	-72.9716
30497	-72.4337
30498	-71.4231
30499	-70.2034
30500	-70.2942
30501	-71.3157
30502	-72.2947
30503	-71.1662
30504	-68.2006
30505	-62.145
30506	-64.7343
30507	-71.3363
30508	-72.946
30509	-73.2629
30510	-73.5528
30511	-73.7461
30512	-73.8617
30513	-73.5792
30514	-72.7324
30515	-71.7595
30516	-70.9837
30517	-70.3524
30518	-71.0949
30519	-71.1919
30520	-71.3593
30521	-70.5389
30522	-69.7042
30523	-69.3132
30524	-69.6076
30525	-65.5797
30526	-59.4168
30527	-57.5905
30528	-62.1638
30529	-63.9322
30530	-65.5275
30531	-67.6827
30532	-67.8532
30533	-68.3297
30534	-69.2068
30535	-69.6192
30536	-69.1297
30537	-67.0934
30538	-65.6056
30539	-66.1969
30540	-67.6368
30541	-69.7475
30542	-70.667
30543	-70.107
30544	-69.4196
30545	-67.2381
30546	-63.3002
30547	-60.9695
30548	-58.0027
30549	-57.9893
30550	-60.675
30551	-61.5466
30552	-64.4804
30553	-65.1283
30554	-65.5358
30555	-67.2749
30556	-68.8666
30557	-69.664
30558	-70.4384
30559	-69.832
30560	-69.3762
30561	-70.687
30562	-71.9791
30563	-72.0681
30564	-72.6452
30565	-72.905
30566	-72.6978
30567	-72.5738
30568	-72.4991
30569	-72.4415
30570	-71.4444
30571	-69.5596
30572	-67.2525
30573	-65.6325
30574	-67.479
30575	-69.7966
30576	-71.0188
30577	-71.2718
30578	-71.0805
30579	-72.3365
30580	-72.5264
30581	-72.145
30582	-72.4264
30583	-71.9458
30584	-71.943
30585	-71.916
30586	-70.9313
30587	-69.4011
30588	-68.6536
30589	-68.2709
30590	-68.1905
30591	-67.3069
30592	-66.0858
30593	-65.2896
30594	-63.0621
30595	-57.9965
30596	-54.0201
30597	-49.0964
30598	-43.0783
30599	-42.9364
30600	-47.1295
30601	-49.5207
30602	-53.0006
30603	-56.6894
30604	-57.7345
30605	-57.7045
30606	-61.5117
30607	-66.6357
30608	-67.8974
30609	-69.2619
30610	-69.8961
30611	-70.1084
30612	-70.8329
30613	-71.1708
30614	-70.7719
30615	-71.2999
30616	-72.0345
30617	-72.2107
30618	-72.378
30619	-72.8789
30620	-72.9301
30621	-73.143
30622	-72.8043
30623	-72.0027
30624	-72.7035
30625	-72.2358
30626	-70.3391
30627	-69.4404
30628	-70.8134
30629	-71.6149
30630	-73.3687
30631	-73.4185
30632	-72.4371
30633	-72.3382
30634	-73.2347
30635	-73.3968
30636	-72.7287
30637	-70.4548
30638	-68.975
30639	-69.1644
30640	-70.2027
30641	-70.6423
30642	-71.5273
30643	-70.701
30644	-69.5892
30645	-66.999
30646	-63.74
30647	-61.3642
30648	-58.7932
30649	-58.1932
30650	-61.4401
30651	-62.2637
30652	-65.0149
30653	-65.8164
30654	-66.4614
30655	-68.1809
30656	-68.8798
30657	-68.2683
30658	-68.4305
30659	-66.2832
30660	-65.66
30661	-66.9094
30662	-63.599
30663	-64.6479
30664	-67.6454
30665	-68.1696
30666	-67.6565
30667	-65.769
30668	-65.6122
30669	-64.6483
30670	-63.0557
30671	-60.9328
30672	-57.4246
30673	-54.4317
30674	-55.8929
30675	-60.4808
30676	-64.5178
30677	-68.2038
30678	-69.3304
30679	-69.5463
30680	-70.4642
30681	-69.6617
30682	-68.6007
30683	-66.8859
30684	-67.1425
30685	-70.6785
30686	-73.1933
30687	-73.5285
30688	-73.239
30689	-72.1293
30690	-73.5266
30691	-74.1375
30692	-73.3106
30693	-72.1006
30694	-70.4791
30695	-69.1814
30696	-71.1892
30697	-71.9397
30698	-72.3328
30699	-72.2061
30700	-72.7
30701	-72.9498
30702	-72.8042
30703	-72.4976
30704	-71.6841
30705	-70.6623
30706	-70.8869
30707	-70.3994
30708	-70.5661
30709	-71.197
30710	-70.3511
30711	-68.8111
30712	-68.4215
30713	-67.2211
30714	-65.6094
30715	-63.4009
30716	-58.7269
30717	-56.3508
30718	-56.8735
30719	-55.604
30720	-51.0863
30721	-47.395
30722	-40.4119
30723	-36.2358
30724	-38.321
30725	-47.8141
30726	-54.1594
30727	-59.5994
30728	-62.6777
30729	-63.8278
30730	-64.3914
30731	-66.6476
30732	-67.0156
30733	-66.7252
30734	-67.2701
30735	-69.0644
30736	-70.5726
30737	-71.261
30738	-71.5372
30739	-71.6973
30740	-71.8229
30741	-71.6184
30742	-72.3567
30743	-72.1257
30744	-71.3825
30745	-71.3516
30746	-70.6313
30747	-69.7286
30748	-68.4759
30749	-67.4962
30750	-68.7645
30751	-70.3783
30752	-72.1832
30753	-72.804
30754	-72.2746
30755	-72.6104
30756	-73.185
30757	-72.6335
30758	-72.4167
30759	-71.8778
30760	-71.7658
30761	-69.7042
30762	-67.4166
30763	-68.9981
30764	-68.942
30765	-68.9609
30766	-67.2614
30767	-65.5233
30768	-64.9283
30769	-64.3017
30770	-63.0516
30771	-60.3845
30772	-57.7595
30773	-54.1776
30774	-55.4104
30775	-60.3557
30776	-64.5323
30777	-67.77
30778	-68.2873
30779	-69.5045
30780	-70.2791
30781	-68.3989
30782	-66.0058
30783	-63.2063
30784	-63.5808
30785	-67.0061
30786	-69.3778
30787	-69.9853
30788	-70.3017
30789	-69.8873
30790	-69.4528
30791	-68.3702
30792	-67.1791
30793	-65.899
30794	-66.5005
30795	-66.9805
30796	-67.1284
30797	-68.5107
30798	-69.5681
30799	-68.9034
30800	-69.821
30801	-70.3508
30802	-71.2636
30803	-71.31
30804	-71.1941
30805	-70.9
30806	-71.6009
30807	-72.191
30808	-73.339
30809	-74.1651
30810	-73.9977
30811	-73.3967
30812	-73.3356
30813	-73.2346
30814	-72.4238
30815	-69.3677
30816	-64.6531
30817	-65.2457
30818	-69.6154
30819	-72.5199
30820	-72.7627
30821	-71.0636
30822	-70.2119
30823	-70.3708
30824	-72.2132
30825	-72.5734
30826	-73.8303
30827	-72.9252
30828	-73.3091
30829	-74.2554
30830	-73.7343
30831	-73.0934
30832	-72.001
30833	-71.8083
30834	-71.35
30835	-70.6283
30836	-69.0499
30837	-66.8553
30838	-64.2038
30839	-63.4046
30840	-63.5102
30841	-64.7
30842	-62.8225
30843	-59.4001
30844	-49.4931
30845	-46.7087
30846	-52.8899
30847	-61.3878
30848	-65.1567
30849	-64.2792
30850	-64.7866
30851	-66.0294
30852	-67.8103
30853	-69.2021
30854	-69.6977
30855	-70.7219
30856	-71.217
30857	-72.2536
30858	-73.0094
30859	-73.0398
30860	-73.805
30861	-74.1986
30862	-73.6021
30863	-73.5516
30864	-73.1285
30865	-72.7912
30866	-70.6404
30867	-70.1127
30868	-71.2465
30869	-71.551
30870	-71.5191
30871	-69.9692
30872	-68.1579
30873	-66.4149
30874	-68.2895
30875	-70.2572
30876	-72.3017
30877	-73.4521
30878	-73.2998
30879	-73.7226
30880	-74.0753
30881	-73.915
30882	-72.5988
30883	-71.9622
30884	-71.5709
30885	-71.7142
30886	-71.2882
30887	-71.2602
30888	-69.8231
30889	-68.8464
30890	-68.9935
30891	-69.3748
30892	-68.3505
30893	-66.8094
30894	-65.491
30895	-64.0721
30896	-65.7266
30897	-67.5033
30898	-68.2332
30899	-69.3278
30900	-70.3196
30901	-71.2568
30902	-70.9766
30903	-69.5723
30904	-68.8494
30905	-64.5054
30906	-60.9552
30907	-63.7192
30908	-68.048
30909	-69.3053
30910	-69.7491
30911	-68.8726
30912	-67.8897
30913	-67.4307
30914	-64.0608
30915	-57.202
30916	-50.9952
30917	-51.6584
30918	-60.9837
30919	-64.1818
30920	-65.8829
30921	-66.4512
30922	-66.0701
30923	-67.2042
30924	-68.0824
30925	-69.1426
30926	-68.0964
30927	-66.1232
30928	-68.4956
30929	-71.9967
30930	-72.7477
30931	-72.9234
30932	-72.7334
30933	-72.8798
30934	-72.8002
30935	-72.4253
30936	-72.3266
30937	-71.0672
30938	-69.3925
30939	-69.1613
30940	-68.6129
30941	-69.0955
30942	-70.5245
30943	-70.942
30944	-70.3237
30945	-71.0086
30946	-72.0568
30947	-72.0586
30948	-71.6049
30949	-71.2412
30950	-71.9498
30951	-71.9193
30952	-71.484
30953	-71.1743
30954	-70.103
30955	-67.8788
30956	-66.1469
30957	-65.9879
30958	-66.1217
30959	-64.4201
30960	-63.5089
30961	-62.5434
30962	-61.3047
30963	-58.9161
30964	-50.7632
30965	-36.118
30966	-27.0031
30967	-27.8552
30968	-38.509
30969	-50.9117
30970	-57.2695
30971	-59.2474
30972	-58.8711
30973	-59.0111
30974	-61.6364
30975	-64.2119
30976	-66.2251
30977	-67.5583
30978	-68.4631
30979	-70.277
30980	-71.2652
30981	-71.1075
30982	-71.4441
30983	-71.1639
30984	-70.7759
30985	-70.5938
30986	-72.1802
30987	-72.5347
30988	-72.7426
30989	-71.8285
30990	-72.1888
30991	-72.8647
30992	-72.2572
30993	-71.4441
30994	-70.4667
30995	-69.6735
30996	-71.782
30997	-73.124
30998	-73.7729
30999	-73.3002
31000	-72.8018
31001	-72.9074
31002	-73.359
31003	-73.7924
31004	-72.9159
31005	-68.6435
31006	-64.8999
31007	-66.8733
31008	-69.6858
31009	-69.5916
31010	-69.4299
31011	-68.8797
31012	-68.4196
31013	-67.8169
31014	-64.071
31015	-57.7146
31016	-51.2758
31017	-51.914
31018	-60.5284
31019	-64.265
31020	-66.0342
31021	-67.1091
31022	-67.2576
31023	-67.0484
31024	-68.213
31025	-68.6762
31026	-64.7272
31027	-61.0733
31028	-63.9251
31029	-67.0798
31030	-67.4227
31031	-69.1721
31032	-69.1474
31033	-68.8141
31034	-68.5371
31035	-67.262
31036	-64.4835
31037	-62.9992
31038	-60.3046
31039	-60.7292
31040	-60.8346
31041	-60.6464
31042	-62.9223
31043	-64.2621
31044	-64.9361
31045	-67.1611
31046	-69.4802
31047	-71.0608
31048	-71.2211
31049	-69.8897
31050	-70.1139
31051	-70.2584
31052	-71.2908
31053	-72.4715
31054	-73.1899
31055	-72.7505
31056	-72.5311
31057	-72.4983
31058	-72.4597
31059	-73.1006
31060	-72.4308
31061	-71.0955
31062	-70.2992
31063	-70.7371
31064	-71.3866
31065	-72.3966
31066	-72.0867
31067	-72.2154
31068	-72.8801
31069	-73.2016
31070	-72.9117
31071	-72.9794
31072	-72.1535
31073	-72.3771
31074	-71.8809
31075	-71.3551
31076	-70.6691
31077	-70.1697
31078	-69.7186
31079	-69.5338
31080	-69.237
31081	-68.3598
31082	-66.4923
31083	-64.7951
31084	-59.6599
31085	-57.3436
31086	-54.1905
31087	-48.9459
31088	-44.9243
31089	-47.1446
31090	-48.2364
31091	-47.5064
31092	-52.0301
31093	-55.244
31094	-56.3177
31095	-59.5946
31096	-63.8781
31097	-66.0358
31098	-67.1912
31099	-68.2879
31100	-68.7326
31101	-69.1202
31102	-70.1269
31103	-70.7151
31104	-71.5298
31105	-72.1066
31106	-71.5799
31107	-71.6501
31108	-72.3821
31109	-72.2774
31110	-71.9446
31111	-71.016
31112	-70.8902
31113	-71.7641
31114	-71.8076
31115	-68.3094
31116	-64.0602
31117	-64.4673
31118	-69.4339
31119	-72.0487
31120	-72.8752
31121	-73.3063
31122	-73.3352
31123	-73.1566
31124	-72.7296
31125	-73.0656
31126	-72.033
31127	-70.7246
31128	-69.9242
31129	-70.1165
31130	-70.1055
31131	-70.8365
31132	-70.4524
31133	-69.2564
31134	-69.0278
31135	-66.1895
31136	-63.5293
31137	-62.2688
31138	-59.1888
31139	-60.1996
31140	-59.8884
31141	-60.0041
31142	-62.699
31143	-63.7156
31144	-65.0049
31145	-67.6861
31146	-69.4686
31147	-70.1696
31148	-69.8207
31149	-67.1985
31150	-67.9408
31151	-66.7965
31152	-67.8733
31153	-69.5248
31154	-69.8369
31155	-69.9799
31156	-68.1536
31157	-66.2278
31158	-66.2359
31159	-65.3825
31160	-62.6722
31161	-62.5847
31162	-61.9348
31163	-61.3669
31164	-63.8986
31165	-66.6172
31166	-69.2053
31167	-69.6825
31168	-70.34
31169	-71.263
31170	-71.3041
31171	-71.2779
31172	-70.7566
31173	-70.7706
31174	-71.1718
31175	-72.565
31176	-73.1551
31177	-72.9875
31178	-73.5257
31179	-73.0768
31180	-73.4012
31181	-72.6032
31182	-72.0257
31183	-69.342
31184	-62.5629
31185	-64.0681
31186	-69.9415
31187	-72.4234
31188	-71.6256
31189	-70.8298
31190	-70.3829
31191	-71.7861
31192	-72.3315
31193	-72.6186
31194	-72.4928
31195	-72.3151
31196	-73.0082
31197	-72.7734
31198	-72.264
31199	-71.2354
31200	-70.2192
31201	-69.7834
31202	-70.1477
31203	-68.817
31204	-67.6398
31205	-64.2767
31206	-60.5259
31207	-58.8654
31208	-58.8999
31209	-56.895
31210	-52.7253
31211	-52.6129
31212	-49.3799
31213	-46.8067
31214	-51.2523
31215	-58.0487
31216	-60.9636
31217	-62.7826
31218	-66.1984
31219	-68.2273
31220	-69.6825
31221	-70.3286
31222	-70.5127
31223	-70.393
31224	-71.1747
31225	-71.8098
31226	-72.4907
31227	-72.7459
31228	-73.7653
31229	-73.4866
31230	-73.4664
31231	-73.4186
31232	-73.3669
31233	-72.3754
31234	-72.1895
31235	-71.5436
31236	-71.5717
31237	-71.2435
31238	-69.8564
31239	-69.5912
31240	-70.3212
31241	-70.9102
31242	-71.9695
31243	-71.7482
31244	-72.372
31245	-72.6449
31246	-73.0476
31247	-73.4009
31248	-73.1608
31249	-72.6816
31250	-71.7695
31251	-71.1534
31252	-71.423
31253	-72.3303
31254	-71.7029
31255	-69.6139
31256	-67.0937
31257	-66.039
31258	-66.4327
31259	-65.9266
31260	-64.2034
31261	-63.3122
31262	-63.7033
31263	-63.8435
31264	-65.7273
31265	-67.6473
31266	-68.8918
31267	-69.0724
31268	-69.9496
31269	-70.3261
31270	-70.4312
31271	-69.1432
31272	-67.4352
31273	-62.8428
31274	-59.9273
31275	-65.1168
31276	-68.6102
31277	-67.972
31278	-67.1982
31279	-67.1589
31280	-67.0567
31281	-65.6637
31282	-63.8416
31283	-57.7335
31284	-49.1711
31285	-50.3168
31286	-58.7957
31287	-66.0807
31288	-67.2551
31289	-67.3447
31290	-68.3893
31291	-68.6345
31292	-69.233
31293	-69.1002
31294	-66.0111
31295	-64.4748
31296	-69.4393
31297	-73.4373
31298	-73.4796
31299	-73.177
31300	-73.3405
31301	-72.8807
31302	-72.9535
31303	-73.074
31304	-73.0469
31305	-70.1453
31306	-67.9157
31307	-69.5997
31308	-70.4749
31309	-71.8939
31310	-72.6292
31311	-71.7989
31312	-71.6629
31313	-71.9165
31314	-72.1962
31315	-71.7194
31316	-70.0679
31317	-70.9788
31318	-71.5811
31319	-71.4339
31320	-71.3836
31321	-70.9867
31322	-70.218
31323	-67.3374
31324	-66.3248
31325	-65.4943
31326	-63.4957
31327	-61.6895
31328	-60.0045
31329	-59.8171
31330	-59.1247
31331	-57.0394
31332	-48.0194
31333	-27.0074
31334	-18.3597
31335	-19.3345
31336	-30.4505
31337	-52.1569
31338	-59.0989
31339	-60.5349
31340	-61.6278
31341	-62.4904
31342	-63.355
31343	-65.1648
31344	-65.7324
31345	-66.0855
31346	-68.3086
31347	-70.2196
31348	-71.2233
31349	-71.3293
31350	-71.7149
31351	-71.8177
31352	-71.1666
31353	-71.0167
31354	-72.1275
31355	-72.0638
31356	-71.039
31357	-71.171
31358	-71.3786
31359	-71.822
31360	-70.6565
31361	-69.3852
31362	-69.6805
31363	-70.3106
31364	-71.6461
31365	-73.1816
31366	-72.5937
31367	-72.5887
31368	-72.8627
31369	-72.7859
31370	-73.0538
31371	-73.0035
31372	-72.0494
31373	-67.6195
31374	-64.6134
31375	-67.9997
31376	-69.1086
31377	-67.7135
31378	-67.5931
31379	-66.6736
31380	-66.7141
31381	-65.5075
31382	-64.6688
31383	-57.8817
31384	-49.2301
31385	-50.298
31386	-58.7256
31387	-65.5157
31388	-67.2711
31389	-67.3006
31390	-68.4942
31391	-69.0382
31392	-68.7054
31393	-67.6212
31394	-62.3084
31395	-59.9071
31396	-64.436
31397	-67.9165
31398	-70.291
31399	-71.0864
31400	-70.8778
31401	-70.0425
31402	-68.9786
31403	-68.308
31404	-67.578
31405	-63.8031
31406	-61.3776
31407	-63.912
31408	-64.629
31409	-66.2946
31410	-67.8103
31411	-67.6721
31412	-67.7062
31413	-68.2694
31414	-70.0831
31415	-71.368
31416	-71.1022
31417	-71.2147
31418	-71.5249
31419	-72.6569
31420	-73.742
31421	-73.5272
31422	-73.9124
31423	-73.2504
31424	-72.9696
31425	-71.9715
31426	-71.2412
31427	-69.8978
31428	-69.0288
31429	-69.8248
31430	-70.3501
31431	-71.9423
31432	-71.6529
31433	-71.5452
31434	-71.5534
31435	-71.5031
31436	-72.9875
31437	-72.9951
31438	-73.2613
31439	-73.4064
31440	-74.2737
31441	-73.1677
31442	-73.192
31443	-72.6902
31444	-72.0911
31445	-71.1264
31446	-70.173
31447	-69.7799
31448	-69.4611
31449	-68.2342
31450	-66.4973
31451	-64.7352
31452	-63.688
31453	-62.4551
31454	-54.0277
31455	-42.0147
31456	-37.346
31457	-42.0123
31458	-53.2577
31459	-58.4034
31460	-61.2532
31461	-61.4378
31462	-61.1906
31463	-62.8045
31464	-65.6572
31465	-67.6936
31466	-69.5232
31467	-70.0051
31468	-70.5045
31469	-71.3741
31470	-72.2048
31471	-73.3843
31472	-73.3342
31473	-73.0712
31474	-72.4744
31475	-73.1775
31476	-72.2823
31477	-71.7958
31478	-70.2554
31479	-70.1227
31480	-70.9573
31481	-72.4939
31482	-71.5595
31483	-69.2666
31484	-62.8055
31485	-63.5152
31486	-70.6008
31487	-72.7888
31488	-73.2518
31489	-73.2663
31490	-73.7467
31491	-73.7351
31492	-73.663
31493	-72.9878
31494	-72.1778
31495	-71.113
31496	-70.4555
31497	-70.9946
31498	-71.2964
31499	-71.4558
31500	-70.7122
31501	-69.916
31502	-69.4298
31503	-69.6675
31504	-67.1866
31505	-61.4418
31506	-58.1027
31507	-62.0102
31508	-63.9167
31509	-65.5938
31510	-67.4484
31511	-68.1046
31512	-68.3725
31513	-69.18
31514	-69.7246
31515	-69.2647
31516	-67.3861
31517	-65.4852
31518	-65.5928
31519	-67.2077
31520	-69.0999
31521	-70.5459
31522	-70.2206
31523	-69.458
31524	-67.6906
31525	-63.7015
31526	-61.424
31527	-58.1884
31528	-57.3167
31529	-59.7726
31530	-61.0029
31531	-63.5546
31532	-64.8662
31533	-65.2111
31534	-66.3656
31535	-68.6652
31536	-69.4536
31537	-69.9382
31538	-70.0034
31539	-69.0997
31540	-70.3927
31541	-71.4188
31542	-71.9246
31543	-72.5187
31544	-72.8052
31545	-72.8952
31546	-72.6378
31547	-72.3305
31548	-72.764
31549	-71.7932
31550	-70.0115
31551	-67.8416
31552	-65.8694
31553	-66.9135
31554	-69.0653
31555	-70.8733
31556	-71.3526
31557	-70.8757
31558	-72.2996
31559	-72.4907
31560	-72.1224
31561	-72.4926
31562	-71.9133
31563	-71.8787
31564	-71.9782
31565	-71.1133
31566	-69.4878
31567	-68.3417
31568	-67.9802
31569	-68.0691
31570	-67.5021
31571	-65.8583
31572	-65.1231
31573	-63.5623
31574	-58.8219
31575	-54.5429
31576	-49.9455
31577	-43.4898
31578	-42.2243
31579	-45.5255
31580	-48.8728
31581	-51.4502
31582	-55.6818
31583	-57.463
31584	-57.1703
31585	-60.1717
31586	-65.6339
31587	-67.3534
31588	-68.6179
31589	-69.9324
31590	-69.9262
31591	-70.6163
31592	-71.2079
31593	-70.5865
31594	-71.1775
31595	-71.7435
31596	-72.0185
31597	-72.0609
31598	-72.688
31599	-72.9011
31600	-73.1453
31601	-72.899
31602	-72.059
31603	-72.7583
31604	-72.314
31605	-70.9231
31606	-69.5081
31607	-70.8458
31608	-71.604
31609	-72.9051
31610	-73.6562
31611	-72.8179
31612	-72.2358
31613	-72.8783
31614	-73.3615
31615	-72.8624
31616	-70.9292
31617	-68.768
31618	-68.9747
31619	-69.8201
31620	-70.3883
31621	-71.462
31622	-70.7131
31623	-69.6839
31624	-67.7111
31625	-64.1632
31626	-61.612
31627	-59.1511
31628	-57.54
31629	-60.3526
31630	-61.7919
31631	-64.0954
31632	-65.4645
31633	-66.1448
31634	-67.3624
31635	-68.7658
31636	-68.1153
31637	-68.2199
31638	-66.6701
31639	-65.448
31640	-67.727
31641	-63.8343
31642	-64.1326
31643	-67.6476
31644	-68.1329
31645	-68.0524
31646	-66.135
31647	-65.8743
31648	-64.9444
31649	-63.8691
31650	-61.3839
31651	-58.9341
31652	-54.8634
31653	-55.3143
31654	-59.7288
31655	-63.7114
31656	-67.6815
31657	-69.5101
31658	-69.4219
31659	-70.4851
31660	-70.0242
31661	-68.9734
31662	-67.5223
31663	-66.8278
31664	-70.1158
31665	-72.8798
31666	-73.7039
31667	-73.2373
31668	-72.0779
31669	-73.1592
31670	-74.0259
31671	-73.6087
31672	-72.0778
31673	-71.109
31674	-69.4301
31675	-70.7203
31676	-72.0287
31677	-72.5754
31678	-72.2704
31679	-72.6281
31680	-73.1606
31681	-72.7214
31682	-72.9433
31683	-71.8085
31684	-70.7875
31685	-71.0681
31686	-70.4955
31687	-70.5523
31688	-71.3481
31689	-70.6618
31690	-69.4226
31691	-68.533
31692	-67.7823
31693	-66.2047
31694	-64.3579
31695	-59.9307
31696	-56.5222
31697	-57.0412
31698	-56.2269
31699	-52.3954
31700	-48.0102
31701	-41.9962
31702	-36.7969
31703	-37.5161
31704	-46.1461
31705	-52.8994
31706	-58.6513
31707	-62.3617
31708	-63.8547
31709	-64.3168
31710	-66.4175
31711	-67.1678
31712	-66.8347
31713	-67.4035
31714	-68.7175
31715	-70.2212
31716	-71.3858
31717	-71.3689
31718	-71.5166
31719	-71.9637
31720	-71.5143
31721	-72.322
31722	-72.3857
31723	-71.3826
31724	-71.3593
31725	-70.7882
31726	-69.846
31727	-68.7159
31728	-67.2738
31729	-68.3378
31730	-69.9505
31731	-71.7146
31732	-72.7074
31733	-72.3097
31734	-72.3576
31735	-72.8941
31736	-72.3934
31737	-72.647
31738	-72.0616
31739	-71.9926
31740	-70.1339
31741	-67.6775
31742	-68.6614
31743	-69.2659
31744	-68.9746
31745	-67.5105
31746	-65.9932
31747	-65.0943
31748	-64.5868
31749	-63.4916
31750	-60.8218
31751	-58.9302
31752	-54.936
31753	-54.7345
31754	-59.4736
31755	-63.6722
31756	-67.4712
31757	-68.5121
31758	-69.3034
31759	-70.2203
31760	-69.0156
31761	-66.3554
31762	-63.7414
31763	-63.4099
31764	-66.6112
31765	-69.056
31766	-69.8852
31767	-70.1553
31768	-69.9209
31769	-69.4445
31770	-68.5199
31771	-67.4821
31772	-65.8781
31773	-65.6216
31774	-65.4064
31775	-66.3307
31776	-68.5687
31777	-69.6435
31778	-69.0639
31779	-69.7491
31780	-70.1228
31781	-71.1595
31782	-71.5612
31783	-71.2334
31784	-71.1075
31785	-71.4157
31786	-72.0596
31787	-73.025
31788	-74.1804
31789	-74.237
31790	-73.6008
31791	-73.4212
31792	-73.1311
31793	-72.8844
31794	-69.9846
31795	-65.3094
31796	-64.4593
31797	-68.907
31798	-71.8676
31799	-72.9881
31800	-71.3297
31801	-70.3637
31802	-70.054
31803	-71.634
31804	-72.3926
31805	-73.8927
31806	-72.9051
31807	-73.2786
31808	-74.1148
31809	-73.8335
31810	-72.9797
31811	-72.1768
31812	-71.7575
31813	-70.9622
31814	-70.8184
31815	-69.2255
31816	-67.3257
31817	-64.6512
31818	-63.256
31819	-63.3342
31820	-64.2518
31821	-63.2593
31822	-59.5711
31823	-57.4558
31824	-56.2878
31825	-56.9723
31826	-60.8477
31827	-64.4286
31828	-64.6732
31829	-64.4525
31830	-65.6487
31831	-67.4044
31832	-68.8844
31833	-69.5776
31834	-70.7506
31835	-71.3293
31836	-72.081
31837	-72.9318
31838	-73.0811
31839	-73.7103
31840	-74.3623
31841	-73.8691
31842	-73.5272
31843	-73.3033
31844	-73.2533
31845	-70.9774
31846	-70.3348
31847	-71.1237
31848	-71.2868
31849	-71.8612
31850	-70.3508
31851	-68.8494
31852	-66.6236
31853	-68.0205
31854	-69.9331
31855	-72.143
31856	-73.2012
31857	-73.6272
31858	-73.5691
31859	-74.1366
31860	-74.0611
31861	-72.7817
31862	-72.0822
31863	-71.5344
31864	-71.7529
31865	-71.4232
31866	-71.2823
31867	-69.7548
31868	-68.8639
31869	-68.858
31870	-69.13
31871	-68.4496
31872	-66.8535
31873	-66.1044
31874	-66.401
31875	-66.2882
31876	-67.3605
31877	-68.0024
31878	-69.1778
31879	-70.07
31880	-70.9169
31881	-71.0869
31882	-69.9066
31883	-68.9853
31884	-65.5839
31885	-61.1075
31886	-62.5387
31887	-67.278
31888	-69.1064
31889	-69.6949
31890	-69.0747
31891	-67.7954
31892	-67.5959
31893	-65.1286
31894	-58.4612
31895	-51.6265
31896	-50.5881
31897	-58.9631
31898	-63.7091
31899	-65.3174
31900	-66.3743
31901	-66.0009
31902	-67.1451
31903	-67.7767
31904	-69.0289
31905	-68.454
31906	-66.1575
31907	-67.597
31908	-71.4399
31909	-72.7392
31910	-73.3054
31911	-72.644
31912	-72.638
31913	-72.8544
31914	-72.5052
31915	-72.2206
31916	-71.3481
31917	-70.0199
31918	-69.0247
31919	-68.8411
31920	-68.9043
31921	-70.3026
31922	-71.0479
31923	-70.508
31924	-70.8873
31925	-71.7829
31926	-71.9448
31927	-71.8742
31928	-71.2371
31929	-71.7797
31930	-72.1215
31931	-71.3562
31932	-71.2531
31933	-70.3598
31934	-68.3474
31935	-66.2929
31936	-65.7197
31937	-66.133
31938	-64.553
31939	-63.3355
31940	-62.665
31941	-61.4002
31942	-59.7139
31943	-52.2402
31944	-38.7559
31945	-27.7063
31946	-26.6268
31947	-35.3958
31948	-49.0734
31949	-56.5217
31950	-58.7754
31951	-59.0959
31952	-58.6529
31953	-61.0556
31954	-63.7038
31955	-65.6899
31956	-67.3945
31957	-67.8234
31958	-69.8414
31959	-70.6983
31960	-71.0158
31961	-71.4249
31962	-71.1621
31963	-71.1946
31964	-70.2813
31965	-71.8327
31966	-72.4708
31967	-72.8569
31968	-71.887
31969	-72.0512
31970	-72.5913
31971	-72.3577
31972	-71.6292
31973	-70.517
31974	-69.4646
31975	-71.314
31976	-73.0084
31977	-73.4712
31978	-73.4936
31979	-72.7876
31980	-72.7546
31981	-73.4381
31982	-73.657
31983	-73.5537
31984	-69.4719
31985	-65.1532
31986	-66.1359
31987	-69.4294
31988	-69.7492
31989	-69.569
31990	-68.7947
31991	-68.5923
31992	-68.1075
31993	-65.2281
31994	-58.9552
31995	-52.0256
31996	-50.839
31997	-58.4231
31998	-63.5116
31999	-65.4572
32000	-66.8842
32001	-66.9828
32002	-66.803
32003	-67.9013
32004	-68.7827
32005	-66.0179
32006	-61.1505
32007	-62.9255
32008	-67.1093
32009	-67.3019
32010	-69.01
32011	-69.3225
32012	-68.8132
32013	-68.9128
32014	-68.0459
32015	-65.4996
32016	-63.7352
32017	-61.2219
32018	-60.7992
32019	-61.581
32020	-60.8192
32021	-62.6987
32022	-64.2238
32023	-64.6645
32024	-66.8064
32025	-69.3385
32026	-70.7782
32027	-71.7197
32028	-70.2206
32029	-70.2526
32030	-70.3898
32031	-71.1028
32032	-72.3411
32033	-72.6561
32034	-72.8619
32035	-72.7725
32036	-72.4094
32037	-72.4216
32038	-72.9106
32039	-72.3787
32040	-71.1019
32041	-70.4049
32042	-70.3226
32043	-71.2551
32044	-72.3205
32045	-72.0041
32046	-72.0896
32047	-72.6251
32048	-73.3378
32049	-72.9635
32050	-73.1101
32051	-72.7251
32052	-72.3751
32053	-72.2301
32054	-71.5061
32055	-70.8735
32056	-70.4435
32057	-69.789
32058	-69.7805
32059	-69.7361
32060	-68.7614
32061	-67.1144
32062	-65.7875
32063	-60.7913
32064	-58.1432
32065	-55.5644
32066	-50.6454
32067	-45.6264
32068	-46.8642
32069	-49.2579
32070	-47.5784
32071	-51.4294
32072	-54.8335
32073	-56.1912
32074	-59.0992
32075	-63.2237
32076	-66.0385
32077	-67.1966
32078	-68.4166
32079	-68.6205
32080	-69.161
32081	-70.0401
32082	-70.6875
32083	-71.392
32084	-72.3192
32085	-72.0394
32086	-71.7953
32087	-72.2811
32088	-72.2177
32089	-72.2243
32090	-71.1908
32091	-70.9416
32092	-71.5927
32093	-72.2738
32094	-69.1503
32095	-64.664
32096	-63.7114
32097	-68.3591
32098	-71.5294
32099	-72.7096
32100	-73.172
32101	-73.188
32102	-73.3786
32103	-72.553
32104	-73.1487
32105	-72.1757
32106	-70.8324
32107	-70.4394
32108	-69.9372
32109	-70.2446
32110	-70.7788
32111	-70.651
32112	-69.4296
32113	-69.2681
32114	-67.1705
32115	-64.238
32116	-62.7546
32117	-60.0492
32118	-59.9809
32119	-60.845
32120	-59.7734
32121	-62.5612
32122	-63.768
32123	-64.6704
32124	-67.2824
32125	-69.4596
32126	-70.2414
32127	-70.3422
32128	-67.8004
32129	-67.5595
32130	-67.3475
32131	-67.4216
32132	-69.1365
32133	-69.7495
32134	-70.081
32135	-68.4704
32136	-66.2533
32137	-65.971
32138	-65.5996
32139	-62.93
32140	-61.8729
32141	-61.9761
32142	-60.429
32143	-62.9875
32144	-65.7594
32145	-68.4643
32146	-69.6506
32147	-70.157
32148	-70.9891
32149	-71.275
32150	-71.2917
32151	-70.6973
32152	-70.6124
32153	-70.933
32154	-72.2958
32155	-73.0499
32156	-72.9975
32157	-73.4038
32158	-73.2095
32159	-73.3936
32160	-72.7303
32161	-72.1952
32162	-70.3198
32163	-63.3597
32164	-62.9201
32165	-68.9375
32166	-72.2742
32167	-71.8926
32168	-70.791
32169	-70.4009
32170	-71.3197
32171	-72.4937
32172	-72.6192
32173	-72.4533
32174	-72.2251
32175	-72.8126
32176	-72.7819
32177	-72.118
32178	-71.4817
32179	-70.205
32180	-69.8427
32181	-69.8667
32182	-68.908
32183	-67.6938
32184	-64.7189
32185	-60.9678
32186	-58.6665
32187	-58.925
32188	-56.9413
32189	-52.6852
32190	-51.9444
32191	-49.2931
32192	-45.6016
32193	-48.8027
32194	-56.1653
32195	-60.321
32196	-61.7774
32197	-65.3852
32198	-67.8188
32199	-69.0977
32200	-70.1253
32201	-70.275
32202	-70.1597
32203	-71.1838
32204	-71.4725
32205	-72.3423
32206	-72.486
32207	-73.3985
32208	-73.1798
32209	-73.6199
32210	-73.3315
32211	-73.3048
32212	-72.6275
32213	-72.0036
32214	-71.8929
32215	-71.7621
32216	-71.2189
32217	-70.3813
32218	-69.5801
32219	-70.2463
32220	-70.7954
32221	-72.0482
32222	-71.9205
32223	-72.2758
32224	-72.44
32225	-72.8029
32226	-73.4724
32227	-73.255
32228	-72.471
32229	-71.8371
32230	-71.0362
32231	-71.1273
32232	-71.8104
32233	-71.6804
32234	-69.9285
32235	-67.3826
32236	-66.0006
32237	-66.2247
32238	-65.6958
32239	-64.2176
32240	-62.7763
32241	-63.3381
32242	-62.7045
32243	-64.5202
32244	-66.6687
32245	-68.7714
32246	-68.9265
32247	-69.7984
32248	-70.016
32249	-70.5088
32250	-69.449
32251	-67.3848
32252	-64.0468
32253	-59.8373
32254	-63.6785
32255	-68.6808
32256	-68.1121
32257	-67.3719
32258	-67.227
32259	-67.1324
32260	-66.1366
32261	-64.3937
32262	-60.0839
32263	-50.1301
32264	-49.3788
32265	-57.198
32266	-65.0527
32267	-67.1974
32268	-67.2415
32269	-68.2603
32270	-68.4933
32271	-69.0125
32272	-69.3229
32273	-66.9258
32274	-64.1399
32275	-68.0376
32276	-72.9507
32277	-73.616
32278	-73.2004
32279	-73.338
32280	-72.8813
32281	-72.8855
32282	-73.043
32283	-73.1262
32284	-71.1117
32285	-68.3603
32286	-69.3957
32287	-70.564
32288	-71.4728
32289	-72.6608
32290	-71.9506
32291	-71.5873
32292	-72.057
32293	-72.2776
32294	-72.1961
32295	-69.9813
32296	-70.6368
32297	-71.2823
32298	-71.3344
32299	-71.31
32300	-71.0947
32301	-70.2812
32302	-67.9265
32303	-66.434
32304	-65.6562
32305	-63.9761
32306	-62.1796
32307	-60.2863
32308	-59.8733
32309	-59.4991
32310	-57.5846
32311	-51.1669
32312	-30.4447
32313	-19.5621
32314	-18.696
32315	-27.5354
32316	-48.8016
32317	-58.6733
32318	-60.4445
32319	-61.7537
32320	-62.2448
32321	-63.086
32322	-64.7563
32323	-65.7799
32324	-65.6988
32325	-67.5619
32326	-69.8765
32327	-70.8906
32328	-71.1094
32329	-71.7679
32330	-71.888
32331	-71.1729
32332	-70.7831
32333	-71.9088
32334	-72.0502
32335	-71.1977
32336	-71.1314
32337	-71.5529
32338	-71.6607
32339	-70.8322
32340	-69.351
32341	-69.6811
32342	-69.5954
32343	-71.0857
32344	-72.8202
32345	-72.6327
32346	-72.5134
32347	-72.8273
32348	-72.8444
32349	-73.1084
32350	-73.1906
32351	-72.2541
32352	-68.9749
32353	-64.6825
32354	-67.2158
32355	-69.2593
32356	-67.7715
32357	-67.6712
32358	-66.7552
32359	-66.7212
32360	-65.8215
32361	-64.8895
32362	-60.2754
32363	-50.1525
32364	-49.2984
32365	-57.0928
32366	-64.8276
32367	-66.7976
32368	-67.2915
32369	-68.3498
32370	-68.7267
32371	-68.8789
32372	-68.2844
32373	-63.654
32374	-59.9432
32375	-63.3153
32376	-67.8884
32377	-69.8209
32378	-70.973
32379	-70.8627
32380	-70.5604
32381	-69.161
32382	-68.3622
32383	-68.0214
32384	-65.5467
32385	-62.8808
32386	-64.383
32387	-64.7244
32388	-66.4981
32389	-67.8869
32390	-67.8936
32391	-67.6395
32392	-68.1611
32393	-69.7806
32394	-71.1656
32395	-71.4726
32396	-71.2977
32397	-71.6392
32398	-72.3966
32399	-73.6413
32400	-73.6747
32401	-73.7371
32402	-73.2231
32403	-73.2743
32404	-72.2389
32405	-71.1091
32406	-70.0235
32407	-68.698
32408	-69.4563
32409	-70.1184
32410	-71.6206
32411	-71.7028
32412	-71.4855
32413	-71.3225
32414	-71.1512
32415	-72.7254
32416	-73.1451
32417	-73.6274
32418	-73.1549
32419	-74.1744
32420	-73.4889
32421	-73.0702
32422	-73.0052
32423	-72.2376
32424	-71.5757
32425	-70.7972
32426	-69.6833
32427	-69.694
32428	-68.5038
32429	-66.9259
32430	-65.2355
32431	-63.9396
32432	-63.6036
32433	-57.4137
32434	-45.2689
32435	-39.1206
32436	-41.8493
32437	-52.6992
32438	-57.9577
32439	-61.346
32440	-61.7553
32441	-61.5028
32442	-62.5068
32443	-65.2662
32444	-67.5933
32445	-69.6469
32446	-70.348
32447	-70.6887
32448	-71.3419
32449	-72.0161
32450	-73.3273
32451	-73.4173
32452	-73.249
32453	-72.7795
32454	-73.2907
32455	-72.4463
32456	-72.0706
32457	-70.431
32458	-70.1725
32459	-70.6574
32460	-72.4621
32461	-71.9439
32462	-69.9928
32463	-63.8782
32464	-62.7121
32465	-69.0938
32466	-72.6133
32467	-73.398
32468	-73.0555
32469	-73.5969
32470	-73.8207
32471	-73.8838
32472	-73.2121
32473	-72.1255
32474	-71.3685
32475	-70.829
32476	-70.9371
32477	-71.4669
32478	-71.5976
32479	-70.9429
32480	-70.1567
32481	-69.5068
32482	-69.7029
32483	-68.6073
32484	-63.2462
32485	-59.1442
32486	-61.7978
32487	-63.8784
32488	-65.6047
32489	-67.1601
32490	-68.3505
32491	-68.4553
32492	-69.0941
32493	-69.6326
32494	-69.4385
32495	-67.8434
32496	-65.6093
32497	-65.1828
32498	-66.9106
32499	-68.532
32500	-70.4794
32501	-70.2962
32502	-69.4129
32503	-68.0718
32504	-64.2937
32505	-61.6115
32506	-58.5912
32507	-56.817
32508	-58.9251
32509	-60.5673
32510	-62.578
32511	-64.4747
32512	-64.7837
32513	-65.828
32514	-68.1093
32515	-69.1523
32516	-69.524
32517	-70.1838
32518	-68.9052
32519	-70.2212
32520	-71.0837
32521	-71.7163
32522	-72.2388
32523	-72.7775
32524	-72.6548
32525	-72.7709
32526	-72.3395
32527	-72.9008
32528	-72.2956
32529	-70.5865
32530	-68.4442
32531	-66.1142
32532	-66.5069
32533	-68.5759
32534	-70.653
32535	-71.3711
32536	-70.7691
32537	-72.0663
32538	-72.358
32539	-72.1062
32540	-72.2459
32541	-71.9774
32542	-71.6755
32543	-71.8991
32544	-71.2101
32545	-69.5119
32546	-68.2372
32547	-67.9598
32548	-67.9461
32549	-67.7143
32550	-65.8767
32551	-65.1109
32552	-63.9105
32553	-59.6819
32554	-55.1184
32555	-50.7168
32556	-44.0765
32557	-41.735
32558	-44.1405
32559	-48.3963
32560	-49.926
32561	-54.8133
32562	-56.9996
32563	-56.7973
32564	-58.919
32565	-64.5422
32566	-67.0628
32567	-68.0406
32568	-69.3171
32569	-69.628
32570	-70.1355
32571	-71.1781
32572	-70.5048
32573	-70.835
32574	-71.5509
32575	-71.8398
32576	-71.8068
32577	-72.5977
32578	-72.9637
32579	-73.2297
32580	-73.0319
32581	-72.154
32582	-72.539
32583	-72.5704
32584	-71.5564
32585	-69.8079
32586	-70.6783
32587	-71.5349
32588	-72.7641
32589	-73.8972
32590	-73.2035
32591	-72.2337
32592	-72.6635
32593	-73.5013
32594	-72.9545
32595	-71.2083
32596	-68.8331
32597	-68.6382
32598	-69.2902
32599	-70.1854
32600	-71.0398
32601	-70.7315
32602	-69.6373
32603	-68.3687
32604	-64.5918
32605	-61.8661
32606	-59.2078
32607	-57.1129
32608	-59.3125
32609	-61.5299
32610	-63.1277
32611	-64.9029
32612	-65.7571
32613	-66.6204
32614	-68.6092
32615	-68.1179
32616	-68.1216
32617	-67.2974
32618	-64.9866
32619	-67.3154
32620	-64.3261
32621	-63.8637
32622	-67.3355
32623	-68.1562
32624	-68.1464
32625	-66.6172
32626	-65.9239
32627	-65.2411
32628	-64.5283
32629	-62.0803
32630	-60.4598
32631	-55.2712
32632	-54.9746
32633	-58.9768
32634	-63.0534
32635	-67.1074
32636	-69.5124
32637	-69.5954
32638	-70.3428
32639	-70.3019
32640	-69.3289
32641	-67.9112
32642	-66.6805
32643	-69.3623
32644	-72.7658
32645	-73.7031
32646	-73.3121
32647	-72.1455
32648	-72.8284
32649	-73.8314
32650	-73.6291
32651	-72.2335
32652	-71.6059
32653	-69.8181
32654	-70.4202
32655	-72.1116
32656	-72.6093
32657	-72.1657
32658	-72.3727
32659	-73.1708
32660	-72.7007
32661	-72.9347
32662	-72.1274
32663	-71.0004
32664	-71.3262
32665	-70.7838
32666	-70.4631
32667	-71.3542
32668	-70.9334
32669	-69.8283
32670	-68.7353
32671	-68.1634
32672	-66.6429
32673	-65.0138
32674	-60.8889
32675	-56.9074
32676	-57.038
32677	-56.6182
32678	-53.7924
32679	-48.9234
32680	-43.7918
32681	-37.7772
32682	-37.076
32683	-44.3133
32684	-51.8148
32685	-57.8076
32686	-62.1235
32687	-63.8128
32688	-64.4285
32689	-66.1053
32690	-67.2116
32691	-67.0037
32692	-67.5451
32693	-68.4761
32694	-69.9198
32695	-71.5144
32696	-71.3482
32697	-71.4657
32698	-72.0712
32699	-71.3896
32700	-72.1773
32701	-72.7029
32702	-71.4789
32703	-71.2879
32704	-70.8531
32705	-69.9615
32706	-68.9494
32707	-67.2023
32708	-67.9605
32709	-69.672
32710	-71.2825
32711	-72.5524
32712	-72.2504
32713	-72.3259
32714	-72.8202
32715	-72.3253
32716	-72.5047
32717	-72.2917
32718	-71.9906
32719	-70.6681
32720	-68.2457
32721	-68.3884
32722	-69.5576
32723	-68.8649
32724	-67.9653
32725	-66.3934
32726	-65.1134
32727	-64.8534
32728	-64.1308
32729	-61.5
32730	-60.1859
32731	-55.5129
32732	-54.3573
32733	-58.7851
32734	-62.8468
32735	-67.0648
32736	-68.6212
32737	-69.082
32738	-70.151
32739	-69.5171
32740	-66.9024
32741	-64.4444
32742	-63.3833
32743	-66.1164
32744	-68.5579
32745	-69.5629
32746	-70.0223
32747	-69.8945
32748	-69.5471
32749	-68.867
32750	-67.6657
32751	-65.8885
32752	-65.0522
32753	-63.2107
32754	-64.2604
32755	-68.1965
32756	-69.3903
32757	-69.461
32758	-69.5773
32759	-69.9936
32760	-71.1122
32761	-71.5974
32762	-71.2839
32763	-71.1348
32764	-71.3971
32765	-72.1298
32766	-72.4895
32767	-73.813
32768	-74.1403
32769	-73.7648
32770	-73.4056
32771	-73.2624
32772	-73.2641
32773	-70.7277
32774	-66.0979
32775	-63.7705
32776	-68.0931
32777	-71.2294
32778	-72.6205
32779	-71.4932
32780	-70.54
32781	-69.9988
32782	-71.324
32783	-72.2933
32784	-73.6094
32785	-73.1396
32786	-73.4661
32787	-73.6899
32788	-74.109
32789	-72.8603
32790	-72.4185
32791	-71.7733
32792	-70.8875
32793	-70.9471
32794	-69.2969
32795	-67.8272
32796	-65.2585
32797	-63.297
32798	-63.2885
32799	-63.7199
32800	-63.4631
32801	-59.1906
32802	-49.288
32803	-43.0248
32804	-45.7675
32805	-55.4628
32806	-63.71
32807	-65.0075
32808	-64.3441
32809	-65.4347
32810	-67.0323
32811	-68.7519
32812	-69.6094
32813	-70.4632
32814	-71.4483
32815	-72.0399
32816	-72.8576
32817	-73.3827
32818	-73.6343
32819	-74.298
32820	-73.6177
32821	-73.4261
32822	-73.5112
32823	-73.2198
32824	-71.5101
32825	-70.2811
32826	-70.866
32827	-71.0905
32828	-72.0854
32829	-70.8921
32830	-69.4113
32831	-67.1202
32832	-67.9222
32833	-69.6704
32834	-71.9169
32835	-72.9287
32836	-73.6967
32837	-73.5019
32838	-74.2053
32839	-74.1387
32840	-73.1226
32841	-72.434
32842	-71.4558
32843	-71.6227
32844	-71.4832
32845	-71.232
32846	-69.7372
32847	-68.9531
32848	-68.7188
32849	-69.0037
32850	-68.3765
32851	-67.1588
32852	-66.1263
32853	-67.9224
32854	-67.1024
32855	-67.2771
32856	-67.9725
32857	-68.9842
32858	-69.8447
32859	-70.7823
32860	-71.0502
32861	-70.0942
32862	-69.1037
32863	-66.2605
32864	-61.5543
32865	-61.5876
32866	-66.4869
32867	-68.8803
32868	-69.8591
32869	-69.311
32870	-67.8322
32871	-67.5774
32872	-65.8287
32873	-59.937
32874	-52.62
32875	-49.9394
32876	-56.576
32877	-63.2572
32878	-64.7118
32879	-66.2575
32880	-66.0853
32881	-66.8855
32882	-67.4229
32883	-68.6789
32884	-68.8002
32885	-66.417
32886	-66.8267
32887	-70.7703
32888	-72.4456
32889	-73.243
32890	-72.5884
32891	-72.6706
32892	-73.1408
32893	-72.3872
32894	-72.3779
32895	-71.7588
32896	-70.6632
32897	-69.0538
32898	-69.0426
32899	-69.0332
32900	-70.3917
32901	-70.878
32902	-70.7669
32903	-70.6684
32904	-71.5011
32905	-72.0115
32906	-72.2837
32907	-71.1601
32908	-71.7778
32909	-72.0072
32910	-71.3906
32911	-71.3004
32912	-70.6905
32913	-68.7954
32914	-66.5059
32915	-65.5512
32916	-66.0812
32917	-64.8071
32918	-63.4158
32919	-62.6159
32920	-61.5253
32921	-60.1852
32922	-54.1841
32923	-41.7675
32924	-28.8449
32925	-25.81
32926	-32.6731
32927	-47.2169
32928	-55.5516
32929	-58.2972
32930	-59.052
32931	-58.4163
32932	-60.5589
32933	-63.0364
32934	-65.1937
32935	-67.1814
32936	-67.3875
32937	-69.4207
32938	-70.4791
32939	-71.1524
32940	-71.4479
32941	-71.1479
32942	-71.1339
32943	-70.0907
32944	-71.4604
32945	-72.5389
32946	-72.7024
32947	-72.1063
32948	-71.9316
32949	-72.6025
32950	-72.5307
32951	-71.4821
32952	-70.5638
32953	-69.1306
32954	-70.5791
32955	-72.6296
32956	-73.4191
32957	-73.5546
32958	-72.7665
32959	-72.8811
32960	-73.2554
32961	-73.5289
32962	-73.9473
32963	-70.3819
32964	-65.6728
32965	-65.2671
32966	-68.8566
32967	-69.8695
32968	-69.5846
32969	-68.8766
32970	-68.6814
32971	-68.3331
32972	-66.1076
32973	-60.2088
32974	-52.9721
32975	-50.158
32976	-56.2417
32977	-62.8587
32978	-64.9629
32979	-66.6257
32980	-66.7968
32981	-66.7095
32982	-67.675
32983	-68.6158
32984	-67.1997
32985	-61.5625
32986	-62.0538
32987	-66.831
32988	-67.1966
32989	-68.9821
32990	-69.6087
32991	-68.9017
32992	-69.0484
32993	-68.5738
32994	-66.2304
32995	-64.228
32996	-62.3943
32997	-60.7978
32998	-62.0887
32999	-61.1543
33000	-62.5595
33001	-64.2528
33002	-64.5799
33003	-66.3804
33004	-68.8021
33005	-70.6939
33006	-71.7592
33007	-70.6841
33008	-70.4678
33009	-70.6942
33010	-71.1427
33011	-72.2523
33012	-72.4044
33013	-72.8291
33014	-72.7154
33015	-72.3656
33016	-72.4015
33017	-72.6749
33018	-72.3444
33019	-71.0466
33020	-70.4646
33021	-70.0831
33022	-71.0733
33023	-72.1019
33024	-72.1383
33025	-71.9927
33026	-72.5811
33027	-73.4082
33028	-73.0855
33029	-72.9789
33030	-72.9983
33031	-72.2757
33032	-72.6685
33033	-71.7197
33034	-71.0774
33035	-70.7566
33036	-69.8754
33037	-69.9359
33038	-70.0345
33039	-69.323
33040	-67.6735
33041	-66.8656
33042	-62.1016
33043	-58.6972
33044	-56.9786
33045	-52.3918
33046	-46.7059
33047	-46.927
33048	-49.9642
33049	-47.933
33050	-50.642
33051	-54.8119
33052	-56.3394
33053	-58.6819
33054	-62.7267
33055	-66.0988
33056	-67.1432
33057	-68.4811
33058	-68.6182
33059	-69.2478
33060	-69.8601
33061	-70.7914
33062	-71.4905
33063	-72.5046
33064	-72.3718
33065	-71.6799
33066	-72.1437
33067	-72.2162
33068	-72.3771
33069	-71.1792
33070	-71.014
33071	-71.2175
33072	-72.3866
33073	-69.993
33074	-65.3919
33075	-63.2006
33076	-67.3693
33077	-71.1181
33078	-72.6721
33079	-73.0033
33080	-73.2853
33081	-73.247
33082	-72.5485
33083	-73.1393
33084	-72.4132
33085	-71.1222
33086	-70.7703
33087	-69.8309
33088	-70.4183
33089	-70.7862
33090	-70.8762
33091	-69.8512
33092	-69.4571
33093	-68.1821
33094	-65.1876
33095	-63.3612
33096	-61.1556
33097	-59.9427
33098	-61.7995
33099	-59.7724
33100	-62.267
33101	-64.0403
33102	-64.5105
33103	-66.8809
33104	-69.3734
33105	-70.225
33106	-70.2541
33107	-68.2834
33108	-67.3422
33109	-68.1365
33110	-67.1317
33111	-68.7998
33112	-69.7789
33113	-69.9626
33114	-68.6718
33115	-66.4406
33116	-65.8571
33117	-65.4741
33118	-63.1446
33119	-61.4159
33120	-62.1687
33121	-59.7255
33122	-61.6878
33123	-64.639
33124	-67.411
33125	-69.3297
33126	-70.0397
33127	-70.7131
33128	-71.1634
33129	-71.1317
33130	-70.7517
33131	-70.4497
33132	-70.8025
33133	-71.8685
33134	-72.8241
33135	-72.9781
33136	-73.2866
33137	-73.2675
33138	-73.4255
33139	-73.0974
33140	-72.3715
33141	-70.8999
33142	-64.5237
33143	-62.2381
33144	-67.6382
33145	-71.6642
33146	-72.3291
33147	-70.7819
33148	-70.6118
33149	-70.9099
33150	-72.6194
33151	-72.563
33152	-72.3957
33153	-71.9587
33154	-72.7089
33155	-72.9267
33156	-72.2075
33157	-71.5591
33158	-70.1233
33159	-69.8388
33160	-69.4133
33161	-69.0472
33162	-67.533
33163	-65.1721
33164	-61.5539
33165	-58.7724
33166	-58.2956
33167	-57.0982
33168	-53.021
33169	-51.2141
33170	-49.3215
33171	-45.003
33172	-46.4623
33173	-54.118
33174	-59.4073
33175	-60.8886
33176	-64.6683
33177	-67.2607
33178	-68.556
33179	-69.8239
33180	-70.2999
33181	-69.9746
33182	-70.6993
33183	-71.0602
33184	-72.1108
33185	-72.3365
33186	-73.1703
33187	-72.9118
33188	-73.6513
33189	-73.1636
33190	-73.1829
33191	-72.8848
33192	-72.0233
33193	-72.1807
33194	-71.6458
33195	-71.437
33196	-70.9972
33197	-69.8372
33198	-70.3473
33199	-70.7731
33200	-71.6974
33201	-71.9198
33202	-72.2686
33203	-72.5961
33204	-72.6955
33205	-73.2431
33206	-73.1172
33207	-72.3812
33208	-72.0347
33209	-70.9648
33210	-71.0471
33211	-71.4095
33212	-71.7304
33213	-70.2332
33214	-67.7559
33215	-66.258
33216	-65.9406
33217	-65.5218
33218	-64.436
33219	-62.4449
33220	-62.9345
33221	-61.7712
33222	-63.2668
33223	-65.7518
33224	-68.3479
33225	-68.616
33226	-69.511
33227	-69.7724
33228	-70.4469
33229	-69.8115
33230	-67.5236
33231	-65.2878
33232	-60.1323
33233	-62.4502
33234	-68.0824
33235	-68.3245
33236	-67.6524
33237	-67.2906
33238	-67.2447
33239	-66.3876
33240	-65.0351
33241	-61.8412
33242	-51.5094
33243	-48.8517
33244	-55.2985
33245	-63.8075
33246	-67.2308
33247	-67.2695
33248	-68.2023
33249	-68.4997
33250	-68.9362
33251	-69.5016
33252	-67.7541
33253	-64.1777
33254	-66.693
33255	-72.2973
33256	-73.8979
33257	-73.1928
33258	-73.2331
33259	-72.8824
33260	-73.0085
33261	-72.9761
33262	-73.226
33263	-71.886
33264	-69.0726
33265	-69.2358
33266	-70.2815
33267	-71.24
33268	-72.5278
33269	-72.2421
33270	-71.3816
33271	-71.9341
33272	-72.0778
33273	-72.3658
33274	-70.1599
33275	-70.3991
33276	-71.175
33277	-71.4294
33278	-71.4397
33279	-71.1029
33280	-70.4284
33281	-68.641
33282	-66.7232
33283	-66.0683
33284	-64.4366
33285	-62.448
33286	-60.5866
33287	-59.8849
33288	-59.6858
33289	-58.1737
33290	-53.6948
33291	-34.5097
33292	-21.1653
33293	-18.4438
33294	-25.1821
33295	-44.2595
33296	-57.8959
33297	-60.0125
33298	-61.3464
33299	-62.0485
33300	-62.9165
33301	-64.5694
33302	-65.6909
33303	-65.4624
33304	-67.0929
33305	-69.8016
33306	-70.8765
33307	-71.1137
33308	-71.7272
33309	-71.8736
33310	-71.3891
33311	-70.7796
33312	-71.8962
33313	-72.0076
33314	-71.3089
33315	-70.9205
33316	-71.3811
33317	-71.5439
33318	-70.893
33319	-69.5178
33320	-69.5836
33321	-69.1446
33322	-70.4764
33323	-72.3849
33324	-72.6025
33325	-72.4108
33326	-72.8796
33327	-72.7207
33328	-73.1066
33329	-73.2954
33330	-72.4479
33331	-70.0502
33332	-65.1018
33333	-66.4692
33334	-69.196
33335	-68.0478
33336	-67.6669
33337	-67.0498
33338	-66.649
33339	-66.1919
33340	-65.0601
33341	-62.6431
33342	-51.494
33343	-48.7261
33344	-55.1092
33345	-63.667
33346	-66.4026
33347	-67.215
33348	-68.157
33349	-68.6979
33350	-69.0541
33351	-68.5328
33352	-65.0967
33353	-60.0942
33354	-62.0925
33355	-67.8885
33356	-69.4332
33357	-70.7666
33358	-70.9351
33359	-70.9081
33360	-69.2073
33361	-68.5256
33362	-68.4649
33363	-67.0218
33364	-64.9175
33365	-65.0396
33366	-65.0206
33367	-66.3739
33368	-67.8508
33369	-68.1287
33370	-67.7613
33371	-68.1855
33372	-69.5305
33373	-71.1402
33374	-71.8885
33375	-71.4713
33376	-71.648
33377	-72.3238
33378	-73.4745
33379	-73.9506
33380	-73.6373
33381	-73.2749
33382	-73.2804
33383	-72.3647
33384	-71.1188
33385	-70.2468
33386	-68.8554
33387	-68.7533
33388	-69.8322
33389	-70.8538
33390	-71.6872
33391	-71.385
33392	-71.0799
33393	-70.9358
33394	-72.3667
33395	-73.2164
33396	-73.654
33397	-73.1689
33398	-74.2186
33399	-73.8361
33400	-73.0597
33401	-73.1603
33402	-72.6632
33403	-71.9069
33404	-70.9375
33405	-69.8246
33406	-69.7396
33407	-68.9149
33408	-67.3745
33409	-65.5302
33410	-64.189
33411	-64.3298
33412	-59.7075
33413	-49.2088
33414	-41.717
33415	-42.5603
33416	-52.2423
33417	-57.7231
33418	-61.4221
33419	-62.1417
33420	-61.8231
33421	-62.3639
33422	-64.9418
33423	-67.7127
33424	-69.5738
33425	-70.6148
33426	-70.8075
33427	-71.1346
33428	-72.0811
33429	-73.0093
33430	-73.4851
33431	-73.4546
33432	-72.8047
33433	-73.2163
33434	-72.7675
33435	-72.1944
33436	-70.8748
33437	-70.0981
33438	-70.5689
33439	-72.2525
33440	-72.2702
33441	-70.6266
33442	-65.3182
33443	-62.3214
33444	-67.7578
33445	-72.4312
33446	-73.2947
33447	-72.9895
33448	-73.4855
33449	-73.6508
33450	-73.8876
33451	-73.5046
33452	-72.1159
33453	-71.7563
33454	-71.0244
33455	-70.8541
33456	-71.6678
33457	-71.7313
33458	-71.0477
33459	-70.2945
33460	-69.5798
33461	-69.6809
33462	-69.4876
33463	-65.0084
33464	-60.5237
33465	-61.802
33466	-64.0385
33467	-65.2659
33468	-66.9748
33469	-68.5257
33470	-68.5551
33471	-68.9864
33472	-69.5148
33473	-69.5737
33474	-68.3044
33475	-66.0403
33476	-64.9788
33477	-66.4618
33478	-67.9499
33479	-70.2425
33480	-70.2395
33481	-69.3159
33482	-68.5133
33483	-65.0559
33484	-61.9227
33485	-59.0663
33486	-56.547
33487	-58.2408
33488	-60.4627
33489	-61.5767
33490	-64.3057
33491	-64.6461
33492	-65.3264
33493	-67.6447
33494	-68.857
33495	-69.2509
33496	-70.321
33497	-68.9202
33498	-69.6669
33499	-70.7743
33500	-71.5472
33501	-72.2055
33502	-72.5238
33503	-72.5631
33504	-72.6241
33505	-72.4672
33506	-72.8932
33507	-72.5823
33508	-71.3268
33509	-69.0925
33510	-66.4887
33511	-66.2964
33512	-68.3273
33513	-70.4825
33514	-71.4418
33515	-70.9081
33516	-71.7744
33517	-72.3918
33518	-72.0147
33519	-72.0555
33520	-71.8414
33521	-71.6486
33522	-71.8373
33523	-71.3271
33524	-69.8477
33525	-68.4826
33526	-68.1047
33527	-68.0102
33528	-67.5979
33529	-65.9894
33530	-65.017
33531	-64.1254
33532	-60.5514
33533	-55.7502
33534	-51.5215
33535	-45.0606
33536	-41.3023
33537	-43.1156
33538	-47.9401
33539	-48.8462
33540	-53.8114
33541	-56.2194
33542	-56.5008
33543	-57.999
33544	-63.3688
33545	-66.8872
33546	-67.6138
33547	-68.9665
33548	-69.2854
33549	-69.868
33550	-71.0298
33551	-70.5297
33552	-70.5709
33553	-71.4272
33554	-71.7644
33555	-71.6828
33556	-72.6224
33557	-73.04
33558	-73.0785
33559	-73.1945
33560	-72.1101
33561	-72.2636
33562	-72.5823
33563	-71.7745
33564	-70.0724
33565	-70.4246
33566	-71.6313
33567	-72.5079
33568	-74.0505
33569	-73.3655
33570	-72.2847
33571	-72.2975
33572	-73.7656
33573	-73.1313
33574	-71.6764
33575	-69.1133
33576	-68.3989
33577	-68.9531
33578	-69.9607
33579	-70.6971
33580	-70.7842
33581	-69.8068
33582	-68.8311
33583	-65.0859
33584	-62.1774
33585	-59.5176
33586	-56.9967
33587	-58.4817
33588	-61.3545
33589	-62.25
33590	-64.5653
33591	-65.1734
33592	-66.0437
33593	-68.2706
33594	-68.1314
33595	-68.1455
33596	-67.7282
33597	-64.8506
33598	-66.3442
33599	-65.0183
33600	-63.7786
33601	-66.6029
33602	-68.1524
33603	-68.2269
33604	-67.1672
33605	-66.0381
33606	-65.7001
33607	-65.0235
33608	-62.8397
33609	-61.2466
33610	-56.0055
33611	-54.9553
33612	-58.3487
33613	-62.3747
33614	-66.3508
33615	-69.6048
33616	-69.6396
33617	-70.4212
33618	-70.626
33619	-69.6809
33620	-68.2338
33621	-66.7037
33622	-68.7016
33623	-72.1618
33624	-73.4117
33625	-73.4013
33626	-72.3997
33627	-72.4599
33628	-73.6583
33629	-73.9747
33630	-72.4126
33631	-71.8317
33632	-69.9945
33633	-70.242
33634	-71.9337
33635	-72.3937
33636	-72.2565
33637	-72.3133
33638	-73.0325
33639	-72.8613
33640	-72.9209
33641	-72.2837
33642	-71.3587
33643	-71.4253
33644	-70.922
33645	-70.4677
33646	-70.9959
33647	-71.4031
33648	-70.1147
33649	-69.1457
33650	-68.3358
33651	-67.0503
33652	-65.6346
33653	-61.9505
33654	-57.627
33655	-56.8845
33656	-57.2762
33657	-54.946
33658	-49.8079
33659	-45.7586
33660	-38.8397
33661	-36.9531
33662	-42.4296
33663	-50.9918
33664	-56.7293
33665	-61.6062
33666	-63.7092
33667	-64.3798
33668	-65.6435
33669	-67.2416
33670	-67.2521
33671	-67.2628
33672	-68.2473
33673	-69.7134
33674	-71.6553
33675	-71.3844
33676	-71.6245
33677	-72.1763
33678	-71.5328
33679	-72.0722
33680	-72.4296
33681	-71.5982
33682	-71.2087
33683	-71.0011
33684	-70.1813
33685	-69.1296
33686	-67.1618
33687	-67.5844
33688	-69.4329
33689	-70.6224
33690	-72.4086
33691	-72.2611
33692	-72.1334
33693	-72.7867
33694	-72.5295
33695	-72.3025
33696	-72.2801
33697	-72.0776
33698	-71.3465
33699	-68.9118
33700	-68.0433
33701	-69.6296
33702	-68.8451
33703	-68.6415
33704	-66.8419
33705	-65.4278
33706	-65.043
33707	-64.4758
33708	-62.3314
33709	-60.8219
33710	-56.2974
33711	-54.3111
33712	-57.9263
33713	-62.1522
33714	-66.5303
33715	-68.6364
33716	-68.9669
33717	-70.2481
33718	-70.1484
33719	-67.6097
33720	-65.3227
33721	-63.4811
33722	-65.4296
33723	-68.0949
33724	-69.3768
33725	-69.893
33726	-69.9306
33727	-69.5595
33728	-68.9741
33729	-67.7824
33730	-66.0797
33731	-64.7145
33732	-61.9438
33733	-62.3356
33734	-67.4723
33735	-69.3281
33736	-69.742
33737	-69.2949
33738	-70.0684
33739	-70.8692
33740	-71.6588
33741	-71.3253
33742	-71.0462
33743	-71.4301
33744	-71.9175
33745	-72.1779
33746	-73.7275
33747	-74.0347
33748	-73.8786
33749	-73.4129
33750	-73.2832
33751	-73.5092
33752	-71.4368
33753	-67.0011
33754	-63.5026
33755	-66.8983
33756	-70.5883
33757	-72.3898
33758	-71.7474
33759	-70.6334
33760	-70.0395
33761	-70.8373
33762	-72.2305
33763	-73.1883
33764	-73.2605
33765	-73.3841
33766	-73.4165
33767	-74.1014
33768	-72.8633
33769	-72.6345
33770	-71.6808
33771	-70.871
33772	-70.7404
33773	-69.4675
33774	-68.0006
33775	-65.5535
33776	-63.6488
33777	-63.1044
33778	-63.2475
33779	-63.2635
33780	-59.254
33781	-46.8929
33782	-38.4741
33783	-39.4465
33784	-49.7356
33785	-62.2628
33786	-65.2177
33787	-64.2651
33788	-65.1976
33789	-66.6413
33790	-68.5115
33791	-69.4523
33792	-70.1689
33793	-71.3452
33794	-71.9076
33795	-72.6078
33796	-73.4434
33797	-73.4426
33798	-74.0579
33799	-73.7225
33800	-73.2256
33801	-73.7612
33802	-73.1725
33803	-72.124
33804	-70.4553
33805	-70.6894
33806	-71.0779
33807	-72.0251
33808	-71.3824
33809	-69.9441
33810	-67.373
33811	-67.6386
33812	-69.5271
33813	-71.516
33814	-72.7773
33815	-73.7222
33816	-73.4774
33817	-74.1491
33818	-74.2059
33819	-73.6541
33820	-72.3671
33821	-71.4861
33822	-71.3703
33823	-71.3777
33824	-71.2287
33825	-69.9115
33826	-69.1217
33827	-68.5495
33828	-68.7881
33829	-68.3695
33830	-67.255
33831	-65.9623
33832	-67.0284
33833	-66.9751
33834	-67.3035
33835	-68.1187
33836	-68.6542
33837	-69.5378
33838	-70.7974
33839	-71.0449
33840	-70.4096
33841	-69.2944
33842	-67.0569
33843	-62.1316
33844	-60.9005
33845	-65.5979
33846	-68.566
33847	-69.5942
33848	-69.2598
33849	-68.0526
33850	-67.5674
33851	-66.42
33852	-61.4073
33853	-53.969
33854	-49.7123
33855	-54.3833
33856	-62.5874
33857	-64.3097
33858	-65.9153
33859	-66.2997
33860	-66.595
33861	-67.1036
33862	-68.1706
33863	-69.0718
33864	-66.8414
33865	-66.2182
33866	-70.0423
33867	-72.2985
33868	-73.07
33869	-72.6421
33870	-72.6936
33871	-73.0411
33872	-72.4458
33873	-72.5629
33874	-72.0977
33875	-71.1652
33876	-69.2667
33877	-69.2266
33878	-68.9543
33879	-70.43
33880	-70.8245
33881	-71.0952
33882	-70.543
33883	-71.4321
33884	-72.0101
33885	-72.248
33886	-71.1331
33887	-71.6166
33888	-71.9758
33889	-71.6849
33890	-71.185
33891	-70.6379
33892	-69.4607
33893	-66.7767
33894	-65.5654
33895	-66.2379
33896	-65.2785
33897	-63.4784
33898	-62.6359
33899	-61.9869
33900	-60.125
33901	-56.1822
33902	-45.1463
33903	-30.4624
33904	-25.3948
33905	-30.144
33906	-44.0475
33907	-54.117
33908	-57.7576
33909	-59.0217
33910	-58.3207
33911	-59.8393
33912	-62.5876
33913	-64.825
33914	-66.7124
33915	-67.1651
33916	-69.1774
33917	-70.3424
33918	-71.3
33919	-71.3872
33920	-71.1703
33921	-71.0965
33922	-70.0389
33923	-70.8234
33924	-72.4627
33925	-72.4574
33926	-72.3588
33927	-71.7537
33928	-72.5553
33929	-72.7421
33930	-71.6104
33931	-70.7012
33932	-68.9909
33933	-69.5428
33934	-72.3309
33935	-73.2776
33936	-73.483
33937	-72.9552
33938	-72.8206
33939	-73.2877
33940	-73.325
33941	-73.9112
33942	-71.1513
33943	-66.4051
33944	-64.716
33945	-68.0475
33946	-69.834
33947	-69.463
33948	-68.9479
33949	-68.7164
33950	-67.9507
33951	-66.8587
33952	-61.4444
33953	-54.2518
33954	-49.8849
33955	-54.2476
33956	-62.3751
33957	-64.6762
33958	-66.2559
33959	-66.7218
33960	-66.6953
33961	-67.3714
33962	-68.5693
33963	-68.1165
33964	-62.1985
33965	-61.4846
33966	-66.0997
33967	-67.2307
33968	-68.969
33969	-69.8604
33970	-69.0921
33971	-69.2256
33972	-68.6876
33973	-66.9905
33974	-64.8142
33975	-63.5165
33976	-61.3147
33977	-62.3059
33978	-61.2732
33979	-62.6354
33980	-64.1108
33981	-64.7285
33982	-65.973
33983	-68.3735
33984	-70.7761
33985	-71.8786
33986	-71.0775
33987	-70.4748
33988	-70.8744
33989	-71.0692
33990	-71.9022
33991	-72.4499
33992	-73.0454
33993	-72.7785
33994	-72.3852
33995	-72.466
33996	-72.412
33997	-72.6804
33998	-71.1601
33999	-70.6495
34000	-69.926
34001	-70.9301
34002	-71.5642
34003	-72.3438
34004	-71.9594
34005	-72.6541
34006	-73.2687
34007	-73.0309
34008	-72.9724
34009	-73.2455
34010	-72.419
34011	-72.9294
34012	-71.8015
34013	-71.3957
34014	-70.8554
34015	-70.1318
34016	-70.1684
34017	-70.2509
34018	-69.6136
34019	-68.3704
34020	-67.3101
34021	-63.4225
34022	-59.0913
34023	-57.9201
34024	-53.9302
34025	-48.1547
34026	-47.1452
34027	-50.2466
34028	-48.4689
34029	-50.1119
34030	-54.6634
34031	-56.6048
34032	-58.0464
34033	-62.0218
34034	-65.7004
34035	-67.084
34036	-68.4402
34037	-68.773
34038	-69.3658
34039	-69.7186
34040	-70.8292
34041	-71.442
34042	-72.476
34043	-72.5159
34044	-71.7319
34045	-72.075
34046	-72.5037
34047	-72.5654
34048	-71.2234
34049	-70.898
34050	-70.8367
34051	-72.1499
34052	-70.7803
34053	-66.3989
34054	-63.0769
34055	-66.3055
34056	-70.6651
34057	-72.2764
34058	-72.9128
34059	-73.2585
34060	-73.2732
34061	-72.6014
34062	-72.9375
34063	-72.7249
34064	-71.4762
34065	-71.0713
34066	-70.0237
34067	-70.5218
34068	-70.9294
34069	-71.0784
34070	-70.2875
34071	-69.5331
34072	-69.1825
34073	-65.9488
34074	-63.9859
34075	-62.3788
34076	-60.2057
34077	-62.1889
34078	-60.0707
34079	-62.0099
34080	-64.1234
34081	-64.4308
34082	-66.303
34083	-68.9202
34084	-70.2466
34085	-70.3946
34086	-69.0968
34087	-67.2944
34088	-68.9873
34089	-66.8865
34090	-68.3436
34091	-69.8718
34092	-70.0026
34093	-69.0125
34094	-66.6972
34095	-65.7437
34096	-65.5282
34097	-63.6677
34098	-61.2633
34099	-62.1033
34100	-59.429
34101	-60.3609
34102	-63.6614
34103	-66.553
34104	-69.2282
34105	-69.7046
34106	-70.2762
34107	-70.9864
34108	-71.0496
34109	-70.6983
34110	-70.2282
34111	-70.5691
34112	-71.4882
34113	-72.5505
34114	-73.0806
34115	-73.0122
34116	-73.4289
34117	-73.2084
34118	-73.3002
34119	-72.4715
34120	-71.5143
34121	-66.0347
34122	-61.9558
34123	-66.4234
34124	-71.1507
34125	-72.3492
34126	-71.2168
34127	-70.7395
34128	-70.6989
34129	-72.3493
34130	-72.3963
34131	-72.4153
34132	-71.7649
34133	-72.5839
34134	-72.9337
34135	-72.105
34136	-71.591
34137	-70.2287
34138	-69.891
34139	-69.1735
34140	-69.0487
34141	-67.4689
34142	-65.8558
34143	-62.1421
34144	-58.8863
34145	-57.9959
34146	-57.1865
34147	-53.4717
34148	-50.5323
34149	-49.5295
34150	-44.6268
34151	-44.5775
34152	-52.1902
34153	-58.162
34154	-60.3071
34155	-63.6819
34156	-66.6469
34157	-67.9985
34158	-69.5395
34159	-70.1983
34160	-69.9446
34161	-70.2521
34162	-70.7844
34163	-71.9444
34164	-72.2034
34165	-73.0819
34166	-72.6558
34167	-73.7193
34168	-73.0707
34169	-73.0655
34170	-73.0513
34171	-72.4289
34172	-72.3158
34173	-71.694
34174	-71.7635
34175	-71.4222
34176	-70.1274
34177	-70.4287
34178	-70.6992
34179	-71.6525
34180	-72.0617
34181	-72.0716
34182	-72.6517
34183	-72.6517
34184	-72.9901
34185	-72.9323
34186	-72.5087
34187	-72.1329
34188	-70.9537
34189	-70.6712
34190	-70.9884
34191	-71.7343
34192	-70.3817
34193	-68.2995
34194	-66.3116
34195	-65.6094
34196	-65.4976
34197	-64.2159
34198	-62.4432
34199	-62.4083
34200	-61.0034
34201	-61.9244
34202	-64.7754
34203	-67.5724
34204	-68.5843
34205	-69.175
34206	-69.6388
34207	-70.3894
34208	-69.7973
34209	-67.7138
34210	-66.1631
34211	-60.8223
34212	-61.2652
34213	-67.3702
34214	-68.4715
34215	-68.0084
34216	-67.2581
34217	-67.3586
34218	-66.7161
34219	-65.3393
34220	-62.9997
34221	-53.3232
34222	-48.7239
34223	-53.5631
34224	-62.3049
34225	-67.0874
34226	-67.4062
34227	-68.2323
34228	-68.6418
34229	-68.8836
34230	-69.5792
34231	-68.4137
34232	-64.6217
34233	-65.7356
34234	-71.4133
34235	-73.8053
34236	-73.3047
34237	-73.2587
34238	-72.7681
34239	-72.8285
34240	-73.0288
34241	-73.4742
34242	-72.4619
34243	-69.92
34244	-69.2592
34245	-70.3498
34246	-71.1422
34247	-72.5346
34248	-72.3869
34249	-71.2853
34250	-71.989
34251	-72.0449
34252	-72.474
34253	-70.6144
34254	-70.4207
34255	-71.1965
34256	-71.5094
34257	-71.3429
34258	-71.1466
34259	-70.5688
34260	-69.1679
34261	-67.0089
34262	-66.31
34263	-64.883
34264	-62.8461
34265	-60.971
34266	-59.6844
34267	-59.7458
34268	-58.7502
34269	-55.7617
34270	-39.2122
34271	-23.191
34272	-18.5711
34273	-23.3266
34274	-39.7517
34275	-56.683
34276	-59.7766
34277	-61.2729
34278	-61.9839
34279	-62.9496
34280	-64.1852
34281	-65.671
34282	-65.5463
34283	-66.6578
34284	-69.574
34285	-70.8183
34286	-71.1149
34287	-71.6028
34288	-71.6974
34289	-71.6693
34290	-70.9375
34291	-71.8096
34292	-72.044
34293	-71.4509
34294	-70.7869
34295	-71.0962
34296	-71.3845
34297	-70.9908
34298	-69.5683
34299	-69.3136
34300	-68.9348
34301	-69.9112
34302	-72.0365
34303	-72.6325
34304	-72.4422
34305	-72.9546
34306	-72.8089
34307	-73.0104
34308	-73.2564
34309	-72.4646
34310	-70.9971
34311	-65.7301
34312	-65.7416
34313	-69.1494
34314	-68.4426
34315	-67.7883
34316	-67.178
34317	-66.7554
34318	-66.7129
34319	-65.2878
34320	-63.6849
34321	-53.2757
34322	-48.5596
34323	-53.2967
34324	-61.9701
34325	-66.2082
34326	-67.3506
34327	-67.8859
34328	-68.652
34329	-69.1209
34330	-68.8097
34331	-66.16
34332	-60.6579
34333	-61.1879
34334	-67.2421
34335	-69.0397
34336	-70.7928
34337	-71.1681
34338	-70.9346
34339	-69.4735
34340	-68.6881
34341	-68.4136
34342	-67.8956
34343	-66.7684
34344	-66.3222
34345	-65.536
34346	-66.2764
34347	-67.6871
34348	-68.4401
34349	-67.9264
34350	-68.2013
34351	-69.4098
34352	-71.1534
34353	-71.9139
34354	-71.5544
34355	-71.6251
34356	-72.2855
34357	-73.1667
34358	-74.1047
34359	-73.9626
34360	-73.4818
34361	-73.4126
34362	-72.5358
34363	-71.3335
34364	-70.4839
34365	-68.7511
34366	-68.2324
34367	-69.6066
34368	-70.3021
34369	-71.7279
34370	-71.2868
34371	-70.975
34372	-70.8408
34373	-72.0379
34374	-73.2164
34375	-73.5465
34376	-73.5586
34377	-74.1302
34378	-73.9403
34379	-73.2778
34380	-73.1533
34381	-72.8518
34382	-71.893
34383	-70.9886
34384	-70.1225
34385	-69.9275
34386	-69.1986
34387	-67.8449
34388	-65.9126
34389	-64.3365
34390	-64.5333
34391	-61.8443
34392	-53.0734
34393	-45.2755
34394	-44.4866
34395	-52.3909
34396	-57.7591
34397	-61.5475
34398	-62.7465
34399	-62.1345
34400	-62.2006
34401	-64.3435
34402	-67.4317
34403	-69.5181
34404	-70.8809
34405	-70.8506
34406	-70.9673
34407	-72.2218
34408	-72.9817
34409	-73.7259
34410	-73.4845
34411	-72.9076
34412	-72.9324
34413	-73.1033
34414	-72.1907
34415	-71.5276
34416	-70.0981
34417	-70.509
34418	-71.8144
34419	-72.4937
34420	-70.9273
34421	-66.9666
34422	-62.3104
34423	-66.4414
34424	-71.903
34425	-73.2699
34426	-73.136
34427	-73.5253
34428	-73.6642
34429	-73.9442
34430	-73.8047
34431	-72.2658
34432	-71.8842
34433	-71.1792
34434	-70.7996
34435	-71.562
34436	-71.5877
34437	-71.312
34438	-70.3892
34439	-69.6525
34440	-69.6269
34441	-69.6109
34442	-66.9967
34443	-62.3689
34444	-62.2973
34445	-64.2814
34446	-65.0864
34447	-66.8481
34448	-68.5127
34449	-68.6723
34450	-69.0156
34451	-69.5817
34452	-69.7253
34453	-68.6185
34454	-66.572
34455	-64.8558
34456	-65.9197
34457	-67.3822
34458	-69.5995
34459	-70.2507
34460	-69.2869
34461	-68.6935
34462	-65.9628
34463	-62.3039
34464	-59.5846
34465	-56.4648
34466	-57.6317
34467	-60.7645
34468	-60.8634
34469	-63.3407
34470	-64.2274
34471	-64.8332
34472	-67.2215
34473	-68.5844
34474	-69.2279
34475	-70.2955
34476	-69.0209
34477	-69.2132
34478	-70.3102
34479	-71.57
34480	-72.2895
34481	-72.4127
34482	-72.5846
34483	-72.8489
34484	-72.5071
34485	-72.7786
34486	-72.524
34487	-71.777
34488	-69.5917
34489	-67.007
34490	-66.1518
34491	-68.2687
34492	-70.331
34493	-71.4838
34494	-71.0916
34495	-71.5199
34496	-72.4153
34497	-72.1721
34498	-71.8264
34499	-72.039
34500	-71.5107
34501	-71.6121
34502	-71.4377
34503	-69.9803
34504	-68.6861
34505	-68.1669
34506	-67.9103
34507	-67.5931
34508	-66.2688
34509	-65.0734
34510	-64.324
34511	-61.5023
34512	-56.4608
34513	-52.1694
34514	-46.3462
34515	-41.0558
34516	-42.1844
34517	-47.171
34518	-48.1349
34519	-52.6154
34520	-55.4598
34521	-56.3779
34522	-57.2543
34523	-62.1383
34524	-66.0174
34525	-67.0817
34526	-68.6366
34527	-69.3268
34528	-69.9182
34529	-70.8143
34530	-70.6719
34531	-70.4302
34532	-70.9882
34533	-71.6765
34534	-71.5317
34535	-72.4669
34536	-72.9291
34537	-72.9814
34538	-73.3329
34539	-72.3514
34540	-72.0207
34541	-72.5129
34542	-71.8961
34543	-70.3784
34544	-70.0023
34545	-71.3609
34546	-72.2012
34547	-74.0224
34548	-73.6323
34549	-72.4994
34550	-72.1845
34551	-73.4592
34552	-73.1379
34553	-72.0882
34554	-69.6458
34555	-68.1426
34556	-68.759
34557	-69.7362
34558	-70.3326
34559	-70.697
34560	-69.7929
34561	-69.0945
34562	-65.8737
34563	-62.5239
34564	-59.8445
34565	-56.9774
34566	-57.7863
34567	-61.292
34568	-61.3257
34569	-64.0379
34570	-64.6679
34571	-65.698
34572	-67.6162
34573	-68.1611
34574	-68.0177
34575	-68.0317
34576	-65.0299
34577	-65.5627
34578	-65.921
34579	-64.0684
34580	-66.0011
34581	-68.0596
34582	-68.3488
34583	-67.8084
34584	-66.3241
34585	-66.1581
34586	-65.59
34587	-63.5675
34588	-61.7228
34589	-57.0009
34590	-55.213
34591	-57.8946
34592	-61.7166
34593	-65.5272
34594	-69.4446
34595	-69.6492
34596	-70.32
34597	-70.7919
34598	-69.8888
34599	-68.5893
34600	-67.0596
34601	-68.2328
34602	-71.4581
34603	-73.3031
34604	-73.5454
34605	-72.7986
34606	-72.1811
34607	-73.4832
34608	-74.1769
34609	-72.6777
34610	-71.9663
34611	-70.2937
34612	-69.8728
34613	-71.5987
34614	-72.3754
34615	-72.4419
34616	-72.2134
34617	-72.6827
34618	-73.0863
34619	-72.879
34620	-72.3987
34621	-71.6706
34622	-71.2875
34623	-71.0984
34624	-70.6927
34625	-70.9812
34626	-71.2432
34627	-70.2824
34628	-69.2592
34629	-68.7416
34630	-67.5823
34631	-66.1786
34632	-63.0928
34633	-58.3422
34634	-56.9761
34635	-57.7868
34636	-55.9464
34637	-51.0041
34638	-47.3446
34639	-40.0656
34640	-37.1854
34641	-40.9516
34642	-49.9524
34643	-55.72
34644	-60.9145
34645	-63.6804
34646	-64.5033
34647	-65.2422
34648	-67.1184
34649	-67.4121
34650	-67.1923
34651	-67.8086
34652	-69.6431
34653	-71.5053
34654	-71.5354
34655	-71.7467
34656	-72.1477
34657	-71.7908
34658	-72.0467
34659	-72.2395
34660	-71.9284
34661	-70.968
34662	-71.0256
34663	-70.2583
34664	-69.1914
34665	-67.4185
34666	-67.1183
34667	-69.051
34668	-70.1861
34669	-72.1238
34670	-72.2704
34671	-72.14
34672	-72.9101
34673	-72.863
34674	-72.5138
34675	-72.5427
34676	-72.1614
34677	-71.707
34678	-69.767
34679	-67.9124
34680	-69.6179
34681	-69.0123
34682	-69.0379
34683	-67.2447
34684	-65.6976
34685	-65.4513
34686	-64.9152
34687	-63.1916
34688	-61.0828
34689	-57.2093
34690	-54.559
34691	-57.0706
34692	-61.5758
34693	-65.6017
34694	-68.6601
34695	-69.0125
34696	-70.1673
34697	-70.5711
34698	-68.3242
34699	-65.9998
34700	-63.6606
34701	-64.9509
34702	-67.7704
34703	-69.3963
34704	-69.7511
34705	-69.8411
34706	-69.5585
34707	-68.9386
34708	-67.7908
34709	-66.3375
34710	-64.6217
34711	-61.347
34712	-60.2629
34713	-65.4187
34714	-69.1824
34715	-69.9774
34716	-69.2138
34717	-70.0577
34718	-70.7121
34719	-71.5762
34720	-71.3965
34721	-70.9797
34722	-71.2849
34723	-71.7546
34724	-72.0664
34725	-73.7875
34726	-74.0995
34727	-73.9392
34728	-73.4668
34729	-73.2369
34730	-73.2576
34731	-71.9398
34732	-67.9792
34733	-63.4442
34734	-65.6466
34735	-69.9078
34736	-72.0686
34737	-72.1619
34738	-70.8172
34739	-69.9554
34740	-70.4688
34741	-72.0777
34742	-72.8041
34743	-73.4869
34744	-73.2669
34745	-73.2347
34746	-74.0033
34747	-73.1276
34748	-72.7032
34749	-71.9
34750	-71.0013
34751	-70.5802
34752	-69.727
34753	-68.1261
34754	-65.8544
34755	-63.6071
34756	-62.9495
34757	-62.9809
34758	-63.045
34759	-59.5532
34760	-47.0255
34761	-36.4009
34762	-35.5465
34763	-44.2168
34764	-59.2591
34765	-64.9569
34766	-64.183
34767	-64.982
34768	-66.3797
34769	-68.0524
34770	-69.2668
34771	-69.7402
34772	-71.2598
34773	-71.9086
34774	-72.3457
34775	-73.1703
34776	-73.256
34777	-73.8316
34778	-73.9736
34779	-73.2176
34780	-73.7127
34781	-73.2538
34782	-72.6102
34783	-70.7029
34784	-70.6048
34785	-71.2458
34786	-71.874
34787	-71.8262
34788	-70.2345
34789	-67.9137
34790	-67.3989
34791	-69.3666
34792	-71.0997
34793	-72.6198
34794	-73.4977
34795	-73.3529
34796	-73.982
34797	-74.0752
34798	-73.7038
34799	-72.3908
34800	-71.6248
34801	-71.2328
34802	-71.5299
34803	-70.987
34804	-70.0575
34805	-69.2767
34806	-68.4404
34807	-68.6225
34808	-68.414
34809	-67.3414
34810	-65.867
34811	-65.3626
34812	-65.2946
34813	-66.7898
34814	-67.9571
34815	-68.3838
34816	-69.4825
34817	-70.6779
34818	-71.0954
34819	-70.8801
34820	-69.3751
34821	-67.7327
34822	-62.813
34823	-60.4862
34824	-64.4949
34825	-68.2812
34826	-69.285
34827	-69.3175
34828	-68.2315
34829	-67.5929
34830	-66.8767
34831	-62.7199
34832	-55.5374
34833	-49.9188
34834	-52.581
34835	-61.7699
34836	-64.0812
34837	-65.7125
34838	-66.0367
34839	-66.1751
34840	-66.9611
34841	-67.9443
34842	-69.0479
34843	-67.3118
34844	-65.8654
34845	-69.1905
34846	-72.1193
34847	-73.0671
34848	-72.6432
34849	-72.7189
34850	-72.7991
34851	-72.4882
34852	-72.5415
34853	-72.4406
34854	-71.5104
34855	-69.7564
34856	-69.5277
34857	-68.9715
34858	-70.1856
34859	-70.8733
34860	-71.2409
34861	-70.684
34862	-71.5438
34863	-72.0755
34864	-72.1849
34865	-71.2167
34866	-71.4246
34867	-71.8765
34868	-71.8655
34869	-71.346
34870	-70.6068
34871	-69.6992
34872	-67.2496
34873	-65.7791
34874	-65.9333
34875	-65.4961
34876	-63.655
34877	-62.8194
34878	-62.0229
34879	-60.5401
34880	-57.6587
34881	-48.3208
34882	-32.5602
34883	-25.3774
34884	-28.1562
34885	-40.6111
34886	-52.112
34887	-57.2139
34888	-58.894
34889	-58.4523
34890	-59.2804
34891	-62.0714
34892	-64.4554
34893	-66.3609
34894	-66.9357
34895	-68.7382
34896	-70.463
34897	-71.2666
34898	-71.2277
34899	-71.1682
34900	-71.1016
34901	-70.2904
34902	-70.389
34903	-72.1202
34904	-72.3533
34905	-72.3619
34906	-71.6841
34907	-72.2615
34908	-72.8484
34909	-71.7382
34910	-70.9637
34911	-69.0092
34912	-68.6266
34913	-71.7499
34914	-73.2942
34915	-73.3899
34916	-73.2494
34917	-72.9561
34918	-73.1751
34919	-73.3132
34920	-73.9323
34921	-72.1812
34922	-67.3118
34923	-64.5345
34924	-67.5035
34925	-69.6507
34926	-69.4677
34927	-68.9595
34928	-68.8907
34929	-67.7746
34930	-67.4904
34931	-62.8614
34932	-55.8333
34933	-50.0276
34934	-52.576
34935	-61.3303
34936	-64.0402
34937	-65.8228
34938	-66.6849
34939	-66.6737
34940	-66.9572
34941	-68.308
34942	-68.6701
34943	-63.1374
34944	-61.061
34945	-64.9336
34946	-67.3293
34947	-68.6427
34948	-69.9835
34949	-69.4307
34950	-69.3469
34951	-68.8048
34952	-67.9016
34953	-65.6996
34954	-64.5984
34955	-62.1799
34956	-62.691
34957	-61.7193
34958	-62.5623
34959	-64.1757
34960	-64.9486
34961	-65.7572
34962	-67.8637
34963	-70.3312
34964	-71.934
34965	-71.6055
34966	-70.5973
34967	-70.6354
34968	-71.1808
34969	-71.7443
34970	-72.7883
34971	-73.3757
34972	-72.7999
34973	-72.3621
34974	-72.3546
34975	-72.2695
34976	-72.703
34977	-71.259
34978	-70.8361
34979	-69.7165
34980	-70.5361
34981	-71.1517
34982	-72.3543
34983	-71.9465
34984	-72.6172
34985	-73.1261
34986	-73.0971
34987	-73.1508
34988	-73.4573
34989	-72.6845
34990	-73.1334
34991	-71.9439
34992	-71.8257
34993	-71.0649
34994	-70.5515
34995	-70.5845
34996	-70.3147
34997	-69.9658
34998	-69.021
34999	-67.6902
35000	-64.711
35001	-59.9022
35002	-58.5356
35003	-55.3244
35004	-49.9113
35005	-47.5581
35006	-50.4168
35007	-49.3743
35008	-49.9072
35009	-54.4223
35010	-56.8228
35011	-57.7198
35012	-61.1568
35013	-65.3797
35014	-67.1663
35015	-68.4079
35016	-69.0744
35017	-69.4544
35018	-69.7362
35019	-70.7654
35020	-71.4885
35021	-72.4155
35022	-72.4601
35023	-71.9564
35024	-72.1803
35025	-72.8117
35026	-72.5461
35027	-71.4895
35028	-70.8914
35029	-70.7621
35030	-71.8445
35031	-71.6261
35032	-67.5378
35033	-63.3849
35034	-65.3223
35035	-70.0311
35036	-71.8527
35037	-72.6641
35038	-73.481
35039	-73.0162
35040	-72.923
35041	-72.8079
35042	-72.9035
35043	-71.9149
35044	-71.0856
35045	-70.4807
35046	-70.701
35047	-70.7877
35048	-71.1404
35049	-70.7923
35050	-69.4878
35051	-69.5961
35052	-66.5887
35053	-64.6728
35054	-63.412
35055	-60.8711
35056	-61.9735
35057	-60.3998
35058	-61.5692
35059	-64.1805
35060	-64.5265
35061	-65.9169
35062	-68.7101
35063	-70.3203
35064	-70.2647
35065	-69.6889
35066	-67.4568
35067	-68.6223
35068	-66.9208
35069	-67.9605
35070	-69.8539
35071	-70.1963
35072	-69.3324
35073	-67.1107
35074	-65.5622
35075	-65.3209
35076	-63.9839
35077	-61.2822
35078	-61.7565
35079	-59.4726
35080	-59.2128
35081	-62.6578
35082	-65.635
35083	-68.831
35084	-69.4823
35085	-70.132
35086	-70.8633
35087	-70.9919
35088	-70.6626
35089	-69.972
35090	-70.183
35091	-71.0113
35092	-72.3439
35093	-73.1483
35094	-72.7256
35095	-73.7137
35096	-73.2311
35097	-73.4098
35098	-72.5622
35099	-72.109
35100	-67.8049
35101	-62.0677
35102	-65.1958
35103	-70.4893
35104	-72.307
35105	-71.4305
35106	-70.9311
35107	-70.6037
35108	-72.0743
35109	-72.2649
35110	-72.5623
35111	-71.7453
35112	-72.2403
35113	-72.5894
35114	-71.8294
35115	-71.4566
35116	-70.4975
35117	-69.6807
35118	-68.8789
35119	-68.8276
35120	-67.4771
35121	-66.1799
35122	-62.6705
35123	-59.1755
35124	-57.6005
35125	-57.1097
35126	-54.0458
35127	-50.0642
35128	-49.66
35129	-44.6424
35130	-43.1712
35131	-49.7923
35132	-56.4604
35133	-59.6238
35134	-62.6054
35135	-66.1658
35136	-67.5616
35137	-69.1848
35138	-69.7912
35139	-69.7696
35140	-69.6745
35141	-70.7555
35142	-71.643
35143	-72.0316
35144	-72.4682
35145	-72.6962
35146	-73.3702
35147	-73.0673
35148	-72.9909
35149	-73.2342
35150	-72.5739
35151	-72.2727
35152	-71.731
35153	-71.8504
35154	-71.6074
35155	-70.4253
35156	-70.4673
35157	-70.7761
35158	-71.8685
35159	-72.1852
35160	-72.0349
35161	-72.4758
35162	-72.5879
35163	-72.9543
35164	-72.8261
35165	-72.8676
35166	-72.3431
35167	-70.9778
35168	-70.4083
35169	-70.5874
35170	-71.739
35171	-70.6086
35172	-68.8541
35173	-66.4531
35174	-65.3607
35175	-65.4427
35176	-64.2633
35177	-62.2096
35178	-61.9782
35179	-60.6674
35180	-60.6942
35181	-63.9959
35182	-66.3143
35183	-68.4996
35184	-68.8111
35185	-69.6357
35186	-69.9693
35187	-69.6731
35188	-68.0268
35189	-66.729
35190	-61.83
35191	-60.4535
35192	-66.468
35193	-68.5251
35194	-68.2144
35195	-67.3093
35196	-67.37
35197	-66.9985
35198	-65.6489
35199	-63.601
35200	-55.5645
35201	-48.9917
35202	-52.0118
35203	-60.788
35204	-66.6062
35205	-67.3887
35206	-68.0245
35207	-68.4863
35208	-68.8581
35209	-69.4295
35210	-69.0036
35211	-65.2136
35212	-65.0138
35213	-70.5752
35214	-73.6947
35215	-73.4423
35216	-73.2002
35217	-72.8203
35218	-72.7251
35219	-72.9498
35220	-73.5742
35221	-72.9138
35222	-70.756
35223	-69.3513
35224	-70.5854
35225	-71.1048
35226	-72.6745
35227	-72.7162
35228	-71.5197
35229	-71.8461
35230	-72.3687
35231	-72.4878
35232	-71.2643
35233	-70.3066
35234	-71.3652
35235	-71.6705
35236	-71.3549
35237	-71.2108
35238	-70.7649
35239	-69.6471
35240	-67.2923
35241	-66.7199
35242	-65.402
35243	-63.2329
35244	-61.3545
35245	-59.7396
35246	-59.6959
35247	-59.1739
35248	-56.7753
35249	-44.2332
35250	-25.6699
35251	-19.0764
35252	-21.9259
35253	-35.726
35254	-54.6517
35255	-59.441
35256	-60.9394
35257	-62.1524
35258	-62.9511
35259	-63.7919
35260	-65.6118
35261	-65.4727
35262	-66.4315
35263	-68.8257
35264	-70.5973
35265	-71.4128
35266	-71.4646
35267	-71.8734
35268	-71.8865
35269	-71.1417
35270	-71.51
35271	-71.9353
35272	-71.6319
35273	-70.7544
35274	-70.996
35275	-71.3257
35276	-71.0708
35277	-69.7281
35278	-69.0246
35279	-68.7838
35280	-69.4392
35281	-71.4195
35282	-72.7924
35283	-72.5595
35284	-72.9863
35285	-72.9784
35286	-72.9419
35287	-73.1761
35288	-72.643
35289	-71.9573
35290	-66.6013
35291	-65.2301
35292	-68.5157
35293	-68.8586
35294	-68.0746
35295	-67.3382
35296	-66.5371
35297	-66.8457
35298	-65.5231
35299	-64.3278
35300	-55.522
35301	-48.7893
35302	-51.8379
35303	-60.413
35304	-65.9131
35305	-67.4381
35306	-67.6466
35307	-68.6267
35308	-69.2592
35309	-68.8605
35310	-67.0343
35311	-61.494
35312	-60.5601
35313	-66.3324
35314	-68.7013
35315	-70.5465
35316	-71.3813
35317	-71.0497
35318	-69.8954
35319	-69.0177
35320	-68.3595
35321	-67.9937
35322	-67.3373
35323	-67.5563
35324	-66.2331
35325	-66.2144
35326	-67.6354
35327	-68.7986
35328	-68.1224
35329	-68.1213
35330	-69.1988
35331	-71.2555
35332	-71.8545
35333	-71.8691
35334	-71.7414
35335	-71.9842
35336	-73.1569
35337	-74.0147
35338	-73.8766
35339	-73.5361
35340	-73.4703
35341	-72.9076
35342	-71.5857
35343	-70.3919
35344	-68.8864
35345	-67.9728
35346	-69.4888
35347	-69.8451
35348	-71.7212
35349	-71.1895
35350	-70.9983
35351	-70.8741
35352	-71.5687
35353	-73.0792
35354	-73.2943
35355	-73.4039
35356	-73.9844
35357	-74.1101
35358	-73.4998
35359	-73.3399
35360	-72.9712
35361	-71.9017
35362	-71.2955
35363	-70.4933
35364	-70.0392
35365	-69.4928
35366	-68.2937
35367	-66.2764
35368	-64.6505
35369	-64.4998
35370	-63.4289
35371	-57.2397
35372	-50.0285
35373	-48.3618
35374	-53.7461
35375	-58.051
35376	-61.6422
35377	-63.1399
35378	-62.4479
35379	-62.0388
35380	-63.8018
35381	-67.1979
35382	-69.3658
35383	-70.7847
35384	-70.9041
35385	-71.0462
35386	-71.9969
35387	-72.7322
35388	-74.0295
35389	-73.6061
35390	-73.0441
35391	-72.8868
35392	-73.5218
35393	-72.2532
35394	-71.7374
35395	-70.223
35396	-70.3855
35397	-71.2833
35398	-72.8007
35399	-71.5255
35400	-68.4447
35401	-62.6991
35402	-65.1762
35403	-71.2722
35404	-73.053
35405	-73.1413
35406	-73.2296
35407	-73.6712
35408	-74.1029
35409	-73.9875
35410	-72.5684
35411	-72.1851
35412	-71.3206
35413	-70.8632
35414	-71.4267
35415	-71.4742
35416	-71.4792
35417	-70.5466
35418	-69.8004
35419	-69.4225
35420	-69.8116
35421	-68.5138
35422	-64.1308
35423	-63.2846
35424	-64.7032
35425	-65.1014
35426	-66.8579
35427	-68.4106
35428	-68.7953
35429	-69.1112
35430	-69.5616
35431	-69.855
35432	-68.8437
35433	-66.9418
35434	-64.6701
35435	-65.2949
35436	-66.6667
35437	-69.1012
35438	-70.3178
35439	-69.2843
35440	-68.6262
35441	-66.7952
35442	-62.899
35443	-60.116
35444	-56.6055
35445	-56.8558
35446	-60.2043
35447	-60.3505
35448	-62.8331
35449	-64.0491
35450	-64.4592
35451	-66.409
35452	-68.2357
35453	-69.0458
35454	-69.9806
35455	-69.078
35456	-68.7582
35457	-69.9155
35458	-71.442
35459	-71.9283
35460	-72.3944
35461	-72.6827
35462	-72.8926
35463	-72.6036
35464	-72.6405
35465	-72.8343
35466	-72.0097
35467	-70.0801
35468	-67.513
35469	-66.1381
35470	-67.8591
35471	-69.8902
35472	-71.2516
35473	-71.4985
35474	-71.1972
35475	-72.5523
35476	-72.2848
35477	-71.7595
35478	-72.1699
35479	-71.2703
35480	-71.3565
35481	-71.5184
35482	-70.2325
35483	-68.878
35484	-68.1613
35485	-67.5502
35486	-67.4427
35487	-66.5429
35488	-65.1342
35489	-64.2992
35490	-62.168
35491	-57.2551
35492	-52.8865
35493	-47.6782
35494	-41.1776
35495	-41.3857
35496	-45.7968
35497	-47.6192
35498	-51.135
35499	-55.0341
35500	-56.2744
35501	-56.5832
35502	-60.7467
35503	-65.1802
35504	-66.6899
35505	-68.3089
35506	-69.2327
35507	-69.593
35508	-70.5693
35509	-70.7574
35510	-70.371
35511	-70.7645
35512	-71.417
35513	-71.4749
35514	-72.2604
35515	-72.8792
35516	-72.9331
35517	-73.4954
35518	-72.7166
35519	-71.8498
35520	-72.3921
35521	-72.1104
35522	-70.9587
35523	-69.7678
35524	-71.1916
35525	-71.9591
35526	-73.6103
35527	-73.8412
35528	-72.832
35529	-72.2828
35530	-73.0689
35531	-73.4023
35532	-72.3961
35533	-70.0808
35534	-67.8813
35535	-68.511
35536	-69.371
35537	-70.0078
35538	-70.7589
35539	-69.9591
35540	-69.175
35541	-66.725
35542	-63.0226
35543	-60.2928
35544	-57.2569
35545	-56.9228
35546	-60.5217
35547	-60.6707
35548	-63.2734
35549	-64.3293
35550	-65.4384
35551	-66.8244
35552	-68.2202
35553	-67.8769
35554	-68.2126
35555	-65.2957
35556	-65.1126
35557	-67.2002
35558	-64.2282
35559	-65.5385
35560	-67.749
35561	-68.294
35562	-68.3692
35563	-66.8173
35564	-66.6412
35565	-65.637
35566	-64.49
35567	-62.1762
35568	-58.3682
35569	-55.6151
35570	-57.1932
35571	-61.341
35572	-64.7527
35573	-68.7597
35574	-69.8424
35575	-70.1493
35576	-70.9764
35577	-70.1139
35578	-69.1492
35579	-67.6592
35580	-67.8523
35581	-70.8445
35582	-73.1885
35583	-73.5572
35584	-73.0712
35585	-72.0343
35586	-73.1594
35587	-73.9614
35588	-72.9577
35589	-72.066
35590	-70.6482
35591	-69.6435
35592	-71.2205
35593	-72.3344
35594	-72.6618
35595	-72.3012
35596	-72.5664
35597	-73.1206
35598	-72.8144
35599	-72.6305
35600	-71.8979
35601	-71.2732
35602	-71.3524
35603	-70.8358
35604	-70.8857
35605	-71.3446
35606	-70.45
35607	-69.6353
35608	-69.1535
35609	-68.0958
35610	-66.6518
35611	-64.2598
35612	-59.3468
35613	-57.1373
35614	-58.0939
35615	-56.7692
35616	-52.4815
35617	-48.4698
35618	-41.6946
35619	-37.7342
35620	-39.8823
35621	-48.8064
35622	-54.9385
35623	-60.0643
35624	-63.4742
35625	-64.6789
35626	-65.0531
35627	-67.1684
35628	-67.5543
35629	-67.1838
35630	-67.5645
35631	-69.4031
35632	-71.0992
35633	-71.5599
35634	-71.8961
35635	-72.0631
35636	-72.0453
35637	-72.0459
35638	-72.2991
35639	-72.3222
35640	-70.9883
35641	-71.1763
35642	-70.2593
35643	-69.3746
35644	-67.7961
35645	-66.7433
35646	-68.4951
35647	-69.7022
35648	-71.6459
35649	-72.4301
35650	-72.0154
35651	-72.6794
35652	-72.9716
35653	-72.6054
35654	-72.8412
35655	-72.3035
35656	-71.9126
35657	-70.4252
35658	-68.0578
35659	-69.531
35660	-69.3874
35661	-69.3469
35662	-67.6845
35663	-66.0112
35664	-65.7206
35665	-65.3321
35666	-64.1348
35667	-61.2735
35668	-58.2637
35669	-55.1577
35670	-56.4407
35671	-60.857
35672	-64.6611
35673	-68.401
35674	-69.1756
35675	-70.1382
35676	-70.5513
35677	-69.0042
35678	-66.5827
35679	-63.9859
35680	-64.7053
35681	-67.4926
35682	-69.3509
35683	-69.7136
35684	-69.7969
35685	-69.4896
35686	-69.0136
35687	-67.8837
35688	-66.4126
35689	-64.8228
35690	-61.3797
35691	-58.6432
35692	-63.3775
35693	-68.8452
35694	-69.8992
35695	-69.278
35696	-69.92
35697	-70.5326
35698	-71.465
35699	-71.5194
35700	-71.173
35701	-71.104
35702	-71.4375
35703	-72.0049
35704	-73.5182
35705	-74.1034
35706	-74.0626
35707	-73.6544
35708	-73.343
35709	-73.1448
35710	-72.3651
35711	-68.9248
35712	-63.833
35713	-64.6142
35714	-69.326
35715	-71.7912
35716	-72.4317
35717	-70.9531
35718	-70.0471
35719	-70.0977
35720	-71.6733
35721	-72.4416
35722	-73.6894
35723	-73.0136
35724	-73.2295
35725	-73.9392
35726	-73.1986
35727	-72.7551
35728	-71.9147
35729	-71.0999
35730	-70.1976
35731	-69.9212
35732	-67.8182
35733	-66.1067
35734	-63.7996
35735	-62.5923
35736	-63.1663
35737	-62.8914
35738	-60.1455
35739	-48.577
35740	-35.6182
35741	-32.9168
35742	-39.6278
35743	-55.3842
35744	-64.3247
35745	-64.3261
35746	-64.8031
35747	-66.0275
35748	-67.6855
35749	-69.0411
35750	-69.4465
35751	-70.9272
35752	-71.4932
35753	-72.1981
35754	-72.8188
35755	-73.2434
35756	-73.5783
35757	-74.3543
35758	-73.2782
35759	-73.4023
35760	-73.1483
35761	-73.0513
35762	-70.9874
35763	-70.7566
35764	-71.3888
35765	-71.761
35766	-72.2844
35767	-70.6773
35768	-68.7205
35769	-67.3241
35770	-69.3648
35771	-70.741
35772	-72.4873
35773	-73.2703
35774	-73.4244
35775	-73.7331
35776	-73.8921
35777	-73.8299
35778	-72.3666
35779	-71.7757
35780	-71.1634
35781	-71.1216
35782	-70.9214
35783	-70.2447
35784	-69.128
35785	-68.3334
35786	-68.4538
35787	-68.3132
35788	-67.2917
35789	-65.796
35790	-64.3379
35791	-63.0415
35792	-65.5834
35793	-68.0018
35794	-68.1853
35795	-69.3367
35796	-70.4079
35797	-70.9055
35798	-71.1881
35799	-69.6613
35800	-68.2977
35801	-63.5832
35802	-60.44
35803	-63.2944
35804	-67.8019
35805	-68.995
35806	-69.378
35807	-68.5437
35808	-67.4581
35809	-67.0733
35810	-64.0288
35811	-57.2024
35812	-50.6068
35813	-51.2064
35814	-60.5833
35815	-63.6803
35816	-65.3905
35817	-66.1423
35818	-65.9437
35819	-66.9973
35820	-67.7286
35821	-68.9903
35822	-67.8726
35823	-65.6888
35824	-68.3116
35825	-71.6591
35826	-72.8673
35827	-72.8541
35828	-72.6935
35829	-72.6905
35830	-72.6466
35831	-72.4277
35832	-72.6604
35833	-71.9042
35834	-70.6639
35835	-69.7038
35836	-69.1043
35837	-69.9317
35838	-70.8748
35839	-71.3065
35840	-70.8727
35841	-71.2656
35842	-72.2141
35843	-72.0606
35844	-71.3506
35845	-71.3761
35846	-71.7428
35847	-71.6922
35848	-71.237
35849	-70.9116
35850	-69.8276
35851	-67.9521
35852	-65.9491
35853	-65.7181
35854	-65.8004
35855	-63.9935
35856	-62.9778
35857	-62.1698
35858	-60.8476
35859	-58.6183
35860	-50.4822
35861	-34.8993
35862	-25.7605
35863	-26.6123
35864	-37.5316
35865	-50.3705
35866	-56.6019
35867	-58.5859
35868	-58.5874
35869	-58.8929
35870	-61.397
35871	-63.7805
35872	-65.75
35873	-67.0606
35874	-67.9168
35875	-69.9672
35876	-70.9196
35877	-71.0447
35878	-71.3259
35879	-71.1571
35880	-70.5426
35881	-70.0546
35882	-71.8383
35883	-72.2578
35884	-72.4361
35885	-71.7782
35886	-72.0377
35887	-72.7465
35888	-71.7045
35889	-70.9666
35890	-69.1741
35891	-67.8849
35892	-71.3717
35893	-73.2619
35894	-73.3052
35895	-73.4819
35896	-73.014
35897	-73.2357
35898	-73.2731
35899	-73.6715
35900	-73.1317
35901	-68.2352
35902	-64.6748
35903	-66.6279
35904	-69.3886
35905	-69.4784
35906	-69.1594
35907	-68.8093
35908	-67.7242
35909	-67.8691
35910	-64.0152
35911	-57.3087
35912	-50.5976
35913	-51.2136
35914	-59.9192
35915	-63.4649
35916	-65.3588
35917	-66.7242
35918	-66.6905
35919	-66.8209
35920	-67.8756
35921	-68.5704
35922	-64.4226
35923	-60.8248
35924	-63.8123
35925	-67.3131
35926	-68.5508
35927	-69.7149
35928	-69.6406
35929	-69.4012
35930	-69.0663
35931	-68.6462
35932	-66.6422
35933	-65.4488
35934	-63.2684
35935	-63.0514
35936	-62.2771
35937	-62.552
35938	-64.3724
35939	-65.3276
35940	-65.544
35941	-67.4773
35942	-70.045
35943	-71.8276
35944	-72.1397
35945	-70.8183
35946	-70.9389
35947	-71.2013
35948	-71.6883
35949	-72.8486
35950	-73.4029
35951	-72.9407
35952	-72.4805
35953	-72.2844
35954	-72.2106
35955	-72.5737
35956	-71.4205
35957	-70.6576
35958	-69.7138
35959	-69.8797
35960	-70.9017
35961	-72.0333
35962	-71.9928
35963	-72.3291
35964	-72.7117
35965	-73.1626
35966	-73.2428
35967	-73.488
35968	-72.9058
35969	-73.1343
35970	-72.259
35971	-72.1478
35972	-71.1934
35973	-70.7167
35974	-70.6838
35975	-70.4695
35976	-70.3646
35977	-69.4633
35978	-67.982
35979	-65.9197
35980	-60.7612
35981	-59.3487
35982	-57.0173
35983	-51.8852
35984	-48.3489
35985	-50.4209
35986	-50.5395
35987	-50.0056
35988	-54.1524
35989	-56.8884
35990	-57.6108
35991	-60.5706
35992	-64.7632
35993	-67.3096
35994	-68.3834
35995	-69.4794
35996	-69.4204
35997	-69.9288
35998	-70.7277
35999	-71.4675
36000	-72.3892
36001	-72.6299
36002	-72.1265
36003	-72.2961
36004	-72.5916
36005	-72.3358
36006	-72.0254
36007	-70.8448
36008	-70.8884
36009	-71.5903
36010	-72.2889
36011	-68.4823
36012	-63.7992
36013	-64.3143
36014	-69.3597
36015	-71.6461
36016	-72.527
36017	-73.205
36018	-72.8611
36019	-73.0937
36020	-72.7313
36021	-73.2549
36022	-72.3706
36023	-71.1134
36024	-71.0218
36025	-70.7394
36026	-70.7679
36027	-71.1412
36028	-71.1708
36029	-69.6276
36030	-69.8844
36031	-67.4353
36032	-65.2641
36033	-64.1016
36034	-61.5715
36035	-61.8277
36036	-61.0187
36037	-61.2958
36038	-64.0587
36039	-64.7315
36040	-65.6586
36041	-68.3299
36042	-70.1523
36043	-70.0636
36044	-70.1268
36045	-67.9024
36046	-67.817
36047	-67.236
36048	-67.195
36049	-69.4919
36050	-69.9878
36051	-69.4303
36052	-67.4929
36053	-65.4598
36054	-65.0981
36055	-64.1829
36056	-61.2559
36057	-61.1679
36058	-59.7177
36059	-58.3618
36060	-61.689
36061	-64.6535
36062	-68.1498
36063	-69.1944
36064	-69.8808
36065	-70.7295
36066	-71.1712
36067	-70.6437
36068	-69.935
36069	-69.7283
36070	-70.6599
36071	-72.2782
36072	-73.0667
36073	-72.692
36074	-73.663
36075	-73.2905
36076	-73.4584
36077	-72.9285
36078	-72.2696
36079	-69.1073
36080	-62.5731
36081	-63.9662
36082	-69.6192
36083	-72.1697
36084	-71.6239
36085	-71.0418
36086	-70.4478
36087	-71.7167
36088	-72.282
36089	-72.365
36090	-71.6762
36091	-72.0053
36092	-72.3983
36093	-71.7703
36094	-71.5423
36095	-70.7607
36096	-69.5764
36097	-68.8661
36098	-68.6048
36099	-67.5249
36100	-66.3118
36101	-63.3231
36102	-59.6149
36103	-57.4438
36104	-57.1294
36105	-54.598
36106	-50.0257
36107	-49.6076
36108	-44.7852
36109	-42.25
36110	-47.5096
36111	-54.8729
36112	-58.9809
36113	-61.5423
36114	-65.4409
36115	-66.8462
36116	-68.6645
36117	-69.3444
36118	-69.5239
36119	-69.377
36120	-70.7278
36121	-71.2508
36122	-71.7371
36123	-72.0858
36124	-72.6444
36125	-72.8274
36126	-73.0792
36127	-73.0962
36128	-73.3498
36129	-72.6402
36130	-72.238
36131	-71.9132
36132	-71.9839
36133	-71.5561
36134	-70.7237
36135	-70.5933
36136	-70.9818
36137	-71.8899
36138	-72.2405
36139	-72.134
36140	-72.4297
36141	-72.5708
36142	-72.9276
36143	-73.015
36144	-73.1451
36145	-72.2569
36146	-71.1763
36147	-70.2476
36148	-70.5381
36149	-71.4451
36150	-70.9151
36151	-69.0687
36152	-66.6138
36153	-65.3221
36154	-65.4174
36155	-64.2853
36156	-62.3065
36157	-61.7434
36158	-60.5745
36159	-59.686
36160	-62.8779
36161	-65.3214
36162	-68.3846
36163	-68.628
36164	-69.7292
36165	-69.7239
36166	-69.7529
36167	-68.1701
36168	-66.9516
36169	-62.9435
36170	-60.0426
36171	-65.3328
36172	-68.5352
36173	-68.237
36174	-67.4615
36175	-67.5382
36176	-67.364
36177	-66.0969
36178	-64.2471
36179	-58.1723
36180	-49.6562
36181	-50.7699
36182	-59.001
36183	-65.8972
36184	-67.4157
36185	-67.7817
36186	-68.6753
36187	-68.8192
36188	-69.2536
36189	-69.4523
36190	-66.0443
36191	-64.5552
36192	-69.6762
36193	-73.3337
36194	-73.7056
36195	-73.303
36196	-73.1173
36197	-72.6913
36198	-72.8797
36199	-73.3895
36200	-73.026
36201	-71.4304
36202	-69.6146
36203	-70.6403
36204	-71.1144
36205	-72.4998
36206	-72.8233
36207	-71.7577
36208	-71.675
36209	-72.4083
36210	-72.5973
36211	-71.8916
36212	-70.3837
36213	-71.1762
36214	-71.732
36215	-71.3488
36216	-71.2979
36217	-70.9784
36218	-69.9203
36219	-67.7085
36220	-66.9196
36221	-65.7866
36222	-63.7582
36223	-61.8527
36224	-59.9544
36225	-59.8793
36226	-59.6503
36227	-57.4536
36228	-48.961
36229	-28.6444
36230	-19.9634
36231	-20.9502
36232	-32.165
36233	-52.2906
36234	-59.1445
36235	-60.915
36236	-61.8166
36237	-62.8587
36238	-63.5454
36239	-65.5159
36240	-65.7395
36241	-66.107
36242	-68.1728
36243	-70.3283
36244	-71.3848
36245	-71.3811
36246	-71.8991
36247	-71.8706
36248	-71.0123
36249	-71.2023
36250	-71.7956
36251	-71.8604
36252	-70.9142
36253	-70.7194
36254	-71.3281
36255	-71.2003
36256	-69.8559
36257	-68.8347
36258	-68.8682
36259	-68.9163
36260	-70.8469
36261	-72.7005
36262	-72.6775
36263	-72.9632
36264	-73.0185
36265	-72.9691
36266	-73.0757
36267	-72.7728
36268	-72.426
36269	-67.6828
36270	-65.0787
36271	-68.0154
36272	-69.3308
36273	-68.0944
36274	-67.6087
36275	-66.5671
36276	-66.8853
36277	-65.9112
36278	-64.9474
36279	-58.2401
36280	-49.418
36281	-50.441
36282	-58.6264
36283	-65.5333
36284	-67.4048
36285	-67.4741
36286	-68.6315
36287	-69.0391
36288	-68.9353
36289	-67.9273
36290	-62.7049
36291	-60.3435
36292	-65.1652
36293	-68.611
36294	-70.1704
36295	-71.0905
36296	-71.1839
36297	-70.304
36298	-69.33
36299	-68.3896
36300	-67.8998
36301	-66.956
36302	-66.7973
36303	-66.2563
36304	-66.1066
36305	-67.625
36306	-69.0373
36307	-68.32
36308	-68.1494
36309	-69.073
36310	-70.8949
36311	-71.7376
36312	-71.8673
36313	-71.7734
36314	-71.8331
36315	-72.8418
36316	-73.8508
36317	-73.8923
36318	-73.6871
36319	-73.3436
36320	-73.3367
36321	-71.6651
36322	-70.5009
36323	-69.1658
36324	-67.8386
36325	-69.1117
36326	-69.6286
36327	-71.3712
36328	-71.2507
36329	-71.1832
36330	-70.6905
36331	-71.0801
36332	-72.9876
36333	-73.2362
36334	-73.5228
36335	-73.7478
36336	-74.24
36337	-73.5551
36338	-73.4766
36339	-72.9313
36340	-71.9313
36341	-71.3793
36342	-70.7862
36343	-70.0456
36344	-69.6852
36345	-68.5501
36346	-66.7393
36347	-64.9725
36348	-64.3238
36349	-64.3934
36350	-61.547
36351	-56.8799
36352	-55.5611
36353	-57.3008
36354	-58.7674
36355	-61.5828
36356	-63.2633
36357	-62.5125
36358	-62.2215
36359	-63.2468
36360	-66.6816
36361	-69.1742
36362	-70.8189
36363	-71.1082
36364	-71.3682
36365	-71.7535
36366	-72.6593
36367	-73.8409
36368	-73.9175
36369	-73.1275
36370	-72.8226
36371	-73.7089
36372	-72.4017
36373	-71.996
36374	-70.3419
36375	-70.232
36376	-71.0483
36377	-73.0228
36378	-72.084
36379	-69.5774
36380	-63.5278
36381	-64.082
36382	-70.4775
36383	-72.8212
36384	-73.2024
36385	-73.0555
36386	-73.51
36387	-73.8714
36388	-73.897
36389	-72.9266
36390	-72.333
36391	-71.5074
36392	-70.7538
36393	-71.2451
36394	-71.4592
36395	-71.6253
36396	-70.5506
36397	-69.9152
36398	-69.2952
36399	-69.5944
36400	-69.0061
36401	-66.1348
36402	-65.0709
36403	-65.3256
36404	-65.195
36405	-66.7443
36406	-68.1809
36407	-68.9703
36408	-69.1696
36409	-69.6351
36410	-70.0578
36411	-69.0582
36412	-67.1495
36413	-64.5411
36414	-64.8018
36415	-66.2403
36416	-68.3403
36417	-70.2568
36418	-69.432
36419	-68.5743
36420	-67.2164
36421	-63.4591
36422	-60.538
36423	-57.0306
36424	-56.2169
36425	-59.2048
36426	-59.9574
36427	-62.0333
36428	-63.6786
36429	-64.1156
36430	-65.6386
36431	-67.9373
36432	-69.0133
36433	-69.529
36434	-69.2792
36435	-68.3119
36436	-69.6592
36437	-71.0944
36438	-71.5243
36439	-72.2424
36440	-72.824
36441	-72.9607
36442	-72.6569
36443	-72.6288
36444	-73.1363
36445	-72.3125
36446	-70.539
36447	-68.0512
36448	-66.4931
36449	-67.4905
36450	-69.3483
36451	-70.9564
36452	-71.6283
36453	-71.0518
36454	-72.4141
36455	-72.2991
36456	-71.7383
36457	-72.2325
36458	-71.1403
36459	-71.3383
36460	-71.4311
36461	-70.4766
36462	-68.8798
36463	-67.9295
36464	-67.439
36465	-67.3903
36466	-66.9246
36467	-65.0686
36468	-64.215
36469	-62.6613
36470	-58.1845
36471	-53.7032
36472	-48.7291
36473	-41.6781
36474	-40.7343
36475	-44.23
36476	-47.2216
36477	-49.7115
36478	-54.304
36479	-55.9478
36480	-56.0971
36481	-59.3958
36482	-64.4399
36483	-66.3025
36484	-67.6674
36485	-68.8157
36486	-69.1308
36487	-70.1769
36488	-70.932
36489	-70.1447
36490	-70.5429
36491	-71.1828
36492	-71.4055
36493	-71.9515
36494	-72.6079
36495	-72.8917
36496	-73.2836
36497	-73.0244
36498	-71.8045
36499	-72.4117
36500	-72.2356
36501	-71.071
36502	-69.6436
36503	-71.0942
36504	-71.9093
36505	-73.2853
36506	-74.0269
36507	-73.3045
36508	-72.1619
36509	-72.9168
36510	-73.3928
36511	-72.7322
36512	-70.5707
36513	-67.8829
36514	-68.1359
36515	-69.0867
36516	-69.8104
36517	-70.8082
36518	-70.0703
36519	-69.1982
36520	-67.4202
36521	-63.5736
36522	-60.6644
36523	-57.5714
36524	-56.2424
36525	-59.3382
36526	-60.3503
36527	-62.4679
36528	-64.0234
36529	-65.0699
36530	-66.1608
36531	-68.2014
36532	-67.866
36533	-67.9968
36534	-65.7633
36535	-64.767
36536	-67.7708
36537	-64.381
36538	-65.1807
36539	-67.6826
36540	-68.3566
36541	-68.713
36542	-67.2202
36543	-66.8417
36544	-66.0374
36545	-65.1978
36546	-62.7336
36547	-59.7785
36548	-56.0423
36549	-56.7512
36550	-60.6099
36551	-64.2257
36552	-68.2125
36553	-69.9439
36554	-70.1867
36555	-71.1552
36556	-70.479
36557	-69.6016
36558	-68.2483
36559	-67.6195
36560	-70.3966
36561	-73.1864
36562	-73.6652
36563	-73.2955
36564	-71.9492
36565	-72.7935
36566	-73.8447
36567	-73.2325
36568	-72.0222
36569	-71.0883
36570	-69.455
36571	-70.8816
36572	-72.2642
36573	-72.8881
36574	-72.2049
36575	-72.3903
36576	-73.1576
36577	-72.781
36578	-72.9284
36579	-72.106
36580	-71.4043
36581	-71.6566
36582	-71.1052
36583	-70.793
36584	-71.6081
36585	-70.7004
36586	-69.9832
36587	-69.3391
36588	-68.61
36589	-67.3088
36590	-65.428
36591	-60.4404
36592	-57.5156
36593	-58.2277
36594	-57.4943
36595	-53.8618
36596	-49.4961
36597	-43.2389
36598	-38.5013
36599	-39.2225
36600	-47.3906
36601	-53.8086
36602	-59.1374
36603	-63.2959
36604	-64.8231
36605	-65.1088
36606	-67.0952
36607	-67.7971
36608	-67.329
36609	-67.6902
36610	-69.0813
36611	-70.8248
36612	-71.7859
36613	-71.9205
36614	-72.0114
36615	-72.3544
36616	-71.9487
36617	-72.4476
36618	-72.5916
36619	-71.1852
36620	-71.1736
36621	-70.3936
36622	-69.5119
36623	-68.3515
36624	-66.5736
36625	-68.0783
36626	-69.3268
36627	-71.2321
36628	-72.2308
36629	-71.8555
36630	-72.4653
36631	-72.7722
36632	-72.5421
36633	-72.8768
36634	-72.2942
36635	-72.013
36636	-70.7714
36637	-68.367
36638	-69.3546
36639	-69.5963
36640	-69.6238
36641	-68.0705
36642	-66.4348
36643	-65.9783
36644	-65.6682
36645	-64.852
36646	-61.782
36647	-59.4137
36648	-55.9621
36649	-55.9355
36650	-60.0885
36651	-63.9484
36652	-67.9266
36653	-69.3308
36654	-70.0585
36655	-70.696
36656	-69.8024
36657	-67.1847
36658	-64.5434
36659	-64.5421
36660	-66.9234
36661	-69.1333
36662	-69.5195
36663	-69.7088
36664	-69.3237
36665	-68.8713
36666	-68.0592
36667	-66.5641
36668	-64.8969
36669	-61.5563
36670	-57.4838
36671	-61.2713
36672	-68.3834
36673	-69.6887
36674	-69.4358
36675	-69.7371
36676	-70.4815
36677	-71.4761
36678	-71.4001
36679	-71.2253
36680	-70.7031
36681	-71.3604
36682	-71.9839
36683	-73.2612
36684	-73.8495
36685	-74.1052
36686	-73.63
36687	-73.4038
36688	-73.1941
36689	-72.7711
36690	-69.8613
36691	-64.6185
36692	-63.7609
36693	-68.8277
36694	-71.2823
36695	-72.4264
36696	-71.138
36697	-70.2869
36698	-69.852
36699	-71.2958
36700	-72.2239
36701	-73.2878
36702	-72.7535
36703	-73.206
36704	-73.7133
36705	-73.3213
36706	-72.5057
36707	-71.9111
36708	-71.0447
36709	-69.9154
36710	-70.0317
36711	-67.8368
36712	-66.407
36713	-64.1266
36714	-62.4731
36715	-62.7491
36716	-62.6496
36717	-60.77
36718	-50.9309
36719	-35.7522
36720	-31.1608
36721	-35.9113
36722	-50.8991
36723	-63.3047
36724	-64.2887
36725	-64.6499
36726	-65.8429
36727	-67.3736
36728	-68.8921
36729	-69.442
36730	-70.3956
36731	-71.3274
36732	-72.0907
36733	-72.6644
36734	-73.2093
36735	-73.2597
36736	-74.272
36737	-73.553
36738	-73.0893
36739	-73.1311
36740	-72.9974
36741	-71.2891
36742	-70.9322
36743	-71.4874
36744	-71.5874
36745	-72.3719
36746	-71.1601
36747	-69.5003
36748	-67.5883
36749	-69.2907
36750	-70.541
36751	-72.4453
36752	-72.9263
36753	-73.4423
36754	-73.6154
36755	-73.8726
36756	-73.9215
36757	-72.6487
36758	-71.9147
36759	-70.9617
36760	-70.9198
36761	-71.0464
36762	-70.5511
36763	-68.911
36764	-68.3741
36765	-68.3222
36766	-68.2444
36767	-67.2884
36768	-65.9026
36769	-63.8795
36770	-61.4473
36771	-63.8335
36772	-67.5538
36773	-68.0946
36774	-69.0605
36775	-70.1506
36776	-70.6755
36777	-71.1034
36778	-70.0454
36779	-68.4022
36780	-64.333
36781	-60.6907
36782	-62.1101
36783	-67.1098
36784	-68.9208
36785	-69.4549
36786	-68.8666
36787	-67.5792
36788	-67.1831
36789	-65.1229
36790	-58.5412
36791	-51.281
36792	-50.2592
36793	-58.7368
36794	-63.2301
36795	-64.9094
36796	-66.0908
36797	-65.8871
36798	-67.0449
36799	-67.3642
36800	-68.8872
36801	-68.2078
36802	-65.7777
36803	-67.4813
36804	-71.1466
36805	-72.8023
36806	-73.0138
36807	-72.646
36808	-72.6815
36809	-72.5612
36810	-72.401
36811	-72.7858
36812	-72.2013
36813	-71.1942
36814	-69.7715
36815	-69.3237
36816	-69.9405
36817	-70.8809
36818	-71.3218
36819	-70.7693
36820	-71.0882
36821	-71.9434
36822	-72.0506
36823	-71.5445
36824	-71.171
36825	-71.8008
36826	-71.6657
36827	-71.157
36828	-71.0357
36829	-70.0639
36830	-68.3995
36831	-66.1628
36832	-65.611
36833	-65.9791
36834	-64.1832
36835	-63.0376
36836	-62.2379
36837	-60.8825
36838	-59.6217
36839	-52.1328
36840	-37.6733
36841	-26.5531
36842	-25.4905
36843	-34.2812
36844	-48.6829
36845	-56.0142
36846	-58.1118
36847	-58.9207
36848	-58.5678
36849	-60.9685
36850	-63.2691
36851	-65.4163
36852	-66.8738
36853	-67.315
36854	-69.7322
36855	-70.4701
36856	-71.0985
36857	-71.5753
36858	-71.1713
36859	-70.6726
36860	-69.9733
36861	-71.5618
36862	-72.3361
36863	-72.2824
36864	-71.8934
36865	-71.9102
36866	-72.5618
36867	-71.9491
36868	-71.0108
36869	-69.4773
36870	-67.3846
36871	-70.2783
36872	-72.9061
36873	-73.337
36874	-73.5378
36875	-72.9368
36876	-73.1759
36877	-73.384
36878	-73.5721
36879	-73.4943
36880	-69.4228
36881	-65.1095
36882	-66.0043
36883	-69.1178
36884	-69.5486
36885	-69.3374
36886	-68.5735
36887	-67.8922
36888	-67.8435
36889	-65.2827
36890	-58.6908
36891	-51.4108
36892	-50.2317
36893	-58.0948
36894	-62.8367
36895	-64.9489
36896	-66.6531
36897	-66.3862
36898	-66.5134
36899	-67.5473
36900	-68.5667
36901	-65.9164
36902	-60.9951
36903	-62.7636
36904	-67.1889
36905	-68.2834
36906	-69.6767
36907	-69.7226
36908	-69.306
36909	-69.3646
36910	-69.1884
36911	-67.4323
36912	-66.3729
36913	-64.6325
36914	-63.4686
36915	-62.8565
36916	-62.6985
36917	-64.3612
36918	-65.4992
36919	-65.4884
36920	-67.1735
36921	-69.7885
36922	-71.6155
36923	-72.2709
36924	-71.1692
36925	-71.1937
36926	-71.3543
36927	-71.6804
36928	-72.5738
36929	-73.2558
36930	-73.0538
36931	-72.5914
36932	-72.359
36933	-72.1439
36934	-72.3981
36935	-71.4918
36936	-70.5238
36937	-69.58
36938	-69.3378
36939	-70.8637
36940	-71.9189
36941	-71.9278
36942	-72.0565
36943	-72.4718
36944	-73.2078
36945	-73.153
36946	-73.3283
36947	-73.0549
36948	-73.1948
36949	-72.6918
36950	-72.2597
36951	-71.5127
36952	-70.9564
36953	-70.5808
36954	-70.6455
36955	-70.5509
36956	-70.01
36957	-68.5024
36958	-66.9688
36959	-61.8665
36960	-60.0383
36961	-58.3836
36962	-53.905
36963	-49.6405
36964	-50.7603
36965	-51.6487
36966	-50.2739
36967	-53.9234
36968	-56.6341
36969	-57.6611
36970	-60.0403
36971	-64.1247
36972	-67.4376
36973	-68.5112
36974	-69.7916
36975	-69.5121
36976	-69.9218
36977	-70.4037
36978	-71.3787
36979	-72.5081
36980	-72.9295
36981	-72.4034
36982	-72.3118
36983	-72.4448
36984	-72.4728
36985	-72.2815
36986	-70.9284
36987	-71.0498
36988	-71.259
36989	-72.368
36990	-69.4582
36991	-64.4827
36992	-63.6003
36993	-68.5237
36994	-71.4529
36995	-72.551
36996	-73.0389
36997	-72.8947
36998	-73.0396
36999	-72.6144
37000	-73.2402
37001	-72.5611
37002	-71.2386
37003	-71.202
37004	-70.6336
37005	-70.9467
37006	-71.1042
37007	-71.1832
37008	-69.9325
37009	-69.8956
37010	-68.4207
37011	-66.0794
37012	-64.8431
37013	-62.7202
37014	-61.9175
37015	-61.9042
37016	-61.3911
37017	-64.0248
37018	-65.027
37019	-65.5047
37020	-67.9397
37021	-70.0123
37022	-70.0148
37023	-70.4929
37024	-68.4947
37025	-67.3634
37026	-67.6888
37027	-66.8202
37028	-68.7766
37029	-70.0013
37030	-69.3726
37031	-67.7594
37032	-65.5505
37033	-65.0039
37034	-64.2454
37035	-61.518
37036	-60.5848
37037	-60.2472
37038	-57.8153
37039	-60.5814
37040	-63.7322
37041	-67.0657
37042	-68.8638
37043	-69.7172
37044	-70.5611
37045	-70.9941
37046	-70.7956
37047	-69.9822
37048	-69.4105
37049	-70.42
37050	-72.0174
37051	-72.9887
37052	-72.7444
37053	-73.4769
37054	-73.3742
37055	-73.4634
37056	-73.1729
37057	-72.2586
37058	-70.2952
37059	-63.4728
37060	-62.9675
37061	-68.684
37062	-71.7905
37063	-71.9683
37064	-70.8217
37065	-70.4718
37066	-71.3533
37067	-72.3522
37068	-72.2963
37069	-71.6578
37070	-71.6041
37071	-72.2823
37072	-71.9694
37073	-71.4827
37074	-70.9686
37075	-69.5106
37076	-69.0032
37077	-68.5268
37078	-67.5302
37079	-66.4139
37080	-63.7521
37081	-60.1185
37082	-57.4628
37083	-57.0711
37084	-55.0892
37085	-50.2754
37086	-49.2744
37087	-45.1418
37088	-41.818
37089	-45.2383
37090	-53.2018
37091	-58.153
37092	-60.5509
37093	-64.5607
37094	-66.3303
37095	-67.9703
37096	-69.0446
37097	-69.4323
37098	-69.1719
37099	-70.3652
37100	-70.8665
37101	-71.5025
37102	-71.9093
37103	-72.5271
37104	-72.4859
37105	-73.4055
37106	-72.931
37107	-73.4096
37108	-72.6007
37109	-72.1317
37110	-72.1998
37111	-72.2116
37112	-71.6371
37113	-71.1732
37114	-70.5163
37115	-70.7976
37116	-71.7909
37117	-72.3647
37118	-72.3223
37119	-72.4525
37120	-72.6636
37121	-72.6954
37122	-73.1204
37123	-72.8298
37124	-72.0521
37125	-71.3648
37126	-70.3099
37127	-70.2192
37128	-70.8687
37129	-71.0202
37130	-69.3644
37131	-66.9897
37132	-65.4585
37133	-65.308
37134	-64.3203
37135	-62.8207
37136	-61.2603
37137	-60.8067
37138	-58.9858
37139	-61.7307
37140	-64.4541
37141	-67.7511
37142	-68.3371
37143	-69.3151
37144	-69.5125
37145	-69.7844
37146	-68.4567
37147	-66.8587
37148	-64.1244
37149	-60.026
37150	-64.0461
37151	-68.6108
37152	-68.4429
37153	-67.7063
37154	-67.6131
37155	-67.6751
37156	-66.5088
37157	-64.9623
37158	-60.8358
37159	-50.726
37160	-49.9438
37161	-57.5169
37162	-64.9816
37163	-67.3394
37164	-67.6789
37165	-68.751
37166	-68.7384
37167	-69.1965
37168	-69.6283
37169	-67.0713
37170	-64.3027
37171	-68.292
37172	-73.035
37173	-73.7584
37174	-73.3309
37175	-73.0429
37176	-72.7628
37177	-72.995
37178	-73.3306
37179	-73.0777
37180	-71.8893
37181	-70.0507
37182	-70.5051
37183	-71.1247
37184	-72.1576
37185	-72.7238
37186	-71.9566
37187	-71.4094
37188	-72.1834
37189	-72.6726
37190	-72.3198
37191	-70.3506
37192	-70.9222
37193	-71.5549
37194	-71.4323
37195	-71.6087
37196	-71.1321
37197	-70.3573
37198	-68.3096
37199	-67.1854
37200	-66.1935
37201	-64.3221
37202	-62.3355
37203	-60.3537
37204	-60.0586
37205	-60.047
37206	-58.1868
37207	-51.6035
37208	-32.1725
37209	-21.2415
37210	-20.379
37211	-29.2848
37212	-49.5258
37213	-58.8559
37214	-60.6362
37215	-61.7779
37216	-62.6856
37217	-63.4476
37218	-65.0938
37219	-65.7712
37220	-65.7068
37221	-67.6172
37222	-70.1017
37223	-71.1308
37224	-71.2898
37225	-71.7925
37226	-71.8694
37227	-71.1452
37228	-71.1051
37229	-71.9046
37230	-72.0076
37231	-70.9579
37232	-70.4993
37233	-71.4012
37234	-71.3192
37235	-70.0751
37236	-68.859
37237	-69.0752
37238	-68.4109
37239	-70.1665
37240	-72.3444
37241	-72.5707
37242	-72.7748
37243	-72.9933
37244	-72.9683
37245	-73.098
37246	-73.1104
37247	-72.4452
37248	-69.0823
37249	-65.2078
37250	-67.5893
37251	-69.4975
37252	-68.1649
37253	-67.7584
37254	-66.7488
37255	-67.0514
37256	-66.257
37257	-65.3039
37258	-60.9504
37259	-50.4548
37260	-49.5559
37261	-57.1645
37262	-64.8747
37263	-67.1825
37264	-67.4656
37265	-68.6354
37266	-68.9596
37267	-69.1433
37268	-68.2208
37269	-64.1432
37270	-60.3653
37271	-63.7496
37272	-68.5572
37273	-69.7212
37274	-70.8619
37275	-71.177
37276	-70.7596
37277	-69.5169
37278	-68.5465
37279	-67.9074
37280	-66.0689
37281	-64.8956
37282	-65.8088
37283	-66.0193
37284	-67.5587
37285	-69.0637
37286	-68.6557
37287	-68.3156
37288	-68.9605
37289	-70.7794
37290	-71.6392
37291	-71.8457
37292	-71.8565
37293	-71.9427
37294	-72.6851
37295	-73.7859
37296	-74.0718
37297	-73.9263
37298	-73.2715
37299	-73.53
37300	-71.9476
37301	-70.5946
37302	-69.3219
37303	-67.8294
37304	-68.6195
37305	-69.3233
37306	-70.7109
37307	-71.3753
37308	-71.0805
37309	-70.8267
37310	-70.7718
37311	-72.8581
37312	-73.2948
37313	-73.7452
37314	-73.424
37315	-74.1652
37316	-73.6635
37317	-73.1281
37318	-73.1276
37319	-72.2798
37320	-71.4077
37321	-70.6843
37322	-70.0141
37323	-69.7426
37324	-68.879
37325	-67.1971
37326	-65.275
37327	-64.2997
37328	-64.8966
37329	-62.4293
37330	-57.6269
37331	-54.9048
37332	-57.7374
37333	-59.097
37334	-61.5655
37335	-63.5511
37336	-62.9202
37337	-62.4316
37338	-62.8639
37339	-66.1543
37340	-68.8669
37341	-70.9111
37342	-71.5579
37343	-71.4572
37344	-71.5903
37345	-72.7676
37346	-73.6463
37347	-74.0479
37348	-73.2717
37349	-72.8706
37350	-73.7721
37351	-72.5728
37352	-72.1555
37353	-70.6518
37354	-70.2133
37355	-70.8437
37356	-72.7183
37357	-72.5259
37358	-70.2082
37359	-64.6018
37360	-63.4117
37361	-69.4184
37362	-72.6356
37363	-73.2573
37364	-72.8743
37365	-73.4976
37366	-73.7357
37367	-74.074
37368	-73.1917
37369	-72.2741
37370	-71.7825
37371	-70.7141
37372	-71.3006
37373	-71.6216
37374	-71.6449
37375	-70.6824
37376	-70.1799
37377	-69.5318
37378	-69.5941
37379	-69.1879
37380	-67.9372
37381	-66.4885
37382	-66.1689
37383	-65.3703
37384	-66.3842
37385	-67.9497
37386	-68.9781
37387	-69.3176
37388	-69.6368
37389	-70.1115
37390	-69.3984
37391	-67.5241
37392	-64.6607
37393	-64.3882
37394	-66.0887
37395	-67.4963
37396	-70.1028
37397	-69.5385
37398	-68.5263
37399	-67.5404
37400	-64.1319
37401	-60.8054
37402	-57.6381
37403	-55.7451
37404	-58.3188
37405	-59.6519
37406	-61.2354
37407	-63.3666
37408	-63.938
37409	-65.0638
37410	-67.6771
37411	-68.8085
37412	-69.1319
37413	-69.545
37414	-68.0876
37415	-69.538
37416	-70.6326
37417	-71.3389
37418	-72.0726
37419	-72.7679
37420	-72.8839
37421	-72.6451
37422	-72.5507
37423	-73.1003
37424	-72.5703
37425	-71.1462
37426	-68.7126
37427	-66.6511
37428	-67.2328
37429	-68.9174
37430	-70.7134
37431	-71.7097
37432	-71.0633
37433	-72.1367
37434	-72.3418
37435	-71.788
37436	-71.9842
37437	-71.1908
37438	-71.3591
37439	-71.3526
37440	-70.7376
37441	-68.9787
37442	-67.9461
37443	-67.5273
37444	-67.4306
37445	-66.9597
37446	-65.2024
37447	-64.2377
37448	-62.9922
37449	-59.0348
37450	-54.3975
37451	-49.7248
37452	-42.4357
37453	-40.2761
37454	-42.9084
37455	-46.9751
37456	-48.4419
37457	-53.522
37458	-55.5768
37459	-55.8928
37460	-58.2463
37461	-63.6582
37462	-66.191
37463	-67.2071
37464	-68.46
37465	-68.7399
37466	-69.767
37467	-70.7975
37468	-69.9989
37469	-70.4361
37470	-70.9788
37471	-71.4184
37472	-71.7174
37473	-72.4474
37474	-72.8521
37475	-73.1682
37476	-73.1124
37477	-72.0046
37478	-72.3936
37479	-72.1972
37480	-71.205
37481	-69.4392
37482	-70.5179
37483	-71.8891
37484	-73.0133
37485	-74.1774
37486	-73.6148
37487	-72.149
37488	-72.6766
37489	-73.5079
37490	-72.9523
37491	-71.0169
37492	-68.1051
37493	-67.8657
37494	-68.8331
37495	-69.7079
37496	-70.4655
37497	-70.211
37498	-69.095
37499	-68.3101
37500	-64.0291
37501	-61.1099
37502	-58.0611
37503	-55.8896
37504	-58.3009
37505	-60.1623
37506	-61.7264
37507	-63.6637
37508	-64.5808
37509	-65.5102
37510	-68.0764
37511	-67.9497
37512	-68.0746
37513	-66.2758
37514	-64.3009
37515	-67.1248
37516	-64.9483
37517	-64.8195
37518	-67.6246
37519	-68.4273
37520	-68.7885
37521	-67.7328
37522	-66.95
37523	-66.4157
37524	-66.0905
37525	-63.5354
37526	-61.3835
37527	-56.4859
37528	-56.6086
37529	-59.993
37530	-63.6788
37531	-67.5541
37532	-69.9476
37533	-70.2769
37534	-71.0868
37535	-70.7612
37536	-70.0386
37537	-68.4984
37538	-67.5196
37539	-69.821
37540	-72.9083
37541	-73.5528
37542	-73.5815
37543	-72.1717
37544	-72.5919
37545	-73.5575
37546	-73.5208
37547	-72.0589
37548	-71.1157
37549	-69.3354
37550	-70.2255
37551	-72.2042
37552	-72.8775
37553	-72.2037
37554	-72.4611
37555	-73.1346
37556	-72.7474
37557	-72.9488
37558	-72.4339
37559	-71.6127
37560	-71.8922
37561	-71.3239
37562	-70.8
37563	-71.6337
37564	-71.1485
37565	-70.2107
37566	-69.5718
37567	-69.0938
37568	-67.6861
37569	-66.1734
37570	-61.6509
37571	-58.0454
37572	-58.1412
37573	-58.0479
37574	-55.444
37575	-50.5994
37576	-45.1242
37577	-39.383
37578	-38.9759
37579	-45.8792
37580	-52.8035
37581	-58.2618
37582	-62.9301
37583	-64.683
37584	-65.3841
37585	-66.8396
37586	-67.9656
37587	-67.6522
37588	-67.9599
37589	-68.9166
37590	-70.602
37591	-71.9371
37592	-71.9682
37593	-71.9962
37594	-72.7225
37595	-71.8259
37596	-72.3581
37597	-72.7464
37598	-71.4373
37599	-71.1214
37600	-70.6932
37601	-69.7381
37602	-68.6353
37603	-66.6392
37604	-67.6978
37605	-69.1963
37606	-70.7628
37607	-72.0779
37608	-72.025
37609	-72.2119
37610	-72.7
37611	-72.4995
37612	-72.6655
37613	-72.3769
37614	-72.1727
37615	-71.331
37616	-68.8896
37617	-69.2351
37618	-70.0201
37619	-69.4466
37620	-68.6789
37621	-66.9055
37622	-66.1688
37623	-65.8182
37624	-65.5847
37625	-62.6322
37626	-60.6477
37627	-56.5176
37628	-55.7428
37629	-59.4733
37630	-63.3837
37631	-67.53
37632	-69.3109
37633	-69.9935
37634	-70.6381
37635	-70.3961
37636	-67.9762
37637	-65.378
37638	-64.4556
37639	-66.2549
37640	-68.8479
37641	-69.3109
37642	-69.7924
37643	-69.2499
37644	-68.8214
37645	-68.321
37646	-66.7627
37647	-65.0196
37648	-62.0004
37649	-56.711
37650	-59.0366
37651	-66.7699
37652	-69.7303
37653	-69.7343
37654	-69.5115
37655	-70.3341
37656	-71.3518
37657	-71.3522
37658	-71.2777
37659	-70.5676
37660	-71.2897
37661	-71.8558
37662	-72.6842
37663	-73.6671
37664	-74.1874
37665	-73.7
37666	-73.459
37667	-73.2989
37668	-73.2399
37669	-70.6304
37670	-65.5679
37671	-63.1325
37672	-67.9004
37673	-70.8025
37674	-72.043
37675	-71.268
37676	-70.5365
37677	-69.8933
37678	-71.0314
37679	-72.3088
37680	-73.0052
37681	-72.6161
37682	-73.2091
37683	-73.4201
37684	-73.2212
37685	-72.4702
37686	-72.1444
37687	-70.9632
37688	-69.8654
37689	-69.8435
37690	-68.0805
37691	-66.649
37692	-64.4495
37693	-62.4206
37694	-62.4647
37695	-62.1796
37696	-61.0661
37697	-53.3847
37698	-36.6499
37699	-30.0965
37700	-32.9466
37701	-46.0708
37702	-61.6569
37703	-64.3508
37704	-64.4464
37705	-65.4374
37706	-66.91
37707	-68.5905
37708	-69.5495
37709	-69.8637
37710	-71.1522
37711	-71.9446
37712	-72.5328
37713	-73.1905
37714	-72.9288
37715	-74.2463
37716	-73.602
37717	-72.9783
37718	-73.3315
37719	-73.0112
37720	-71.8058
37721	-70.9881
37722	-71.2465
37723	-71.568
37724	-72.4085
37725	-71.7251
37726	-70.3478
37727	-68.1392
37728	-68.9253
37729	-70.4803
37730	-72.2883
37731	-72.7763
37732	-73.339
37733	-73.2916
37734	-74.0179
37735	-74.0277
37736	-72.9644
37737	-72.1827
37738	-70.8847
37739	-70.4977
37740	-71.0643
37741	-70.552
37742	-68.8997
37743	-68.6139
37744	-68.1907
37745	-68.1689
37746	-67.1527
37747	-65.8509
37748	-63.7395
37749	-60.0681
37750	-61.6876
37751	-66.8005
37752	-68.2416
37753	-68.888
37754	-69.7604
37755	-70.6147
37756	-71.0032
37757	-70.3528
37758	-68.6878
37759	-65.1627
37760	-61.3294
37761	-61.2094
37762	-66.1786
37763	-68.8863
37764	-69.5599
37765	-69.1839
37766	-67.6351
37767	-67.4442
37768	-65.7792
37769	-60.2084
37770	-52.3811
37771	-49.7301
37772	-56.3291
37773	-62.8697
37774	-64.5273
37775	-65.9096
37776	-65.9589
37777	-67.0251
37778	-67.1396
37779	-68.4807
37780	-68.5491
37781	-66.0104
37782	-66.7647
37783	-70.6146
37784	-72.5448
37785	-73.0209
37786	-72.5888
37787	-72.6374
37788	-72.597
37789	-72.2125
37790	-72.8604
37791	-72.5503
37792	-71.6251
37793	-69.9211
37794	-69.5474
37795	-69.9093
37796	-71.0178
37797	-71.2257
37798	-70.9151
37799	-70.9845
37800	-71.756
37801	-71.946
37802	-71.9995
37803	-71.1167
37804	-71.9649
37805	-71.671
37806	-71.276
37807	-71.0489
37808	-70.4702
37809	-68.9891
37810	-66.5419
37811	-65.5363
37812	-65.9905
37813	-64.541
37814	-63.1773
37815	-62.3439
37816	-61.1411
37817	-59.8933
37818	-54.173
37819	-40.8114
37820	-27.773
37821	-24.7757
37822	-31.5323
37823	-46.8317
37824	-55.1506
37825	-57.8308
37826	-58.8693
37827	-58.4548
37828	-60.2883
37829	-62.6537
37830	-64.92
37831	-66.7153
37832	-66.9661
37833	-69.4608
37834	-70.2559
37835	-71.2951
37836	-71.4882
37837	-71.1481
37838	-70.9286
37839	-69.9289
37840	-71.0728
37841	-72.3927
37842	-72.1723
37843	-72.0782
37844	-72.0124
37845	-72.5733
37846	-72.2154
37847	-70.9706
37848	-69.8999
37849	-67.0928
37850	-68.9849
37851	-72.5749
37852	-73.1895
37853	-73.4661
37854	-72.9715
37855	-73.1678
37856	-73.2544
37857	-73.452
37858	-73.6424
37859	-70.3721
37860	-65.4583
37861	-65.2807
37862	-68.6419
37863	-69.6655
37864	-69.26
37865	-68.6622
37866	-68.0698
37867	-67.7095
37868	-66.2638
37869	-60.1508
37870	-52.4161
37871	-49.657
37872	-55.8795
37873	-62.423
37874	-64.4653
37875	-66.3729
37876	-66.4248
37877	-66.4937
37878	-67.3405
37879	-68.4141
37880	-67.3528
37881	-61.4201
37882	-61.9407
37883	-66.9876
37884	-68.1886
37885	-69.8195
37886	-70.2198
37887	-69.4614
37888	-69.5894
37889	-69.2633
37890	-68.4752
37891	-67.1975
37892	-65.9859
37893	-64.3354
37894	-63.3722
37895	-62.9548
37896	-64.5972
37897	-65.6079
37898	-65.6137
37899	-66.843
37900	-69.2967
37901	-71.5009
37902	-72.5132
37903	-71.5236
37904	-71.2877
37905	-71.5959
37906	-71.8484
37907	-72.3508
37908	-73.1662
37909	-73.2019
37910	-72.7268
37911	-72.3025
37912	-72.1144
37913	-72.3525
37914	-71.804
37915	-70.3926
37916	-69.709
37917	-68.8761
37918	-70.6281
37919	-71.5054
37920	-71.8552
37921	-71.8328
37922	-72.3951
37923	-73.3794
37924	-73.2368
37925	-73.1403
37926	-73.4062
37927	-72.9575
37928	-73.1861
37929	-72.377
37930	-71.9969
37931	-71.1071
37932	-70.6798
37933	-70.7309
37934	-70.8384
37935	-70.4631
37936	-68.9349
37937	-67.7262
37938	-63.3358
37939	-60.4005
37940	-59.6565
37941	-56.0072
37942	-51.3847
37943	-51.2104
37944	-52.6924
37945	-50.7061
37946	-53.4333
37947	-56.8924
37948	-57.8821
37949	-59.4675
37950	-63.4891
37951	-67.5251
37952	-68.3315
37953	-70.0984
37954	-69.6863
37955	-69.9159
37956	-70.2878
37957	-71.4526
37958	-72.3823
37959	-73.1908
37960	-72.5515
37961	-72.2832
37962	-72.4717
37963	-72.4365
37964	-72.5553
37965	-71.0487
37966	-70.9837
37967	-70.9472
37968	-72.3736
37969	-70.4423
37970	-65.321
37971	-63.1691
37972	-67.547
37973	-71.0363
37974	-72.3412
37975	-72.8361
37976	-72.9398
37977	-72.9975
37978	-72.5267
37979	-73.1885
37980	-72.6936
37981	-71.5717
37982	-71.3076
37983	-70.6572
37984	-71.1255
37985	-71.1594
37986	-71.3321
37987	-70.3104
37988	-70.1457
37989	-69.4161
37990	-67.1369
37991	-65.7641
37992	-64.0489
37993	-62.3946
37994	-62.7207
37995	-61.4401
37996	-63.9015
37997	-65.2107
37998	-65.3911
37999	-67.6441
38000	-69.7841
38001	-70.0562
38002	-70.3286
38003	-69.0123
38004	-67.1516
38005	-68.1659
38006	-66.6123
38007	-68.0111
38008	-69.7371
38009	-69.3443
38010	-67.9653
38011	-65.6539
38012	-64.9677
38013	-64.3028
38014	-61.9415
38015	-60.1918
38016	-60.5833
38017	-57.6271
38018	-59.3401
38019	-62.7736
38020	-66.1337
38021	-68.5928
38022	-69.4316
38023	-70.2834
38024	-70.8048
38025	-70.8345
38026	-69.9829
38027	-69.3638
38028	-69.9797
38029	-71.6168
38030	-72.7637
38031	-72.9369
38032	-73.2076
38033	-73.6536
38034	-73.5023
38035	-73.3691
38036	-72.43
38037	-70.9293
38038	-64.7016
38039	-62.395
38040	-67.6348
38041	-71.3273
38042	-72.2477
38043	-70.874
38044	-70.8087
38045	-71.0496
38046	-72.4496
38047	-72.2376
38048	-71.8171
38049	-71.5201
38050	-72.0295
38051	-72.3388
38052	-71.552
38053	-71.0331
38054	-69.6649
38055	-69.218
38056	-68.3899
38057	-67.6681
38058	-66.5281
38059	-64.1777
38060	-60.5677
38061	-57.6681
38062	-56.7711
38063	-55.4569
38064	-50.6766
38065	-48.8097
38066	-45.5607
38067	-41.5855
38068	-43.2509
38069	-51.7237
38070	-57.2262
38071	-59.8194
38072	-63.6313
38073	-65.9189
38074	-67.3202
38075	-68.6385
38076	-69.5926
38077	-69.1954
38078	-69.8395
38079	-70.6347
38080	-71.2631
38081	-71.9992
38082	-72.5679
38083	-72.1681
38084	-73.3834
38085	-72.8855
38086	-73.2036
38087	-72.6674
38088	-72.2092
38089	-72.3004
38090	-72.0829
38091	-71.8539
38092	-71.4789
38093	-70.5156
38094	-70.7328
38095	-71.9241
38096	-72.2635
38097	-72.4971
38098	-72.4312
38099	-72.8863
38100	-72.5878
38101	-72.8806
38102	-72.5561
38103	-72.1498
38104	-71.2556
38105	-70.2223
38106	-70.0438
38107	-70.3938
38108	-70.8255
38109	-69.4261
38110	-67.47
38111	-65.6632
38112	-65.0719
38113	-64.2347
38114	-62.7535
38115	-61.0919
38116	-61.2932
38117	-58.5898
38118	-60.2889
38119	-63.5181
38120	-66.9488
38121	-68.2856
38122	-68.8882
38123	-69.2659
38124	-69.794
38125	-68.9927
38126	-66.9009
38127	-65.0388
38128	-60.4143
38129	-62.8079
38130	-68.2725
38131	-68.6352
38132	-68.1007
38133	-67.6999
38134	-67.7616
38135	-66.7711
38136	-65.6058
38137	-62.6345
38138	-52.2147
38139	-49.5307
38140	-55.9238
38141	-63.7205
38142	-67.3116
38143	-67.6427
38144	-68.6759
38145	-68.8777
38146	-69.2207
38147	-69.885
38148	-68.1399
38149	-64.4607
38150	-67.1266
38151	-72.5292
38152	-73.7128
38153	-73.2809
38154	-73.1478
38155	-72.8325
38156	-72.815
38157	-73.2846
38158	-73.1543
38159	-72.169
38160	-70.4329
38161	-70.5179
38162	-70.8231
38163	-72.0271
38164	-72.7931
38165	-72.1533
38166	-71.2477
38167	-72.0645
38168	-72.4498
38169	-72.4483
38170	-70.5271
38171	-70.6337
38172	-71.3646
38173	-71.6243
38174	-71.6162
38175	-71.2283
38176	-70.6053
38177	-69.0072
38178	-67.4831
38179	-66.5116
38180	-64.7999
38181	-62.8975
38182	-60.8161
38183	-60.0313
38184	-59.9789
38185	-58.7349
38186	-54.2189
38187	-36.3542
38188	-22.9262
38189	-20.1996
38190	-26.9853
38191	-45.7087
38192	-58.1556
38193	-60.2506
38194	-61.6213
38195	-62.5438
38196	-63.3946
38197	-64.9611
38198	-65.7659
38199	-65.6101
38200	-67.2715
38201	-69.929
38202	-71.0893
38203	-71.2583
38204	-71.7799
38205	-72.0206
38206	-71.3737
38207	-71.0594
38208	-72.0741
38209	-72.1068
38210	-70.8856
38211	-70.3918
38212	-71.3576
38213	-71.1741
38214	-70.3244
38215	-68.9997
38216	-69.4349
38217	-68.035
38218	-69.5212
38219	-71.7132
38220	-72.4449
38221	-72.6607
38222	-72.9778
38223	-73.0662
38224	-73.2373
38225	-73.2824
38226	-72.3911
38227	-70.2128
38228	-65.6221
38229	-66.9986
38230	-69.6002
38231	-68.4442
38232	-68.0176
38233	-67.0066
38234	-67.0049
38235	-66.6538
38236	-65.5522
38237	-63.1677
38238	-51.918
38239	-49.0939
38240	-55.4254
38241	-63.6157
38242	-66.871
38243	-67.4565
38244	-68.5343
38245	-68.9983
38246	-69.2425
38247	-68.6129
38248	-65.5446
38249	-60.6478
38250	-62.7109
38251	-68.4495
38252	-69.4176
38253	-70.6971
38254	-71.2818
38255	-71.0171
38256	-69.5896
38257	-68.7458
38258	-67.9565
38259	-65.7578
38260	-63.3884
38261	-64.3926
38262	-66.0826
38263	-67.6625
38264	-69.1453
38265	-68.9636
38266	-68.487
38267	-68.8546
38268	-70.71
38269	-71.6157
38270	-71.9554
38271	-71.8419
38272	-72.0509
38273	-72.5916
38274	-73.6541
38275	-74.2183
38276	-73.7774
38277	-73.3142
38278	-73.8687
38279	-72.1367
38280	-70.852
38281	-69.5352
38282	-67.8116
38283	-67.981
38284	-69.0712
38285	-69.9518
38286	-71.4649
38287	-71.0171
38288	-70.7264
38289	-70.5173
38290	-72.2687
38291	-73.3058
38292	-73.7015
38293	-73.3624
38294	-74.2727
38295	-73.8619
38296	-73.245
38297	-73.069
38298	-72.6775
38299	-71.435
38300	-70.4797
38301	-70.041
38302	-69.7613
38303	-69.2615
38304	-67.7482
38305	-65.4853
38306	-64.247
38307	-65.0613
38308	-61.9864
38309	-54.759
38310	-48.4923
38311	-49.4135
38312	-57.9773
38313	-61.1592
38314	-63.7042
38315	-63.4422
38316	-62.7313
38317	-62.7379
38318	-65.5969
38319	-68.435
38320	-70.7016
38321	-71.6953
38322	-71.7129
38323	-71.419
38324	-72.8357
38325	-73.4343
38326	-74.0821
38327	-73.5617
38328	-72.8089
38329	-73.8086
38330	-72.9778
38331	-72.2716
38332	-71.0839
38333	-70.2403
38334	-70.748
38335	-72.2638
38336	-72.8007
38337	-70.785
38338	-66.0097
38339	-63.1353
38340	-68.2753
38341	-72.4959
38342	-73.4268
38343	-72.8443
38344	-73.3545
38345	-73.7527
38346	-74.1066
38347	-73.582
38348	-72.2406
38349	-72.0782
38350	-70.508
38351	-71.0702
38352	-71.5216
38353	-71.7302
38354	-70.8322
38355	-70.333
38356	-69.5034
38357	-69.5444
38358	-69.1232
38359	-68.5125
38360	-67.6677
38361	-67.0457
38362	-65.5918
38363	-66.3641
38364	-67.9309
38365	-68.959
38366	-69.3331
38367	-69.4457
38368	-69.8699
38369	-69.7065
38370	-67.7849
38371	-64.9843
38372	-64.0963
38373	-65.7397
38374	-66.8133
38375	-69.6218
38376	-69.6652
38377	-68.4662
38378	-67.8755
38379	-64.9375
38380	-61.3291
38381	-58.254
38382	-55.5122
38383	-57.6863
38384	-59.6996
38385	-60.4711
38386	-62.9561
38387	-63.7969
38388	-64.5448
38389	-67.4112
38390	-68.4715
38391	-68.9197
38392	-69.9215
38393	-68.1234
38394	-69.2849
38395	-70.1545
38396	-71.3523
38397	-72.0502
38398	-72.4781
38399	-72.6472
38400	-72.7098
38401	-72.4806
38402	-73.1032
38403	-72.976
38404	-71.8697
38405	-69.4586
38406	-67.1928
38407	-67.0777
38408	-68.7621
38409	-70.5084
38410	-71.8769
38411	-71.1865
38412	-71.9022
38413	-72.4659
38414	-71.9508
38415	-71.7634
38416	-71.4042
38417	-71.1142
38418	-71.4254
38419	-70.8477
38420	-69.3103
38421	-68.2148
38422	-67.7993
38423	-67.4471
38424	-66.9825
38425	-65.4322
38426	-64.336
38427	-63.3525
38428	-59.8497
38429	-55.1608
38430	-50.5714
38431	-43.5795
38432	-39.8547
38433	-41.9921
38434	-46.8073
38435	-47.5343
38436	-52.7183
38437	-55.2588
38438	-55.6322
38439	-57.3446
38440	-62.5797
38441	-65.6068
38442	-66.884
38443	-68.1828
38444	-68.4682
38445	-69.6919
38446	-70.5918
38447	-70.08
38448	-70.2649
38449	-70.7597
38450	-71.1461
38451	-71.3181
38452	-72.3983
38453	-72.8697
38454	-73.068
38455	-73.0752
38456	-71.9881
38457	-72.2613
38458	-72.2553
38459	-71.3092
38460	-69.3984
38461	-70.0209
38462	-71.6432
38463	-72.7255
38464	-73.9898
38465	-73.8121
38466	-72.3081
38467	-72.4167
38468	-73.5961
38469	-73.1632
38470	-71.4978
38471	-68.585
38472	-67.6613
38473	-68.5065
38474	-69.356
38475	-70.2295
38476	-70.1928
38477	-69.2071
38478	-68.69
38479	-64.7831
38480	-61.4917
38481	-58.5878
38482	-55.7563
38483	-57.5568
38484	-60.1974
38485	-60.9064
38486	-63.2828
38487	-64.2175
38488	-65.2025
38489	-67.5758
38490	-67.9638
38491	-68.2182
38492	-66.9006
38493	-64.2366
38494	-65.992
38495	-65.5424
38496	-64.7529
38497	-67.4271
38498	-68.3837
38499	-68.7955
38500	-68.2853
38501	-67.2987
38502	-67.0693
38503	-66.6046
38504	-64.4991
38505	-62.546
38506	-57.2499
38507	-56.7949
38508	-59.6039
38509	-63.21
38510	-66.8908
38511	-69.812
38512	-70.2669
38513	-70.9767
38514	-71.0599
38515	-70.4031
38516	-68.7787
38517	-67.712
38518	-69.3996
38519	-72.3704
38520	-73.4257
38521	-73.4922
38522	-72.6055
38523	-72.4782
38524	-73.4374
38525	-73.6172
38526	-72.1274
38527	-71.3019
38528	-69.5049
38529	-69.6614
38530	-72.0658
38531	-72.813
38532	-72.4312
38533	-72.4972
38534	-72.7358
38535	-72.8289
38536	-73.0856
38537	-72.2778
38538	-71.7206
38539	-71.8836
38540	-71.4744
38541	-70.81
38542	-71.5224
38543	-71.399
38544	-70.4098
38545	-69.9607
38546	-69.3041
38547	-68.212
38548	-66.8913
38549	-62.9582
38550	-58.6732
38551	-58.2411
38552	-58.7947
38553	-56.8083
38554	-51.7335
38555	-47.137
38556	-40.4803
38557	-38.9519
38558	-44.3583
38559	-52.0567
38560	-57.4324
38561	-62.3608
38562	-64.6775
38563	-65.4726
38564	-66.4847
38565	-68.0565
38566	-67.8585
38567	-68.0158
38568	-68.5486
38569	-70.4257
38570	-71.9271
38571	-71.968
38572	-72.2172
38573	-72.7419
38574	-71.9201
38575	-72.3833
38576	-72.4891
38577	-71.6337
38578	-70.9321
38579	-70.5158
38580	-70.0509
38581	-68.8058
38582	-66.6698
38583	-67.1299
38584	-68.9701
38585	-70.1345
38586	-71.8028
38587	-72.1654
38588	-72.1416
38589	-72.7286
38590	-72.6905
38591	-72.6364
38592	-72.4608
38593	-72.3366
38594	-71.8408
38595	-69.6023
38596	-69.0755
38597	-70.2366
38598	-69.4181
38599	-69.1968
38600	-67.4867
38601	-66.4369
38602	-66.0542
38603	-66.1222
38604	-63.663
38605	-61.7066
38606	-57.2998
38607	-55.788
38608	-58.9025
38609	-62.9528
38610	-66.8531
38611	-69.295
38612	-69.8569
38613	-70.746
38614	-71.017
38615	-68.4774
38616	-66.245
38617	-64.5642
38618	-65.7347
38619	-68.6002
38620	-69.3549
38621	-69.5551
38622	-69.1296
38623	-68.7719
38624	-68.4501
38625	-66.7663
38626	-65.2274
38627	-62.7602
38628	-56.379
38629	-57.1353
38630	-64.7027
38631	-69.463
38632	-69.8541
38633	-69.42
38634	-70.2292
38635	-71.1278
38636	-71.2637
38637	-71.2507
38638	-70.409
38639	-70.6208
38640	-71.6399
38641	-72.3464
38642	-73.6448
38643	-73.8768
38644	-73.7792
38645	-73.502
38646	-73.2829
38647	-73.1375
38648	-71.4477
38649	-66.6291
38650	-62.8694
38651	-66.5905
38652	-70.151
38653	-71.7032
38654	-71.6432
38655	-70.5016
38656	-70.0579
38657	-70.6538
38658	-72.2176
38659	-72.8538
38660	-72.6057
38661	-73.0658
38662	-73.3955
38663	-73.2835
38664	-72.6249
38665	-72.1107
38666	-71.0408
38667	-69.7808
38668	-69.5328
38669	-68.251
38670	-66.7803
38671	-64.711
38672	-62.4638
38673	-62.4138
38674	-61.9568
38675	-60.9783
38676	-55.0181
38677	-38.2506
38678	-29.6288
38679	-30.619
38680	-41.6274
38681	-59.0973
38682	-64.1656
38683	-64.1285
38684	-65.2363
38685	-66.5022
38686	-68.0996
38687	-69.1684
38688	-69.2719
38689	-70.8021
38690	-71.7926
38691	-72.3687
38692	-73.0206
38693	-72.6748
38694	-73.751
38695	-73.7189
38696	-72.7399
38697	-73.2767
38698	-73.0216
38699	-72.3232
38700	-71.0988
38701	-71.0749
38702	-71.5055
38703	-72.2619
38704	-72.0664
38705	-70.6667
38706	-68.4917
38707	-68.7289
38708	-70.4333
38709	-72.0246
38710	-72.633
38711	-73.2891
38712	-73.3563
38713	-74.044
38714	-73.9942
38715	-73.3401
38716	-72.1921
38717	-70.9031
38718	-70.098
38719	-70.9661
38720	-70.6875
38721	-68.9481
38722	-68.6588
38723	-68.1188
38724	-67.9421
38725	-67.1652
38726	-66.0045
38727	-63.928
38728	-59.3215
38729	-59.7858
38730	-65.3755
38731	-68.1344
38732	-68.5367
38733	-69.4861
38734	-70.5533
38735	-70.9042
38736	-70.6915
38737	-69.1626
38738	-65.9805
38739	-61.8779
38740	-60.585
38741	-65.3443
38742	-68.6759
38743	-69.2913
38744	-69.2389
38745	-67.9054
38746	-67.3953
38747	-66.3212
38748	-61.7867
38749	-53.835
38750	-49.6202
38751	-54.2179
38752	-62.377
38753	-64.3007
38754	-65.6111
38755	-66.0633
38756	-66.7489
38757	-67.0266
38758	-67.9896
38759	-68.9203
38760	-66.5323
38761	-66.1647
38762	-70.0735
38763	-72.0307
38764	-73.1816
38765	-72.5487
38766	-72.5526
38767	-72.6149
38768	-72.1049
38769	-72.8264
38770	-72.6546
38771	-72.1569
38772	-70.226
38773	-69.8035
38774	-69.7138
38775	-71.1179
38776	-71.2423
38777	-71.171
38778	-71.0243
38779	-71.7496
38780	-71.9058
38781	-72.3394
38782	-71.1417
38783	-71.8168
38784	-71.7337
38785	-71.514
38786	-71.1535
38787	-70.5689
38788	-69.4983
38789	-66.8834
38790	-65.6712
38791	-66.1721
38792	-65.0384
38793	-63.3176
38794	-62.502
38795	-61.632
38796	-60.1959
38797	-56.42
38798	-44.4284
38799	-29.4513
38800	-24.4583
38801	-29.1784
38802	-43.4955
38803	-53.7892
38804	-57.5021
38805	-58.7923
38806	-58.566
38807	-59.7848
38808	-62.2999
38809	-64.5173
38810	-66.5323
38811	-66.7764
38812	-69.1623
38813	-70.383
38814	-71.2063
38815	-71.4204
38816	-71.105
38817	-71.0064
38818	-70.0407
38819	-70.6698
38820	-72.3354
38821	-72.1598
38822	-71.9215
38823	-71.7932
38824	-72.3707
38825	-72.3136
38826	-70.9888
38827	-70.3056
38828	-67.0949
38829	-67.7744
38830	-72.1713
38831	-73.2447
38832	-73.2186
38833	-73.136
38834	-73.1647
38835	-73.3166
38836	-73.2255
38837	-73.8688
38838	-71.3926
38839	-66.2549
38840	-64.861
38841	-67.9845
38842	-69.6894
38843	-69.3038
38844	-68.6547
38845	-68.3222
38846	-67.4579
38847	-67.1158
38848	-61.5746
38849	-53.8077
38850	-49.4948
38851	-53.9526
38852	-61.9455
38853	-64.1738
38854	-66.0435
38855	-66.2687
38856	-66.4906
38857	-67.1274
38858	-68.4353
38859	-68.0641
38860	-62.1332
38861	-61.3773
38862	-66.3515
38863	-68.0933
38864	-69.7372
38865	-70.4785
38866	-69.8302
38867	-69.717
38868	-69.1975
38869	-69.3135
38870	-68.2416
38871	-67.0771
38872	-65.5096
38873	-63.9653
38874	-63.3369
38875	-64.7262
38876	-65.7296
38877	-65.7915
38878	-66.8221
38879	-68.9684
38880	-71.2322
38881	-72.4883
38882	-71.9073
38883	-71.308
38884	-71.3749
38885	-71.9498
38886	-72.1776
38887	-73.1743
38888	-73.2931
38889	-72.8367
38890	-72.4057
38891	-72.1516
38892	-72.1972
38893	-71.9723
38894	-70.5028
38895	-69.9544
38896	-68.5737
38897	-70.2195
38898	-71.029
38899	-71.7936
38900	-71.7652
38901	-72.4244
38902	-73.3498
38903	-73.1561
38904	-73.213
38905	-73.6035
38906	-73.1741
38907	-73.5081
38908	-72.3842
38909	-72.4622
38910	-71.3805
38911	-70.7581
38912	-71.0428
38913	-71.037
38914	-70.7164
38915	-69.4631
38916	-68.3015
38917	-64.71
38918	-60.9507
38919	-61.1806
38920	-57.8133
38921	-53.3776
38922	-52.1648
38923	-53.4074
38924	-51.5145
38925	-53.2256
38926	-56.9915
38927	-58.2029
38928	-59.1012
38929	-62.6735
38930	-67.0245
38931	-68.4294
38932	-70.2347
38933	-70.0263
38934	-70.0635
38935	-70.2532
38936	-71.5192
38937	-72.3536
38938	-73.1471
38939	-72.6005
38940	-72.3692
38941	-72.6286
38942	-72.7992
38943	-72.875
38944	-71.3247
38945	-71.0174
38946	-70.7973
38947	-72.2005
38948	-71.2165
38949	-66.418
38950	-63.1676
38951	-66.5723
38952	-70.7476
38953	-72.0427
38954	-72.8232
38955	-72.9915
38956	-72.7697
38957	-72.5927
38958	-73.1581
38959	-72.9942
38960	-71.8888
38961	-71.4449
38962	-70.9853
38963	-71.3212
38964	-71.2058
38965	-71.5663
38966	-70.812
38967	-70.0055
38968	-70.0678
38969	-67.7951
38970	-66.6409
38971	-65.4214
38972	-63.133
38973	-63.3305
38974	-61.5846
38975	-63.5952
38976	-65.4458
38977	-65.4625
38978	-67.2354
38979	-69.4653
38980	-70.3766
38981	-70.321
38982	-69.4074
38983	-67.262
38984	-68.1095
38985	-66.4952
38986	-67.276
38987	-69.6069
38988	-69.4568
38989	-68.2396
38990	-65.8872
38991	-64.8947
38992	-64.3658
38993	-62.5657
38994	-60.0651
38995	-60.9427
38996	-57.3465
38997	-58.0842
38998	-61.9586
38999	-65.2566
39000	-68.4416
39001	-69.1019
39002	-69.893
39003	-70.6002
39004	-70.7872
39005	-69.9286
39006	-69.1914
39007	-69.5394
39008	-71.0877
39009	-72.548
39010	-73.2107
39011	-72.8441
39012	-73.6226
39013	-73.4847
39014	-73.2958
39015	-72.6179
39016	-71.6356
39017	-66.3919
39018	-62.2187
39019	-66.5772
39020	-70.8663
39021	-72.3179
39022	-71.0943
39023	-70.9342
39024	-71.0246
39025	-72.3679
39026	-72.0899
39027	-71.8656
39028	-71.2105
39029	-72.0232
39030	-72.1579
39031	-71.2398
39032	-70.9644
39033	-69.979
39034	-69.1398
39035	-68.2342
39036	-67.673
39037	-66.6866
39038	-64.6544
39039	-61.1496
39040	-57.8882
39041	-56.6009
39042	-55.4455
39043	-51.2586
39044	-48.3885
39045	-46.3676
39046	-41.751
39047	-41.757
39048	-49.9753
39049	-55.9599
39050	-59.3035
39051	-62.7126
39052	-65.5542
39053	-66.7932
39054	-68.2934
39055	-69.18
39056	-69.093
39057	-69.2683
39058	-70.3831
39059	-71.0607
39060	-71.8352
39061	-72.2957
39062	-71.9838
39063	-73.1424
39064	-72.9065
39065	-73.0733
39066	-72.8631
39067	-72.4811
39068	-72.1418
39069	-71.9877
39070	-72.14
39071	-71.6331
39072	-70.7026
39073	-70.7053
39074	-71.7997
39075	-72.4276
39076	-72.5717
39077	-72.4449
39078	-73.0377
39079	-72.4045
39080	-72.8004
39081	-72.5032
39082	-72.5618
39083	-71.3943
39084	-70.2658
39085	-69.5486
39086	-69.9985
39087	-70.8721
39088	-69.5736
39089	-67.9471
39090	-65.8743
39091	-64.864
39092	-64.3377
39093	-62.8187
39094	-60.9436
39095	-61.1702
39096	-58.3643
39097	-59.0927
39098	-62.6567
39099	-65.825
39100	-68.1452
39101	-68.6808
39102	-69.2996
39103	-69.7483
39104	-69.21
39105	-67.0355
39106	-65.5979
39107	-61.1832
39108	-61.714
39109	-67.6093
39110	-68.8055
39111	-68.4281
39112	-67.7466
39113	-67.8629
39114	-67.066
39115	-65.9994
39116	-63.7856
39117	-54.1253
39118	-49.5184
39119	-54.3369
39120	-62.4366
39121	-67.3699
39122	-67.6874
39123	-68.7836
39124	-68.9342
39125	-69.2653
39126	-69.7432
39127	-68.7725
39128	-64.8634
39129	-66.1883
39130	-71.5117
39131	-73.7013
39132	-73.4535
39133	-73.2454
39134	-72.6967
39135	-72.6914
39136	-73.3935
39137	-73.2334
39138	-72.5094
39139	-71.0147
39140	-70.5217
39141	-70.9039
39142	-71.8922
39143	-73.0474
39144	-72.3973
39145	-71.2426
39146	-71.9586
39147	-72.4922
39148	-72.6315
39149	-70.9837
39150	-70.6264
39151	-71.3194
39152	-71.6982
39153	-71.5272
39154	-71.2914
39155	-70.9721
39156	-69.1909
39157	-67.834
39158	-66.9243
39159	-65.3455
39160	-63.3639
39161	-61.3189
39162	-59.9665
39163	-60.0875
39164	-59.496
39165	-56.4952
39166	-41.1088
39167	-25.0403
39168	-20.4054
39169	-25.1946
39170	-41.5177
39171	-57.0155
39172	-59.9719
39173	-61.6666
39174	-62.5794
39175	-63.5934
39176	-64.6184
39177	-65.7853
39178	-65.6621
39179	-66.9484
39180	-69.4948
39181	-71.0498
39182	-71.4462
39183	-71.6712
39184	-71.9659
39185	-71.7021
39186	-71.2032
39187	-72.0615
39188	-71.9979
39189	-71.1415
39190	-70.2676
39191	-71.1341
39192	-71.1797
39193	-70.5754
39194	-68.9812
39195	-69.2198
39196	-68.0749
39197	-68.8509
39198	-71.1591
39199	-72.3095
39200	-72.602
39201	-73.0509
39202	-73.0311
39203	-72.91
39204	-73.3749
39205	-72.6009
39206	-71.2444
39207	-66.2775
39208	-66.4595
39209	-69.4477
39210	-68.8153
39211	-68.3089
39212	-67.2523
39213	-67.0515
39214	-67.1576
39215	-65.9285
39216	-64.1584
39217	-53.8296
39218	-49.0369
39219	-53.7928
39220	-61.9783
39221	-66.6616
39222	-67.647
39223	-68.253
39224	-69.0156
39225	-69.4
39226	-68.9236
39227	-66.7097
39228	-61.2955
39229	-61.8983
39230	-67.6228
39231	-69.0186
39232	-70.4787
39233	-71.4987
39234	-71.0649
39235	-69.8192
39236	-68.8979
39237	-68.1473
39238	-65.7829
39239	-62.3472
39240	-62.2433
39241	-65.8792
39242	-67.6306
39243	-69.0267
39244	-69.4132
39245	-68.7611
39246	-68.8653
39247	-70.6182
39248	-71.6659
39249	-72.0104
39250	-71.8297
39251	-71.8267
39252	-72.4085
39253	-73.3936
39254	-74.2114
39255	-73.9458
39256	-73.2284
39257	-73.7412
39258	-72.5918
39259	-71.2142
39260	-69.7079
39261	-67.8732
39262	-67.6537
39263	-69.0576
39264	-69.516
39265	-71.4409
39266	-71.1114
39267	-70.6155
39268	-70.212
39269	-71.8137
39270	-73.24
39271	-73.5386
39272	-73.3963
39273	-74.1226
39274	-73.8961
39275	-73.4763
39276	-72.9769
39277	-72.7779
39278	-71.444
39279	-70.5423
39280	-70.1156
39281	-69.646
39282	-69.56
39283	-68.2476
39284	-65.7937
39285	-64.3849
39286	-64.8988
39287	-62.2686
39288	-54.1963
39289	-44.5028
39290	-43.4489
39291	-52.38
39292	-60.3706
39293	-63.5722
39294	-63.8951
39295	-62.9798
39296	-62.7561
39297	-64.7958
39298	-68.0824
39299	-70.5097
39300	-71.6623
39301	-71.8914
39302	-71.3282
39303	-72.5752
39304	-73.2312
39305	-73.9445
39306	-73.5409
39307	-72.8266
39308	-73.5327
39309	-73.3445
39310	-72.3419
39311	-71.7611
39312	-70.2053
39313	-70.7695
39314	-71.7897
39315	-73.1662
39316	-71.3763
39317	-67.585
39318	-63.2503
39319	-67.1665
39320	-72.0821
39321	-73.4269
39322	-72.7917
39323	-73.4432
39324	-73.7297
39325	-74.1666
39326	-74.0703
39327	-72.3908
39328	-72.2093
39329	-70.5394
39330	-70.6004
39331	-71.4521
39332	-71.6732
39333	-71.1282
39334	-70.3204
39335	-69.6832
39336	-69.4567
39337	-69.2162
39338	-68.3016
39339	-67.103
39340	-66.5901
39341	-65.8201
39342	-66.2905
39343	-67.953
39344	-68.9724
39345	-69.3722
39346	-69.5271
39347	-70.0314
39348	-70.0575
39349	-68.2158
39350	-65.4826
39351	-64.0718
39352	-65.2397
39353	-66.3937
39354	-69.2541
39355	-69.7164
39356	-68.5351
39357	-68.0846
39358	-65.9134
39359	-61.9933
39360	-59.0458
39361	-55.526
39362	-57.1535
39363	-60.0666
39364	-60.0074
39365	-62.3032
39366	-63.5004
39367	-64.1348
39368	-66.6946
39369	-68.3049
39370	-68.8096
39371	-70.1787
39372	-68.3522
39373	-68.7118
39374	-69.6517
39375	-71.2863
39376	-72.0142
39377	-72.3602
39378	-72.5728
39379	-73.0457
39380	-72.5378
39381	-73.1314
39382	-73.0667
39383	-72.1648
39384	-69.9614
39385	-67.4477
39386	-66.9265
39387	-68.7907
39388	-70.3821
39389	-71.6909
39390	-71.4426
39391	-71.5996
39392	-72.5848
39393	-72.0173
39394	-71.614
39395	-71.7694
39396	-70.9277
39397	-71.1707
39398	-70.9182
39399	-69.479
39400	-68.4775
39401	-67.8065
39402	-67.3298
39403	-67.0636
39404	-65.7704
39405	-64.4322
39406	-63.6248
39407	-60.7729
39408	-55.9493
39409	-51.4516
39410	-45.0733
39411	-39.691
39412	-41.1712
39413	-46.3229
39414	-46.9876
39415	-51.5167
39416	-54.46
39417	-55.5924
39418	-56.7268
39419	-61.6103
39420	-64.9742
39421	-66.3433
39422	-67.8768
39423	-68.3856
39424	-69.4376
39425	-70.4858
39426	-70.5725
39427	-70.2535
39428	-70.5959
39429	-71.0108
39430	-71.1958
39431	-72.2654
39432	-72.8251
39433	-72.9828
39434	-73.0512
39435	-72.18
39436	-72.0015
39437	-72.3259
39438	-71.4033
39439	-69.5681
39440	-69.1085
39441	-71.2221
39442	-72.4167
39443	-73.9235
39444	-74.011
39445	-72.7468
39446	-72.4389
39447	-73.3828
39448	-73.2518
39449	-71.9408
39450	-69.2938
39451	-67.3339
39452	-68.2538
39453	-69.1106
39454	-70.1148
39455	-70.2626
39456	-69.1701
39457	-68.6731
39458	-65.5229
39459	-62.0508
39460	-59.1551
39461	-55.8545
39462	-56.8754
39463	-60.3916
39464	-60.2074
39465	-62.8611
39466	-63.7934
39467	-64.9374
39468	-66.6845
39469	-67.9723
39470	-67.983
39471	-67.7765
39472	-64.3701
39473	-65.3079
39474	-66.3849
39475	-64.9108
39476	-67.2186
39477	-68.4654
39478	-68.797
39479	-68.7643
39480	-67.6836
39481	-67.7178
39482	-66.9956
39483	-65.3094
39484	-63.3474
39485	-58.2817
39486	-56.9966
39487	-59.3622
39488	-62.7265
39489	-66.1219
39490	-69.582
39491	-70.2183
39492	-70.9061
39493	-71.3449
39494	-70.6703
39495	-69.2572
39496	-68.0009
39497	-69.1202
39498	-71.6554
39499	-73.4377
39500	-73.6038
39501	-72.924
39502	-72.3756
39503	-73.2758
39504	-73.6737
39505	-72.2522
39506	-71.5972
39507	-69.6392
39508	-68.981
39509	-71.598
39510	-72.6861
39511	-72.7612
39512	-72.3282
39513	-72.4153
39514	-72.9282
39515	-72.9775
39516	-72.4244
39517	-71.8671
39518	-71.9203
39519	-71.7419
39520	-70.9991
39521	-71.4634
39522	-71.4794
39523	-70.5755
39524	-70.2898
39525	-69.7362
39526	-68.7612
39527	-67.4378
39528	-64.3425
39529	-59.4416
39530	-58.4358
39531	-59.6693
39532	-57.9472
39533	-53.1163
39534	-48.9212
39535	-41.7968
39536	-39.1874
39537	-43.0753
39538	-51.2851
39539	-56.6725
39540	-61.5696
39541	-64.6127
39542	-65.6887
39543	-66.2705
39544	-68.0204
39545	-68.0943
39546	-68.0072
39547	-68.2638
39548	-70.19
39549	-72.0455
39550	-71.9345
39551	-72.2161
39552	-72.6811
39553	-72.2343
39554	-72.4505
39555	-72.3753
39556	-72.0297
39557	-70.7596
39558	-70.5421
39559	-70.0946
39560	-69.0449
39561	-66.9401
39562	-66.8565
39563	-68.65
39564	-69.5917
39565	-71.5419
39566	-72.2343
39567	-71.9639
39568	-72.605
39569	-72.8149
39570	-72.8042
39571	-72.6403
39572	-72.4948
39573	-72.1382
39574	-70.4705
39575	-68.8893
39576	-70.6554
39577	-69.6665
39578	-69.5334
39579	-68.1023
39580	-66.592
39581	-66.5983
39582	-66.4229
39583	-64.752
39584	-62.3305
39585	-58.2048
39586	-56.081
39587	-58.2966
39588	-62.4273
39589	-65.9681
39590	-69.2304
39591	-69.9271
39592	-70.6912
39593	-70.9216
39594	-69.2115
39595	-67.1035
39596	-64.8164
39597	-65.4909
39598	-68.1797
39599	-69.4504
39600	-69.5297
39601	-69.0672
39602	-68.6272
39603	-68.4944
39604	-66.9639
39605	-65.381
39606	-63.2757
39607	-56.5411
39608	-55.6744
39609	-62.5755
39610	-68.9549
39611	-69.9418
39612	-69.2141
39613	-70.0501
39614	-70.9025
39615	-71.1975
39616	-71.302
39617	-70.3816
39618	-70.1069
39619	-71.1702
39620	-72.1795
39621	-73.6853
39622	-73.7716
39623	-73.8671
39624	-73.5889
39625	-73.208
39626	-73.1391
39627	-71.9988
39628	-67.7069
39629	-63.001
39630	-65.3706
39631	-69.6748
39632	-71.4235
39633	-72.0195
39634	-70.639
39635	-70.0951
39636	-70.2795
39637	-71.8226
39638	-72.5808
39639	-72.8334
39640	-72.8997
39641	-73.255
39642	-73.3669
39643	-72.7477
39644	-72.1751
39645	-71.3406
39646	-69.8379
39647	-69.2383
39648	-68.3963
39649	-66.6322
39650	-64.9578
39651	-62.5626
39652	-62.3106
39653	-61.6261
39654	-60.8691
39655	-56.0957
39656	-40.54
39657	-29.7067
39658	-28.8501
39659	-37.728
39660	-56.0037
39661	-63.5925
39662	-63.9423
39663	-64.8609
39664	-65.9503
39665	-67.5342
39666	-69.0812
39667	-68.9979
39668	-70.2525
39669	-71.6065
39670	-72.2108
39671	-72.6056
39672	-72.5331
39673	-73.4156
39674	-73.7989
39675	-72.7438
39676	-73.0662
39677	-72.9554
39678	-72.7952
39679	-71.2064
39680	-71.1592
39681	-71.5961
39682	-72.1639
39683	-72.2778
39684	-71.0492
39685	-68.9626
39686	-68.4779
39687	-70.3257
39688	-71.8048
39689	-72.6436
39690	-73.3092
39691	-73.629
39692	-73.6975
39693	-73.7743
39694	-73.6331
39695	-72.2507
39696	-71.128
39697	-69.7989
39698	-70.5442
39699	-70.645
39700	-69.105
39701	-68.6112
39702	-68.0524
39703	-67.8655
39704	-67.3046
39705	-66.1595
39706	-64.1311
39707	-59.1293
39708	-58.0847
39709	-63.8545
39710	-67.9521
39711	-68.3562
39712	-69.2453
39713	-70.3653
39714	-70.6166
39715	-71.141
39716	-69.4743
39717	-66.7013
39718	-62.4146
39719	-60.302
39720	-64.4446
39721	-68.3151
39722	-69.1124
39723	-69.2225
39724	-68.213
39725	-67.45
39726	-66.6843
39727	-63.0437
39728	-55.5119
39729	-49.9524
39730	-52.5257
39731	-61.8937
39732	-64.0086
39733	-65.4678
39734	-65.9338
39735	-66.4415
39736	-66.9904
39737	-67.6705
39738	-68.946
39739	-67.2383
39740	-65.7604
39741	-69.2875
39742	-71.7257
39743	-73.3714
39744	-72.5922
39745	-72.6708
39746	-72.5528
39747	-72.1926
39748	-72.7019
39749	-72.7109
39750	-72.5206
39751	-70.7464
39752	-70.1801
39753	-69.7289
39754	-71.1254
39755	-71.4263
39756	-71.2141
39757	-71.0041
39758	-71.6285
39759	-72.0872
39760	-72.2518
39761	-71.2373
39762	-71.7424
39763	-71.8027
39764	-71.6131
39765	-71.2527
39766	-70.6187
39767	-69.6309
39768	-67.444
39769	-65.835
39770	-65.974
39771	-65.4212
39772	-63.5728
39773	-62.6409
39774	-61.8082
39775	-60.4956
39776	-57.8624
39777	-48.0023
39778	-31.6283
39779	-24.5353
39780	-27.2991
39781	-40.0587
39782	-52.0298
39783	-57.0068
39784	-58.6081
39785	-58.5555
39786	-59.5549
39787	-61.9112
39788	-64.1489
39789	-66.0691
39790	-66.6092
39791	-68.3551
39792	-70.1455
39793	-71.0843
39794	-71.3451
39795	-71.2224
39796	-71.1593
39797	-70.4769
39798	-70.5064
39799	-72.0415
39800	-72.2019
39801	-71.8748
39802	-71.6304
39803	-72.0144
39804	-72.4445
39805	-71.1427
39806	-70.604
39807	-67.4379
39808	-66.7353
39809	-71.3569
39810	-73.3303
39811	-72.9954
39812	-73.391
39813	-73.4032
39814	-73.4338
39815	-73.07
39816	-73.7193
39817	-72.387
39818	-67.1868
39819	-64.7966
39820	-67.4697
39821	-69.6553
39822	-69.2978
39823	-68.8138
39824	-68.5472
39825	-67.4595
39826	-67.5841
39827	-63.0702
39828	-55.5508
39829	-49.7517
39830	-52.3103
39831	-61.0088
39832	-63.6442
39833	-65.5823
39834	-66.334
39835	-66.4276
39836	-66.8505
39837	-68.1197
39838	-68.5647
39839	-63.1736
39840	-61.1001
39841	-65.0871
39842	-67.8296
39843	-69.58
39844	-70.5917
39845	-70.0013
39846	-69.7544
39847	-69.3422
39848	-69.3883
39849	-68.8407
39850	-67.9758
39851	-66.5392
39852	-64.4128
39853	-63.7208
39854	-64.9391
39855	-66.0498
39856	-66.2445
39857	-66.6019
39858	-68.4247
39859	-71.0386
39860	-72.4833
39861	-72.3972
39862	-71.4331
39863	-71.3787
39864	-72.1273
39865	-72.0225
39866	-73.1953
39867	-73.4753
39868	-73.0194
39869	-72.2724
39870	-72.0902
39871	-72.1586
39872	-72.2139
39873	-70.5957
39874	-69.8674
39875	-68.5659
39876	-69.4533
39877	-70.6672
39878	-71.7365
39879	-71.8053
39880	-72.2043
39881	-73.0023
39882	-73.1325
39883	-73.5218
39884	-73.6726
39885	-73.4847
39886	-73.6237
39887	-72.5347
39888	-72.6228
39889	-71.7436
39890	-70.908
39891	-71.0219
39892	-70.9136
39893	-70.7969
39894	-69.8621
39895	-68.6789
39896	-65.9297
39897	-61.5826
39898	-62.0109
39899	-59.8955
39900	-55.884
39901	-53.7685
39902	-54.2794
39903	-52.7249
39904	-53.3978
39905	-56.8717
39906	-58.5735
39907	-58.9353
39908	-61.7855
39909	-66.544
39910	-68.5599
39911	-70.2214
39912	-70.62
39913	-70.0726
39914	-70.3181
39915	-71.4812
39916	-72.3213
39917	-73.0556
39918	-72.8656
39919	-72.3764
39920	-72.7794
39921	-72.8129
39922	-72.8811
39923	-71.6741
39924	-70.8818
39925	-70.9213
39926	-71.8474
39927	-71.9202
39928	-67.6481
39929	-63.5201
39930	-65.6288
39931	-70.2897
39932	-71.6872
39933	-72.622
39934	-73.0268
39935	-72.6823
39936	-72.9903
39937	-73.2752
39938	-73.2414
39939	-72.2538
39940	-71.4897
39941	-71.3071
39942	-71.4334
39943	-71.4447
39944	-71.5428
39945	-71.2549
39946	-70.1098
39947	-70.2166
39948	-68.6578
39949	-67.5392
39950	-66.1869
39951	-64.2228
39952	-63.8339
39953	-62.0538
39954	-63.2495
39955	-65.6875
39956	-65.7662
39957	-66.7958
39958	-69.2011
39959	-70.2083
39960	-70.1957
39961	-69.7466
39962	-67.4945
39963	-67.6527
39964	-66.589
39965	-66.6161
39966	-69.4506
39967	-69.6058
39968	-68.6
39969	-66.2797
39970	-64.8441
39971	-64.2883
39972	-63.0142
39973	-60.1555
39974	-60.8087
39975	-57.6708
39976	-57.2499
39977	-61.0277
39978	-64.2701
39979	-67.9115
39980	-68.9095
39981	-69.6156
39982	-70.446
39983	-70.7999
39984	-69.9833
39985	-69.1447
39986	-69.0058
39987	-70.6091
39988	-72.3117
39989	-73.3563
39990	-72.672
39991	-73.6716
39992	-73.5537
39993	-73.2569
39994	-72.865
39995	-72.1152
39996	-67.938
39997	-62.4341
39998	-65.4529
39999	-70.2566
40000	-72.1809
40001	-71.2977
40002	-71.144
40003	-71.0194
40004	-72.1438
40005	-72.1029
40006	-72.0687
40007	-71.0447
40008	-71.6683
40009	-71.8868
40010	-71.1333
40011	-71.0277
40012	-70.3162
40013	-69.0277
40014	-68.1463
40015	-67.6541
40016	-66.6688
40017	-65.0465
40018	-61.9267
40019	-58.1873
40020	-56.3627
40021	-55.4148
40022	-52.0757
40023	-48.2309
40024	-47.2433
40025	-42.0196
40026	-40.704
40027	-47.7021
40028	-54.5382
40029	-58.5012
40030	-61.6092
40031	-65.0857
40032	-66.2197
40033	-67.9171
40034	-68.8135
40035	-68.8958
40036	-68.845
40037	-70.1623
40038	-70.745
40039	-71.4753
40040	-71.9442
40041	-72.1421
40042	-72.7107
40043	-73.0174
40044	-72.9624
40045	-73.1622
40046	-72.6239
40047	-72.0875
40048	-72.0209
40049	-72.2547
40050	-71.5879
40051	-70.8821
40052	-70.6741
40053	-71.3606
40054	-72.5923
40055	-72.6498
40056	-72.5619
40057	-72.9804
40058	-72.5176
40059	-72.8191
40060	-72.4483
40061	-72.6774
40062	-71.627
40063	-70.2689
40064	-69.4884
40065	-69.6467
40066	-70.9056
40067	-69.7028
40068	-68.2675
40069	-66.1521
40070	-64.7535
40071	-64.4204
40072	-62.876
40073	-60.9299
40074	-60.9462
40075	-58.3834
40076	-58.0445
40077	-61.9057
40078	-64.7103
40079	-68.0688
40080	-68.4018
40081	-69.2126
40082	-69.5439
40083	-69.2147
40084	-67.095
40085	-66.0028
40086	-62.2977
40087	-60.9857
40088	-67.0061
40089	-68.9076
40090	-68.7483
40091	-67.9284
40092	-67.873
40093	-67.4274
40094	-66.4417
40095	-64.4555
40096	-56.4156
40097	-49.9059
40098	-52.8911
40099	-61.2155
40100	-66.818
40101	-67.5428
40102	-68.628
40103	-68.9039
40104	-69.3572
40105	-69.5706
40106	-69.3704
40107	-65.5263
40108	-65.5071
40109	-70.8364
40110	-73.4265
40111	-73.6038
40112	-73.4095
40113	-72.8151
40114	-72.6857
40115	-73.1981
40116	-73.455
40117	-72.8949
40118	-71.2401
40119	-70.2873
40120	-71.0001
40121	-71.6953
40122	-73.1065
40123	-72.6147
40124	-71.4185
40125	-71.6962
40126	-72.6415
40127	-72.6581
40128	-71.6258
40129	-70.7074
40130	-71.2168
40131	-71.8311
40132	-71.6563
40133	-71.4555
40134	-71.1985
40135	-69.52
40136	-68.1817
40137	-67.3237
40138	-65.8878
40139	-63.7815
40140	-61.7617
40141	-60.1688
40142	-60.2129
40143	-60.0934
40144	-57.6007
40145	-45.7798
40146	-27.6157
40147	-20.9954
40148	-23.8674
40149	-37.7832
40150	-55.0417
40151	-59.7151
40152	-61.5389
40153	-62.597
40154	-63.6208
40155	-64.3588
40156	-65.7974
40157	-65.7584
40158	-66.7819
40159	-68.8926
40160	-70.9986
40161	-71.6682
40162	-71.813
40163	-72.272
40164	-71.9274
40165	-71.2996
40166	-72.0646
40167	-71.8172
40168	-71.484
40169	-70.243
40170	-70.7585
40171	-71.1451
40172	-70.6135
40173	-69.006
40174	-68.7969
40175	-68.0209
40176	-68.3254
40177	-70.6709
40178	-72.2602
40179	-72.7075
40180	-73.1009
40181	-73.0867
40182	-72.8566
40183	-73.1696
40184	-72.6528
40185	-72.1429
40186	-67.1063
40187	-66.0092
40188	-69.1137
40189	-69.2326
40190	-68.4328
40191	-67.4562
40192	-66.8703
40193	-67.1898
40194	-66.2296
40195	-64.9165
40196	-56.2233
40197	-49.3808
40198	-52.3474
40199	-60.6371
40200	-66.2711
40201	-67.7532
40202	-68.0249
40203	-69.0252
40204	-69.3257
40205	-69.1219
40206	-67.62
40207	-62.2454
40208	-61.4241
40209	-66.7238
40210	-68.7032
40211	-70.1745
40212	-71.3195
40213	-71.1782
40214	-70.0461
40215	-68.9051
40216	-68.286
40217	-66.0082
40218	-61.7771
40219	-60.3429
40220	-65.1151
40221	-67.437
40222	-69.0969
40223	-69.7647
40224	-69.1365
40225	-68.911
40226	-70.4975
40227	-71.5343
40228	-72.0434
40229	-71.8987
40230	-71.7561
40231	-72.2054
40232	-73.2593
40233	-74.2078
40234	-73.8434
40235	-73.324
40236	-73.5812
40237	-72.8778
40238	-71.3584
40239	-69.9612
40240	-68.0502
40241	-67.352
40242	-68.9244
40243	-69.1251
40244	-71.3137
40245	-70.9978
40246	-70.6061
40247	-70.0919
40248	-71.3246
40249	-72.9142
40250	-73.3567
40251	-73.3408
40252	-74.0966
40253	-73.8028
40254	-73.3018
40255	-73.015
40256	-72.7809
40257	-71.5592
40258	-70.6636
40259	-70.0762
40260	-69.5567
40261	-69.5145
40262	-68.3364
40263	-66.145
40264	-64.5242
40265	-64.5786
40266	-62.7403
40267	-54.5493
40268	-42.733
40269	-39.7414
40270	-46.6193
40271	-58.6612
40272	-63.3376
40273	-64.1293
40274	-63.1891
40275	-63.0773
40276	-64.156
40277	-67.7464
40278	-70.1077
40279	-71.4186
40280	-71.8879
40281	-71.33
40282	-72.2852
40283	-73.0607
40284	-73.8807
40285	-73.5785
40286	-72.8023
40287	-72.9302
40288	-73.6227
40289	-72.3763
40290	-72.2238
40291	-70.2491
40292	-70.6952
40293	-71.3732
40294	-73.4419
40295	-72.0534
40296	-68.9455
40297	-63.7906
40298	-66.0899
40299	-71.6449
40300	-73.1307
40301	-72.8578
40302	-73.0834
40303	-73.6333
40304	-74.0662
40305	-74.0704
40306	-72.657
40307	-72.1968
40308	-70.7852
40309	-70.1326
40310	-71.2841
40311	-71.6419
40312	-71.1276
40313	-70.2131
40314	-69.9751
40315	-69.2946
40316	-69.1627
40317	-68.1027
40318	-65.5932
40319	-65.0664
40320	-65.7607
40321	-66.1122
40322	-68.0644
40323	-68.9721
40324	-69.6092
40325	-69.7311
40326	-70.0437
40327	-69.957
40328	-68.4874
40329	-66.1228
40330	-63.667
40331	-64.7587
40332	-66.1073
40333	-68.631
40334	-69.8784
40335	-68.6364
40336	-68.0737
40337	-66.7043
40338	-62.746
40339	-59.693
40340	-55.8297
40341	-56.3409
40342	-59.9165
40343	-59.7227
40344	-61.8763
40345	-63.2707
40346	-63.8315
40347	-65.9491
40348	-67.9569
40349	-68.6264
40350	-69.9588
40351	-68.5542
40352	-68.1946
40353	-69.2737
40354	-71.0323
40355	-71.6666
40356	-72.2733
40357	-72.5785
40358	-73.0019
40359	-72.6229
40360	-73
40361	-73.3827
40362	-72.5169
40363	-70.6411
40364	-67.9243
40365	-67.0879
40366	-68.583
40367	-70.1451
40368	-71.5005
40369	-71.861
40370	-71.4782
40371	-72.4785
40372	-72.2357
40373	-71.5863
40374	-71.8678
40375	-70.7883
40376	-71.0967
40377	-71.0409
40378	-69.7261
40379	-68.602
40380	-67.7726
40381	-67.1737
40382	-67.0737
40383	-66.1137
40384	-64.567
40385	-63.7031
40386	-61.3829
40387	-56.7526
40388	-52.2659
40389	-46.6891
40390	-39.9529
40391	-40.4072
40392	-45.0197
40393	-46.5621
40394	-50.1698
40395	-54.0143
40396	-55.4184
40397	-56.1117
40398	-60.445
40399	-64.4885
40400	-66.0232
40401	-67.6379
40402	-68.1535
40403	-68.9704
40404	-70.4239
40405	-70.6461
40406	-70.0992
40407	-70.52
40408	-70.9375
40409	-71.1736
40410	-72.1296
40411	-72.6131
40412	-72.7561
40413	-72.9741
40414	-72.5275
40415	-71.872
40416	-72.3359
40417	-71.566
40418	-69.7938
40419	-68.3429
40420	-70.7545
40421	-72.1316
40422	-73.6059
40423	-74.1559
40424	-73.4481
40425	-72.2723
40426	-73.1979
40427	-73.5298
40428	-72.4104
40429	-69.9225
40430	-67.223
40431	-68.0074
40432	-68.8607
40433	-70.0319
40434	-70.3994
40435	-69.3052
40436	-68.8865
40437	-66.2278
40438	-62.5851
40439	-59.7657
40440	-56.2855
40441	-56.1288
40442	-59.9312
40443	-59.6839
40444	-62.3499
40445	-63.5341
40446	-64.7074
40447	-65.9401
40448	-67.9384
40449	-67.9335
40450	-68.0704
40451	-64.6785
40452	-64.8071
40453	-66.8916
40454	-64.806
40455	-66.847
40456	-68.211
40457	-68.8863
40458	-69.3268
40459	-68.2177
40460	-67.9379
40461	-67.4736
40462	-66.1459
40463	-63.9542
40464	-59.6809
40465	-57.4552
40466	-59.1158
40467	-62.4035
40468	-65.4874
40469	-69.2561
40470	-70.2594
40471	-70.7473
40472	-71.4971
40473	-70.9594
40474	-69.7928
40475	-68.6495
40476	-68.8262
40477	-71.1412
40478	-73.6458
40479	-73.7518
40480	-73
40481	-72.1273
40482	-72.8789
40483	-73.8595
40484	-72.5814
40485	-71.8692
40486	-69.8987
40487	-68.564
40488	-70.9335
40489	-72.6525
40490	-73.003
40491	-72.2054
40492	-72.2159
40493	-72.8941
40494	-72.9379
40495	-72.6763
40496	-72.0718
40497	-71.9198
40498	-71.9546
40499	-71.2747
40500	-71.4014
40501	-71.6977
40502	-70.9003
40503	-70.3597
40504	-70.1647
40505	-69.2798
40506	-68.0245
40507	-65.5476
40508	-60.3424
40509	-58.679
40510	-60.2046
40511	-58.909
40512	-54.6885
40513	-50.3954
40514	-43.3965
40515	-39.8527
40516	-42.1783
40517	-50.3784
40518	-55.9462
40519	-60.7395
40520	-64.6762
40521	-65.8512
40522	-66.2604
40523	-68.2512
40524	-68.3102
40525	-67.9369
40526	-68.147
40527	-69.9177
40528	-71.7651
40529	-72.0047
40530	-72.3178
40531	-72.6958
40532	-72.7227
40533	-72.5512
40534	-72.4183
40535	-72.3795
40536	-70.9547
40537	-70.8677
40538	-70.1492
40539	-69.3977
40540	-67.5454
40541	-66.3617
40542	-68.4265
40543	-69.2139
40544	-71.0736
40545	-72.1294
40546	-71.8271
40547	-72.3447
40548	-72.7829
40549	-72.8484
40550	-72.9218
40551	-72.4738
40552	-72.374
40553	-71.1517
40554	-68.9665
40555	-70.4985
40556	-69.9813
40557	-69.94
40558	-68.4296
40559	-66.8862
40560	-66.7981
40561	-66.7071
40562	-65.5887
40563	-62.782
40564	-59.2691
40565	-56.8016
40566	-57.9017
40567	-61.7588
40568	-65.1215
40569	-68.9907
40570	-69.9596
40571	-70.7261
40572	-70.9116
40573	-70.1006
40574	-67.384
40575	-65.228
40576	-65.4283
40577	-67.5902
40578	-69.4929
40579	-69.2975
40580	-69.2437
40581	-68.4603
40582	-68.2918
40583	-67.1478
40584	-65.6739
40585	-63.6302
40586	-57.2195
40587	-54.6104
40588	-60.3082
40589	-68.2301
40590	-69.6353
40591	-69.0631
40592	-69.8282
40593	-70.5123
40594	-71.1914
40595	-71.3054
40596	-70.498
40597	-69.544
40598	-70.8374
40599	-72.0461
40600	-73.7008
40601	-73.7817
40602	-73.9629
40603	-73.6175
40604	-73.2932
40605	-73.2677
40606	-72.4657
40607	-68.9088
40608	-63.5126
40609	-64.4057
40610	-69.3628
40611	-71.1737
40612	-72.1302
40613	-70.8442
40614	-70.1226
40615	-70.0104
40616	-71.5658
40617	-72.3041
40618	-72.7384
40619	-72.4993
40620	-73.0001
40621	-73.1957
40622	-72.6692
40623	-72.0209
40624	-71.3469
40625	-70.0612
40626	-69.1154
40627	-68.4836
40628	-66.4794
40629	-65.1389
40630	-62.9178
40631	-61.8952
40632	-61.5829
40633	-60.6877
40634	-56.9394
40635	-43.534
40636	-30.3056
40637	-27.588
40638	-34.3792
40639	-51.8481
40640	-62.6672
40641	-63.7409
40642	-64.5028
40643	-65.4791
40644	-67.0972
40645	-68.8263
40646	-68.9234
40647	-69.7613
40648	-71.2326
40649	-71.941
40650	-72.2415
40651	-72.4589
40652	-72.9679
40653	-73.9355
40654	-72.9605
40655	-72.8165
40656	-73.0192
40657	-72.8386
40658	-71.4556
40659	-71.5026
40660	-71.5688
40661	-72.0781
40662	-72.5922
40663	-71.4237
40664	-69.7553
40665	-68.5105
40666	-70.2519
40667	-71.5879
40668	-72.7598
40669	-72.9912
40670	-73.4967
40671	-73.5359
40672	-73.5168
40673	-73.8464
40674	-72.4484
40675	-71.403
40676	-69.6299
40677	-70.0252
40678	-70.5575
40679	-69.2603
40680	-68.426
40681	-68.2024
40682	-67.7621
40683	-67.5123
40684	-66.2165
40685	-64.4272
40686	-59.3936
40687	-56.8396
40688	-61.8242
40689	-67.6282
40690	-68.1892
40691	-69.0696
40692	-70.0732
40693	-70.4752
40694	-71.0456
40695	-69.7626
40696	-67.2901
40697	-62.9373
40698	-60.3567
40699	-63.2402
40700	-67.7187
40701	-68.9452
40702	-69.3803
40703	-68.6762
40704	-67.3801
40705	-66.9349
40706	-64.3315
40707	-57.3949
40708	-50.6587
40709	-51.2748
40710	-60.5051
40711	-63.5869
40712	-65.3584
40713	-66.0233
40714	-66.2465
40715	-67.0684
40716	-67.4092
40717	-69.0088
40718	-68.0018
40719	-65.5643
40720	-68.5147
40721	-71.4581
40722	-73.3367
40723	-72.8582
40724	-72.6414
40725	-72.6268
40726	-72.2732
40727	-72.5232
40728	-73.096
40729	-72.619
40730	-71.3632
40731	-70.4577
40732	-69.9478
40733	-71.038
40734	-71.452
40735	-71.4728
40736	-70.9276
40737	-71.446
40738	-72.3396
40739	-72.1938
40740	-71.2536
40741	-71.3894
40742	-72.0046
40743	-71.5344
40744	-71.2635
40745	-70.8155
40746	-69.8699
40747	-68.0842
40748	-66.1238
40749	-66.011
40750	-65.9039
40751	-63.9985
40752	-62.8612
40753	-62.0408
40754	-60.6386
40755	-58.7913
40756	-50.7173
40757	-34.1662
40758	-25.0091
40759	-25.8609
40760	-36.7783
40761	-50.2826
40762	-56.4672
40763	-58.379
40764	-58.827
40765	-59.1864
40766	-61.5434
40767	-63.7216
40768	-65.6764
40769	-66.688
40770	-67.6319
40771	-69.8377
40772	-70.8783
40773	-71.2683
40774	-71.4192
40775	-71.2544
40776	-70.3069
40777	-70.1833
40778	-71.7409
40779	-72.0417
40780	-71.7958
40781	-71.6163
40782	-71.9144
40783	-72.5521
40784	-71.3182
40785	-70.5938
40786	-67.982
40787	-66.035
40788	-70.263
40789	-73.1494
40790	-72.8661
40791	-73.4006
40792	-73.32
40793	-73.5737
40794	-73.1941
40795	-73.5017
40796	-72.9746
40797	-68.321
40798	-64.8653
40799	-66.8244
40800	-69.4402
40801	-69.4704
40802	-69.203
40803	-68.6013
40804	-67.4231
40805	-67.786
40806	-64.3833
40807	-57.3854
40808	-50.4573
40809	-51.0156
40810	-59.7641
40811	-63.1769
40812	-65.1436
40813	-66.4833
40814	-66.3744
40815	-66.6944
40816	-67.8101
40817	-68.6218
40818	-64.5728
40819	-61.0323
40820	-64.0587
40821	-67.4917
40822	-69.4744
40823	-70.4659
40824	-70.0255
40825	-69.7543
40826	-69.6399
40827	-69.3151
40828	-69.319
40829	-68.488
40830	-67.4753
40831	-65.1778
40832	-64.2302
40833	-65.0491
40834	-66.2439
40835	-66.7884
40836	-66.4853
40837	-68.0908
40838	-70.7001
40839	-72.5421
40840	-72.4998
40841	-71.6052
40842	-71.6323
40843	-72.2706
40844	-72.1759
40845	-73.0501
40846	-73.673
40847	-73.1929
40848	-72.4151
40849	-72.1041
40850	-72.0577
40851	-72.0305
40852	-70.7801
40853	-69.839
40854	-68.4827
40855	-68.7215
40856	-70.4494
40857	-71.63
40858	-71.7873
40859	-72.0874
40860	-72.5527
40861	-73.1255
40862	-73.3219
40863	-73.6011
40864	-73.5184
40865	-73.6775
40866	-72.7138
40867	-72.8724
40868	-71.8837
40869	-71.1849
40870	-71.1129
40871	-70.7676
40872	-70.9534
40873	-70.2097
40874	-69.1336
40875	-67.1436
40876	-62.4101
40877	-62.725
40878	-61.9729
40879	-58.9318
40880	-56.028
40881	-55.3637
40882	-54.138
40883	-53.9572
40884	-56.8445
40885	-58.9361
40886	-58.995
40887	-61.1919
40888	-65.9086
40889	-68.9239
40890	-70.2454
40891	-71.0454
40892	-70.2773
40893	-70.4691
40894	-71.3736
40895	-72.2186
40896	-73.1374
40897	-73.2254
40898	-72.4186
40899	-72.9954
40900	-72.7663
40901	-72.6975
40902	-72.0554
40903	-70.8317
40904	-70.9065
40905	-71.6117
40906	-72.3979
40907	-68.8985
40908	-64.059
40909	-64.6116
40910	-69.6318
40911	-71.4582
40912	-72.4194
40913	-73.0072
40914	-72.7333
40915	-72.9004
40916	-73.0421
40917	-73.3573
40918	-72.6774
40919	-71.3274
40920	-71.3882
40921	-71.3861
40922	-71.5299
40923	-71.6831
40924	-71.5876
40925	-70.2346
40926	-70.2476
40927	-69.5927
40928	-68.374
40929	-67.3329
40930	-65.5056
40931	-64.3739
40932	-62.8688
40933	-63.1394
40934	-65.6303
40935	-65.9427
40936	-66.638
40937	-68.9518
40938	-69.9841
40939	-70.0295
40940	-70.0115
40941	-67.9448
40942	-67.2282
40943	-66.8854
40944	-65.9615
40945	-68.7935
40946	-69.6837
40947	-68.8463
40948	-66.6836
40949	-64.7826
40950	-64.2519
40951	-63.1948
40952	-60.3385
40953	-60.175
40954	-58.2556
40955	-56.5431
40956	-60.2403
40957	-63.2492
40958	-67.0893
40959	-68.6708
40960	-69.238
40961	-70.2482
40962	-70.8412
40963	-69.9151
40964	-69.2609
40965	-68.4088
40966	-70.1946
40967	-72.0161
40968	-73.3283
40969	-72.7633
40970	-73.4946
40971	-73.7501
40972	-73.269
40973	-73.425
40974	-72.2242
40975	-69.238
40976	-63.0426
40977	-64.3216
40978	-69.61
40979	-72.0126
40980	-71.6895
40981	-71.1906
40982	-70.8421
40983	-71.8937
40984	-72.1641
40985	-72.0436
40986	-70.9366
40987	-71.1602
40988	-71.7269
40989	-71.2207
40990	-71.1801
40991	-70.4597
40992	-69.0709
40993	-68.2227
40994	-67.61
40995	-66.6294
40996	-65.4093
40997	-62.4583
40998	-58.6139
40999	-56.3237
41000	-55.5067
41001	-52.9179
41002	-48.307
41003	-47.7664
41004	-42.386
41005	-40.104
41006	-45.3636
41007	-52.9721
41008	-57.4841
41009	-60.7202
41010	-64.4373
41011	-65.5434
41012	-67.4186
41013	-68.4097
41014	-68.7544
41015	-68.6026
41016	-69.7823
41017	-70.4197
41018	-71.1797
41019	-71.6247
41020	-72.0061
41021	-72.3448
41022	-72.9298
41023	-72.8586
41024	-73.3266
41025	-72.6573
41026	-71.999
41027	-72.0314
41028	-72.1471
41029	-71.6031
41030	-71.0435
41031	-70.5718
41032	-71.132
41033	-72.5993
41034	-72.7117
41035	-72.6817
41036	-72.7353
41037	-72.5272
41038	-72.7111
41039	-72.5639
41040	-72.8062
41041	-71.7486
41042	-70.4195
41043	-69.5368
41044	-69.4068
41045	-70.66
41046	-69.8837
41047	-68.4508
41048	-66.4707
41049	-64.7891
41050	-64.4492
41051	-63.0596
41052	-60.9947
41053	-60.8744
41054	-58.6927
41055	-57.2682
41056	-61.0182
41057	-63.794
41058	-67.7207
41059	-68.3615
41060	-69.0323
41061	-69.2241
41062	-69.2374
41063	-67.1433
41064	-66.2461
41065	-63.4252
41066	-60.6479
41067	-65.9858
41068	-68.7424
41069	-68.9378
41070	-68.2561
41071	-68.0737
41072	-67.8431
41073	-67.0615
41074	-65.0846
41075	-59.0973
41076	-50.6936
41077	-51.778
41078	-59.7104
41079	-66.2782
41080	-67.5282
41081	-68.4121
41082	-69.1017
41083	-69.3004
41084	-69.4911
41085	-69.6817
41086	-66.4352
41087	-65.0934
41088	-69.9769
41089	-73.1338
41090	-73.6947
41091	-73.4849
41092	-73.0127
41093	-72.7655
41094	-73.1004
41095	-73.5776
41096	-72.9243
41097	-71.4844
41098	-69.9839
41099	-70.9659
41100	-71.6198
41101	-73.0691
41102	-72.7836
41103	-71.7732
41104	-71.5164
41105	-72.7879
41106	-72.7939
41107	-72.2838
41108	-70.9688
41109	-71.4808
41110	-71.7636
41111	-71.6744
41112	-71.6431
41113	-71.3111
41114	-70.0036
41115	-68.4698
41116	-67.7376
41117	-66.3795
41118	-64.4646
41119	-62.2907
41120	-60.4063
41121	-60.5282
41122	-60.6927
41123	-58.5068
41124	-50.0995
41125	-30.696
41126	-21.9742
41127	-22.9733
41128	-34.3144
41129	-52.8447
41130	-59.7307
41131	-61.4248
41132	-62.3954
41133	-63.5902
41134	-64.1974
41135	-65.8676
41136	-65.9581
41137	-66.4121
41138	-68.2921
41139	-70.6844
41140	-71.7698
41141	-71.7298
41142	-72.1231
41143	-72.123
41144	-71.3287
41145	-71.967
41146	-71.8308
41147	-71.6201
41148	-70.3138
41149	-70.4392
41150	-71.1362
41151	-70.8778
41152	-69.0729
41153	-68.5856
41154	-68.1243
41155	-67.8311
41156	-70.0752
41157	-72.0295
41158	-72.8181
41159	-72.885
41160	-73.1369
41161	-73.0472
41162	-73.2462
41163	-72.849
41164	-72.5827
41165	-68.2268
41166	-65.9495
41167	-68.649
41168	-69.7861
41169	-68.7161
41170	-67.7153
41171	-66.9803
41172	-67.4133
41173	-66.7795
41174	-65.5923
41175	-59.1094
41176	-50.1305
41177	-51.11
41178	-59.0675
41179	-65.8799
41180	-67.596
41181	-67.9048
41182	-69.101
41183	-69.4478
41184	-69.5184
41185	-68.1033
41186	-63.4711
41187	-61.3187
41188	-65.6482
41189	-68.6649
41190	-69.7966
41191	-71.1542
41192	-71.2181
41193	-70.3382
41194	-69.1749
41195	-68.3488
41196	-66.4359
41197	-61.7056
41198	-58.9156
41199	-63.306
41200	-67.1298
41201	-69.0644
41202	-69.959
41203	-69.321
41204	-68.9845
41205	-70.0684
41206	-71.5294
41207	-71.9152
41208	-71.7402
41209	-71.637
41210	-72.0075
41211	-73.3486
41212	-74.0559
41213	-73.9591
41214	-73.5083
41215	-73.5122
41216	-73.3254
41217	-71.6209
41218	-70.1031
41219	-68.4788
41220	-67.1995
41221	-68.5362
41222	-68.8575
41223	-70.6986
41224	-71.0493
41225	-70.7008
41226	-70.0484
41227	-70.7216
41228	-72.4989
41229	-73.4495
41230	-73.2518
41231	-73.774
41232	-73.6981
41233	-73.2537
41234	-72.9539
41235	-72.9933
41236	-71.8805
41237	-70.8292
41238	-70.0264
41239	-69.4949
41240	-69.3145
41241	-68.3962
41242	-66.4092
41243	-64.6911
41244	-64.273
41245	-63.1513
41246	-55.1373
41247	-42.1807
41248	-37.2088
41249	-41.9741
41250	-55.7326
41251	-62.845
41252	-64.3769
41253	-63.6625
41254	-63.2612
41255	-63.7075
41256	-67.2788
41257	-69.5616
41258	-71.2854
41259	-71.9108
41260	-71.5373
41261	-72.0057
41262	-72.9048
41263	-73.8708
41264	-73.6041
41265	-72.9509
41266	-72.7841
41267	-73.6379
41268	-72.5153
41269	-72.3806
41270	-70.5895
41271	-70.5937
41272	-71.1609
41273	-73.516
41274	-72.689
41275	-70.0468
41276	-64.6105
41277	-65.1914
41278	-70.8847
41279	-73.0108
41280	-73.0156
41281	-73.0257
41282	-73.4239
41283	-73.9121
41284	-74.0641
41285	-72.992
41286	-72.2808
41287	-71.1696
41288	-69.7304
41289	-71.3281
41290	-71.4504
41291	-71.3069
41292	-70.2364
41293	-70.0327
41294	-69.1325
41295	-69.289
41296	-68.1463
41297	-64.7944
41298	-63.0317
41299	-65.0309
41300	-66.1548
41301	-67.612
41302	-68.8743
41303	-69.553
41304	-69.8861
41305	-70.0161
41306	-69.9845
41307	-68.7871
41308	-66.4653
41309	-63.5276
41310	-64.3223
41311	-65.823
41312	-67.8418
41313	-70.0354
41314	-68.8177
41315	-67.964
41316	-66.9959
41317	-63.382
41318	-59.9611
41319	-56.2957
41320	-55.6373
41321	-58.9489
41322	-59.5104
41323	-61.2246
41324	-63.0468
41325	-63.6673
41326	-65.2099
41327	-67.6029
41328	-68.5344
41329	-69.5696
41330	-68.8779
41331	-67.8147
41332	-69.2418
41333	-70.6417
41334	-71.32
41335	-72.0941
41336	-72.6626
41337	-72.7738
41338	-72.7237
41339	-72.883
41340	-73.9068
41341	-72.6905
41342	-71.1659
41343	-68.4968
41344	-67.2148
41345	-68.3034
41346	-69.7459
41347	-71.0887
41348	-71.8662
41349	-71.3778
41350	-72.4048
41351	-72.3056
41352	-71.6053
41353	-72.0436
41354	-70.8595
41355	-71.1471
41356	-71.1227
41357	-69.9396
41358	-68.558
41359	-67.9394
41360	-67.2194
41361	-67.1766
41362	-66.4381
41363	-64.5792
41364	-63.8179
41365	-61.9529
41366	-57.6956
41367	-53.2471
41368	-47.9807
41369	-40.4945
41370	-39.8351
41371	-43.4763
41372	-46.3882
41373	-48.8862
41374	-53.452
41375	-55.162
41376	-55.6694
41377	-59.1548
41378	-63.7955
41379	-65.8612
41380	-67.028
41381	-68.015
41382	-68.5326
41383	-69.9424
41384	-70.6228
41385	-69.8774
41386	-70.3573
41387	-70.7862
41388	-70.963
41389	-71.7737
41390	-72.3488
41391	-72.7151
41392	-72.8459
41393	-72.8034
41394	-71.8066
41395	-72.4276
41396	-71.7472
41397	-70.0484
41398	-67.8004
41399	-70.1495
41400	-71.9037
41401	-73.3848
41402	-73.9844
41403	-73.5658
41404	-72.3454
41405	-73.1254
41406	-73.5009
41407	-72.7771
41408	-70.4797
41409	-67.417
41410	-67.605
41411	-68.6797
41412	-69.4946
41413	-70.3461
41414	-69.5433
41415	-68.81
41416	-67.0169
41417	-63.227
41418	-60.106
41419	-56.6174
41420	-55.6133
41421	-58.7854
41422	-59.3814
41423	-61.6503
41424	-63.2341
41425	-64.3743
41426	-65.3475
41427	-67.8752
41428	-67.8031
41429	-67.8675
41430	-65.0726
41431	-64.339
41432	-66.9772
41433	-64.9934
41434	-66.4092
41435	-68.2074
41436	-68.9369
41437	-69.6271
41438	-68.7725
41439	-68.2103
41440	-67.8107
41441	-67.079
41442	-64.8587
41443	-61.0026
41444	-57.8234
41445	-58.8946
41446	-61.9976
41447	-65.0453
41448	-68.7425
41449	-70.3483
41450	-70.8282
41451	-71.625
41452	-71.2603
41453	-70.444
41454	-69.2309
41455	-68.7137
41456	-70.8455
41457	-73.6532
41458	-73.9323
41459	-73.1306
41460	-72.1594
41461	-72.5603
41462	-73.6133
41463	-72.8694
41464	-71.808
41465	-70.4146
41466	-68.1843
41467	-70.0804
41468	-72.494
41469	-73.0687
41470	-72.1077
41471	-72.1423
41472	-72.9034
41473	-72.822
41474	-72.7851
41475	-72.3119
41476	-72.1725
41477	-72.203
41478	-71.5877
41479	-71.3378
41480	-71.8364
41481	-71.4246
41482	-70.6977
41483	-70.5044
41484	-69.6575
41485	-68.5987
41486	-66.7069
41487	-61.531
41488	-59.0321
41489	-60.205
41490	-59.8196
41491	-56.543
41492	-51.8549
41493	-45.1426
41494	-40.7431
41495	-41.7426
41496	-49.2291
41497	-55.1795
41498	-59.9006
41499	-64.1738
41500	-65.9277
41501	-66.4586
41502	-68.1615
41503	-68.5994
41504	-68.0916
41505	-68.3581
41506	-69.7562
41507	-71.6333
41508	-72.3011
41509	-72.3023
41510	-72.7482
41511	-72.8526
41512	-72.3864
41513	-72.6248
41514	-72.5117
41515	-71.0827
41516	-71.044
41517	-70.3521
41518	-69.4671
41519	-68.1891
41520	-66.2647
41521	-68.0148
41522	-68.956
41523	-70.6891
41524	-71.8382
41525	-71.7324
41526	-72.0767
41527	-72.5981
41528	-72.7805
41529	-73.0211
41530	-72.4291
41531	-72.4115
41532	-71.7043
41533	-69.2842
41534	-70.3488
41535	-70.451
41536	-70.3336
41537	-69.1167
41538	-67.369
41539	-67.3952
41540	-66.979
41541	-66.5265
41542	-63.5127
41543	-60.2391
41544	-57.403
41545	-57.6522
41546	-61.2141
41547	-64.5951
41548	-68.6017
41549	-69.9391
41550	-70.8177
41551	-70.9354
41552	-70.6547
41553	-67.8776
41554	-65.9019
41555	-65.334
41556	-66.7701
41557	-69.1397
41558	-69.1838
41559	-69.3493
41560	-68.5664
41561	-68.3907
41562	-67.424
41563	-65.672
41564	-63.9214
41565	-58.2486
41566	-53.8047
41567	-57.8533
41568	-66.6083
41569	-69.3833
41570	-69.0496
41571	-69.5662
41572	-70.1261
41573	-71.1639
41574	-71.1073
41575	-70.6219
41576	-69.2783
41577	-70.221
41578	-71.9004
41579	-73.2251
41580	-73.5862
41581	-73.8818
41582	-73.6927
41583	-73.3753
41584	-73.1725
41585	-72.9041
41586	-69.976
41587	-64.3268
41588	-63.484
41589	-68.7732
41590	-71.0772
41591	-71.9792
41592	-71.0756
41593	-70.3751
41594	-69.882
41595	-71.4091
41596	-72.0667
41597	-72.5959
41598	-71.9985
41599	-72.7766
41600	-73.1144
41601	-72.626
41602	-72.031
41603	-71.4456
41604	-70.4122
41605	-68.7416
41606	-68.5088
41607	-66.6681
41608	-65.2069
41609	-63.1407
41610	-61.5899
41611	-61.4466
41612	-60.6198
41613	-58.0229
41614	-46.8373
41615	-31.42
41616	-26.7989
41617	-31.5948
41618	-47.031
41619	-61.4942
41620	-63.4364
41621	-64.2642
41622	-65.0672
41623	-66.5594
41624	-68.2778
41625	-68.7351
41626	-69.1609
41627	-70.6482
41628	-71.7242
41629	-72.1004
41630	-72.4439
41631	-72.6747
41632	-73.8425
41633	-73.2608
41634	-72.5141
41635	-72.9169
41636	-72.8965
41637	-71.7965
41638	-71.4892
41639	-71.6291
41640	-71.9125
41641	-72.6546
41642	-71.7651
41643	-70.448
41644	-68.7469
41645	-70.1982
41646	-71.4524
41647	-72.7859
41648	-72.658
41649	-73.2792
41650	-73.4327
41651	-73.563
41652	-74.132
41653	-72.7145
41654	-71.5766
41655	-69.5349
41656	-69.5361
41657	-70.5101
41658	-69.5565
41659	-68.4297
41660	-68.1343
41661	-67.7006
41662	-67.3328
41663	-66.2538
41664	-64.6999
41665	-60.1631
41666	-55.8979
41667	-59.4979
41668	-66.6715
41669	-67.9416
41670	-68.8834
41671	-69.9747
41672	-70.3779
41673	-70.7855
41674	-69.9574
41675	-67.7852
41676	-63.3035
41677	-60.8422
41678	-62.1728
41679	-67.0125
41680	-68.8804
41681	-69.4457
41682	-69.0905
41683	-67.5977
41684	-67.1095
41685	-65.4325
41686	-59.1172
41687	-51.4538
41688	-50.4491
41689	-58.8332
41690	-63.3096
41691	-64.8013
41692	-66.0047
41693	-66.2099
41694	-67.2893
41695	-67.3017
41696	-68.9394
41697	-68.2906
41698	-65.6888
41699	-67.733
41700	-71.256
41701	-72.9836
41702	-73.1393
41703	-72.6257
41704	-72.6261
41705	-72.3194
41706	-72.3222
41707	-73.213
41708	-72.8307
41709	-71.8164
41710	-70.6885
41711	-70.2283
41712	-70.79
41713	-71.5852
41714	-71.571
41715	-70.9923
41716	-71.2943
41717	-72.1987
41718	-72.1566
41719	-71.4578
41720	-71.2772
41721	-72.0443
41722	-71.5449
41723	-71.2331
41724	-71.0736
41725	-70.1037
41726	-68.6966
41727	-66.3226
41728	-65.9573
41729	-66.1624
41730	-64.3932
41731	-63.1074
41732	-62.1334
41733	-60.75
41734	-59.7298
41735	-52.5394
41736	-37.0545
41737	-25.8891
41738	-24.8424
41739	-33.7039
41740	-48.7427
41741	-56.0859
41742	-57.9854
41743	-59.0778
41744	-58.9189
41745	-61.0705
41746	-63.1661
41747	-65.5781
41748	-66.6873
41749	-67.1012
41750	-69.6785
41751	-70.559
41752	-71.4419
41753	-71.6307
41754	-71.4162
41755	-70.4362
41756	-70.0812
41757	-71.3468
41758	-72.0129
41759	-71.8178
41760	-71.5987
41761	-71.669
41762	-72.5652
41763	-71.588
41764	-70.6414
41765	-68.5972
41766	-65.5246
41767	-68.9897
41768	-72.9348
41769	-72.8418
41770	-73.2811
41771	-73.3147
41772	-73.7095
41773	-73.3728
41774	-73.3793
41775	-73.2865
41776	-69.5539
41777	-65.1736
41778	-66.3345
41779	-69.0868
41780	-69.6301
41781	-69.4612
41782	-68.5711
41783	-67.6994
41784	-67.8439
41785	-65.6841
41786	-58.9271
41787	-51.3187
41788	-50.1313
41789	-58.1983
41790	-62.7663
41791	-64.8357
41792	-66.5314
41793	-66.1947
41794	-66.5762
41795	-67.5511
41796	-68.6886
41797	-66.1505
41798	-61.3561
41799	-62.9973
41800	-67.2426
41801	-69.3111
41802	-70.3885
41803	-70.4409
41804	-69.9188
41805	-69.9452
41806	-69.3745
41807	-69.1037
41808	-68.5342
41809	-67.8467
41810	-65.8833
41811	-64.6035
41812	-65.1478
41813	-66.7981
41814	-66.9827
41815	-66.5598
41816	-67.8483
41817	-70.3022
41818	-72.2557
41819	-72.5802
41820	-71.8879
41821	-71.7852
41822	-72.2227
41823	-72.3284
41824	-72.7445
41825	-73.6735
41826	-73.387
41827	-72.4079
41828	-72.1108
41829	-72.0336
41830	-71.9388
41831	-70.9075
41832	-69.7718
41833	-68.5613
41834	-68.1095
41835	-70.3464
41836	-71.2339
41837	-71.7472
41838	-71.8746
41839	-72.3728
41840	-73.1639
41841	-73.2709
41842	-73.4517
41843	-73.4437
41844	-73.65
41845	-73.1164
41846	-72.9195
41847	-72.1299
41848	-71.295
41849	-71.1064
41850	-70.9367
41851	-71.1703
41852	-70.5785
41853	-69.5288
41854	-67.8708
41855	-63.3626
41856	-62.7921
41857	-63.7275
41858	-61.8182
41859	-58.8128
41860	-57.034
41861	-55.0063
41862	-54.6818
41863	-56.9519
41864	-59.2398
41865	-59.2069
41866	-60.5472
41867	-65.0989
41868	-69.0118
41869	-70.3048
41870	-71.2689
41871	-70.4711
41872	-70.5875
41873	-71.0948
41874	-72.1487
41875	-73.2313
41876	-73.6539
41877	-72.5557
41878	-72.9881
41879	-72.8436
41880	-72.6061
41881	-72.483
41882	-70.8949
41883	-71.0078
41884	-71.4005
41885	-72.6246
41886	-70.1098
41887	-64.7336
41888	-63.921
41889	-68.9575
41890	-71.4224
41891	-72.2802
41892	-72.9454
41893	-72.6951
41894	-72.8716
41895	-72.8158
41896	-73.4502
41897	-72.9429
41898	-71.4379
41899	-71.4078
41900	-71.2104
41901	-71.6238
41902	-71.5632
41903	-71.803
41904	-70.5275
41905	-70.2697
41906	-70.3384
41907	-69.5337
41908	-68.5081
41909	-66.7972
41910	-65.2521
41911	-63.5703
41912	-63.269
41913	-65.6893
41914	-66.3353
41915	-66.4635
41916	-68.7106
41917	-69.9345
41918	-70.0698
41919	-70.1031
41920	-68.4419
41921	-67.0153
41922	-67.1298
41923	-65.6229
41924	-67.8036
41925	-69.517
41926	-68.7813
41927	-67.1453
41928	-64.9098
41929	-64.3537
41930	-63.2916
41931	-60.6666
41932	-59.6374
41933	-58.9307
41934	-56.2279
41935	-59.0848
41936	-62.3954
41937	-66.0226
41938	-68.363
41939	-69.0023
41940	-70.0663
41941	-70.687
41942	-69.9043
41943	-69.3138
41944	-68.3193
41945	-69.6284
41946	-71.7168
41947	-73.0492
41948	-72.9196
41949	-73.3685
41950	-73.7865
41951	-73.3863
41952	-73.3318
41953	-72.3665
41954	-70.2356
41955	-64.0337
41956	-63.4588
41957	-68.7136
41958	-71.5976
41959	-71.9303
41960	-71.102
41961	-71.0036
41962	-71.6069
41963	-72.2607
41964	-72.1368
41965	-71.0304
41966	-70.8145
41967	-71.5405
41968	-71.3509
41969	-71.087
41970	-70.57
41971	-69.1984
41972	-68.4204
41973	-67.6416
41974	-66.641
41975	-65.628
41976	-63.0277
41977	-59.0443
41978	-56.5321
41979	-55.7232
41980	-53.6796
41981	-48.5969
41982	-47.6109
41983	-42.8924
41984	-39.8201
41985	-43.3385
41986	-51.5619
41987	-56.5809
41988	-59.8579
41989	-63.794
41990	-65.0133
41991	-66.8428
41992	-68.0245
41993	-68.6882
41994	-68.4643
41995	-69.3913
41996	-70.225
41997	-70.9069
41998	-71.5625
41999	-72.0109
42000	-72.0556
42001	-73.0049
42002	-72.6472
42003	-73.3375
42004	-72.6816
42005	-72.1385
42006	-72.2617
42007	-72.1812
42008	-71.7522
42009	-71.209
42010	-70.5028
42011	-70.9532
42012	-72.742
42013	-72.8232
42014	-72.9734
42015	-72.7043
42016	-72.6806
42017	-72.6508
42018	-72.6524
42019	-72.3733
42020	-71.7526
42021	-70.5156
42022	-69.5421
42023	-69.107
42024	-70.1709
42025	-70.0385
42026	-68.7089
42027	-66.7809
42028	-64.9707
42029	-64.4666
42030	-63.3096
42031	-61.2977
42032	-60.274
42033	-59.3224
42034	-56.8029
42035	-59.7322
42036	-62.8923
42037	-66.9588
42038	-68.1565
42039	-68.7561
42040	-69.0372
42041	-69.2998
42042	-67.5537
42043	-66.2677
42044	-64.4866
42045	-60.7245
42046	-64.8729
42047	-68.6223
42048	-68.9904
42049	-68.5255
42050	-68.24
42051	-68.2797
42052	-67.3143
42053	-65.7901
42054	-62.0295
42055	-51.8895
42056	-51.0816
42057	-58.2704
42058	-65.3747
42059	-67.6567
42060	-68.2819
42061	-69.1472
42062	-69.2977
42063	-69.4502
42064	-69.9039
42065	-67.4941
42066	-64.9557
42067	-68.9997
42068	-72.9405
42069	-73.7077
42070	-73.3958
42071	-72.9933
42072	-73.0381
42073	-72.9638
42074	-73.4931
42075	-72.9803
42076	-71.7159
42077	-70.0136
42078	-70.9073
42079	-71.4471
42080	-72.945
42081	-72.8025
42082	-71.9626
42083	-71.3224
42084	-72.5831
42085	-72.8403
42086	-72.4875
42087	-71.0237
42088	-71.1612
42089	-71.8335
42090	-71.8366
42091	-71.8915
42092	-71.5599
42093	-70.3548
42094	-69.0414
42095	-68.1731
42096	-66.9269
42097	-65.1943
42098	-63.016
42099	-60.8725
42100	-60.7404
42101	-60.7837
42102	-59.386
42103	-52.699
42104	-34.3461
42105	-23.3518
42106	-22.492
42107	-31.4742
42108	-50.474
42109	-59.4493
42110	-61.0528
42111	-62.4007
42112	-63.6165
42113	-64.229
42114	-65.7962
42115	-66.1761
42116	-66.0915
42117	-67.9172
42118	-70.405
42119	-71.6087
42120	-71.565
42121	-72.0406
42122	-72.2791
42123	-71.5034
42124	-71.7819
42125	-71.9742
42126	-71.7761
42127	-70.4125
42128	-70.1162
42129	-71.0488
42130	-71.1415
42131	-69.4337
42132	-68.5211
42133	-68.4308
42134	-67.3736
42135	-69.3825
42136	-71.5322
42137	-72.7701
42138	-72.8838
42139	-73.0296
42140	-73.1464
42141	-73.2317
42142	-73.199
42143	-72.7459
42144	-69.5391
42145	-66.1524
42146	-68.2604
42147	-69.9981
42148	-69.0289
42149	-68.0424
42150	-67.3289
42151	-67.6127
42152	-67.1838
42153	-66.2714
42154	-62.0958
42155	-51.2939
42156	-50.3439
42157	-57.611
42158	-65.2347
42159	-67.4456
42160	-67.9211
42161	-69.1004
42162	-69.5877
42163	-69.8352
42164	-68.5449
42165	-64.915
42166	-61.3748
42167	-64.5767
42168	-68.5634
42169	-69.4598
42170	-70.8316
42171	-71.4527
42172	-70.7034
42173	-69.4305
42174	-68.3996
42175	-66.9604
42176	-62.0608
42177	-57.9488
42178	-60.9919
42179	-66.7436
42180	-68.8102
42181	-70.0692
42182	-69.5743
42183	-69.2052
42184	-69.9545
42185	-71.6129
42186	-71.7925
42187	-71.6374
42188	-71.3764
42189	-71.9096
42190	-73.0471
42191	-73.996
42192	-74.1327
42193	-73.6545
42194	-73.1822
42195	-73.487
42196	-71.9057
42197	-70.3614
42198	-68.7592
42199	-67.1247
42200	-67.9922
42201	-68.7818
42202	-70.1493
42203	-71.142
42204	-70.7627
42205	-70.1271
42206	-70.3931
42207	-72.3455
42208	-73.275
42209	-73.2802
42210	-73.7445
42211	-73.7104
42212	-73.2943
42213	-73.0122
42214	-72.9983
42215	-72.1861
42216	-70.5891
42217	-69.6232
42218	-69.4224
42219	-69.0178
42220	-68.5147
42221	-66.8476
42222	-64.9702
42223	-63.9535
42224	-63.6708
42225	-55.862
42226	-42.5505
42227	-35.5109
42228	-38.2948
42229	-51.1395
42230	-61.7865
42231	-64.5671
42232	-64.1867
42233	-63.4901
42234	-63.557
42235	-66.7109
42236	-69.0307
42237	-71.045
42238	-71.9295
42239	-71.8023
42240	-71.6977
42241	-72.7875
42242	-73.6403
42243	-73.5875
42244	-73.2155
42245	-72.5998
42246	-73.5975
42247	-72.7623
42248	-72.4529
42249	-70.9266
42250	-70.7423
42251	-71.022
42252	-72.9812
42253	-73.0327
42254	-70.7318
42255	-65.7067
42256	-64.6561
42257	-70.0539
42258	-72.7783
42259	-73.356
42260	-72.9453
42261	-73.2192
42262	-73.9088
42263	-74.008
42264	-73.3004
42265	-72.321
42266	-71.6133
42267	-69.4267
42268	-70.8561
42269	-71.3215
42270	-71.3784
42271	-70.3728
42272	-70.1047
42273	-69.1921
42274	-69.512
42275	-68.2968
42276	-64.4691
42277	-61.5891
42278	-63.5153
42279	-66.0557
42280	-67.3536
42281	-68.7215
42282	-69.5661
42283	-69.977
42284	-70.0477
42285	-70.1391
42286	-69.1062
42287	-66.8729
42288	-63.5858
42289	-63.8194
42290	-65.6904
42291	-67.0384
42292	-69.8332
42293	-69.1405
42294	-67.9791
42295	-67.2427
42296	-64.1903
42297	-60.4366
42298	-57.1133
42299	-55.1841
42300	-58.1431
42301	-59.2833
42302	-60.5612
42303	-62.834
42304	-63.6279
42305	-64.6582
42306	-67.3414
42307	-68.4447
42308	-69.1392
42309	-69.3386
42310	-67.7896
42311	-69.2198
42312	-69.9756
42313	-71.313
42314	-71.9624
42315	-72.6155
42316	-72.7859
42317	-72.7448
42318	-72.8166
42319	-73.7377
42320	-72.8935
42321	-71.8176
42322	-69.047
42323	-67.4472
42324	-68.2037
42325	-69.5088
42326	-70.9054
42327	-71.9884
42328	-71.2607
42329	-72.2012
42330	-72.4007
42331	-71.7079
42332	-72.006
42333	-70.9599
42334	-71.0753
42335	-71.1682
42336	-70.2391
42337	-68.8657
42338	-67.9642
42339	-67.4441
42340	-67.2245
42341	-66.5985
42342	-64.7841
42343	-63.8311
42344	-62.4983
42345	-58.5261
42346	-54.0802
42347	-49.0727
42348	-41.3912
42349	-39.3451
42350	-42.2495
42351	-46.2334
42352	-47.7764
42353	-52.9232
42354	-54.9155
42355	-55.4635
42356	-58.1337
42357	-63.1012
42358	-65.4419
42359	-66.5634
42360	-67.8362
42361	-68.2542
42362	-69.5623
42363	-70.5277
42364	-69.8461
42365	-70.311
42366	-70.723
42367	-70.7513
42368	-71.1941
42369	-72.2366
42370	-72.6866
42371	-72.6614
42372	-72.7209
42373	-71.8392
42374	-72.4836
42375	-71.8633
42376	-70.3979
42377	-67.5505
42378	-69.3501
42379	-71.688
42380	-73.2761
42381	-74.0384
42382	-73.7455
42383	-72.5038
42384	-72.888
42385	-73.4597
42386	-72.8494
42387	-71.0076
42388	-67.8346
42389	-67.3552
42390	-68.5049
42391	-69.148
42392	-70.201
42393	-69.6209
42394	-68.7935
42395	-67.8864
42396	-63.8358
42397	-60.7288
42398	-57.2824
42399	-55.2137
42400	-57.8078
42401	-59.2446
42402	-60.9685
42403	-62.9347
42404	-64.0433
42405	-64.8961
42406	-67.8562
42407	-67.841
42408	-68.0086
42409	-65.6609
42410	-64.0145
42411	-66.5767
42412	-65.4312
42413	-66.1498
42414	-68.2513
42415	-68.8229
42416	-69.5633
42417	-69.2692
42418	-68.5435
42419	-68.3322
42420	-67.9096
42421	-65.8518
42422	-62.437
42423	-58.4226
42424	-58.9505
42425	-61.57
42426	-64.7164
42427	-68.2227
42428	-70.3751
42429	-70.7721
42430	-71.5748
42431	-71.3945
42432	-70.9041
42433	-69.3896
42434	-68.6493
42435	-70.4437
42436	-73.355
42437	-73.5676
42438	-73.6176
42439	-72.4221
42440	-72.4931
42441	-73.2443
42442	-73.121
42443	-71.7955
42444	-70.597
42445	-67.9188
42446	-69.3835
42447	-72.3478
42448	-73.0705
42449	-72.173
42450	-72.2884
42451	-72.5743
42452	-72.7312
42453	-72.8588
42454	-72.4677
42455	-72.3397
42456	-72.4183
42457	-71.9558
42458	-71.5028
42459	-72.0894
42460	-71.3958
42461	-70.7744
42462	-70.7812
42463	-70.1688
42464	-69.0652
42465	-67.5891
42466	-62.9586
42467	-59.5937
42468	-60.2739
42469	-60.6593
42470	-58.3426
42471	-53.5277
42472	-47.2049
42473	-41.7094
42474	-41.5648
42475	-48.1566
42476	-54.4412
42477	-59.1977
42478	-63.5344
42479	-65.8651
42480	-66.6858
42481	-67.9936
42482	-68.778
42483	-68.3773
42484	-68.6519
42485	-69.4781
42486	-71.4403
42487	-72.4529
42488	-72.3532
42489	-72.6853
42490	-72.9525
42491	-72.6014
42492	-72.6097
42493	-72.5174
42494	-71.3559
42495	-70.8659
42496	-70.4535
42497	-69.7029
42498	-68.6736
42499	-66.3859
42500	-67.7446
42501	-68.8125
42502	-70.4271
42503	-71.6526
42504	-71.8093
42505	-72.102
42506	-72.561
42507	-72.914
42508	-73.0184
42509	-72.5829
42510	-72.6602
42511	-72.0825
42512	-69.8377
42513	-70.2179
42514	-70.7109
42515	-70.2938
42516	-69.5948
42517	-67.9862
42518	-67.7248
42519	-67.2136
42520	-67.3626
42521	-64.5312
42522	-61.4953
42523	-58.0124
42524	-57.6598
42525	-60.7385
42526	-64.2045
42527	-68.1325
42528	-69.8258
42529	-70.8245
42530	-71.1234
42531	-71.1059
42532	-68.5702
42533	-66.8132
42534	-65.3697
42535	-65.7848
42536	-68.8004
42537	-69.2575
42538	-69.2951
42539	-68.5184
42540	-67.9965
42541	-67.6328
42542	-65.8503
42543	-64.1888
42544	-59.6484
42545	-53.3623
42546	-55.8572
42547	-64.6196
42548	-69.3415
42549	-69.2372
42550	-69.2884
42551	-69.9584
42552	-71.2451
42553	-71.0005
42554	-70.9568
42555	-69.2873
42556	-69.433
42557	-71.7793
42558	-72.8622
42559	-73.5803
42560	-73.6198
42561	-73.8742
42562	-73.6473
42563	-73.1879
42564	-73.0504
42565	-70.8853
42566	-65.3679
42567	-62.9296
42568	-67.8573
42569	-70.5177
42570	-71.7323
42571	-71.2525
42572	-70.5525
42573	-70.0314
42574	-70.9239
42575	-72.0802
42576	-72.4555
42577	-71.7272
42578	-72.4654
42579	-73.191
42580	-72.6657
42581	-72.1022
42582	-71.4842
42583	-70.4738
42584	-68.6083
42585	-68.5254
42586	-66.8229
42587	-65.4298
42588	-63.4177
42589	-61.4461
42590	-61.3231
42591	-60.4117
42592	-58.6325
42593	-50.1355
42594	-33.0597
42595	-26.4615
42596	-29.3391
42597	-42.7022
42598	-59.2505
42599	-62.9488
42600	-63.8033
42601	-64.6736
42602	-66.1115
42603	-67.6174
42604	-68.582
42605	-68.6214
42606	-70.0884
42607	-71.61
42608	-71.975
42609	-72.3284
42610	-72.3443
42611	-73.4805
42612	-73.4997
42613	-72.4822
42614	-72.6999
42615	-73.0394
42616	-72.3709
42617	-71.7216
42618	-71.5784
42619	-71.8794
42620	-72.4913
42621	-72.027
42622	-71.093
42623	-69.0728
42624	-70.0204
42625	-71.2992
42626	-72.706
42627	-72.504
42628	-73.1497
42629	-73.1896
42630	-73.5743
42631	-74.0966
42632	-72.9035
42633	-71.7173
42634	-69.6514
42635	-69.046
42636	-70.3513
42637	-69.9182
42638	-68.3277
42639	-68.2257
42640	-67.6408
42641	-67.3312
42642	-66.2347
42643	-64.8247
42644	-60.9919
42645	-55.257
42646	-57.4793
42647	-65.3177
42648	-67.8417
42649	-68.7276
42650	-69.542
42651	-70.4767
42652	-70.562
42653	-70.2911
42654	-68.0852
42655	-63.8799
42656	-61.4773
42657	-61.3231
42658	-66.2338
42659	-69.1852
42660	-69.4015
42661	-69.2662
42662	-67.8074
42663	-67.1669
42664	-66.2073
42665	-60.773
42666	-52.6526
42667	-50.043
42668	-56.6123
42669	-62.9457
42670	-64.5031
42671	-65.8446
42672	-66.1542
42673	-67.3552
42674	-67.1171
42675	-68.5027
42676	-68.776
42677	-66.1331
42678	-66.978
42679	-70.8456
42680	-72.4838
42681	-73.3118
42682	-72.5821
42683	-72.5796
42684	-72.3586
42685	-72.1767
42686	-73.1397
42687	-72.8507
42688	-72.2848
42689	-70.6917
42690	-70.4244
42691	-70.6155
42692	-71.7693
42693	-71.5779
42694	-71.2266
42695	-71.3177
42696	-72.1588
42697	-72.1618
42698	-71.9123
42699	-71.3185
42700	-71.9784
42701	-71.6923
42702	-71.4051
42703	-71.347
42704	-70.4945
42705	-69.3631
42706	-66.7839
42707	-65.9554
42708	-66.3656
42709	-64.7093
42710	-63.3227
42711	-62.3803
42712	-61.0974
42713	-60.1183
42714	-54.6707
42715	-40.3547
42716	-27.1922
42717	-24.2286
42718	-30.9396
42719	-46.8376
42720	-55.2584
42721	-57.7298
42722	-59.0141
42723	-58.8414
42724	-60.6043
42725	-62.7539
42726	-65.0667
42727	-66.6654
42728	-66.8521
42729	-69.4712
42730	-70.4174
42731	-71.3192
42732	-71.512
42733	-71.481
42734	-70.7289
42735	-70.0251
42736	-70.9326
42737	-72.211
42738	-71.7306
42739	-71.6755
42740	-71.6878
42741	-72.3534
42742	-71.7774
42743	-70.6999
42744	-69.2227
42745	-65.3014
42746	-67.4754
42747	-72.3926
42748	-72.9397
42749	-73.0851
42750	-73.3893
42751	-73.7444
42752	-73.2273
42753	-73.2052
42754	-73.4556
42755	-70.7374
42756	-65.7462
42757	-65.7321
42758	-68.8823
42759	-69.7975
42760	-69.3739
42761	-68.5384
42762	-67.8357
42763	-67.6308
42764	-66.7339
42765	-60.4804
42766	-52.3799
42767	-49.6656
42768	-56.0313
42769	-62.5226
42770	-64.4302
42771	-66.5258
42772	-66.1998
42773	-66.6035
42774	-67.4002
42775	-68.6957
42776	-67.5477
42777	-61.7952
42778	-62.2388
42779	-66.9925
42780	-68.8996
42781	-70.2327
42782	-70.8904
42783	-70.2085
42784	-70.1061
42785	-69.3642
42786	-68.8646
42787	-67.8216
42788	-67.3298
42789	-65.6551
42790	-65.1153
42791	-65.2423
42792	-66.7722
42793	-67.1968
42794	-66.8762
42795	-67.7926
42796	-69.8426
42797	-71.9992
42798	-72.5511
42799	-72.0611
42800	-71.7814
42801	-72.1396
42802	-72.4511
42803	-72.7358
42804	-73.6272
42805	-73.3142
42806	-72.6154
42807	-72.3649
42808	-71.9683
42809	-71.9003
42810	-71.0276
42811	-69.7514
42812	-68.878
42813	-67.741
42814	-69.8631
42815	-70.8185
42816	-71.524
42817	-71.6701
42818	-72.508
42819	-73.1414
42820	-73.3477
42821	-73.206
42822	-73.5699
42823	-73.601
42824	-73.463
42825	-72.9866
42826	-72.4936
42827	-71.4018
42828	-70.7823
42829	-71.0517
42830	-71.2185
42831	-71.0193
42832	-69.6842
42833	-68.4886
42834	-64.4229
42835	-62.5067
42836	-63.9671
42837	-62.322
42838	-59.3123
42839	-58.04
42840	-55.8922
42841	-55.1902
42842	-57.1838
42843	-59.6238
42844	-59.4773
42845	-60.1049
42846	-63.9395
42847	-68.7489
42848	-70.1833
42849	-71.6236
42850	-70.7822
42851	-70.5358
42852	-71.0995
42853	-72.035
42854	-73.1151
42855	-73.7744
42856	-72.765
42857	-72.8297
42858	-72.8729
42859	-72.6653
42860	-72.8377
42861	-71.074
42862	-71.0453
42863	-71.2111
42864	-72.6651
42865	-71.0168
42866	-65.6891
42867	-63.6207
42868	-68.0502
42869	-71.1344
42870	-72.1719
42871	-72.8091
42872	-72.7063
42873	-72.7626
42874	-72.814
42875	-73.3764
42876	-73.0222
42877	-71.7328
42878	-71.4493
42879	-71.3454
42880	-71.7226
42881	-71.6064
42882	-71.9042
42883	-70.823
42884	-70.3075
42885	-70.1895
42886	-69.894
42887	-69.621
42888	-67.7598
42889	-66.4075
42890	-64.4174
42891	-63.2748
42892	-65.6554
42893	-66.7843
42894	-66.4813
42895	-68.4396
42896	-70.1611
42897	-70.0305
42898	-69.974
42899	-68.822
42900	-66.8716
42901	-67.2256
42902	-65.5391
42903	-66.9113
42904	-69.3985
42905	-68.8017
42906	-67.4244
42907	-65.1772
42908	-64.4585
42909	-63.4217
42910	-61.3162
42911	-59.352
42912	-59.2765
42913	-56.1467
42914	-57.8531
42915	-61.5047
42916	-65.1592
42917	-67.9855
42918	-68.8472
42919	-69.8555
42920	-70.5028
42921	-70.0772
42922	-69.2959
42923	-68.2022
42924	-69.2385
42925	-71.0588
42926	-72.7998
42927	-73.2515
42928	-73.2757
42929	-73.5187
42930	-73.6856
42931	-73.4759
42932	-72.7514
42933	-71.0695
42934	-65.3355
42935	-63.0069
42936	-67.9199
42937	-71.1375
42938	-72.1871
42939	-71.2487
42940	-71.3191
42941	-71.4011
42942	-72.5717
42943	-72.1905
42944	-71.2315
42945	-70.6059
42946	-71.3776
42947	-71.3206
42948	-70.874
42949	-70.4694
42950	-69.3942
42951	-68.4939
42952	-67.5441
42953	-66.7919
42954	-65.6899
42955	-63.4552
42956	-59.6038
42957	-56.6882
42958	-55.7701
42959	-54.1524
42960	-49.0858
42961	-47.3054
42962	-43.5623
42963	-39.8878
42964	-41.6375
42965	-50.2717
42966	-55.6599
42967	-59.0324
42968	-62.8285
42969	-64.683
42970	-66.2463
42971	-67.6634
42972	-68.5275
42973	-68.3708
42974	-68.9348
42975	-69.984
42976	-70.4947
42977	-71.2923
42978	-71.8821
42979	-71.7191
42980	-72.8828
42981	-72.4522
42982	-73.1534
42983	-72.7671
42984	-72.1653
42985	-72.1758
42986	-72.1073
42987	-71.8556
42988	-71.2659
42989	-70.3918
42990	-70.6852
42991	-72.4557
42992	-72.9542
42993	-73.236
42994	-72.7636
42995	-72.8726
42996	-72.4068
42997	-72.5472
42998	-72.299
42999	-71.9864
43000	-70.4875
43001	-69.5452
43002	-68.7342
43003	-69.7319
43004	-70.1601
43005	-68.7245
43006	-67.1087
43007	-65.3658
43008	-64.375
43009	-63.4319
43010	-61.6153
43011	-60.1237
43012	-59.9919
43013	-56.6333
43014	-58.3743
43015	-61.9878
43016	-65.753
43017	-67.9005
43018	-68.4666
43019	-68.9652
43020	-69.3759
43021	-67.8512
43022	-66.3494
43023	-64.601
43024	-61.206
43025	-63.7191
43026	-68.3602
43027	-69.0207
43028	-68.8521
43029	-68.3481
43030	-68.5769
43031	-67.6212
43032	-66.4392
43033	-63.7924
43034	-53.5034
43035	-50.7998
43036	-57.0737
43037	-64.2124
43038	-67.763
43039	-68.2152
43040	-69.3234
43041	-69.429
43042	-69.4992
43043	-70.0351
43044	-68.6639
43045	-65.1853
43046	-67.9217
43047	-72.7924
43048	-73.6879
43049	-73.4889
43050	-73.1393
43051	-72.9221
43052	-72.749
43053	-73.508
43054	-73.0327
43055	-72.194
43056	-70.1066
43057	-70.4559
43058	-71.3562
43059	-72.7092
43060	-73.0017
43061	-72.2155
43062	-71.0829
43063	-72.2434
43064	-72.8315
43065	-72.5957
43066	-71.2873
43067	-71.0097
43068	-71.7547
43069	-71.9497
43070	-71.9433
43071	-71.7439
43072	-70.8427
43073	-69.5774
43074	-68.5138
43075	-67.3812
43076	-65.6274
43077	-63.6676
43078	-61.5097
43079	-60.8276
43080	-60.7957
43081	-59.9659
43082	-55.4129
43083	-38.5382
43084	-25.1452
43085	-22.411
43086	-29.25
43087	-47.616
43088	-58.8217
43089	-60.9292
43090	-62.2956
43091	-63.5448
43092	-64.3207
43093	-65.521
43094	-66.262
43095	-66.1207
43096	-67.7223
43097	-70.15
43098	-71.5473
43099	-71.5223
43100	-72.0086
43101	-72.4852
43102	-71.7435
43103	-71.6229
43104	-72.1974
43105	-71.8284
43106	-70.7614
43107	-69.9781
43108	-70.9797
43109	-71.0935
43110	-70.0108
43111	-68.6332
43112	-68.676
43113	-67.1179
43114	-68.8732
43115	-70.971
43116	-72.3611
43117	-72.708
43118	-73.1584
43119	-73.0734
43120	-73.1721
43121	-73.3712
43122	-72.632
43123	-70.6542
43124	-66.6576
43125	-67.9595
43126	-69.9082
43127	-69.1248
43128	-68.6019
43129	-67.4548
43130	-67.7033
43131	-67.5816
43132	-66.7032
43133	-64.0186
43134	-52.893
43135	-50.0009
43136	-56.2868
43137	-63.9327
43138	-67.3082
43139	-67.9166
43140	-68.9827
43141	-69.7455
43142	-69.8981
43143	-69.0107
43144	-66.3366
43145	-61.7872
43146	-63.7255
43147	-68.0805
43148	-69.1583
43149	-70.5285
43150	-71.4719
43151	-70.8818
43152	-69.5991
43153	-68.5323
43154	-67.5013
43155	-62.4539
43156	-57.5291
43157	-58.6583
43158	-66.1067
43159	-68.5993
43160	-70.1219
43161	-69.8514
43162	-69.3076
43163	-69.7249
43164	-71.4997
43165	-71.6768
43166	-71.5369
43167	-71.0966
43168	-71.8061
43169	-72.7909
43170	-73.8173
43171	-74.0926
43172	-73.889
43173	-72.962
43174	-73.6237
43175	-72.2566
43176	-70.7195
43177	-69.0292
43178	-67.1972
43179	-67.4866
43180	-68.6542
43181	-69.4441
43182	-71.0235
43183	-70.7251
43184	-70.0593
43185	-70.147
43186	-72.0147
43187	-73.1441
43188	-73.2477
43189	-73.6655
43190	-73.7403
43191	-73.3987
43192	-72.9564
43193	-72.8295
43194	-72.5205
43195	-70.4901
43196	-69.4118
43197	-69.1839
43198	-68.8911
43199	-68.7645
43200	-67.1491
43201	-65.0685
43202	-63.89
43203	-63.9956
43204	-56.985
43205	-43.6899
43206	-34.4922
43207	-35.3539
43208	-46.4216
43209	-59.9452
43210	-64.3635
43211	-64.6933
43212	-63.6803
43213	-63.6542
43214	-65.9006
43215	-68.6012
43216	-70.5763
43217	-71.7381
43218	-71.7544
43219	-71.6079
43220	-72.9194
43221	-73.6651
43222	-73.3101
43223	-73.4009
43224	-72.2886
43225	-73.3395
43226	-73.0103
43227	-72.3638
43228	-71.471
43229	-70.6307
43230	-70.8729
43231	-72.4177
43232	-73.3524
43233	-71.4233
43234	-67.0014
43235	-64.5113
43236	-69.1997
43237	-72.7138
43238	-73.5518
43239	-72.7642
43240	-73.0292
43241	-73.8872
43242	-74.0356
43243	-73.739
43244	-72.4873
43245	-71.9214
43246	-69.2678
43247	-70.1377
43248	-71.2521
43249	-71.2249
43250	-70.512
43251	-70.0307
43252	-69.4202
43253	-69.4129
43254	-68.1343
43255	-64.5974
43256	-60.7033
43257	-61.2898
43258	-65.7986
43259	-67.2107
43260	-68.7822
43261	-69.456
43262	-69.8963
43263	-70.0431
43264	-70.2499
43265	-69.5079
43266	-67.4122
43267	-63.8832
43268	-63.5509
43269	-65.4468
43270	-66.3956
43271	-69.3094
43272	-69.3159
43273	-68.0886
43274	-67.4685
43275	-65.0847
43276	-61.0697
43277	-57.9632
43278	-55.0097
43279	-57.6061
43280	-59.3987
43281	-59.9489
43282	-62.4003
43283	-63.4944
43284	-64.2684
43285	-67.0881
43286	-68.1618
43287	-68.8891
43288	-69.8759
43289	-67.8263
43290	-68.995
43291	-69.5983
43292	-71.3713
43293	-72.0203
43294	-72.5326
43295	-72.5913
43296	-72.8063
43297	-72.7662
43298	-73.4997
43299	-73.1641
43300	-72.3206
43301	-69.7203
43302	-67.8713
43303	-68.1318
43304	-69.496
43305	-70.8468
43306	-71.9613
43307	-71.5414
43308	-71.8751
43309	-72.6084
43310	-71.7934
43311	-71.8026
43312	-71.3113
43313	-70.9372
43314	-71.0577
43315	-70.3828
43316	-69.2828
43317	-68.2777
43318	-67.5762
43319	-67.2768
43320	-66.79
43321	-65.204
43322	-64.0035
43323	-62.9652
43324	-59.5059
43325	-54.9283
43326	-50.0875
43327	-42.6631
43328	-38.9675
43329	-41.3105
43330	-46.2004
43331	-46.9769
43332	-52.2737
43333	-54.5307
43334	-55.3363
43335	-57.3607
43336	-62.2149
43337	-64.8965
43338	-66.3945
43339	-67.6495
43340	-67.9794
43341	-69.26
43342	-70.3946
43343	-70.0874
43344	-70.4206
43345	-70.6864
43346	-70.5988
43347	-70.8152
43348	-72.212
43349	-72.5795
43350	-72.8212
43351	-72.6949
43352	-71.9534
43353	-72.2544
43354	-72.0578
43355	-70.4886
43356	-67.6097
43357	-68.161
43358	-71.4
43359	-72.9621
43360	-73.9875
43361	-73.9931
43362	-72.8488
43363	-72.7668
43364	-73.2503
43365	-73.0241
43366	-71.565
43367	-68.4448
43368	-67.1093
43369	-68.2799
43370	-68.9567
43371	-70.1607
43372	-69.7431
43373	-68.8719
43374	-68.3406
43375	-64.6419
43376	-61.2752
43377	-58.0691
43378	-55.0951
43379	-57.1084
43380	-59.3473
43381	-60.1662
43382	-62.6166
43383	-63.7653
43384	-64.7855
43385	-67.02
43386	-67.9347
43387	-68.1838
43388	-66.5797
43389	-63.9933
43390	-65.9303
43391	-65.861
43392	-65.952
43393	-68.219
43394	-68.8141
43395	-69.5625
43396	-69.7417
43397	-69.0313
43398	-69.0291
43399	-68.3402
43400	-66.7821
43401	-63.9259
43402	-59.178
43403	-59.2352
43404	-61.3617
43405	-64.4346
43406	-67.4784
43407	-70.1117
43408	-70.8188
43409	-71.5223
43410	-71.6048
43411	-71.3398
43412	-69.6596
43413	-68.7716
43414	-70.3319
43415	-72.6723
43416	-73.5709
43417	-73.6163
43418	-72.8298
43419	-72.5372
43420	-73.1932
43421	-73.1264
43422	-71.9292
43423	-70.767
43424	-67.8263
43425	-68.3369
43426	-72.0599
43427	-73.0259
43428	-72.3103
43429	-72.2204
43430	-72.1486
43431	-72.8773
43432	-73.117
43433	-72.6439
43434	-72.3915
43435	-72.5425
43436	-72.3232
43437	-71.7462
43438	-72.1061
43439	-71.4423
43440	-70.7865
43441	-70.8568
43442	-70.5245
43443	-69.5925
43444	-68.4757
43445	-64.4648
43446	-60.2071
43447	-60.5048
43448	-61.8811
43449	-59.8998
43450	-55.1841
43451	-49.296
43452	-42.9012
43453	-41.9602
43454	-47.166
43455	-53.835
43456	-58.6841
43457	-62.8733
43458	-65.713
43459	-66.9335
43460	-67.8148
43461	-69.0283
43462	-68.7262
43463	-68.7805
43464	-69.2669
43465	-71.0951
43466	-72.77
43467	-72.4456
43468	-72.4843
43469	-72.9737
43470	-72.5483
43471	-72.7373
43472	-72.525
43473	-71.6916
43474	-70.9138
43475	-70.3916
43476	-69.9381
43477	-68.8287
43478	-66.5601
43479	-67.0879
43480	-68.6612
43481	-69.8915
43482	-71.6805
43483	-71.8785
43484	-71.9598
43485	-72.5225
43486	-72.9576
43487	-73.2177
43488	-72.6471
43489	-72.6592
43490	-72.2889
43491	-70.4646
43492	-70.1431
43493	-71.0956
43494	-70.3542
43495	-69.9757
43496	-68.6593
43497	-67.8488
43498	-67.6334
43499	-67.8675
43500	-65.6883
43501	-62.9157
43502	-58.7463
43503	-57.8207
43504	-60.39
43505	-63.8411
43506	-67.599
43507	-69.6802
43508	-70.7524
43509	-71.1186
43510	-71.2088
43511	-69.0948
43512	-67.2457
43513	-65.6342
43514	-65.1124
43515	-68.3256
43516	-69.2561
43517	-69.0906
43518	-68.3613
43519	-67.8031
43520	-67.7098
43521	-66.0611
43522	-64.3026
43523	-60.9555
43524	-53.365
43525	-54.296
43526	-62.5714
43527	-68.6791
43528	-69.3825
43529	-68.8903
43530	-69.9319
43531	-71.019
43532	-70.6939
43533	-71.1275
43534	-69.348
43535	-68.6619
43536	-71.4435
43537	-72.7863
43538	-73.5966
43539	-73.4935
43540	-73.8483
43541	-73.7413
43542	-73.0689
43543	-73.1212
43544	-71.7316
43545	-66.5478
43546	-62.7808
43547	-66.636
43548	-70.0772
43549	-71.4023
43550	-71.6285
43551	-70.5625
43552	-70.168
43553	-70.6389
43554	-71.9367
43555	-72.3137
43556	-71.6748
43557	-72.3494
43558	-73.4283
43559	-72.5361
43560	-72.2301
43561	-71.6531
43562	-70.7049
43563	-68.7496
43564	-68.2444
43565	-66.9857
43566	-65.5456
43567	-63.5892
43568	-61.4251
43569	-61.308
43570	-60.2155
43571	-58.9327
43572	-52.3921
43573	-35.2492
43574	-26.5651
43575	-27.5691
43576	-38.7164
43577	-56.5896
43578	-62.5782
43579	-63.2166
43580	-64.3739
43581	-65.6049
43582	-67.0643
43583	-68.1874
43584	-68.256
43585	-69.4389
43586	-71.0621
43587	-71.8638
43588	-71.9862
43589	-72.1872
43590	-73.0381
43591	-73.2959
43592	-72.3663
43593	-72.4871
43594	-72.8984
43595	-72.595
43596	-71.7436
43597	-71.5567
43598	-71.9583
43599	-72.4648
43600	-72.2002
43601	-71.5383
43602	-69.6489
43603	-69.9611
43604	-71.2912
43605	-72.5139
43606	-72.567
43607	-73.2277
43608	-73.1605
43609	-73.3936
43610	-73.7919
43611	-73.3088
43612	-71.9819
43613	-69.9277
43614	-68.4582
43615	-69.8978
43616	-70.0438
43617	-68.3288
43618	-68.2342
43619	-67.5986
43620	-67.2721
43621	-66.2859
43622	-65.0028
43623	-61.84
43624	-55.072
43625	-55.8242
43626	-63.6195
43627	-67.5465
43628	-68.2824
43629	-69.165
43630	-70.1999
43631	-70.2644
43632	-70.6374
43633	-68.7621
43634	-64.788
43635	-61.9921
43636	-60.7929
43637	-65.5434
43638	-69.2525
43639	-69.3468
43640	-69.348
43641	-68.1
43642	-67.3203
43643	-66.5223
43644	-62.4466
43645	-54.2351
43646	-50.0574
43647	-54.5752
43648	-62.5975
43649	-64.2399
43650	-65.6276
43651	-66.1732
43652	-67.1121
43653	-67.2463
43654	-68.0713
43655	-68.9624
43656	-66.7572
43657	-66.5328
43658	-70.3295
43659	-71.9845
43660	-73.532
43661	-72.5512
43662	-72.5796
43663	-72.5568
43664	-72.1182
43665	-73.1496
43666	-72.9627
43667	-72.4535
43668	-70.8053
43669	-70.7553
43670	-70.5314
43671	-71.8889
43672	-71.6704
43673	-71.2279
43674	-71.3179
43675	-71.9864
43676	-72.3627
43677	-72.2536
43678	-71.2792
43679	-71.8614
43680	-71.7816
43681	-71.6067
43682	-71.3884
43683	-70.5648
43684	-69.7595
43685	-67.374
43686	-66.0048
43687	-66.3384
43688	-65.28
43689	-63.5791
43690	-62.7185
43691	-61.5966
43692	-60.4955
43693	-56.8164
43694	-44.1437
43695	-28.9454
43696	-24.011
43697	-28.7039
43698	-43.3998
43699	-54.0606
43700	-57.4887
43701	-59.0433
43702	-58.8958
43703	-60.2116
43704	-62.4614
43705	-64.6694
43706	-66.5111
43707	-66.7414
43708	-69.1229
43709	-70.3392
43710	-71.1715
43711	-71.5091
43712	-71.3931
43713	-71.0987
43714	-70.1906
43715	-70.6634
43716	-72.1897
43717	-71.7016
43718	-71.4937
43719	-71.7139
43720	-71.9489
43721	-71.9197
43722	-70.7645
43723	-69.8822
43724	-65.395
43725	-66.1443
43726	-71.4793
43727	-73.0714
43728	-72.7622
43729	-73.4551
43730	-73.5885
43731	-73.3908
43732	-73.0464
43733	-73.5987
43734	-71.6786
43735	-66.5753
43736	-65.361
43737	-68.4376
43738	-70.0296
43739	-69.367
43740	-68.7077
43741	-68.2194
43742	-67.4732
43743	-67.4605
43744	-62.0055
43745	-53.8755
43746	-49.6143
43747	-54.143
43748	-61.9817
43749	-64.0642
43750	-66.1516
43751	-66.3276
43752	-66.5973
43753	-67.2401
43754	-68.4665
43755	-68.2682
43756	-62.5911
43757	-61.7572
43758	-66.49
43759	-68.3262
43760	-70.2949
43761	-71.0607
43762	-70.4237
43763	-70.0299
43764	-69.4012
43765	-68.6313
43766	-67.3863
43767	-66.797
43768	-65.1989
43769	-65.2612
43770	-65.2679
43771	-66.7565
43772	-67.5854
43773	-67.3213
43774	-67.7456
43775	-69.536
43776	-71.7347
43777	-72.6093
43778	-72.2358
43779	-71.6983
43780	-71.8718
43781	-72.7115
43782	-72.5397
43783	-73.6453
43784	-73.3591
43785	-72.7213
43786	-72.3857
43787	-72.0448
43788	-72.0018
43789	-71.2315
43790	-69.9415
43791	-69.1603
43792	-67.5816
43793	-69.2787
43794	-70.5158
43795	-71.3282
43796	-71.651
43797	-72.356
43798	-73.0022
43799	-73.2852
43800	-73.2715
43801	-73.6798
43802	-73.8293
43803	-73.3919
43804	-72.86
43805	-72.7513
43806	-71.5372
43807	-70.6862
43808	-71.0696
43809	-71.1206
43810	-71.4487
43811	-69.875
43812	-68.9906
43813	-65.5222
43814	-62.1831
43815	-63.3528
43816	-60.8542
43817	-57.7584
43818	-56.6206
43819	-56.9589
43820	-55.8929
43821	-57.2976
43822	-59.8348
43823	-60.0159
43824	-59.8888
43825	-62.8747
43826	-68.2628
43827	-70.1418
43828	-71.5108
43829	-71.1622
43830	-70.6682
43831	-71.2367
43832	-72.1172
43833	-72.9748
43834	-73.6148
43835	-72.9129
43836	-72.9594
43837	-72.9455
43838	-72.8542
43839	-73.1488
43840	-71.4443
43841	-71.1221
43842	-71.1099
43843	-72.42
43844	-71.7774
43845	-66.8421
43846	-63.6965
43847	-67.3111
43848	-70.8631
43849	-72.1097
43850	-72.807
43851	-72.7931
43852	-72.5997
43853	-72.7937
43854	-73.2634
43855	-73.1723
43856	-72.0258
43857	-71.3801
43858	-71.4428
43859	-71.7611
43860	-71.7097
43861	-71.9525
43862	-71.1696
43863	-70.3788
43864	-70.4104
43865	-70.1329
43866	-70.0672
43867	-68.4298
43868	-67.083
43869	-64.9599
43870	-63.5351
43871	-65.1995
43872	-67.1588
43873	-66.6909
43874	-68.0917
43875	-70.0694
43876	-69.9251
43877	-69.8885
43878	-69.1394
43879	-66.881
43880	-67.0778
43881	-65.656
43882	-66.0739
43883	-69.3358
43884	-68.751
43885	-67.6991
43886	-65.3062
43887	-64.3272
43888	-63.6577
43889	-61.7768
43890	-59.3608
43891	-59.8905
43892	-56.0872
43893	-56.7922
43894	-60.6912
43895	-64.1765
43896	-67.6135
43897	-68.752
43898	-69.6561
43899	-70.2927
43900	-70.2005
43901	-69.144
43902	-68.1909
43903	-68.5924
43904	-70.5904
43905	-72.6595
43906	-73.4202
43907	-73.036
43908	-73.479
43909	-73.8714
43910	-73.2326
43911	-72.9977
43912	-71.7504
43913	-66.783
43914	-62.9452
43915	-66.9706
43916	-70.6791
43917	-72.1569
43918	-71.4672
43919	-71.563
43920	-71.2172
43921	-72.4771
43922	-72.2579
43923	-71.4298
43924	-70.4915
43925	-71.2151
43926	-71.3686
43927	-70.6664
43928	-70.524
43929	-69.7263
43930	-68.6687
43931	-67.6329
43932	-66.8382
43933	-65.7605
43934	-63.9406
43935	-60.346
43936	-56.9719
43937	-55.5754
43938	-54.2175
43939	-49.8112
43940	-47.0372
43941	-44.6251
43942	-40.2323
43943	-40.3543
43944	-48.6468
43945	-54.6007
43946	-58.1518
43947	-61.914
43948	-64.4243
43949	-65.7543
43950	-67.4637
43951	-68.2763
43952	-68.1712
43953	-68.5541
43954	-69.6411
43955	-70.1872
43956	-71.3622
43957	-71.722
43958	-71.6317
43959	-72.6512
43960	-72.4945
43961	-72.9757
43962	-72.8999
43963	-72.3234
43964	-72.0786
43965	-71.9638
43966	-71.7952
43967	-71.3074
43968	-70.3703
43969	-70.4571
43970	-72.1083
43971	-73.1563
43972	-73.1218
43973	-72.7959
43974	-73.1765
43975	-72.2221
43976	-72.5579
43977	-72.2345
43978	-72.2591
43979	-70.6128
43980	-69.5926
43981	-68.6467
43982	-69.4651
43983	-70.2538
43984	-68.9203
43985	-67.4789
43986	-65.5476
43987	-64.3646
43988	-63.5765
43989	-61.8153
43990	-59.8749
43991	-60.4773
43992	-56.741
43993	-57.2969
43994	-61.2217
43995	-64.6548
43996	-67.6423
43997	-68.1176
43998	-68.9717
43999	-69.41
44000	-68.3518
44001	-66.3975
44002	-65.0235
44003	-61.9668
44004	-62.7085
44005	-68.1377
44006	-69.0827
44007	-69.2604
44008	-68.5536
44009	-68.6289
44010	-67.919
44011	-67.1263
44012	-65.0238
44013	-55.5039
44014	-50.9275
44015	-55.7148
44016	-63.0527
44017	-67.6102
44018	-68.0928
44019	-69.3737
44020	-69.4788
44021	-69.6248
44022	-70.288
44023	-69.5405
44024	-65.5908
44025	-67.1006
44026	-71.9145
44027	-73.4845
44028	-73.7524
44029	-73.4445
44030	-72.9585
44031	-72.7501
44032	-73.3609
44033	-73.2313
44034	-72.5818
44035	-70.1625
44036	-69.8645
44037	-71.1831
44038	-72.5463
44039	-73.3314
44040	-72.3702
44041	-71.1205
44042	-71.8568
44043	-72.8057
44044	-72.6639
44045	-71.671
44046	-70.9465
44047	-71.6067
44048	-72.0566
44049	-71.8709
44050	-71.8912
44051	-71.3443
44052	-69.6922
44053	-68.9692
44054	-67.9841
44055	-66.2283
44056	-64.1026
44057	-62.0968
44058	-60.8823
44059	-61.1606
44060	-60.689
44061	-57.7702
44062	-43.1168
44063	-27.3786
44064	-22.7245
44065	-27.5509
44066	-43.7459
44067	-57.7778
44068	-60.6269
44069	-62.354
44070	-63.5526
44071	-64.5182
44072	-65.3093
44073	-66.2836
44074	-66.2955
44075	-67.6263
44076	-69.7962
44077	-71.7005
44078	-71.612
44079	-71.9762
44080	-72.4839
44081	-72.1247
44082	-71.6756
44083	-72.3111
44084	-71.9036
44085	-70.9954
44086	-69.8219
44087	-70.7345
44088	-71.0762
44089	-70.2134
44090	-68.4827
44091	-68.6863
44092	-67.1808
44093	-68.2765
44094	-70.5503
44095	-72.0519
44096	-72.7475
44097	-73.3437
44098	-73.0587
44099	-72.9506
44100	-73.3647
44101	-72.713
44102	-71.8011
44103	-67.253
44104	-67.631
44105	-69.9825
44106	-69.394
44107	-68.8564
44108	-67.6355
44109	-67.8426
44110	-67.7616
44111	-67.0423
44112	-65.0796
44113	-54.9565
44114	-50.0692
44115	-54.8572
44116	-62.4721
44117	-67.4325
44118	-67.9891
44119	-68.6736
44120	-69.7571
44121	-69.7821
44122	-69.3345
44123	-67.5714
44124	-62.5571
44125	-63.192
44126	-67.18
44127	-68.8935
44128	-70.2909
44129	-71.2202
44130	-71.0224
44131	-69.6509
44132	-68.603
44133	-67.8793
44134	-62.9921
44135	-57.6341
44136	-56.8237
44137	-64.5473
44138	-68.4984
44139	-70.1053
44140	-70.0407
44141	-69.3974
44142	-69.7535
44143	-71.0787
44144	-71.5873
44145	-71.5863
44146	-70.833
44147	-71.6176
44148	-72.6106
44149	-73.6225
44150	-73.9598
44151	-73.7499
44152	-72.9381
44153	-73.4437
44154	-72.5478
44155	-71.0869
44156	-69.4339
44157	-67.277
44158	-67.2249
44159	-68.5769
44160	-68.882
44161	-71.0055
44162	-70.7873
44163	-70.0391
44164	-69.8501
44165	-71.67
44166	-73.0214
44167	-73.3135
44168	-73.3624
44169	-73.5078
44170	-73.3002
44171	-72.7831
44172	-72.7914
44173	-72.455
44174	-70.5355
44175	-69.3902
44176	-68.8922
44177	-68.6972
44178	-68.4004
44179	-67.4519
44180	-65.2023
44181	-63.9087
44182	-63.5587
44183	-58.3742
44184	-45.4973
44185	-34.0736
44186	-33.0352
44187	-41.9685
44188	-57.3145
44189	-63.9566
44190	-64.8855
44191	-64.0128
44192	-63.79
44193	-65.2023
44194	-68.0886
44195	-70.0835
44196	-71.5233
44197	-71.7212
44198	-71.5331
44199	-72.7183
44200	-73.3109
44201	-73.2511
44202	-73.6294
44203	-72.341
44204	-72.8397
44205	-73.279
44206	-72.3674
44207	-72.1094
44208	-70.6123
44209	-70.9077
44210	-72.0264
44211	-73.6332
44212	-71.9776
44213	-68.409
44214	-64.8008
44215	-68.2112
44216	-72.5722
44217	-73.5029
44218	-72.7629
44219	-73.0387
44220	-73.6546
44221	-74.1357
44222	-73.9963
44223	-72.6309
44224	-72.3051
44225	-69.2699
44226	-69.4479
44227	-71.2961
44228	-71.1054
44229	-70.6921
44230	-69.9908
44231	-69.5872
44232	-69.1688
44233	-68.2934
44234	-65.0211
44235	-60.2033
44236	-59.356
44237	-65.1043
44238	-67.1103
44239	-68.8815
44240	-69.4353
44241	-69.7002
44242	-70.2089
44243	-70.5003
44244	-69.8098
44245	-68.0222
44246	-64.5079
44247	-63.3732
44248	-65.0395
44249	-66.085
44250	-68.9914
44251	-69.383
44252	-68.3748
44253	-67.6557
44254	-66.0995
44255	-61.8079
44256	-58.8888
44257	-55.1187
44258	-56.9556
44259	-59.817
44260	-59.6016
44261	-61.9889
44262	-63.2395
44263	-63.8986
44264	-66.4799
44265	-67.9335
44266	-68.6691
44267	-70.1807
44268	-68.1048
44269	-68.438
44270	-69.2556
44271	-71.0716
44272	-71.9966
44273	-72.3839
44274	-72.4827
44275	-72.781
44276	-72.7327
44277	-73.3513
44278	-73.4222
44279	-72.6092
44280	-70.2879
44281	-68.0955
44282	-68.1691
44283	-69.4781
44284	-70.6963
44285	-71.9554
44286	-71.7404
44287	-71.7278
44288	-72.5119
44289	-71.9175
44290	-71.8699
44291	-71.6258
44292	-70.9045
44293	-71.0918
44294	-70.6135
44295	-69.3987
44296	-68.4269
44297	-67.5687
44298	-67.1793
44299	-66.9086
44300	-65.5539
44301	-64.1623
44302	-63.3295
44303	-60.3132
44304	-55.684
44305	-51.1964
44306	-44.2737
44307	-38.9102
44308	-40.5893
44309	-45.9674
44310	-46.4629
44311	-51.0645
44312	-54.0116
44313	-55.1965
44314	-56.6674
44315	-61.3975
44316	-64.41
44317	-65.9356
44318	-67.4375
44319	-67.7833
44320	-68.9211
44321	-70.2564
44322	-70.5269
44323	-70.0775
44324	-70.5519
44325	-70.7222
44326	-70.6621
44327	-72.2126
44328	-72.381
44329	-72.6932
44330	-72.5655
44331	-72.2683
44332	-72.0961
44333	-72.1645
44334	-70.6371
44335	-67.9269
44336	-67.1597
44337	-70.5981
44338	-72.6518
44339	-73.8186
44340	-73.9835
44341	-73.0871
44342	-72.6305
44343	-73.1659
44344	-73.1802
44345	-72.0348
44346	-69.116
44347	-67.03
44348	-68.0615
44349	-68.7605
44350	-70.0763
44351	-70.1345
44352	-68.8166
44353	-68.4607
44354	-65.4958
44355	-61.9188
44356	-58.9231
44357	-55.2738
44358	-56.4892
44359	-59.715
44360	-59.6412
44361	-62.2403
44362	-63.4791
44363	-64.5054
44364	-66.1912
44365	-68.0029
44366	-68.1966
44367	-67.5028
44368	-64.1323
44369	-65.3819
44370	-66.2846
44371	-65.817
44372	-68.1499
44373	-68.9207
44374	-69.3191
44375	-70.0734
44376	-69.279
44377	-69.499
44378	-68.8137
44379	-67.5685
44380	-65.067
44381	-60.3517
44382	-59.509
44383	-61.407
44384	-64.1942
44385	-66.9346
44386	-69.9909
44387	-70.6112
44388	-71.4922
44389	-71.6917
44390	-71.3898
44391	-70.1825
44392	-69.2018
44393	-70.0156
44394	-72.069
44395	-73.611
44396	-73.692
44397	-72.9753
44398	-72.5471
44399	-73.2334
44400	-73.2264
44401	-72.0951
44402	-71.0395
44403	-68.0833
44404	-67.3991
44405	-71.1203
44406	-73.1182
44407	-72.5325
44408	-71.9204
44409	-71.9056
44410	-72.8085
44411	-73.1259
44412	-72.6414
44413	-72.4793
44414	-72.5201
44415	-72.6845
44416	-71.742
44417	-72.2527
44418	-71.5803
44419	-71.0055
44420	-70.8652
44421	-71.0882
44422	-69.9614
44423	-69.0511
44424	-65.9778
44425	-60.9363
44426	-60.904
44427	-62.7876
44428	-61.1626
44429	-56.8728
44430	-51.3053
44431	-44.3958
44432	-42.105
44433	-46.2154
44434	-53.3179
44435	-58.0555
44436	-62.1334
44437	-65.5654
44438	-67.1019
44439	-67.765
44440	-69.1997
44441	-69.0407
44442	-68.7401
44443	-68.9254
44444	-70.8762
44445	-72.8305
44446	-72.3352
44447	-72.5041
44448	-73.0607
44449	-72.7699
44450	-72.8294
44451	-72.6227
44452	-72.0889
44453	-71.0106
44454	-70.6394
44455	-70.0818
44456	-69.0855
44457	-66.995
44458	-66.6461
44459	-68.4816
44460	-69.4223
44461	-71.3744
44462	-71.8672
44463	-71.7541
44464	-72.2895
44465	-72.8715
44466	-73.1512
44467	-72.8193
44468	-72.7479
44469	-72.3916
44470	-71.0885
44471	-70.0319
44472	-71.3188
44473	-70.5092
44474	-70.3898
44475	-69.3974
44476	-68.1384
44477	-68.0831
44478	-68.3704
44479	-66.7693
44480	-64.1801
44481	-59.5846
44482	-58.3157
44483	-60.1316
44484	-63.5125
44485	-66.6568
44486	-69.6148
44487	-70.5112
44488	-71.2565
44489	-71.056
44490	-69.7755
44491	-67.5407
44492	-65.9521
44493	-64.686
44494	-67.658
44495	-69.2294
44496	-68.997
44497	-68.3816
44498	-67.6365
44499	-67.5872
44500	-66.4271
44501	-64.5121
44502	-61.9428
44503	-53.8184
44504	-53.1374
44505	-60.4547
44506	-67.8998
44507	-69.3738
44508	-68.6571
44509	-69.7413
44510	-70.6578
44511	-70.5535
44512	-71.0384
44513	-69.5191
44514	-68.2934
44515	-70.4311
44516	-72.2821
44517	-73.6697
44518	-73.4136
44519	-73.8897
44520	-73.7362
44521	-73.0123
44522	-73.213
44523	-72.3395
44524	-67.7854
44525	-63.0441
44526	-65.4594
44527	-69.7786
44528	-71.0964
44529	-71.8874
44530	-70.7007
44531	-70.2887
44532	-70.495
44533	-71.6862
44534	-72.2641
44535	-71.8679
44536	-72.0638
44537	-73.0126
44538	-72.3472
44539	-72.223
44540	-71.5395
44541	-70.7151
44542	-69.0345
44543	-67.9816
44544	-67.2105
44545	-65.4405
44546	-63.6836
44547	-61.4676
44548	-61.3843
44549	-60.3292
44550	-59.0085
44551	-53.4605
44552	-38.0271
44553	-27.1074
44554	-26.2525
44555	-35.2239
44556	-53.7746
44557	-62.1013
44558	-62.7643
44559	-63.9562
44560	-65.0156
44561	-66.5042
44562	-67.8898
44563	-68.003
44564	-68.8827
44565	-70.5666
44566	-71.6752
44567	-71.7292
44568	-71.9322
44569	-72.7057
44570	-73.3317
44571	-72.5077
44572	-72.3722
44573	-72.6656
44574	-72.7119
44575	-71.7975
44576	-71.7214
44577	-71.8254
44578	-72.4122
44579	-72.3855
44580	-71.5978
44581	-70.3202
44582	-69.73
44583	-71.4255
44584	-72.507
44585	-72.6166
44586	-73.1805
44587	-73.1895
44588	-73.3806
44589	-73.3694
44590	-73.6012
44591	-72.2008
44592	-70.336
44593	-68.029
44594	-69.4807
44595	-70.0626
44596	-68.2909
44597	-68.0846
44598	-67.7623
44599	-67.3613
44600	-66.4395
44601	-65.1378
44602	-62.7055
44603	-55.3488
44604	-54.5706
44605	-61.5112
44606	-67.1384
44607	-68.0679
44608	-68.8445
44609	-69.807
44610	-70.1434
44611	-70.4817
44612	-69.3079
44613	-65.6012
44614	-62.1504
44615	-60.597
44616	-64.6444
44617	-68.6268
44618	-69.2027
44619	-69.3287
44620	-68.5427
44621	-67.517
44622	-66.942
44623	-63.7912
44624	-56.063
44625	-50.5377
44626	-53.0103
44627	-61.9848
44628	-63.9754
44629	-65.5284
44630	-66.272
44631	-66.9782
44632	-67.2418
44633	-67.7323
44634	-69.0333
44635	-67.5996
44636	-66.0627
44637	-69.6041
44638	-71.6826
44639	-73.7462
44640	-72.7706
44641	-72.6023
44642	-72.7674
44643	-72.212
44644	-72.9423
44645	-73.0728
44646	-72.7531
44647	-71.2417
44648	-70.9992
44649	-70.5837
44650	-71.8471
44651	-71.8286
44652	-71.3977
44653	-70.9544
44654	-71.9003
44655	-72.4955
44656	-72.3364
44657	-71.3161
44658	-71.8391
44659	-71.9636
44660	-71.7052
44661	-71.4526
44662	-70.7396
44663	-70.0295
44664	-67.8844
44665	-66.1904
44666	-66.2472
44667	-65.7862
44668	-63.9196
44669	-62.8574
44670	-61.9049
44671	-60.7302
44672	-58.2755
44673	-48.114
44674	-31.1907
44675	-24.1869
44676	-26.9373
44677	-39.9707
44678	-52.4247
44679	-57.1469
44680	-58.8137
44681	-59.008
44682	-60.0437
44683	-62.1739
44684	-64.3613
44685	-66.1426
44686	-66.6879
44687	-68.3572
44688	-70.0593
44689	-71.0443
44690	-71.6038
44691	-71.4526
44692	-71.4104
44693	-70.3514
44694	-70.6328
44695	-71.954
44696	-71.7225
44697	-71.2923
44698	-71.3906
44699	-71.651
44700	-72.0554
44701	-70.8711
44702	-70.3466
44703	-65.9057
44704	-65.2225
44705	-70.4016
44706	-73.2031
44707	-72.6326
44708	-73.274
44709	-73.5416
44710	-73.5146
44711	-73.0661
44712	-73.706
44713	-72.2399
44714	-67.5993
44715	-65.2765
44716	-67.9298
44717	-70.2397
44718	-69.4426
44719	-68.9704
44720	-68.4552
44721	-67.507
44722	-67.7859
44723	-63.6586
44724	-55.7487
44725	-49.9898
44726	-52.5334
44727	-61.1946
44728	-63.6722
44729	-65.7514
44730	-66.4819
44731	-66.4871
44732	-67.1185
44733	-68.1645
44734	-68.7231
44735	-63.7232
44736	-61.6036
44737	-65.5019
44738	-67.956
44739	-70.1328
44740	-70.9332
44741	-70.5937
44742	-70.0639
44743	-69.539
44744	-68.6122
44745	-66.9263
44746	-65.9936
44747	-64.7616
44748	-64.9796
44749	-65.2806
44750	-67.1107
44751	-68.033
44752	-67.8916
44753	-67.8554
44754	-69.2423
44755	-71.4653
44756	-72.6215
44757	-72.3779
44758	-71.7258
44759	-71.7925
44760	-72.8189
44761	-72.4925
44762	-73.393
44763	-73.491
44764	-73.0175
44765	-72.3419
44766	-71.7873
44767	-71.9843
44768	-71.642
44769	-69.8582
44770	-69.1202
44771	-67.7685
44772	-68.5129
44773	-70.1859
44774	-71.0722
44775	-71.5485
44776	-72.0885
44777	-72.7075
44778	-73.0151
44779	-73.1561
44780	-73.797
44781	-73.6849
44782	-73.295
44783	-72.9368
44784	-72.9461
44785	-71.8518
44786	-70.7759
44787	-70.9855
44788	-70.9256
44789	-71.5973
44790	-70.1808
44791	-69.4224
44792	-66.7898
44793	-62.243
44794	-62.5196
44795	-59.9808
44796	-56.5712
44797	-55.0688
44798	-57.0579
44799	-56.8345
44800	-57.4971
44801	-59.9202
44802	-60.6813
44803	-59.9847
44804	-62.0108
44805	-67.7259
44806	-70.1885
44807	-71.5108
44808	-71.5695
44809	-70.8066
44810	-71.4659
44811	-71.9361
44812	-72.7861
44813	-73.4457
44814	-73.0457
44815	-72.7934
44816	-73.1101
44817	-72.8427
44818	-72.9937
44819	-71.7509
44820	-71.0973
44821	-71.1208
44822	-72.2221
44823	-72.1139
44824	-68.0847
44825	-64.0967
44826	-66.4689
44827	-70.58
44828	-71.8141
44829	-72.778
44830	-72.8954
44831	-72.7068
44832	-72.8187
44833	-73.2477
44834	-73.3924
44835	-72.324
44836	-71.3058
44837	-71.4019
44838	-71.6211
44839	-71.72
44840	-71.9348
44841	-71.5933
44842	-70.5
44843	-70.4634
44844	-69.9306
44845	-69.6928
44846	-68.5143
44847	-67.2641
44848	-65.5239
44849	-63.928
44850	-65.1186
44851	-67.2984
44852	-67.1201
44853	-67.8722
44854	-69.8229
44855	-70.0393
44856	-69.7088
44857	-69.1234
44858	-67.0844
44859	-66.9054
44860	-65.8571
44861	-65.4094
44862	-69.0306
44863	-68.7664
44864	-68.1472
44865	-65.6522
44866	-64.2652
44867	-63.7496
44868	-62.1191
44869	-59.4555
44870	-60.1156
44871	-56.518
44872	-56.0705
44873	-59.9503
44874	-63.2248
44875	-67.1267
44876	-68.5369
44877	-69.1811
44878	-70.1546
44879	-70.5218
44880	-69.2172
44881	-68.4115
44882	-67.7995
44883	-70.121
44884	-72.4552
44885	-73.2744
44886	-73.0378
44887	-73.3805
44888	-73.8879
44889	-73.1879
44890	-73.1271
44891	-72.0865
44892	-68.2764
44893	-63.2709
44894	-66.1566
44895	-70.1632
44896	-72.0774
44897	-71.5828
44898	-71.5939
44899	-71.3204
44900	-72.3141
44901	-72.2859
44902	-71.6595
44903	-70.4081
44904	-71.0018
44905	-71.201
44906	-70.6933
44907	-70.579
44908	-70.0373
44909	-68.7472
44910	-67.6761
44911	-67.0596
44912	-65.9018
44913	-64.5325
44914	-61.0581
44915	-57.0905
44916	-55.5983
44917	-54.3044
44918	-50.7589
44919	-46.9767
44920	-45.6902
44921	-40.6476
44922	-39.4903
44923	-46.5446
44924	-53.1952
44925	-57.3534
44926	-61.0712
44927	-64.1974
44928	-65.3285
44929	-67.0071
44930	-67.9937
44931	-68.1609
44932	-68.1886
44933	-69.3972
44934	-70.0141
44935	-71.066
44936	-71.6418
44937	-71.6243
44938	-72.2149
44939	-72.4878
44940	-72.8452
44941	-73.0251
44942	-72.2731
44943	-72.0828
44944	-71.9593
44945	-71.7357
44946	-71.2902
44947	-70.4481
44948	-70.4677
44949	-71.7199
44950	-73.3317
44951	-73.0144
44952	-73.0893
44953	-72.9886
44954	-72.2696
44955	-72.4585
44956	-72.2443
44957	-72.4485
44958	-70.933
44959	-69.7564
44960	-68.7462
44961	-69.0746
44962	-70.4017
44963	-68.9472
44964	-67.8203
44965	-65.9319
44966	-64.2661
44967	-63.6625
44968	-61.9885
44969	-59.9122
44970	-60.4805
44971	-57.0518
44972	-56.6068
44973	-60.4842
44974	-63.6123
44975	-67.6031
44976	-67.9361
44977	-68.8362
44978	-69.1764
44979	-68.842
44980	-66.4318
44981	-65.2346
44982	-62.7527
44983	-62.0614
44984	-67.7077
44985	-69.103
44986	-69.5162
44987	-68.9403
44988	-68.7925
44989	-68.2708
44990	-67.6539
44991	-65.7863
44992	-57.854
44993	-51.4626
44994	-54.4318
44995	-61.9644
44996	-67.2379
44997	-68.1008
44998	-69.2264
44999	-69.5583
45000	-69.7885
45001	-70.0247
45002	-69.8485
45003	-66.2654
45004	-66.5272
45005	-71.3649
45006	-73.3195
45007	-73.7042
45008	-73.5459
45009	-72.9984
45010	-72.964
45011	-73.1588
45012	-73.4143
45013	-72.7551
45014	-70.4029
45015	-69.2522
45016	-71.0137
45017	-72.3691
45018	-73.4971
45019	-72.6998
45020	-71.4587
45021	-71.5615
45022	-72.7827
45023	-72.6068
45024	-71.999
45025	-71.1502
45026	-71.4937
45027	-72.1481
45028	-71.9542
45029	-72.0063
45030	-71.5949
45031	-70.0797
45032	-69.3448
45033	-68.5122
45034	-66.7927
45035	-64.9145
45036	-62.8122
45037	-61.1437
45038	-61.4707
45039	-61.6567
45040	-59.2092
45041	-47.73
45042	-30.0858
45043	-23.4326
45044	-26.329
45045	-40.2121
45046	-56.0408
45047	-60.4872
45048	-62.3589
45049	-63.5158
45050	-64.5662
45051	-65.2216
45052	-66.3084
45053	-66.4667
45054	-67.4777
45055	-69.212
45056	-71.5365
45057	-71.8554
45058	-72.0941
45059	-72.4461
45060	-72.4014
45061	-71.878
45062	-72.5564
45063	-71.8919
45064	-71.3159
45065	-69.7817
45066	-70.6202
45067	-70.9514
45068	-70.3993
45069	-68.4767
45070	-68.5063
45071	-67.435
45072	-67.7617
45073	-70.0841
45074	-71.9055
45075	-72.818
45076	-73.1027
45077	-72.8795
45078	-73.0428
45079	-73.3378
45080	-73.0045
45081	-72.3668
45082	-68.1655
45083	-67.4312
45084	-69.9671
45085	-69.9102
45086	-69.2452
45087	-68.1627
45088	-67.7103
45089	-67.9995
45090	-67.5287
45091	-65.9871
45092	-57.4925
45093	-50.5472
45094	-53.4537
45095	-61.3001
45096	-67.2883
45097	-68.0071
45098	-68.4667
45099	-69.839
45100	-69.8097
45101	-69.6256
45102	-68.2388
45103	-63.5254
45104	-62.9456
45105	-66.1563
45106	-68.7274
45107	-70.115
45108	-70.9858
45109	-71.1666
45110	-69.8314
45111	-68.6796
45112	-68.2166
45113	-63.8015
45114	-58.1779
45115	-55.4102
45116	-62.1191
45117	-68.1862
45118	-69.9042
45119	-70.0006
45120	-69.4564
45121	-69.5674
45122	-70.7741
45123	-71.5383
45124	-71.4717
45125	-70.6572
45126	-71.073
45127	-72.3017
45128	-73.5815
45129	-73.8673
45130	-73.8568
45131	-73.129
45132	-73.5235
45133	-73.0793
45134	-71.3087
45135	-69.7812
45136	-67.6185
45137	-67.0256
45138	-68.5862
45139	-68.4987
45140	-70.6962
45141	-70.8866
45142	-70.1939
45143	-69.7259
45144	-71.0824
45145	-72.5506
45146	-73.2939
45147	-73.1421
45148	-73.375
45149	-73.4189
45150	-72.8019
45151	-72.6813
45152	-72.5997
45153	-70.6255
45154	-69.4782
45155	-68.6496
45156	-68.5086
45157	-68.0535
45158	-67.5349
45159	-65.3091
45160	-64.0842
45161	-63.309
45162	-59.9412
45163	-47.9404
45164	-34.217
45165	-31.2659
45166	-38.016
45167	-53.9757
45168	-63.231
45169	-64.8816
45170	-64.3938
45171	-63.7578
45172	-64.6416
45173	-67.6259
45174	-69.5773
45175	-71.0271
45176	-71.6205
45177	-71.554
45178	-72.3783
45179	-73.114
45180	-73.2334
45181	-73.4843
45182	-72.4056
45183	-72.5939
45184	-73.3502
45185	-72.3975
45186	-72.5217
45187	-70.6144
45188	-70.9988
45189	-71.7378
45190	-73.8396
45191	-72.8441
45192	-69.8227
45193	-65.3116
45194	-67.3399
45195	-72.2145
45196	-73.3698
45197	-72.8895
45198	-73.0506
45199	-73.4585
45200	-73.9969
45201	-73.967
45202	-72.9154
45203	-72.3446
45204	-69.5238
45205	-68.9631
45206	-71.2859
45207	-71.0316
45208	-70.759
45209	-69.9543
45210	-69.8329
45211	-68.981
45212	-68.5185
45213	-65.5568
45214	-60.1412
45215	-57.841
45216	-63.2965
45217	-67.1126
45218	-68.8191
45219	-69.4697
45220	-69.864
45221	-70.2312
45222	-70.6052
45223	-70.059
45224	-68.315
45225	-64.9515
45226	-63.088
45227	-64.5824
45228	-65.8533
45229	-68.4332
45230	-69.4732
45231	-68.4141
45232	-67.7359
45233	-66.7545
45234	-62.5934
45235	-59.5759
45236	-55.4994
45237	-56.2815
45238	-59.8642
45239	-59.4204
45240	-61.5273
45241	-63.0299
45242	-63.6261
45243	-65.7576
45244	-67.6368
45245	-68.4968
45246	-70.137
45247	-68.4771
45248	-67.9501
45249	-69.0545
45250	-70.6334
45251	-71.7113
45252	-72.2307
45253	-72.4244
45254	-72.4664
45255	-72.6181
45256	-73.3452
45257	-73.6678
45258	-72.8694
45259	-71.0086
45260	-68.6241
45261	-68.1239
45262	-69.4029
45263	-70.6656
45264	-71.5067
45265	-71.94
45266	-71.5745
45267	-72.4661
45268	-72.3048
45269	-71.7764
45270	-71.9352
45271	-70.9665
45272	-71.129
45273	-70.7993
45274	-69.6295
45275	-68.5943
45276	-67.6182
45277	-67.1319
45278	-67.1504
45279	-65.9187
45280	-64.5188
45281	-63.4375
45282	-61.0027
45283	-56.7434
45284	-52.1201
45285	-46.1225
45286	-39.2829
45287	-39.9782
45288	-44.722
45289	-46.1426
45290	-49.8555
45291	-53.6085
45292	-55.002
45293	-56.0444
45294	-60.4547
45295	-64.0406
45296	-65.6354
45297	-67.0689
45298	-67.5667
45299	-68.5703
45300	-70.0135
45301	-70.5539
45302	-69.9901
45303	-70.4954
45304	-70.6897
45305	-70.7667
45306	-71.7851
45307	-72.2796
45308	-72.4619
45309	-72.2646
45310	-72.6361
45311	-71.881
45312	-72.3613
45313	-70.9384
45314	-68.3794
45315	-66.3404
45316	-69.8513
45317	-72.3032
45318	-73.5223
45319	-74.0088
45320	-73.5732
45321	-72.6489
45322	-73.267
45323	-73.4155
45324	-72.4369
45325	-69.7962
45326	-67.0147
45327	-67.8067
45328	-68.473
45329	-69.8161
45330	-70.2884
45331	-68.965
45332	-68.6497
45333	-66.2285
45334	-62.4989
45335	-59.6163
45336	-55.6432
45337	-55.7903
45338	-59.6534
45339	-59.1484
45340	-61.8527
45341	-63.2124
45342	-64.2278
45343	-65.4749
45344	-67.8176
45345	-67.9826
45346	-68.1057
45347	-64.3931
45348	-64.8435
45349	-66.7302
45350	-65.6724
45351	-67.9774
45352	-68.959
45353	-69.2773
45354	-70.3242
45355	-69.6867
45356	-69.5073
45357	-69.3427
45358	-68.2607
45359	-65.9782
45360	-61.6234
45361	-59.9787
45362	-61.5986
45363	-64.077
45364	-66.5847
45365	-69.6803
45366	-70.6224
45367	-71.2905
45368	-71.8599
45369	-71.5318
45370	-70.8545
45371	-69.9111
45372	-69.8995
45373	-71.6106
45374	-73.5925
45375	-73.6192
45376	-73.0524
45377	-72.4586
45378	-72.8912
45379	-73.2593
45380	-72.443
45381	-71.2287
45382	-68.6242
45383	-66.6702
45384	-70.0277
45385	-72.7888
45386	-72.7505
45387	-71.8448
45388	-71.7376
45389	-72.5894
45390	-73.012
45391	-72.7267
45392	-72.529
45393	-72.7688
45394	-72.7029
45395	-71.9864
45396	-72.1715
45397	-71.9064
45398	-71.4438
45399	-70.9588
45400	-71.3211
45401	-70.3247
45402	-69.8017
45403	-67.3742
45404	-61.9963
45405	-61.2713
45406	-63.1741
45407	-62.4063
45408	-58.9447
45409	-53.2576
45410	-46.1023
45411	-42.9078
45412	-45.6396
45413	-52.7845
45414	-57.5175
45415	-61.3832
45416	-65.3487
45417	-67.3656
45418	-67.8652
45419	-69.4274
45420	-69.3573
45421	-68.8067
45422	-69.0285
45423	-70.8017
45424	-72.6109
45425	-72.4375
45426	-72.6887
45427	-73.1305
45428	-73.0649
45429	-72.776
45430	-72.6218
45431	-72.3647
45432	-71.2745
45433	-70.9952
45434	-70.213
45435	-69.5075
45436	-67.6152
45437	-66.401
45438	-68.3011
45439	-69.1725
45440	-71.0425
45441	-71.6224
45442	-71.7272
45443	-72.0297
45444	-72.6196
45445	-73.2539
45446	-73.0241
45447	-72.7312
45448	-72.5149
45449	-71.6037
45450	-70.1267
45451	-71.4396
45452	-70.6774
45453	-70.7767
45454	-70.0273
45455	-68.5787
45456	-68.6566
45457	-68.8927
45458	-67.9681
45459	-64.9682
45460	-60.5278
45461	-58.8868
45462	-60.04
45463	-63.1588
45464	-66.0112
45465	-69.4247
45466	-70.2746
45467	-71.2984
45468	-71.0721
45469	-70.3262
45470	-67.6641
45471	-66.3906
45472	-64.2756
45473	-66.5308
45474	-69.4562
45475	-69.005
45476	-68.4989
45477	-67.7542
45478	-67.5715
45479	-66.5289
45480	-64.8677
45481	-62.6279
45482	-54.7381
45483	-52.3052
45484	-57.9162
45485	-66.3439
45486	-68.9204
45487	-68.5111
45488	-69.2584
45489	-69.9949
45490	-70.518
45491	-71.03
45492	-69.7512
45493	-67.8627
45494	-69.6614
45495	-72.1119
45496	-73.6563
45497	-73.4179
45498	-73.7629
45499	-73.6912
45500	-73.2082
45501	-73.0797
45502	-72.8291
45503	-69.0122
45504	-63.6359
45505	-64.525
45506	-69.5029
45507	-70.8567
45508	-71.9696
45509	-70.9233
45510	-70.4171
45511	-70.4816
45512	-71.5532
45513	-71.9849
45514	-71.7825
45515	-71.5969
45516	-72.6394
45517	-72.2922
45518	-72.0789
45519	-71.4746
45520	-70.7436
45521	-69.3486
45522	-67.7823
45523	-67.3467
45524	-65.522
45525	-63.7328
45526	-61.6824
45527	-60.8733
45528	-60.2834
45529	-58.9935
45530	-54.7082
45531	-41.3047
45532	-28.095
45533	-25.3672
45534	-32.2218
45535	-49.907
45536	-60.8505
45537	-62.5709
45538	-63.5105
45539	-64.47
45540	-65.8944
45541	-67.6702
45542	-67.848
45543	-68.4337
45544	-69.9043
45545	-71.5326
45546	-71.6193
45547	-71.7525
45548	-72.4689
45549	-73.1211
45550	-72.7154
45551	-72.2882
45552	-72.718
45553	-72.8526
45554	-72.0633
45555	-71.6225
45556	-71.7013
45557	-72.31
45558	-72.5951
45559	-71.828
45560	-70.9774
45561	-69.6999
45562	-71.479
45563	-72.4433
45564	-72.8468
45565	-72.7939
45566	-72.9864
45567	-73.3326
45568	-73.1326
45569	-73.6399
45570	-72.342
45571	-70.8451
45572	-67.91
45573	-68.9943
45574	-70.0178
45575	-68.4841
45576	-68.1093
45577	-67.8521
45578	-67.1502
45579	-66.5724
45580	-65.139
45581	-63.3772
45582	-56.0903
45583	-53.7289
45584	-59.0394
45585	-66.4173
45586	-67.7905
45587	-68.574
45588	-69.6353
45589	-70.1085
45590	-70.248
45591	-69.5873
45592	-66.2128
45593	-62.1352
45594	-60.7838
45595	-63.765
45596	-67.9569
45597	-69.3014
45598	-69.3947
45599	-68.9202
45600	-67.7093
45601	-67.1038
45602	-65.0198
45603	-58.0908
45604	-51.2721
45605	-51.8919
45606	-60.8535
45607	-63.9042
45608	-65.4634
45609	-66.3462
45610	-66.8001
45611	-67.3434
45612	-67.4627
45613	-69.1597
45614	-68.2256
45615	-65.8793
45616	-68.9994
45617	-71.4781
45618	-73.3712
45619	-72.9582
45620	-72.7615
45621	-72.4334
45622	-72.2963
45623	-72.7245
45624	-73.3283
45625	-72.6637
45626	-71.6751
45627	-71.113
45628	-70.8703
45629	-71.6124
45630	-71.897
45631	-71.5695
45632	-70.9874
45633	-71.7674
45634	-72.3886
45635	-72.2593
45636	-71.6191
45637	-71.7331
45638	-72.0516
45639	-71.8385
45640	-71.4336
45641	-70.9071
45642	-70.2639
45643	-68.7407
45644	-66.5865
45645	-66.3955
45646	-66.3116
45647	-64.4551
45648	-63.1464
45649	-62.1685
45650	-60.8858
45651	-59.4888
45652	-51.4968
45653	-33.8811
45654	-24.7594
45655	-25.6117
45656	-36.543
45657	-50.7189
45658	-56.8302
45659	-58.5689
45660	-59.4038
45661	-59.8023
45662	-61.8883
45663	-63.9358
45664	-65.8454
45665	-66.6798
45666	-67.7937
45667	-69.9972
45668	-70.9625
45669	-71.7389
45670	-71.4933
45671	-71.7499
45672	-70.5027
45673	-70.5066
45674	-71.8209
45675	-71.8677
45676	-71.2508
45677	-71.1913
45678	-71.4362
45679	-72.2488
45680	-71.1174
45681	-70.3902
45682	-66.7788
45683	-64.5491
45684	-69.0516
45685	-73.1062
45686	-72.6846
45687	-73.1127
45688	-73.4588
45689	-73.7501
45690	-73.0898
45691	-73.5241
45692	-72.7009
45693	-68.7569
45694	-65.461
45695	-67.4787
45696	-69.8181
45697	-69.5922
45698	-69.3925
45699	-68.6632
45700	-67.5934
45701	-67.8751
45702	-65.0864
45703	-57.855
45704	-50.8633
45705	-51.3237
45706	-60.1281
45707	-63.3564
45708	-65.3633
45709	-66.6524
45710	-66.3943
45711	-67.059
45712	-67.9402
45713	-68.7271
45714	-65.2345
45715	-61.7466
45716	-64.5721
45717	-67.6635
45718	-69.9181
45719	-70.6857
45720	-70.8808
45721	-70.259
45722	-69.887
45723	-68.7404
45724	-66.5864
45725	-65.3636
45726	-64.4541
45727	-64.3038
45728	-65.474
45729	-67.4685
45730	-68.4746
45731	-68.6156
45732	-68.1075
45733	-69.1029
45734	-71.0342
45735	-72.515
45736	-72.4058
45737	-71.844
45738	-71.8198
45739	-72.838
45740	-72.7072
45741	-73.0365
45742	-73.704
45743	-73.0629
45744	-72.32
45745	-71.7847
45746	-71.8642
45747	-71.6122
45748	-70.074
45749	-69.0565
45750	-67.5956
45751	-67.9063
45752	-69.8289
45753	-70.7977
45754	-71.4425
45755	-71.7922
45756	-72.5194
45757	-73.0258
45758	-73.0575
45759	-73.6031
45760	-73.5943
45761	-73.4595
45762	-73.2413
45763	-73.2438
45764	-72.172
45765	-70.9139
45766	-70.9696
45767	-70.8573
45768	-71.4643
45769	-70.446
45770	-69.6649
45771	-67.569
45772	-62.7886
45773	-61.7167
45774	-59.7555
45775	-55.8568
45776	-53.5284
45777	-55.6852
45778	-57.6022
45779	-57.6084
45780	-60.0378
45781	-61.2767
45782	-60.2606
45783	-61.4135
45784	-66.7367
45785	-70.1075
45786	-71.5112
45787	-72.0984
45788	-70.9211
45789	-71.4339
45790	-71.8422
45791	-72.6461
45792	-73.0784
45793	-73.4052
45794	-72.7566
45795	-73.0958
45796	-72.8828
45797	-72.867
45798	-72.1276
45799	-71.121
45800	-71.1893
45801	-72.024
45802	-72.6695
45803	-69.5954
45804	-64.8343
45805	-65.3585
45806	-70.1956
45807	-71.5843
45808	-72.6539
45809	-73.0333
45810	-72.7679
45811	-72.9024
45812	-73.1472
45813	-73.5402
45814	-72.7785
45815	-71.2566
45816	-71.2673
45817	-71.5344
45818	-71.8542
45819	-71.8734
45820	-72.141
45821	-70.6885
45822	-70.3522
45823	-69.5503
45824	-68.9577
45825	-67.8338
45826	-66.7366
45827	-65.7671
45828	-64.3818
45829	-65.2049
45830	-67.2039
45831	-67.4367
45832	-67.7658
45833	-69.5419
45834	-69.929
45835	-69.7976
45836	-69.3616
45837	-67.4757
45838	-66.6627
45839	-66.2107
45840	-64.9137
45841	-68.0539
45842	-68.8752
45843	-68.542
45844	-66.2081
45845	-64.4702
45846	-63.9396
45847	-62.3805
45848	-59.7455
45849	-59.6758
45850	-57.2198
45851	-55.5485
45852	-59.2916
45853	-62.37
45854	-66.2139
45855	-68.4476
45856	-68.8647
45857	-69.9644
45858	-70.4998
45859	-69.2589
45860	-68.7447
45861	-67.4878
45862	-69.7677
45863	-71.9559
45864	-73.1039
45865	-73.1478
45866	-73.2613
45867	-73.7951
45868	-73.4061
45869	-73.3187
45870	-72.3592
45871	-69.6252
45872	-63.9997
45873	-65.1985
45874	-69.6549
45875	-71.9141
45876	-71.847
45877	-71.5323
45878	-71.5363
45879	-72.0596
45880	-72.1046
45881	-71.9947
45882	-70.4995
45883	-70.6068
45884	-71.1175
45885	-70.7493
45886	-70.7524
45887	-70.2836
45888	-68.9383
45889	-67.7054
45890	-67.2332
45891	-65.9983
45892	-64.7795
45893	-61.884
45894	-57.4768
45895	-55.5786
45896	-54.4946
45897	-51.7726
45898	-47.1545
45899	-46.5819
45900	-41.1147
45901	-39.0761
45902	-44.3277
45903	-51.927
45904	-56.441
45905	-60.3414
45906	-63.7938
45907	-64.8585
45908	-66.4662
45909	-67.666
45910	-68.0756
45911	-68.0327
45912	-69.2093
45913	-69.9227
45914	-70.8367
45915	-71.5193
45916	-71.601
45917	-71.9266
45918	-72.5113
45919	-72.502
45920	-73.115
45921	-72.2532
45922	-72.2575
45923	-71.8805
45924	-71.6669
45925	-71.2254
45926	-70.4109
45927	-70.065
45928	-71.1764
45929	-73.3534
45930	-73.1672
45931	-73.3427
45932	-72.8686
45933	-72.3678
45934	-72.4495
45935	-72.467
45936	-72.3571
45937	-71.3538
45938	-69.772
45939	-68.9708
45940	-68.6006
45941	-70.2663
45942	-69.1574
45943	-68.1184
45944	-66.4196
45945	-64.2478
45946	-63.6812
45947	-62.305
45948	-60.1518
45949	-60.3234
45950	-57.5799
45951	-55.9249
45952	-59.7549
45953	-62.6849
45954	-67.0293
45955	-67.7931
45956	-68.5129
45957	-68.9436
45958	-69.0763
45959	-66.505
45960	-65.5774
45961	-63.4465
45962	-61.8839
45963	-66.8115
45964	-69.1696
45965	-69.7223
45966	-69.1322
45967	-68.9562
45968	-68.6401
45969	-68.0834
45970	-66.4456
45971	-60.5803
45972	-52.4063
45973	-53.4724
45974	-60.8952
45975	-66.9252
45976	-68.0154
45977	-69.1493
45978	-69.6026
45979	-69.8726
45980	-70.0668
45981	-70.1045
45982	-67.3124
45983	-66.1539
45984	-70.6737
45985	-73.0655
45986	-73.7674
45987	-73.6776
45988	-73.0314
45989	-72.9294
45990	-73.0233
45991	-73.4269
45992	-72.8451
45993	-70.8976
45994	-68.5987
45995	-70.7838
45996	-72.1002
45997	-73.3101
45998	-72.9243
45999	-71.7842
46000	-71.4887
46001	-72.7604
46002	-72.6763
46003	-72.327
46004	-71.4487
46005	-71.471
46006	-72.3487
46007	-72.105
46008	-72.0778
46009	-71.9711
46010	-70.4815
46011	-69.6912
46012	-68.9148
46013	-67.4891
46014	-65.5392
46015	-63.4781
46016	-61.5426
46017	-61.6604
46018	-61.9316
46019	-60.1667
46020	-51.7548
46021	-33.3129
46022	-24.5415
46023	-25.5534
46024	-37.0232
46025	-53.8916
46026	-60.5678
46027	-62.095
46028	-63.3969
46029	-64.6105
46030	-65.2832
46031	-66.4129
46032	-66.7137
46033	-67.1694
46034	-68.8687
46035	-71.3019
46036	-72.0341
46037	-72.0299
46038	-72.4078
46039	-72.7937
46040	-71.8824
46041	-72.5068
46042	-72.0702
46043	-71.4112
46044	-69.9571
46045	-70.1388
46046	-70.7772
46047	-70.6376
46048	-68.6926
46049	-68.3735
46050	-67.4234
46051	-67.2357
46052	-69.5234
46053	-71.5536
46054	-72.8643
46055	-72.9113
46056	-72.8976
46057	-73.2538
46058	-73.4493
46059	-73.4645
46060	-72.7113
46061	-69.2531
46062	-67.3625
46063	-69.876
46064	-70.3732
46065	-69.7422
46066	-68.3064
46067	-67.8948
46068	-68.3295
46069	-68.029
46070	-66.7866
46071	-60.4486
46072	-51.4395
46073	-52.3763
46074	-59.8725
46075	-66.6432
46076	-68.0263
46077	-68.4217
46078	-69.9272
46079	-70.0183
46080	-70.0399
46081	-68.578
46082	-64.7428
46083	-62.8914
46084	-65.2996
46085	-68.5485
46086	-69.7758
46087	-70.7581
46088	-71.27
46089	-70.0065
46090	-68.8521
46091	-68.338
46092	-64.751
46093	-58.9054
46094	-54.4724
46095	-59.5214
46096	-67.5148
46097	-69.4834
46098	-69.8007
46099	-69.5127
46100	-69.4909
46101	-70.5007
46102	-71.3575
46103	-71.4653
46104	-70.6527
46105	-70.4629
46106	-72.0792
46107	-73.2044
46108	-73.8451
46109	-73.9821
46110	-73.314
46111	-73.5192
46112	-73.196
46113	-71.6316
46114	-70.0139
46115	-68.2231
46116	-66.7936
46117	-68.302
46118	-68.3347
46119	-70.3227
46120	-70.9074
46121	-70.554
46122	-69.7838
46123	-70.6887
46124	-72.1767
46125	-73.3045
46126	-72.8125
46127	-73.3934
46128	-73.6452
46129	-72.943
46130	-72.5867
46131	-72.5744
46132	-70.9248
46133	-69.414
46134	-68.4567
46135	-68.31
46136	-67.8538
46137	-67.5511
46138	-65.5427
46139	-64.1806
46140	-63.0781
46141	-61.0051
46142	-50.5251
46143	-34.911
46144	-29.9998
46145	-34.7105
46146	-49.6158
46147	-62.1146
46148	-64.7583
46149	-64.3742
46150	-63.8249
46151	-64.2293
46152	-66.9156
46153	-69.2647
46154	-70.5737
46155	-71.3308
46156	-71.4043
46157	-71.9992
46158	-72.8065
46159	-73.1711
46160	-73.2665
46161	-72.7299
46162	-72.2124
46163	-73.1466
46164	-72.5458
46165	-72.6098
46166	-70.9625
46167	-71.3151
46168	-71.4658
46169	-73.5806
46170	-73.203
46171	-70.7371
46172	-66.069
46173	-66.7122
46174	-71.6253
46175	-73.2108
46176	-72.9779
46177	-72.9498
46178	-73.2882
46179	-74.0246
46180	-73.877
46181	-73.2112
46182	-72.4388
46183	-69.9915
46184	-68.2373
46185	-70.9489
46186	-70.9759
46187	-70.8005
46188	-70.0152
46189	-70.0263
46190	-68.8913
46191	-68.7664
46192	-66.0851
46193	-60.4358
46194	-56.718
46195	-60.8573
46196	-66.7601
46197	-68.4617
46198	-69.5791
46199	-70.073
46200	-70.2074
46201	-70.4814
46202	-70.1483
46203	-68.6036
46204	-65.481
46205	-62.8905
46206	-64.0934
46207	-65.8877
46208	-67.7174
46209	-69.673
46210	-68.5969
46211	-67.811
46212	-67.0365
46213	-63.4893
46214	-59.893
46215	-56.0599
46216	-55.4971
46217	-59.114
46218	-59.3677
46219	-61.0564
46220	-62.856
46221	-63.6162
46222	-65.153
46223	-67.3637
46224	-68.3149
46225	-69.7972
46226	-68.893
46227	-67.6871
46228	-69.0547
46229	-70.1304
46230	-71.6207
46231	-72.1153
46232	-72.3843
46233	-72.3829
46234	-72.7458
46235	-73.3563
46236	-73.7161
46237	-73.0304
46238	-71.8144
46239	-69.0492
46240	-68.2138
46241	-69.4089
46242	-70.53
46243	-71.2221
46244	-72.1399
46245	-71.5456
46246	-72.5713
46247	-72.519
46248	-71.6183
46249	-72.1389
46250	-70.9978
46251	-71.2065
46252	-71.0271
46253	-69.7951
46254	-68.7215
46255	-67.986
46256	-67.2406
46257	-67.319
46258	-66.421
46259	-64.5666
46260	-63.6489
46261	-61.5568
46262	-57.4719
46263	-53.1444
46264	-47.7185
46265	-39.8699
46266	-39.3947
46267	-43.2649
46268	-46.1065
46269	-48.6622
46270	-53.2038
46271	-54.9369
46272	-55.6679
46273	-59.435
46274	-63.546
46275	-65.3618
46276	-66.634
46277	-67.3955
46278	-68.2741
46279	-69.7166
46280	-70.4788
46281	-69.9641
46282	-70.4352
46283	-70.7365
46284	-70.5958
46285	-71.3116
46286	-72.2474
46287	-72.4328
46288	-72.0267
46289	-72.6542
46290	-71.7243
46291	-72.4548
46292	-71.2801
46293	-68.7364
46294	-65.855
46295	-69.0257
46296	-71.9358
46297	-73.3564
46298	-73.7844
46299	-73.8145
46300	-72.8532
46301	-73.3823
46302	-73.5546
46303	-72.6283
46304	-70.5314
46305	-67.3353
46306	-67.5129
46307	-68.439
46308	-69.4415
46309	-70.1905
46310	-69.3368
46311	-68.6574
46312	-66.9992
46313	-63.2198
46314	-60.0493
46315	-56.1724
46316	-55.2846
46317	-58.6949
46318	-58.8708
46319	-61.3167
46320	-63.0253
46321	-64.0764
46322	-64.9691
46323	-67.7752
46324	-67.9197
46325	-68.1699
46326	-64.8347
46327	-64.3165
46328	-66.5237
46329	-65.6865
46330	-67.7596
46331	-69.0244
46332	-69.3129
46333	-70.1607
46334	-70.0667
46335	-69.4212
46336	-69.5416
46337	-68.7809
46338	-66.6899
46339	-62.8818
46340	-60.5317
46341	-61.888
46342	-63.822
46343	-66.2738
46344	-69.2146
46345	-70.7432
46346	-71.1839
46347	-72.0468
46348	-71.501
46349	-71.3897
46350	-70.301
46351	-69.9466
46352	-71.293
46353	-73.4764
46354	-73.6037
46355	-73.1848
46356	-72.3815
46357	-72.7642
46358	-73.077
46359	-72.7792
46360	-71.5347
46361	-69.3868
46362	-66.2755
46363	-68.9612
46364	-72.5055
46365	-73.0046
46366	-71.8916
46367	-71.7081
46368	-72.2353
46369	-72.9077
46370	-72.893
46371	-72.5384
46372	-72.9011
46373	-72.8694
46374	-72.4045
46375	-72.1757
46376	-72.1487
46377	-71.602
46378	-71.0903
46379	-71.4106
46380	-70.8053
46381	-70.25
46382	-68.4393
46383	-63.293
46384	-61.4985
46385	-63.4626
46386	-63.6961
46387	-60.9823
46388	-55.4076
46389	-48.0607
46390	-43.8922
46391	-45.3465
46392	-51.8827
46393	-57.0469
46394	-60.9288
46395	-64.7107
46396	-67.2817
46397	-68.0916
46398	-69.4751
46399	-69.6972
46400	-69.0648
46401	-69.3969
46402	-70.5511
46403	-72.5566
46404	-72.921
46405	-72.8733
46406	-72.9731
46407	-73.2175
46408	-72.7119
46409	-72.6817
46410	-72.4979
46411	-71.4613
46412	-71.0135
46413	-70.4414
46414	-69.6469
46415	-68.3515
46416	-66.4029
46417	-68.184
46418	-68.984
46419	-70.6762
46420	-71.4918
46421	-71.7488
46422	-72.0427
46423	-72.5457
46424	-73.4019
46425	-73.0437
46426	-72.7296
46427	-72.6618
46428	-72.0642
46429	-70.4375
46430	-71.4724
46431	-70.9989
46432	-71.1077
46433	-70.423
46434	-69.2485
46435	-68.9047
46436	-69.1396
46437	-68.7412
46438	-66.1474
46439	-61.5737
46440	-59.4439
46441	-60.0514
46442	-62.8152
46443	-65.5849
46444	-69.1324
46445	-70.3902
46446	-71.3241
46447	-71.1315
46448	-70.8347
46449	-68.1084
46450	-66.6969
46451	-64.19
46452	-65.2346
46453	-69.0014
46454	-69.1031
46455	-68.5435
46456	-67.7733
46457	-67.487
46458	-66.7216
46459	-65.08
46460	-63.1289
46461	-56.2052
46462	-51.5957
46463	-55.7305
46464	-64.7484
46465	-68.695
46466	-68.5077
46467	-68.9698
46468	-69.4603
46469	-70.5727
46470	-70.8195
46471	-69.7727
46472	-67.7492
46473	-68.6848
46474	-71.8973
46475	-73.347
46476	-73.4379
46477	-73.4881
46478	-73.7681
46479	-73.5234
46480	-72.9433
46481	-72.9936
46482	-70.261
46483	-64.4592
46484	-63.6797
46485	-68.9031
46486	-70.7701
46487	-71.8025
46488	-71.1392
46489	-70.5803
46490	-70.3476
46491	-71.3926
46492	-71.9373
46493	-71.795
46494	-71.1541
46495	-72.1863
46496	-72.3307
46497	-72.1503
46498	-71.6271
46499	-70.8474
46500	-69.8975
46501	-67.6721
46502	-67.6482
46503	-65.6966
46504	-63.7875
46505	-61.9904
46506	-60.5934
46507	-60.3007
46508	-59.0719
46509	-55.9911
46510	-44.8517
46511	-29.5426
46512	-24.8986
46513	-29.737
46514	-45.1862
46515	-59.4722
46516	-62.0334
46517	-63.0687
46518	-64.1141
46519	-65.299
46520	-67.0633
46521	-67.8856
46522	-67.894
46523	-69.2651
46524	-71.1205
46525	-71.3135
46526	-71.7824
46527	-72.1749
46528	-72.8156
46529	-72.7588
46530	-72.0528
46531	-72.575
46532	-72.8828
46533	-72.2882
46534	-71.5705
46535	-71.6626
46536	-72.0563
46537	-72.6339
46538	-71.8361
46539	-71.2142
46540	-69.7857
46541	-71.2217
46542	-72.1953
46543	-72.9361
46544	-72.5747
46545	-72.9316
46546	-73.2209
46547	-73.0546
46548	-73.8035
46549	-72.5209
46550	-71.1839
46551	-67.9925
46552	-68.2814
46553	-69.9226
46554	-68.8333
46555	-67.8821
46556	-67.921
46557	-67.1015
46558	-66.6748
46559	-65.2716
46560	-63.6896
46561	-57.2835
46562	-52.9152
46563	-56.8353
46564	-65.0967
46565	-67.5662
46566	-68.353
46567	-69.322
46568	-69.9598
46569	-70.134
46570	-69.7544
46571	-66.7224
46572	-62.4178
46573	-61.3574
46574	-62.7132
46575	-67.2609
46576	-69.2562
46577	-69.5233
46578	-69.2139
46579	-68.0726
46580	-67.2795
46581	-65.9319
46582	-60.0775
46583	-52.175
46584	-51.2022
46585	-59.2423
46586	-63.6373
46587	-65.0305
46588	-66.2859
46589	-66.5988
46590	-67.4822
46591	-67.3739
46592	-69.1335
46593	-68.6554
46594	-66.0816
46595	-68.2064
46596	-71.3721
46597	-73.0839
46598	-73.2627
46599	-72.7282
46600	-72.5366
46601	-72.3376
46602	-72.5277
46603	-73.3402
46604	-72.7261
46605	-71.9883
46606	-71.0407
46607	-71.0751
46608	-71.4416
46609	-72.0357
46610	-71.7591
46611	-71.2309
46612	-71.5851
46613	-72.4517
46614	-72.3358
46615	-71.9204
46616	-71.6466
46617	-72.3983
46618	-71.9464
46619	-71.5896
46620	-71.2268
46621	-70.4978
46622	-69.2955
46623	-66.9315
46624	-66.5034
46625	-66.6624
46626	-64.9338
46627	-63.4576
46628	-62.4332
46629	-61.1385
46630	-60.211
46631	-53.4527
46632	-36.9477
46633	-25.7379
46634	-24.706
46635	-33.4982
46636	-49.4086
46637	-56.5446
46638	-58.3742
46639	-59.5552
46640	-59.5365
46641	-61.5665
46642	-63.6132
46643	-65.6927
46644	-66.8672
46645	-67.3644
46646	-69.6395
46647	-70.7811
46648	-71.5846
46649	-71.5856
46650	-71.8828
46651	-70.7835
46652	-70.5283
46653	-71.5147
46654	-72.0144
46655	-71.2432
46656	-71.1222
46657	-71.2588
46658	-72.1118
46659	-71.3019
46660	-70.5449
46661	-67.6575
46662	-64.1133
46663	-67.8388
46664	-72.8164
46665	-72.7133
46666	-72.9746
46667	-73.6478
46668	-74.0881
46669	-73.1097
46670	-73.4535
46671	-73.1388
46672	-69.8756
46673	-65.8644
46674	-66.9719
46675	-69.5779
46676	-69.8574
46677	-69.8344
46678	-68.7261
46679	-67.8208
46680	-68.0553
46681	-66.4214
46682	-59.6803
46683	-51.6665
46684	-50.5517
46685	-58.7013
46686	-63.1289
46687	-65.0621
46688	-66.6861
46689	-66.3825
46690	-67.1012
46691	-67.8804
46692	-68.8516
46693	-66.7396
46694	-62.1922
46695	-63.7447
46696	-67.4045
46697	-69.3873
46698	-70.4555
46699	-70.9847
46700	-70.4392
46701	-70.1587
46702	-68.9777
46703	-66.5476
46704	-65.0556
46705	-64.0781
46706	-63.5252
46707	-65.4657
46708	-67.4527
46709	-68.6224
46710	-68.9131
46711	-68.4381
46712	-69.1102
46713	-70.7844
46714	-72.2931
46715	-72.2913
46716	-71.8712
46717	-71.7633
46718	-72.6768
46719	-72.8171
46720	-73.0764
46721	-73.6098
46722	-73.1934
46723	-72.2889
46724	-71.9746
46725	-71.9379
46726	-71.5832
46727	-70.3323
46728	-68.9865
46729	-67.8196
46730	-67.3781
46731	-69.4724
46732	-70.6546
46733	-71.3157
46734	-71.5063
46735	-72.4167
46736	-72.9311
46737	-73.1309
46738	-73.3533
46739	-73.4786
46740	-73.2866
46741	-73.3604
46742	-73.4485
46743	-72.6341
46744	-70.7637
46745	-70.8101
46746	-70.7785
46747	-71.28
46748	-70.8026
46749	-69.7753
46750	-67.9465
46751	-63.4938
46752	-61.2573
46753	-59.6186
46754	-55.4606
46755	-51.8676
46756	-53.0494
46757	-57.6464
46758	-57.632
46759	-60.1722
46760	-61.9744
46761	-60.7661
46762	-61.045
46763	-65.4754
46764	-69.9837
46765	-71.3626
46766	-72.2674
46767	-71.1912
46768	-71.1744
46769	-71.782
46770	-72.5719
46771	-72.9174
46772	-73.5758
46773	-72.8426
46774	-73.1979
46775	-72.9183
46776	-72.7309
46777	-72.5812
46778	-71.1723
46779	-71.1912
46780	-71.856
46781	-72.9712
46782	-70.8254
46783	-65.4552
46784	-64.7764
46785	-69.4104
46786	-71.4829
46787	-72.3572
46788	-72.9148
46789	-72.7093
46790	-72.749
46791	-73.1286
46792	-73.5545
46793	-73.1093
46794	-71.3938
46795	-70.9735
46796	-71.4161
46797	-71.8329
46798	-71.9011
46799	-72.0448
46800	-70.8254
46801	-70.3749
46802	-69.4554
46803	-68.5081
46804	-67.1917
46805	-66.1055
46806	-65.5389
46807	-65.0128
46808	-65.1357
46809	-67.2689
46810	-67.946
46811	-67.8237
46812	-69.3377
46813	-69.838
46814	-69.8706
46815	-69.4172
46816	-67.9547
46817	-66.419
46818	-66.3954
46819	-64.6592
46820	-66.9877
46821	-69.0162
46822	-68.365
46823	-66.7518
46824	-64.6247
46825	-63.9965
46826	-62.6254
46827	-60.1239
46828	-59.1735
46829	-57.7795
46830	-55.2681
46831	-58.2453
46832	-61.5991
46833	-65.3823
46834	-68.0008
46835	-68.7587
46836	-69.7686
46837	-70.4621
46838	-69.2319
46839	-68.8893
46840	-67.485
46841	-69.164
46842	-71.3147
46843	-72.9058
46844	-73.275
46845	-73.4981
46846	-73.5749
46847	-73.6667
46848	-73.5271
46849	-72.644
46850	-70.4234
46851	-65.0098
46852	-64.4029
46853	-69.0471
46854	-71.5682
46855	-71.9962
46856	-71.5971
46857	-71.8923
46858	-71.7647
46859	-72.1492
46860	-72.1842
46861	-70.607
46862	-70.3784
46863	-71.0331
46864	-70.6812
46865	-70.6335
46866	-70.31
46867	-69.0821
46868	-67.9707
46869	-67.2749
46870	-66.3026
46871	-64.9578
46872	-62.5764
46873	-58.0972
46874	-55.7828
46875	-54.8122
46876	-52.736
46877	-47.5391
46878	-46.6038
46879	-41.6868
46880	-38.8748
46881	-42.4607
46882	-50.6012
46883	-55.5651
46884	-59.3677
46885	-63.1231
46886	-64.3157
46887	-65.9063
46888	-67.3847
46889	-68.0867
46890	-67.7142
46891	-68.8307
46892	-69.8035
46893	-70.4436
46894	-71.1347
46895	-71.5782
46896	-71.666
46897	-72.443
46898	-72.0721
46899	-73.1959
46900	-72.2829
46901	-72.086
46902	-72.0074
46903	-71.5516
46904	-71.1837
46905	-70.5822
46906	-69.7677
46907	-70.6261
46908	-73.081
46909	-73.3077
46910	-73.4132
46911	-72.9677
46912	-72.5956
46913	-72.3949
46914	-72.4934
46915	-72.2185
46916	-71.5585
46917	-69.8009
46918	-69.1699
46919	-68.265
46920	-69.8686
46921	-69.4122
46922	-68.1558
46923	-66.6954
46924	-64.5507
46925	-63.8484
46926	-62.5685
46927	-60.3688
46928	-59.7328
46929	-58.6022
46930	-55.5757
46931	-58.6554
46932	-61.8999
46933	-66.1375
46934	-67.7603
46935	-68.2608
46936	-68.8138
46937	-69.0338
46938	-66.7644
46939	-65.833
46940	-63.695
46941	-61.8703
46942	-65.9162
46943	-68.9442
46944	-69.8465
46945	-69.602
46946	-69.2333
46947	-69.0879
46948	-68.3307
46949	-66.9805
46950	-63.3593
46951	-53.7641
46952	-52.9397
46953	-59.6703
46954	-66.1022
46955	-68.1265
46956	-68.8556
46957	-69.4591
46958	-69.9214
46959	-70.1753
46960	-70.4539
46961	-68.2555
46962	-66.1108
46963	-69.8781
46964	-72.8953
46965	-73.7804
46966	-73.8347
46967	-73.2924
46968	-72.9582
46969	-72.8639
46970	-73.3926
46971	-73.0539
46972	-71.1687
46973	-68.3207
46974	-70.1214
46975	-71.756
46976	-73.2734
46977	-72.869
46978	-71.7864
46979	-71.5354
46980	-72.5436
46981	-72.7995
46982	-72.3496
46983	-71.8248
46984	-71.5422
46985	-72.3468
46986	-72.1894
46987	-72.2733
46988	-72.0655
46989	-70.8317
46990	-70.0101
46991	-69.3775
46992	-68.108
46993	-66.2825
46994	-64.1136
46995	-62.0227
46996	-61.9344
46997	-62.0669
46998	-61.2169
46999	-54.5293
47000	-37.1486
47001	-26.0631
47002	-25.2047
47003	-34.2724
47004	-51.9464
47005	-60.5303
47006	-61.8642
47007	-63.3826
47008	-64.635
47009	-65.4303
47010	-66.521
47011	-66.9783
47012	-66.9573
47013	-68.6235
47014	-70.9716
47015	-72.0386
47016	-71.9163
47017	-72.4322
47018	-73.2108
47019	-72.1167
47020	-72.3294
47021	-72.3028
47022	-71.5314
47023	-70.1218
47024	-69.837
47025	-70.6349
47026	-70.7928
47027	-69.1981
47028	-68.2938
47029	-67.7873
47030	-66.8571
47031	-68.9637
47032	-71.1607
47033	-72.5188
47034	-72.9061
47035	-73.0615
47036	-73.314
47037	-73.4788
47038	-73.7125
47039	-72.7027
47040	-70.396
47041	-67.493
47042	-69.4195
47043	-70.6959
47044	-69.7882
47045	-68.653
47046	-68.1585
47047	-68.4337
47048	-68.5828
47049	-67.4936
47050	-63.5031
47051	-52.7618
47052	-51.748
47053	-58.743
47054	-65.9331
47055	-68.1037
47056	-68.3972
47057	-69.7307
47058	-70.3483
47059	-70.3164
47060	-69.0315
47061	-66.117
47062	-63.0406
47063	-64.7116
47064	-68.1901
47065	-69.4803
47066	-70.6035
47067	-71.5592
47068	-70.1265
47069	-69.0328
47070	-68.2977
47071	-65.7894
47072	-59.5267
47073	-53.9985
47074	-57.0561
47075	-66.3847
47076	-69.1002
47077	-69.5845
47078	-69.59
47079	-69.3169
47080	-70.1025
47081	-71.1838
47082	-71.641
47083	-70.6068
47084	-69.9551
47085	-71.8383
47086	-72.8437
47087	-73.9498
47088	-73.8341
47089	-73.3038
47090	-73.2447
47091	-73.2298
47092	-71.9518
47093	-70.477
47094	-68.5986
47095	-66.823
47096	-67.9844
47097	-68.3596
47098	-69.9209
47099	-70.9302
47100	-70.4599
47101	-69.8197
47102	-70.312
47103	-72.0814
47104	-72.9638
47105	-72.7151
47106	-73.3215
47107	-73.6967
47108	-72.9453
47109	-72.4315
47110	-72.5826
47111	-71.3386
47112	-69.4168
47113	-68.3038
47114	-68.1499
47115	-67.6753
47116	-67.3902
47117	-65.6361
47118	-64.1725
47119	-62.7612
47120	-61.6672
47121	-52.6621
47122	-36.1675
47123	-29.2078
47124	-31.9674
47125	-45.238
47126	-59.9924
47127	-64.2541
47128	-64.3542
47129	-63.7145
47130	-63.9008
47131	-66.2201
47132	-68.5276
47133	-70.0235
47134	-71.1341
47135	-71.4259
47136	-71.6249
47137	-72.6705
47138	-72.9387
47139	-72.8292
47140	-72.9818
47141	-71.9391
47142	-72.8132
47143	-72.6042
47144	-72.458
47145	-71.3375
47146	-71.26
47147	-71.3515
47148	-73.1117
47149	-73.5273
47150	-71.4584
47151	-67.1867
47152	-66.4341
47153	-70.8571
47154	-73.1781
47155	-73.2488
47156	-72.7838
47157	-73.0732
47158	-73.9653
47159	-73.8006
47160	-73.512
47161	-72.4476
47162	-70.4835
47163	-67.8753
47164	-69.9881
47165	-71.0166
47166	-70.7866
47167	-70.2574
47168	-69.9722
47169	-69.0498
47170	-68.7397
47171	-66.5845
47172	-61.0574
47173	-56.0631
47174	-58.5613
47175	-66.2996
47176	-68.1391
47177	-69.1379
47178	-69.9602
47179	-70.0813
47180	-70.6244
47181	-70.2525
47182	-68.9223
47183	-66.1021
47184	-62.9003
47185	-63.6553
47186	-65.6738
47187	-66.9061
47188	-69.3217
47189	-68.8339
47190	-67.8945
47191	-67.3017
47192	-64.4724
47193	-60.4937
47194	-57.0203
47195	-55.1062
47196	-58.4495
47197	-59.2732
47198	-60.4411
47199	-62.6444
47200	-63.48
47201	-64.624
47202	-67.2095
47203	-68.2578
47204	-69.371
47205	-69.3496
47206	-67.6236
47207	-69.0375
47208	-69.6673
47209	-71.603
47210	-72.1449
47211	-72.5118
47212	-72.3864
47213	-72.6961
47214	-73.3108
47215	-73.8315
47216	-73.2415
47217	-72.3497
47218	-69.5456
47219	-68.4757
47220	-69.4704
47221	-70.3533
47222	-71.1719
47223	-72.3474
47224	-71.6742
47225	-72.2107
47226	-72.6252
47227	-71.6293
47228	-72.1067
47229	-71.2421
47230	-71.0733
47231	-71.0552
47232	-69.9903
47233	-69.0055
47234	-68.0997
47235	-67.514
47236	-67.5407
47237	-66.6981
47238	-64.8477
47239	-63.7596
47240	-62.2647
47241	-58.3413
47242	-54.138
47243	-48.9698
47244	-40.8851
47245	-38.9454
47246	-42.1511
47247	-46.0714
47248	-47.6785
47249	-52.9075
47250	-54.7859
47251	-55.5429
47252	-58.3996
47253	-62.8714
47254	-65.1494
47255	-66.3419
47256	-67.3137
47257	-67.9988
47258	-69.3646
47259	-70.4224
47260	-70.0556
47261	-70.4753
47262	-70.7397
47263	-70.3682
47264	-70.8911
47265	-72.1648
47266	-72.3385
47267	-72.0273
47268	-72.4412
47269	-71.7422
47270	-72.4524
47271	-71.5458
47272	-69.2013
47273	-65.6461
47274	-67.5666
47275	-71.6524
47276	-73.1296
47277	-73.7098
47278	-73.9787
47279	-73.3266
47280	-73.2894
47281	-73.4182
47282	-72.8448
47283	-70.8262
47284	-68.0006
47285	-67.2005
47286	-68.52
47287	-69.1013
47288	-70.3358
47289	-69.4757
47290	-68.6628
47291	-67.637
47292	-63.9799
47293	-60.6075
47294	-56.9443
47295	-55.0314
47296	-57.796
47297	-58.8391
47298	-60.738
47299	-62.6942
47300	-63.9686
47301	-64.7227
47302	-67.4482
47303	-67.8769
47304	-68.3231
47305	-65.5528
47306	-64.0623
47307	-66.331
47308	-65.7756
47309	-67.3981
47310	-69.125
47311	-69.3178
47312	-70.0088
47313	-70.2007
47314	-69.5108
47315	-69.6397
47316	-69.1248
47317	-67.1735
47318	-64.2113
47319	-61.128
47320	-62.0602
47321	-63.71
47322	-66.1402
47323	-68.7436
47324	-70.4657
47325	-70.9929
47326	-71.9677
47327	-71.6199
47328	-71.6626
47329	-70.4111
47330	-69.9429
47331	-71.0383
47332	-73.4329
47333	-73.5687
47334	-73.4633
47335	-72.6307
47336	-72.8617
47337	-72.9723
47338	-72.6934
47339	-71.6388
47340	-69.808
47341	-66.0066
47342	-67.7784
47343	-72.3188
47344	-73.2579
47345	-71.98
47346	-71.7719
47347	-71.8629
47348	-72.9906
47349	-73.0175
47350	-72.6499
47351	-72.8958
47352	-72.7341
47353	-72.7612
47354	-72.2724
47355	-72.2354
47356	-71.5581
47357	-71.169
47358	-71.3185
47359	-71.2951
47360	-70.42
47361	-69.1935
47362	-64.6543
47363	-61.6724
47364	-63.626
47365	-64.6045
47366	-62.5665
47367	-57.4897
47368	-50.447
47369	-45.1639
47370	-45.3772
47371	-51.253
47372	-56.5659
47373	-60.4973
47374	-63.9995
47375	-67.0715
47376	-68.4345
47377	-69.451
47378	-70.0913
47379	-69.4172
47380	-69.5584
47381	-70.3322
47382	-72.1109
47383	-73.077
47384	-72.7698
47385	-72.9348
47386	-73.3333
47387	-72.9432
47388	-72.8334
47389	-72.6656
47390	-71.7097
47391	-70.9777
47392	-70.5071
47393	-69.7849
47394	-68.953
47395	-66.5964
47396	-67.8909
47397	-68.7837
47398	-70.3424
47399	-71.5188
47400	-71.8816
47401	-72.0736
47402	-72.4945
47403	-73.676
47404	-73.3202
47405	-72.8844
47406	-73.0224
47407	-72.3913
47408	-70.8508
47409	-71.3179
47410	-71.3909
47411	-71.3364
47412	-70.8067
47413	-69.76
47414	-69.3169
47415	-69.3489
47416	-69.1951
47417	-67.364
47418	-62.8037
47419	-60.0568
47420	-60.2714
47421	-62.7212
47422	-65.3733
47423	-68.8632
47424	-70.1974
47425	-71.2039
47426	-71.0178
47427	-70.8639
47428	-68.7465
47429	-67.1301
47430	-64.3946
47431	-64.1492
47432	-68.5081
47433	-69.1069
47434	-68.6672
47435	-67.6903
47436	-67.1768
47437	-66.9022
47438	-65.2914
47439	-63.5015
47440	-57.8998
47441	-51.3671
47442	-53.9646
47443	-62.8498
47444	-68.2676
47445	-68.663
47446	-68.5639
47447	-69.2337
47448	-70.657
47449	-70.6728
47450	-70.0042
47451	-67.7775
47452	-67.7708
47453	-71.3657
47454	-73.1431
47455	-73.6307
47456	-73.3
47457	-73.9447
47458	-73.6792
47459	-72.8856
47460	-73.0981
47461	-71.362
47462	-65.5905
47463	-63.2113
47464	-68.127
47465	-70.4401
47466	-71.5305
47467	-71.477
47468	-70.7473
47469	-70.3484
47470	-71.1255
47471	-71.9624
47472	-71.7362
47473	-70.9546
47474	-71.7437
47475	-72.5476
47476	-72.1159
47477	-71.9114
47478	-71.0384
47479	-70.055
47480	-67.7483
47481	-67.4098
47482	-65.8888
47483	-64.0469
47484	-62.254
47485	-60.4227
47486	-60.2034
47487	-59.0415
47488	-56.9614
47489	-48.3917
47490	-31.4744
47491	-24.8393
47492	-27.7437
47493	-41.0947
47494	-57.2055
47495	-61.6206
47496	-62.6409
47497	-63.6882
47498	-64.7398
47499	-66.7066
47500	-67.7136
47501	-67.4653
47502	-68.7085
47503	-70.5764
47504	-71.2141
47505	-71.5544
47506	-72.099
47507	-72.6367
47508	-72.9775
47509	-72.0173
47510	-72.3528
47511	-72.9754
47512	-72.4774
47513	-71.6236
47514	-71.7955
47515	-71.9526
47516	-72.4601
47517	-71.8689
47518	-71.3114
47519	-70.2161
47520	-71.21
47521	-72.0615
47522	-73.0427
47523	-72.4437
47524	-72.9179
47525	-72.8801
47526	-73.0456
47527	-73.8772
47528	-72.7573
47529	-71.6564
47530	-68.305
47531	-67.5728
47532	-69.4945
47533	-69.2402
47534	-67.7975
47535	-67.9065
47536	-67.0958
47537	-66.8843
47538	-65.3731
47539	-63.9136
47540	-58.8226
47541	-52.5564
47542	-54.9747
47543	-63.4492
47544	-67.1777
47545	-68.0961
47546	-69.0228
47547	-69.8973
47548	-69.9832
47549	-69.9187
47550	-67.2344
47551	-62.9081
47552	-62.1882
47553	-61.9253
47554	-66.5109
47555	-69.5053
47556	-69.616
47557	-69.3866
47558	-68.3495
47559	-67.5005
47560	-66.4942
47561	-61.8588
47562	-53.4719
47563	-50.9341
47564	-57.3971
47565	-63.2935
47566	-64.817
47567	-66.1919
47568	-66.493
47569	-67.6706
47570	-67.3124
47571	-68.7655
47572	-69.0938
47573	-66.5841
47574	-67.4371
47575	-71.1396
47576	-72.6267
47577	-73.4356
47578	-72.6126
47579	-72.7575
47580	-72.562
47581	-72.4502
47582	-73.2028
47583	-72.7218
47584	-71.948
47585	-71.0438
47586	-71.2318
47587	-71.3515
47588	-72.217
47589	-71.878
47590	-71.5033
47591	-71.4357
47592	-72.3677
47593	-72.6845
47594	-72.1458
47595	-71.5946
47596	-72.2972
47597	-72.04
47598	-71.6746
47599	-71.2923
47600	-70.6294
47601	-69.8938
47602	-67.5632
47603	-66.5423
47604	-66.9461
47605	-65.4568
47606	-63.7933
47607	-62.7931
47608	-61.5612
47609	-60.6432
47610	-55.7387
47611	-40.4193
47612	-27.1393
47613	-24.2064
47614	-30.8785
47615	-47.2962
47616	-55.8617
47617	-58.1582
47618	-59.3774
47619	-59.5022
47620	-61.3064
47621	-63.1884
47622	-65.3414
47623	-66.7923
47624	-67.1082
47625	-69.7012
47626	-70.697
47627	-71.5635
47628	-71.7199
47629	-71.886
47630	-71.1034
47631	-70.5816
47632	-71.1782
47633	-72.0062
47634	-71.3146
47635	-70.9879
47636	-71.3016
47637	-71.9449
47638	-71.6489
47639	-70.6046
47640	-68.6037
47641	-63.9945
47642	-66.3398
47643	-71.9249
47644	-72.9552
47645	-72.8764
47646	-73.7182
47647	-73.8445
47648	-73.1928
47649	-73.3809
47650	-73.3357
47651	-71.0126
47652	-66.5481
47653	-66.5436
47654	-69.4505
47655	-70.1932
47656	-69.9017
47657	-68.7301
47658	-68.0685
47659	-68.0443
47660	-67.4481
47661	-61.4953
47662	-52.8703
47663	-50.2045
47664	-56.7166
47665	-63.0859
47666	-64.6951
47667	-66.5594
47668	-66.5159
47669	-67.0388
47670	-67.7914
47671	-68.9227
47672	-68.0335
47673	-62.7159
47674	-63.1073
47675	-67.0584
47676	-68.7462
47677	-70.4132
47678	-71.1851
47679	-70.8064
47680	-70.2726
47681	-69.1403
47682	-66.7517
47683	-64.7275
47684	-63.5253
47685	-62.6826
47686	-64.6849
47687	-67.1356
47688	-68.839
47689	-69.5778
47690	-68.9321
47691	-69.1583
47692	-70.7934
47693	-72.2335
47694	-72.0916
47695	-71.9695
47696	-71.5334
47697	-72.5753
47698	-73.0243
47699	-73.0988
47700	-73.6051
47701	-73.3574
47702	-72.4094
47703	-72.187
47704	-71.9519
47705	-71.6106
47706	-70.5142
47707	-69.2128
47708	-68.32
47709	-67.0301
47710	-69.2372
47711	-70.3897
47712	-71.1722
47713	-71.3805
47714	-72.2966
47715	-72.8661
47716	-73.0767
47717	-73.325
47718	-73.5108
47719	-73.3714
47720	-73.3282
47721	-73.2765
47722	-72.7422
47723	-70.8779
47724	-70.6014
47725	-70.574
47726	-71.1161
47727	-71.0452
47728	-69.9019
47729	-68.3552
47730	-64.3701
47731	-61.1571
47732	-59.5714
47733	-55.2572
47734	-51.0206
47735	-50.8991
47736	-55.4248
47737	-57.7083
47738	-60.3501
47739	-62.5796
47740	-61.5262
47741	-60.935
47742	-64.2867
47743	-69.5839
47744	-71.0963
47745	-72.0024
47746	-71.3336
47747	-71.0971
47748	-71.7643
47749	-72.3729
47750	-72.7982
47751	-73.5241
47752	-72.8564
47753	-73.2659
47754	-72.9221
47755	-72.7101
47756	-72.9281
47757	-71.3905
47758	-71.3279
47759	-71.6668
47760	-73.1536
47761	-71.6732
47762	-66.4621
47763	-64.5676
47764	-68.8925
47765	-71.3127
47766	-72.2678
47767	-72.8306
47768	-72.7179
47769	-72.6364
47770	-73.0843
47771	-73.5311
47772	-73.3789
47773	-71.7998
47774	-70.9306
47775	-71.2285
47776	-71.832
47777	-71.8521
47778	-72.0859
47779	-71.0103
47780	-70.5014
47781	-69.5524
47782	-68.1443
47783	-66.7647
47784	-65.4693
47785	-64.5906
47786	-65.594
47787	-65.1935
47788	-67.4081
47789	-68.4351
47790	-68.0042
47791	-69.2287
47792	-70.027
47793	-69.597
47794	-69.471
47795	-68.3515
47796	-66.2523
47797	-66.5226
47798	-64.5903
47799	-66.0093
47800	-68.8946
47801	-68.3729
47802	-67.3237
47803	-64.8896
47804	-64.163
47805	-62.8687
47806	-60.7428
47807	-58.8677
47808	-58.2979
47809	-55.3325
47810	-57.1074
47811	-60.7936
47812	-64.3901
47813	-67.6632
47814	-68.6388
47815	-69.6581
47816	-70.3909
47817	-69.4138
47818	-68.7661
47819	-67.4528
47820	-68.5196
47821	-70.7419
47822	-72.8327
47823	-73.3807
47824	-73.46
47825	-73.5262
47826	-73.9376
47827	-73.5299
47828	-72.8731
47829	-71.3219
47830	-66.2391
47831	-64.0856
47832	-68.3889
47833	-71.2378
47834	-72.1969
47835	-71.6937
47836	-72.0875
47837	-71.6367
47838	-72.3378
47839	-72.1199
47840	-70.8782
47841	-70.2684
47842	-71.0228
47843	-70.5876
47844	-70.5035
47845	-70.3408
47846	-69.2473
47847	-68.0848
47848	-67.2385
47849	-66.3733
47850	-65.224
47851	-63.0316
47852	-58.8576
47853	-55.9886
47854	-55.1739
47855	-53.2409
47856	-48.1064
47857	-46.4405
47858	-42.5241
47859	-39.1241
47860	-40.9337
47861	-49.3246
47862	-54.7101
47863	-58.5567
47864	-62.3926
47865	-63.9831
47866	-65.3888
47867	-67.0469
47868	-67.9433
47869	-67.6555
47870	-68.5034
47871	-69.3366
47872	-70.0112
47873	-70.9756
47874	-71.3774
47875	-71.4124
47876	-72.3669
47877	-71.891
47878	-72.871
47879	-72.3753
47880	-71.9352
47881	-72.2316
47882	-71.4021
47883	-71.151
47884	-70.6825
47885	-69.5561
47886	-70.1525
47887	-72.6738
47888	-73.3486
47889	-73.4031
47890	-73.0217
47891	-72.7673
47892	-72.2314
47893	-72.4049
47894	-72.2167
47895	-71.7717
47896	-69.8185
47897	-69.1942
47898	-68.0106
47899	-69.5333
47900	-69.7401
47901	-68.3274
47902	-66.9729
47903	-65.0029
47904	-63.7815
47905	-62.8322
47906	-60.7882
47907	-59.4997
47908	-59.0635
47909	-55.5533
47910	-57.3911
47911	-60.9832
47912	-64.9261
47913	-67.387
47914	-68.1094
47915	-68.7474
47916	-69.1858
47917	-67.2518
47918	-65.8468
47919	-63.9174
47920	-62.2063
47921	-64.9191
47922	-68.6501
47923	-69.8184
47924	-69.9213
47925	-69.2988
47926	-69.5291
47927	-68.5353
47928	-67.509
47929	-65.141
47930	-55.5475
47931	-52.8352
47932	-58.6805
47933	-65.174
47934	-68.2097
47935	-68.6684
47936	-69.5553
47937	-70.0288
47938	-70.2988
47939	-70.3981
47940	-69.2647
47941	-66.3127
47942	-69.113
47943	-72.8129
47944	-73.5175
47945	-73.7482
47946	-73.6131
47947	-73.0071
47948	-72.7487
47949	-73.29
47950	-73.1561
47951	-71.7086
47952	-68.3812
47953	-69.0468
47954	-71.5411
47955	-73.2018
47956	-73.1429
47957	-71.833
47958	-71.2937
47959	-71.9843
47960	-72.7919
47961	-72.3845
47962	-72.0371
47963	-71.5511
47964	-72.271
47965	-72.3751
47966	-72.3545
47967	-72.2431
47968	-71.209
47969	-70.3476
47970	-69.7372
47971	-68.7698
47972	-66.8341
47973	-64.7668
47974	-62.7624
47975	-62.3002
47976	-62.4124
47977	-61.9425
47978	-57.31
47979	-41.4788
47980	-28.0167
47981	-25.272
47982	-32.17
47983	-49.8823
47984	-60.079
47985	-61.6284
47986	-63.2339
47987	-64.4435
47988	-65.6998
47989	-66.4333
47990	-66.964
47991	-67.1048
47992	-68.4565
47993	-70.738
47994	-72.0696
47995	-71.8987
47996	-72.3399
47997	-73.2863
47998	-72.6313
47999	-72.2495
48000	-72.5569
48001	-71.8382
48002	-70.4914
48003	-69.702
48004	-70.5264
48005	-70.8335
48006	-69.8018
48007	-68.3029
48008	-68.0978
48009	-66.6765
48010	-68.585
48011	-70.6627
48012	-72.1019
48013	-72.9205
48014	-73.3117
48015	-73.1142
48016	-73.4701
48017	-73.5734
48018	-72.7274
48019	-71.4509
48020	-67.9878
48021	-69.1716
48022	-70.6376
48023	-69.9858
48024	-69.2626
48025	-68.2791
48026	-68.5692
48027	-68.6566
48028	-67.8882
48029	-65.244
48030	-54.5363
48031	-51.5537
48032	-57.7387
48033	-64.7404
48034	-68.0458
48035	-68.4408
48036	-69.461
48037	-70.6474
48038	-70.2076
48039	-69.4441
48040	-67.4123
48041	-63.4776
48042	-64.4624
48043	-67.3026
48044	-69.1262
48045	-70.413
48046	-71.3049
48047	-70.292
48048	-69.1981
48049	-68.3796
48050	-66.7451
48051	-60.305
48052	-53.977
48053	-55.0755
48054	-64.8642
48055	-68.6826
48056	-69.5209
48057	-69.4452
48058	-69.1569
48059	-69.5513
48060	-70.9831
48061	-71.4577
48062	-70.7011
48063	-69.3305
48064	-71.4158
48065	-72.6584
48066	-73.9458
48067	-73.6885
48068	-73.4938
48069	-73.1732
48070	-73.2318
48071	-72.5172
48072	-70.8792
48073	-68.8598
48074	-66.8073
48075	-67.5298
48076	-68.377
48077	-69.3088
48078	-70.7818
48079	-70.4761
48080	-69.8504
48081	-70.0235
48082	-71.8518
48083	-72.7628
48084	-72.8671
48085	-73.2402
48086	-73.4228
48087	-72.8492
48088	-72.2284
48089	-72.5382
48090	-71.8067
48091	-69.4399
48092	-68.1018
48093	-67.8228
48094	-67.5386
48095	-66.995
48096	-65.688
48097	-64.2223
48098	-62.8381
48099	-61.9046
48100	-53.982
48101	-38.0292
48102	-28.874
48103	-29.7325
48104	-40.7906
48105	-57.1539
48106	-63.5678
48107	-64.1911
48108	-63.5509
48109	-63.4956
48110	-65.5104
48111	-67.8021
48112	-69.5591
48113	-70.91
48114	-71.1802
48115	-71.2852
48116	-72.6133
48117	-72.8628
48118	-72.5481
48119	-72.9775
48120	-71.8846
48121	-72.5136
48122	-72.5731
48123	-72.4844
48124	-72.0326
48125	-71.2348
48126	-71.3534
48127	-72.6601
48128	-73.7689
48129	-71.799
48130	-68.4271
48131	-66.4171
48132	-70.2971
48133	-72.9909
48134	-73.3934
48135	-72.7577
48136	-73.0423
48137	-73.6962
48138	-73.836
48139	-73.7817
48140	-72.5664
48141	-70.9535
48142	-67.6106
48143	-69.2011
48144	-71.0475
48145	-70.7635
48146	-70.302
48147	-69.7742
48148	-69.2063
48149	-68.7092
48150	-67.0836
48151	-61.7142
48152	-55.8763
48153	-56.7127
48154	-64.9561
48155	-67.7862
48156	-68.9582
48157	-69.7569
48158	-69.8221
48159	-70.3363
48160	-70.4421
48161	-69.2203
48162	-66.7671
48163	-63.004
48164	-63.3704
48165	-65.4903
48166	-66.4004
48167	-69.1229
48168	-68.8988
48169	-68.112
48170	-67.4016
48171	-65.4005
48172	-61.216
48173	-58.1093
48174	-55.0149
48175	-57.9246
48176	-59.4173
48177	-59.9302
48178	-62.3546
48179	-63.455
48180	-64.2694
48181	-66.8547
48182	-67.9991
48183	-69.0459
48184	-69.7824
48185	-67.8455
48186	-68.9189
48187	-69.4625
48188	-71.418
48189	-72.2073
48190	-72.5928
48191	-72.4385
48192	-72.6305
48193	-72.9941
48194	-73.6047
48195	-73.3769
48196	-72.6866
48197	-70.1695
48198	-68.7327
48199	-69.4629
48200	-70.387
48201	-71.2208
48202	-72.3055
48203	-71.7781
48204	-71.8965
48205	-72.7317
48206	-71.8199
48207	-72.0312
48208	-71.5129
48209	-71.0954
48210	-71.0508
48211	-70.2827
48212	-69.4191
48213	-68.362
48214	-67.5724
48215	-67.5407
48216	-66.9723
48217	-65.2942
48218	-63.9987
48219	-62.9665
48220	-59.2205
48221	-55.0184
48222	-50.1369
48223	-42.278
48224	-38.6328
48225	-41.2043
48226	-46.1546
48227	-47.015
48228	-52.298
48229	-54.3661
48230	-55.3847
48231	-57.6483
48232	-62.1682
48233	-64.7006
48234	-66.0611
48235	-67.2845
48236	-67.7671
48237	-69.0201
48238	-70.4272
48239	-70.3128
48240	-70.4435
48241	-70.7867
48242	-70.2871
48243	-70.5718
48244	-72.1349
48245	-72.2167
48246	-72.0268
48247	-72.265
48248	-71.9021
48249	-72.1505
48250	-71.7986
48251	-69.7215
48252	-65.7943
48253	-66.3809
48254	-70.8287
48255	-72.7746
48256	-73.6378
48257	-73.9042
48258	-73.356
48259	-73.2144
48260	-73.1853
48261	-72.8849
48262	-71.2947
48263	-68.6796
48264	-67.0473
48265	-68.4085
48266	-68.8729
48267	-70.3316
48268	-69.6352
48269	-68.7671
48270	-68.0041
48271	-64.7913
48272	-61.2219
48273	-57.9047
48274	-54.9447
48275	-57.1776
48276	-59.1443
48277	-59.9327
48278	-62.3984
48279	-63.7617
48280	-64.5277
48281	-66.7179
48282	-68.0723
48283	-68.4641
48284	-66.6357
48285	-64.1266
48286	-66.0395
48287	-66.0279
48288	-67.2027
48289	-68.9802
48290	-69.4011
48291	-69.9244
48292	-70.0877
48293	-69.6019
48294	-69.5476
48295	-69.2472
48296	-67.4688
48297	-65.3501
48298	-62.1709
48299	-62.4205
48300	-63.8437
48301	-66.0231
48302	-68.2288
48303	-70.4513
48304	-70.8719
48305	-72.0293
48306	-71.8674
48307	-71.8663
48308	-70.6998
48309	-70.0054
48310	-70.8316
48311	-73.1722
48312	-73.5039
48313	-73.4641
48314	-72.8356
48315	-72.5385
48316	-73.0444
48317	-72.7468
48318	-71.7173
48319	-70.185
48320	-66.1716
48321	-66.663
48322	-71.5509
48323	-73.1943
48324	-72.1286
48325	-71.5912
48326	-71.6067
48327	-72.735
48328	-72.9792
48329	-72.8597
48330	-72.8412
48331	-72.7594
48332	-72.9071
48333	-72.4092
48334	-72.3458
48335	-71.7156
48336	-71.337
48337	-71.4542
48338	-71.5466
48339	-70.7248
48340	-69.8885
48341	-65.9699
48342	-61.9666
48343	-63.2004
48344	-65.0672
48345	-63.1935
48346	-58.9847
48347	-52.6343
48348	-46.5831
48349	-45.7095
48350	-50.9031
48351	-56.1986
48352	-60.0814
48353	-63.2741
48354	-66.8032
48355	-68.4857
48356	-69.3701
48357	-70.5369
48358	-69.7275
48359	-69.9151
48360	-70.0095
48361	-71.9606
48362	-73.2956
48363	-72.67
48364	-72.8837
48365	-73.4821
48366	-73.19
48367	-73.0364
48368	-72.7616
48369	-71.9854
48370	-71.0896
48371	-70.7897
48372	-70.1147
48373	-69.0138
48374	-67.0631
48375	-67.2994
48376	-68.6055
48377	-69.9591
48378	-71.4879
48379	-71.9509
48380	-72.0127
48381	-72.302
48382	-73.1392
48383	-73.5092
48384	-72.9532
48385	-73.0939
48386	-72.675
48387	-71.2008
48388	-71.2099
48389	-71.785
48390	-71.4547
48391	-71.0879
48392	-70.1355
48393	-69.6352
48394	-69.653
48395	-69.6038
48396	-68.3714
48397	-64.358
48398	-60.6896
48399	-60.6268
48400	-62.6062
48401	-65.1541
48402	-68.2315
48403	-70.0197
48404	-70.9216
48405	-71.0377
48406	-70.7834
48407	-69.2191
48408	-67.4347
48409	-64.7895
48410	-63.4543
48411	-67.7359
48412	-69.1723
48413	-68.3778
48414	-67.7039
48415	-66.9823
48416	-66.9672
48417	-65.6279
48418	-63.6059
48419	-59.5875
48420	-51.57
48421	-52.6077
48422	-60.9185
48423	-67.5498
48424	-68.7488
48425	-68.2641
48426	-69.1943
48427	-70.4163
48428	-70.303
48429	-70.3132
48430	-68.1262
48431	-67.0705
48432	-70.5157
48433	-72.9371
48434	-73.4511
48435	-73.235
48436	-73.9388
48437	-73.8238
48438	-72.9321
48439	-72.893
48440	-72.3713
48441	-66.9165
48442	-63.1761
48443	-66.9773
48444	-70.2095
48445	-71.224
48446	-71.8106
48447	-70.763
48448	-70.3946
48449	-70.9562
48450	-71.8966
48451	-71.7628
48452	-71.0329
48453	-71.4739
48454	-72.7537
48455	-71.9881
48456	-71.817
48457	-71.0968
48458	-70.0605
48459	-67.9848
48460	-67.2424
48461	-66.1115
48462	-64.3896
48463	-62.3921
48464	-60.3575
48465	-60.3462
48466	-59.0197
48467	-57.4817
48468	-50.6925
48469	-33.9243
48470	-25.1884
48471	-26.2061
48472	-37.4269
48473	-54.8324
48474	-61.2401
48475	-62.0933
48476	-63.3218
48477	-64.3428
48478	-66.0507
48479	-67.3071
48480	-67.265
48481	-68.083
48482	-70.1567
48483	-71.1406
48484	-71.3365
48485	-71.9101
48486	-72.5706
48487	-72.8086
48488	-72.0849
48489	-72.2501
48490	-72.58
48491	-72.5738
48492	-71.759
48493	-71.7718
48494	-72.0481
48495	-72.3563
48496	-71.9647
48497	-71.5317
48498	-70.8667
48499	-71.2186
48500	-72.1399
48501	-73.1959
48502	-72.5923
48503	-72.8477
48504	-72.7716
48505	-73.0041
48506	-73.4405
48507	-73.3162
48508	-71.8043
48509	-68.8614
48510	-66.9919
48511	-69.0853
48512	-69.4869
48513	-67.6995
48514	-67.878
48515	-67.1388
48516	-66.7839
48517	-65.5143
48518	-64.3374
48519	-60.2169
48520	-52.6439
48521	-53.5394
48522	-61.4578
48523	-66.6722
48524	-67.8282
48525	-68.7152
48526	-69.6471
48527	-69.8559
48528	-69.869
48529	-67.8761
48530	-63.6772
48531	-62.1129
48532	-61.422
48533	-65.9644
48534	-69.5539
48535	-69.6261
48536	-69.5016
48537	-68.5948
48538	-67.7245
48539	-67.0683
48540	-63.5991
48541	-55.1996
48542	-51.0988
48543	-55.5336
48544	-63.0868
48545	-64.5902
48546	-66.0578
48547	-66.512
48548	-67.6773
48549	-67.4156
48550	-68.3018
48551	-69.3059
48552	-67.3701
48553	-66.9782
48554	-70.7873
48555	-72.2985
48556	-73.7414
48557	-72.6369
48558	-72.8862
48559	-72.6746
48560	-72.4957
48561	-73.0229
48562	-72.9139
48563	-71.9986
48564	-70.8594
48565	-71.296
48566	-71.3621
48567	-72.2764
48568	-71.998
48569	-71.648
48570	-71.3426
48571	-72.3039
48572	-72.6489
48573	-72.3464
48574	-71.5518
48575	-72.2106
48576	-72.1107
48577	-71.8549
48578	-71.6286
48579	-70.8116
48580	-70.2916
48581	-68.1512
48582	-66.8047
48583	-66.9421
48584	-65.9975
48585	-64.2154
48586	-63.2933
48587	-62.0631
48588	-61.0412
48589	-57.753
48590	-44.3411
48591	-28.9891
48592	-24.1053
48593	-28.7727
48594	-43.8114
48595	-54.7097
48596	-57.9888
48597	-59.5273
48598	-59.5202
48599	-61.0273
48600	-62.922
48601	-65.0239
48602	-66.8389
48603	-67.0492
48604	-69.3517
48605	-70.5687
48606	-71.398
48607	-71.8389
48608	-71.7121
48609	-71.4946
48610	-70.5928
48611	-71.0638
48612	-71.9143
48613	-71.5197
48614	-70.9404
48615	-71.1239
48616	-71.704
48617	-71.8239
48618	-70.6302
48619	-69.3036
48620	-64.29
48621	-65.0648
48622	-70.8382
48623	-72.9436
48624	-72.7826
48625	-73.506
48626	-73.6984
48627	-73.3323
48628	-73.2331
48629	-73.5214
48630	-71.6656
48631	-67.3825
48632	-66.3026
48633	-69.1683
48634	-70.5508
48635	-69.8132
48636	-68.9489
48637	-68.4412
48638	-67.9376
48639	-68.038
48640	-63.047
48641	-54.4817
48642	-50.2795
48643	-54.8627
48644	-62.453
48645	-64.3475
48646	-66.3279
48647	-66.7818
48648	-67.0003
48649	-67.7407
48650	-68.8574
48651	-68.6938
48652	-63.5946
48653	-62.7592
48654	-66.7509
48655	-68.3639
48656	-70.3141
48657	-71.1322
48658	-70.9694
48659	-70.3196
48660	-69.3478
48661	-66.93
48662	-64.5727
48663	-63.1044
48664	-62.1399
48665	-63.4469
48666	-66.9241
48667	-69.5206
48668	-69.9778
48669	-69.2957
48670	-69.3054
48671	-70.6322
48672	-72.0775
48673	-71.9974
48674	-71.9987
48675	-71.3333
48676	-72.1492
48677	-72.8703
48678	-72.8336
48679	-73.3568
48680	-73.4623
48681	-72.6819
48682	-72.3478
48683	-71.7545
48684	-71.6552
48685	-70.7218
48686	-69.2302
48687	-68.6062
48688	-66.8672
48689	-68.6497
48690	-70.0135
48691	-70.8613
48692	-71.3314
48693	-71.915
48694	-72.6745
48695	-72.9778
48696	-73.0271
48697	-73.6398
48698	-73.3841
48699	-72.9831
48700	-73.1069
48701	-73.0908
48702	-71.2567
48703	-70.3058
48704	-70.225
48705	-70.8912
48706	-71.0152
48707	-70.0868
48708	-68.6673
48709	-65.2605
48710	-61.4074
48711	-59.6048
48712	-55.3805
48713	-50.4202
48714	-49.0249
48715	-52.7056
48716	-57.3631
48717	-60.4785
48718	-62.8133
48719	-62.4375
48720	-61.017
48721	-63.3901
48722	-69.1034
48723	-70.9413
48724	-71.7611
48725	-71.6063
48726	-71.0352
48727	-71.7275
48728	-72.3105
48729	-72.7901
48730	-73.4546
48731	-72.8518
48732	-73.0587
48733	-72.9136
48734	-72.8263
48735	-73.3053
48736	-71.7271
48737	-71.3223
48738	-71.6649
48739	-72.8126
48740	-72.0892
48741	-67.6767
48742	-64.6932
48743	-68.2002
48744	-71.0832
48745	-72.2688
48746	-72.7506
48747	-72.7443
48748	-72.5248
48749	-72.923
48750	-73.612
48751	-73.3689
48752	-71.9367
48753	-71.0916
48754	-71.1298
48755	-71.7481
48756	-71.7642
48757	-72.1705
48758	-71.2462
48759	-70.7454
48760	-69.8731
48761	-68.0759
48762	-66.5743
48763	-64.9092
48764	-63.6682
48765	-65.2772
48766	-65.2185
48767	-67.2776
48768	-68.8806
48769	-68.2263
48770	-69.142
48771	-70.1961
48772	-69.5174
48773	-69.491
48774	-68.6191
48775	-66.2324
48776	-66.534
48777	-64.7353
48778	-65.1702
48779	-68.7473
48780	-68.21
48781	-67.6386
48782	-64.9713
48783	-64.0121
48784	-63.1573
48785	-61.3458
48786	-58.8962
48787	-59.127
48788	-55.4787
48789	-56.2133
48790	-60.1008
48791	-63.5012
48792	-67.1787
48793	-68.5713
48794	-69.2924
48795	-70.2133
48796	-69.8287
48797	-68.574
48798	-67.6285
48799	-67.7379
48800	-70.3807
48801	-72.6353
48802	-73.5338
48803	-73.1743
48804	-73.5058
48805	-73.9153
48806	-73.4066
48807	-73.1877
48808	-71.8236
48809	-67.6764
48810	-64.1595
48811	-67.696
48812	-70.828
48813	-72.2542
48814	-71.6722
48815	-72.228
48816	-71.5365
48817	-72.4311
48818	-72.4273
48819	-71.2287
48820	-70.2962
48821	-70.7568
48822	-70.6472
48823	-70.3023
48824	-70.5117
48825	-69.5189
48826	-68.2925
48827	-67.3286
48828	-66.6314
48829	-65.4571
48830	-63.4985
48831	-59.6551
48832	-56.1231
48833	-55.1056
48834	-53.5187
48835	-48.9926
48836	-46.2816
48837	-43.6227
48838	-39.5061
48839	-39.797
48840	-47.9263
48841	-53.5735
48842	-57.5814
48843	-61.613
48844	-63.8217
48845	-65.0111
48846	-66.6652
48847	-67.7204
48848	-67.6589
48849	-68.2626
48850	-69.0322
48851	-69.8078
48852	-70.9493
48853	-71.3419
48854	-71.3252
48855	-72.2791
48856	-71.8699
48857	-72.6687
48858	-72.6675
48859	-71.9223
48860	-72.1794
48861	-71.3752
48862	-71.1126
48863	-70.7154
48864	-69.4396
48865	-69.8139
48866	-72.1669
48867	-73.4056
48868	-73.33
48869	-73.2181
48870	-72.7663
48871	-72.1683
48872	-72.292
48873	-72.1108
48874	-72.0733
48875	-70.0727
48876	-69.186
48877	-67.953
48878	-69.1981
48879	-70.0852
48880	-68.3798
48881	-67.2328
48882	-65.5818
48883	-63.7873
48884	-63.0717
48885	-61.1781
48886	-59.383
48887	-59.6524
48888	-55.8532
48889	-56.3918
48890	-60.2809
48891	-63.8726
48892	-67.2668
48893	-67.9253
48894	-68.7246
48895	-69.3916
48896	-67.8192
48897	-65.9518
48898	-64.3827
48899	-62.4629
48900	-64.0638
48901	-68.4298
48902	-69.8027
48903	-70.0731
48904	-69.4418
48905	-69.5248
48906	-68.9142
48907	-68.1534
48908	-66.3496
48909	-57.6067
48910	-53.1577
48911	-57.7813
48912	-64.3278
48913	-68.2461
48914	-68.4539
48915	-69.7404
48916	-69.7625
48917	-70.2842
48918	-70.4458
48919	-70.0393
48920	-66.7225
48921	-68.5106
48922	-72.3644
48923	-73.2924
48924	-73.7809
48925	-73.6372
48926	-73.0665
48927	-72.764
48928	-73.1374
48929	-73.2151
48930	-72.3883
48931	-68.6509
48932	-68.0341
48933	-71.1829
48934	-72.9658
48935	-73.5137
48936	-72.0457
48937	-71.4669
48938	-71.5946
48939	-72.7799
48940	-72.4386
48941	-72.4416
48942	-71.6373
48943	-72.5062
48944	-72.6373
48945	-72.385
48946	-72.2292
48947	-71.7528
48948	-70.4745
48949	-70.1671
48950	-69.3889
48951	-67.6463
48952	-65.4066
48953	-63.308
48954	-62.4334
48955	-62.8531
48956	-62.7178
48957	-59.8464
48958	-45.8548
48959	-30.43
48960	-25.7516
48961	-30.619
48962	-46.6783
48963	-59.0697
48964	-61.5954
48965	-63.3258
48966	-64.5226
48967	-65.8926
48968	-66.3996
48969	-67.1173
48970	-67.3056
48971	-68.3304
48972	-70.2933
48973	-72.0561
48974	-72.0336
48975	-72.362
48976	-73.2607
48977	-72.8285
48978	-72.2542
48979	-72.7324
48980	-71.8967
48981	-70.846
48982	-69.6769
48983	-70.3639
48984	-70.8292
48985	-70.1354
48986	-68.2756
48987	-68.3496
48988	-66.8886
48989	-68.229
48990	-70.151
48991	-71.7441
48992	-72.9823
48993	-73.3154
48994	-73.0402
48995	-73.434
48996	-73.5179
48997	-72.8589
48998	-72.1178
48999	-68.7982
49000	-69.1443
49001	-70.6379
49002	-70.3589
49003	-69.903
49004	-68.5944
49005	-68.789
49006	-68.6996
49007	-68.4816
49008	-66.4132
49009	-56.7618
49010	-51.7827
49011	-56.5766
49012	-63.3907
49013	-68.2654
49014	-68.4213
49015	-69.2907
49016	-70.6371
49017	-70.2506
49018	-69.8908
49019	-68.2535
49020	-64.1491
49021	-64.5621
49022	-66.2721
49023	-68.8458
49024	-70.3356
49025	-70.9706
49026	-70.5765
49027	-69.1615
49028	-68.3383
49029	-67.3741
49030	-61.2561
49031	-54.4144
49032	-53.532
49033	-62.3302
49034	-68.126
49035	-69.4449
49036	-69.1728
49037	-68.9115
49038	-69.0809
49039	-70.6854
49040	-71.1229
49041	-70.9479
49042	-69.003
49043	-70.6301
49044	-72.4957
49045	-73.6444
49046	-73.6525
49047	-73.4727
49048	-73.2098
49049	-73.1712
49050	-72.9357
49051	-71.1328
49052	-69.344
49053	-67.053
49054	-67.1884
49055	-68.3995
49056	-68.6825
49057	-70.5988
49058	-70.668
49059	-69.9602
49060	-69.8125
49061	-71.4711
49062	-72.5824
49063	-73.223
49064	-72.8704
49065	-73.0629
49066	-73.0014
49067	-72.2967
49068	-72.2786
49069	-72.0983
49070	-69.6931
49071	-68.1549
49072	-67.6946
49073	-67.3843
49074	-66.8492
49075	-65.8535
49076	-64.4313
49077	-62.9835
49078	-61.844
49079	-55.6715
49080	-40.4764
49081	-28.993
49082	-27.9678
49083	-36.8072
49084	-54.0346
49085	-62.6697
49086	-63.9082
49087	-63.3502
49088	-63.1619
49089	-64.7469
49090	-66.9725
49091	-68.9698
49092	-70.277
49093	-70.7122
49094	-70.9921
49095	-72.3882
49096	-72.6933
49097	-72.4664
49098	-72.9043
49099	-71.9795
49100	-72.2728
49101	-72.6441
49102	-72.4587
49103	-72.4926
49104	-71.2968
49105	-71.4392
49106	-72.3933
49107	-73.6424
49108	-72.1888
49109	-69.8229
49110	-66.6128
49111	-69.6964
49112	-72.8426
49113	-73.3717
49114	-72.8855
49115	-73.0835
49116	-73.4449
49117	-73.9627
49118	-73.9654
49119	-72.8296
49120	-71.4669
49121	-67.6206
49122	-68.5388
49123	-71.0261
49124	-70.4795
49125	-70.3075
49126	-69.7374
49127	-69.3683
49128	-68.5426
49129	-67.5444
49130	-62.5002
49131	-56.1551
49132	-55.0763
49133	-62.7905
49134	-67.3968
49135	-68.9524
49136	-69.5853
49137	-69.6926
49138	-70.1117
49139	-70.4978
49140	-69.4662
49141	-67.5404
49142	-63.1523
49143	-63.1669
49144	-65.1693
49145	-66.142
49146	-68.9869
49147	-68.9719
49148	-68.3544
49149	-67.5584
49150	-66.559
49151	-62.0437
49152	-59.0297
49153	-55.243
49154	-57.0709
49155	-59.9108
49156	-59.6757
49157	-62.0036
49158	-63.2686
49159	-63.9474
49160	-66.3825
49161	-67.8322
49162	-68.7716
49163	-70.1481
49164	-68.2084
49165	-68.5535
49166	-69.2577
49167	-70.948
49168	-72.2851
49169	-72.4776
49170	-72.3705
49171	-72.4553
49172	-72.8019
49173	-73.5697
49174	-73.4582
49175	-73.1432
49176	-70.8566
49177	-69.0759
49178	-69.3326
49179	-70.4401
49180	-71.137
49181	-71.9326
49182	-71.9208
49183	-71.758
49184	-72.8802
49185	-72.1426
49186	-72.0418
49187	-71.7302
49188	-71.1561
49189	-71.2434
49190	-70.6407
49191	-69.7017
49192	-68.6327
49193	-67.6199
49194	-67.3713
49195	-67.2116
49196	-65.9076
49197	-64.2978
49198	-63.4128
49199	-60.1012
49200	-55.8596
49201	-51.3879
49202	-44.0119
49203	-38.6845
49204	-40.564
49205	-46.0419
49206	-46.5126
49207	-51.1618
49208	-54.0181
49209	-55.1459
49210	-56.9182
49211	-61.4726
49212	-64.3792
49213	-65.8039
49214	-67.1558
49215	-67.5621
49216	-68.7751
49217	-70.2152
49218	-70.6059
49219	-70.3812
49220	-70.8339
49221	-70.477
49222	-70.4179
49223	-71.8636
49224	-72.1482
49225	-72.0901
49226	-71.9467
49227	-72.2904
49228	-71.9617
49229	-71.9627
49230	-70.0115
49231	-66.3384
49232	-65.3586
49233	-70.0414
49234	-72.5328
49235	-73.5049
49236	-73.7272
49237	-73.5604
49238	-73.1234
49239	-73.1753
49240	-73.1211
49241	-71.8987
49242	-69.4217
49243	-67.062
49244	-68.2824
49245	-68.7847
49246	-70.2279
49247	-69.9644
49248	-68.7055
49249	-68.3624
49250	-65.7076
49251	-61.9154
49252	-58.7797
49253	-55.1444
49254	-56.5714
49255	-59.4764
49256	-59.5396
49257	-62.0621
49258	-63.4855
49259	-64.3182
49260	-66.1719
49261	-68.0847
49262	-68.4415
49263	-67.4503
49264	-64.2715
49265	-65.6087
49266	-66.2812
49267	-66.8585
49268	-69.0283
49269	-69.4015
49270	-69.7199
49271	-70.1613
49272	-69.1883
49273	-69.3224
49274	-69.1331
49275	-67.5021
49276	-65.5617
49277	-63.3849
49278	-62.7035
49279	-64.131
49280	-66.06
49281	-67.9351
49282	-70.1993
49283	-70.7642
49284	-72.0088
49285	-71.8261
49286	-71.8369
49287	-71.0023
49288	-70.3831
49289	-70.8052
49290	-72.7269
49291	-73.5854
49292	-73.3364
49293	-73.0639
49294	-72.4223
49295	-72.961
49296	-72.944
49297	-71.8184
49298	-70.6513
49299	-66.6803
49300	-65.7573
49301	-70.3797
49302	-72.9602
49303	-72.2743
49304	-71.5675
49305	-71.4452
49306	-72.5092
49307	-73.0207
49308	-72.8539
49309	-72.8747
49310	-72.8046
49311	-72.994
49312	-72.617
49313	-72.695
49314	-72.1297
49315	-71.3047
49316	-71.4079
49317	-71.7283
49318	-71.0643
49319	-70.2174
49320	-67.0927
49321	-62.2768
49322	-62.2477
49323	-64.5592
49324	-63.1171
49325	-59.852
49326	-54.8903
49327	-48.3247
49328	-46.4431
49329	-50.5583
49330	-55.9226
49331	-59.7782
49332	-62.4809
49333	-66.7016
49334	-68.6009
49335	-69.6387
49336	-70.8396
49337	-70.1712
49338	-69.8017
49339	-69.871
49340	-71.7131
49341	-73.4822
49342	-72.6903
49343	-72.8502
49344	-73.3735
49345	-73.3313
49346	-72.9372
49347	-72.9094
49348	-72.2602
49349	-71.315
49350	-70.9089
49351	-70.3687
49352	-69.3841
49353	-67.3215
49354	-66.9101
49355	-68.6112
49356	-69.6277
49357	-71.3601
49358	-71.826
49359	-71.6497
49360	-72.1878
49361	-72.8764
49362	-73.6615
49363	-72.9146
49364	-73.1728
49365	-72.7532
49366	-71.6013
49367	-71.2042
49368	-71.9943
49369	-71.6361
49370	-71.1754
49371	-70.4854
49372	-69.7172
49373	-69.7527
49374	-70.0764
49375	-68.9399
49376	-66.0484
49377	-61.4942
49378	-61.1609
49379	-62.3821
49380	-64.7378
49381	-67.5276
49382	-69.7657
49383	-70.5849
49384	-71.1684
49385	-70.8583
49386	-69.7279
49387	-67.724
49388	-65.4737
49389	-62.8715
49390	-66.3926
49391	-69.0026
49392	-68.313
49393	-67.7079
49394	-66.9487
49395	-67.0061
49396	-65.8596
49397	-63.9413
49398	-60.8628
49399	-52.2057
49400	-51.6284
49401	-58.8342
49402	-66.3076
49403	-68.4687
49404	-67.9866
49405	-69.0888
49406	-69.8762
49407	-69.9903
49408	-70.4688
49409	-68.3974
49410	-66.7213
49411	-69.4364
49412	-72.6036
49413	-73.5193
49414	-73.1939
49415	-73.8708
49416	-73.5495
49417	-73.0762
49418	-72.7505
49419	-72.8512
49420	-68.2413
49421	-63.6189
49422	-65.9132
49423	-69.9622
49424	-71.0013
49425	-72.0093
49426	-70.8594
49427	-70.6286
49428	-70.7988
49429	-71.7749
49430	-71.7599
49431	-71.0762
49432	-71.2019
49433	-72.4438
49434	-71.7886
49435	-71.8242
49436	-71.1342
49437	-70.0919
49438	-68.3282
49439	-67.1001
49440	-66.3245
49441	-64.5702
49442	-62.5094
49443	-60.4945
49444	-60.2688
49445	-59.175
49446	-57.644
49447	-51.7571
49448	-36.939
49449	-25.951
49450	-25.0977
49451	-34.1465
49452	-52.354
49453	-60.6262
49454	-61.6743
49455	-62.8501
49456	-63.8799
49457	-65.4144
49458	-66.9376
49459	-66.9757
49460	-67.5058
49461	-69.4855
49462	-71.0555
49463	-71.1636
49464	-71.6366
49465	-72.4258
49466	-72.5711
49467	-72.1289
49468	-71.9188
49469	-72.3444
49470	-72.5227
49471	-71.9385
49472	-71.4913
49473	-71.6877
49474	-72.224
49475	-72.1161
49476	-71.5473
49477	-71.0529
49478	-71.0283
49479	-72.3243
49480	-73.212
49481	-72.6793
49482	-72.7115
49483	-72.6683
49484	-73.13
49485	-73.1745
49486	-73.4666
49487	-71.9155
49488	-69.5214
49489	-66.6805
49490	-68.7581
49491	-69.5496
49492	-67.7428
49493	-67.7164
49494	-67.2382
49495	-66.7934
49496	-65.8335
49497	-64.3427
49498	-61.5125
49499	-53.1647
49500	-52.4968
49501	-59.3199
49502	-66.0325
49503	-67.5647
49504	-68.2823
49505	-69.3132
49506	-69.6906
49507	-69.6834
49508	-68.5878
49509	-64.5841
49510	-61.5391
49511	-61.2848
49512	-65.3496
49513	-69.1631
49514	-69.5438
49515	-69.5862
49516	-68.9872
49517	-67.9238
49518	-67.3889
49519	-64.9899
49520	-57.2605
49521	-51.7225
49522	-54.1247
49523	-62.4979
49524	-64.4015
49525	-65.8808
49526	-66.6444
49527	-67.375
49528	-67.6841
49529	-67.9991
49530	-69.5022
49531	-68.2318
49532	-66.7199
49533	-70.1944
49534	-71.9633
49535	-73.8322
49536	-72.9103
49537	-73.0226
49538	-72.5789
49539	-72.6503
49540	-72.9073
49541	-73.2217
49542	-72.1603
49543	-70.8835
49544	-71.2377
49545	-71.421
49546	-72.2897
49547	-72.1079
49548	-71.6664
49549	-71.2654
49550	-72.1523
49551	-72.5791
49552	-72.5338
49553	-71.6153
49554	-72.2161
49555	-72.3674
49556	-72.0008
49557	-71.5274
49558	-71.0495
49559	-70.8023
49560	-68.7037
49561	-67.0907
49562	-66.9265
49563	-66.5578
49564	-64.7542
49565	-63.4829
49566	-62.532
49567	-61.4336
49568	-59.2642
49569	-48.7402
49570	-31.3239
49571	-24.4009
49572	-27.1394
49573	-40.3093
49574	-53.2498
49575	-57.7894
49576	-59.3099
49577	-59.8413
49578	-60.9505
49579	-62.7555
49580	-64.8397
49581	-66.5375
49582	-67.1076
49583	-68.7544
49584	-70.3096
49585	-71.1298
49586	-71.9919
49587	-71.6396
49588	-72.0126
49589	-70.9288
49590	-71.0433
49591	-71.7795
49592	-71.5828
49593	-70.8131
49594	-70.9111
49595	-71.1654
49596	-71.9258
49597	-70.7337
49598	-69.9055
49599	-64.9679
49600	-64.2125
49601	-69.51
49602	-72.9332
49603	-72.7778
49604	-73.2962
49605	-73.6118
49606	-73.5583
49607	-73.1499
49608	-73.6401
49609	-72.1566
49610	-68.4231
49611	-66.3733
49612	-68.8716
49613	-70.7178
49614	-69.8663
49615	-69.3612
49616	-68.76
49617	-67.8652
49618	-68.2304
49619	-64.8374
49620	-56.4923
49621	-50.7934
49622	-53.2927
49623	-61.7655
49624	-64.1318
49625	-66.025
49626	-66.8859
49627	-66.9753
49628	-67.6791
49629	-68.4424
49630	-68.9964
49631	-64.8786
49632	-62.6554
49633	-66.1953
49634	-67.9526
49635	-70.1743
49636	-71.0183
49637	-71.1578
49638	-70.3622
49639	-69.5009
49640	-67.1728
49641	-64.6146
49642	-62.6459
49643	-61.6198
49644	-62.3945
49645	-66.6976
49646	-69.23
49647	-70.3229
49648	-69.7858
49649	-69.6326
49650	-70.6158
49651	-71.4994
49652	-71.7284
49653	-72.0044
49654	-71.2281
49655	-71.89
49656	-72.7996
49657	-72.946
49658	-73.1035
49659	-73.4921
49660	-72.8894
49661	-72.1712
49662	-71.6038
49663	-71.7076
49664	-71.0871
49665	-69.4726
49666	-68.5525
49667	-66.8468
49668	-67.9555
49669	-69.8986
49670	-70.5871
49671	-71.0312
49672	-71.6487
49673	-72.3489
49674	-72.9688
49675	-73.0046
49676	-73.4403
49677	-73.439
49678	-72.8317
49679	-72.905
49680	-73.2281
49681	-71.5505
49682	-70.0382
49683	-69.8992
49684	-70.5214
49685	-70.9856
49686	-69.8585
49687	-68.7563
49688	-66.1341
49689	-61.9607
49690	-59.7
49691	-55.7379
49692	-50.3689
49693	-47.5776
49694	-50.3909
49695	-56.7056
49696	-60.2472
49697	-62.9013
49698	-63.4673
49699	-61.4657
49700	-62.7836
49701	-67.9864
49702	-70.6652
49703	-71.3601
49704	-71.712
49705	-71.1996
49706	-71.535
49707	-72.258
49708	-72.827
49709	-72.943
49710	-73.0033
49711	-72.8574
49712	-72.9641
49713	-72.9047
49714	-73.0164
49715	-72.2139
49716	-71.301
49717	-71.6629
49718	-72.5274
49719	-72.548
49720	-68.9644
49721	-65.1357
49722	-67.3915
49723	-70.8353
49724	-72.2649
49725	-72.9723
49726	-72.8147
49727	-72.3594
49728	-72.9512
49729	-73.3928
49730	-73.5904
49731	-72.2271
49732	-70.8542
49733	-70.808
49734	-71.3531
49735	-71.6744
49736	-71.9969
49737	-71.5384
49738	-70.7202
49739	-70.1564
49740	-67.9123
49741	-66.407
49742	-64.4945
49743	-63.0996
49744	-64.3669
49745	-65.3488
49746	-67.411
49747	-68.9966
49748	-68.6274
49749	-69.086
49750	-70.1289
49751	-69.5935
49752	-69.3807
49753	-68.8872
49754	-66.4669
49755	-66.6144
49756	-65.156
49757	-64.5917
49758	-68.3468
49759	-68.3087
49760	-67.8453
49761	-65.4802
49762	-64.0921
49763	-63.3452
49764	-61.7279
49765	-59.0521
49766	-59.7604
49767	-55.9477
49768	-55.5728
49769	-59.5014
49770	-62.651
49771	-66.6897
49772	-68.5153
49773	-68.9361
49774	-70.2739
49775	-70.0541
49776	-68.5907
49777	-67.9125
49778	-67.1949
49779	-69.9319
49780	-72.3254
49781	-73.3492
49782	-73.1205
49783	-73.2037
49784	-73.8675
49785	-73.4793
49786	-73.4761
49787	-72.1872
49788	-69.2219
49789	-64.6307
49790	-67.0893
49791	-70.5179
49792	-72.1341
49793	-71.6989
49794	-72.2693
49795	-71.6326
49796	-72.2904
49797	-72.1809
49798	-71.5419
49799	-70.4057
49800	-70.5962
49801	-70.7347
49802	-70.3037
49803	-70.5271
49804	-69.8822
49805	-68.4552
49806	-67.4047
49807	-66.8447
49808	-65.5949
49809	-63.9794
49810	-60.591
49811	-56.3816
49812	-55.1016
49813	-53.7081
49814	-50.0334
49815	-46.352
49816	-44.924
49817	-40.0678
49818	-39.0683
49819	-46.0561
49820	-52.3641
49821	-56.7816
49822	-60.9647
49823	-63.5789
49824	-64.7122
49825	-66.1916
49826	-67.4572
49827	-67.4557
49828	-67.8958
49829	-68.8593
49830	-69.6881
49831	-70.8052
49832	-71.5051
49833	-71.2051
49834	-72.0178
49835	-71.95
49836	-72.4545
49837	-72.7435
49838	-71.8576
49839	-72.1246
49840	-71.5882
49841	-71.1787
49842	-70.5648
49843	-69.3192
49844	-69.5109
49845	-71.4492
49846	-73.3506
49847	-73.4924
49848	-73.5804
49849	-72.7053
49850	-72.1895
49851	-72.3359
49852	-72.2099
49853	-72.2089
49854	-70.4965
49855	-69.4333
49856	-68.1605
49857	-68.6718
49858	-70.1768
49859	-68.5257
49860	-67.577
49861	-65.9657
49862	-63.8055
49863	-63.2492
49864	-61.5798
49865	-59.4509
49866	-60.0763
49867	-56.4855
49868	-55.7066
49869	-59.6919
49870	-62.9092
49871	-67.1281
49872	-67.7225
49873	-68.5517
49874	-69.1665
49875	-68.6326
49876	-65.9405
49877	-64.7505
49878	-62.8351
49879	-63.4621
49880	-68.1003
49881	-69.67
49882	-70.3506
49883	-69.7165
49884	-69.6508
49885	-69.2933
49886	-68.5614
49887	-67.0674
49888	-60.1
49889	-53.9028
49890	-56.8905
49891	-63.4349
49892	-67.8911
49893	-68.4534
49894	-69.7727
49895	-69.7318
49896	-70.2972
49897	-70.3475
49898	-70.5046
49899	-67.5074
49900	-67.9289
49901	-71.8775
49902	-73.1212
49903	-73.8413
49904	-73.6936
49905	-73.2425
49906	-73.0398
49907	-73.0481
49908	-73.3207
49909	-72.4849
49910	-69.1225
49911	-67.1397
49912	-70.7119
49913	-72.5839
49914	-73.5991
49915	-72.2028
49916	-71.4748
49917	-71.3585
49918	-72.8353
49919	-72.5137
49920	-72.7085
49921	-71.8821
49922	-72.013
49923	-72.7478
49924	-72.48
49925	-72.3792
49926	-72.1813
49927	-70.7896
49928	-70.544
49929	-69.8237
49930	-68.2535
49931	-66.2709
49932	-63.9581
49933	-62.7922
49934	-63.064
49935	-63.5633
49936	-61.4902
49937	-50.3686
49938	-33.3408
49939	-26.6469
49940	-29.5696
49941	-43.4344
49942	-57.5324
49943	-61.7958
49944	-63.217
49945	-64.5505
49946	-65.905
49947	-66.3968
49948	-67.235
49949	-67.455
49950	-68.4421
49951	-69.8432
49952	-72.2159
49953	-72.2081
49954	-72.3282
49955	-73.048
49956	-72.7798
49957	-72.6121
49958	-73.0546
49959	-72.2023
49960	-71.1221
49961	-69.7265
49962	-70.2318
49963	-70.7654
49964	-70.4005
49965	-68.3073
49966	-68.3595
49967	-66.9183
49968	-67.4774
49969	-69.7332
49970	-71.405
49971	-73.062
49972	-73.1946
49973	-72.9635
49974	-73.5476
49975	-73.6107
49976	-73.2204
49977	-72.3796
49978	-69.7321
49979	-69.0597
49980	-70.7134
49981	-70.8149
49982	-70.2322
49983	-68.9815
49984	-68.8007
49985	-69.0577
49986	-69.0531
49987	-67.4724
49988	-59.4598
49989	-52.4388
49990	-55.2974
49991	-62.3191
49992	-68.0164
49993	-68.3368
49994	-69.2277
49995	-70.5961
49996	-70.5274
49997	-70.0887
49998	-68.6281
49999	-65.1554
