0	-26.9597
1	-28.566
2	-44.6018
3	-61.5083
4	-61.7109
5	-63.7719
6	-65.4115
7	-66.3551
8	-69.9686
9	-71.4808
10	-71.2754
11	-71.6181
12	-72.6667
13	-73.2487
14	-73.1234
15	-73.7414
16	-73.646
17	-73.8053
18	-73.8333
19	-73.5875
20	-73.799
21	-72.1675
22	-71.16
23	-71.5667
24	-71.1498
25	-70.2879
26	-67.4196
27	-65.9458
28	-66.4511
29	-68.5881
30	-70.9112
31	-71.8696
32	-73.9575
33	-73.4799
34	-73.9088
35	-74.0648
36	-73.567
37	-73.9005
38	-73.7815
39	-72.472
40	-72.6774
41	-72.7665
42	-71.6293
43	-71.279
44	-70.9204
45	-69.0741
46	-67.4286
47	-66.9855
48	-67.1778
49	-67.2082
50	-66.6852
51	-67.0272
52	-67.1897
53	-67.1037
54	-68.0202
55	-70.1957
56	-70.9172
57	-71.6405
58	-72.0054
59	-71.032
60	-68.0771
61	-65.0262
62	-63.567
63	-64.5828
64	-66.9161
65	-69.501
66	-70.0348
67	-68.3138
68	-66.832
69	-63.9179
70	-59.9308
71	-56.3757
72	-52.8836
73	-52.2532
74	-54.5065
75	-59.7775
76	-64.0943
77	-66.9227
78	-68.7923
79	-70.3651
80	-71.011
81	-70.5443
82	-68.5343
83	-67.1402
84	-68.6508
85	-71.6944
86	-72.9839
87	-73.0304
88	-73.9692
89	-73.4793
90	-72.6935
91	-72.8492
92	-70.8507
93	-67.7844
94	-67.797
95	-69.7238
96	-67.3402
97	-68.9433
98	-71.6299
99	-71.7768
100	-71.3326
101	-72.281
102	-71.7586
103	-71.6549
104	-71.4869
105	-72.3495
106	-72.2142
107	-71.7603
108	-71.4037
109	-71.0983
110	-70.4789
111	-69.0245
112	-68.2922
113	-67.3805
114	-66.6516
115	-64.6396
116	-62.4181
117	-60.7714
118	-59.088
119	-55.278
120	-47.872
121	-41.1844
122	-33.1156
123	-32.4805
124	-38.6096
125	-46.9887
126	-54.8565
127	-58.3381
128	-60.3694
129	-62.8507
130	-65.4896
131	-66.6914
132	-67.7766
133	-68.0286
134	-68.2572
135	-68.541
136	-70.6262
137	-71.4731
138	-71.8643
139	-72.177
140	-71.0016
141	-71.9062
142	-72.3134
143	-72.4791
144	-72.4583
145	-71.9225
146	-72.0878
147	-72.8093
148	-72.7228
149	-71.4387
150	-69.9994
151	-71.8482
152	-73.0575
153	-72.8788
154	-71.9906
155	-72.6559
156	-73.2095
157	-73.3659
158	-73.1858
159	-73.0501
160	-71.8096
161	-69.1599
162	-67.9474
163	-68.4156
164	-70.2588
165	-69.9505
166	-69.269
167	-68.657
168	-66.8406
169	-64.2976
170	-60.5654
171	-56.7944
172	-53.0021
173	-52.9586
174	-55.1333
175	-60.1018
176	-64.8047
177	-67.1999
178	-69.4123
179	-69.9117
180	-69.9496
181	-66.9094
182	-62.8274
183	-61.5594
184	-64.0929
185	-65.4161
186	-66.2321
187	-69.0553
188	-70.4075
189	-69.9856
190	-68.0452
191	-66.0349
192	-62.3159
193	-57.1084
194	-56.5184
195	-59.9675
196	-56.9044
197	-59.5898
198	-64.7682
199	-68.4468
200	-68.8548
201	-69.1433
202	-71.0422
203	-70.2365
204	-70.7106
205	-70.6931
206	-70.7598
207	-71.0311
208	-72.7317
209	-73.2269
210	-73.2397
211	-73.0075
212	-72.7189
213	-73.0831
214	-72.5261
215	-72.4357
216	-70.2664
217	-70.5795
218	-69.9956
219	-71.6625
220	-71.9312
221	-71.6448
222	-71.7998
223	-72.0692
224	-71.7054
225	-72.3114
226	-72.5641
227	-72.4266
228	-72.241
229	-71.7562
230	-71.6194
231	-71.0624
232	-70.4843
233	-69.223
234	-69.1181
235	-68.9001
236	-68.4233
237	-66.3674
238	-64.7967
239	-60.3666
240	-58.2657
241	-57.3292
242	-50.8113
243	-42.9267
244	-42.5614
245	-47.3793
246	-42.3075
247	-46.3626
248	-54.3467
249	-60.0154
250	-62.322
251	-64.0802
252	-66.1829
253	-68.2829
254	-68.4069
255	-69.6624
256	-69.8286
257	-70.0926
258	-71.1473
259	-72.1341
260	-71.9979
261	-72.5161
262	-72.1587
263	-72.0041
264	-71.512
265	-71.9317
266	-71.0733
267	-71.6414
268	-70.9707
269	-70.5772
270	-69.6865
271	-67.6063
272	-65.4505
273	-65.2714
274	-67.2803
275	-69.8532
276	-71.5631
277	-72.8332
278	-72.9769
279	-72.2271
280	-72.1897
281	-72.4606
282	-71.3086
283	-69.3475
284	-70.3274
285	-70.039
286	-69.9911
287	-70.0533
288	-69.6844
289	-68.6301
290	-67.5274
291	-65.6218
292	-60.9202
293	-56.013
294	-55.7536
295	-58.79
296	-55.2518
297	-58.6862
298	-63.78
299	-68.0253
300	-68.2896
301	-69.6793
302	-70.0562
303	-68.0726
304	-66.8408
305	-67.5125
306	-66.2256
307	-66.3839
308	-68.9223
309	-70.7093
310	-70.3695
311	-70.8612
312	-69.5935
313	-67.5979
314	-66.0101
315	-62.1181
316	-58.8623
317	-58.6352
318	-59.8515
319	-61.1641
320	-64.3086
321	-65.959
322	-67.8071
323	-69.0282
324	-68.997
325	-70.6386
326	-70.6246
327	-70.7137
328	-71.2003
329	-71.2965
330	-70.7125
331	-72.1725
332	-71.4931
333	-72.404
334	-71.3812
335	-71.5895
336	-70.3617
337	-70.5777
338	-69.5125
339	-63.1349
340	-62.4279
341	-67.6104
342	-69.7952
343	-69.4661
344	-69.5039
345	-69.3235
346	-70.3821
347	-70.3904
348	-71.8319
349	-71.3068
350	-70.742
351	-71.5167
352	-71.1265
353	-71.3821
354	-70.4977
355	-70.5986
356	-69.7136
357	-69.1329
358	-69.4979
359	-68.2741
360	-67.5626
361	-65.48
362	-64.4168
363	-61.5134
364	-58.3288
365	-49.533
366	-44.7739
367	-41.162
368	-45.3592
369	-48.438
370	-55.8604
371	-59.2559
372	-60.2797
373	-61.3658
374	-64.5322
375	-66.7224
376	-67.9404
377	-69.1088
378	-68.4994
379	-69.7388
380	-69.3872
381	-69.6032
382	-69.2052
383	-69.5843
384	-69.4514
385	-69.8393
386	-69.5515
387	-68.8119
388	-70.4163
389	-68.5365
390	-69.2333
391	-68.7132
392	-68.7516
393	-66.7631
394	-66.8567
395	-67.9584
396	-66.652
397	-67.5014
398	-68.7729
399	-68.8837
400	-69.2386
401	-68.7117
402	-69.2027
403	-68.3637
404	-68.3517
405	-68.4882
406	-67.2991
407	-68.398
408	-67.7197
409	-67.8661
410	-67.1003
411	-67.9811
412	-67.2196
413	-65.9673
414	-64.3558
415	-63.2977
416	-60.8281
417	-62.0249
418	-61.2732
419	-62.2589
420	-63.5153
421	-64.1868
422	-65.4136
423	-65.9571
424	-65.4878
425	-65.8611
426	-65.03
427	-65.1244
428	-63.4398
429	-59.7369
430	-61.2417
431	-64.7255
432	-64.798
433	-64.5403
434	-64.5748
435	-62.5341
436	-60.8095
437	-60.5745
438	-58.1212
439	-49.5501
440	-48.5419
441	-56.6018
442	-60.0396
443	-60.4944
444	-61.4118
445	-62.9358
446	-62.7942
447	-62.7963
448	-63.0602
449	-61.9527
450	-62.2883
451	-62.1057
452	-61.9026
453	-61.8863
454	-61.4379
455	-61.5335
456	-60.7321
457	-61.0809
458	-60.5995
459	-60.1172
460	-60.165
461	-59.9816
462	-59.3269
463	-59.5233
464	-58.9114
465	-58.5055
466	-58.4146
467	-57.9736
468	-57.5992
469	-57.3016
470	-57.0593
471	-56.6699
472	-56.2052
473	-55.9743
474	-55.382
475	-55.2918
476	-54.7263
477	-54.6519
478	-54.1051
479	-54.2
480	-53.9248
481	-53.995
482	-55.9948
483	-57.5295
484	-60.9711
485	-53.4973
486	-51.1187
487	-21.6961
488	6.44769
489	17.201
490	18.0664
491	9.40651
492	-13.7904
493	-54.6607
494	-52.0137
495	-60.3637
496	-59.1747
497	-55.1352
498	-54.7631
499	-53.8447
500	-53.8989
501	-54.3457
502	-54.3472
503	-54.8751
504	-55.0075
505	-55.5964
506	-55.7038
507	-56.2647
508	-56.6122
509	-56.9461
510	-57.2847
511	-57.639
512	-57.9362
513	-58.1296
514	-58.6561
515	-58.9137
516	-59.1165
517	-59.7462
518	-59.547
519	-59.9623
520	-60.4909
521	-60.4691
522	-60.5884
523	-61.376
524	-61.0099
525	-61.6292
526	-61.6826
527	-62.0522
528	-62.3242
529	-61.7771
530	-62.6826
531	-62.3049
532	-63.2105
533	-63.4925
534	-62.7754
535	-61.8452
536	-60.414
537	-60.0696
538	-57.4444
539	-49.4593
540	-48.6221
541	-56.5359
542	-60.4534
543	-60.9807
544	-62.3126
545	-64.0697
546	-64.6213
547	-64.8554
548	-64.8397
549	-62.3586
550	-59.2277
551	-62.8476
552	-65.0628
553	-65.723
554	-65.284
555	-65.8148
556	-65.5468
557	-65.632
558	-64.8319
559	-63.4899
560	-62.9656
561	-62.8413
562	-62.0931
563	-62.4584
564	-62.7063
565	-64.2223
566	-65.7772
567	-66.7033
568	-66.6
569	-67.7283
570	-67.2417
571	-68.1641
572	-67.6644
573	-68.7807
574	-67.8319
575	-68.1737
576	-69.0014
577	-68.5201
578	-69.225
579	-69.0004
580	-68.9016
581	-69.0177
582	-67.9532
583	-66.7934
584	-66.6967
585	-67.5981
586	-66.8461
587	-67.5868
588	-69.0566
589	-68.9481
590	-69.5249
591	-68.833
592	-70.6293
593	-69.3449
594	-69.6558
595	-70.0713
596	-69.0486
597	-69.6141
598	-69.5303
599	-69.7454
600	-69.2596
601	-69.7255
602	-68.5888
603	-68.4338
604	-67.2106
605	-64.5972
606	-62.1926
607	-60.5168
608	-60.1266
609	-57.6799
610	-50.4458
611	-47.8041
612	-42.4707
613	-45.5851
614	-48.8131
615	-57.5265
616	-61.7324
617	-63.7869
618	-65.8339
619	-67.5165
620	-68.6973
621	-69.2054
622	-69.3603
623	-69.2002
624	-70.2026
625	-71.2665
626	-70.6307
627	-71.4513
628	-71.394
629	-71.1465
630	-71.2008
631	-71.7823
632	-71.4024
633	-69.902
634	-70.7028
635	-69.6612
636	-69.5081
637	-70.2104
638	-69.1611
639	-62.7151
640	-62.8794
641	-68.5038
642	-70.0504
643	-70.8771
644	-70.6919
645	-72.2123
646	-71.2375
647	-72.4353
648	-71.4122
649	-71.8642
650	-71.0402
651	-70.8772
652	-70.791
653	-70.8586
654	-70.2309
655	-69.9932
656	-68.9906
657	-67.827
658	-66.3361
659	-64.9768
660	-61.9801
661	-60.5058
662	-59.6361
663	-59.7047
664	-61.8471
665	-65.5259
666	-68.0821
667	-69.1262
668	-70.6395
669	-70.4379
670	-70.185
671	-70.0331
672	-66.8233
673	-66.2968
674	-68.0723
675	-65.8126
676	-67.7209
677	-69.9405
678	-69.5145
679	-68.7548
680	-67.7893
681	-65.0498
682	-59.0689
683	-54.8994
684	-57.3839
685	-55.9755
686	-55.1144
687	-59.8603
688	-64.8715
689	-67.5039
690	-68.2226
691	-69.5348
692	-70.8977
693	-69.8644
694	-69.4604
695	-69.9721
696	-69.728
697	-70.608
698	-72.3164
699	-71.8375
700	-72.3244
701	-72.7689
702	-72.9587
703	-72.0579
704	-70.5654
705	-67.7278
706	-65.8284
707	-64.8861
708	-66.8212
709	-69.8808
710	-70.3752
711	-71.4165
712	-70.8723
713	-71.4582
714	-71.0588
715	-71.6144
716	-71.6759
717	-72.9916
718	-72.0712
719	-72.1661
720	-71.4603
721	-71.6817
722	-70.4646
723	-69.6511
724	-69.3946
725	-68.975
726	-67.2621
727	-66.8979
728	-64.6257
729	-62.2268
730	-60.2944
731	-55.1359
732	-47.4175
733	-41.9111
734	-45.3251
735	-43.1326
736	-41.7432
737	-48.6074
738	-55.8291
739	-58.1814
740	-59.5007
741	-64.0383
742	-66.2237
743	-67.2202
744	-68.6481
745	-68.9716
746	-69.206
747	-70.2157
748	-70.6339
749	-70.9371
750	-72.0675
751	-72.0295
752	-72.3161
753	-72.3659
754	-72.5794
755	-71.6929
756	-71.8895
757	-72.774
758	-71.7993
759	-71.965
760	-71.9028
761	-70.7875
762	-69.6408
763	-71.3962
764	-70.9663
765	-72.7882
766	-73.1898
767	-72.9933
768	-73.1446
769	-73.2931
770	-73.0887
771	-72.8182
772	-70.9363
773	-70.0815
774	-71.2591
775	-69.7998
776	-70.4919
777	-70.3611
778	-69.5222
779	-68.8721
780	-68.6403
781	-65.6848
782	-60.1708
783	-56.4277
784	-58.767
785	-56.9791
786	-56.0314
787	-61.4779
788	-65.7634
789	-67.7505
790	-69.1857
791	-70.4189
792	-69.4517
793	-66.3389
794	-65.2235
795	-64.0261
796	-61.9903
797	-61.7329
798	-66.1265
799	-69.5584
800	-69.9031
801	-69.4395
802	-68.0517
803	-64.7574
804	-61.7783
805	-56.1344
806	-53.6449
807	-52.6083
808	-56.8243
809	-59.8501
810	-63.9055
811	-66.4669
812	-68.6616
813	-69.5423
814	-69.6477
815	-69.9404
816	-69.4173
817	-67.6548
818	-68.9953
819	-71.7606
820	-73.3917
821	-73.6015
822	-73.5657
823	-73.2855
824	-72.778
825	-72.6022
826	-72.7689
827	-72.6115
828	-72.0085
829	-70.2901
830	-71.2352
831	-72.2658
832	-72.5638
833	-72.1579
834	-72.3115
835	-72.2977
836	-72.6241
837	-72.421
838	-72.2356
839	-71.9254
840	-71.305
841	-72.5674
842	-71.8228
843	-70.2432
844	-69.1932
845	-67.9107
846	-68.2024
847	-68.4168
848	-67.0645
849	-65.893
850	-63.4607
851	-60.6167
852	-58.6741
853	-55.7752
854	-49.1815
855	-39.7235
856	-33.7939
857	-32.6868
858	-40.4649
859	-45.9986
860	-54.4902
861	-58.8629
862	-60.6682
863	-62.5278
864	-64.4582
865	-66.4354
866	-67.8579
867	-68.3241
868	-69.0653
869	-70.4246
870	-71.3601
871	-71.5422
872	-72.0801
873	-72.0842
874	-73.1958
875	-71.7408
876	-71.9053
877	-72.4025
878	-72.0714
879	-71.7076
880	-72.6596
881	-71.6955
882	-69.4513
883	-67.1755
884	-69.0814
885	-68.011
886	-67.4464
887	-70.1857
888	-72.5497
889	-73.4491
890	-73.9736
891	-73.6198
892	-74.0776
893	-72.7552
894	-72.0981
895	-69.5727
896	-67.551
897	-67.9492
898	-70.1365
899	-70.7173
900	-71.1676
901	-69.4513
902	-67.1296
903	-64.8657
904	-61.0347
905	-55.4354
906	-52.9726
907	-52.4868
908	-55.9798
909	-59.5028
910	-63.4345
911	-66.1588
912	-68.6036
913	-69.8991
914	-69.9267
915	-67.7826
916	-65.1328
917	-63.5172
918	-65.5704
919	-67.1952
920	-70.6533
921	-72.3982
922	-71.6978
923	-71.0197
924	-70.4292
925	-68.2887
926	-67.5016
927	-67.0172
928	-66.4966
929	-64.0579
930	-65.9307
931	-67.4941
932	-66.9339
933	-67.21
934	-68.6565
935	-70.6082
936	-71.4741
937	-71.5438
938	-72.8823
939	-72.9469
940	-73.1392
941	-73.2341
942	-73.7214
943	-73.6471
944	-73.6861
945	-73.9239
946	-73.2634
947	-73.6301
948	-72.7194
949	-71.0969
950	-68.7155
951	-67.1559
952	-65.4992
953	-66.8334
954	-69.6949
955	-71.2661
956	-71.4323
957	-71.1698
958	-72.4583
959	-73.6769
960	-74.1225
961	-74.2577
962	-73.7581
963	-74.0666
964	-74.1781
965	-73.3782
966	-73.591
967	-73.0092
968	-71.372
969	-71.6786
970	-71.7228
971	-70.4163
972	-67.1147
973	-65.7429
974	-64.4021
975	-62.1001
976	-61.7392
977	-39.0595
978	-20.0383
979	-13.5761
980	-16.4095
981	-29.7785
982	-60.1435
983	-61.6409
984	-62.9903
985	-64.8798
986	-65.9746
987	-69.1925
988	-71.7404
989	-71.8517
990	-71.4464
991	-72.4349
992	-73.6932
993	-73.6418
994	-73.7322
995	-74.0033
996	-73.981
997	-74.1056
998	-73.7842
999	-74.2091
1000	-72.7388
1001	-71.2539
1002	-71.4355
1003	-71.2253
1004	-70.9484
1005	-68.1088
1006	-66.588
1007	-66.2166
1008	-68.28
1009	-70.4532
1010	-72.2858
1011	-73.3816
1012	-73.7933
1013	-73.6232
1014	-73.7784
1015	-74.5835
1016	-73.8615
1017	-73.796
1018	-73.3599
1019	-72.8965
1020	-72.916
1021	-72.3502
1022	-71.4243
1023	-71.6623
1024	-69.8285
1025	-67.8524
1026	-67.2121
1027	-67.2353
1028	-67.7769
1029	-69.8219
1030	-68.1387
1031	-67.2653
1032	-66.8897
1033	-68.0023
1034	-69.3609
1035	-71.1089
1036	-71.7535
1037	-72.2347
1038	-71.3566
1039	-68.048
1040	-65.3886
1041	-63.6031
1042	-64.1763
1043	-66.2897
1044	-69.2803
1045	-69.9133
1046	-69.4602
1047	-67.2329
1048	-64.1996
1049	-60.6819
1050	-56.6274
1051	-53.6524
1052	-51.6494
1053	-53.8754
1054	-58.3372
1055	-63.7231
1056	-66.324
1057	-68.646
1058	-70.5138
1059	-71.3615
1060	-70.3946
1061	-68.9405
1062	-66.9026
1063	-68.2148
1064	-71.6659
1065	-73.2491
1066	-73.7054
1067	-74.1265
1068	-74.1805
1069	-73.7023
1070	-73.5496
1071	-71.4981
1072	-68.5979
1073	-67.9378
1074	-69.8671
1075	-67.8365
1076	-68.7178
1077	-71.2953
1078	-72.5897
1079	-71.9633
1080	-71.7999
1081	-72.5664
1082	-72.0799
1083	-71.7298
1084	-72.4547
1085	-72.616
1086	-72.0445
1087	-71.3864
1088	-71.5807
1089	-70.5384
1090	-69.5994
1091	-68.0022
1092	-67.6306
1093	-66.9842
1094	-64.9264
1095	-62.8025
1096	-61.052
1097	-59.3243
1098	-56.1703
1099	-49.4698
1100	-41.8313
1101	-33.8505
1102	-31.5905
1103	-37.7503
1104	-44.695
1105	-53.7787
1106	-57.754
1107	-59.9902
1108	-62.4758
1109	-65.3954
1110	-66.346
1111	-67.9102
1112	-67.8714
1113	-68.2444
1114	-68.6929
1115	-70.3217
1116	-71.4294
1117	-71.9987
1118	-71.9745
1119	-71.5409
1120	-72.4513
1121	-72.2983
1122	-72.5157
1123	-72.8507
1124	-72.5028
1125	-72.1764
1126	-72.6996
1127	-73.0609
1128	-71.8097
1129	-69.8049
1130	-71.3477
1131	-73.1207
1132	-73.1224
1133	-72.5043
1134	-73.211
1135	-73.2714
1136	-73.9677
1137	-73.9168
1138	-73.6324
1139	-72.5712
1140	-69.9522
1141	-67.7793
1142	-68.5543
1143	-70.1973
1144	-69.9945
1145	-69.5743
1146	-68.9153
1147	-67.1991
1148	-64.824
1149	-61.2666
1150	-56.99
1151	-53.826
1152	-52.124
1153	-54.3252
1154	-59.0169
1155	-63.8691
1156	-66.6479
1157	-69.2361
1158	-69.9759
1159	-70.0266
1160	-67.7923
1161	-63.4953
1162	-61.4746
1163	-63.6358
1164	-65.8289
1165	-66.1201
1166	-69.072
1167	-70.6539
1168	-70.4855
1169	-68.7255
1170	-67.0471
1171	-63.7489
1172	-58.7041
1173	-56.6011
1174	-60.552
1175	-57.5191
1176	-59.1627
1177	-64.5474
1178	-68.7195
1179	-69.1185
1180	-69.4751
1181	-70.7437
1182	-70.973
1183	-70.5089
1184	-71.0591
1185	-71.3168
1186	-71.4856
1187	-72.8749
1188	-74.2552
1189	-74.1416
1190	-73.9627
1191	-74.1397
1192	-73.637
1193	-73.2591
1194	-72.3825
1195	-70.7503
1196	-70.1517
1197	-70.2211
1198	-71.9004
1199	-72.4444
1200	-72.2596
1201	-72.48
1202	-72.8134
1203	-71.9857
1204	-72.659
1205	-73.1089
1206	-73.2422
1207	-72.8046
1208	-72.8896
1209	-72.4472
1210	-71.9407
1211	-71.0938
1212	-70.0395
1213	-69.6674
1214	-69.5093
1215	-68.641
1216	-67.3277
1217	-65.5915
1218	-61.386
1219	-58.4487
1220	-58.5898
1221	-52.4021
1222	-44.4995
1223	-42.4391
1224	-48.3175
1225	-43.0329
1226	-45.4132
1227	-53.4105
1228	-59.9175
1229	-62.0431
1230	-64.3015
1231	-66.5268
1232	-68.359
1233	-69.245
1234	-70.1579
1235	-70.3208
1236	-71.0138
1237	-71.8706
1238	-72.9762
1239	-72.7033
1240	-73.6266
1241	-73.3908
1242	-73.2377
1243	-72.6955
1244	-72.3851
1245	-72.3647
1246	-71.4305
1247	-71.6188
1248	-71.1381
1249	-70.8697
1250	-68.1508
1251	-65.8512
1252	-65.048
1253	-66.845
1254	-70.0912
1255	-72.4923
1256	-73.831
1257	-74.422
1258	-73.8078
1259	-73.727
1260	-73.997
1261	-73.3143
1262	-70.2809
1263	-70.6788
1264	-71.0335
1265	-70.3396
1266	-71.2835
1267	-70.6865
1268	-69.2831
1269	-68.0956
1270	-66.5284
1271	-62.7479
1272	-57.2744
1273	-55.5693
1274	-59.7171
1275	-55.902
1276	-58.0014
1277	-63.3298
1278	-68.2438
1279	-69.3745
1280	-70.1362
1281	-71.3481
1282	-69.9825
1283	-66.9718
1284	-68.3798
1285	-67.5679
1286	-66.8228
1287	-69.0334
1288	-71.4053
1289	-71.6025
1290	-71.6327
1291	-70.7411
1292	-69.1028
1293	-66.5015
1294	-62.6841
1295	-58.4649
1296	-57.9867
1297	-59.2303
1298	-60.1389
1299	-63.8197
1300	-65.6572
1301	-67.7907
1302	-69.3296
1303	-70.0483
1304	-71.2004
1305	-71.6908
1306	-71.7491
1307	-71.8121
1308	-72.2786
1309	-73.2916
1310	-73.9041
1311	-73.8277
1312	-74.4827
1313	-73.9304
1314	-73.5291
1315	-72.3146
1316	-71.9222
1317	-71.2089
1318	-64.715
1319	-61.8397
1320	-67.1065
1321	-70.9424
1322	-71.1742
1323	-70.4329
1324	-70.9907
1325	-71.8496
1326	-73.0073
1327	-74.0563
1328	-74.0511
1329	-72.7275
1330	-73.7121
1331	-74.5747
1332	-73.965
1333	-72.8321
1334	-72.3516
1335	-71.1397
1336	-70.4729
1337	-70.6648
1338	-69.6924
1339	-68.937
1340	-66.655
1341	-64.7627
1342	-62.3873
1343	-58.7976
1344	-50.4768
1345	-44.1171
1346	-40.347
1347	-42.7147
1348	-47.0265
1349	-54.1776
1350	-58.7384
1351	-60.324
1352	-61.0284
1353	-64.0288
1354	-66.9595
1355	-69.3485
1356	-70.1078
1357	-70.1682
1358	-71.778
1359	-72.4377
1360	-72.2291
1361	-72.3577
1362	-72.6042
1363	-73.6705
1364	-73.909
1365	-72.6306
1366	-72.3642
1367	-72.6511
1368	-72.0321
1369	-72.2983
1370	-72.5222
1371	-71.5401
1372	-69.2191
1373	-68.9335
1374	-70.3851
1375	-68.5319
1376	-70.1102
1377	-72.4789
1378	-73.7729
1379	-73.7446
1380	-73.6215
1381	-73.9147
1382	-73.8353
1383	-73.2737
1384	-72.8354
1385	-71.7494
1386	-72.0773
1387	-71.1093
1388	-72.0913
1389	-71.3359
1390	-71.0277
1391	-70.3526
1392	-68.6951
1393	-66.8477
1394	-63.9399
1395	-60.4709
1396	-60.8609
1397	-61.3048
1398	-61.9811
1399	-64.4105
1400	-65.9395
1401	-68.4516
1402	-69.8979
1403	-70.071
1404	-70.098
1405	-68.6628
1406	-67.5831
1407	-66.9733
1408	-60.5779
1409	-60.5533
1410	-67.0771
1411	-69.392
1412	-69.4353
1413	-69.1896
1414	-66.047
1415	-63.5884
1416	-62.3618
1417	-59.7278
1418	-50.7964
1419	-48.1336
1420	-54.4929
1421	-61.6436
1422	-62.6916
1423	-64.4695
1424	-67.714
1425	-69.6964
1426	-69.5966
1427	-70.8705
1428	-68.1857
1429	-65.0614
1430	-67.1837
1431	-71.5413
1432	-71.4044
1433	-72.3156
1434	-72.2019
1435	-70.9708
1436	-71.8924
1437	-71.4585
1438	-70.0746
1439	-70.5401
1440	-69.3228
1441	-68.8009
1442	-68.8119
1443	-68.8839
1444	-69.5832
1445	-70.1951
1446	-69.6066
1447	-69.811
1448	-69.239
1449	-68.9723
1450	-68.6303
1451	-68.9779
1452	-68.7522
1453	-68.0266
1454	-68.0485
1455	-67.3742
1456	-66.7008
1457	-65.7542
1458	-65.4462
1459	-64.6108
1460	-63.7587
1461	-64.2281
1462	-61.8945
1463	-61.2894
1464	-58.1078
1465	-54.7791
1466	-42.2387
1467	-6.61359
1468	6.42655
1469	9.03386
1470	2.32853
1471	-17.0981
1472	-53.7431
1473	-55.922
1474	-60.0295
1475	-62.4724
1476	-62.8915
1477	-64.8118
1478	-63.8962
1479	-64.39
1480	-65.9311
1481	-66.022
1482	-67.1279
1483	-67.59
1484	-67.9516
1485	-68.0776
1486	-68.6579
1487	-69.277
1488	-68.3028
1489	-69.2568
1490	-69.2005
1491	-69.6661
1492	-69.3819
1493	-69.9523
1494	-69.2089
1495	-67.9949
1496	-68.5458
1497	-68.3146
1498	-69.286
1499	-70.7862
1500	-70.111
1501	-70.8969
1502	-71.7969
1503	-71.102
1504	-71.8613
1505	-72.0847
1506	-71.2251
1507	-70.5681
1508	-65.2829
1509	-66.2372
1510	-69.4979
1511	-70.4156
1512	-69.8134
1513	-68.7439
1514	-66.2939
1515	-63.3702
1516	-62.0276
1517	-59.6183
1518	-50.553
1519	-48.0795
1520	-54.6753
1521	-61.7061
1522	-62.6973
1523	-64.5105
1524	-67.8127
1525	-69.4782
1526	-69.9693
1527	-68.9348
1528	-64.6244
1529	-59.5434
1530	-62.9809
1531	-68.4353
1532	-68.7877
1533	-70.2401
1534	-70.611
1535	-70.3256
1536	-69.8412
1537	-67.6723
1538	-65.8296
1539	-65.1574
1540	-64.1725
1541	-65.0736
1542	-63.9163
1543	-64.3194
1544	-66.7359
1545	-68.1756
1546	-69.0511
1547	-70.5506
1548	-71.3516
1549	-71.6057
1550	-72.0082
1551	-71.8402
1552	-72.9517
1553	-72.6449
1554	-72.8174
1555	-74.016
1556	-73.9261
1557	-73.824
1558	-73.6243
1559	-74.1029
1560	-73.3491
1561	-71.037
1562	-68.5014
1563	-68.7073
1564	-69.6539
1565	-67.9101
1566	-69.7903
1567	-72.0956
1568	-72.1698
1569	-72.0749
1570	-72.1195
1571	-72.8692
1572	-72.9289
1573	-73.4181
1574	-74.4704
1575	-73.0354
1576	-72.6755
1577	-72.9649
1578	-72.9423
1579	-73.1058
1580	-72.1943
1581	-70.6472
1582	-70.7378
1583	-69.2107
1584	-66.2984
1585	-63.3262
1586	-61.1076
1587	-61.0773
1588	-59.1632
1589	-53.0232
1590	-49.0416
1591	-44.4482
1592	-45.8307
1593	-48.9687
1594	-57.3883
1595	-61.4977
1596	-64.0702
1597	-65.9175
1598	-67.9305
1599	-69.6965
1600	-70.9859
1601	-71.4535
1602	-70.76
1603	-71.695
1604	-72.8111
1605	-73.3138
1606	-74.1314
1607	-74.7978
1608	-73.1546
1609	-73.4028
1610	-74.7254
1611	-74.1613
1612	-71.7352
1613	-71.9179
1614	-70.8244
1615	-70.608
1616	-71.7417
1617	-70.3642
1618	-64.1134
1619	-62.1512
1620	-68.2627
1621	-71.9602
1622	-71.943
1623	-72.5747
1624	-73.776
1625	-74.0211
1626	-74.4044
1627	-73.6932
1628	-74.1495
1629	-73.0054
1630	-72.8596
1631	-72.943
1632	-72.6204
1633	-71.8562
1634	-70.812
1635	-70.0533
1636	-69.0845
1637	-67.5184
1638	-65.7688
1639	-63.6835
1640	-61.6497
1641	-61.0688
1642	-60.5141
1643	-61.8228
1644	-65.7944
1645	-67.9533
1646	-69.8387
1647	-71.382
1648	-71.8679
1649	-71.9525
1650	-71.6832
1651	-67.6309
1652	-65.7816
1653	-68.2699
1654	-66.1425
1655	-66.9412
1656	-70.4518
1657	-70.8264
1658	-69.6686
1659	-68.7929
1660	-65.9823
1661	-60.1717
1662	-55.0918
1663	-56.0873
1664	-56.9049
1665	-54.4101
1666	-58.8828
1667	-64.2326
1668	-67.1749
1669	-68.8233
1670	-69.746
1671	-71.1035
1672	-70.8656
1673	-69.6952
1674	-70.7705
1675	-69.2899
1676	-70.931
1677	-73.7657
1678	-73.5789
1679	-73.4173
1680	-74.4142
1681	-74.4108
1682	-73.3044
1683	-71.7066
1684	-68.8693
1685	-66.5494
1686	-65.0012
1687	-67.2384
1688	-69.6773
1689	-71.1351
1690	-71.5876
1691	-72.0873
1692	-72.3
1693	-72.2935
1694	-72.3512
1695	-72.7735
1696	-73.1127
1697	-72.8573
1698	-72.8361
1699	-72.3773
1700	-72.0411
1701	-71.1965
1702	-70.1584
1703	-69.7783
1704	-69.3131
1705	-68.1002
1706	-66.9262
1707	-65.1116
1708	-62.3877
1709	-60.5049
1710	-56.1956
1711	-48.8056
1712	-41.8835
1713	-43.5462
1714	-44.0747
1715	-40.9467
1716	-46.4039
1717	-54.3125
1718	-58.1193
1719	-58.9436
1720	-63.2364
1721	-65.6603
1722	-67.2614
1723	-68.5682
1724	-69.1893
1725	-69.1332
1726	-70.5759
1727	-70.9769
1728	-71.6451
1729	-72.5668
1730	-72.4186
1731	-72.7671
1732	-72.9601
1733	-72.9874
1734	-72.3077
1735	-72.5349
1736	-73.0965
1737	-72.5825
1738	-72.452
1739	-72.715
1740	-71.6628
1741	-70.4641
1742	-71.1344
1743	-71.98
1744	-73.3419
1745	-74.0516
1746	-73.5062
1747	-74.0829
1748	-74.1076
1749	-74.2382
1750	-73.5681
1751	-71.9455
1752	-70.3388
1753	-71.1337
1754	-70.3486
1755	-70.4191
1756	-70.8141
1757	-70.0211
1758	-69.1741
1759	-69.0469
1760	-66.4044
1761	-61.0024
1762	-56.2434
1763	-57.5098
1764	-57.3975
1765	-55.2639
1766	-60.0062
1767	-64.6938
1768	-67.6572
1769	-69.0723
1770	-70.7225
1771	-70.0847
1772	-67.0862
1773	-65.1101
1774	-64.351
1775	-62.5157
1776	-61.5738
1777	-65.5429
1778	-69.3749
1779	-70.1684
1780	-70.0323
1781	-68.5499
1782	-65.6802
1783	-62.735
1784	-57.2092
1785	-54.2626
1786	-52.5994
1787	-56.6895
1788	-59.3706
1789	-63.6309
1790	-66.2501
1791	-68.5703
1792	-69.6584
1793	-69.826
1794	-70.6354
1795	-69.8467
1796	-68.0352
1797	-68.8578
1798	-71.6503
1799	-74.011
1800	-73.8536
1801	-74.1613
1802	-73.8682
1803	-73.0203
1804	-72.8438
1805	-73.1379
1806	-73.4799
1807	-72.9118
1808	-70.8335
1809	-71.0709
1810	-72.5523
1811	-73.2117
1812	-72.5297
1813	-72.1955
1814	-72.4
1815	-72.9727
1816	-72.7504
1817	-72.6785
1818	-72.236
1819	-72.3048
1820	-72.5557
1821	-72.4117
1822	-70.8821
1823	-69.9838
1824	-68.354
1825	-68.6025
1826	-68.3659
1827	-67.4998
1828	-66.169
1829	-64.1012
1830	-61.3362
1831	-59.0707
1832	-56.6607
1833	-51.0951
1834	-41.1938
1835	-35.5255
1836	-32.6455
1837	-38.3823
1838	-44.6557
1839	-53.4815
1840	-58.4996
1841	-60.52
1842	-62.3498
1843	-64.1258
1844	-66.2908
1845	-67.9334
1846	-68.5399
1847	-69.158
1848	-70.3393
1849	-71.7364
1850	-71.7353
1851	-72.4422
1852	-72.544
1853	-73.4456
1854	-72.2715
1855	-72.258
1856	-72.5969
1857	-72.1857
1858	-71.9231
1859	-72.3931
1860	-72.1331
1861	-69.9349
1862	-67.0759
1863	-68.438
1864	-68.5379
1865	-67.0109
1866	-69.5208
1867	-72.8143
1868	-73.178
1869	-74.2832
1870	-74.0656
1871	-73.9564
1872	-73.7939
1873	-72.7796
1874	-70.2338
1875	-68.0119
1876	-67.9421
1877	-70.1167
1878	-71.2918
1879	-70.9896
1880	-69.6953
1881	-67.6355
1882	-65.3918
1883	-62.1501
1884	-56.5246
1885	-53.6568
1886	-52.123
1887	-56.0565
1888	-58.7644
1889	-62.9775
1890	-65.868
1891	-68.2435
1892	-70.0394
1893	-70.295
1894	-68.8078
1895	-65.6132
1896	-63.9821
1897	-65.4272
1898	-67.101
1899	-70.3275
1900	-72.9349
1901	-72.1408
1902	-71.5902
1903	-70.6613
1904	-68.737
1905	-67.4855
1906	-67.2712
1907	-66.3063
1908	-62.3401
1909	-63.5233
1910	-67.1273
1911	-67.0027
1912	-67.217
1913	-68.1185
1914	-70.4852
1915	-71.355
1916	-71.6515
1917	-73.0013
1918	-73.258
1919	-72.9121
1920	-73.5956
1921	-74.0169
1922	-74.1993
1923	-74.4093
1924	-74.263
1925	-73.7797
1926	-74.1336
1927	-73.3084
1928	-71.6201
1929	-69.0965
1930	-67.4428
1931	-65.173
1932	-66.4561
1933	-69.0847
1934	-71.405
1935	-71.3155
1936	-71.3321
1937	-71.8866
1938	-73.6753
1939	-74.668
1940	-74.419
1941	-73.9007
1942	-74.0583
1943	-74.4811
1944	-74.0004
1945	-73.7641
1946	-73.2719
1947	-71.9548
1948	-71.5131
1949	-71.9854
1950	-70.9482
1951	-68.1072
1952	-66.1168
1953	-65.0992
1954	-62.4327
1955	-61.7608
1956	-45.2062
1957	-22.4798
1958	-14.0768
1959	-15.165
1960	-26.2107
1961	-55.0135
1962	-61.5513
1963	-62.2804
1964	-64.4308
1965	-65.3727
1966	-68.3394
1967	-71.4522
1968	-71.6824
1969	-71.4591
1970	-72.347
1971	-73.2078
1972	-73.7169
1973	-73.681
1974	-74.3281
1975	-74.2066
1976	-74.5636
1977	-74.0924
1978	-74.3651
1979	-73.0778
1980	-71.5017
1981	-71.7324
1982	-71.2557
1983	-71.538
1984	-68.9351
1985	-66.9325
1986	-66.1111
1987	-68.278
1988	-70.1509
1989	-72.0422
1990	-73.7319
1991	-74.0883
1992	-73.8193
1993	-74.3212
1994	-74.6414
1995	-74.2395
1996	-74.165
1997	-73.5828
1998	-72.5868
1999	-73.1432
2000	-72.451
2001	-71.6194
2002	-71.9236
2003	-70.3147
2004	-68.17
2005	-67.2807
2006	-67.511
2007	-67.7461
2008	-69.2256
2009	-68.8698
2010	-67.4876
2011	-66.9631
2012	-67.6466
2013	-69.1989
2014	-70.8077
2015	-71.5271
2016	-72.0143
2017	-71.634
2018	-68.5417
2019	-65.3341
2020	-63.9881
2021	-63.7112
2022	-65.5016
2023	-69.2467
2024	-69.9137
2025	-69.4183
2026	-67.3299
2027	-64.6531
2028	-61.4721
2029	-57.1486
2030	-54.6775
2031	-51.3098
2032	-53.377
2033	-57.279
2034	-63.0765
2035	-65.7672
2036	-68.7908
2037	-70.3886
2038	-71.2681
2039	-70.8579
2040	-69.3047
2041	-66.8971
2042	-68.0168
2043	-70.9773
2044	-72.8055
2045	-74.0751
2046	-74.289
2047	-73.8965
2048	-73.811
2049	-73.3434
2050	-72.564
2051	-69.3297
2052	-67.9841
2053	-70.123
2054	-68.6976
2055	-68.6366
2056	-70.9029
2057	-72.8645
2058	-72.1369
2059	-72.1532
2060	-72.553
2061	-72.0922
2062	-71.8374
2063	-72.1661
2064	-72.9698
2065	-72.1592
2066	-71.7966
2067	-71.1415
2068	-71.0108
2069	-69.5293
2070	-68.2154
2071	-67.6837
2072	-67.0723
2073	-65.1109
2074	-63.021
2075	-61.408
2076	-59.6394
2077	-56.8055
2078	-50.9876
2079	-42.6842
2080	-34.9796
2081	-31.1158
2082	-36.5947
2083	-42.4648
2084	-52.634
2085	-57.2366
2086	-59.518
2087	-62.0809
2088	-64.6265
2089	-66.1927
2090	-67.6144
2091	-68.0084
2092	-68.2452
2093	-68.5699
2094	-69.9958
2095	-71.2426
2096	-71.9669
2097	-72.1656
2098	-71.6515
2099	-72.0994
2100	-72.1457
2101	-72.6686
2102	-72.929
2103	-72.9165
2104	-72.2977
2105	-72.4958
2106	-73.5317
2107	-71.9563
2108	-69.7243
2109	-70.8516
2110	-72.9885
2111	-73.2668
2112	-72.6899
2113	-72.8917
2114	-73.4679
2115	-74.2074
2116	-74.1782
2117	-73.9965
2118	-73.1758
2119	-70.718
2120	-67.9565
2121	-68.1756
2122	-69.7835
2123	-70.6033
2124	-69.5849
2125	-69.2029
2126	-67.7256
2127	-65.0644
2128	-61.9325
2129	-57.5615
2130	-54.6972
2131	-51.6336
2132	-53.7184
2133	-57.7263
2134	-63.3279
2135	-65.9824
2136	-69.1521
2137	-70.1865
2138	-69.8443
2139	-68.5387
2140	-64.2683
2141	-61.3193
2142	-63.1248
2143	-65.2819
2144	-66.2492
2145	-69.1719
2146	-70.7321
2147	-70.7087
2148	-69.0619
2149	-67.4988
2150	-64.6867
2151	-60.2072
2152	-57.0174
2153	-60.3396
2154	-58.716
2155	-58.9595
2156	-63.8445
2157	-68.5058
2158	-69.284
2159	-69.3576
2160	-70.5128
2161	-71.236
2162	-70.7975
2163	-71.2995
2164	-71.5231
2165	-71.2506
2166	-72.9918
2167	-74.1177
2168	-74.3799
2169	-73.9174
2170	-74.0524
2171	-73.6859
2172	-73.4962
2173	-72.783
2174	-71.0793
2175	-69.9992
2176	-69.9538
2177	-71.459
2178	-72.5287
2179	-72.3126
2180	-72.5663
2181	-72.7154
2182	-71.9377
2183	-72.4147
2184	-73.2137
2185	-73.6329
2186	-73.1932
2187	-73.3332
2188	-72.7366
2189	-72.0406
2190	-71.3978
2191	-70.8228
2192	-69.8782
2193	-69.8104
2194	-69.0579
2195	-67.6632
2196	-66.0563
2197	-62.496
2198	-58.7584
2199	-59.2843
2200	-54.2842
2201	-46.3407
2202	-42.7488
2203	-47.7846
2204	-44.1581
2205	-44.7486
2206	-52.528
2207	-59.3942
2208	-62.2675
2209	-64.0568
2210	-66.6395
2211	-68.1178
2212	-69.4732
2213	-70.2932
2214	-70.5616
2215	-70.8938
2216	-72.1966
2217	-72.9075
2218	-73.0805
2219	-73.6916
2220	-73.4428
2221	-73.5168
2222	-72.9791
2223	-72.7322
2224	-72.3709
2225	-71.6941
2226	-71.6827
2227	-71.2936
2228	-70.9704
2229	-68.5236
2230	-66.4575
2231	-64.5935
2232	-66.264
2233	-69.699
2234	-72.1984
2235	-73.655
2236	-74.8076
2237	-74.0531
2238	-73.7906
2239	-73.9732
2240	-73.8267
2241	-71.1426
2242	-70.5962
2243	-71.5631
2244	-70.6534
2245	-71.5515
2246	-71.0065
2247	-69.4906
2248	-68.6841
2249	-66.9714
2250	-63.7627
2251	-58.6552
2252	-55.6659
2253	-59.5141
2254	-56.7583
2255	-57.4266
2256	-62.7461
2257	-67.6825
2258	-69.5046
2259	-70.0336
2260	-71.6191
2261	-70.8054
2262	-67.5976
2263	-68.1498
2264	-68.2722
2265	-66.7846
2266	-68.4247
2267	-71.0821
2268	-71.1837
2269	-71.9086
2270	-71.1643
2271	-69.6202
2272	-66.8626
2273	-63.2019
2274	-58.2855
2275	-57.5847
2276	-58.4984
2277	-59.3379
2278	-62.9126
2279	-65.3804
2280	-67.6185
2281	-69.1363
2282	-70.1537
2283	-70.9402
2284	-71.7542
2285	-71.6256
2286	-72.0111
2287	-72.0691
2288	-72.9666
2289	-73.7641
2290	-73.9233
2291	-74.4668
2292	-74.315
2293	-74.0049
2294	-72.9194
2295	-72.0047
2296	-71.711
2297	-66.4288
2298	-61.6761
2299	-65.7135
2300	-71.0715
2301	-71.4942
2302	-70.3504
2303	-71.1682
2304	-71.8063
2305	-72.8237
2306	-74.0266
2307	-74.2799
2308	-73.0109
2309	-73.3272
2310	-74.5964
2311	-73.8938
2312	-73.1717
2313	-72.1405
2314	-71.3499
2315	-70.2609
2316	-70.6115
2317	-69.8579
2318	-68.9947
2319	-67.0492
2320	-64.7854
2321	-62.7609
2322	-59.0625
2323	-51.7493
2324	-43.8173
2325	-40.0626
2326	-40.7291
2327	-45.9759
2328	-51.7772
2329	-58.1613
2330	-59.9173
2331	-60.6267
2332	-63.0831
2333	-66.2246
2334	-68.9559
2335	-69.9342
2336	-70.1018
2337	-71.3471
2338	-72.4402
2339	-72.4385
2340	-72.4498
2341	-72.6317
2342	-73.7116
2343	-74.4032
2344	-72.9633
2345	-72.7417
2346	-72.6217
2347	-72.2584
2348	-72.4097
2349	-72.9908
2350	-71.9649
2351	-70.528
2352	-69.5572
2353	-70.7299
2354	-69.2988
2355	-70.0265
2356	-72.3728
2357	-74.2507
2358	-74.261
2359	-73.8449
2360	-74.0774
2361	-75.0962
2362	-73.9982
2363	-72.8544
2364	-72.2837
2365	-72.0542
2366	-71.1853
2367	-71.8523
2368	-71.8566
2369	-71.5036
2370	-70.5426
2371	-69.0126
2372	-67.0429
2373	-64.5525
2374	-60.1031
2375	-59.8027
2376	-60.7428
2377	-60.9987
2378	-63.9631
2379	-65.7077
2380	-68.1015
2381	-69.6492
2382	-70.4328
2383	-70.4157
2384	-69.1131
2385	-67.2837
2386	-66.9778
2387	-61.3901
2388	-59.8316
2389	-66.1081
2390	-69.5417
2391	-69.8758
2392	-69.6114
2393	-66.9615
2394	-64.1814
2395	-62.6673
2396	-60.943
2397	-52.436
2398	-48.0389
2399	-52.6418
2400	-61.3835
2401	-62.8297
2402	-64.4632
2403	-67.6354
2404	-70.0949
2405	-70.659
2406	-71.3244
2407	-70.2075
2408	-65.2383
2409	-66.7832
2410	-72.2905
2411	-73.3278
2412	-74.1493
2413	-74.3354
2414	-73.6288
2415	-73.6869
2416	-73.1809
2417	-72.407
2418	-72.2601
2419	-71.4671
2420	-71.0425
2421	-70.2007
2422	-70.9162
2423	-72.4972
2424	-72.8242
2425	-72.4556
2426	-73.2374
2427	-73.0064
2428	-71.6453
2429	-71.8552
2430	-72.2489
2431	-72.241
2432	-72.087
2433	-71.9582
2434	-71.1079
2435	-69.996
2436	-69.248
2437	-67.959
2438	-67.0333
2439	-66.911
2440	-65.3892
2441	-62.9359
2442	-61.546
2443	-59.0136
2444	-56.3112
2445	-53.704
2446	-15.2246
2447	0.374596
2448	4.75809
2449	-0.0912429
2450	-16.4283
2451	-53.9178
2452	-56.638
2453	-59.5001
2454	-62.1686
2455	-63.5324
2456	-65.7301
2457	-66.9474
2458	-67.1826
2459	-68.1599
2460	-69.4636
2461	-70.3745
2462	-71.481
2463	-72.3436
2464	-72.2075
2465	-72.3057
2466	-72.1486
2467	-71.8897
2468	-71.7059
2469	-72.635
2470	-72.8793
2471	-72.2276
2472	-72.4954
2473	-71.4327
2474	-69.5606
2475	-68.7874
2476	-69.4988
2477	-70.4478
2478	-71.5278
2479	-72.1677
2480	-73.1957
2481	-73.6568
2482	-73.8581
2483	-74.2128
2484	-73.8461
2485	-73.1001
2486	-72.3363
2487	-66.5685
2488	-65.2688
2489	-70.2072
2490	-71.3626
2491	-70.3969
2492	-69.4668
2493	-66.9776
2494	-63.9867
2495	-62.4966
2496	-61.0061
2497	-52.0761
2498	-47.8694
2499	-52.7198
2500	-61.186
2501	-62.7226
2502	-64.2538
2503	-67.3229
2504	-69.704
2505	-70.1085
2506	-69.6281
2507	-66.2187
2508	-59.9485
2509	-61.9029
2510	-68.6045
2511	-69.4674
2512	-70.6991
2513	-71.5126
2514	-70.8332
2515	-70.0784
2516	-68.713
2517	-66.4714
2518	-66.0813
2519	-65.0705
2520	-66.1883
2521	-65.8693
2522	-65.2241
2523	-66.8538
2524	-68.1298
2525	-68.8882
2526	-70.5993
2527	-71.482
2528	-72.1794
2529	-72.5137
2530	-72.5412
2531	-73.0619
2532	-73.5056
2533	-73.1958
2534	-73.9054
2535	-74.5687
2536	-74.0854
2537	-74.0138
2538	-74.2493
2539	-74.1545
2540	-71.5642
2541	-68.6884
2542	-68.2616
2543	-69.6369
2544	-67.7148
2545	-69.4482
2546	-71.5444
2547	-72.3261
2548	-72.3482
2549	-72.2463
2550	-72.717
2551	-73.0094
2552	-73.7132
2553	-74.95
2554	-74.0661
2555	-73.1888
2556	-73.4259
2557	-73.495
2558	-73.7591
2559	-72.5495
2560	-71.3007
2561	-70.9359
2562	-70.1663
2563	-67.2778
2564	-63.9736
2565	-61.6793
2566	-61.4823
2567	-59.9992
2568	-55.5397
2569	-50.3769
2570	-47.095
2571	-46.6973
2572	-49.5191
2573	-56.8161
2574	-61.3251
2575	-63.8216
2576	-65.6181
2577	-67.2407
2578	-69.7042
2579	-71.0865
2580	-71.4237
2581	-71.3065
2582	-71.5616
2583	-72.8245
2584	-73.7129
2585	-74.2525
2586	-75.5468
2587	-73.5903
2588	-73.7376
2589	-75.0748
2590	-74.4453
2591	-72.6304
2592	-71.5816
2593	-71.1482
2594	-70.5045
2595	-71.6573
2596	-70.7935
2597	-65.5802
2598	-61.8906
2599	-66.9425
2600	-72.1662
2601	-71.9138
2602	-72.7565
2603	-73.6807
2604	-74.315
2605	-74.5977
2606	-74.2751
2607	-74.1586
2608	-73.6905
2609	-73.2852
2610	-73.3701
2611	-73.1883
2612	-72.259
2613	-71.1693
2614	-70.538
2615	-69.3941
2616	-68.1065
2617	-66.2842
2618	-64.73
2619	-62.4876
2620	-62.1813
2621	-61.4886
2622	-62.1607
2623	-65.6378
2624	-67.7216
2625	-69.5336
2626	-71.0358
2627	-72.0764
2628	-71.8827
2629	-72.1714
2630	-68.4737
2631	-65.4806
2632	-67.4189
2633	-66.5435
2634	-66.0397
2635	-69.8585
2636	-71.0755
2637	-69.5269
2638	-69.3264
2639	-66.7014
2640	-61.0804
2641	-55.4583
2642	-55.0139
2643	-57.8149
2644	-54
2645	-57.4769
2646	-63.104
2647	-66.6741
2648	-68.7529
2649	-69.5577
2650	-70.6572
2651	-71.3064
2652	-69.4581
2653	-70.9684
2654	-69.1954
2655	-70.3107
2656	-73.6663
2657	-73.6688
2658	-73.6107
2659	-74.2126
2660	-74.6139
2661	-73.4126
2662	-72.274
2663	-69.6108
2664	-66.9772
2665	-65.2513
2666	-67.0372
2667	-69.0762
2668	-71.308
2669	-71.644
2670	-72.3186
2671	-72.2052
2672	-72.379
2673	-72.2106
2674	-72.6264
2675	-72.8216
2676	-72.9175
2677	-73.1921
2678	-72.3522
2679	-72.0512
2680	-71.4219
2681	-70.2956
2682	-69.9668
2683	-69.28
2684	-68.5154
2685	-66.9761
2686	-65.2405
2687	-62.6971
2688	-60.5895
2689	-57.2031
2690	-50.0669
2691	-42.2434
2692	-42.1025
2693	-45.4393
2694	-40.541
2695	-44.556
2696	-52.7053
2697	-58.1194
2698	-58.3864
2699	-62.3174
2700	-65.369
2701	-66.8393
2702	-68.3915
2703	-69.0261
2704	-68.9887
2705	-70.2349
2706	-70.7112
2707	-71.318
2708	-72.3588
2709	-72.5755
2710	-72.5302
2711	-72.9362
2712	-72.9021
2713	-72.5314
2714	-72.3072
2715	-73.1601
2716	-72.9095
2717	-72.6165
2718	-73.1099
2719	-72.2809
2720	-70.8878
2721	-71.0991
2722	-71.916
2723	-73.0894
2724	-73.9072
2725	-73.5503
2726	-74.1719
2727	-74.3447
2728	-74.2784
2729	-73.7814
2730	-72.6596
2731	-70.2148
2732	-70.8207
2733	-70.6461
2734	-69.9025
2735	-70.8108
2736	-70.3149
2737	-69.4225
2738	-68.9228
2739	-67.4473
2740	-61.9146
2741	-56.4193
2742	-56.281
2743	-58.0992
2744	-54.7315
2745	-58.345
2746	-63.7271
2747	-67.3531
2748	-68.9291
2749	-70.4158
2750	-70.1751
2751	-67.6543
2752	-64.7279
2753	-64.5986
2754	-63.1647
2755	-61.5988
2756	-64.9426
2757	-68.9999
2758	-70.1811
2759	-70.2278
2760	-68.9968
2761	-66.1828
2762	-63.6093
2763	-58.3934
2764	-54.7464
2765	-52.8935
2766	-56.0872
2767	-58.8562
2768	-63.0119
2769	-66.1897
2770	-68.2409
2771	-69.4611
2772	-70.0479
2773	-70.7466
2774	-70.3369
2775	-68.6601
2776	-68.7209
2777	-71.2229
2778	-73.7732
2779	-74.4533
2780	-74.0876
2781	-74.2497
2782	-73.44
2783	-72.8237
2784	-73.1745
2785	-73.5104
2786	-73.1184
2787	-71.2132
2788	-70.9171
2789	-72.5492
2790	-73.3028
2791	-72.7961
2792	-72.1463
2793	-72.4144
2794	-72.8928
2795	-72.9251
2796	-72.7169
2797	-72.4173
2798	-72.2213
2799	-72.4191
2800	-72.3949
2801	-71.51
2802	-70.0839
2803	-68.701
2804	-68.5458
2805	-68.5193
2806	-67.9848
2807	-66.4551
2808	-64.8388
2809	-61.998
2810	-59.558
2811	-57.5075
2812	-52.9721
2813	-43.0177
2814	-37.5974
2815	-32.7196
2816	-36.7465
2817	-43.8077
2818	-52.2957
2819	-58.0761
2820	-60.4095
2821	-62.2843
2822	-63.9185
2823	-65.9225
2824	-67.7388
2825	-68.4613
2826	-69.1804
2827	-70.4138
2828	-71.5992
2829	-71.9979
2830	-72.329
2831	-72.6079
2832	-73.2668
2833	-72.7317
2834	-72.0282
2835	-72.4725
2836	-72.4068
2837	-72.098
2838	-72.113
2839	-72.2391
2840	-70.3647
2841	-67.3696
2842	-67.6275
2843	-68.8093
2844	-66.7592
2845	-68.5639
2846	-72.4045
2847	-73.3502
2848	-74.0169
2849	-74.0973
2850	-73.9241
2851	-74.0496
2852	-73.0305
2853	-71.0876
2854	-68.3619
2855	-67.723
2856	-69.9669
2857	-71.5464
2858	-71.0832
2859	-69.995
2860	-68.1708
2861	-65.8274
2862	-63.0804
2863	-57.6231
2864	-54.0787
2865	-52.1638
2866	-55.6458
2867	-58.0917
2868	-62.2549
2869	-65.5112
2870	-67.8662
2871	-69.9683
2872	-70.3814
2873	-69.7164
2874	-66.2175
2875	-64.6426
2876	-65.2775
2877	-66.76
2878	-69.7058
2879	-72.7835
2880	-72.1973
2881	-71.7911
2882	-71.0009
2883	-69.1828
2884	-67.9024
2885	-67.0789
2886	-66.3781
2887	-61.4408
2888	-60.9115
2889	-65.9383
2890	-66.8159
2891	-66.8434
2892	-67.6058
2893	-70.067
2894	-71.0491
2895	-71.6276
2896	-72.5877
2897	-73.3755
2898	-72.957
2899	-73.4898
2900	-74.1645
2901	-74.0914
2902	-74.4116
2903	-74.136
2904	-73.9399
2905	-73.9584
2906	-73.6322
2907	-71.573
2908	-69.5279
2909	-67.5815
2910	-65.1079
2911	-66.1781
2912	-68.364
2913	-71.3461
2914	-71.3053
2915	-71.4671
2916	-71.4566
2917	-73.4555
2918	-74.8091
2919	-74.7246
2920	-73.9282
2921	-73.942
2922	-74.4887
2923	-74.2422
2924	-73.7094
2925	-73.2996
2926	-72.226
2927	-71.7028
2928	-72.1414
2929	-71.1271
2930	-68.7377
2931	-66.5126
2932	-65.4933
2933	-63.0244
2934	-61.8056
2935	-52.7942
2936	-25.3952
2937	-14.9171
2938	-14.274
2939	-23.2012
2940	-47.1276
2941	-61.3741
2942	-61.473
2943	-64.153
2944	-64.9748
2945	-67.2724
2946	-71.0968
2947	-71.6774
2948	-71.134
2949	-71.8357
2950	-72.9162
2951	-73.7065
2952	-73.3247
2953	-74.1233
2954	-74.4649
2955	-74.526
2956	-73.9992
2957	-74.0956
2958	-73.3426
2959	-71.8197
2960	-71.531
2961	-71.5708
2962	-71.7392
2963	-69.4741
2964	-67.3319
2965	-66.2222
2966	-68.3982
2967	-69.9565
2968	-72.2319
2969	-73.4991
2970	-73.9469
2971	-73.8215
2972	-74.443
2973	-74.5812
2974	-74.4724
2975	-74.4245
2976	-73.5091
2977	-72.8898
2978	-72.8224
2979	-72.5757
2980	-71.8094
2981	-72.0801
2982	-70.7427
2983	-68.5365
2984	-67.3147
2985	-67.381
2986	-67.3438
2987	-67.0762
2988	-67.7544
2989	-67.4408
2990	-67.0614
2991	-67.2775
2992	-68.461
2993	-70.4815
2994	-71.1649
2995	-71.9015
2996	-71.675
2997	-68.8
2998	-65.5704
2999	-64.3818
3000	-63.0206
3001	-64.8956
3002	-68.4888
3003	-69.9238
3004	-69.6826
3005	-67.6167
3006	-65.2059
3007	-62.338
3008	-57.9065
3009	-55.2862
3010	-51.2863
3011	-52.9875
3012	-56.2137
3013	-62.1558
3014	-65.5124
3015	-68.2762
3016	-69.9212
3017	-71.2647
3018	-71.0398
3019	-69.7171
3020	-67.1656
3021	-67.5839
3022	-70.1246
3023	-72.7452
3024	-73.8922
3025	-74.0575
3026	-74.1082
3027	-73.9536
3028	-73.3414
3029	-73.3278
3030	-70.1329
3031	-68.2142
3032	-69.7873
3033	-69.4773
3034	-68.4669
3035	-70.5824
3036	-72.6818
3037	-72.706
3038	-72.0353
3039	-72.5831
3040	-72.0535
3041	-71.5622
3042	-72.2665
3043	-72.8781
3044	-72.301
3045	-71.8702
3046	-71.3206
3047	-71.1427
3048	-69.6005
3049	-68.3516
3050	-67.8972
3051	-67.2326
3052	-65.5826
3053	-63.1913
3054	-61.4523
3055	-59.6059
3056	-57.391
3057	-52.4419
3058	-43.5342
3059	-36.5691
3060	-31.0684
3061	-34.4558
3062	-40.6516
3063	-50.9948
3064	-56.3817
3065	-59.0979
3066	-61.4505
3067	-64.1394
3068	-65.9204
3069	-67.2373
3070	-68.0959
3071	-68.0644
3072	-68.4485
3073	-69.5425
3074	-71.215
3075	-72.0692
3076	-72.1406
3077	-71.7424
3078	-71.6624
3079	-72.2009
3080	-72.3776
3081	-72.9809
3082	-73.1821
3083	-72.5022
3084	-72.181
3085	-73.4402
3086	-72.2095
3087	-69.8185
3088	-69.8492
3089	-72.7754
3090	-73.4241
3091	-72.8298
3092	-72.9002
3093	-73.3714
3094	-74.1938
3095	-74.0261
3096	-74.0037
3097	-73.5517
3098	-71.0884
3099	-68.4388
3100	-67.5938
3101	-69.4651
3102	-70.4729
3103	-69.4993
3104	-69.3413
3105	-68.0172
3106	-65.4504
3107	-62.8172
3108	-58.3729
3109	-55.4429
3110	-51.4854
3111	-53.2749
3112	-56.6815
3113	-62.5472
3114	-65.4331
3115	-68.7111
3116	-69.9204
3117	-69.7008
3118	-68.9244
3119	-64.8845
3120	-61.4428
3121	-62.4311
3122	-64.9609
3123	-66.4982
3124	-68.5777
3125	-70.7743
3126	-70.9497
3127	-69.3527
3128	-67.8303
3129	-65.5042
3130	-61.5993
3131	-57.7881
3132	-60.0214
3133	-60.1128
3134	-59.0357
3135	-63.1554
3136	-67.9338
3137	-69.2282
3138	-69.4621
3139	-70.4343
3140	-71.2144
3141	-71.0707
3142	-71.3927
3143	-71.8732
3144	-71.4301
3145	-72.7046
3146	-73.5673
3147	-74.4525
3148	-73.9345
3149	-74.0548
3150	-73.6936
3151	-73.7675
3152	-73.0195
3153	-71.1205
3154	-69.7079
3155	-69.6268
3156	-70.8282
3157	-72.2869
3158	-72.2289
3159	-72.4535
3160	-72.5543
3161	-72.1619
3162	-72.1492
3163	-73.4058
3164	-73.4278
3165	-73.3753
3166	-73.4353
3167	-72.7821
3168	-72.153
3169	-71.9172
3170	-71.1303
3171	-70.2525
3172	-70.0517
3173	-69.4215
3174	-68.3141
3175	-66.5533
3176	-63.6256
3177	-59.1992
3178	-59.1256
3179	-55.9673
3180	-48.3485
3181	-43.2201
3182	-46.6341
3183	-45.7483
3184	-44.5483
3185	-51.5384
3186	-58.843
3187	-62.4782
3188	-63.911
3189	-66.3637
3190	-68.0673
3191	-69.4578
3192	-70.2229
3193	-70.9132
3194	-70.9422
3195	-72.2069
3196	-73.0345
3197	-73.4353
3198	-73.6188
3199	-73.6998
3200	-73.6205
3201	-73.409
3202	-72.6477
3203	-72.5414
3204	-71.9333
3205	-71.7466
3206	-71.2853
3207	-71.0502
3208	-69.0344
3209	-66.7538
3210	-64.3306
3211	-65.9839
3212	-69.0924
3213	-71.5946
3214	-73.3595
3215	-75.0502
3216	-74.2574
3217	-73.8828
3218	-73.7698
3219	-74.0701
3220	-72.0097
3221	-70.4678
3222	-71.7169
3223	-70.9283
3224	-71.6655
3225	-71.4653
3226	-69.88
3227	-68.8523
3228	-67.3594
3229	-64.8306
3230	-60.1005
3231	-56.196
3232	-58.8997
3233	-58.0292
3234	-57.2664
3235	-61.938
3236	-67.0402
3237	-69.464
3238	-69.7474
3239	-71.6637
3240	-71.396
3241	-68.4442
3242	-68.0189
3243	-68.583
3244	-66.6998
3245	-67.9159
3246	-70.0126
3247	-71.3262
3248	-71.5372
3249	-71.4674
3250	-69.7418
3251	-67.2575
3252	-63.7758
3253	-58.4142
3254	-57.0561
3255	-57.3124
3256	-58.5035
3257	-61.6949
3258	-64.8429
3259	-66.8273
3260	-68.9743
3261	-69.7737
3262	-70.5886
3263	-71.6446
3264	-71.0695
3265	-71.6991
3266	-71.7419
3267	-72.3974
3268	-73.42
3269	-73.7402
3270	-74.4057
3271	-74.3401
3272	-74.1649
3273	-73.0057
3274	-71.9704
3275	-72.0371
3276	-68.0192
3277	-61.853
3278	-64.4508
3279	-70.7333
3280	-71.7393
3281	-70.4953
3282	-71.1286
3283	-71.4336
3284	-72.4631
3285	-73.9332
3286	-74.2381
3287	-73.2353
3288	-72.9497
3289	-74.4405
3290	-73.702
3291	-73.1716
3292	-72.378
3293	-71.3377
3294	-70.2539
3295	-70.5775
3296	-69.9596
3297	-68.9057
3298	-67.3726
3299	-64.9995
3300	-63.0033
3301	-59.4099
3302	-53.1482
3303	-43.9548
3304	-40.3012
3305	-39.2913
3306	-45.0203
3307	-49.3389
3308	-57.1021
3309	-59.6339
3310	-60.2939
3311	-62.6182
3312	-65.454
3313	-68.3081
3314	-69.6153
3315	-69.9782
3316	-70.6883
3317	-72.2015
3318	-72.3108
3319	-72.1447
3320	-72.4151
3321	-73.3741
3322	-74.2966
3323	-73.2819
3324	-72.694
3325	-72.5129
3326	-72.395
3327	-72.531
3328	-72.6684
3329	-72.247
3330	-71.1531
3331	-69.7667
3332	-70.9621
3333	-69.6832
3334	-70.0557
3335	-72.1579
3336	-74.2137
3337	-74.3866
3338	-74.0811
3339	-73.9213
3340	-74.6788
3341	-74.1619
3342	-73.0482
3343	-72.3174
3344	-71.4811
3345	-71.2271
3346	-71.3585
3347	-71.818
3348	-71.5859
3349	-70.9439
3350	-69.3438
3351	-67.4739
3352	-65.1228
3353	-60.0095
3354	-58.896
3355	-59.7038
3356	-60.0997
3357	-63.0837
3358	-65.5309
3359	-67.3682
3360	-69.4328
3361	-70.338
3362	-70.431
3363	-69.3026
3364	-67.0718
3365	-66.8445
3366	-62.5525
3367	-59.4729
3368	-64.7099
3369	-69.1831
3370	-70.0158
3371	-69.6193
3372	-67.6975
3373	-64.6008
3374	-62.9529
3375	-61.6113
3376	-54.5809
3377	-48.2732
3378	-51.1466
3379	-60.4491
3380	-62.5749
3381	-64.1263
3382	-67.0752
3383	-69.8133
3384	-70.5787
3385	-70.4733
3386	-70.7142
3387	-65.8175
3388	-66.0516
3389	-71.5913
3390	-73.2893
3391	-73.7616
3392	-74.4605
3393	-74.0296
3394	-72.8391
3395	-73.2196
3396	-72.6486
3397	-72.1252
3398	-71.9425
3399	-71.5511
3400	-70.4937
3401	-70.8269
3402	-71.7869
3403	-72.6212
3404	-72.1074
3405	-72.3888
3406	-72.4678
3407	-71.8848
3408	-71.5362
3409	-71.555
3410	-71.9147
3411	-71.5975
3412	-71.367
3413	-71.137
3414	-69.6527
3415	-68.6643
3416	-67.6368
3417	-66.9278
3418	-67.3407
3419	-65.5222
3420	-63.3793
3421	-61.5636
3422	-59.6318
3423	-57.1441
3424	-54.4142
3425	-23.1218
3426	-4.56939
3427	1.65016
3428	-1.41001
3429	-15.0955
3430	-51.5257
3431	-56.4361
3432	-58.8993
3433	-61.794
3434	-63.4634
3435	-65.0479
3436	-66.9649
3437	-66.8662
3438	-67.1904
3439	-69.3996
3440	-69.6712
3441	-70.3407
3442	-71.5339
3443	-71.3095
3444	-71.7699
3445	-71.8092
3446	-71.6797
3447	-71.4023
3448	-72.4593
3449	-72.1073
3450	-71.9467
3451	-72.1676
3452	-71.4795
3453	-69.5537
3454	-68.5581
3455	-69.1798
3456	-69.9071
3457	-70.8182
3458	-72.2754
3459	-72.8064
3460	-73.201
3461	-74.0669
3462	-74.1755
3463	-73.567
3464	-73.0827
3465	-72.2896
3466	-67.8944
3467	-64.8607
3468	-69.5344
3469	-71.0979
3470	-70.2924
3471	-69.6278
3472	-67.5639
3473	-64.6355
3474	-62.61
3475	-61.7559
3476	-53.9635
3477	-48.0082
3478	-51.0971
3479	-60.1906
3480	-62.5733
3481	-64.0636
3482	-66.7107
3483	-69.5737
3484	-69.8509
3485	-69.9387
3486	-67.477
3487	-60.6635
3488	-60.9964
3489	-67.8431
3490	-69.8085
3491	-70.7828
3492	-71.491
3493	-71.0594
3494	-70.1447
3495	-69.2369
3496	-66.8338
3497	-66.4741
3498	-66.0381
3499	-67.8615
3500	-68.0826
3501	-66.1435
3502	-67.0337
3503	-67.9895
3504	-68.7341
3505	-70.0202
3506	-71.3784
3507	-72.0357
3508	-72.2789
3509	-72.7956
3510	-72.9181
3511	-73.7381
3512	-73.3382
3513	-73.658
3514	-74.7682
3515	-73.9844
3516	-74.1293
3517	-74.2449
3518	-74.4435
3519	-71.9906
3520	-68.8968
3521	-67.7154
3522	-69.3642
3523	-67.5502
3524	-68.8473
3525	-71.2478
3526	-72.4041
3527	-72.2437
3528	-72.2525
3529	-72.4917
3530	-73.2346
3531	-73.5652
3532	-75.1134
3533	-74.5037
3534	-73.3377
3535	-73.3854
3536	-73.7003
3537	-73.6262
3538	-72.8424
3539	-71.7352
3540	-71.109
3541	-70.8442
3542	-68.3476
3543	-64.8466
3544	-62.2364
3545	-61.6437
3546	-60.8064
3547	-57.5929
3548	-52.2641
3549	-50.6731
3550	-48.7061
3551	-50.9332
3552	-56.6656
3553	-61.518
3554	-63.6868
3555	-65.2357
3556	-66.697
3557	-69.375
3558	-70.9776
3559	-71.8364
3560	-71.4336
3561	-71.475
3562	-72.6115
3563	-73.7834
3564	-74.0801
3565	-75.4653
3566	-74.0705
3567	-73.6132
3568	-74.9101
3569	-74.5559
3570	-73.1527
3571	-71.4185
3572	-71.6091
3573	-70.5283
3574	-71.6059
3575	-71.1608
3576	-67.1352
3577	-62.0249
3578	-65.5485
3579	-72.1141
3580	-71.968
3581	-72.7687
3582	-73.2296
3583	-74.26
3584	-74.4971
3585	-74.3989
3586	-74.4727
3587	-73.8232
3588	-73.412
3589	-73.4547
3590	-73.4075
3591	-72.5956
3592	-71.2627
3593	-70.6815
3594	-69.6494
3595	-68.4733
3596	-66.6307
3597	-65.6972
3598	-63.3877
3599	-63.0403
3600	-62.7536
3601	-62.8409
3602	-65.4993
3603	-67.7097
3604	-69.2159
3605	-70.655
3606	-72.0026
3607	-71.8875
3608	-72.1134
3609	-69.3367
3610	-65.5081
3611	-66.4637
3612	-67.1226
3613	-65.4216
3614	-68.7986
3615	-71.0204
3616	-69.8897
3617	-69.0625
3618	-67.299
3619	-62.0182
3620	-56.1024
3621	-54.2442
3622	-58.4132
3623	-53.9472
3624	-56.0557
3625	-61.9783
3626	-66.2332
3627	-68.5114
3628	-69.3735
3629	-70.4167
3630	-71.2332
3631	-69.5502
3632	-70.5972
3633	-69.3231
3634	-69.5917
3635	-73.062
3636	-74.0758
3637	-73.5815
3638	-73.8877
3639	-74.5978
3640	-73.8926
3641	-72.4773
3642	-70.4247
3643	-67.4326
3644	-65.7932
3645	-66.6351
3646	-68.5947
3647	-71.3806
3648	-71.478
3649	-72.2498
3650	-71.9906
3651	-72.365
3652	-72.0652
3653	-72.6389
3654	-72.5608
3655	-72.8235
3656	-73.3371
3657	-72.4137
3658	-71.9414
3659	-71.4893
3660	-70.339
3661	-69.7176
3662	-69.2875
3663	-68.5637
3664	-66.9435
3665	-65.4883
3666	-63.0058
3667	-60.757
3668	-58.0096
3669	-51.2444
3670	-43.0802
3671	-41.1038
3672	-46.3411
3673	-40.511
3674	-42.9391
3675	-50.9859
3676	-57.5804
3677	-58.1181
3678	-61.3573
3679	-64.7972
3680	-66.4132
3681	-67.9824
3682	-68.9246
3683	-68.7365
3684	-69.585
3685	-70.6763
3686	-71.1767
3687	-72.062
3688	-72.5331
3689	-72.1954
3690	-72.79
3691	-72.8686
3692	-72.6078
3693	-72.1509
3694	-73.0782
3695	-73.0441
3696	-72.5447
3697	-73.1083
3698	-72.7229
3699	-71.0881
3700	-71.0171
3701	-71.9831
3702	-73.0203
3703	-73.8177
3704	-73.687
3705	-74.0437
3706	-74.2925
3707	-74.4144
3708	-73.9201
3709	-73.0084
3710	-70.2293
3711	-70.2316
3712	-70.5021
3713	-69.4969
3714	-70.869
3715	-70.6058
3716	-69.405
3717	-68.9777
3718	-68.078
3719	-62.792
3720	-56.937
3721	-55.3859
3722	-58.655
3723	-54.5559
3724	-56.8952
3725	-62.6252
3726	-66.8948
3727	-68.656
3728	-70.2023
3729	-70.4239
3730	-68.3627
3731	-64.6735
3732	-64.9318
3733	-63.4001
3734	-61.8658
3735	-64.1117
3736	-68.4494
3737	-70.2409
3738	-70.4216
3739	-69.3575
3740	-66.8254
3741	-64.2289
3742	-59.6324
3743	-55.4241
3744	-53.4232
3745	-55.2222
3746	-58.4691
3747	-62.3801
3748	-66.1583
3749	-67.9712
3750	-69.4492
3751	-70.124
3752	-70.6096
3753	-70.633
3754	-69.2935
3755	-68.7962
3756	-70.7753
3757	-73.4058
3758	-74.3797
3759	-74.0703
3760	-74.3116
3761	-73.4971
3762	-72.8132
3763	-73.1182
3764	-73.4486
3765	-73.0998
3766	-71.4371
3767	-70.5974
3768	-72.4085
3769	-73.3605
3770	-72.8495
3771	-72.1423
3772	-72.3258
3773	-72.6287
3774	-73.1013
3775	-72.7892
3776	-72.6302
3777	-72.2299
3778	-72.5661
3779	-72.4488
3780	-71.776
3781	-70.3451
3782	-69.0215
3783	-68.6539
3784	-68.6627
3785	-68.2058
3786	-66.8992
3787	-65.4091
3788	-62.5195
3789	-59.9531
3790	-58.1376
3791	-54.5915
3792	-45.2273
3793	-38.8787
3794	-33.1859
3795	-35.6342
3796	-43.0925
3797	-50.9335
3798	-57.4784
3799	-60.5703
3800	-62.1447
3801	-63.7571
3802	-65.7698
3803	-67.7623
3804	-68.5267
3805	-69.2181
3806	-70.112
3807	-71.5553
3808	-72.2054
3809	-72.3071
3810	-72.6971
3811	-73.1542
3812	-73.073
3813	-72.0839
3814	-72.4068
3815	-72.5583
3816	-72.0729
3817	-71.8531
3818	-72.1408
3819	-70.8259
3820	-67.828
3821	-66.8587
3822	-69.0966
3823	-66.6995
3824	-67.8596
3825	-71.7129
3826	-73.4697
3827	-73.8378
3828	-74.1211
3829	-74.2902
3830	-73.9296
3831	-73.1847
3832	-72.0295
3833	-68.8312
3834	-67.7825
3835	-69.6978
3836	-71.205
3837	-71.0982
3838	-70.272
3839	-68.7191
3840	-66.1817
3841	-63.9467
3842	-58.8178
3843	-54.6174
3844	-52.5398
3845	-54.8121
3846	-57.593
3847	-61.5733
3848	-65.2998
3849	-67.6567
3850	-69.6069
3851	-70.2986
3852	-70.2517
3853	-67.0117
3854	-65.3035
3855	-65.1119
3856	-66.4905
3857	-69.1083
3858	-72.5573
3859	-72.3488
3860	-71.967
3861	-71.4768
3862	-69.7259
3863	-67.9496
3864	-67.0351
3865	-66.6055
3866	-61.1352
3867	-58.7918
3868	-64.4194
3869	-66.6818
3870	-66.7678
3871	-67.1761
3872	-69.3472
3873	-70.9147
3874	-71.5541
3875	-72.1493
3876	-73.4548
3877	-72.5743
3878	-73.1954
3879	-74.2744
3880	-74.0973
3881	-74.1416
3882	-74.2597
3883	-74.0255
3884	-73.9177
3885	-74.1637
3886	-71.9665
3887	-69.9683
3888	-67.8505
3889	-65.2794
3890	-65.9466
3891	-67.6278
3892	-71.034
3893	-71.0863
3894	-71.5031
3895	-71.3021
3896	-72.9922
3897	-74.5751
3898	-74.8454
3899	-74.1233
3900	-73.6961
3901	-74.5101
3902	-74.6932
3903	-74.0191
3904	-73.4916
3905	-72.6485
3906	-71.6979
3907	-71.9372
3908	-71.3154
3909	-69.5617
3910	-66.8911
3911	-65.834
3912	-63.7212
3913	-61.9282
3914	-58.6977
3915	-28.85
3916	-16.1086
3917	-13.726
3918	-20.6807
3919	-40.6474
3920	-60.859
3921	-61.0256
3922	-63.6929
3923	-64.5047
3924	-66.2479
3925	-70.2692
3926	-71.6013
3927	-71.0616
3928	-71.6341
3929	-72.5473
3930	-73.5828
3931	-73.2556
3932	-73.9224
3933	-74.2152
3934	-74.3346
3935	-74.1538
3936	-73.8132
3937	-73.6456
3938	-72.0855
3939	-71.3681
3940	-71.7469
3941	-71.6388
3942	-70.1502
3943	-67.8776
3944	-66.5909
3945	-68.2513
3946	-69.6437
3947	-72.2972
3948	-73.3199
3949	-74.131
3950	-73.8797
3951	-74.4324
3952	-74.6463
3953	-74.4256
3954	-74.2224
3955	-73.6722
3956	-72.9327
3957	-72.5679
3958	-72.6731
3959	-71.9137
3960	-71.8362
3961	-71.2023
3962	-69.1192
3963	-67.4689
3964	-67.4959
3965	-66.9969
3966	-65.3243
3967	-64.6369
3968	-67.0677
3969	-67.2356
3970	-67.0022
3971	-67.9996
3972	-70.0015
3973	-71.1016
3974	-71.7092
3975	-71.8221
3976	-69.2157
3977	-65.921
3978	-64.3236
3979	-62.6397
3980	-64.3283
3981	-67.5594
3982	-69.7936
3983	-70.028
3984	-68.2355
3985	-65.8244
3986	-62.923
3987	-58.8353
3988	-55.529
3989	-51.6078
3990	-52.4903
3991	-55.1841
3992	-61.1456
3993	-64.8245
3994	-67.8551
3995	-69.638
3996	-71.2442
3997	-70.8855
3998	-70.0506
3999	-67.581
4000	-67.104
4001	-69.4462
4002	-72.5251
4003	-73.4466
4004	-74.2364
4005	-74.0916
4006	-74.4421
4007	-73.3829
4008	-73.4025
4009	-70.822
4010	-68.705
4011	-69.5664
4012	-70.181
4013	-68.7471
4014	-70.2697
4015	-72.7262
4016	-73.1312
4017	-71.976
4018	-72.6401
4019	-72.1457
4020	-71.6688
4021	-72.0902
4022	-72.8954
4023	-72.4208
4024	-71.7867
4025	-71.2202
4026	-71.0783
4027	-69.7699
4028	-68.4783
4029	-67.9799
4030	-67.4225
4031	-65.8261
4032	-63.5222
4033	-61.6483
4034	-59.7473
4035	-57.9263
4036	-53.5909
4037	-44.9029
4038	-38.6715
4039	-31.3773
4040	-32.737
4041	-39.1982
4042	-49.0606
4043	-55.511
4044	-58.6522
4045	-60.967
4046	-63.5397
4047	-65.8796
4048	-66.938
4049	-67.9571
4050	-68.0652
4051	-68.2348
4052	-69.3192
4053	-71.0318
4054	-72.0617
4055	-72.1646
4056	-71.8439
4057	-71.3658
4058	-72.0885
4059	-72.3909
4060	-73.0021
4061	-73.1822
4062	-72.6163
4063	-72.0937
4064	-73.1485
4065	-72.7908
4066	-70.0392
4067	-69.0874
4068	-72.2764
4069	-73.3077
4070	-72.9221
4071	-72.796
4072	-73.523
4073	-73.9454
4074	-74.0695
4075	-74.0189
4076	-73.6354
4077	-71.364
4078	-68.789
4079	-67.4104
4080	-68.8842
4081	-70.5614
4082	-69.6992
4083	-69.4851
4084	-68.302
4085	-65.8767
4086	-63.2183
4087	-59.1797
4088	-55.8982
4089	-51.6557
4090	-52.8011
4091	-55.5879
4092	-61.4335
4093	-64.9807
4094	-67.9993
4095	-69.8558
4096	-69.7628
4097	-69.4582
4098	-65.8742
4099	-61.6782
4100	-61.8306
4101	-64.9073
4102	-66.6346
4103	-68.2551
4104	-70.7025
4105	-70.9452
4106	-69.8608
4107	-68.2898
4108	-66.3257
4109	-63.0944
4110	-58.6471
4111	-59.7757
4112	-61.612
4113	-59.4813
4114	-62.7162
4115	-67.3154
4116	-69.1129
4117	-69.6593
4118	-70.2382
4119	-71.3445
4120	-71.5081
4121	-71.6423
4122	-72.1435
4123	-71.6668
4124	-72.6742
4125	-73.4
4126	-74.4497
4127	-73.9122
4128	-73.8202
4129	-73.7391
4130	-73.9105
4131	-73.2522
4132	-71.2738
4133	-69.4511
4134	-69.2792
4135	-70.0196
4136	-71.9623
4137	-72.1974
4138	-72.1541
4139	-72.3494
4140	-72.1468
4141	-72.0351
4142	-73.3868
4143	-73.3384
4144	-73.547
4145	-73.8512
4146	-73.1939
4147	-72.3142
4148	-72.1574
4149	-71.3543
4150	-70.7683
4151	-70.3043
4152	-69.7622
4153	-68.9343
4154	-67.1172
4155	-64.8466
4156	-59.9156
4157	-59.0889
4158	-57.5182
4159	-50.6044
4160	-44.1455
4161	-45.8408
4162	-47.7339
4163	-44.7976
4164	-50.4309
4165	-57.981
4166	-62.4426
4167	-63.6979
4168	-66.1169
4169	-68.0109
4170	-69.5929
4171	-70.1531
4172	-71.1675
4173	-71.161
4174	-71.7427
4175	-72.8675
4176	-73.7921
4177	-73.5942
4178	-74.1512
4179	-73.787
4180	-73.5769
4181	-72.9064
4182	-72.6844
4183	-72.2443
4184	-71.7563
4185	-71.4314
4186	-71.1491
4187	-69.7099
4188	-67.094
4189	-64.4439
4190	-65.6489
4191	-68.2314
4192	-71.4238
4193	-73.2081
4194	-75.0741
4195	-74.5353
4196	-74.0368
4197	-73.8929
4198	-74.0861
4199	-72.6772
4200	-70.7802
4201	-71.8397
4202	-71.4057
4203	-71.6176
4204	-71.919
4205	-70.2577
4206	-68.8894
4207	-67.7481
4208	-65.7844
4209	-61.3312
4210	-57.0683
4211	-58.3833
4212	-59.4455
4213	-57.3621
4214	-61.2666
4215	-66.3955
4216	-69.176
4217	-69.7496
4218	-71.2454
4219	-71.8456
4220	-69.4151
4221	-68.0408
4222	-68.7436
4223	-66.6138
4224	-67.1138
4225	-69.1817
4226	-71.4728
4227	-71.4574
4228	-71.4267
4229	-70.2414
4230	-67.5752
4231	-64.5402
4232	-58.8657
4233	-56.6268
4234	-56.2929
4235	-57.9764
4236	-60.3825
4237	-64.3238
4238	-66.1596
4239	-68.6987
4240	-69.4421
4241	-70.0212
4242	-71.6817
4243	-70.7207
4244	-71.1227
4245	-71.453
4246	-72.0831
4247	-73.1751
4248	-73.7953
4249	-74.1388
4250	-74.2729
4251	-74.1664
4252	-73.1723
4253	-72.0136
4254	-72.108
4255	-69.6458
4256	-62.4166
4257	-63.3019
4258	-70.162
4259	-71.6542
4260	-70.6935
4261	-70.978
4262	-71.3895
4263	-72.1769
4264	-73.6661
4265	-73.8986
4266	-73.4628
4267	-72.541
4268	-74.1686
4269	-73.8757
4270	-73.1662
4271	-72.3338
4272	-71.2739
4273	-70.0847
4274	-70.659
4275	-70.0301
4276	-68.7586
4277	-67.7036
4278	-65.1895
4279	-63.0835
4280	-59.868
4281	-54.3806
4282	-44.4939
4283	-41.0296
4284	-38.2577
4285	-44.097
4286	-47.1968
4287	-55.5207
4288	-59.1074
4289	-59.94
4290	-61.7188
4291	-64.5849
4292	-67.4979
4293	-69.2903
4294	-69.5975
4295	-70.1137
4296	-71.6518
4297	-71.9855
4298	-72.0402
4299	-72.1576
4300	-72.9936
4301	-73.989
4302	-73.8039
4303	-72.5747
4304	-72.3495
4305	-72.5268
4306	-72.4486
4307	-72.6656
4308	-72.6183
4309	-71.6087
4310	-70.0328
4311	-70.8107
4312	-70.1438
4313	-69.9911
4314	-71.8483
4315	-73.7282
4316	-74.4337
4317	-74.0692
4318	-73.8038
4319	-74.5413
4320	-74.4529
4321	-72.8264
4322	-72.2627
4323	-71.088
4324	-71.1944
4325	-70.8345
4326	-71.8739
4327	-71.3914
4328	-71.023
4329	-69.6156
4330	-67.9841
4331	-65.4192
4332	-60.1628
4333	-58.0574
4334	-58.5297
4335	-59.3594
4336	-61.6991
4337	-64.7692
4338	-66.5807
4339	-69.3481
4340	-70.3687
4341	-70.3601
4342	-69.3193
4343	-67.1871
4344	-66.5256
4345	-63.8699
4346	-59.4861
4347	-63.1519
4348	-68.8648
4349	-70.249
4350	-69.5364
4351	-68.4311
4352	-64.9546
4353	-63.1995
4354	-61.9992
4355	-56.6701
4356	-48.8539
4357	-50.0171
4358	-59.1198
4359	-62.555
4360	-63.8246
4361	-66.4609
4362	-69.472
4363	-70.4895
4364	-70.1983
4365	-71.0969
4366	-66.8057
4367	-65.4226
4368	-70.3817
4369	-72.9897
4370	-73.3038
4371	-74.229
4372	-73.7552
4373	-72.4757
4374	-72.8733
4375	-72.7149
4376	-71.8326
4377	-71.9939
4378	-71.3385
4379	-70.8296
4380	-70.678
4381	-71.3449
4382	-72.3123
4383	-71.991
4384	-72.2085
4385	-72.2397
4386	-71.6053
4387	-71.122
4388	-71.0988
4389	-71.6132
4390	-71.0775
4391	-70.9181
4392	-70.6884
4393	-69.3473
4394	-68.4074
4395	-67.7016
4396	-66.8239
4397	-67.0225
4398	-65.4721
4399	-63.8298
4400	-61.6563
4401	-60.2544
4402	-57.1868
4403	-55.0858
4404	-31.3228
4405	-9.21241
4406	-1.06669
4407	-2.37804
4408	-13.7113
4409	-43.7956
4410	-56.0459
4411	-58.4035
4412	-61.5
4413	-63.4486
4414	-64.606
4415	-66.5332
4416	-66.4801
4417	-66.5149
4418	-68.806
4419	-69.0895
4420	-69.7857
4421	-70.9995
4422	-70.7457
4423	-71.4728
4424	-71.4435
4425	-71.5691
4426	-70.6909
4427	-71.9945
4428	-71.6131
4429	-71.5241
4430	-71.5529
4431	-71.4135
4432	-69.5349
4433	-68.1313
4434	-68.6019
4435	-69.1777
4436	-70.2777
4437	-71.9987
4438	-72.4544
4439	-72.8784
4440	-73.8385
4441	-73.8868
4442	-73.5176
4443	-72.992
4444	-72.2214
4445	-69.118
4446	-64.8401
4447	-68.6266
4448	-71.2573
4449	-70.5082
4450	-69.8681
4451	-68.1112
4452	-65.2469
4453	-62.9257
4454	-62.0072
4455	-56.0751
4456	-48.4864
4457	-49.8497
4458	-58.8765
4459	-62.4756
4460	-63.7719
4461	-66.2484
4462	-69.3335
4463	-69.9385
4464	-70.2595
4465	-68.347
4466	-61.7643
4467	-60.3444
4468	-66.7076
4469	-70.1827
4470	-70.8567
4471	-71.4677
4472	-71.167
4473	-70.2937
4474	-69.8142
4475	-67.3402
4476	-66.5691
4477	-66.7392
4478	-68.6279
4479	-69.3428
4480	-67.1053
4481	-67.0619
4482	-67.9896
4483	-68.6854
4484	-69.4833
4485	-71.3412
4486	-71.8694
4487	-72.2753
4488	-72.6203
4489	-72.8506
4490	-73.7971
4491	-73.4202
4492	-73.5583
4493	-74.4096
4494	-74.1851
4495	-74.0836
4496	-74.1152
4497	-74.4302
4498	-72.5178
4499	-69.3866
4500	-67.3098
4501	-69.1806
4502	-67.6842
4503	-68.1241
4504	-70.8718
4505	-72.3256
4506	-72.1715
4507	-72.3106
4508	-72.4644
4509	-73.3209
4510	-73.5657
4511	-74.5949
4512	-74.8789
4513	-73.3775
4514	-73.3752
4515	-73.6988
4516	-73.5748
4517	-73.2119
4518	-71.9456
4519	-71.2618
4520	-71.4621
4521	-69.1994
4522	-65.7748
4523	-62.8566
4524	-61.9642
4525	-61.4357
4526	-59.3233
4527	-54.8154
4528	-53.6788
4529	-52.4768
4530	-53.5627
4531	-57.3734
4532	-62.1593
4533	-63.6015
4534	-64.9909
4535	-66.1708
4536	-68.9954
4537	-70.9841
4538	-71.7898
4539	-71.5959
4540	-71.3478
4541	-72.3766
4542	-74.0274
4543	-74.0016
4544	-75.2517
4545	-74.6618
4546	-73.3446
4547	-74.5989
4548	-74.9113
4549	-73.654
4550	-71.4419
4551	-71.8437
4552	-70.7082
4553	-71.4552
4554	-71.4276
4555	-68.6756
4556	-62.4959
4557	-64.358
4558	-71.3628
4559	-72.149
4560	-72.5225
4561	-73.1253
4562	-74.003
4563	-74.4364
4564	-74.4664
4565	-74.4006
4566	-73.965
4567	-73.5312
4568	-73.4205
4569	-73.627
4570	-73.0228
4571	-71.7244
4572	-70.806
4573	-69.8451
4574	-68.6423
4575	-67.0151
4576	-66.2186
4577	-64.2245
4578	-64.3915
4579	-64.4254
4580	-63.8984
4581	-65.6402
4582	-67.3453
4583	-68.9916
4584	-70.5731
4585	-71.876
4586	-71.9441
4587	-72.189
4588	-69.9958
4589	-65.7759
4590	-65.3403
4591	-67.5184
4592	-65.0589
4593	-67.8243
4594	-70.8
4595	-70.1725
4596	-69.0514
4597	-67.8792
4598	-63.0078
4599	-56.9769
4600	-53.748
4601	-57.8797
4602	-54.2866
4603	-54.8595
4604	-60.8116
4605	-65.8699
4606	-68.1298
4607	-69.2325
4608	-70.0296
4609	-71.3958
4610	-69.6961
4611	-70.0268
4612	-69.5934
4613	-68.9877
4614	-72.1724
4615	-74.1644
4616	-73.5996
4617	-73.7284
4618	-74.5841
4619	-74.4605
4620	-72.8654
4621	-71.0065
4622	-67.9789
4623	-66.2035
4624	-66.2716
4625	-68.3236
4626	-71.0343
4627	-71.6066
4628	-72.3819
4629	-72.2387
4630	-72.45
4631	-72.0937
4632	-72.2876
4633	-72.6045
4634	-72.7734
4635	-73.1939
4636	-72.4481
4637	-71.8952
4638	-71.4801
4639	-70.386
4640	-69.5517
4641	-69.2542
4642	-68.6178
4643	-67.0211
4644	-65.7489
4645	-63.27
4646	-60.8932
4647	-58.4886
4648	-52.4512
4649	-44.1666
4650	-40.4916
4651	-45.9229
4652	-40.7595
4653	-41.5259
4654	-49.5282
4655	-56.2794
4656	-57.8255
4657	-60.5969
4658	-64.3546
4659	-66.0104
4660	-67.6114
4661	-68.474
4662	-68.6745
4663	-69.0515
4664	-70.7077
4665	-70.9976
4666	-71.8193
4667	-72.429
4668	-72.0625
4669	-72.5026
4670	-72.7983
4671	-72.617
4672	-72.1888
4673	-72.9781
4674	-73.1144
4675	-72.6829
4676	-72.9559
4677	-72.9656
4678	-71.5318
4679	-71.0173
4680	-71.8168
4681	-72.7775
4682	-73.5543
4683	-73.9207
4684	-73.7522
4685	-74.2311
4686	-74.2381
4687	-74.022
4688	-73.2239
4689	-70.3732
4690	-69.7841
4691	-70.6636
4692	-69.4413
4693	-70.635
4694	-70.5572
4695	-69.549
4696	-68.9883
4697	-68.2214
4698	-63.7373
4699	-57.6433
4700	-54.8229
4701	-58.6373
4702	-54.6709
4703	-55.5928
4704	-61.5421
4705	-66.0587
4706	-68.2637
4707	-69.7571
4708	-70.4637
4709	-68.8095
4710	-64.7979
4711	-64.7401
4712	-63.6109
4713	-62.1492
4714	-63.1304
4715	-67.9655
4716	-70.3335
4717	-70.3767
4718	-69.4687
4719	-67.6026
4720	-64.9174
4721	-61.0895
4722	-56.3425
4723	-54.3369
4724	-54.5989
4725	-58.3361
4726	-61.8305
4727	-65.7223
4728	-67.8287
4729	-69.5679
4730	-70.233
4731	-70.3663
4732	-70.7804
4733	-69.9111
4734	-68.8601
4735	-70.2687
4736	-73.0975
4737	-74.5394
4738	-74.0499
4739	-74.0914
4740	-73.9944
4741	-72.8033
4742	-73.0481
4743	-73.5188
4744	-73.1516
4745	-71.7179
4746	-70.3128
4747	-72.0656
4748	-73.1034
4749	-73.1024
4750	-72.2125
4751	-72.118
4752	-72.4644
4753	-73.2327
4754	-72.87
4755	-72.9112
4756	-72.453
4757	-72.2541
4758	-72.681
4759	-72.1247
4760	-70.6191
4761	-69.1109
4762	-68.57
4763	-68.9402
4764	-68.6778
4765	-67.3397
4766	-66.012
4767	-63.0389
4768	-60.3907
4769	-58.7074
4770	-55.7055
4771	-47.6225
4772	-39.7773
4773	-34.1005
4774	-34.9102
4775	-42.7408
4776	-49.5363
4777	-56.8426
4778	-60.5293
4779	-61.9681
4780	-63.6965
4781	-65.7211
4782	-67.7453
4783	-68.6385
4784	-69.3215
4785	-70.0851
4786	-71.3692
4787	-72.3609
4788	-72.3905
4789	-73.0336
4790	-73.1618
4791	-73.4067
4792	-72.1405
4793	-72.3844
4794	-72.695
4795	-72.058
4796	-71.7164
4797	-72.0297
4798	-71.4333
4799	-68.3361
4800	-66.463
4801	-68.9252
4802	-66.8677
4803	-67.3059
4804	-70.9014
4805	-73.3624
4806	-73.775
4807	-74.4086
4808	-74.1951
4809	-73.9685
4810	-73.5135
4811	-72.513
4812	-69.2999
4813	-67.9959
4814	-69.4219
4815	-71.1221
4816	-71.2808
4817	-70.4661
4818	-68.8491
4819	-66.81
4820	-64.7685
4821	-60.2956
4822	-55.3519
4823	-53.2498
4824	-54.0756
4825	-57.3979
4826	-60.9694
4827	-65.0672
4828	-67.5341
4829	-69.5013
4830	-70.3598
4831	-70.6759
4832	-67.8956
4833	-65.7833
4834	-65.0381
4835	-66.4012
4836	-68.5248
4837	-72.2678
4838	-72.3682
4839	-72.1072
4840	-71.4788
4841	-70.3671
4842	-68.1555
4843	-67.2691
4844	-66.8988
4845	-61.1145
4846	-57.2741
4847	-62.1204
4848	-66.7543
4849	-66.278
4850	-66.9003
4851	-68.8886
4852	-70.6998
4853	-71.3303
4854	-71.9574
4855	-73.2988
4856	-72.4137
4857	-72.7089
4858	-74.0553
4859	-74.0943
4860	-73.9865
4861	-74.2103
4862	-74.3711
4863	-73.9771
4864	-74.3322
4865	-72.3042
4866	-70.5308
4867	-68.1781
4868	-65.8835
4869	-65.502
4870	-67.0685
4871	-70.5873
4872	-71.0243
4873	-71.4495
4874	-71.3516
4875	-72.594
4876	-74.5624
4877	-74.6767
4878	-74.3298
4879	-73.5983
4880	-74.4224
4881	-74.5503
4882	-74.0871
4883	-73.8082
4884	-72.7373
4885	-71.6387
4886	-71.7598
4887	-71.5741
4888	-70.0168
4889	-67.3823
4890	-66.3915
4891	-64.496
4892	-62.1099
4893	-60.5491
4894	-32.9377
4895	-17.6676
4896	-13.5139
4897	-18.6002
4898	-35.364
4899	-60.463
4900	-60.6493
4901	-62.9805
4902	-64.0587
4903	-65.3014
4904	-69.4109
4905	-71.3822
4906	-71.1521
4907	-71.3221
4908	-72.2872
4909	-73.0571
4910	-73.2979
4911	-73.6925
4912	-74.4437
4913	-74.3044
4914	-74.3966
4915	-73.5714
4916	-73.7894
4917	-72.5643
4918	-71.2271
4919	-71.914
4920	-71.6596
4921	-71.0282
4922	-68.568
4923	-67.0277
4924	-68.1983
4925	-69.5628
4926	-71.8124
4927	-72.9453
4928	-74.0243
4929	-73.7861
4930	-74.1165
4931	-74.3223
4932	-74.6122
4933	-74.3862
4934	-73.9514
4935	-72.8253
4936	-72.3446
4937	-72.6425
4938	-72.0647
4939	-71.8341
4940	-71.6214
4941	-69.4798
4942	-67.7
4943	-67.3229
4944	-66.9617
4945	-64.3424
4946	-62.085
4947	-65.6614
4948	-67.0391
4949	-66.8003
4950	-67.5376
4951	-69.7888
4952	-70.92
4953	-71.6344
4954	-71.9841
4955	-69.503
4956	-66.0891
4957	-64.1588
4958	-62.5515
4959	-64.054
4960	-66.646
4961	-69.6808
4962	-69.8786
4963	-68.6596
4964	-66.2203
4965	-63.5827
4966	-59.5278
4967	-55.8363
4968	-52.2676
4969	-51.8069
4970	-54.28
4971	-59.7669
4972	-64.2489
4973	-67.2335
4974	-69.4868
4975	-70.9591
4976	-70.9722
4977	-70.3639
4978	-68.0626
4979	-66.7285
4980	-68.8716
4981	-72.2998
4982	-73.2771
4983	-74.2102
4984	-74.3336
4985	-74.4118
4986	-73.7052
4987	-73.5487
4988	-71.6495
4989	-69.2555
4990	-69.4076
4991	-70.7679
4992	-68.9537
4993	-70.2258
4994	-72.4715
4995	-73.2625
4996	-71.9359
4997	-72.7123
4998	-72.2959
4999	-71.9716
5000	-71.8157
5001	-72.8832
5002	-72.3817
5003	-71.9434
5004	-71.2093
5005	-70.8989
5006	-70.0506
5007	-68.839
5008	-67.727
5009	-67.2375
5010	-66.1813
5011	-64.0579
5012	-61.8464
5013	-60.0651
5014	-58.2193
5015	-54.4728
5016	-46.7444
5017	-40.3087
5018	-31.8788
5019	-31.4584
5020	-38.1015
5021	-46.9951
5022	-54.6091
5023	-58.3193
5024	-60.5571
5025	-63.1071
5026	-65.9028
5027	-66.6536
5028	-67.9801
5029	-67.8967
5030	-68.1782
5031	-69.1278
5032	-70.6225
5033	-72.016
5034	-72.1231
5035	-71.7356
5036	-71.2582
5037	-72.0745
5038	-72.1822
5039	-72.9008
5040	-73.093
5041	-72.9422
5042	-72.0451
5043	-72.969
5044	-73.0115
5045	-70.5354
5046	-68.3647
5047	-71.6525
5048	-73.0818
5049	-73.0613
5050	-72.5881
5051	-73.3626
5052	-73.8665
5053	-74.0465
5054	-74.0043
5055	-73.6502
5056	-71.8695
5057	-69.1784
5058	-67.3767
5059	-68.3859
5060	-70.3234
5061	-69.8834
5062	-69.3371
5063	-68.4505
5064	-66.2032
5065	-63.6624
5066	-60.0675
5067	-56.0319
5068	-52.0828
5069	-52.1145
5070	-54.7518
5071	-60.206
5072	-64.3583
5073	-67.3342
5074	-69.6777
5075	-69.877
5076	-69.8172
5077	-66.8565
5078	-62.319
5079	-61.3587
5080	-64.6638
5081	-66.7127
5082	-68.0472
5083	-70.4281
5084	-71.1534
5085	-70.2926
5086	-68.5525
5087	-66.9398
5088	-64.3067
5089	-59.9368
5090	-59.7528
5091	-62.6121
5092	-60.3006
5093	-62.5938
5094	-67.0172
5095	-69.145
5096	-69.4957
5097	-69.8776
5098	-71.2954
5099	-71.6233
5100	-71.6214
5101	-72.318
5102	-72.0169
5103	-72.5585
5104	-73.282
5105	-74.5956
5106	-74.0203
5107	-73.7274
5108	-73.8215
5109	-73.8409
5110	-73.3387
5111	-71.6396
5112	-69.3068
5113	-69.0423
5114	-69.4439
5115	-71.4431
5116	-72.1287
5117	-72.0452
5118	-72.3366
5119	-72.52
5120	-71.8495
5121	-73.4297
5122	-73.2555
5123	-73.9871
5124	-73.8966
5125	-73.3614
5126	-72.5778
5127	-72.2805
5128	-71.6658
5129	-71.0338
5130	-70.658
5131	-70.1732
5132	-69.2431
5133	-67.7924
5134	-65.7713
5135	-60.7998
5136	-59.1279
5137	-59.1103
5138	-52.9264
5139	-45.4877
5140	-45.4954
5141	-49.858
5142	-45.4068
5143	-49.7394
5144	-57.3418
5145	-62.2614
5146	-63.6107
5147	-65.8793
5148	-68.1154
5149	-69.7472
5150	-70.076
5151	-71.2201
5152	-71.1494
5153	-71.5538
5154	-72.8875
5155	-73.8206
5156	-73.6215
5157	-74.4308
5158	-73.9379
5159	-73.7792
5160	-73.1256
5161	-72.6936
5162	-72.244
5163	-71.7338
5164	-71.5548
5165	-71.1269
5166	-70.3525
5167	-67.5878
5168	-64.843
5169	-65.3628
5170	-67.3634
5171	-71.0504
5172	-73.0164
5173	-74.7257
5174	-74.5861
5175	-74.0371
5176	-73.9494
5177	-74.2146
5178	-73.1528
5179	-71.1733
5180	-72.0651
5181	-71.8138
5182	-71.5196
5183	-71.7421
5184	-70.6865
5185	-69.1537
5186	-68.0104
5187	-66.3033
5188	-62.7472
5189	-58.0742
5190	-58.0597
5191	-60.9339
5192	-57.8068
5193	-60.7506
5194	-65.8873
5195	-69.0185
5196	-69.7992
5197	-70.9338
5198	-72.0583
5199	-70.4925
5200	-68.3345
5201	-68.8364
5202	-66.7967
5203	-66.6806
5204	-68.4046
5205	-71.1337
5206	-71.3157
5207	-71.4743
5208	-70.4553
5209	-68.1937
5210	-64.8487
5211	-59.5403
5212	-56.0813
5213	-55.6715
5214	-57.4004
5215	-59.0586
5216	-63.5891
5217	-65.5792
5218	-67.987
5219	-69.3653
5220	-69.7578
5221	-71.4571
5222	-70.6419
5223	-70.9328
5224	-70.9602
5225	-71.7367
5226	-72.9541
5227	-73.8034
5228	-73.986
5229	-74.4504
5230	-74.2441
5231	-73.2117
5232	-72.1937
5233	-72.1576
5234	-70.7459
5235	-63.3462
5236	-62.4901
5237	-69.0329
5238	-71.5516
5239	-70.9638
5240	-70.6957
5241	-71.4939
5242	-72.2242
5243	-73.4987
5244	-73.6805
5245	-73.4416
5246	-72.2187
5247	-73.7529
5248	-74.0893
5249	-73.3222
5250	-72.3956
5251	-71.434
5252	-70.1218
5253	-70.2598
5254	-70.0355
5255	-68.6298
5256	-68.0361
5257	-65.4209
5258	-63.2875
5259	-60.2119
5260	-55.3318
5261	-45.4541
5262	-41.2859
5263	-37.4716
5264	-41.8954
5265	-45.5564
5266	-53.8329
5267	-58.2863
5268	-59.5486
5269	-60.96
5270	-63.8991
5271	-66.8236
5272	-68.9451
5273	-69.3132
5274	-69.5414
5275	-71.1746
5276	-71.9002
5277	-72.0108
5278	-71.9856
5279	-72.6996
5280	-73.8863
5281	-74.0269
5282	-72.4522
5283	-72.3348
5284	-72.6966
5285	-72.1934
5286	-72.6943
5287	-73.0318
5288	-72.0295
5289	-70.4047
5290	-70.6968
5291	-70.7072
5292	-70.0608
5293	-71.8325
5294	-73.5232
5295	-74.4887
5296	-74.1088
5297	-73.8179
5298	-74.385
5299	-74.6059
5300	-73.1127
5301	-72.2962
5302	-70.9589
5303	-71.0428
5304	-70.5493
5305	-71.7998
5306	-71.2321
5307	-71.1946
5308	-69.9333
5309	-68.3699
5310	-65.7111
5311	-60.5162
5312	-57.5148
5313	-57.6035
5314	-58.8899
5315	-60.4581
5316	-63.9179
5317	-65.8869
5318	-68.89
5319	-70.0859
5320	-70.3639
5321	-69.3424
5322	-67.2082
5323	-66.291
5324	-64.9518
5325	-59.8344
5326	-61.8946
5327	-68.3232
5328	-70.0758
5329	-69.7402
5330	-68.9521
5331	-65.471
5332	-63.5093
5333	-62.4842
5334	-58.3915
5335	-49.7884
5336	-49.2452
5337	-57.6096
5338	-62.5104
5339	-63.7827
5340	-65.9824
5341	-69.2914
5342	-70.6557
5343	-70.312
5344	-71.3814
5345	-68.0365
5346	-65.1385
5347	-69.3342
5348	-73.0186
5349	-73.4836
5350	-74.241
5351	-73.7986
5352	-72.5643
5353	-73.2146
5354	-72.8974
5355	-72.0464
5356	-72.488
5357	-71.5088
5358	-71.275
5359	-70.6937
5360	-71.5462
5361	-72.777
5362	-72.3522
5363	-72.1577
5364	-72.4172
5365	-72.1418
5366	-71.2707
5367	-71.2071
5368	-72.0372
5369	-71.7692
5370	-71.2359
5371	-71.0496
5372	-69.7059
5373	-68.6452
5374	-68.1545
5375	-67.0675
5376	-67.2132
5377	-65.9751
5378	-64.3542
5379	-61.9297
5380	-60.7102
5381	-57.6022
5382	-55.4588
5383	-40.5971
5384	-13.898
5385	-3.69815
5386	-3.27737
5387	-12.4703
5388	-37.0055
5389	-55.6009
5390	-57.9176
5391	-61.2805
5392	-63.2892
5393	-64.4919
5394	-66.4986
5395	-66.6968
5396	-66.5475
5397	-68.7422
5398	-69.3264
5399	-69.9854
5400	-71.1466
5401	-71.0975
5402	-71.6426
5403	-71.6927
5404	-71.9993
5405	-70.804
5406	-71.9072
5407	-71.7833
5408	-71.9372
5409	-71.5816
5410	-71.5485
5411	-69.6535
5412	-67.9118
5413	-68.1471
5414	-68.6872
5415	-69.8323
5416	-71.6767
5417	-72.3359
5418	-73.0052
5419	-73.8133
5420	-73.537
5421	-73.7475
5422	-73.0431
5423	-72.4431
5424	-70.2766
5425	-65.1315
5426	-67.6929
5427	-71.1562
5428	-70.7194
5429	-69.977
5430	-68.4499
5431	-65.9209
5432	-63.2114
5433	-62.2133
5434	-57.8776
5435	-49.3095
5436	-48.9691
5437	-57.3925
5438	-62.3314
5439	-63.5849
5440	-65.5086
5441	-68.8503
5442	-70.0892
5443	-70.3481
5444	-69.0759
5445	-63.1714
5446	-60.0899
5447	-65.4286
5448	-70.112
5449	-70.8226
5450	-71.7346
5451	-71.4302
5452	-70.5836
5453	-70.1654
5454	-67.9733
5455	-66.8288
5456	-66.6514
5457	-68.5076
5458	-69.8042
5459	-67.5628
5460	-66.7283
5461	-67.7715
5462	-68.4622
5463	-69.0629
5464	-71.05
5465	-71.7161
5466	-72.3344
5467	-72.6186
5468	-72.7846
5469	-73.8816
5470	-73.4586
5471	-73.4799
5472	-74.4035
5473	-74.2199
5474	-74.0989
5475	-74.1212
5476	-74.2286
5477	-73.1796
5478	-69.6919
5479	-67.1879
5480	-68.6315
5481	-67.8416
5482	-67.3046
5483	-70.0493
5484	-71.8857
5485	-72.0959
5486	-72.195
5487	-72.3677
5488	-73.4666
5489	-73.768
5490	-74.3674
5491	-74.9812
5492	-73.522
5493	-73.5008
5494	-73.7748
5495	-73.7263
5496	-73.6375
5497	-72.3644
5498	-71.321
5499	-71.6821
5500	-69.8702
5501	-66.8629
5502	-63.3917
5503	-62.1755
5504	-61.9174
5505	-60.5891
5506	-57.55
5507	-56.5203
5508	-57.1985
5509	-57.5016
5510	-58.8579
5511	-62.274
5512	-63.2725
5513	-64.8533
5514	-65.694
5515	-68.2684
5516	-70.7457
5517	-71.8197
5518	-71.7088
5519	-71.3358
5520	-72.1582
5521	-73.5628
5522	-73.9401
5523	-74.8241
5524	-75.1151
5525	-73.3576
5526	-74.4136
5527	-75.0626
5528	-74.255
5529	-71.5193
5530	-71.9342
5531	-71.0301
5532	-71.2502
5533	-71.5614
5534	-69.7244
5535	-63.3161
5536	-63.4176
5537	-70.4472
5538	-72.3399
5539	-72.3458
5540	-73.0299
5541	-73.9198
5542	-74.264
5543	-74.6637
5544	-74.2539
5545	-74.1626
5546	-73.691
5547	-73.6676
5548	-73.7154
5549	-73.3412
5550	-72.0071
5551	-70.9841
5552	-70.2857
5553	-68.969
5554	-67.5297
5555	-66.5053
5556	-65.2081
5557	-65.643
5558	-66.1444
5559	-65.1928
5560	-66.1804
5561	-67.3557
5562	-68.5923
5563	-70.0705
5564	-71.7214
5565	-71.8976
5566	-72.4353
5567	-70.9923
5568	-66.109
5569	-64.6752
5570	-67.514
5571	-64.8383
5572	-66.79
5573	-70.3095
5574	-70.4343
5575	-69.0898
5576	-68.3095
5577	-63.8894
5578	-58.0233
5579	-53.6091
5580	-56.4231
5581	-54.874
5582	-54.0031
5583	-59.3799
5584	-64.814
5585	-67.7876
5586	-69.1735
5587	-69.9009
5588	-70.9512
5589	-69.9801
5590	-69.4336
5591	-70.0811
5592	-68.5524
5593	-71.4233
5594	-74.2244
5595	-73.6856
5596	-73.8315
5597	-74.4142
5598	-74.5917
5599	-73.2144
5600	-71.5969
5601	-68.6265
5602	-66.7946
5603	-66.0862
5604	-68.2919
5605	-70.5779
5606	-71.7543
5607	-72.3815
5608	-72.2296
5609	-72.3753
5610	-72.0974
5611	-72.1654
5612	-72.3758
5613	-72.7272
5614	-72.8542
5615	-72.5705
5616	-71.7944
5617	-71.305
5618	-70.4137
5619	-69.4857
5620	-69.2477
5621	-68.5102
5622	-67.1025
5623	-65.7909
5624	-63.5567
5625	-61.0145
5626	-58.9008
5627	-53.5437
5628	-45.5012
5629	-40.2149
5630	-44.1018
5631	-41.3821
5632	-40.3783
5633	-47.492
5634	-55.0454
5635	-57.6846
5636	-59.6491
5637	-63.7578
5638	-65.7028
5639	-67.2458
5640	-68.1874
5641	-68.7986
5642	-68.8687
5643	-70.3097
5644	-70.8924
5645	-71.5099
5646	-72.3994
5647	-72.0755
5648	-72.2464
5649	-72.6528
5650	-72.5603
5651	-72.4534
5652	-72.807
5653	-73.2455
5654	-72.6504
5655	-72.824
5656	-73.2377
5657	-71.7116
5658	-70.8868
5659	-71.5583
5660	-72.4896
5661	-73.4752
5662	-74.0526
5663	-73.5685
5664	-74.0566
5665	-74.4091
5666	-74.0272
5667	-73.3529
5668	-70.8354
5669	-69.3533
5670	-70.815
5671	-69.5063
5672	-70.1461
5673	-70.5873
5674	-69.7
5675	-69.0457
5676	-68.4468
5677	-64.5495
5678	-58.585
5679	-54.5281
5680	-57.3995
5681	-55.0696
5682	-54.539
5683	-60.2223
5684	-65.151
5685	-67.9172
5686	-69.3783
5687	-70.4871
5688	-69.2741
5689	-65.1124
5690	-64.4472
5691	-63.8477
5692	-62.376
5693	-62.5294
5694	-67.2914
5695	-70.3044
5696	-70.4622
5697	-69.7725
5698	-68.1572
5699	-65.5901
5700	-62.5308
5701	-57.385
5702	-55.2476
5703	-54.3073
5704	-58.4387
5705	-61.3889
5706	-65.2464
5707	-67.6392
5708	-69.4811
5709	-70.3979
5710	-70.3262
5711	-70.8503
5712	-70.4173
5713	-68.8691
5714	-70.0702
5715	-72.9103
5716	-74.4516
5717	-74.0865
5718	-74.0532
5719	-73.7258
5720	-72.8755
5721	-72.9595
5722	-73.4821
5723	-73.1348
5724	-72.1005
5725	-69.961
5726	-71.4586
5727	-72.9929
5728	-73.3415
5729	-72.3255
5730	-71.9882
5731	-72.3314
5732	-72.9505
5733	-72.9547
5734	-73.1188
5735	-72.568
5736	-72.3772
5737	-72.9695
5738	-72.4462
5739	-70.8692
5740	-69.4212
5741	-68.7388
5742	-69.2088
5743	-69.1492
5744	-67.6221
5745	-66.2592
5746	-63.5823
5747	-61.0152
5748	-59.1029
5749	-56.5031
5750	-50.0448
5751	-40.9341
5752	-35.4539
5753	-34.6302
5754	-42.4104
5755	-47.8562
5756	-56.0649
5757	-60.4222
5758	-61.8332
5759	-63.6825
5760	-65.6677
5761	-67.6068
5762	-68.8678
5763	-69.5743
5764	-70.1992
5765	-71.2154
5766	-72.4995
5767	-72.6285
5768	-73.1518
5769	-73.0876
5770	-73.5558
5771	-72.3231
5772	-72.415
5773	-72.9808
5774	-72.3171
5775	-71.6906
5776	-72.072
5777	-71.9484
5778	-68.9129
5779	-66.3509
5780	-68.505
5781	-67.1209
5782	-66.7648
5783	-70.0376
5784	-73.0695
5785	-73.6955
5786	-74.4523
5787	-74.2435
5788	-74.0359
5789	-73.8518
5790	-72.8737
5791	-69.8812
5792	-68.439
5793	-69.0992
5794	-71.2042
5795	-71.3285
5796	-70.6283
5797	-69.1571
5798	-67.1592
5799	-65.1944
5800	-61.4855
5801	-56.3475
5802	-54.1485
5803	-53.6491
5804	-57.3854
5805	-60.5675
5806	-64.5409
5807	-67.4106
5808	-69.0906
5809	-70.3554
5810	-70.8546
5811	-68.8245
5812	-66.3208
5813	-65.2363
5814	-66.4635
5815	-67.8557
5816	-71.7032
5817	-72.6667
5818	-72.2446
5819	-71.4096
5820	-70.6745
5821	-68.3303
5822	-67.0111
5823	-66.8225
5824	-61.5445
5825	-56.2636
5826	-59.6494
5827	-66.3305
5828	-65.9376
5829	-66.5475
5830	-68.2888
5831	-70.2307
5832	-71.1305
5833	-71.7283
5834	-72.9911
5835	-72.1966
5836	-72.1742
5837	-73.856
5838	-74.0319
5839	-73.9864
5840	-74.4015
5841	-74.2733
5842	-73.9515
5843	-74.1231
5844	-72.651
5845	-71.0506
5846	-68.3176
5847	-66.6085
5848	-65.0296
5849	-66.5291
5850	-69.7972
5851	-71.0094
5852	-71.4965
5853	-71.4327
5854	-72.2991
5855	-74.2329
5856	-74.5921
5857	-74.591
5858	-73.4569
5859	-74.0091
5860	-74.3131
5861	-74.1396
5862	-73.9594
5863	-73.0923
5864	-71.667
5865	-71.6201
5866	-71.517
5867	-70.0621
5868	-67.7698
5869	-66.5969
5870	-65.1576
5871	-62.3827
5872	-60.7972
5873	-37.8011
5874	-19.6161
5875	-13.6342
5876	-16.9234
5877	-30.9651
5878	-59.5388
5879	-60.5069
5880	-62.2029
5881	-63.7559
5882	-64.5384
5883	-68.388
5884	-70.8664
5885	-70.9671
5886	-70.8738
5887	-71.8796
5888	-72.6255
5889	-73.4305
5890	-73.4665
5891	-74.0907
5892	-74.21
5893	-74.4832
5894	-73.4431
5895	-73.7014
5896	-72.803
5897	-71.3037
5898	-72.0904
5899	-71.8142
5900	-71.5386
5901	-69.0711
5902	-67.5602
5903	-67.964
5904	-69.381
5905	-71.4801
5906	-72.7986
5907	-73.7478
5908	-73.8042
5909	-73.894
5910	-74.3141
5911	-74.788
5912	-74.2513
5913	-74.0812
5914	-72.9279
5915	-71.7967
5916	-72.6511
5917	-72.1999
5918	-71.7178
5919	-71.8189
5920	-70.1941
5921	-67.984
5922	-67.3152
5923	-66.9943
5924	-63.988
5925	-60.3112
5926	-63.655
5927	-66.9324
5928	-66.5211
5929	-67.2656
5930	-69.1968
5931	-70.6327
5932	-71.3623
5933	-71.9848
5934	-69.9496
5935	-66.2917
5936	-64.0924
5937	-62.7824
5938	-63.7389
5939	-65.8893
5940	-69.5294
5941	-69.8716
5942	-69.0619
5943	-66.6161
5944	-63.8135
5945	-60.3333
5946	-56.1781
5947	-53.2124
5948	-51.2451
5949	-53.6849
5950	-58.5774
5951	-63.7297
5952	-66.7322
5953	-69.3564
5954	-70.8832
5955	-71.253
5956	-70.4878
5957	-68.6762
5958	-66.5566
5959	-68.2942
5960	-71.7351
5961	-73.1593
5962	-74.2861
5963	-74.4264
5964	-74.2834
5965	-73.8671
5966	-73.5135
5967	-72.3278
5968	-69.8887
5969	-69.4348
5970	-71.2068
5971	-69.5614
5972	-70.1391
5973	-72.0774
5974	-73.2757
5975	-72.2023
5976	-72.5688
5977	-72.5498
5978	-72.0119
5979	-71.6421
5980	-72.5616
5981	-72.5348
5982	-71.8911
5983	-71.417
5984	-71.0147
5985	-70.4737
5986	-69.0322
5987	-67.5933
5988	-67.2407
5989	-66.6741
5990	-64.348
5991	-62.1156
5992	-60.2711
5993	-58.5491
5994	-55.3726
5995	-48.7526
5996	-41.1785
5997	-32.6443
5998	-30.5947
5999	-37.2648
6000	-44.7816
6001	-53.6095
6002	-57.8512
6003	-60.2576
6004	-62.8154
6005	-65.3396
6006	-66.4237
6007	-67.8135
6008	-67.825
6009	-68.2223
6010	-69.0348
6011	-70.5173
6012	-71.7334
6013	-72.1954
6014	-71.7581
6015	-71.3311
6016	-72.1463
6017	-71.9884
6018	-72.5616
6019	-72.9595
6020	-73.1032
6021	-72.1494
6022	-72.5335
6023	-73.0101
6024	-70.7847
6025	-67.7567
6026	-70.5333
6027	-72.8562
6028	-73.0162
6029	-72.4474
6030	-73.3678
6031	-73.8673
6032	-74.0231
6033	-74.0698
6034	-73.7469
6035	-72.2724
6036	-69.5265
6037	-67.6224
6038	-67.9768
6039	-70.0345
6040	-70.05
6041	-69.3366
6042	-68.594
6043	-66.7383
6044	-64.1507
6045	-60.5683
6046	-56.2851
6047	-52.8464
6048	-51.3619
6049	-53.898
6050	-58.9157
6051	-63.8134
6052	-66.6489
6053	-69.4316
6054	-70.0695
6055	-69.8603
6056	-67.6787
6057	-63.2159
6058	-61.1629
6059	-63.9878
6060	-66.6151
6061	-68.109
6062	-70.3503
6063	-71.2856
6064	-70.6338
6065	-68.9949
6066	-67.5663
6067	-65.3071
6068	-61.3484
6069	-60.1566
6070	-63.3035
6071	-61.5092
6072	-62.8126
6073	-66.7831
6074	-69.2071
6075	-69.4534
6076	-69.7148
6077	-71.1909
6078	-71.6806
6079	-71.8295
6080	-72.2465
6081	-72.298
6082	-72.6794
6083	-73.3249
6084	-74.5933
6085	-74.2259
6086	-73.8256
6087	-74.0259
6088	-73.8568
6089	-73.234
6090	-71.7749
6091	-69.3676
6092	-68.7461
6093	-68.9755
6094	-70.6683
6095	-72.309
6096	-72.0726
6097	-72.3419
6098	-72.3833
6099	-71.843
6100	-73.0554
6101	-73.2555
6102	-73.9767
6103	-73.8131
6104	-73.6897
6105	-72.7443
6106	-72.5756
6107	-72.1108
6108	-71.2549
6109	-70.9127
6110	-70.4988
6111	-69.6329
6112	-68.4373
6113	-66.5571
6114	-61.8918
6115	-59.2342
6116	-60.1388
6117	-54.8786
6118	-47.2818
6119	-45.5999
6120	-50.9036
6121	-46.4753
6122	-49.2068
6123	-56.898
6124	-62.2258
6125	-63.4868
6126	-65.7449
6127	-67.975
6128	-69.8682
6129	-70.0835
6130	-71.1533
6131	-71.4163
6132	-71.5609
6133	-73.0165
6134	-73.8706
6135	-73.6345
6136	-74.4216
6137	-74.069
6138	-73.8837
6139	-73.5149
6140	-72.9187
6141	-72.4329
6142	-71.6444
6143	-71.5565
6144	-71.1064
6145	-70.9027
6146	-67.8677
6147	-65.5591
6148	-64.7714
6149	-66.7659
6150	-70.3646
6151	-72.6834
6152	-74.2752
6153	-74.8223
6154	-74.0191
6155	-74.1621
6156	-73.982
6157	-73.7983
6158	-71.7802
6159	-72.3693
6160	-72.2836
6161	-71.8724
6162	-71.8782
6163	-71.1054
6164	-69.3542
6165	-68.439
6166	-66.7866
6167	-64.1601
6168	-59.3641
6169	-58.1715
6170	-61.9131
6171	-58.6428
6172	-60.46
6173	-65.4977
6174	-68.768
6175	-69.9215
6176	-70.5274
6177	-72.0835
6178	-71.3369
6179	-68.8602
6180	-69.1117
6181	-67.1918
6182	-66.2163
6183	-67.9841
6184	-70.3618
6185	-71.1426
6186	-71.4887
6187	-70.7112
6188	-68.7879
6189	-65.4549
6190	-60.2641
6191	-55.8038
6192	-55.3676
6193	-56.8709
6194	-58.0213
6195	-62.6671
6196	-65.106
6197	-67.4231
6198	-69.0699
6199	-69.5571
6200	-71.1524
6201	-70.7519
6202	-70.4788
6203	-70.64
6204	-71.2772
6205	-72.5739
6206	-73.6812
6207	-73.9359
6208	-74.3071
6209	-74.5945
6210	-73.4927
6211	-72.3773
6212	-72.1411
6213	-71.4436
6214	-64.6749
6215	-62.0221
6216	-67.727
6217	-71.468
6218	-71.2984
6219	-70.6512
6220	-71.3671
6221	-72.1417
6222	-73.1901
6223	-73.4535
6224	-73.2568
6225	-72.1655
6226	-73.5203
6227	-73.9951
6228	-73.3029
6229	-72.4098
6230	-71.3709
6231	-70.2524
6232	-70.0009
6233	-69.8233
6234	-68.5766
6235	-68.217
6236	-65.6826
6237	-63.4607
6238	-60.6605
6239	-56.0725
6240	-46.9025
6241	-40.9069
6242	-37.1054
6243	-39.7372
6244	-44.3158
6245	-51.854
6246	-57.4204
6247	-59.3495
6248	-60.3207
6249	-63.2869
6250	-66.072
6251	-68.4613
6252	-69.1524
6253	-69.1555
6254	-70.8559
6255	-71.7447
6256	-71.9701
6257	-71.9158
6258	-72.4227
6259	-73.4431
6260	-73.9668
6261	-72.4698
6262	-72.5043
6263	-72.6169
6264	-72.1964
6265	-72.8115
6266	-73.0864
6267	-72.2313
6268	-70.95
6269	-70.7498
6270	-71.1291
6271	-70.2221
6272	-71.5584
6273	-73.3963
6274	-74.3115
6275	-74.1678
6276	-73.9275
6277	-74.2829
6278	-74.9238
6279	-73.4328
6280	-72.1978
6281	-71.0097
6282	-70.8978
6283	-70.5418
6284	-71.8277
6285	-71.2903
6286	-71.365
6287	-70.217
6288	-68.6077
6289	-65.8997
6290	-61.1203
6291	-57.0868
6292	-56.9904
6293	-58.2951
6294	-59.1293
6295	-63.1093
6296	-65.4276
6297	-68.1992
6298	-69.672
6299	-70.365
6300	-69.4204
6301	-67.6477
6302	-65.9574
6303	-65.4709
6304	-60.5491
6305	-60.9191
6306	-67.5821
6307	-70.0396
6308	-69.949
6309	-69.5885
6310	-66.1348
6311	-63.8527
6312	-62.6969
6313	-59.9055
6314	-51.082
6315	-48.8314
6316	-55.6053
6317	-62.5059
6318	-63.6271
6319	-65.6501
6320	-68.9459
6321	-70.6231
6322	-70.602
6323	-71.5535
6324	-69.3607
6325	-65.1968
6326	-68.3652
6327	-72.7722
6328	-73.8993
6329	-74.6563
6330	-74.3047
6331	-73.011
6332	-73.4778
6333	-73.0259
6334	-72.3853
6335	-72.7308
6336	-71.9783
6337	-71.7086
6338	-71.0105
6339	-71.604
6340	-72.8589
6341	-72.7851
6342	-72.4231
6343	-72.8685
6344	-72.7307
6345	-71.5298
6346	-71.6005
6347	-72.4181
6348	-72.3845
6349	-71.5905
6350	-71.6926
6351	-70.6021
6352	-69.3136
6353	-68.7379
6354	-67.6025
6355	-67.228
6356	-66.5937
6357	-64.8745
6358	-62.2462
6359	-60.9516
6360	-58.1629
6361	-55.7976
6362	-49.8704
6363	-18.8357
6364	-6.40272
6365	-4.24416
6366	-11.4487
6367	-31.8787
6368	-54.995
6369	-57.6121
6370	-60.8948
6371	-63.1437
6372	-64.4922
6373	-66.6126
6374	-67.1907
6375	-67.0461
6376	-68.7276
6377	-69.9754
6378	-70.668
6379	-71.8309
6380	-72.0201
6381	-72.4727
6382	-72.4726
6383	-72.51
6384	-71.5385
6385	-72.0462
6386	-72.1622
6387	-72.2968
6388	-71.801
6389	-71.911
6390	-70.0821
6391	-68.0251
6392	-67.6865
6393	-68.5516
6394	-69.5625
6395	-71.2881
6396	-72.3771
6397	-73.3023
6398	-73.8553
6399	-73.8013
6400	-74.0281
6401	-73.4266
6402	-72.8867
6403	-71.4977
6404	-65.8335
6405	-66.5839
6406	-70.9705
6407	-71.1516
6408	-70.2005
6409	-68.7923
6410	-66.4232
6411	-63.6195
6412	-62.3279
6413	-59.472
6414	-50.4925
6415	-48.4384
6416	-55.4775
6417	-62.1999
6418	-63.3002
6419	-64.9651
6420	-68.4783
6421	-70.3201
6422	-70.56
6423	-69.5535
6424	-64.9091
6425	-60.1648
6426	-64.0718
6427	-69.8599
6428	-70.8804
6429	-71.9687
6430	-71.599
6431	-70.8868
6432	-70.4198
6433	-68.4886
6434	-67.0872
6435	-66.72
6436	-67.3141
6437	-68.2543
6438	-66.9631
6439	-66.4707
6440	-67.6776
6441	-68.4518
6442	-68.7709
6443	-70.6751
6444	-71.4433
6445	-72.43
6446	-72.6352
6447	-72.888
6448	-73.8645
6449	-73.6747
6450	-73.5052
6451	-74.3388
6452	-74.2461
6453	-74.2653
6454	-74.095
6455	-74.3759
6456	-73.7069
6457	-70.3137
6458	-67.2731
6459	-68.0248
6460	-68.1353
6461	-66.7361
6462	-69.3949
6463	-71.8538
6464	-72.0989
6465	-72.0179
6466	-72.3931
6467	-73.3823
6468	-73.5635
6469	-74.0331
6470	-75.194
6471	-73.8408
6472	-73.5524
6473	-74.0588
6474	-73.9646
6475	-73.9669
6476	-72.72
6477	-71.5549
6478	-71.838
6479	-70.5573
6480	-67.4637
6481	-64.1169
6482	-62.397
6483	-62.7379
6484	-61.3207
6485	-60.1431
6486	-59.8359
6487	-60.3562
6488	-58.1538
6489	-58.109
6490	-61.4702
6491	-62.7769
6492	-64.499
6493	-65.26
6494	-67.6101
6495	-70.3211
6496	-71.8459
6497	-71.9003
6498	-71.3966
6499	-72.1146
6500	-73.1643
6501	-73.8678
6502	-74.5048
6503	-75.4181
6504	-73.6103
6505	-74.0622
6506	-75.2843
6507	-74.3147
6508	-71.9163
6509	-71.6629
6510	-71.2882
6511	-70.9978
6512	-71.8068
6513	-70.5453
6514	-64.4563
6515	-62.8903
6516	-69.1944
6517	-72.4691
6518	-72.3446
6519	-72.9567
6520	-73.761
6521	-74.2004
6522	-74.5456
6523	-74.3692
6524	-74.4656
6525	-73.7195
6526	-73.4683
6527	-73.4602
6528	-73.6076
6529	-72.236
6530	-70.9841
6531	-70.5856
6532	-69.455
6533	-68.1451
6534	-66.7359
6535	-66.1353
6536	-66.4179
6537	-67.6374
6538	-66.8608
6539	-66.6201
6540	-67.4006
6541	-68.1945
6542	-69.7801
6543	-71.326
6544	-72.0281
6545	-72.3724
6546	-71.6518
6547	-66.6347
6548	-64.2987
6549	-66.9059
6550	-65.0129
6551	-65.7311
6552	-69.8354
6553	-70.5921
6554	-69.2002
6555	-68.6027
6556	-64.9716
6557	-59.0511
6558	-53.7863
6559	-55.1115
6560	-55.6207
6561	-53.3745
6562	-58.1696
6563	-63.912
6564	-67.3835
6565	-69.1357
6566	-69.6803
6567	-70.7143
6568	-70.3048
6569	-69.1065
6570	-70.3655
6571	-68.3339
6572	-70.5647
6573	-73.9491
6574	-73.6943
6575	-73.7268
6576	-74.2601
6577	-74.6245
6578	-73.4492
6579	-71.9079
6580	-69.3588
6581	-67.3668
6582	-66.2489
6583	-68.132
6584	-70.1728
6585	-71.7651
6586	-72.1769
6587	-72.3861
6588	-72.4097
6589	-72.0879
6590	-72.1544
6591	-72.3581
6592	-72.5821
6593	-72.6325
6594	-72.6412
6595	-71.7735
6596	-71.337
6597	-70.5575
6598	-69.6351
6599	-69.2779
6600	-68.4628
6601	-67.2752
6602	-65.9566
6603	-63.9068
6604	-61.2587
6605	-59.2154
6606	-54.5507
6607	-47.0318
6608	-40.2909
6609	-42.3904
6610	-42.4068
6611	-39.6393
6612	-45.4157
6613	-53.4187
6614	-57.6568
6615	-59.0138
6616	-63.2192
6617	-65.2832
6618	-66.8285
6619	-68.0427
6620	-68.673
6621	-68.5523
6622	-70.1368
6623	-70.7656
6624	-71.3059
6625	-72.4804
6626	-72.1843
6627	-72.2064
6628	-72.4539
6629	-72.5369
6630	-72.5274
6631	-72.7139
6632	-73.2982
6633	-72.6555
6634	-72.7882
6635	-72.9275
6636	-72.0811
6637	-70.7431
6638	-71.3118
6639	-72.3071
6640	-73.298
6641	-74.1405
6642	-73.5276
6643	-73.979
6644	-74.4534
6645	-74.0922
6646	-73.634
6647	-71.2774
6648	-69.1764
6649	-70.6715
6650	-69.5088
6651	-69.7336
6652	-70.6265
6653	-69.8389
6654	-69.1967
6655	-68.6855
6656	-65.5644
6657	-59.5151
6658	-54.521
6659	-56.0518
6660	-55.801
6661	-53.8094
6662	-58.8816
6663	-64.2264
6664	-67.7603
6665	-69.0857
6666	-70.5262
6667	-69.5142
6668	-65.7739
6669	-64.1806
6670	-64.0904
6671	-62.9141
6672	-62.2341
6673	-66.5783
6674	-70.1003
6675	-70.6558
6676	-70.1554
6677	-68.6893
6678	-66.1352
6679	-63.4925
6680	-58.4891
6681	-56.0147
6682	-54.3684
6683	-58.4177
6684	-61.0762
6685	-64.9582
6686	-67.5832
6687	-69.3331
6688	-70.2883
6689	-70.322
6690	-71.0932
6691	-70.7758
6692	-69.1667
6693	-69.7177
6694	-72.2502
6695	-74.6058
6696	-74.1562
6697	-74.1435
6698	-73.6803
6699	-73.0095
6700	-72.8107
6701	-73.3298
6702	-73.4173
6703	-72.5943
6704	-70.0358
6705	-70.5277
6706	-72.7183
6707	-73.3139
6708	-72.5639
6709	-71.8876
6710	-72.0648
6711	-72.6599
6712	-72.8608
6713	-73.3236
6714	-72.8379
6715	-72.4988
6716	-73.1918
6717	-72.7326
6718	-71.2175
6719	-69.9674
6720	-68.9906
6721	-69.3134
6722	-69.3524
6723	-68.0909
6724	-66.5727
6725	-64.4589
6726	-61.6497
6727	-59.5757
6728	-57.3967
6729	-52.063
6730	-42.4703
6731	-37.2325
6732	-34.5977
6733	-40.8519
6734	-46.5595
6735	-55.2846
6736	-60.182
6737	-61.7754
6738	-63.7726
6739	-65.3859
6740	-67.3966
6741	-68.9433
6742	-69.6917
6743	-70.3648
6744	-71.168
6745	-72.5744
6746	-72.7654
6747	-73.2553
6748	-72.9323
6749	-73.6083
6750	-72.6462
6751	-72.5647
6752	-72.9973
6753	-72.454
6754	-71.789
6755	-71.9053
6756	-71.745
6757	-69.5153
6758	-66.3114
6759	-67.7037
6760	-67.5893
6761	-66.3687
6762	-69.1686
6763	-72.7475
6764	-73.7786
6765	-74.5601
6766	-74.3383
6767	-73.9918
6768	-74.0773
6769	-73.1419
6770	-70.7721
6771	-68.9075
6772	-68.9338
6773	-71.0048
6774	-71.721
6775	-70.9754
6776	-69.565
6777	-67.4873
6778	-65.6829
6779	-62.7076
6780	-57.4364
6781	-54.9851
6782	-53.502
6783	-57.4116
6784	-60.1579
6785	-64.0324
6786	-67.045
6787	-68.7952
6788	-70.2287
6789	-70.8761
6790	-69.6937
6791	-66.9227
6792	-65.8175
6793	-66.636
6794	-67.2279
6795	-70.7386
6796	-72.7105
6797	-72.1599
6798	-71.5582
6799	-70.9606
6800	-68.6227
6801	-67.0296
6802	-66.706
6803	-62.2
6804	-55.7224
6805	-57.4301
6806	-64.9011
6807	-65.6475
6808	-66.2436
6809	-67.6694
6810	-70.0174
6811	-70.8178
6812	-71.6115
6813	-72.7349
6814	-72.1258
6815	-71.5777
6816	-73.5505
6817	-73.8859
6818	-73.8166
6819	-74.4229
6820	-74.3056
6821	-73.8755
6822	-74.1448
6823	-73.0849
6824	-70.9992
6825	-68.6852
6826	-66.9385
6827	-64.6705
6828	-66.0835
6829	-68.9938
6830	-71.0012
6831	-71.5199
6832	-71.3226
6833	-71.9517
6834	-73.8883
6835	-74.5919
6836	-74.7069
6837	-73.3306
6838	-73.7511
6839	-74.1402
6840	-74.1306
6841	-73.7485
6842	-73.1039
6843	-71.7418
6844	-71.5166
6845	-71.4387
6846	-70.1677
6847	-68.1708
6848	-66.6784
6849	-65.3422
6850	-62.7879
6851	-60.8227
6852	-43.6839
6853	-21.9849
6854	-14.0884
6855	-15.6239
6856	-27.2681
6857	-55.6697
6858	-60.2459
6859	-61.2776
6860	-63.3579
6861	-64.1294
6862	-67.2663
6863	-70.4896
6864	-70.6949
6865	-70.4944
6866	-71.5208
6867	-72.1423
6868	-72.939
6869	-73.2016
6870	-73.8237
6871	-74.0988
6872	-74.4027
6873	-73.4112
6874	-73.4862
6875	-72.881
6876	-71.408
6877	-72.1029
6878	-71.8103
6879	-71.8823
6880	-69.6248
6881	-68.1125
6882	-67.738
6883	-69.2796
6884	-71.2129
6885	-72.676
6886	-73.5903
6887	-73.814
6888	-73.7852
6889	-74.3356
6890	-74.8536
6891	-74.4081
6892	-74.1218
6893	-72.9032
6894	-71.3754
6895	-72.3434
6896	-72.2912
6897	-71.8013
6898	-72.1835
6899	-70.641
6900	-68.1803
6901	-67.2957
6902	-66.9391
6903	-64.2172
6904	-59.1786
6905	-61.0813
6906	-66.2811
6907	-66.3088
6908	-67.056
6909	-68.5805
6910	-70.156
6911	-71.1572
6912	-71.8149
6913	-70.3943
6914	-66.5738
6915	-64.1865
6916	-63.1626
6917	-63.2824
6918	-65.2503
6919	-69.1591
6920	-69.7627
6921	-69.3468
6922	-66.9853
6923	-64.29
6924	-61.2408
6925	-56.7869
6926	-54.2375
6927	-50.9737
6928	-53.2975
6929	-57.4985
6930	-63.2898
6931	-66.2416
6932	-69.1782
6933	-70.6573
6934	-71.322
6935	-70.8124
6936	-69.2281
6937	-66.6626
6938	-67.8499
6939	-71.0629
6940	-73.1176
6941	-74.1528
6942	-74.4685
6943	-74.1807
6944	-73.8556
6945	-73.365
6946	-73.2282
6947	-70.6147
6948	-69.4552
6949	-71.3569
6950	-70.2434
6951	-70.0817
6952	-71.9407
6953	-73.2907
6954	-72.6351
6955	-72.3605
6956	-72.8578
6957	-72.045
6958	-71.5187
6959	-72.2482
6960	-72.7049
6961	-71.9471
6962	-71.6168
6963	-70.9709
6964	-70.6677
6965	-69.1257
6966	-67.6598
6967	-67.3442
6968	-66.8009
6969	-64.7119
6970	-62.337
6971	-60.5525
6972	-58.9097
6973	-56.2853
6974	-50.2579
6975	-41.9789
6976	-33.807
6977	-30.1245
6978	-36.1785
6979	-42.5303
6980	-52.6919
6981	-57.2647
6982	-59.8908
6983	-62.386
6984	-64.7818
6985	-66.2877
6986	-67.4002
6987	-67.7636
6988	-68.2224
6989	-68.7261
6990	-70.2551
6991	-71.6929
6992	-72.1428
6993	-72.1127
6994	-71.4935
6995	-71.9546
6996	-71.9449
6997	-72.4446
6998	-72.9328
6999	-73.4501
7000	-72.4379
7001	-72.2229
7002	-73.0009
7003	-71.1149
7004	-67.4899
7005	-69.2984
7006	-72.8356
7007	-72.9166
7008	-72.4549
7009	-73.2127
7010	-73.9284
7011	-73.9508
7012	-74.0224
7013	-73.7402
7014	-72.7969
7015	-70.1691
7016	-67.7117
7017	-67.7449
7018	-69.5086
7019	-70.4133
7020	-69.3756
7021	-68.7797
7022	-67.1219
7023	-64.4573
7024	-61.4235
7025	-56.8628
7026	-53.9112
7027	-51.0026
7028	-53.3242
7029	-57.6809
7030	-63.4302
7031	-66.124
7032	-69.1393
7033	-70.2061
7034	-69.8466
7035	-68.3476
7036	-64.0859
7037	-61.2149
7038	-63.3797
7039	-66.1378
7040	-68.2462
7041	-70.1945
7042	-71.261
7043	-70.8808
7044	-69.3308
7045	-68.0234
7046	-66.0964
7047	-62.6943
7048	-60.9868
7049	-63.5499
7050	-62.9361
7051	-63.1309
7052	-66.5237
7053	-69.2261
7054	-69.5008
7055	-69.7572
7056	-70.9379
7057	-71.6278
7058	-71.9734
7059	-72.1872
7060	-72.6335
7061	-72.6191
7062	-73.3793
7063	-74.2182
7064	-74.496
7065	-73.6846
7066	-74.2278
7067	-73.8756
7068	-73.3632
7069	-72.127
7070	-69.4654
7071	-68.4226
7072	-68.6328
7073	-70.0057
7074	-71.9885
7075	-71.8306
7076	-72.1001
7077	-72.354
7078	-71.887
7079	-72.7645
7080	-73.322
7081	-73.8769
7082	-73.8281
7083	-74.1675
7084	-72.9352
7085	-72.7884
7086	-72.5921
7087	-71.7605
7088	-71.212
7089	-70.8316
7090	-70.0817
7091	-69.0294
7092	-67.2917
7093	-63.2424
7094	-59.4272
7095	-60.6285
7096	-56.5503
7097	-49.4253
7098	-46.1315
7099	-51.2827
7100	-47.8646
7101	-49.0187
7102	-56.5163
7103	-62.1209
7104	-63.4686
7105	-65.3723
7106	-67.95
7107	-69.6618
7108	-70.2018
7109	-71.0933
7110	-71.7012
7111	-71.6672
7112	-72.9263
7113	-73.9605
7114	-73.6078
7115	-74.536
7116	-74.144
7117	-74.0445
7118	-73.8501
7119	-73.1346
7120	-72.3546
7121	-71.6517
7122	-71.4767
7123	-71.099
7124	-71.0519
7125	-68.4187
7126	-66.1959
7127	-64.3034
7128	-66.329
7129	-69.86
7130	-72.3706
7131	-74.0351
7132	-74.8032
7133	-73.9765
7134	-74.2945
7135	-74.0259
7136	-74.1523
7137	-72.2598
7138	-72.3576
7139	-72.8268
7140	-72.1352
7141	-71.9232
7142	-71.534
7143	-69.6863
7144	-68.6755
7145	-67.2649
7146	-65.0902
7147	-60.7119
7148	-58.4797
7149	-61.9283
7150	-59.8011
7151	-60.5236
7152	-65.1838
7153	-68.5163
7154	-69.8921
7155	-70.3504
7156	-72.047
7157	-71.8009
7158	-69.5589
7159	-69.2144
7160	-67.5645
7161	-65.7534
7162	-67.2388
7163	-69.5098
7164	-70.8083
7165	-71.4268
7166	-70.8672
7167	-68.9725
7168	-66.0433
7169	-61.129
7170	-55.8074
7171	-55.2109
7172	-56.2188
7173	-57.1175
7174	-61.4546
7175	-64.8905
7176	-66.8893
7177	-69.1318
7178	-69.4938
7179	-70.8009
7180	-70.8947
7181	-70.1629
7182	-70.4189
7183	-70.8724
7184	-72.2707
7185	-73.3692
7186	-73.8318
7187	-74.1992
7188	-74.4335
7189	-73.8643
7190	-72.579
7191	-72.1637
7192	-71.7314
7193	-66.2834
7194	-61.9137
7195	-66.4152
7196	-71.5434
7197	-71.472
7198	-70.6207
7199	-71.538
7200	-72.0611
7201	-72.9371
7202	-73.4654
7203	-73.1932
7204	-72.2884
7205	-72.9759
7206	-74.0197
7207	-73.2879
7208	-72.3572
7209	-71.5084
7210	-70.3512
7211	-69.7551
7212	-69.7617
7213	-68.6864
7214	-68.2422
7215	-65.9725
7216	-63.6116
7217	-61.148
7218	-56.6716
7219	-48.5363
7220	-40.8346
7221	-37.1624
7222	-38.0728
7223	-43.4741
7224	-49.6706
7225	-56.6147
7226	-58.9579
7227	-59.838
7228	-62.3906
7229	-65.2584
7230	-68.0026
7231	-68.9055
7232	-68.9088
7233	-70.3283
7234	-71.4923
7235	-71.7208
7236	-71.6933
7237	-72.1724
7238	-73.2312
7239	-73.7972
7240	-72.5071
7241	-72.5389
7242	-72.5742
7243	-72.3771
7244	-72.8331
7245	-73.3181
7246	-72.4054
7247	-71.7049
7248	-70.9046
7249	-71.5746
7250	-70.4286
7251	-71.3714
7252	-73.0276
7253	-74.1685
7254	-74.3814
7255	-74.0207
7256	-74.0983
7257	-75.1832
7258	-73.8105
7259	-72.3503
7260	-70.9328
7261	-70.7142
7262	-70.2051
7263	-71.4442
7264	-71.4563
7265	-71.4681
7266	-70.586
7267	-68.9112
7268	-66.1672
7269	-61.8743
7270	-56.9588
7271	-56.5636
7272	-57.7239
7273	-58.1945
7274	-62.1805
7275	-64.9532
7276	-67.5838
7277	-69.2822
7278	-70.1519
7279	-69.54
7280	-67.9924
7281	-65.5969
7282	-65.5025
7283	-61.4318
7284	-60.2406
7285	-66.4874
7286	-69.9199
7287	-70.0164
7288	-69.6547
7289	-66.8983
7290	-64.3892
7291	-62.9539
7292	-61.1839
7293	-52.7605
7294	-48.7621
7295	-53.8041
7296	-62.2045
7297	-63.6267
7298	-65.2142
7299	-68.4274
7300	-70.6661
7301	-70.9052
7302	-71.3625
7303	-70.3151
7304	-65.6516
7305	-67.5157
7306	-72.665
7307	-73.7377
7308	-74.6925
7309	-74.3966
7310	-73.5509
7311	-73.2727
7312	-73.228
7313	-72.8823
7314	-72.939
7315	-72.4648
7316	-72.0637
7317	-71.3094
7318	-71.6682
7319	-72.8234
7320	-73.01
7321	-72.2516
7322	-72.9172
7323	-72.9775
7324	-72.0263
7325	-72.2054
7326	-72.5233
7327	-72.6701
7328	-71.9996
7329	-71.9588
7330	-71.1427
7331	-70.0394
7332	-69.2181
7333	-68.0711
7334	-67.3681
7335	-67.0702
7336	-65.322
7337	-62.7214
7338	-61.1671
7339	-58.8972
7340	-56.5242
7341	-53.8836
7342	-24.1978
7343	-9.2803
7344	-5.35541
7345	-10.6799
7346	-27.8307
7347	-54.6099
7348	-57.3925
7349	-60.4734
7350	-62.9327
7351	-64.3245
7352	-66.485
7353	-67.6015
7354	-67.5566
7355	-68.9123
7356	-70.0483
7357	-70.9247
7358	-71.9635
7359	-72.7811
7360	-72.8779
7361	-72.716
7362	-72.5978
7363	-71.9629
7364	-72.0195
7365	-72.3969
7366	-72.5325
7367	-71.9255
7368	-72.1152
7369	-70.5482
7370	-68.0509
7371	-67.5092
7372	-68.2231
7373	-69.2411
7374	-70.8752
7375	-72.1996
7376	-73.4367
7377	-73.6577
7378	-73.9969
7379	-74.0827
7380	-73.6045
7381	-73.1695
7382	-72.2441
7383	-66.8704
7384	-65.9083
7385	-70.5732
7386	-71.2549
7387	-70.4042
7388	-69.2791
7389	-66.7467
7390	-64.1088
7391	-62.612
7392	-60.9892
7393	-52.0378
7394	-48.2597
7395	-53.5437
7396	-61.9583
7397	-63.2934
7398	-64.6352
7399	-68.0892
7400	-70.1236
7401	-70.6163
7402	-70.0577
7403	-66.7143
7404	-60.5873
7405	-62.9571
7406	-69.6736
7407	-71.0957
7408	-71.9582
7409	-71.6465
7410	-71.2522
7411	-70.5893
7412	-69.1621
7413	-67.462
7414	-66.9929
7415	-66.6767
7416	-66.5528
7417	-66.5011
7418	-65.9966
7419	-67.5409
7420	-68.5428
7421	-68.5325
7422	-70.2152
7423	-71.3001
7424	-72.1526
7425	-72.6821
7426	-73.1007
7427	-73.4739
7428	-73.9461
7429	-73.6096
7430	-74.1681
7431	-74.2424
7432	-74.2544
7433	-74.1077
7434	-74.5465
7435	-73.9113
7436	-70.9129
7437	-67.5317
7438	-67.3809
7439	-68.6419
7440	-66.4112
7441	-68.8579
7442	-71.5579
7443	-72.0572
7444	-71.8705
7445	-72.4689
7446	-73.138
7447	-73.6774
7448	-73.8039
7449	-75.2863
7450	-74.1232
7451	-73.6276
7452	-74.3672
7453	-74.2366
7454	-73.9764
7455	-73.0561
7456	-71.7618
7457	-72.0197
7458	-71.086
7459	-68.3088
7460	-64.8322
7461	-62.9125
7462	-63.0443
7463	-62.0237
7464	-59.8523
7465	-57.7823
7466	-55.7201
7467	-54.8586
7468	-55.7225
7469	-59.99
7470	-62.261
7471	-64.2557
7472	-64.7948
7473	-66.8259
7474	-69.8185
7475	-71.5223
7476	-72.1469
7477	-71.5806
7478	-71.7658
7479	-72.7894
7480	-73.904
7481	-74.3584
7482	-75.6228
7483	-73.9265
7484	-73.7245
7485	-75.2392
7486	-74.3844
7487	-72.4156
7488	-71.5674
7489	-71.4846
7490	-70.8117
7491	-72.0602
7492	-71.1545
7493	-65.9152
7494	-62.6933
7495	-67.9172
7496	-72.4764
7497	-72.2769
7498	-72.7537
7499	-73.4941
7500	-74.162
7501	-74.5084
7502	-74.494
7503	-74.6985
7504	-73.8094
7505	-73.3907
7506	-73.3583
7507	-74.0415
7508	-72.3978
7509	-71.0192
7510	-70.766
7511	-69.8156
7512	-68.7741
7513	-67.0229
7514	-66.6259
7515	-66.7884
7516	-69.0654
7517	-68.2757
7518	-67.1007
7519	-67.3836
7520	-67.9945
7521	-69.4855
7522	-70.9636
7523	-71.8484
7524	-72.2505
7525	-72.0467
7526	-67.4173
7527	-64.1038
7528	-65.9009
7529	-65.4193
7530	-64.8439
7531	-69.0415
7532	-70.7347
7533	-69.2291
7534	-68.8825
7535	-65.9305
7536	-60.1484
7537	-54.2092
7538	-54.0999
7539	-56.6046
7540	-53.0422
7541	-56.7985
7542	-62.7996
7543	-66.9698
7544	-68.9849
7545	-69.5033
7546	-70.7255
7547	-70.5926
7548	-68.9602
7549	-70.478
7550	-68.3871
7551	-69.6174
7552	-73.4836
7553	-73.7143
7554	-73.8379
7555	-74.0462
7556	-74.6953
7557	-73.7129
7558	-72.4441
7559	-70.1401
7560	-67.7377
7561	-66.5363
7562	-68.0649
7563	-69.8716
7564	-71.746
7565	-72.266
7566	-72.5572
7567	-72.4857
7568	-72.2743
7569	-72.0493
7570	-72.2806
7571	-72.3376
7572	-72.5315
7573	-72.8683
7574	-71.8556
7575	-71.2915
7576	-70.7068
7577	-69.85
7578	-69.0658
7579	-68.4891
7580	-67.5702
7581	-66.0824
7582	-64.2067
7583	-61.6556
7584	-59.4241
7585	-55.6633
7586	-48.5414
7587	-40.7334
7588	-40.9951
7589	-43.8492
7590	-39.2896
7591	-43.5213
7592	-51.7886
7593	-57.529
7594	-58.5091
7595	-62.3213
7596	-64.9986
7597	-66.3932
7598	-67.8134
7599	-68.4432
7600	-68.3544
7601	-69.7211
7602	-70.4658
7603	-71.1748
7604	-72.2322
7605	-72.1615
7606	-71.9925
7607	-72.3912
7608	-72.4703
7609	-72.4868
7610	-72.6308
7611	-73.3558
7612	-72.8872
7613	-72.733
7614	-72.7962
7615	-72.1266
7616	-70.7469
7617	-71.0216
7618	-71.9749
7619	-73.0297
7620	-74.1484
7621	-73.576
7622	-73.9561
7623	-74.4623
7624	-74.0711
7625	-73.5951
7626	-72.032
7627	-69.2397
7628	-70.1945
7629	-69.7043
7630	-69.2953
7631	-70.677
7632	-70.0166
7633	-69.1263
7634	-68.6594
7635	-66.3261
7636	-60.4444
7637	-54.8417
7638	-54.9006
7639	-56.5832
7640	-53.3936
7641	-57.3624
7642	-63.1585
7643	-67.3953
7644	-68.88
7645	-70.4502
7646	-69.7258
7647	-66.6944
7648	-63.924
7649	-64.3598
7650	-63.0211
7651	-62.1911
7652	-66.0348
7653	-69.8883
7654	-70.7262
7655	-70.512
7656	-69.1447
7657	-66.7404
7658	-64.4562
7659	-59.7091
7660	-56.6394
7661	-54.7056
7662	-58.075
7663	-60.8942
7664	-64.587
7665	-67.4495
7666	-69.1782
7667	-69.9529
7668	-70.4622
7669	-71.0027
7670	-71.1192
7671	-69.7443
7672	-69.624
7673	-72.0311
7674	-74.3794
7675	-74.3094
7676	-74.1897
7677	-73.9317
7678	-73.3191
7679	-72.8839
7680	-73.3726
7681	-73.6834
7682	-72.9818
7683	-70.0307
7684	-69.6731
7685	-72.3803
7686	-73.4233
7687	-72.8123
7688	-72.0223
7689	-71.8733
7690	-72.3848
7691	-72.8323
7692	-73.2769
7693	-73.0694
7694	-72.6304
7695	-73.0508
7696	-72.8728
7697	-71.6748
7698	-70.5651
7699	-69.1565
7700	-69.4916
7701	-69.552
7702	-68.5147
7703	-67.001
7704	-65.4539
7705	-62.2398
7706	-60.0245
7707	-58.2301
7708	-53.9281
7709	-44.361
7710	-39.3106
7711	-35.0419
7712	-39.2155
7713	-45.8406
7714	-54.2792
7715	-59.8686
7716	-61.8183
7717	-63.5235
7718	-65.4151
7719	-66.9817
7720	-69.0795
7721	-69.5482
7722	-70.3702
7723	-71.1723
7724	-72.3993
7725	-73.0085
7726	-73.2876
7727	-73.0149
7728	-73.6303
7729	-73.2141
7730	-72.6655
7731	-72.9042
7732	-72.6966
7733	-71.9169
7734	-71.78
7735	-71.6838
7736	-69.9699
7737	-66.6263
7738	-66.7728
7739	-68.0864
7740	-66.1108
7741	-68.258
7742	-72.3958
7743	-73.5846
7744	-74.5126
7745	-74.4369
7746	-74.1156
7747	-73.9304
7748	-73.3547
7749	-71.5682
7750	-69.2726
7751	-68.9025
7752	-71.0179
7753	-71.8987
7754	-70.94
7755	-69.858
7756	-68.1347
7757	-66.0505
7758	-63.5727
7759	-58.6019
7760	-55.4843
7761	-53.6574
7762	-57.1875
7763	-59.6195
7764	-63.5141
7765	-66.6866
7766	-68.7648
7767	-70.2329
7768	-70.7326
7769	-70.566
7770	-67.6694
7771	-66.3025
7772	-66.9575
7773	-66.7757
7774	-69.6774
7775	-72.6898
7776	-71.8229
7777	-71.6801
7778	-71.1226
7779	-68.8701
7780	-67.1203
7781	-66.5588
7782	-63.0412
7783	-55.624
7784	-55.5287
7785	-63.0195
7786	-65.4502
7787	-65.8249
7788	-66.9246
7789	-69.5774
7790	-70.5588
7791	-71.5205
7792	-72.4867
7793	-72.2316
7794	-70.9969
7795	-73.0884
7796	-73.8448
7797	-73.6906
7798	-74.3138
7799	-74.26
7800	-74.0386
7801	-74.2633
7802	-73.5399
7803	-71.1193
7804	-69.2427
7805	-67.2577
7806	-64.5894
7807	-65.8431
7808	-68.2499
7809	-71.1266
7810	-71.253
7811	-71.3077
7812	-71.6532
7813	-73.1551
7814	-74.5375
7815	-74.5739
7816	-73.2676
7817	-73.6345
7818	-74.0179
7819	-74.1231
7820	-73.7647
7821	-73.1807
7822	-72.1063
7823	-71.3645
7824	-71.3899
7825	-70.1636
7826	-68.6459
7827	-66.9186
7828	-65.4821
7829	-63.0732
7830	-60.8639
7831	-50.4724
7832	-24.8171
7833	-14.8816
7834	-14.6832
7835	-24.156
7836	-49.3157
7837	-59.9614
7838	-60.4499
7839	-63.0214
7840	-63.9645
7841	-66.2254
7842	-69.942
7843	-70.4724
7844	-70.2227
7845	-71.1966
7846	-71.8046
7847	-72.7333
7848	-72.8449
7849	-73.6609
7850	-73.9522
7851	-74.0692
7852	-73.3575
7853	-73.217
7854	-73.1437
7855	-71.7232
7856	-71.8871
7857	-71.9497
7858	-72.271
7859	-70.1582
7860	-68.7036
7861	-67.932
7862	-69.5044
7863	-70.9056
7864	-72.6079
7865	-73.3908
7866	-73.8115
7867	-73.7987
7868	-74.5194
7869	-75.0244
7870	-74.3957
7871	-74.1169
7872	-73.0343
7873	-71.1878
7874	-71.657
7875	-72.4245
7876	-71.8172
7877	-72.2534
7878	-70.9035
7879	-68.5727
7880	-67.2245
7881	-66.8843
7882	-64.6367
7883	-58.635
7884	-58.7494
7885	-64.9747
7886	-66.3139
7887	-66.527
7888	-67.9968
7889	-69.7535
7890	-70.888
7891	-71.5537
7892	-70.4422
7893	-66.9319
7894	-64.3611
7895	-63.6414
7896	-62.6372
7897	-64.6818
7898	-68.4515
7899	-69.6305
7900	-69.6184
7901	-67.444
7902	-64.8563
7903	-62.0907
7904	-57.6673
7905	-54.9525
7906	-51.0132
7907	-52.8987
7908	-56.5516
7909	-62.5675
7910	-65.6505
7911	-68.9354
7912	-70.3453
7913	-71.2397
7914	-70.9505
7915	-69.5086
7916	-66.9349
7917	-67.5961
7918	-70.2423
7919	-72.7425
7920	-73.9831
7921	-74.5914
7922	-74.1775
7923	-74.0898
7924	-73.4405
7925	-73.2693
7926	-71.077
7927	-69.7043
7928	-71.1873
7929	-70.8185
7930	-70.1579
7931	-71.5774
7932	-73.1819
7933	-73.1122
7934	-72.3389
7935	-73.0224
7936	-72.0212
7937	-71.485
7938	-72.1109
7939	-72.7423
7940	-72.1571
7941	-71.5587
7942	-70.9898
7943	-70.8995
7944	-69.3989
7945	-67.7849
7946	-67.6505
7947	-67.0429
7948	-65.1795
7949	-62.6702
7950	-60.7066
7951	-59.0852
7952	-56.7488
7953	-51.8412
7954	-42.993
7955	-35.3518
7956	-30.0562
7957	-33.9533
7958	-40.7115
7959	-51.2536
7960	-56.5413
7961	-59.395
7962	-61.9475
7963	-64.3832
7964	-66.0929
7965	-67.0947
7966	-67.9548
7967	-68.1525
7968	-68.6833
7969	-69.9954
7970	-71.615
7971	-72.1189
7972	-72.308
7973	-71.607
7974	-71.6908
7975	-71.9865
7976	-72.3979
7977	-72.8917
7978	-73.3037
7979	-72.676
7980	-72.0125
7981	-72.935
7982	-71.6629
7983	-67.5683
7984	-68.082
7985	-72.5656
7986	-73.0135
7987	-72.6264
7988	-73.0205
7989	-73.9176
7990	-73.9949
7991	-73.9314
7992	-73.7822
7993	-73.0391
7994	-70.9314
7995	-68.1217
7996	-67.4949
7997	-69.2059
7998	-70.4625
7999	-69.5221
8000	-68.9683
8001	-67.6081
8002	-64.7302
8003	-62.3291
8004	-57.7257
8005	-54.7753
8006	-50.9467
8007	-52.916
8008	-56.713
8009	-62.7562
8010	-65.7118
8011	-68.7335
8012	-70.1269
8013	-69.8976
8014	-68.883
8015	-64.8499
8016	-61.4764
8017	-62.6359
8018	-65.9068
8019	-68.296
8020	-70.2556
8021	-71.5404
8022	-71.0748
8023	-69.6936
8024	-68.26
8025	-66.869
8026	-64.1254
8027	-61.8558
8028	-63.9883
8029	-64.1819
8030	-63.889
8031	-66.506
8032	-69.2027
8033	-69.5944
8034	-69.6991
8035	-70.7359
8036	-71.6764
8037	-72.0416
8038	-72.3481
8039	-72.9618
8040	-72.8192
8041	-73.2205
8042	-73.9052
8043	-74.4247
8044	-73.8301
8045	-74.1239
8046	-73.9045
8047	-73.4521
8048	-72.4533
8049	-69.6623
8050	-68.1265
8051	-68.1038
8052	-69.362
8053	-71.5256
8054	-71.6571
8055	-71.9265
8056	-72.2736
8057	-72.158
8058	-72.2593
8059	-73.4567
8060	-73.9008
8061	-74.0446
8062	-74.4449
8063	-73.1776
8064	-72.9932
8065	-73.1285
8066	-72.3875
8067	-71.4458
8068	-71.009
8069	-70.4806
8070	-69.5397
8071	-67.7961
8072	-64.5069
8073	-59.8507
8074	-60.6408
8075	-58.2664
8076	-51.8116
8077	-47.0645
8078	-50.6081
8079	-49.6889
8080	-49.2906
8081	-56.1198
8082	-62.1397
8083	-63.7019
8084	-65.1521
8085	-67.7296
8086	-69.519
8087	-70.43
8088	-70.8775
8089	-71.7095
8090	-71.7152
8091	-72.7237
8092	-73.8437
8093	-73.8983
8094	-74.5101
8095	-74.4402
8096	-74.2522
8097	-74.0984
8098	-73.3846
8099	-72.5035
8100	-71.7909
8101	-71.5513
8102	-71.0842
8103	-71.145
8104	-69.0639
8105	-66.5809
8106	-64.1558
8107	-66.0078
8108	-69.4083
8109	-72.0718
8110	-73.7241
8111	-74.6916
8112	-74.1838
8113	-74.2122
8114	-74.0527
8115	-74.0974
8116	-72.8314
8117	-72.2704
8118	-73.1906
8119	-72.5505
8120	-72.2752
8121	-71.8839
8122	-70.0957
8123	-68.8486
8124	-67.8559
8125	-66.0667
8126	-61.9109
8127	-59.2716
8128	-61.7577
8129	-61.2214
8130	-60.704
8131	-64.5551
8132	-68.3385
8133	-69.6675
8134	-70.4015
8135	-71.6609
8136	-72.06
8137	-70.1855
8138	-69.2339
8139	-67.4609
8140	-65.4563
8141	-66.5081
8142	-68.4596
8143	-70.7423
8144	-71.1051
8145	-70.9083
8146	-69.3044
8147	-66.5443
8148	-62.1816
8149	-56.1162
8150	-55.0067
8151	-55.1523
8152	-56.5129
8153	-60.1007
8154	-64.3105
8155	-66.3782
8156	-68.7845
8157	-69.3692
8158	-70.259
8159	-71.4068
8160	-69.8376
8161	-70.2128
8162	-70.6057
8163	-71.753
8164	-73.0817
8165	-73.6824
8166	-74.1144
8167	-74.2105
8168	-74.2829
8169	-72.8261
8170	-72.0952
8171	-71.9814
8172	-68.1336
8173	-62.1532
8174	-65.1163
8175	-71.3457
8176	-71.6411
8177	-70.7028
8178	-71.4391
8179	-71.8786
8180	-72.5774
8181	-73.5071
8182	-73.1411
8183	-72.4416
8184	-72.5777
8185	-73.9191
8186	-73.2465
8187	-72.4455
8188	-71.5966
8189	-70.3222
8190	-69.6608
8191	-69.7647
8192	-68.8461
8193	-68.0433
8194	-66.3097
8195	-63.7297
8196	-61.4045
8197	-57.2282
8198	-50.227
8199	-41.1683
8200	-37.6874
8201	-36.8815
8202	-42.6765
8203	-47.3279
8204	-55.3971
8205	-58.598
8206	-59.4663
8207	-61.6884
8208	-64.4779
8209	-67.2461
8210	-68.608
8211	-68.7054
8212	-69.7314
8213	-71.1704
8214	-71.6123
8215	-71.5043
8216	-71.8866
8217	-73.1284
8218	-73.629
8219	-72.646
8220	-72.6199
8221	-72.2893
8222	-72.744
8223	-72.8569
8224	-73.2245
8225	-72.8577
8226	-71.9199
8227	-71.2069
8228	-71.8007
8229	-70.7194
8230	-71.2257
8231	-73.0527
8232	-73.9428
8233	-74.561
8234	-74.1127
8235	-73.9252
8236	-75.0802
8237	-74.2945
8238	-72.4497
8239	-71.0506
8240	-70.2641
8241	-70.0795
8242	-70.8357
8243	-71.3334
8244	-71.6962
8245	-70.8153
8246	-69.2141
8247	-66.6544
8248	-62.8124
8249	-57.1293
8250	-56.1871
8251	-56.6919
8252	-57.4888
8253	-60.9858
8254	-64.5776
8255	-66.904
8256	-69.0902
8257	-69.9533
8258	-69.7917
8259	-68.222
8260	-65.4086
8261	-65.2814
8262	-62.5234
8263	-59.9179
8264	-65.1389
8265	-69.6147
8266	-70.2429
8267	-69.704
8268	-67.5645
8269	-64.8847
8270	-63.2953
8271	-62.014
8272	-54.8275
8273	-49.0416
8274	-52.3422
8275	-61.5441
8276	-63.3881
8277	-65.0755
8278	-67.8505
8279	-70.5544
8280	-71.1354
8281	-70.909
8282	-70.8047
8283	-66.359
8284	-66.7524
8285	-72.0605
8286	-73.7646
8287	-74.6084
8288	-74.5519
8289	-74.176
8290	-73.0368
8291	-73.3058
8292	-73.0085
8293	-72.8731
8294	-72.8275
8295	-72.296
8296	-71.3857
8297	-71.7066
8298	-72.6561
8299	-72.9953
8300	-72.3289
8301	-72.7117
8302	-73.0464
8303	-72.3265
8304	-72.1709
8305	-72.3588
8306	-72.6753
8307	-72.2258
8308	-72.0225
8309	-71.6613
8310	-69.938
8311	-69.0967
8312	-68.2077
8313	-67.4389
8314	-67.6188
8315	-65.8824
8316	-63.2712
8317	-61.4282
8318	-59.6715
8319	-57.3898
8320	-54.8373
8321	-30.1716
8322	-12.4054
8323	-6.66073
8324	-10.1797
8325	-24.5591
8326	-53.8854
8327	-57.3419
8328	-59.8988
8329	-62.6669
8330	-64.2564
8331	-66.053
8332	-67.6973
8333	-67.7273
8334	-68.781
8335	-70.1145
8336	-71.0177
8337	-71.5323
8338	-72.8123
8339	-72.6935
8340	-72.5894
8341	-72.6259
8342	-72.4694
8343	-72.0063
8344	-72.5603
8345	-72.5318
8346	-71.7834
8347	-72.2292
8348	-70.9943
8349	-68.3155
8350	-67.4315
8351	-67.8261
8352	-68.6006
8353	-70.3667
8354	-72.0271
8355	-73.4006
8356	-73.4384
8357	-74.0377
8358	-74.0613
8359	-73.6488
8360	-73.2095
8361	-72.5998
8362	-68.0928
8363	-65.5757
8364	-70.1018
8365	-71.647
8366	-70.6409
8367	-69.4517
8368	-67.3311
8369	-64.5939
8370	-62.7451
8371	-61.9166
8372	-53.966
8373	-48.4253
8374	-51.9405
8375	-61.1401
8376	-63.1913
8377	-64.4339
8378	-67.492
8379	-69.912
8380	-70.5226
8381	-70.3993
8382	-68.1409
8383	-61.3532
8384	-62.055
8385	-69.0013
8386	-71.0265
8387	-72.0128
8388	-71.8206
8389	-71.5498
8390	-70.6432
8391	-69.6157
8392	-67.9308
8393	-67.1161
8394	-66.6383
8395	-65.4782
8396	-64.8385
8397	-65.2809
8398	-66.9938
8399	-68.3888
8400	-68.4328
8401	-69.6903
8402	-71.0619
8403	-72.022
8404	-72.8027
8405	-73.0779
8406	-73.1994
8407	-74.117
8408	-73.6529
8409	-73.9431
8410	-74.2615
8411	-74.4356
8412	-74.3463
8413	-74.4248
8414	-74.1786
8415	-71.4675
8416	-67.9838
8417	-66.7533
8418	-68.7969
8419	-66.3581
8420	-68.0886
8421	-71.1471
8422	-72.0976
8423	-71.8626
8424	-72.2312
8425	-72.8569
8426	-73.6509
8427	-73.7028
8428	-75.0684
8429	-74.4907
8430	-73.7407
8431	-74.3132
8432	-74.2483
8433	-73.8506
8434	-73.2819
8435	-72.1422
8436	-71.8935
8437	-71.4728
8438	-69.1651
8439	-65.6553
8440	-63.406
8441	-63.2649
8442	-62.5867
8443	-60.0372
8444	-56.1887
8445	-51.1401
8446	-49.4939
8447	-53.0931
8448	-58.3293
8449	-61.9408
8450	-63.727
8451	-64.487
8452	-65.8832
8453	-69.1029
8454	-71.1296
8455	-72.1488
8456	-71.6368
8457	-71.5153
8458	-72.5874
8459	-73.6623
8460	-74.2628
8461	-75.6024
8462	-74.1927
8463	-73.545
8464	-75.0356
8465	-74.5876
8466	-72.8211
8467	-71.4544
8468	-71.5394
8469	-70.7626
8470	-71.9682
8471	-71.5588
8472	-67.5599
8473	-62.8529
8474	-66.7054
8475	-72.4215
8476	-72.5459
8477	-72.8333
8478	-73.2498
8479	-74.0144
8480	-74.4183
8481	-74.402
8482	-74.763
8483	-74.012
8484	-73.5146
8485	-73.2586
8486	-73.8225
8487	-72.8699
8488	-71.1686
8489	-71.0584
8490	-70.0059
8491	-69.1917
8492	-67.3754
8493	-66.9184
8494	-67.2347
8495	-69.1638
8496	-68.6195
8497	-67.0526
8498	-67.2557
8499	-67.9232
8500	-69.1361
8501	-70.4194
8502	-71.8126
8503	-72.27
8504	-72.0227
8505	-68.0726
8506	-64.1758
8507	-64.8786
8508	-66.124
8509	-64.1891
8510	-68.1595
8511	-70.6083
8512	-69.4755
8513	-68.8398
8514	-66.6418
8515	-61.1761
8516	-54.9885
8517	-53.3934
8518	-57.3795
8519	-53.0549
8520	-55.4859
8521	-61.5272
8522	-66.4909
8523	-68.9463
8524	-69.3555
8525	-70.4852
8526	-70.6959
8527	-68.9022
8528	-70.0856
8529	-68.7232
8530	-68.934
8531	-72.9122
8532	-73.8099
8533	-73.787
8534	-74.0593
8535	-74.41
8536	-73.9511
8537	-72.8242
8538	-70.7177
8539	-68.2272
8540	-66.8459
8541	-67.9021
8542	-69.5923
8543	-71.9094
8544	-72.1773
8545	-72.841
8546	-72.5166
8547	-72.2269
8548	-71.9129
8549	-72.312
8550	-72.2157
8551	-72.4362
8552	-72.9255
8553	-72.1132
8554	-71.2457
8555	-70.8987
8556	-69.8068
8557	-68.862
8558	-68.6897
8559	-67.745
8560	-66.1182
8561	-64.5469
8562	-61.986
8563	-59.6244
8564	-56.6393
8565	-49.9368
8566	-41.5938
8567	-40.053
8568	-44.8776
8569	-39.2989
8570	-42.077
8571	-50.246
8572	-56.9362
8573	-58.1064
8574	-61.5903
8575	-64.6139
8576	-65.9877
8577	-67.5164
8578	-68.3327
8579	-68.2684
8580	-69.2128
8581	-70.3926
8582	-71.0905
8583	-72.0282
8584	-72.1059
8585	-71.8158
8586	-72.3822
8587	-72.5115
8588	-72.5069
8589	-72.5725
8590	-73.3543
8591	-73.1207
8592	-72.6577
8593	-72.7904
8594	-72.469
8595	-70.8138
8596	-70.7647
8597	-71.7769
8598	-72.8206
8599	-73.9656
8600	-73.6715
8601	-73.776
8602	-74.2829
8603	-74.1779
8604	-73.6452
8605	-72.7302
8606	-69.2955
8607	-69.7168
8608	-69.8207
8609	-68.9782
8610	-70.5186
8611	-70.4051
8612	-69.0893
8613	-68.823
8614	-67.0598
8615	-61.6038
8616	-55.4869
8617	-54.1474
8618	-57.3588
8619	-53.2807
8620	-55.9224
8621	-62.1078
8622	-66.8993
8623	-68.6949
8624	-70.3968
8625	-70.0374
8626	-67.396
8627	-63.7994
8628	-64.5924
8629	-63.1596
8630	-62.18
8631	-65.2601
8632	-69.4831
8633	-70.7748
8634	-70.7565
8635	-69.3403
8636	-67.2881
8637	-65.0975
8638	-61.0312
8639	-57.4595
8640	-55.4374
8641	-57.4812
8642	-60.7811
8643	-64.19
8644	-67.4651
8645	-68.9761
8646	-70.0671
8647	-70.5685
8648	-70.9608
8649	-71.4367
8650	-70.4198
8651	-69.8023
8652	-71.5263
8653	-73.9034
8654	-74.7225
8655	-74.0486
8656	-74.0503
8657	-73.5137
8658	-72.661
8659	-73.2418
8660	-73.4432
8661	-73.0134
8662	-70.0434
8663	-68.7358
8664	-71.8373
8665	-73.3683
8666	-72.894
8667	-71.8491
8668	-71.7841
8669	-72.1357
8670	-72.9017
8671	-73.2501
8672	-73.2588
8673	-72.7404
8674	-73.1587
8675	-73.2037
8676	-72.2252
8677	-71.1006
8678	-69.4984
8679	-69.4769
8680	-69.7559
8681	-69.0202
8682	-67.5867
8683	-66.0314
8684	-62.8298
8685	-60.4654
8686	-59.1151
8687	-55.665
8688	-46.622
8689	-40.8121
8690	-35.5316
8691	-38.1124
8692	-45.1813
8693	-53.203
8694	-59.6343
8695	-61.9318
8696	-63.5802
8697	-65.2353
8698	-66.9854
8699	-68.8787
8700	-69.5769
8701	-70.5225
8702	-71.1362
8703	-72.3283
8704	-73.2868
8705	-73.1908
8706	-73.2115
8707	-73.6752
8708	-73.6585
8709	-72.5582
8710	-72.917
8711	-72.8364
8712	-72.1248
8713	-71.7597
8714	-71.7381
8715	-70.4265
8716	-67.2526
8717	-66.1616
8718	-68.4042
8719	-66.0555
8720	-67.6219
8721	-71.7597
8722	-73.5835
8723	-74.2378
8724	-74.3734
8725	-74.2536
8726	-74.0695
8727	-73.6187
8728	-72.1994
8729	-69.7364
8730	-68.9594
8731	-70.9874
8732	-71.998
8733	-71.2143
8734	-70.1925
8735	-68.5373
8736	-66.4979
8737	-64.631
8738	-59.8617
8739	-56.0583
8740	-54.1078
8741	-56.4868
8742	-59.4139
8743	-62.9419
8744	-66.5453
8745	-68.5034
8746	-70.1138
8747	-70.8705
8748	-71.0483
8749	-68.4199
8750	-66.9757
8751	-67.1223
8752	-66.4741
8753	-68.3617
8754	-72.4883
8755	-71.808
8756	-71.9189
8757	-71.1652
8758	-69.3345
8759	-67.2347
8760	-66.2785
8761	-64.0451
8762	-55.9427
8763	-54.1033
8764	-60.887
8765	-65.4323
8766	-65.4787
8767	-66.3012
8768	-69.0037
8769	-70.169
8770	-71.3935
8771	-72.1775
8772	-72.2147
8773	-70.61
8774	-72.1631
8775	-73.739
8776	-73.7911
8777	-73.9911
8778	-74.1959
8779	-74.0667
8780	-74.072
8781	-73.7836
8782	-71.4994
8783	-69.8043
8784	-67.6302
8785	-64.7723
8786	-65.7183
8787	-67.6448
8788	-70.913
8789	-71.1356
8790	-71.2194
8791	-71.4224
8792	-72.7869
8793	-74.5632
8794	-74.5732
8795	-73.5054
8796	-73.4853
8797	-74.1272
8798	-74.2745
8799	-73.8716
8800	-73.0866
8801	-72.3908
8802	-71.2118
8803	-71.3098
8804	-70.4004
8805	-68.9796
8806	-67.2143
8807	-65.5473
8808	-63.4666
8809	-61.006
8810	-55.586
8811	-28.1721
8812	-16.0234
8813	-14.088
8814	-21.5509
8815	-42.6185
8816	-59.2344
8817	-59.7795
8818	-62.532
8819	-63.5018
8820	-65.3878
8821	-69.0998
8822	-70.2541
8823	-70.1246
8824	-70.7011
8825	-71.4679
8826	-72.4084
8827	-72.731
8828	-73.2537
8829	-73.739
8830	-74.0011
8831	-73.4985
8832	-72.972
8833	-73.2131
8834	-72.1875
8835	-71.458
8836	-72.0247
8837	-72.1165
8838	-70.8935
8839	-69.3562
8840	-68.1036
8841	-69.8496
8842	-70.6041
8843	-72.722
8844	-73.2405
8845	-73.9745
8846	-73.832
8847	-74.3711
8848	-74.9553
8849	-74.4864
8850	-74.2492
8851	-73.1494
8852	-71.0951
8853	-71.0328
8854	-72.4012
8855	-71.7175
8856	-72.0851
8857	-71.2557
8858	-69.1204
8859	-67.4121
8860	-66.8731
8861	-65.0516
8862	-58.5901
8863	-56.9023
8864	-63.1934
8865	-66.2062
8866	-66.0208
8867	-67.3906
8868	-69.4232
8869	-70.7159
8870	-71.4824
8871	-70.6849
8872	-67.5568
8873	-64.2576
8874	-63.7574
8875	-62.2658
8876	-64.1321
8877	-67.5912
8878	-69.482
8879	-69.8628
8880	-68.1964
8881	-65.3963
8882	-62.7485
8883	-58.7188
8884	-55.433
8885	-51.3736
8886	-52.4853
8887	-55.5049
8888	-61.5946
8889	-65.0734
8890	-68.3583
8891	-70.189
8892	-71.1528
8893	-71.0881
8894	-69.8997
8895	-67.3819
8896	-67.1322
8897	-69.7103
8898	-72.5127
8899	-73.5916
8900	-74.536
8901	-74.1531
8902	-74.4257
8903	-73.5227
8904	-73.2741
8905	-71.7289
8906	-70.2266
8907	-70.9087
8908	-71.2692
8909	-70.2614
8910	-71.4185
8911	-73.021
8912	-73.49
8913	-72.3408
8914	-73.1115
8915	-72.0893
8916	-71.6404
8917	-71.9272
8918	-72.8611
8919	-72.2663
8920	-71.4349
8921	-71.0668
8922	-70.7687
8923	-69.5779
8924	-68.116
8925	-67.6408
8926	-67.0769
8927	-65.5049
8928	-63.0967
8929	-61.0389
8930	-59.2841
8931	-57.3864
8932	-53.1268
8933	-44.392
8934	-37.4087
8935	-30.4102
8936	-32.2411
8937	-39.2673
8938	-49.5585
8939	-55.7929
8940	-59.0655
8941	-61.6521
8942	-64.0855
8943	-65.9914
8944	-66.9233
8945	-68.0961
8946	-68.1137
8947	-68.7005
8948	-69.715
8949	-71.1391
8950	-72.3372
8951	-72.5604
8952	-71.7119
8953	-71.4789
8954	-72.0027
8955	-72.2597
8956	-72.6757
8957	-73.0091
8958	-72.8891
8959	-71.8205
8960	-72.9423
8961	-72.1173
8962	-68.0417
8963	-66.8701
8964	-71.8839
8965	-72.8556
8966	-72.8832
8967	-72.8854
8968	-73.7264
8969	-73.8548
8970	-74.0323
8971	-73.9448
8972	-73.1446
8973	-71.2473
8974	-68.8643
8975	-67.4097
8976	-68.5069
8977	-70.6097
8978	-69.6253
8979	-69.1035
8980	-68.1363
8981	-65.248
8982	-62.8355
8983	-58.7159
8984	-55.4538
8985	-51.148
8986	-52.4626
8987	-55.6055
8988	-61.6737
8989	-65.1575
8990	-68.2055
8991	-70.0964
8992	-69.8823
8993	-69.4776
8994	-65.8223
8995	-61.8922
8996	-61.9988
8997	-65.5615
8998	-68.2343
8999	-70.3141
9000	-71.5355
9001	-71.3481
9002	-70.0395
9003	-68.7271
9004	-67.3904
9005	-65.4528
9006	-62.9722
9007	-64.5364
9008	-65.4649
9009	-64.7403
9010	-66.5053
9011	-69.2087
9012	-69.4434
9013	-69.8056
9014	-70.4762
9015	-71.6218
9016	-72.1875
9017	-72.4836
9018	-73.0057
9019	-72.9644
9020	-73.2258
9021	-73.6436
9022	-74.6932
9023	-73.8972
9024	-74.1373
9025	-74.0671
9026	-73.6587
9027	-72.6718
9028	-70.0087
9029	-67.9525
9030	-67.7585
9031	-68.7234
9032	-70.8943
9033	-71.7326
9034	-71.6375
9035	-72.1246
9036	-72.2736
9037	-72.0182
9038	-73.5514
9039	-73.7593
9040	-74.282
9041	-74.5625
9042	-73.4295
9043	-72.9447
9044	-73.2362
9045	-72.5006
9046	-71.8636
9047	-71.3589
9048	-70.7006
9049	-70.1296
9050	-68.3552
9051	-65.7363
9052	-60.5411
9053	-60.6446
9054	-59.8964
9055	-54.3081
9056	-48.4555
9057	-50.3345
9058	-51.8581
9059	-50.0501
9060	-55.8285
9061	-62.0192
9062	-64.1888
9063	-64.689
9064	-67.4306
9065	-69.5221
9066	-70.7286
9067	-70.8237
9068	-71.7103
9069	-71.9154
9070	-72.4781
9071	-73.8874
9072	-74.1627
9073	-74.3613
9074	-74.698
9075	-74.2262
9076	-74.2221
9077	-73.5365
9078	-72.6139
9079	-72.0601
9080	-71.708
9081	-71.2924
9082	-71.2156
9083	-69.7376
9084	-67.0108
9085	-64.2848
9086	-65.9254
9087	-68.4556
9088	-71.7961
9089	-73.4661
9090	-74.8106
9091	-74.3134
9092	-74.1364
9093	-74.094
9094	-74.1239
9095	-73.2767
9096	-72.3139
9097	-73.3184
9098	-72.9161
9099	-72.3172
9100	-71.9232
9101	-70.3712
9102	-69.013
9103	-68.1682
9104	-66.7357
9105	-63.1494
9106	-60.1819
9107	-61.6018
9108	-62.7874
9109	-61.3059
9110	-64.1054
9111	-68.2977
9112	-69.5616
9113	-70.1391
9114	-71.3914
9115	-72.3332
9116	-71.0053
9117	-69.5837
9118	-67.5936
9119	-65.3744
9120	-65.8558
9121	-67.5487
9122	-70.5017
9123	-70.936
9124	-70.9827
9125	-69.7837
9126	-67.025
9127	-63.0035
9128	-56.7217
9129	-54.7303
9130	-54.3781
9131	-56.2128
9132	-58.8453
9133	-63.5582
9134	-65.7308
9135	-68.3706
9136	-69.2738
9137	-69.6747
9138	-71.4452
9139	-69.7118
9140	-70.1126
9141	-70.2745
9142	-71.4017
9143	-72.9105
9144	-73.6243
9145	-73.9846
9146	-74.1853
9147	-74.3853
9148	-72.9345
9149	-72.0474
9150	-72.0237
9151	-69.659
9152	-62.7417
9153	-64.0241
9154	-70.7001
9155	-71.8053
9156	-70.9574
9157	-71.397
9158	-71.9591
9159	-72.3434
9160	-73.1616
9161	-73.1066
9162	-72.724
9163	-72.2314
9164	-73.597
9165	-73.5165
9166	-72.5765
9167	-71.6069
9168	-70.3262
9169	-69.6492
9170	-69.8823
9171	-69.041
9172	-67.8152
9173	-66.5895
9174	-63.9875
9175	-61.7489
9176	-57.8931
9177	-51.7705
9178	-41.876
9179	-38.6767
9180	-36.1449
9181	-42.1364
9182	-45.3021
9183	-53.8903
9184	-58.2056
9185	-59.1451
9186	-61.0531
9187	-63.8595
9188	-66.5677
9189	-68.2523
9190	-68.4725
9191	-69.2641
9192	-70.6602
9193	-71.4248
9194	-71.5418
9195	-71.8324
9196	-72.6491
9197	-73.5814
9198	-73.0035
9199	-72.4425
9200	-72.2458
9201	-72.8533
9202	-72.6185
9203	-73.0306
9204	-73.0127
9205	-72.1477
9206	-71.554
9207	-72.0478
9208	-70.9806
9209	-71.1796
9210	-72.8032
9211	-73.7941
9212	-74.7384
9213	-74.0875
9214	-73.8844
9215	-74.8931
9216	-74.43
9217	-72.523
9218	-71.142
9219	-69.8846
9220	-69.987
9221	-70.1887
9222	-71.3502
9223	-71.4267
9224	-71.1918
9225	-69.7498
9226	-67.2536
9227	-63.8809
9228	-57.5181
9229	-55.6273
9230	-55.7805
9231	-57.0553
9232	-59.6367
9233	-63.8269
9234	-66.1979
9235	-68.921
9236	-69.8719
9237	-70.0817
9238	-68.5199
9239	-65.3767
9240	-65.2038
9241	-63.4842
9242	-59.9422
9243	-63.8043
9244	-69.2545
9245	-70.426
9246	-69.7192
9247	-68.2533
9248	-65.3062
9249	-63.7251
9250	-62.4984
9251	-57.0725
9252	-49.6691
9253	-51.2491
9254	-60.4723
9255	-63.3473
9256	-64.7853
9257	-67.3635
9258	-70.4555
9259	-71.3462
9260	-70.7383
9261	-71.4621
9262	-67.3794
9263	-66.2654
9264	-71.2817
9265	-73.755
9266	-74.3672
9267	-74.7199
9268	-74.028
9269	-72.826
9270	-73.4757
9271	-73.0487
9272	-72.6405
9273	-72.8709
9274	-72.3936
9275	-71.4256
9276	-71.5769
9277	-72.4345
9278	-72.9275
9279	-72.5847
9280	-72.357
9281	-72.8264
9282	-72.5577
9283	-72.0542
9284	-72.2025
9285	-72.4833
9286	-72.3458
9287	-71.9451
9288	-71.7883
9289	-70.0309
9290	-69.0329
9291	-68.4735
9292	-67.5275
9293	-68.1573
9294	-66.4599
9295	-63.8208
9296	-61.7287
9297	-60.2704
9298	-57.5539
9299	-55.6805
9300	-37.0159
9301	-15.8436
9302	-8.19649
9303	-9.95674
9304	-21.9031
9305	-51.2369
9306	-57.1352
9307	-59.5386
9308	-62.55
9309	-64.3646
9310	-65.857
9311	-67.5955
9312	-67.8069
9313	-68.2059
9314	-70.0207
9315	-70.8632
9316	-71.3444
9317	-72.7604
9318	-72.4837
9319	-72.3897
9320	-72.4777
9321	-72.7151
9322	-71.8095
9323	-72.5698
9324	-72.3591
9325	-71.7384
9326	-72.0051
9327	-71.1111
9328	-68.5906
9329	-67.1745
9330	-67.3726
9331	-68.1828
9332	-69.7245
9333	-71.7983
9334	-72.9741
9335	-73.3309
9336	-73.8816
9337	-73.9738
9338	-73.7538
9339	-73.2839
9340	-72.7365
9341	-69.4553
9342	-65.5979
9343	-69.5136
9344	-71.7347
9345	-70.8747
9346	-69.6946
9347	-67.9924
9348	-65.1194
9349	-63.0506
9350	-62.3633
9351	-56.1659
9352	-48.9358
9353	-50.7205
9354	-59.9742
9355	-62.9962
9356	-64.3253
9357	-66.944
9358	-69.8367
9359	-70.544
9360	-70.4911
9361	-69.0469
9362	-62.4917
9363	-61.5002
9364	-68.0031
9365	-70.902
9366	-71.8933
9367	-72.2138
9368	-71.6739
9369	-70.8165
9370	-70.059
9371	-68.2533
9372	-67.5116
9373	-66.4387
9374	-64.9525
9375	-62.604
9376	-64.6151
9377	-66.1522
9378	-67.9872
9379	-68.3453
9380	-69.2544
9381	-70.7637
9382	-71.9103
9383	-72.8003
9384	-73.1946
9385	-72.9761
9386	-73.98
9387	-73.5194
9388	-74.0163
9389	-74.3072
9390	-74.3549
9391	-74.4932
9392	-74.3072
9393	-74.2649
9394	-72.1402
9395	-68.4245
9396	-66.3358
9397	-68.62
9398	-66.5699
9399	-67.2077
9400	-70.5383
9401	-72.0681
9402	-71.7822
9403	-72.1063
9404	-72.8015
9405	-73.7771
9406	-73.7197
9407	-74.9268
9408	-74.7011
9409	-73.864
9410	-74.2558
9411	-74.5914
9412	-73.8245
9413	-73.6097
9414	-72.5422
9415	-71.6124
9416	-71.7474
9417	-70.006
9418	-66.5355
9419	-63.9357
9420	-63.6075
9421	-62.9265
9422	-60.5548
9423	-55.3933
9424	-48.9296
9425	-45.6788
9426	-50.7567
9427	-56.4841
9428	-61.4101
9429	-63.169
9430	-64.1689
9431	-65.0902
9432	-68.4812
9433	-70.6183
9434	-72.0293
9435	-71.6153
9436	-71.3628
9437	-72.1837
9438	-73.2179
9439	-73.8675
9440	-75.0308
9441	-74.6135
9442	-73.5849
9443	-74.5459
9444	-74.7463
9445	-73.4176
9446	-71.4293
9447	-71.692
9448	-70.9073
9449	-71.8019
9450	-71.8148
9451	-69.0575
9452	-63.3573
9453	-65.534
9454	-71.9035
9455	-72.5628
9456	-72.7087
9457	-73.0844
9458	-74.0334
9459	-74.3003
9460	-74.5227
9461	-74.649
9462	-74.2062
9463	-73.5801
9464	-73.0287
9465	-73.5508
9466	-73.1182
9467	-71.5876
9468	-70.7466
9469	-70.3072
9470	-69.2984
9471	-67.6508
9472	-67.1643
9473	-66.9467
9474	-68.3404
9475	-67.7696
9476	-66.7465
9477	-66.964
9478	-67.7989
9479	-68.8861
9480	-69.9349
9481	-71.5614
9482	-72.0342
9483	-72.0059
9484	-68.882
9485	-64.4557
9486	-64.0843
9487	-66.6912
9488	-63.8736
9489	-67.1862
9490	-70.3367
9491	-69.79
9492	-68.7515
9493	-67.4951
9494	-62.1883
9495	-56.07
9496	-52.9838
9497	-57.2907
9498	-53.431
9499	-54.2912
9500	-60.4475
9501	-65.7174
9502	-68.2822
9503	-69.3139
9504	-70.0716
9505	-70.5695
9506	-69.0661
9507	-69.5202
9508	-69.0293
9509	-68.4226
9510	-72.3913
9511	-74.0454
9512	-73.6964
9513	-74.0122
9514	-74.2242
9515	-74.2689
9516	-73.1709
9517	-71.3
9518	-68.8926
9519	-67.382
9520	-67.5618
9521	-69.5449
9522	-71.6464
9523	-72.2568
9524	-72.8242
9525	-72.5112
9526	-72.3516
9527	-71.9475
9528	-72.1963
9529	-72.2404
9530	-72.467
9531	-72.8002
9532	-72.2769
9533	-71.2492
9534	-70.8778
9535	-69.7931
9536	-68.811
9537	-68.8175
9538	-67.9186
9539	-66.3102
9540	-64.723
9541	-62.5081
9542	-59.6714
9543	-57.4402
9544	-51.2215
9545	-42.7925
9546	-39.505
9547	-44.9954
9548	-39.6658
9549	-40.8417
9550	-48.793
9551	-55.7076
9552	-57.8561
9553	-60.837
9554	-64.1222
9555	-65.6574
9556	-67.3325
9557	-68.1766
9558	-68.2106
9559	-68.7754
9560	-70.1274
9561	-70.9164
9562	-71.6146
9563	-72.1643
9564	-71.7397
9565	-72.0455
9566	-72.479
9567	-72.3755
9568	-72.6087
9569	-73.0962
9570	-73.3512
9571	-72.7363
9572	-72.8957
9573	-72.8745
9574	-71.0127
9575	-70.3311
9576	-71.4361
9577	-72.7853
9578	-73.6058
9579	-73.8544
9580	-73.7517
9581	-74.2328
9582	-74.1625
9583	-73.8198
9584	-73.2305
9585	-69.5148
9586	-69.1793
9587	-70.0163
9588	-68.8135
9589	-70.2386
9590	-70.332
9591	-69.2141
9592	-68.9755
9593	-67.5752
9594	-62.5367
9595	-56.4274
9596	-53.6738
9597	-57.6866
9598	-53.4754
9599	-54.7222
9600	-60.8094
9601	-66.0643
9602	-68.3773
9603	-69.7674
9604	-70.3072
9605	-68.1399
9606	-63.9751
9607	-64.3809
9608	-63.5175
9609	-62.4129
9610	-64.2462
9611	-69.0458
9612	-70.7502
9613	-70.8152
9614	-69.6473
9615	-67.9733
9616	-65.8193
9617	-62.4153
9618	-58.529
9619	-56.5026
9620	-56.9707
9621	-60.8348
9622	-63.794
9623	-67.3544
9624	-68.8575
9625	-69.9288
9626	-70.5998
9627	-70.8619
9628	-71.37
9629	-71.1007
9630	-69.9237
9631	-71.2632
9632	-73.6351
9633	-74.6818
9634	-74.1404
9635	-74.1403
9636	-73.7283
9637	-72.6867
9638	-73.0725
9639	-73.3731
9640	-72.9903
9641	-70.3516
9642	-68.1037
9643	-71.0319
9644	-72.9872
9645	-72.9688
9646	-71.8141
9647	-71.8079
9648	-72.1085
9649	-72.6728
9650	-73.3167
9651	-73.6066
9652	-72.985
9653	-73.1909
9654	-73.6296
9655	-72.6786
9656	-71.2969
9657	-69.6999
9658	-69.4192
9659	-69.9105
9660	-69.7127
9661	-68.2134
9662	-66.7765
9663	-63.5022
9664	-60.9981
9665	-59.5787
9666	-57.0227
9667	-49.1238
9668	-41.8808
9669	-36.4917
9670	-37.5172
9671	-44.915
9672	-52.0389
9673	-59.0639
9674	-62.2399
9675	-63.4981
9676	-65.1087
9677	-67.1116
9678	-68.781
9679	-69.7994
9680	-70.6451
9681	-71.2254
9682	-72.1671
9683	-73.4377
9684	-73.4324
9685	-73.4208
9686	-73.6843
9687	-73.9354
9688	-72.7195
9689	-72.9257
9690	-72.9427
9691	-72.1989
9692	-71.7836
9693	-71.883
9694	-71.0123
9695	-67.919
9696	-65.8899
9697	-68.4882
9698	-66.2741
9699	-67.0066
9700	-70.9004
9701	-73.484
9702	-74.1914
9703	-74.4619
9704	-74.2431
9705	-74.0451
9706	-73.7821
9707	-72.6563
9708	-70.3417
9709	-69.1849
9710	-70.8737
9711	-72.0358
9712	-71.4875
9713	-70.4445
9714	-68.7073
9715	-66.8258
9716	-65.5102
9717	-61.0887
9718	-57.0384
9719	-54.8919
9720	-55.8442
9721	-59.2479
9722	-62.5531
9723	-66.4077
9724	-68.3966
9725	-69.8766
9726	-70.9635
9727	-71.309
9728	-69.2191
9729	-67.5239
9730	-67.2408
9731	-66.3862
9732	-66.8424
9733	-71.8435
9734	-71.91
9735	-71.7795
9736	-71.1503
9737	-69.7411
9738	-67.3232
9739	-66.1892
9740	-64.9369
9741	-56.6511
9742	-53.094
9743	-58.5288
9744	-65.1026
9745	-64.969
9746	-65.8351
9747	-68.3134
9748	-70.0169
9749	-70.9792
9750	-71.88
9751	-72.2135
9752	-70.4028
9753	-71.223
9754	-73.5496
9755	-73.6814
9756	-73.9392
9757	-74.2551
9758	-74.342
9759	-74.0311
9760	-74.1343
9761	-71.9524
9762	-70.4258
9763	-67.9894
9764	-65.3134
9765	-65.424
9766	-67.1788
9767	-70.7873
9768	-71.1301
9769	-71.2931
9770	-71.5296
9771	-72.4055
9772	-74.2571
9773	-74.2913
9774	-73.6763
9775	-73.2556
9776	-74.0301
9777	-74.2262
9778	-73.7309
9779	-73.2438
9780	-72.2738
9781	-71.1635
9782	-70.9289
9783	-70.3613
9784	-69.0862
9785	-67.6019
9786	-65.8485
9787	-63.6988
9788	-61.1852
9789	-58.1958
9790	-32.1373
9791	-17.5285
9792	-13.8304
9793	-19.3981
9794	-37.0373
9795	-58.5783
9796	-59.2328
9797	-61.7322
9798	-62.944
9799	-64.4482
9800	-68.007
9801	-70.0415
9802	-70.1028
9803	-70.1772
9804	-71.1452
9805	-71.9088
9806	-72.6551
9807	-73.1095
9808	-73.5629
9809	-74.1459
9810	-73.8092
9811	-73.0242
9812	-73.2561
9813	-72.5791
9814	-71.2575
9815	-72.2054
9816	-72.1523
9817	-71.6883
9818	-69.7645
9819	-68.5042
9820	-69.7818
9821	-70.3837
9822	-72.4255
9823	-73.1548
9824	-73.7612
9825	-73.8125
9826	-74.1389
9827	-74.6443
9828	-74.7296
9829	-74.3099
9830	-73.3405
9831	-71.038
9832	-70.4174
9833	-72.3534
9834	-71.751
9835	-71.9603
9836	-71.3256
9837	-69.6181
9838	-67.5695
9839	-66.7003
9840	-65.3261
9841	-58.8517
9842	-55.5536
9843	-60.9153
9844	-65.8715
9845	-65.6663
9846	-66.819
9847	-68.9396
9848	-70.5604
9849	-71.1834
9850	-71.0463
9851	-67.9283
9852	-64.1344
9853	-63.4669
9854	-62.219
9855	-63.8645
9856	-66.8522
9857	-69.4301
9858	-69.7837
9859	-68.488
9860	-65.8137
9861	-63.1994
9862	-59.564
9863	-55.8251
9864	-52.067
9865	-51.914
9866	-54.6001
9867	-60.3196
9868	-64.6235
9869	-67.8394
9870	-69.9474
9871	-71.1241
9872	-71.1597
9873	-70.1487
9874	-68.0077
9875	-66.8005
9876	-69.3801
9877	-72.2654
9878	-73.3565
9879	-74.5827
9880	-74.3129
9881	-74.3786
9882	-73.6075
9883	-73.3819
9884	-72.4736
9885	-70.6522
9886	-70.7695
9887	-71.6721
9888	-70.5661
9889	-71.1954
9890	-73.0206
9891	-73.6125
9892	-72.5108
9893	-72.9822
9894	-72.4535
9895	-71.7383
9896	-71.7696
9897	-72.8988
9898	-72.2889
9899	-71.4994
9900	-71.0441
9901	-70.708
9902	-69.9526
9903	-68.8037
9904	-67.3167
9905	-67.1529
9906	-65.8914
9907	-63.6229
9908	-61.4309
9909	-59.4998
9910	-57.8578
9911	-54.1768
9912	-46.2479
9913	-39.7306
9914	-31.0858
9915	-30.9751
9916	-38.1797
9917	-47.5959
9918	-54.869
9919	-58.7829
9920	-61.1802
9921	-63.7868
9922	-66.147
9923	-66.8134
9924	-67.9384
9925	-68.005
9926	-68.7093
9927	-69.7011
9928	-71.0316
9929	-72.2658
9930	-72.567
9931	-71.858
9932	-71.3847
9933	-71.9956
9934	-72.3021
9935	-72.4454
9936	-72.8034
9937	-72.8861
9938	-71.8118
9939	-72.599
9940	-72.4659
9941	-68.441
9942	-65.9579
9943	-70.6738
9944	-72.6906
9945	-72.732
9946	-72.7021
9947	-73.7595
9948	-73.9658
9949	-73.9513
9950	-74.0525
9951	-73.1402
9952	-71.732
9953	-69.1482
9954	-67.3047
9955	-68.1034
9956	-70.5379
9957	-69.7955
9958	-69.0918
9959	-68.3233
9960	-65.7181
9961	-63.2674
9962	-59.7016
9963	-55.8117
9964	-51.6761
9965	-51.8812
9966	-54.7881
9967	-60.5009
9968	-64.7026
9969	-67.5743
9970	-70.0255
9971	-70.061
9972	-69.9616
9973	-66.8753
9974	-62.5518
9975	-61.5529
9976	-65.0333
9977	-68.3051
9978	-70.1712
9979	-71.5704
9980	-71.4935
9981	-70.2986
9982	-68.9979
9983	-67.8132
9984	-66.4708
9985	-64.2021
9986	-65.4813
9987	-66.4059
9988	-65.5617
9989	-66.6054
9990	-69.0238
9991	-69.2951
9992	-69.8081
9993	-70.135
9994	-71.6131
9995	-72.3103
9996	-72.5956
9997	-72.9953
9998	-73.2211
9999	-73.5021
10000	-73.6147
10001	-74.801
10002	-74.0818
10003	-74.0176
10004	-74.1053
10005	-73.7856
10006	-72.8607
10007	-70.2916
10008	-67.8924
10009	-67.5621
10010	-68.1387
10011	-70.182
10012	-71.6609
10013	-71.4796
10014	-72.0538
10015	-72.475
10016	-71.8775
10017	-73.4716
10018	-73.6919
10019	-74.4976
10020	-74.6722
10021	-73.7322
10022	-73.1371
10023	-73.4129
10024	-72.8188
10025	-72.151
10026	-71.7243
10027	-71.0288
10028	-70.4998
10029	-69.2401
10030	-66.7799
10031	-61.4576
10032	-60.4394
10033	-61.3836
10034	-56.4438
10035	-50.3619
10036	-50.5513
10037	-53.7109
10038	-51.1802
10039	-55.9419
10040	-62.0527
10041	-64.2837
10042	-64.2388
10043	-66.9598
10044	-69.2421
10045	-70.8682
10046	-70.9077
10047	-71.6911
10048	-72.1644
10049	-72.6399
10050	-73.7512
10051	-74.467
10052	-74.2376
10053	-75.1354
10054	-74.3877
10055	-74.4519
10056	-73.733
10057	-72.8005
10058	-72.2046
10059	-72.0064
10060	-71.5411
10061	-71.1566
10062	-70.5455
10063	-67.6023
10064	-64.7442
10065	-65.459
10066	-67.6966
10067	-71.3724
10068	-73.1129
10069	-74.6501
10070	-74.4847
10071	-74.2433
10072	-74.2099
10073	-74.1469
10074	-73.7069
10075	-72.6482
10076	-73.2959
10077	-73.2168
10078	-72.6579
10079	-71.8625
10080	-70.7179
10081	-69.224
10082	-68.3704
10083	-67.1684
10084	-64.5532
10085	-61.3517
10086	-61.7711
10087	-64.0464
10088	-62.2537
10089	-64.0868
10090	-67.8758
10091	-69.5302
10092	-70.1883
10093	-71.1365
10094	-72.5016
10095	-71.841
10096	-69.9596
10097	-67.7586
10098	-65.5425
10099	-65.1696
10100	-66.8168
10101	-69.9959
10102	-70.8511
10103	-71.1785
10104	-70.0805
10105	-67.4644
10106	-63.711
10107	-57.5898
10108	-54.3445
10109	-53.9376
10110	-55.9598
10111	-57.6865
10112	-62.8005
10113	-65.1886
10114	-67.9278
10115	-69.0764
10116	-69.3457
10117	-71.2676
10118	-69.6855
10119	-69.7695
10120	-69.8852
10121	-70.8222
10122	-72.6293
10123	-73.6277
10124	-74.0348
10125	-74.079
10126	-74.45
10127	-73.1857
10128	-72.1505
10129	-72.3432
10130	-70.7234
10131	-63.711
10132	-63.2263
10133	-69.8175
10134	-71.7362
10135	-71.2007
10136	-71.1643
10137	-71.9033
10138	-72.3167
10139	-72.9701
10140	-73.0141
10141	-72.9039
10142	-71.9276
10143	-73.3274
10144	-73.4723
10145	-72.7356
10146	-71.5698
10147	-70.4473
10148	-69.5652
10149	-69.5177
10150	-69.0268
10151	-67.6538
10152	-66.7959
10153	-64.1828
10154	-61.9414
10155	-58.5114
10156	-53.0015
10157	-42.9624
10158	-39.224
10159	-35.7228
10160	-40.4022
10161	-43.7447
10162	-52.3316
10163	-57.4391
10164	-58.8768
10165	-60.4301
10166	-63.2936
10167	-66.1389
10168	-68.0154
10169	-68.1968
10170	-68.8813
10171	-70.2971
10172	-71.3317
10173	-71.4333
10174	-71.757
10175	-72.3581
10176	-73.3927
10177	-73.0635
10178	-72.3283
10179	-72.3245
10180	-72.8657
10181	-72.5785
10182	-73.1369
10183	-73.2144
10184	-72.5255
10185	-71.6945
10186	-72.0247
10187	-71.4624
10188	-71.2724
10189	-72.4542
10190	-73.8027
10191	-74.3777
10192	-74.091
10193	-74.1122
10194	-74.5413
10195	-74.5453
10196	-72.8158
10197	-71.2853
10198	-69.6043
10199	-69.729
10200	-69.9232
10201	-71.2663
10202	-71.3638
10203	-71.1975
10204	-70.0702
10205	-67.7386
10206	-64.4356
10207	-58.224
10208	-55.2235
10209	-55.1402
10210	-56.8236
10211	-58.3408
10212	-62.9155
10213	-65.5996
10214	-68.2739
10215	-69.6977
10216	-70.1763
10217	-68.9178
10218	-65.5467
10219	-65.048
10220	-64.0095
10221	-60.3156
10222	-62.6945
10223	-68.9508
10224	-70.3409
10225	-70.0446
10226	-68.9361
10227	-65.7669
10228	-63.945
10229	-63.0074
10230	-59.0243
10231	-50.6556
10232	-50.5218
10233	-59.2238
10234	-63.4678
10235	-64.7258
10236	-67.0053
10237	-70.2624
10238	-71.34
10239	-70.7608
10240	-71.7643
10241	-68.8441
10242	-66.086
10243	-70.4018
10244	-73.537
10245	-74.2645
10246	-74.8266
10247	-74.0831
10248	-72.9789
10249	-73.5109
10250	-73.0081
10251	-72.7701
10252	-72.9214
10253	-72.2909
10254	-71.6943
10255	-71.4771
10256	-72.1023
10257	-72.8981
10258	-72.8931
10259	-72.3844
10260	-72.5646
10261	-72.6651
10262	-72.1262
10263	-72.2371
10264	-72.4816
10265	-72.6272
10266	-71.9486
10267	-71.7539
10268	-70.4577
10269	-69.1986
10270	-68.9199
10271	-67.7681
10272	-67.9822
10273	-66.6786
10274	-64.5111
10275	-61.9433
10276	-60.7144
10277	-57.9686
10278	-56.0132
10279	-45.039
10280	-19.6609
10281	-9.99283
10282	-10.0169
10283	-19.7662
10284	-45.7155
10285	-56.5947
10286	-59.1235
10287	-62.3972
10288	-64.2592
10289	-65.6942
10290	-67.4827
10291	-68.0048
10292	-68.0528
10293	-69.7947
10294	-71.0045
10295	-71.4078
10296	-72.6543
10297	-72.5302
10298	-72.56
10299	-72.5165
10300	-72.7416
10301	-71.7651
10302	-72.5021
10303	-72.2805
10304	-71.7494
10305	-71.654
10306	-71.408
10307	-68.8858
10308	-67.0202
10309	-67.0254
10310	-67.8688
10311	-69.0892
10312	-71.4005
10313	-72.6158
10314	-73.5477
10315	-73.8869
10316	-74.0845
10317	-73.9029
10318	-73.3787
10319	-72.811
10320	-70.626
10321	-65.9647
10322	-68.4449
10323	-71.6584
10324	-71.0106
10325	-69.9591
10326	-68.432
10327	-65.6984
10328	-63.6161
10329	-62.5666
10330	-58.115
10331	-49.7953
10332	-49.8716
10333	-58.619
10334	-63.0594
10335	-64.1283
10336	-66.2713
10337	-69.3887
10338	-70.6304
10339	-70.5475
10340	-69.7178
10341	-64.0141
10342	-61.2874
10343	-66.9372
10344	-70.9046
10345	-71.6274
10346	-72.4111
10347	-71.833
10348	-71.098
10349	-70.3641
10350	-68.5898
10351	-67.9257
10352	-66.4704
10353	-64.8822
10354	-61.0645
10355	-63.9205
10356	-65.3171
10357	-67.4025
10358	-68.1594
10359	-68.8028
10360	-70.6165
10361	-71.9739
10362	-72.5903
10363	-73.1112
10364	-72.8532
10365	-73.5822
10366	-73.6007
10367	-73.883
10368	-74.3782
10369	-74.0925
10370	-74.3895
10371	-74.1791
10372	-74.2648
10373	-72.8276
10374	-68.9706
10375	-66.2322
10376	-68.1031
10377	-66.9251
10378	-66.5395
10379	-69.7436
10380	-71.9605
10381	-71.8567
10382	-72.0301
10383	-72.6367
10384	-74.0413
10385	-74.0104
10386	-74.4809
10387	-74.7562
10388	-74.0366
10389	-74.1245
10390	-74.4366
10391	-74.2782
10392	-73.729
10393	-72.6761
10394	-71.5096
10395	-71.9209
10396	-70.6939
10397	-67.3852
10398	-64.4481
10399	-63.6603
10400	-63.3924
10401	-61.259
10402	-55.5073
10403	-48.0051
10404	-43.1891
10405	-47.2115
10406	-54.34
10407	-60.5941
10408	-62.4938
10409	-63.7859
10410	-64.518
10411	-67.4491
10412	-70.1104
10413	-71.8199
10414	-71.7071
10415	-71.2817
10416	-71.8217
10417	-72.8187
10418	-73.5718
10419	-74.4316
10420	-75.0733
10421	-73.6054
10422	-74.0954
10423	-74.9288
10424	-73.7005
10425	-71.4727
10426	-71.5544
10427	-71.3257
10428	-71.4777
10429	-71.9569
10430	-70.2472
10431	-64.2001
10432	-64.7047
10433	-71.2588
10434	-72.7051
10435	-72.8834
10436	-72.8753
10437	-73.7742
10438	-74.3083
10439	-74.7341
10440	-74.5421
10441	-74.6301
10442	-73.7061
10443	-72.9893
10444	-73.112
10445	-73.264
10446	-71.9184
10447	-70.6629
10448	-70.6884
10449	-69.4726
10450	-68.0661
10451	-67.4446
10452	-66.8123
10453	-67.3538
10454	-66.1188
10455	-66.1211
10456	-66.7137
10457	-67.6172
10458	-68.7308
10459	-69.6142
10460	-71.3493
10461	-71.9408
10462	-72.1414
10463	-69.8085
10464	-64.932
10465	-63.5121
10466	-66.5643
10467	-63.796
10468	-66.0892
10469	-70.0756
10470	-70.0719
10471	-68.7931
10472	-67.8734
10473	-63.309
10474	-57.2955
10475	-52.8758
10476	-56.0138
10477	-54.0614
10478	-53.5023
10479	-59.1038
10480	-64.8271
10481	-67.9539
10482	-69.3972
10483	-69.9263
10484	-70.6091
10485	-69.2807
10486	-69.1216
10487	-69.6729
10488	-68.083
10489	-71.3347
10490	-74.3014
10491	-73.7907
10492	-74.0739
10493	-74.1699
10494	-74.7043
10495	-73.5344
10496	-71.8107
10497	-69.6625
10498	-67.9614
10499	-67.4858
10500	-69.4438
10501	-71.3224
10502	-72.2497
10503	-72.6737
10504	-72.5924
10505	-72.6232
10506	-71.8266
10507	-72.1238
10508	-72.0942
10509	-72.3786
10510	-72.6477
10511	-72.4452
10512	-71.3319
10513	-70.8706
10514	-70.0216
10515	-68.8522
10516	-68.6626
10517	-68.0924
10518	-66.5996
10519	-64.9582
10520	-62.7264
10521	-59.9103
10522	-57.9126
10523	-52.376
10524	-44.3409
10525	-39.2988
10526	-43.586
10527	-40.3492
10528	-39.7915
10529	-47.0475
10530	-54.4848
10531	-57.6495
10532	-60.2286
10533	-63.7234
10534	-65.485
10535	-67.099
10536	-67.9938
10537	-68.3257
10538	-68.5299
10539	-70.1406
10540	-70.7728
10541	-71.4267
10542	-72.2931
10543	-71.7294
10544	-71.8274
10545	-72.249
10546	-72.3796
10547	-72.5681
10548	-72.9031
10549	-73.4106
10550	-72.8076
10551	-72.7695
10552	-72.8446
10553	-71.2406
10554	-69.9109
10555	-71.0325
10556	-72.343
10557	-73.4594
10558	-73.9662
10559	-73.8103
10560	-74.2212
10561	-74.2795
10562	-73.9321
10563	-73.5211
10564	-70.1481
10565	-68.6178
10566	-70.3113
10567	-68.6023
10568	-69.8754
10569	-70.3334
10570	-69.4311
10571	-68.9918
10572	-67.9287
10573	-63.5649
10574	-57.4517
10575	-53.4749
10576	-56.6146
10577	-53.9677
10578	-53.7402
10579	-59.6602
10580	-65.1449
10581	-68.095
10582	-69.4142
10583	-70.3913
10584	-68.6405
10585	-64.3337
10586	-64.1161
10587	-63.8407
10588	-62.9692
10589	-63.6321
10590	-68.4825
10591	-70.8054
10592	-71.0657
10593	-69.915
10594	-68.4801
10595	-66.4035
10596	-63.7942
10597	-59.579
10598	-57.7101
10599	-56.8465
10600	-61.0676
10601	-63.5262
10602	-67.1349
10603	-68.6537
10604	-69.8773
10605	-70.4843
10606	-70.8261
10607	-71.4546
10608	-71.6228
10609	-70.1463
10610	-71.1074
10611	-73.3887
10612	-74.6942
10613	-74.1275
10614	-74.0422
10615	-73.7942
10616	-72.8055
10617	-72.9047
10618	-73.4208
10619	-73.0957
10620	-70.953
10621	-67.6128
10622	-69.9412
10623	-72.6243
10624	-73.1234
10625	-71.7529
10626	-71.8706
10627	-71.8958
10628	-72.4319
10629	-73.3647
10630	-73.7825
10631	-72.9983
10632	-73.103
10633	-73.8716
10634	-72.9434
10635	-71.5051
10636	-70.0691
10637	-69.5639
10638	-70.1198
10639	-70.3828
10640	-68.6541
10641	-67.0787
10642	-64.3491
10643	-61.5807
10644	-59.9163
10645	-57.9706
10646	-51.6618
10647	-43.095
10648	-37.9151
10649	-37.2565
10650	-44.8709
10651	-50.7383
10652	-58.4602
10653	-62.5097
10654	-63.3136
10655	-65.0781
10656	-67.1581
10657	-68.8266
10658	-70.0906
10659	-70.6032
10660	-71.6312
10661	-72.0916
10662	-73.6044
10663	-73.6758
10664	-73.4453
10665	-73.5491
10666	-74.0775
10667	-72.8973
10668	-73.0129
10669	-73.0551
10670	-72.3032
10671	-71.8538
10672	-71.7463
10673	-71.6199
10674	-68.4779
10675	-65.8135
10676	-68.078
10677	-66.4862
10678	-66.4111
10679	-70.0933
10680	-73.3238
10681	-74.1553
10682	-74.5416
10683	-74.4694
10684	-74.152
10685	-73.9731
10686	-73.1332
10687	-71.0378
10688	-69.7059
10689	-70.5427
10690	-72.2765
10691	-71.7025
10692	-70.6879
10693	-69.0413
10694	-67.209
10695	-65.8738
10696	-62.4567
10697	-57.9634
10698	-55.9672
10699	-55.5138
10700	-59.3729
10701	-62.3482
10702	-65.9634
10703	-68.3227
10704	-69.5932
10705	-70.8212
10706	-71.2755
10707	-70.1088
10708	-68.0859
10709	-67.5696
10710	-66.6465
10711	-65.7105
10712	-70.6992
10713	-72.0033
10714	-71.5378
10715	-71.2262
10716	-70.1654
10717	-67.5736
10718	-66.1019
10719	-65.2862
10720	-57.5736
10721	-52.485
10722	-56.3255
10723	-64.0744
10724	-64.6212
10725	-65.4795
10726	-67.4697
10727	-69.6319
10728	-70.6719
10729	-71.8693
10730	-72.2493
10731	-70.2112
10732	-70.5254
10733	-73.1753
10734	-73.5472
10735	-73.734
10736	-74.0065
10737	-74.5548
10738	-74.0731
10739	-74.1354
10740	-72.4018
10741	-70.7071
10742	-68.3973
10743	-66.1384
10744	-64.8626
10745	-66.6414
10746	-70.1484
10747	-71.0371
10748	-71.2279
10749	-71.4554
10750	-72.0945
10751	-73.8481
10752	-74.1494
10753	-73.7451
10754	-73.1478
10755	-73.6979
10756	-74.153
10757	-73.7174
10758	-73.3306
10759	-72.3222
10760	-71.1444
10761	-70.5386
10762	-70.3445
10763	-69.0336
10764	-67.5086
10765	-66.3229
10766	-63.9171
10767	-61.1799
10768	-58.769
10769	-36.8474
10770	-19.4178
10771	-13.9064
10772	-17.6582
10773	-32.4327
10774	-57.5496
10775	-58.9122
10776	-60.916
10777	-62.6447
10778	-63.6152
10779	-67.0802
10780	-69.593
10781	-69.9561
10782	-69.7213
10783	-70.9098
10784	-71.5396
10785	-72.4473
10786	-72.9338
10787	-73.274
10788	-74.1779
10789	-74.0355
10790	-72.802
10791	-73.2197
10792	-72.8164
10793	-71.4002
10794	-72.3924
10795	-72.2291
10796	-72.075
10797	-70.2619
10798	-68.9875
10799	-69.8484
10800	-70.3892
10801	-72.3158
10802	-73.1994
10803	-73.5851
10804	-73.8401
10805	-73.9367
10806	-74.466
10807	-74.962
10808	-74.2849
10809	-73.4683
10810	-71.2946
10811	-69.9001
10812	-71.7676
10813	-71.8617
10814	-71.8591
10815	-71.71
10816	-70.2734
10817	-67.7151
10818	-66.7263
10819	-65.4161
10820	-59.3339
10821	-54.6516
10822	-58.6054
10823	-65.3438
10824	-65.3792
10825	-66.2495
10826	-68.2664
10827	-70.2869
10828	-70.9919
10829	-71.3505
10830	-68.5053
10831	-64.1596
10832	-63.3535
10833	-62.493
10834	-63.6113
10835	-66.0951
10836	-69.3462
10837	-69.8018
10838	-68.8297
10839	-66.2889
10840	-63.6797
10841	-60.4516
10842	-56.3352
10843	-53.0668
10844	-51.4165
10845	-54.0628
10846	-59.1929
10847	-64.2143
10848	-67.2511
10849	-69.7637
10850	-71.0823
10851	-71.2877
10852	-70.4582
10853	-68.5486
10854	-66.6493
10855	-68.6829
10856	-72.051
10857	-73.2106
10858	-74.6109
10859	-74.3542
10860	-74.4432
10861	-73.7458
10862	-73.4588
10863	-72.8949
10864	-71.18
10865	-70.8389
10866	-71.8934
10867	-70.95
10868	-71.2028
10869	-72.7441
10870	-73.6759
10871	-72.8007
10872	-72.7828
10873	-72.5843
10874	-71.9677
10875	-71.6484
10876	-72.7133
10877	-72.5317
10878	-71.6424
10879	-71.2436
10880	-70.8062
10881	-70.4439
10882	-68.9758
10883	-67.305
10884	-67.2526
10885	-66.4431
10886	-64.0606
10887	-61.6742
10888	-59.7922
10889	-58.1782
10890	-55.0889
10891	-48.474
10892	-40.861
10893	-32.0262
10894	-30.1345
10895	-37.3445
10896	-45.4006
10897	-53.9193
10898	-58.3356
10899	-60.8455
10900	-63.504
10901	-65.8211
10902	-66.824
10903	-67.9198
10904	-67.9331
10905	-68.6646
10906	-69.3389
10907	-71.0218
10908	-72.0993
10909	-72.5807
10910	-72.0805
10911	-71.4149
10912	-72.1286
10913	-72.2421
10914	-72.4105
10915	-72.7888
10916	-72.9528
10917	-71.828
10918	-72.2067
10919	-72.7126
10920	-69.1159
10921	-65.374
10922	-69.1621
10923	-72.5062
10924	-72.5595
10925	-72.576
10926	-73.6104
10927	-73.9617
10928	-73.8227
10929	-74.074
10930	-73.3252
10931	-72.0701
10932	-69.5754
10933	-67.4756
10934	-67.9534
10935	-70.215
10936	-70.2084
10937	-69.0089
10938	-68.2947
10939	-66.1692
10940	-63.822
10941	-60.4589
10942	-56.1559
10943	-52.4977
10944	-51.1896
10945	-54.0498
10946	-59.3536
10947	-64.1398
10948	-66.987
10949	-69.7804
10950	-70.2299
10951	-70.3111
10952	-67.8701
10953	-63.4442
10954	-61.3524
10955	-64.53
10956	-67.9609
10957	-70.0773
10958	-71.6662
10959	-71.7567
10960	-70.4624
10961	-69.3618
10962	-68.1723
10963	-67.0371
10964	-65.4402
10965	-66.089
10966	-67.3352
10967	-66.3329
10968	-66.6467
10969	-68.8346
10970	-69.0551
10971	-69.4952
10972	-69.9571
10973	-71.4544
10974	-72.2815
10975	-72.705
10976	-73.1287
10977	-73.3318
10978	-73.5293
10979	-73.5751
10980	-74.4925
10981	-74.127
10982	-74.005
10983	-74.2178
10984	-74.0173
10985	-73.0521
10986	-70.5507
10987	-67.876
10988	-67.5077
10989	-67.8212
10990	-69.3282
10991	-71.7272
10992	-71.3861
10993	-71.9471
10994	-72.5873
10995	-71.869
10996	-73.3463
10997	-73.5014
10998	-74.3189
10999	-74.5115
11000	-74.0755
11001	-73.1879
11002	-73.4749
11003	-73.0637
11004	-72.5045
11005	-72.064
11006	-71.2256
11007	-70.6966
11008	-70.0665
11009	-67.7162
11010	-62.5803
11011	-60.4336
11012	-62.2406
11013	-58.4309
11014	-52.7653
11015	-51.3507
11016	-54.7606
11017	-52.7278
11018	-56.099
11019	-61.9102
11020	-64.3459
11021	-64.0009
11022	-66.3373
11023	-69.012
11024	-70.814
11025	-71.1948
11026	-71.7225
11027	-72.4116
11028	-72.5147
11029	-73.7602
11030	-74.5149
11031	-74.1348
11032	-75.0911
11033	-74.6296
11034	-74.4551
11035	-74.0404
11036	-73.2163
11037	-72.129
11038	-72.0807
11039	-71.6052
11040	-71.2167
11041	-71.154
11042	-68.0843
11043	-65.4042
11044	-64.9748
11045	-67.2294
11046	-70.81
11047	-72.8088
11048	-74.2197
11049	-74.3921
11050	-74.0932
11051	-74.3969
11052	-74.1239
11053	-74.0108
11054	-73.0013
11055	-73.5242
11056	-73.3795
11057	-73.054
11058	-71.9711
11059	-71.2394
11060	-69.501
11061	-68.5839
11062	-67.5478
11063	-65.9925
11064	-62.4449
11065	-62.4388
11066	-64.9452
11067	-63.6326
11068	-64.3583
11069	-67.5516
11070	-69.5465
11071	-70.1711
11072	-70.7142
11073	-72.4133
11074	-72.2249
11075	-70.2843
11076	-68.0749
11077	-65.665
11078	-64.6405
11079	-66.1417
11080	-69.286
11081	-70.7258
11082	-70.9907
11083	-70.3175
11084	-68.0527
11085	-64.3467
11086	-58.5529
11087	-54.1316
11088	-53.8086
11089	-55.5203
11090	-56.6057
11091	-61.7138
11092	-64.7959
11093	-67.2213
11094	-68.7674
11095	-69.2215
11096	-70.9136
11097	-69.8999
11098	-69.4468
11099	-69.6406
11100	-70.3588
11101	-72.1775
11102	-73.4877
11103	-74.0972
11104	-74.2242
11105	-74.4301
11106	-73.5615
11107	-72.4144
11108	-72.4308
11109	-71.5888
11110	-65.0426
11111	-62.7947
11112	-68.677
11113	-71.7869
11114	-71.6615
11115	-71.066
11116	-71.9203
11117	-72.2301
11118	-72.7657
11119	-73.0473
11120	-72.5857
11121	-71.8416
11122	-73.0298
11123	-73.2928
11124	-72.6672
11125	-71.4126
11126	-70.7018
11127	-69.652
11128	-69.2715
11129	-69.125
11130	-67.6284
11131	-66.9538
11132	-64.4845
11133	-62.013
11134	-59.1177
11135	-53.9378
11136	-44.4937
11137	-39.0487
11138	-35.526
11139	-38.4053
11140	-42.648
11141	-50.3857
11142	-56.6028
11143	-58.6358
11144	-59.9986
11145	-62.7077
11146	-65.3407
11147	-67.6329
11148	-68.0765
11149	-68.3719
11150	-69.8717
11151	-71.2397
11152	-71.302
11153	-71.5528
11154	-72.0892
11155	-73.0218
11156	-73.0621
11157	-72.1631
11158	-72.4145
11159	-72.8227
11160	-72.6197
11161	-73.1459
11162	-73.3038
11163	-72.7077
11164	-71.8693
11165	-71.9287
11166	-71.7811
11167	-71.3876
11168	-72.3481
11169	-73.6501
11170	-74.1458
11171	-74.1567
11172	-74.3512
11173	-74.3937
11174	-74.8115
11175	-73.2649
11176	-71.5349
11177	-69.5365
11178	-69.4652
11179	-69.6588
11180	-71.066
11181	-71.2294
11182	-71.1855
11183	-70.3218
11184	-68.1941
11185	-64.8186
11186	-58.9656
11187	-54.9211
11188	-54.7977
11189	-56.4401
11190	-57.2505
11191	-62.037
11192	-64.9951
11193	-67.6477
11194	-69.3304
11195	-70.1856
11196	-69.0346
11197	-66.0168
11198	-64.7934
11199	-64.4521
11200	-61.0324
11201	-61.8162
11202	-68.1914
11203	-70.3585
11204	-70.2301
11205	-69.41
11206	-66.3413
11207	-64.3441
11208	-63.3471
11209	-60.6626
11210	-52.0121
11211	-50.1578
11212	-57.3589
11213	-63.5101
11214	-64.6737
11215	-66.6697
11216	-69.9339
11217	-71.231
11218	-70.9656
11219	-71.8186
11220	-70.0076
11221	-66.2053
11222	-69.5289
11223	-73.4021
11224	-74.3359
11225	-74.8819
11226	-74.341
11227	-73.3626
11228	-73.3819
11229	-73.0177
11230	-72.9996
11231	-73.1116
11232	-72.5112
11233	-71.9061
11234	-71.5109
11235	-71.8684
11236	-72.8378
11237	-73.0149
11238	-72.2414
11239	-72.4638
11240	-72.9467
11241	-72.2528
11242	-72.3386
11243	-72.7101
11244	-72.9043
11245	-72.1447
11246	-71.9429
11247	-70.9664
11248	-69.6784
11249	-69.3391
11250	-68.2398
11251	-68.0058
11252	-67.3137
11253	-65.1915
11254	-62.3739
11255	-61.1664
11256	-58.4823
11257	-56.4542
11258	-51.4034
11259	-23.9338
11260	-12.0778
11261	-10.3655
11262	-18.0858
11263	-39.7322
11264	-56.1541
11265	-58.8359
11266	-62.0966
11267	-64.265
11268	-65.4812
11269	-67.6045
11270	-68.2267
11271	-68.1874
11272	-69.5909
11273	-71.0603
11274	-71.714
11275	-72.5693
11276	-72.8649
11277	-72.9157
11278	-72.6409
11279	-72.7051
11280	-72.0169
11281	-72.4776
11282	-72.4463
11283	-71.8184
11284	-71.4882
11285	-71.6468
11286	-69.2837
11287	-67.0054
11288	-66.7648
11289	-67.6412
11290	-68.5944
11291	-70.9811
11292	-72.3512
11293	-73.6587
11294	-73.9493
11295	-73.9719
11296	-73.8994
11297	-73.6617
11298	-72.926
11299	-71.5803
11300	-66.7682
11301	-67.6054
11302	-71.494
11303	-71.2303
11304	-70.1951
11305	-68.6059
11306	-66.2078
11307	-64.03
11308	-62.8656
11309	-59.8564
11310	-51.0159
11311	-49.3789
11312	-56.8574
11313	-63.033
11314	-64.0905
11315	-65.806
11316	-69.0153
11317	-70.7593
11318	-70.8091
11319	-70.2668
11320	-65.9152
11321	-61.4389
11322	-65.7825
11323	-70.5325
11324	-71.6744
11325	-72.3889
11326	-71.8445
11327	-71.2273
11328	-70.4489
11329	-68.7198
11330	-68.0664
11331	-66.6073
11332	-65.083
11333	-60.0721
11334	-62.1704
11335	-64.4519
11336	-66.8318
11337	-67.8243
11338	-68.4405
11339	-70.0728
11340	-71.5356
11341	-72.5167
11342	-72.9627
11343	-72.4867
11344	-72.9983
11345	-73.6004
11346	-73.8434
11347	-74.4645
11348	-73.987
11349	-74.2718
11350	-74.3512
11351	-74.4155
11352	-73.5225
11353	-69.6229
11354	-66.3753
11355	-67.4952
11356	-67.3786
11357	-66.1914
11358	-68.9611
11359	-71.7875
11360	-71.9421
11361	-71.8719
11362	-72.5053
11363	-73.6696
11364	-74.0718
11365	-74.1492
11366	-74.742
11367	-74.1248
11368	-74.0318
11369	-74.2475
11370	-74.3142
11371	-73.775
11372	-72.8042
11373	-71.5114
11374	-72.0883
11375	-70.9005
11376	-68.1126
11377	-65.0887
11378	-63.8427
11379	-64.0075
11380	-62.1839
11381	-56.2012
11382	-48.0459
11383	-41.6131
11384	-43.6718
11385	-51.6643
11386	-59.4136
11387	-61.8842
11388	-63.2663
11389	-64.0921
11390	-66.4653
11391	-69.5308
11392	-71.6609
11393	-71.7748
11394	-71.2833
11395	-71.4738
11396	-72.2926
11397	-73.5086
11398	-73.9997
11399	-75.2154
11400	-73.6366
11401	-73.6909
11402	-75.0667
11403	-73.9118
11404	-71.8481
11405	-71.5313
11406	-71.4598
11407	-71.3373
11408	-72.1619
11409	-71.047
11410	-65.3961
11411	-64.2092
11412	-70.2738
11413	-72.8348
11414	-72.7771
11415	-72.7169
11416	-73.3612
11417	-74.0615
11418	-74.5557
11419	-74.4348
11420	-74.9186
11421	-73.8523
11422	-72.7907
11423	-72.7437
11424	-73.2895
11425	-72.0753
11426	-70.6467
11427	-71.0145
11428	-69.7833
11429	-68.6152
11430	-67.7083
11431	-66.9426
11432	-66.5339
11433	-64.2537
11434	-65.1623
11435	-66.0815
11436	-67.4858
11437	-68.4588
11438	-69.4033
11439	-70.9621
11440	-71.7158
11441	-72.217
11442	-70.6049
11443	-65.1689
11444	-63.1908
11445	-65.7467
11446	-64.0683
11447	-65.0148
11448	-69.4593
11449	-70.3039
11450	-68.99
11451	-68.1596
11452	-64.2683
11453	-58.4161
11454	-53.0873
11455	-54.7696
11456	-54.9558
11457	-52.9209
11458	-57.9289
11459	-63.9711
11460	-67.7885
11461	-69.5515
11462	-69.7915
11463	-70.5565
11464	-69.6085
11465	-68.7375
11466	-70.1719
11467	-67.9231
11468	-70.2887
11469	-73.8853
11470	-73.7812
11471	-74.1132
11472	-74.0529
11473	-74.6275
11474	-73.8183
11475	-72.3703
11476	-70.3345
11477	-68.2801
11478	-67.7132
11479	-69.4805
11480	-71.0586
11481	-72.0802
11482	-72.6932
11483	-72.6559
11484	-72.9766
11485	-71.9239
11486	-72.1076
11487	-71.9988
11488	-72.2219
11489	-72.461
11490	-72.5051
11491	-71.4501
11492	-71.1096
11493	-70.2781
11494	-69.1324
11495	-68.591
11496	-68.1037
11497	-67.0257
11498	-65.249
11499	-63.1501
11500	-60.4038
11501	-58.2536
11502	-53.6237
11503	-46.0215
11504	-39.4315
11505	-41.9635
11506	-41.4019
11507	-39.0268
11508	-45.1052
11509	-53.1727
11510	-57.5032
11511	-59.5644
11512	-63.2326
11513	-65.2379
11514	-66.8199
11515	-67.934
11516	-68.3407
11517	-68.3419
11518	-69.8392
11519	-70.5949
11520	-71.3054
11521	-72.5294
11522	-71.8754
11523	-71.8648
11524	-72.1019
11525	-72.1447
11526	-72.4033
11527	-72.8595
11528	-73.5455
11529	-72.8191
11530	-72.8135
11531	-72.8426
11532	-71.3985
11533	-69.6222
11534	-70.6107
11535	-71.9469
11536	-73.1266
11537	-74.0748
11538	-73.8337
11539	-74.0256
11540	-74.1722
11541	-74.1126
11542	-73.6432
11543	-70.67
11544	-68.4156
11545	-70.3283
11546	-68.7058
11547	-69.6213
11548	-70.4724
11549	-69.5674
11550	-69.13
11551	-68.1461
11552	-64.4712
11553	-58.5547
11554	-53.5421
11555	-55.3251
11556	-54.765
11557	-53.0816
11558	-58.2768
11559	-64.0411
11560	-67.9481
11561	-69.2403
11562	-70.4744
11563	-69.1697
11564	-65.0609
11565	-63.793
11566	-64.2486
11567	-62.9497
11568	-63.2539
11569	-68.0993
11570	-70.7334
11571	-71.1616
11572	-70.3687
11573	-68.8741
11574	-66.9296
11575	-64.8472
11576	-60.7361
11577	-58.7273
11578	-57.1217
11579	-61.0927
11580	-63.5346
11581	-66.8527
11582	-68.5343
11583	-69.8227
11584	-70.3647
11585	-70.7239
11586	-71.6246
11587	-72.0273
11588	-70.6129
11589	-71.0115
11590	-73.0887
11591	-74.6305
11592	-74.2391
11593	-74.0704
11594	-73.6437
11595	-73.0988
11596	-72.875
11597	-73.504
11598	-73.1911
11599	-71.526
11600	-67.3902
11601	-68.658
11602	-72.2418
11603	-73.096
11604	-71.7415
11605	-71.6681
11606	-71.7364
11607	-72.2969
11608	-73.2909
11609	-73.8754
11610	-73.1629
11611	-72.8895
11612	-73.8611
11613	-73.2404
11614	-71.855
11615	-70.5439
11616	-69.8129
11617	-70.1537
11618	-70.4789
11619	-69.1981
11620	-67.4463
11621	-65.1956
11622	-62.2399
11623	-60.3586
11624	-58.8038
11625	-53.8421
11626	-44.7826
11627	-39.789
11628	-37.4955
11629	-44.07
11630	-49.6243
11631	-57.9067
11632	-62.5687
11633	-63.2422
11634	-64.8868
11635	-67.1912
11636	-68.6245
11637	-70.1269
11638	-70.7486
11639	-71.7915
11640	-72.0873
11641	-73.515
11642	-73.7219
11643	-73.6573
11644	-73.4637
11645	-74.1634
11646	-73.4392
11647	-73.0099
11648	-73.2352
11649	-72.5785
11650	-71.8503
11651	-71.6676
11652	-71.7942
11653	-69.2023
11654	-65.9685
11655	-67.2986
11656	-66.9602
11657	-66.0259
11658	-69.1608
11659	-72.9461
11660	-74.0265
11661	-74.6035
11662	-74.4733
11663	-74.1927
11664	-73.9342
11665	-73.5914
11666	-71.7068
11667	-70.3126
11668	-70.3287
11669	-72.074
11670	-72.0256
11671	-70.8798
11672	-69.4592
11673	-67.7515
11674	-66.2936
11675	-63.6368
11676	-59.12
11677	-57.1087
11678	-55.5208
11679	-59.624
11680	-62.0616
11681	-65.7553
11682	-68.1926
11683	-69.4902
11684	-70.6528
11685	-71.3128
11686	-70.9953
11687	-68.8003
11688	-68.2056
11689	-67.1951
11690	-65.1345
11691	-69.0815
11692	-71.82
11693	-71.3657
11694	-71.3771
11695	-70.354
11696	-67.8535
11697	-65.8324
11698	-65.2989
11699	-58.7772
11700	-52.2607
11701	-54.3011
11702	-62.6062
11703	-64.3795
11704	-65.1257
11705	-66.8672
11706	-69.2424
11707	-70.2256
11708	-71.5696
11709	-72.2499
11710	-70.2018
11711	-69.6193
11712	-72.8312
11713	-73.3137
11714	-73.6041
11715	-73.9242
11716	-74.4687
11717	-74.0369
11718	-74.236
11719	-72.8069
11720	-70.8972
11721	-68.7742
11722	-66.8216
11723	-64.5552
11724	-66.2475
11725	-69.3043
11726	-71.0103
11727	-71.289
11728	-71.4184
11729	-71.8764
11730	-73.3497
11731	-74.001
11732	-73.8438
11733	-72.981
11734	-73.5911
11735	-73.9629
11736	-73.7927
11737	-73.2246
11738	-72.2826
11739	-71.1756
11740	-70.3323
11741	-70.3323
11742	-68.9521
11743	-67.625
11744	-66.3519
11745	-64.1938
11746	-61.3396
11747	-58.8076
11748	-42.5185
11749	-21.7205
11750	-14.3162
11751	-16.3029
11752	-28.585
11753	-54.7355
11754	-58.7587
11755	-60.0621
11756	-62.2939
11757	-63.1858
11758	-66.0278
11759	-69.0746
11760	-69.7852
11761	-69.543
11762	-70.6893
11763	-71.1137
11764	-72.2342
11765	-72.6173
11766	-72.9664
11767	-73.9224
11768	-73.9919
11769	-72.7252
11770	-73.0233
11771	-72.8897
11772	-71.7111
11773	-72.4557
11774	-72.5362
11775	-72.5057
11776	-70.7316
11777	-69.4692
11778	-69.9978
11779	-70.5192
11780	-72.1809
11781	-73.091
11782	-73.5124
11783	-73.7884
11784	-73.7336
11785	-74.4092
11786	-75.0913
11787	-74.3282
11788	-73.5823
11789	-71.7397
11790	-69.3902
11791	-71.0085
11792	-72.0251
11793	-71.6849
11794	-72.0775
11795	-70.7203
11796	-67.9757
11797	-66.5209
11798	-65.5045
11799	-60.057
11800	-54.1751
11801	-56.4947
11802	-64.1543
11803	-65.0453
11804	-65.8376
11805	-67.6467
11806	-69.8931
11807	-70.849
11808	-71.1761
11809	-69.0338
11810	-64.501
11811	-63.2902
11812	-62.8988
11813	-63.1459
11814	-65.5341
11815	-69.1647
11816	-69.7242
11817	-69.3403
11818	-66.7663
11819	-64.2135
11820	-61.365
11821	-56.9989
11822	-54.3536
11823	-51.1957
11824	-53.6991
11825	-58.1996
11826	-63.8138
11827	-66.7404
11828	-69.6626
11829	-70.9733
11830	-71.268
11831	-70.8282
11832	-69.0985
11833	-66.8753
11834	-68.2971
11835	-71.3859
11836	-73.0597
11837	-74.5716
11838	-74.4241
11839	-74.1811
11840	-73.9315
11841	-73.611
11842	-73.328
11843	-71.6648
11844	-70.9169
11845	-72.0049
11846	-71.3909
11847	-71.3905
11848	-72.682
11849	-73.4662
11850	-73.0015
11851	-72.7687
11852	-72.8809
11853	-72.0781
11854	-71.643
11855	-72.3013
11856	-72.7551
11857	-71.9109
11858	-71.5279
11859	-70.8572
11860	-70.6014
11861	-69.1283
11862	-67.4875
11863	-67.4146
11864	-66.8615
11865	-64.5587
11866	-62.0277
11867	-60.0966
11868	-58.5086
11869	-56.0956
11870	-50.0834
11871	-41.9051
11872	-33.1517
11873	-29.6925
11874	-36.2213
11875	-43.1708
11876	-53.1054
11877	-57.7099
11878	-60.5094
11879	-63.0004
11880	-65.3481
11881	-66.8072
11882	-67.655
11883	-68.01
11884	-68.6548
11885	-69.1624
11886	-70.6422
11887	-72.1652
11888	-72.5729
11889	-72.3982
11890	-71.5692
11891	-72.2679
11892	-72.2556
11893	-72.4648
11894	-72.6959
11895	-73.0777
11896	-71.9612
11897	-71.9912
11898	-72.658
11899	-69.7443
11900	-65.1837
11901	-67.6832
11902	-72.4493
11903	-72.4765
11904	-72.5153
11905	-73.438
11906	-74.0098
11907	-73.7908
11908	-74.0191
11909	-73.5406
11910	-72.5522
11911	-70.2461
11912	-67.771
11913	-67.9266
11914	-69.7776
11915	-70.4648
11916	-69.0609
11917	-68.4699
11918	-66.6697
11919	-64.0784
11920	-61.3229
11921	-56.7879
11922	-53.6547
11923	-50.8454
11924	-53.5032
11925	-58.1458
11926	-63.6069
11927	-66.5035
11928	-69.3422
11929	-70.3179
11930	-70.3417
11931	-68.6518
11932	-64.4501
11933	-61.4981
11934	-64.1163
11935	-67.5657
11936	-69.8482
11937	-71.7633
11938	-71.8039
11939	-70.8108
11940	-69.6918
11941	-68.5072
11942	-67.6908
11943	-66.431
11944	-66.4581
11945	-68.1462
11946	-66.8719
11947	-66.6337
11948	-68.1685
11949	-68.8264
11950	-69.3032
11951	-69.8798
11952	-71.1605
11953	-72.1336
11954	-72.731
11955	-73.1632
11956	-73.4164
11957	-73.6694
11958	-73.5225
11959	-74.1913
11960	-74.3325
11961	-73.8602
11962	-74.233
11963	-74.2977
11964	-73.2066
11965	-71.0965
11966	-68.0834
11967	-67.195
11968	-67.3998
11969	-68.5788
11970	-71.292
11971	-71.2372
11972	-71.7955
11973	-72.3175
11974	-71.9834
11975	-73.0677
11976	-73.3864
11977	-74.3748
11978	-74.4669
11979	-74.6808
11980	-73.2949
11981	-73.6193
11982	-73.3604
11983	-72.9416
11984	-72.2386
11985	-71.4607
11986	-70.8876
11987	-70.651
11988	-68.5268
11989	-63.9085
11990	-60.5979
11991	-62.6594
11992	-60.2026
11993	-55.5308
11994	-52.651
11995	-55.7901
11996	-54.2184
11997	-56.1085
11998	-61.6384
11999	-64.2942
12000	-63.8229
12001	-65.3289
12002	-68.8595
12003	-70.7246
12004	-71.4058
12005	-71.6638
12006	-72.3057
12007	-72.4716
12008	-73.6308
12009	-74.5329
12010	-74.2926
12011	-74.7842
12012	-74.6808
12013	-74.516
12014	-74.2313
12015	-73.5964
12016	-72.0164
12017	-71.9152
12018	-71.5949
12019	-71.0141
12020	-71.5458
12021	-68.7394
12022	-66.2144
12023	-64.5942
12024	-66.7924
12025	-70.4092
12026	-72.6753
12027	-73.9478
12028	-74.3922
12029	-74.058
12030	-74.3374
12031	-74.107
12032	-74.0271
12033	-73.2083
12034	-73.5435
12035	-73.6537
12036	-73.1675
12037	-72.1071
12038	-71.84
12039	-69.7101
12040	-68.763
12041	-67.9555
12042	-67.166
12043	-63.5333
12044	-63.2661
12045	-65.5091
12046	-65.0136
12047	-64.8141
12048	-67.5765
12049	-69.3677
12050	-69.9607
12051	-70.7148
12052	-72.1835
12053	-72.395
12054	-70.7373
12055	-68.582
12056	-65.733
12057	-64.3451
12058	-65.5755
12059	-68.2298
12060	-70.4366
12061	-70.8583
12062	-70.5218
12063	-68.2702
12064	-64.9884
12065	-59.5239
12066	-54.2523
12067	-53.8492
12068	-54.9807
12069	-55.7888
12070	-60.4818
12071	-64.4082
12072	-66.606
12073	-68.593
12074	-69.013
12075	-70.4982
12076	-70.1348
12077	-69.1546
12078	-69.4413
12079	-69.9268
12080	-71.6977
12081	-73.3377
12082	-73.8882
12083	-74.0828
12084	-74.2457
12085	-73.857
12086	-72.4529
12087	-72.4684
12088	-71.8815
12089	-66.6882
12090	-62.7124
12091	-67.4502
12092	-71.9075
12093	-71.8714
12094	-70.9812
12095	-71.9731
12096	-72.2383
12097	-72.5772
12098	-72.9901
12099	-72.5033
12100	-71.91
12101	-72.7475
12102	-73.2551
12103	-72.7367
12104	-71.4688
12105	-70.7115
12106	-69.6336
12107	-69.2513
12108	-69.0094
12109	-67.796
12110	-67.0464
12111	-64.805
12112	-62.1865
12113	-59.556
12114	-54.8067
12115	-46.3456
12116	-39.0545
12117	-35.7446
12118	-36.8781
12119	-41.8988
12120	-48.5034
12121	-55.5727
12122	-58.3177
12123	-59.4164
12124	-62.0089
12125	-64.7115
12126	-67.288
12127	-68.0059
12128	-68.1197
12129	-69.3435
12130	-70.9399
12131	-71.2689
12132	-71.2496
12133	-71.8338
12134	-72.8503
12135	-73.0709
12136	-72.0942
12137	-72.5851
12138	-72.8363
12139	-72.7594
12140	-73.2005
12141	-73.4251
12142	-73.0722
12143	-72.1035
12144	-71.818
12145	-71.9737
12146	-71.3211
12147	-71.9807
12148	-73.4582
12149	-73.8295
12150	-74.0934
12151	-74.3089
12152	-74.1744
12153	-74.9273
12154	-73.5592
12155	-71.8283
12156	-69.5471
12157	-69.1504
12158	-69.3923
12159	-70.9153
12160	-71.1461
12161	-71.2507
12162	-70.5123
12163	-68.4873
12164	-65.3837
12165	-59.8445
12166	-54.9473
12167	-54.6516
12168	-56.0135
12169	-56.3819
12170	-60.8569
12171	-64.4556
12172	-67.1457
12173	-68.9917
12174	-70.0161
12175	-69.1796
12176	-66.5149
12177	-64.4907
12178	-64.5511
12179	-61.9135
12180	-61.2106
12181	-67.1277
12182	-70.3722
12183	-70.5127
12184	-69.7907
12185	-67.0173
12186	-65.0124
12187	-63.7047
12188	-62.0603
12189	-53.7564
12190	-50.1533
12191	-55.6242
12192	-63.4291
12193	-64.6796
12194	-66.316
12195	-69.4109
12196	-71.3263
12197	-71.1945
12198	-71.5517
12199	-70.5787
12200	-66.6853
12201	-68.7469
12202	-73.0944
12203	-74.2757
12204	-74.8832
12205	-74.5359
12206	-73.4686
12207	-73.2185
12208	-73.1436
12209	-73.2096
12210	-73.2315
12211	-72.5707
12212	-71.8755
12213	-71.2591
12214	-71.7212
12215	-72.8206
12216	-73.1303
12217	-72.1835
12218	-72.1825
12219	-73.2971
12220	-72.5986
12221	-72.3568
12222	-73.0362
12223	-72.7975
12224	-72.3441
12225	-72.2904
12226	-71.5321
12227	-69.9665
12228	-69.4775
12229	-68.5146
12230	-68.0999
12231	-67.7088
12232	-65.7775
12233	-62.9117
12234	-61.2855
12235	-59.3227
12236	-57.204
12237	-54.489
12238	-28.7596
12239	-14.4803
12240	-11.0087
12241	-16.8199
12242	-34.8961
12243	-55.8319
12244	-58.6967
12245	-61.69
12246	-63.9916
12247	-65.415
12248	-67.483
12249	-68.5015
12250	-68.5122
12251	-69.7212
12252	-71.176
12253	-71.9215
12254	-72.554
12255	-73.2225
12256	-73.11
12257	-72.8879
12258	-72.8437
12259	-72.4193
12260	-72.6943
12261	-72.4584
12262	-71.8732
12263	-71.5293
12264	-71.7441
12265	-69.9822
12266	-67.0629
12267	-66.5938
12268	-67.432
12269	-68.1023
12270	-70.6128
12271	-72.2087
12272	-73.6053
12273	-73.7938
12274	-74.1498
12275	-73.8433
12276	-73.8105
12277	-73.0895
12278	-72.2544
12279	-67.784
12280	-67.0673
12281	-71.3513
12282	-71.4225
12283	-70.5121
12284	-68.9326
12285	-66.6717
12286	-64.4717
12287	-63.1324
12288	-61.4858
12289	-52.6074
12290	-49.241
12291	-54.973
12292	-62.9762
12293	-64.0776
12294	-65.5463
12295	-68.7859
12296	-70.7103
12297	-70.8816
12298	-70.6358
12299	-67.7389
12300	-61.9192
12301	-64.7113
12302	-70.2062
12303	-71.3563
12304	-72.263
12305	-71.9208
12306	-71.4378
12307	-70.7567
12308	-69.018
12309	-68.2769
12310	-66.7288
12311	-65.0644
12312	-59.4359
12313	-60.0187
12314	-63.5628
12315	-66.1304
12316	-67.5538
12317	-68.0597
12318	-69.5471
12319	-71.0783
12320	-72.2414
12321	-72.9656
12322	-72.391
12323	-72.5966
12324	-73.4113
12325	-73.6987
12326	-74.278
12327	-73.9777
12328	-74.2915
12329	-74.3539
12330	-74.473
12331	-73.93
12332	-70.3552
12333	-66.786
12334	-66.7809
12335	-68.0176
12336	-65.7372
12337	-68.5922
12338	-71.4529
12339	-71.8872
12340	-71.7866
12341	-72.5168
12342	-73.3034
12343	-73.8221
12344	-73.8703
12345	-74.8765
12346	-74.2505
12347	-73.9685
12348	-74.3652
12349	-74.5661
12350	-73.8385
12351	-72.9611
12352	-71.6326
12353	-71.7943
12354	-70.7794
12355	-68.7342
12356	-65.6924
12357	-63.9793
12358	-64.3481
12359	-63.1217
12360	-57.2135
12361	-48.9309
12362	-40.7568
12363	-40.8486
12364	-49.1645
12365	-57.7715
12366	-61.3559
12367	-62.8438
12368	-63.6527
12369	-65.657
12370	-68.9655
12371	-70.8191
12372	-71.6832
12373	-71.0706
12374	-71.0044
12375	-71.8194
12376	-73.431
12377	-73.6942
12378	-75.0826
12379	-73.8257
12380	-73.4036
12381	-75.0228
12382	-73.9583
12383	-72.3344
12384	-71.6124
12385	-71.6123
12386	-71.3258
12387	-72.3894
12388	-71.7277
12389	-66.9156
12390	-64.0687
12391	-69.248
12392	-72.9158
12393	-72.908
12394	-72.6855
12395	-73.0355
12396	-74.04
12397	-74.34
12398	-74.4615
12399	-75.0004
12400	-73.9236
12401	-72.8122
12402	-72.3224
12403	-73.2882
12404	-72.3869
12405	-70.8909
12406	-71.0039
12407	-70.1602
12408	-69.1318
12409	-67.9345
12410	-67.0786
12411	-66.1819
12412	-63.0302
12413	-64.0689
12414	-65.2641
12415	-67.2449
12416	-68.0785
12417	-69.075
12418	-70.3635
12419	-71.6394
12420	-72.2536
12421	-70.9456
12422	-65.6298
12423	-63.1414
12424	-64.777
12425	-64.6817
12426	-64.1431
12427	-68.8372
12428	-70.4741
12429	-69.1442
12430	-68.509
12431	-65.3255
12432	-59.5718
12433	-53.6222
12434	-53.8108
12435	-55.9449
12436	-52.6843
12437	-56.6585
12438	-62.8181
12439	-67.3347
12440	-69.2767
12441	-69.4911
12442	-70.6258
12443	-69.9882
12444	-68.4626
12445	-70.3362
12446	-68.0379
12447	-69.4658
12448	-73.5244
12449	-73.7536
12450	-74.073
12451	-74.0647
12452	-74.5596
12453	-73.9363
12454	-72.8308
12455	-71.0327
12456	-68.6823
12457	-68.0939
12458	-69.3006
12459	-70.7476
12460	-72.2436
12461	-72.704
12462	-72.8358
12463	-72.9264
12464	-72.2271
12465	-72.1568
12466	-72.0155
12467	-72.1485
12468	-72.3029
12469	-72.6759
12470	-71.4971
12471	-71.1304
12472	-70.4146
12473	-69.2684
12474	-68.5709
12475	-68.1833
12476	-67.2158
12477	-65.4879
12478	-63.5705
12479	-60.8251
12480	-58.6426
12481	-54.8159
12482	-47.605
12483	-39.9273
12484	-40.5854
12485	-42.8615
12486	-38.7024
12487	-43.2279
12488	-51.5766
12489	-57.3808
12490	-59.137
12491	-62.5434
12492	-64.8827
12493	-66.262
12494	-67.7726
12495	-68.2707
12496	-68.2211
12497	-69.4886
12498	-70.5345
12499	-71.2907
12500	-72.4159
12501	-71.9936
12502	-71.8624
12503	-72.0829
12504	-72.0511
12505	-72.3242
12506	-72.9246
12507	-73.4082
12508	-72.8153
12509	-72.7511
12510	-72.7299
12511	-71.5161
12512	-69.38
12513	-70.0025
12514	-71.5147
12515	-72.9369
12516	-73.8967
12517	-73.8113
12518	-73.9291
12519	-74.4599
12520	-74.1624
12521	-73.5369
12522	-71.5243
12523	-68.456
12524	-69.9215
12525	-68.9938
12526	-69.1486
12527	-70.4395
12528	-69.7918
12529	-68.9836
12530	-68.3875
12531	-65.3918
12532	-59.535
12533	-53.9207
12534	-54.2431
12535	-55.7238
12536	-52.7667
12537	-56.9952
12538	-62.9575
12539	-67.6077
12540	-69.0634
12541	-70.5089
12542	-69.544
12543	-66.1937
12544	-63.5577
12545	-64.4996
12546	-63.0087
12547	-62.9313
12548	-67.7579
12549	-70.6112
12550	-71.2165
12551	-70.8309
12552	-69.2799
12553	-67.6094
12554	-65.882
12555	-62.0402
12556	-59.7797
12557	-57.6207
12558	-61.0094
12559	-63.716
12560	-66.5876
12561	-68.5423
12562	-69.7869
12563	-70.288
12564	-70.6686
12565	-71.439
12566	-72.1826
12567	-71.2913
12568	-70.9876
12569	-72.713
12570	-74.5144
12571	-74.4926
12572	-74.2083
12573	-73.8297
12574	-73.304
12575	-72.745
12576	-73.4026
12577	-73.3148
12578	-71.9832
12579	-67.5308
12580	-67.5501
12581	-71.7256
12582	-72.9932
12583	-71.9605
12584	-71.4781
12585	-71.7114
12586	-72.0383
12587	-72.9691
12588	-73.8448
12589	-73.4717
12590	-72.8088
12591	-73.9598
12592	-73.4097
12593	-72.2867
12594	-71.1555
12595	-70.0886
12596	-70.1788
12597	-70.5949
12598	-69.6131
12599	-67.951
12600	-66.1717
12601	-62.9979
12602	-60.8808
12603	-59.5997
12604	-55.6422
12605	-46.8507
12606	-41.9743
12607	-37.9543
12608	-42.629
12609	-48.8367
12610	-57.2696
12611	-62.479
12612	-63.3708
12613	-64.7231
12614	-67.2751
12615	-68.5231
12616	-70.1474
12617	-70.7329
12618	-71.6997
12619	-72.1693
12620	-73.3463
12621	-73.9176
12622	-73.8137
12623	-73.4312
12624	-74.2684
12625	-74.0036
12626	-73.0955
12627	-73.38
12628	-72.6183
12629	-71.9209
12630	-71.6826
12631	-71.6997
12632	-69.6556
12633	-66.266
12634	-66.4725
12635	-67.6013
12636	-65.8986
12637	-68.2738
12638	-72.3874
12639	-73.9728
12640	-74.765
12641	-74.4888
12642	-74.3414
12643	-74.0298
12644	-73.8037
12645	-72.3506
12646	-70.8737
12647	-70.3518
12648	-72.0826
12649	-72.3448
12650	-71.2987
12651	-69.8246
12652	-68.2958
12653	-66.7089
12654	-64.7977
12655	-60.3005
12656	-57.7204
12657	-55.8601
12658	-59.5461
12659	-62.0592
12660	-65.391
12661	-68.1272
12662	-69.3963
12663	-70.6449
12664	-71.2856
12665	-71.9163
12666	-69.5541
12667	-68.7427
12668	-68.1077
12669	-64.5284
12670	-67.3038
12671	-71.7431
12672	-71.2104
12673	-71.6739
12674	-70.5293
12675	-68.232
12676	-65.8475
12677	-65.2117
12678	-59.9346
12679	-52.4143
12680	-52.706
12681	-61.0126
12682	-64.135
12683	-64.8601
12684	-66.2127
12685	-68.8425
12686	-69.772
12687	-71.3697
12688	-72.0837
12689	-70.3694
12690	-69.0709
12691	-72.1587
12692	-73.2446
12693	-73.4238
12694	-73.8473
12695	-74.2679
12696	-74.2507
12697	-74.3021
12698	-73.1377
12699	-71.0476
12700	-69.341
12701	-67.2869
12702	-64.5084
12703	-65.9055
12704	-68.6663
12705	-71.1131
12706	-71.4054
12707	-71.365
12708	-71.7965
12709	-72.9914
12710	-73.8151
12711	-73.8284
12712	-72.773
12713	-73.3946
12714	-73.8076
12715	-73.8002
12716	-73.1103
12717	-72.0387
12718	-71.2991
12719	-70.3372
12720	-70.1642
12721	-69.0756
12722	-67.8224
12723	-66.3959
12724	-64.2595
12725	-61.5914
12726	-58.9358
12727	-48.4394
12728	-24.4769
12729	-15.0642
12730	-15.3113
12731	-25.3572
12732	-50.2833
12733	-58.437
12734	-59.2777
12735	-61.8617
12736	-62.7978
12737	-65.0704
12738	-68.6539
12739	-69.5243
12740	-69.2602
12741	-70.3486
12742	-70.7085
12743	-71.734
12744	-72.2693
12745	-72.7836
12746	-73.4803
12747	-73.806
12748	-72.8562
12749	-72.6767
12750	-72.9575
12751	-72.076
12752	-72.0643
12753	-72.5799
12754	-72.6763
12755	-71.1816
12756	-69.8931
12757	-70.0766
12758	-70.6527
12759	-71.8688
12760	-73.0105
12761	-73.4236
12762	-73.8831
12763	-73.671
12764	-74.4549
12765	-75.0993
12766	-74.4507
12767	-73.7857
12768	-71.958
12769	-69.118
12770	-70.136
12771	-72.167
12772	-71.6186
12773	-72.1955
12774	-70.7794
12775	-68.28
12776	-66.4439
12777	-65.5275
12778	-61.0773
12779	-54.1068
12780	-54.615
12781	-62.4202
12782	-64.8695
12783	-65.2858
12784	-67.148
12785	-69.4126
12786	-70.5549
12787	-71.0148
12788	-69.3647
12789	-65.024
12790	-63.0646
12791	-63.5131
12792	-62.6876
12793	-64.9867
12794	-68.6464
12795	-69.6834
12796	-69.5416
12797	-67.4538
12798	-64.6243
12799	-62.2609
12800	-57.9883
12801	-55.0902
12802	-51.2931
12803	-53.353
12804	-57.4046
12805	-63.214
12806	-66.1603
12807	-69.3233
12808	-70.7395
12809	-71.3479
12810	-71.05
12811	-69.4656
12812	-67.2175
12813	-67.9274
12814	-70.7681
12815	-72.9044
12816	-74.2955
12817	-74.4858
12818	-74.1052
12819	-74.1466
12820	-73.69
12821	-73.4275
12822	-72.1453
12823	-71.1528
12824	-71.9918
12825	-71.9303
12826	-71.3897
12827	-72.3915
12828	-73.2936
12829	-73.2002
12830	-72.7361
12831	-73.179
12832	-72.2177
12833	-71.6547
12834	-72.107
12835	-73.0713
12836	-72.026
12837	-71.4632
12838	-70.9962
12839	-70.5818
12840	-69.4945
12841	-67.7358
12842	-67.5182
12843	-67.1738
12844	-65.1035
12845	-62.5444
12846	-60.424
12847	-58.8336
12848	-56.6406
12849	-51.7549
12850	-43.0126
12851	-34.7233
12852	-29.6322
12853	-34.0053
12854	-41.3369
12855	-51.9128
12856	-57.0365
12857	-60.218
12858	-62.6868
12859	-65.0343
12860	-66.6991
12861	-67.4206
12862	-68.2319
12863	-68.5597
12864	-69.1451
12865	-70.3569
12866	-72.14
12867	-72.5939
12868	-72.7044
12869	-71.855
12870	-72.0012
12871	-72.2306
12872	-72.588
12873	-72.5276
12874	-72.8231
12875	-72.3323
12876	-71.6582
12877	-72.5518
12878	-70.5852
12879	-65.3373
12880	-66.3342
12881	-71.8809
12882	-72.6597
12883	-72.3548
12884	-73.2859
12885	-74.0018
12886	-73.8591
12887	-73.9367
12888	-73.7439
12889	-72.6319
12890	-70.6298
12891	-68.2659
12892	-67.8147
12893	-69.1573
12894	-70.6903
12895	-69.2485
12896	-68.8525
12897	-67.2802
12898	-64.3829
12899	-62.3027
12900	-57.6809
12901	-54.6203
12902	-50.8472
12903	-53.1139
12904	-57.2418
12905	-63.1931
12906	-66.0746
12907	-68.9302
12908	-70.4077
12909	-70.4078
12910	-69.2736
12911	-65.2885
12912	-61.9285
12913	-63.3022
12914	-66.8831
12915	-69.7749
12916	-71.6012
12917	-72.0121
12918	-71.2295
12919	-69.9769
12920	-68.923
12921	-68.0316
12922	-66.6834
12923	-66.3237
12924	-68.6552
12925	-67.0477
12926	-66.2092
12927	-67.556
12928	-68.7942
12929	-69.0486
12930	-69.7505
12931	-70.8826
12932	-71.9983
12933	-72.705
12934	-73.211
12935	-73.4538
12936	-73.7105
12937	-73.5574
12938	-73.9114
12939	-74.6029
12940	-73.947
12941	-74.2883
12942	-74.3588
12943	-73.4386
12944	-71.8335
12945	-68.3451
12946	-66.9827
12947	-67.0823
12948	-67.9979
12949	-70.6661
12950	-71.373
12951	-71.6319
12952	-72.0893
12953	-72.1378
12954	-72.5374
12955	-73.5252
12956	-74.2957
12957	-74.6807
12958	-75.0549
12959	-73.4575
12960	-73.7287
12961	-73.8006
12962	-73.2544
12963	-72.6888
12964	-71.672
12965	-71.0693
12966	-71.1875
12967	-69.0278
12968	-65.396
12969	-61.0318
12970	-62.5913
12971	-61.8268
12972	-57.7654
12973	-54.2411
12974	-56.561
12975	-55.2919
12976	-55.7422
12977	-60.4072
12978	-64.1472
12979	-63.8177
12980	-64.3917
12981	-68.4076
12982	-70.5429
12983	-71.3875
12984	-71.5517
12985	-72.1842
12986	-72.4575
12987	-73.5344
12988	-74.2751
12989	-74.2834
12990	-74.621
12991	-74.9207
12992	-74.5276
12993	-74.311
12994	-73.6213
12995	-72.1392
12996	-71.9368
12997	-71.5797
12998	-70.8002
12999	-71.5326
13000	-69.4702
13001	-66.8806
13002	-64.5107
13003	-66.6354
13004	-69.8631
13005	-72.5258
13006	-73.6354
13007	-74.4788
13008	-74.2809
13009	-74.4811
13010	-74.2664
13011	-73.9973
13012	-73.4542
13013	-73.5452
13014	-73.663
13015	-73.3865
13016	-72.4278
13017	-71.8473
13018	-70.1354
13019	-68.9317
13020	-68.2742
13021	-67.6172
13022	-64.7447
13023	-64.113
13024	-65.8154
13025	-66.3179
13026	-65.4976
13027	-67.4658
13028	-69.1537
13029	-69.7367
13030	-70.3417
13031	-71.8611
13032	-72.4475
13033	-71.294
13034	-69.134
13035	-65.8725
13036	-64.2403
13037	-64.8881
13038	-67.1226
13039	-70.2309
13040	-70.6427
13041	-70.5272
13042	-68.7167
13043	-65.803
13044	-60.6953
13045	-54.6503
13046	-53.7942
13047	-53.987
13048	-55.2774
13049	-59.2037
13050	-63.7361
13051	-66.0904
13052	-68.5291
13053	-69.0671
13054	-70.0287
13055	-70.597
13056	-68.9945
13057	-69.2351
13058	-69.7408
13059	-71.4931
13060	-73.0617
13061	-73.7566
13062	-73.9719
13063	-73.9553
13064	-74.0239
13065	-72.6478
13066	-72.3366
13067	-72.0503
13068	-68.5735
13069	-62.9807
13070	-66.2969
13071	-71.879
13072	-72.127
13073	-71.0523
13074	-72.0201
13075	-72.4147
13076	-72.429
13077	-72.7779
13078	-72.5
13079	-71.8992
13080	-72.4365
13081	-73.2151
13082	-72.6909
13083	-71.6895
13084	-70.6157
13085	-69.6684
13086	-69.1405
13087	-69.0118
13088	-67.8054
13089	-67.1835
13090	-65.1865
13091	-62.4495
13092	-60.0459
13093	-55.6355
13094	-48.1509
13095	-39.4639
13096	-36.3605
13097	-35.7733
13098	-41.2628
13099	-46.2634
13100	-54.4349
13101	-57.9743
13102	-59.0133
13103	-61.238
13104	-64.1636
13105	-66.6012
13106	-67.7604
13107	-68.0869
13108	-68.9135
13109	-70.4913
13110	-71.1003
13111	-71.0645
13112	-71.6926
13113	-72.7434
13114	-73.2302
13115	-72.0562
13116	-72.4992
13117	-72.4971
13118	-72.9043
13119	-73.0305
13120	-73.2979
13121	-73.5792
13122	-72.1031
13123	-71.7329
13124	-72.1567
13125	-71.3323
13126	-71.7394
13127	-73.2422
13128	-73.71
13129	-74.1757
13130	-74.2527
13131	-74.1315
13132	-74.975
13133	-73.8645
13134	-72.0929
13135	-69.7211
13136	-69.0683
13137	-69.1909
13138	-70.4456
13139	-71.0205
13140	-71.3066
13141	-70.7679
13142	-68.9032
13143	-65.8518
13144	-60.9465
13145	-55.213
13146	-54.5235
13147	-55.0255
13148	-55.8316
13149	-59.586
13150	-64.014
13151	-66.5737
13152	-68.688
13153	-69.8385
13154	-69.4409
13155	-67.1035
13156	-64.2776
13157	-64.3248
13158	-62.6536
13159	-60.9356
13160	-65.9201
13161	-70.224
13162	-70.6606
13163	-69.8992
13164	-67.7379
13165	-65.5745
13166	-64.0331
13167	-62.9575
13168	-55.9041
13169	-50.5052
13170	-54.2312
13171	-63.0509
13172	-64.6916
13173	-66.1134
13174	-68.9299
13175	-71.2786
13176	-71.5191
13177	-71.1746
13178	-71.256
13179	-67.3752
13180	-68.0791
13181	-72.673
13182	-74.1834
13183	-74.7924
13184	-74.7315
13185	-73.6862
13186	-73.1598
13187	-73.4224
13188	-73.3363
13189	-73.1419
13190	-72.581
13191	-71.7363
13192	-70.892
13193	-71.6588
13194	-72.6871
13195	-73.012
13196	-72.4068
13197	-72.0038
13198	-73.0312
13199	-72.8266
13200	-72.2511
13201	-73.135
13202	-72.8834
13203	-72.6564
13204	-72.5093
13205	-72.0019
13206	-70.3634
13207	-69.4526
13208	-68.6974
13209	-68.2351
13210	-68.2481
13211	-66.4156
13212	-63.5206
13213	-61.676
13214	-60.0689
13215	-57.8905
13216	-55.8327
13217	-34.2765
13218	-17.2326
13219	-11.9542
13220	-15.9397
13221	-31.0784
13222	-55.557
13223	-58.6827
13224	-61.2889
13225	-63.8869
13226	-65.407
13227	-67.0745
13228	-68.5714
13229	-68.7657
13230	-69.9196
13231	-70.9806
13232	-72.174
13233	-72.4681
13234	-73.3755
13235	-73.2879
13236	-72.9028
13237	-72.8668
13238	-72.9726
13239	-72.5458
13240	-72.7282
13241	-71.9316
13242	-71.5109
13243	-71.719
13244	-70.4284
13245	-67.4074
13246	-66.5256
13247	-66.9958
13248	-67.6347
13249	-69.9644
13250	-72.0682
13251	-73.5304
13252	-73.6462
13253	-74.472
13254	-74.0119
13255	-73.7092
13256	-73.2411
13257	-72.8851
13258	-68.8391
13259	-66.8239
13260	-71.0829
13261	-71.7867
13262	-70.8962
13263	-69.3786
13264	-67.4304
13265	-65.0305
13266	-63.2439
13267	-62.6383
13268	-54.5854
13269	-49.4542
13270	-53.4052
13271	-62.4849
13272	-63.9987
13273	-65.3363
13274	-68.3206
13275	-70.5449
13276	-70.9207
13277	-70.8909
13278	-69.2638
13279	-62.7508
13280	-63.8486
13281	-69.719
13282	-70.687
13283	-72.0078
13284	-71.8867
13285	-71.4788
13286	-70.8903
13287	-69.4669
13288	-68.3513
13289	-66.7861
13290	-65.1897
13291	-59.2842
13292	-58.2663
13293	-62.5413
13294	-65.2596
13295	-67.2459
13296	-67.7514
13297	-69.1011
13298	-70.6568
13299	-72.0488
13300	-72.8702
13301	-72.4529
13302	-71.9681
13303	-73.0462
13304	-73.3581
13305	-74.2597
13306	-74.0199
13307	-74.4577
13308	-74.2749
13309	-74.5222
13310	-73.9793
13311	-71.2266
13312	-67.3735
13313	-66.1797
13314	-68.3792
13315	-65.7182
13316	-67.6953
13317	-71.1684
13318	-71.8312
13319	-71.6927
13320	-72.3563
13321	-72.9619
13322	-73.6328
13323	-73.9144
13324	-74.6748
13325	-74.2285
13326	-73.8965
13327	-74.2798
13328	-74.523
13329	-73.6145
13330	-73.1186
13331	-71.7991
13332	-71.5205
13333	-70.8102
13334	-69.1196
13335	-66.2373
13336	-64.3456
13337	-64.5716
13338	-63.2651
13339	-58.1847
13340	-49.8676
13341	-40.2227
13342	-38.6435
13343	-46.6551
13344	-55.7198
13345	-60.4352
13346	-62.3495
13347	-63.3118
13348	-64.7334
13349	-68.1853
13350	-70.1977
13351	-71.5273
13352	-70.9534
13353	-70.7653
13354	-71.4112
13355	-72.9889
13356	-73.4074
13357	-74.8524
13358	-74.1686
13359	-73.2043
13360	-74.6363
13361	-74.2222
13362	-72.7076
13363	-71.5931
13364	-71.7063
13365	-71.1663
13366	-72.3538
13367	-72.016
13368	-68.4375
13369	-64.2759
13370	-68.3172
13371	-72.862
13372	-72.9268
13373	-72.7229
13374	-72.9871
13375	-73.9291
13376	-74.303
13377	-74.4636
13378	-74.954
13379	-74.2116
13380	-72.8186
13381	-71.8931
13382	-73.0523
13383	-72.497
13384	-71.0669
13385	-70.9773
13386	-70.5423
13387	-69.5811
13388	-68.0252
13389	-67.3079
13390	-66.1458
13391	-62.3467
13392	-61.8586
13393	-64.7212
13394	-66.7772
13395	-67.7684
13396	-68.7783
13397	-69.9021
13398	-71.6004
13399	-72.1729
13400	-71.2183
13401	-66.3278
13402	-63.3975
13403	-63.8452
13404	-65.4106
13405	-63.5998
13406	-68.0242
13407	-70.53
13408	-69.4264
13409	-68.6693
13410	-66.2262
13411	-60.7626
13412	-54.4399
13413	-53.1805
13414	-56.8828
13415	-52.7367
13416	-55.355
13417	-61.5743
13418	-66.7152
13419	-69.1335
13420	-69.3508
13421	-70.4905
13422	-70.2125
13423	-68.464
13424	-70.0617
13425	-68.3439
13426	-68.7685
13427	-73.0775
13428	-73.7712
13429	-73.9718
13430	-74.3584
13431	-74.3951
13432	-74.0393
13433	-73.166
13434	-71.4829
13435	-69.2358
13436	-68.4966
13437	-69.2033
13438	-70.7323
13439	-72.4542
13440	-72.7704
13441	-73.2755
13442	-72.92
13443	-72.4202
13444	-72.1155
13445	-72.1755
13446	-72.0855
13447	-72.1533
13448	-72.5659
13449	-71.6097
13450	-70.9278
13451	-70.5619
13452	-69.4444
13453	-68.4134
13454	-68.2756
13455	-67.5046
13456	-65.6344
13457	-63.8572
13458	-61.3597
13459	-58.6888
13460	-55.8412
13461	-49.143
13462	-40.8111
13463	-39.666
13464	-43.9895
13465	-38.747
13466	-41.6936
13467	-50.0979
13468	-56.7617
13469	-58.6553
13470	-61.8112
13471	-64.5201
13472	-65.8625
13473	-67.5753
13474	-68.2507
13475	-68.262
13476	-69.3794
13477	-70.4344
13478	-71.2144
13479	-72.0573
13480	-72.0211
13481	-71.675
13482	-71.9201
13483	-72.0877
13484	-72.2445
13485	-72.8363
13486	-73.3453
13487	-72.9762
13488	-72.7435
13489	-72.6859
13490	-71.7767
13491	-69.3629
13492	-69.3167
13493	-70.9409
13494	-72.6038
13495	-73.7787
13496	-73.7828
13497	-74.0151
13498	-74.6088
13499	-73.9944
13500	-73.6207
13501	-72.3455
13502	-68.6125
13503	-69.3282
13504	-69.4275
13505	-68.8215
13506	-70.4293
13507	-70.0199
13508	-68.8067
13509	-68.603
13510	-66.1755
13511	-60.7508
13512	-54.648
13513	-53.579
13514	-56.6148
13515	-52.6656
13516	-55.5747
13517	-61.7762
13518	-67.1569
13519	-68.9307
13520	-70.3123
13521	-69.9352
13522	-67.1459
13523	-63.4591
13524	-64.646
13525	-63.2545
13526	-62.8915
13527	-66.8927
13528	-70.5068
13529	-71.3606
13530	-71.2253
13531	-69.4055
13532	-67.9367
13533	-66.5785
13534	-63.2963
13535	-61.0058
13536	-58.5641
13537	-60.7515
13538	-64.0857
13539	-66.4875
13540	-68.5277
13541	-69.7112
13542	-70.2433
13543	-70.7212
13544	-71.4092
13545	-72.1841
13546	-72.0134
13547	-71.1243
13548	-72.4828
13549	-74.384
13550	-74.7167
13551	-74.364
13552	-74.0611
13553	-73.4901
13554	-72.7379
13555	-73.2443
13556	-73.2405
13557	-72.5673
13558	-67.9375
13559	-66.4924
13560	-70.7272
13561	-72.7812
13562	-72.3531
13563	-71.3343
13564	-71.5823
13565	-71.8972
13566	-72.6776
13567	-73.7605
13568	-73.6869
13569	-72.8729
13570	-74.2206
13571	-73.7962
13572	-72.9185
13573	-71.8696
13574	-70.3091
13575	-70.1626
13576	-70.6421
13577	-70.0646
13578	-68.6437
13579	-66.9177
13580	-63.6258
13581	-61.4631
13582	-60.3701
13583	-57.5866
13584	-49.3027
13585	-44.1016
13586	-38.9408
13587	-41.6242
13588	-48.4991
13589	-56.5436
13590	-62.3648
13591	-63.5231
13592	-64.5985
13593	-66.9533
13594	-68.5838
13595	-70.1474
13596	-70.7715
13597	-71.6324
13598	-72.3669
13599	-73.2073
13600	-74.1291
13601	-73.9653
13602	-73.4812
13603	-74.3484
13604	-74.3705
13605	-73.169
13606	-73.3793
13607	-72.5871
13608	-72.1095
13609	-71.6573
13610	-71.6717
13611	-70.3085
13612	-66.9407
13613	-65.9659
13614	-68.1952
13615	-65.8593
13616	-67.5827
13617	-71.6911
13618	-73.8933
13619	-74.5913
13620	-74.3657
13621	-74.3789
13622	-74.061
13623	-74.1991
13624	-72.7417
13625	-71.3293
13626	-70.5926
13627	-72.2433
13628	-72.6414
13629	-71.4906
13630	-70.2045
13631	-68.6909
13632	-66.9458
13633	-65.7002
13634	-61.5032
13635	-58.5862
13636	-56.5716
13637	-58.9869
13638	-62.1098
13639	-65.0276
13640	-68.0597
13641	-69.3903
13642	-70.5792
13643	-71.3039
13644	-71.7841
13645	-70.32
13646	-69.3199
13647	-69.0628
13648	-64.4523
13649	-65.6417
13650	-71.3741
13651	-71.2422
13652	-71.4429
13653	-70.7799
13654	-68.5838
13655	-66.0349
13656	-65.0085
13657	-61.2106
13658	-52.9408
13659	-51.5135
13660	-58.7351
13661	-63.9264
13662	-64.3458
13663	-65.6287
13664	-68.5619
13665	-69.5541
13666	-71.0973
13667	-72.0208
13668	-70.6904
13669	-68.5159
13670	-71.0732
13671	-73.0684
13672	-73.3884
13673	-73.7917
13674	-74.3405
13675	-74.3267
13676	-74.3105
13677	-73.4412
13678	-71.4234
13679	-69.9279
13680	-67.6465
13681	-64.7592
13682	-65.8044
13683	-68.0958
13684	-71.157
13685	-71.4263
13686	-71.302
13687	-71.7614
13688	-72.7636
13689	-73.7597
13690	-73.5206
13691	-72.8286
13692	-73.1229
13693	-73.503
13694	-73.726
13695	-73.2252
13696	-72.0252
13697	-71.2336
13698	-70.1491
13699	-69.8605
13700	-69.2744
13701	-68.1566
13702	-66.3913
13703	-64.3324
13704	-61.7756
13705	-59.1182
13706	-52.9873
13707	-27.7433
13708	-16.1589
13709	-14.6692
13710	-22.6592
13711	-44.9526
13712	-57.8149
13713	-58.5562
13714	-61.4267
13715	-62.2477
13716	-64.3677
13717	-67.8258
13718	-69.1221
13719	-69.0115
13720	-70.0181
13721	-70.4501
13722	-71.3245
13723	-71.9844
13724	-72.6769
13725	-73.0805
13726	-73.673
13727	-73.0371
13728	-72.4375
13729	-72.8521
13730	-72.3678
13731	-71.931
13732	-72.5907
13733	-72.9014
13734	-71.8045
13735	-70.4259
13736	-70.1621
13737	-71.125
13738	-71.6272
13739	-72.9023
13740	-73.4986
13741	-73.8258
13742	-73.6733
13743	-74.2167
13744	-74.9255
13745	-74.9766
13746	-73.8822
13747	-72.2916
13748	-68.9056
13749	-69.5
13750	-71.9719
13751	-71.6697
13752	-72.0161
13753	-71.079
13754	-68.7428
13755	-66.6207
13756	-65.534
13757	-62.0752
13758	-54.432
13759	-53.204
13760	-60.1795
13761	-64.6553
13762	-64.7526
13763	-66.653
13764	-68.891
13765	-70.3845
13766	-70.9968
13767	-69.7724
13768	-65.719
13769	-62.4935
13770	-63.5232
13771	-62.426
13772	-64.4623
13773	-67.9361
13774	-69.5558
13775	-69.9922
13776	-68.0225
13777	-65.1397
13778	-62.9433
13779	-58.9918
13780	-55.8417
13781	-51.7036
13782	-53.0382
13783	-56.3517
13784	-62.4393
13785	-65.6584
13786	-69.0152
13787	-70.608
13788	-71.2091
13789	-71.348
13790	-69.8882
13791	-67.6999
13792	-67.6284
13793	-70.2756
13794	-72.6674
13795	-74.0943
13796	-74.7087
13797	-74.1925
13798	-74.2293
13799	-73.7987
13800	-73.4586
13801	-72.5609
13802	-71.4801
13803	-71.8313
13804	-72.1838
13805	-71.3292
13806	-72.2477
13807	-73.1934
13808	-73.4064
13809	-72.9209
13810	-73.2096
13811	-72.5359
13812	-71.6407
13813	-72.0259
13814	-73.1713
13815	-72.3448
13816	-71.3992
13817	-71.0519
13818	-70.6282
13819	-69.8161
13820	-68.1951
13821	-67.6377
13822	-67.3333
13823	-65.5107
13824	-63.0348
13825	-60.7915
13826	-59.0485
13827	-57.2415
13828	-53.1904
13829	-44.4234
13830	-36.7305
13831	-29.9642
13832	-32.3073
13833	-39.8963
13834	-50.6772
13835	-56.5435
13836	-59.9198
13837	-62.4331
13838	-64.9007
13839	-66.6193
13840	-67.3774
13841	-68.3401
13842	-68.5472
13843	-69.229
13844	-70.2917
13845	-71.7168
13846	-72.589
13847	-72.9486
13848	-71.9373
13849	-71.8424
13850	-72.2831
13851	-72.5712
13852	-72.3254
13853	-72.5289
13854	-72.417
13855	-71.3495
13856	-72.5613
13857	-71.1089
13858	-65.8606
13859	-65.0214
13860	-71.091
13861	-72.6187
13862	-72.3426
13863	-72.9848
13864	-73.8994
13865	-73.9098
13866	-73.8706
13867	-74.0592
13868	-72.7356
13869	-71.1372
13870	-68.8927
13871	-67.7677
13872	-68.7901
13873	-71.0328
13874	-69.6144
13875	-69.0897
13876	-67.9156
13877	-64.9239
13878	-62.9359
13879	-58.7203
13880	-55.4667
13881	-51.1667
13882	-52.6715
13883	-56.1745
13884	-62.2896
13885	-65.5855
13886	-68.5239
13887	-70.4402
13888	-70.3652
13889	-69.8339
13890	-66.2224
13891	-62.5389
13892	-62.6939
13893	-66.4137
13894	-69.8848
13895	-71.5527
13896	-72.0812
13897	-71.5106
13898	-70.0056
13899	-69.21
13900	-68.4923
13901	-66.7086
13902	-66.0393
13903	-67.8927
13904	-67.3547
13905	-65.9588
13906	-66.9106
13907	-68.5918
13908	-68.7506
13909	-69.5539
13910	-70.5769
13911	-72.0066
13912	-72.6294
13913	-73.3129
13914	-73.5015
13915	-73.7395
13916	-73.5921
13917	-73.7629
13918	-74.5162
13919	-74.1023
13920	-74.4413
13921	-74.359
13922	-73.59
13923	-72.0983
13924	-68.9183
13925	-66.8337
13926	-66.6734
13927	-67.5061
13928	-70.1047
13929	-71.3798
13930	-71.47
13931	-71.8271
13932	-72.2668
13933	-72.1672
13934	-73.6105
13935	-74.1303
13936	-74.7899
13937	-75.2635
13938	-73.6254
13939	-73.7778
13940	-74.1396
13941	-73.7668
13942	-72.7895
13943	-71.9173
13944	-71.3473
13945	-71.4576
13946	-69.5724
13947	-66.6648
13948	-61.8098
13949	-62.6335
13950	-62.9633
13951	-59.0511
13952	-55.1329
13953	-56.5882
13954	-56.0599
13955	-55.1192
13956	-59.0397
13957	-63.6516
13958	-63.9533
13959	-63.3056
13960	-67.4528
13961	-70.0614
13962	-71.4639
13963	-71.3436
13964	-72.1173
13965	-72.4854
13966	-73.3613
13967	-74.0837
13968	-74.2661
13969	-74.3948
13970	-75.1179
13971	-74.4713
13972	-74.517
13973	-73.7582
13974	-72.4027
13975	-72.0905
13976	-71.8111
13977	-70.9609
13978	-71.3528
13979	-70.2191
13980	-67.3284
13981	-64.7907
13982	-66.2731
13983	-69.1552
13984	-72.4346
13985	-73.3706
13986	-74.3773
13987	-74.1119
13988	-74.1488
13989	-74.3601
13990	-74.0398
13991	-73.7852
13992	-73.5507
13993	-73.5577
13994	-73.6164
13995	-72.7787
13996	-71.783
13997	-70.4064
13998	-69.053
13999	-68.5364
14000	-67.9764
14001	-66.2644
14002	-64.6864
14003	-66.5464
14004	-67.3531
14005	-65.8955
14006	-66.904
14007	-68.9889
14008	-69.4707
14009	-70.0249
14010	-71.4852
14011	-72.4558
14012	-71.8681
14013	-69.4494
14014	-66.0503
14015	-64.2167
14016	-64.1555
14017	-66.1851
14018	-69.7837
14019	-70.467
14020	-70.577
14021	-69.2348
14022	-66.3628
14023	-61.8167
14024	-55.327
14025	-53.6272
14026	-53.3259
14027	-55.0778
14028	-58.0928
14029	-63.0213
14030	-65.5601
14031	-68.3756
14032	-69.0239
14033	-69.5778
14034	-71.0001
14035	-68.9652
14036	-69.0471
14037	-69.5118
14038	-70.8495
14039	-72.6982
14040	-73.8276
14041	-73.9536
14042	-73.9279
14043	-74.0991
14044	-73.0729
14045	-72.3787
14046	-72.1656
14047	-70.0143
14048	-63.6223
14049	-65.2933
14050	-71.5132
14051	-72.1429
14052	-71.3031
14053	-72.0741
14054	-72.4665
14055	-72.3986
14056	-72.6333
14057	-72.5328
14058	-71.9329
14059	-72.1957
14060	-73.0555
14061	-72.8329
14062	-71.8431
14063	-70.7144
14064	-69.6865
14065	-69.1381
14066	-69.0682
14067	-67.8162
14068	-67.05
14069	-65.4067
14070	-62.8005
14071	-60.4838
14072	-56.4618
14073	-49.9453
14074	-40.2384
14075	-37.4407
14076	-35.1088
14077	-41.0234
14078	-44.2814
14079	-52.9877
14080	-57.7056
14081	-58.7504
14082	-60.7147
14083	-63.5681
14084	-66.1267
14085	-67.6065
14086	-67.8397
14087	-68.7214
14088	-69.9827
14089	-71.015
14090	-71.0848
14091	-71.7346
14092	-72.4923
14093	-73.3483
14094	-72.1977
14095	-72.3168
14096	-72.3772
14097	-72.7917
14098	-72.93
14099	-73.2772
14100	-73.2879
14101	-72.2997
14102	-71.8676
14103	-72.179
14104	-71.441
14105	-71.5393
14106	-72.8205
14107	-73.6901
14108	-74.151
14109	-74.2291
14110	-74.0754
14111	-74.9398
14112	-74.1174
14113	-72.4153
14114	-70.0948
14115	-68.8165
14116	-69.0398
14117	-69.9376
14118	-70.9397
14119	-71.1541
14120	-70.9634
14121	-69.291
14122	-66.272
14123	-62.1949
14124	-55.7191
14125	-54.1762
14126	-54.2813
14127	-55.5949
14128	-58.3373
14129	-63.2227
14130	-65.9797
14131	-68.4331
14132	-69.7364
14133	-69.6482
14134	-67.6546
14135	-64.2837
14136	-64.2777
14137	-62.8996
14138	-60.998
14139	-64.8089
14140	-70.0057
14141	-70.9034
14142	-70.0733
14143	-68.5032
14144	-65.9914
14145	-64.4105
14146	-63.4954
14147	-58.2662
14148	-51.2216
14149	-53.2092
14150	-62.3164
14151	-64.6755
14152	-66.0875
14153	-68.4038
14154	-71.175
14155	-71.7057
14156	-70.9702
14157	-71.8849
14158	-68.3486
14159	-67.7218
14160	-72.2377
14161	-74.0093
14162	-74.6731
14163	-74.932
14164	-74.0232
14165	-73.1486
14166	-73.5216
14167	-73.1936
14168	-73.0716
14169	-72.5665
14170	-71.8767
14171	-70.5375
14172	-71.1977
14173	-72.3365
14174	-72.987
14175	-72.6673
14176	-72.0131
14177	-72.5747
14178	-72.9894
14179	-72.4291
14180	-72.9283
14181	-73.1864
14182	-72.9673
14183	-72.6559
14184	-72.2305
14185	-70.6184
14186	-69.5883
14187	-69.0506
14188	-68.4102
14189	-68.7609
14190	-66.9175
14191	-64.2377
14192	-61.9665
14193	-60.7734
14194	-58.1909
14195	-56.6772
14196	-40.6988
14197	-20.373
14198	-13.212
14199	-15.4258
14200	-28.0273
14201	-54.3059
14202	-58.523
14203	-60.9312
14204	-63.7552
14205	-65.4013
14206	-66.8954
14207	-68.4508
14208	-68.9665
14209	-69.6583
14210	-70.83
14211	-72.1545
14212	-72.4496
14213	-73.4562
14214	-73.2822
14215	-73.0039
14216	-72.8746
14217	-73.3066
14218	-72.6414
14219	-72.9015
14220	-71.9676
14221	-71.3992
14222	-71.6517
14223	-70.823
14224	-67.6527
14225	-66.3433
14226	-66.6228
14227	-67.3298
14228	-69.2234
14229	-71.9017
14230	-73.3181
14231	-73.7216
14232	-74.2641
14233	-74.1717
14234	-73.6102
14235	-73.3464
14236	-73.2478
14237	-70.2094
14238	-66.9242
14239	-70.5476
14240	-72.1769
14241	-71.2382
14242	-69.7062
14243	-67.9799
14244	-65.4268
14245	-63.6105
14246	-63.1264
14247	-56.8958
14248	-50.0196
14249	-52.2288
14250	-61.6179
14251	-64.1529
14252	-65.2104
14253	-67.9152
14254	-70.5144
14255	-70.955
14256	-70.857
14257	-70.2594
14258	-63.9428
14259	-63.3417
14260	-69.2032
14261	-69.9617
14262	-71.6051
14263	-71.9416
14264	-71.6859
14265	-71.0705
14266	-69.8187
14267	-68.2546
14268	-66.8482
14269	-65.0284
14270	-59.5737
14271	-56.955
14272	-61.5336
14273	-64.0455
14274	-66.6064
14275	-67.5063
14276	-68.7612
14277	-70.3978
14278	-71.7343
14279	-72.6743
14280	-72.7116
14281	-71.3466
14282	-72.5141
14283	-73.1614
14284	-74.2353
14285	-74.155
14286	-74.4265
14287	-74.3016
14288	-74.3725
14289	-74.0414
14290	-71.9635
14291	-67.915
14292	-65.8802
14293	-68.4966
14294	-66.0749
14295	-66.9217
14296	-70.4104
14297	-71.877
14298	-71.5898
14299	-72.1372
14300	-72.7152
14301	-73.6788
14302	-73.7876
14303	-74.431
14304	-74.2247
14305	-73.9454
14306	-74.148
14307	-74.3661
14308	-73.693
14309	-73.1952
14310	-71.8759
14311	-71.2962
14312	-70.8628
14313	-69.3298
14314	-66.9165
14315	-64.7597
14316	-64.5136
14317	-63.4296
14318	-59.1625
14319	-50.5078
14320	-40.2928
14321	-36.9859
14322	-43.534
14323	-52.8377
14324	-59.5212
14325	-61.643
14326	-62.8426
14327	-64.0222
14328	-67.2825
14329	-69.4798
14330	-71.3638
14331	-70.9625
14332	-70.6711
14333	-71.0228
14334	-72.3575
14335	-73.0925
14336	-74.5082
14337	-74.307
14338	-73.0762
14339	-74.222
14340	-74.296
14341	-73.0043
14342	-71.6457
14343	-71.4971
14344	-71.0245
14345	-72.288
14346	-72.3345
14347	-69.9359
14348	-64.8309
14349	-67.3025
14350	-72.5876
14351	-73.0336
14352	-72.9317
14353	-73.0286
14354	-74.0117
14355	-74.2731
14356	-74.43
14357	-74.9907
14358	-74.6097
14359	-73.0589
14360	-71.6794
14361	-72.4731
14362	-72.5571
14363	-71.4595
14364	-70.8549
14365	-70.9849
14366	-69.6988
14367	-68.0551
14368	-67.6691
14369	-65.9215
14370	-62.2002
14371	-59.9904
14372	-63.8648
14373	-65.9704
14374	-67.4777
14375	-68.4498
14376	-69.5024
14377	-71.2003
14378	-71.9655
14379	-71.2616
14380	-67.2906
14381	-63.5753
14382	-63.1525
14383	-65.789
14384	-63.3491
14385	-67.0091
14386	-70.2748
14387	-69.7124
14388	-68.7874
14389	-66.9471
14390	-61.8279
14391	-55.6257
14392	-52.8049
14393	-57.1444
14394	-53.163
14395	-54.2568
14396	-60.5257
14397	-66.0763
14398	-68.8358
14399	-69.3183
14400	-70.2971
14401	-70.4094
14402	-68.6746
14403	-69.428
14404	-68.866
14405	-68.3004
14406	-72.5357
14407	-73.7252
14408	-73.9606
14409	-74.2895
14410	-74.195
14411	-74.2227
14412	-73.5634
14413	-71.9458
14414	-69.9943
14415	-68.897
14416	-69.1732
14417	-70.8232
14418	-72.4486
14419	-72.9528
14420	-73.245
14421	-72.8554
14422	-72.6027
14423	-72.0591
14424	-72.2898
14425	-71.9842
14426	-72.0339
14427	-72.4133
14428	-71.8588
14429	-70.9636
14430	-70.6254
14431	-69.529
14432	-68.2768
14433	-68.2723
14434	-67.5354
14435	-65.884
14436	-64.2183
14437	-61.7138
14438	-58.7993
14439	-56.8123
14440	-50.4821
14441	-42.0116
14442	-39.1502
14443	-44.2044
14444	-39.1411
14445	-40.6072
14446	-48.7273
14447	-55.6716
14448	-58.3272
14449	-61.2332
14450	-64.0656
14451	-65.6022
14452	-67.3602
14453	-68.2594
14454	-68.185
14455	-68.8908
14456	-70.1192
14457	-71.0544
14458	-71.6795
14459	-72.1818
14460	-71.5832
14461	-71.8328
14462	-72.2277
14463	-72.0931
14464	-72.7604
14465	-73.3263
14466	-73.2491
14467	-72.7014
14468	-72.6236
14469	-71.9119
14470	-69.4318
14471	-68.7552
14472	-70.323
14473	-72.1879
14474	-73.5426
14475	-73.8409
14476	-74.101
14477	-74.3609
14478	-74.2345
14479	-73.7633
14480	-73.0615
14481	-69.0099
14482	-68.7609
14483	-69.7604
14484	-68.4263
14485	-70.1619
14486	-70.0817
14487	-68.9137
14488	-68.8886
14489	-66.9077
14490	-61.8303
14491	-55.7218
14492	-53.1608
14493	-57.0715
14494	-52.899
14495	-54.4245
14496	-60.576
14497	-66.3938
14498	-68.7579
14499	-69.9052
14500	-70.3796
14501	-67.9176
14502	-63.7043
14503	-64.6273
14504	-63.7102
14505	-63.1577
14506	-65.8539
14507	-70.289
14508	-71.6011
14509	-71.5043
14510	-69.6857
14511	-68.2852
14512	-67.0801
14513	-64.5625
14514	-62.0739
14515	-59.856
14516	-60.6057
14517	-64.5016
14518	-66.3539
14519	-68.6639
14520	-69.6447
14521	-70.2135
14522	-70.8405
14523	-71.1016
14524	-72.1556
14525	-72.6851
14526	-71.2728
14527	-72.3336
14528	-74.1447
14529	-74.9705
14530	-74.4305
14531	-74.2876
14532	-73.7497
14533	-72.9118
14534	-73.1001
14535	-73.1475
14536	-72.9198
14537	-68.3838
14538	-65.6913
14539	-69.6339
14540	-72.5096
14541	-72.5887
14542	-71.2938
14543	-71.7315
14544	-71.7809
14545	-72.4145
14546	-73.8255
14547	-74.0643
14548	-72.9666
14549	-73.9158
14550	-74.3683
14551	-73.2508
14552	-72.2706
14553	-70.6232
14554	-70.31
14555	-70.7014
14556	-70.681
14557	-69.2885
14558	-67.5584
14559	-64.4693
14560	-61.8955
14561	-60.8516
14562	-58.903
14563	-52.0124
14564	-45.1848
14565	-40.05
14566	-41.1724
14567	-48.5211
14568	-55.828
14569	-62.2403
14570	-63.7533
14571	-64.3719
14572	-66.4538
14573	-68.6966
14574	-70.1589
14575	-70.9006
14576	-71.5192
14577	-72.621
14578	-73.0925
14579	-74.4496
14580	-74.1109
14581	-73.5709
14582	-74.3735
14583	-74.5062
14584	-73.3586
14585	-73.4664
14586	-72.8054
14587	-72.3092
14588	-71.7441
14589	-71.934
14590	-70.8871
14591	-67.8331
14592	-65.6999
14593	-68.3941
14594	-66.0543
14595	-67.0398
14596	-71.0258
14597	-73.8014
14598	-74.5417
14599	-74.3943
14600	-74.3396
14601	-74.0932
14602	-74.1092
14603	-73.1543
14604	-71.7071
14605	-71.0142
14606	-72.0874
14607	-72.8968
14608	-71.864
14609	-70.5394
14610	-68.9269
14611	-67.3117
14612	-66.4756
14613	-62.6913
14614	-59.6689
14615	-57.5213
14616	-58.5277
14617	-62.4338
14618	-64.7352
14619	-68.0574
14620	-69.3024
14621	-70.5214
14622	-71.1383
14623	-71.7374
14624	-71.0383
14625	-69.7286
14626	-69.4937
14627	-64.7875
14628	-64.2542
14629	-70.5334
14630	-71.1453
14631	-71.2133
14632	-70.988
14633	-69.0355
14634	-66.1804
14635	-64.8856
14636	-62.3287
14637	-53.8491
14638	-50.6954
14639	-56.6059
14640	-63.4475
14641	-63.8696
14642	-65.0543
14643	-67.7417
14644	-69.335
14645	-70.8105
14646	-71.8425
14647	-71.0176
14648	-68.081
14649	-70.0955
14650	-72.9583
14651	-73.3335
14652	-73.675
14653	-73.9465
14654	-74.4362
14655	-74.1111
14656	-73.5974
14657	-71.8181
14658	-70.5141
14659	-68.1809
14660	-65.2634
14661	-65.524
14662	-67.6128
14663	-71.0507
14664	-71.4318
14665	-71.2583
14666	-71.6612
14667	-72.5379
14668	-73.3097
14669	-73.3718
14670	-72.9486
14671	-72.8639
14672	-73.3532
14673	-73.7247
14674	-73.1218
14675	-72.3845
14676	-71.341
14677	-70.1133
14678	-69.5709
14679	-69.2063
14680	-68.097
14681	-66.4087
14682	-64.5588
14683	-61.9874
14684	-59.3379
14685	-55.3764
14686	-31.6025
14687	-17.6139
14688	-14.3671
14689	-20.4294
14690	-39.0855
14691	-57.023
14692	-58.0396
14693	-60.7325
14694	-61.9221
14695	-63.7345
14696	-67.0147
14697	-68.7034
14698	-68.9342
14699	-69.3071
14700	-70.1312
14701	-71.0379
14702	-71.9306
14703	-72.5272
14704	-73.0516
14705	-73.4074
14706	-73.3554
14707	-72.2771
14708	-72.8184
14709	-72.6848
14710	-71.8399
14711	-72.7149
14712	-72.9382
14713	-72.2677
14714	-70.9045
14715	-70.213
14716	-71.4023
14717	-71.5709
14718	-72.9899
14719	-73.4313
14720	-73.6979
14721	-73.7085
14722	-73.9576
14723	-74.7809
14724	-75.0875
14725	-73.9528
14726	-72.7394
14727	-69.0738
14728	-68.8676
14729	-71.7278
14730	-71.5559
14731	-71.9344
14732	-71.2452
14733	-69.2988
14734	-66.8175
14735	-65.6225
14736	-62.8393
14737	-55.1236
14738	-52.1991
14739	-58.082
14740	-64.3135
14741	-64.4105
14742	-65.9203
14743	-68.27
14744	-70.4093
14745	-70.8498
14746	-70.2209
14747	-66.5663
14748	-62.1821
14749	-63.2607
14750	-62.4507
14751	-64.1772
14752	-67.3436
14753	-69.4706
14754	-69.8515
14755	-68.4521
14756	-65.7229
14757	-63.2694
14758	-60.065
14759	-56.3732
14760	-52.4486
14761	-52.5974
14762	-55.4839
14763	-61.3422
14764	-65.2831
14765	-68.4389
14766	-70.4943
14767	-71.2232
14768	-71.46
14769	-70.4566
14770	-68.2811
14771	-67.3784
14772	-69.8775
14773	-72.4963
14774	-73.7978
14775	-74.8753
14776	-74.3147
14777	-74.2195
14778	-73.7363
14779	-73.5424
14780	-72.8408
14781	-71.7048
14782	-71.7588
14783	-72.308
14784	-71.42
14785	-71.9652
14786	-73.1912
14787	-73.3126
14788	-72.868
14789	-73.2576
14790	-72.7005
14791	-71.8038
14792	-71.9992
14793	-73.3124
14794	-72.5778
14795	-71.6171
14796	-71.2396
14797	-70.7616
14798	-70.2062
14799	-68.7793
14800	-67.4651
14801	-67.4039
14802	-66.0678
14803	-63.5887
14804	-61.1184
14805	-59.3999
14806	-57.7577
14807	-54.3598
14808	-46.3149
14809	-39.2205
14810	-30.7217
14811	-31.0632
14812	-38.8279
14813	-48.7433
14814	-55.5817
14815	-59.6401
14816	-62.0811
14817	-64.7042
14818	-66.5517
14819	-67.2813
14820	-68.4137
14821	-68.4953
14822	-69.2261
14823	-70.3881
14824	-71.5403
14825	-72.6487
14826	-73.0347
14827	-72.1474
14828	-71.7393
14829	-72.3514
14830	-72.5695
14831	-72.2905
14832	-72.3602
14833	-72.3596
14834	-71.2601
14835	-72.3124
14836	-71.6722
14837	-66.5837
14838	-64.153
14839	-69.7312
14840	-72.5174
14841	-72.3067
14842	-72.6758
14843	-73.8322
14844	-73.958
14845	-74.0477
14846	-73.9545
14847	-72.8601
14848	-71.687
14849	-69.5068
14850	-67.7199
14851	-68.4638
14852	-70.8231
14853	-70.0017
14854	-69.1964
14855	-68.0962
14856	-65.5485
14857	-63.3007
14858	-59.7731
14859	-56.084
14860	-51.771
14861	-52.1814
14862	-55.362
14863	-61.319
14864	-65.1317
14865	-68.0535
14866	-70.3512
14867	-70.3758
14868	-70.2299
14869	-67.379
14870	-63.2905
14871	-62.2378
14872	-65.9731
14873	-69.7104
14874	-71.2267
14875	-72.2197
14876	-71.7382
14877	-70.1622
14878	-69.4574
14879	-68.7814
14880	-67.1708
14881	-66.0095
14882	-67.1458
14883	-67.894
14884	-65.619
14885	-66.4402
14886	-68.5391
14887	-68.5651
14888	-69.2695
14889	-70.1953
14890	-71.9452
14891	-72.4934
14892	-73.442
14893	-73.5351
14894	-73.671
14895	-73.6841
14896	-73.8064
14897	-74.3288
14898	-74.1705
14899	-74.461
14900	-74.3196
14901	-73.7553
14902	-72.4682
14903	-69.1814
14904	-66.7106
14905	-66.435
14906	-67.1127
14907	-69.3267
14908	-71.3543
14909	-71.2234
14910	-71.8466
14911	-72.4995
14912	-72.0405
14913	-73.6964
14914	-73.9099
14915	-74.8928
14916	-75.1949
14917	-73.9113
14918	-73.7136
14919	-74.4206
14920	-73.8359
14921	-72.8631
14922	-72.2372
14923	-71.4194
14924	-71.3724
14925	-70.2646
14926	-67.8559
14927	-62.6584
14928	-62.516
14929	-63.4258
14930	-59.8511
14931	-55.4966
14932	-55.8008
14933	-57.3122
14934	-54.6301
14935	-57.906
14936	-62.7727
14937	-63.9976
14938	-62.4545
14939	-66.427
14940	-69.4273
14941	-71.7795
14942	-71.2289
14943	-72.0101
14944	-72.5465
14945	-72.8722
14946	-74.0252
14947	-74.3118
14948	-74.1038
14949	-75.4039
14950	-74.4341
14951	-74.6187
14952	-73.8788
14953	-72.6347
14954	-72.0408
14955	-71.9331
14956	-71.3155
14957	-71.3219
14958	-70.9025
14959	-67.9774
14960	-65.1836
14961	-66.0722
14962	-68.5384
14963	-71.9795
14964	-73.2042
14965	-74.1516
14966	-74.0263
14967	-74.2053
14968	-74.4206
14969	-74.1076
14970	-73.8365
14971	-73.5569
14972	-73.6009
14973	-73.8389
14974	-72.816
14975	-71.9333
14976	-70.7515
14977	-69.2374
14978	-68.6697
14979	-68.2667
14980	-67.2812
14981	-65.1802
14982	-67.1083
14983	-68.1821
14984	-66.1182
14985	-66.5309
14986	-68.7104
14987	-69.2234
14988	-69.9426
14989	-71.2151
14990	-72.2319
14991	-72.2224
14992	-69.7092
14993	-66.3014
14994	-64.3186
14995	-63.6243
14996	-65.5324
14997	-69.1783
14998	-70.505
14999	-70.8107
15000	-69.5685
15001	-66.7797
15002	-62.7057
15003	-56.3087
15004	-53.3373
15005	-53
15006	-55.0416
15007	-56.8765
15008	-62.3085
15009	-65.0219
15010	-67.7769
15011	-69.0265
15012	-69.1634
15013	-70.9198
15014	-68.9464
15015	-69.0169
15016	-69.3639
15017	-70.1672
15018	-72.3962
15019	-73.7322
15020	-73.9267
15021	-73.9256
15022	-74.2055
15023	-73.6183
15024	-72.4825
15025	-72.5038
15026	-71.0083
15027	-64.6222
15028	-64.5481
15029	-70.7593
15030	-72.1774
15031	-71.3572
15032	-71.9787
15033	-72.4996
15034	-72.3598
15035	-72.4965
15036	-72.5655
15037	-72.2429
15038	-72.0187
15039	-72.9218
15040	-72.8385
15041	-72.0548
15042	-70.6819
15043	-69.6937
15044	-69.1347
15045	-68.7958
15046	-67.9368
15047	-66.9796
15048	-65.6857
15049	-63.0778
15050	-60.7819
15051	-57.1898
15052	-51.4303
15053	-41.3735
15054	-38.1092
15055	-34.8742
15056	-39.9473
15057	-42.7612
15058	-51.436
15059	-56.9778
15060	-58.5958
15061	-60.1836
15062	-63.1283
15063	-65.5418
15064	-67.428
15065	-67.6934
15066	-68.419
15067	-69.6115
15068	-70.9243
15069	-71.2668
15070	-71.4433
15071	-72.0842
15072	-73.1242
15073	-72.313
15074	-72.0911
15075	-72.4494
15076	-72.8597
15077	-72.77
15078	-73.1767
15079	-73.3682
15080	-72.6607
15081	-71.8418
15082	-72.195
15083	-71.6243
15084	-71.5305
15085	-72.512
15086	-73.7399
15087	-73.9838
15088	-74.2347
15089	-74.1598
15090	-74.6634
15091	-74.2208
15092	-72.6776
15093	-70.4106
15094	-68.595
15095	-68.7387
15096	-69.6248
15097	-70.7384
15098	-71.208
15099	-71.0917
15100	-69.6416
15101	-66.7758
15102	-63.1108
15103	-56.6011
15104	-53.8183
15105	-53.784
15106	-55.4712
15107	-57.1647
15108	-62.3385
15109	-65.468
15110	-67.9995
15111	-69.4557
15112	-69.9145
15113	-68.3106
15114	-64.5121
15115	-64.2931
15116	-63.3839
15117	-61.4112
15118	-63.8192
15119	-69.8712
15120	-70.9312
15121	-70.3372
15122	-69.1193
15123	-66.487
15124	-64.9065
15125	-64.0132
15126	-60.3214
15127	-52.3092
15128	-52.5718
15129	-61.2626
15130	-64.8896
15131	-66.2059
15132	-67.9158
15133	-71.0038
15134	-71.9699
15135	-70.9627
15136	-72.2613
15137	-69.7456
15138	-67.6875
15139	-71.7044
15140	-73.675
15141	-74.5732
15142	-75.0226
15143	-74.3954
15144	-73.1757
15145	-73.6085
15146	-72.9921
15147	-73.1128
15148	-72.5402
15149	-71.6939
15150	-70.3124
15151	-70.6176
15152	-72.0401
15153	-73.0603
15154	-72.8042
15155	-72.0109
15156	-72.2014
15157	-72.9808
15158	-72.5135
15159	-72.8977
15160	-73.0617
15161	-73.1754
15162	-72.7463
15163	-72.3757
15164	-70.9579
15165	-69.9065
15166	-69.4252
15167	-68.7138
15168	-69.0677
15169	-67.5392
15170	-64.9779
15171	-62.4094
15172	-61.2439
15173	-58.663
15174	-57.1523
15175	-47.6774
15176	-23.9492
15177	-14.7952
15178	-15.2658
15179	-25.6002
15180	-51.2528
15181	-58.1269
15182	-60.7516
15183	-63.7231
15184	-65.4828
15185	-66.7116
15186	-68.4475
15187	-69.1465
15188	-69.4645
15189	-70.9302
15190	-72.1554
15191	-72.6181
15192	-73.587
15193	-73.3523
15194	-73.0703
15195	-72.8714
15196	-73.1834
15197	-72.692
15198	-73.1091
15199	-71.9034
15200	-71.4439
15201	-71.5726
15202	-71.2538
15203	-68.0215
15204	-66.1927
15205	-66.3209
15206	-67.1353
15207	-68.5197
15208	-71.4459
15209	-72.9811
15210	-73.9201
15211	-74.2853
15212	-74.2796
15213	-73.8125
15214	-73.5855
15215	-73.075
15216	-71.2608
15217	-67.3467
15218	-69.7949
15219	-72.3317
15220	-71.4383
15221	-70.1115
15222	-68.3663
15223	-65.922
15224	-64.207
15225	-63.4369
15226	-58.9673
15227	-50.9425
15228	-51.4343
15229	-60.5102
15230	-64.2532
15231	-65.1378
15232	-67.4174
15233	-70.1603
15234	-71.1352
15235	-70.8172
15236	-70.8982
15237	-65.5888
15238	-63.1959
15239	-68.7442
15240	-69.4301
15241	-71.1346
15242	-72.0315
15243	-71.5677
15244	-71.2681
15245	-69.8865
15246	-68.2843
15247	-66.8715
15248	-64.9716
15249	-60.1851
15250	-56.0623
15251	-59.9908
15252	-62.9353
15253	-65.9138
15254	-67.0281
15255	-68.409
15256	-70.0256
15257	-71.4314
15258	-72.608
15259	-72.7147
15260	-71.0418
15261	-71.9534
15262	-73.0539
15263	-73.9984
15264	-74.1772
15265	-74.3092
15266	-74.3753
15267	-74.2216
15268	-74.1276
15269	-72.6171
15270	-68.5234
15271	-65.8125
15272	-67.8618
15273	-66.5264
15274	-66.2453
15275	-69.6433
15276	-71.9812
15277	-71.6135
15278	-71.9602
15279	-72.6224
15280	-73.7954
15281	-73.7699
15282	-74.2156
15283	-74.2044
15284	-73.9938
15285	-74.0473
15286	-74.2675
15287	-74.0118
15288	-73.0234
15289	-72.1603
15290	-71.1645
15291	-70.8772
15292	-69.6351
15293	-67.781
15294	-65.1986
15295	-64.1841
15296	-63.6668
15297	-59.7971
15298	-51.1461
15299	-40.6631
15300	-35.8111
15301	-40.3591
15302	-49.907
15303	-58.1566
15304	-60.8731
15305	-62.1713
15306	-63.4215
15307	-66.3176
15308	-68.7936
15309	-70.6788
15310	-71.0922
15311	-70.4644
15312	-70.7628
15313	-71.8725
15314	-72.853
15315	-73.9354
15316	-74.3724
15317	-73.0804
15318	-73.6938
15319	-74.4166
15320	-73.2459
15321	-71.773
15322	-71.462
15323	-71.3132
15324	-71.9784
15325	-72.5475
15326	-70.9015
15327	-65.7192
15328	-66.5778
15329	-72.257
15330	-73.168
15331	-73.0609
15332	-72.9658
15333	-73.7078
15334	-74.0201
15335	-74.4096
15336	-74.758
15337	-74.6721
15338	-73.3265
15339	-71.6276
15340	-71.7188
15341	-72.5661
15342	-71.9373
15343	-70.7287
15344	-71.0271
15345	-69.9629
15346	-68.3476
15347	-67.72
15348	-65.9912
15349	-62.4996
15350	-58.632
15351	-62.6631
15352	-64.7274
15353	-66.9993
15354	-68.1377
15355	-69.3503
15356	-70.8092
15357	-71.7309
15358	-71.329
15359	-68.0647
15360	-63.4926
15361	-62.6954
15362	-65.7839
15363	-63.3436
15364	-65.9672
15365	-69.714
15366	-70.0274
15367	-68.8117
15368	-67.5013
15369	-62.9886
15370	-56.8501
15371	-52.7447
15372	-56.109
15373	-53.8226
15374	-53.4798
15375	-59.3331
15376	-65.3086
15377	-68.4404
15378	-69.4378
15379	-70.1181
15380	-70.4661
15381	-68.9068
15382	-68.9584
15383	-69.556
15384	-67.9965
15385	-71.5357
15386	-73.8405
15387	-73.9678
15388	-74.3511
15389	-74.0107
15390	-74.3762
15391	-73.9194
15392	-72.2318
15393	-70.5773
15394	-69.3773
15395	-69.2932
15396	-70.8792
15397	-72.2502
15398	-72.842
15399	-73.1032
15400	-72.9953
15401	-72.7748
15402	-72.024
15403	-72.2099
15404	-72.0075
15405	-72.0383
15406	-72.2617
15407	-72.1381
15408	-71.0272
15409	-70.7449
15410	-69.6339
15411	-68.3878
15412	-68.2451
15413	-67.7355
15414	-66.2375
15415	-64.6397
15416	-62.104
15417	-59.114
15418	-57.4138
15419	-51.8009
15420	-43.622
15421	-38.9913
15422	-43.6707
15423	-39.8904
15424	-39.7757
15425	-47.1711
15426	-54.5012
15427	-58.027
15428	-60.8232
15429	-63.7335
15430	-65.5277
15431	-67.0811
15432	-68.2775
15433	-68.269
15434	-68.8256
15435	-70.0319
15436	-70.9511
15437	-71.4939
15438	-72.5124
15439	-71.735
15440	-71.7652
15441	-72.1774
15442	-72.0282
15443	-72.4334
15444	-73.0367
15445	-73.5897
15446	-72.6629
15447	-72.6331
15448	-72.1067
15449	-69.7453
15450	-68.2129
15451	-69.724
15452	-71.8634
15453	-73.408
15454	-73.8107
15455	-74.2188
15456	-74.2206
15457	-73.8931
15458	-73.8572
15459	-73.4981
15460	-69.6423
15461	-68.3583
15462	-70.1823
15463	-68.2601
15464	-69.8361
15465	-70.1484
15466	-69.1119
15467	-68.9663
15468	-67.3846
15469	-62.9857
15470	-56.9483
15471	-53.036
15472	-56.3927
15473	-53.4333
15474	-53.4934
15475	-59.4729
15476	-65.3682
15477	-68.3871
15478	-69.6175
15479	-70.7228
15480	-68.7177
15481	-64.1463
15482	-64.3722
15483	-64.1938
15484	-63.2117
15485	-65.0621
15486	-70.0139
15487	-71.7219
15488	-71.3819
15489	-70.1601
15490	-68.7741
15491	-67.7244
15492	-65.8513
15493	-63.1131
15494	-61.2958
15495	-60.7535
15496	-64.6711
15497	-66.2086
15498	-68.732
15499	-69.5355
15500	-70.0393
15501	-70.7185
15502	-70.9312
15503	-72.017
15504	-72.8599
15505	-71.5815
15506	-72.4114
15507	-73.9914
15508	-74.7087
15509	-74.3331
15510	-74.3034
15511	-73.7683
15512	-73.1363
15513	-73.0226
15514	-73.2711
15515	-73.123
15516	-69.1701
15517	-65.207
15518	-68.3026
15519	-72.319
15520	-72.6642
15521	-71.1657
15522	-71.8227
15523	-71.6393
15524	-72.0749
15525	-73.8468
15526	-74.3681
15527	-73.2559
15528	-73.7657
15529	-74.3187
15530	-73.612
15531	-72.5493
15532	-70.993
15533	-70.4678
15534	-70.7093
15535	-71.3758
15536	-69.9358
15537	-68.1668
15538	-65.3357
15539	-62.354
15540	-61.2153
15541	-60.0378
15542	-54.8247
15543	-46.78
15544	-41.6689
15545	-41.2525
15546	-48.6281
15547	-55.0553
15548	-61.8257
15549	-64.0304
15550	-64.1789
15551	-65.9394
15552	-68.5435
15553	-70.1371
15554	-70.8571
15555	-71.3206
15556	-72.5725
15557	-73.0414
15558	-74.0632
15559	-73.7464
15560	-73.2285
15561	-73.7711
15562	-73.8307
15563	-73.1258
15564	-72.9818
15565	-72.9613
15566	-72.4961
15567	-71.8502
15568	-71.7251
15569	-71.3275
15570	-68.5119
15571	-65.5787
15572	-67.9069
15573	-66.2998
15574	-66.4277
15575	-70.1761
15576	-73.3859
15577	-74.1481
15578	-73.9838
15579	-74.0308
15580	-73.8352
15581	-73.9338
15582	-73.397
15583	-72.2461
15584	-71.8197
15585	-72.0123
15586	-73.0512
15587	-72.2534
15588	-70.7833
15589	-69.2108
15590	-67.6577
15591	-66.8023
15592	-64.0823
15593	-60.646
15594	-58.744
15595	-58.4193
15596	-62.5752
15597	-64.736
15598	-67.8865
15599	-69.0918
15600	-70.3569
15601	-71.1343
15602	-71.7712
15603	-71.3372
15604	-70.3286
15605	-70.0702
15606	-65.5164
15607	-63.2687
15608	-69.1784
15609	-71.1347
15610	-71.1653
15611	-71.0292
15612	-69.4648
15613	-66.4227
15614	-64.7811
15615	-62.9744
15616	-55.0444
15617	-50.245
15618	-54.4611
15619	-62.5077
15620	-63.6337
15621	-64.5881
15622	-66.9741
15623	-69.1534
15624	-70.2845
15625	-71.6283
15626	-71.4803
15627	-68.0384
15628	-69.0727
15629	-72.7117
15630	-73.1485
15631	-73.7436
15632	-73.7748
15633	-74.585
15634	-73.8779
15635	-73.8726
15636	-71.9621
15637	-70.7135
15638	-68.7994
15639	-66.0939
15640	-65.1811
15641	-67.1769
15642	-70.9108
15643	-71.49
15644	-71.2973
15645	-71.7536
15646	-72.3738
15647	-72.9863
15648	-73.2377
15649	-72.983
15650	-72.5653
15651	-73.3826
15652	-73.8119
15653	-72.992
15654	-72.5142
15655	-71.4641
15656	-70.1695
15657	-69.3037
15658	-69.1364
15659	-67.9716
15660	-66.4081
15661	-64.9798
15662	-62.2821
15663	-59.4306
15664	-56.2947
15665	-36.1826
15666	-19.4491
15667	-14.4004
15668	-18.6241
15669	-34.2144
15670	-55.8947
15671	-57.7521
15672	-59.896
15673	-61.6868
15674	-63.0151
15675	-66.1251
15676	-68.2306
15677	-68.7135
15678	-68.9509
15679	-69.9275
15680	-70.7407
15681	-71.8581
15682	-72.3131
15683	-72.9361
15684	-73.4809
15685	-73.4896
15686	-72.2745
15687	-72.8259
15688	-72.8232
15689	-72.0138
15690	-72.6438
15691	-72.8589
15692	-72.4637
15693	-71.2529
15694	-70.4453
15695	-71.7182
15696	-71.5341
15697	-72.7403
15698	-73.4882
15699	-73.5774
15700	-73.6963
15701	-73.7942
15702	-74.7236
15703	-75.0996
15704	-74.0432
15705	-73.0051
15706	-69.4262
15707	-68.1184
15708	-70.8516
15709	-71.7013
15710	-71.6503
15711	-71.6422
15712	-69.9472
15713	-67.0474
15714	-65.4065
15715	-63.3647
15716	-56.1542
15717	-51.5764
15718	-55.9813
15719	-63.5007
15720	-64.0793
15721	-65.3316
15722	-67.5735
15723	-70.0723
15724	-70.725
15725	-70.6052
15726	-67.5335
15727	-62.2547
15728	-62.9748
15729	-62.7215
15730	-63.9246
15731	-66.6572
15732	-69.4824
15733	-69.9461
15734	-68.858
15735	-66.2861
15736	-63.8047
15737	-61.0625
15738	-57.0104
15739	-53.5162
15740	-52.1909
15741	-54.9973
15742	-60.2911
15743	-64.9955
15744	-67.8752
15745	-70.2775
15746	-71.274
15747	-71.3404
15748	-70.8581
15749	-68.7855
15750	-67.2572
15751	-69.5931
15752	-72.1447
15753	-73.398
15754	-75.0356
15755	-74.3286
15756	-74.2418
15757	-73.9262
15758	-73.6008
15759	-73.2386
15760	-71.931
15761	-71.8075
15762	-72.2986
15763	-71.5419
15764	-71.806
15765	-73.0976
15766	-73.3917
15767	-72.8342
15768	-73.0431
15769	-72.6613
15770	-72.0828
15771	-71.9715
15772	-72.9332
15773	-72.7566
15774	-71.7692
15775	-71.3514
15776	-70.867
15777	-70.499
15778	-69.059
15779	-67.5499
15780	-67.5966
15781	-66.6607
15782	-64.1046
15783	-61.4859
15784	-59.6917
15785	-58.1202
15786	-55.311
15787	-48.6178
15788	-41.0772
15789	-31.7853
15790	-30.2481
15791	-37.9982
15792	-46.5696
15793	-54.7443
15794	-59.1218
15795	-61.7152
15796	-64.3121
15797	-66.4794
15798	-67.3933
15799	-68.3962
15800	-68.4654
15801	-69.3401
15802	-70.2651
15803	-71.333
15804	-72.5248
15805	-73.0247
15806	-72.4593
15807	-71.6995
15808	-72.3953
15809	-72.6576
15810	-72.266
15811	-72.2355
15812	-72.2597
15813	-71.3882
15814	-72.2235
15815	-72.173
15816	-67.465
15817	-63.6496
15818	-68.1486
15819	-71.9861
15820	-72.1354
15821	-72.3169
15822	-73.8182
15823	-74.0801
15824	-73.9384
15825	-73.8754
15826	-73.2503
15827	-72.1805
15828	-70.0683
15829	-67.9449
15830	-68.3092
15831	-70.528
15832	-70.338
15833	-69.1331
15834	-68.2269
15835	-66.0318
15836	-63.8156
15837	-60.7136
15838	-56.5673
15839	-52.6824
15840	-51.5939
15841	-54.7023
15842	-60.2314
15843	-64.7595
15844	-67.6272
15845	-70.1778
15846	-70.4669
15847	-70.4342
15848	-68.4434
15849	-64.2575
15850	-62.0964
15851	-65.6103
15852	-69.3032
15853	-71.0162
15854	-72.4573
15855	-71.8012
15856	-70.3535
15857	-69.8684
15858	-69.0289
15859	-67.8703
15860	-66.0445
15861	-66.5394
15862	-67.2515
15863	-65.4977
15864	-65.6596
15865	-68.3934
15866	-68.4844
15867	-68.9631
15868	-69.8504
15869	-71.6958
15870	-72.423
15871	-73.3887
15872	-73.5883
15873	-73.5483
15874	-73.7083
15875	-73.7055
15876	-74.1916
15877	-74.1024
15878	-74.3592
15879	-74.4202
15880	-73.9888
15881	-72.7219
15882	-69.7126
15883	-66.7246
15884	-66.4444
15885	-66.9202
15886	-68.287
15887	-71.253
15888	-71.1766
15889	-71.8236
15890	-72.3764
15891	-71.9143
15892	-73.7527
15893	-73.8106
15894	-74.5265
15895	-75.1398
15896	-74.3551
15897	-73.7835
15898	-74.3731
15899	-74.1757
15900	-73.054
15901	-72.4372
15902	-71.4863
15903	-71.3268
15904	-70.9629
15905	-68.531
15906	-63.6443
15907	-62.318
15908	-63.9308
15909	-60.6092
15910	-56.0637
15911	-54.8481
15912	-57.4049
15913	-54.1053
15914	-56.6999
15915	-61.2733
15916	-63.7303
15917	-61.9086
15918	-65.4169
15919	-68.8808
15920	-71.3816
15921	-71.1221
15922	-71.9122
15923	-72.4523
15924	-72.714
15925	-73.6412
15926	-74.1565
15927	-73.8273
15928	-75.1029
15929	-74.3819
15930	-74.5631
15931	-73.9398
15932	-73.0435
15933	-71.9596
15934	-72.1132
15935	-71.5566
15936	-71.0516
15937	-71.2743
15938	-68.6916
15939	-65.8617
15940	-65.7204
15941	-68.0265
15942	-71.5306
15943	-73.0672
15944	-74.0131
15945	-73.9659
15946	-74.1273
15947	-74.4008
15948	-74.3652
15949	-73.8038
15950	-73.5329
15951	-73.5337
15952	-73.6575
15953	-72.943
15954	-71.9777
15955	-71.2346
15956	-69.552
15957	-68.8195
15958	-68.3518
15959	-67.817
15960	-65.841
15961	-66.7324
15962	-69.0345
15963	-66.3198
15964	-66.2434
15965	-68.3976
15966	-68.9507
15967	-69.8356
15968	-70.9231
15969	-72.2075
15970	-72.3224
15971	-70.0506
15972	-66.6867
15973	-64.5386
15974	-63.3291
15975	-64.8951
15976	-68.5167
15977	-70.3812
15978	-70.7154
15979	-69.8922
15980	-67.1486
15981	-63.5729
15982	-57.4037
15983	-53.1829
15984	-52.9976
15985	-54.8273
15986	-55.8278
15987	-61.2344
15988	-64.6332
15989	-67.2298
15990	-68.5246
15991	-68.9293
15992	-70.7078
15993	-69.2845
15994	-68.6539
15995	-69.0522
15996	-69.6617
15997	-72.0878
15998	-73.5817
15999	-74.0101
16000	-74.0052
16001	-74.2944
16002	-73.7955
16003	-72.5131
16004	-72.6762
16005	-71.7151
16006	-66.0413
16007	-64.1473
16008	-69.7755
16009	-72.2346
16010	-71.7266
16011	-71.79
16012	-72.6697
16013	-72.4453
16014	-72.4569
16015	-72.3706
16016	-72.2025
16017	-71.8377
16018	-72.6204
16019	-72.6829
16020	-72.1791
16021	-70.7286
16022	-69.6588
16023	-69.0284
16024	-68.6363
16025	-68.1039
16026	-67.044
16027	-65.8783
16028	-63.4262
16029	-60.9372
16030	-57.9038
16031	-52.5926
16032	-42.9225
16033	-38.0095
16034	-34.9083
16035	-38.0473
16036	-41.6947
16037	-49.6469
16038	-56.0415
16039	-58.3386
16040	-59.752
16041	-62.552
16042	-64.8584
16043	-67.2049
16044	-67.6343
16045	-67.9701
16046	-69.2644
16047	-70.7789
16048	-70.9911
16049	-71.1608
16050	-71.8068
16051	-72.886
16052	-72.4945
16053	-71.9019
16054	-72.4307
16055	-73.0054
16056	-72.7195
16057	-73.2848
16058	-73.481
16059	-72.7686
16060	-71.6781
16061	-72.0134
16062	-71.9361
16063	-71.2801
16064	-72.2327
16065	-73.6047
16066	-73.6885
16067	-74.1643
16068	-74.1158
16069	-74.4808
16070	-74.3758
16071	-72.9435
16072	-70.9813
16073	-68.4919
16074	-68.4659
16075	-69.1651
16076	-70.5919
16077	-71.0932
16078	-70.9738
16079	-69.8955
16080	-67.3121
16081	-63.7737
16082	-57.5354
16083	-53.596
16084	-53.568
16085	-55.3986
16086	-56.172
16087	-61.3036
16088	-64.8387
16089	-67.3899
16090	-69.2064
16091	-70.152
16092	-68.8398
16093	-64.8928
16094	-64.169
16095	-63.8953
16096	-61.9222
16097	-63.1004
16098	-69.1043
16099	-70.9441
16100	-70.5685
16101	-69.6273
16102	-66.9488
16103	-65.3432
16104	-64.4708
16105	-62.1556
16106	-53.7866
16107	-52.3142
16108	-59.8806
16109	-65.04
16110	-66.0651
16111	-67.5293
16112	-70.5235
16113	-71.8945
16114	-71.2094
16115	-72.1359
16116	-70.6042
16117	-67.9778
16118	-71.0332
16119	-73.3985
16120	-74.6843
16121	-75.0371
16122	-74.4207
16123	-73.4327
16124	-73.6891
16125	-73.0015
16126	-73.2255
16127	-72.7364
16128	-71.6951
16129	-70.2333
16130	-70.0334
16131	-71.7591
16132	-73.0111
16133	-72.8109
16134	-72.0531
16135	-71.8102
16136	-73.0475
16137	-72.746
16138	-72.8798
16139	-73.1918
16140	-73.3104
16141	-72.7761
16142	-72.6361
16143	-71.3299
16144	-70.1596
16145	-69.8951
16146	-69.0165
16147	-69.2887
16148	-68.3217
16149	-65.8085
16150	-62.8975
16151	-61.6451
16152	-59.4647
16153	-57.5736
16154	-52.977
16155	-28.0238
16156	-16.7201
16157	-15.4532
16158	-23.7093
16159	-46.2952
16160	-57.8463
16161	-60.5327
16162	-63.4286
16163	-65.5128
16164	-66.5723
16165	-68.489
16166	-69.3097
16167	-69.5246
16168	-70.8629
16169	-72.2674
16170	-72.8231
16171	-73.4355
16172	-73.4534
16173	-73.324
16174	-72.9079
16175	-73.219
16176	-72.9384
16177	-73.265
16178	-72.0395
16179	-71.5592
16180	-71.4523
16181	-71.4394
16182	-68.6226
16183	-66.2633
16184	-66.2099
16185	-67.1402
16186	-68.0291
16187	-70.9051
16188	-72.7409
16189	-73.9869
16190	-74.256
16191	-74.2185
16192	-73.8331
16193	-73.8435
16194	-73.1544
16195	-71.8997
16196	-67.9835
16197	-69.1709
16198	-72.1203
16199	-71.3559
16200	-70.317
16201	-68.5741
16202	-66.5295
16203	-64.6661
16204	-63.8562
16205	-60.8739
16206	-52.2378
16207	-51.008
16208	-58.8693
16209	-64.2914
16210	-65.1811
16211	-67.0933
16212	-69.7844
16213	-71.3411
16214	-71.0084
16215	-71.1796
16216	-67.5173
16217	-63.4235
16218	-68.1314
16219	-68.7361
16220	-70.502
16221	-72.204
16222	-71.456
16223	-71.2331
16224	-69.9386
16225	-68.3619
16226	-66.8291
16227	-64.7123
16228	-61.1912
16229	-55.5888
16230	-57.9291
16231	-61.7951
16232	-65.1212
16233	-66.6055
16234	-67.9279
16235	-69.5217
16236	-71.1856
16237	-72.7296
16238	-72.8166
16239	-70.9794
16240	-71.3056
16241	-72.7539
16242	-73.7627
16243	-74.2855
16244	-74.2717
16245	-74.4002
16246	-74.3397
16247	-74.1229
16248	-73.2139
16249	-69.1863
16250	-65.9874
16251	-67.3338
16252	-67.0708
16253	-65.8625
16254	-68.908
16255	-71.7035
16256	-71.6793
16257	-71.7743
16258	-72.5344
16259	-73.724
16260	-73.7204
16261	-73.8308
16262	-74.1676
16263	-73.9732
16264	-73.8926
16265	-74.3016
16266	-73.9847
16267	-72.9455
16268	-72.5258
16269	-71.0195
16270	-70.848
16271	-69.5823
16272	-67.6821
16273	-65.6153
16274	-64.0239
16275	-63.4848
16276	-60.3087
16277	-51.9102
16278	-41.5351
16279	-35.0982
16280	-37.6687
16281	-47.3269
16282	-56.4837
16283	-60.1824
16284	-61.68
16285	-62.9822
16286	-65.3208
16287	-68.2279
16288	-70.2267
16289	-70.6655
16290	-70.5582
16291	-70.4176
16292	-71.2061
16293	-72.4999
16294	-73.5086
16295	-74.6341
16296	-73.3205
16297	-73.3147
16298	-74.3574
16299	-73.2861
16300	-71.9932
16301	-71.4087
16302	-71.507
16303	-71.927
16304	-72.7153
16305	-71.3974
16306	-66.9447
16307	-66.1901
16308	-71.5143
16309	-73.2692
16310	-73.2038
16311	-72.7507
16312	-73.1533
16313	-73.9722
16314	-74.2745
16315	-74.4901
16316	-74.8668
16317	-73.5479
16318	-71.657
16319	-71.1288
16320	-72.5079
16321	-72.0877
16322	-70.6491
16323	-71.1053
16324	-70.2175
16325	-68.7478
16326	-67.7043
16327	-65.8963
16328	-63.0678
16329	-57.7641
16330	-60.6915
16331	-63.6367
16332	-66.3166
16333	-67.6955
16334	-69.0498
16335	-70.3434
16336	-71.4718
16337	-71.4211
16338	-69.0492
16339	-63.6964
16340	-62.5047
16341	-65.0606
16342	-63.6708
16343	-64.8769
16344	-69.2451
16345	-70.2725
16346	-68.8607
16347	-67.9508
16348	-64.0723
16349	-58.2154
16350	-52.9686
16351	-54.9067
16352	-54.7741
16353	-53.0125
16354	-58.0467
16355	-64.321
16356	-68.071
16357	-69.3538
16358	-69.9569
16359	-70.5535
16360	-69.3125
16361	-68.7813
16362	-70.0491
16363	-67.909
16364	-70.5753
16365	-73.6386
16366	-74.0671
16367	-74.325
16368	-74.0824
16369	-74.336
16370	-73.9448
16371	-72.7259
16372	-71.2434
16373	-69.6044
16374	-69.4294
16375	-70.8314
16376	-71.9048
16377	-72.9144
16378	-72.9697
16379	-73.2144
16380	-72.9085
16381	-72.1264
16382	-72.1846
16383	-71.851
16384	-72.0318
16385	-72.2242
16386	-72.3713
16387	-71.1146
16388	-71.0009
16389	-70.0645
16390	-68.612
16391	-68.2261
16392	-68.0384
16393	-66.5321
16394	-64.9382
16395	-62.6634
16396	-59.4469
16397	-57.8537
16398	-53.2025
16399	-45.606
16400	-39.1736
16401	-42.0553
16402	-40.9806
16403	-39.0817
16404	-45.3139
16405	-53.2548
16406	-57.8596
16407	-60.2613
16408	-63.4029
16409	-65.2366
16410	-66.9562
16411	-67.9242
16412	-68.4239
16413	-68.7383
16414	-69.8522
16415	-70.8266
16416	-71.4979
16417	-72.8077
16418	-71.9789
16419	-72.0064
16420	-72.0829
16421	-71.9407
16422	-72.2224
16423	-72.897
16424	-73.498
16425	-72.5013
16426	-72.5048
16427	-72.5031
16428	-70.2333
16429	-67.7704
16430	-69.1742
16431	-71.398
16432	-72.974
16433	-73.8703
16434	-74.3875
16435	-74.1047
16436	-73.8825
16437	-73.9724
16438	-73.6384
16439	-70.2669
16440	-68.167
16441	-70.41
16442	-68.3663
16443	-69.5723
16444	-70.1661
16445	-69.2682
16446	-69.046
16447	-67.8557
16448	-63.9586
16449	-58.0581
16450	-53.157
16451	-55.1889
16452	-54.2553
16453	-52.8868
16454	-58.2142
16455	-64.2757
16456	-68.2059
16457	-69.3447
16458	-70.5428
16459	-69.1999
16460	-64.9476
16461	-63.9363
16462	-64.6749
16463	-63.0814
16464	-64.4298
16465	-69.7644
16466	-71.6217
16467	-71.4514
16468	-70.7009
16469	-69.0936
16470	-68.0806
16471	-66.8396
16472	-64.3048
16473	-62.9568
16474	-61.3141
16475	-64.897
16476	-66.0609
16477	-68.3171
16478	-69.4076
16479	-69.877
16480	-70.6298
16481	-70.7621
16482	-72.0301
16483	-73.0205
16484	-72.0336
16485	-72.2653
16486	-73.6924
16487	-74.6099
16488	-74.3964
16489	-74.3183
16490	-73.7646
16491	-73.3186
16492	-72.9257
16493	-73.2678
16494	-73.0397
16495	-70.0072
16496	-65.0983
16497	-66.9509
16498	-71.9536
16499	-72.6372
16500	-71.1637
16501	-71.4695
16502	-71.6824
16503	-71.8687
16504	-73.7141
16505	-74.6089
16506	-73.4688
16507	-73.4427
16508	-74.5008
16509	-73.6628
16510	-72.896
16511	-71.6457
16512	-70.8014
16513	-70.8659
16514	-71.6322
16515	-70.4269
16516	-69.0071
16517	-66.3608
16518	-63.0177
16519	-61.6878
16520	-60.9247
16521	-56.6142
16522	-48.7889
16523	-43.7692
16524	-41.6645
16525	-48.2183
16526	-54.0988
16527	-61.6963
16528	-64.5026
16529	-63.9598
16530	-65.4684
16531	-68.6503
16532	-70.251
16533	-71.2986
16534	-71.4911
16535	-72.6473
16536	-73.177
16537	-74.5646
16538	-74.2353
16539	-73.9025
16540	-74.0116
16541	-74.9097
16542	-74.0671
16543	-73.5267
16544	-73.4129
16545	-72.4413
16546	-71.9615
16547	-71.9926
16548	-71.7373
16549	-69.2155
16550	-65.8648
16551	-67.4081
16552	-66.913
16553	-66.1377
16554	-69.4517
16555	-73.2172
16556	-74.1843
16557	-74.6463
16558	-74.438
16559	-74.0809
16560	-74.1738
16561	-73.6591
16562	-72.7267
16563	-72.2572
16564	-71.928
16565	-73.0251
16566	-72.436
16567	-71.1938
16568	-69.5768
16569	-68.1609
16570	-67.3055
16571	-65.4299
16572	-61.8349
16573	-60.1672
16574	-58.6291
16575	-62.8776
16576	-64.9716
16577	-67.7248
16578	-69.091
16579	-70.266
16580	-71.1763
16581	-71.7578
16582	-71.9135
16583	-70.6494
16584	-70.4235
16585	-66.304
16586	-62.4822
16587	-67.2658
16588	-70.9298
16589	-71.0037
16590	-71.0419
16591	-69.6343
16592	-66.7422
16593	-64.6612
16594	-63.5449
16595	-56.4649
16596	-50.1512
16597	-52.5852
16598	-61.3045
16599	-63.3488
16600	-64.2611
16601	-66.3734
16602	-68.95
16603	-69.8096
16604	-71.3895
16605	-71.6387
16606	-68.3086
16607	-68.2829
16608	-72.1781
16609	-72.9746
16610	-73.7537
16611	-73.6768
16612	-74.433
16613	-73.8986
16614	-73.9253
16615	-72.1957
16616	-70.9634
16617	-69.2955
16618	-66.9831
16619	-64.9206
16620	-66.798
16621	-70.0347
16622	-71.4451
16623	-71.3675
16624	-71.7684
16625	-72.2364
16626	-72.6516
16627	-73.1397
16628	-73.1439
16629	-72.4861
16630	-73.4048
16631	-73.568
16632	-73.019
16633	-72.3788
16634	-71.3562
16635	-70.3054
16636	-69.145
16637	-69.1396
16638	-67.9161
16639	-66.514
16640	-65.0478
16641	-62.731
16642	-59.5998
16643	-56.6668
16644	-41.6907
16645	-21.6919
16646	-14.7682
16647	-17.2117
16648	-30.1844
16649	-54.0412
16650	-57.4255
16651	-59.1302
16652	-61.3921
16653	-62.442
16654	-65.4198
16655	-67.782
16656	-68.5897
16657	-68.7092
16658	-69.7191
16659	-70.5087
16660	-71.5245
16661	-71.9697
16662	-72.6843
16663	-73.4455
16664	-73.4546
16665	-72.2069
16666	-72.538
16667	-72.8756
16668	-72.4152
16669	-72.49
16670	-72.9235
16671	-72.6929
16672	-71.5953
16673	-70.7482
16674	-71.8368
16675	-71.6582
16676	-72.699
16677	-73.373
16678	-73.362
16679	-73.5066
16680	-73.6982
16681	-74.7276
16682	-75.2041
16683	-74.026
16684	-73.3236
16685	-70.1472
16686	-67.4305
16687	-70.1135
16688	-71.7977
16689	-71.4573
16690	-71.8345
16691	-70.363
16692	-67.3608
16693	-65.2452
16694	-63.6944
16695	-57.2462
16696	-51.3234
16697	-53.9652
16698	-62.291
16699	-63.7486
16700	-64.7324
16701	-66.8627
16702	-69.7465
16703	-70.3981
16704	-70.7351
16705	-68.1154
16706	-62.6789
16707	-62.3907
16708	-63.1865
16709	-63.586
16710	-66.2396
16711	-69.1822
16712	-69.9134
16713	-69.2615
16714	-66.806
16715	-64.3863
16716	-61.9117
16717	-57.7643
16718	-55.0033
16719	-52.043
16720	-54.6734
16721	-59.4077
16722	-64.5376
16723	-67.4449
16724	-70.0939
16725	-71.2488
16726	-71.3197
16727	-71.0736
16728	-69.2945
16729	-67.5337
16730	-69.1343
16731	-71.8381
16732	-73.1226
16733	-75.1982
16734	-74.3788
16735	-74.1171
16736	-73.9267
16737	-73.717
16738	-73.357
16739	-72.1857
16740	-71.8053
16741	-72.2981
16742	-71.8093
16743	-71.8314
16744	-72.912
16745	-73.3708
16746	-72.8577
16747	-72.8327
16748	-72.9719
16749	-72.3045
16750	-71.8829
16751	-72.6787
16752	-72.9206
16753	-71.8605
16754	-71.501
16755	-71.1133
16756	-70.7919
16757	-69.4332
16758	-67.8214
16759	-67.6942
16760	-67.1338
16761	-64.8151
16762	-61.9469
16763	-60.0856
16764	-58.6074
16765	-56.3407
16766	-50.4766
16767	-42.2788
16768	-33.1117
16769	-29.8415
16770	-36.7692
16771	-44.4012
16772	-54.0593
16773	-58.6142
16774	-61.4686
16775	-63.8307
16776	-66.4008
16777	-67.4075
16778	-68.3628
16779	-68.6363
16780	-69.4267
16781	-70.0857
16782	-71.1842
16783	-72.3901
16784	-73.0723
16785	-72.7814
16786	-71.8451
16787	-72.4536
16788	-72.7677
16789	-72.43
16790	-72.1301
16791	-72.297
16792	-71.3403
16793	-71.8669
16794	-72.1524
16795	-68.5213
16796	-63.5118
16797	-66.5446
16798	-71.732
16799	-72.0403
16800	-72.1934
16801	-73.7135
16802	-74.1226
16803	-74.0433
16804	-73.8802
16805	-73.4511
16806	-72.531
16807	-70.4914
16808	-68.3559
16809	-68.4193
16810	-70.1363
16811	-70.5873
16812	-69.1998
16813	-68.4809
16814	-66.6024
16815	-64.0389
16816	-61.6563
16817	-57.2741
16818	-53.9323
16819	-51.2903
16820	-54.2855
16821	-59.1352
16822	-64.2573
16823	-67.1512
16824	-69.8405
16825	-70.5809
16826	-70.6431
16827	-69.3284
16828	-65.3435
16829	-62.2869
16830	-64.9333
16831	-68.8099
16832	-70.8554
16833	-72.571
16834	-71.9537
16835	-70.6562
16836	-70.1133
16837	-69.2568
16838	-68.449
16839	-66.2741
16840	-66.1005
16841	-66.3935
16842	-65.2103
16843	-64.783
16844	-67.6165
16845	-68.2296
16846	-68.6493
16847	-69.6266
16848	-71.5133
16849	-72.1941
16850	-73.1145
16851	-73.6079
16852	-73.4661
16853	-73.4795
16854	-73.6028
16855	-73.9836
16856	-74.259
16857	-74.206
16858	-74.5428
16859	-74.3473
16860	-73.023
16861	-70.304
16862	-66.9521
16863	-66.4374
16864	-66.7437
16865	-67.5219
16866	-70.8115
16867	-71.1907
16868	-71.6747
16869	-72.2841
16870	-71.9301
16871	-73.5412
16872	-73.7254
16873	-74.4584
16874	-75.0255
16875	-74.7614
16876	-73.8044
16877	-74.218
16878	-74.3363
16879	-73.2257
16880	-72.6149
16881	-71.7438
16882	-71.3392
16883	-71.2817
16884	-69.136
16885	-64.8895
16886	-62.3869
16887	-64.5368
16888	-61.7959
16889	-57.0071
16890	-54.0842
16891	-55.6641
16892	-53.908
16893	-55.6773
16894	-60.1361
16895	-63.4256
16896	-61.6509
16897	-64.1254
16898	-68.5036
16899	-70.8686
16900	-70.9761
16901	-71.7932
16902	-72.1396
16903	-72.5652
16904	-73.2895
16905	-74.223
16906	-73.7359
16907	-74.8174
16908	-74.334
16909	-74.5939
16910	-74.1409
16911	-73.451
16912	-71.8954
16913	-72.1712
16914	-71.6765
16915	-70.8916
16916	-71.795
16917	-69.5337
16918	-66.581
16919	-65.4452
16920	-67.7031
16921	-71.1254
16922	-72.9481
16923	-73.8887
16924	-74.1803
16925	-74.0389
16926	-74.2993
16927	-74.4955
16928	-73.8912
16929	-73.4581
16930	-73.4886
16931	-73.5567
16932	-73.1212
16933	-72.1483
16934	-71.447
16935	-69.8349
16936	-69.0189
16937	-68.6636
16938	-68.3642
16939	-66.1187
16940	-66.5632
16941	-69.3464
16942	-66.5547
16943	-66.0426
16944	-68.1067
16945	-68.7019
16946	-69.5576
16947	-70.7173
16948	-72.1109
16949	-72.3316
16950	-70.4223
16951	-67.3705
16952	-64.4659
16953	-63.18
16954	-64.4166
16955	-67.4916
16956	-70.1176
16957	-70.8726
16958	-70.0264
16959	-67.5457
16960	-64.329
16961	-58.4816
16962	-53.3692
16963	-53.1796
16964	-54.3935
16965	-55.0767
16966	-59.9967
16967	-64.2841
16968	-66.6773
16969	-68.3625
16970	-68.8646
16971	-70.1679
16972	-69.84
16973	-68.5689
16974	-68.8175
16975	-69.2966
16976	-71.5232
16977	-73.4435
16978	-73.9249
16979	-73.9564
16980	-74.0895
16981	-73.6845
16982	-72.6008
16983	-72.7262
16984	-72.2419
16985	-67.5922
16986	-64.1161
16987	-68.7974
16988	-72.2879
16989	-72.1171
16990	-71.5916
16991	-72.6794
16992	-72.5552
16993	-72.49
16994	-72.2826
16995	-72.163
16996	-71.6973
16997	-72.3545
16998	-72.6946
16999	-72.3475
17000	-70.9108
17001	-69.7049
17002	-68.925
17003	-68.5316
17004	-68.1356
17005	-67.0947
17006	-66.0268
17007	-63.7665
17008	-61.1342
17009	-58.437
17010	-53.616
17011	-44.8865
17012	-38.0583
17013	-35.1675
17014	-36.5482
17015	-41.0443
17016	-47.9831
17017	-55.0521
17018	-58.084
17019	-59.3461
17020	-62.0181
17021	-64.3509
17022	-66.9588
17023	-67.4874
17024	-67.7717
17025	-69.0822
17026	-70.5795
17027	-70.9098
17028	-70.9525
17029	-71.7135
17030	-72.6073
17031	-72.6652
17032	-71.7782
17033	-72.4414
17034	-72.8893
17035	-72.761
17036	-73.1033
17037	-73.5241
17038	-73.2701
17039	-71.6904
17040	-71.6189
17041	-71.9663
17042	-71.1426
17043	-71.7677
17044	-73.3976
17045	-73.5298
17046	-74.0398
17047	-74.285
17048	-74.4004
17049	-74.6763
17050	-73.2118
17051	-71.4038
17052	-68.57
17053	-68.2646
17054	-68.8849
17055	-70.3937
17056	-71.0485
17057	-70.9492
17058	-70.0614
17059	-67.8467
17060	-64.5754
17061	-58.4906
17062	-53.687
17063	-53.5755
17064	-55.0428
17065	-55.3237
17066	-60.1976
17067	-64.2467
17068	-66.8691
17069	-68.8691
17070	-70.0315
17071	-69.352
17072	-65.4686
17073	-63.9299
17074	-64.0519
17075	-62.288
17076	-62.6905
17077	-68.1247
17078	-71.0607
17079	-70.9428
17080	-69.9662
17081	-67.5995
17082	-65.9159
17083	-64.8393
17084	-63.5327
17085	-55.6885
17086	-52.4348
17087	-58.336
17088	-64.9956
17089	-66.0912
17090	-67.2704
17091	-70.0752
17092	-71.8196
17093	-71.2653
17094	-71.7924
17095	-71.2978
17096	-68.4266
17097	-70.4473
17098	-73.1891
17099	-74.813
17100	-74.8629
17101	-74.5131
17102	-73.5787
17103	-73.4202
17104	-73.221
17105	-73.3798
17106	-72.9063
17107	-71.5906
17108	-70.0645
17109	-69.4854
17110	-71.2075
17111	-72.8333
17112	-72.7944
17113	-72.014
17114	-71.5542
17115	-72.9729
17116	-72.9584
17117	-72.9227
17118	-73.3903
17119	-73.2619
17120	-73.0401
17121	-73.0572
17122	-71.8636
17123	-70.3649
17124	-70.0551
17125	-69.2756
17126	-69.2629
17127	-68.8109
17128	-66.6621
17129	-63.3157
17130	-61.8939
17131	-60.2092
17132	-58.3863
17133	-55.8379
17134	-32.6832
17135	-19.0083
17136	-15.9862
17137	-22.2985
17138	-41.4748
17139	-57.6989
17140	-60.4474
17141	-63.1247
17142	-65.3435
17143	-66.4764
17144	-68.496
17145	-69.4821
17146	-69.7161
17147	-70.9764
17148	-72.125
17149	-72.8897
17150	-73.4798
17151	-73.5322
17152	-73.449
17153	-73.0398
17154	-73.3221
17155	-73.3544
17156	-73.418
17157	-72.2721
17158	-71.502
17159	-71.5347
17160	-71.4614
17161	-69.4129
17162	-66.5261
17163	-66.1531
17164	-67.0926
17165	-67.4686
17166	-70.3978
17167	-72.5214
17168	-73.9446
17169	-74.0283
17170	-74.3159
17171	-73.9376
17172	-73.9223
17173	-73.4532
17174	-72.5618
17175	-68.8521
17176	-68.795
17177	-72.0272
17178	-71.6333
17179	-70.7286
17180	-69.0452
17181	-67.0591
17182	-65.1281
17183	-64.0598
17184	-62.589
17185	-53.9202
17186	-50.9468
17187	-57.1598
17188	-64.4556
17189	-65.3659
17190	-66.8219
17191	-69.6558
17192	-71.2952
17193	-71.0536
17194	-71.3798
17195	-69.489
17196	-64.0551
17197	-67.1927
17198	-68.1078
17199	-69.7113
17200	-71.833
17201	-71.4227
17202	-71.3052
17203	-69.9745
17204	-68.4264
17205	-66.9767
17206	-64.6504
17207	-61.685
17208	-55.5095
17209	-56.1563
17210	-60.6406
17211	-64.2904
17212	-66.3339
17213	-67.4666
17214	-69.0507
17215	-71.0701
17216	-72.2969
17217	-72.7647
17218	-70.8727
17219	-70.4054
17220	-72.2066
17221	-73.3357
17222	-74.2749
17223	-74.151
17224	-74.3944
17225	-74.4023
17226	-74.2266
17227	-73.3816
17228	-70.0026
17229	-66.429
17230	-66.7021
17231	-67.7485
17232	-65.6044
17233	-68.3722
17234	-71.5327
17235	-71.6434
17236	-71.5292
17237	-72.6051
17238	-73.2265
17239	-73.4979
17240	-73.6072
17241	-74.0762
17242	-73.8539
17243	-73.7274
17244	-74.2426
17245	-73.8316
17246	-73.0214
17247	-72.4293
17248	-70.8496
17249	-70.8267
17250	-69.3351
17251	-67.7265
17252	-65.5899
17253	-64.0424
17254	-63.3238
17255	-60.508
17256	-53.0134
17257	-43.0352
17258	-34.8764
17259	-35.4762
17260	-45.1656
17261	-54.6502
17262	-59.3157
17263	-61.1904
17264	-62.6771
17265	-64.3748
17266	-67.6914
17267	-69.4576
17268	-70.4817
17269	-70.4379
17270	-70.0744
17271	-70.6159
17272	-72.2001
17273	-73.2215
17274	-74.2251
17275	-73.4681
17276	-73.0828
17277	-74.2198
17278	-73.3771
17279	-72.3886
17280	-71.5261
17281	-71.6326
17282	-71.689
17283	-72.7707
17284	-72.0384
17285	-68.3572
17286	-66.1074
17287	-70.7245
17288	-73.3438
17289	-73.2872
17290	-72.7431
17291	-72.8828
17292	-73.7237
17293	-74.2184
17294	-74.4334
17295	-75.0571
17296	-73.7409
17297	-71.6822
17298	-70.6812
17299	-72.4572
17300	-72.0017
17301	-70.7876
17302	-71.0974
17303	-70.5839
17304	-68.8255
17305	-67.6257
17306	-65.8832
17307	-63.3546
17308	-57.3432
17309	-58.69
17310	-62.5204
17311	-65.6008
17312	-67.1611
17313	-68.5332
17314	-69.8288
17315	-71.2698
17316	-71.4203
17317	-69.8631
17318	-64.0195
17319	-62.6453
17320	-64.1828
17321	-64.4173
17322	-64.0274
17323	-68.6601
17324	-70.4151
17325	-69.1403
17326	-68.2524
17327	-64.9834
17328	-59.5062
17329	-53.5131
17330	-53.9947
17331	-55.8136
17332	-52.8412
17333	-56.9395
17334	-63.203
17335	-67.6921
17336	-69.3848
17337	-69.7216
17338	-70.729
17339	-69.7543
17340	-68.5682
17341	-70.3205
17342	-68.101
17343	-69.7742
17344	-73.4208
17345	-73.9201
17346	-74.272
17347	-74.2372
17348	-74.3339
17349	-74.0206
17350	-73.0053
17351	-71.7281
17352	-69.9424
17353	-69.7492
17354	-70.7347
17355	-71.7761
17356	-72.8004
17357	-72.9781
17358	-73.1647
17359	-73.1475
17360	-72.3444
17361	-72.2488
17362	-71.9993
17363	-72.0893
17364	-72.5048
17365	-72.3529
17366	-71.2491
17367	-70.9054
17368	-70.3628
17369	-68.8113
17370	-68.294
17371	-68.0216
17372	-66.8569
17373	-65.248
17374	-63.1275
17375	-60.0552
17376	-57.9875
17377	-54.5423
17378	-47.3373
17379	-39.709
17380	-40.7624
17381	-42.4475
17382	-38.7026
17383	-43.524
17384	-51.9127
17385	-57.5111
17386	-59.8833
17387	-63.0128
17388	-64.9748
17389	-66.5482
17390	-67.767
17391	-68.493
17392	-68.4937
17393	-69.7048
17394	-70.7267
17395	-71.4775
17396	-72.8433
17397	-72.1063
17398	-72.0877
17399	-72.0467
17400	-71.9742
17401	-72.1262
17402	-72.8903
17403	-73.2282
17404	-72.4897
17405	-72.4893
17406	-72.4967
17407	-70.5703
17408	-67.3998
17409	-68.4855
17410	-70.8129
17411	-72.6851
17412	-73.5346
17413	-74.3845
17414	-73.9759
17415	-74.1569
17416	-74.0204
17417	-73.7337
17418	-71.1778
17419	-68.1931
17420	-70.1052
17421	-68.7311
17422	-69.2727
17423	-70.2623
17424	-69.4676
17425	-69.0912
17426	-68.0866
17427	-64.7421
17428	-59.1769
17429	-53.5742
17430	-54.1588
17431	-55.3283
17432	-52.6229
17433	-56.9999
17434	-63.1748
17435	-67.8781
17436	-69.1481
17437	-70.4786
17438	-69.6498
17439	-66.0775
17440	-63.6876
17441	-65.0483
17442	-63.3089
17443	-64.1856
17444	-69.4189
17445	-71.5313
17446	-71.7932
17447	-71.2353
17448	-69.3013
17449	-68.5013
17450	-67.5757
17451	-65.1963
17452	-64.1047
17453	-62.3344
17454	-65.0537
17455	-65.9486
17456	-68.0299
17457	-69.1662
17458	-69.5757
17459	-70.5109
17460	-70.669
17461	-71.8898
17462	-72.9835
17463	-72.5939
17464	-72.452
17465	-73.479
17466	-74.5516
17467	-74.5945
17468	-74.3835
17469	-73.9918
17470	-73.5869
17471	-72.8437
17472	-73.0428
17473	-72.9398
17474	-70.725
17475	-65.3221
17476	-65.702
17477	-71.189
17478	-72.3752
17479	-71.4186
17480	-71.065
17481	-71.7022
17482	-71.743
17483	-73.4328
17484	-74.5137
17485	-73.8658
17486	-73.3754
17487	-74.6075
17488	-73.9725
17489	-73.2482
17490	-72.3564
17491	-71.058
17492	-70.9603
17493	-71.5449
17494	-70.8184
17495	-69.4181
17496	-67.2379
17497	-63.89
17498	-62.2714
17499	-61.5677
17500	-58.4361
17501	-51.1507
17502	-46.4573
17503	-42.6205
17504	-47.6037
17505	-53.4369
17506	-61.0895
17507	-64.7081
17508	-63.905
17509	-64.8167
17510	-68.1439
17511	-70.1553
17512	-71.3702
17513	-71.4229
17514	-72.4108
17515	-73.4591
17516	-74.3509
17517	-74.2752
17518	-74.1689
17519	-73.8342
17520	-74.9689
17521	-74.3367
17522	-73.5505
17523	-73.6342
17524	-72.5036
17525	-71.9513
17526	-71.8535
17527	-71.6651
17528	-69.9562
17529	-66.4154
17530	-66.6181
17531	-67.6074
17532	-65.9564
17533	-68.7502
17534	-72.6498
17535	-74.0944
17536	-74.6502
17537	-74.3715
17538	-74.2254
17539	-74.2452
17540	-74.1013
17541	-73.1676
17542	-72.5808
17543	-72.1623
17544	-73.0854
17545	-72.6236
17546	-71.39
17547	-69.9299
17548	-68.529
17549	-67.6873
17550	-66.2719
17551	-62.8256
17552	-61.3317
17553	-59.2135
17554	-63.0078
17555	-65.2883
17556	-67.6555
17557	-68.8334
17558	-70.2943
17559	-71.2118
17560	-71.5477
17561	-72.2524
17562	-71.091
17563	-70.5257
17564	-67.3409
17565	-62.1376
17566	-65.3692
17567	-70.5871
17568	-70.9525
17569	-70.8563
17570	-69.8033
17571	-66.9288
17572	-64.6589
17573	-63.6679
17574	-57.8607
17575	-50.4144
17576	-51.1127
17577	-59.7029
17578	-63.0387
17579	-63.9501
17580	-65.8005
17581	-68.7555
17582	-69.4884
17583	-71.0997
17584	-71.7279
17585	-68.8709
17586	-67.4735
17587	-71.3464
17588	-72.8686
17589	-73.5283
17590	-73.6952
17591	-74.0654
17592	-74.1252
17593	-74.1256
17594	-72.675
17595	-71.195
17596	-69.8396
17597	-67.5527
17598	-64.9399
17599	-66.4733
17600	-69.3692
17601	-71.5054
17602	-71.5038
17603	-71.7012
17604	-72.2854
17605	-72.4742
17606	-73.086
17607	-72.9862
17608	-72.4297
17609	-73.1819
17610	-73.1836
17611	-73.1717
17612	-72.2276
17613	-71.1201
17614	-70.3936
17615	-69.0765
17616	-69.1084
17617	-67.9129
17618	-66.7074
17619	-65.1075
17620	-62.9237
17621	-59.898
17622	-57.0148
17623	-46.8956
17624	-24.3805
17625	-15.474
17626	-16.1694
17627	-26.8233
17628	-50.3011
17629	-56.9257
17630	-58.3486
17631	-60.9821
17632	-62.0964
17633	-64.5896
17634	-67.3949
17635	-68.4542
17636	-68.1855
17637	-69.5877
17638	-70.2451
17639	-71.0626
17640	-71.7326
17641	-72.3547
17642	-72.9433
17643	-73.344
17644	-72.261
17645	-72.2281
17646	-72.9117
17647	-72.7158
17648	-72.2615
17649	-73.1245
17650	-72.794
17651	-72.044
17652	-71.1682
17653	-71.7087
17654	-71.9056
17655	-72.5407
17656	-73.1768
17657	-73.4103
17658	-73.4138
17659	-73.7939
17660	-74.48
17661	-75.0811
17662	-74.0643
17663	-73.513
17664	-70.7255
17665	-67.0095
17666	-69.2439
17667	-71.6755
17668	-71.4235
17669	-71.8129
17670	-70.413
17671	-67.7269
17672	-65.319
17673	-63.9486
17674	-58.5064
17675	-51.4399
17676	-52.3347
17677	-60.5682
17678	-63.5029
17679	-64.2022
17680	-66.3201
17681	-69.1439
17682	-70.1872
17683	-70.5354
17684	-68.4465
17685	-63.4198
17686	-61.7199
17687	-63.8976
17688	-63.2192
17689	-65.6711
17690	-68.8669
17691	-69.8432
17692	-69.7232
17693	-67.5296
17694	-64.7896
17695	-62.7744
17696	-58.7222
17697	-55.8076
17698	-52.2247
17699	-54.4046
17700	-58.6621
17701	-64.2177
17702	-66.9175
17703	-69.9105
17704	-71.1097
17705	-71.4499
17706	-71.3124
17707	-69.7921
17708	-67.877
17709	-68.831
17710	-71.5046
17711	-72.9975
17712	-74.9065
17713	-74.463
17714	-74.1181
17715	-74.0341
17716	-73.8705
17717	-73.383
17718	-72.5395
17719	-71.7417
17720	-72.2636
17721	-72.025
17722	-71.8974
17723	-72.6536
17724	-73.302
17725	-73.0021
17726	-72.7803
17727	-72.9255
17728	-72.3986
17729	-71.908
17730	-72.5755
17731	-73.2436
17732	-72.1892
17733	-71.632
17734	-71.1755
17735	-70.8732
17736	-69.8772
17737	-68.1351
17738	-67.8633
17739	-67.6008
17740	-65.374
17741	-62.4539
17742	-60.5136
17743	-58.9382
17744	-56.9702
17745	-52.2308
17746	-43.5917
17747	-34.7037
17748	-29.8278
17749	-34.6703
17750	-42.5568
17751	-53.1044
17752	-58.0812
17753	-61.1744
17754	-63.5463
17755	-66.1878
17756	-67.4647
17757	-68.3526
17758	-68.9435
17759	-69.3627
17760	-69.9445
17761	-71.0957
17762	-72.3521
17763	-73.236
17764	-73.1286
17765	-71.9445
17766	-72.3391
17767	-72.8187
17768	-72.7808
17769	-72.1193
17770	-72.217
17771	-71.5153
17772	-71.4477
17773	-72.0866
17774	-69.415
17775	-63.7401
17776	-65.0864
17777	-71.3313
17778	-72.0705
17779	-72.0937
17780	-73.4152
17781	-74.4093
17782	-74.0763
17783	-73.8112
17784	-73.6475
17785	-72.6677
17786	-70.97
17787	-68.8864
17788	-68.533
17789	-69.6558
17790	-71.0286
17791	-69.3096
17792	-68.8973
17793	-67.2781
17794	-64.4259
17795	-62.5742
17796	-58.2475
17797	-55.0369
17798	-51.3382
17799	-53.8699
17800	-58.1719
17801	-63.8776
17802	-66.6596
17803	-69.5015
17804	-70.7422
17805	-70.6176
17806	-70.023
17807	-66.2786
17808	-62.8333
17809	-64.4509
17810	-68.2677
17811	-70.4044
17812	-72.0754
17813	-72.1879
17814	-70.8869
17815	-70.1939
17816	-69.6156
17817	-68.5603
17818	-66.2256
17819	-65.4462
17820	-65.7313
17821	-64.5728
17822	-64.017
17823	-66.2332
17824	-67.9681
17825	-68.3745
17826	-69.6175
17827	-70.9046
17828	-71.9948
17829	-73.0811
17830	-73.38
17831	-73.4899
17832	-73.3987
17833	-73.6776
17834	-73.9429
17835	-74.3374
17836	-74.0752
17837	-74.523
17838	-74.6554
17839	-73.3517
17840	-70.852
17841	-67.3881
17842	-66.4654
17843	-66.481
17844	-67.0824
17845	-70.1229
17846	-71.3449
17847	-71.6346
17848	-72.1445
17849	-71.918
17850	-72.9973
17851	-73.7631
17852	-74.3631
17853	-74.9235
17854	-75.0856
17855	-73.9568
17856	-74.1632
17857	-74.41
17858	-73.2898
17859	-72.7683
17860	-71.897
17861	-71.3068
17862	-71.4337
17863	-69.4855
17864	-66.2955
17865	-62.7509
17866	-64.661
17867	-63.0986
17868	-57.9665
17869	-53.7333
17870	-54.3929
17871	-53.5232
17872	-54.4785
17873	-59.2011
17874	-63.1067
17875	-61.6512
17876	-62.7875
17877	-67.7419
17878	-70.1701
17879	-70.802
17880	-71.6166
17881	-71.9495
17882	-72.2852
17883	-72.9806
17884	-73.919
17885	-73.7001
17886	-74.3506
17887	-74.4086
17888	-74.6524
17889	-74.1886
17890	-73.6103
17891	-71.9274
17892	-72.109
17893	-71.7276
17894	-70.8572
17895	-71.8289
17896	-70.6
17897	-67.3955
17898	-65.4595
17899	-67.4806
17900	-70.5446
17901	-72.821
17902	-73.8064
17903	-74.1718
17904	-73.9787
17905	-74.1124
17906	-74.6623
17907	-73.9689
17908	-73.526
17909	-73.6717
17910	-73.2773
17911	-73.2991
17912	-72.41
17913	-71.6469
17914	-70.3007
17915	-69.318
17916	-68.9562
17917	-68.5907
17918	-66.5679
17919	-66.2789
17920	-68.2302
17921	-66.7554
17922	-65.8494
17923	-67.5629
17924	-68.4549
17925	-69.2691
17926	-70.3598
17927	-71.8384
17928	-72.3403
17929	-70.7785
17930	-68.1332
17931	-64.7085
17932	-63.2399
17933	-63.797
17934	-66.3913
17935	-69.9176
17936	-70.5291
17937	-70.1199
17938	-68.0423
17939	-65.0231
17940	-59.6356
17941	-53.8123
17942	-53.2693
17943	-53.5083
17944	-54.6416
17945	-58.8631
17946	-63.5664
17947	-66.2018
17948	-68.4137
17949	-68.962
17950	-69.8211
17951	-70.1696
17952	-68.6914
17953	-68.5522
17954	-69.1617
17955	-71.0343
17956	-73.1877
17957	-73.8911
17958	-73.9003
17959	-73.9555
17960	-73.7607
17961	-72.7544
17962	-72.8751
17963	-72.4057
17964	-69.337
17965	-64.4502
17966	-67.915
17967	-72.3043
17968	-72.5865
17969	-71.5783
17970	-72.7768
17971	-72.6306
17972	-72.5312
17973	-72.2899
17974	-72.2097
17975	-71.5419
17976	-72.1881
17977	-72.84
17978	-72.4424
17979	-71.2706
17980	-69.7773
17981	-69.1016
17982	-68.5245
17983	-68.3327
17984	-67.1084
17985	-66.2393
17986	-64.1478
17987	-61.4113
17988	-59.1272
17989	-54.5731
17990	-46.7658
17991	-38.4989
17992	-35.874
17993	-35.4991
17994	-40.5439
17995	-45.8517
17996	-53.868
17997	-57.8169
17998	-59.025
17999	-61.336
18000	-63.9072
18001	-66.5183
18002	-67.5001
18003	-67.9082
18004	-68.7568
18005	-70.2193
18006	-70.8409
18007	-70.9247
18008	-71.8084
18009	-72.4331
18010	-72.7808
18011	-71.6536
18012	-72.2215
18013	-72.653
18014	-72.8399
18015	-72.9114
18016	-73.5654
18017	-73.2722
18018	-71.829
18019	-71.3985
18020	-71.9653
18021	-71.0648
18022	-71.3988
18023	-72.9498
18024	-73.4518
18025	-73.9016
18026	-74.5888
18027	-74.1853
18028	-74.9056
18029	-73.4159
18030	-71.9186
18031	-68.8073
18032	-68.281
18033	-68.8232
18034	-70.1833
18035	-70.8999
18036	-70.9681
18037	-70.3278
18038	-68.2156
18039	-65.1715
18040	-59.6403
18041	-54.026
18042	-53.6147
18043	-54.2135
18044	-54.8722
18045	-58.8436
18046	-63.7087
18047	-66.4732
18048	-68.7257
18049	-69.8459
18050	-69.3835
18051	-66.2863
18052	-63.743
18053	-63.9206
18054	-62.447
18055	-62.5716
18056	-67.1411
18057	-71.1359
18058	-71.2982
18059	-70.3796
18060	-68.3309
18061	-66.6881
18062	-65.2062
18063	-64.456
18064	-57.9835
18065	-52.9387
18066	-57.1015
18067	-64.8554
18068	-66.2558
18069	-67.2131
18070	-69.7111
18071	-71.7875
18072	-71.4693
18073	-71.5603
18074	-71.9168
18075	-68.9827
18076	-69.9535
18077	-72.9689
18078	-74.5821
18079	-74.8693
18080	-74.632
18081	-73.8432
18082	-73.4166
18083	-73.4172
18084	-73.2264
18085	-72.8812
18086	-71.7361
18087	-70.0113
18088	-69.0146
18089	-70.8317
18090	-72.4874
18091	-72.4734
18092	-72.0413
18093	-71.4015
18094	-72.7222
18095	-73.0636
18096	-72.8022
18097	-73.6191
18098	-73.2101
18099	-73.2065
18100	-73.1715
18101	-72.1582
18102	-70.8241
18103	-70.1103
18104	-69.5629
18105	-69.5315
18106	-69.2602
18107	-67.238
18108	-64.0626
18109	-62.345
18110	-61.0045
18111	-58.8529
18112	-57.2826
18113	-38.0541
18114	-21.6872
18115	-16.8683
18116	-21.3302
18117	-37.3251
18118	-57.6593
18119	-60.5148
18120	-62.9036
18121	-65.1939
18122	-66.5151
18123	-68.3991
18124	-69.6504
18125	-69.987
18126	-70.8583
18127	-71.9646
18128	-73.0451
18129	-73.4968
18130	-73.8185
18131	-73.5701
18132	-73.2508
18133	-73.3414
18134	-73.801
18135	-73.5037
18136	-72.5779
18137	-71.5111
18138	-71.3373
18139	-71.3214
18140	-70.044
18141	-66.8871
18142	-66.0872
18143	-66.7134
18144	-67.046
18145	-69.7099
18146	-72.4183
18147	-73.9486
18148	-74.0403
18149	-74.3503
18150	-74.17
18151	-73.8359
18152	-73.5329
18153	-73.035
18154	-70.1433
18155	-68.6428
18156	-71.9544
18157	-72.001
18158	-71.1306
18159	-69.3922
18160	-67.7397
18161	-65.7471
18162	-64.2118
18163	-63.6803
18164	-56.0141
18165	-51.2519
18166	-55.655
18167	-64.2982
18168	-65.4356
18169	-66.6114
18170	-69.0926
18171	-71.1419
18172	-71.2333
18173	-71.4578
18174	-70.6912
18175	-64.9393
18176	-66.4096
18177	-67.7718
18178	-68.7849
18179	-71.0984
18180	-71.372
18181	-71.2602
18182	-70.1626
18183	-68.6638
18184	-66.8184
18185	-64.6205
18186	-62.1031
18187	-55.7214
18188	-54.7502
18189	-59.6422
18190	-63.2896
18191	-65.9543
18192	-67.1164
18193	-68.688
18194	-70.7055
18195	-71.8489
18196	-72.5532
18197	-71.1265
18198	-69.662
18199	-71.7532
18200	-73.0317
18201	-74.2365
18202	-74.1283
18203	-74.5492
18204	-74.2569
18205	-74.4229
18206	-73.5809
18207	-70.9048
18208	-67.2243
18209	-66.1499
18210	-68.266
18211	-65.6273
18212	-67.7131
18213	-71.1802
18214	-71.6065
18215	-71.5182
18216	-72.6358
18217	-72.939
18218	-73.3379
18219	-73.2131
18220	-74.0325
18221	-73.8225
18222	-73.5909
18223	-74.1602
18224	-73.6596
18225	-72.8118
18226	-72.3421
18227	-70.8194
18228	-70.7282
18229	-69.5634
18230	-67.6914
18231	-65.7868
18232	-64.1341
18233	-63.298
18234	-60.6507
18235	-54.3462
18236	-45.1431
18237	-35.2121
18238	-33.7559
18239	-42.6428
18240	-52.105
18241	-58.3215
18242	-60.5705
18243	-62.1565
18244	-63.5621
18245	-66.9866
18246	-68.7591
18247	-70.3274
18248	-70.241
18249	-69.9055
18250	-70.155
18251	-71.834
18252	-72.8988
18253	-74.0469
18254	-73.6593
18255	-72.8742
18256	-73.8495
18257	-73.5745
18258	-72.7467
18259	-71.651
18260	-71.6578
18261	-71.6386
18262	-72.7252
18263	-72.5918
18264	-69.7058
18265	-66.3977
18266	-70.0336
18267	-73.043
18268	-73.3055
18269	-72.8329
18270	-72.7557
18271	-73.5842
18272	-74.0464
18273	-74.315
18274	-75.0247
18275	-74.0743
18276	-71.8372
18277	-70.2502
18278	-71.8859
18279	-72.2125
18280	-70.9289
18281	-70.9938
18282	-70.7714
18283	-68.9323
18284	-67.5447
18285	-65.7479
18286	-63.5525
18287	-57.3351
18288	-56.8476
18289	-61.4686
18290	-64.6277
18291	-66.7621
18292	-68.1521
18293	-69.4698
18294	-71.1316
18295	-71.3619
18296	-70.2351
18297	-64.5634
18298	-62.7021
18299	-63.2783
18300	-65.0551
18301	-63.555
18302	-68.1222
18303	-70.4467
18304	-69.4307
18305	-68.4433
18306	-65.9279
18307	-60.7327
18308	-54.3874
18309	-53.4448
18310	-56.829
18311	-52.962
18312	-55.7892
18313	-62.0559
18314	-67.0943
18315	-69.3394
18316	-69.7007
18317	-70.7004
18318	-70.1076
18319	-68.5516
18320	-70.2869
18321	-68.4623
18322	-69.096
18323	-73.145
18324	-73.8613
18325	-74.1779
18326	-74.4626
18327	-74.2243
18328	-74.0766
18329	-73.4575
18330	-72.1133
18331	-70.4316
18332	-70.0171
18333	-70.7718
18334	-71.7207
18335	-72.8045
18336	-73.1545
18337	-73.3361
18338	-73.2107
18339	-72.5523
18340	-72.3337
18341	-72.2032
18342	-71.9765
18343	-72.0917
18344	-72.2048
18345	-71.4036
18346	-70.8651
18347	-70.6181
18348	-69.1022
18349	-68.2168
18350	-67.9924
18351	-67.3271
18352	-65.5424
18353	-63.6212
18354	-60.6173
18355	-58.0579
18356	-55.5772
18357	-48.9552
18358	-40.6231
18359	-39.8632
18360	-43.6389
18361	-38.7718
18362	-41.9912
18363	-50.4954
18364	-57.0095
18365	-59.5185
18366	-62.5622
18367	-64.7142
18368	-66.2582
18369	-67.8723
18370	-68.5834
18371	-68.5475
18372	-69.5651
18373	-70.5037
18374	-71.3742
18375	-72.3493
18376	-72.3419
18377	-71.9782
18378	-71.9646
18379	-72.1968
18380	-72.0374
18381	-72.7728
18382	-73.0317
18383	-72.5545
18384	-72.3075
18385	-72.4603
18386	-70.6832
18387	-67.3713
18388	-67.6294
18389	-70.145
18390	-72.3239
18391	-73.4068
18392	-74.1252
18393	-74.1178
18394	-74.4951
18395	-73.8988
18396	-73.9468
18397	-71.9549
18398	-68.4098
18399	-69.4307
18400	-69.2224
18401	-68.898
18402	-70.3969
18403	-69.6425
18404	-69.0774
18405	-68.5296
18406	-65.648
18407	-60.4281
18408	-54.3425
18409	-53.5126
18410	-56.3445
18411	-52.6159
18412	-55.7421
18413	-61.9381
18414	-67.464
18415	-68.9965
18416	-70.2362
18417	-70.1386
18418	-67.1114
18419	-63.71
18420	-65.3004
18421	-63.7194
18422	-64.0622
18423	-68.7501
18424	-71.5235
18425	-72.0643
18426	-71.6975
18427	-69.567
18428	-68.6067
18429	-67.7962
18430	-66.2066
18431	-64.7206
18432	-63.7284
18433	-65.5841
18434	-65.9466
18435	-67.7092
18436	-68.8127
18437	-69.3067
18438	-70.3291
18439	-70.5679
18440	-71.7747
18441	-72.9044
18442	-73.0344
18443	-72.672
18444	-73.3096
18445	-74.4779
18446	-74.6374
18447	-74.4012
18448	-74.3927
18449	-73.8023
18450	-73.0348
18451	-73.066
18452	-73.0174
18453	-71.5557
18454	-65.9004
18455	-64.6653
18456	-69.8985
18457	-72.1134
18458	-71.8155
18459	-70.8749
18460	-71.6208
18461	-71.6659
18462	-73.0075
18463	-74.4807
18464	-74.3002
18465	-73.2876
18466	-74.8429
18467	-74.4297
18468	-73.5775
18469	-72.7676
18470	-71.3919
18471	-71.1105
18472	-71.5489
18473	-71.2276
18474	-70.1298
18475	-68.0546
18476	-64.9141
18477	-62.5918
18478	-62.2698
18479	-60.168
18480	-53.8995
18481	-48.257
18482	-43.9795
18483	-46.9961
18484	-53.0468
18485	-60.2465
18486	-64.5548
18487	-64.1266
18488	-64.1271
18489	-67.5103
18490	-70.0822
18491	-71.3511
18492	-71.4378
18493	-72.2212
18494	-73.619
18495	-73.9973
18496	-74.5254
18497	-74.2206
18498	-73.8488
18499	-75.0096
18500	-74.6777
18501	-73.4998
18502	-73.667
18503	-72.5873
18504	-72.0718
18505	-71.7878
18506	-71.8434
18507	-70.4967
18508	-67.0388
18509	-66.1244
18510	-68.2953
18511	-66.0673
18512	-68.1583
18513	-72.0928
18514	-74.0167
18515	-74.7808
18516	-74.4211
18517	-74.5186
18518	-74.1509
18519	-74.0092
18520	-73.4559
18521	-72.9483
18522	-72.4917
18523	-73.0999
18524	-72.6859
18525	-71.8896
18526	-70.3168
18527	-68.9177
18528	-67.727
18529	-67.1716
18530	-63.9487
18531	-62.397
18532	-60.2037
18533	-62.7867
18534	-65.5461
18535	-67.4
18536	-68.7534
18537	-70.0428
18538	-70.9173
18539	-71.3744
18540	-72.0991
18541	-71.4489
18542	-70.6156
18543	-68.5556
18544	-62.1916
18545	-63.7121
18546	-70.091
18547	-70.6928
18548	-70.7132
18549	-70.0317
18550	-67.5086
18551	-64.8376
18552	-63.6941
18553	-59.2683
18554	-51.0362
18555	-50.0203
18556	-57.6317
18557	-62.7436
18558	-63.4876
18559	-65.2112
18560	-68.2509
18561	-69.3053
18562	-70.8202
18563	-71.8489
18564	-69.4979
18565	-66.7945
18566	-70.3759
18567	-72.7363
18568	-73.3802
18569	-73.5875
18570	-73.8612
18571	-74.1821
18572	-74.0342
18573	-73.0606
18574	-71.5164
18575	-70.3936
18576	-68.0158
18577	-65.26
18578	-66.3037
18579	-68.8599
18580	-71.4412
18581	-71.5636
18582	-71.6583
18583	-72.0986
18584	-72.3701
18585	-72.848
18586	-72.9733
18587	-72.3409
18588	-73.0933
18589	-73.1061
18590	-73.2017
18591	-72.1456
18592	-71.1016
18593	-70.277
18594	-69.2058
18595	-69.0622
18596	-67.9993
18597	-67.1241
18598	-65.1149
18599	-63.0833
18600	-60.1894
18601	-57.3834
18602	-50.7248
18603	-27.5688
18604	-16.5255
18605	-15.4814
18606	-24.0228
18607	-46.3397
18608	-56.4155
18609	-57.737
18610	-60.5929
18611	-61.6513
18612	-63.903
18613	-66.9391
18614	-68.1571
18615	-67.9109
18616	-69.2591
18617	-69.8893
18618	-70.6953
18619	-71.5743
18620	-72.1199
18621	-72.6866
18622	-73.2324
18623	-72.4861
18624	-72.1491
18625	-72.9041
18626	-72.9428
18627	-72.1868
18628	-72.9634
18629	-73.0897
18630	-72.242
18631	-71.5082
18632	-71.5796
18633	-72.3811
18634	-72.5657
18635	-72.9883
18636	-73.4038
18637	-73.4687
18638	-73.8372
18639	-74.1218
18640	-75.0005
18641	-74.2857
18642	-73.5068
18643	-71.439
18644	-66.9642
18645	-68.5049
18646	-71.4425
18647	-71.3187
18648	-71.8181
18649	-70.7422
18650	-68.1951
18651	-65.458
18652	-64.0392
18653	-59.7191
18654	-51.9188
18655	-51.0975
18656	-58.5157
18657	-63.3549
18658	-63.7758
18659	-65.7036
18660	-68.4945
18661	-70.1158
18662	-70.4772
18663	-69.0312
18664	-64.391
18665	-61.0972
18666	-64.0052
18667	-63.0389
18668	-65.2996
18669	-68.5428
18670	-69.7324
18671	-70.0476
18672	-68.227
18673	-65.2988
18674	-63.2739
18675	-59.8465
18676	-56.7648
18677	-52.704
18678	-54.2311
18679	-57.7714
18680	-63.7267
18681	-66.5894
18682	-69.4808
18683	-71.0277
18684	-71.4577
18685	-71.5921
18686	-70.1427
18687	-68.7196
18688	-68.6203
18689	-71.3332
18690	-72.7087
18691	-74.6278
18692	-74.8236
18693	-74.0784
18694	-74.2352
18695	-73.9465
18696	-73.4881
18697	-72.7511
18698	-71.7488
18699	-71.8555
18700	-72.3265
18701	-71.7869
18702	-72.3299
18703	-73.3016
18704	-73.1612
18705	-72.9176
18706	-73.1489
18707	-72.4584
18708	-72.1939
18709	-72.5331
18710	-73.6312
18711	-72.5342
18712	-71.6875
18713	-71.2524
18714	-70.8769
18715	-70.2166
18716	-68.6059
18717	-68.028
18718	-67.8254
18719	-65.8358
18720	-63.1074
18721	-60.9098
18722	-59.2633
18723	-57.4706
18724	-53.7849
18725	-45.0125
18726	-36.7258
18727	-30.195
18728	-33.0127
18729	-41.1307
18730	-52.0504
18731	-57.502
18732	-61.0904
18733	-63.3651
18734	-66.0892
18735	-67.5349
18736	-68.3058
18737	-69.0149
18738	-69.327
18739	-69.9604
18740	-71.1605
18741	-72.1933
18742	-73.1962
18743	-73.3648
18744	-71.9995
18745	-72.1532
18746	-72.8824
18747	-72.9498
18748	-72.2103
18749	-72.1547
18750	-71.6607
18751	-71.0619
18752	-72.0452
18753	-70.1804
18754	-64.3218
18755	-63.8734
18756	-70.3033
18757	-72.1855
18758	-72.0546
18759	-72.9587
18760	-74.4467
18761	-74.1033
18762	-73.7595
18763	-73.9002
18764	-72.7112
18765	-71.5087
18766	-69.4399
18767	-68.5533
18768	-69.3414
18769	-71.4328
18770	-69.6128
18771	-69.2521
18772	-67.8752
18773	-64.965
18774	-63.3551
18775	-59.2674
18776	-55.947
18777	-51.7244
18778	-53.4572
18779	-57.3157
18780	-63.2582
18781	-66.2847
18782	-69.0691
18783	-70.9628
18784	-70.6499
18785	-70.3827
18786	-67.2165
18787	-63.6679
18788	-63.9963
18789	-67.824
18790	-70.1737
18791	-71.7117
18792	-72.3885
18793	-71.3014
18794	-70.2262
18795	-69.9392
18796	-68.8691
18797	-66.4078
18798	-64.7806
18799	-64.8775
18800	-63.7552
18801	-63.1502
18802	-64.7542
18803	-67.6844
18804	-68.1409
18805	-69.1924
18806	-70.3342
18807	-72.0692
18808	-72.9154
18809	-73.2234
18810	-73.5573
18811	-73.02
18812	-73.6582
18813	-74.0439
18814	-74.2309
18815	-74.0946
18816	-74.5738
18817	-74.7395
18818	-73.3966
18819	-71.4556
18820	-67.8702
18821	-66.0949
18822	-66.1748
18823	-66.7457
18824	-69.4996
18825	-71.275
18826	-71.5307
18827	-71.9014
18828	-72.0628
18829	-72.5023
18830	-73.8122
18831	-74.2476
18832	-74.7952
18833	-75.19
18834	-73.9239
18835	-74.1655
18836	-74.5216
18837	-73.308
18838	-72.6834
18839	-72.067
18840	-71.2516
18841	-71.3411
18842	-69.8741
18843	-67.267
18844	-63.3336
18845	-64.4994
18846	-63.9333
18847	-59.11
18848	-53.539
18849	-53.3777
18850	-52.7123
18851	-52.5656
18852	-57.3336
18853	-62.0715
18854	-61.7144
18855	-61.7096
18856	-66.9101
18857	-69.4338
18858	-70.6649
18859	-71.277
18860	-71.9054
18861	-72.054
18862	-72.6131
18863	-73.5869
18864	-73.9423
18865	-74.0317
18866	-74.724
18867	-74.3303
18868	-74.3106
18869	-73.5
18870	-72.0883
18871	-72.1637
18872	-71.8126
18873	-71.026
18874	-71.6809
18875	-70.9315
18876	-68.111
18877	-65.6838
18878	-67.2066
18879	-70.0655
18880	-72.8152
18881	-73.6199
18882	-74.0937
18883	-73.7906
18884	-74.1195
18885	-74.6114
18886	-74.022
18887	-73.6047
18888	-73.5932
18889	-73.1322
18890	-73.4057
18891	-72.7953
18892	-71.6697
18893	-70.594
18894	-69.4662
18895	-69.1399
18896	-68.9297
18897	-67.2406
18898	-65.9977
18899	-67.4998
18900	-66.9577
18901	-65.666
18902	-66.9502
18903	-68.2271
18904	-68.9719
18905	-69.9919
18906	-71.6737
18907	-72.1807
18908	-70.9902
18909	-68.5035
18910	-64.8894
18911	-63.4151
18912	-63.1139
18913	-65.478
18914	-69.26
18915	-70.5515
18916	-70.2184
18917	-68.704
18918	-65.7643
18919	-60.9482
18920	-54.5544
18921	-53.1429
18922	-52.9206
18923	-54.5126
18924	-57.813
18925	-62.8158
18926	-65.651
18927	-68.3782
18928	-68.9981
18929	-69.5473
18930	-70.3149
18931	-68.5869
18932	-68.5512
18933	-69.2126
18934	-70.4853
18935	-72.7879
18936	-73.9858
18937	-73.8815
18938	-74.0978
18939	-73.8551
18940	-73.1403
18941	-72.8928
18942	-72.5958
18943	-70.611
18944	-65.1415
18945	-67.0931
18946	-72.1913
18947	-72.8409
18948	-71.6455
18949	-72.8897
18950	-72.8514
18951	-72.6152
18952	-72.2797
18953	-72.3207
18954	-71.5851
18955	-71.9931
18956	-72.8354
18957	-72.4496
18958	-71.4419
18959	-70.0639
18960	-69.051
18961	-68.4261
18962	-68.5501
18963	-67.1537
18964	-66.4171
18965	-64.4973
18966	-61.869
18967	-59.3126
18968	-55.5111
18969	-48.6768
18970	-39.3018
18971	-36.9659
18972	-34.8458
18973	-40.4436
18974	-43.9193
18975	-52.6384
18976	-57.5972
18977	-58.817
18978	-60.8025
18979	-63.4591
18980	-66.0038
18981	-67.2307
18982	-67.6662
18983	-68.5514
18984	-69.682
18985	-70.7406
18986	-70.9548
18987	-71.5376
18988	-72.2743
18989	-72.9506
18990	-71.8361
18991	-72.1137
18992	-72.2359
18993	-73.011
18994	-72.7503
18995	-73.5037
18996	-73.1754
18997	-72.0695
18998	-71.1972
18999	-71.7902
19000	-70.9508
19001	-70.9872
19002	-72.3843
19003	-73.4822
19004	-73.8153
19005	-74.6234
19006	-73.9784
19007	-74.7426
19008	-73.6116
19009	-72.4401
19010	-69.2905
19011	-68.1394
19012	-68.6995
19013	-69.7176
19014	-70.7224
19015	-70.9962
19016	-70.5192
19017	-68.739
19018	-65.7282
19019	-61.007
19020	-54.588
19021	-53.4386
19022	-53.5339
19023	-54.7323
19024	-57.6679
19025	-62.9875
19026	-66.0323
19027	-68.3235
19028	-69.8363
19029	-69.6275
19030	-67.0359
19031	-63.8162
19032	-63.8764
19033	-62.9375
19034	-62.6117
19035	-66.2083
19036	-71.0891
19037	-71.4796
19038	-70.518
19039	-68.9395
19040	-66.981
19041	-65.5736
19042	-65.0318
19043	-60.4766
19044	-53.8375
19045	-56.2374
19046	-64.5779
19047	-66.4733
19048	-67.2536
19049	-69.1556
19050	-71.4439
19051	-71.8108
19052	-71.3584
19053	-72.2066
19054	-69.9438
19055	-69.7112
19056	-72.7667
19057	-74.3847
19058	-74.9511
19059	-74.7519
19060	-74.034
19061	-73.34
19062	-73.5214
19063	-72.9816
19064	-72.9718
19065	-71.8804
19066	-70.2811
19067	-68.5468
19068	-70.1506
19069	-71.8678
19070	-72.4248
19071	-72.214
19072	-71.4531
19073	-72.2505
19074	-73.1672
19075	-72.9
19076	-73.6652
19077	-73.3004
19078	-73.6839
19079	-73.0371
19080	-72.3989
19081	-71.3805
19082	-70.3985
19083	-69.7716
19084	-69.7521
19085	-69.8488
19086	-67.7814
19087	-64.9934
19088	-62.7369
19089	-61.7207
19090	-59.4346
19091	-58.2234
19092	-44.3137
19093	-24.792
19094	-18.107
19095	-20.7806
19096	-34.0926
19097	-57.1381
19098	-60.456
19099	-62.8391
19100	-65.0933
19101	-66.4686
19102	-68.26
19103	-69.6578
19104	-70.2519
19105	-70.8222
19106	-71.9985
19107	-73.2868
19108	-73.4652
19109	-74.1997
19110	-73.6257
19111	-73.4838
19112	-73.354
19113	-73.8965
19114	-73.5539
19115	-72.9889
19116	-71.5517
19117	-71.2867
19118	-71.3915
19119	-70.6468
19120	-67.1046
19121	-65.9154
19122	-66.2841
19123	-66.8548
19124	-69.0591
19125	-72.0276
19126	-73.7775
19127	-74.162
19128	-74.3656
19129	-74.446
19130	-73.8349
19131	-73.7177
19132	-73.389
19133	-71.3365
19134	-68.7816
19135	-71.7086
19136	-72.4456
19137	-71.4371
19138	-69.9126
19139	-68.2327
19140	-66.2285
19141	-64.6111
19142	-64.33
19143	-58.4221
19144	-51.926
19145	-54.5683
19146	-63.6944
19147	-65.6442
19148	-66.432
19149	-68.735
19150	-71.0192
19151	-71.4792
19152	-71.4045
19153	-71.8579
19154	-66.1965
19155	-65.9556
19156	-67.5299
19157	-67.7998
19158	-70.4701
19159	-71.437
19160	-71.2726
19161	-70.5315
19162	-68.9082
19163	-66.7738
19164	-64.7287
19165	-62.0878
19166	-56.2185
19167	-53.7322
19168	-58.4533
19169	-62.082
19170	-65.3907
19171	-66.7594
19172	-68.3716
19173	-70.1957
19174	-71.5897
19175	-72.4024
19176	-71.4487
19177	-69.2214
19178	-70.9728
19179	-72.7883
19180	-74
19181	-74.0174
19182	-74.4904
19183	-74.2972
19184	-74.3949
19185	-73.7038
19186	-71.7298
19187	-67.7482
19188	-65.8586
19189	-68.4054
19190	-66.0125
19191	-67.065
19192	-70.4262
19193	-71.751
19194	-71.5944
19195	-72.3214
19196	-72.6664
19197	-73.3953
19198	-73.0905
19199	-74.1551
19200	-73.5903
19201	-73.5303
19202	-73.8535
19203	-73.6305
19204	-72.915
19205	-72.1661
19206	-70.95
19207	-70.2831
19208	-69.6072
19209	-67.818
19210	-66.1555
19211	-64.3097
19212	-63.019
19213	-60.8208
19214	-55.4126
19215	-46.466
19216	-35.4981
19217	-32.4797
19218	-39.5946
19219	-49.2866
19220	-57.4106
19221	-60.0357
19222	-61.486
19223	-63.0226
19224	-66.2401
19225	-68.0987
19226	-69.9787
19227	-69.9633
19228	-69.7518
19229	-69.924
19230	-71.3834
19231	-72.4867
19232	-73.8614
19233	-73.5933
19234	-72.7208
19235	-73.5285
19236	-73.6655
19237	-72.9317
19238	-71.9302
19239	-71.5567
19240	-71.7014
19241	-72.6964
19242	-73.0613
19243	-70.7556
19244	-67.0935
19245	-69.4788
19246	-73.116
19247	-73.4743
19248	-72.9495
19249	-72.843
19250	-73.5549
19251	-73.8494
19252	-74.4156
19253	-74.9828
19254	-74.3299
19255	-72.1096
19256	-69.9779
19257	-70.8067
19258	-71.8613
19259	-71.1867
19260	-70.8093
19261	-70.885
19262	-69.1429
19263	-67.5448
19264	-65.8554
19265	-63.6305
19266	-57.7201
19267	-55.5259
19268	-60.362
19269	-63.4867
19270	-66.0446
19271	-67.7072
19272	-69.3861
19273	-70.6762
19274	-71.4326
19275	-70.4911
19276	-65.2908
19277	-62.4541
19278	-62.6388
19279	-65.4039
19280	-63.3348
19281	-67.2809
19282	-70.1897
19283	-69.8298
19284	-68.6639
19285	-66.7899
19286	-61.902
19287	-55.5713
19288	-53.1562
19289	-57.4472
19290	-53.4429
19291	-54.7354
19292	-61.1529
19293	-66.5864
19294	-69.0889
19295	-69.5587
19296	-70.5913
19297	-70.3509
19298	-68.7068
19299	-69.7161
19300	-69.0212
19301	-68.6726
19302	-72.671
19303	-73.6661
19304	-74.1796
19305	-74.5018
19306	-74.0898
19307	-74.1529
19308	-73.7233
19309	-72.5094
19310	-71.0267
19311	-70.2907
19312	-70.7109
19313	-71.8555
19314	-72.7781
19315	-73.1093
19316	-73.4672
19317	-73.1717
19318	-72.6939
19319	-72.1978
19320	-72.44
19321	-71.9353
19322	-71.8988
19323	-72.183
19324	-71.6362
19325	-70.8721
19326	-70.7356
19327	-69.2497
19328	-68.1802
19329	-68.0832
19330	-67.5148
19331	-65.9801
19332	-64.0402
19333	-61.135
19334	-58.2371
19335	-56.6451
19336	-50.3126
19337	-41.849
19338	-39.369
19339	-43.8231
19340	-39.1984
19341	-40.8592
19342	-49.2405
19343	-56.1132
19344	-59.1057
19345	-62.0177
19346	-64.3896
19347	-66.0482
19348	-67.6425
19349	-68.7335
19350	-68.6261
19351	-69.4199
19352	-70.3027
19353	-71.2377
19354	-72.0869
19355	-72.5239
19356	-71.9098
19357	-71.9136
19358	-72.5062
19359	-72.0081
19360	-72.6001
19361	-72.9419
19362	-72.7952
19363	-72.1518
19364	-72.3672
19365	-70.8089
19366	-67.6518
19367	-66.7845
19368	-69.3546
19369	-71.878
19370	-73.4317
19371	-73.7458
19372	-74.2424
19373	-74.2814
19374	-73.8771
19375	-73.9272
19376	-72.7529
19377	-68.8514
19378	-68.8421
19379	-69.7348
19380	-68.5195
19381	-70.3371
19382	-69.8385
19383	-68.892
19384	-68.7527
19385	-66.4054
19386	-61.5943
19387	-55.489
19388	-53.1663
19389	-56.9989
19390	-52.8848
19391	-54.6679
19392	-60.8755
19393	-66.8464
19394	-68.8519
19395	-69.8986
19396	-70.4096
19397	-68.0639
19398	-63.9625
19399	-65.4099
19400	-64.3697
19401	-63.7338
19402	-67.7562
19403	-71.3917
19404	-72.3574
19405	-71.6704
19406	-69.9743
19407	-68.827
19408	-68.0678
19409	-66.8754
19410	-65.3996
19411	-65.4003
19412	-66.2817
19413	-66.1542
19414	-67.3583
19415	-68.4958
19416	-69.2239
19417	-70.1094
19418	-70.6292
19419	-71.5331
19420	-72.6434
19421	-73.5609
19422	-72.717
19423	-73.1157
19424	-74.2403
19425	-74.5796
19426	-74.4661
19427	-74.4182
19428	-73.9618
19429	-73.2669
19430	-73.175
19431	-72.8446
19432	-72.2842
19433	-66.7445
19434	-63.925
19435	-68.6272
19436	-71.8906
19437	-72.2853
19438	-70.8079
19439	-71.6964
19440	-71.5863
19441	-72.5966
19442	-74.3943
19443	-74.5277
19444	-73.3682
19445	-74.4282
19446	-74.6929
19447	-73.9571
19448	-73.2216
19449	-71.839
19450	-71.2164
19451	-71.5212
19452	-71.6327
19453	-70.6466
19454	-68.7121
19455	-65.7075
19456	-62.9999
19457	-62.648
19458	-61.4653
19459	-56.3946
19460	-49.9719
19461	-45.898
19462	-47.1009
19463	-52.8932
19464	-59.3341
19465	-63.9935
19466	-64.4868
19467	-63.4605
19468	-66.7269
19469	-70.1045
19470	-71.5005
19471	-71.4823
19472	-72.1158
19473	-73.4395
19474	-73.8106
19475	-74.7977
19476	-74.1512
19477	-73.7394
19478	-74.7814
19479	-75.0495
19480	-73.6029
19481	-73.5316
19482	-72.8748
19483	-72.2305
19484	-71.8566
19485	-72.0687
19486	-70.9571
19487	-67.9285
19488	-65.9721
19489	-68.5405
19490	-66.2859
19491	-67.4062
19492	-71.4433
19493	-74.0318
19494	-74.5679
19495	-74.6338
19496	-74.4454
19497	-74.1656
19498	-74.0045
19499	-73.5236
19500	-73.1708
19501	-72.8797
19502	-73.0993
19503	-72.7932
19504	-72.0457
19505	-70.4559
19506	-69.2866
19507	-68.0322
19508	-67.7424
19509	-65.1392
19510	-63.3082
19511	-61.6809
19512	-62.6816
19513	-65.6167
19514	-67.0803
19515	-68.67
19516	-69.8113
19517	-70.63
19518	-71.3087
19519	-72.0948
19520	-71.8708
19521	-70.7681
19522	-69.5916
19523	-62.5356
19524	-62.4359
19525	-69.1107
19526	-70.7157
19527	-70.7245
19528	-70.2502
19529	-68.1421
19530	-65.0867
19531	-64.0053
19532	-60.3868
19533	-52.0215
19534	-49.2899
19535	-55.6729
19536	-62.2788
19537	-63.1355
19538	-64.5364
19539	-67.5471
19540	-69.0575
19541	-70.5186
19542	-71.8894
19543	-70.0879
19544	-66.481
19545	-69.3314
19546	-72.7917
19547	-73.1435
19548	-73.6042
19549	-73.8261
19550	-74.2603
19551	-73.9364
19552	-73.1804
19553	-71.7022
19554	-70.8132
19555	-68.6188
19556	-65.7908
19557	-66.1416
19558	-68.3343
19559	-71.2617
19560	-71.8042
19561	-71.5969
19562	-72.1428
19563	-72.3686
19564	-72.4719
19565	-72.9324
19566	-72.3713
19567	-72.6036
19568	-73.2204
19569	-73.2719
19570	-72.2042
19571	-71.2391
19572	-70.4422
19573	-69.3431
19574	-68.5645
19575	-68.1228
19576	-67.1162
19577	-65.1657
19578	-63.3649
19579	-60.5018
19580	-57.6809
19581	-53.4345
19582	-31.3359
19583	-17.9353
19584	-15.1369
19585	-21.7108
19586	-41.4624
19587	-55.7419
19588	-57.3725
19589	-60.1223
19590	-61.3529
19591	-63.2588
19592	-66.2653
19593	-67.9498
19594	-67.8031
19595	-68.7841
19596	-69.6593
19597	-70.492
19598	-71.5969
19599	-72.0363
19600	-72.601
19601	-73.1119
19602	-72.839
19603	-71.937
19604	-72.6504
19605	-73.1373
19606	-72.3967
19607	-72.6077
19608	-73.3294
19609	-72.2347
19610	-71.5846
19611	-71.5259
19612	-72.5846
19613	-72.4856
19614	-72.9006
19615	-73.3798
19616	-73.4422
19617	-73.5423
19618	-73.8545
19619	-75.088
19620	-74.5966
19621	-73.4759
19622	-72.1368
19623	-67.2569
19624	-67.4606
19625	-71.1128
19626	-71.3423
19627	-71.7973
19628	-71.0152
19629	-68.6241
19630	-65.5875
19631	-64.2937
19632	-60.6923
19633	-52.7534
19634	-50.2337
19635	-56.5897
19636	-62.9341
19637	-63.4239
19638	-65.1459
19639	-67.8032
19640	-70.0909
19641	-70.1832
19642	-69.3754
19643	-65.5117
19644	-60.8429
19645	-63.5464
19646	-63.1571
19647	-65.0351
19648	-68.0578
19649	-69.7887
19650	-70.0966
19651	-68.6871
19652	-65.9425
19653	-63.7136
19654	-61.0504
19655	-57.5276
19656	-53.5267
19657	-53.9474
19658	-56.9749
19659	-62.8289
19660	-66.2343
19661	-69.1473
19662	-70.9696
19663	-71.5758
19664	-71.6158
19665	-70.6869
19666	-69.1113
19667	-68.3958
19668	-70.9459
19669	-72.5978
19670	-74.4041
19671	-75.2254
19672	-74.1481
19673	-74.1874
19674	-74.0134
19675	-73.6552
19676	-72.9799
19677	-71.6472
19678	-71.6189
19679	-72.3791
19680	-71.5767
19681	-72.0371
19682	-73.1266
19683	-73.2062
19684	-72.5645
19685	-73.1291
19686	-72.5938
19687	-72.3699
19688	-72.4189
19689	-73.7804
19690	-72.7526
19691	-71.836
19692	-71.3384
19693	-71.1276
19694	-70.6717
19695	-69.0585
19696	-68.0683
19697	-68.011
19698	-66.5949
19699	-63.8648
19700	-61.2454
19701	-59.5927
19702	-57.9408
19703	-55.1346
19704	-46.976
19705	-39.2439
19706	-30.9573
19707	-31.8203
19708	-40.1177
19709	-50.3471
19710	-56.8514
19711	-60.8091
19712	-63.1779
19713	-65.749
19714	-67.3423
19715	-68.1414
19716	-69.2592
19717	-69.3118
19718	-69.9434
19719	-71.3701
19720	-72.0808
19721	-73.11
19722	-73.6158
19723	-72.2462
19724	-72.0588
19725	-72.9239
19726	-73.318
19727	-72.3391
19728	-71.9677
19729	-71.7808
19730	-70.7959
19731	-71.8752
19732	-70.9416
19733	-65.1872
19734	-63.0508
19735	-69.1817
19736	-72.0047
19737	-72.0162
19738	-72.6964
19739	-74.0419
19740	-74.3146
19741	-73.9634
19742	-73.792
19743	-72.8648
19744	-71.9376
19745	-70.0518
19746	-68.6801
19747	-69.1905
19748	-71.4815
19749	-70.1139
19750	-69.2269
19751	-68.2333
19752	-65.6228
19753	-63.7284
19754	-60.3735
19755	-56.7753
19756	-52.4275
19757	-53.081
19758	-56.4977
19759	-62.5148
19760	-65.9013
19761	-68.7189
19762	-70.8658
19763	-70.7523
19764	-70.6876
19765	-68.4017
19766	-64.5387
19767	-63.6497
19768	-67.6558
19769	-70.0132
19770	-71.1245
19771	-72.5632
19772	-71.4899
19773	-70.2553
19774	-70.1736
19775	-69.0364
19776	-66.5941
19777	-63.954
19778	-64.0348
19779	-63.1628
19780	-62.0196
19781	-63.491
19782	-67.259
19783	-67.9687
19784	-68.8615
19785	-69.9946
19786	-71.9256
19787	-72.5567
19788	-73.1037
19789	-73.499
19790	-72.6904
19791	-73.4006
19792	-74.214
19793	-74.0466
19794	-74.3176
19795	-74.6363
19796	-74.614
19797	-73.7313
19798	-71.9229
19799	-68.4458
19800	-65.9721
19801	-65.9059
19802	-66.527
19803	-68.6775
19804	-71.1754
19805	-71.5406
19806	-71.795
19807	-72.3116
19808	-72.2478
19809	-73.657
19810	-74.0175
19811	-74.4492
19812	-75.0772
19813	-74.2154
19814	-74.1158
19815	-74.4509
19816	-73.3818
19817	-72.693
19818	-72.3095
19819	-71.1349
19820	-71.2219
19821	-70.2652
19822	-68.0699
19823	-64.1589
19824	-64.2861
19825	-64.3093
19826	-59.7564
19827	-53.3152
19828	-52.6634
19829	-51.3768
19830	-50.6355
19831	-55.0451
19832	-60.5255
19833	-61.8784
19834	-60.9271
19835	-65.729
19836	-68.6137
19837	-70.6312
19838	-71.033
19839	-71.8194
19840	-71.8825
19841	-72.3926
19842	-73.2821
19843	-73.5488
19844	-73.6863
19845	-74.8138
19846	-73.9009
19847	-74.3084
19848	-73.5552
19849	-72.3687
19850	-72.2546
19851	-71.9466
19852	-71.2612
19853	-71.5869
19854	-71.2993
19855	-68.9049
19856	-66.1473
19857	-66.9814
19858	-69.5926
19859	-72.5504
19860	-73.4485
19861	-73.9117
19862	-73.7391
19863	-74.1378
19864	-74.3308
19865	-74.2165
19866	-73.6643
19867	-73.5853
19868	-73.0146
19869	-73.0858
19870	-72.6875
19871	-71.7493
19872	-70.6561
19873	-69.6225
19874	-69.1839
19875	-69.229
19876	-67.7907
19877	-65.8567
19878	-66.5432
19879	-66.1104
19880	-65.1877
19881	-66.3385
19882	-67.8319
19883	-68.6916
19884	-69.8005
19885	-71.3085
19886	-71.8977
19887	-71.0823
19888	-68.7095
19889	-65.1087
19890	-63.652
19891	-62.6596
19892	-64.8208
19893	-68.6823
19894	-70.2262
19895	-70.3799
19896	-69.1294
19897	-66.2962
19898	-62.1368
19899	-55.5415
19900	-52.9163
19901	-52.6587
19902	-54.6921
19903	-56.6482
19904	-62.0897
19905	-65.167
19906	-68.0429
19907	-68.7811
19908	-69.2936
19909	-70.3907
19910	-68.7503
19911	-68.5633
19912	-69.0454
19913	-69.9331
19914	-72.4911
19915	-73.7685
19916	-73.9844
19917	-73.952
19918	-73.96
19919	-73.5004
19920	-73.0262
19921	-72.7994
19922	-71.5638
19923	-66.2117
19924	-66.4983
19925	-71.6712
19926	-72.806
19927	-71.7919
19928	-72.6441
19929	-73.0108
19930	-72.71
19931	-72.3472
19932	-72.1621
19933	-71.7518
19934	-71.802
19935	-72.4315
19936	-72.2708
19937	-71.7069
19938	-70.2279
19939	-68.9147
19940	-68.4635
19941	-68.4778
19942	-67.4238
19943	-66.4136
19944	-64.795
19945	-62.289
19946	-59.7816
19947	-56.4419
19948	-50.3795
19949	-40.455
19950	-37.6664
19951	-34.6355
19952	-40.0275
19953	-42.4128
19954	-51.1782
19955	-56.9093
19956	-58.6817
19957	-60.3592
19958	-63.0249
19959	-65.4263
19960	-67.1499
19961	-67.5716
19962	-68.1795
19963	-69.3588
19964	-70.7422
19965	-70.9826
19966	-71.3638
19967	-71.9737
19968	-72.9709
19969	-72.0232
19970	-71.8237
19971	-72.0981
19972	-73.2087
19973	-72.6318
19974	-73.2838
19975	-73.335
19976	-72.3226
19977	-71.1111
19978	-71.3984
19979	-71.0195
19980	-70.5684
19981	-71.831
19982	-73.6596
19983	-73.6585
19984	-74.7049
19985	-73.8922
19986	-74.6626
19987	-73.8841
19988	-72.6155
19989	-69.8373
19990	-68.092
19991	-68.2166
19992	-69.5613
19993	-70.5548
19994	-70.988
19995	-70.7084
19996	-69.2299
19997	-66.3175
19998	-62.1622
19999	-55.5448
20000	-53.1048
20001	-53.1628
20002	-54.7217
20003	-56.7238
20004	-61.96
20005	-65.5468
20006	-68.0429
20007	-69.5563
20008	-69.8085
20009	-68.0107
20010	-64.0785
20011	-64.0252
20012	-63.3531
20013	-62.8198
20014	-65.4507
20015	-70.7271
20016	-71.6564
20017	-70.6574
20018	-69.3812
20019	-67.3178
20020	-66.2224
20021	-65.5569
20022	-62.7682
20023	-55.1497
20024	-55.7884
20025	-63.9122
20026	-66.4589
20027	-67.2798
20028	-68.5824
20029	-71.2843
20030	-72.0116
20031	-71.2332
20032	-72.6121
20033	-70.7711
20034	-69.7589
20035	-72.5176
20036	-74.1578
20037	-74.788
20038	-74.9702
20039	-74.3096
20040	-73.3207
20041	-73.5662
20042	-72.8756
20043	-73.1047
20044	-72.0672
20045	-70.3672
20046	-68.0172
20047	-69.4363
20048	-71.3219
20049	-72.6343
20050	-72.2742
20051	-71.649
20052	-71.8246
20053	-73.1197
20054	-73.1003
20055	-73.604
20056	-73.5145
20057	-74.0102
20058	-73.2149
20059	-72.8652
20060	-71.8059
20061	-70.8896
20062	-70.1675
20063	-69.7674
20064	-70.2429
20065	-68.5726
20066	-65.8877
20067	-63.0955
20068	-62.3983
20069	-59.9451
20070	-58.8762
20071	-50.5301
20072	-28.3699
20073	-19.7159
20074	-20.6365
20075	-31.5913
20076	-55.2557
20077	-60.316
20078	-62.8483
20079	-65.0589
20080	-66.3879
20081	-68.2092
20082	-69.7211
20083	-70.5943
20084	-70.7424
20085	-72.0276
20086	-73.1847
20087	-73.6281
20088	-74.1856
20089	-73.7494
20090	-73.7721
20091	-73.4183
20092	-73.9965
20093	-73.6044
20094	-73.4757
20095	-71.6011
20096	-71.437
20097	-71.4973
20098	-71.0106
20099	-67.5379
20100	-65.8192
20101	-66.1608
20102	-66.8673
20103	-68.3974
20104	-71.4943
20105	-73.3707
20106	-74.4027
20107	-74.2652
20108	-74.416
20109	-73.7975
20110	-73.8328
20111	-73.6054
20112	-72.2214
20113	-69.2074
20114	-71.4052
20115	-72.6314
20116	-71.5873
20117	-70.494
20118	-68.6006
20119	-66.5858
20120	-65.279
20121	-64.7174
20122	-60.7424
20123	-52.9774
20124	-53.8838
20125	-62.9919
20126	-65.7958
20127	-66.4598
20128	-68.4931
20129	-70.917
20130	-71.552
20131	-71.4222
20132	-72.4222
20133	-67.8385
20134	-65.8734
20135	-67.6188
20136	-66.7414
20137	-69.4788
20138	-71.4115
20139	-70.933
20140	-70.6706
20141	-68.94
20142	-66.882
20143	-64.9442
20144	-62.1571
20145	-57.098
20146	-53.1099
20147	-57.1327
20148	-60.8627
20149	-64.5943
20150	-66.2163
20151	-68.0437
20152	-69.6876
20153	-71.217
20154	-72.1124
20155	-71.7992
20156	-69.0672
20157	-70.1608
20158	-72.512
20159	-73.6001
20160	-73.9717
20161	-74.299
20162	-74.3922
20163	-74.416
20164	-73.7067
20165	-72.6769
20166	-68.3143
20167	-65.8236
20168	-67.9698
20169	-66.708
20170	-66.3862
20171	-69.6876
20172	-71.9265
20173	-71.6461
20174	-72.0287
20175	-72.6361
20176	-73.4718
20177	-73.0393
20178	-73.6878
20179	-73.5691
20180	-73.6171
20181	-73.5941
20182	-73.4652
20183	-72.9978
20184	-71.973
20185	-71.0944
20186	-70.122
20187	-69.7104
20188	-67.8889
20189	-66.2159
20190	-64.5879
20191	-62.9035
20192	-60.8972
20193	-56.4102
20194	-47.1904
20195	-36.412
20196	-31.6256
20197	-36.6703
20198	-46.5984
20199	-55.9827
20200	-59.2631
20201	-60.8816
20202	-62.4907
20203	-65.4224
20204	-67.4311
20205	-69.4176
20206	-69.8618
20207	-69.8697
20208	-69.7298
20209	-70.7685
20210	-72.041
20211	-73.5251
20212	-73.5949
20213	-72.6897
20214	-73.2364
20215	-73.6678
20216	-72.9492
20217	-72.2222
20218	-71.484
20219	-71.8431
20220	-72.5834
20221	-73.2818
20222	-71.5199
20223	-67.9222
20224	-68.9504
20225	-73.156
20226	-73.3926
20227	-73.0566
20228	-72.9084
20229	-73.3646
20230	-73.8244
20231	-74.3205
20232	-74.8099
20233	-74.5468
20234	-72.4956
20235	-69.9741
20236	-70.0473
20237	-71.7065
20238	-71.6205
20239	-70.7188
20240	-70.9832
20241	-69.4789
20242	-67.6845
20243	-66.0611
20244	-63.4014
20245	-58.4121
20246	-54.6522
20247	-58.7867
20248	-62.1161
20249	-65.3774
20250	-67.1909
20251	-69.245
20252	-70.2765
20253	-71.2351
20254	-70.5296
20255	-66.3765
20256	-62.4426
20257	-62.2521
20258	-65.5089
20259	-63.3897
20260	-66.3684
20261	-69.7354
20262	-70.3014
20263	-68.6725
20264	-67.1978
20265	-63.0003
20266	-56.9702
20267	-53.1935
20268	-56.7237
20269	-54.1135
20270	-54.0274
20271	-59.9671
20272	-66.0781
20273	-68.7518
20274	-69.5335
20275	-70.5033
20276	-70.6814
20277	-68.9304
20278	-69.2689
20279	-69.594
20280	-68.4148
20281	-71.8452
20282	-73.6382
20283	-74.1716
20284	-74.3712
20285	-73.9873
20286	-74.0822
20287	-74.0607
20288	-72.7788
20289	-71.5777
20290	-70.6771
20291	-70.7068
20292	-71.89
20293	-72.646
20294	-73.1004
20295	-73.3456
20296	-73.1824
20297	-72.6358
20298	-72.2572
20299	-72.5231
20300	-72.0291
20301	-71.9137
20302	-72.2309
20303	-71.9808
20304	-70.9759
20305	-70.8208
20306	-69.5571
20307	-68.3138
20308	-68.0386
20309	-67.772
20310	-66.1876
20311	-64.5709
20312	-61.8383
20313	-58.4998
20314	-57.2989
20315	-51.7244
20316	-43.4498
20317	-39.2428
20318	-44.1949
20319	-39.9723
20320	-40.1051
20321	-47.7979
20322	-55.0497
20323	-58.8898
20324	-61.5119
20325	-64.1802
20326	-65.8688
20327	-67.5054
20328	-68.3881
20329	-68.7637
20330	-69.2502
20331	-70.1887
20332	-71.0743
20333	-71.9
20334	-72.779
20335	-72.049
20336	-72.0526
20337	-72.375
20338	-71.9969
20339	-72.3414
20340	-72.7887
20341	-73.1043
20342	-72.1723
20343	-72.1679
20344	-71.012
20345	-68.069
20346	-66.1251
20347	-68.6265
20348	-71.2785
20349	-73.1224
20350	-73.6011
20351	-74.4125
20352	-74.2348
20353	-73.7616
20354	-73.9388
20355	-73.3258
20356	-69.4814
20357	-68.5225
20358	-70.2327
20359	-68.4583
20360	-70.2266
20361	-70.1231
20362	-69.0271
20363	-68.8964
20364	-67.1428
20365	-62.7517
20366	-56.8934
20367	-53.1352
20368	-56.6191
20369	-53.4592
20370	-53.7977
20371	-59.7464
20372	-65.8375
20373	-68.7422
20374	-69.5327
20375	-70.7243
20376	-68.8791
20377	-64.4613
20378	-65.0865
20379	-64.986
20380	-63.5578
20381	-66.7235
20382	-71.1358
20383	-72.4179
20384	-71.7327
20385	-70.4214
20386	-69.1258
20387	-68.4257
20388	-67.3026
20389	-65.9616
20390	-66.1906
20391	-67.3484
20392	-66.413
20393	-66.9014
20394	-68.1859
20395	-69.009
20396	-69.7726
20397	-70.7117
20398	-71.1651
20399	-72.4748
20400	-73.683
20401	-73.0204
20402	-73.0511
20403	-74.1152
20404	-74.4845
20405	-74.4929
20406	-74.4515
20407	-73.999
20408	-73.464
20409	-72.9952
20410	-72.9997
20411	-72.6066
20412	-67.6392
20413	-63.5253
20414	-67.1611
20415	-71.7653
20416	-72.2674
20417	-70.7425
20418	-71.7795
20419	-71.6434
20420	-72.1271
20421	-74.2262
20422	-74.8187
20423	-73.5028
20424	-74.2222
20425	-75.0135
20426	-74.1982
20427	-73.5845
20428	-72.2406
20429	-71.4204
20430	-71.5268
20431	-71.979
20432	-71.2168
20433	-69.3552
20434	-66.5461
20435	-63.6545
20436	-62.9708
20437	-62.051
20438	-58.1108
20439	-51.7608
20440	-48.2755
20441	-47.9184
20442	-53.0035
20443	-58.3343
20444	-63.399
20445	-64.221
20446	-62.9989
20447	-65.7876
20448	-69.5637
20449	-71.2466
20450	-71.7034
20451	-72.0068
20452	-73.0261
20453	-73.7805
20454	-74.9632
20455	-74.2977
20456	-73.6874
20457	-74.4985
20458	-75.1441
20459	-73.8735
20460	-73.6324
20461	-73.1363
20462	-72.2787
20463	-72.0069
20464	-72.2114
20465	-71.2909
20466	-68.914
20467	-66.101
20468	-68.3677
20469	-66.6562
20470	-66.9813
20471	-70.7753
20472	-73.9461
20473	-74.3735
20474	-74.5652
20475	-74.3348
20476	-74.1131
20477	-74.0791
20478	-73.5331
20479	-73.6209
20480	-73.0614
20481	-73.0096
20482	-72.845
20483	-72.2374
20484	-70.7487
20485	-69.7105
20486	-68.3059
20487	-68.2807
20488	-66.3322
20489	-64.0514
20490	-63.3955
20491	-63.0822
20492	-65.7005
20493	-66.8208
20494	-68.4837
20495	-69.573
20496	-70.4047
20497	-71.3139
20498	-72.0011
20499	-72.1535
20500	-70.9479
20501	-70.2979
20502	-63.21
20503	-61.5189
20504	-67.7544
20505	-70.559
20506	-70.9311
20507	-70.5739
20508	-68.773
20509	-65.3848
20510	-63.798
20511	-61.2541
20512	-53.3501
20513	-48.9141
20514	-53.5588
20515	-61.5768
20516	-62.8866
20517	-64.0735
20518	-66.8065
20519	-68.972
20520	-70.1667
20521	-71.556
20522	-70.7258
20523	-66.5263
20524	-68.0782
20525	-72.3417
20526	-73.0525
20527	-73.6697
20528	-73.7233
20529	-74.2784
20530	-73.7215
20531	-73.5293
20532	-71.755
20533	-71.0305
20534	-69.3427
20535	-66.6162
20536	-65.8801
20537	-67.9581
20538	-71.0148
20539	-71.9011
20540	-71.6033
20541	-72.1973
20542	-72.522
20543	-72.1993
20544	-72.673
20545	-72.4513
20546	-72.4487
20547	-73.0294
20548	-73.4963
20549	-72.1399
20550	-71.4831
20551	-70.4226
20552	-69.3958
20553	-68.1435
20554	-68.2248
20555	-67.1505
20556	-65.278
20557	-63.8158
20558	-60.8712
20559	-57.9698
20560	-54.6017
20561	-35.8057
20562	-19.7221
20563	-15.1302
20564	-19.8375
20565	-36.368
20566	-54.8682
20567	-57.0633
20568	-59.2761
20569	-61.2184
20570	-62.6287
20571	-65.4936
20572	-67.4685
20573	-67.8003
20574	-68.3455
20575	-69.5818
20576	-70.4213
20577	-71.4669
20578	-71.9291
20579	-72.293
20580	-73.1557
20581	-72.9739
20582	-71.8648
20583	-72.3694
20584	-72.9028
20585	-72.8259
20586	-72.5173
20587	-73.2673
20588	-72.4312
20589	-71.7211
20590	-71.4996
20591	-72.7115
20592	-72.342
20593	-72.8501
20594	-73.2557
20595	-73.4571
20596	-73.4
20597	-73.8563
20598	-74.943
20599	-74.9928
20600	-73.6058
20601	-72.5292
20602	-67.9133
20603	-66.6321
20604	-70.3959
20605	-71.4844
20606	-71.713
20607	-71.0148
20608	-69.044
20609	-65.8859
20610	-64.2704
20611	-61.5339
20612	-53.9246
20613	-49.7307
20614	-54.5487
20615	-62.0749
20616	-63.148
20617	-64.7074
20618	-67.1529
20619	-69.8813
20620	-70.1156
20621	-69.6325
20622	-66.4656
20623	-60.9569
20624	-62.4349
20625	-63.4676
20626	-64.8114
20627	-67.6485
20628	-69.5843
20629	-70.283
20630	-69.099
20631	-66.6246
20632	-64.1805
20633	-62.1981
20634	-58.2789
20635	-54.6989
20636	-53.7079
20637	-56.5768
20638	-61.8933
20639	-65.7548
20640	-68.6692
20641	-70.7094
20642	-71.567
20643	-71.4764
20644	-71.3543
20645	-69.4821
20646	-68.4474
20647	-70.6526
20648	-72.5281
20649	-74.0634
20650	-75.3699
20651	-74.1233
20652	-74.5863
20653	-74.2199
20654	-73.7701
20655	-73.258
20656	-71.793
20657	-71.389
20658	-72.1679
20659	-71.3516
20660	-71.8811
20661	-72.9792
20662	-73.38
20663	-72.5915
20664	-72.9805
20665	-72.6292
20666	-72.2102
20667	-72.295
20668	-73.5945
20669	-73.0394
20670	-71.9636
20671	-71.6557
20672	-71.2592
20673	-70.9153
20674	-69.4704
20675	-68.2088
20676	-68.2252
20677	-67.2884
20678	-64.5546
20679	-61.6836
20680	-60.06
20681	-58.4776
20682	-56.1055
20683	-49.3552
20684	-41.7317
20685	-32.1538
20686	-31.065
20687	-39.3151
20688	-48.3628
20689	-56.1491
20690	-60.3138
20691	-63.0285
20692	-65.4807
20693	-67.3181
20694	-68.134
20695	-69.3422
20696	-69.2554
20697	-70.0392
20698	-71.4417
20699	-72.0068
20700	-72.9914
20701	-73.748
20702	-72.6158
20703	-72.0045
20704	-72.943
20705	-73.3498
20706	-72.5586
20707	-72.0411
20708	-71.6681
20709	-70.7329
20710	-71.7426
20711	-71.4205
20712	-66.2329
20713	-62.5912
20714	-67.6519
20715	-71.9574
20716	-71.8956
20717	-72.4655
20718	-73.8667
20719	-74.4741
20720	-74.199
20721	-73.7922
20722	-73.1324
20723	-72.4383
20724	-70.7239
20725	-69.0163
20726	-69.3823
20727	-71.1467
20728	-70.675
20729	-69.4075
20730	-68.5375
20731	-66.2386
20732	-64.1985
20733	-61.444
20734	-57.5279
20735	-53.4476
20736	-52.6356
20737	-55.9154
20738	-61.6113
20739	-65.6002
20740	-68.5059
20741	-70.6119
20742	-70.8964
20743	-70.8175
20744	-69.5168
20745	-65.6131
20746	-63.5795
20747	-67.0309
20748	-69.6471
20749	-70.4485
20750	-72.2786
20751	-71.7089
20752	-70.3732
20753	-70.1528
20754	-69.0686
20755	-66.7136
20756	-63.4241
20757	-62.8676
20758	-62.61
20759	-61.1284
20760	-62.3568
20761	-66.5142
20762	-67.7526
20763	-68.627
20764	-69.8413
20765	-71.7195
20766	-72.2408
20767	-72.794
20768	-73.2192
20769	-72.5497
20770	-73.0817
20771	-73.8958
20772	-74.0658
20773	-74.2724
20774	-74.4241
20775	-74.7294
20776	-74.1589
20777	-72.2961
20778	-69.1325
20779	-66.0624
20780	-65.9499
20781	-66.4312
20782	-67.8174
20783	-70.9457
20784	-71.3245
20785	-71.8157
20786	-72.2214
20787	-72.0821
20788	-73.3905
20789	-73.8565
20790	-74.2656
20791	-75.0109
20792	-74.315
20793	-73.8217
20794	-74.4508
20795	-73.5639
20796	-72.6421
20797	-72.4385
20798	-71.2036
20799	-71.0508
20800	-70.363
20801	-68.5165
20802	-64.9896
20803	-64.1273
20804	-64.4063
20805	-60.1924
20806	-52.9772
20807	-51.4133
20808	-50.1237
20809	-49.0803
20810	-52.485
20811	-58.5986
20812	-61.7796
20813	-60.4364
20814	-64.3219
20815	-67.9522
20816	-70.407
20817	-70.5128
20818	-71.5584
20819	-71.6504
20820	-71.9948
20821	-72.7541
20822	-73.4236
20823	-73.4372
20824	-74.6569
20825	-73.6837
20826	-74.2637
20827	-73.7806
20828	-72.7605
20829	-72.1162
20830	-72.1097
20831	-71.5597
20832	-71.3731
20833	-71.7313
20834	-69.8661
20835	-66.7937
20836	-66.9611
20837	-69.189
20838	-72.2786
20839	-73.2646
20840	-73.731
20841	-73.7761
20842	-74.0053
20843	-74.301
20844	-74.4427
20845	-73.7605
20846	-73.4183
20847	-72.7753
20848	-72.8147
20849	-72.6045
20850	-71.6064
20851	-70.9549
20852	-69.974
20853	-69.2608
20854	-69.3263
20855	-68.4141
20856	-65.6317
20857	-65.6654
20858	-65.0572
20859	-64.3651
20860	-65.1968
20861	-67.3063
20862	-68.216
20863	-69.5752
20864	-71.094
20865	-71.6507
20866	-71.2356
20867	-68.9737
20868	-65.4745
20869	-63.754
20870	-62.499
20871	-64.1978
20872	-67.8123
20873	-70.0709
20874	-70.4782
20875	-69.4345
20876	-66.6154
20877	-63.0194
20878	-56.7568
20879	-52.8419
20880	-52.7388
20881	-54.746
20882	-55.6269
20883	-61.0697
20884	-64.7959
20885	-67.4908
20886	-68.5387
20887	-69.087
20888	-70.3503
20889	-69.1274
20890	-68.4076
20891	-68.7318
20892	-69.4642
20893	-72.1254
20894	-73.5481
20895	-74.0961
20896	-74.0091
20897	-74.0347
20898	-73.5738
20899	-72.9424
20900	-72.8595
20901	-72.0952
20902	-67.5825
20903	-66.1772
20904	-70.9421
20905	-72.8222
20906	-72.0642
20907	-72.4177
20908	-73.1757
20909	-72.9333
20910	-72.3415
20911	-71.9654
20912	-71.9418
20913	-71.7252
20914	-72.0552
20915	-72.2053
20916	-71.955
20917	-70.2301
20918	-68.9067
20919	-68.3489
20920	-68.362
20921	-67.567
20922	-66.52
20923	-65.0902
20924	-62.6962
20925	-60.1563
20926	-57.1883
20927	-51.7531
20928	-42.0061
20929	-37.5912
20930	-34.8536
20931	-38.3998
20932	-41.358
20933	-49.5018
20934	-56.0336
20935	-58.5006
20936	-60.0242
20937	-62.703
20938	-64.8385
20939	-66.9182
20940	-67.5032
20941	-67.8602
20942	-68.9245
20943	-70.725
20944	-71.234
20945	-71.1629
20946	-71.8951
20947	-72.7416
20948	-72.3374
20949	-71.5618
20950	-72.2039
20951	-72.987
20952	-72.5866
20953	-73.0215
20954	-73.5352
20955	-72.4574
20956	-71.1784
20957	-71.11
20958	-71.0693
20959	-70.1479
20960	-71.4576
20961	-73.4735
20962	-73.5267
20963	-74.3505
20964	-74.1483
20965	-74.5379
20966	-74.0241
20967	-73.0196
20968	-70.4265
20969	-68.0292
20970	-67.924
20971	-68.9198
20972	-70.3072
20973	-70.9679
20974	-70.7258
20975	-69.405
20976	-66.7198
20977	-62.9875
20978	-56.6481
20979	-52.9195
20980	-53.032
20981	-54.8336
20982	-55.6453
20983	-60.964
20984	-65.1188
20985	-67.4984
20986	-69.3561
20987	-69.9213
20988	-68.6965
20989	-64.393
20990	-63.9677
20991	-63.8999
20992	-62.9344
20993	-64.8709
20994	-70.0496
20995	-71.5972
20996	-70.8695
20997	-69.7879
20998	-67.8676
20999	-66.6388
21000	-65.9857
21001	-64.5554
21002	-56.9074
21003	-55.7719
21004	-63.0583
21005	-66.7688
21006	-67.2313
21007	-68.146
21008	-70.8345
21009	-72.0126
21010	-71.1992
21011	-72.435
21012	-71.5726
21013	-70.0815
21014	-72.1089
21015	-73.8968
21016	-74.688
21017	-74.8507
21018	-74.5125
21019	-73.5359
21020	-73.6178
21021	-72.8887
21022	-73.3472
21023	-72.389
21024	-70.5848
21025	-67.6624
21026	-68.6812
21027	-70.8624
21028	-72.7005
21029	-72.1542
21030	-71.8979
21031	-71.4214
21032	-73.0001
21033	-73.2813
21034	-73.542
21035	-73.6269
21036	-74.2413
21037	-73.473
21038	-73.3614
21039	-72.3018
21040	-71.0383
21041	-70.5142
21042	-69.9602
21043	-70.2676
21044	-69.4681
21045	-66.815
21046	-63.6194
21047	-62.6553
21048	-60.5428
21049	-59.2532
21050	-55.1347
21051	-32.4843
21052	-21.714
21053	-20.893
21054	-29.7091
21055	-52.1888
21056	-60.1481
21057	-62.7472
21058	-64.8334
21059	-66.476
21060	-67.9642
21061	-69.6609
21062	-70.885
21063	-70.8309
21064	-71.9716
21065	-73.0616
21066	-73.5816
21067	-74.1921
21068	-73.9537
21069	-73.8544
21070	-73.469
21071	-74.041
21072	-73.8672
21073	-73.8375
21074	-71.8155
21075	-71.6108
21076	-71.389
21077	-71.1858
21078	-68.1288
21079	-65.9263
21080	-66.1616
21081	-66.8537
21082	-67.8072
21083	-71.0783
21084	-73.0814
21085	-74.449
21086	-74.1556
21087	-74.2658
21088	-74.016
21089	-74.0704
21090	-73.6681
21091	-72.6131
21092	-69.8653
21093	-71.0866
21094	-72.6811
21095	-71.6477
21096	-71.0024
21097	-68.9429
21098	-66.972
21099	-65.6154
21100	-65.0434
21101	-62.7388
21102	-54.4295
21103	-53.5933
21104	-61.7379
21105	-66.0885
21106	-66.4588
21107	-68.3958
21108	-70.6829
21109	-71.6785
21110	-71.6174
21111	-72.3826
21112	-69.5004
21113	-66.191
21114	-67.9093
21115	-65.7335
21116	-68.7188
21117	-71.235
21118	-70.8439
21119	-70.9926
21120	-69.1371
21121	-67.2522
21122	-65.1042
21123	-62.4055
21124	-58.1708
21125	-52.8526
21126	-55.3868
21127	-59.7181
21128	-63.821
21129	-65.7165
21130	-67.6741
21131	-69.2689
21132	-70.9985
21133	-71.8848
21134	-72.0186
21135	-69.109
21136	-69.244
21137	-71.9792
21138	-73.4432
21139	-73.9736
21140	-74.2379
21141	-74.4586
21142	-74.3892
21143	-73.7684
21144	-72.8381
21145	-69.0799
21146	-66.0392
21147	-67.6003
21148	-67.1935
21149	-65.9855
21150	-69.1366
21151	-71.9682
21152	-71.638
21153	-71.7842
21154	-72.5951
21155	-73.3356
21156	-72.9927
21157	-73.1494
21158	-73.5021
21159	-73.556
21160	-73.4384
21161	-73.4281
21162	-73.0171
21163	-72.0619
21164	-71.0432
21165	-69.9277
21166	-69.6552
21167	-67.9282
21168	-66.332
21169	-64.6012
21170	-62.9519
21171	-60.9068
21172	-57.2223
21173	-48.1915
21174	-37.4631
21175	-31.1704
21176	-34.2087
21177	-44.3207
21178	-54.3789
21179	-58.5182
21180	-60.4286
21181	-62.1796
21182	-64.4998
21183	-66.9586
21184	-68.8928
21185	-69.6304
21186	-69.8182
21187	-69.5492
21188	-70.2841
21189	-71.6031
21190	-73.3217
21191	-73.6427
21192	-72.7576
21193	-73.0999
21194	-73.6096
21195	-72.8815
21196	-72.5513
21197	-71.6546
21198	-71.8887
21199	-72.5217
21200	-73.2888
21201	-71.9172
21202	-68.9796
21203	-68.6787
21204	-72.6528
21205	-73.2864
21206	-73.1282
21207	-72.7808
21208	-73.1543
21209	-73.8316
21210	-74.3104
21211	-74.6187
21212	-74.8362
21213	-72.9245
21214	-70.0587
21215	-69.3489
21216	-71.6624
21217	-71.7273
21218	-70.6428
21219	-70.9383
21220	-69.7629
21221	-67.7153
21222	-66.0837
21223	-63.3966
21224	-59.3713
21225	-54.2013
21226	-57.1443
21227	-60.8618
21228	-64.6815
21229	-66.6075
21230	-68.7012
21231	-69.9871
21232	-71.0391
21233	-70.7967
21234	-67.704
21235	-62.4511
21236	-62.1874
21237	-64.9473
21238	-63.7493
21239	-65.2928
21240	-69.222
21241	-70.5024
21242	-68.8519
21243	-67.7248
21244	-64.008
21245	-58.445
21246	-53.4476
21247	-55.6164
21248	-55.0603
21249	-53.6386
21250	-58.8315
21251	-64.9906
21252	-68.4639
21253	-69.4813
21254	-70.2731
21255	-70.808
21256	-69.2649
21257	-69.0568
21258	-70.2735
21259	-68.3158
21260	-71.1233
21261	-73.5945
21262	-74.2637
21263	-74.3746
21264	-74.1261
21265	-74.0447
21266	-74.1561
21267	-73.1277
21268	-71.9856
21269	-70.9757
21270	-70.6931
21271	-71.717
21272	-72.4811
21273	-72.9473
21274	-73.3097
21275	-73.1766
21276	-72.7517
21277	-72.4184
21278	-72.4932
21279	-72.1939
21280	-72.0819
21281	-72.2067
21282	-72.0509
21283	-70.9741
21284	-70.8359
21285	-70.0511
21286	-68.551
21287	-68.1708
21288	-67.9601
21289	-66.6075
21290	-64.9704
21291	-62.4494
21292	-58.8376
21293	-57.6763
21294	-53.2929
21295	-45.4634
21296	-39.4658
21297	-42.7336
21298	-41.1165
21299	-39.5936
21300	-46.0433
21301	-53.8668
21302	-58.6228
21303	-61.1054
21304	-63.8608
21305	-65.7778
21306	-67.302
21307	-68.2116
21308	-68.9048
21309	-69.066
21310	-70.1675
21311	-70.9696
21312	-71.8047
21313	-72.8274
21314	-72.1692
21315	-72.1599
21316	-72.3255
21317	-72.1411
21318	-72.1891
21319	-72.6327
21320	-73.1236
21321	-72.0812
21322	-71.9844
21323	-71.3159
21324	-68.8723
21325	-65.6494
21326	-68.1504
21327	-70.6842
21328	-72.7158
21329	-73.4571
21330	-74.5802
21331	-74.0849
21332	-73.7633
21333	-73.9856
21334	-73.5483
21335	-70.2885
21336	-68.3883
21337	-70.5625
21338	-68.5427
21339	-69.9282
21340	-70.3514
21341	-69.2077
21342	-68.9969
21343	-67.5086
21344	-63.7264
21345	-58.0901
21346	-53.3301
21347	-55.5888
21348	-54.308
21349	-53.259
21350	-58.6883
21351	-64.6912
21352	-68.7115
21353	-69.3427
21354	-70.6732
21355	-69.5027
21356	-65.3374
21357	-64.6257
21358	-65.5908
21359	-63.6407
21360	-66.1354
21361	-70.7502
21362	-72.326
21363	-71.773
21364	-70.9503
21365	-69.1985
21366	-68.648
21367	-67.5504
21368	-66.2948
21369	-66.7191
21370	-68.5193
21371	-67.1053
21372	-66.5688
21373	-67.7678
21374	-68.6201
21375	-69.5305
21376	-70.378
21377	-70.9187
21378	-72.2727
21379	-73.6858
21380	-73.4365
21381	-73.1176
21382	-73.8368
21383	-74.5337
21384	-74.6549
21385	-74.6269
21386	-73.8793
21387	-73.5804
21388	-73.0185
21389	-72.8175
21390	-72.7693
21391	-68.6385
21392	-63.4627
21393	-65.7419
21394	-71.2508
21395	-72.1779
21396	-70.7608
21397	-71.6029
21398	-71.7448
21399	-71.7368
21400	-73.8341
21401	-74.9535
21402	-73.764
21403	-74.0075
21404	-75.257
21405	-74.3073
21406	-73.7757
21407	-72.6941
21408	-71.6819
21409	-71.6834
21410	-72.0662
21411	-71.5697
21412	-69.9554
21413	-67.4836
21414	-64.2076
21415	-63.3178
21416	-62.4724
21417	-59.7512
21418	-53.614
21419	-51.2357
21420	-49.5431
21421	-53.5574
21422	-57.5426
21423	-62.3664
21424	-63.9064
21425	-62.8067
21426	-64.7515
21427	-68.741
21428	-70.9365
21429	-71.8537
21430	-71.7603
21431	-72.7221
21432	-74.0091
21433	-74.8257
21434	-74.3468
21435	-73.834
21436	-74.1319
21437	-75.276
21438	-74.0747
21439	-73.7233
21440	-73.6074
21441	-72.3231
21442	-72.2296
21443	-72.0856
21444	-71.5321
21445	-69.4805
21446	-66.3321
21447	-67.8124
21448	-67.2408
21449	-66.7029
21450	-70.0639
21451	-73.5323
21452	-74.1197
21453	-74.7007
21454	-74.3059
21455	-74.0954
21456	-74.084
21457	-73.5858
21458	-73.8798
21459	-73.2913
21460	-73.0836
21461	-72.9796
21462	-72.398
21463	-71.3034
21464	-70.0718
21465	-68.6116
21466	-68.5263
21467	-67.3863
21468	-64.8183
21469	-64.648
21470	-63.9371
21471	-65.8228
21472	-66.5822
21473	-68.0608
21474	-69.2093
21475	-70.2397
21476	-71.1621
21477	-71.8884
21478	-72.443
21479	-71.1473
21480	-70.8429
21481	-64.2514
21482	-60.8497
21483	-65.8983
21484	-70.1299
21485	-70.854
21486	-70.3334
21487	-69.109
21488	-65.7481
21489	-63.8084
21490	-61.836
21491	-54.9003
21492	-48.8873
21493	-51.7409
21494	-60.573
21495	-62.5913
21496	-63.7631
21497	-66.2547
21498	-69.0122
21499	-69.7601
21500	-71.1202
21501	-71.1377
21502	-66.9021
21503	-67.1509
21504	-71.7066
21505	-72.9225
21506	-73.7607
21507	-73.7514
21508	-74.1054
21509	-73.634
21510	-73.9021
21511	-72.0767
21512	-71.2842
21513	-70.1668
21514	-67.548
21515	-65.7687
21516	-67.7131
21517	-70.7332
21518	-71.796
21519	-71.5809
21520	-72.3469
21521	-72.5068
21522	-72.0286
21523	-72.4984
21524	-72.412
21525	-72.4284
21526	-72.7856
21527	-73.2283
21528	-72.2673
21529	-71.4707
21530	-70.4375
21531	-69.5282
21532	-68.0732
21533	-68.2176
21534	-67.2983
21535	-65.5717
21536	-63.6982
21537	-61.3353
21538	-58.3065
21539	-55.2014
21540	-41.1164
21541	-21.9119
21542	-15.4596
21543	-18.3677
21544	-32.1051
21545	-53.2426
21546	-56.4471
21547	-58.5961
21548	-60.9622
21549	-62.0974
21550	-64.9772
21551	-67.0164
21552	-67.7526
21553	-67.9019
21554	-69.3466
21555	-70.2203
21556	-71.0234
21557	-71.7156
21558	-72.1638
21559	-73.0282
21560	-72.8837
21561	-71.9048
21562	-72.3412
21563	-72.93
21564	-73.1499
21565	-72.5623
21566	-73.3295
21567	-72.6052
21568	-71.8927
21569	-71.4732
21570	-72.731
21571	-72.2901
21572	-72.9538
21573	-73.1887
21574	-73.3113
21575	-73.3558
21576	-73.873
21577	-74.7832
21578	-75.0095
21579	-73.615
21580	-73.0195
21581	-68.8321
21582	-66.0431
21583	-69.6335
21584	-71.6094
21585	-71.3841
21586	-70.9775
21587	-69.6513
21588	-66.3632
21589	-64.1582
21590	-62.1399
21591	-55.2861
21592	-49.5818
21593	-52.6232
21594	-61.0906
21595	-62.8129
21596	-64.0711
21597	-66.3834
21598	-69.4532
21599	-69.9386
21600	-69.9758
21601	-67.2982
21602	-61.4372
21603	-61.4922
21604	-64.0143
21605	-64.5753
21606	-67.4124
21607	-69.4285
21608	-70.2361
21609	-69.5162
21610	-67.2418
21611	-64.7959
21612	-62.9479
21613	-59.1914
21614	-56.162
21615	-53.6878
21616	-56.3328
21617	-61.1872
21618	-65.3877
21619	-68.2625
21620	-70.6329
21621	-71.5562
21622	-71.486
21623	-71.4667
21624	-69.94
21625	-68.6795
21626	-70.4474
21627	-72.3075
21628	-73.6434
21629	-75.2336
21630	-74.1706
21631	-74.0299
21632	-74.3121
21633	-74.1136
21634	-73.3861
21635	-71.9062
21636	-71.1047
21637	-71.9947
21638	-71.2773
21639	-71.7149
21640	-72.7719
21641	-73.2349
21642	-72.7138
21643	-72.8019
21644	-72.6113
21645	-72.231
21646	-72.104
21647	-73.429
21648	-73.2447
21649	-72.2509
21650	-71.7813
21651	-71.6232
21652	-71.2201
21653	-69.9864
21654	-68.4782
21655	-68.5063
21656	-67.7846
21657	-65.1336
21658	-62.246
21659	-60.4172
21660	-59.0514
21661	-56.9494
21662	-51.5166
21663	-43.3913
21664	-33.6698
21665	-30.7269
21666	-38.0809
21667	-46.3185
21668	-55.5334
21669	-59.9452
21670	-62.6763
21671	-65.2065
21672	-67.3901
21673	-68.1691
21674	-69.3391
21675	-69.3355
21676	-69.9613
21677	-70.9898
21678	-72.0247
21679	-72.831
21680	-73.984
21681	-73.1051
21682	-72.0261
21683	-72.9568
21684	-73.6666
21685	-72.8313
21686	-71.9758
21687	-71.6061
21688	-70.7849
21689	-71.6166
21690	-71.7722
21691	-67.4314
21692	-62.4963
21693	-66.0228
21694	-71.6332
21695	-71.5635
21696	-72.2107
21697	-73.5881
21698	-74.4048
21699	-74.34
21700	-73.7694
21701	-73.3959
21702	-72.6978
21703	-71.2191
21704	-69.4087
21705	-69.4655
21706	-70.8406
21707	-70.8677
21708	-69.3612
21709	-68.6886
21710	-66.7815
21711	-64.4149
21712	-62.5069
21713	-58.3739
21714	-54.7873
21715	-52.4175
21716	-55.5531
21717	-60.7106
21718	-65.1909
21719	-67.9961
21720	-70.3886
21721	-70.9113
21722	-70.9459
21723	-70.3025
21724	-66.6916
21725	-63.8357
21726	-66.4274
21727	-69.4645
21728	-69.8437
21729	-71.9779
21730	-71.9208
21731	-70.5858
21732	-70.1419
21733	-69.2671
21734	-67.0296
21735	-63.166
21736	-61.7211
21737	-62.0302
21738	-60.2176
21739	-61.1971
21740	-65.3807
21741	-67.5078
21742	-68.3336
21743	-69.606
21744	-71.3467
21745	-72.0033
21746	-72.5387
21747	-72.8504
21748	-72.5678
21749	-72.6174
21750	-73.7406
21751	-74.054
21752	-74.156
21753	-74.161
21754	-74.7205
21755	-74.6334
21756	-72.717
21757	-69.6743
21758	-66.3159
21759	-66.16
21760	-66.4965
21761	-67.1065
21762	-70.5395
21763	-71.3997
21764	-71.6627
21765	-72.0381
21766	-72.1007
21767	-73.2621
21768	-73.8445
21769	-74.1099
21770	-74.952
21771	-74.4258
21772	-73.8898
21773	-74.3302
21774	-73.8078
21775	-72.4331
21776	-72.2133
21777	-71.5104
21778	-70.8042
21779	-70.2347
21780	-68.824
21781	-65.7153
21782	-63.9257
21783	-64.2252
21784	-60.3799
21785	-52.8865
21786	-49.8641
21787	-49.2797
21788	-48.1338
21789	-50.0607
21790	-56.7401
21791	-61.4404
21792	-60.1683
21793	-62.9783
21794	-67.3337
21795	-69.6199
21796	-70.0457
21797	-71.2088
21798	-71.2604
21799	-71.4935
21800	-72.2276
21801	-73.3097
21802	-73.2152
21803	-74.4942
21804	-73.6606
21805	-74.3395
21806	-73.8315
21807	-73.1988
21808	-71.8802
21809	-72.042
21810	-71.8787
21811	-71.1432
21812	-72.3181
21813	-70.5747
21814	-67.5196
21815	-66.9398
21816	-68.9147
21817	-71.9595
21818	-73.2058
21819	-73.6199
21820	-73.8693
21821	-73.8417
21822	-74.2545
21823	-74.74
21824	-73.731
21825	-73.4504
21826	-72.5806
21827	-72.5711
21828	-72.5503
21829	-71.746
21830	-71.2202
21831	-69.9881
21832	-69.4445
21833	-69.5457
21834	-68.6362
21835	-65.5513
21836	-64.6067
21837	-64.2975
21838	-63.5206
21839	-63.9042
21840	-66.7896
21841	-67.9479
21842	-69.292
21843	-70.849
21844	-71.5157
21845	-71.4839
21846	-69.1842
21847	-65.6877
21848	-63.8465
21849	-62.5707
21850	-63.7256
21851	-67.033
21852	-69.7281
21853	-70.5054
21854	-69.6246
21855	-67.0713
21856	-63.9993
21857	-57.9212
21858	-53.0565
21859	-53.0361
21860	-54.3477
21861	-54.92
21862	-59.9866
21863	-64.4484
21864	-67.0363
21865	-68.4108
21866	-68.9974
21867	-70.1355
21868	-69.4402
21869	-68.3301
21870	-68.4226
21871	-69.1672
21872	-71.6636
21873	-73.5819
21874	-73.954
21875	-74.0702
21876	-73.9935
21877	-73.3824
21878	-72.9377
21879	-72.979
21880	-72.5009
21881	-68.9644
21882	-66.2092
21883	-70.3938
21884	-72.7956
21885	-72.3889
21886	-72.1898
21887	-73.3323
21888	-73.0324
21889	-72.5019
21890	-71.9389
21891	-71.9579
21892	-71.4872
21893	-71.8915
21894	-72.2912
21895	-72.1743
21896	-70.5924
21897	-69.0682
21898	-68.336
21899	-68.2907
21900	-67.714
21901	-66.5873
21902	-65.3958
21903	-63.1763
21904	-60.4385
21905	-57.9516
21906	-53.0369
21907	-43.9627
21908	-37.679
21909	-35.2949
21910	-36.8833
21911	-40.7431
21912	-47.9166
21913	-55.0964
21914	-58.255
21915	-59.6075
21916	-62.3697
21917	-64.4388
21918	-66.7738
21919	-67.3116
21920	-67.795
21921	-68.8402
21922	-70.5426
21923	-70.9673
21924	-71.0717
21925	-71.8279
21926	-72.4879
21927	-72.623
21928	-71.4404
21929	-72.3641
21930	-72.6156
21931	-72.5563
21932	-72.824
21933	-73.6804
21934	-72.6222
21935	-71.0016
21936	-70.7087
21937	-71.1913
21938	-69.956
21939	-70.8925
21940	-73.0082
21941	-73.3739
21942	-74.3011
21943	-74.3856
21944	-74.4521
21945	-74.266
21946	-73.0614
21947	-71.0056
21948	-68.1712
21949	-67.8203
21950	-68.6931
21951	-70.1594
21952	-70.8815
21953	-70.8283
21954	-69.595
21955	-67.1999
21956	-63.7826
21957	-57.6714
21958	-53.0401
21959	-53.129
21960	-54.6951
21961	-54.881
21962	-59.7979
21963	-64.3367
21964	-66.979
21965	-68.9734
21966	-69.919
21967	-69.2305
21968	-65.0071
21969	-63.7722
21970	-64.1192
21971	-62.7734
21972	-64.4916
21973	-69.3928
21974	-71.5121
21975	-71.2308
21976	-70.1329
21977	-68.4496
21978	-67.1361
21979	-66.1506
21980	-65.4582
21981	-59.1411
21982	-56.1918
21983	-62.1586
21984	-66.591
21985	-67.4073
21986	-67.8066
21987	-70.3396
21988	-71.9995
21989	-71.1757
21990	-72.1706
21991	-72.2739
21992	-70.4324
21993	-71.9311
21994	-73.7598
21995	-74.7795
21996	-74.9583
21997	-74.4995
21998	-73.8343
21999	-73.626
22000	-73.0856
22001	-73.3263
22002	-72.4393
22003	-70.5304
22004	-67.654
22005	-67.8095
22006	-70.4126
22007	-72.457
22008	-72.0338
22009	-71.7704
22010	-71.2185
22011	-72.9202
22012	-73.5448
22013	-73.531
22014	-73.8849
22015	-74.0433
22016	-73.5697
22017	-73.6868
22018	-72.5315
22019	-71.2816
22020	-70.8979
22021	-70.1849
22022	-70.3745
22023	-70.1246
22024	-67.6874
22025	-64.0697
22026	-62.9632
22027	-61.4329
22028	-59.8226
22029	-57.765
22030	-37.2237
22031	-24.1282
22032	-21.5538
22033	-28.3838
22034	-48.1512
22035	-60.1589
22036	-62.5378
22037	-64.5578
22038	-66.1121
22039	-67.6853
22040	-69.576
22041	-70.9563
22042	-71.1095
22043	-72.0701
22044	-72.9798
22045	-73.7149
22046	-74.0001
22047	-74.0477
22048	-74.0564
22049	-73.553
22050	-73.8769
22051	-74.3214
22052	-74.0559
22053	-72.1707
22054	-71.5452
22055	-71.3166
22056	-71.1567
22057	-68.9485
22058	-66.2597
22059	-66.1506
22060	-67.0295
22061	-67.295
22062	-70.312
22063	-72.9554
22064	-74.3665
22065	-73.9556
22066	-74.114
22067	-74.2145
22068	-74.0238
22069	-73.8665
22070	-73.1645
22071	-70.7537
22072	-70.8624
22073	-72.7141
22074	-71.9396
22075	-71.2128
22076	-69.3798
22077	-67.5969
22078	-66.0203
22079	-65.4083
22080	-64.4132
22081	-56.3148
22082	-53.6958
22083	-60.3576
22084	-66.1443
22085	-66.6611
22086	-68.0448
22087	-70.3174
22088	-71.4868
22089	-71.601
22090	-72.4713
22091	-70.8457
22092	-66.8535
22093	-67.5474
22094	-65.0311
22095	-67.7872
22096	-70.6575
22097	-70.7819
22098	-71.1117
22099	-69.3222
22100	-67.3829
22101	-65.4079
22102	-62.4355
22103	-59.0255
22104	-52.8793
22105	-53.8433
22106	-58.6799
22107	-63.0307
22108	-65.3351
22109	-67.1614
22110	-68.9271
22111	-70.8481
22112	-71.745
22113	-72.0804
22114	-69.3052
22115	-68.4727
22116	-71.3248
22117	-73.1065
22118	-73.95
22119	-74.2662
22120	-74.5043
22121	-74.3079
22122	-73.75
22123	-73.0268
22124	-69.9529
22125	-66.4759
22126	-67.0811
22127	-67.8104
22128	-65.8778
22129	-68.5042
22130	-71.8113
22131	-71.6507
22132	-71.753
22133	-72.678
22134	-73.1687
22135	-72.8725
22136	-72.7012
22137	-73.3869
22138	-73.4756
22139	-73.4392
22140	-73.3684
22141	-72.9223
22142	-72.1075
22143	-70.8518
22144	-69.9143
22145	-69.45
22146	-67.9523
22147	-66.2733
22148	-64.5749
22149	-62.9355
22150	-61.1097
22151	-57.7776
22152	-49.5805
22153	-39.0762
22154	-31.1058
22155	-32.2143
22156	-42.4216
22157	-52.3819
22158	-57.6679
22159	-59.886
22160	-61.7275
22161	-63.6079
22162	-66.665
22163	-68.3254
22164	-69.4572
22165	-69.5978
22166	-69.2677
22167	-69.8274
22168	-71.2992
22169	-72.8288
22170	-73.4304
22171	-72.6708
22172	-72.9655
22173	-73.4813
22174	-72.9606
22175	-72.913
22176	-71.8286
22177	-71.6832
22178	-72.4851
22179	-73.3358
22180	-72.3593
22181	-70.1485
22182	-68.6693
22183	-72.0512
22184	-73.2773
22185	-73.2331
22186	-72.719
22187	-73.0689
22188	-73.6443
22189	-74.0938
22190	-74.4837
22191	-74.9216
22192	-73.2645
22193	-70.4782
22194	-68.9214
22195	-71.0478
22196	-71.6579
22197	-70.5534
22198	-71.015
22199	-70.1054
22200	-67.7983
22201	-66.0608
22202	-63.5066
22203	-60.2124
22204	-54.0572
22205	-55.4323
22206	-59.8309
22207	-63.999
22208	-66.1656
22209	-68.1095
22210	-69.6341
22211	-70.7785
22212	-70.8164
22213	-68.3808
22214	-62.6637
22215	-62.165
22216	-64.0432
22217	-64.3768
22218	-64.4918
22219	-68.7438
22220	-70.4798
22221	-69.0925
22222	-68.0114
22223	-64.913
22224	-59.8214
22225	-54.0076
22226	-54.7511
22227	-56.1984
22228	-53.5469
22229	-57.6609
22230	-63.9794
22231	-68.1923
22232	-69.3635
22233	-69.9715
22234	-70.7428
22235	-69.7414
22236	-69.0581
22237	-70.4403
22238	-68.5759
22239	-70.4516
22240	-73.4364
22241	-74.1913
22242	-74.4381
22243	-74.0243
22244	-74.0711
22245	-74.4671
22246	-73.3101
22247	-72.1974
22248	-71.0632
22249	-70.8591
22250	-71.6839
22251	-72.5053
22252	-72.7862
22253	-73.0563
22254	-73.3473
22255	-73.0203
22256	-72.5984
22257	-72.5581
22258	-72.1981
22259	-72.2695
22260	-72.253
22261	-72.082
22262	-71.1174
22263	-70.7652
22264	-70.4553
22265	-68.7756
22266	-68.3349
22267	-68.0407
22268	-66.8721
22269	-65.3598
22270	-63.0371
22271	-59.4261
22272	-57.788
22273	-54.7523
22274	-47.4881
22275	-40.0573
22276	-41.5114
22277	-42.6075
22278	-39.3348
22279	-44.374
22280	-52.708
22281	-58.1661
22282	-60.7095
22283	-63.556
22284	-65.6103
22285	-67.0967
22286	-68.2354
22287	-69.1806
22288	-69.0128
22289	-70.1935
22290	-70.8668
22291	-71.7891
22292	-72.9385
22293	-72.4845
22294	-72.6143
22295	-72.269
22296	-72.035
22297	-72.0012
22298	-72.5546
22299	-72.9382
22300	-72.0759
22301	-71.9114
22302	-71.5803
22303	-69.4484
22304	-65.5624
22305	-67.1203
22306	-70.0304
22307	-72.3426
22308	-72.9983
22309	-74.4477
22310	-73.9973
22311	-73.8544
22312	-73.9338
22313	-73.8385
22314	-71.2613
22315	-68.4564
22316	-70.3169
22317	-68.9557
22318	-69.6275
22319	-70.5678
22320	-69.2611
22321	-69.0923
22322	-67.8067
22323	-64.5504
22324	-59.3751
22325	-53.7675
22326	-54.6331
22327	-55.4236
22328	-53.0734
22329	-57.4672
22330	-63.6371
22331	-68.1417
22332	-69.2479
22333	-70.7788
22334	-69.9805
22335	-66.4107
22336	-64.3806
22337	-65.9729
22338	-63.9534
22339	-65.555
22340	-70.4102
22341	-72.1184
22342	-71.981
22343	-71.5497
22344	-69.5011
22345	-68.8376
22346	-67.8783
22347	-66.7553
22348	-66.993
22349	-69.3296
22350	-67.4973
22351	-66.4775
22352	-67.4418
22353	-68.3254
22354	-69.2871
22355	-70.0898
22356	-70.7504
22357	-72.065
22358	-73.3468
22359	-73.691
22360	-73.4182
22361	-73.6439
22362	-74.562
22363	-74.5849
22364	-74.6406
22365	-73.9659
22366	-73.8864
22367	-72.9631
22368	-72.6355
22369	-72.7441
22370	-69.6427
22371	-63.7545
22372	-64.4743
22373	-70.423
22374	-71.8202
22375	-71.0329
22376	-71.1491
22377	-71.9497
22378	-71.5914
22379	-73.5355
22380	-74.8689
22381	-74.2013
22382	-73.7724
22383	-75.3645
22384	-74.738
22385	-73.9736
22386	-73.0146
22387	-72.0405
22388	-71.7612
22389	-71.9568
22390	-71.7332
22391	-70.471
22392	-68.4404
22393	-64.9021
22394	-63.6975
22395	-62.991
22396	-60.8603
22397	-55.5333
22398	-53.0344
22399	-52.213
22400	-54.9499
22401	-57.1435
22402	-61.4574
22403	-63.6011
22404	-62.7928
22405	-63.8376
22406	-67.8525
22407	-70.8724
22408	-71.97
22409	-71.551
22410	-72.5045
22411	-74.0687
22412	-74.338
22413	-74.3156
22414	-73.9616
22415	-73.8913
22416	-75.3392
22417	-74.3261
22418	-73.6124
22419	-73.7657
22420	-72.4064
22421	-72.0532
22422	-72.0461
22423	-71.7
22424	-70.0237
22425	-66.8198
22426	-67.2915
22427	-67.9656
22428	-66.5076
22429	-69.53
22430	-73.0784
22431	-73.99
22432	-74.6852
22433	-74.3082
22434	-74.147
22435	-74.1492
22436	-73.7098
22437	-73.7746
22438	-73.5893
22439	-73.1947
22440	-73.0089
22441	-72.6269
22442	-71.6905
22443	-70.2164
22444	-68.962
22445	-68.3589
22446	-67.8937
22447	-65.608
22448	-65.1119
22449	-65.3003
22450	-66.1264
22451	-66.4088
22452	-67.5907
22453	-68.9211
22454	-70.0381
22455	-71.1172
22456	-71.6342
22457	-72.4964
22458	-71.1953
22459	-70.7419
22460	-65.5379
22461	-60.5603
22462	-64.1472
22463	-69.6682
22464	-70.4927
22465	-70.2554
22466	-69.4952
22467	-66.2151
22468	-63.9092
22469	-62.3584
22470	-56.4641
22471	-49.2076
22472	-50.3222
22473	-59.1942
22474	-62.2409
22475	-63.3855
22476	-65.8162
22477	-68.6945
22478	-69.435
22479	-70.8665
22480	-71.2511
22481	-67.6104
22482	-66.2511
22483	-70.9453
22484	-72.8389
22485	-73.5742
22486	-73.7518
22487	-74.0347
22488	-73.7122
22489	-73.9096
22490	-72.5033
22491	-71.5717
22492	-70.736
22493	-68.267
22494	-65.8822
22495	-67.3955
22496	-70.2833
22497	-71.8382
22498	-71.8395
22499	-72.4356
22500	-72.4691
22501	-72.0409
22502	-72.3284
22503	-72.4133
22504	-72.341
22505	-72.6421
22506	-73.0117
22507	-72.4574
22508	-71.4603
22509	-70.4261
22510	-69.5127
22511	-68.1889
22512	-68.3368
22513	-67.1042
22514	-65.771
22515	-63.7287
22516	-61.6419
22517	-58.5703
22518	-55.6689
22519	-45.651
22520	-24.5414
22521	-16.1276
22522	-17.2758
22523	-28.5848
22524	-50.5226
22525	-56.0139
22526	-57.9473
22527	-60.6423
22528	-61.7729
22529	-64.3006
22530	-66.6209
22531	-67.7334
22532	-67.485
22533	-69.0939
22534	-69.9864
22535	-70.6852
22536	-71.4803
22537	-71.9316
22538	-72.7343
22539	-72.7886
22540	-72.063
22541	-71.9767
22542	-73.0484
22543	-73.1655
22544	-72.4965
22545	-73.4032
22546	-72.8071
22547	-72.1139
22548	-71.3069
22549	-72.4786
22550	-72.3095
22551	-72.6883
22552	-73.0502
22553	-73.2539
22554	-73.444
22555	-73.8482
22556	-74.4244
22557	-74.9327
22558	-73.7611
22559	-73.2198
22560	-69.5097
22561	-65.7153
22562	-68.7403
22563	-71.2293
22564	-71.2181
22565	-71.1211
22566	-69.7599
22567	-66.8839
22568	-64.2838
22569	-62.6569
22570	-56.7065
22571	-49.7848
22572	-51.087
22573	-59.5841
22574	-62.6222
22575	-63.5426
22576	-65.776
22577	-69.1094
22578	-69.9046
22579	-70.1612
22580	-67.796
22581	-62.2619
22582	-60.764
22583	-64.7071
22584	-64.3499
22585	-66.8818
22586	-69.3558
22587	-70.2057
22588	-70.0362
22589	-67.9735
22590	-65.2184
22591	-63.6968
22592	-60.2191
22593	-57.2471
22594	-54.0867
22595	-56.1883
22596	-60.6809
22597	-65.3443
22598	-67.7717
22599	-70.2007
22600	-71.4218
22601	-71.5844
22602	-71.6253
22603	-70.2767
22604	-69.1155
22605	-70.2642
22606	-72.2216
22607	-73.3386
22608	-75.0182
22609	-74.4689
22610	-73.9048
22611	-74.2475
22612	-74.3522
22613	-73.4835
22614	-72.1962
22615	-71.0459
22616	-71.7307
22617	-71.3297
22618	-71.198
22619	-72.2292
22620	-73.1658
22621	-72.8094
22622	-72.5694
22623	-72.6952
22624	-72.4275
22625	-72.2192
22626	-73.4642
22627	-73.56
22628	-72.5336
22629	-71.8699
22630	-71.661
22631	-71.3042
22632	-70.5449
22633	-68.8153
22634	-68.7206
22635	-68.2508
22636	-66.0113
22637	-62.836
22638	-60.9907
22639	-59.5979
22640	-57.5267
22641	-53.3514
22642	-44.8459
22643	-35.4549
22644	-30.7967
22645	-36.1202
22646	-44.4882
22647	-54.9085
22648	-59.7049
22649	-62.4469
22650	-64.9001
22651	-67.4127
22652	-68.4386
22653	-69.3487
22654	-69.7708
22655	-69.8888
22656	-70.9171
22657	-72.0768
22658	-72.6718
22659	-74.0529
22660	-73.4147
22661	-71.9937
22662	-72.9623
22663	-73.5609
22664	-73.2715
22665	-71.9438
22666	-71.6123
22667	-70.9099
22668	-71.1393
22669	-71.7066
22670	-68.4672
22671	-62.7467
22672	-64.5262
22673	-70.9563
22674	-71.6018
22675	-72.0171
22676	-73.2432
22677	-74.3863
22678	-74.521
22679	-73.8125
22680	-73.5025
22681	-72.8416
22682	-71.5967
22683	-69.8361
22684	-69.6787
22685	-70.3632
22686	-71.1168
22687	-69.5896
22688	-69.0576
22689	-67.3829
22690	-64.7458
22691	-63.2128
22692	-59.3704
22693	-56.086
22694	-52.5451
22695	-55.2596
22696	-59.7707
22697	-64.8419
22698	-67.5221
22699	-70.1293
22700	-71.0155
22701	-70.928
22702	-70.8526
22703	-67.7978
22704	-64.4386
22705	-65.8815
22706	-69.3633
22707	-69.3459
22708	-71.4424
22709	-72.1942
22710	-70.8194
22711	-70.1122
22712	-69.3342
22713	-67.3358
22714	-62.994
22715	-60.6579
22716	-61.7715
22717	-59.7902
22718	-60.1957
22719	-63.9015
22720	-66.9002
22721	-68.0298
22722	-69.4447
22723	-70.9546
22724	-72.0398
22725	-72.4963
22726	-72.6799
22727	-72.4791
22728	-72.0105
22729	-73.5701
22730	-74.176
22731	-74.1457
22732	-74.1326
22733	-74.8349
22734	-74.7469
22735	-72.9289
22736	-70.2607
22737	-66.8256
22738	-65.9625
22739	-66.3596
22740	-66.713
22741	-69.9404
22742	-71.2891
22743	-71.5203
22744	-71.8184
22745	-72.1914
22746	-73.0288
22747	-73.5527
22748	-73.9562
22749	-74.6742
22750	-74.6331
22751	-73.9206
22752	-74.1614
22753	-73.9404
22754	-72.2594
22755	-71.9992
22756	-71.6084
22757	-70.6818
22758	-70.2663
22759	-68.8329
22760	-66.4096
22761	-63.9119
22762	-64.0188
22763	-60.4093
22764	-53.2918
22765	-48.6248
22766	-48.8493
22767	-47.6005
22768	-48.0609
22769	-54.9212
22770	-60.6537
22771	-60.078
22772	-61.7602
22773	-66.6763
22774	-68.8312
22775	-69.7592
22776	-70.8612
22777	-71.0324
22778	-71.1881
22779	-71.7974
22780	-72.9395
22781	-73.2037
22782	-74.0636
22783	-73.6972
22784	-74.159
22785	-73.8735
22786	-73.4735
22787	-71.9342
22788	-72.0627
22789	-71.9945
22790	-71.1408
22791	-72.2638
22792	-71.4048
22793	-68.383
22794	-66.9904
22795	-68.6685
22796	-71.6411
22797	-73.1955
22798	-73.6416
22799	-73.9063
22800	-73.7151
22801	-74.1231
22802	-74.6772
22803	-73.751
22804	-73.3366
22805	-72.5024
22806	-72.411
22807	-72.5813
22808	-72.0088
22809	-71.3559
22810	-70.0917
22811	-69.6376
22812	-69.6869
22813	-68.662
22814	-65.3376
22815	-63.7755
22816	-63.5223
22817	-62.5147
22818	-62.5564
22819	-65.691
22820	-67.762
22821	-68.8943
22822	-70.5053
22823	-71.4715
22824	-71.2779
22825	-69.1806
22826	-66.292
22827	-64.0765
22828	-62.7276
22829	-63.2507
22830	-66.1049
22831	-69.6661
22832	-70.3168
22833	-69.873
22834	-67.6451
22835	-64.6844
22836	-59.1075
22837	-53.5086
22838	-53.2547
22839	-53.6007
22840	-54.5399
22841	-58.9235
22842	-63.7792
22843	-66.6085
22844	-68.4084
22845	-69.0084
22846	-69.8666
22847	-69.8175
22848	-68.4306
22849	-68.418
22850	-69.0698
22851	-71.1586
22852	-73.6224
22853	-73.7529
22854	-73.9084
22855	-74.1065
22856	-73.4362
22857	-73.0379
22858	-73.3494
22859	-72.7912
22860	-70.3398
22861	-66.617
22862	-69.9182
22863	-72.7442
22864	-72.8305
22865	-71.9923
22866	-73.2934
22867	-73.0862
22868	-72.6964
22869	-72.0669
22870	-72.0194
22871	-71.4363
22872	-71.9028
22873	-72.412
22874	-72.1744
22875	-70.7907
22876	-69.344
22877	-68.4378
22878	-68.1798
22879	-67.9654
22880	-66.7282
22881	-65.6076
22882	-63.6069
22883	-60.6825
22884	-58.3153
22885	-54.0844
22886	-45.9763
22887	-38.1401
22888	-35.9666
22889	-35.8477
22890	-40.3836
22891	-46.0037
22892	-53.9258
22893	-57.9527
22894	-59.3444
22895	-61.8238
22896	-64.0428
22897	-66.4155
22898	-67.3684
22899	-68.0797
22900	-68.7762
22901	-70.1281
22902	-71.0051
22903	-70.9778
22904	-71.8863
22905	-72.3953
22906	-72.6957
22907	-71.5242
22908	-72.2128
22909	-72.1869
22910	-72.6414
22911	-72.5166
22912	-73.5568
22913	-72.6411
22914	-71.0218
22915	-70.1341
22916	-71.1694
22917	-69.8316
22918	-70.2757
22919	-72.2985
22920	-73.4615
22921	-74.041
22922	-74.6061
22923	-74.3658
22924	-74.3781
22925	-73.2139
22926	-71.6364
22927	-68.3238
22928	-67.8764
22929	-68.7653
22930	-70.0871
22931	-70.8193
22932	-70.946
22933	-69.9588
22934	-67.6873
22935	-64.5443
22936	-58.8139
22937	-53.4204
22938	-53.2975
22939	-54.0481
22940	-54.458
22941	-58.6347
22942	-63.7108
22943	-66.7095
22944	-68.7256
22945	-69.9178
22946	-69.7146
22947	-65.8298
22948	-63.6194
22949	-64.0325
22950	-62.9242
22951	-64.2793
22952	-68.6917
22953	-71.5683
22954	-71.5751
22955	-70.5873
22956	-69.0824
22957	-67.5761
22958	-66.4173
22959	-66.2743
22960	-61.9186
22961	-57.0704
22962	-61.6703
22963	-66.5499
22964	-67.2555
22965	-67.6473
22966	-69.9087
22967	-71.8536
22968	-71.269
22969	-71.981
22970	-72.4854
22971	-71.0276
22972	-71.7968
22973	-73.7251
22974	-74.6663
22975	-74.9234
22976	-74.5336
22977	-74.1439
22978	-73.5899
22979	-73.3353
22980	-72.9984
22981	-72.5073
22982	-70.6245
22983	-67.8988
22984	-67.0596
22985	-69.8758
22986	-72.0546
22987	-71.8768
22988	-71.6421
22989	-71.205
22990	-72.6613
22991	-73.4893
22992	-73.5737
22993	-74.1046
22994	-73.8158
22995	-73.9008
22996	-73.7202
22997	-72.78
22998	-71.773
22999	-71.3366
23000	-70.4449
23001	-70.5557
23002	-70.7166
23003	-68.4416
23004	-64.8448
23005	-63.3663
23006	-62.4005
23007	-60.3395
23008	-59.1293
23009	-42.7104
23010	-26.9953
23011	-22.6313
23012	-27.5815
23013	-44.6284
23014	-60.252
23015	-62.3306
23016	-64.2594
23017	-65.9223
23018	-67.3814
23019	-69.4458
23020	-71.0071
23021	-71.2884
23022	-71.9487
23023	-72.8311
23024	-73.8637
23025	-73.9713
23026	-74.0977
23027	-74.0099
23028	-73.6621
23029	-73.8436
23030	-74.4672
23031	-74.2572
23032	-72.5768
23033	-71.4436
23034	-71.3456
23035	-71.1476
23036	-69.6607
23037	-66.5733
23038	-66.1327
23039	-66.919
23040	-66.8954
23041	-69.7445
23042	-72.624
23043	-74.4119
23044	-74.0001
23045	-74.1456
23046	-74.3261
23047	-73.9483
23048	-74.203
23049	-73.5552
23050	-71.669
23051	-70.919
23052	-72.7975
23053	-72.0327
23054	-71.4427
23055	-69.8203
23056	-68.0966
23057	-66.576
23058	-65.648
23059	-65.3391
23060	-58.6499
23061	-54.1993
23062	-59.1143
23063	-66.0716
23064	-67.0048
23065	-67.79
23066	-69.9434
23067	-71.2796
23068	-71.7649
23069	-72.2798
23070	-71.8092
23071	-67.8648
23072	-67.4668
23073	-64.6838
23074	-66.7792
23075	-69.6736
23076	-70.803
23077	-70.9698
23078	-69.5991
23079	-67.5956
23080	-65.2349
23081	-62.749
23082	-59.4995
23083	-53.293
23084	-52.5916
23085	-57.6204
23086	-62.0375
23087	-64.846
23088	-66.7259
23089	-68.5993
23090	-70.4758
23091	-71.5821
23092	-71.9161
23093	-69.7313
23094	-67.9065
23095	-70.4882
23096	-72.8151
23097	-73.7547
23098	-74.063
23099	-74.2339
23100	-74.3026
23101	-73.8236
23102	-73.2429
23103	-70.832
23104	-67.18
23105	-66.6635
23106	-68.5218
23107	-65.9985
23108	-67.9582
23109	-71.3144
23110	-71.6897
23111	-71.6666
23112	-72.5723
23113	-72.8126
23114	-72.874
23115	-72.5413
23116	-73.4008
23117	-73.3006
23118	-73.5092
23119	-73.0943
23120	-72.7774
23121	-72.2421
23122	-70.6531
23123	-69.8927
23124	-69.1883
23125	-68.1013
23126	-66.2281
23127	-64.6066
23128	-62.8236
23129	-61.1343
23130	-58.1618
23131	-51.1999
23132	-41.3204
23133	-31.4783
23134	-30.6587
23135	-40.0983
23136	-49.9253
23137	-56.7965
23138	-59.3775
23139	-61.1935
23140	-62.9188
23141	-66.1987
23142	-67.6874
23143	-69.0994
23144	-69.2656
23145	-69.066
23146	-69.484
23147	-71.0288
23148	-72.4943
23149	-73.4382
23150	-72.7661
23151	-72.6375
23152	-73.2193
23153	-73.0028
23154	-73.0734
23155	-72.1687
23156	-71.7664
23157	-72.4989
23158	-73.1216
23159	-72.8577
23160	-70.9653
23161	-68.9283
23162	-71.6322
23163	-73.3871
23164	-73.4506
23165	-72.6929
23166	-72.8665
23167	-73.411
23168	-74.1305
23169	-74.3005
23170	-74.9615
23171	-73.6088
23172	-70.8731
23173	-68.5499
23174	-70.1103
23175	-71.6226
23176	-70.5525
23177	-70.7079
23178	-70.4691
23179	-67.9997
23180	-66.0587
23181	-63.6034
23182	-60.6741
23183	-54.2898
23184	-53.9269
23185	-58.7948
23186	-62.9586
23187	-65.5708
23188	-67.4589
23189	-69.3152
23190	-70.6799
23191	-70.6919
23192	-69.0279
23193	-63.1494
23194	-61.8112
23195	-63.2179
23196	-65.0558
23197	-64.0976
23198	-68.4543
23199	-70.254
23200	-69.4495
23201	-68.3096
23202	-65.7608
23203	-61.1476
23204	-54.9123
23205	-54.2421
23206	-57.3277
23207	-53.7491
23208	-56.6768
23209	-62.935
23210	-67.9079
23211	-69.4508
23212	-69.8933
23213	-70.8953
23214	-70.234
23215	-69.1503
23216	-70.5078
23217	-69.0071
23218	-69.8953
23219	-73.1452
23220	-73.9541
23221	-74.5202
23222	-74.1626
23223	-73.9841
23224	-74.2581
23225	-73.6619
23226	-72.5371
23227	-71.3669
23228	-71.1255
23229	-71.5448
23230	-72.5029
23231	-72.7963
23232	-72.8858
23233	-73.2604
23234	-73.2274
23235	-72.4469
23236	-72.5195
23237	-72.4895
23238	-72.2291
23239	-72.2486
23240	-72.1186
23241	-71.4512
23242	-70.8002
23243	-70.789
23244	-69.2265
23245	-68.5111
23246	-68.1448
23247	-67.4605
23248	-65.6283
23249	-63.5579
23250	-60.2001
23251	-58.0035
23252	-55.8307
23253	-49.39
23254	-41.0152
23255	-40.6283
23256	-43.8822
23257	-39.3895
23258	-42.8911
23259	-51.4676
23260	-57.7638
23261	-60.406
23262	-63.2187
23263	-65.4109
23264	-66.8063
23265	-68.245
23266	-69.0546
23267	-69.1929
23268	-70.2559
23269	-70.8042
23270	-71.8552
23271	-72.6437
23272	-72.6115
23273	-72.5333
23274	-72.2397
23275	-72.1301
23276	-72.0205
23277	-72.4497
23278	-72.6724
23279	-72.2216
23280	-71.814
23281	-71.7713
23282	-69.6092
23283	-65.7531
23284	-66.1916
23285	-69.383
23286	-72.0564
23287	-72.8974
23288	-74.1013
23289	-74.1424
23290	-73.9496
23291	-73.9489
23292	-74.0748
23293	-71.8517
23294	-68.7248
23295	-69.8151
23296	-69.4621
23297	-69.3505
23298	-70.6653
23299	-69.49
23300	-69.0112
23301	-68.1942
23302	-65.3831
23303	-60.5299
23304	-54.5734
23305	-54.0109
23306	-56.5523
23307	-53.0591
23308	-56.3486
23309	-62.5146
23310	-67.6959
23311	-69.1625
23312	-70.612
23313	-70.2463
23314	-67.5073
23315	-64.4584
23316	-66.306
23317	-64.5649
23318	-65.199
23319	-69.9781
23320	-72.1153
23321	-72.2293
23322	-71.8876
23323	-69.8112
23324	-69.0476
23325	-67.9832
23326	-66.8848
23327	-66.8262
23328	-68.9742
23329	-67.9777
23330	-66.0549
23331	-67.0142
23332	-68.0158
23333	-68.9746
23334	-69.8908
23335	-70.6558
23336	-71.8005
23337	-73.0453
23338	-73.9475
23339	-73.4754
23340	-73.5299
23341	-74.2993
23342	-74.4751
23343	-74.6302
23344	-74.1118
23345	-74.1268
23346	-73.1007
23347	-72.6025
23348	-72.6593
23349	-70.6947
23350	-64.4093
23351	-63.48
23352	-69.224
23353	-71.582
23354	-71.5917
23355	-70.7034
23356	-71.8355
23357	-71.5551
23358	-73.194
23359	-74.7848
23360	-74.8755
23361	-73.7021
23362	-75.1052
23363	-75.1132
23364	-74.3333
23365	-73.4471
23366	-72.438
23367	-71.7382
23368	-71.8596
23369	-71.7648
23370	-70.9476
23371	-69.0707
23372	-65.6911
23373	-64.0745
23374	-63.5274
23375	-61.9557
23376	-57.0977
23377	-54.7058
23378	-56.1518
23379	-56.9297
23380	-57.3694
23381	-60.789
23382	-63.0284
23383	-62.6611
23384	-62.8628
23385	-66.9791
23386	-70.2398
23387	-71.729
23388	-71.5344
23389	-72.2063
23390	-73.7808
23391	-74.073
23392	-74.3785
23393	-73.6797
23394	-73.6462
23395	-75.2451
23396	-74.7698
23397	-73.4763
23398	-73.6114
23399	-72.5537
23400	-72.0959
23401	-72.0413
23402	-71.9329
23403	-70.7268
23404	-67.672
23405	-66.8348
23406	-68.6297
23407	-66.6621
23408	-68.7858
23409	-72.6011
23410	-73.9843
23411	-74.6489
23412	-74.3404
23413	-74.4297
23414	-74.2994
23415	-73.7353
23416	-73.6692
23417	-73.9887
23418	-73.3144
23419	-73.1355
23420	-72.5199
23421	-71.9665
23422	-70.5123
23423	-69.3066
23424	-68.5564
23425	-68.1772
23426	-66.5087
23427	-65.4092
23428	-66.9588
23429	-66.8613
23430	-66.4228
23431	-67.1661
23432	-68.5031
23433	-69.9623
23434	-70.6728
23435	-71.3902
23436	-72.1509
23437	-71.1779
23438	-70.7419
23439	-66.7636
23440	-60.6254
23441	-62.6037
23442	-69.2014
23443	-70.3912
23444	-70.3143
23445	-69.621
23446	-66.6195
23447	-64.141
23448	-62.6632
23449	-58.0268
23450	-49.8821
23451	-49.2784
23452	-57.2426
23453	-61.9356
23454	-63.1019
23455	-65.0691
23456	-68.2096
23457	-69.2209
23458	-70.6087
23459	-71.4754
23460	-68.4498
23461	-65.6671
23462	-69.8258
23463	-72.8058
23464	-73.3074
23465	-73.7661
23466	-73.7901
23467	-73.7505
23468	-73.8417
23469	-72.8655
23470	-71.6604
23471	-71.2288
23472	-68.9042
23473	-66.2144
23474	-67.2741
23475	-69.8804
23476	-71.9243
23477	-71.8523
23478	-72.2479
23479	-72.6221
23480	-72.3298
23481	-72.3097
23482	-72.4358
23483	-72.292
23484	-72.4773
23485	-72.8709
23486	-72.6625
23487	-71.3288
23488	-70.2079
23489	-69.4297
23490	-68.1612
23491	-68.1233
23492	-67.0901
23493	-65.9707
23494	-63.8983
23495	-61.9998
23496	-58.9226
23497	-56.1467
23498	-49.1262
23499	-27.6622
23500	-17.1411
23501	-16.5441
23502	-25.6684
23503	-47.1378
23504	-55.5514
23505	-57.4007
23506	-60.3451
23507	-61.4996
23508	-63.8072
23509	-66.281
23510	-67.4781
23511	-67.2242
23512	-68.867
23513	-69.769
23514	-70.506
23515	-71.3353
23516	-71.6943
23517	-72.4391
23518	-72.7095
23519	-72.3491
23520	-71.7999
23521	-72.6253
23522	-73.1974
23523	-72.6014
23524	-73.1547
23525	-73.0036
23526	-72.273
23527	-71.3054
23528	-72.097
23529	-72.4153
23530	-72.4863
23531	-72.677
23532	-73.125
23533	-73.6457
23534	-73.7342
23535	-74.1566
23536	-75.1097
23537	-73.9292
23538	-73.2081
23539	-70.3924
23540	-65.7621
23541	-67.8384
23542	-71.0905
23543	-71.1451
23544	-71.3613
23545	-70.214
23546	-67.3957
23547	-64.4296
23548	-62.965
23549	-58.1624
23550	-50.3394
23551	-49.9273
23552	-57.7124
23553	-62.4508
23554	-63.2903
23555	-65.2089
23556	-68.4323
23557	-69.8896
23558	-70.0372
23559	-68.45
23560	-63.3978
23561	-60.2682
23562	-64.636
23563	-64.282
23564	-66.6715
23565	-69.2909
23566	-70.2145
23567	-70.2833
23568	-68.7211
23569	-65.7877
23570	-64.0556
23571	-61.431
23572	-58.3389
23573	-54.6017
23574	-56.2609
23575	-59.8693
23576	-65.2457
23577	-67.4373
23578	-69.7782
23579	-71.3265
23580	-71.614
23581	-71.7836
23582	-70.6693
23583	-69.7482
23584	-70.2125
23585	-72.1009
23586	-73.1192
23587	-74.8955
23588	-74.7302
23589	-73.9571
23590	-74.337
23591	-74.3987
23592	-73.8202
23593	-72.4429
23594	-70.9084
23595	-71.1033
23596	-71.4018
23597	-70.7438
23598	-71.8833
23599	-73.2038
23600	-73.0255
23601	-72.3253
23602	-72.814
23603	-72.4725
23604	-72.4201
23605	-73.3958
23606	-73.7577
23607	-72.7817
23608	-72.0783
23609	-71.7313
23610	-71.5116
23611	-71.1155
23612	-69.2119
23613	-68.9288
23614	-68.6074
23615	-66.6503
23616	-63.5328
23617	-61.4853
23618	-59.8761
23619	-58.06
23620	-54.9988
23621	-46.2759
23622	-37.5861
23623	-31.2694
23624	-34.5614
23625	-43.1117
23626	-54.1129
23627	-59.191
23628	-62.3455
23629	-64.6738
23630	-67.2599
23631	-68.6447
23632	-69.5234
23633	-70.0604
23634	-69.8658
23635	-70.8061
23636	-72.2755
23637	-72.6129
23638	-73.9517
23639	-73.6858
23640	-72.0638
23641	-72.9252
23642	-73.594
23643	-73.564
23644	-72.0957
23645	-71.6154
23646	-71.1242
23647	-70.7986
23648	-71.883
23649	-69.3124
23650	-63.3545
23651	-63.3375
23652	-70.0485
23653	-71.7428
23654	-71.9929
23655	-73.0852
23656	-74.3287
23657	-74.4906
23658	-73.948
23659	-73.64
23660	-72.9663
23661	-72.0198
23662	-70.3093
23663	-69.8034
23664	-70.2347
23665	-71.4831
23666	-69.9384
23667	-69.2626
23668	-67.999
23669	-65.3278
23670	-63.8914
23671	-60.368
23672	-57.0396
23673	-53.0347
23674	-54.9411
23675	-59.1209
23676	-64.5319
23677	-67.0566
23678	-69.8129
23679	-71.2376
23680	-71.151
23681	-71.1234
23682	-68.6949
23683	-65.3828
23684	-65.4567
23685	-69.2167
23686	-69.0957
23687	-70.6842
23688	-72.4731
23689	-71.0338
23690	-69.9181
23691	-69.4515
23692	-67.6107
23693	-63.1231
23694	-60.0467
23695	-61.3086
23696	-59.6143
23697	-58.9251
23698	-62.4092
23699	-66.4441
23700	-67.8297
23701	-69.1405
23702	-70.4818
23703	-72.125
23704	-72.4669
23705	-72.5063
23706	-72.4676
23707	-71.6219
23708	-73.29
23709	-74.2228
23710	-74.0046
23711	-74.1998
23712	-74.6189
23713	-74.8086
23714	-73.2053
23715	-70.8921
23716	-67.4073
23717	-65.7295
23718	-66.0936
23719	-66.4661
23720	-69.1999
23721	-71.2731
23722	-71.4319
23723	-71.7364
23724	-72.1406
23725	-72.8764
23726	-73.2951
23727	-73.7328
23728	-74.4954
23729	-74.6677
23730	-73.809
23731	-74.1284
23732	-73.8311
23733	-72.2852
23734	-71.8618
23735	-71.7178
23736	-70.6647
23737	-70.1899
23738	-68.8074
23739	-66.7334
23740	-63.9247
23741	-63.814
23742	-60.724
23743	-53.7269
23744	-47.761
23745	-48.6259
23746	-47.4605
23747	-46.4946
23748	-52.4928
23749	-59.1601
23750	-59.9176
23751	-60.7889
23752	-65.7631
23753	-68.0625
23754	-69.6905
23755	-70.5478
23756	-70.9738
23757	-70.9978
23758	-71.5088
23759	-72.5316
23760	-73
23761	-73.5231
23762	-73.759
23763	-73.7194
23764	-73.958
23765	-73.4612
23766	-72.0031
23767	-72.0173
23768	-72.0563
23769	-71.3056
23770	-72.2547
23771	-71.9475
23772	-69.2273
23773	-67.2903
23774	-68.5612
23775	-71.3194
23776	-73.1999
23777	-73.7287
23778	-73.698
23779	-73.6563
23780	-74.0011
23781	-74.4891
23782	-73.7894
23783	-73.2672
23784	-72.5559
23785	-72.3492
23786	-72.435
23787	-72.1012
23788	-71.2834
23789	-70.2272
23790	-69.6949
23791	-69.5386
23792	-68.6297
23793	-65.2458
23794	-62.9682
23795	-62.9724
23796	-61.8143
23797	-61.3744
23798	-64.4165
23799	-67.2839
23800	-68.4886
23801	-70.1683
23802	-71.4147
23803	-71.2609
23804	-69.4074
23805	-66.8597
23806	-64.3515
23807	-63.0285
23808	-62.6224
23809	-65.283
23810	-68.9646
23811	-70.0791
23812	-70.2135
23813	-68.3252
23814	-65.3283
23815	-60.4834
23816	-54.3168
23817	-53.1802
23818	-53.0763
23819	-54.4734
23820	-57.9998
23821	-63.0339
23822	-66.064
23823	-68.3543
23824	-68.9996
23825	-69.5596
23826	-70.201
23827	-68.6302
23828	-68.4821
23829	-69.0608
23830	-70.5758
23831	-73.3077
23832	-73.6502
23833	-73.9449
23834	-74.1534
23835	-73.5276
23836	-73.1727
23837	-73.5829
23838	-72.9362
23839	-71.4046
23840	-67.402
23841	-69.3189
23842	-72.669
23843	-73.1731
23844	-71.9558
23845	-73.203
23846	-73.1504
23847	-72.9551
23848	-72.2315
23849	-72.0506
23850	-71.4221
23851	-71.7258
23852	-72.357
23853	-72.1304
23854	-71.0033
23855	-69.6026
23856	-68.5084
23857	-68.1044
23858	-68.1637
23859	-66.9881
23860	-65.904
23861	-63.98
23862	-61.0657
23863	-58.5323
23864	-55.0533
23865	-47.9854
23866	-38.9596
23867	-37.124
23868	-35.2169
23869	-40.2967
23870	-44.1298
23871	-52.7509
23872	-57.6225
23873	-59.2673
23874	-61.332
23875	-63.685
23876	-65.9605
23877	-67.357
23878	-67.8998
23879	-68.5829
23880	-69.8053
23881	-70.8928
23882	-71.0594
23883	-71.8894
23884	-72.2887
23885	-72.7492
23886	-71.8347
23887	-72.0057
23888	-72.0019
23889	-72.813
23890	-72.3058
23891	-73.2434
23892	-72.795
23893	-71.1378
23894	-69.7187
23895	-70.7745
23896	-69.8064
23897	-69.6461
23898	-71.5878
23899	-73.6136
23900	-73.8937
23901	-74.6848
23902	-74.0711
23903	-74.3834
23904	-73.4372
23905	-72.2662
23906	-68.7752
23907	-67.8992
23908	-68.6472
23909	-69.8255
23910	-70.7054
23911	-71.1562
23912	-70.0786
23913	-68.1033
23914	-65.3184
23915	-60.2327
23916	-54.0446
23917	-53.241
23918	-53.386
23919	-54.3908
23920	-57.5385
23921	-62.9571
23922	-66.2232
23923	-68.4615
23924	-69.7998
23925	-70.0569
23926	-66.7777
23927	-63.7743
23928	-63.9995
23929	-63.2954
23930	-64.1545
23931	-67.9236
23932	-71.6801
23933	-71.8169
23934	-70.916
23935	-69.4101
23936	-67.9269
23937	-66.7606
23938	-66.6729
23939	-64.0776
23940	-58.4509
23941	-61.2754
23942	-66.6027
23943	-67.4045
23944	-67.6564
23945	-69.2963
23946	-71.6412
23947	-71.5807
23948	-71.7563
23949	-72.6717
23950	-71.6301
23951	-71.8158
23952	-73.5974
23953	-74.4407
23954	-74.7413
23955	-74.514
23956	-74.4569
23957	-73.6419
23958	-73.5916
23959	-72.8776
23960	-72.8744
23961	-70.9159
23962	-68.3882
23963	-66.4319
23964	-69.1055
23965	-71.3616
23966	-71.8807
23967	-71.6372
23968	-71.304
23969	-72.1094
23970	-73.4066
23971	-73.6393
23972	-74.221
23973	-73.6551
23974	-74.3282
23975	-73.7334
23976	-73.0538
23977	-72.4265
23978	-71.7422
23979	-70.6962
23980	-70.8685
23981	-71.2335
23982	-69.1106
23983	-65.9903
23984	-63.7531
23985	-62.978
23986	-60.9951
23987	-59.9115
23988	-48.9735
23989	-30.3656
23990	-24.149
23991	-27.2905
23992	-41.3958
23993	-59.8655
23994	-62.1304
23995	-63.9564
23996	-65.9115
23997	-66.9874
23998	-69.3452
23999	-70.9608
24000	-71.5787
24001	-71.9005
24002	-72.5824
24003	-74.0488
24004	-74.1183
24005	-74.3464
24006	-74.0243
24007	-73.8684
24008	-74.0055
24009	-74.5412
24010	-74.1609
24011	-72.9602
24012	-71.5249
24013	-71.3787
24014	-71.2825
24015	-70.3703
24016	-66.971
24017	-65.9645
24018	-66.4874
24019	-66.7944
24020	-69.2491
24021	-72.3061
24022	-74.1062
24023	-74.208
24024	-74.2171
24025	-74.4663
24026	-73.8853
24027	-74.2117
24028	-73.8129
24029	-72.6026
24030	-71.212
24031	-72.8586
24032	-72.3223
24033	-71.6291
24034	-70.3646
24035	-68.7057
24036	-67.0556
24037	-66.0599
24038	-65.7762
24039	-61.2814
24040	-55.1182
24041	-58.2373
24042	-65.9384
24043	-67.3356
24044	-67.6908
24045	-69.6568
24046	-71.2427
24047	-71.9783
24048	-72.109
24049	-72.6865
24050	-69.1827
24051	-67.4812
24052	-64.6795
24053	-65.6758
24054	-68.699
24055	-70.6324
24056	-70.7166
24057	-69.9485
24058	-67.8091
24059	-65.2972
24060	-63.086
24061	-60.0773
24062	-54.0886
24063	-51.6894
24064	-56.5197
24065	-60.827
24066	-64.3436
24067	-66.2275
24068	-68.3091
24069	-70.0807
24070	-71.4182
24071	-71.7475
24072	-70.0883
24073	-67.5858
24074	-69.7692
24075	-72.4968
24076	-73.4105
24077	-73.9095
24078	-74.17
24079	-74.3375
24080	-73.8398
24081	-73.4271
24082	-71.7332
24083	-67.9957
24084	-66.3646
24085	-68.6609
24086	-66.4242
24087	-67.4633
24088	-70.7214
24089	-71.8133
24090	-71.7155
24091	-72.181
24092	-72.6846
24093	-72.7246
24094	-72.5265
24095	-73.3146
24096	-73.2622
24097	-73.2665
24098	-72.9027
24099	-72.7029
24100	-72.1155
24101	-70.6186
24102	-70.0115
24103	-69.074
24104	-68.1881
24105	-66.3471
24106	-64.6143
24107	-62.9441
24108	-61.209
24109	-58.5753
24110	-52.668
24111	-43.5544
24112	-32.3088
24113	-29.5171
24114	-37.155
24115	-47.2889
24116	-55.8362
24117	-58.7734
24118	-60.6322
24119	-62.3732
24120	-65.4756
24121	-67.0986
24122	-68.8191
24123	-68.7965
24124	-68.9468
24125	-69.2829
24126	-70.7576
24127	-72.0501
24128	-73.1585
24129	-72.9027
24130	-72.5808
24131	-72.9488
24132	-72.9941
24133	-72.9729
24134	-72.3481
24135	-71.7495
24136	-72.4705
24137	-72.9387
24138	-73.1802
24139	-71.7393
24140	-69.4803
24141	-71.3905
24142	-73.3166
24143	-73.6566
24144	-72.8322
24145	-72.9204
24146	-73.3931
24147	-73.9752
24148	-74.2552
24149	-74.8625
24150	-74.0155
24151	-71.3365
24152	-68.4913
24153	-69.2413
24154	-71.3176
24155	-70.7764
24156	-70.5235
24157	-70.5312
24158	-68.272
24159	-66.1555
24160	-63.8362
24161	-61.0898
24162	-54.8534
24163	-52.8262
24164	-57.6001
24165	-61.7558
24166	-64.8567
24167	-66.9848
24168	-69.1391
24169	-70.387
24170	-70.7368
24171	-69.454
24172	-63.9269
24173	-61.7354
24174	-62.6145
24175	-65.5114
24176	-63.9077
24177	-67.9213
24178	-70.0261
24179	-69.7522
24180	-68.5629
24181	-66.713
24182	-62.4054
24183	-56.1007
24184	-54.0234
24185	-58.132
24186	-54.3319
24187	-55.7933
24188	-62.1266
24189	-67.4922
24190	-69.2889
24191	-69.78
24192	-70.8675
24193	-70.6198
24194	-69.1989
24195	-70.2199
24196	-69.6166
24197	-69.5041
24198	-72.6136
24199	-73.8555
24200	-74.3427
24201	-74.3997
24202	-73.9459
24203	-74.0116
24204	-73.988
24205	-72.7819
24206	-71.5916
24207	-71.1799
24208	-71.4376
24209	-72.5277
24210	-72.9149
24211	-72.723
24212	-73.4131
24213	-73.2319
24214	-72.4684
24215	-72.4191
24216	-72.7253
24217	-72.3989
24218	-72.2831
24219	-72.3412
24220	-71.8214
24221	-70.8934
24222	-70.9526
24223	-69.5624
24224	-68.5738
24225	-68.3733
24226	-67.7371
24227	-66.0277
24228	-64.1526
24229	-60.9254
24230	-58.1152
24231	-57.0036
24232	-50.7287
24233	-42.2889
24234	-40.172
24235	-44.124
24236	-39.8596
24237	-41.7883
24238	-50.2722
24239	-57.035
24240	-60.1831
24241	-62.7577
24242	-65.104
24243	-66.6505
24244	-68.183
24245	-69.0341
24246	-69.3387
24247	-70.0997
24248	-70.9463
24249	-71.7012
24250	-72.4841
24251	-72.7846
24252	-72.452
24253	-72.2862
24254	-72.3513
24255	-71.9853
24256	-72.6106
24257	-72.4119
24258	-72.4039
24259	-71.5393
24260	-72.0185
24261	-69.8185
24262	-66.2258
24263	-65.3915
24264	-68.5956
24265	-71.5009
24266	-72.9433
24267	-73.7767
24268	-74.4704
24269	-73.9807
24270	-73.8105
24271	-74.174
24272	-72.6598
24273	-69.2082
24274	-69.2717
24275	-69.98
24276	-69.0015
24277	-70.7708
24278	-69.7862
24279	-68.9999
24280	-68.5695
24281	-66.1388
24282	-61.7584
24283	-55.7222
24284	-53.7101
24285	-57.2325
24286	-53.407
24287	-55.3387
24288	-61.5111
24289	-67.1823
24290	-69.0725
24291	-70.2799
24292	-70.5539
24293	-68.6351
24294	-64.7824
24295	-66.3616
24296	-65.3567
24297	-64.8718
24298	-69.1645
24299	-72.076
24300	-72.2889
24301	-72.0337
24302	-70.4533
24303	-69.2687
24304	-68.0291
24305	-66.8575
24306	-66.3918
24307	-67.9897
24308	-67.578
24309	-65.2088
24310	-66.4639
24311	-67.5547
24312	-68.6834
24313	-69.8275
24314	-70.5483
24315	-71.5742
24316	-72.7496
24317	-73.9957
24318	-73.3957
24319	-73.5543
24320	-73.8987
24321	-74.3604
24322	-74.4349
24323	-74.3527
24324	-74.0844
24325	-73.4497
24326	-72.7778
24327	-72.5026
24328	-71.3852
24329	-65.4441
24330	-62.8024
24331	-67.9266
24332	-71.4869
24333	-71.8515
24334	-70.5191
24335	-71.6452
24336	-71.5783
24337	-72.8547
24338	-74.511
24339	-75.0498
24340	-73.6792
24341	-74.8382
24342	-75.0236
24343	-74.6265
24344	-73.7426
24345	-72.6613
24346	-71.6544
24347	-71.7767
24348	-71.8479
24349	-71.2785
24350	-69.6773
24351	-66.5718
24352	-64.491
24353	-64.0725
24354	-62.5784
24355	-59.0643
24356	-56.2163
24357	-58.4349
24358	-58.9921
24359	-58.034
24360	-60.4169
24361	-62.671
24362	-62.7972
24363	-62.0531
24364	-66.069
24365	-69.5601
24366	-71.6611
24367	-71.5423
24368	-72.0506
24369	-73.4487
24370	-73.8728
24371	-74.4987
24372	-73.6233
24373	-73.5289
24374	-74.7925
24375	-75.06
24376	-73.5257
24377	-73.3773
24378	-72.615
24379	-72.2408
24380	-71.9766
24381	-72.0554
24382	-71.2256
24383	-68.5628
24384	-66.7285
24385	-69.0076
24386	-66.951
24387	-68.2504
24388	-71.8701
24389	-74.0007
24390	-74.4613
24391	-74.3734
24392	-74.389
24393	-74.2601
24394	-73.7458
24395	-73.5093
24396	-74.188
24397	-73.376
24398	-73.2241
24399	-72.5444
24400	-72.3672
24401	-70.8149
24402	-69.6198
24403	-68.7309
24404	-68.6538
24405	-66.8059
24406	-66.0993
24407	-68.0609
24408	-67.977
24409	-66.6276
24410	-66.8259
24411	-67.9
24412	-69.6309
24413	-70.3042
24414	-71.2922
24415	-71.8831
24416	-71.3848
24417	-70.5792
24418	-68.0103
24419	-61.0369
24420	-61.3887
24421	-68.1773
24422	-70.4228
24423	-70.5455
24424	-69.8786
24425	-67.2197
24426	-64.4409
24427	-63.0774
24428	-59.0829
24429	-50.9101
24430	-48.5937
24431	-55.3853
24432	-61.6046
24433	-62.8141
24434	-64.3482
24435	-67.6811
24436	-69.1274
24437	-70.4221
24438	-71.6613
24439	-69.3477
24440	-65.463
24441	-68.6172
24442	-72.4221
24443	-73.2645
24444	-73.9358
24445	-73.8492
24446	-73.7808
24447	-73.7459
24448	-73.0379
24449	-71.8431
24450	-71.4857
24451	-69.5127
24452	-66.8468
24453	-67.1881
24454	-69.4237
24455	-71.7855
24456	-71.8095
24457	-72.1081
24458	-72.8767
24459	-72.4843
24460	-72.0659
24461	-72.322
24462	-72.3483
24463	-72.3184
24464	-72.716
24465	-72.7711
24466	-71.4472
24467	-70.3735
24468	-69.4853
24469	-68.3546
24470	-67.69
24471	-67.1542
24472	-66.0867
24473	-64.1877
24474	-62.3369
24475	-59.3607
24476	-56.5631
24477	-52.0685
24478	-31.3508
24479	-18.5119
24480	-16.1606
24481	-23.2678
24482	-43.3472
24483	-54.9973
24484	-57.0759
24485	-59.776
24486	-61.2167
24487	-63.2072
24488	-65.9458
24489	-67.2493
24490	-67.2205
24491	-68.4263
24492	-69.6374
24493	-70.3891
24494	-71.2346
24495	-71.7025
24496	-72.2416
24497	-72.8073
24498	-72.3578
24499	-71.6717
24500	-72.4808
24501	-73.0579
24502	-72.8726
24503	-72.8596
24504	-73.1755
24505	-72.2386
24506	-71.218
24507	-71.7676
24508	-72.266
24509	-72.2485
24510	-72.4892
24511	-73.0729
24512	-73.4425
24513	-73.5998
24514	-73.9266
24515	-74.8492
24516	-74.1557
24517	-73.3057
24518	-71.4051
24519	-66.1973
24520	-66.6958
24521	-70.8718
24522	-71.3004
24523	-71.5695
24524	-70.2337
24525	-67.8954
24526	-64.5562
24527	-63.2851
24528	-59.1893
24529	-51.2427
24530	-49.1326
24531	-55.8931
24532	-61.9902
24533	-62.9066
24534	-64.7888
24535	-67.7386
24536	-70.0254
24537	-69.9256
24538	-68.8673
24539	-64.5989
24540	-60.1398
24541	-63.3735
24542	-64.4378
24543	-66.4182
24544	-69.0542
24545	-70.1978
24546	-70.353
24547	-69.3268
24548	-66.4287
24549	-64.4856
24550	-62.5949
24551	-59.3921
24552	-55.5864
24553	-56.1891
24554	-59.2114
24555	-64.6813
24556	-67.0488
24557	-69.4412
24558	-70.9772
24559	-71.806
24560	-71.902
24561	-71.2018
24562	-70.2067
24563	-70.0666
24564	-72.0833
24565	-72.9999
24566	-74.5603
24567	-74.972
24568	-73.9526
24569	-74.2601
24570	-74.4887
24571	-73.928
24572	-72.7163
24573	-70.8602
24574	-70.6432
24575	-71.4124
24576	-70.3659
24577	-71.6665
24578	-72.8826
24579	-73.4122
24580	-72.1592
24581	-72.6838
24582	-72.6687
24583	-72.4305
24584	-73.0445
24585	-74.0277
24586	-73.0923
24587	-72.321
24588	-72.0051
24589	-71.7262
24590	-71.3013
24591	-69.7793
24592	-69.057
24593	-68.942
24594	-67.456
24595	-64.3906
24596	-61.943
24597	-60.3444
24598	-58.5704
24599	-56.2872
24600	-48.3294
24601	-40.1842
24602	-32.1447
24603	-33.4908
24604	-42.1781
24605	-52.6895
24606	-58.6796
24607	-62.0402
24608	-64.5517
24609	-67.0771
24610	-68.319
24611	-69.2908
24612	-70.2244
24613	-69.9017
24614	-70.8216
24615	-72.3087
24616	-72.7293
24617	-73.7712
24618	-74.0587
24619	-72.321
24620	-72.8065
24621	-73.6521
24622	-73.9176
24623	-72.4566
24624	-71.5294
24625	-71.3929
24626	-70.5529
24627	-71.7478
24628	-70.0949
24629	-64.2542
24630	-62.5468
24631	-68.8344
24632	-71.6889
24633	-71.9621
24634	-72.9359
24635	-74.1887
24636	-74.6662
24637	-74.2374
24638	-73.8519
24639	-73.1101
24640	-72.4764
24641	-70.8861
24642	-70.0518
24643	-70.3271
24644	-71.7829
24645	-70.4246
24646	-69.6528
24647	-68.6451
24648	-65.9946
24649	-64.2452
24650	-61.5671
24651	-58.0429
24652	-53.8611
24653	-54.7501
24654	-58.3418
24655	-63.9557
24656	-66.9411
24657	-69.5902
24658	-71.2173
24659	-71.2971
24660	-71.192
24661	-69.6771
24662	-66.4015
24663	-65.311
24664	-68.7899
24665	-69.1788
24666	-69.8891
24667	-71.9455
24668	-71.2934
24669	-69.9673
24670	-69.5175
24671	-68.0071
24672	-63.553
24673	-59.6037
24674	-60.2123
24675	-59.6092
24676	-58.0831
24677	-61.0898
24678	-65.6398
24679	-67.643
24680	-68.7762
24681	-70.0828
24682	-71.8524
24683	-72.1325
24684	-72.1818
24685	-72.2392
24686	-71.373
24687	-72.8353
24688	-74.2192
24689	-73.9727
24690	-74.1931
24691	-74.583
24692	-75.0376
24693	-73.5685
24694	-71.44
24695	-68.0358
24696	-65.6702
24697	-66.0559
24698	-66.3785
24699	-68.4963
24700	-71.0577
24701	-71.496
24702	-71.7339
24703	-72.0403
24704	-72.4818
24705	-73.1405
24706	-73.502
24707	-74.0712
24708	-74.5004
24709	-73.7779
24710	-73.6151
24711	-73.9552
24712	-72.5338
24713	-71.8569
24714	-71.6132
24715	-70.5875
24716	-70.0521
24717	-68.8552
24718	-67.1047
24719	-64.1109
24720	-63.4325
24721	-61.2349
24722	-54.414
24723	-47.2568
24724	-48.0165
24725	-47.0235
24726	-45.1573
24727	-49.9983
24728	-57.4718
24729	-59.9397
24730	-60.1005
24731	-64.6247
24732	-67.3602
24733	-69.164
24734	-70.07
24735	-70.9759
24736	-70.7909
24737	-71.0707
24738	-72.3006
24739	-72.727
24740	-73.2825
24741	-73.9119
24742	-73.4062
24743	-73.9157
24744	-73.4412
24745	-72.2742
24746	-72.0017
24747	-72.1846
24748	-71.6901
24749	-72.1712
24750	-72.1367
24751	-70.1048
24752	-67.736
24753	-68.5261
24754	-70.9582
24755	-73.0589
24756	-73.6368
24757	-73.5618
24758	-73.6841
24759	-74.1282
24760	-74.4738
24761	-74.0009
24762	-73.3374
24763	-72.4497
24764	-71.9836
24765	-72.1919
24766	-71.9541
24767	-71.3186
24768	-70.3689
24769	-69.5595
24770	-69.385
24771	-68.8173
24772	-65.366
24773	-62.2116
24774	-62.1342
24775	-61.2895
24776	-60.1745
24777	-63.2045
24778	-66.5137
24779	-68.0107
24780	-69.7756
24781	-71.1979
24782	-71.2786
24783	-69.6299
24784	-67.1802
24785	-64.1958
24786	-63.2982
24787	-62.199
24788	-64.619
24789	-68.2891
24790	-69.8197
24791	-70.302
24792	-68.8623
24793	-65.881
24794	-61.7574
24795	-55.3221
24796	-53.1079
24797	-52.8835
24798	-54.7394
24799	-56.9963
24800	-62.3443
24801	-65.588
24802	-68.1488
24803	-68.9383
24804	-69.3412
24805	-70.141
24806	-68.9582
24807	-68.5157
24808	-68.9421
24809	-70.0538
24810	-73.0704
24811	-73.651
24812	-74.095
24813	-74.2673
24814	-73.5884
24815	-73.3789
24816	-73.1914
24817	-73.0257
24818	-72.0407
24819	-68.3629
24820	-68.8528
24821	-72.2844
24822	-73.2619
24823	-72.1072
24824	-72.8913
24825	-73.1983
24826	-72.9522
24827	-72.3274
24828	-71.9796
24829	-71.5924
24830	-71.689
24831	-72.0308
24832	-72.0502
24833	-71.3234
24834	-69.9643
24835	-68.5174
24836	-68.1307
24837	-68.1984
24838	-67.2568
24839	-66.1047
24840	-64.3632
24841	-61.6379
24842	-58.9747
24843	-56.0539
24844	-49.7899
24845	-40.1244
24846	-37.8081
24847	-34.988
24848	-40.219
24849	-42.6399
24850	-51.4769
24851	-57.1218
24852	-59.1681
24853	-60.9868
24854	-63.3591
24855	-65.6033
24856	-67.1176
24857	-67.8095
24858	-68.2827
24859	-69.4633
24860	-70.9145
24861	-70.9533
24862	-71.7683
24863	-72.154
24864	-72.823
24865	-72.1304
24866	-71.7569
24867	-71.9404
24868	-72.8759
24869	-72.2932
24870	-72.9984
24871	-73.0307
24872	-71.4055
24873	-69.5589
24874	-70.3296
24875	-70.0641
24876	-69.1699
24877	-70.9002
24878	-73.2439
24879	-73.646
24880	-74.398
24881	-73.9227
24882	-74.309
24883	-73.7048
24884	-72.6855
24885	-69.3219
24886	-67.8283
24887	-68.2713
24888	-69.4374
24889	-70.531
24890	-71.2982
24891	-70.235
24892	-68.5221
24893	-65.8794
24894	-61.5878
24895	-55.0208
24896	-52.9761
24897	-53.0851
24898	-54.5207
24899	-56.5747
24900	-61.9961
24901	-65.8421
24902	-68.196
24903	-69.6104
24904	-69.9541
24905	-67.7669
24906	-64.1087
24907	-64.1824
24908	-63.78
24909	-64.0941
24910	-67.4166
24911	-71.563
24912	-72.1185
24913	-70.9947
24914	-69.9064
24915	-68.2605
24916	-67.0937
24917	-66.9491
24918	-65.5885
24919	-60.3932
24920	-61.3706
24921	-66.4702
24922	-67.4457
24923	-67.6732
24924	-68.8413
24925	-71.1737
24926	-71.6004
24927	-71.4682
24928	-72.736
24929	-72.4075
24930	-71.9454
24931	-73.3196
24932	-74.4077
24933	-74.6668
24934	-74.5295
24935	-74.378
24936	-73.6295
24937	-73.659
24938	-72.7961
24939	-72.9109
24940	-71.2833
24941	-68.79
24942	-65.9074
24943	-68.3639
24944	-70.697
24945	-72.0811
24946	-71.6891
24947	-71.6324
24948	-71.6352
24949	-73.34
24950	-73.7283
24951	-74.1977
24952	-73.7233
24953	-74.4621
24954	-73.9322
24955	-73.4496
24956	-73.0105
24957	-71.9401
24958	-70.955
24959	-70.9949
24960	-71.3224
24961	-70.0389
24962	-67.1434
24963	-64.0911
24964	-63.4604
24965	-61.3933
24966	-60.5901
24967	-54.4448
24968	-34.3089
24969	-26.1445
24970	-27.5201
24971	-39.1368
24972	-59.2144
24973	-61.9406
24974	-63.6917
24975	-65.7928
24976	-66.5688
24977	-69.0098
24978	-70.8517
24979	-71.6745
24980	-71.7201
24981	-72.4231
24982	-73.9165
24983	-74.1134
24984	-74.2702
24985	-74.1629
24986	-74.0396
24987	-74.0562
24988	-74.3549
24989	-74.1936
24990	-73.3519
24991	-71.6761
24992	-71.4549
24993	-71.5364
24994	-71.0711
24995	-67.4258
24996	-65.8768
24997	-66.3546
24998	-66.8897
24999	-68.5997
25000	-71.8412
25001	-73.7423
25002	-74.3988
25003	-74.1991
25004	-74.2611
25005	-73.9238
25006	-74.2431
25007	-74.0904
25008	-73.1159
25009	-71.6574
25010	-72.762
25011	-72.4875
25012	-71.8623
25013	-71.0163
25014	-69.2699
25015	-67.4616
25016	-66.4794
25017	-66.1289
25018	-63.4259
25019	-56.4764
25020	-57.8124
25021	-65.7723
25022	-67.2948
25023	-67.5967
25024	-69.2326
25025	-71.4081
25026	-71.9338
25027	-72.117
25028	-72.9483
25029	-70.0732
25030	-67.6214
25031	-65.0164
25032	-64.7143
25033	-67.7526
25034	-70.3078
25035	-70.584
25036	-70.0901
25037	-68.0857
25038	-65.4971
25039	-63.3245
25040	-60.388
25041	-55.0581
25042	-51.1464
25043	-55.271
25044	-59.5906
25045	-63.6974
25046	-65.813
25047	-67.9631
25048	-69.5434
25049	-71.1834
25050	-71.7419
25051	-70.434
25052	-67.4841
25053	-68.9629
25054	-72.0846
25055	-73.2842
25056	-73.9243
25057	-74.0856
25058	-74.3337
25059	-73.9348
25060	-73.4365
25061	-72.2544
25062	-68.5415
25063	-66.3297
25064	-68.5374
25065	-67.0192
25066	-67.0409
25067	-70.1094
25068	-71.9106
25069	-71.7853
25070	-71.9576
25071	-72.6169
25072	-72.7477
25073	-72.4682
25074	-73.0697
25075	-73.3678
25076	-73.0912
25077	-72.8841
25078	-72.5495
25079	-72.0786
25080	-70.9152
25081	-69.778
25082	-69.1305
25083	-68.4008
25084	-66.5076
25085	-64.6523
25086	-63.2596
25087	-61.2744
25088	-58.7086
25089	-53.9054
25090	-44.5507
25091	-33.2127
25092	-28.7732
25093	-34.3109
25094	-44.7067
25095	-54.5556
25096	-58.1517
25097	-60.1332
25098	-61.9554
25099	-64.8863
25100	-66.6749
25101	-68.4819
25102	-68.6205
25103	-69.0393
25104	-69.0994
25105	-70.2874
25106	-71.5376
25107	-72.9055
25108	-72.863
25109	-72.4228
25110	-72.9313
25111	-73.0645
25112	-72.8494
25113	-72.7492
25114	-71.8267
25115	-72.3604
25116	-72.8847
25117	-73.2997
25118	-72.3542
25119	-70.3177
25120	-71.1651
25121	-73.2229
25122	-73.5252
25123	-72.8634
25124	-72.9701
25125	-73.2419
25126	-73.823
25127	-74.2591
25128	-74.6247
25129	-74.3791
25130	-71.8593
25131	-68.7012
25132	-68.4866
25133	-71.0968
25134	-71.0056
25135	-70.3965
25136	-70.7772
25137	-68.6132
25138	-66.2325
25139	-64.2489
25140	-61.1963
25141	-55.694
25142	-52.1172
25143	-56.467
25144	-60.4018
25145	-64.2155
25146	-66.4273
25147	-68.8315
25148	-70.0232
25149	-70.718
25150	-69.7494
25151	-65.0985
25152	-61.5101
25153	-62.3039
25154	-65.6694
25155	-64.0112
25156	-67.1725
25157	-70.0262
25158	-70.0316
25159	-68.6449
25160	-67.1012
25161	-63.485
25162	-57.5523
25163	-54.1062
25164	-57.9022
25165	-55.0081
25166	-55.1725
25167	-61.1732
25168	-66.8689
25169	-69.0195
25170	-69.7165
25171	-70.7649
25172	-70.8686
25173	-69.3381
25174	-69.9863
25175	-70.2566
25176	-69.2764
25177	-72.1372
25178	-73.7267
25179	-74.2815
25180	-74.5136
25181	-74.0601
25182	-73.8673
25183	-73.9953
25184	-73.0466
25185	-71.8885
25186	-71.2766
25187	-71.323
25188	-72.3239
25189	-72.7452
25190	-72.7905
25191	-73.6723
25192	-73.1931
25193	-72.4702
25194	-72.4552
25195	-72.7179
25196	-72.4019
25197	-72.4366
25198	-72.5003
25199	-72.0022
25200	-71.04
25201	-71.1101
25202	-69.9471
25203	-68.7539
25204	-68.3285
25205	-68.061
25206	-66.5429
25207	-64.7836
25208	-61.7224
25209	-58.2291
25210	-57.5106
25211	-52.1939
25212	-43.9011
25213	-40.0898
25214	-44.8128
25215	-40.6843
25216	-41.0255
25217	-48.9275
25218	-56.1481
25219	-59.9968
25220	-62.4866
25221	-64.9744
25222	-66.7048
25223	-68.0449
25224	-68.895
25225	-69.5321
25226	-69.8117
25227	-70.7812
25228	-71.5469
25229	-72.3178
25230	-73.0307
25231	-72.5551
25232	-72.399
25233	-72.5252
25234	-72.0195
25235	-72.4616
25236	-72.3136
25237	-72.4696
25238	-71.5496
25239	-71.8529
25240	-70.122
25241	-66.8233
25242	-64.5728
25243	-67.9351
25244	-70.852
25245	-72.8156
25246	-73.529
25247	-74.767
25248	-74.0287
25249	-73.6293
25250	-74.0256
25251	-73.2622
25252	-69.8644
25253	-69.035
25254	-70.4706
25255	-68.9663
25256	-70.8206
25257	-70.206
25258	-69.2507
25259	-68.8085
25260	-66.7994
25261	-62.8445
25262	-57.2093
25263	-53.7491
25264	-57.2282
25265	-54.0518
25266	-54.5959
25267	-60.4574
25268	-66.5013
25269	-69.1078
25270	-69.8668
25271	-70.7866
25272	-69.5079
25273	-65.3361
25274	-66.2068
25275	-66.1012
25276	-64.6693
25277	-68.1454
25278	-71.7736
25279	-72.4158
25280	-71.9847
25281	-70.7581
25282	-69.3705
25283	-68.3471
25284	-66.9114
25285	-65.2948
25286	-66.4477
25287	-66.4345
25288	-64.4656
25289	-65.5617
25290	-67.0799
25291	-68.2932
25292	-69.4625
25293	-70.3929
25294	-71.3164
25295	-72.491
25296	-73.7154
25297	-73.5711
25298	-73.4396
25299	-73.6476
25300	-74.3621
25301	-74.2771
25302	-74.5076
25303	-74.0696
25304	-73.8414
25305	-73.0059
25306	-72.4483
25307	-72.0562
25308	-66.5067
25309	-62.4533
25310	-66.626
25311	-71.0941
25312	-71.9852
25313	-70.4846
25314	-71.4473
25315	-71.6594
25316	-72.4502
25317	-74.4714
25318	-75.014
25319	-73.8691
25320	-74.2959
25321	-75.1965
25322	-74.5115
25323	-73.8685
25324	-72.8422
25325	-71.7757
25326	-71.7076
25327	-72.0449
25328	-71.3737
25329	-69.9527
25330	-67.3237
25331	-64.998
25332	-64.3988
25333	-62.8773
25334	-60.5839
25335	-57.2108
25336	-58.4807
25337	-57.8671
25338	-56.2488
25339	-58.8918
25340	-61.7727
25341	-62.1943
25342	-61.5408
25343	-65.0424
25344	-68.802
25345	-71.0037
25346	-71.5893
25347	-71.9427
25348	-72.9582
25349	-73.953
25350	-74.3067
25351	-73.6457
25352	-73.3425
25353	-74.4223
25354	-75.1033
25355	-73.7269
25356	-73.2499
25357	-72.898
25358	-72.3002
25359	-72.1035
25360	-72.2649
25361	-71.4518
25362	-69.5477
25363	-66.9639
25364	-69.0081
25365	-67.3739
25366	-67.9391
25367	-71.3182
25368	-74.0793
25369	-74.279
25370	-74.5442
25371	-74.294
25372	-74.2241
25373	-73.8972
25374	-73.3927
25375	-73.9177
25376	-73.3329
25377	-73.206
25378	-72.4607
25379	-72.3976
25380	-71.0474
25381	-69.9956
25382	-68.9089
25383	-68.7944
25384	-67.2736
25385	-66.7929
25386	-67.9918
25387	-69.3923
25388	-67.1858
25389	-66.5626
25390	-67.3255
25391	-69.1618
25392	-70.0583
25393	-71.1039
25394	-71.7693
25395	-71.4762
25396	-70.3854
25397	-69.0064
25398	-61.8055
25399	-60.5073
25400	-66.8152
25401	-70.0375
25402	-70.5091
25403	-69.9963
25404	-67.7443
25405	-64.7352
25406	-63.3109
25407	-59.9928
25408	-52.2922
25409	-48.2585
25410	-53.3509
25411	-60.9859
25412	-62.4603
25413	-63.9284
25414	-67.0069
25415	-69.0641
25416	-70.1183
25417	-71.3088
25418	-70.197
25419	-65.6017
25420	-67.5354
25421	-72.0093
25422	-73.1745
25423	-73.7626
25424	-73.8859
25425	-73.9585
25426	-73.6775
25427	-73.2492
25428	-71.9005
25429	-71.5515
25430	-70.2152
25431	-67.6764
25432	-67.0892
25433	-69.2613
25434	-71.7323
25435	-72.0053
25436	-72.01
25437	-72.9171
25438	-72.5336
25439	-71.881
25440	-72.141
25441	-72.1877
25442	-72.1323
25443	-72.4347
25444	-72.8425
25445	-71.5695
25446	-70.5173
25447	-69.5465
25448	-68.5628
25449	-67.5088
25450	-67.4302
25451	-66.1664
25452	-64.4497
25453	-62.7818
25454	-59.8044
25455	-56.9595
25456	-53.431
25457	-35.7277
25458	-20.2574
25459	-16.1182
25460	-21.3242
25461	-38.8368
25462	-54.2612
25463	-56.6314
25464	-59.0422
25465	-61.1005
25466	-62.6225
25467	-65.2619
25468	-66.9211
25469	-67.3015
25470	-67.9849
25471	-69.4957
25472	-70.2887
25473	-71.1173
25474	-71.7473
25475	-72.0715
25476	-72.8009
25477	-72.3878
25478	-71.6952
25479	-72.2856
25480	-72.9607
25481	-73.0397
25482	-72.6801
25483	-73.2226
25484	-72.3581
25485	-71.21
25486	-71.3286
25487	-72.0303
25488	-71.9083
25489	-72.4883
25490	-73.0268
25491	-73.4346
25492	-73.54
25493	-73.8257
25494	-74.7776
25495	-74.451
25496	-73.3197
25497	-71.9661
25498	-66.872
25499	-65.8194
25500	-70.1836
25501	-71.2187
25502	-71.4296
25503	-70.288
25504	-68.298
25505	-64.8926
25506	-63.4348
25507	-60.1339
25508	-52.4844
25509	-48.69
25510	-53.9593
25511	-61.2053
25512	-62.609
25513	-64.4519
25514	-67.0473
25515	-69.7341
25516	-69.7565
25517	-69.1357
25518	-65.8216
25519	-60.3072
25520	-62.1606
25521	-64.8571
25522	-66.3509
25523	-68.7884
25524	-70.1885
25525	-70.4181
25526	-69.5167
25527	-67.2229
25528	-64.9773
25529	-63.5829
25530	-60.3574
25531	-56.9702
25532	-56.2856
25533	-58.9836
25534	-64.0012
25535	-66.6154
25536	-68.9965
25537	-70.6365
25538	-71.763
25539	-71.7058
25540	-71.7369
25541	-70.4712
25542	-70.0973
25543	-71.8803
25544	-72.9046
25545	-74.2789
25546	-75.1142
25547	-74.1114
25548	-73.9782
25549	-74.5591
25550	-74.0471
25551	-72.7319
25552	-70.8741
25553	-70.1188
25554	-71.4646
25555	-70.0351
25556	-71.1964
25557	-72.3714
25558	-73.2279
25559	-72.3046
25560	-72.5748
25561	-72.7595
25562	-72.4768
25563	-72.8226
25564	-74.1797
25565	-73.4342
25566	-72.4408
25567	-72.2328
25568	-72.0575
25569	-71.5697
25570	-70.56
25571	-69.2994
25572	-69.2496
25573	-68.2617
25574	-65.0708
25575	-62.3817
25576	-60.6772
25577	-59.3459
25578	-57.3173
25579	-50.8922
25580	-43.0928
25581	-33.4396
25582	-32.8799
25583	-41.5286
25584	-50.9379
25585	-58.2667
25586	-61.6869
25587	-64.4415
25588	-66.7448
25589	-68.4411
25590	-69.167
25591	-70.19
25592	-69.9815
25593	-70.8728
25594	-72.1056
25595	-73.0429
25596	-73.6474
25597	-74.3443
25598	-72.8776
25599	-72.5899
25600	-73.7004
25601	-74.0922
25602	-72.9261
25603	-71.5749
25604	-71.3569
25605	-70.4958
25606	-71.6778
25607	-70.7834
25608	-65.4054
25609	-62.1126
25610	-67.4459
25611	-71.7525
25612	-71.6406
25613	-72.7596
25614	-74.0078
25615	-74.7676
25616	-74.3832
25617	-73.9411
25618	-73.3006
25619	-72.8525
25620	-71.5135
25621	-70.2592
25622	-70.4748
25623	-71.7558
25624	-70.7987
25625	-69.6963
25626	-68.8962
25627	-66.6379
25628	-64.8333
25629	-62.8143
25630	-59.039
25631	-55.0308
25632	-54.4929
25633	-57.8463
25634	-63.3707
25635	-66.5093
25636	-69.4611
25637	-71.0632
25638	-71.4478
25639	-71.1732
25640	-70.7145
25641	-67.304
25642	-65.4249
25643	-67.9954
25644	-69.0652
25645	-69.0332
25646	-71.3944
25647	-71.484
25648	-70.0796
25649	-69.5178
25650	-68.2725
25651	-63.9774
25652	-59.5015
25653	-58.9732
25654	-59.4615
25655	-57.251
25656	-59.9261
25657	-64.8038
25658	-67.1494
25659	-68.5106
25660	-69.8208
25661	-71.5521
25662	-71.9104
25663	-71.6291
25664	-71.7525
25665	-71.1733
25666	-72.0949
25667	-74.0216
25668	-73.8789
25669	-74.2385
25670	-74.3279
25671	-74.88
25672	-74.1013
25673	-71.9143
25674	-68.7836
25675	-65.8063
25676	-65.9994
25677	-66.3737
25678	-67.7509
25679	-70.6852
25680	-71.5097
25681	-71.8736
25682	-72.0455
25683	-72.3108
25684	-72.9642
25685	-73.3359
25686	-73.671
25687	-74.4814
25688	-73.7439
25689	-73.3735
25690	-73.9134
25691	-72.6773
25692	-71.5445
25693	-71.5074
25694	-70.7104
25695	-70.1158
25696	-68.7941
25697	-67.2084
25698	-64.5994
25699	-63.301
25700	-61.4786
25701	-55.2256
25702	-47.1739
25703	-46.6591
25704	-46.0738
25705	-44.1936
25706	-47.7478
25707	-55.6785
25708	-59.7631
25709	-59.7143
25710	-63.3825
25711	-66.9498
25712	-68.581
25713	-69.5064
25714	-70.9652
25715	-70.5829
25716	-70.7212
25717	-71.6389
25718	-72.5122
25719	-73.059
25720	-74.0633
25721	-73.2449
25722	-73.8895
25723	-73.4477
25724	-72.6895
25725	-71.9755
25726	-72.188
25727	-71.9897
25728	-71.8836
25729	-72.4144
25730	-71.1184
25731	-68.3061
25732	-68.559
25733	-70.6041
25734	-72.8882
25735	-73.4929
25736	-73.3884
25737	-73.6345
25738	-73.9206
25739	-74.2354
25740	-74.4472
25741	-73.4975
25742	-72.2918
25743	-71.7865
25744	-71.9105
25745	-71.6709
25746	-71.3434
25747	-70.5481
25748	-69.5279
25749	-69.3861
25750	-69.1935
25751	-65.6992
25752	-61.6423
25753	-61.2473
25754	-60.868
25755	-59.27
25756	-61.8587
25757	-65.6392
25758	-67.6367
25759	-69.4082
25760	-71.0146
25761	-71.3601
25762	-69.7778
25763	-67.1392
25764	-64.2942
25765	-63.5018
25766	-62.0542
25767	-63.9682
25768	-67.6171
25769	-69.7151
25770	-70.3856
25771	-69.17
25772	-66.3224
25773	-62.8708
25774	-56.674
25775	-53.0946
25776	-53.0189
25777	-55.0701
25778	-55.995
25779	-61.3618
25780	-65.312
25781	-67.9159
25782	-68.7382
25783	-69.3725
25784	-70.2313
25785	-69.2278
25786	-68.5763
25787	-68.7539
25788	-69.8218
25789	-72.5156
25790	-73.7813
25791	-74.1191
25792	-74.2604
25793	-73.6075
25794	-73.2592
25795	-72.9748
25796	-73.149
25797	-72.52
25798	-69.3134
25799	-68.6011
25800	-71.9849
25801	-73.1907
25802	-72.3387
25803	-72.5767
25804	-73.3343
25805	-73.0049
25806	-72.6347
25807	-71.8795
25808	-71.9063
25809	-71.5856
25810	-71.7497
25811	-72.0867
25812	-71.7111
25813	-69.9433
25814	-68.6091
25815	-68.0165
25816	-68.3527
25817	-67.5359
25818	-66.2444
25819	-64.8137
25820	-62.1862
25821	-59.4226
25822	-56.8972
25823	-51.5924
25824	-41.6733
25825	-37.7361
25826	-35.216
25827	-39.3479
25828	-41.5886
25829	-49.8985
25830	-56.461
25831	-59.0506
25832	-60.7821
25833	-62.9899
25834	-65.1739
25835	-67.0143
25836	-67.5593
25837	-68.1138
25838	-69.2002
25839	-70.9264
25840	-71.0968
25841	-71.4366
25842	-72.1127
25843	-72.7701
25844	-72.371
25845	-71.506
25846	-72.1153
25847	-72.5881
25848	-72.2571
25849	-72.7732
25850	-73.1114
25851	-71.7043
25852	-69.659
25853	-69.859
25854	-70.0955
25855	-68.7599
25856	-70.3025
25857	-72.9119
25858	-73.6549
25859	-74.2648
25860	-74.1004
25861	-74.2504
25862	-73.9993
25863	-73.1289
25864	-70.0813
25865	-67.942
25866	-67.9551
25867	-69.0796
25868	-70.4785
25869	-71.132
25870	-70.3409
25871	-68.89
25872	-66.263
25873	-62.566
25874	-56.2769
25875	-52.8132
25876	-53.0699
25877	-54.7465
25878	-55.7062
25879	-60.9789
25880	-65.2591
25881	-67.7159
25882	-69.3912
25883	-69.965
25884	-68.6388
25885	-64.4444
25886	-64.2667
25887	-64.3231
25888	-63.8115
25889	-66.9587
25890	-71.256
25891	-72.09
25892	-71.1901
25893	-70.2147
25894	-68.8182
25895	-67.5978
25896	-67.0509
25897	-66.518
25898	-63.0282
25899	-62.0832
25900	-66.3774
25901	-67.5712
25902	-67.5497
25903	-68.5327
25904	-70.8517
25905	-71.771
25906	-71.3529
25907	-72.472
25908	-72.6899
25909	-72.2182
25910	-73.2462
25911	-74.4036
25912	-74.5451
25913	-74.6216
25914	-74.3748
25915	-73.8496
25916	-73.7107
25917	-72.9101
25918	-72.8929
25919	-71.7373
25920	-69.2413
25921	-65.6519
25922	-67.3607
25923	-70.1919
25924	-72.1355
25925	-71.4929
25926	-71.5432
25927	-71.3204
25928	-73.1518
25929	-73.9181
25930	-74.1246
25931	-74.08
25932	-74.3578
25933	-74.2251
25934	-73.7211
25935	-73.2041
25936	-72.1973
25937	-71.3708
25938	-71.228
25939	-71.3412
25940	-70.7462
25941	-68.0741
25942	-64.7337
25943	-63.8685
25944	-61.9994
25945	-61.12
25946	-57.8906
25947	-38.9256
25948	-28.6771
25949	-28.3045
25950	-37.705
25951	-57.3853
25952	-61.8349
25953	-63.1803
25954	-65.6031
25955	-66.1376
25956	-68.5164
25957	-70.7647
25958	-71.8688
25959	-71.8515
25960	-72.3138
25961	-73.7335
25962	-74.0487
25963	-74.3326
25964	-74.2079
25965	-74.2459
25966	-74.1621
25967	-74.245
25968	-74.3516
25969	-73.7884
25970	-71.9879
25971	-71.6081
25972	-71.5502
25973	-71.3846
25974	-68.1503
25975	-66.027
25976	-66.4469
25977	-66.9552
25978	-68.0342
25979	-71.2563
25980	-73.4303
25981	-74.5352
25982	-73.9924
25983	-74.1097
25984	-74.0369
25985	-74.252
25986	-74.1452
25987	-73.4626
25988	-72.1786
25989	-72.7566
25990	-72.7333
25991	-71.7065
25992	-71.6447
25993	-69.6906
25994	-67.8809
25995	-66.7693
25996	-66.505
25997	-65.6024
25998	-58.318
25999	-57.8569
26000	-65.4112
26001	-67.169
26002	-67.5136
26003	-68.8674
26004	-71.2308
26005	-71.7803
26006	-72.1092
26007	-72.8843
26008	-70.7851
26009	-67.9426
26010	-65.6622
26011	-63.7315
26012	-66.934
26013	-69.988
26014	-70.5871
26015	-70.3457
26016	-68.424
26017	-65.7377
26018	-63.7084
26019	-60.6527
26020	-56.2273
26021	-50.9688
26022	-53.8746
26023	-58.4539
26024	-63.0781
26025	-65.1948
26026	-67.6218
26027	-69.2515
26028	-70.9269
26029	-71.5069
26030	-70.7871
26031	-67.7606
26032	-68.1075
26033	-71.4674
26034	-73.0325
26035	-74.0388
26036	-74.0324
26037	-74.4019
26038	-73.9042
26039	-73.272
26040	-72.6386
26041	-69.2047
26042	-66.5601
26043	-68.1136
26044	-67.8032
26045	-66.6137
26046	-69.6232
26047	-72.174
26048	-71.9848
26049	-71.8539
26050	-72.5771
26051	-72.6404
26052	-72.424
26053	-72.8091
26054	-73.2722
26055	-73.0783
26056	-72.8653
26057	-72.5458
26058	-72.0868
26059	-71.1392
26060	-69.6247
26061	-68.7742
26062	-68.3803
26063	-66.7566
26064	-64.7847
26065	-63.3376
26066	-61.2779
26067	-58.9703
26068	-54.9555
26069	-45.7507
26070	-34.6207
26071	-28.4182
26072	-31.9382
26073	-42.5391
26074	-53.1653
26075	-57.4804
26076	-59.5815
26077	-61.5276
26078	-64.116
26079	-66.3274
26080	-68.0589
26081	-68.557
26082	-68.9271
26083	-68.9662
26084	-69.7238
26085	-71.1885
26086	-72.6021
26087	-72.8026
26088	-72.451
26089	-72.6613
26090	-72.9853
26091	-72.6794
26092	-73.0626
26093	-72.0797
26094	-72.1257
26095	-72.6928
26096	-73.3467
26097	-72.3313
26098	-70.9479
26099	-70.8365
26100	-73.1886
26101	-73.4223
26102	-73.0254
26103	-72.8752
26104	-73.0499
26105	-73.7882
26106	-74.2185
26107	-74.6798
26108	-74.387
26109	-72.4151
26110	-68.8523
26111	-67.8654
26112	-70.7459
26113	-71.245
26114	-70.2905
26115	-70.6098
26116	-69.0085
26117	-66.4831
26118	-64.5488
26119	-61.3903
26120	-56.8028
26121	-51.7977
26122	-55.0908
26123	-59.226
26124	-63.5874
26125	-65.8848
26126	-68.3511
26127	-69.7093
26128	-70.6011
26129	-70.0684
26130	-66.3777
26131	-61.4903
26132	-61.9441
26133	-65.2544
26134	-64.3806
26135	-66.3667
26136	-69.6571
26137	-70.3336
26138	-68.9013
26139	-67.79
26140	-64.2772
26141	-59.1593
26142	-54.4836
26143	-56.9307
26144	-56.0152
26145	-54.8851
26146	-60.0504
26147	-66.1687
26148	-68.8958
26149	-69.6885
26150	-70.5914
26151	-70.8911
26152	-69.7156
26153	-69.822
26154	-70.8693
26155	-69.2781
26156	-71.7591
26157	-73.7415
26158	-74.2409
26159	-74.4361
26160	-73.9719
26161	-73.8315
26162	-74.0125
26163	-73.3302
26164	-72.1674
26165	-71.4451
26166	-71.1539
26167	-72.1973
26168	-72.6748
26169	-72.7429
26170	-73.2564
26171	-73.3029
26172	-72.6153
26173	-72.4585
26174	-72.6507
26175	-72.5183
26176	-72.6076
26177	-72.5015
26178	-72.13
26179	-71.1407
26180	-71.074
26181	-70.432
26182	-68.8234
26183	-68.5235
26184	-68.2385
26185	-66.9641
26186	-65.3105
26187	-62.4868
26188	-58.6079
26189	-57.9924
26190	-53.8046
26191	-45.9293
26192	-40.3586
26193	-43.983
26194	-41.8718
26195	-40.6735
26196	-47.3837
26197	-55.1321
26198	-59.8206
26199	-62.1912
26200	-64.7627
26201	-66.7507
26202	-67.9286
26203	-68.8152
26204	-69.5763
26205	-69.5669
26206	-70.8406
26207	-71.3907
26208	-72.3541
26209	-73.0146
26210	-72.6059
26211	-72.5021
26212	-72.7131
26213	-72.2447
26214	-72.5078
26215	-72.3855
26216	-72.6849
26217	-71.5241
26218	-71.6996
26219	-70.5395
26220	-67.6331
26221	-64.1568
26222	-66.9889
26223	-70.1938
26224	-72.6357
26225	-73.0952
26226	-74.6444
26227	-74.264
26228	-73.4804
26229	-73.9324
26230	-73.6141
26231	-70.7013
26232	-69.0617
26233	-70.7802
26234	-69.2098
26235	-70.4789
26236	-70.7077
26237	-69.3015
26238	-69.0106
26239	-67.2344
26240	-63.7655
26241	-58.5114
26242	-54.0867
26243	-56.5214
26244	-54.9693
26245	-54.1807
26246	-59.5994
26247	-65.4476
26248	-68.9147
26249	-69.7365
26250	-70.884
26251	-70.0282
26252	-66.1986
26253	-65.9301
26254	-66.6949
26255	-64.7636
26256	-67.4626
26257	-71.362
26258	-72.2882
26259	-71.9877
26260	-71.2708
26261	-69.5222
26262	-68.589
26263	-66.9325
26264	-64.4574
26265	-64.6169
26266	-65.5625
26267	-63.622
26268	-64.3573
26269	-66.7475
26270	-67.9137
26271	-69.2133
26272	-70.1157
26273	-71.0713
26274	-72.2882
26275	-73.3004
26276	-73.8397
26277	-73.4222
26278	-73.5515
26279	-74.2864
26280	-74.1745
26281	-74.7962
26282	-74.0455
26283	-74.0435
26284	-73.1193
26285	-72.3677
26286	-72.3298
26287	-67.6734
26288	-62.454
26289	-65.1716
26290	-70.6289
26291	-71.809
26292	-70.7221
26293	-71.288
26294	-72.0467
26295	-72.0174
26296	-74.0258
26297	-74.9634
26298	-74.2095
26299	-73.8423
26300	-75.3662
26301	-74.6093
26302	-73.9292
26303	-73.1909
26304	-72.03
26305	-71.591
26306	-71.8629
26307	-71.3049
26308	-70.2689
26309	-67.8877
26310	-65.4862
26311	-64.7593
26312	-63.2461
26313	-61.2435
26314	-55.9764
26315	-55.8432
26316	-56.231
26317	-53.6975
26318	-56.5025
26319	-60.8566
26320	-62.0773
26321	-61.2432
26322	-63.9204
26323	-67.9649
26324	-70.3641
26325	-71.2286
26326	-71.6624
26327	-72.5145
26328	-73.8055
26329	-73.8434
26330	-73.4536
26331	-73.3845
26332	-74.1843
26333	-75.1734
26334	-74.1074
26335	-73.1633
26336	-72.9265
26337	-72.2242
26338	-72.3259
26339	-72.2354
26340	-71.4897
26341	-70.0625
26342	-67.4054
26343	-68.6504
26344	-67.9677
26345	-67.6826
26346	-70.84
26347	-73.8847
26348	-74.0957
26349	-74.5901
26350	-74.2263
26351	-74.3113
26352	-74.1309
26353	-73.3048
26354	-73.7038
26355	-73.3251
26356	-73.0389
26357	-72.4022
26358	-72.4609
26359	-71.3034
26360	-70.3541
26361	-69.1048
26362	-68.767
26363	-67.9034
26364	-66.8121
26365	-67.8643
26366	-69.4348
26367	-67.4091
26368	-66.3806
26369	-66.9092
26370	-68.6815
26371	-70.0128
26372	-70.8786
26373	-71.5791
26374	-71.5037
26375	-70.0685
26376	-69.6969
26377	-62.9313
26378	-59.9353
26379	-65.1513
26380	-69.5855
26381	-70.4091
26382	-69.8852
26383	-68.4105
26384	-65.1308
26385	-63.3043
26386	-60.7467
26387	-53.97
26388	-48.2696
26389	-51.5579
26390	-60.2491
26391	-62.2072
26392	-63.629
26393	-66.5471
26394	-68.9325
26395	-69.8098
26396	-70.9549
26397	-70.6417
26398	-66.0711
26399	-66.5057
26400	-71.5715
26401	-72.9687
26402	-73.7931
26403	-73.9636
26404	-74.0209
26405	-73.7854
26406	-73.5675
26407	-72.1228
26408	-71.6665
26409	-71.0896
26410	-68.5776
26411	-67.161
26412	-68.9045
26413	-71.5723
26414	-71.9817
26415	-72.1005
26416	-72.9444
26417	-72.703
26418	-71.772
26419	-72.0549
26420	-72.2117
26421	-72.0048
26422	-72.3231
26423	-72.8914
26424	-71.8028
26425	-70.7016
26426	-69.5585
26427	-68.7874
26428	-67.3989
26429	-67.5449
26430	-66.3156
26431	-64.7648
26432	-62.7526
26433	-60.3216
26434	-57.4204
26435	-54.3518
26436	-40.6811
26437	-22.4026
26438	-16.4143
26439	-19.7973
26440	-34.4071
26441	-52.9041
26442	-56.0633
26443	-58.4802
26444	-60.9938
26445	-62.2422
26446	-64.8462
26447	-66.6521
26448	-67.4456
26449	-67.504
26450	-69.1469
26451	-70.1475
26452	-70.8974
26453	-71.6422
26454	-71.9302
26455	-72.8444
26456	-72.5118
26457	-71.71
26458	-72.0798
26459	-72.8517
26460	-73.2609
26461	-72.683
26462	-73.3092
26463	-72.2802
26464	-71.2726
26465	-70.9462
26466	-71.8483
26467	-71.6177
26468	-72.256
26469	-73.0554
26470	-73.2186
26471	-73.7171
26472	-73.8732
26473	-74.6519
26474	-74.4402
26475	-73.4554
26476	-72.4193
26477	-67.7895
26478	-65.2434
26479	-69.4071
26480	-71.1166
26481	-71.1924
26482	-70.32
26483	-68.8324
26484	-65.4967
26485	-63.3677
26486	-61.0322
26487	-54.0006
26488	-48.594
26489	-52.0635
26490	-60.4142
26491	-62.3019
26492	-63.9439
26493	-66.3162
26494	-69.4488
26495	-69.8225
26496	-69.5395
26497	-66.8121
26498	-60.8068
26499	-61.2228
26500	-65.2326
26501	-66.2403
26502	-68.5985
26503	-70.1482
26504	-70.568
26505	-69.8473
26506	-68.006
26507	-65.4685
26508	-64.435
26509	-61.5024
26510	-58.5305
26511	-56.5366
26512	-58.9106
26513	-63.5559
26514	-66.4364
26515	-68.5972
26516	-70.4374
26517	-71.6867
26518	-71.7546
26519	-72.0129
26520	-70.9306
26521	-70.3785
26522	-71.7386
26523	-72.9172
26524	-73.9217
26525	-75.0877
26526	-74.3003
26527	-73.8397
26528	-74.4488
26529	-74.2971
26530	-72.8062
26531	-71.1507
26532	-69.7499
26533	-71.2735
26534	-69.9205
26535	-70.5243
26536	-71.9791
26537	-72.9488
26538	-72.4099
26539	-72.5875
26540	-72.8819
26541	-72.5598
26542	-72.6857
26543	-74.3022
26544	-73.9029
26545	-72.7626
26546	-72.4084
26547	-72.2227
26548	-71.9386
26549	-71.091
26550	-69.5953
26551	-69.6229
26552	-68.9757
26553	-65.8742
26554	-62.8603
26555	-61.2052
26556	-59.8247
26557	-57.9526
26558	-53.3193
26559	-45.1505
26560	-35.195
26561	-32.7132
26562	-40.4593
26563	-49.1795
26564	-57.867
26565	-61.4385
26566	-64.2071
26567	-66.3883
26568	-68.4269
26569	-69.2407
26570	-70.2618
26571	-70.127
26572	-70.8352
26573	-71.8598
26574	-72.9391
26575	-73.5468
26576	-74.4959
26577	-73.4377
26578	-72.4913
26579	-73.7635
26580	-74.1215
26581	-73.3782
26582	-71.5776
26583	-71.3637
26584	-70.5156
26585	-71.4726
26586	-71.1578
26587	-66.7471
26588	-62.0365
26589	-65.9381
26590	-71.8002
26591	-71.4028
26592	-72.5808
26593	-73.8014
26594	-74.2589
26595	-74.5494
26596	-74.1419
26597	-73.5093
26598	-73.0476
26599	-72.2099
26600	-70.6538
26601	-70.9984
26602	-71.57
26603	-71.1062
26604	-70.1152
26605	-69.3062
26606	-67.2736
26607	-64.9591
26608	-63.6152
26609	-60.0554
26610	-56.5355
26611	-54.4526
26612	-57.6571
26613	-62.8986
26614	-66.1544
26615	-68.8227
26616	-70.8392
26617	-71.3645
26618	-71.1634
26619	-71.5784
26620	-68.408
26621	-65.8072
26622	-67.1391
26623	-69.0864
26624	-68.1463
26625	-70.7538
26626	-71.8394
26627	-70.1083
26628	-69.5326
26629	-68.5946
26630	-64.756
26631	-59.5697
26632	-57.9888
26633	-59.1643
26634	-56.9324
26635	-58.5964
26636	-63.6459
26637	-66.8643
26638	-68.2191
26639	-69.6901
26640	-71.2098
26641	-71.8208
26642	-71.3747
26643	-71.5016
26644	-70.9279
26645	-71.3422
26646	-73.7765
26647	-74.0101
26648	-74.1041
26649	-74.2422
26650	-74.8229
26651	-74.481
26652	-72.3915
26653	-69.4436
26654	-66.1755
26655	-66.132
26656	-66.4789
26657	-67.1189
26658	-70.3759
26659	-71.4234
26660	-71.7171
26661	-71.9396
26662	-72.1754
26663	-72.9728
26664	-73.1179
26665	-73.4037
26666	-74.2545
26667	-73.7743
26668	-73.2453
26669	-73.6408
26670	-72.7782
26671	-71.39
26672	-71.2215
26673	-70.9464
26674	-70.0794
26675	-68.6514
26676	-67.2939
26677	-64.758
26678	-63.2063
26679	-61.7099
26680	-55.7769
26681	-47.5619
26682	-45.4515
26683	-45.4543
26684	-43.6635
26685	-45.8335
26686	-53.8648
26687	-59.4135
26688	-59.2331
26689	-62.2644
26690	-66.1204
26691	-68.1349
26692	-69.1063
26693	-70.3757
26694	-70.2801
26695	-70.3742
26696	-71.1312
26697	-72.3344
26698	-72.8962
26699	-73.7974
26700	-73.1541
26701	-73.76
26702	-73.4484
26703	-73.01
26704	-71.85
26705	-72.2056
26706	-72.2825
26707	-71.6389
26708	-72.6394
26709	-71.9322
26710	-69.1017
26711	-68.757
26712	-70.2926
26713	-72.7
26714	-73.3933
26715	-73.3403
26716	-73.6487
26717	-73.7074
26718	-74.1878
26719	-74.4807
26720	-73.4679
26721	-72.2415
26722	-71.5737
26723	-71.7078
26724	-71.4534
26725	-71.3525
26726	-70.7933
26727	-69.6056
26728	-69.2569
26729	-69.2403
26730	-66.0587
26731	-61.6009
26732	-60.1707
26733	-60.5274
26734	-58.5042
26735	-60.4509
26736	-64.7499
26737	-67.2936
26738	-68.9083
26739	-70.7938
26740	-71.1432
26741	-70.0095
26742	-67.2475
26743	-64.5213
26744	-63.7869
26745	-62.1783
26746	-63.5558
26747	-67.0435
26748	-69.6128
26749	-70.4927
26750	-69.4311
26751	-66.8421
26752	-63.7595
26753	-57.813
26754	-53.2607
26755	-53.361
26756	-54.8359
26757	-55.3193
26758	-60.3831
26759	-64.9011
26760	-67.6867
26761	-68.5928
26762	-69.3638
26763	-70.2861
26764	-69.4581
26765	-68.5842
26766	-68.5536
26767	-69.4347
26768	-72.0444
26769	-73.8537
26770	-73.9955
26771	-74.0912
26772	-73.7028
26773	-73.0961
26774	-72.9033
26775	-73.2124
26776	-72.8255
26777	-70.457
26778	-68.652
26779	-71.6825
26780	-73.1053
26781	-72.6711
26782	-72.2272
26783	-73.2629
26784	-73.0505
26785	-72.9376
26786	-72.0135
26787	-72.0224
26788	-71.4325
26789	-71.6575
26790	-72.0593
26791	-71.8422
26792	-70.1971
26793	-68.9141
26794	-68.1588
26795	-68.3625
26796	-67.6124
26797	-66.3751
26798	-65.1894
26799	-62.7896
26800	-59.9079
26801	-57.5187
26802	-52.8266
26803	-43.6021
26804	-37.8558
26805	-35.8288
26806	-37.8172
26807	-40.9886
26808	-48.3845
26809	-55.4944
26810	-58.799
26811	-60.2618
26812	-62.6293
26813	-64.9245
26814	-66.8789
26815	-67.4347
26816	-68.2411
26817	-69.0386
26818	-70.6469
26819	-71.2972
26820	-71.3131
26821	-72.1916
26822	-72.7708
26823	-72.6117
26824	-71.447
26825	-72.4066
26826	-72.3346
26827	-72.3529
26828	-72.3558
26829	-73.201
26830	-71.879
26831	-69.7784
26832	-69.0332
26833	-70.034
26834	-68.4661
26835	-69.6385
26836	-72.607
26837	-73.467
26838	-74.2097
26839	-74.3803
26840	-74.2555
26841	-74.0011
26842	-73.3446
26843	-70.889
26844	-68.0089
26845	-67.8266
26846	-68.844
26847	-70.3215
26848	-70.9025
26849	-70.5544
26850	-69.2793
26851	-66.8707
26852	-63.408
26853	-57.3137
26854	-52.9466
26855	-53.2384
26856	-54.8812
26857	-55.0064
26858	-59.8808
26859	-64.7674
26860	-67.3089
26861	-69.102
26862	-69.9139
26863	-69.2304
26864	-65.0942
26865	-64.1285
26866	-64.6926
26867	-63.7439
26868	-66.5104
26869	-70.8933
26870	-72.1772
26871	-71.6264
26872	-70.4864
26873	-69.279
26874	-67.9314
26875	-67.0097
26876	-67.1546
26877	-65.5045
26878	-63.5251
26879	-66.5874
26880	-67.3148
26881	-67.4436
26882	-68.054
26883	-70.3013
26884	-71.9313
26885	-71.4043
26886	-72.3658
26887	-72.8432
26888	-72.6689
26889	-73.1968
26890	-74.049
26891	-74.5167
26892	-74.7689
26893	-74.3115
26894	-74.0217
26895	-73.6373
26896	-73.2124
26897	-72.6328
26898	-71.7636
26899	-69.5852
26900	-65.6969
26901	-66.4591
26902	-69.6591
26903	-72.0248
26904	-71.3927
26905	-71.5464
26906	-71.2291
26907	-72.853
26908	-73.9815
26909	-74.176
26910	-74.5535
26911	-74.1094
26912	-74.5214
26913	-73.9989
26914	-73.272
26915	-72.5472
26916	-71.8274
26917	-71.4132
26918	-71.4673
26919	-71.3653
26920	-69.0883
26921	-65.2284
26922	-64.1316
26923	-62.8412
26924	-61.3942
26925	-59.7992
26926	-44.3649
26927	-31.8424
26928	-29.7154
26929	-37.0788
26930	-55.4124
26931	-61.6989
26932	-62.7503
26933	-64.9625
26934	-65.9152
26935	-67.7987
26936	-70.4772
26937	-71.8657
26938	-71.9056
26939	-72.2566
26940	-73.5317
26941	-74.042
26942	-74.4488
26943	-74.1657
26944	-74.4784
26945	-74.2407
26946	-74.2918
26947	-74.4214
26948	-74.1052
26949	-72.3897
26950	-71.5528
26951	-71.5518
26952	-71.3614
26953	-68.848
26954	-66.3603
26955	-66.4858
26956	-67.1808
26957	-67.538
26958	-70.6558
26959	-73.1181
26960	-74.5526
26961	-73.9133
26962	-74.1769
26963	-74.2594
26964	-74.1645
26965	-74.2067
26966	-73.7374
26967	-72.7074
26968	-72.9473
26969	-73.0391
26970	-71.8466
26971	-71.8429
26972	-69.9701
26973	-68.3436
26974	-67.1061
26975	-66.949
26976	-66.4937
26977	-60.6821
26978	-58.3902
26979	-64.7632
26980	-67.1528
26981	-67.5462
26982	-68.6221
26983	-70.912
26984	-71.6174
26985	-71.9629
26986	-72.9121
26987	-71.3802
26988	-68.5462
26989	-66.0328
26990	-63.0899
26991	-66.0839
26992	-69.4862
26993	-70.5511
26994	-70.5587
26995	-68.8144
26996	-66.1228
26997	-63.9407
26998	-60.8901
26999	-57.2728
27000	-51.1439
27001	-52.4617
27002	-57.5604
27003	-62.3189
27004	-64.7106
27005	-67.1999
27006	-69.0983
27007	-70.7501
27008	-71.469
27009	-71.0436
27010	-68.0273
27011	-67.3621
27012	-70.5754
27013	-72.9405
27014	-73.6933
27015	-74.0968
27016	-74.3546
27017	-73.8957
27018	-73.3382
27019	-72.8897
27020	-70.0082
27021	-66.9818
27022	-67.8021
27023	-68.3385
27024	-66.5818
27025	-69.165
27026	-71.7987
27027	-72.1148
27028	-71.7529
27029	-72.4838
27030	-72.6456
27031	-72.2946
27032	-72.5853
27033	-73.2236
27034	-73.0856
27035	-73.0587
27036	-72.3386
27037	-71.8781
27038	-71.3568
27039	-69.6269
27040	-68.6284
27041	-68.2784
27042	-66.8827
27043	-64.9311
27044	-63.2988
27045	-61.3467
27046	-59.2171
27047	-55.7899
27048	-47.18
27049	-36.1989
27050	-28.4432
27051	-30.0253
27052	-40.6896
27053	-51.1456
27054	-56.6491
27055	-59.1356
27056	-61.1917
27057	-63.2209
27058	-66.0804
27059	-67.4977
27060	-68.4466
27061	-68.599
27062	-68.7198
27063	-69.3774
27064	-70.9461
27065	-72.3131
27066	-72.6374
27067	-72.3927
27068	-72.4487
27069	-72.8608
27070	-72.6621
27071	-73.359
27072	-72.3745
27073	-72.0332
27074	-72.5512
27075	-73.3994
27076	-72.4867
27077	-71.2866
27078	-70.805
27079	-72.8175
27080	-73.4808
27081	-73.029
27082	-72.7498
27083	-73.0686
27084	-73.5912
27085	-74.2985
27086	-74.3682
27087	-74.4242
27088	-73.0117
27089	-69.3186
27090	-67.4171
27091	-70.1282
27092	-71.2741
27093	-70.2272
27094	-70.7126
27095	-69.2225
27096	-66.6011
27097	-64.6319
27098	-61.6289
27099	-57.9075
27100	-51.8882
27101	-53.4958
27102	-58.2376
27103	-62.9706
27104	-65.408
27105	-67.7261
27106	-69.5305
27107	-70.3978
27108	-70.2525
27109	-67.2979
27110	-61.7161
27111	-61.4651
27112	-64.4356
27113	-64.9354
27114	-65.6199
27115	-69.3779
27116	-70.6346
27117	-69.1958
27118	-67.9298
27119	-65.1668
27120	-60.6401
27121	-55.1499
27122	-56.1566
27123	-57.2582
27124	-54.9173
27125	-58.9657
27126	-65.0607
27127	-68.598
27128	-69.6665
27129	-70.2929
27130	-70.9386
27131	-70.1823
27132	-69.8674
27133	-71.1026
27134	-69.6168
27135	-71.303
27136	-73.4731
27137	-74.2752
27138	-74.5359
27139	-73.9751
27140	-74.0042
27141	-74.1789
27142	-73.5021
27143	-72.3126
27144	-71.3191
27145	-71.0984
27146	-71.7857
27147	-72.6908
27148	-72.9344
27149	-72.9026
27150	-73.2179
27151	-72.8813
27152	-72.2813
27153	-72.7164
27154	-72.6485
27155	-72.868
27156	-72.5074
27157	-72.2052
27158	-71.3702
27159	-71.101
27160	-70.9325
27161	-69.1464
27162	-68.6638
27163	-68.4515
27164	-67.3349
27165	-65.7777
27166	-63.1694
27167	-59.2041
27168	-58.0638
27169	-55.4092
27170	-48.1161
27171	-41.0023
27172	-42.8394
27173	-43.4289
27174	-40.5593
27175	-45.8353
27176	-54.0528
27177	-59.4026
27178	-61.8421
27179	-64.5081
27180	-66.6336
27181	-67.7449
27182	-68.9038
27183	-69.7413
27184	-69.3953
27185	-70.8744
27186	-71.3828
27187	-72.4684
27188	-73.1392
27189	-72.8212
27190	-72.6656
27191	-73.0015
27192	-72.3707
27193	-72.3378
27194	-72.3414
27195	-72.4846
27196	-71.6174
27197	-71.5772
27198	-70.9411
27199	-68.392
27200	-64.1343
27201	-66.0767
27202	-69.4498
27203	-72.2456
27204	-72.7355
27205	-74.3213
27206	-74.3305
27207	-73.6108
27208	-73.8475
27209	-73.8486
27210	-71.411
27211	-69.1921
27212	-70.7446
27213	-69.6038
27214	-70.2056
27215	-71.0264
27216	-69.432
27217	-69.1176
27218	-67.6169
27219	-64.7199
27220	-59.8656
27221	-54.5692
27222	-55.6757
27223	-56.1199
27224	-54.0601
27225	-58.4273
27226	-64.3984
27227	-68.6345
27228	-69.7315
27229	-70.9282
27230	-70.5684
27231	-67.4095
27232	-65.6624
27233	-67.2418
27234	-65.1173
27235	-66.9233
27236	-70.8414
27237	-72.0421
27238	-71.9661
27239	-71.5858
27240	-69.7918
27241	-68.8511
27242	-66.9416
27243	-63.8925
27244	-62.945
27245	-64.768
27246	-62.8241
27247	-63.2844
27248	-66.3408
27249	-67.4027
27250	-68.9892
27251	-69.9098
27252	-70.8659
27253	-72.1223
27254	-73.0166
27255	-73.751
27256	-73.3625
27257	-73.3803
27258	-74.1603
27259	-74.2273
27260	-74.8586
27261	-74.0883
27262	-74.2507
27263	-73.3176
27264	-72.3914
27265	-72.2163
27266	-68.8822
27267	-62.7983
27268	-63.9021
27269	-69.8642
27270	-71.5276
27271	-70.9312
27272	-71.1892
27273	-71.9217
27274	-71.772
27275	-73.7451
27276	-74.8483
27277	-74.339
27278	-73.6361
27279	-75.0789
27280	-74.7254
27281	-73.9631
27282	-73.3994
27283	-72.1384
27284	-71.5693
27285	-71.6803
27286	-71.2349
27287	-70.5956
27288	-68.5087
27289	-66.0285
27290	-64.8208
27291	-63.062
27292	-60.8994
27293	-54.2576
27294	-52.9097
27295	-53.8065
27296	-51.9007
27297	-53.8803
27298	-59.6383
27299	-61.6732
27300	-61.0684
27301	-62.9554
27302	-66.9871
27303	-69.8049
27304	-71.076
27305	-71.1919
27306	-72.112
27307	-73.5536
27308	-73.5553
27309	-73.4295
27310	-73.2257
27311	-73.7206
27312	-75.2706
27313	-74.3917
27314	-73.2149
27315	-73.1144
27316	-72.2148
27317	-72.4182
27318	-72.2326
27319	-71.8211
27320	-70.6316
27321	-68.0237
27322	-68.3767
27323	-68.5215
27324	-67.5824
27325	-70.2823
27326	-73.7375
27327	-74.023
27328	-74.3882
27329	-74.1526
27330	-74.3292
27331	-74.3578
27332	-73.3015
27333	-73.5087
27334	-73.4307
27335	-72.9101
27336	-72.322
27337	-72.376
27338	-71.6751
27339	-70.7184
27340	-69.335
27341	-68.9099
27342	-67.9906
27343	-66.4991
27344	-67.09
27345	-68.5071
27346	-66.3217
27347	-65.85
27348	-66.5728
27349	-68.1428
27350	-69.8407
27351	-70.5738
27352	-71.38
27353	-71.3651
27354	-69.9262
27355	-69.754
27356	-64.1697
27357	-59.6916
27358	-63.5799
27359	-69.072
27360	-70.2529
27361	-69.8965
27362	-68.999
27363	-65.6153
27364	-63.591
27365	-61.5439
27366	-55.6312
27367	-48.6259
27368	-50.1654
27369	-59.2562
27370	-61.8956
27371	-63.2984
27372	-65.9751
27373	-68.7701
27374	-69.603
27375	-70.6519
27376	-70.903
27377	-66.8309
27378	-65.6791
27379	-70.849
27380	-72.9903
27381	-73.7167
27382	-74.027
27383	-74.0816
27384	-73.667
27385	-73.8309
27386	-72.5026
27387	-71.962
27388	-72.0289
27389	-69.41
27390	-67.3654
27391	-68.7779
27392	-71.4351
27393	-72.2693
27394	-72.1518
27395	-72.8202
27396	-72.9738
27397	-71.8429
27398	-72.0237
27399	-72.1153
27400	-72.0355
27401	-72.361
27402	-72.6234
27403	-72.0102
27404	-70.7698
27405	-69.5622
27406	-68.8726
27407	-67.3649
27408	-67.6911
27409	-66.504
27410	-64.8697
27411	-62.8097
27412	-60.7063
27413	-57.7345
27414	-54.8279
27415	-44.7732
27416	-24.9827
27417	-17.0507
27418	-18.6582
27419	-30.6879
27420	-50.8726
27421	-55.6943
27422	-57.9745
27423	-60.775
27424	-61.9819
27425	-64.3366
27426	-66.396
27427	-67.3534
27428	-67.19
27429	-68.9477
27430	-69.9678
27431	-70.7852
27432	-71.5332
27433	-71.7021
27434	-72.7597
27435	-72.4685
27436	-71.7352
27437	-71.8603
27438	-72.568
27439	-73.2583
27440	-72.6384
27441	-73.1701
27442	-72.5067
27443	-71.4255
27444	-70.6481
27445	-71.7323
27446	-71.4842
27447	-71.8042
27448	-72.7042
27449	-73.0735
27450	-73.9299
27451	-73.8993
27452	-74.267
27453	-74.5393
27454	-73.426
27455	-72.6873
27456	-68.742
27457	-65.0284
27458	-68.5419
27459	-71.0003
27460	-70.9902
27461	-70.598
27462	-69.1293
27463	-66.2322
27464	-63.6111
27465	-61.6251
27466	-55.5404
27467	-48.8443
27468	-50.5678
27469	-59.2475
27470	-62.2071
27471	-63.4387
27472	-65.6805
27473	-69.1002
27474	-69.7392
27475	-70.0045
27476	-67.47
27477	-61.6626
27478	-60.4797
27479	-65.568
27480	-66.2765
27481	-68.2018
27482	-70.0008
27483	-70.5849
27484	-70.2386
27485	-68.6505
27486	-65.8695
27487	-64.8704
27488	-62.5363
27489	-59.7418
27490	-57.0849
27491	-59.0303
27492	-63.313
27493	-66.3809
27494	-68.3406
27495	-70.1795
27496	-71.6066
27497	-71.6997
27498	-72.1145
27499	-71.1584
27500	-70.8533
27501	-71.763
27502	-72.927
27503	-73.5793
27504	-74.9943
27505	-74.5116
27506	-73.9708
27507	-74.2955
27508	-74.5081
27509	-73.123
27510	-71.4038
27511	-69.5013
27512	-70.7208
27513	-70.0322
27514	-70.0268
27515	-71.5912
27516	-72.7731
27517	-72.5463
27518	-72.4459
27519	-72.5634
27520	-72.6268
27521	-72.6404
27522	-74.0632
27523	-74.0677
27524	-72.8816
27525	-72.5186
27526	-72.2207
27527	-72.1166
27528	-71.5575
27529	-69.9248
27530	-70.0791
27531	-69.4701
27532	-66.8014
27533	-63.6073
27534	-61.7883
27535	-60.5215
27536	-58.546
27537	-55.3409
27538	-46.7161
27539	-37.3397
27540	-32.9879
27541	-38.7875
27542	-47.4322
27543	-57.3781
27544	-61.1836
27545	-64.0111
27546	-66.1113
27547	-68.3995
27548	-69.4045
27549	-70.3788
27550	-70.4184
27551	-70.7464
27552	-71.8205
27553	-73.0913
27554	-73.2693
27555	-74.6333
27556	-73.812
27557	-72.5427
27558	-73.8921
27559	-74.3491
27560	-73.8822
27561	-71.6809
27562	-71.369
27563	-70.6492
27564	-71.2387
27565	-71.4842
27566	-67.899
27567	-62.3103
27568	-64.511
27569	-71.0779
27570	-71.4246
27571	-72.2689
27572	-73.4553
27573	-74.1233
27574	-74.4874
27575	-74.0084
27576	-73.6233
27577	-73.2278
27578	-72.6282
27579	-71.1324
27580	-71.2076
27581	-71.4826
27582	-71.4116
27583	-70.2842
27584	-69.3598
27585	-67.8825
27586	-65.3377
27587	-64.3354
27588	-61.0144
27589	-57.9345
27590	-54.7435
27591	-57.4245
27592	-62.1584
27593	-65.9565
27594	-68.2509
27595	-70.5007
27596	-71.3371
27597	-71.2902
27598	-71.9023
27599	-69.5826
27600	-66.5104
27601	-66.583
27602	-69.2773
27603	-67.633
27604	-69.9789
27605	-71.9266
27606	-70.2906
27607	-69.4499
27608	-68.8172
27609	-65.3242
27610	-60.0225
27611	-57.2179
27612	-59.043
27613	-56.8134
27614	-57.2305
27615	-62.2949
27616	-66.2575
27617	-67.8958
27618	-69.7361
27619	-70.7051
27620	-71.9095
27621	-71.1918
27622	-71.31
27623	-70.7954
27624	-70.6199
27625	-73.1707
27626	-74.2029
27627	-73.8525
27628	-74.1045
27629	-74.8913
27630	-74.6923
27631	-72.7623
27632	-70.1624
27633	-66.7574
27634	-66.0508
27635	-66.4885
27636	-66.7318
27637	-69.9036
27638	-71.362
27639	-71.5686
27640	-71.6454
27641	-72.1656
27642	-72.6787
27643	-72.8946
27644	-73.3564
27645	-74.149
27646	-73.9094
27647	-73.2182
27648	-73.5238
27649	-72.921
27650	-71.4654
27651	-70.9867
27652	-70.8254
27653	-69.8758
27654	-68.6746
27655	-67.4576
27656	-65.0414
27657	-63.0899
27658	-61.7334
27659	-56.3904
27660	-48.4006
27661	-44.4616
27662	-45.3017
27663	-43.5777
27664	-44.1644
27665	-51.8457
27666	-58.5947
27667	-58.864
27668	-61.2387
27669	-65.5337
27670	-67.496
27671	-68.7382
27672	-69.9989
27673	-70.1408
27674	-70.3008
27675	-70.8456
27676	-71.964
27677	-72.7724
27678	-73.4391
27679	-72.8646
27680	-73.5363
27681	-73.4244
27682	-73.2067
27683	-71.9004
27684	-72.3434
27685	-72.3087
27686	-71.6317
27687	-72.7897
27688	-72.5026
27689	-69.7386
27690	-69.0261
27691	-70.1774
27692	-72.4499
27693	-73.5443
27694	-73.4948
27695	-73.6044
27696	-73.5749
27697	-74.1351
27698	-74.325
27699	-73.5618
27700	-72.179
27701	-71.3655
27702	-71.4341
27703	-71.4025
27704	-71.4148
27705	-70.8731
27706	-69.7819
27707	-69.3183
27708	-69.4112
27709	-66.4984
27710	-61.6086
27711	-59.3101
27712	-60.0721
27713	-58.1562
27714	-58.9997
27715	-63.5496
27716	-66.8883
27717	-68.5142
27718	-70.5447
27719	-70.9898
27720	-70.2704
27721	-67.3469
27722	-65.1327
27723	-63.9468
27724	-62.5057
27725	-63.2973
27726	-66.4471
27727	-69.5182
27728	-70.2648
27729	-69.6537
27730	-67.4439
27731	-64.4748
27732	-59.1569
27733	-53.7535
27734	-53.7592
27735	-54.2317
27736	-54.9942
27737	-59.2945
27738	-64.3942
27739	-67.2542
27740	-68.5978
27741	-69.4608
27742	-70.2206
27743	-69.7968
27744	-68.7874
27745	-68.6253
27746	-69.2844
27747	-71.5698
27748	-73.7843
27749	-73.8472
27750	-74.0241
27751	-73.942
27752	-73.065
27753	-73.0287
27754	-73.3522
27755	-73.1217
27756	-71.349
27757	-68.9342
27758	-71.3359
27759	-73.0243
27760	-73.0565
27761	-72.088
27762	-73.0811
27763	-73.0674
27764	-72.8984
27765	-72.2452
27766	-72.1443
27767	-71.4645
27768	-71.7353
27769	-72.117
27770	-71.8904
27771	-70.4689
27772	-69.235
27773	-68.267
27774	-68.296
27775	-67.8928
27776	-66.6387
27777	-65.5099
27778	-63.1972
27779	-60.1225
27780	-57.9173
27781	-54.1909
27782	-45.7573
27783	-38.3436
27784	-36.7135
27785	-36.7511
27786	-40.7096
27787	-46.7206
27788	-54.5395
27789	-58.4378
27790	-60.0165
27791	-62.3734
27792	-64.5285
27793	-66.6492
27794	-67.6008
27795	-68.5175
27796	-69.0888
27797	-70.4166
27798	-71.3011
27799	-71.1939
27800	-72.1225
27801	-72.7316
27802	-72.8266
27803	-71.6424
27804	-72.2006
27805	-72.1922
27806	-72.3633
27807	-72.0323
27808	-73.1665
27809	-72.0761
27810	-70.03
27811	-68.5328
27812	-69.9204
27813	-68.3446
27814	-68.9036
27815	-71.7289
27816	-73.6904
27817	-74.2488
27818	-74.4324
27819	-74.2599
27820	-74.0399
27821	-73.3125
27822	-71.6867
27823	-68.2523
27824	-67.9049
27825	-68.8536
27826	-70.2135
27827	-70.8754
27828	-70.9774
27829	-69.4
27830	-67.1517
27831	-64.2829
27832	-58.5005
27833	-53.3657
27834	-53.5017
27835	-54.4171
27836	-54.637
27837	-58.8735
27838	-64.1279
27839	-67.1557
27840	-68.7605
27841	-69.9014
27842	-69.9504
27843	-66.0106
27844	-63.9933
27845	-64.639
27846	-63.9705
27847	-66.1596
27848	-70.2638
27849	-72.3154
27850	-71.9196
27851	-70.8959
27852	-69.7412
27853	-68.2127
27854	-67.0133
27855	-67.4845
27856	-67.0916
27857	-65.8458
27858	-67.2726
27859	-67.3386
27860	-67.4281
27861	-67.6537
27862	-69.6194
27863	-71.5457
27864	-71.2737
27865	-72.152
27866	-73.037
27867	-72.9977
27868	-73.0428
27869	-73.7656
27870	-74.3421
27871	-74.8467
27872	-74.3197
27873	-74.26
27874	-73.6308
27875	-73.3747
27876	-72.7276
27877	-71.9448
27878	-69.786
27879	-66.0713
27880	-65.6178
27881	-68.8141
27882	-71.5952
27883	-71.4844
27884	-71.5212
27885	-71.3491
27886	-72.4387
27887	-74.0254
27888	-74.286
27889	-74.7121
27890	-73.9817
27891	-74.7777
27892	-74.3785
27893	-73.4263
27894	-72.9909
27895	-72.1957
27896	-71.369
27897	-71.4256
27898	-71.8251
27899	-69.7316
27900	-66.0773
27901	-64.4125
27902	-63.6943
27903	-61.626
27904	-60.8443
27905	-50.7951
27906	-35.8052
27907	-31.8943
27908	-37.3428
27909	-53.9103
27910	-61.3921
27911	-62.2682
27912	-64.1689
27913	-65.6954
27914	-67.1153
27915	-70.259
27916	-71.8679
27917	-71.9619
27918	-72.3452
27919	-73.184
27920	-74.0945
27921	-74.186
27922	-74.2782
27923	-74.3706
27924	-74.2017
27925	-74.4769
27926	-74.3906
27927	-74.3893
27928	-72.5435
27929	-71.5715
27930	-71.5201
27931	-71.3049
27932	-69.6069
27933	-66.732
27934	-66.5932
27935	-67.4015
27936	-67.2658
27937	-70.1927
27938	-72.851
27939	-74.4682
27940	-73.8917
27941	-74.114
27942	-74.2869
27943	-74.1357
27944	-74.2625
27945	-73.8205
27946	-73.2007
27947	-73.0657
27948	-73.1461
27949	-72.0462
27950	-72.0865
27951	-70.4935
27952	-68.7658
27953	-67.4626
27954	-67.1997
27955	-66.7864
27956	-63.3575
27957	-59.4574
27958	-64.5375
27959	-67.083
27960	-67.7138
27961	-68.2643
27962	-70.4832
27963	-71.3473
27964	-71.9301
27965	-72.6179
27966	-71.7665
27967	-69.1668
27968	-66.55
27969	-62.7802
27970	-65.2025
27971	-68.5737
27972	-70.4499
27973	-70.4922
27974	-69.0758
27975	-66.4486
27976	-64.0636
27977	-61.5683
27978	-57.9333
27979	-51.6381
27980	-51.2912
27981	-56.4874
27982	-61.4761
27983	-64.1718
27984	-66.5016
27985	-68.8041
27986	-70.4823
27987	-71.5442
27988	-71.1299
27989	-68.4584
27990	-66.7718
27991	-69.8131
27992	-72.6193
27993	-73.4602
27994	-74.1005
27995	-74.4284
27996	-73.9332
27997	-73.5519
27998	-73.1923
27999	-70.9028
28000	-67.584
28001	-67.562
28002	-69.0199
28003	-66.8264
28004	-68.6118
28005	-71.4836
28006	-72.1828
28007	-71.7889
28008	-72.452
28009	-72.7372
28010	-72.2073
28011	-72.2658
28012	-73.0619
28013	-73.0939
28014	-72.7686
28015	-72.2173
28016	-71.7767
28017	-71.2952
28018	-69.6343
28019	-68.6648
28020	-68.2397
28021	-67.0012
28022	-65.1991
28023	-63.2326
28024	-61.5095
28025	-59.5816
28026	-56.3757
28027	-49.0789
28028	-38.3897
28029	-28.8416
28030	-28.5392
28031	-38.4815
28032	-48.8535
28033	-55.81
28034	-58.6533
28035	-60.7298
28036	-62.6765
28037	-65.8316
28038	-67.0217
28039	-68.2525
28040	-68.2769
28041	-68.47
28042	-69.0553
28043	-70.6773
28044	-71.9702
28045	-72.5166
28046	-72.5223
28047	-72.125
28048	-72.6542
28049	-72.7042
28050	-73.3046
28051	-72.747
28052	-72.0926
28053	-72.382
28054	-73.221
28055	-72.8273
28056	-71.5536
28057	-70.9543
28058	-72.5093
28059	-73.3642
28060	-73.181
28061	-72.6668
28062	-73.1848
28063	-73.3752
28064	-74.2795
28065	-74.2994
28066	-74.382
28067	-73.2959
28068	-69.913
28069	-67.2132
28070	-69.0772
28071	-71.0206
28072	-70.1854
28073	-70.4209
28074	-69.4127
28075	-66.8868
28076	-64.7092
28077	-61.9742
28078	-58.6402
28079	-52.2424
28080	-52.1309
28081	-57.2264
28082	-61.9334
28083	-64.8521
28084	-67.0509
28085	-69.2919
28086	-70.1859
28087	-70.4046
28088	-68.0702
28089	-62.2597
28090	-61.0471
28091	-63.7047
28092	-65.5846
28093	-65.2863
28094	-69.1098
28095	-70.459
28096	-69.5678
28097	-68.2153
28098	-65.9695
28099	-62.0235
28100	-56.0853
28101	-55.7211
28102	-58.5182
28103	-55.2217
28104	-58.1481
28105	-64.2895
28106	-68.3794
28107	-69.667
28108	-70.1444
28109	-71.0473
28110	-70.7725
28111	-69.98
28112	-71.1517
28113	-70.022
28114	-71.0089
28115	-73.1209
28116	-74.354
28117	-74.6812
28118	-74.0403
28119	-74.1516
28120	-74.0421
28121	-73.8174
28122	-72.4874
28123	-71.2964
28124	-70.9921
28125	-71.5477
28126	-72.5507
28127	-72.8585
28128	-72.6813
28129	-73.091
28130	-72.9611
28131	-72.1326
28132	-72.7931
28133	-72.8669
28134	-72.9175
28135	-72.7033
28136	-72.4069
28137	-71.6371
28138	-71.2575
28139	-71.1459
28140	-69.6563
28141	-68.9316
28142	-68.6793
28143	-67.7372
28144	-66.0991
28145	-63.867
28146	-59.9991
28147	-58.1133
28148	-56.5914
28149	-50.1912
28150	-42.0558
28151	-42.0302
28152	-44.898
28153	-40.7286
28154	-44.4501
28155	-53.0475
28156	-59.0554
28157	-61.7284
28158	-64.2901
28159	-66.3994
28160	-67.6666
28161	-68.9537
28162	-69.7339
28163	-69.4971
28164	-70.9021
28165	-71.3729
28166	-72.4682
28167	-73.0868
28168	-73.0697
28169	-72.6794
28170	-72.8278
28171	-72.4509
28172	-72.327
28173	-72.4279
28174	-72.2194
28175	-71.4883
28176	-71.2349
28177	-71.3255
28178	-68.9147
28179	-64.5971
28180	-65.3054
28181	-68.7614
28182	-71.8584
28183	-72.5876
28184	-74.0212
28185	-74.4181
28186	-73.7732
28187	-73.7875
28188	-74.036
28189	-72.0958
28190	-69.5361
28191	-70.3723
28192	-70.0079
28193	-70.0394
28194	-71.1765
28195	-69.5574
28196	-69.0239
28197	-68.0304
28198	-65.4899
28199	-61.1493
28200	-55.3816
28201	-55.1116
28202	-57.4234
28203	-54.1404
28204	-57.4417
28205	-63.5472
28206	-68.2315
28207	-69.5967
28208	-70.8305
28209	-70.9286
28210	-68.3921
28211	-65.822
28212	-67.4056
28213	-65.7416
28214	-66.6642
28215	-70.3239
28216	-71.9752
28217	-71.9079
28218	-71.9067
28219	-70.0218
28220	-69.107
28221	-66.9736
28222	-63.5494
28223	-61.6229
28224	-63.5772
28225	-62.0764
28226	-62.203
28227	-65.7813
28228	-66.9286
28229	-68.8908
28230	-69.6435
28231	-70.6296
28232	-71.8489
28233	-72.711
28234	-73.5383
28235	-73.2972
28236	-73.1875
28237	-74.03
28238	-74.181
28239	-74.6516
28240	-74.0821
28241	-74.3014
28242	-73.4609
28243	-72.5085
28244	-72.2163
28245	-69.9378
28246	-63.4955
28247	-62.9424
28248	-68.9816
28249	-71.2546
28250	-71.2116
28251	-70.8844
28252	-71.9985
28253	-71.6699
28254	-73.4628
28255	-74.4509
28256	-74.6193
28257	-73.5211
28258	-75.0944
28259	-75.0157
28260	-74.1695
28261	-73.688
28262	-72.2221
28263	-71.498
28264	-71.472
28265	-71.1936
28266	-70.5741
28267	-69.0249
28268	-66.5963
28269	-64.9201
28270	-63.1164
28271	-60.5576
28272	-53.4821
28273	-50.2309
28274	-51.3824
28275	-50.7721
28276	-51.4239
28277	-57.7535
28278	-61.2812
28279	-60.8786
28280	-61.8921
28281	-66.0411
28282	-69.2136
28283	-70.7726
28284	-70.9726
28285	-71.8428
28286	-73.1648
28287	-73.4126
28288	-73.4145
28289	-73.1259
28290	-73.4823
28291	-74.9211
28292	-74.5575
28293	-73.1345
28294	-73.292
28295	-72.2927
28296	-72.3405
28297	-72.3161
28298	-72.199
28299	-71.1647
28300	-68.61
28301	-68.1267
28302	-69.0883
28303	-67.8111
28304	-69.7738
28305	-73.2057
28306	-73.9411
28307	-74.2792
28308	-73.9787
28309	-74.2789
28310	-74.4054
28311	-73.4149
28312	-73.4275
28313	-73.6767
28314	-72.8969
28315	-72.2575
28316	-72.1708
28317	-71.8801
28318	-70.6846
28319	-69.67
28320	-68.889
28321	-67.9736
28322	-65.9464
28323	-65.5384
28324	-67.6012
28325	-65.4865
28326	-64.8265
28327	-66.1854
28328	-67.5106
28329	-69.5711
28330	-70.2058
28331	-70.9706
28332	-71.3328
28333	-69.9824
28334	-69.5252
28335	-65.5371
28336	-59.7934
28337	-62.1756
28338	-68.5412
28339	-70.3834
28340	-69.8282
28341	-69.2961
28342	-66.1474
28343	-63.9593
28344	-61.9776
28345	-57.2752
28346	-49.3312
28347	-49.1469
28348	-57.4361
28349	-61.5929
28350	-63.2244
28351	-65.1112
28352	-68.5649
28353	-69.4388
28354	-70.3349
28355	-71.1709
28356	-67.7725
28357	-65.1799
28358	-69.6206
28359	-72.8625
28360	-73.6391
28361	-74.0903
28362	-74.0759
28363	-73.4942
28364	-73.8604
28365	-72.82
28366	-72.0805
28367	-72.3036
28368	-70.0855
28369	-67.8812
28370	-68.7455
28371	-71.1487
28372	-72.4917
28373	-72.1349
28374	-72.7268
28375	-73.129
28376	-72.1975
28377	-72.0405
28378	-72.1821
28379	-72.1418
28380	-72.0625
28381	-72.52
28382	-72.1232
28383	-70.9402
28384	-69.6412
28385	-68.8025
28386	-67.5492
28387	-67.5009
28388	-66.6298
28389	-65.1493
28390	-63.0144
28391	-61.087
28392	-58.1215
28393	-55.4698
28394	-48.0831
28395	-28.0478
28396	-18.0333
28397	-17.8868
28398	-27.6362
28399	-47.7586
28400	-55.1961
28401	-57.483
28402	-60.3645
28403	-61.6857
28404	-63.8346
28405	-66.1392
28406	-67.2663
28407	-66.9847
28408	-68.6727
28409	-69.8587
28410	-70.6351
28411	-71.4747
28412	-71.5679
28413	-72.4531
28414	-72.4857
28415	-71.8365
28416	-71.582
28417	-72.4183
28418	-73.1367
28419	-72.6268
28420	-73.0439
28421	-72.7338
28422	-71.5566
28423	-70.4183
28424	-71.3834
28425	-71.315
28426	-71.3053
28427	-72.3403
28428	-73.0548
28429	-73.6347
28430	-73.6899
28431	-74.0118
28432	-74.624
28433	-73.6398
28434	-72.8694
28435	-69.7204
28436	-65.1133
28437	-67.5916
28438	-71.017
28439	-71.0057
28440	-70.891
28441	-69.3312
28442	-66.9076
28443	-63.6637
28444	-62.4263
28445	-57.0649
28446	-49.4409
28447	-49.4474
28448	-57.5567
28449	-61.9051
28450	-63.056
28451	-65.0842
28452	-68.5322
28453	-69.8496
28454	-70.0285
28455	-68.0446
28456	-62.8805
28457	-60.0271
28458	-64.7927
28459	-66.3359
28460	-68.0555
28461	-70.0104
28462	-70.6964
28463	-70.4232
28464	-69.2501
28465	-66.5051
28466	-65.1504
28467	-63.5961
28468	-61.0358
28469	-58.0115
28470	-59.3711
28471	-62.7686
28472	-66.4007
28473	-68.0125
28474	-69.6751
28475	-71.4786
28476	-71.6993
28477	-72.2451
28478	-71.5822
28479	-71.1186
28480	-71.8089
28481	-72.948
28482	-73.3807
28483	-74.8113
28484	-74.7233
28485	-73.9561
28486	-74.2021
28487	-74.5939
28488	-73.4276
28489	-71.4074
28490	-69.4759
28491	-70.0305
28492	-70.2263
28493	-69.6045
28494	-71.2079
28495	-72.4961
28496	-72.6358
28497	-72.0724
28498	-72.3747
28499	-72.7506
28500	-72.7934
28501	-73.9802
28502	-74.2444
28503	-73.114
28504	-72.6215
28505	-72.5867
28506	-72.3181
28507	-71.9327
28508	-70.3721
28509	-70.1446
28510	-69.9262
28511	-67.7858
28512	-64.5745
28513	-62.4415
28514	-60.8809
28515	-59.0678
28516	-56.9263
28517	-48.5207
28518	-39.7893
28519	-33.7121
28520	-37.486
28521	-46.2097
28522	-56.9767
28523	-61.0681
28524	-63.9353
28525	-65.9195
28526	-68.1861
28527	-69.5756
28528	-70.4116
28529	-70.7715
28530	-70.6468
28531	-71.7687
28532	-73.0905
28533	-73.2026
28534	-74.5112
28535	-74.2739
28536	-72.5389
28537	-73.7844
28538	-74.5646
28539	-74.4214
28540	-71.9386
28541	-71.3655
28542	-70.8894
28543	-70.7876
28544	-71.6042
28545	-68.6885
28546	-62.9178
28547	-63.3605
28548	-69.9651
28549	-71.4618
28550	-72.1598
28551	-73.3349
28552	-74.0951
28553	-74.5343
28554	-74.1583
28555	-73.8737
28556	-73.5586
28557	-72.808
28558	-71.6519
28559	-71.4966
28560	-71.5799
28561	-71.8038
28562	-70.5195
28563	-69.5133
28564	-68.4114
28565	-65.9649
28566	-64.716
28567	-62.3086
28568	-59.0038
28569	-55.4271
28570	-57.3292
28571	-61.5608
28572	-65.7141
28573	-67.8826
28574	-70.2275
28575	-71.3948
28576	-71.5223
28577	-72.016
28578	-70.6746
28579	-67.003
28580	-66.3703
28581	-69.0897
28582	-67.3417
28583	-68.9335
28584	-71.7327
28585	-70.6223
28586	-69.4822
28587	-69.0696
28588	-65.9428
28589	-60.6106
28590	-56.7804
28591	-58.9717
28592	-56.9769
28593	-56.2563
28594	-60.9256
28595	-65.4846
28596	-67.6267
28597	-69.2071
28598	-70.2402
28599	-71.6022
28600	-71.2504
28601	-70.9882
28602	-70.8093
28603	-70.0678
28604	-72.5679
28605	-74.2148
28606	-73.6756
28607	-73.8502
28608	-74.8677
28609	-74.644
28610	-72.9922
28611	-70.7512
28612	-67.4355
28613	-65.8525
28614	-66.3996
28615	-66.6021
28616	-69.128
28617	-71.2869
28618	-71.5051
28619	-71.6273
28620	-72.2139
28621	-72.6157
28622	-72.7137
28623	-73.055
28624	-73.9303
28625	-74.0276
28626	-73.066
28627	-73.446
28628	-72.9465
28629	-71.6416
28630	-70.7685
28631	-70.6527
28632	-69.7938
28633	-68.6697
28634	-67.383
28635	-65.2503
28636	-62.9707
28637	-61.7432
28638	-57.172
28639	-49.528
28640	-43.8714
28641	-45.4258
28642	-43.8564
28643	-43.0411
28644	-49.6168
28645	-57.1092
28646	-58.6871
28647	-60.2719
28648	-64.709
28649	-66.887
28650	-68.5101
28651	-69.6817
28652	-70.0538
28653	-70.0827
28654	-70.6035
28655	-71.586
28656	-72.3927
28657	-73.2035
28658	-72.8841
28659	-73.3661
28660	-73.4097
28661	-73.134
28662	-72.0618
28663	-72.2608
28664	-72.4146
28665	-71.7744
28666	-72.7203
28667	-72.8375
28668	-70.5059
28669	-69.4547
28670	-70.263
28671	-72.152
28672	-73.441
28673	-73.6342
28674	-73.414
28675	-73.6342
28676	-74.1635
28677	-74.3013
28678	-73.6729
28679	-72.3912
28680	-71.2398
28681	-71.2713
28682	-71.3187
28683	-71.4452
28684	-70.8637
28685	-70.1137
28686	-69.3272
28687	-69.3395
28688	-66.8155
28689	-61.9195
28690	-58.6198
28691	-59.9218
28692	-58.0894
28693	-57.7564
28694	-62.2363
28695	-66.1481
28696	-68.0933
28697	-70.0542
28698	-70.9959
28699	-70.3465
28700	-67.5205
28701	-65.5306
28702	-63.7424
28703	-62.9861
28704	-62.6616
28705	-65.5201
28706	-69.1023
28707	-70.0064
28708	-69.9313
28709	-68.1611
28710	-65.1137
28711	-60.4905
28712	-54.5661
28713	-53.7622
28714	-53.7559
28715	-54.9895
28716	-58.5766
28717	-63.6505
28718	-66.719
28719	-68.6526
28720	-69.3526
28721	-69.7724
28722	-70.1455
28723	-69.1527
28724	-68.7426
28725	-69.4021
28726	-71.0622
28727	-73.6247
28728	-73.6577
28729	-74.0584
28730	-74.2069
28731	-73.2112
28732	-73.2531
28733	-73.5744
28734	-73.246
28735	-72.0037
28736	-69.4088
28737	-71.0722
28738	-73.046
28739	-73.256
28740	-72.073
28741	-72.9648
28742	-73.2982
28743	-72.9141
28744	-72.4986
28745	-72.1635
28746	-71.5774
28747	-71.7488
28748	-72.1992
28749	-72.0665
28750	-70.8878
28751	-69.3592
28752	-68.3014
28753	-68.2342
28754	-68.1825
28755	-67.0469
28756	-65.7714
28757	-63.6963
28758	-60.5928
28759	-58.238
28760	-55.1142
28761	-47.8322
28762	-39.1884
28763	-37.7716
28764	-36.1514
28765	-40.6717
28766	-44.9032
28767	-53.3791
28768	-58.2755
28769	-59.9568
28770	-62.2604
28771	-64.1099
28772	-66.4556
28773	-67.6808
28774	-68.4494
28775	-68.962
28776	-70.1093
28777	-71.3536
28778	-71.1413
28779	-72.0919
28780	-72.5679
28781	-73.0312
28782	-71.8889
28783	-72.0498
28784	-72.126
28785	-72.4432
28786	-71.9039
28787	-72.9221
28788	-72.2742
28789	-70.2789
28790	-68.1379
28791	-69.6168
28792	-68.4467
28793	-68.258
28794	-70.9194
28795	-73.3355
28796	-73.8984
28797	-74.5539
28798	-74.1364
28799	-73.9897
28800	-73.4779
28801	-72.3747
28802	-68.6613
28803	-68.0705
28804	-68.7485
28805	-70.0646
28806	-70.7864
28807	-71.2839
28808	-69.5825
28809	-67.5717
28810	-65.2538
28811	-59.9321
28812	-54.0641
28813	-53.551
28814	-53.7761
28815	-54.5791
28816	-57.9306
28817	-63.3154
28818	-66.7529
28819	-68.5462
28820	-69.8282
28821	-70.1982
28822	-66.9586
28823	-64.1154
28824	-64.6932
28825	-64.3995
28826	-65.6916
28827	-69.7216
28828	-72.4517
28829	-72.2055
28830	-71.3885
28831	-70.0281
28832	-68.5797
28833	-67.2064
28834	-67.4793
28835	-67.6944
28836	-68.9537
28837	-68.3359
28838	-67.4144
28839	-67.2924
28840	-67.4371
28841	-69.0482
28842	-71.2163
28843	-71.2041
28844	-71.8841
28845	-73.131
28846	-73.1895
28847	-72.9605
28848	-73.742
28849	-74.2302
28850	-74.7066
28851	-74.3735
28852	-74.5357
28853	-73.7023
28854	-73.6015
28855	-72.8844
28856	-72.2383
28857	-70.1869
28858	-66.6888
28859	-64.9019
28860	-68.0536
28861	-70.9637
28862	-71.5553
28863	-71.5131
28864	-71.6837
28865	-72.0723
28866	-73.8096
28867	-74.3886
28868	-74.6914
28869	-74.0172
28870	-74.8932
28871	-74.6113
28872	-73.7377
28873	-73.4523
28874	-72.7724
28875	-71.4588
28876	-71.4235
28877	-72.0234
28878	-70.453
28879	-66.9321
28880	-64.7666
28881	-64.2511
28882	-61.9194
28883	-61.458
28884	-56.0387
28885	-40.8893
28886	-35.1403
28887	-38.7564
28888	-53.1493
28889	-61.1783
28890	-61.9334
28891	-63.5415
28892	-65.3392
28893	-66.4657
28894	-69.7495
28895	-71.6647
28896	-71.9583
28897	-72.0462
28898	-72.9073
28899	-74.0309
28900	-73.9974
28901	-74.3314
28902	-74.4774
28903	-74.3194
28904	-74.7222
28905	-74.1484
28906	-74.2757
28907	-72.8569
28908	-71.6506
28909	-71.7126
28910	-71.3937
28911	-70.4157
28912	-67.2595
28913	-66.4234
28914	-67.2786
28915	-67.1349
28916	-69.7006
28917	-72.4758
28918	-74.2424
28919	-74.0703
28920	-74.0005
28921	-74.378
28922	-74.1612
28923	-74.4894
28924	-74.0277
28925	-73.5383
28926	-73.0476
28927	-73.228
28928	-72.3339
28929	-72.0193
28930	-70.9606
28931	-69.3588
28932	-67.7654
28933	-67.4054
28934	-67.0481
28935	-65.3619
28936	-61.1378
28937	-64.6661
28938	-67.1481
28939	-67.7119
28940	-67.9677
28941	-69.9033
28942	-71.2475
28943	-72.1485
28944	-72.3864
28945	-72.1392
28946	-69.6668
28947	-66.9603
28948	-62.8255
28949	-64.2083
28950	-67.6406
28951	-70.1116
28952	-70.4379
28953	-69.5223
28954	-66.9408
28955	-64.2791
28956	-61.995
28957	-58.5033
28958	-52.4713
28959	-50.451
28960	-55.3889
28961	-60.159
28962	-63.7043
28963	-66.2924
28964	-68.5382
28965	-70.1248
28966	-71.5366
28967	-71.1687
28968	-68.9468
28969	-66.4188
28970	-69.1431
28971	-72.3303
28972	-73.2771
28973	-74.0391
28974	-74.2417
28975	-73.9501
28976	-73.5907
28977	-73.4662
28978	-71.695
28979	-68.2828
28980	-67.3909
28981	-69.4232
28982	-67.3247
28983	-68.228
28984	-71.0539
28985	-72.3703
28986	-72.0734
28987	-72.2948
28988	-72.6303
28989	-72.3064
28990	-72.1049
28991	-72.7431
28992	-72.9978
28993	-72.6867
28994	-72.1902
28995	-71.6982
28996	-71.1947
28997	-69.7444
28998	-68.6499
28999	-68.1948
29000	-67.2136
29001	-65.2334
29002	-63.2961
29003	-61.7726
29004	-59.6998
29005	-56.9911
29006	-50.8942
29007	-41.1207
29008	-29.6617
29009	-27.4543
29010	-35.5955
29011	-46.3544
29012	-54.8888
29013	-58.0384
29014	-60.2877
29015	-62.1505
29016	-65.1971
29017	-66.4919
29018	-68.1464
29019	-67.9876
29020	-68.4311
29021	-68.8803
29022	-70.3749
29023	-71.7118
29024	-72.3672
29025	-72.3142
29026	-72.0804
29027	-72.4272
29028	-72.5975
29029	-72.9053
29030	-72.9573
29031	-72.1751
29032	-72.322
29033	-73.0679
29034	-73.1347
29035	-71.8223
29036	-70.8983
29037	-72.1503
29038	-73.2752
29039	-73.4258
29040	-72.6444
29041	-73.1698
29042	-73.1874
29043	-74.2551
29044	-74.2209
29045	-74.385
29046	-73.673
29047	-70.4381
29048	-67.274
29049	-68.2463
29050	-70.9143
29051	-70.3497
29052	-70.2794
29053	-69.5933
29054	-67.2705
29055	-64.9815
29056	-62.3332
29057	-59.2251
29058	-52.9272
29059	-51.1361
29060	-56.0799
29061	-60.794
29062	-64.2311
29063	-66.5177
29064	-69.1678
29065	-70.0119
29066	-70.5147
29067	-68.552
29068	-63.0991
29069	-60.7302
29070	-63.1741
29071	-66.0067
29072	-65.1398
29073	-68.8246
29074	-70.3364
29075	-69.8436
29076	-68.6508
29077	-66.6242
29078	-63.2444
29079	-57.3159
29080	-55.6627
29081	-59.4281
29082	-55.9049
29083	-57.499
29084	-63.5387
29085	-68.2277
29086	-69.5218
29087	-70.0391
29088	-71.0363
29089	-71.0817
29090	-69.9833
29091	-71.1852
29092	-70.4542
29093	-70.6126
29094	-72.8042
29095	-74.1594
29096	-74.5192
29097	-74.0147
29098	-74.2677
29099	-74.0534
29100	-73.7141
29101	-72.7622
29102	-71.416
29103	-70.8897
29104	-71.3962
29105	-72.2574
29106	-72.8833
29107	-72.6466
29108	-73.1409
29109	-73.0454
29110	-72.1782
29111	-72.6162
29112	-72.9278
29113	-72.9538
29114	-72.82
29115	-72.724
29116	-71.9246
29117	-71.3232
29118	-71.307
29119	-70.2291
29120	-69.1469
29121	-69.0512
29122	-68.0769
29123	-66.541
29124	-64.6352
29125	-60.9023
29126	-58.2155
29127	-57.7311
29128	-51.8779
29129	-43.4155
29130	-41.6415
29131	-45.2774
29132	-41.2485
29133	-43.4685
29134	-51.927
29135	-58.5226
29136	-61.4844
29137	-63.9462
29138	-66.1347
29139	-67.7779
29140	-68.8546
29141	-69.7747
29142	-69.7331
29143	-70.6894
29144	-71.4013
29145	-72.3851
29146	-72.9769
29147	-73.3579
29148	-72.8051
29149	-72.7988
29150	-72.6443
29151	-72.4082
29152	-72.5341
29153	-72.001
29154	-71.5391
29155	-71.1146
29156	-71.6671
29157	-69.1445
29158	-65.0792
29159	-64.2837
29160	-67.9807
29161	-71.3206
29162	-72.561
29163	-73.7395
29164	-74.7124
29165	-74.0344
29166	-73.6608
29167	-74.0463
29168	-72.9315
29169	-70.0899
29170	-70.134
29171	-70.587
29172	-69.9426
29173	-71.2667
29174	-69.914
29175	-69.1517
29176	-68.3934
29177	-66.1368
29178	-62.3642
29179	-56.5206
29180	-54.856
29181	-58.21
29182	-54.5584
29183	-56.645
29184	-62.6111
29185	-67.9382
29186	-69.4701
29187	-70.5397
29188	-70.9509
29189	-69.3743
29190	-66.2252
29191	-67.4751
29192	-66.6644
29193	-66.3078
29194	-69.7306
29195	-71.6198
29196	-71.946
29197	-72.0804
29198	-70.3491
29199	-69.5061
29200	-67.1034
29201	-63.6238
29202	-60.682
29203	-62.1166
29204	-61.6098
29205	-61.131
29206	-64.5442
29207	-66.5958
29208	-68.5423
29209	-69.4786
29210	-70.3925
29211	-71.6594
29212	-72.3907
29213	-73.1144
29214	-73.202
29215	-73.0481
29216	-73.6473
29217	-74.1972
29218	-74.412
29219	-74.1967
29220	-74.2113
29221	-73.7263
29222	-72.6524
29223	-72.2231
29224	-70.61
29225	-64.5751
29226	-62.2921
29227	-67.8052
29228	-71.129
29229	-71.6009
29230	-70.6276
29231	-71.5384
29232	-71.624
29233	-73.1914
29234	-74.1401
29235	-74.6504
29236	-73.4336
29237	-74.5362
29238	-74.865
29239	-74.2436
29240	-73.8449
29241	-72.2642
29242	-71.409
29243	-71.2429
29244	-71.1822
29245	-70.6477
29246	-69.2161
29247	-66.835
29248	-65.1195
29249	-63.1454
29250	-60.4429
29251	-53.4213
29252	-48.4614
29253	-49.5971
29254	-50.1411
29255	-49.3915
29256	-55.6798
29257	-60.3572
29258	-61.0588
29259	-61.049
29260	-65.2458
29261	-68.4096
29262	-70.228
29263	-70.736
29264	-71.4124
29265	-72.7646
29266	-73.3003
29267	-73.4878
29268	-73.1134
29269	-73.2972
29270	-74.5937
29271	-74.6367
29272	-73.2494
29273	-73.0656
29274	-72.39
29275	-72.2105
29276	-72.4243
29277	-72.3342
29278	-71.3408
29279	-69.4658
29280	-68.1094
29281	-69.6431
29282	-68.0862
29283	-69.4057
29284	-72.679
29285	-73.989
29286	-74.1819
29287	-74.0572
29288	-74.1546
29289	-74.6329
29290	-73.6776
29291	-73.2859
29292	-73.2459
29293	-73.0878
29294	-72.2075
29295	-72.1534
29296	-71.9312
29297	-70.8633
29298	-70.0279
29299	-68.9053
29300	-67.9947
29301	-65.648
29302	-63.9428
29303	-66.0364
29304	-64.5365
29305	-63.5603
29306	-65.6053
29307	-66.9474
29308	-69.4388
29309	-69.9183
29310	-70.7625
29311	-71.249
29312	-70.1091
29313	-69.1465
29314	-66.8474
29315	-60.2485
29316	-60.9791
29317	-67.6582
29318	-70.2902
29319	-69.9357
29320	-69.7411
29321	-66.5454
29322	-64.1566
29323	-62.5228
29324	-58.3313
29325	-50.3916
29326	-48.488
29327	-55.6716
29328	-61.376
29329	-62.8394
29330	-64.5151
29331	-67.9832
29332	-69.4072
29333	-70.431
29334	-71.364
29335	-68.8771
29336	-65.0336
29337	-68.499
29338	-72.4048
29339	-73.5123
29340	-74.1289
29341	-74.0799
29342	-73.4669
29343	-73.8109
29344	-72.9093
29345	-72.0891
29346	-72.2865
29347	-70.7295
29348	-68.534
29349	-68.6748
29350	-70.871
29351	-72.6488
29352	-72.1932
29353	-72.5997
29354	-73.222
29355	-72.6507
29356	-71.9305
29357	-72.1133
29358	-71.9397
29359	-72.0039
29360	-72.1866
29361	-72.3163
29362	-70.8611
29363	-69.83
29364	-68.8596
29365	-67.8013
29366	-67.3669
29367	-66.7234
29368	-65.4219
29369	-63.3812
29370	-61.5227
29371	-58.5904
29372	-55.9086
29373	-51.1257
29374	-31.6721
29375	-19.3732
29376	-17.4694
29377	-25.1382
29378	-44.8464
29379	-54.6648
29380	-57.1401
29381	-59.9359
29382	-61.5518
29383	-63.4087
29384	-65.7727
29385	-67.1437
29386	-67.0013
29387	-68.7099
29388	-69.676
29389	-70.5302
29390	-71.2986
29391	-71.645
29392	-72.2158
29393	-72.6825
29394	-72.0231
29395	-71.5013
29396	-72.2408
29397	-73.1153
29398	-72.7306
29399	-72.9907
29400	-72.9017
29401	-71.7643
29402	-70.213
29403	-70.9133
29404	-71.0472
29405	-70.9237
29406	-72.1736
29407	-72.8342
29408	-73.5303
29409	-73.6127
29410	-74.0232
29411	-74.6355
29412	-73.8615
29413	-72.9947
29414	-70.8723
29415	-65.537
29416	-66.4809
29417	-71.0405
29418	-71.1664
29419	-71.1234
29420	-69.5879
29421	-67.2354
29422	-63.8725
29423	-62.5106
29424	-58.2503
29425	-50.3843
29426	-48.688
29427	-55.7974
29428	-61.59
29429	-62.8335
29430	-64.757
29431	-67.9272
29432	-69.9585
29433	-69.8964
29434	-68.6487
29435	-64.1773
29436	-59.9182
29437	-63.5918
29438	-66.3752
29439	-68.1493
29440	-70.1975
29441	-70.8337
29442	-70.5763
29443	-69.6638
29444	-67.2153
29445	-65.4433
29446	-64.6424
29447	-62.4376
29448	-59.4272
29449	-59.8764
29450	-62.4391
29451	-66.3301
29452	-67.6775
29453	-69.3038
29454	-71.0592
29455	-71.8246
29456	-72.2053
29457	-72.006
29458	-71.5002
29459	-71.8287
29460	-72.9818
29461	-73.3712
29462	-74.5386
29463	-74.9078
29464	-73.9828
29465	-73.9567
29466	-74.7004
29467	-73.8071
29468	-71.7389
29469	-69.5263
29470	-69.5442
29471	-70.0287
29472	-68.9364
29473	-70.8172
29474	-72.255
29475	-72.7187
29476	-71.9775
29477	-72.2769
29478	-72.8583
29479	-73.0362
29480	-73.6906
29481	-74.4417
29482	-73.5355
29483	-72.8151
29484	-72.8921
29485	-72.5659
29486	-72.3319
29487	-70.8848
29488	-70.2912
29489	-70.3351
29490	-68.7438
29491	-65.3638
29492	-62.9305
29493	-61.3414
29494	-59.6955
29495	-57.9373
29496	-50.7256
29497	-42.7274
29498	-34.905
29499	-36.7368
29500	-45.4542
29501	-56.008
29502	-60.7773
29503	-63.6505
29504	-65.7016
29505	-67.9371
29506	-69.2961
29507	-70.388
29508	-71.1624
29509	-70.5862
29510	-71.6877
29511	-72.9992
29512	-73.3235
29513	-74.4019
29514	-74.612
29515	-72.7838
29516	-73.6081
29517	-74.7431
29518	-74.5528
29519	-72.3677
29520	-71.3952
29521	-71.0514
29522	-70.5283
29523	-71.5409
29524	-69.5299
29525	-63.8397
29526	-62.5778
29527	-68.9288
29528	-71.5242
29529	-71.781
29530	-73.2765
29531	-74.0096
29532	-74.5758
29533	-74.3635
29534	-73.9813
29535	-73.5997
29536	-73.2137
29537	-72.1664
29538	-71.721
29539	-71.7568
29540	-71.9612
29541	-70.7136
29542	-69.9114
29543	-68.8236
29544	-66.7429
29545	-65.0387
29546	-63.5228
29547	-60.2292
29548	-56.4908
29549	-57.4096
29550	-61.0641
29551	-65.4762
29552	-67.5262
29553	-70.0757
29554	-71.4515
29555	-71.8554
29556	-71.9011
29557	-71.4371
29558	-67.716
29559	-66.4871
29560	-68.4255
29561	-67.278
29562	-68.0767
29563	-71.0264
29564	-70.9395
29565	-69.5064
29566	-68.9618
29567	-66.4748
29568	-61.2896
29569	-56.6599
29570	-57.8569
29571	-57.2846
29572	-55.4671
29573	-59.5752
29574	-64.7581
29575	-67.2852
29576	-68.8553
29577	-70.002
29578	-71.4569
29579	-71.4592
29580	-70.7067
29581	-70.788
29582	-69.6764
29583	-72.2051
29584	-74.0769
29585	-73.7335
29586	-73.7261
29587	-74.7301
29588	-74.6257
29589	-73.387
29590	-71.2989
29591	-67.9508
29592	-65.842
29593	-66.4132
29594	-66.5095
29595	-68.5728
29596	-71.229
29597	-71.5858
29598	-71.7749
29599	-72.0185
29600	-72.605
29601	-72.6383
29602	-72.8493
29603	-73.4305
29604	-74.0143
29605	-72.9757
29606	-73.0823
29607	-73.041
29608	-71.7755
29609	-70.6987
29610	-70.4438
29611	-69.726
29612	-68.7904
29613	-67.3165
29614	-65.4545
29615	-63.0936
29616	-61.7366
29617	-57.9907
29618	-50.7115
29619	-43.6588
29620	-45.1863
29621	-44.1828
29622	-42.1287
29623	-47.3069
29624	-55.5043
29625	-58.6978
29626	-59.5715
29627	-63.842
29628	-66.2844
29629	-68.007
29630	-69.0891
29631	-70.0721
29632	-69.8025
29633	-70.3264
29634	-71.1993
29635	-72.2026
29636	-72.9521
29637	-73.0586
29638	-73.1742
29639	-73.4506
29640	-73.1508
29641	-72.3172
29642	-72.2125
29643	-72.5072
29644	-72.0205
29645	-72.6155
29646	-72.9956
29647	-71.2524
29648	-69.6583
29649	-70.3787
29650	-71.8389
29651	-73.3713
29652	-73.9305
29653	-73.3155
29654	-73.8191
29655	-74.1985
29656	-74.2432
29657	-73.9074
29658	-72.8359
29659	-71.1416
29660	-70.935
29661	-71.016
29662	-71.1291
29663	-70.8238
29664	-70.2132
29665	-69.1717
29666	-69.2058
29667	-67.3764
29668	-62.4057
29669	-58.2697
29670	-59.2228
29671	-58.1427
29672	-56.9216
29673	-60.9842
29674	-65.2597
29675	-67.7136
29676	-69.6414
29677	-70.9348
29678	-70.4754
29679	-67.9582
29680	-65.4529
29681	-63.5768
29682	-63.3373
29683	-62.2199
29684	-64.8135
29685	-68.5985
29686	-69.8442
29687	-70.2944
29688	-68.7083
29689	-65.7326
29690	-61.8068
29691	-55.6354
29692	-53.6786
29693	-53.6388
29694	-55.3091
29695	-57.7449
29696	-63.0471
29697	-66.3847
29698	-68.3789
29699	-69.2982
29700	-69.6543
29701	-70.279
29702	-69.3709
29703	-68.9458
29704	-69.182
29705	-70.5699
29706	-73.4436
29707	-73.6531
29708	-74.16
29709	-74.6195
29710	-73.3719
29711	-73.1301
29712	-73.6214
29713	-73.4201
29714	-72.4748
29715	-70.1024
29716	-70.887
29717	-72.8038
29718	-73.308
29719	-72.1801
29720	-72.6645
29721	-73.0537
29722	-72.8617
29723	-72.5436
29724	-72.2458
29725	-71.8995
29726	-71.8055
29727	-72.0787
29728	-72.1417
29729	-71.0896
29730	-69.6244
29731	-68.3395
29732	-68.2734
29733	-68.4103
29734	-67.3084
29735	-66.0706
29736	-64.1717
29737	-61.277
29738	-58.608
29739	-56.0944
29740	-49.6923
29741	-40.3725
29742	-38.5457
29743	-35.93
29744	-40.8429
29745	-43.4456
29746	-52.2344
29747	-57.7938
29748	-59.9523
29749	-62.0096
29750	-63.8798
29751	-66.1453
29752	-67.5372
29753	-68.3855
29754	-68.8352
29755	-69.8196
29756	-71.3419
29757	-71.1944
29758	-72.127
29759	-72.3436
29760	-73.1578
29761	-72.0714
29762	-71.9228
29763	-72.1522
29764	-72.3883
29765	-71.8869
29766	-72.6553
29767	-72.5231
29768	-70.6634
29769	-68.0353
29770	-69.1289
29771	-68.7584
29772	-67.7586
29773	-70.1484
29774	-72.9081
29775	-73.5737
29776	-74.3713
29777	-74.0089
29778	-73.9991
29779	-73.8211
29780	-72.8051
29781	-69.2027
29782	-68.0925
29783	-68.5569
29784	-69.8136
29785	-70.8239
29786	-71.4363
29787	-69.7438
29788	-68.0146
29789	-65.837
29790	-61.3116
29791	-55.0459
29792	-53.3815
29793	-53.4945
29794	-54.8119
29795	-56.998
29796	-62.5126
29797	-66.2717
29798	-68.3102
29799	-69.7084
29800	-70.1525
29801	-67.8429
29802	-64.5691
29803	-64.9087
29804	-64.9556
29805	-65.2946
29806	-69.1498
29807	-72.6489
29808	-72.2728
29809	-71.6218
29810	-70.4656
29811	-68.862
29812	-67.3217
29813	-67.164
29814	-67.779
29815	-69.5138
29816	-68.6892
29817	-67.6918
29818	-67.1221
29819	-67.2092
29820	-68.6366
29821	-70.9039
29822	-71.286
29823	-71.6696
29824	-73.0839
29825	-73.4119
29826	-72.902
29827	-73.7795
29828	-74.2809
29829	-74.6342
29830	-74.4399
29831	-74.518
29832	-73.9264
29833	-73.823
29834	-72.9608
29835	-72.2163
29836	-70.5758
29837	-67.6337
29838	-64.4548
29839	-67.2449
29840	-70.4829
29841	-71.6075
29842	-71.4216
29843	-71.5744
29844	-71.684
29845	-73.5695
29846	-74.5231
29847	-74.7192
29848	-73.9553
29849	-74.3816
29850	-74.7435
29851	-74.0329
29852	-73.7538
29853	-72.9721
29854	-71.5849
29855	-71.5982
29856	-72.1752
29857	-71.034
29858	-67.9068
29859	-65.266
29860	-64.5175
29861	-62.2802
29862	-62.0633
29863	-58.9557
29864	-47.9154
29865	-40.247
29866	-42.0827
29867	-54.0565
29868	-61.0571
29869	-61.8519
29870	-62.9111
29871	-65.1142
29872	-65.9523
29873	-68.8871
29874	-71.4382
29875	-72.172
29876	-71.9282
29877	-72.6898
29878	-73.9587
29879	-73.9443
29880	-74.3424
29881	-74.2237
29882	-74.4532
29883	-74.6933
29884	-74.1465
29885	-74.1909
29886	-73.2371
29887	-71.8843
29888	-71.6477
29889	-71.6057
29890	-71.2816
29891	-67.8528
29892	-66.3955
29893	-67.1271
29894	-67.2473
29895	-69.2643
29896	-72.2077
29897	-73.9308
29898	-74.3102
29899	-74.0179
29900	-74.2885
29901	-74.248
29902	-74.5014
29903	-74.1177
29904	-73.7312
29905	-73.0605
29906	-73.3238
29907	-72.5829
29908	-71.968
29909	-71.4151
29910	-69.8071
29911	-68.0995
29912	-67.4656
29913	-67.3064
29914	-66.6885
29915	-63.5865
29916	-65.152
29917	-66.935
29918	-67.6037
29919	-67.7768
29920	-69.3854
29921	-71.1727
29922	-72.0596
29923	-72.1157
29924	-72.3439
29925	-70.018
29926	-67.2213
29927	-63.2112
29928	-63.192
29929	-66.7752
29930	-69.7113
29931	-70.3838
29932	-69.6885
29933	-67.3711
29934	-64.5665
29935	-62.367
29936	-59.2106
29937	-53.6476
29938	-49.9584
29939	-54.2841
29940	-59.0417
29941	-63.2476
29942	-65.6616
29943	-68.2529
29944	-69.8419
29945	-71.2513
29946	-71.2895
29947	-69.5307
29948	-66.3114
29949	-68.4829
29950	-72.0477
29951	-73.1903
29952	-74.0838
29953	-74.2254
29954	-73.99
29955	-73.7884
29956	-73.552
29957	-72.2855
29958	-69.058
29959	-67.3834
29960	-69.4155
29961	-67.8138
29962	-67.9862
29963	-70.6592
29964	-72.482
29965	-72.1984
29966	-72.1312
29967	-72.5667
29968	-72.2712
29969	-71.9542
29970	-72.5455
29971	-73.0587
29972	-72.5894
29973	-72.1853
29974	-71.8658
29975	-71.2525
29976	-70.0732
29977	-68.5
29978	-68.2005
29979	-67.2734
29980	-65.4794
29981	-63.3423
29982	-62.0955
29983	-59.8559
29984	-57.3117
29985	-52.248
29986	-42.7305
29987	-30.9235
29988	-26.7549
29989	-32.7707
29990	-43.766
29991	-53.7058
29992	-57.5717
29993	-59.6933
29994	-61.7419
29995	-64.5688
29996	-66.108
29997	-67.9592
29998	-67.852
29999	-68.5273
30000	-68.8757
30001	-70.0769
30002	-71.2845
30003	-72.2664
30004	-72.2102
30005	-72.0788
30006	-72.2692
30007	-72.4606
30008	-72.6621
30009	-73.0384
30010	-72.4142
30011	-72.5254
30012	-72.9822
30013	-73.3828
30014	-71.9564
30015	-70.7957
30016	-71.8483
30017	-73.1648
30018	-73.3598
30019	-72.5941
30020	-73.0726
30021	-73.1175
30022	-74.2776
30023	-74.1138
30024	-74.3925
30025	-73.8666
30026	-71.0283
30027	-67.6457
30028	-67.5146
30029	-70.7125
30030	-70.5908
30031	-70.1309
30032	-69.8028
30033	-67.7054
30034	-65.0156
30035	-62.9029
30036	-59.7469
30037	-53.9328
30038	-50.5119
30039	-54.9991
30040	-59.5184
30041	-63.6202
30042	-65.9707
30043	-68.7474
30044	-69.8719
30045	-70.3138
30046	-69.0408
30047	-64.3191
30048	-60.6638
30049	-62.5338
30050	-66.1775
30051	-65.2569
30052	-68.4799
30053	-70.2582
30054	-70.1361
30055	-68.7544
30056	-67.2046
30057	-64.1626
30058	-58.9005
30059	-55.7914
30060	-59.479
30061	-56.6812
30062	-57.0586
30063	-62.8559
30064	-67.8326
30065	-69.2385
30066	-69.7941
30067	-70.9729
30068	-71.0943
30069	-70.2613
30070	-70.8798
30071	-71.0773
30072	-70.6112
30073	-72.3866
30074	-73.9427
30075	-74.4932
30076	-74.1071
30077	-74.3025
30078	-74.0004
30079	-73.8
30080	-73.0357
30081	-71.5338
30082	-70.8386
30083	-70.9893
30084	-71.8774
30085	-72.8189
30086	-72.5568
30087	-73.1735
30088	-73.0356
30089	-72.143
30090	-72.4558
30091	-73.0161
30092	-73.0022
30093	-73.0093
30094	-72.9243
30095	-72.0717
30096	-71.5075
30097	-71.5512
30098	-70.6662
30099	-69.4166
30100	-69.0465
30101	-68.5264
30102	-67.0733
30103	-65.297
30104	-61.747
30105	-58.4051
30106	-58.2772
30107	-53.3704
30108	-45.0844
30109	-41.6425
30110	-45.9984
30111	-42.1703
30112	-42.7608
30113	-50.7722
30114	-57.8467
30115	-61.3038
30116	-63.7025
30117	-66.0557
30118	-67.8226
30119	-68.8657
30120	-69.9049
30121	-69.9724
30122	-70.387
30123	-71.459
30124	-72.3002
30125	-72.9382
30126	-73.3787
30127	-72.9579
30128	-72.9248
30129	-72.894
30130	-72.4588
30131	-72.7242
30132	-71.9672
30133	-71.7106
30134	-71.1378
30135	-71.6455
30136	-69.5172
30137	-65.8706
30138	-63.639
30139	-67.1574
30140	-70.7916
30141	-72.617
30142	-73.4029
30143	-74.9273
30144	-74.1591
30145	-73.5379
30146	-73.9801
30147	-73.4874
30148	-70.6748
30149	-70.0703
30150	-70.9578
30151	-69.9807
30152	-71.3125
30153	-70.5422
30154	-69.3443
30155	-68.8394
30156	-66.8712
30157	-63.2588
30158	-57.9728
30159	-54.9436
30160	-58.3979
30161	-55.2883
30162	-56.0254
30163	-61.7074
30164	-67.303
30165	-69.3627
30166	-70.1671
30167	-71.1481
30168	-70.2136
30169	-66.8151
30170	-67.3939
30171	-67.5099
30172	-66.2323
30173	-68.9447
30174	-71.0068
30175	-71.861
30176	-72.1566
30177	-70.7385
30178	-69.7118
30179	-67.4527
30180	-64.0602
30181	-60.0631
30182	-60.6998
30183	-61.1582
30184	-60.1504
30185	-63.2996
30186	-66.0562
30187	-67.852
30188	-69.2987
30189	-70.3363
30190	-71.3711
30191	-72.0869
30192	-72.6212
30193	-72.9314
30194	-72.9125
30195	-73.121
30196	-74.0812
30197	-74.1203
30198	-74.32
30199	-74.2458
30200	-73.9923
30201	-72.9779
30202	-72.0768
30203	-71.2328
30204	-65.8215
30205	-61.9773
30206	-66.4599
30207	-70.9331
30208	-71.7071
30209	-70.5092
30210	-71.2766
30211	-71.7262
30212	-72.7908
30213	-73.901
30214	-74.621
30215	-73.5069
30216	-74.1505
30217	-74.8212
30218	-74.1233
30219	-73.5875
30220	-72.4136
30221	-71.4028
30222	-70.9362
30223	-71.1452
30224	-70.589
30225	-69.4094
30226	-67.2312
30227	-65.2337
30228	-63.3803
30229	-60.5835
30230	-54.0707
30231	-47.3846
30232	-48.5432
30233	-49.0087
30234	-47.8506
30235	-53.4564
30236	-59.4128
30237	-60.6149
30238	-60.4332
30239	-64.3156
30240	-67.5921
30241	-69.6687
30242	-70.4618
30243	-71.0149
30244	-72.0756
30245	-73.1458
30246	-73.2938
30247	-72.7898
30248	-73.046
30249	-74.1962
30250	-74.7659
30251	-73.6031
30252	-72.9586
30253	-72.5316
30254	-72.1613
30255	-72.5461
30256	-72.5339
30257	-71.6381
30258	-70.2554
30259	-68.4564
30260	-69.8942
30261	-68.5233
30262	-69.2249
30263	-72.1135
30264	-73.9658
30265	-74.2237
30266	-74.3074
30267	-74.0509
30268	-74.8978
30269	-73.9722
30270	-73.0064
30271	-72.9329
30272	-72.9479
30273	-72.1798
30274	-71.9953
30275	-71.9907
30276	-71.2215
30277	-70.3802
30278	-69.0279
30279	-68.0605
30280	-65.5849
30281	-62.9559
30282	-64.0285
30283	-63.8931
30284	-62.5116
30285	-64.8112
30286	-66.4958
30287	-68.7798
30288	-69.7169
30289	-70.5952
30290	-71.0768
30291	-70.0603
30292	-68.7494
30293	-68.0171
30294	-61.0599
30295	-60.123
30296	-66.5535
30297	-69.9026
30298	-70.0031
30299	-69.8226
30300	-67.1332
30301	-64.5244
30302	-62.9165
30303	-59.292
30304	-51.8078
30305	-48.1805
30306	-53.7109
30307	-60.8798
30308	-62.5326
30309	-64.0998
30310	-67.5158
30311	-69.3813
30312	-70.2318
30313	-71.1034
30314	-69.8847
30315	-65.2344
30316	-67.4671
30317	-72.0002
30318	-73.3846
30319	-74.1099
30320	-74.0513
30321	-73.6211
30322	-73.7775
30323	-73.0182
30324	-72.0424
30325	-72.2651
30326	-71.3192
30327	-69.2696
30328	-68.8426
30329	-70.4261
30330	-72.5215
30331	-72.2525
30332	-72.4433
30333	-73.4492
30334	-72.7906
30335	-71.7674
30336	-72.0565
30337	-71.8501
30338	-71.9913
30339	-72.1015
30340	-72.2883
30341	-71.1352
30342	-69.966
30343	-69.002
30344	-68.0782
30345	-67.3111
30346	-67.1735
30347	-65.6091
30348	-63.6561
30349	-62.0614
30350	-59.0909
30351	-56.4487
30352	-52.7249
30353	-35.9719
30354	-21.0869
30355	-17.3979
30356	-23.1222
30357	-40.9947
30358	-54.1719
30359	-56.6368
30360	-59.2619
30361	-61.4374
30362	-63.0531
30363	-65.338
30364	-66.9968
30365	-67.2668
30366	-68.0252
30367	-69.4275
30368	-70.3776
30369	-71.071
30370	-71.7561
30371	-72.18
30372	-72.769
30373	-72.2187
30374	-71.544
30375	-72.1523
30376	-72.9703
30377	-72.6826
30378	-72.9453
30379	-73.0879
30380	-71.7084
30381	-70.1129
30382	-70.4738
30383	-70.8548
30384	-70.6327
30385	-71.8582
30386	-72.8114
30387	-73.4093
30388	-73.6968
30389	-73.8704
30390	-74.6518
30391	-73.8933
30392	-73.1049
30393	-71.6701
30394	-66.3251
30395	-65.5811
30396	-70.3897
30397	-71.1262
30398	-71.0471
30399	-69.6524
30400	-67.5443
30401	-64.2772
30402	-62.803
30403	-59.2779
30404	-51.6676
30405	-48.2785
30406	-53.9701
30407	-60.8771
30408	-62.4346
30409	-64.3552
30410	-67.3379
30411	-69.781
30412	-69.8704
30413	-69.0497
30414	-65.6084
30415	-60.1297
30416	-62.4365
30417	-66.5968
30418	-68.1719
30419	-70.1883
30420	-71.0656
30421	-70.6866
30422	-70.0463
30423	-67.8487
30424	-65.8062
30425	-65.5488
30426	-63.3546
30427	-61.1978
30428	-60.5566
30429	-62.6111
30430	-66.2111
30431	-67.348
30432	-69.0539
30433	-70.6865
30434	-71.9534
30435	-72.105
30436	-72.3176
30437	-71.8234
30438	-72.0392
30439	-73.1271
30440	-73.3686
30441	-74.284
30442	-74.8352
30443	-74.1815
30444	-73.789
30445	-74.5845
30446	-73.9705
30447	-71.9951
30448	-69.6197
30449	-68.8803
30450	-69.9215
30451	-68.4716
30452	-70.0747
30453	-72.0213
30454	-72.6859
30455	-72.1404
30456	-72.2126
30457	-73.0211
30458	-72.8897
30459	-73.4643
30460	-74.5848
30461	-73.8786
30462	-73.0924
30463	-73.1048
30464	-72.7772
30465	-72.7589
30466	-71.5252
30467	-70.5919
30468	-70.4751
30469	-69.4145
30470	-66.0437
30471	-63.3885
30472	-61.7494
30473	-60.5564
30474	-59.071
30475	-53.4814
30476	-45.988
30477	-36.597
30478	-36.53
30479	-45.1934
30480	-54.6793
30481	-60.4368
30482	-63.1768
30483	-65.6497
30484	-67.619
30485	-69.094
30486	-70.3617
30487	-71.1619
30488	-70.514
30489	-71.6083
30490	-72.8201
30491	-73.5223
30492	-74.2783
30493	-75.0167
30494	-73.1712
30495	-73.356
30496	-74.9119
30497	-74.6521
30498	-72.8163
30499	-71.3049
30500	-71.1105
30501	-70.4491
30502	-71.4495
30503	-70.3572
30504	-65.0079
30505	-62.1653
30506	-67.7002
30507	-71.8114
30508	-71.545
30509	-73.1255
30510	-73.8907
30511	-74.5798
30512	-74.6724
30513	-74.207
30514	-73.796
30515	-73.5545
30516	-72.7417
30517	-72.0537
30518	-72.2043
30519	-72.1631
30520	-71.0824
30521	-70.4006
30522	-69.314
30523	-67.3532
30524	-65.3807
30525	-64.456
30526	-61.6022
30527	-57.994
30528	-57.5281
30529	-60.8012
30530	-65.2813
30531	-67.3322
30532	-69.8637
30533	-71.2386
30534	-71.8811
30535	-71.6644
30536	-72.2598
30537	-68.4947
30538	-66.5537
30539	-67.5707
30540	-67.2613
30541	-67.1171
30542	-70.3585
30543	-71.108
30544	-69.6304
30545	-68.8894
30546	-67.025
30547	-62.1005
30548	-56.8171
30549	-56.6865
30550	-57.3489
30551	-54.9477
30552	-58.3
30553	-63.7694
30554	-66.891
30555	-68.4886
30556	-69.9232
30557	-71.2596
30558	-71.7192
30559	-70.4169
30560	-70.5619
30561	-69.4888
30562	-71.2483
30563	-73.7727
30564	-73.7956
30565	-73.8597
30566	-74.3948
30567	-74.606
30568	-73.9065
30569	-71.9276
30570	-68.5871
30571	-66.0569
30572	-66.5511
30573	-66.6613
30574	-68.0335
30575	-70.8853
30576	-71.7271
30577	-72.1073
30578	-72.1013
30579	-72.4331
30580	-72.6618
30581	-72.6914
30582	-73.1114
30583	-73.7605
30584	-73.0903
30585	-72.7954
30586	-72.9278
30587	-71.9042
30588	-70.5762
30589	-70.4094
30590	-69.8787
30591	-68.851
30592	-67.334
30593	-65.595
30594	-63.2233
30595	-61.6709
30596	-58.7526
30597	-51.8614
30598	-43.8456
30599	-43.965
30600	-43.3887
30601	-41.4893
30602	-45.2134
30603	-53.7822
30604	-58.4623
30605	-59.0022
30606	-62.8981
30607	-65.7633
30608	-67.4868
30609	-68.576
30610	-69.8501
30611	-69.3806
30612	-69.8118
30613	-70.7546
30614	-71.8915
30615	-72.6465
30616	-73.0613
30617	-72.8017
30618	-73.4618
30619	-73.1571
30620	-72.5898
30621	-72.2497
30622	-72.5688
30623	-72.3061
30624	-72.3924
30625	-73.1255
30626	-72.0294
30627	-70.0213
30628	-70.3876
30629	-71.707
30630	-73.2442
30631	-73.8044
30632	-73.3126
30633	-73.8136
30634	-73.9787
30635	-74.2133
30636	-74.2048
30637	-73.1279
30638	-71.0395
30639	-70.7267
30640	-70.8574
30641	-70.6809
30642	-70.7819
30643	-70.3097
30644	-69.1626
30645	-69.1096
30646	-67.9507
30647	-63.1637
30648	-58.2488
30649	-58.1338
30650	-58.1041
30651	-56.1693
30652	-59.5726
30653	-64.4387
30654	-67.217
30655	-69.1825
30656	-70.7185
30657	-70.6876
30658	-68.506
30659	-65.4799
30660	-63.6321
30661	-63.7265
30662	-62.0497
30663	-64.2626
30664	-67.9603
30665	-69.8143
30666	-70.4181
30667	-69.0408
30668	-66.2302
30669	-62.8858
30670	-56.9212
30671	-53.8165
30672	-53.8729
30673	-55.9087
30674	-56.9685
30675	-62.1451
30676	-66.1427
30677	-68.306
30678	-69.2428
30679	-69.6836
30680	-70.3538
30681	-69.5851
30682	-68.9819
30683	-69.142
30684	-70.2461
30685	-73.1343
30686	-73.8226
30687	-74.2159
30688	-74.4725
30689	-73.5127
30690	-72.9734
30691	-73.3507
30692	-73.2592
30693	-72.7396
30694	-70.7239
30695	-70.6479
30696	-72.6278
30697	-73.2442
30698	-72.5414
30699	-72.3375
30700	-73.0182
30701	-72.8516
30702	-72.6472
30703	-72.2418
30704	-72.3542
30705	-71.8307
30706	-71.9938
30707	-72.1673
30708	-71.5377
30709	-69.9171
30710	-68.543
30711	-68.208
30712	-68.682
30713	-67.562
30714	-66.3462
30715	-64.7936
30716	-61.939
30717	-58.977
30718	-57.016
30719	-51.4288
30720	-41.9309
30721	-38.4653
30722	-36.1287
30723	-40.6712
30724	-42.4126
30725	-50.8687
30726	-57.2587
30727	-59.8828
30728	-61.5642
30729	-63.7284
30730	-65.8572
30731	-67.4996
30732	-68.1708
30733	-68.7612
30734	-69.6578
30735	-71.2156
30736	-71.4236
30737	-71.8969
30738	-72.2614
30739	-73.1052
30740	-72.5369
30741	-71.8247
30742	-72.3436
30743	-72.4625
30744	-72.0252
30745	-72.4173
30746	-72.6337
30747	-71.0156
30748	-68.2425
30749	-68.5053
30750	-68.8351
30751	-67.4427
30752	-69.3602
30753	-72.5196
30754	-73.6968
30755	-74.2194
30756	-74.1109
30757	-74.0855
30758	-73.9038
30759	-72.9085
30760	-70.0329
30761	-68.1283
30762	-68.4133
30763	-69.5612
30764	-71.0297
30765	-71.316
30766	-70.08
30767	-68.3619
30768	-66.1087
30769	-62.4427
30770	-56.3231
30771	-53.2559
30772	-53.6051
30773	-55.1453
30774	-56.3019
30775	-61.481
30776	-65.8523
30777	-68.0651
30778	-69.5978
30779	-70.1849
30780	-68.7381
30781	-65.0306
30782	-65.0274
30783	-65.3215
30784	-65.1204
30785	-68.6391
30786	-72.6118
30787	-72.3736
30788	-71.5365
30789	-70.9469
30790	-69.1933
30791	-67.7086
30792	-66.9715
30793	-67.4823
30794	-67.6787
30795	-68.4689
30796	-67.518
30797	-66.9415
30798	-66.9963
30799	-68.1321
30800	-70.4719
30801	-71.3001
30802	-71.5687
30803	-72.7329
30804	-73.5326
30805	-72.9893
30806	-73.6892
30807	-74.2837
30808	-74.4123
30809	-74.3983
30810	-74.5021
30811	-73.9422
30812	-73.9793
30813	-73.2046
30814	-72.1099
30815	-70.9205
30816	-68.1772
30817	-64.2971
30818	-66.4342
30819	-69.7526
30820	-71.6605
30821	-71.1368
30822	-71.4817
30823	-71.473
30824	-73.3199
30825	-74.5686
30826	-74.8265
30827	-74.0844
30828	-74.0894
30829	-75.041
30830	-74.2841
30831	-73.5309
30832	-73.2539
30833	-71.7846
30834	-71.599
30835	-72.2974
30836	-71.5864
30837	-68.8961
30838	-65.961
30839	-64.896
30840	-62.9106
30841	-62.3064
30842	-61.0586
30843	-57.1522
30844	-51.5133
30845	-51.6481
30846	-58.7672
30847	-61.0347
30848	-61.8413
30849	-62.3537
30850	-64.837
30851	-65.5471
30852	-67.9886
30853	-71.515
30854	-72.2551
30855	-71.8072
30856	-72.4548
30857	-73.9442
30858	-73.8488
30859	-74.2409
30860	-74.1343
30861	-74.377
30862	-74.784
30863	-74.2415
30864	-74.2014
30865	-73.7765
30866	-71.8663
30867	-71.7538
30868	-71.6776
30869	-71.7386
30870	-68.5621
30871	-66.6302
30872	-67.1923
30873	-67.4491
30874	-68.744
30875	-71.6518
30876	-73.5706
30877	-74.4135
30878	-73.8972
30879	-74.2536
30880	-74.2454
30881	-74.3278
30882	-74.0799
30883	-73.6628
30884	-73.1874
30885	-73.3905
30886	-72.788
30887	-71.8785
30888	-71.9298
30889	-70.2804
30890	-68.3712
30891	-67.4807
30892	-67.4688
30893	-66.9633
30894	-66.4891
30895	-66.3676
30896	-67.1742
30897	-67.4037
30898	-67.4325
30899	-68.7485
30900	-70.7907
30901	-71.5119
30902	-71.9835
30903	-72.2287
30904	-70.1988
30905	-67.4837
30906	-63.8551
30907	-62.3568
30908	-66.0287
30909	-69.2934
30910	-70.4025
30911	-70.0103
30912	-67.8119
30913	-64.7963
30914	-62.8694
30915	-59.6212
30916	-54.9921
30917	-49.8188
30918	-53.0633
30919	-57.8999
30920	-62.8525
30921	-65.0352
30922	-67.8917
30923	-69.5731
30924	-71.0901
30925	-71.241
30926	-70.1468
30927	-66.5589
30928	-67.466
30929	-71.3452
30930	-72.8777
30931	-73.91
30932	-74.2685
30933	-74.0549
30934	-73.7532
30935	-73.2411
30936	-72.7736
30937	-69.8914
30938	-67.5866
30939	-69.2209
30940	-68.4541
30941	-67.696
30942	-70.2105
30943	-72.4759
30944	-72.3547
30945	-71.9755
30946	-72.4086
30947	-72.2373
30948	-71.8371
30949	-72.3273
30950	-73.2254
30951	-72.5106
30952	-72.2517
30953	-71.6592
30954	-71.1637
30955	-70.1361
30956	-68.4924
30957	-68.023
30958	-67.3959
30959	-65.9066
30960	-63.6714
30961	-62.193
30962	-60.058
30963	-57.67
30964	-53.6488
30965	-44.0946
30966	-32.3047
30967	-26.4328
30968	-30.4352
30969	-41.6371
30970	-52.7083
30971	-56.9665
30972	-59.2208
30973	-61.3969
30974	-64.0459
30975	-65.9327
30976	-67.5782
30977	-67.7868
30978	-68.3461
30979	-68.654
30980	-69.5754
30981	-71.0656
30982	-72.2475
30983	-72.2213
30984	-72.1307
30985	-71.9592
30986	-72.4889
30987	-72.4507
30988	-73.012
30989	-72.6888
30990	-72.5908
30991	-72.6694
30992	-73.5147
30993	-72.1341
30994	-70.7077
30995	-71.3208
30996	-72.9635
30997	-73.3923
30998	-72.5504
30999	-72.9409
31000	-73.2189
31001	-73.9877
31002	-74.0532
31003	-74.4817
31004	-74.084
31005	-71.7141
31006	-68.0213
31007	-66.9082
31008	-70.146
31009	-70.914
31010	-69.9368
31011	-70.1509
31012	-68.1352
31013	-65.2195
31014	-63.4553
31015	-60.0393
31016	-55.1038
31017	-50.2541
31018	-53.8517
31019	-58.3773
31020	-63.026
31021	-65.481
31022	-68.112
31023	-69.7648
31024	-70.3355
31025	-69.6109
31026	-65.6167
31027	-60.8183
31028	-61.9096
31029	-65.9788
31030	-65.5805
31031	-67.8749
31032	-70.1723
31033	-70.4518
31034	-68.993
31035	-67.8415
31036	-64.8888
31037	-60.4565
31038	-56.3378
31039	-58.8677
31040	-57.8336
31041	-56.9393
31042	-61.8767
31043	-67.3297
31044	-69.0792
31045	-69.5875
31046	-70.7992
31047	-71.0611
31048	-70.5772
31049	-70.6973
31050	-71.4636
31051	-70.6719
31052	-72.3215
31053	-73.7543
31054	-74.5321
31055	-74.1246
31056	-74.0336
31057	-74.0133
31058	-73.7792
31059	-73.1845
31060	-71.5659
31061	-70.6035
31062	-70.8174
31063	-71.4231
31064	-72.521
31065	-72.4017
31066	-72.9782
31067	-73.0004
31068	-72.1962
31069	-72.3557
31070	-72.9654
31071	-73.1108
31072	-73.3326
31073	-73.0965
31074	-72.3073
31075	-71.6949
31076	-71.6697
31077	-70.9809
31078	-69.766
31079	-69.2202
31080	-68.9788
31081	-67.6923
31082	-65.9431
31083	-62.7089
31084	-58.7475
31085	-58.7167
31086	-54.9704
31087	-47.1522
31088	-42.0063
31089	-45.8812
31090	-43.4627
31091	-42.4687
31092	-49.5183
31093	-57.0997
31094	-61.1918
31095	-63.3679
31096	-65.8977
31097	-67.8934
31098	-68.815
31099	-69.9069
31100	-70.1239
31101	-70.1787
31102	-71.5227
31103	-72.2873
31104	-73.0019
31105	-73.6215
31106	-73.105
31107	-73.182
31108	-73.0892
31109	-72.5079
31110	-72.8674
31111	-71.8606
31112	-72.0097
31113	-71.2701
31114	-71.3765
31115	-70.1255
31116	-66.7221
31117	-63.2478
31118	-66.3673
31119	-70.0056
31120	-72.2777
31121	-73.1803
31122	-74.9288
31123	-74.3501
31124	-73.5285
31125	-73.87
31126	-73.8854
31127	-71.2401
31128	-70.2586
31129	-71.198
31130	-70.2678
31131	-71.1605
31132	-71.1324
31133	-69.5858
31134	-68.9417
31135	-67.1127
31136	-64.2331
31137	-59.4523
31138	-55.3693
31139	-58.0948
31140	-56.3208
31141	-55.7221
31142	-60.9189
31143	-66.4734
31144	-69.1835
31145	-70.0953
31146	-71.2446
31147	-70.7936
31148	-67.6198
31149	-67.2347
31150	-67.8221
31151	-66.4208
31152	-68.4445
31153	-70.691
31154	-71.773
31155	-71.983
31156	-71.1277
31157	-69.7532
31158	-67.7641
31159	-64.3051
31160	-59.7915
31161	-59.5003
31162	-60.8797
31163	-59.396
31164	-62.0767
31165	-65.4936
31166	-67.3982
31167	-69.0407
31168	-70.1599
31169	-71.0648
31170	-71.8881
31171	-72.2357
31172	-72.7927
31173	-72.7076
31174	-72.6131
31175	-74.103
31176	-73.891
31177	-74.4317
31178	-74.2479
31179	-74.3365
31180	-73.3522
31181	-72.0946
31182	-71.7922
31183	-67.1917
31184	-62.0032
31185	-65.1894
31186	-70.5496
31187	-71.5575
31188	-70.5139
31189	-71.0661
31190	-71.8967
31191	-72.4386
31192	-73.7064
31193	-74.2947
31194	-73.7302
31195	-73.6495
31196	-74.6245
31197	-74.0376
31198	-73.4203
31199	-72.4531
31200	-71.3986
31201	-70.7683
31202	-71.041
31203	-70.3526
31204	-69.6409
31205	-67.7044
31206	-65.4557
31207	-63.5765
31208	-60.7212
31209	-54.9
31210	-46.8941
31211	-47.18
31212	-46.9645
31213	-46.7997
31214	-51.0038
31215	-58.1783
31216	-60.3587
31217	-60.0913
31218	-63.3548
31219	-66.8272
31220	-69.1046
31221	-70.3296
31222	-70.7713
31223	-71.3963
31224	-72.7485
31225	-72.9283
31226	-72.5805
31227	-72.727
31228	-73.841
31229	-74.7505
31230	-73.6646
31231	-72.8687
31232	-72.5398
31233	-72.1413
31234	-72.5879
31235	-72.5562
31236	-71.9402
31237	-71.1166
31238	-69.0192
31239	-69.7492
31240	-69.0152
31241	-69.1616
31242	-71.7365
31243	-73.9246
31244	-74.3047
31245	-74.2969
31246	-74.0711
31247	-74.6895
31248	-74.0588
31249	-72.9148
31250	-72.8079
31251	-72.7903
31252	-72.0087
31253	-71.722
31254	-72.0574
31255	-71.3166
31256	-70.4737
31257	-69.2465
31258	-68.3312
31259	-65.823
31260	-62.1436
31261	-62.2394
31262	-63.3884
31263	-61.6832
31264	-63.6791
31265	-66.0258
31266	-68.1852
31267	-69.6039
31268	-70.5854
31269	-71.0632
31270	-70.1848
31271	-68.2513
31272	-68.2526
31273	-62.1746
31274	-59.6007
31275	-64.9372
31276	-69.4118
31277	-70.0149
31278	-69.7383
31279	-67.8033
31280	-64.8741
31281	-63.2468
31282	-60.1634
31283	-53.5717
31284	-48.2189
31285	-51.9554
31286	-60.3841
31287	-62.328
31288	-63.8528
31289	-66.9978
31290	-69.3505
31291	-70.1953
31292	-70.6816
31293	-70.4886
31294	-65.7572
31295	-66.4653
31296	-71.5079
31297	-73.1602
31298	-74.0192
31299	-74.0808
31300	-73.8597
31301	-73.7537
31302	-73.2174
31303	-72.1583
31304	-72.1742
31305	-72.212
31306	-70.0855
31307	-69.0871
31308	-70.2968
31309	-72.5045
31310	-72.4886
31311	-72.3627
31312	-73.2816
31313	-73.0337
31314	-71.7855
31315	-72.0685
31316	-71.9062
31317	-71.9298
31318	-72.1085
31319	-72.335
31320	-71.577
31321	-70.1945
31322	-69.0732
31323	-68.5093
31324	-67.0971
31325	-67.2883
31326	-65.8862
31327	-64.0753
31328	-62.1009
31329	-59.6109
31330	-57.0728
31331	-53.7676
31332	-40.588
31333	-23.1983
31334	-17.6687
31335	-21.5399
31336	-36.9232
31337	-53.0797
31338	-56.2194
31339	-58.741
31340	-61.4312
31341	-62.7161
31342	-65.0381
31343	-66.6834
31344	-67.3216
31345	-67.6423
31346	-69.2397
31347	-70.2663
31348	-71.0125
31349	-71.9712
31350	-72.0212
31351	-72.8128
31352	-72.3497
31353	-71.6306
31354	-71.906
31355	-72.8161
31356	-72.7297
31357	-72.6373
31358	-73.0538
31359	-71.786
31360	-69.9943
31361	-70.0433
31362	-70.8163
31363	-70.227
31364	-71.2738
31365	-72.6059
31366	-73.309
31367	-73.8952
31368	-73.835
31369	-74.4743
31370	-73.9426
31371	-73.1268
31372	-72.1972
31373	-67.3084
31374	-65.0369
31375	-69.5529
31376	-71.1224
31377	-70.982
31378	-69.8489
31379	-68.042
31380	-64.9332
31381	-62.9983
31382	-60.2869
31383	-53.2613
31384	-48.2152
31385	-52.1285
31386	-60.2403
31387	-62.284
31388	-63.9707
31389	-66.6176
31390	-69.6504
31391	-69.904
31392	-69.4523
31393	-66.6386
31394	-60.6907
31395	-61.4963
31396	-66.546
31397	-68.2604
31398	-70.0715
31399	-71.11
31400	-70.8744
31401	-70.3162
31402	-68.5542
31403	-66.2058
31404	-65.9794
31405	-64.3641
31406	-62.8433
31407	-61.7445
31408	-63.0095
31409	-66.0902
31410	-67.1789
31411	-68.7774
31412	-70.3231
31413	-71.9678
31414	-72.1393
31415	-72.2929
31416	-72.1347
31417	-72.1651
31418	-73.2154
31419	-73.3879
31420	-74.112
31421	-74.9162
31422	-74.2161
31423	-73.7306
31424	-74.523
31425	-74.2207
31426	-72.2628
31427	-69.7786
31428	-68.3817
31429	-69.9812
31430	-68.2288
31431	-69.4757
31432	-71.5337
31433	-72.4222
31434	-72.2217
31435	-72.2835
31436	-72.9562
31437	-72.9685
31438	-73.2635
31439	-74.5481
31440	-74.161
31441	-73.2324
31442	-73.1717
31443	-72.8461
31444	-73.1342
31445	-72.1514
31446	-70.8554
31447	-70.6383
31448	-70.0927
31449	-66.9623
31450	-63.8681
31451	-62.32
31452	-60.9536
31453	-59.4537
31454	-56.0402
31455	-48.4989
31456	-38.8401
31457	-36.8819
31458	-44.8226
31459	-53.474
31460	-60.2755
31461	-62.6915
31462	-65.5359
31463	-67.1684
31464	-68.8916
31465	-70.3694
31466	-71.1902
31467	-70.7111
31468	-71.5223
31469	-72.7133
31470	-73.6355
31471	-74.0659
31472	-75.0604
31473	-73.5258
31474	-73.2544
31475	-74.7771
31476	-74.8691
31477	-73.2892
31478	-71.2728
31479	-71.3696
31480	-70.5788
31481	-71.4401
31482	-70.8197
31483	-66.3761
31484	-62.1022
31485	-66.3016
31486	-71.6006
31487	-71.4342
31488	-72.862
31489	-73.703
31490	-74.3338
31491	-74.5069
31492	-74.2326
31493	-73.8455
31494	-73.6776
31495	-73.1326
31496	-72.5915
31497	-72.6261
31498	-72.3117
31499	-71.2273
31500	-70.6057
31501	-69.6368
31502	-68.0003
31503	-65.7107
31504	-65.1341
31505	-62.5157
31506	-59.6543
31507	-57.9375
31508	-60.7804
31509	-65.0306
31510	-67.019
31511	-69.3839
31512	-71.027
31513	-71.8582
31514	-71.5972
31515	-72.4157
31516	-69.3966
31517	-66.5927
31518	-66.9822
31519	-67.4274
31520	-66.37
31521	-69.5166
31522	-71.152
31523	-69.8496
31524	-69.0566
31525	-67.5541
31526	-62.843
31527	-57.2857
31528	-55.7695
31529	-57.2233
31530	-54.7732
31531	-56.8505
31532	-62.4779
31533	-66.5563
31534	-68.0944
31535	-69.6651
31536	-70.9709
31537	-71.5574
31538	-70.2761
31539	-70.5188
31540	-69.4836
31541	-70.3617
31542	-73.3155
31543	-73.9375
31544	-73.8185
31545	-74.0991
31546	-74.815
31547	-74.341
31548	-72.1993
31549	-69.3773
31550	-66.4431
31551	-66.5426
31552	-66.8112
31553	-67.5265
31554	-70.5862
31555	-71.828
31556	-72.1536
31557	-72.1252
31558	-72.374
31559	-72.564
31560	-72.5738
31561	-72.8968
31562	-73.5893
31563	-73.2602
31564	-72.6706
31565	-72.5958
31566	-72.0253
31567	-70.5774
31568	-70.2355
31569	-69.8449
31570	-69.127
31571	-67.3949
31572	-65.7437
31573	-63.457
31574	-61.475
31575	-59.2727
31576	-52.9497
31577	-44.4572
31578	-42.9054
31579	-42.838
31580	-41.1103
31581	-43.4826
31582	-51.9019
31583	-58.1386
31584	-58.5939
31585	-61.9743
31586	-65.27
31587	-67.0107
31588	-68.1454
31589	-69.4545
31590	-69.106
31591	-69.6231
31592	-70.3911
31593	-71.5837
31594	-72.4931
31595	-72.9658
31596	-72.3958
31597	-73.1908
31598	-73.1762
31599	-72.7917
31600	-72.1749
31601	-72.7187
31602	-72.5432
31603	-72.2488
31604	-73.2195
31605	-72.7774
31606	-70.3336
31607	-70.4556
31608	-71.642
31609	-73.1274
31610	-73.8164
31611	-73.4383
31612	-73.7176
31613	-73.9563
31614	-74.0669
31615	-74.2947
31616	-73.3327
31617	-71.1001
31618	-70.593
31619	-70.8263
31620	-70.3237
31621	-70.8626
31622	-70.3037
31623	-69.2595
31624	-68.9237
31625	-68.2005
31626	-64.0069
31627	-58.5386
31628	-57.1421
31629	-57.9383
31630	-55.7009
31631	-58.0122
31632	-63.3701
31633	-66.8253
31634	-68.8029
31635	-70.5479
31636	-70.7819
31637	-69.1261
31638	-65.6473
31639	-64.0025
31640	-64.1542
31641	-62.1635
31642	-63.9688
31643	-67.5854
31644	-69.9349
31645	-70.3684
31646	-69.2945
31647	-66.8769
31648	-63.8996
31649	-58.2393
31650	-54.0893
31651	-54.2514
31652	-55.9224
31653	-56.3396
31654	-61.1678
31655	-65.9096
31656	-68.1419
31657	-69.0798
31658	-69.8639
31659	-70.5114
31660	-69.9561
31661	-69.1742
31662	-69.0393
31663	-69.9379
31664	-72.7547
31665	-73.9411
31666	-74.1473
31667	-74.2615
31668	-73.6067
31669	-72.9663
31670	-73.2468
31671	-73.1702
31672	-72.9517
31673	-71.3573
31674	-70.4751
31675	-72.3857
31676	-73.1482
31677	-72.9475
31678	-72.1341
31679	-72.9429
31680	-72.8238
31681	-72.9171
31682	-72.3518
31683	-72.4677
31684	-71.8373
31685	-72.0205
31686	-72.2082
31687	-71.8621
31688	-70.1644
31689	-68.8766
31690	-68.2912
31691	-68.8164
31692	-67.8524
31693	-66.6219
31694	-65.2954
31695	-62.6245
31696	-59.4415
31697	-57.59
31698	-53.1701
31699	-43.8542
31700	-38.6148
31701	-36.8123
31702	-39.3363
31703	-41.8339
31704	-49.4225
31705	-56.5143
31706	-59.7187
31707	-61.2273
31708	-63.4531
31709	-65.7112
31710	-67.3981
31711	-68.1758
31712	-68.8581
31713	-69.6589
31714	-71.0733
31715	-71.7013
31716	-71.7309
31717	-72.4259
31718	-73.1231
31719	-72.917
31720	-71.8156
31721	-72.5614
31722	-72.2188
31723	-72.2272
31724	-72.207
31725	-72.6622
31726	-71.3246
31727	-68.5843
31728	-67.7958
31729	-68.8014
31730	-67.2151
31731	-68.5518
31732	-72.0124
31733	-73.5359
31734	-74.1954
31735	-74.2228
31736	-74.0052
31737	-73.7476
31738	-73.2758
31739	-70.9494
31740	-68.251
31741	-68.3168
31742	-69.4271
31743	-70.7834
31744	-71.0694
31745	-70.2785
31746	-68.7004
31747	-66.6042
31748	-63.355
31749	-57.4401
31750	-53.4331
31751	-53.8679
31752	-55.5603
31753	-55.6935
31754	-60.4394
31755	-65.4212
31756	-67.8049
31757	-69.3156
31758	-70.2372
31759	-69.5103
31760	-65.7277
31761	-64.9928
31762	-65.5146
31763	-65.0727
31764	-68.2064
31765	-72.1695
31766	-72.391
31767	-71.7989
31768	-71.1212
31769	-69.5685
31770	-68.0288
31771	-67.0344
31772	-67.2481
31773	-65.8353
31774	-65.8163
31775	-66.777
31776	-66.9996
31777	-66.8534
31778	-67.7943
31779	-70.0005
31780	-70.958
31781	-71.3768
31782	-72.3396
31783	-73.4555
31784	-73.2075
31785	-73.4821
31786	-74.1327
31787	-74.2492
31788	-74.4942
31789	-74.3481
31790	-74.2043
31791	-73.7927
31792	-73.5054
31793	-72.022
31794	-71.1444
31795	-68.8624
31796	-64.4168
31797	-65.5758
31798	-68.8879
31799	-71.5853
31800	-70.9727
31801	-71.443
31802	-71.4718
31803	-72.7936
31804	-74.6032
31805	-74.7951
31806	-74.2708
31807	-73.8603
31808	-74.9992
31809	-74.6261
31810	-73.619
31811	-73.6856
31812	-72.1153
31813	-71.5752
31814	-72.1618
31815	-71.8898
31816	-69.5558
31817	-66.6833
31818	-65.3298
31819	-63.6458
31820	-62.3785
31821	-61.637
31822	-59.7131
31823	-53.3237
31824	-51.8571
31825	-57.3373
31826	-60.6031
31827	-61.3121
31828	-61.6996
31829	-63.9007
31830	-65.0544
31831	-67.1821
31832	-70.9792
31833	-72.1398
31834	-71.7273
31835	-72.2151
31836	-73.5197
31837	-73.7255
31838	-73.9987
31839	-74.0987
31840	-74.4958
31841	-74.6585
31842	-74.3062
31843	-73.9799
31844	-73.9054
31845	-72.1405
31846	-71.7832
31847	-71.6749
31848	-71.6457
31849	-69.118
31850	-66.937
31851	-67.2458
31852	-67.8449
31853	-68.3207
31854	-71.2352
31855	-73.279
31856	-74.5278
31857	-73.8694
31858	-74.1542
31859	-74.2995
31860	-74.386
31861	-74.1884
31862	-73.6516
31863	-73.2126
31864	-73.3253
31865	-72.762
31866	-71.963
31867	-72.2346
31868	-70.67
31869	-68.717
31870	-67.6641
31871	-67.7509
31872	-67.2183
31873	-68.2801
31874	-68.4492
31875	-67.7579
31876	-67.3054
31877	-67.1331
31878	-68.2378
31879	-70.5443
31880	-71.2405
31881	-71.8265
31882	-72.1399
31883	-70.4876
31884	-67.8337
31885	-64.4937
31886	-61.872
31887	-65.2875
31888	-68.846
31889	-70.1586
31890	-70.1757
31891	-68.2464
31892	-65.1929
31893	-63.013
31894	-59.9929
31895	-56.2309
31896	-50.0305
31897	-51.7645
31898	-56.9513
31899	-62.2187
31900	-64.4399
31901	-67.3659
31902	-69.2891
31903	-71.0924
31904	-71.4059
31905	-70.4836
31906	-67.0855
31907	-66.648
31908	-70.4138
31909	-72.6925
31910	-73.5229
31911	-74.1579
31912	-74.1261
31913	-73.7302
31914	-73.2221
31915	-73.0626
31916	-70.5608
31917	-68.0151
31918	-69.0131
31919	-69.3096
31920	-67.7575
31921	-69.8918
31922	-72.2223
31923	-72.4895
31924	-71.868
31925	-72.4059
31926	-72.3507
31927	-71.7351
31928	-72.1764
31929	-73.1206
31930	-72.624
31931	-72.169
31932	-71.536
31933	-71.0896
31934	-70.4028
31935	-68.7754
31936	-67.7905
31937	-67.5021
31938	-66.1795
31939	-64.0408
31940	-62.239
31941	-60.2739
31942	-57.9361
31943	-54.3899
31944	-45.6107
31945	-34.1062
31946	-26.4866
31947	-28.5581
31948	-39.7558
31949	-50.7288
31950	-56.1983
31951	-58.7483
31952	-61.0452
31953	-63.2689
31954	-65.7103
31955	-67.2361
31956	-67.7597
31957	-68.0293
31958	-68.3812
31959	-69.1875
31960	-70.8382
31961	-72.2598
31962	-72.2649
31963	-72.0375
31964	-71.7545
31965	-72.3685
31966	-72.4275
31967	-73.13
31968	-72.9858
31969	-72.557
31970	-72.3758
31971	-73.2395
31972	-72.5324
31973	-70.8406
31974	-70.7083
31975	-72.7141
31976	-73.2808
31977	-72.6358
31978	-72.6897
31979	-73.3357
31980	-73.5529
31981	-74.1844
31982	-74.3996
31983	-74.0372
31984	-72.1174
31985	-68.6052
31986	-66.5699
31987	-69.4664
31988	-71.0272
31989	-69.937
31990	-70.0581
31991	-68.4794
31992	-65.5149
31993	-63.6638
31994	-60.4798
31995	-56.3176
31996	-50.3637
31997	-52.3891
31998	-57.4143
31999	-62.4012
32000	-64.9532
32001	-67.436
32002	-69.4873
32003	-70.0882
32004	-69.9957
32005	-66.57
32006	-61.2367
32007	-61.1398
32008	-65.372
32009	-66.1754
32010	-67.3442
32011	-69.9762
32012	-70.7147
32013	-69.4929
32014	-68.0964
32015	-65.6673
32016	-61.9308
32017	-57.1003
32018	-58.3882
32019	-59.2251
32020	-57.188
32021	-61.0464
32022	-66.5167
32023	-69.0267
32024	-69.6492
32025	-70.6741
32026	-71.1383
32027	-70.956
32028	-70.705
32029	-71.7748
32030	-70.8444
32031	-72.1517
32032	-73.4539
32033	-74.406
32034	-74.2813
32035	-73.955
32036	-73.9967
32037	-73.9415
32038	-73.4474
32039	-71.5628
32040	-70.3154
32041	-70.6114
32042	-71.0584
32043	-72.0785
32044	-72.4944
32045	-72.6906
32046	-73.0142
32047	-72.3151
32048	-72.2379
32049	-73.0549
32050	-73.1177
32051	-73.7205
32052	-73.199
32053	-72.6609
32054	-71.8758
32055	-71.6941
32056	-71.295
32057	-70.2261
32058	-69.4903
32059	-69.4298
32060	-68.194
32061	-66.4413
32062	-63.6188
32063	-59.3314
32064	-58.7754
32065	-56.6374
32066	-49.5046
32067	-42.7444
32068	-44.9468
32069	-45.125
32070	-42.6259
32071	-48.1326
32072	-56.2888
32073	-61.1047
32074	-63.1904
32075	-65.6924
32076	-67.8069
32077	-68.7902
32078	-69.8296
32079	-70.2421
32080	-70.1899
32081	-71.5267
32082	-72.3294
32083	-73.4051
32084	-73.7469
32085	-73.3771
32086	-73.2112
32087	-73.287
32088	-72.7571
32089	-72.725
32090	-72.0062
32091	-72.062
32092	-71.2596
32093	-71.1659
32094	-70.5775
32095	-67.5928
32096	-63.2654
32097	-65.643
32098	-69.372
32099	-72.1628
32100	-72.8398
32101	-74.4984
32102	-74.3273
32103	-73.7804
32104	-74.0346
32105	-74.0802
32106	-71.9195
32107	-70.4721
32108	-71.5059
32109	-70.4747
32110	-70.9427
32111	-71.3698
32112	-69.7827
32113	-69.178
32114	-67.529
32115	-65.0185
32116	-60.9244
32117	-56.0594
32118	-57.3094
32119	-57.5789
32120	-55.7114
32121	-60.017
32122	-65.5552
32123	-69.0289
32124	-70.0605
32125	-71.3348
32126	-71.4307
32127	-68.6436
32128	-67.1927
32129	-67.9763
32130	-66.8887
32131	-67.9522
32132	-69.779
32133	-71.621
32134	-71.6163
32135	-71.4153
32136	-69.8518
32137	-68.212
32138	-64.8243
32139	-59.8246
32140	-58.5102
32141	-60.1995
32142	-58.6876
32143	-60.8683
32144	-64.9339
32145	-66.7561
32146	-68.8148
32147	-69.7545
32148	-70.643
32149	-71.7685
32150	-71.7267
32151	-72.4027
32152	-72.435
32153	-72.2506
32154	-73.7742
32155	-73.7991
32156	-74.5959
32157	-74.1699
32158	-74.3576
32159	-73.5401
32160	-72.3327
32161	-72.0122
32162	-68.4304
32163	-62.3835
32164	-63.936
32165	-69.8412
32166	-71.3936
32167	-70.7612
32168	-71.0874
32169	-71.99
32170	-72.1096
32171	-73.7434
32172	-74.1771
32173	-73.9835
32174	-73.3939
32175	-74.3558
32176	-74.1417
32177	-73.372
32178	-72.5472
32179	-71.5463
32180	-70.6766
32181	-70.9024
32182	-70.3834
32183	-69.6829
32184	-68.1501
32185	-65.7635
32186	-63.7938
32187	-60.9455
32188	-55.6091
32189	-46.9152
32190	-45.5672
32191	-45.2347
32192	-46.2157
32193	-48.6946
32194	-56.5932
32195	-60.0835
32196	-59.8041
32197	-62.2208
32198	-65.9354
32199	-68.3793
32200	-70.1488
32201	-70.408
32202	-70.8387
32203	-72.397
32204	-72.6581
32205	-72.4848
32206	-72.5315
32207	-73.259
32208	-74.4667
32209	-73.8348
32210	-72.7767
32211	-72.6562
32212	-72.2406
32213	-72.529
32214	-72.6251
32215	-72.1258
32216	-71.6308
32217	-69.4081
32218	-69.8585
32219	-69.4707
32220	-69.1796
32221	-71.3015
32222	-73.7551
32223	-74.181
32224	-74.2159
32225	-73.9009
32226	-74.5032
32227	-74.2369
32228	-72.9414
32229	-72.5538
32230	-72.6755
32231	-72.0184
32232	-71.4707
32233	-72.1788
32234	-71.2858
32235	-70.4468
32236	-69.5166
32237	-68.3553
32238	-65.9474
32239	-61.6519
32240	-60.8257
32241	-63.1365
32242	-60.8546
32243	-62.4189
32244	-65.4197
32245	-67.5531
32246	-69.3147
32247	-70.5738
32248	-70.9074
32249	-70.1531
32250	-68.0461
32251	-68.2935
32252	-63.3807
32253	-59.3973
32254	-63.4055
32255	-68.8956
32256	-70.0563
32257	-69.708
32258	-68.5663
32259	-65.3566
32260	-63.5092
32261	-61.0422
32262	-55.4034
32263	-48.6041
32264	-50.5767
32265	-59.5251
32266	-61.9695
32267	-63.6619
32268	-66.3226
32269	-69.4814
32270	-70.0825
32271	-70.4019
32272	-70.9416
32273	-66.5186
32274	-65.7159
32275	-70.9111
32276	-73.1391
32277	-74.0433
32278	-74.1664
32279	-74.1933
32280	-73.7379
32281	-73.4156
32282	-72.3133
32283	-72.5617
32284	-72.7128
32285	-70.6824
32286	-69.3759
32287	-70.2293
32288	-72.3987
32289	-72.7212
32290	-72.4423
32291	-73.276
32292	-73.209
32293	-71.9606
32294	-72.1402
32295	-71.9435
32296	-71.9723
32297	-72.1927
32298	-72.3208
32299	-71.6513
32300	-70.3021
32301	-69.0786
32302	-68.5221
32303	-67.1475
32304	-67.4461
32305	-66.2067
32306	-64.4491
32307	-62.284
32308	-60.1036
32309	-57.4574
32310	-54.5021
32311	-44.3799
32312	-25.7416
32313	-18.2825
32314	-20.3581
32315	-33.1975
32316	-51.4421
32317	-55.9079
32318	-58.413
32319	-61.1745
32320	-62.4995
32321	-64.7741
32322	-66.4641
32323	-67.2898
32324	-67.4904
32325	-68.9978
32326	-70.2089
32327	-71.043
32328	-72.0031
32329	-71.924
32330	-72.7121
32331	-72.3935
32332	-71.842
32333	-71.7657
32334	-72.4894
32335	-72.8077
32336	-72.4836
32337	-72.9184
32338	-71.9352
32339	-70.0273
32340	-69.4096
32341	-70.5079
32342	-70.0089
32343	-70.6602
32344	-72.4605
32345	-73.0738
32346	-73.9696
32347	-73.896
32348	-74.2104
32349	-74.1292
32350	-73.3163
32351	-72.5958
32352	-68.4109
32353	-64.8704
32354	-68.7512
32355	-71.0655
32356	-70.8861
32357	-70.0961
32358	-68.5473
32359	-65.8386
32360	-63.1178
32361	-61.0385
32362	-54.9573
32363	-48.4962
32364	-50.6527
32365	-59.4475
32366	-62.1398
32367	-63.5397
32368	-65.9794
32369	-69.4527
32370	-69.9266
32371	-69.9352
32372	-67.423
32373	-61.5784
32374	-60.7565
32375	-66.1455
32376	-68.328
32377	-69.8359
32378	-71.0918
32379	-71.0794
32380	-70.403
32381	-69.2462
32382	-66.6598
32383	-66.19
32384	-65.3928
32385	-64.3787
32386	-63.1451
32387	-63.6491
32388	-66.0584
32389	-67.2655
32390	-68.4907
32391	-70.0356
32392	-71.8225
32393	-72.0011
32394	-72.4054
32395	-72.2604
32396	-72.1764
32397	-73.2842
32398	-73.5058
32399	-73.8598
32400	-74.7584
32401	-74.3797
32402	-73.748
32403	-74.2737
32404	-74.5436
32405	-72.6761
32406	-70.0457
32407	-68.1369
32408	-69.707
32409	-68.1818
32410	-68.8959
32411	-71.0612
32412	-72.3187
32413	-72.2166
32414	-72.1452
32415	-72.7147
32416	-73.0592
32417	-73.229
32418	-74.6224
32419	-74.449
32420	-73.4681
32421	-73.318
32422	-73.039
32423	-73.4447
32424	-72.5567
32425	-71.2837
32426	-70.8364
32427	-70.6361
32428	-68.1123
32429	-64.4694
32430	-62.9027
32431	-61.4886
32432	-60.1552
32433	-57.9568
32434	-50.4582
32435	-41.7159
32436	-37.8421
32437	-44.0946
32438	-52.3082
32439	-60.2315
32440	-62.3916
32441	-65.0621
32442	-66.5902
32443	-68.6782
32444	-70.5328
32445	-71.4579
32446	-71.1628
32447	-71.3795
32448	-72.5338
32449	-73.7939
32450	-73.7063
32451	-75.2167
32452	-73.9756
32453	-73.0621
32454	-74.5391
32455	-75.0351
32456	-73.9271
32457	-71.4254
32458	-71.6012
32459	-70.8273
32460	-71.3118
32461	-71.2537
32462	-67.6683
32463	-62.3837
32464	-65.1059
32465	-71.0965
32466	-71.5912
32467	-72.5505
32468	-73.6346
32469	-74.1827
32470	-74.3965
32471	-74.2409
32472	-74.0173
32473	-73.7235
32474	-73.4073
32475	-73.2875
32476	-72.7756
32477	-72.6123
32478	-71.4534
32479	-70.8621
32480	-69.8085
32481	-68.4654
32482	-66.1243
32483	-65.5483
32484	-63.551
32485	-60.9504
32486	-58.68
32487	-60.9248
32488	-65.0369
32489	-66.8242
32490	-68.8745
32491	-70.6402
32492	-71.8779
32493	-71.6668
32494	-72.5736
32495	-70.4538
32496	-66.7573
32497	-66.2864
32498	-67.7686
32499	-66.0342
32500	-68.5804
32501	-71.2173
32502	-69.9743
32503	-69.0963
32504	-68.045
32505	-63.6852
32506	-58.0033
32507	-55.144
32508	-57.1967
32509	-54.9037
32510	-55.5588
32511	-61.226
32512	-65.843
32513	-67.694
32514	-69.4713
32515	-70.7166
32516	-71.3256
32517	-70.1782
32518	-70.2984
32519	-69.5189
32520	-69.5215
32521	-72.843
32522	-74.1235
32523	-73.6816
32524	-73.9009
32525	-74.8329
32526	-74.4198
32527	-72.6188
32528	-70.1982
32529	-67.0576
32530	-66.5455
32531	-66.9282
32532	-67.2547
32533	-70.1037
32534	-71.6476
32535	-72.0862
32536	-71.8067
32537	-72.3419
32538	-72.5672
32539	-72.556
32540	-72.6764
32541	-73.2756
32542	-73.4294
32543	-72.6706
32544	-72.2609
32545	-72.197
32546	-70.7548
32547	-70.015
32548	-69.6492
32549	-69.0394
32550	-67.4806
32551	-65.914
32552	-63.6371
32553	-61.4532
32554	-59.7559
32555	-53.8185
32556	-45.4778
32557	-42.0539
32558	-42.7535
32559	-41.1673
32560	-42.0062
32561	-50.0672
32562	-57.1124
32563	-58.2178
32564	-60.9716
32565	-64.761
32566	-66.5525
32567	-67.8981
32568	-69.1201
32569	-69.0513
32570	-69.2418
32571	-70.0956
32572	-71.3207
32573	-72.204
32574	-72.7096
32575	-72.0932
32576	-72.8492
32577	-73.1383
32578	-72.8227
32579	-72.1957
32580	-72.7951
32581	-72.7557
32582	-72.1452
32583	-73.1833
32584	-73.1615
32585	-70.9276
32586	-70.5526
32587	-71.593
32588	-72.9759
32589	-73.4824
32590	-73.6367
32591	-73.5495
32592	-73.9713
32593	-74.1673
32594	-74.1474
32595	-73.4556
32596	-71.3641
32597	-70.5468
32598	-70.638
32599	-70.1182
32600	-70.9731
32601	-70.3715
32602	-69.5466
32603	-68.9702
32604	-68.4907
32605	-64.6047
32606	-59.1028
32607	-56.4063
32608	-57.7801
32609	-55.5978
32610	-56.6968
32611	-62.1701
32612	-66.2779
32613	-68.3309
32614	-70.1861
32615	-70.7799
32616	-69.4361
32617	-65.7785
32618	-64.2967
32619	-63.7876
32620	-62.5396
32621	-63.7337
32622	-66.9553
32623	-69.9795
32624	-70.3853
32625	-69.6006
32626	-67.3719
32627	-64.6946
32628	-59.636
32629	-54.6329
32630	-54.7617
32631	-55.4184
32632	-56.0878
32633	-60.2667
32634	-65.4454
32635	-67.7893
32636	-68.8897
32637	-69.8143
32638	-70.2436
32639	-70.3057
32640	-69.4103
32641	-69.1846
32642	-69.7753
32643	-72.2356
32644	-74.0672
32645	-73.9059
32646	-74.2143
32647	-73.937
32648	-72.8881
32649	-73.3213
32650	-73.3032
32651	-73.1597
32652	-71.8061
32653	-70.5085
32654	-71.8796
32655	-73.1178
32656	-73.0846
32657	-72.1059
32658	-72.8127
32659	-72.9086
32660	-73.0803
32661	-72.6504
32662	-72.5628
32663	-72.01
32664	-72.0007
32665	-72.2634
32666	-71.9457
32667	-70.4599
32668	-69.374
32669	-68.5118
32670	-68.8482
32671	-68.131
32672	-66.8849
32673	-65.629
32674	-63.1517
32675	-59.983
32676	-57.9963
32677	-54.6248
32678	-46.0732
32679	-39.1366
32680	-37.7745
32681	-38.2398
32682	-41.6161
32683	-48.038
32684	-55.6845
32685	-59.5739
32686	-61.0637
32687	-63.1659
32688	-65.3032
32689	-67.2764
32690	-68.0828
32691	-69.183
32692	-69.5725
32693	-70.8802
32694	-71.9703
32695	-71.7226
32696	-72.4814
32697	-73.1249
32698	-73.0722
32699	-71.8764
32700	-72.5224
32701	-72.194
32702	-72.2968
32703	-71.9002
32704	-72.5356
32705	-71.813
32706	-68.9286
32707	-67.2667
32708	-68.7523
32709	-67.1055
32710	-67.843
32711	-71.236
32712	-73.4193
32713	-74.1545
32714	-74.5154
32715	-74.0153
32716	-73.8208
32717	-73.4994
32718	-71.9742
32719	-68.5372
32720	-68.4758
32721	-69.4005
32722	-70.5309
32723	-71.0347
32724	-70.584
32725	-69.038
32726	-66.9302
32727	-64.4916
32728	-58.7922
32729	-53.89
32730	-54.2174
32731	-55.2259
32732	-55.3734
32733	-59.5882
32734	-64.762
32735	-67.6314
32736	-69.1194
32737	-70.2455
32738	-70.2827
32739	-66.6369
32740	-64.8924
32741	-65.6608
32742	-65.3089
32743	-67.5264
32744	-71.5411
32745	-72.633
32746	-72.1646
32747	-71.3507
32748	-69.9819
32749	-68.368
32750	-66.9526
32751	-67.0654
32752	-64.557
32753	-63.1552
32754	-65.5956
32755	-67.0513
32756	-66.8452
32757	-67.2529
32758	-69.3979
32759	-70.6507
32760	-71.298
32761	-71.9688
32762	-73.3992
32763	-73.3236
32764	-73.3481
32765	-73.9611
32766	-74.1863
32767	-74.4518
32768	-74.2362
32769	-74.3108
32770	-73.7511
32771	-73.5819
32772	-72.2669
32773	-71.4371
32774	-69.2273
32775	-64.8497
32776	-64.6857
32777	-68.161
32778	-71.2879
32779	-71.0281
32780	-71.3422
32781	-71.5985
32782	-72.3603
32783	-74.6963
32784	-74.9191
32785	-74.4613
32786	-73.6232
32787	-74.6871
32788	-74.9157
32789	-73.9434
32790	-73.977
32791	-72.3866
32792	-71.58
32793	-71.8835
32794	-72.0277
32795	-70.1093
32796	-67.4041
32797	-65.7138
32798	-64.3072
32799	-62.3116
32800	-61.3948
32801	-55.7777
32802	-44.4519
32803	-40.9896
32804	-47.1311
32805	-58.1719
32806	-60.898
32807	-61.2827
32808	-63.1465
32809	-64.724
32810	-66.2655
32811	-70.0627
32812	-71.8633
32813	-71.5285
32814	-71.9937
32815	-73.141
32816	-73.7181
32817	-73.7868
32818	-73.9054
32819	-74.4618
32820	-74.5503
32821	-74.531
32822	-73.7876
32823	-73.8611
32824	-72.4398
32825	-71.7079
32826	-71.6946
32827	-71.6796
32828	-69.8934
32829	-67.4324
32830	-67.2625
32831	-68.1255
32832	-68.0399
32833	-70.7347
32834	-73.1767
32835	-74.4715
32836	-73.8468
32837	-73.9839
32838	-74.3644
32839	-74.4517
32840	-74.2547
32841	-73.7893
32842	-73.3071
32843	-72.902
32844	-72.7789
32845	-72.1381
32846	-72.2743
32847	-71.0447
32848	-69.2318
32849	-67.8533
32850	-67.5974
32851	-67.3765
32852	-68.2784
32853	-70.4851
32854	-68.4261
32855	-67.2047
32856	-67.0034
32857	-67.8311
32858	-70.2513
32859	-71.0885
32860	-71.5969
32861	-72.0945
32862	-70.686
32863	-68.1934
32864	-65.1899
32865	-61.6451
32866	-64.4396
32867	-68.0162
32868	-70.0444
32869	-70.2749
32870	-68.6708
32871	-65.5808
32872	-63.302
32873	-60.6864
32874	-57.0456
32875	-50.5898
32876	-50.6475
32877	-55.9818
32878	-61.1223
32879	-63.8763
32880	-66.7747
32881	-68.9934
32882	-70.6399
32883	-71.5486
32884	-70.7034
32885	-67.6736
32886	-66.0262
32887	-69.6191
32888	-72.6659
32889	-73.3896
32890	-74.2357
32891	-74.2174
32892	-73.8427
32893	-73.5595
32894	-73.3278
32895	-71.3162
32896	-68.5037
32897	-68.8017
32898	-69.9548
32899	-68.0946
32900	-69.5757
32901	-71.9243
32902	-72.7759
32903	-71.8502
32904	-72.5367
32905	-72.4491
32906	-71.6979
32907	-71.9748
32908	-72.7775
32909	-72.5907
32910	-72.1104
32911	-71.5792
32912	-71.0562
32913	-70.3679
32914	-68.8792
32915	-67.8937
32916	-67.569
32917	-66.2298
32918	-64.1861
32919	-62.3075
32920	-60.5425
32921	-58.3675
32922	-55.0868
32923	-47.5507
32924	-36.1975
32925	-26.9172
32926	-27.103
32927	-37.5838
32928	-48.5465
32929	-55.3523
32930	-58.2892
32931	-60.7074
32932	-62.663
32933	-65.4514
32934	-66.7273
32935	-67.8283
32936	-67.7607
32937	-68.2582
32938	-69.0926
32939	-70.5617
32940	-71.8391
32941	-72.1423
32942	-72.0411
32943	-71.6109
32944	-72.2537
32945	-72.4534
32946	-72.8527
32947	-73.2569
32948	-72.7214
32949	-72.155
32950	-72.9848
32951	-72.7374
32952	-70.9419
32953	-70.1726
32954	-72.0953
32955	-73.208
32956	-72.8518
32957	-72.4717
32958	-73.4286
32959	-73.419
32960	-74.3822
32961	-74.1669
32962	-73.9445
32963	-72.5716
32964	-69.3783
32965	-66.3864
32966	-68.5488
32967	-70.7591
32968	-69.97
32969	-70.0103
32970	-68.8117
32971	-65.9221
32972	-63.7204
32973	-60.9476
32974	-57.363
32975	-50.8565
32976	-51.1015
32977	-56.4342
32978	-61.5078
32979	-64.3867
32980	-66.9332
32981	-69.4776
32982	-69.9721
32983	-70.0154
32984	-67.4176
32985	-61.83
32986	-60.4801
32987	-64.6806
32988	-66.5945
32989	-67.0977
32990	-69.7961
32991	-70.7194
32992	-69.8645
32993	-68.449
32994	-66.3721
32995	-63.2248
32996	-58.0988
32997	-58.1469
32998	-60.6861
32999	-57.6858
33000	-60.4032
33001	-65.7486
33002	-68.7129
33003	-69.751
33004	-70.3938
33005	-71.2297
33006	-71.3147
33007	-70.7851
33008	-71.9468
33009	-71.1898
33010	-72.0664
33011	-73.2176
33012	-74.5641
33013	-74.278
33014	-73.9183
33015	-74.204
33016	-73.9053
33017	-73.5126
33018	-71.7318
33019	-70.2443
33020	-70.3976
33021	-70.6796
33022	-71.6648
33023	-72.5027
33024	-72.5006
33025	-72.8172
33026	-72.451
33027	-72.091
33028	-72.9003
33029	-73.029
33030	-73.8312
33031	-73.3852
33032	-72.8939
33033	-71.9941
33034	-71.8387
33035	-71.5514
33036	-70.6011
33037	-69.6407
33038	-69.6984
33039	-68.5112
33040	-66.9922
33041	-64.4297
33042	-60.1607
33043	-58.7065
33044	-57.8924
33045	-51.7017
33046	-43.9066
33047	-44.2747
33048	-46.9134
33049	-43.003
33050	-46.9612
33051	-55.3531
33052	-60.8789
33053	-63.0908
33054	-65.621
33055	-67.4844
33056	-68.8229
33057	-69.6154
33058	-70.5195
33059	-70.2679
33060	-71.5742
33061	-72.2251
33062	-73.4558
33063	-73.6845
33064	-73.7017
33065	-73.293
33066	-73.5027
33067	-73.0057
33068	-72.8081
33069	-72.0373
33070	-71.8428
33071	-71.3573
33072	-71.0081
33073	-71.1387
33074	-68.3729
33075	-63.6344
33076	-64.7897
33077	-68.5468
33078	-71.8826
33079	-72.7751
33080	-74.1081
33081	-74.4197
33082	-73.83
33083	-74.0717
33084	-73.8989
33085	-72.6179
33086	-70.7325
33087	-71.4694
33088	-70.8492
33089	-70.8796
33090	-71.4346
33091	-69.9649
33092	-69.1019
33093	-67.9885
33094	-65.7716
33095	-62.2156
33096	-56.8726
33097	-56.8793
33098	-58.974
33099	-55.9749
33100	-59.227
33101	-64.9035
33102	-68.8834
33103	-70.2277
33104	-71.2257
33105	-71.566
33106	-69.5249
33107	-67.4677
33108	-68.1906
33109	-67.624
33110	-67.5089
33111	-69.1637
33112	-71.1764
33113	-71.4679
33114	-71.6793
33115	-70.1886
33116	-68.6274
33117	-65.3593
33118	-60.1289
33119	-57.5827
33120	-59.3842
33121	-58.4195
33122	-59.4127
33123	-64.1603
33124	-66.168
33125	-68.6701
33126	-69.4816
33127	-70.2564
33128	-71.6511
33129	-71.4606
33130	-71.9652
33131	-72.0194
33132	-71.981
33133	-73.4862
33134	-73.7599
33135	-74.4837
33136	-74.1399
33137	-74.319
33138	-73.5196
33139	-72.3505
33140	-72.2671
33141	-69.34
33142	-63.1162
33143	-62.9661
33144	-69.0688
33145	-71.301
33146	-71.0825
33147	-71.0239
33148	-71.8002
33149	-72.037
33150	-73.4594
33151	-73.8209
33152	-73.8857
33153	-73.1277
33154	-74.1224
33155	-74.1996
33156	-73.5005
33157	-72.7672
33158	-71.6334
33159	-70.6796
33160	-70.6747
33161	-70.2564
33162	-69.4576
33163	-68.3177
33164	-65.9711
33165	-63.9508
33166	-61.2567
33167	-56.3324
33168	-47.4121
33169	-44.3031
33170	-44.1709
33171	-45.9517
33172	-46.7846
33173	-54.9434
33174	-59.4128
33175	-59.6594
33176	-61.1887
33177	-64.9723
33178	-67.8076
33179	-69.5577
33180	-70.0662
33181	-70.5019
33182	-72.0403
33183	-72.4625
33184	-72.4566
33185	-72.4658
33186	-72.9849
33187	-74.2255
33188	-74.0104
33189	-72.8886
33190	-72.9018
33191	-72.3343
33192	-72.383
33193	-72.7159
33194	-72.5653
33195	-71.814
33196	-69.9511
33197	-69.9138
33198	-69.8628
33199	-69.3144
33200	-71.06
33201	-73.7336
33202	-74.0959
33203	-74.2429
33204	-73.8704
33205	-74.3976
33206	-74.4119
33207	-73.0799
33208	-72.4851
33209	-72.2272
33210	-72.1864
33211	-71.3086
33212	-72.0023
33213	-71.3275
33214	-70.6232
33215	-69.7835
33216	-68.5534
33217	-66.2093
33218	-61.6179
33219	-59.634
33220	-61.9948
33221	-60.1958
33222	-61.0583
33223	-64.6708
33224	-66.789
33225	-69.1665
33226	-69.9763
33227	-70.6086
33228	-70.0237
33229	-67.9565
33230	-67.8219
33231	-64.6586
33232	-59.5308
33233	-62.1281
33234	-68.2465
33235	-70.2698
33236	-69.6842
33237	-69.2819
33238	-65.8065
33239	-63.9539
33240	-61.7185
33241	-56.9944
33242	-49.3395
33243	-49.5762
33244	-58.1861
33245	-61.7578
33246	-63.5192
33247	-65.6343
33248	-69.0211
33249	-69.9361
33250	-70.247
33251	-71.1618
33252	-67.579
33253	-65.2902
33254	-69.7875
33255	-73.09
33256	-74.0676
33257	-74.3011
33258	-74.385
33259	-73.4005
33260	-73.8438
33261	-72.5813
33262	-72.7029
33263	-72.986
33264	-71.2917
33265	-69.8096
33266	-70.2016
33267	-72.1395
33268	-72.929
33269	-72.2859
33270	-73.0779
33271	-73.4278
33272	-72.4498
33273	-72.0603
33274	-72.1583
33275	-71.9276
33276	-72.1701
33277	-72.2455
33278	-71.7425
33279	-70.303
33280	-69.3306
33281	-68.6114
33282	-67.4263
33283	-67.4323
33284	-66.4368
33285	-64.7603
33286	-62.3932
33287	-60.5307
33288	-57.7625
33289	-55.2347
33290	-47.5611
33291	-28.7654
33292	-19.2446
33293	-19.5537
33294	-29.9852
33295	-48.6795
33296	-55.3983
33297	-57.9629
33298	-60.7983
33299	-62.3353
33300	-64.3779
33301	-66.3108
33302	-67.3803
33303	-67.2774
33304	-68.8465
33305	-70.1491
33306	-70.9142
33307	-71.708
33308	-71.8871
33309	-72.5851
33310	-72.4627
33311	-72.0295
33312	-71.5651
33313	-72.327
33314	-72.8556
33315	-72.3862
33316	-72.8043
33317	-71.9826
33318	-70.1925
33319	-69.0462
33320	-70.0346
33321	-69.8836
33322	-70.0156
33323	-72.0478
33324	-72.8489
33325	-73.7623
33326	-73.8124
33327	-74.0898
33328	-74.4749
33329	-73.5335
33330	-72.7046
33331	-69.5213
33332	-65.0428
33333	-67.6636
33334	-71.081
33335	-70.9869
33336	-70.4718
33337	-68.7416
33338	-66.3173
33339	-63.336
33340	-61.7977
33341	-56.5146
33342	-49.1219
33343	-49.5538
33344	-57.9811
33345	-61.8751
33346	-63.1782
33347	-65.3062
33348	-68.901
33349	-70.002
33350	-70.1002
33351	-68.1416
33352	-62.8118
33353	-60.3381
33354	-65.2661
33355	-68.3526
33356	-69.7567
33357	-71.1832
33358	-71.356
33359	-70.5442
33360	-69.7968
33361	-67.3161
33362	-66.2785
33363	-66.1271
33364	-65.7064
33365	-65.2099
33366	-64.8465
33367	-66.1463
33368	-67.3497
33369	-68.1995
33370	-69.4927
33371	-71.7586
33372	-72.0625
33373	-72.4135
33374	-72.4118
33375	-72.3954
33376	-73.3061
33377	-73.687
33378	-73.6759
33379	-74.7257
33380	-74.4281
33381	-73.8943
33382	-73.9935
33383	-74.6044
33384	-73.1228
33385	-70.3423
33386	-68.1087
33387	-69.0935
33388	-68.3166
33389	-68.1011
33390	-70.6044
33391	-72.1318
33392	-72.2416
33393	-72.0828
33394	-72.5327
33395	-73.2215
33396	-73.3
33397	-74.4969
33398	-74.827
33399	-73.6144
33400	-73.3604
33401	-73.4686
33402	-73.4117
33403	-73.0238
33404	-71.6303
33405	-71.0713
33406	-71.2256
33407	-69.1638
33408	-65.2853
33409	-63.392
33410	-61.9215
33411	-60.6327
33412	-59.2716
33413	-52.6195
33414	-45.2889
33415	-39.5126
33416	-43.7501
33417	-51.6924
33418	-60.0653
33419	-62.2336
33420	-64.866
33421	-66.1729
33422	-68.4267
33423	-70.2687
33424	-71.6322
33425	-71.512
33426	-71.1909
33427	-72.4931
33428	-73.7553
33429	-73.6191
33430	-75.0488
33431	-74.5359
33432	-73.0448
33433	-74.3513
33434	-75.1556
33435	-74.5576
33436	-71.7402
33437	-71.599
33438	-71.2282
33439	-71.0244
33440	-71.4411
33441	-68.5501
33442	-63.0049
33443	-63.9007
33444	-70.2181
33445	-71.6451
33446	-72.3183
33447	-73.3677
33448	-74.0264
33449	-74.3583
33450	-74.3805
33451	-74.1096
33452	-74.0466
33453	-73.6498
33454	-73.2263
33455	-73.0207
33456	-72.9653
33457	-71.9084
33458	-70.8899
33459	-70.028
33460	-68.8417
33461	-66.6715
33462	-66.0289
33463	-64.506
33464	-62.251
33465	-59.8471
33466	-61.2871
33467	-64.8731
33468	-66.7932
33469	-68.484
33470	-70.4744
33471	-71.6824
33472	-71.8489
33473	-72.7239
33474	-71.0986
33475	-67.031
33476	-65.7762
33477	-67.8256
33478	-65.5881
33479	-67.5241
33480	-70.9453
33481	-70.1431
33482	-69.044
33483	-68.4685
33484	-64.5645
33485	-58.8847
33486	-54.8874
33487	-57.3221
33488	-55.2437
33489	-54.5974
33490	-59.8984
33491	-65.0251
33492	-67.3806
33493	-69.3091
33494	-70.271
33495	-71.1604
33496	-70.3735
33497	-69.935
33498	-69.7158
33499	-68.9374
33500	-72.1075
33501	-74.2482
33502	-73.7012
33503	-73.6855
33504	-74.9677
33505	-74.3464
33506	-73.1147
33507	-70.9226
33508	-67.7459
33509	-66.5007
33510	-66.9812
33511	-67.2909
33512	-69.4796
33513	-71.7285
33514	-72.0528
33515	-71.7502
33516	-72.3187
33517	-72.2039
33518	-72.5501
33519	-72.4545
33520	-73.1815
33521	-73.4539
33522	-72.6264
33523	-72.1287
33524	-72.1437
33525	-70.8872
33526	-69.8684
33527	-69.5666
33528	-68.8618
33529	-67.5193
33530	-66.0231
33531	-63.8726
33532	-61.5729
33533	-59.8835
33534	-54.8217
33535	-46.771
33536	-41.6174
33537	-43.0665
33538	-41.6029
33539	-40.9129
33540	-48.1084
33541	-55.7239
33542	-58.0446
33543	-60.1004
33544	-64.1543
33545	-66.1026
33546	-67.4727
33547	-68.7445
33548	-69.211
33549	-68.9629
33550	-70.1837
33551	-70.9965
33552	-72.0064
33553	-72.7172
33554	-72.1089
33555	-72.5586
33556	-72.9843
33557	-72.7144
33558	-72.3221
33559	-72.6288
33560	-72.9302
33561	-72.1951
33562	-73.0874
33563	-73.1721
33564	-71.5926
33565	-70.6116
33566	-71.6043
33567	-72.8017
33568	-73.426
33569	-73.906
33570	-73.3855
33571	-74.1255
33572	-74.3015
33573	-74.1888
33574	-73.5339
33575	-71.6941
33576	-70.055
33577	-70.6079
33578	-70.1002
33579	-70.6905
33580	-70.4544
33581	-69.8398
33582	-69.0275
33583	-68.5388
33584	-65.2741
33585	-59.8249
33586	-56.0434
33587	-57.8132
33588	-55.7621
33589	-55.7162
33590	-60.8435
33591	-65.5574
33592	-67.9282
33593	-69.8098
33594	-70.7791
33595	-69.7453
33596	-66.1323
33597	-64.4307
33598	-63.3414
33599	-62.9748
33600	-63.1084
33601	-66.2502
33602	-69.7119
33603	-70.5651
33604	-69.9177
33605	-67.9737
33606	-65.348
33607	-61.0166
33608	-55.48
33609	-54.9287
33610	-55.0267
33611	-56.1691
33612	-59.6051
33613	-64.6869
33614	-67.5201
33615	-68.9466
33616	-69.7193
33617	-70.0523
33618	-70.5429
33619	-69.7876
33620	-69.3251
33621	-69.6491
33622	-71.76
33623	-74.0353
33624	-73.871
33625	-74.2728
33626	-74.2819
33627	-72.9505
33628	-73.3321
33629	-73.4798
33630	-73.3347
33631	-72.0753
33632	-70.64
33633	-71.6207
33634	-73.1155
33635	-73.1714
33636	-72.1873
33637	-72.6248
33638	-72.7886
33639	-72.7665
33640	-72.8535
33641	-72.6492
33642	-72.2198
33643	-72.0188
33644	-72.4296
33645	-72.1038
33646	-70.7882
33647	-69.4588
33648	-68.6167
33649	-68.8033
33650	-68.5825
33651	-67.1753
33652	-66.0761
33653	-63.7079
33654	-60.5758
33655	-58.3261
33656	-55.6622
33657	-48.2578
33658	-40.0302
33659	-39.1237
33660	-37.6395
33661	-41.7097
33662	-46.3022
33663	-54.6942
33664	-59.3589
33665	-60.9756
33666	-63.0584
33667	-65.0017
33668	-67.2425
33669	-68.3139
33670	-69.1278
33671	-69.6915
33672	-70.7271
33673	-72.0171
33674	-71.7025
33675	-72.4185
33676	-73.0256
33677	-73.3817
33678	-71.9977
33679	-72.3592
33680	-72.5337
33681	-72.275
33682	-71.7121
33683	-72.3776
33684	-72.0497
33685	-69.4493
33686	-67.0015
33687	-68.4732
33688	-67.3444
33689	-67.2961
33690	-70.5275
33691	-72.9814
33692	-74.1344
33693	-74.6473
33694	-74.1212
33695	-73.8537
33696	-73.878
33697	-72.5273
33698	-68.961
33699	-68.6017
33700	-69.3455
33701	-70.4238
33702	-71.0789
33703	-70.8701
33704	-69.3656
33705	-67.2466
33706	-65.2853
33707	-60.1617
33708	-54.6292
33709	-54.418
33710	-54.6773
33711	-55.3839
33712	-58.7685
33713	-64.0824
33714	-67.4717
33715	-68.9585
33716	-70.0365
33717	-70.5956
33718	-67.5831
33719	-65.0498
33720	-65.8226
33721	-65.6239
33722	-67.1661
33723	-70.9894
33724	-72.9248
33725	-72.1765
33726	-71.6145
33727	-70.5121
33728	-68.7219
33729	-66.8699
33730	-67.1435
33731	-63.8705
33732	-61.1221
33733	-64.2139
33734	-66.5572
33735	-66.4982
33736	-66.7957
33737	-68.9764
33738	-70.6221
33739	-71.195
33740	-71.7474
33741	-73.1486
33742	-73.3836
33743	-73.1516
33744	-73.8642
33745	-74.0527
33746	-74.3374
33747	-74.2862
33748	-74.4888
33749	-73.9393
33750	-73.7417
33751	-72.4767
33752	-71.5476
33753	-69.6322
33754	-65.5967
33755	-63.9678
33756	-67.4462
33757	-70.8719
33758	-71.1986
33759	-71.3839
33760	-71.6894
33761	-71.9471
33762	-74.462
33763	-75.0318
33764	-74.7355
33765	-73.5986
33766	-74.4322
33767	-75.013
33768	-74.0184
33769	-73.8187
33770	-72.7596
33771	-71.6706
33772	-71.5765
33773	-72.1198
33774	-70.5281
33775	-67.8645
33776	-66.1751
33777	-64.9191
33778	-62.4308
33779	-61.4533
33780	-54.9963
33781	-41.9879
33782	-36.6808
33783	-40.8387
33784	-54.3532
33785	-60.4634
33786	-60.9759
33787	-62.5694
33788	-64.2573
33789	-65.3985
33790	-69.1728
33791	-71.5503
33792	-71.4461
33793	-71.8624
33794	-72.736
33795	-73.7972
33796	-73.5663
33797	-73.8207
33798	-74.1141
33799	-74.5666
33800	-74.6951
33801	-73.68
33802	-73.7618
33803	-72.7971
33804	-71.6699
33805	-71.7561
33806	-71.7785
33807	-70.7151
33808	-68.1241
33809	-67.2648
33810	-68.2851
33811	-67.9447
33812	-70.4166
33813	-72.8215
33814	-74.4727
33815	-73.9098
33816	-73.8216
33817	-74.3978
33818	-74.6087
33819	-74.3211
33820	-73.7955
33821	-73.3986
33822	-72.7142
33823	-72.9697
33824	-72.2689
33825	-72.2667
33826	-71.5073
33827	-69.7418
33828	-67.9679
33829	-67.3678
33830	-67.2702
33831	-67.4524
33832	-68.8009
33833	-68.1448
33834	-67.117
33835	-66.8589
33836	-67.4536
33837	-69.8291
33838	-70.9712
33839	-71.5217
33840	-72.1138
33841	-70.7982
33842	-68.3335
33843	-65.4768
33844	-61.7179
33845	-63.4338
33846	-67.1193
33847	-69.8032
33848	-70.1137
33849	-69.2619
33850	-66.0979
33851	-63.5553
33852	-61.4045
33853	-57.7059
33854	-51.4852
33855	-49.8461
33856	-54.9833
33857	-60.0745
33858	-63.5378
33859	-66.3505
33860	-68.8502
33861	-70.3868
33862	-71.41
33863	-70.8686
33864	-68.29
33865	-65.6625
33866	-68.8405
33867	-72.2954
33868	-73.3332
33869	-74.4081
33870	-74.2543
33871	-73.7762
33872	-73.8961
33873	-73.4233
33874	-71.9237
33875	-69.1125
33876	-68.8217
33877	-70.3618
33878	-68.6216
33879	-69.2827
33880	-71.6439
33881	-73.0849
33882	-71.9965
33883	-72.6734
33884	-72.5252
33885	-71.8002
33886	-71.8507
33887	-72.5613
33888	-72.662
33889	-72.2029
33890	-71.7453
33891	-71.149
33892	-70.5385
33893	-69.002
33894	-67.7254
33895	-67.5368
33896	-66.4796
33897	-64.4156
33898	-62.4175
33899	-60.9464
33900	-58.7295
33901	-55.9222
33902	-49.8004
33903	-38.936
33904	-27.7224
33905	-26.0437
33906	-34.6732
33907	-46.1409
33908	-54.4999
33909	-57.8438
33910	-60.2542
33911	-62.2399
33912	-64.9854
33913	-66.2249
33914	-67.7621
33915	-67.5021
33916	-68.263
33917	-68.9379
33918	-70.3233
33919	-71.542
33920	-72.1215
33921	-72.0966
33922	-71.7197
33923	-72.0402
33924	-72.245
33925	-72.5214
33926	-73.2409
33927	-72.8797
33928	-72.1027
33929	-72.8134
33930	-73.1402
33931	-70.9628
33932	-69.7035
33933	-71.6335
33934	-73.2921
33935	-72.9149
33936	-72.3278
33937	-73.5294
33938	-73.4259
33939	-74.327
33940	-74.133
33941	-74.0568
33942	-73.0732
33943	-70.1231
33944	-66.5467
33945	-67.6447
33946	-70.6609
33947	-70.0791
33948	-70.0689
33949	-68.9238
33950	-66.46
33951	-63.954
33952	-61.4118
33953	-58.2345
33954	-51.6714
33955	-50.1645
33956	-55.4123
33957	-60.3956
33958	-64.1046
33959	-66.3776
33960	-69.1302
33961	-69.8902
33962	-70.0047
33963	-68.1405
33964	-62.6813
33965	-60.1445
33966	-63.8707
33967	-66.9133
33968	-66.9563
33969	-69.6282
33970	-70.6938
33971	-70.2376
33972	-68.8396
33973	-66.98
33974	-64.2109
33975	-59.5008
33976	-58.2221
33977	-61.8586
33978	-58.5546
33979	-60.0447
33980	-65.3206
33981	-68.4894
33982	-69.6956
33983	-70.1381
33984	-71.0842
33985	-71.6143
33986	-71.0147
33987	-72.0409
33988	-71.6562
33989	-71.9488
33990	-73.0021
33991	-74.3752
33992	-74.2779
33993	-73.7719
33994	-74.2645
33995	-74.0459
33996	-73.4476
33997	-71.9777
33998	-70.0556
33999	-70.1411
34000	-70.3122
34001	-70.9982
34002	-72.2623
34003	-72.3896
34004	-72.7354
34005	-72.5518
34006	-72.0423
34007	-72.7736
34008	-73.0573
34009	-73.6691
34010	-73.5836
34011	-73.3089
34012	-72.2854
34013	-72.0127
34014	-71.8324
34015	-71.1938
34016	-70.0612
34017	-69.9264
34018	-68.9125
34019	-67.4848
34020	-65.3692
34021	-61.2088
34022	-58.7906
34023	-58.9674
34024	-53.728
34025	-45.4218
34026	-44.0061
34027	-47.6617
34028	-43.7003
34029	-46.1866
34030	-54.5109
34031	-60.5646
34032	-62.8845
34033	-65.3495
34034	-67.3251
34035	-69.0659
34036	-69.6287
34037	-70.5463
34038	-70.431
34039	-71.3207
34040	-72.2733
34041	-73.2936
34042	-73.5884
34043	-73.8469
34044	-73.3876
34045	-73.5746
34046	-73.2859
34047	-72.9589
34048	-72.2449
34049	-71.6816
34050	-71.3521
34051	-70.8445
34052	-71.3205
34053	-68.7883
34054	-64.29
34055	-63.708
34056	-67.7251
34057	-71.4008
34058	-72.5741
34059	-73.8795
34060	-74.7094
34061	-74.0616
34062	-74.0059
34063	-73.8539
34064	-73.342
34065	-71.1727
34066	-71.4593
34067	-71.5397
34068	-71.0887
34069	-71.5105
34070	-70.3672
34071	-69.2998
34072	-68.4974
34073	-66.5482
34074	-63.3454
34075	-58.0269
34076	-56.7536
34077	-60.0225
34078	-56.5535
34079	-58.699
34080	-64.4025
34081	-68.4158
34082	-69.8322
34083	-70.9577
34084	-71.6475
34085	-70.5069
34086	-67.9945
34087	-68.2671
34088	-68.4719
34089	-67.287
34090	-68.6273
34091	-70.6073
34092	-71.2291
34093	-71.8412
34094	-70.4426
34095	-69.1109
34096	-65.8206
34097	-60.5704
34098	-56.9661
34099	-58.6682
34100	-58.3698
34101	-58.2757
34102	-62.9928
34103	-65.6565
34104	-68.2014
34105	-69.2689
34106	-70.0671
34107	-71.5434
34108	-71.2431
34109	-71.5122
34110	-71.8015
34111	-71.7054
34112	-72.9006
34113	-73.9001
34114	-74.1787
34115	-73.9986
34116	-74.2772
34117	-73.7681
34118	-72.5356
34119	-72.409
34120	-70.1437
34121	-64.226
34122	-62.333
34123	-68.0815
34124	-71.1336
34125	-71.2314
34126	-70.7234
34127	-71.7017
34128	-71.8106
34129	-73.2515
34130	-73.5061
34131	-73.8324
34132	-72.9509
34133	-73.8259
34134	-74.2804
34135	-73.7427
34136	-72.784
34137	-71.7223
34138	-70.7227
34139	-70.492
34140	-70.2987
34141	-69.247
34142	-68.4948
34143	-66.0955
34144	-64.1373
34145	-61.6142
34146	-57.0405
34147	-48.3096
34148	-43.4459
34149	-43.6711
34150	-45.9045
34151	-45.247
34152	-52.6602
34153	-58.4127
34154	-59.6461
34155	-60.315
34156	-64.2478
34157	-67.3967
34158	-69.0268
34159	-69.7461
34160	-70.2331
34161	-71.4062
34162	-72.3622
34163	-72.3277
34164	-72.3178
34165	-72.7878
34166	-74.07
34167	-74.1428
34168	-72.9504
34169	-72.8015
34170	-72.3655
34171	-72.188
34172	-72.9289
34173	-72.974
34174	-71.8184
34175	-70.5966
34176	-70.0553
34177	-70.3366
34178	-69.6325
34179	-70.9813
34180	-73.3504
34181	-74.1237
34182	-74.1961
34183	-73.9567
34184	-74.2388
34185	-74.5999
34186	-73.4367
34187	-72.3784
34188	-71.8414
34189	-72.2513
34190	-71.1175
34191	-71.749
34192	-71.3125
34193	-70.9565
34194	-70.0886
34195	-68.8448
34196	-66.5834
34197	-61.9178
34198	-58.8427
34199	-60.7952
34200	-59.9161
34201	-59.8528
34202	-63.7834
34203	-66.1765
34204	-68.9154
34205	-69.6827
34206	-70.4312
34207	-69.9415
34208	-68.072
34209	-67.1854
34210	-65.8112
34211	-60.0109
34212	-61.0775
34213	-67.6647
34214	-70.2389
34215	-69.8619
34216	-69.4877
34217	-66.3567
34218	-64.1718
34219	-62.2598
34220	-58.138
34221	-50.4307
34222	-48.9405
34223	-56.4813
34224	-61.6237
34225	-63.3224
34226	-65.1182
34227	-68.6081
34228	-70.0245
34229	-70.2288
34230	-71.3233
34231	-68.8222
34232	-65.1891
34233	-68.7807
34234	-72.7346
34235	-74.0639
34236	-74.4817
34237	-74.3926
34238	-73.3121
34239	-73.7269
34240	-72.8233
34241	-72.4557
34242	-72.9211
34243	-71.8079
34244	-70.3425
34245	-70.2474
34246	-71.9555
34247	-73.0559
34248	-72.3486
34249	-72.8005
34250	-73.3666
34251	-72.7328
34252	-71.9872
34253	-72.2747
34254	-71.875
34255	-72.0381
34256	-71.9241
34257	-72.1975
34258	-70.4735
34259	-69.3432
34260	-68.7057
34261	-67.688
34262	-67.3899
34263	-66.8163
34264	-65.1499
34265	-62.7943
34266	-61.0433
34267	-58.2397
34268	-55.7738
34269	-50.6025
34270	-32.3415
34271	-20.5654
34272	-19.1114
34273	-27.3799
34274	-46.1662
34275	-54.8616
34276	-57.632
34277	-60.4438
34278	-62.2805
34279	-63.9734
34280	-66.0631
34281	-67.3454
34282	-67.3205
34283	-68.526
34284	-69.9424
34285	-70.7352
34286	-71.4878
34287	-72.0537
34288	-72.428
34289	-72.5912
34290	-72.2584
34291	-71.4953
34292	-72.2884
34293	-72.8425
34294	-72.3242
34295	-72.6038
34296	-72.2323
34297	-70.3387
34298	-68.8014
34299	-69.5441
34300	-69.6281
34301	-69.5059
34302	-71.6333
34303	-72.9204
34304	-73.4985
34305	-73.5549
34306	-73.8996
34307	-74.4869
34308	-73.687
34309	-72.767
34310	-70.7139
34311	-65.5008
34312	-66.7275
34313	-71.0135
34314	-71.2043
34315	-70.6689
34316	-68.9127
34317	-66.653
34318	-63.6247
34319	-62.2149
34320	-57.8614
34321	-50.0946
34322	-48.8166
34323	-56.2667
34324	-61.5386
34325	-63.0406
34326	-64.8355
34327	-68.4013
34328	-70.085
34329	-70.2793
34330	-68.7476
34331	-64.2484
34332	-60.3014
34333	-64.1921
34334	-68.4311
34335	-69.9028
34336	-71.3583
34337	-71.364
34338	-70.9445
34339	-70.1922
34340	-68.0763
34341	-66.4023
34342	-66.7323
34343	-66.7302
34344	-67.5059
34345	-66.4344
34346	-66.6711
34347	-67.4321
34348	-68.1536
34349	-69.1301
34350	-71.2459
34351	-72.0085
34352	-72.48
34353	-72.3019
34354	-72.6731
34355	-73.1908
34356	-73.7417
34357	-73.759
34358	-74.4166
34359	-74.297
34360	-73.9873
34361	-73.8379
34362	-74.5877
34363	-73.4938
34364	-70.8392
34365	-68.3037
34366	-68.4713
34367	-68.7757
34368	-67.4659
34369	-69.8361
34370	-71.9323
34371	-72.2035
34372	-72.0599
34373	-72.2336
34374	-73.2854
34375	-73.4676
34376	-74.2013
34377	-74.9197
34378	-73.8426
34379	-73.5015
34380	-73.7674
34381	-73.3021
34382	-73.507
34383	-72.1983
34384	-71.2799
34385	-71.4061
34386	-69.856
34387	-66.2841
34388	-63.8366
34389	-62.4088
34390	-61.1148
34391	-59.9945
34392	-55.4578
34393	-49.4584
34394	-42.1029
34395	-44.4021
34396	-51.8836
34397	-59.8861
34398	-62.3149
34399	-64.5863
34400	-65.8189
34401	-67.6895
34402	-69.9439
34403	-71.5335
34404	-71.7308
34405	-71.1896
34406	-72.1328
34407	-73.4969
34408	-73.7443
34409	-74.8083
34410	-75.2202
34411	-73.2274
34412	-74.0727
34413	-75.2719
34414	-74.6597
34415	-72.1335
34416	-71.542
34417	-71.3647
34418	-70.7444
34419	-71.5736
34420	-69.3556
34421	-63.9324
34422	-63.1321
34423	-69.4126
34424	-71.8058
34425	-72.0409
34426	-73.1366
34427	-73.7295
34428	-74.5291
34429	-74.4675
34430	-74.3382
34431	-74.2029
34432	-73.7876
34433	-73.3524
34434	-73.2632
34435	-73.4649
34436	-72.2058
34437	-70.9554
34438	-70.4488
34439	-69.2618
34440	-67.344
34441	-66.1942
34442	-65.5561
34443	-63.8325
34444	-61.4827
34445	-62.0339
34446	-64.7922
34447	-66.7875
34448	-68.0679
34449	-70.1826
34450	-71.347
34451	-72.0133
34452	-72.4807
34453	-71.8168
34454	-67.4417
34455	-65.3451
34456	-67.325
34457	-65.5459
34458	-66.5866
34459	-70.3893
34460	-70.4328
34461	-69.1901
34462	-68.5811
34463	-65.3006
34464	-59.7557
34465	-54.8802
34466	-56.4306
34467	-55.7341
34468	-53.9243
34469	-58.6884
34470	-64.3437
34471	-67.1463
34472	-69.0418
34473	-70.1204
34474	-71.0787
34475	-70.7093
34476	-69.8193
34477	-69.856
34478	-68.5809
34479	-71.349
34480	-73.8677
34481	-73.7056
34482	-73.6338
34483	-74.594
34484	-74.2821
34485	-73.2798
34486	-71.4356
34487	-68.2883
34488	-66.6356
34489	-67.1979
34490	-67.2038
34491	-69.0235
34492	-71.5767
34493	-72.1468
34494	-71.8543
34495	-72.1305
34496	-72.1281
34497	-72.6093
34498	-72.2667
34499	-72.9863
34500	-73.2974
34501	-72.5937
34502	-72.1262
34503	-72.0192
34504	-71.0249
34505	-69.8812
34506	-69.6093
34507	-68.7058
34508	-67.6357
34509	-66.158
34510	-64.0263
34511	-61.6635
34512	-59.984
34513	-55.9551
34514	-48.3484
34515	-41.5255
34516	-43.3097
34517	-42.1586
34518	-40.3265
34519	-45.8653
34520	-54.2828
34521	-57.929
34522	-59.355
34523	-63.4793
34524	-65.5944
34525	-67.1054
34526	-68.2176
34527	-69.2558
34528	-68.7539
34529	-69.8347
34530	-70.6642
34531	-71.8274
34532	-72.5735
34533	-72.2805
34534	-72.3916
34535	-72.8842
34536	-72.6648
34537	-72.5414
34538	-72.4923
34539	-73.1934
34540	-72.3051
34541	-72.9966
34542	-73.218
34543	-71.955
34544	-70.7717
34545	-71.5592
34546	-72.6
34547	-73.3358
34548	-74.0081
34549	-73.2237
34550	-74.3054
34551	-74.4071
34552	-74.2121
34553	-73.7743
34554	-72.1088
34555	-69.9905
34556	-70.3846
34557	-70.0494
34558	-70.321
34559	-70.4206
34560	-69.9882
34561	-69.0306
34562	-68.5686
34563	-66.0484
34564	-60.5129
34565	-55.9534
34566	-57.3485
34567	-56.0745
34568	-54.829
34569	-59.6168
34570	-64.611
34571	-67.556
34572	-69.4878
34573	-70.6589
34574	-69.9237
34575	-66.6831
34576	-64.3184
34577	-63.1983
34578	-63.4979
34579	-62.6578
34580	-65.5777
34581	-69.3885
34582	-70.389
34583	-70.2871
34584	-68.6479
34585	-65.869
34586	-62.309
34587	-56.5744
34588	-55.027
34589	-54.9534
34590	-56.5647
34591	-59.1095
34592	-64.0993
34593	-67.4516
34594	-68.8663
34595	-69.6479
34596	-70.0589
34597	-70.607
34598	-70.047
34599	-69.642
34600	-69.7389
34601	-71.409
34602	-73.8104
34603	-74.0286
34604	-74.2498
34605	-74.3707
34606	-73.1866
34607	-73.1833
34608	-73.7085
34609	-73.3938
34610	-72.2545
34611	-70.7717
34612	-71.3222
34613	-73.0248
34614	-73.3928
34615	-72.3796
34616	-72.3475
34617	-72.6487
34618	-72.5288
34619	-72.8563
34620	-72.7101
34621	-72.5706
34622	-72.0323
34623	-72.462
34624	-72.3325
34625	-71.1511
34626	-69.7571
34627	-68.6347
34628	-68.8004
34629	-69.0209
34630	-67.6186
34631	-66.4701
34632	-64.3346
34633	-61.2441
34634	-58.6523
34635	-56.6524
34636	-50.2343
34637	-41.2658
34638	-39.8274
34639	-37.4728
34640	-41.9714
34641	-44.9168
34642	-53.5447
34643	-59.0666
34644	-60.9767
34645	-62.87
34646	-64.8927
34647	-66.9789
34648	-68.4337
34649	-69.24
34650	-69.7425
34651	-70.4329
34652	-72.0159
34653	-71.9834
34654	-72.5628
34655	-72.8489
34656	-73.6383
34657	-72.2765
34658	-72.2017
34659	-72.6909
34660	-72.3274
34661	-71.7367
34662	-72.2938
34663	-72.1224
34664	-70.0236
34665	-66.9567
34666	-67.9808
34667	-67.6057
34668	-66.7867
34669	-69.7231
34670	-72.7053
34671	-73.842
34672	-74.6155
34673	-74.1638
34674	-73.8358
34675	-74.0137
34676	-72.9126
34677	-69.5876
34678	-68.6473
34679	-69.1492
34680	-70.3562
34681	-71.2375
34682	-70.9782
34683	-69.6595
34684	-67.6942
34685	-65.8102
34686	-61.5813
34687	-55.6916
34688	-54.2917
34689	-54.439
34690	-55.667
34691	-58.0344
34692	-63.3814
34693	-67.1402
34694	-68.7005
34695	-69.9045
34696	-70.6407
34697	-68.5147
34698	-65.4754
34699	-66.108
34700	-66.0257
34701	-66.7756
34702	-70.3084
34703	-73.0975
34704	-72.2154
34705	-71.6973
34706	-70.9528
34707	-68.861
34708	-67.0369
34709	-66.9393
34710	-63.5156
34711	-59.7943
34712	-62.0399
34713	-65.5888
34714	-66.3585
34715	-66.5153
34716	-68.2675
34717	-70.2927
34718	-70.8968
34719	-71.6317
34720	-72.9252
34721	-73.0817
34722	-72.917
34723	-73.828
34724	-73.9492
34725	-74.0909
34726	-74.3428
34727	-74.5075
34728	-74.1828
34729	-74.0239
34730	-72.9092
34731	-71.4144
34732	-70.0569
34733	-66.5258
34734	-63.5646
34735	-66.713
34736	-70.4316
34737	-71.315
34738	-71.2659
34739	-71.5031
34740	-71.5711
34741	-73.9812
34742	-74.9247
34743	-75.0912
34744	-73.4857
34745	-74.0689
34746	-75.0036
34747	-74.3742
34748	-73.782
34749	-73.142
34750	-71.7788
34751	-71.3803
34752	-71.9542
34753	-70.6607
34754	-68.3999
34755	-66.5517
34756	-65.2237
34757	-62.6128
34758	-61.4866
34759	-55.4829
34760	-41.5234
34761	-34.2888
34762	-36.6155
34763	-49.6879
34764	-59.6583
34765	-60.7815
34766	-61.9382
34767	-63.9042
34768	-64.6616
34769	-68.1303
34770	-71.0671
34771	-71.3754
34772	-71.6735
34773	-72.3691
34774	-73.648
34775	-73.3118
34776	-73.8302
34777	-73.9484
34778	-74.4933
34779	-74.7997
34780	-73.6396
34781	-73.5794
34782	-73.1832
34783	-71.5999
34784	-71.8519
34785	-72.0214
34786	-71.3463
34787	-68.7791
34788	-67.3243
34789	-68.3069
34790	-68.0216
34791	-70.211
34792	-72.5646
34793	-74.2204
34794	-74.0179
34795	-73.751
34796	-74.4365
34797	-74.534
34798	-74.2567
34799	-73.8318
34800	-73.5215
34801	-72.6746
34802	-72.7844
34803	-72.5565
34804	-72.2305
34805	-71.9254
34806	-70.2062
34807	-68.3061
34808	-67.2652
34809	-67.3373
34810	-66.5234
34811	-65.8696
34812	-66.8803
34813	-66.9468
34814	-66.881
34815	-67.0952
34816	-69.2661
34817	-70.8396
34818	-71.3482
34819	-71.9319
34820	-70.898
34821	-68.4964
34822	-65.7009
34823	-62.1528
34824	-62.3815
34825	-66.2956
34826	-69.5744
34827	-69.9735
34828	-69.3927
34829	-66.7052
34830	-63.896
34831	-61.9125
34832	-58.493
34833	-52.7194
34834	-49.3854
34835	-53.9176
34836	-59.0674
34837	-63.2743
34838	-65.8661
34839	-68.6282
34840	-70.0916
34841	-71.3748
34842	-70.9623
34843	-69.0901
34844	-65.6204
34845	-68.1134
34846	-72.013
34847	-73.3028
34848	-74.1838
34849	-74.3679
34850	-73.9413
34851	-73.7813
34852	-73.3608
34853	-72.5104
34854	-69.8278
34855	-68.9836
34856	-70.4527
34857	-69.1256
34858	-69.1743
34859	-71.4239
34860	-72.9868
34861	-72.359
34862	-72.4843
34863	-72.6601
34864	-71.8787
34865	-71.6889
34866	-72.3445
34867	-72.7727
34868	-72.0656
34869	-71.8937
34870	-71.1758
34871	-70.6922
34872	-69.4028
34873	-67.6926
34874	-67.5823
34875	-66.8028
34876	-64.8503
34877	-62.5576
34878	-61.1449
34879	-58.9866
34880	-56.5217
34881	-51.2779
34882	-41.5267
34883	-28.9454
34884	-25.3635
34885	-31.8477
34886	-43.5254
34887	-53.4341
34888	-57.3623
34889	-59.7519
34890	-62.0709
34891	-64.6324
34892	-65.9945
34893	-67.5895
34894	-67.4782
34895	-68.3719
34896	-69.0391
34897	-70.1114
34898	-71.3302
34899	-72.1927
34900	-71.9933
34901	-71.6097
34902	-71.9187
34903	-72.1652
34904	-72.294
34905	-73.0941
34906	-73.0772
34907	-72.2912
34908	-72.5531
34909	-73.217
34910	-71.1706
34911	-69.2809
34912	-70.9355
34913	-73.0898
34914	-73.1636
34915	-72.2741
34916	-73.3141
34917	-73.4276
34918	-74.1236
34919	-73.9879
34920	-74.299
34921	-73.3801
34922	-70.6887
34923	-66.9847
34924	-66.8779
34925	-70.5255
34926	-70.3248
34927	-69.8845
34928	-69.3205
34929	-67.1597
34930	-64.208
34931	-62.0332
34932	-58.7384
34933	-52.7273
34934	-49.589
34935	-54.3373
34936	-59.2616
34937	-63.454
34938	-65.8371
34939	-68.6164
34940	-69.8538
34941	-69.9849
34942	-68.9318
34943	-63.8301
34944	-60.1383
34945	-62.8795
34946	-67.1591
34947	-67.1071
34948	-69.4206
34949	-70.73
34950	-70.4732
34951	-68.9586
34952	-67.5697
34953	-65.0484
34954	-60.9768
34955	-58.5917
34956	-61.9973
34957	-59.5918
34958	-60.0033
34959	-64.94
34960	-68.3664
34961	-69.5446
34962	-69.9878
34963	-71.048
34964	-71.5628
34965	-71.1475
34966	-71.8474
34967	-72.1282
34968	-71.9067
34969	-72.8532
34970	-74.1438
34971	-74.5529
34972	-73.8536
34973	-74.3144
34974	-74.1127
34975	-73.6497
34976	-72.1898
34977	-70.0625
34978	-69.8421
34979	-69.942
34980	-70.3037
34981	-72.0902
34982	-72.0455
34983	-72.7902
34984	-72.7002
34985	-72.0095
34986	-72.6218
34987	-73.1096
34988	-73.525
34989	-73.8462
34990	-73.535
34991	-72.4297
34992	-72.2488
34993	-72.2437
34994	-71.6595
34995	-70.5931
34996	-70.1572
34997	-69.4431
34998	-68.0183
34999	-66.2645
35000	-62.3525
35001	-58.9903
35002	-59.4889
35003	-55.3619
35004	-47.3018
35005	-44.1855
35006	-48.519
35007	-44.8211
35008	-45.6738
35009	-53.6627
35010	-60.1773
35011	-63.0126
35012	-65.1643
35013	-67.3167
35014	-69.2377
35015	-69.7966
35016	-70.7617
35017	-70.6716
35018	-71.192
35019	-72.3119
35020	-73.1608
35021	-73.5787
35022	-74.0274
35023	-73.5378
35024	-73.7322
35025	-73.4903
35026	-73.0742
35027	-72.6046
35028	-71.6228
35029	-71.3155
35030	-70.9057
35031	-71.4735
35032	-69.2266
35033	-65.1919
35034	-63.1265
35035	-66.975
35036	-70.9217
35037	-72.4686
35038	-73.6775
35039	-75.0018
35040	-74.0949
35041	-73.9567
35042	-73.8279
35043	-73.9626
35044	-71.5907
35045	-71.5537
35046	-72.0185
35047	-71.405
35048	-71.7778
35049	-70.9678
35050	-69.51
35051	-68.7638
35052	-66.9644
35053	-64.2612
35054	-59.5581
35055	-56.962
35056	-60.4203
35057	-57.4525
35058	-58.3502
35059	-63.6154
35060	-67.9015
35061	-69.5903
35062	-70.6802
35063	-71.8987
35064	-71.1522
35065	-68.5332
35066	-68.5142
35067	-68.0108
35068	-67.2669
35069	-68.1498
35070	-69.6933
35071	-71.1157
35072	-71.8775
35073	-70.6887
35074	-69.3362
35075	-66.2926
35076	-61.2962
35077	-56.7058
35078	-57.7988
35079	-58.2156
35080	-57.4086
35081	-61.6686
35082	-65.2663
35083	-67.6643
35084	-69.1343
35085	-69.7245
35086	-71.2846
35087	-71.2403
35088	-71.1224
35089	-71.6498
35090	-71.3122
35091	-72.2394
35092	-73.863
35093	-74.005
35094	-73.9468
35095	-74.3236
35096	-74.2303
35097	-72.7768
35098	-72.2077
35099	-70.8037
35100	-65.6447
35101	-62.0355
35102	-66.8033
35103	-71.2239
35104	-71.4008
35105	-70.6518
35106	-71.4485
35107	-71.6731
35108	-73.1362
35109	-73.2988
35110	-73.6201
35111	-72.8727
35112	-73.5125
35113	-74.2674
35114	-73.8083
35115	-72.7229
35116	-71.6892
35117	-70.809
35118	-70.1705
35119	-70.4253
35120	-69.2083
35121	-68.6779
35122	-66.2987
35123	-64.1741
35124	-62.0096
35125	-57.7063
35126	-49.6527
35127	-43.0303
35128	-43.709
35129	-44.6602
35130	-44.1758
35131	-50.3775
35132	-57.498
35133	-59.447
35134	-59.6832
35135	-63.3971
35136	-66.4157
35137	-68.6602
35138	-69.4526
35139	-69.9726
35140	-70.8478
35141	-72.0444
35142	-72.1772
35143	-72.1681
35144	-72.5063
35145	-73.7232
35146	-74.0167
35147	-73.0725
35148	-72.8157
35149	-72.289
35150	-72.2229
35151	-72.8886
35152	-73.0744
35153	-72.0096
35154	-71.3916
35155	-70.2197
35156	-70.8823
35157	-69.7625
35158	-70.8128
35159	-72.9945
35160	-74.0081
35161	-74.2522
35162	-74.1867
35163	-74.1068
35164	-74.9386
35165	-73.784
35166	-72.3564
35167	-71.5841
35168	-71.8699
35169	-71.085
35170	-71.4642
35171	-71.3907
35172	-71.2016
35173	-70.2426
35174	-68.9953
35175	-66.9566
35176	-62.5682
35177	-58.473
35178	-59.5599
35179	-59.859
35180	-58.9205
35181	-62.8239
35182	-65.715
35183	-68.2645
35184	-69.5169
35185	-70.4323
35186	-69.9556
35187	-68.4483
35188	-66.6864
35189	-66.5155
35190	-60.8367
35191	-60.2778
35192	-66.588
35193	-69.8826
35194	-70.0211
35195	-69.6884
35196	-66.9536
35197	-64.5192
35198	-62.8035
35199	-59.1123
35200	-51.8844
35201	-48.6586
35202	-54.6487
35203	-61.2843
35204	-63.0528
35205	-64.7287
35206	-68.0624
35207	-70.0492
35208	-70.368
35209	-71.1134
35210	-70.0309
35211	-65.4363
35212	-67.875
35213	-72.2436
35214	-73.7645
35215	-74.4059
35216	-74.366
35217	-73.5345
35218	-73.3791
35219	-73.0678
35220	-72.3754
35221	-72.9073
35222	-72.3512
35223	-71.0444
35224	-70.4817
35225	-71.7343
35226	-72.9768
35227	-72.5686
35228	-72.4735
35229	-73.2117
35230	-73.0314
35231	-72.0016
35232	-72.1769
35233	-71.8029
35234	-72.1122
35235	-71.8968
35236	-72.1833
35237	-70.8618
35238	-69.4671
35239	-68.8572
35240	-67.9413
35241	-67.2719
35242	-67.1871
35243	-65.4572
35244	-63.151
35245	-61.4193
35246	-58.8095
35247	-56.3111
35248	-52.4189
35249	-36.5777
35250	-22.2607
35251	-19.0212
35252	-25.2895
35253	-43.2973
35254	-54.4833
35255	-57.1516
35256	-59.8997
35257	-62.1387
35258	-63.6746
35259	-65.796
35260	-67.2812
35261	-67.4496
35262	-68.4528
35263	-69.8499
35264	-70.7843
35265	-71.4015
35266	-72.1465
35267	-72.426
35268	-72.7831
35269	-72.4287
35270	-71.5369
35271	-72.1381
35272	-72.709
35273	-72.3299
35274	-72.3076
35275	-72.4805
35276	-70.5425
35277	-68.5501
35278	-69.0695
35279	-69.578
35280	-69.0897
35281	-70.9485
35282	-72.6718
35283	-73.3101
35284	-73.5428
35285	-73.8485
35286	-74.33
35287	-73.643
35288	-72.9324
35289	-71.7396
35290	-66.316
35291	-65.876
35292	-70.6571
35293	-71.2832
35294	-70.8348
35295	-69.1776
35296	-67.2247
35297	-64.0727
35298	-62.55
35299	-58.8876
35300	-51.4139
35301	-48.432
35302	-54.5281
35303	-61.0694
35304	-62.7432
35305	-64.4112
35306	-67.805
35307	-69.9861
35308	-70.2999
35309	-69.2699
35310	-65.7096
35311	-60.5167
35312	-63.1648
35313	-68.1529
35314	-70.1997
35315	-71.6385
35316	-71.4187
35317	-71.1635
35318	-70.6198
35319	-68.3934
35320	-66.6842
35321	-66.874
35322	-67.502
35323	-69.6808
35324	-68.1865
35325	-67.2191
35326	-67.5567
35327	-67.9807
35328	-68.764
35329	-70.7746
35330	-71.8525
35331	-72.3545
35332	-72.2803
35333	-72.9561
35334	-73.2072
35335	-73.8491
35336	-73.697
35337	-74.2073
35338	-74.3197
35339	-74.1872
35340	-73.8348
35341	-74.5464
35342	-73.834
35343	-71.5704
35344	-68.3335
35345	-67.8561
35346	-68.7279
35347	-67.0421
35348	-69.1535
35349	-71.6617
35350	-72.0859
35351	-71.9757
35352	-72.1258
35353	-73.2065
35354	-73.5542
35355	-73.8947
35356	-75.0212
35357	-74.1827
35358	-73.6406
35359	-73.7198
35360	-73.393
35361	-73.8197
35362	-72.6124
35363	-71.5691
35364	-71.5766
35365	-70.5317
35366	-67.166
35367	-64.3138
35368	-62.8795
35369	-61.6463
35370	-60.6366
35371	-57.9807
35372	-53.2547
35373	-46.1307
35374	-46.4838
35375	-52.9977
35376	-59.9236
35377	-62.2922
35378	-64.1031
35379	-65.5205
35380	-67.2366
35381	-69.7021
35382	-71.3627
35383	-72.0126
35384	-71.2036
35385	-71.8372
35386	-73.418
35387	-73.6786
35388	-74.5161
35389	-75.6248
35390	-73.5621
35391	-73.9214
35392	-75.2384
35393	-74.7787
35394	-72.6316
35395	-71.2952
35396	-71.5411
35397	-70.6528
35398	-71.6547
35399	-70.1145
35400	-65.1327
35401	-62.7336
35402	-68.463
35403	-71.8644
35404	-71.8235
35405	-73.0063
35406	-73.6986
35407	-74.5727
35408	-74.6319
35409	-74.3974
35410	-74.3985
35411	-73.8899
35412	-73.4851
35413	-73.2813
35414	-73.8107
35415	-72.3675
35416	-71.1338
35417	-70.7007
35418	-69.6315
35419	-68.1533
35420	-66.2898
35421	-66.2579
35422	-64.8829
35423	-63.4149
35424	-63.075
35425	-64.9423
35426	-66.8312
35427	-67.6737
35428	-69.8356
35429	-70.998
35430	-72.0667
35431	-72.2314
35432	-72.447
35433	-68.0332
35434	-65.1376
35435	-66.7108
35436	-65.7399
35437	-65.587
35438	-69.5572
35439	-70.5774
35440	-69.2906
35441	-68.5847
35442	-66.0805
35443	-60.7688
35444	-55.1521
35445	-55.3987
35446	-55.9417
35447	-53.5667
35448	-57.3218
35449	-63.1241
35450	-66.9868
35451	-68.6144
35452	-69.9387
35453	-70.9625
35454	-71.0194
35455	-69.6447
35456	-69.8809
35457	-68.4296
35458	-70.5875
35459	-73.4657
35460	-73.7325
35461	-73.7981
35462	-74.2382
35463	-74.3772
35464	-73.6989
35465	-71.9458
35466	-68.9506
35467	-66.7373
35468	-67.3028
35469	-67.3651
35470	-68.6681
35471	-71.2242
35472	-72.2768
35473	-72.1989
35474	-72.1153
35475	-72.1047
35476	-72.6099
35477	-72.2524
35478	-72.6292
35479	-73.2461
35480	-72.6756
35481	-72.0766
35482	-71.8673
35483	-71.1189
35484	-70.0607
35485	-69.5094
35486	-68.7594
35487	-67.7811
35488	-66.2719
35489	-64.194
35490	-61.8526
35491	-60.1236
35492	-56.799
35493	-49.7473
35494	-41.8306
35495	-42.4038
35496	-41.4832
35497	-39.818
35498	-43.8318
35499	-52.6448
35500	-57.6439
35501	-58.7871
35502	-62.6032
35503	-65.1606
35504	-66.7926
35505	-67.8335
35506	-69.188
35507	-68.581
35508	-69.3573
35509	-70.3015
35510	-71.6012
35511	-72.3755
35512	-72.3218
35513	-72.2696
35514	-72.8145
35515	-72.6841
35516	-72.6745
35517	-72.4971
35518	-73.1002
35519	-72.521
35520	-72.8416
35521	-73.2509
35522	-72.3544
35523	-70.8149
35524	-71.3538
35525	-72.5422
35526	-73.2535
35527	-74.0497
35528	-73.1956
35529	-73.9852
35530	-74.4207
35531	-74.096
35532	-73.8729
35533	-72.589
35534	-69.9801
35535	-70.0231
35536	-69.9179
35537	-69.9009
35538	-70.4606
35539	-70.0813
35540	-69.1546
35541	-68.6859
35542	-66.6912
35543	-61.4107
35544	-56.1292
35545	-56.2769
35546	-56.2887
35547	-54.3424
35548	-58.0543
35549	-63.664
35550	-67.1261
35551	-69.1386
35552	-70.5181
35553	-70.0811
35554	-67.3194
35555	-64.3043
35556	-63.1853
35557	-64.0658
35558	-62.4812
35559	-65.105
35560	-68.787
35561	-70.4556
35562	-70.601
35563	-69.1667
35564	-66.4495
35565	-63.379
35566	-57.8494
35567	-55.1535
35568	-55.2731
35569	-57.1262
35570	-58.4957
35571	-63.4691
35572	-67.5272
35573	-68.8679
35574	-69.4325
35575	-70.0729
35576	-70.6082
35577	-70.3357
35578	-69.8259
35579	-69.6743
35580	-71.3215
35581	-73.6091
35582	-74.0924
35583	-74.2805
35584	-74.1816
35585	-73.2722
35586	-73.0539
35587	-73.6962
35588	-73.3046
35589	-72.3748
35590	-70.7073
35591	-70.7859
35592	-72.7814
35593	-73.3552
35594	-72.5981
35595	-72.1343
35596	-72.5087
35597	-72.482
35598	-72.9194
35599	-72.8081
35600	-72.7699
35601	-72.2673
35602	-72.6701
35603	-72.5063
35604	-71.543
35605	-70.1377
35606	-68.8697
35607	-68.7489
35608	-69.3259
35609	-68.0667
35610	-66.8695
35611	-65.0733
35612	-61.9312
35613	-59.0006
35614	-57.4975
35615	-52.0886
35616	-42.8629
35617	-39.8973
35618	-37.6883
35619	-42.2099
35620	-43.9371
35621	-52.5491
35622	-58.6286
35623	-60.9831
35624	-62.6561
35625	-64.844
35626	-66.6553
35627	-68.5028
35628	-69.1347
35629	-69.831
35630	-70.3145
35631	-71.8504
35632	-72.3443
35633	-72.6208
35634	-72.8059
35635	-73.6657
35636	-72.6895
35637	-72.2458
35638	-72.7447
35639	-72.3164
35640	-71.8693
35641	-72.1315
35642	-71.9612
35643	-70.3595
35644	-67.1985
35645	-67.2795
35646	-67.8908
35647	-66.5561
35648	-68.8349
35649	-72.225
35650	-73.7287
35651	-74.4476
35652	-74.3211
35653	-73.8202
35654	-73.8501
35655	-73.1115
35656	-70.4643
35657	-68.7314
35658	-69.1952
35659	-70.4118
35660	-71.6116
35661	-71.1037
35662	-70.0146
35663	-68.1294
35664	-66.2613
35665	-62.7398
35666	-56.9835
35667	-54.2877
35668	-54.5565
35669	-56.1163
35670	-57.4241
35671	-62.4434
35672	-66.849
35673	-68.487
35674	-69.7374
35675	-70.5836
35676	-69.3779
35677	-66.0254
35678	-66.3446
35679	-66.3631
35680	-66.523
35681	-69.7087
35682	-72.913
35683	-72.2636
35684	-71.7032
35685	-71.1028
35686	-69.2198
35687	-67.346
35688	-66.7755
35689	-63.579
35690	-59.0284
35691	-59.8076
35692	-64.5488
35693	-66.1021
35694	-66.1885
35695	-67.6445
35696	-70.0169
35697	-70.6976
35698	-71.4722
35699	-72.7178
35700	-73.0483
35701	-72.725
35702	-73.6343
35703	-73.9405
35704	-73.9266
35705	-74.3569
35706	-74.4229
35707	-74.1467
35708	-73.9864
35709	-73.5611
35710	-71.4662
35711	-70.4666
35712	-67.413
35713	-63.4986
35714	-65.9984
35715	-69.5014
35716	-71.3669
35717	-71.0987
35718	-71.397
35719	-71.3611
35720	-73.3056
35721	-74.826
35722	-75.224
35723	-73.5558
35724	-73.636
35725	-74.9887
35726	-74.5993
35727	-73.7821
35728	-73.2846
35729	-71.7621
35730	-71.2473
35731	-71.8319
35732	-70.8461
35733	-68.8196
35734	-67.0278
35735	-65.5582
35736	-63.0229
35737	-61.3407
35738	-56.7217
35739	-42.2803
35740	-32.9901
35741	-33.5343
35742	-44.4287
35743	-57.6688
35744	-60.4169
35745	-61.2762
35746	-63.6127
35747	-64.1749
35748	-67.1013
35749	-70.6708
35750	-71.4272
35751	-71.3297
35752	-72.0687
35753	-73.3546
35754	-73.2211
35755	-73.6773
35756	-73.5852
35757	-74.3325
35758	-74.7898
35759	-73.6229
35760	-73.3578
35761	-73.3767
35762	-71.7299
35763	-72.0357
35764	-72.129
35765	-71.7308
35766	-69.2086
35767	-67.5726
35768	-68.4298
35769	-68.3581
35770	-69.7638
35771	-72.1395
35772	-73.8274
35773	-74.2409
35774	-73.8548
35775	-74.4519
35776	-74.528
35777	-74.2253
35778	-73.8413
35779	-73.6364
35780	-72.42
35781	-72.6257
35782	-72.4938
35783	-72.1154
35784	-72.2044
35785	-70.6062
35786	-68.6784
35787	-67.3311
35788	-67.2623
35789	-65.8703
35790	-63.8334
35791	-64.7087
35792	-66.4623
35793	-66.7296
35794	-66.8118
35795	-68.4423
35796	-70.3944
35797	-71.222
35798	-71.6781
35799	-70.8322
35800	-68.936
35801	-66.0187
35802	-62.7995
35803	-61.6054
35804	-65.6069
35805	-69.1108
35806	-69.8607
35807	-69.698
35808	-67.3378
35809	-64.3794
35810	-62.4384
35811	-59.1324
35812	-54.2019
35813	-49.2736
35814	-52.8398
35815	-57.9379
35816	-62.9149
35817	-65.2457
35818	-68.3401
35819	-69.799
35820	-71.3075
35821	-71.1462
35822	-69.8844
35823	-65.9489
35824	-67.2464
35825	-71.4155
35826	-72.9126
35827	-73.8918
35828	-74.358
35829	-73.9917
35830	-73.8633
35831	-73.2951
35832	-72.7934
35833	-70.6664
35834	-69.1174
35835	-70.6751
35836	-69.6597
35837	-69.2566
35838	-71.168
35839	-72.9022
35840	-72.6755
35841	-72.2419
35842	-72.7715
35843	-72.01
35844	-71.6561
35845	-72.0943
35846	-73.0385
35847	-72.0986
35848	-71.7533
35849	-71.1281
35850	-70.7063
35851	-69.5063
35852	-67.8306
35853	-67.5004
35854	-66.9956
35855	-65.2426
35856	-62.8517
35857	-61.3493
35858	-59.232
35859	-56.8275
35860	-52.7916
35861	-42.9912
35862	-30.6173
35863	-25.0536
35864	-29.5271
35865	-41.373
35866	-52.4022
35867	-56.7651
35868	-59.2703
35869	-61.7487
35870	-64.3333
35871	-66.0862
35872	-67.2917
35873	-67.4347
35874	-68.1399
35875	-68.7877
35876	-69.7356
35877	-71.2952
35878	-72.3588
35879	-72.0582
35880	-71.6519
35881	-71.6925
35882	-72.1529
35883	-72.1653
35884	-72.9987
35885	-73.2105
35886	-72.5037
35887	-72.2929
35888	-73.1591
35889	-71.479
35890	-69.1149
35891	-70.0506
35892	-72.687
35893	-73.1083
35894	-72.2523
35895	-72.9766
35896	-73.6512
35897	-73.8048
35898	-74.0193
35899	-74.2182
35900	-73.4736
35901	-71.1351
35902	-67.451
35903	-66.3489
35904	-69.9484
35905	-70.7288
35906	-69.9205
35907	-69.3787
35908	-67.5841
35909	-64.4231
35910	-62.8184
35911	-59.2906
35912	-54.0607
35913	-49.3712
35914	-53.2531
35915	-58.156
35916	-62.945
35917	-65.3333
35918	-68.011
35919	-69.9554
35920	-69.9424
35921	-69.379
35922	-65.0496
35923	-60.4284
35924	-61.9809
35925	-66.9892
35926	-67.4499
35927	-69.3471
35928	-70.7678
35929	-70.6238
35930	-69.3395
35931	-68.1706
35932	-65.891
35933	-62.4011
35934	-59.3956
35935	-61.9305
35936	-61.0827
35937	-60.2728
35938	-64.4843
35939	-68.3627
35940	-69.2783
35941	-69.781
35942	-70.9249
35943	-71.5987
35944	-71.4326
35945	-71.6078
35946	-72.5658
35947	-71.9658
35948	-72.7163
35949	-73.8404
35950	-74.7674
35951	-73.9386
35952	-74.1866
35953	-74.1118
35954	-73.6733
35955	-72.4744
35956	-70.1921
35957	-69.268
35958	-69.8487
35959	-69.7801
35960	-71.4793
35961	-71.9974
35962	-72.534
35963	-72.6994
35964	-72.0065
35965	-72.3963
35966	-73.2478
35967	-73.5658
35968	-74.1927
35969	-73.7552
35970	-72.6392
35971	-72.3304
35972	-72.6053
35973	-71.9455
35974	-70.97
35975	-70.3302
35976	-69.985
35977	-68.6576
35978	-66.9736
35979	-63.394
35980	-59.2895
35981	-59.8301
35982	-56.997
35983	-49.4286
35984	-44.7624
35985	-48.6701
35986	-46.3631
35987	-45.6029
35988	-52.8386
35989	-59.6236
35990	-63.0984
35991	-64.8987
35992	-67.0634
35993	-69.2563
35994	-69.8921
35995	-70.6929
35996	-70.9382
35997	-71.3241
35998	-72.2089
35999	-73.1624
36000	-73.6897
36001	-74.2224
36002	-73.6069
36003	-73.8089
36004	-73.7245
36005	-72.958
36006	-72.9286
36007	-71.697
36008	-71.5124
36009	-71.0088
36010	-71.4388
36011	-69.8289
36012	-66.2073
36013	-62.9174
36014	-66.3232
36015	-70.2543
36016	-72.2966
36017	-73.3905
36018	-74.8622
36019	-74.2445
36020	-74.1134
36021	-73.8654
36022	-74.0103
36023	-72.1223
36024	-71.7458
36025	-72.2284
36026	-71.5656
36027	-71.8097
36028	-71.5093
36029	-69.7437
36030	-68.8647
36031	-67.3846
36032	-65.0807
36033	-60.8838
36034	-57.5653
36035	-60.2513
36036	-58.7077
36037	-58.2731
36038	-62.9391
36039	-67.3875
36040	-69.5445
36041	-70.4546
36042	-72.0012
36043	-71.5949
36044	-69.3902
36045	-68.6992
36046	-67.4856
36047	-67.2076
36048	-67.9034
36049	-68.662
36050	-71.2901
36051	-71.5891
36052	-70.7629
36053	-69.5402
36054	-66.8156
36055	-62.1982
36056	-56.735
36057	-56.8127
36058	-58.1045
36059	-56.6705
36060	-60.3923
36061	-64.6118
36062	-66.9776
36063	-68.9428
36064	-69.5115
36065	-70.8366
36066	-71.3609
36067	-70.7341
36068	-71.3909
36069	-71.0835
36070	-71.709
36071	-73.8075
36072	-73.7792
36073	-74.0904
36074	-74.4194
36075	-74.897
36076	-73.0406
36077	-72.2597
36078	-71.3681
36079	-67.0348
36080	-62.0882
36081	-65.5693
36082	-70.8518
36083	-71.4949
36084	-70.7211
36085	-71.274
36086	-71.8073
36087	-72.9236
36088	-73.24
36089	-73.5192
36090	-73.0467
36091	-73.2415
36092	-73.9257
36093	-73.6938
36094	-72.6226
36095	-71.6893
36096	-70.7068
36097	-69.9786
36098	-70.3803
36099	-69.1706
36100	-68.7222
36101	-66.5686
36102	-64.3245
36103	-61.9907
36104	-58.2016
36105	-50.9854
36106	-43.0133
36107	-43.6368
36108	-42.9659
36109	-43.5484
36110	-48.1567
36111	-56.1398
36112	-59.1396
36113	-59.2944
36114	-62.4966
36115	-65.5753
36116	-68.049
36117	-69.1507
36118	-69.6075
36119	-70.2753
36120	-71.5327
36121	-72.1438
36122	-71.9228
36123	-72.2271
36124	-73.2341
36125	-73.996
36126	-73.3056
36127	-72.8372
36128	-72.2585
36129	-72.3056
36130	-72.8771
36131	-72.9888
36132	-72.4219
36133	-72.0268
36134	-70.6037
36135	-71.0167
36136	-70.067
36137	-70.9526
36138	-72.7066
36139	-73.8708
36140	-74.3947
36141	-74.2566
36142	-73.9945
36143	-74.9445
36144	-74.0725
36145	-72.5216
36146	-71.4159
36147	-71.5844
36148	-71.1434
36149	-71.0107
36150	-71.4693
36151	-71.2019
36152	-70.357
36153	-69.2459
36154	-67.3774
36155	-63.511
36156	-58.1183
36157	-58.3347
36158	-59.7985
36159	-58.0092
36160	-61.4834
36161	-65.1501
36162	-67.5722
36163	-69.2863
36164	-70.414
36165	-70.1699
36166	-68.6571
36167	-66.3876
36168	-66.8799
36169	-61.9399
36170	-59.7913
36171	-65.151
36172	-69.5329
36173	-70.1626
36174	-69.7291
36175	-67.6425
36176	-64.9756
36177	-63.333
36178	-60.1417
36179	-53.6963
36180	-48.7278
36181	-52.9179
36182	-60.9619
36183	-62.8631
36184	-64.5069
36185	-67.6003
36186	-70.0692
36187	-70.4099
36188	-70.7247
36189	-70.6029
36190	-65.9697
36191	-66.9145
36192	-71.6877
36193	-73.6516
36194	-74.3816
36195	-74.1687
36196	-73.9537
36197	-73.1539
36198	-73.2253
36199	-72.37
36200	-72.9455
36201	-72.7753
36202	-71.5403
36203	-70.5964
36204	-71.4531
36205	-72.9551
36206	-72.813
36207	-72.4289
36208	-73.0093
36209	-73.1595
36210	-72.0691
36211	-72.3714
36212	-71.867
36213	-72.1884
36214	-72.0758
36215	-72.1975
36216	-71.3779
36217	-69.7691
36218	-68.9402
36219	-68.1875
36220	-67.2317
36221	-67.3811
36222	-65.6862
36223	-63.6364
36224	-61.5502
36225	-59.3635
36226	-57.2087
36227	-53.6649
36228	-40.9175
36229	-24.3535
36230	-19.2788
36231	-23.6559
36232	-39.4304
36233	-53.776
36234	-56.8671
36235	-59.4166
36236	-62.072
36237	-63.4103
36238	-65.5868
36239	-67.1225
36240	-67.5087
36241	-68.2478
36242	-69.7597
36243	-70.8345
36244	-71.4705
36245	-72.2829
36246	-72.5539
36247	-72.8635
36248	-72.4841
36249	-71.7066
36250	-72.0736
36251	-72.5933
36252	-72.4669
36253	-72.1347
36254	-72.7056
36255	-70.9166
36256	-68.5283
36257	-68.6464
36258	-69.6037
36259	-68.781
36260	-70.3479
36261	-72.5431
36262	-73.2779
36263	-73.7541
36264	-73.8105
36265	-74.4071
36266	-73.8594
36267	-73.0369
36268	-72.3997
36269	-67.3421
36270	-65.39
36271	-69.9433
36272	-71.354
36273	-71.065
36274	-69.4672
36275	-67.6937
36276	-64.7015
36277	-62.8177
36278	-60.0058
36279	-53.058
36280	-48.3945
36281	-52.7614
36282	-60.495
36283	-62.6381
36284	-64.1493
36285	-67.2824
36286	-69.8947
36287	-70.2389
36288	-69.6907
36289	-66.9007
36290	-61.0851
36291	-62.3728
36292	-67.6971
36293	-70.4647
36294	-71.6169
36295	-71.6043
36296	-71.3985
36297	-70.7461
36298	-68.9965
36299	-67.104
36300	-67.0233
36301	-67.4159
36302	-69.6862
36303	-69.2281
36304	-67.0294
36305	-67.5391
36306	-67.7904
36307	-68.5773
36308	-70.1725
36309	-71.7708
36310	-72.0956
36311	-72.4518
36312	-73.0873
36313	-73.0679
36314	-73.8417
36315	-73.6871
36316	-74.1458
36317	-74.3572
36318	-74.3323
36319	-73.8645
36320	-74.3737
36321	-74.1478
36322	-71.6976
36323	-68.737
36324	-67.2978
36325	-68.7314
36326	-66.8411
36327	-68.7107
36328	-71.2773
36329	-72.046
36330	-71.835
36331	-72.1631
36332	-73.1407
36333	-73.6335
36334	-73.7461
36335	-74.935
36336	-74.3157
36337	-73.9586
36338	-73.8966
36339	-73.5478
36340	-73.9772
36341	-72.9357
36342	-71.7263
36343	-71.6811
36344	-71.2576
36345	-68.0361
36346	-65.0386
36347	-63.4055
36348	-62.1385
36349	-61.2532
36350	-59.8665
36351	-56.315
36352	-52.9452
36353	-51.5078
36354	-55.9727
36355	-60.5416
36356	-62.351
36357	-63.6126
36358	-65.2476
36359	-66.481
36360	-69.084
36361	-71.2065
36362	-72.2494
36363	-71.3955
36364	-71.7629
36365	-73.2085
36366	-73.71
36367	-74.2435
36368	-75.6158
36369	-73.913
36370	-73.7356
36371	-75.1112
36372	-74.7461
36373	-73.3466
36374	-71.3021
36375	-71.6839
36376	-70.731
36377	-71.653
36378	-70.6964
36379	-66.5193
36380	-62.688
36381	-67.1005
36382	-71.6298
36383	-71.8123
36384	-73.0003
36385	-73.6553
36386	-74.2849
36387	-74.4053
36388	-74.4168
36389	-74.547
36390	-73.9794
36391	-73.5645
36392	-73.2911
36393	-73.7544
36394	-72.6731
36395	-71.2539
36396	-70.9663
36397	-70.0095
36398	-68.5526
36399	-66.5576
36400	-66.3392
36401	-65.6532
36402	-65.1871
36403	-64.6612
36404	-65.5486
36405	-67.093
36406	-67.4374
36407	-69.4299
36408	-70.6216
36409	-71.9706
36410	-72.1078
36411	-72.7523
36412	-68.6843
36413	-65.2512
36414	-65.9159
36415	-66.1045
36416	-64.9192
36417	-68.5677
36418	-70.6389
36419	-69.5904
36420	-68.766
36421	-66.7502
36422	-61.8073
36423	-55.8185
36424	-54.5185
36425	-55.9216
36426	-53.5158
36427	-55.9424
36428	-62.0438
36429	-66.5887
36430	-68.3369
36431	-69.7001
36432	-70.9037
36433	-71.1123
36434	-69.5299
36435	-69.7285
36436	-68.5185
36437	-69.6455
36438	-73.0256
36439	-73.737
36440	-73.8139
36441	-74.0736
36442	-74.5034
36443	-74.2688
36444	-72.3136
36445	-69.6767
36446	-67.1075
36447	-67.339
36448	-67.6739
36449	-68.3082
36450	-70.9524
36451	-72.3826
36452	-72.5501
36453	-72.1075
36454	-72.2833
36455	-72.2337
36456	-72.1955
36457	-72.4555
36458	-73.121
36459	-72.7936
36460	-72.0422
36461	-71.5452
36462	-71.2742
36463	-70.113
36464	-69.2872
36465	-68.7932
36466	-68.0073
36467	-66.5933
36468	-64.5137
36469	-62.1837
36470	-60.2255
36471	-57.5668
36472	-51.1989
36473	-42.5424
36474	-41.42
36475	-41.0423
36476	-39.68
36477	-42.1591
36478	-50.8363
36479	-57.2497
36480	-58.332
36481	-61.8727
36482	-64.7946
36483	-66.4884
36484	-67.5983
36485	-68.9379
36486	-68.4057
36487	-69.0697
36488	-70.0059
36489	-71.3277
36490	-72.2032
36491	-72.1481
36492	-71.983
36493	-72.4416
36494	-72.6208
36495	-72.7038
36496	-72.478
36497	-73.0897
36498	-72.7312
36499	-72.4592
36500	-73.163
36501	-72.7903
36502	-71.1056
36503	-71.0504
36504	-72.2781
36505	-73.1392
36506	-73.7345
36507	-73.2662
36508	-73.6287
36509	-74.4454
36510	-74.1558
36511	-73.9333
36512	-72.9562
36513	-70.1917
36514	-69.8041
36515	-69.9051
36516	-69.4929
36517	-70.5807
36518	-69.9359
36519	-69.2184
36520	-68.7493
36521	-67.1333
36522	-62.499
36523	-56.6486
36524	-55.3394
36525	-56.189
36526	-54.0411
36527	-56.6733
36528	-62.5968
36529	-66.6172
36530	-68.7283
36531	-70.3512
36532	-70.1592
36533	-67.8542
36534	-64.6494
36535	-63.2827
36536	-63.9587
36537	-62.4552
36538	-64.8271
36539	-68.298
36540	-70.4078
36541	-70.5475
36542	-69.3331
36543	-67.1171
36544	-64.3884
36545	-59.3186
36546	-55.6244
36547	-55.8145
36548	-57.4905
36549	-58.1253
36550	-62.6001
36551	-67.2546
36552	-68.767
36553	-69.285
36554	-70.2368
36555	-70.678
36556	-70.694
36557	-70.1182
36558	-69.7329
36559	-71.0159
36560	-73.2552
36561	-74.17
36562	-74.2444
36563	-74.2084
36564	-73.6274
36565	-72.9995
36566	-73.719
36567	-73.2937
36568	-72.5765
36569	-70.8338
36570	-70.3775
36571	-72.3873
36572	-73.3694
36573	-72.9185
36574	-72.1954
36575	-72.4449
36576	-72.4706
36577	-72.9587
36578	-72.865
36579	-72.9931
36580	-72.5769
36581	-72.6781
36582	-72.6929
36583	-71.8683
36584	-70.5131
36585	-69.3051
36586	-68.9185
36587	-69.4032
36588	-68.4019
36589	-67.1382
36590	-65.6939
36591	-62.7173
36592	-59.5329
36593	-58.2035
36594	-54.005
36595	-44.8156
36596	-40.0709
36597	-38.3418
36598	-41.3495
36599	-43.4151
36600	-51.1671
36601	-58.1196
36602	-61.0809
36603	-62.4795
36604	-64.5875
36605	-66.5859
36606	-68.2793
36607	-69.104
36608	-69.9578
36609	-70.3533
36610	-71.6855
36611	-72.5491
36612	-72.6044
36613	-72.7913
36614	-73.6437
36615	-73.1839
36616	-72.3305
36617	-72.7388
36618	-72.3892
36619	-72.156
36620	-71.8433
36621	-71.9235
36622	-70.7633
36623	-67.7056
36624	-66.7373
36625	-68.0166
36626	-66.3106
36627	-67.9787
36628	-71.7712
36629	-73.7616
36630	-74.2756
36631	-74.5022
36632	-73.9454
36633	-73.8853
36634	-73.3935
36635	-71.429
36636	-68.954
36637	-69.2806
36638	-70.2834
36639	-71.3646
36640	-71.1729
36641	-70.1154
36642	-68.434
36643	-66.5636
36644	-63.7617
36645	-58.1571
36646	-54.5371
36647	-55.0054
36648	-56.741
36649	-57.0423
36650	-61.5191
36651	-66.3249
36652	-68.5322
36653	-69.6981
36654	-70.6171
36655	-70.1648
36656	-66.8801
36657	-66.3479
36658	-66.8294
36659	-66.3514
36660	-68.8164
36661	-72.5032
36662	-72.0598
36663	-71.9542
36664	-71.4028
36665	-69.6985
36666	-67.6335
36667	-66.5832
36668	-64.084
36669	-58.6757
36670	-57.8266
36671	-63.0321
36672	-65.9872
36673	-66.0051
36674	-66.9987
36675	-69.7083
36676	-70.5536
36677	-71.3492
36678	-72.2683
36679	-72.9262
36680	-72.246
36681	-73.071
36682	-73.8879
36683	-73.8257
36684	-74.2198
36685	-74.4451
36686	-74.2259
36687	-73.992
36688	-73.7089
36689	-71.5191
36690	-70.899
36691	-68.2366
36692	-63.6415
36693	-65.1957
36694	-68.7683
36695	-71.3378
36696	-70.894
36697	-71.3031
36698	-71.405
36699	-72.6202
36700	-74.843
36701	-75.106
36702	-73.7762
36703	-73.3491
36704	-74.7038
36705	-74.9439
36706	-73.6442
36707	-73.426
36708	-71.9288
36709	-71.1452
36710	-71.5917
36711	-71.0682
36712	-69.2683
36713	-67.6095
36714	-65.9861
36715	-63.6652
36716	-61.4962
36717	-57.8913
36718	-44.006
36719	-32.4833
36720	-31.2563
36721	-39.8976
36722	-54.5858
36723	-59.9259
36724	-60.5903
36725	-62.9211
36726	-63.8171
36727	-66.2331
36728	-69.9037
36729	-71.2006
36730	-70.8659
36731	-71.6877
36732	-72.8455
36733	-73.1294
36734	-73.2886
36735	-73.498
36736	-74.1508
36737	-74.6157
36738	-73.7886
36739	-73.153
36740	-73.3651
36741	-72.0458
36742	-72.0799
36743	-72.1212
36744	-71.903
36745	-69.7623
36746	-68.1039
36747	-68.3921
36748	-68.7685
36749	-69.4405
36750	-71.7319
36751	-73.5928
36752	-74.5155
36753	-73.9578
36754	-74.1827
36755	-74.5964
36756	-74.4399
36757	-73.9446
36758	-73.4655
36759	-72.3202
36760	-72.1561
36761	-72.5692
36762	-72.1303
36763	-72.4083
36764	-71.0522
36765	-69.0466
36766	-67.4417
36767	-67.2621
36768	-65.6235
36769	-62.4685
36770	-62.1907
36771	-65.3934
36772	-66.7151
36773	-66.3855
36774	-67.7371
36775	-69.997
36776	-70.9729
36777	-71.3918
36778	-70.8448
36779	-68.8064
36780	-66.2045
36781	-63.6093
36782	-61.1403
36783	-64.7913
36784	-68.4981
36785	-69.7877
36786	-69.8416
36787	-67.8579
36788	-64.755
36789	-62.5855
36790	-59.6575
36791	-55.512
36792	-49.5104
36793	-51.6472
36794	-57.0328
36795	-62.5163
36796	-64.5855
36797	-67.7237
36798	-69.5573
36799	-71.0785
36800	-71.1634
36801	-70.3687
36802	-66.6165
36803	-66.444
36804	-70.4388
36805	-72.6115
36806	-73.6012
36807	-74.5203
36808	-74.1175
36809	-73.7684
36810	-73.3761
36811	-73.0209
36812	-71.5457
36813	-69.4207
36814	-70.6308
36815	-70.5224
36816	-69.4175
36817	-70.8805
36818	-72.7976
36819	-72.9008
36820	-72.165
36821	-72.8183
36822	-72.172
36823	-71.5527
36824	-71.9889
36825	-72.8504
36826	-72.2514
36827	-71.7245
36828	-71.1233
36829	-70.6473
36830	-69.7645
36831	-68.0966
36832	-67.4735
36833	-67.0455
36834	-65.5813
36835	-63.2342
36836	-61.3958
36837	-59.6096
36838	-57.2279
36839	-53.679
36840	-44.6444
36841	-32.451
36842	-25.1119
36843	-27.6667
36844	-39.4729
36845	-50.9334
36846	-56.0612
36847	-58.8417
36848	-61.4041
36849	-63.6789
36850	-65.7683
36851	-66.9961
36852	-67.4997
36853	-67.9087
36854	-68.5021
36855	-69.4475
36856	-71.0982
36857	-72.1784
36858	-72.276
36859	-71.7132
36860	-71.6436
36861	-72.0807
36862	-72.2758
36863	-72.7956
36864	-73.4139
36865	-72.716
36866	-72.087
36867	-73.2609
36868	-71.9074
36869	-69.1779
36870	-69.1667
36871	-72.117
36872	-72.9344
36873	-72.4266
36874	-72.7158
36875	-73.7374
36876	-73.6273
36877	-74.2029
36878	-74.097
36879	-73.6243
36880	-71.6801
36881	-68.1872
36882	-66.0721
36883	-69.0892
36884	-70.9064
36885	-70.0397
36886	-69.317
36887	-67.9723
36888	-64.6483
36889	-62.995
36890	-59.8592
36891	-55.3321
36892	-49.5086
36893	-51.9216
36894	-57.2384
36895	-62.3289
36896	-64.7886
36897	-67.4347
36898	-69.7652
36899	-69.9137
36900	-69.8099
36901	-66.2319
36902	-60.9637
36903	-61.0472
36904	-66.3531
36905	-67.6889
36906	-69.0597
36907	-70.9157
36908	-70.8168
36909	-69.7545
36910	-68.5772
36911	-66.6208
36912	-63.8686
36913	-60.3001
36914	-61.7719
36915	-62.7599
36916	-61.0088
36917	-63.9606
36918	-68.0899
36919	-69.1689
36920	-69.7994
36921	-70.7404
36922	-71.621
36923	-71.7276
36924	-71.6666
36925	-72.7973
36926	-72.1916
36927	-72.7693
36928	-73.5477
36929	-74.6747
36930	-73.982
36931	-74.0293
36932	-73.9873
36933	-73.7115
36934	-72.9016
36935	-70.3245
36936	-68.8357
36937	-69.5912
36938	-69.3823
36939	-70.9955
36940	-71.9552
36941	-72.4348
36942	-72.5348
36943	-72.0376
36944	-72.2665
36945	-73.3346
36946	-73.3592
36947	-74.4976
36948	-74.0661
36949	-72.9274
36950	-72.4488
36951	-72.8386
36952	-72.2363
36953	-71.3984
36954	-70.4688
36955	-70.3083
36956	-69.2156
36957	-67.595
36958	-64.3519
36959	-59.8332
36960	-59.9216
36961	-58.343
36962	-51.8569
36963	-45.7429
36964	-48.2793
36965	-48.2985
36966	-46.0488
36967	-51.8092
36968	-59.2407
36969	-62.7756
36970	-64.6162
36971	-66.7827
36972	-69.014
36973	-69.9439
36974	-70.5682
36975	-71.0918
36976	-71.3587
36977	-72.1547
36978	-73.1745
36979	-73.9539
36980	-74.3677
36981	-73.9695
36982	-73.9622
36983	-73.9478
36984	-73.1545
36985	-72.8842
36986	-71.7407
36987	-71.9649
36988	-70.9632
36989	-71.2201
36990	-70.3987
36991	-67.1116
36992	-62.9213
36993	-65.5333
36994	-69.635
36995	-72.106
36996	-73.0514
36997	-74.4968
36998	-74.2133
36999	-74.098
37000	-74.0523
37001	-74.1268
37002	-72.7733
37003	-71.9503
37004	-72.5341
37005	-71.8526
37006	-71.8523
37007	-71.6004
37008	-70.1119
37009	-69.1597
37010	-67.9382
37011	-65.679
37012	-62.2353
37013	-58.4392
37014	-59.8708
37015	-60.1278
37016	-58.4011
37017	-62.3439
37018	-66.9644
37019	-69.4959
37020	-70.3644
37021	-71.9114
37022	-71.8668
37023	-70.2627
37024	-68.863
37025	-67.328
37026	-67.0133
37027	-67.4724
37028	-67.8368
37029	-70.8015
37030	-71.203
37031	-70.8946
37032	-69.6974
37033	-67.5983
37034	-63.0574
37035	-57.0496
37036	-55.89
37037	-57.4921
37038	-56.2593
37039	-58.958
37040	-63.9029
37041	-66.3374
37042	-68.7355
37043	-69.5149
37044	-70.288
37045	-71.4639
37046	-70.4918
37047	-70.9977
37048	-71.0086
37049	-71.2877
37050	-73.3424
37051	-73.745
37052	-74.0645
37053	-74.2535
37054	-74.8267
37055	-73.2471
37056	-72.3122
37057	-71.8358
37058	-68.1688
37059	-62.4919
37060	-64.4714
37061	-70.2089
37062	-71.5085
37063	-70.978
37064	-71.2085
37065	-72.0772
37066	-72.5992
37067	-73.2299
37068	-73.2683
37069	-73.2052
37070	-72.9073
37071	-73.6776
37072	-73.4941
37073	-72.7004
37074	-71.7853
37075	-70.8752
37076	-69.915
37077	-70.3113
37078	-69.2497
37079	-68.5564
37080	-66.7376
37081	-64.5351
37082	-62.237
37083	-58.7346
37084	-52.2264
37085	-43.3375
37086	-42.4013
37087	-41.7833
37088	-43.2792
37089	-45.9861
37090	-54.4715
37091	-58.6384
37092	-58.9943
37093	-61.6024
37094	-64.8736
37095	-67.2984
37096	-68.811
37097	-69.3088
37098	-69.7403
37099	-71.1159
37100	-72.0775
37101	-71.8319
37102	-72.0125
37103	-72.9607
37104	-73.6575
37105	-73.3838
37106	-72.6915
37107	-72.376
37108	-72.3468
37109	-72.5922
37110	-73.0231
37111	-72.6461
37112	-72.2482
37113	-70.984
37114	-71.1303
37115	-70.4015
37116	-70.9268
37117	-72.6181
37118	-73.9576
37119	-74.3309
37120	-74.1736
37121	-73.8494
37122	-74.6931
37123	-74.2083
37124	-72.6411
37125	-71.3469
37126	-71.2794
37127	-71.1453
37128	-70.6013
37129	-71.4318
37130	-71.1757
37131	-70.431
37132	-69.4149
37133	-67.7894
37134	-64.065
37135	-58.2493
37136	-57.2867
37137	-59.2566
37138	-57.4073
37139	-59.9695
37140	-64.4064
37141	-66.9792
37142	-68.9036
37143	-70.1808
37144	-70.3775
37145	-69.0416
37146	-66.1216
37147	-66.8282
37148	-63.0031
37149	-59.6316
37150	-63.728
37151	-69.2292
37152	-70.3715
37153	-69.5631
37154	-68.3637
37155	-65.4062
37156	-63.6151
37157	-61.087
37158	-55.6953
37159	-49.1466
37160	-51.5589
37161	-60.2643
37162	-62.567
37163	-64.3261
37164	-67.0013
37165	-70.0324
37166	-70.393
37167	-70.5177
37168	-70.9443
37169	-66.7367
37170	-66.2775
37171	-71.085
37172	-73.6501
37173	-74.3225
37174	-74.2289
37175	-74.2723
37176	-73.1481
37177	-73.2925
37178	-72.4872
37179	-72.9096
37180	-73.1009
37181	-71.8001
37182	-70.9848
37183	-71.1425
37184	-72.8533
37185	-72.9006
37186	-72.4783
37187	-72.722
37188	-73.1697
37189	-72.3595
37190	-72.347
37191	-72.0955
37192	-72.1262
37193	-72.2635
37194	-72.2302
37195	-71.5457
37196	-70.1863
37197	-68.9018
37198	-68.3723
37199	-67.3217
37200	-67.7783
37201	-66.1007
37202	-64.2165
37203	-61.7368
37204	-59.8445
37205	-57.4718
37206	-54.6155
37207	-44.5018
37208	-26.8773
37209	-19.8842
37210	-22.4399
37211	-35.9239
37212	-52.2744
37213	-56.7421
37214	-59.1797
37215	-61.8961
37216	-63.171
37217	-65.3694
37218	-66.9331
37219	-67.674
37220	-68.1593
37221	-69.5448
37222	-70.7898
37223	-71.45
37224	-72.4224
37225	-72.6766
37226	-72.867
37227	-72.5167
37228	-71.9186
37229	-72.0906
37230	-72.5591
37231	-72.4956
37232	-72.0757
37233	-72.7625
37234	-71.0741
37235	-68.6066
37236	-68.0968
37237	-69.3808
37238	-68.3717
37239	-69.6369
37240	-72.3939
37241	-73.2931
37242	-73.6663
37243	-73.7878
37244	-74.4544
37245	-73.977
37246	-73.2607
37247	-72.4284
37248	-68.5023
37249	-65.2585
37250	-69.1228
37251	-71.3022
37252	-70.9175
37253	-69.88
37254	-68.161
37255	-65.4487
37256	-63.0597
37257	-60.9966
37258	-54.8867
37259	-48.7034
37260	-51.3025
37261	-59.9525
37262	-62.5088
37263	-63.8878
37264	-66.6443
37265	-69.6801
37266	-70.3493
37267	-70.0344
37268	-67.7945
37269	-62.0181
37270	-61.6134
37271	-67.2662
37272	-70.3725
37273	-71.5707
37274	-71.8754
37275	-71.6613
37276	-70.7472
37277	-69.6136
37278	-67.492
37279	-67.122
37280	-67.153
37281	-68.2648
37282	-68.1093
37283	-67.0059
37284	-67.3942
37285	-67.8191
37286	-68.394
37287	-69.7403
37288	-71.3747
37289	-71.9417
37290	-72.6005
37291	-73.1237
37292	-73.0257
37293	-73.8065
37294	-73.6797
37295	-74.117
37296	-74.5114
37297	-74.4345
37298	-73.9751
37299	-74.1984
37300	-74.2294
37301	-72.1945
37302	-69.1767
37303	-66.9909
37304	-68.7147
37305	-66.9079
37306	-67.9287
37307	-70.7403
37308	-72.0829
37309	-71.7737
37310	-72.2036
37311	-72.8645
37312	-73.9259
37313	-73.7025
37314	-74.8426
37315	-74.6749
37316	-73.9552
37317	-73.9503
37318	-73.72
37319	-73.8961
37320	-73.2745
37321	-71.9286
37322	-71.8552
37323	-71.6915
37324	-68.9217
37325	-65.7385
37326	-64.0506
37327	-62.6097
37328	-61.8058
37329	-60.5997
37330	-59.9383
37331	-59.7979
37332	-59.6499
37333	-59.752
37334	-60.5584
37335	-62.2874
37336	-63.3429
37337	-64.9249
37338	-65.8768
37339	-68.5287
37340	-71.1225
37341	-72.4719
37342	-71.5359
37343	-71.559
37344	-72.79
37345	-73.8018
37346	-74.0636
37347	-75.4449
37348	-74.3144
37349	-73.702
37350	-74.8649
37351	-74.9985
37352	-73.8394
37353	-71.4142
37354	-71.6863
37355	-70.9381
37356	-71.7197
37357	-71.2139
37358	-67.7911
37359	-62.9886
37360	-65.9143
37361	-71.151
37362	-71.9782
37363	-72.8078
37364	-73.4333
37365	-73.9442
37366	-74.2433
37367	-74.3199
37368	-74.6875
37369	-74.0165
37370	-73.669
37371	-73.3153
37372	-73.7426
37373	-73.0737
37374	-71.5321
37375	-71.0266
37376	-70.2493
37377	-68.9376
37378	-66.9136
37379	-66.5803
37380	-66.4711
37381	-66.801
37382	-66.9144
37383	-66.3021
37384	-67.3253
37385	-67.2012
37386	-68.9752
37387	-70.3758
37388	-71.6901
37389	-72.0291
37390	-72.9142
37391	-69.3633
37392	-65.4662
37393	-64.9917
37394	-66.5451
37395	-64.672
37396	-67.7061
37397	-70.7473
37398	-69.7644
37399	-68.7798
37400	-67.195
37401	-62.7003
37402	-56.7298
37403	-53.9767
37404	-55.9969
37405	-53.7044
37406	-54.6978
37407	-60.7063
37408	-65.7215
37409	-67.8587
37410	-69.6364
37411	-70.8484
37412	-71.101
37413	-69.539
37414	-69.5955
37415	-68.8121
37416	-68.8205
37417	-72.6015
37418	-73.8403
37419	-73.7764
37420	-74.0192
37421	-74.6012
37422	-74.2744
37423	-72.7712
37424	-70.2748
37425	-67.7145
37426	-67.5605
37427	-67.8683
37428	-68.1542
37429	-70.6359
37430	-72.2408
37431	-72.6745
37432	-72.1559
37433	-72.3502
37434	-72.1548
37435	-72.2834
37436	-72.2582
37437	-73.0043
37438	-72.9477
37439	-72.1743
37440	-71.3151
37441	-71.4487
37442	-70.1435
37443	-69.1634
37444	-68.9066
37445	-68.0376
37446	-66.7411
37447	-64.7847
37448	-62.4444
37449	-60.2748
37450	-58.1482
37451	-52.2947
37452	-43.6501
37453	-40.68
37454	-40.9548
37455	-39.7007
37456	-40.7526
37457	-49.1589
37458	-56.1729
37459	-58.0074
37460	-61.0224
37461	-64.4491
37462	-66.1211
37463	-67.4117
37464	-68.5862
37465	-68.3768
37466	-68.8736
37467	-69.8303
37468	-71.0428
37469	-72.0052
37470	-72.1965
37471	-71.7166
37472	-72.0983
37473	-72.5508
37474	-72.6667
37475	-72.5931
37476	-72.9487
37477	-72.9331
37478	-72.1845
37479	-73.159
37480	-73.2229
37481	-71.1795
37482	-70.6524
37483	-72.007
37484	-73.091
37485	-73.547
37486	-73.4115
37487	-73.478
37488	-74.3107
37489	-74.2128
37490	-73.8352
37491	-73.284
37492	-70.5766
37493	-69.6008
37494	-69.8781
37495	-69.327
37496	-70.4799
37497	-70.0836
37498	-69.2779
37499	-68.7477
37500	-67.4851
37501	-63.2924
37502	-57.4627
37503	-54.7496
37504	-56.1633
37505	-54.0857
37506	-55.3842
37507	-61.2835
37508	-66.0511
37509	-68.4504
37510	-70.0946
37511	-70.2753
37512	-68.6677
37513	-64.7941
37514	-63.6079
37515	-63.728
37516	-62.5072
37517	-64.6069
37518	-67.908
37519	-70.3982
37520	-70.6332
37521	-69.605
37522	-67.6374
37523	-65.2776
37524	-60.7029
37525	-56.3423
37526	-56.5539
37527	-57.3334
37528	-58.0172
37529	-61.872
37530	-66.7457
37531	-68.5878
37532	-69.2478
37533	-70.2219
37534	-70.5878
37535	-70.9309
37536	-70.4353
37537	-69.9481
37538	-70.7917
37539	-72.9368
37540	-74.3142
37541	-74.0986
37542	-74.1927
37543	-73.763
37544	-72.9438
37545	-73.4096
37546	-73.3323
37547	-72.7569
37548	-70.9648
37549	-70.037
37550	-71.7716
37551	-73.3055
37552	-73.0914
37553	-71.9583
37554	-72.4068
37555	-72.6722
37556	-72.6696
37557	-72.9598
37558	-73.198
37559	-72.9504
37560	-72.5993
37561	-72.87
37562	-72.2265
37563	-70.9569
37564	-69.7588
37565	-69.1943
37566	-69.6054
37567	-68.8111
37568	-67.401
37569	-66.1958
37570	-63.4784
37571	-60.2688
37572	-58.5428
37573	-55.7216
37574	-47.0669
37575	-40.6544
37576	-39.4974
37577	-40.3749
37578	-43.2839
37579	-49.9522
37580	-57.5561
37581	-61.159
37582	-62.3819
37583	-64.5852
37584	-66.4717
37585	-68.1794
37586	-69.0439
37587	-70.0456
37588	-70.3759
37589	-71.6031
37590	-72.889
37591	-72.6763
37592	-72.9951
37593	-73.5578
37594	-73.4492
37595	-72.3994
37596	-72.6619
37597	-72.4763
37598	-72.1657
37599	-71.7324
37600	-71.9449
37601	-71.3595
37602	-68.2771
37603	-66.3988
37604	-68.0449
37605	-66.2997
37606	-67.2992
37607	-71.187
37608	-73.4263
37609	-74.2222
37610	-74.7552
37611	-73.9124
37612	-73.8611
37613	-73.7315
37614	-72.2601
37615	-69.3168
37616	-69.3575
37617	-70.3978
37618	-71.1032
37619	-71.283
37620	-70.3893
37621	-68.8638
37622	-66.7584
37623	-64.8274
37624	-59.5063
37625	-55.1317
37626	-55.4867
37627	-56.6085
37628	-56.8925
37629	-60.8238
37630	-65.7522
37631	-68.5142
37632	-69.5807
37633	-70.5072
37634	-70.8412
37635	-67.8528
37636	-66.433
37637	-67.2529
37638	-66.2835
37639	-68.0905
37640	-71.9483
37641	-72.2052
37642	-72.0753
37643	-71.5366
37644	-70.0684
37645	-68.0806
37646	-66.6152
37647	-64.604
37648	-58.6812
37649	-56.3125
37650	-61.4232
37651	-65.6203
37652	-65.6579
37653	-66.5139
37654	-69.1199
37655	-70.062
37656	-71.0523
37657	-71.8837
37658	-72.6324
37659	-72.0487
37660	-72.5103
37661	-73.8225
37662	-73.9672
37663	-73.9914
37664	-74.3476
37665	-74.4084
37666	-73.9605
37667	-73.8721
37668	-71.7845
37669	-71.126
37670	-69.0336
37671	-64.0971
37672	-64.2505
37673	-67.9824
37674	-71.2458
37675	-70.8799
37676	-71.1147
37677	-71.5821
37678	-72.1517
37679	-74.8892
37680	-74.9887
37681	-73.9507
37682	-73.0629
37683	-74.4188
37684	-74.7435
37685	-73.6588
37686	-73.4038
37687	-72.1434
37688	-71.2286
37689	-71.4122
37690	-71.251
37691	-69.4739
37692	-67.8991
37693	-66.0989
37694	-64.3
37695	-61.6285
37696	-58.795
37697	-46.3375
37698	-32.6323
37699	-29.6165
37700	-36.1978
37701	-51.5423
37702	-59.2808
37703	-59.996
37704	-62.1795
37705	-63.4871
37706	-65.2468
37707	-68.9903
37708	-70.9289
37709	-70.6109
37710	-71.3562
37711	-72.3152
37712	-72.9711
37713	-73.0191
37714	-73.2231
37715	-73.8557
37716	-74.5374
37717	-73.9826
37718	-73.0971
37719	-73.266
37720	-72.4251
37721	-71.7301
37722	-72.0889
37723	-72.0586
37724	-70.4685
37725	-68.7112
37726	-68.4907
37727	-69.1825
37728	-69.2092
37729	-71.4954
37730	-73.3388
37731	-74.3732
37732	-74.0859
37733	-73.8649
37734	-74.5942
37735	-74.7513
37736	-74.1323
37737	-73.5102
37738	-72.3718
37739	-71.6557
37740	-72.521
37741	-72.0505
37742	-72.2403
37743	-71.2169
37744	-69.4356
37745	-67.6305
37746	-67.1285
37747	-65.3929
37748	-61.6607
37749	-60.102
37750	-64.1564
37751	-66.3589
37752	-66.0335
37753	-67.1755
37754	-69.5291
37755	-70.7532
37756	-71.162
37757	-70.8367
37758	-68.8438
37759	-66.1816
37760	-64.3628
37761	-61.0052
37762	-64.0916
37763	-67.8813
37764	-69.5243
37765	-69.9467
37766	-68.4441
37767	-65.1116
37768	-62.9446
37769	-60.3581
37770	-56.6055
37771	-50.0991
37772	-50.578
37773	-56.1049
37774	-61.3364
37775	-64.0351
37776	-67.1737
37777	-69.5604
37778	-70.862
37779	-71.3228
37780	-70.5391
37781	-67.2656
37782	-65.8013
37783	-69.5787
37784	-72.5052
37785	-73.412
37786	-74.6545
37787	-74.2307
37788	-73.7498
37789	-73.5761
37790	-73.1637
37791	-72.0701
37792	-69.8191
37793	-70.5199
37794	-71.1251
37795	-69.7071
37796	-70.75
37797	-72.584
37798	-73.0177
37799	-72.1417
37800	-72.9081
37801	-72.3328
37802	-71.4741
37803	-71.8408
37804	-72.8048
37805	-72.4126
37806	-71.6001
37807	-71.2618
37808	-70.9153
37809	-69.8975
37810	-68.46
37811	-67.3301
37812	-67.1041
37813	-65.8123
37814	-63.5304
37815	-61.5902
37816	-59.9924
37817	-57.616
37818	-54.4511
37819	-46.6622
37820	-34.6341
37821	-25.5425
37822	-26.2273
37823	-37.2702
37824	-48.8595
37825	-55.378
37826	-58.4183
37827	-61.1005
37828	-63.1175
37829	-65.4743
37830	-66.785
37831	-67.7009
37832	-67.6307
37833	-68.5924
37834	-69.2875
37835	-70.8736
37836	-71.9763
37837	-72.2296
37838	-71.8695
37839	-71.5762
37840	-72.1465
37841	-72.4052
37842	-72.5316
37843	-73.1759
37844	-72.801
37845	-72.0042
37846	-72.9375
37847	-72.3569
37848	-69.3123
37849	-68.2778
37850	-71.2827
37851	-73.0415
37852	-72.6149
37853	-72.5345
37854	-73.7849
37855	-73.685
37856	-74.3603
37857	-74.0472
37858	-73.6312
37859	-72.1951
37860	-69.1419
37861	-66.0304
37862	-68.2639
37863	-70.8778
37864	-69.968
37865	-69.43
37866	-68.3461
37867	-65.2321
37868	-63.1957
37869	-60.3844
37870	-56.6595
37871	-50.0083
37872	-50.6919
37873	-56.2975
37874	-61.5954
37875	-64.3003
37876	-66.9523
37877	-69.6617
37878	-69.8559
37879	-70.0346
37880	-67.1834
37881	-61.7098
37882	-60.4271
37883	-65.5333
37884	-68.0047
37885	-68.9528
37886	-71.0579
37887	-70.9
37888	-70.0064
37889	-68.8498
37890	-67.1702
37891	-64.8969
37892	-61.4043
37893	-61.9794
37894	-64.3082
37895	-61.9555
37896	-63.9182
37897	-67.7494
37898	-69.1204
37899	-69.7923
37900	-70.4513
37901	-71.4671
37902	-72.0321
37903	-71.763
37904	-72.8408
37905	-72.5804
37906	-72.9368
37907	-73.4609
37908	-74.6554
37909	-74.1339
37910	-74.0731
37911	-74.0561
37912	-73.7125
37913	-73.1986
37914	-70.5846
37915	-68.7414
37916	-69.38
37917	-69.0704
37918	-70.3859
37919	-71.8448
37920	-72.2471
37921	-72.5114
37922	-72.2781
37923	-72.0742
37924	-73.2569
37925	-73.0897
37926	-74.3275
37927	-74.3951
37928	-73.2618
37929	-72.7151
37930	-72.8464
37931	-72.5648
37932	-71.9705
37933	-70.7929
37934	-70.6398
37935	-69.6356
37936	-68.2417
37937	-65.3409
37938	-60.6216
37939	-59.8119
37940	-59.7184
37941	-54.3008
37942	-47.1445
37943	-47.9439
37944	-50.5643
37945	-46.9139
37946	-51.1406
37947	-58.8136
37948	-62.7762
37949	-64.3361
37950	-66.7303
37951	-68.8211
37952	-70.1546
37953	-70.5945
37954	-71.2643
37955	-71.3815
37956	-71.951
37957	-73.1321
37958	-74.03
37959	-74.4705
37960	-74.3796
37961	-73.8311
37962	-74.1047
37963	-73.5216
37964	-72.9991
37965	-71.9332
37966	-71.7944
37967	-71.1868
37968	-71.1104
37969	-70.8715
37970	-67.9559
37971	-63.3054
37972	-64.5966
37973	-68.8301
37974	-71.9946
37975	-72.8909
37976	-74.1637
37977	-74.2347
37978	-73.9655
37979	-74.3222
37980	-74.1731
37981	-73.3192
37982	-72.232
37983	-72.7237
37984	-72.3054
37985	-71.9685
37986	-71.7218
37987	-70.4447
37988	-69.1043
37989	-68.2831
37990	-66.3681
37991	-63.6558
37992	-59.3509
37993	-59.635
37994	-61.6067
37995	-58.9296
37996	-61.9107
37997	-66.6185
37998	-69.1351
37999	-70.2464
38000	-71.5509
38001	-72.0114
38002	-70.996
38003	-69.1991
38004	-67.4788
38005	-66.9343
38006	-67.1263
38007	-67.2949
38008	-70.2465
38009	-70.9237
38010	-71.1854
38011	-70.0461
38012	-68.2216
38013	-63.6459
38014	-57.7085
38015	-55.1868
38016	-56.8742
38017	-56.1587
38018	-57.6272
38019	-62.997
38020	-65.7858
38021	-68.319
38022	-69.3294
38023	-69.7044
38024	-71.353
38025	-70.2816
38026	-70.5681
38027	-70.8399
38028	-70.7953
38029	-72.8868
38030	-73.6194
38031	-74.0426
38032	-73.9925
38033	-74.7159
38034	-73.3762
38035	-72.334
38036	-72.2897
38037	-69.1855
38038	-63.2605
38039	-63.5477
38040	-69.5596
38041	-71.5435
38042	-71.0189
38043	-71.1268
38044	-72.1436
38045	-72.2383
38046	-73.0745
38047	-73.0497
38048	-73.1568
38049	-72.6308
38050	-73.4157
38051	-73.5087
38052	-72.9046
38053	-71.8939
38054	-71.081
38055	-69.8234
38056	-70.0715
38057	-69.4339
38058	-68.3915
38059	-67.0166
38060	-64.7758
38061	-62.4553
38062	-59.2556
38063	-53.2956
38064	-44.1037
38065	-41.4119
38066	-41.1117
38067	-43.1967
38068	-44.2811
38069	-52.755
38070	-57.9791
38071	-58.6931
38072	-60.6979
38073	-64.1847
38074	-66.799
38075	-68.4103
38076	-68.9749
38077	-69.3069
38078	-70.7238
38079	-71.7951
38080	-71.6496
38081	-71.9278
38082	-72.7049
38083	-73.4234
38084	-73.4069
38085	-72.7906
38086	-72.4923
38087	-72.405
38088	-72.5291
38089	-73.1968
38090	-72.9075
38091	-72.3247
38092	-71.3779
38093	-71.3512
38094	-70.7196
38095	-70.9592
38096	-72.2738
38097	-73.9077
38098	-74.28
38099	-74.2322
38100	-73.9136
38101	-74.6513
38102	-74.317
38103	-72.8714
38104	-71.4283
38105	-70.9677
38106	-71.1647
38107	-70.269
38108	-71.3847
38109	-71.1872
38110	-70.6488
38111	-69.7097
38112	-68.126
38113	-64.5759
38114	-58.7301
38115	-56.4433
38116	-58.4772
38117	-57.1985
38118	-58.5345
38119	-63.4605
38120	-66.353
38121	-68.6462
38122	-69.7916
38123	-70.4163
38124	-69.2583
38125	-66.0035
38126	-66.3064
38127	-63.877
38128	-59.7938
38129	-62.5193
38130	-68.5669
38131	-70.4859
38132	-69.8118
38133	-69.1368
38134	-65.8292
38135	-64.0922
38136	-61.96
38137	-57.3592
38138	-49.9218
38139	-50.5831
38140	-59.2033
38141	-62.4185
38142	-64.3449
38143	-66.4237
38144	-69.6169
38145	-70.5056
38146	-70.3309
38147	-71.1911
38148	-67.8034
38149	-65.9364
38150	-70.2703
38151	-73.5559
38152	-74.3862
38153	-74.4608
38154	-74.4197
38155	-73.0944
38156	-73.3238
38157	-72.7038
38158	-72.9704
38159	-73.206
38160	-72.1954
38161	-71.255
38162	-71.0354
38163	-72.7071
38164	-73.1523
38165	-72.4339
38166	-72.4179
38167	-73.0312
38168	-72.7317
38169	-72.2089
38170	-72.3618
38171	-72.2064
38172	-72.4461
38173	-72.1938
38174	-71.7032
38175	-70.4191
38176	-69.0454
38177	-68.6347
38178	-67.6811
38179	-67.7896
38180	-66.4477
38181	-64.7896
38182	-62.1279
38183	-60.3538
38184	-57.8186
38185	-55.4226
38186	-47.588
38187	-29.8793
38188	-20.8421
38189	-21.6145
38190	-32.8009
38191	-50.0796
38192	-56.1379
38193	-58.8031
38194	-61.5551
38195	-63.0726
38196	-65.0335
38197	-66.8602
38198	-67.806
38199	-68.1176
38200	-69.2938
38201	-70.8954
38202	-71.3821
38203	-72.2288
38204	-72.4732
38205	-72.8458
38206	-72.5567
38207	-72.3081
38208	-71.9237
38209	-72.5174
38210	-72.3929
38211	-72.2164
38212	-72.4567
38213	-71.3197
38214	-68.8241
38215	-67.7364
38216	-68.8507
38217	-68.1961
38218	-68.9477
38219	-71.8532
38220	-73.1103
38221	-73.7175
38222	-73.8039
38223	-74.2253
38224	-74.1493
38225	-73.576
38226	-72.7338
38227	-69.7108
38228	-65.477
38229	-68.2336
38230	-71.3341
38231	-71.0744
38232	-70.1375
38233	-68.492
38234	-65.9076
38235	-63.4888
38236	-61.6656
38237	-56.5883
38238	-49.3599
38239	-50.222
38240	-58.9981
38241	-62.3202
38242	-63.7004
38243	-65.9897
38244	-69.2699
38245	-70.3285
38246	-70.2996
38247	-68.6081
38248	-63.3245
38249	-61.2181
38250	-66.2972
38251	-70.1604
38252	-71.5085
38253	-72.1915
38254	-72.0145
38255	-70.88
38256	-70.046
38257	-67.8995
38258	-67.358
38259	-67.1354
38260	-67.0882
38261	-65.7187
38262	-66.4262
38263	-66.9284
38264	-67.848
38265	-68.181
38266	-69.3476
38267	-70.933
38268	-72.0079
38269	-72.537
38270	-72.9981
38271	-73.1594
38272	-73.8
38273	-73.635
38274	-74.214
38275	-74.5889
38276	-74.2277
38277	-74.1252
38278	-74.0064
38279	-74.496
38280	-72.8521
38281	-69.5052
38282	-66.9221
38283	-68.3887
38284	-67.0523
38285	-67.0964
38286	-70.0445
38287	-71.9847
38288	-71.7509
38289	-71.9528
38290	-72.5579
38291	-74.1195
38292	-73.8117
38293	-74.6974
38294	-74.7574
38295	-74.2233
38296	-73.9596
38297	-74.1958
38298	-73.7498
38299	-73.5208
38300	-72.2976
38301	-71.913
38302	-71.9387
38303	-69.9935
38304	-66.422
38305	-64.361
38306	-63.2582
38307	-62.0178
38308	-61.0324
38309	-59.5574
38310	-56.7298
38311	-52.6653
38312	-54.9471
38313	-58.1278
38314	-61.799
38315	-62.9281
38316	-64.4578
38317	-65.216
38318	-67.7391
38319	-70.7959
38320	-72.2362
38321	-71.6332
38322	-71.665
38323	-72.4265
38324	-73.7049
38325	-73.7126
38326	-75.0618
38327	-74.7263
38328	-73.7668
38329	-74.5813
38330	-74.9944
38331	-74.1655
38332	-71.6189
38333	-71.6478
38334	-71.4539
38335	-71.5041
38336	-71.4701
38337	-68.8282
38338	-63.6177
38339	-64.9184
38340	-70.7333
38341	-72.3186
38342	-72.7234
38343	-73.26
38344	-73.756
38345	-74.3673
38346	-74.2492
38347	-74.8195
38348	-74.2718
38349	-73.7984
38350	-73.1747
38351	-73.4848
38352	-73.4462
38353	-71.7295
38354	-71.0076
38355	-70.4847
38356	-69.4415
38357	-67.323
38358	-66.9312
38359	-67.1193
38360	-67.7167
38361	-69.0738
38362	-67.3281
38363	-67.4505
38364	-67.2104
38365	-68.6096
38366	-70.1683
38367	-71.537
38368	-71.9909
38369	-72.8011
38370	-70.1522
38371	-65.8022
38372	-64.3187
38373	-66.7049
38374	-64.4505
38375	-66.6072
38376	-70.2668
38377	-69.9151
38378	-68.8017
38379	-67.5601
38380	-63.6419
38381	-57.813
38382	-53.8129
38383	-56.2295
38384	-54.1457
38385	-53.7163
38386	-59.2606
38387	-65.0169
38388	-67.54
38389	-69.4174
38390	-70.6052
38391	-70.9363
38392	-69.8083
38393	-69.3341
38394	-69.0659
38395	-68.286
38396	-71.9786
38397	-74.1882
38398	-73.7238
38399	-73.8685
38400	-74.5423
38401	-74.358
38402	-73.241
38403	-71.0569
38404	-68.3583
38405	-67.6158
38406	-68.1528
38407	-68.3282
38408	-70.2634
38409	-72.0971
38410	-72.6586
38411	-72.2218
38412	-72.2573
38413	-71.9603
38414	-72.2758
38415	-72.0757
38416	-72.8438
38417	-72.8796
38418	-72.2017
38419	-71.3705
38420	-71.517
38421	-70.3875
38422	-69.2519
38423	-68.8696
38424	-67.9159
38425	-66.6835
38426	-64.95
38427	-62.7631
38428	-60.3094
38429	-58.6843
38430	-53.2839
38431	-45.0997
38432	-40.333
38433	-41.3341
38434	-40.2024
38435	-39.7583
38436	-47.3759
38437	-54.961
38438	-57.8077
38439	-60.3451
38440	-63.9634
38441	-65.6718
38442	-67.0994
38443	-68.1804
38444	-68.4997
38445	-68.4994
38446	-69.7937
38447	-70.8264
38448	-71.8022
38449	-72.349
38450	-71.6866
38451	-71.9019
38452	-72.5008
38453	-72.4427
38454	-72.8021
38455	-72.8872
38456	-73.1892
38457	-72.1319
38458	-72.9723
38459	-73.1773
38460	-71.3533
38461	-70.2886
38462	-71.6606
38463	-73.0011
38464	-73.4549
38465	-73.6239
38466	-73.3696
38467	-74.2422
38468	-74.1677
38469	-73.7937
38470	-73.5246
38471	-70.8841
38472	-69.2681
38473	-69.9321
38474	-69.2477
38475	-70.1995
38476	-70.2156
38477	-69.4122
38478	-68.8223
38479	-67.8341
38480	-64.0462
38481	-58.403
38482	-54.5186
38483	-56.3488
38484	-54.3631
38485	-54.3571
38486	-59.9533
38487	-65.3143
38488	-68.0867
38489	-69.8227
38490	-70.4911
38491	-69.1267
38492	-65.143
38493	-63.7622
38494	-63.3673
38495	-62.9497
38496	-63.9609
38497	-67.4929
38498	-70.1346
38499	-70.9103
38500	-70.0337
38501	-68.0999
38502	-65.7933
38503	-62.0221
38504	-57.2399
38505	-56.8938
38506	-57.0396
38507	-58.2572
38508	-61.3533
38509	-66.0463
38510	-68.4764
38511	-69.2119
38512	-70.0827
38513	-70.5808
38514	-71.071
38515	-70.7494
38516	-70.2034
38517	-70.6047
38518	-72.4736
38519	-74.2187
38520	-74.1959
38521	-74.0832
38522	-73.8254
38523	-72.928
38524	-73.1782
38525	-73.4754
38526	-73.004
38527	-71.2034
38528	-69.6246
38529	-70.907
38530	-73.0868
38531	-73.1538
38532	-71.9065
38533	-72.2544
38534	-72.5885
38535	-72.3313
38536	-73.0948
38537	-73.2727
38538	-73.0481
38539	-72.5794
38540	-73.1425
38541	-72.4611
38542	-71.2154
38543	-69.8205
38544	-69.241
38545	-69.7231
38546	-69.3368
38547	-67.8068
38548	-66.5857
38549	-64.1503
38550	-60.9027
38551	-58.8776
38552	-56.8276
38553	-49.3663
38554	-41.6326
38555	-40.8283
38556	-39.7975
38557	-43.4946
38558	-48.5133
38559	-56.7417
38560	-61.1792
38561	-62.3253
38562	-64.4427
38563	-66.3205
38564	-68.0776
38565	-69.2178
38566	-70.1614
38567	-70.5692
38568	-71.4669
38569	-73.0655
38570	-72.771
38571	-72.9392
38572	-73.5357
38573	-73.7983
38574	-72.7162
38575	-72.5665
38576	-72.7695
38577	-72.2292
38578	-71.8049
38579	-71.8669
38580	-71.8481
38581	-68.9006
38582	-66.2771
38583	-67.7058
38584	-66.4849
38585	-66.7417
38586	-70.3825
38587	-73.0449
38588	-74.2993
38589	-74.8001
38590	-74.0166
38591	-73.8519
38592	-73.943
38593	-72.9784
38594	-69.8423
38595	-69.4665
38596	-70.3308
38597	-71.1055
38598	-71.3296
38599	-70.5581
38600	-69.2631
38601	-67.1527
38602	-65.4681
38603	-60.8816
38604	-55.9029
38605	-55.8715
38606	-56.1641
38607	-56.8866
38608	-60.1859
38609	-65.3063
38610	-68.4067
38611	-69.2569
38612	-70.2236
38613	-71.1636
38614	-68.7774
38615	-66.6779
38616	-67.65
38617	-66.304
38618	-67.3832
38619	-71.1904
38620	-72.3354
38621	-71.917
38622	-71.4494
38623	-70.5188
38624	-68.1872
38625	-66.411
38626	-64.8433
38627	-58.9505
38628	-55.2765
38629	-59.5752
38630	-64.5788
38631	-65.2086
38632	-65.9906
38633	-68.4638
38634	-69.8684
38635	-70.7979
38636	-71.695
38637	-72.4699
38638	-71.8774
38639	-71.8963
38640	-73.766
38641	-73.7843
38642	-73.7634
38643	-74.2157
38644	-74.5907
38645	-74.0156
38646	-73.8628
38647	-72.2294
38648	-71.1179
38649	-69.4908
38650	-64.8722
38651	-63.5574
38652	-67.4567
38653	-71.0346
38654	-71.0245
38655	-71.1123
38656	-71.5387
38657	-71.8207
38658	-74.6215
38659	-74.9343
38660	-74.1838
38661	-72.9063
38662	-74.0862
38663	-74.6344
38664	-73.6963
38665	-73.4491
38666	-72.4569
38667	-71.4145
38668	-71.0984
38669	-71.1506
38670	-69.6489
38671	-68.1369
38672	-66.319
38673	-64.6065
38674	-61.8123
38675	-59.283
38676	-47.9582
38677	-33.3744
38678	-28.5227
38679	-33.1759
38680	-48.4032
38681	-58.6644
38682	-59.5236
38683	-61.5301
38684	-63.1432
38685	-64.3958
38686	-67.9973
38687	-70.3256
38688	-70.4608
38689	-70.6564
38690	-71.9621
38691	-72.7272
38692	-72.7346
38693	-73.1399
38694	-73.5986
38695	-74.4383
38696	-74.1611
38697	-73.1161
38698	-73.2305
38699	-72.7005
38700	-71.634
38701	-72.076
38702	-72.1266
38703	-71.1378
38704	-69.3607
38705	-68.6455
38706	-69.6794
38707	-69.1461
38708	-71.3522
38709	-73.3096
38710	-74.294
38711	-74.1916
38712	-73.8304
38713	-74.638
38714	-74.8747
38715	-74.1314
38716	-73.4673
38717	-72.2902
38718	-71.2517
38719	-72.2234
38720	-72.1021
38721	-72.2625
38722	-71.498
38723	-69.9754
38724	-67.9637
38725	-67.0444
38726	-65.3807
38727	-61.356
38728	-58.5598
38729	-62.2434
38730	-65.7303
38731	-65.8084
38732	-66.7088
38733	-69.1177
38734	-70.5241
38735	-71.0366
38736	-70.8834
38737	-68.9737
38738	-66.1892
38739	-64.5635
38740	-61.2422
38741	-63.0877
38742	-67.0398
38743	-69.5571
38744	-69.9142
38745	-68.9762
38746	-65.5971
38747	-63.2683
38748	-61.1503
38749	-57.4533
38750	-51.0375
38751	-49.8109
38752	-55.1447
38753	-60.5356
38754	-63.7208
38755	-66.7451
38756	-69.4344
38757	-70.7036
38758	-71.3352
38759	-70.6681
38760	-68.1742
38761	-65.4666
38762	-68.9139
38763	-72.4921
38764	-73.2965
38765	-74.54
38766	-74.2893
38767	-73.9015
38768	-73.9197
38769	-73.2355
38770	-72.4289
38771	-70.3014
38772	-70.5076
38773	-71.397
38774	-70.0366
38775	-70.6741
38776	-72.334
38777	-73.2423
38778	-72.4314
38779	-72.9074
38780	-72.524
38781	-71.6279
38782	-71.6698
38783	-72.5629
38784	-72.5114
38785	-71.6782
38786	-71.5019
38787	-70.8313
38788	-70.1328
38789	-68.8328
38790	-67.19
38791	-67.251
38792	-66.0791
38793	-63.9013
38794	-61.7545
38795	-60.4214
38796	-58.0686
38797	-55.3806
38798	-49.0748
38799	-37.2444
38800	-26.3539
38801	-25.1821
38802	-34.292
38803	-46.4476
38804	-54.6
38805	-58.0449
38806	-60.6703
38807	-62.7517
38808	-65.2129
38809	-66.5177
38810	-67.6217
38811	-67.4103
38812	-68.5045
38813	-69.2082
38814	-70.7071
38815	-71.7673
38816	-72.4346
38817	-71.9092
38818	-71.5395
38819	-72.0623
38820	-72.3285
38821	-72.1913
38822	-73.0181
38823	-73.1283
38824	-72.0299
38825	-72.5325
38826	-72.7659
38827	-69.5731
38828	-67.5095
38829	-70.4799
38830	-72.9373
38831	-72.4712
38832	-72.3621
38833	-73.6724
38834	-73.697
38835	-74.2072
38836	-74.222
38837	-73.6138
38838	-72.6623
38839	-69.8573
38840	-66.2699
38841	-67.5671
38842	-70.7284
38843	-70.0831
38844	-69.5411
38845	-68.6465
38846	-65.8155
38847	-63.5037
38848	-61.0008
38849	-57.5367
38850	-50.8754
38851	-49.7935
38852	-55.3897
38853	-60.571
38854	-63.9613
38855	-66.5064
38856	-69.4359
38857	-69.8125
38858	-70.0974
38859	-68.1134
38860	-62.7101
38861	-60.1061
38862	-64.4351
38863	-68.3088
38864	-69.0516
38865	-71.0315
38866	-71.2117
38867	-70.2296
38868	-69.2462
38869	-67.7684
38870	-65.7212
38871	-62.7699
38872	-62.6294
38873	-65.2314
38874	-63.3166
38875	-64.3617
38876	-67.4775
38877	-68.986
38878	-69.6939
38879	-70.2447
38880	-71.3701
38881	-72.148
38882	-71.9005
38883	-72.8249
38884	-72.9201
38885	-73.1416
38886	-73.2407
38887	-74.5439
38888	-74.1546
38889	-73.8942
38890	-74.1758
38891	-73.888
38892	-73.4465
38893	-70.7679
38894	-68.3891
38895	-68.9955
38896	-68.7659
38897	-69.5605
38898	-71.8887
38899	-71.8529
38900	-72.6066
38901	-72.45
38902	-71.9463
38903	-73.1362
38904	-72.9938
38905	-74.021
38906	-74.5806
38907	-73.6093
38908	-72.6997
38909	-72.8135
38910	-72.8563
38911	-72.4775
38912	-71.2757
38913	-70.7993
38914	-70.1268
38915	-68.818
38916	-66.3659
38917	-61.6457
38918	-59.8578
38919	-60.755
38920	-56.4785
38921	-48.9477
38922	-47.9957
38923	-52.1713
38924	-48.2438
38925	-50.9917
38926	-58.6288
38927	-62.7196
38928	-64.2421
38929	-66.3379
38930	-68.5964
38931	-70.3275
38932	-70.5881
38933	-71.3752
38934	-71.4159
38935	-71.993
38936	-73.174
38937	-74.001
38938	-74.3241
38939	-74.6535
38940	-73.9806
38941	-74.2978
38942	-74.0478
38943	-73.1287
38944	-72.1011
38945	-71.7178
38946	-71.2241
38947	-71.0055
38948	-71.1929
38949	-68.7613
38950	-64.0005
38951	-63.7027
38952	-67.9458
38953	-71.7204
38954	-72.5965
38955	-73.8878
38956	-74.4407
38957	-74.0165
38958	-74.3884
38959	-74.0903
38960	-73.822
38961	-72.5206
38962	-72.9044
38963	-72.9229
38964	-72.2148
38965	-71.9571
38966	-70.8305
38967	-69.2993
38968	-68.8341
38969	-67.0713
38970	-64.8399
38971	-60.5767
38972	-59.7596
38973	-62.8922
38974	-59.8698
38975	-61.8354
38976	-66.323
38977	-69.0675
38978	-70.0642
38979	-71.2109
38980	-72.1706
38981	-71.608
38982	-69.6184
38983	-67.8402
38984	-66.6531
38985	-66.8888
38986	-67.0505
38987	-69.3548
38988	-70.739
38989	-71.4316
38990	-70.368
38991	-68.475
38992	-64.4851
38993	-58.5199
38994	-54.7596
38995	-56.4651
38996	-56.3402
38997	-56.4763
38998	-61.9073
38999	-65.2301
39000	-68.0614
39001	-69.1149
39002	-69.3426
39003	-71.3816
39004	-70.203
39005	-70.2805
39006	-70.7049
39007	-70.3991
39008	-72.3461
39009	-73.7063
39010	-74.2054
39011	-73.861
39012	-74.4109
39013	-73.6118
39014	-72.3718
39015	-72.4808
39016	-70.0642
39017	-64.4168
39018	-62.9188
39019	-68.7174
39020	-71.4726
39021	-71.2111
39022	-70.9517
39023	-72.0305
39024	-72.1861
39025	-72.8297
39026	-72.8384
39027	-72.9419
39028	-72.4124
39029	-73.3312
39030	-73.5759
39031	-73.0138
39032	-71.9766
39033	-71.1535
39034	-69.8333
39035	-69.8189
39036	-69.5223
39037	-68.1313
39038	-67.4026
39039	-65.0293
39040	-62.6937
39041	-59.7814
39042	-54.2768
39043	-45.2874
39044	-40.8117
39045	-40.9111
39046	-43.4288
39047	-42.9384
39048	-50.7504
39049	-57.0789
39050	-58.7147
39051	-59.8779
39052	-63.5457
39053	-66.2262
39054	-68.0776
39055	-68.7305
39056	-69.0959
39057	-70.1861
39058	-71.5659
39059	-71.4069
39060	-71.7155
39061	-72.4313
39062	-73.2156
39063	-73.4646
39064	-72.6832
39065	-72.6599
39066	-72.5174
39067	-72.5122
39068	-73.2265
39069	-73.0684
39070	-72.3696
39071	-71.8146
39072	-71.4577
39073	-71.0317
39074	-70.8703
39075	-72.0248
39076	-73.8518
39077	-74.1898
39078	-74.2627
39079	-74.0091
39080	-74.5539
39081	-74.5776
39082	-73.3497
39083	-71.5692
39084	-70.5591
39085	-71.0634
39086	-70.1401
39087	-71.2102
39088	-71.2111
39089	-70.8542
39090	-69.9219
39091	-68.4304
39092	-65.2333
39093	-59.276
39094	-55.955
39095	-57.8196
39096	-57.2791
39097	-57.392
39098	-62.3633
39099	-65.7047
39100	-68.4965
39101	-69.4534
39102	-70.5056
39103	-69.3076
39104	-66.2132
39105	-65.7544
39106	-64.6016
39107	-60.2937
39108	-61.5913
39109	-68.1718
39110	-70.3206
39111	-70.1833
39112	-69.4272
39113	-66.3627
39114	-64.5159
39115	-62.498
39116	-58.5462
39117	-51.06
39118	-49.9776
39119	-57.7892
39120	-62.3099
39121	-64.2253
39122	-66.0014
39123	-69.2682
39124	-70.717
39125	-70.3245
39126	-71.5377
39127	-69.1121
39128	-65.9088
39129	-69.3936
39130	-73.2457
39131	-74.294
39132	-74.5199
39133	-74.368
39134	-73.2764
39135	-73.3287
39136	-72.9032
39137	-72.9113
39138	-73.5386
39139	-72.572
39140	-71.539
39141	-71.0846
39142	-72.5588
39143	-73.3205
39144	-72.6191
39145	-72.2465
39146	-72.8385
39147	-72.909
39148	-72.2645
39149	-72.5812
39150	-72.2219
39151	-72.495
39152	-72.1222
39153	-71.9201
39154	-70.5655
39155	-69.2544
39156	-68.8391
39157	-67.9614
39158	-67.825
39159	-66.9916
39160	-65.3554
39161	-62.525
39162	-60.8706
39163	-58.3234
39164	-56.0145
39165	-50.5227
39166	-33.4289
39167	-22.1622
39168	-21.162
39169	-30.0768
39170	-47.5827
39171	-55.6347
39172	-58.552
39173	-61.2288
39174	-63.1283
39175	-64.8919
39176	-66.6929
39177	-67.9938
39178	-67.956
39179	-69.0319
39180	-70.7419
39181	-71.3131
39182	-72.0735
39183	-72.5491
39184	-72.9892
39185	-72.7731
39186	-72.5919
39187	-71.801
39188	-72.5287
39189	-72.489
39190	-72.1483
39191	-72.2967
39192	-71.6814
39193	-69.2013
39194	-67.4784
39195	-68.4983
39196	-68.1153
39197	-68.324
39198	-71.1242
39199	-72.7836
39200	-73.5566
39201	-73.6092
39202	-74.0937
39203	-74.143
39204	-73.6136
39205	-72.9562
39206	-70.7698
39207	-66.0483
39208	-67.444
39209	-71.2798
39210	-71.3519
39211	-70.5636
39212	-68.8073
39213	-66.2864
39214	-63.7869
39215	-62.4205
39216	-57.997
39217	-50.3669
39218	-49.5083
39219	-57.313
39220	-61.9984
39221	-63.5396
39222	-65.3865
39223	-68.7219
39224	-70.2344
39225	-70.4773
39226	-69.2107
39227	-64.8339
39228	-61.1793
39229	-65.3403
39230	-69.8544
39231	-71.3468
39232	-72.3269
39233	-71.7695
39234	-71.1303
39235	-70.482
39236	-68.3325
39237	-67.5461
39238	-67.1197
39239	-66.5038
39240	-63.4895
39241	-65.3271
39242	-66.3189
39243	-67.7402
39244	-68.0497
39245	-68.7732
39246	-70.4831
39247	-71.9731
39248	-72.4005
39249	-72.8659
39250	-73.134
39251	-73.7031
39252	-73.7052
39253	-74.1078
39254	-74.3915
39255	-74.0637
39256	-74.143
39257	-73.9099
39258	-74.5191
39259	-73.2423
39260	-70.2225
39261	-67.1551
39262	-67.7489
39263	-67.4734
39264	-66.4937
39265	-69.3059
39266	-71.8186
39267	-71.7835
39268	-71.7906
39269	-72.3307
39270	-74.1113
39271	-74.038
39272	-74.4292
39273	-74.8852
39274	-74.2026
39275	-73.9646
39276	-74.4379
39277	-73.8365
39278	-73.732
39279	-72.5196
39280	-71.7531
39281	-72.1487
39282	-70.5765
39283	-67.1543
39284	-64.6819
39285	-63.6684
39286	-62.577
39287	-61.6335
39288	-58.572
39289	-52.0355
39290	-45.347
39291	-48.095
39292	-55.6444
39293	-60.8858
39294	-62.4397
39295	-64.0714
39296	-64.8197
39297	-66.9023
39298	-70.2741
39299	-71.9984
39300	-71.8986
39301	-71.4683
39302	-72.0829
39303	-73.1319
39304	-73.6599
39305	-74.6095
39306	-75.1227
39307	-73.866
39308	-74.2579
39309	-75.0893
39310	-74.3856
39311	-72.0484
39312	-71.5801
39313	-71.6616
39314	-71.0688
39315	-71.7824
39316	-69.6567
39317	-64.561
39318	-64.2053
39319	-70.1349
39320	-72.307
39321	-72.5727
39322	-73.0005
39323	-73.5663
39324	-74.4132
39325	-74.2836
39326	-74.677
39327	-74.3772
39328	-73.8173
39329	-73.1976
39330	-73.1797
39331	-73.4917
39332	-71.9555
39333	-70.9864
39334	-70.8899
39335	-69.8013
39336	-67.7948
39337	-67.1168
39338	-67.1154
39339	-67.9119
39340	-69.8748
39341	-68.0232
39342	-67.4124
39343	-67.3158
39344	-68.2803
39345	-69.9565
39346	-71.1829
39347	-71.9502
39348	-72.589
39349	-70.9573
39350	-66.3116
39351	-63.8992
39352	-66.3455
39353	-64.4623
39354	-65.5831
39355	-69.715
39356	-70.1413
39357	-68.8651
39358	-67.9644
39359	-64.5857
39360	-58.7883
39361	-53.8962
39362	-55.6323
39363	-54.7893
39364	-53.1024
39365	-58.0626
39366	-64.1737
39367	-67.328
39368	-69.1474
39369	-70.3436
39370	-70.8496
39371	-70.0657
39372	-69.0158
39373	-69.2898
39374	-67.9982
39375	-70.9386
39376	-73.7531
39377	-73.6647
39378	-73.9471
39379	-74.2437
39380	-74.5186
39381	-73.47
39382	-71.7805
39383	-69.1144
39384	-67.5915
39385	-68.2482
39386	-68.4729
39387	-69.9441
39388	-71.712
39389	-72.7019
39390	-72.2888
39391	-72.3121
39392	-71.9217
39393	-72.3544
39394	-71.849
39395	-72.5555
39396	-72.8889
39397	-72.2639
39398	-71.4691
39399	-71.3786
39400	-70.4606
39401	-69.3349
39402	-68.8084
39403	-67.9913
39404	-66.8488
39405	-65.1704
39406	-62.9888
39407	-60.4629
39408	-58.8058
39409	-54.4912
39410	-46.8017
39411	-40.2897
39412	-42.0394
39413	-40.8184
39414	-39.1002
39415	-45.2262
39416	-53.5717
39417	-57.5801
39418	-59.6778
39419	-63.342
39420	-65.307
39421	-66.695
39422	-67.8043
39423	-68.5591
39424	-68.3313
39425	-69.5922
39426	-70.5573
39427	-71.7982
39428	-72.406
39429	-71.7779
39430	-71.8237
39431	-72.4487
39432	-72.2161
39433	-72.7656
39434	-72.8595
39435	-73.4045
39436	-72.2383
39437	-72.9372
39438	-72.9574
39439	-71.6658
39440	-70.0675
39441	-71.2553
39442	-72.7111
39443	-73.3718
39444	-73.8999
39445	-73.3634
39446	-74.0472
39447	-74.245
39448	-73.9714
39449	-73.617
39450	-71.4213
39451	-69.1211
39452	-69.8838
39453	-69.1398
39454	-69.7231
39455	-70.1932
39456	-69.4689
39457	-68.8607
39458	-68.0004
39459	-64.9555
39460	-59.2795
39461	-54.6062
39462	-56.4707
39463	-54.7688
39464	-53.6672
39465	-58.757
39466	-64.317
39467	-67.5887
39468	-69.5724
39469	-70.5282
39470	-69.3342
39471	-65.7657
39472	-63.6613
39473	-63.2328
39474	-63.5195
39475	-63.4846
39476	-66.9038
39477	-70.1308
39478	-71.1093
39479	-70.4839
39480	-68.6514
39481	-66.3501
39482	-63.3255
39483	-58.3659
39484	-57.0474
39485	-57.03
39486	-58.7529
39487	-61.1092
39488	-65.5927
39489	-68.3906
39490	-69.2979
39491	-69.805
39492	-70.5101
39493	-71.0358
39494	-71.0039
39495	-70.5892
39496	-70.5658
39497	-72.2658
39498	-74.1731
39499	-74.1362
39500	-74.093
39501	-73.8474
39502	-73.0748
39503	-73.1793
39504	-73.5721
39505	-73.2302
39506	-71.4941
39507	-69.2549
39508	-70.0504
39509	-72.8065
39510	-73.4151
39511	-71.9156
39512	-72.0256
39513	-72.2198
39514	-72.0919
39515	-73.1062
39516	-73.3609
39517	-73.0826
39518	-72.498
39519	-73.3715
39520	-72.7546
39521	-71.5906
39522	-70.2071
39523	-69.3791
39524	-69.8064
39525	-69.8779
39526	-68.4653
39527	-67.0533
39528	-64.9554
39529	-61.5677
39530	-59.1188
39531	-57.7681
39532	-51.5568
39533	-42.977
39534	-42.0256
39535	-39.7042
39536	-43.8186
39537	-47.28
39538	-55.7567
39539	-61.0544
39540	-62.3729
39541	-64.1865
39542	-66.3803
39543	-68.0288
39544	-69.5552
39545	-70.4377
39546	-70.8507
39547	-71.2808
39548	-72.8648
39549	-73.0626
39550	-73.0753
39551	-73.2613
39552	-74.1194
39553	-72.9531
39554	-72.5406
39555	-72.9943
39556	-72.4053
39557	-71.749
39558	-71.8781
39559	-71.6922
39560	-69.6589
39561	-66.3363
39562	-67.2439
39563	-66.8504
39564	-66.2782
39565	-69.6098
39566	-72.7025
39567	-74.252
39568	-74.8908
39569	-74.31
39570	-73.9993
39571	-73.9116
39572	-73.2885
39573	-70.4511
39574	-69.6959
39575	-70.224
39576	-71.1741
39577	-71.6746
39578	-70.8048
39579	-69.5761
39580	-67.6516
39581	-66.2835
39582	-62.2608
39583	-56.9478
39584	-55.8943
39585	-56.002
39586	-57.2364
39587	-59.6507
39588	-64.7865
39589	-68.1596
39590	-69.0341
39591	-70.0663
39592	-71.3034
39593	-69.6694
39594	-67.1143
39595	-67.8393
39596	-66.4974
39597	-66.6479
39598	-70.1876
39599	-72.271
39600	-71.7859
39601	-71.3841
39602	-70.734
39603	-68.477
39604	-66.3907
39605	-65.0114
39606	-59.3281
39607	-54.6789
39608	-57.611
39609	-63.2195
39610	-64.9221
39611	-65.514
39612	-67.7335
39613	-69.6484
39614	-70.5718
39615	-71.6052
39616	-72.376
39617	-71.6658
39618	-71.1887
39619	-73.42
39620	-73.7365
39621	-73.645
39622	-74.1241
39623	-74.6008
39624	-74.059
39625	-73.9488
39626	-72.6225
39627	-71.0667
39628	-70.0098
39629	-65.8982
39630	-63.1542
39631	-66.7226
39632	-70.5481
39633	-71.1984
39634	-71.0508
39635	-71.3941
39636	-71.5467
39637	-74.0264
39638	-74.697
39639	-74.4902
39640	-72.8918
39641	-73.7418
39642	-74.5313
39643	-73.8424
39644	-73.5091
39645	-72.6525
39646	-71.4977
39647	-70.8435
39648	-70.9873
39649	-69.6948
39650	-68.31
39651	-66.8555
39652	-64.8811
39653	-61.9497
39654	-59.5139
39655	-49.6303
39656	-34.689
39657	-27.9204
39658	-30.729
39659	-44.5439
39660	-57.1062
39661	-59.099
39662	-60.8292
39663	-62.8024
39664	-63.7005
39665	-66.8218
39666	-69.9215
39667	-70.3783
39668	-70.2335
39669	-71.5168
39670	-72.4037
39671	-72.5036
39672	-73.0511
39673	-73.2698
39674	-74.1674
39675	-74.2929
39676	-72.9745
39677	-73.0544
39678	-72.8685
39679	-71.7023
39680	-72.2555
39681	-72.3829
39682	-71.6712
39683	-69.8862
39684	-68.9215
39685	-69.9157
39686	-69.2087
39687	-71.324
39688	-73.1162
39689	-74.0322
39690	-74.1514
39691	-73.8946
39692	-74.5793
39693	-74.913
39694	-74.0877
39695	-73.5168
39696	-72.5447
39697	-70.9465
39698	-71.8869
39699	-72.1546
39700	-72.2461
39701	-71.7409
39702	-70.3908
39703	-68.2491
39704	-66.8794
39705	-65.4803
39706	-61.286
39707	-57.5503
39708	-60.2941
39709	-64.6943
39710	-65.5807
39711	-66.2826
39712	-68.6421
39713	-70.3286
39714	-70.9572
39715	-70.9443
39716	-69.2561
39717	-66.3296
39718	-64.7713
39719	-61.6805
39720	-62.1465
39721	-66.311
39722	-69.4266
39723	-69.7117
39724	-69.3146
39725	-66.1982
39726	-63.6216
39727	-61.8375
39728	-58.3204
39729	-52.3232
39730	-49.3785
39731	-54.1337
39732	-59.4792
39733	-63.6943
39734	-66.2362
39735	-69.2006
39736	-70.4034
39737	-71.3654
39738	-70.8432
39739	-68.8178
39740	-65.4708
39741	-68.2162
39742	-72.0738
39743	-73.1616
39744	-74.3679
39745	-74.3621
39746	-74.0553
39747	-73.9031
39748	-73.4373
39749	-72.747
39750	-70.9451
39751	-70.5731
39752	-71.4972
39753	-70.4555
39754	-70.6511
39755	-72.2258
39756	-73.4855
39757	-72.81
39758	-72.6618
39759	-72.8958
39760	-71.869
39761	-71.6421
39762	-72.3435
39763	-72.6927
39764	-71.8007
39765	-71.6718
39766	-70.8412
39767	-70.3915
39768	-69.038
39769	-67.273
39770	-67.3992
39771	-66.457
39772	-64.4718
39773	-62.0544
39774	-60.5631
39775	-58.4439
39776	-55.9822
39777	-50.8898
39778	-40.3455
39779	-27.5516
39780	-24.5135
39781	-31.4609
39782	-43.876
39783	-53.6771
39784	-57.5476
39785	-60.2267
39786	-62.665
39787	-64.9954
39788	-66.3391
39789	-67.5727
39790	-67.4602
39791	-68.6434
39792	-69.405
39793	-70.5312
39794	-71.653
39795	-72.5973
39796	-72.0694
39797	-71.6177
39798	-72.1936
39799	-72.088
39800	-72.0308
39801	-72.9409
39802	-73.1292
39803	-72.2571
39804	-72.1574
39805	-72.7748
39806	-69.8385
39807	-67.0469
39808	-69.4894
39809	-72.619
39810	-72.4536
39811	-72.2832
39812	-73.437
39813	-73.9007
39814	-73.9878
39815	-74.0425
39816	-73.7591
39817	-72.9584
39818	-70.4192
39819	-66.7539
39820	-66.8775
39821	-70.4546
39822	-70.3548
39823	-69.5524
39824	-68.7039
39825	-66.4727
39826	-63.8095
39827	-61.6718
39828	-58.3182
39829	-52.1247
39830	-49.2509
39831	-54.2766
39832	-59.4912
39833	-63.7868
39834	-66.0249
39835	-68.8299
39836	-69.9153
39837	-70.0635
39838	-68.8763
39839	-63.8686
39840	-60.1147
39841	-63.4023
39842	-68.4604
39843	-69.2588
39844	-70.9745
39845	-71.3852
39846	-70.6184
39847	-69.326
39848	-68.1702
39849	-66.3917
39850	-63.9965
39851	-63.4611
39852	-66.0422
39853	-64.8931
39854	-64.7906
39855	-67.4823
39856	-68.9752
39857	-69.4889
39858	-70.0718
39859	-71.3976
39860	-72.0587
39861	-72.0195
39862	-72.7864
39863	-73.1645
39864	-73.3929
39865	-73.2134
39866	-74.1811
39867	-74.2146
39868	-73.8959
39869	-74.3572
39870	-74.1368
39871	-73.5655
39872	-71.0835
39873	-68.3784
39874	-68.5044
39875	-68.5809
39876	-68.7587
39877	-71.6256
39878	-71.5251
39879	-72.3356
39880	-72.6121
39881	-72.0168
39882	-72.9095
39883	-73.1189
39884	-74.0572
39885	-74.7034
39886	-74.0043
39887	-72.8223
39888	-72.9671
39889	-73.332
39890	-72.8081
39891	-71.7937
39892	-70.9475
39893	-70.5213
39894	-69.4066
39895	-67.2971
39896	-62.9074
39897	-59.9762
39898	-61.1163
39899	-58.1225
39900	-51.1828
39901	-48.6345
39902	-53.181
39903	-49.8951
39904	-51.1013
39905	-58.3289
39906	-62.8021
39907	-64.1492
39908	-65.9952
39909	-68.4151
39910	-70.1757
39911	-70.6464
39912	-71.4055
39913	-71.4065
39914	-71.8478
39915	-73.0651
39916	-73.9861
39917	-74.3286
39918	-74.8968
39919	-74.0252
39920	-74.2178
39921	-74.3054
39922	-73.431
39923	-72.2835
39924	-71.6973
39925	-71.236
39926	-70.8795
39927	-71.4414
39928	-69.3203
39929	-64.9232
39930	-63.1606
39931	-67.2859
39932	-71.2449
39933	-72.5045
39934	-73.6763
39935	-74.4512
39936	-74.1145
39937	-74.4393
39938	-74.1082
39939	-74.026
39940	-72.8391
39941	-73.0577
39942	-73.3334
39943	-72.4727
39944	-72.0458
39945	-71.3524
39946	-69.6847
39947	-68.8117
39948	-67.4241
39949	-65.8535
39950	-61.6968
39951	-60.3097
39952	-63.5198
39953	-61.2224
39954	-61.9013
39955	-66.1062
39956	-68.7474
39957	-69.8681
39958	-70.8491
39959	-72.1307
39960	-71.886
39961	-70.1195
39962	-68.3787
39963	-66.1238
39964	-66.4433
39965	-66.8375
39966	-68.3854
39967	-70.6475
39968	-71.3447
39969	-70.3616
39970	-68.7476
39971	-65.204
39972	-59.4032
39973	-54.6551
39974	-55.9451
39975	-56.4608
39976	-55.5889
39977	-60.4178
39978	-64.6406
39979	-67.5349
39980	-69.0422
39981	-69.2295
39982	-71.0274
39983	-70.3302
39984	-69.8884
39985	-70.5565
39986	-70.0231
39987	-71.6101
39988	-73.6957
39989	-73.9395
39990	-73.6238
39991	-74.323
39992	-74.0776
39993	-72.5642
39994	-72.5651
39995	-70.6844
39996	-66.0593
39997	-62.6271
39998	-67.6249
39999	-71.3253
40000	-71.4473
40001	-70.8582
40002	-72.103
40003	-72.0145
40004	-72.8445
40005	-72.7544
40006	-72.9548
40007	-72.3399
40008	-73.1129
40009	-73.4235
40010	-73.139
40011	-71.832
40012	-71.1622
40013	-69.8166
40014	-69.6237
40015	-69.5603
40016	-68.0328
40017	-67.5702
40018	-65.3007
40019	-62.7799
40020	-60.1286
40021	-55.2526
40022	-46.8091
40023	-40.5812
40024	-41.1783
40025	-42.5519
40026	-42.0304
40027	-48.6825
40028	-55.9639
40029	-58.5921
40030	-59.3019
40031	-62.703
40032	-65.4953
40033	-67.6682
40034	-68.5076
40035	-68.8139
40036	-69.7201
40037	-71.2587
40038	-71.4788
40039	-71.4602
40040	-72.1291
40041	-73.1344
40042	-73.2475
40043	-72.7416
40044	-72.8549
40045	-72.4461
40046	-72.5781
40047	-73.1926
40048	-73.2483
40049	-72.6173
40050	-72.2611
40051	-71.6647
40052	-71.316
40053	-70.8341
40054	-71.8816
40055	-73.5619
40056	-74.0983
40057	-74.3457
40058	-74.1829
40059	-74.3673
40060	-74.7148
40061	-73.6009
40062	-71.8524
40063	-70.32
40064	-70.9296
40065	-69.9921
40066	-70.7796
40067	-71.1063
40068	-71.2159
40069	-70.1218
40070	-68.6758
40071	-65.8341
40072	-60.0958
40073	-55.7378
40074	-57.1117
40075	-57.5777
40076	-56.399
40077	-61.1768
40078	-65.2817
40079	-67.8815
40080	-69.2603
40081	-70.1764
40082	-69.3839
40083	-66.7086
40084	-65.3299
40085	-65.41
40086	-61.0967
40087	-60.9216
40088	-67.1134
40089	-70.0443
40090	-70.3939
40091	-69.5805
40092	-67.1017
40093	-64.9398
40094	-63.1265
40095	-59.5319
40096	-52.5688
40097	-49.736
40098	-56.1073
40099	-62.1612
40100	-63.9652
40101	-65.6646
40102	-68.9422
40103	-70.741
40104	-70.5616
40105	-71.4671
40106	-70.3382
40107	-66.2241
40108	-68.6893
40109	-72.6975
40110	-74.3502
40111	-74.6818
40112	-74.2665
40113	-73.6381
40114	-73.1499
40115	-73.2359
40116	-72.8647
40117	-73.3944
40118	-72.8871
40119	-71.7478
40120	-71.1459
40121	-72.1813
40122	-73.157
40123	-72.9714
40124	-72.3269
40125	-72.6065
40126	-73.1668
40127	-72.2719
40128	-72.5459
40129	-72.3067
40130	-72.4703
40131	-72.2052
40132	-72.1355
40133	-71.027
40134	-69.4907
40135	-69.046
40136	-68.2324
40137	-67.7665
40138	-67.4251
40139	-65.658
40140	-63.0562
40141	-61.2584
40142	-59.0119
40143	-56.6182
40144	-52.6636
40145	-37.6134
40146	-23.8599
40147	-21.0711
40148	-27.9176
40149	-45.4151
40150	-55.3498
40151	-58.1917
40152	-60.902
40153	-63.1098
40154	-64.5135
40155	-66.7245
40156	-67.8904
40157	-68.0191
40158	-69.1905
40159	-70.6836
40160	-71.4963
40161	-72.1191
40162	-72.698
40163	-72.9471
40164	-73.2361
40165	-72.6657
40166	-71.8852
40167	-72.4956
40168	-72.5348
40169	-72.0897
40170	-72.0566
40171	-72.0846
40172	-69.6377
40173	-67.2745
40174	-67.9943
40175	-68.2843
40176	-67.802
40177	-70.2484
40178	-72.5986
40179	-73.3528
40180	-73.5918
40181	-74.0773
40182	-74.0487
40183	-73.6346
40184	-73.0628
40185	-71.6323
40186	-66.8687
40187	-66.7033
40188	-70.9355
40189	-71.3804
40190	-70.9968
40191	-69.0847
40192	-66.9639
40193	-64.2727
40194	-62.8125
40195	-59.0574
40196	-51.7253
40197	-49.1514
40198	-55.6657
40199	-61.7763
40200	-63.5012
40201	-65.0157
40202	-68.2835
40203	-70.2067
40204	-70.7437
40205	-69.8015
40206	-66.3202
40207	-61.4755
40208	-64.4282
40209	-69.5503
40210	-71.1053
40211	-72.4386
40212	-71.7557
40213	-71.3897
40214	-70.8381
40215	-68.9241
40216	-67.6434
40217	-67.219
40218	-66.237
40219	-62.1346
40220	-63.3716
40221	-66.0422
40222	-67.3957
40223	-67.8653
40224	-68.3703
40225	-70.2564
40226	-71.932
40227	-72.3595
40228	-72.6741
40229	-72.9957
40230	-73.4344
40231	-73.724
40232	-73.924
40233	-74.3389
40234	-73.9802
40235	-74.2402
40236	-74.0043
40237	-74.7012
40238	-73.5736
40239	-70.8489
40240	-67.3997
40241	-67.1458
40242	-67.8879
40243	-66.1907
40244	-68.6403
40245	-71.7301
40246	-71.7888
40247	-71.7335
40248	-72.2181
40249	-73.626
40250	-74.1425
40251	-74.1851
40252	-74.7481
40253	-74.3257
40254	-74.0138
40255	-74.4567
40256	-74.1051
40257	-73.8707
40258	-72.7143
40259	-71.7501
40260	-72.1223
40261	-70.9496
40262	-67.953
40263	-65.2056
40264	-64.1878
40265	-63.1332
40266	-62.3445
40267	-58.7401
40268	-50.3531
40269	-41.951
40270	-42.8679
40271	-52.3528
40272	-59.7742
40273	-61.9828
40274	-63.6048
40275	-64.5869
40276	-65.9313
40277	-69.452
40278	-71.3885
40279	-72.0085
40280	-71.3718
40281	-71.7635
40282	-72.6352
40283	-73.5306
40284	-74.3368
40285	-75.3832
40286	-73.8042
40287	-73.8774
40288	-74.9645
40289	-74.3421
40290	-72.4667
40291	-71.4588
40292	-71.6382
40293	-70.9881
40294	-72.0596
40295	-70.4176
40296	-65.8185
40297	-63.8416
40298	-69.2494
40299	-72.2207
40300	-72.3217
40301	-72.8193
40302	-73.4768
40303	-74.3013
40304	-74.3739
40305	-74.5673
40306	-74.7219
40307	-73.9477
40308	-73.2913
40309	-73.073
40310	-73.4451
40311	-72.3672
40312	-71.0022
40313	-71.2149
40314	-70.2493
40315	-68.45
40316	-67.2243
40317	-67.0839
40318	-67.6182
40319	-68.4953
40320	-67.6801
40321	-67.278
40322	-67.1873
40323	-67.911
40324	-69.5474
40325	-70.62
40326	-72.0475
40327	-72.3726
40328	-71.5911
40329	-66.896
40330	-63.7424
40331	-65.5331
40332	-64.7
40333	-64.6361
40334	-69.0601
40335	-70.2403
40336	-69.0678
40337	-68.1819
40338	-65.3844
40339	-59.9465
40340	-54.2379
40341	-54.7325
40342	-55.1096
40343	-52.8373
40344	-56.958
40345	-62.9577
40346	-67.2193
40347	-69.0643
40348	-70.1584
40349	-70.8603
40350	-70.3426
40351	-68.9962
40352	-69.3667
40353	-67.9752
40354	-70.0931
40355	-73.6409
40356	-73.7214
40357	-74.0657
40358	-74.0389
40359	-74.4445
40360	-73.7811
40361	-72.314
40362	-69.864
40363	-67.8016
40364	-68.3332
40365	-68.5946
40366	-69.5914
40367	-71.7273
40368	-72.8012
40369	-72.4289
40370	-72.3691
40371	-72.0392
40372	-72.2895
40373	-71.7659
40374	-72.3013
40375	-72.9131
40376	-72.4082
40377	-71.5731
40378	-71.2282
40379	-70.7509
40380	-69.483
40381	-68.6416
40382	-68.235
40383	-67.1001
40384	-65.6163
40385	-63.2645
40386	-60.8295
40387	-59.1204
40388	-55.578
40389	-48.3658
40390	-40.6457
40391	-41.6156
40392	-40.1942
40393	-38.8606
40394	-43.2327
40395	-52.0902
40396	-57.5011
40397	-59.0527
40398	-62.6179
40399	-64.991
40400	-66.4634
40401	-67.5443
40402	-68.6213
40403	-68.2077
40404	-69.1538
40405	-70.2706
40406	-71.6004
40407	-72.3206
40408	-71.7787
40409	-71.9182
40410	-72.2922
40411	-72.0817
40412	-72.6841
40413	-72.7805
40414	-73.3969
40415	-72.4881
40416	-72.6762
40417	-73.0169
40418	-71.9703
40419	-69.9157
40420	-70.6956
40421	-72.3125
40422	-73.2859
40423	-73.7295
40424	-73.2875
40425	-73.8956
40426	-74.2085
40427	-74.1486
40428	-73.6623
40429	-71.9999
40430	-69.1907
40431	-69.9084
40432	-69.0939
40433	-69.3948
40434	-70.3706
40435	-69.6088
40436	-68.7878
40437	-68.204
40438	-65.5398
40439	-60.2755
40440	-54.8604
40441	-55.2575
40442	-55.1396
40443	-53.2489
40444	-57.3906
40445	-63.4298
40446	-67.2224
40447	-69.2053
40448	-70.475
40449	-69.5893
40450	-66.6471
40451	-63.7227
40452	-63.0576
40453	-63.6813
40454	-63.0573
40455	-66.491
40456	-69.8834
40457	-71.1222
40458	-70.8062
40459	-69.0776
40460	-66.9282
40461	-64.4057
40462	-59.6946
40463	-57.4534
40464	-57.4485
40465	-59.3886
40466	-60.9361
40467	-65.2104
40468	-68.446
40469	-69.3439
40470	-69.6145
40471	-70.4894
40472	-71.1225
40473	-71.3702
40474	-70.9245
40475	-70.6503
40476	-72.0835
40477	-73.9629
40478	-74.1215
40479	-74.0474
40480	-73.8192
40481	-73.256
40482	-73.0468
40483	-73.7143
40484	-73.308
40485	-71.6561
40486	-69.0528
40487	-69.3709
40488	-72.2525
40489	-73.2928
40490	-72.0446
40491	-71.8822
40492	-72.0624
40493	-72.0487
40494	-72.9865
40495	-73.3087
40496	-73.3796
40497	-72.6485
40498	-73.3873
40499	-72.9451
40500	-72.0033
40501	-70.623
40502	-69.5688
40503	-69.9384
40504	-70.1697
40505	-68.8402
40506	-67.497
40507	-65.9047
40508	-62.2668
40509	-59.5046
40510	-58.5809
40511	-53.4902
40512	-44.6843
40513	-42.1413
40514	-40.0082
40515	-44.3727
40516	-46.4256
40517	-54.8766
40518	-60.8189
40519	-62.4682
40520	-64.0299
40521	-66.4069
40522	-67.9022
40523	-69.4442
40524	-70.3509
40525	-70.9312
40526	-71.1603
40527	-72.7138
40528	-73.4506
40529	-73.3826
40530	-73.162
40531	-74.1103
40532	-73.3044
40533	-72.6399
40534	-73.0445
40535	-72.3341
40536	-71.9182
40537	-71.8887
40538	-71.58
40539	-70.063
40540	-66.6608
40541	-66.7235
40542	-67.2756
40543	-66.0029
40544	-68.733
40545	-72.2747
40546	-74.0546
40547	-74.8257
40548	-74.4899
40549	-73.9744
40550	-73.9765
40551	-73.6475
40552	-71.2345
40553	-69.8416
40554	-70.251
40555	-71.1417
40556	-71.9403
40557	-71.1523
40558	-69.8733
40559	-68.1041
40560	-66.8028
40561	-63.5084
40562	-58.2825
40563	-56.09
40564	-56.19
40565	-57.8331
40566	-59.3119
40567	-63.9967
40568	-67.9928
40569	-68.9666
40570	-70.0349
40571	-71.327
40572	-70.4861
40573	-67.6752
40574	-68.0578
40575	-67.0487
40576	-66.0573
40577	-68.806
40578	-72.1423
40579	-71.6753
40580	-71.419
40581	-70.9463
40582	-68.8955
40583	-66.5145
40584	-65.2793
40585	-59.9621
40586	-54.4943
40587	-55.6592
40588	-61.8928
40589	-64.6973
40590	-65.2069
40591	-67.107
40592	-69.4909
40593	-70.1407
40594	-71.3793
40595	-72.2543
40596	-71.5692
40597	-70.6686
40598	-72.8803
40599	-73.5583
40600	-73.4574
40601	-74.0523
40602	-74.5245
40603	-74.1205
40604	-73.9885
40605	-73.0357
40606	-71.1143
40607	-70.4984
40608	-67.0192
40609	-63.0832
40610	-66.1105
40611	-69.8265
40612	-71.2528
40613	-70.8733
40614	-71.2956
40615	-71.4319
40616	-73.3022
40617	-74.4198
40618	-74.4882
40619	-72.9998
40620	-73.4141
40621	-74.3787
40622	-74.0345
40623	-73.5218
40624	-72.7754
40625	-71.3904
40626	-70.6306
40627	-70.7962
40628	-69.7674
40629	-68.5473
40630	-67.1123
40631	-64.9692
40632	-62.2512
40633	-59.7452
40634	-51.7744
40635	-36.588
40636	-27.7778
40637	-28.789
40638	-40.373
40639	-54.6179
40640	-58.7791
40641	-60.1602
40642	-62.4554
40643	-63.1025
40644	-65.843
40645	-69.5145
40646	-70.382
40647	-69.9476
40648	-71.0282
40649	-72.0297
40650	-72.4202
40651	-72.8864
40652	-73.0324
40653	-73.8661
40654	-74.3303
40655	-72.9686
40656	-72.7811
40657	-73.059
40658	-71.9777
40659	-72.16
40660	-72.746
40661	-72.1608
40662	-70.4086
40663	-69.0948
40664	-70.0112
40665	-69.5231
40666	-70.867
40667	-72.7314
40668	-73.8297
40669	-74.2414
40670	-73.9214
40671	-74.2995
40672	-75.0115
40673	-74.132
40674	-73.5892
40675	-72.5997
40676	-70.6793
40677	-71.3294
40678	-72.2653
40679	-72.0864
40680	-72.0607
40681	-70.8173
40682	-68.6507
40683	-66.8115
40684	-65.6921
40685	-61.421
40686	-57.0229
40687	-58.2991
40688	-63.7351
40689	-65.4666
40690	-65.8385
40691	-67.9186
40692	-69.9728
40693	-70.8943
40694	-71.0024
40695	-69.5199
40696	-66.5949
40697	-64.7313
40698	-62.3305
40699	-61.4178
40700	-65.7178
40701	-69.1021
40702	-69.5839
40703	-69.6407
40704	-66.8679
40705	-64.1088
40706	-62.2747
40707	-59.1601
40708	-53.9329
40709	-49.2934
40710	-53.1432
40711	-58.519
40712	-63.3139
40713	-65.5264
40714	-68.7587
40715	-70.2775
40716	-71.3897
40717	-71.0286
40718	-69.7218
40719	-65.8318
40720	-67.4825
40721	-71.5603
40722	-73.0717
40723	-74.1051
40724	-74.5704
40725	-74.2127
40726	-74.0557
40727	-73.4063
40728	-73.0948
40729	-71.7494
40730	-70.7339
40731	-71.6179
40732	-71.0125
40733	-70.7759
40734	-71.992
40735	-73.5107
40736	-73.0652
40737	-72.6976
40738	-73.072
40739	-72.025
40740	-71.7056
40741	-72.1526
40742	-73.0016
40743	-72.0013
40744	-71.5814
40745	-70.907
40746	-70.4205
40747	-69.2586
40748	-67.4899
40749	-67.3771
40750	-66.83
40751	-64.9406
40752	-62.5446
40753	-60.8334
40754	-58.81
40755	-56.4321
40756	-52.4954
40757	-42.3965
40758	-29.1726
40759	-24.2119
40760	-29.1485
40761	-41.6738
40762	-52.7015
40763	-56.9952
40764	-59.7962
40765	-62.3734
40766	-64.7489
40767	-66.2762
40768	-67.2982
40769	-67.52
40770	-68.4094
40771	-69.0353
40772	-70.2702
40773	-71.5644
40774	-72.6698
40775	-72.3462
40776	-71.593
40777	-71.9374
40778	-72.0584
40779	-72.1218
40780	-72.8201
40781	-73.15
40782	-72.4809
40783	-71.9106
40784	-72.6473
40785	-70.0835
40786	-66.9508
40787	-68.3145
40788	-72.098
40789	-72.4912
40790	-72.2114
40791	-73.2394
40792	-73.8191
40793	-73.7523
40794	-73.9084
40795	-73.8281
40796	-73.285
40797	-71.0078
40798	-67.3492
40799	-66.4149
40800	-69.9197
40801	-70.7887
40802	-69.6006
40803	-68.8607
40804	-67.172
40805	-63.9072
40806	-62.4588
40807	-59.0348
40808	-53.5333
40809	-49.0625
40810	-53.2365
40811	-58.4676
40812	-63.1794
40813	-65.5214
40814	-68.3339
40815	-70.0281
40816	-70.1696
40817	-69.4831
40818	-65.1246
40819	-60.4585
40820	-62.3653
40821	-68.2068
40822	-69.4282
40823	-70.8424
40824	-71.5905
40825	-70.7952
40826	-69.6366
40827	-68.6138
40828	-66.9391
40829	-65.4411
40830	-64.2848
40831	-66.7064
40832	-66.5727
40833	-65.6322
40834	-67.486
40835	-69.0085
40836	-69.3574
40837	-69.9716
40838	-71.2224
40839	-72.1106
40840	-72.1606
40841	-72.6727
40842	-73.2292
40843	-73.424
40844	-73.1786
40845	-73.9609
40846	-74.5689
40847	-73.9904
40848	-74.5978
40849	-74.2479
40850	-73.5701
40851	-71.5706
40852	-68.5909
40853	-67.9539
40854	-68.6264
40855	-68.2653
40856	-70.7067
40857	-71.3961
40858	-72.0793
40859	-72.4078
40860	-72.0703
40861	-72.7724
40862	-73.3444
40863	-73.8553
40864	-74.8544
40865	-74.4131
40866	-73.085
40867	-73.1405
40868	-73.605
40869	-73.0159
40870	-72.2927
40871	-71.2015
40872	-70.7921
40873	-70.0547
40874	-68.1115
40875	-64.2153
40876	-60.2607
40877	-61.335
40878	-59.6443
40879	-53.7213
40880	-49.8307
40881	-53.4142
40882	-52.0809
40883	-51.9903
40884	-58.3218
40885	-62.7992
40886	-64.3336
40887	-65.4938
40888	-68.1703
40889	-70.0361
40890	-70.8196
40891	-71.4268
40892	-71.61
40893	-71.8155
40894	-72.8129
40895	-74.071
40896	-74.4121
40897	-74.8329
40898	-74.3185
40899	-74.2842
40900	-74.5434
40901	-73.5197
40902	-72.2316
40903	-71.5905
40904	-71.5853
40905	-70.6803
40906	-71.5581
40907	-69.9758
40908	-66.0241
40909	-62.9695
40910	-66.7387
40911	-70.8209
40912	-72.3071
40913	-73.557
40914	-74.3846
40915	-74.0726
40916	-74.5995
40917	-74.1869
40918	-74.1579
40919	-73.1459
40920	-73.1256
40921	-73.5926
40922	-72.9049
40923	-72.3066
40924	-71.7172
40925	-70.0452
40926	-69.0374
40927	-67.7893
40928	-66.4151
40929	-62.8741
40930	-61.1407
40931	-63.6985
40932	-62.7779
40933	-62.2396
40934	-65.9702
40935	-68.5881
40936	-69.8439
40937	-70.6505
40938	-71.9999
40939	-72.0681
40940	-70.6687
40941	-68.8329
40942	-65.8489
40943	-66.0482
40944	-66.5741
40945	-67.121
40946	-70.3486
40947	-71.069
40948	-70.5011
40949	-69.0276
40950	-66.0085
40951	-60.5157
40952	-54.8181
40953	-55.214
40954	-56.4486
40955	-55.006
40956	-59.0272
40957	-63.9958
40958	-66.8777
40959	-68.8289
40960	-69.1924
40961	-70.4512
40962	-70.6477
40963	-69.5374
40964	-70.4379
40965	-69.822
40966	-71.1001
40967	-73.4504
40968	-73.7859
40969	-73.7038
40970	-74.2929
40971	-74.3688
40972	-72.8455
40973	-72.4565
40974	-71.2188
40975	-67.203
40976	-62.6983
40977	-66.4003
40978	-71.1584
40979	-71.6841
40980	-71.0029
40981	-71.9232
40982	-72.0314
40983	-72.7785
40984	-72.6638
40985	-72.9277
40986	-72.3889
40987	-72.8909
40988	-73.3645
40989	-72.985
40990	-71.7721
40991	-71.0015
40992	-69.9981
40993	-69.6916
40994	-69.7749
40995	-68.1384
40996	-67.4941
40997	-65.3947
40998	-62.9265
40999	-60.4601
41000	-56.0988
41001	-48.3751
41002	-40.7387
41003	-41.5994
41004	-41.1475
41005	-41.6263
41006	-46.5332
41007	-54.622
41008	-58.3537
41009	-58.8696
41010	-61.969
41011	-64.8017
41012	-67.2055
41013	-68.3036
41014	-68.7375
41015	-69.3478
41016	-70.7225
41017	-71.5102
41018	-71.2872
41019	-71.8664
41020	-72.814
41021	-73.1975
41022	-72.6048
41023	-72.607
41024	-72.3081
41025	-72.4672
41026	-73.041
41027	-73.4658
41028	-72.8216
41029	-72.6528
41030	-71.8905
41031	-71.5331
41032	-71.0237
41033	-71.6852
41034	-73.2777
41035	-73.9271
41036	-74.4724
41037	-74.164
41038	-74.1742
41039	-74.7056
41040	-73.8272
41041	-71.9832
41042	-70.0613
41043	-70.3911
41044	-70.1467
41045	-70.3479
41046	-71.0153
41047	-71.1401
41048	-70.2722
41049	-69.1789
41050	-66.4893
41051	-61.1416
41052	-55.6525
41053	-56.1452
41054	-57.6109
41055	-55.7446
41056	-59.7941
41057	-64.439
41058	-67.3009
41059	-68.9524
41060	-70.1241
41061	-69.6584
41062	-67.2889
41063	-64.8079
41064	-65.8752
41065	-61.8483
41066	-60.5124
41067	-65.7326
41068	-69.8478
41069	-70.5169
41070	-69.7522
41071	-67.7543
41072	-65.4863
41073	-63.6517
41074	-60.6392
41075	-54.4466
41076	-49.8527
41077	-54.5276
41078	-61.8594
41079	-63.9255
41080	-65.4596
41081	-68.3552
41082	-70.9101
41083	-70.6448
41084	-70.9705
41085	-71.0566
41086	-66.7141
41087	-67.886
41088	-72.208
41089	-74.3389
41090	-74.8206
41091	-74.3493
41092	-73.7657
41093	-72.9709
41094	-73.3569
41095	-72.8925
41096	-73.3201
41097	-73.0465
41098	-71.7833
41099	-71.19
41100	-71.8519
41101	-72.9786
41102	-73.0966
41103	-72.3377
41104	-72.2705
41105	-73.1542
41106	-72.4292
41107	-72.6583
41108	-72.3262
41109	-72.5108
41110	-72.2758
41111	-72.4547
41112	-71.4181
41113	-69.8153
41114	-69.0496
41115	-68.5633
41116	-67.7957
41117	-67.9021
41118	-66.077
41119	-63.5662
41120	-61.4341
41121	-59.5754
41122	-57.4856
41123	-54.016
41124	-41.7567
41125	-25.9579
41126	-21.3364
41127	-26.2428
41128	-42.3105
41129	-54.8656
41130	-58.0111
41131	-60.5962
41132	-62.9467
41133	-64.3232
41134	-66.482
41135	-67.7633
41136	-68.2753
41137	-69.4509
41138	-70.6068
41139	-71.6066
41140	-72.1948
41141	-72.7525
41142	-73.059
41143	-73.0347
41144	-72.8562
41145	-72.1664
41146	-72.4016
41147	-72.4843
41148	-72.0402
41149	-71.7559
41150	-72.2136
41151	-70.1816
41152	-67.2604
41153	-67.4537
41154	-68.5617
41155	-67.3926
41156	-69.6002
41157	-72.2605
41158	-73.317
41159	-73.564
41160	-73.9688
41161	-74.1808
41162	-73.7741
41163	-73.0844
41164	-72.0774
41165	-67.8476
41166	-66.3017
41167	-70.6717
41168	-71.5503
41169	-71.1675
41170	-69.2135
41171	-67.5583
41172	-64.8727
41173	-62.988
41174	-60.1925
41175	-53.4194
41176	-49.1476
41177	-53.9768
41178	-61.1662
41179	-63.4119
41180	-64.7829
41181	-68.0421
41182	-70.3348
41183	-70.7503
41184	-70.0696
41185	-67.5655
41186	-62.0896
41187	-63.6106
41188	-69.1259
41189	-70.9451
41190	-72.5004
41191	-72.0561
41192	-71.6395
41193	-71.2223
41194	-69.3266
41195	-67.856
41196	-67.3454
41197	-66.1862
41198	-61.4549
41199	-60.7256
41200	-65.1553
41201	-67.0088
41202	-67.6568
41203	-68.1184
41204	-69.7249
41205	-71.3331
41206	-72.1264
41207	-72.6257
41208	-73.0835
41209	-72.9599
41210	-73.6544
41211	-73.7525
41212	-74.3944
41213	-73.9206
41214	-74.3565
41215	-74.0963
41216	-74.6405
41217	-73.7132
41218	-71.3677
41219	-67.764
41220	-66.7501
41221	-67.9336
41222	-66.0743
41223	-68.0372
41224	-71.2746
41225	-71.7328
41226	-71.653
41227	-72.188
41228	-73.2016
41229	-74.2638
41230	-74.0309
41231	-74.632
41232	-74.318
41233	-74.0674
41234	-74.2853
41235	-74.0913
41236	-73.9765
41237	-73.0114
41238	-71.773
41239	-71.9535
41240	-71.2796
41241	-68.7768
41242	-65.8935
41243	-64.7258
41244	-63.6782
41245	-62.3066
41246	-59.5706
41247	-50.2521
41248	-40.1027
41249	-39.1829
41250	-48.3541
41251	-58.2224
41252	-61.5243
41253	-62.9281
41254	-64.3927
41255	-65.1394
41256	-68.5322
41257	-70.8226
41258	-72.0538
41259	-71.3406
41260	-71.3592
41261	-72.2872
41262	-73.3847
41263	-73.9379
41264	-75.2048
41265	-74.0118
41266	-73.6937
41267	-74.7508
41268	-74.2934
41269	-72.9419
41270	-71.4502
41271	-71.6685
41272	-71.0802
41273	-72.1362
41274	-71.0429
41275	-67.2541
41276	-63.8321
41277	-68.2996
41278	-72.0454
41279	-72.454
41280	-72.8218
41281	-73.3098
41282	-74.0118
41283	-74.2497
41284	-74.5074
41285	-74.8621
41286	-74.177
41287	-73.4351
41288	-72.8524
41289	-73.4202
41290	-72.7949
41291	-71.2305
41292	-71.3356
41293	-70.569
41294	-68.8914
41295	-67.2956
41296	-67.2965
41297	-67.1348
41298	-66.5607
41299	-66.138
41300	-66.9288
41301	-67.3173
41302	-67.6515
41303	-69.2439
41304	-70.1471
41305	-71.6584
41306	-72.1205
41307	-71.8936
41308	-67.3825
41309	-63.8497
41310	-64.7106
41311	-65.1563
41312	-63.9885
41313	-68.3133
41314	-70.2949
41315	-69.2535
41316	-68.3538
41317	-66.0711
41318	-61.0822
41319	-54.9388
41320	-53.9376
41321	-55.1501
41322	-52.8488
41323	-55.562
41324	-61.8154
41325	-66.5283
41326	-68.8739
41327	-70.0141
41328	-70.8644
41329	-70.4718
41330	-69.0183
41331	-69.4954
41332	-68.0312
41333	-69.3468
41334	-73.1304
41335	-73.6454
41336	-74.0442
41337	-74.009
41338	-74.5862
41339	-73.924
41340	-72.7174
41341	-70.4135
41342	-68.1945
41343	-68.6131
41344	-68.9078
41345	-69.4523
41346	-71.6468
41347	-72.841
41348	-72.6669
41349	-72.4456
41350	-72.3143
41351	-72.2214
41352	-71.8432
41353	-72.241
41354	-72.8426
41355	-72.5813
41356	-71.6549
41357	-71.0277
41358	-70.9559
41359	-69.557
41360	-68.6156
41361	-68.1855
41362	-67.4365
41363	-65.8778
41364	-63.6808
41365	-61.2975
41366	-59.2509
41367	-56.436
41368	-49.904
41369	-41.4085
41370	-40.6626
41371	-39.8042
41372	-38.8028
41373	-41.5602
41374	-50.4366
41375	-56.8855
41376	-58.6227
41377	-61.9331
41378	-64.7641
41379	-66.2298
41380	-67.3233
41381	-68.5977
41382	-68.0751
41383	-68.8245
41384	-69.924
41385	-71.3814
41386	-72.1783
41387	-71.8315
41388	-71.7263
41389	-72.0514
41390	-72.0223
41391	-72.4917
41392	-72.7223
41393	-73.3964
41394	-72.8524
41395	-72.4912
41396	-73.3004
41397	-72.3805
41398	-69.877
41399	-70.0204
41400	-72.0513
41401	-73.0607
41402	-73.6505
41403	-73.3046
41404	-73.6148
41405	-74.4043
41406	-74.3505
41407	-73.5451
41408	-72.5443
41409	-69.3995
41410	-69.4938
41411	-69.1171
41412	-69.1368
41413	-70.315
41414	-69.6331
41415	-68.8303
41416	-68.3804
41417	-66.1337
41418	-61.4847
41419	-55.4768
41420	-54.3833
41421	-55.1011
41422	-53.0485
41423	-55.9461
41424	-62.279
41425	-66.686
41426	-68.8932
41427	-70.5071
41428	-69.7562
41429	-67.2976
41430	-63.9059
41431	-63.1496
41432	-63.7256
41433	-62.8778
41434	-66.2618
41435	-69.3986
41436	-70.9868
41437	-71.0406
41438	-69.4053
41439	-67.6091
41440	-65.5042
41441	-61.1467
41442	-58.1761
41443	-58.0945
41444	-59.8778
41445	-60.941
41446	-64.776
41447	-68.4928
41448	-69.3212
41449	-69.6419
41450	-70.6031
41451	-71.0915
41452	-71.6156
41453	-71.3562
41454	-70.7226
41455	-71.9003
41456	-73.6684
41457	-74.4681
41458	-74.149
41459	-73.9338
41460	-73.3797
41461	-72.9305
41462	-73.7229
41463	-73.2621
41464	-71.8127
41465	-69.0559
41466	-68.6906
41467	-71.471
41468	-73.0976
41469	-72.3949
41470	-71.6556
41471	-71.9483
41472	-71.9628
41473	-72.8153
41474	-73.3709
41475	-73.6226
41476	-73.0559
41477	-73.5046
41478	-73.1386
41479	-72.3956
41480	-71.1819
41481	-69.8793
41482	-70.1363
41483	-70.3448
41484	-69.369
41485	-68.0097
41486	-66.4962
41487	-63.169
41488	-60.1188
41489	-59.3614
41490	-55.4094
41491	-46.7419
41492	-42.5318
41493	-40.7256
41494	-44.0747
41495	-46.0441
41496	-53.916
41497	-60.616
41498	-62.7286
41499	-63.9059
41500	-66.1732
41501	-67.869
41502	-69.3386
41503	-70.4644
41504	-71.0247
41505	-71.2959
41506	-72.4963
41507	-73.5007
41508	-73.5837
41509	-73.1841
41510	-74.1623
41511	-73.6137
41512	-72.8408
41513	-73.1074
41514	-72.505
41515	-72.1318
41516	-71.8064
41517	-71.5648
41518	-70.5016
41519	-67.2398
41520	-66.1865
41521	-67.5394
41522	-65.824
41523	-67.8809
41524	-71.6627
41525	-73.8815
41526	-74.7725
41527	-74.5144
41528	-74.0887
41529	-73.9483
41530	-73.8899
41531	-72.0185
41532	-70.1765
41533	-70.4298
41534	-71.3733
41535	-71.9992
41536	-71.4163
41537	-70.0302
41538	-68.5608
41539	-66.8008
41540	-64.7757
41541	-59.4997
41542	-56.4528
41543	-56.6941
41544	-58.6079
41545	-59.1914
41546	-63.2103
41547	-67.6118
41548	-69.0726
41549	-69.9088
41550	-71.2823
41551	-71.1215
41552	-68.4825
41553	-68.217
41554	-67.9204
41555	-65.7453
41556	-67.6285
41557	-71.8269
41558	-71.6298
41559	-71.6748
41560	-71.0829
41561	-69.4115
41562	-66.6962
41563	-65.5533
41564	-60.7344
41565	-54.7081
41566	-54.0941
41567	-60.3364
41568	-64.2946
41569	-64.871
41570	-66.2453
41571	-69.2122
41572	-69.7975
41573	-71.256
41574	-72.0043
41575	-71.3524
41576	-70.1851
41577	-71.9168
41578	-73.2862
41579	-73.3905
41580	-74.1638
41581	-74.3727
41582	-74.3438
41583	-74.2254
41584	-73.3777
41585	-71.3233
41586	-70.9303
41587	-67.9211
41588	-63.3263
41589	-65.2119
41590	-69.0345
41591	-71.2087
41592	-70.8061
41593	-71.208
41594	-71.4628
41595	-72.5837
41596	-74.3221
41597	-74.359
41598	-73.1032
41599	-72.9417
41600	-74.1785
41601	-74.1698
41602	-73.3982
41603	-72.6012
41604	-71.4626
41605	-70.4717
41606	-70.7257
41607	-69.8203
41608	-68.8064
41609	-67.302
41610	-65.0441
41611	-62.5588
41612	-59.8286
41613	-54.081
41614	-39.1157
41615	-28.0791
41616	-27.3089
41617	-36.5922
41618	-51.3174
41619	-58.2537
41620	-59.3569
41621	-61.8237
41622	-62.6146
41623	-65.089
41624	-68.8417
41625	-70.0803
41626	-69.8005
41627	-70.5292
41628	-71.6048
41629	-72.2474
41630	-72.6376
41631	-72.8669
41632	-73.6034
41633	-74.3777
41634	-73.1389
41635	-72.6583
41636	-73.1857
41637	-72.2974
41638	-71.9853
41639	-72.7228
41640	-72.6161
41641	-70.8836
41642	-69.4776
41643	-70.0805
41644	-69.9633
41645	-70.6557
41646	-72.3829
41647	-73.6986
41648	-74.188
41649	-74.0144
41650	-74.0954
41651	-75.0631
41652	-74.4219
41653	-73.7182
41654	-72.537
41655	-70.5376
41656	-70.5752
41657	-72.2382
41658	-72.0283
41659	-72.0739
41660	-70.9534
41661	-68.9983
41662	-66.9409
41663	-66.0334
41664	-61.8859
41665	-56.8746
41666	-56.4795
41667	-62.2035
41668	-65.1186
41669	-65.3468
41670	-67.1311
41671	-69.3814
41672	-70.6655
41673	-70.9652
41674	-69.7401
41675	-66.904
41676	-64.4398
41677	-63.2205
41678	-60.9813
41679	-64.9052
41680	-68.4728
41681	-69.6337
41682	-69.8366
41683	-67.5158
41684	-64.6385
41685	-62.6104
41686	-59.8378
41687	-55.2948
41688	-49.5589
41689	-52.0797
41690	-57.6098
41691	-62.8987
41692	-64.9388
41693	-68.3788
41694	-70.1221
41695	-71.3066
41696	-71.1298
41697	-70.1387
41698	-66.5407
41699	-66.8005
41700	-70.8393
41701	-73.016
41702	-73.907
41703	-74.7338
41704	-74.2629
41705	-73.9744
41706	-73.4354
41707	-73.2073
41708	-72.3044
41709	-71.0647
41710	-71.6615
41711	-71.5484
41712	-70.9199
41713	-71.9304
41714	-73.2023
41715	-73.326
41716	-72.7112
41717	-73.2105
41718	-72.2122
41719	-71.5724
41720	-71.9616
41721	-73.0149
41722	-72.1275
41723	-71.4698
41724	-70.981
41725	-70.4894
41726	-69.6862
41727	-67.9235
41728	-67.2895
41729	-67.0922
41730	-65.3341
41731	-62.8847
41732	-60.9188
41733	-59.2313
41734	-57.0114
41735	-53.5425
41736	-44.2523
41737	-31.2643
41738	-24.2743
41739	-27.3001
41740	-39.7564
41741	-51.5957
41742	-56.3991
41743	-59.3965
41744	-62.1643
41745	-64.3902
41746	-66.11
41747	-67.0103
41748	-67.6644
41749	-68.1947
41750	-68.9651
41751	-69.967
41752	-71.4794
41753	-72.5549
41754	-72.4421
41755	-71.6999
41756	-71.909
41757	-72.1654
41758	-72.2012
41759	-72.7356
41760	-73.0638
41761	-72.4729
41762	-71.6771
41763	-72.6612
41764	-70.5069
41765	-67.1427
41766	-67.1697
41767	-71.2745
41768	-72.4832
41769	-72.1377
41770	-72.9272
41771	-73.9451
41772	-73.6932
41773	-73.9263
41774	-73.7841
41775	-73.117
41776	-71.6612
41777	-68.1416
41778	-66.1107
41779	-69.1321
41780	-71.1154
41781	-69.8203
41782	-68.9039
41783	-67.6811
41784	-64.2057
41785	-62.7224
41786	-59.7227
41787	-54.9324
41788	-49.2271
41789	-52.0092
41790	-57.6339
41791	-62.7207
41792	-64.9893
41793	-67.7917
41794	-69.9942
41795	-70.1383
41796	-69.9503
41797	-66.3798
41798	-61.1151
41799	-61.505
41800	-67.2223
41801	-69.5893
41802	-70.7764
41803	-71.8046
41804	-71.0233
41805	-69.9701
41806	-69.0088
41807	-67.4939
41808	-66.1971
41809	-65.482
41810	-67.6458
41811	-67.7507
41812	-66.4432
41813	-67.2315
41814	-68.8607
41815	-69.3406
41816	-69.7642
41817	-70.793
41818	-72.1478
41819	-72.2556
41820	-72.7675
41821	-73.2251
41822	-73.525
41823	-73.2947
41824	-73.8303
41825	-74.6346
41826	-73.9716
41827	-74.4712
41828	-74.1835
41829	-73.7476
41830	-71.9288
41831	-68.7442
41832	-67.5507
41833	-68.509
41834	-67.6976
41835	-69.9792
41836	-71.4434
41837	-71.8938
41838	-72.2427
41839	-72.2843
41840	-72.4461
41841	-73.5285
41842	-73.6987
41843	-74.8548
41844	-74.9078
41845	-73.2715
41846	-73.1718
41847	-73.8672
41848	-73.3127
41849	-72.7076
41850	-71.4957
41851	-70.994
41852	-70.6526
41853	-68.8744
41854	-65.4101
41855	-60.7568
41856	-61.3529
41857	-60.9887
41858	-56.2339
41859	-51.5935
41860	-53.7273
41861	-54.5472
41862	-53.4098
41863	-58.5063
41864	-62.9463
41865	-64.455
41866	-64.967
41867	-67.6556
41868	-69.7186
41869	-71.1566
41870	-71.3958
41871	-71.7726
41872	-71.902
41873	-72.7817
41874	-73.8958
41875	-74.4748
41876	-74.9202
41877	-74.6913
41878	-74.2878
41879	-74.7903
41880	-73.7848
41881	-72.4747
41882	-71.625
41883	-71.8951
41884	-70.7042
41885	-71.5759
41886	-70.5869
41887	-67.0183
41888	-63.1628
41889	-65.8596
41890	-70.0974
41891	-72.3137
41892	-73.3235
41893	-74.3336
41894	-74.1616
41895	-74.2429
41896	-74.292
41897	-74.349
41898	-73.4231
41899	-73.2851
41900	-73.544
41901	-73.2506
41902	-72.5522
41903	-71.7493
41904	-70.1755
41905	-69.1356
41906	-68.2035
41907	-66.8055
41908	-64.2311
41909	-62.0778
41910	-63.9606
41911	-64.6336
41912	-62.9528
41913	-65.8337
41914	-68.4164
41915	-69.6033
41916	-70.4851
41917	-71.8259
41918	-72.262
41919	-71.2628
41920	-69.3599
41921	-65.8641
41922	-65.7408
41923	-66.2908
41924	-66.2474
41925	-69.8608
41926	-70.9214
41927	-70.577
41928	-69.3682
41929	-66.7466
41930	-61.4416
41931	-55.2686
41932	-54.381
41933	-55.9178
41934	-54.7269
41935	-57.814
41936	-63.1379
41937	-66.2244
41938	-68.5716
41939	-69.0606
41940	-69.9164
41941	-70.9564
41942	-69.4525
41943	-70.2123
41944	-69.8652
41945	-70.5238
41946	-73.0517
41947	-73.7027
41948	-73.8861
41949	-74.1385
41950	-74.4398
41951	-73.1454
41952	-72.3641
41953	-71.7624
41954	-68.5451
41955	-63.1413
41956	-65.3511
41957	-70.7043
41958	-71.7565
41959	-71.0769
41960	-71.7307
41961	-72.2396
41962	-72.6477
41963	-72.4476
41964	-72.7145
41965	-72.5268
41966	-72.5421
41967	-73.1046
41968	-72.8543
41969	-71.8799
41970	-70.8952
41971	-70.2908
41972	-69.5394
41973	-69.6205
41974	-68.2823
41975	-67.4714
41976	-65.5769
41977	-63.2316
41978	-60.7868
41979	-56.8946
41980	-49.977
41981	-41.185
41982	-40.7082
41983	-40.1425
41984	-41.3701
41985	-44.4744
41986	-53.0733
41987	-57.7566
41988	-58.5186
41989	-61.128
41990	-64.269
41991	-66.7082
41992	-68.0879
41993	-68.4429
41994	-68.9371
41995	-70.3565
41996	-71.3925
41997	-71.1739
41998	-71.8086
41999	-72.5336
42000	-73.2965
42001	-72.5058
42002	-72.4852
42003	-72.2915
42004	-72.3304
42005	-72.9199
42006	-73.3951
42007	-72.9219
42008	-72.6646
42009	-71.9639
42010	-71.7598
42011	-71.2319
42012	-71.6653
42013	-72.9156
42014	-73.8723
42015	-74.3563
42016	-74.1448
42017	-73.9475
42018	-74.7456
42019	-73.9409
42020	-72.3885
42021	-70.1571
42022	-70.0329
42023	-70.0405
42024	-69.8842
42025	-70.8477
42026	-71.1526
42027	-70.5474
42028	-69.483
42029	-67.0522
42030	-62.2661
42031	-55.984
42032	-55.2468
42033	-57.1133
42034	-55.2999
42035	-58.2795
42036	-63.6221
42037	-66.7191
42038	-68.6102
42039	-69.7801
42040	-69.852
42041	-67.8357
42042	-64.5475
42043	-65.9858
42044	-62.5217
42045	-60.3967
42046	-64.3964
42047	-69.6854
42048	-70.648
42049	-69.7583
42050	-68.3318
42051	-65.9105
42052	-64.1017
42053	-61.6713
42054	-56.5514
42055	-50.3279
42056	-53.1785
42057	-61.5296
42058	-63.7243
42059	-65.3726
42060	-67.9704
42061	-70.6246
42062	-70.888
42063	-70.7543
42064	-71.3912
42065	-67.4482
42066	-67.3146
42067	-71.6533
42068	-74.1137
42069	-74.733
42070	-74.5605
42071	-74.1003
42072	-72.9292
42073	-73.1476
42074	-72.8583
42075	-73.2452
42076	-73.108
42077	-71.9676
42078	-71.0929
42079	-71.5817
42080	-72.9065
42081	-73.029
42082	-72.5069
42083	-72.0602
42084	-72.9316
42085	-72.7316
42086	-72.7286
42087	-72.6402
42088	-72.4727
42089	-72.4799
42090	-72.7862
42091	-71.7876
42092	-70.1421
42093	-68.9926
42094	-68.6897
42095	-68.0016
42096	-68.3294
42097	-66.5151
42098	-64.3356
42099	-61.7083
42100	-60.0634
42101	-57.8731
42102	-55.3217
42103	-45.249
42104	-28.4891
42105	-21.9575
42106	-25.0091
42107	-38.8563
42108	-53.7184
42109	-57.8402
42110	-60.4654
42111	-62.9546
42112	-64.2224
42113	-66.0922
42114	-67.799
42115	-68.5712
42116	-69.4156
42117	-70.3764
42118	-71.733
42119	-72.1114
42120	-72.9137
42121	-73.0024
42122	-73.1178
42123	-72.7618
42124	-72.4806
42125	-72.4786
42126	-72.5777
42127	-72.1646
42128	-71.6734
42129	-72.0532
42130	-70.5896
42131	-67.5173
42132	-67.1199
42133	-68.505
42134	-67.2543
42135	-68.9003
42136	-72.1564
42137	-73.3015
42138	-73.6893
42139	-73.9791
42140	-74.2599
42141	-73.8371
42142	-73.3144
42143	-72.51
42144	-68.9167
42145	-66.2474
42146	-69.9731
42147	-71.6447
42148	-71.1887
42149	-69.5908
42150	-67.9377
42151	-65.49
42152	-63.3577
42153	-61.3089
42154	-55.4019
42155	-49.4945
42156	-52.5447
42157	-60.8811
42158	-63.3642
42159	-64.594
42160	-67.6777
42161	-70.1036
42162	-70.7671
42163	-70.2728
42164	-68.5402
42165	-63.0765
42166	-63.0563
42167	-68.5161
42168	-70.5911
42169	-72.2889
42170	-72.2472
42171	-71.8331
42172	-71.2311
42173	-69.7208
42174	-68.0742
42175	-67.4939
42176	-66.3053
42177	-61.3389
42178	-58.7977
42179	-64.2484
42180	-66.3587
42181	-67.2956
42182	-67.9047
42183	-69.3884
42184	-70.8602
42185	-71.9694
42186	-72.6395
42187	-73.0857
42188	-72.663
42189	-73.5494
42190	-73.6249
42191	-74.4096
42192	-74.0804
42193	-74.3329
42194	-74.1692
42195	-74.2888
42196	-73.9966
42197	-72.0515
42198	-68.3875
42199	-66.2965
42200	-67.9793
42201	-66.1953
42202	-67.2409
42203	-70.5867
42204	-71.7065
42205	-71.515
42206	-72.1965
42207	-72.8767
42208	-74.1765
42209	-74
42210	-74.5805
42211	-74.3235
42212	-74.3343
42213	-74.1984
42214	-74.2385
42215	-74.0758
42216	-73.0952
42217	-72.0498
42218	-71.8312
42219	-71.5211
42220	-69.5371
42221	-66.5346
42222	-64.9708
42223	-63.9149
42224	-62.5499
42225	-60.1791
42226	-51.1955
42227	-39.2365
42228	-36.4642
42229	-43.5892
42230	-56.1763
42231	-60.9285
42232	-62.3811
42233	-64.0342
42234	-64.5672
42235	-67.5984
42236	-70.3036
42237	-71.8695
42238	-71.3511
42239	-71.0307
42240	-72.0393
42241	-73.3046
42242	-73.478
42243	-74.8825
42244	-74.375
42245	-73.7322
42246	-74.5276
42247	-74.4057
42248	-73.4401
42249	-71.5261
42250	-71.6191
42251	-71.2135
42252	-72.0912
42253	-71.5308
42254	-68.518
42255	-64.159
42256	-67.2884
42257	-71.6703
42258	-72.729
42259	-73.0276
42260	-73.3763
42261	-73.8652
42262	-74.1994
42263	-74.5783
42264	-74.9351
42265	-74.3088
42266	-73.4709
42267	-72.685
42268	-72.9626
42269	-72.9227
42270	-71.4819
42271	-71.1153
42272	-70.8842
42273	-69.2637
42274	-67.5422
42275	-67.4864
42276	-67.0599
42277	-65.3363
42278	-63.8521
42279	-65.9322
42280	-67.2735
42281	-67.5141
42282	-68.909
42283	-69.8178
42284	-71.215
42285	-71.9675
42286	-71.9668
42287	-68.0165
42288	-64.1944
42289	-63.7638
42290	-65.6901
42291	-63.7082
42292	-67.3559
42293	-70.5266
42294	-69.5262
42295	-68.637
42296	-66.6597
42297	-62.1397
42298	-56.0006
42299	-53.4643
42300	-55.3302
42301	-53.1078
42302	-54.3736
42303	-60.7016
42304	-65.7392
42305	-68.2276
42306	-69.7697
42307	-70.8741
42308	-70.517
42309	-69.2638
42310	-69.3964
42311	-68.4039
42312	-68.6759
42313	-72.6614
42314	-73.7006
42315	-73.9278
42316	-74.2053
42317	-74.4941
42318	-74.1864
42319	-73.0746
42320	-71.0215
42321	-68.769
42322	-68.7986
42323	-69.1927
42324	-69.3764
42325	-71.3742
42326	-72.7688
42327	-72.8644
42328	-72.4578
42329	-72.6369
42330	-71.9992
42331	-72.063
42332	-72.0453
42333	-72.6876
42334	-72.5654
42335	-71.9496
42336	-70.8651
42337	-70.9695
42338	-69.6088
42339	-68.5601
42340	-68.3234
42341	-67.5961
42342	-66.1266
42343	-64.1337
42344	-61.6889
42345	-59.2445
42346	-57.2143
42347	-51.4335
42348	-42.57
42349	-40.0269
42350	-39.7843
42351	-38.9962
42352	-40.1748
42353	-48.8939
42354	-55.7583
42355	-58.3023
42356	-61.2905
42357	-64.558
42358	-65.9148
42359	-67.2283
42360	-68.3269
42361	-68.0589
42362	-68.6413
42363	-69.8274
42364	-71.1177
42365	-71.8891
42366	-71.9904
42367	-71.5634
42368	-71.6727
42369	-72.1121
42370	-72.3389
42371	-72.8081
42372	-73.235
42373	-73.0582
42374	-72.2469
42375	-73.0889
42376	-72.7566
42377	-70.1023
42378	-69.2537
42379	-71.6662
42380	-73.0114
42381	-73.5774
42382	-73.4903
42383	-73.5369
42384	-74.5076
42385	-74.1642
42386	-73.5585
42387	-73.1286
42388	-69.7367
42389	-69.0867
42390	-69.2753
42391	-68.9247
42392	-70.1266
42393	-69.8236
42394	-68.8224
42395	-68.5131
42396	-66.6304
42397	-62.4143
42398	-56.442
42399	-53.8711
42400	-55.1677
42401	-53.1537
42402	-54.7498
42403	-60.9596
42404	-66.096
42405	-68.8669
42406	-70.1347
42407	-69.9741
42408	-68.0733
42409	-64.2549
42410	-63.408
42411	-63.7404
42412	-62.9808
42413	-66.0457
42414	-69.1716
42415	-70.9544
42416	-71.2795
42417	-69.6949
42418	-68.0256
42419	-66.3025
42420	-62.374
42421	-59.1521
42422	-58.8967
42423	-59.8408
42424	-61.2319
42425	-64.2982
42426	-68.6639
42427	-69.3835
42428	-69.7005
42429	-70.5418
42430	-71.1063
42431	-71.7258
42432	-71.8021
42433	-70.9647
42434	-71.6784
42435	-73.5374
42436	-74.3693
42437	-74.3315
42438	-74.1227
42439	-73.6032
42440	-72.943
42441	-73.3915
42442	-73.2451
42443	-72.1175
42444	-69.2019
42445	-67.801
42446	-70.4393
42447	-72.8206
42448	-72.6046
42449	-71.4912
42450	-71.9982
42451	-71.8895
42452	-72.4286
42453	-73.3909
42454	-73.8416
42455	-73.1233
42456	-73.3804
42457	-73.5084
42458	-72.6895
42459	-71.6465
42460	-70.2262
42461	-70.2006
42462	-70.4416
42463	-69.8236
42464	-68.5121
42465	-66.9412
42466	-64.0762
42467	-60.737
42468	-59.4935
42469	-57.2519
42470	-49.1005
42471	-43.214
42472	-41.893
42473	-43.319
42474	-46.0626
42475	-52.8746
42476	-60.1756
42477	-63.0315
42478	-63.7453
42479	-66.1199
42480	-67.9949
42481	-69.3525
42482	-70.5078
42483	-71.167
42484	-71.6334
42485	-72.3209
42486	-73.7116
42487	-73.9317
42488	-73.3037
42489	-74.2116
42490	-74.138
42491	-73.0668
42492	-73.1837
42493	-72.6896
42494	-72.003
42495	-71.6995
42496	-71.7029
42497	-71.0409
42498	-68.0059
42499	-65.949
42500	-67.5897
42501	-65.8199
42502	-67.2189
42503	-70.9728
42504	-73.5305
42505	-74.7172
42506	-74.5155
42507	-74.1697
42508	-73.994
42509	-73.9332
42510	-72.5856
42511	-70.8078
42512	-70.6611
42513	-71.7421
42514	-72.022
42515	-71.6772
42516	-70.2608
42517	-69
42518	-67.0187
42519	-65.4523
42520	-60.7706
42521	-57.2104
42522	-57.4261
42523	-58.657
42524	-59.1627
42525	-62.7293
42526	-67.2119
42527	-69.2193
42528	-69.8845
42529	-70.9802
42530	-71.7686
42531	-69.3845
42532	-68.3443
42533	-68.945
42534	-65.8016
42535	-66.3945
42536	-71.0939
42537	-71.6227
42538	-71.5361
42539	-71.1578
42540	-69.8658
42541	-67.0276
42542	-65.6509
42543	-61.5355
42544	-55.1702
42545	-52.9583
42546	-58.7727
42547	-63.5208
42548	-64.5276
42549	-65.7115
42550	-68.4218
42551	-69.4308
42552	-70.7778
42553	-71.7798
42554	-71.2583
42555	-69.8967
42556	-71.138
42557	-73.0023
42558	-73.4472
42559	-73.813
42560	-74.0731
42561	-74.5953
42562	-74.2647
42563	-73.4767
42564	-71.6446
42565	-71.0268
42566	-68.8881
42567	-63.8382
42568	-64.3204
42569	-68.3116
42570	-71.4369
42571	-70.8894
42572	-71.0573
42573	-71.4819
42574	-72.1881
42575	-74.2653
42576	-74.0971
42577	-73.2282
42578	-72.5935
42579	-74.0025
42580	-74.238
42581	-73.2891
42582	-72.6313
42583	-71.6301
42584	-70.4464
42585	-70.6774
42586	-69.918
42587	-68.7084
42588	-67.4982
42589	-65.2851
42590	-62.8292
42591	-60.0542
42592	-55.5307
42593	-42.0835
42594	-28.8207
42595	-26.2572
42596	-33.4277
42597	-48.6397
42598	-57.4806
42599	-58.7135
42600	-61.2063
42601	-62.253
42602	-64.415
42603	-67.7757
42604	-69.6081
42605	-69.6187
42606	-70.0711
42607	-71.1647
42608	-71.944
42609	-72.3315
42610	-72.5975
42611	-73.3173
42612	-74.2926
42613	-73.3878
42614	-72.5622
42615	-72.9267
42616	-72.498
42617	-72.0406
42618	-72.7005
42619	-72.617
42620	-71.4028
42621	-70.0237
42622	-70.1179
42623	-70.4094
42624	-70.5041
42625	-72.3822
42626	-73.6462
42627	-74.1436
42628	-74.1594
42629	-73.8362
42630	-75.1065
42631	-74.8084
42632	-73.8358
42633	-72.6189
42634	-70.4458
42635	-69.9939
42636	-71.8877
42637	-71.903
42638	-71.9212
42639	-71.0881
42640	-69.504
42641	-67.2232
42642	-66.0561
42643	-62.3051
42644	-57.051
42645	-55.0698
42646	-60.3531
42647	-64.4259
42648	-64.8911
42649	-66.4213
42650	-68.8863
42651	-70.4883
42652	-70.8621
42653	-69.9487
42654	-67.2735
42655	-64.1229
42656	-64.0669
42657	-60.8677
42658	-64.1932
42659	-68.0711
42660	-69.5186
42661	-69.8474
42662	-68.1826
42663	-65
42664	-62.91
42665	-60.5757
42666	-56.6358
42667	-50.1757
42668	-51.0745
42669	-56.7766
42670	-62.0606
42671	-64.5616
42672	-67.8627
42673	-70.0668
42674	-71.3074
42675	-71.3937
42676	-70.3988
42677	-67.3217
42678	-66.164
42679	-70.029
42680	-72.9014
42681	-73.6662
42682	-74.7844
42683	-74.3421
42684	-73.7309
42685	-73.5596
42686	-73.3762
42687	-72.5348
42688	-71.3389
42689	-71.7038
42690	-71.9854
42691	-70.8783
42692	-71.7398
42693	-72.8529
42694	-73.2214
42695	-72.7897
42696	-73.2368
42697	-72.3064
42698	-71.5995
42699	-71.8207
42700	-72.908
42701	-72.3335
42702	-71.4681
42703	-71.2278
42704	-70.5712
42705	-70.0431
42706	-68.4001
42707	-67.1616
42708	-67.1558
42709	-65.847
42710	-63.2503
42711	-61.0652
42712	-59.6631
42713	-57.3524
42714	-54.3919
42715	-46.2667
42716	-33.5642
42717	-24.7032
42718	-25.8749
42719	-37.4919
42720	-49.7436
42721	-55.8559
42722	-58.9719
42723	-61.9758
42724	-63.9921
42725	-65.8935
42726	-66.9799
42727	-67.8421
42728	-67.9919
42729	-69.0908
42730	-69.874
42731	-71.3191
42732	-72.4348
42733	-72.6621
42734	-72.1254
42735	-71.8772
42736	-72.2448
42737	-72.3279
42738	-72.3483
42739	-72.8649
42740	-72.5657
42741	-71.5822
42742	-72.5636
42743	-71.2678
42744	-67.459
42745	-66.1461
42746	-70.2653
42747	-72.4863
42748	-72.127
42749	-72.7635
42750	-73.9611
42751	-73.8268
42752	-74.0202
42753	-74.0231
42754	-73.1269
42755	-72.0489
42756	-69.0652
42757	-66.1325
42758	-68.5313
42759	-71.044
42760	-70.1265
42761	-69.0441
42762	-68.1067
42763	-64.7468
42764	-63.0048
42765	-60.3799
42766	-56.2743
42767	-49.7478
42768	-50.8491
42769	-56.7494
42770	-62.0722
42771	-64.5388
42772	-67.2907
42773	-69.8455
42774	-70.1114
42775	-70.3106
42776	-67.4696
42777	-62.0551
42778	-60.9046
42779	-66.2457
42780	-69.6655
42781	-70.8594
42782	-72.0209
42783	-71.3379
42784	-70.2025
42785	-69.4378
42786	-67.941
42787	-66.8112
42788	-66.5867
42789	-68.1757
42790	-68.3956
42791	-67.3052
42792	-66.9844
42793	-68.7356
42794	-69.0025
42795	-69.7177
42796	-70.5043
42797	-71.9936
42798	-72.341
42799	-72.788
42800	-73.3746
42801	-73.6334
42802	-73.531
42803	-73.6507
42804	-74.4753
42805	-74.093
42806	-74.3733
42807	-74.2572
42808	-73.7466
42809	-72.4461
42810	-69.0791
42811	-67.2458
42812	-68.3656
42813	-67.5004
42814	-69.3083
42815	-71.4469
42816	-71.8843
42817	-72.216
42818	-72.3956
42819	-72.2224
42820	-73.5941
42821	-73.5182
42822	-74.6504
42823	-75.0204
42824	-73.5849
42825	-73.3251
42826	-74.0355
42827	-73.6159
42828	-73.0716
42829	-71.8246
42830	-71.2308
42831	-71.002
42832	-69.5268
42833	-66.3986
42834	-61.4803
42835	-61.4265
42836	-62.2229
42837	-58.5031
42838	-53.8772
42839	-54.5636
42840	-57.0076
42841	-55.0855
42842	-58.6742
42843	-63.1792
42844	-64.2523
42845	-64.6036
42846	-67.0969
42847	-69.4391
42848	-71.2956
42849	-71.3453
42850	-71.9086
42851	-72.0391
42852	-72.6157
42853	-73.775
42854	-74.5093
42855	-74.7699
42856	-75.0258
42857	-74.0401
42858	-74.8102
42859	-74.1705
42860	-72.9406
42861	-71.7454
42862	-72.0038
42863	-70.8802
42864	-71.6049
42865	-71.0605
42866	-67.9193
42867	-63.5176
42868	-65.0047
42869	-69.3989
42870	-72.3529
42871	-73.0477
42872	-73.88
42873	-74.0466
42874	-74.0386
42875	-74.41
42876	-74.2102
42877	-73.644
42878	-73.3986
42879	-73.5529
42880	-73.6576
42881	-72.7495
42882	-71.7084
42883	-70.4475
42884	-69.2541
42885	-68.755
42886	-67.4042
42887	-65.6116
42888	-63.2505
42889	-64.3389
42890	-66.1383
42891	-64.0044
42892	-65.7452
42893	-68.3832
42894	-69.3676
42895	-70.1108
42896	-71.7421
42897	-72.5423
42898	-71.8418
42899	-69.7479
42900	-66.1828
42901	-65.5415
42902	-65.913
42903	-65.6705
42904	-69.4758
42905	-70.6029
42906	-70.8417
42907	-69.7294
42908	-67.6744
42909	-62.4975
42910	-56.047
42911	-53.7812
42912	-55.4746
42913	-54.7389
42914	-56.5887
42915	-62.3277
42916	-65.7202
42917	-68.1538
42918	-69.036
42919	-69.4492
42920	-70.929
42921	-69.2882
42922	-69.8556
42923	-69.9602
42924	-69.9194
42925	-72.5882
42926	-73.7729
42927	-74.0347
42928	-74.0016
42929	-74.3446
42930	-73.6995
42931	-72.4466
42932	-72.3392
42933	-69.6273
42934	-63.9525
42935	-64.66
42936	-70.1705
42937	-71.8108
42938	-71.286
42939	-71.649
42940	-72.4515
42941	-72.4497
42942	-72.318
42943	-72.6113
42944	-72.3563
42945	-72.3246
42946	-72.901
42947	-72.8849
42948	-72.0784
42949	-70.9821
42950	-70.5389
42951	-69.3268
42952	-69.4034
42953	-68.4082
42954	-67.5303
42955	-65.9745
42956	-63.5419
42957	-61.0392
42958	-57.6341
42959	-51.3123
42960	-42.057
42961	-39.7989
42962	-39.6076
42963	-41.4926
42964	-42.858
42965	-51.5192
42966	-57.1372
42967	-58.2965
42968	-60.3482
42969	-63.8137
42970	-66.1421
42971	-67.767
42972	-68.167
42973	-68.6387
42974	-69.9836
42975	-71.3075
42976	-71.1324
42977	-71.827
42978	-72.3438
42979	-73.0027
42980	-72.5685
42981	-72.5345
42982	-72.3939
42983	-72.3549
42984	-72.9252
42985	-73.291
42986	-73.1145
42987	-72.571
42988	-72.0654
42989	-71.9295
42990	-71.2698
42991	-71.5174
42992	-72.6031
42993	-73.9201
42994	-74.1573
42995	-74.1139
42996	-74.0312
42997	-74.8593
42998	-74.1466
42999	-72.6677
43000	-70.2549
43001	-69.5871
43002	-70.1814
43003	-69.6616
43004	-70.7633
43005	-71.2631
43006	-70.6354
43007	-69.7759
43008	-67.4793
43009	-62.9931
43010	-56.693
43011	-54.5503
43012	-56.5101
43013	-55.2473
43014	-56.8928
43015	-62.6762
43016	-66.0768
43017	-68.2993
43018	-69.4617
43019	-70.1394
43020	-68.3803
43021	-64.5316
43022	-65.514
43023	-62.9706
43024	-60.5899
43025	-63.2304
43026	-69.3284
43027	-70.612
43028	-70.0488
43029	-69.0166
43030	-66.2799
43031	-64.5612
43032	-62.6461
43033	-58.5406
43034	-51.1704
43035	-52.25
43036	-60.9466
43037	-63.6123
43038	-65.371
43039	-67.5312
43040	-70.4055
43041	-71.121
43042	-70.6412
43043	-71.6371
43044	-68.505
43045	-67.1033
43046	-70.9715
43047	-73.9207
43048	-74.7252
43049	-74.5849
43050	-74.3088
43051	-73.0791
43052	-73.2137
43053	-72.7611
43054	-73.1304
43055	-73.2104
43056	-72.2155
43057	-70.907
43058	-71.3065
43059	-72.6947
43060	-73.1636
43061	-72.5639
43062	-71.9795
43063	-72.6822
43064	-72.99
43065	-72.6782
43066	-72.8308
43067	-72.5904
43068	-72.7718
43069	-72.7713
43070	-71.9895
43071	-70.6488
43072	-69.2044
43073	-68.9431
43074	-68.2872
43075	-68.4605
43076	-66.9164
43077	-65.0478
43078	-62.1625
43079	-60.7038
43080	-58.3119
43081	-56.151
43082	-48.2561
43083	-31.5002
43084	-22.9389
43085	-24.1851
43086	-35.9304
43087	-52.0137
43088	-57.4932
43089	-60.09
43090	-62.7055
43091	-64.282
43092	-65.8598
43093	-67.8319
43094	-68.584
43095	-69.2366
43096	-70.0692
43097	-71.8774
43098	-72.1569
43099	-72.9542
43100	-73.0293
43101	-73.1947
43102	-72.8329
43103	-72.5583
43104	-72.4075
43105	-72.6652
43106	-72.3047
43107	-71.6526
43108	-71.8769
43109	-70.9978
43110	-67.887
43111	-66.7642
43112	-68.1067
43113	-67.0848
43114	-68.2382
43115	-71.7575
43116	-73.0796
43117	-73.7654
43118	-73.9361
43119	-74.2891
43120	-73.8588
43121	-73.4247
43122	-72.8938
43123	-69.9841
43124	-66.5613
43125	-69.2711
43126	-71.6904
43127	-71.2719
43128	-70.0063
43129	-68.2561
43130	-65.995
43131	-63.8793
43132	-62.1157
43133	-57.3401
43134	-50.1944
43135	-51.4942
43136	-60.114
43137	-63.1576
43138	-64.4832
43139	-67.0459
43140	-69.833
43141	-70.7859
43142	-70.5159
43143	-69.4738
43144	-64.606
43145	-62.7804
43146	-67.8967
43147	-70.0567
43148	-72.1077
43149	-72.3148
43150	-72.0128
43151	-71.2536
43152	-69.9991
43153	-68.2829
43154	-67.642
43155	-66.5102
43156	-61.673
43157	-57.422
43158	-62.3024
43159	-65.5843
43160	-66.9085
43161	-67.5496
43162	-68.9925
43163	-70.2993
43164	-71.8426
43165	-72.3859
43166	-73.0787
43167	-72.0993
43168	-73.1234
43169	-73.5556
43170	-74.3272
43171	-74.1017
43172	-74.4426
43173	-74.2474
43174	-74.0473
43175	-74.23
43176	-72.7848
43177	-68.8838
43178	-66.2047
43179	-67.9763
43180	-66.3726
43181	-66.5554
43182	-69.7975
43183	-71.6496
43184	-71.4165
43185	-72.0815
43186	-72.6334
43187	-74.1108
43188	-74.1205
43189	-74.4209
43190	-74.1693
43191	-74.3366
43192	-74.0892
43193	-74.1814
43194	-73.9314
43195	-73.1931
43196	-72.4718
43197	-71.7431
43198	-71.514
43199	-69.9377
43200	-67.0244
43201	-65.2118
43202	-64.2858
43203	-62.8346
43204	-60.7428
43205	-52.2379
43206	-39.1145
43207	-34.4714
43208	-39.6167
43209	-52.7809
43210	-60.1057
43211	-61.8943
43212	-63.694
43213	-63.9783
43214	-66.5887
43215	-69.8333
43216	-71.6575
43217	-71.1989
43218	-70.905
43219	-71.7815
43220	-72.5887
43221	-73.2156
43222	-74.4439
43223	-74.5066
43224	-73.6428
43225	-74.3047
43226	-74.5384
43227	-73.5537
43228	-71.6956
43229	-71.3854
43230	-71.3298
43231	-71.9074
43232	-71.7844
43233	-69.6347
43234	-64.8217
43235	-66.4203
43236	-71.3815
43237	-72.9573
43238	-72.8998
43239	-73.0819
43240	-73.7058
43241	-74.2555
43242	-74.469
43243	-74.8209
43244	-74.6186
43245	-73.6257
43246	-72.5612
43247	-72.4663
43248	-72.8619
43249	-71.8222
43250	-70.9449
43251	-71.2931
43252	-69.7014
43253	-67.7585
43254	-67.6915
43255	-67.1771
43256	-64.8096
43257	-61.5668
43258	-64.8898
43259	-66.7507
43260	-67.3197
43261	-68.5034
43262	-69.5907
43263	-70.8768
43264	-71.7959
43265	-72.001
43266	-68.6579
43267	-64.4951
43268	-63.138
43269	-65.8994
43270	-63.6021
43271	-66.2472
43272	-70.1617
43273	-69.7728
43274	-68.7066
43275	-67.0141
43276	-63.1583
43277	-57.133
43278	-53.3687
43279	-55.6586
43280	-53.6045
43281	-53.4542
43282	-59.2943
43283	-65.1897
43284	-67.9287
43285	-69.6344
43286	-70.7394
43287	-70.6508
43288	-69.3075
43289	-69.0209
43290	-68.6895
43291	-68.1303
43292	-72.1109
43293	-73.5776
43294	-73.8969
43295	-74.2035
43296	-74.3152
43297	-74.2917
43298	-73.4636
43299	-71.7115
43300	-69.4065
43301	-68.801
43302	-69.467
43303	-69.5337
43304	-71.1503
43305	-72.5361
43306	-73.2344
43307	-72.5823
43308	-72.639
43309	-71.9325
43310	-72.1682
43311	-71.9008
43312	-72.4943
43313	-72.4556
43314	-72.089
43315	-71.0461
43316	-71.0522
43317	-69.8964
43318	-68.6178
43319	-68.3187
43320	-67.4715
43321	-66.2329
43322	-64.318
43323	-61.9024
43324	-59.3744
43325	-57.8104
43326	-52.4835
43327	-44.1028
43328	-39.7345
43329	-40.1674
43330	-39.4588
43331	-39.2319
43332	-47.3256
43333	-54.7828
43334	-57.9857
43335	-60.7262
43336	-64.0325
43337	-65.5634
43338	-66.9103
43339	-68.0922
43340	-68.1849
43341	-68.4391
43342	-69.6943
43343	-70.8877
43344	-71.7779
43345	-72.164
43346	-71.5737
43347	-71.5154
43348	-72.1904
43349	-72.2624
43350	-72.7729
43351	-73.1325
43352	-73.3125
43353	-72.2668
43354	-73.0879
43355	-72.7848
43356	-70.3655
43357	-68.7143
43358	-70.8635
43359	-72.6894
43360	-73.4717
43361	-73.581
43362	-73.5834
43363	-74.4083
43364	-74.0509
43365	-73.6625
43366	-73.5386
43367	-70.1976
43368	-68.7983
43369	-69.4847
43370	-68.6236
43371	-69.8563
43372	-69.8935
43373	-69.0096
43374	-68.7669
43375	-67.1854
43376	-63.2071
43377	-57.4983
43378	-53.7057
43379	-55.4189
43380	-53.5922
43381	-53.8048
43382	-59.6599
43383	-65.4197
43384	-68.1748
43385	-69.8455
43386	-70.3417
43387	-68.8985
43388	-64.5758
43389	-63.6208
43390	-63.691
43391	-63.375
43392	-65.1978
43393	-68.7331
43394	-70.8708
43395	-71.3048
43396	-70.1083
43397	-68.399
43398	-66.754
43399	-63.669
43400	-60.2023
43401	-59.6502
43402	-59.9538
43403	-61.6399
43404	-64.0599
43405	-68.1053
43406	-69.5247
43407	-69.6165
43408	-70.3465
43409	-71.0044
43410	-71.7468
43411	-72.0779
43412	-71.2395
43413	-71.6528
43414	-73.3676
43415	-74.1772
43416	-74.403
43417	-74.1862
43418	-73.6445
43419	-73.1954
43420	-73.2177
43421	-73.3713
43422	-72.6902
43423	-69.512
43424	-67.1571
43425	-69.4823
43426	-72.66
43427	-72.6916
43428	-71.2718
43429	-72.0216
43430	-72.1166
43431	-72.1946
43432	-73.5156
43433	-73.7684
43434	-73.2431
43435	-73.3634
43436	-73.8057
43437	-73.1138
43438	-71.9897
43439	-70.6255
43440	-70.1716
43441	-70.505
43442	-70.3289
43443	-68.9303
43444	-67.5242
43445	-65.1311
43446	-61.3897
43447	-59.7926
43448	-58.6645
43449	-51.5765
43450	-44.3756
43451	-43.4795
43452	-42.8457
43453	-46.3864
43454	-51.9916
43455	-59.6702
43456	-63.3384
43457	-63.6215
43458	-66.0324
43459	-68.0329
43460	-69.3365
43461	-70.5873
43462	-71.2363
43463	-71.8542
43464	-72.1596
43465	-73.9099
43466	-73.931
43467	-73.293
43468	-74.1215
43469	-74.5477
43470	-73.2079
43471	-73.231
43472	-73.1027
43473	-72.0372
43474	-71.7774
43475	-71.7107
43476	-71.4469
43477	-68.7659
43478	-66.027
43479	-67.4094
43480	-66.1029
43481	-66.5955
43482	-70.4499
43483	-73.2255
43484	-74.6285
43485	-74.6343
43486	-74.3738
43487	-74.0725
43488	-74.239
43489	-73.1466
43490	-71.2445
43491	-70.9988
43492	-71.814
43493	-72.1918
43494	-71.871
43495	-70.5993
43496	-69.1793
43497	-67.3765
43498	-66.1439
43499	-62.1213
43500	-58.0986
43501	-58.0056
43502	-58.3831
43503	-59.424
43504	-62.4345
43505	-67.0272
43506	-69.3646
43507	-69.8702
43508	-70.7599
43509	-71.8026
43510	-70.2623
43511	-68.7411
43512	-69.657
43513	-65.8598
43514	-65.2045
43515	-70.0793
43516	-71.535
43517	-71.3324
43518	-71.0826
43519	-70.1081
43520	-67.1956
43521	-65.6557
43522	-62.0951
43523	-55.9377
43524	-52.219
43525	-57.0645
43526	-62.3646
43527	-64.0976
43528	-65.1945
43529	-67.7775
43530	-69.2715
43531	-70.4011
43532	-71.6275
43533	-71.2778
43534	-69.721
43535	-70.4314
43536	-72.8803
43537	-73.3245
43538	-73.5493
43539	-74.049
43540	-74.652
43541	-74.2282
43542	-73.5476
43543	-72.0834
43544	-71.1348
43545	-69.5869
43546	-64.6506
43547	-63.6484
43548	-67.6925
43549	-71.4816
43550	-71.1576
43551	-71.0738
43552	-71.4306
43553	-71.9939
43554	-73.9757
43555	-73.904
43556	-73.3478
43557	-72.4495
43558	-73.6928
43559	-74.2367
43560	-73.3555
43561	-72.6451
43562	-71.65
43563	-70.5076
43564	-70.1724
43565	-69.9773
43566	-68.5449
43567	-67.6424
43568	-65.3923
43569	-63.1511
43570	-60.2993
43571	-56.419
43572	-44.3855
43573	-30.0108
43574	-25.6124
43575	-30.8078
43576	-46.0002
43577	-56.6631
43578	-58.224
43579	-60.5209
43580	-62.081
43581	-63.7537
43582	-66.691
43583	-69.0046
43584	-69.4032
43585	-69.5207
43586	-70.9575
43587	-71.5714
43588	-72.0204
43589	-72.3923
43590	-73.0885
43591	-74.0054
43592	-73.5598
43593	-72.4452
43594	-72.7417
43595	-72.6599
43596	-72.1149
43597	-72.6381
43598	-72.7494
43599	-71.8724
43600	-70.5106
43601	-70.2332
43602	-71.0406
43603	-70.4518
43604	-72.1434
43605	-73.4466
43606	-74.108
43607	-74.2333
43608	-73.7344
43609	-74.8311
43610	-75.1133
43611	-73.889
43612	-72.7656
43613	-70.7873
43614	-69.5904
43615	-71.3196
43616	-71.8102
43617	-71.9398
43618	-71.3832
43619	-70.0545
43620	-67.4305
43621	-66.1092
43622	-62.8345
43623	-57.3446
43624	-54.0987
43625	-58.6542
43626	-63.5704
43627	-64.5116
43628	-65.8123
43629	-68.3938
43630	-70.4229
43631	-70.8368
43632	-70.154
43633	-67.5378
43634	-64.0402
43635	-64.1793
43636	-61.1119
43637	-63.3062
43638	-67.3509
43639	-69.5494
43640	-69.9615
43641	-68.7113
43642	-65.5099
43643	-63.2625
43644	-61.4194
43645	-57.7126
43646	-51.151
43647	-50.3488
43648	-55.8471
43649	-61.2437
43650	-64.3747
43651	-67.3518
43652	-69.9906
43653	-71.2046
43654	-71.4156
43655	-70.7242
43656	-68.129
43657	-65.8448
43658	-69.3865
43659	-72.7384
43660	-73.3989
43661	-74.9012
43662	-74.444
43663	-73.8023
43664	-73.7288
43665	-73.3815
43666	-72.8104
43667	-71.6967
43668	-71.8292
43669	-72.2612
43670	-71.0284
43671	-71.6492
43672	-72.6755
43673	-73.3736
43674	-72.7413
43675	-73.2182
43676	-72.5655
43677	-71.7228
43678	-71.7745
43679	-72.7978
43680	-72.6454
43681	-71.6017
43682	-71.4481
43683	-70.8317
43684	-70.224
43685	-68.8534
43686	-67.138
43687	-67.3997
43688	-66.11
43689	-63.7453
43690	-61.336
43691	-60.1086
43692	-57.8471
43693	-55.3425
43694	-48.7745
43695	-36.1583
43696	-25.5079
43697	-24.8451
43698	-34.4322
43699	-47.325
43700	-55.1925
43701	-58.6399
43702	-61.4055
43703	-63.7527
43704	-65.7563
43705	-66.947
43706	-68.0198
43707	-67.7758
43708	-69.0908
43709	-69.8884
43710	-71.0551
43711	-72.3587
43712	-72.8379
43713	-72.0806
43714	-71.9778
43715	-72.2514
43716	-72.2739
43717	-72.1007
43718	-72.6719
43719	-72.6682
43720	-71.6303
43721	-72.0749
43722	-71.6484
43723	-67.9778
43724	-65.442
43725	-69.2941
43726	-72.3414
43727	-71.929
43728	-72.4836
43729	-73.905
43730	-73.9183
43731	-73.9739
43732	-73.9957
43733	-73.2883
43734	-72.4717
43735	-70.0247
43736	-66.503
43737	-67.9101
43738	-70.9813
43739	-70.3823
43740	-69.2184
43741	-68.2961
43742	-65.5053
43743	-63.3709
43744	-61.0838
43745	-57.4364
43746	-50.6298
43747	-49.9888
43748	-55.8575
43749	-61.2409
43750	-64.1855
43751	-66.8403
43752	-69.693
43753	-70.0693
43754	-70.4443
43755	-68.4482
43756	-63.1159
43757	-60.628
43758	-65.3939
43759	-69.8233
43760	-70.7156
43761	-72.0953
43762	-71.6331
43763	-70.476
43764	-69.6133
43765	-68.4073
43766	-67.0514
43767	-66.3385
43768	-67.5729
43769	-69.2127
43770	-66.9325
43771	-66.4
43772	-68.4792
43773	-68.7426
43774	-69.4627
43775	-70.1594
43776	-71.7823
43777	-72.4406
43778	-72.7532
43779	-73.5354
43780	-73.5457
43781	-73.6973
43782	-73.4498
43783	-74.3673
43784	-74.1694
43785	-74.247
43786	-74.3754
43787	-73.9027
43788	-72.9784
43789	-69.574
43790	-67.0813
43791	-68.0756
43792	-67.4604
43793	-68.4353
43794	-71.261
43795	-71.5134
43796	-72.2368
43797	-72.5944
43798	-72.0127
43799	-73.4661
43800	-73.3216
43801	-74.6194
43802	-75.2159
43803	-73.8206
43804	-73.36
43805	-74.0106
43806	-73.9928
43807	-73.3238
43808	-72.1632
43809	-71.4604
43810	-71.4482
43811	-70.1037
43812	-67.4464
43813	-62.4396
43814	-61.5201
43815	-62.7759
43816	-60.5806
43817	-56.5586
43818	-55.9338
43819	-58.3253
43820	-55.8609
43821	-57.9679
43822	-62.5056
43823	-64.0735
43824	-64.0197
43825	-66.2168
43826	-69.2881
43827	-71.2318
43828	-71.4112
43829	-71.9932
43830	-72.087
43831	-72.6182
43832	-73.5204
43833	-74.3374
43834	-74.7324
43835	-75.0256
43836	-74.0005
43837	-74.6706
43838	-74.4659
43839	-73.3403
43840	-71.942
43841	-72.0276
43842	-71.1586
43843	-71.5033
43844	-71.3483
43845	-68.91
43846	-64.2462
43847	-64.2516
43848	-68.6982
43849	-72.5709
43850	-72.8769
43851	-73.584
43852	-74.0327
43853	-74.1379
43854	-74.4178
43855	-74.2508
43856	-73.9903
43857	-73.5373
43858	-73.6398
43859	-73.8774
43860	-73.063
43861	-71.8582
43862	-70.8804
43863	-69.533
43864	-68.8766
43865	-67.7279
43866	-66.9771
43867	-64.0175
43868	-65.2273
43869	-67.0325
43870	-65.6362
43871	-65.9717
43872	-68.2373
43873	-69.2591
43874	-69.9626
43875	-71.4149
43876	-72.4833
43877	-72.3045
43878	-70.1923
43879	-66.4591
43880	-64.9895
43881	-65.5103
43882	-65.2693
43883	-68.2646
43884	-70.3829
43885	-71.0024
43886	-69.7465
43887	-67.9254
43888	-63.3186
43889	-57.0682
43890	-53.4609
43891	-55.2189
43892	-55.0379
43893	-55.4131
43894	-61.2041
43895	-65.0529
43896	-67.7692
43897	-68.9413
43898	-69.0926
43899	-71.0231
43900	-69.5046
43901	-69.3695
43902	-70.0011
43903	-69.443
43904	-71.9646
43905	-73.7638
43906	-74.1469
43907	-73.7749
43908	-74.2836
43909	-74.0575
43910	-72.6059
43911	-72.7182
43912	-70.4189
43913	-65.156
43914	-64.0651
43915	-69.6092
43916	-71.8324
43917	-71.7279
43918	-71.628
43919	-72.6181
43920	-72.4834
43921	-72.2767
43922	-72.511
43923	-72.3682
43924	-72.2202
43925	-72.7523
43926	-72.941
43927	-72.3265
43928	-71.1139
43929	-70.4593
43930	-69.2131
43931	-69.2661
43932	-68.4523
43933	-67.4628
43934	-66.2848
43935	-63.8796
43936	-61.3034
43937	-58.3292
43938	-52.3992
43939	-43.3327
43940	-39.294
43941	-39.522
43942	-41.9513
43943	-41.5977
43944	-49.6173
43945	-56.1773
43946	-58.2146
43947	-59.6922
43948	-63.1392
43949	-65.5451
43950	-67.3932
43951	-67.9457
43952	-68.4537
43953	-69.5454
43954	-71.0975
43955	-71.077
43956	-71.2984
43957	-71.968
43958	-72.8012
43959	-72.6959
43960	-72.4319
43961	-72.5073
43962	-72.5855
43963	-73.1678
43964	-73.2639
43965	-73.2259
43966	-72.6631
43967	-72.2044
43968	-71.9541
43969	-71.4063
43970	-71.4032
43971	-72.4037
43972	-73.7822
43973	-74.1092
43974	-74.1385
43975	-74.1712
43976	-74.7764
43977	-74.2493
43978	-73.1743
43979	-70.5693
43980	-69.1346
43981	-70.2372
43982	-69.5658
43983	-70.4469
43984	-71.0671
43985	-70.8115
43986	-69.8364
43987	-67.8362
43988	-63.7679
43989	-57.5073
43990	-54.1777
43991	-56.116
43992	-55.6217
43993	-55.7847
43994	-61.4591
43995	-65.5005
43996	-68.0262
43997	-69.2165
43998	-70.3709
43999	-68.9569
44000	-64.7739
44001	-64.8739
44002	-63.7286
44003	-61.1004
44004	-62.5504
44005	-68.8722
44006	-70.6252
44007	-70.5058
44008	-69.3283
44009	-66.7837
44010	-65.1339
44011	-63.2972
44012	-59.6729
44013	-52.3879
44014	-51.7079
44015	-59.8293
44016	-63.5976
44017	-65.3086
44018	-67.1131
44019	-70.0825
44020	-71.4074
44021	-70.5191
44022	-71.812
44023	-69.7849
44024	-67.1387
44025	-70.3852
44026	-73.5168
44027	-74.6203
44028	-74.6064
44029	-74.2393
44030	-73.3112
44031	-73.2116
44032	-72.876
44033	-73.1425
44034	-73.3661
44035	-72.5747
44036	-70.6897
44037	-71.0654
44038	-72.5443
44039	-73.296
44040	-72.6014
44041	-71.8557
44042	-72.2087
44043	-73.2871
44044	-72.6094
44045	-72.9718
44046	-72.6973
44047	-72.6981
44048	-72.8028
44049	-72.2272
44050	-70.8943
44051	-69.6254
44052	-69.132
44053	-68.5112
44054	-68.6803
44055	-67.4074
44056	-65.7317
44057	-62.6542
44058	-61.1436
44059	-58.9053
44060	-56.7429
44061	-51.1678
44062	-35.0564
44063	-24.2902
44064	-23.7502
44065	-33.3781
44066	-49.6338
44067	-57.0487
44068	-59.8805
44069	-62.4867
44070	-64.337
44071	-65.8294
44072	-67.581
44073	-68.7828
44074	-69.0616
44075	-69.9784
44076	-72.0101
44077	-72.2471
44078	-72.9648
44079	-73.1006
44080	-73.3496
44081	-72.9718
44082	-72.786
44083	-72.3862
44084	-72.86
44085	-72.4854
44086	-71.682
44087	-71.7525
44088	-71.4015
44089	-68.3622
44090	-66.6492
44091	-67.6654
44092	-67.1099
44093	-67.6562
44094	-70.9393
44095	-72.8004
44096	-73.747
44097	-73.9493
44098	-74.2298
44099	-73.8831
44100	-73.6465
44101	-73.0992
44102	-71.1362
44103	-67.0683
44104	-68.6683
44105	-71.7912
44106	-71.3202
44107	-70.4198
44108	-68.5576
44109	-66.4544
44110	-64.3308
44111	-62.8526
44112	-58.8059
44113	-51.254
44114	-50.8179
44115	-58.9541
44116	-62.9882
44117	-64.5325
44118	-66.4222
44119	-69.439
44120	-70.7534
44121	-70.7304
44122	-70.0983
44123	-66.0228
44124	-62.7981
44125	-67.1219
44126	-69.556
44127	-71.6415
44128	-72.4384
44129	-71.8354
44130	-71.3132
44131	-70.448
44132	-68.3043
44133	-67.7206
44134	-66.6052
44135	-62.3385
44136	-56.5374
44137	-59.7991
44138	-64.7866
44139	-66.3734
44140	-67.1423
44141	-68.306
44142	-69.7637
44143	-71.6349
44144	-72.2404
44145	-73.2317
44146	-71.7986
44147	-72.3691
44148	-73.3003
44149	-74.3102
44150	-74.114
44151	-74.3295
44152	-74.1483
44153	-73.9912
44154	-74.3077
44155	-73.0654
44156	-69.5502
44157	-66.4066
44158	-67.3657
44159	-66.7792
44160	-66.0615
44161	-69.1492
44162	-71.5783
44163	-71.4819
44164	-71.827
44165	-72.5737
44166	-74.2134
44167	-74.0969
44168	-74.1439
44169	-74.0536
44170	-74.2535
44171	-73.9073
44172	-74.2818
44173	-74.1512
44174	-73.3627
44175	-72.8553
44176	-71.5881
44177	-71.6335
44178	-69.9519
44179	-67.5793
44180	-65.4365
44181	-64.4778
44182	-63.2147
44183	-61.4571
44184	-53.5059
44185	-39.7556
44186	-33.0808
44187	-36.3303
44188	-49.4119
44189	-59.1478
44190	-61.3217
44191	-62.9911
44192	-63.6617
44193	-65.6691
44194	-69.1379
44195	-71.1354
44196	-71.0654
44197	-70.7675
44198	-71.3767
44199	-71.9726
44200	-73.0705
44201	-73.8939
44202	-74.4534
44203	-73.7566
44204	-73.9873
44205	-74.4067
44206	-73.6827
44207	-72.1249
44208	-71.393
44209	-71.4119
44210	-71.693
44211	-72.1472
44212	-70.3545
44213	-65.8052
44214	-65.8222
44215	-70.9795
44216	-72.7029
44217	-73.0217
44218	-72.7928
44219	-73.5254
44220	-74.2256
44221	-74.4058
44222	-74.8381
44223	-74.7767
44224	-73.7516
44225	-72.6093
44226	-72.0245
44227	-72.7774
44228	-72.1488
44229	-70.8552
44230	-71.5086
44231	-70.0967
44232	-67.9448
44233	-67.7177
44234	-67.1274
44235	-64.8143
44236	-60.0043
44237	-63.5413
44238	-65.9684
44239	-67.1024
44240	-68.1134
44241	-69.2608
44242	-70.5624
44243	-71.8314
44244	-72.0151
44245	-69.4329
44246	-64.7287
44247	-62.7894
44248	-65.5356
44249	-63.778
44250	-65.2531
44251	-69.443
44252	-69.9008
44253	-68.8339
44254	-67.4991
44255	-64.0627
44256	-58.2838
44257	-53.5261
44258	-55.4122
44259	-54.3366
44260	-52.8794
44261	-57.9778
44262	-64.3418
44263	-67.8074
44264	-69.4292
44265	-70.6224
44266	-70.7039
44267	-69.5083
44268	-68.6845
44269	-68.9209
44270	-67.8384
44271	-71.0213
44272	-73.5595
44273	-74.0718
44274	-74.3721
44275	-74.171
44276	-74.565
44277	-73.7025
44278	-72.2683
44279	-70.214
44280	-68.8855
44281	-69.61
44282	-69.9023
44283	-70.9964
44284	-72.3387
44285	-73.2802
44286	-72.5529
44287	-72.7106
44288	-72.0803
44289	-72.2711
44290	-71.7484
44291	-72.3801
44292	-72.6442
44293	-72.256
44294	-71.0744
44295	-71.0933
44296	-70.2477
44297	-68.7965
44298	-68.2226
44299	-67.6184
44300	-66.439
44301	-64.5867
44302	-62.297
44303	-59.5895
44304	-58.1804
44305	-53.7173
44306	-45.9184
44307	-39.7267
44308	-40.9628
44309	-40.0996
44310	-38.6386
44311	-45.1906
44312	-53.4509
44313	-57.7101
44314	-60.3045
44315	-63.4606
44316	-65.2875
44317	-66.5882
44318	-67.8559
44319	-68.261
44320	-68.2723
44321	-69.5509
44322	-70.656
44323	-71.733
44324	-72.4075
44325	-71.6675
44326	-71.5242
44327	-72.137
44328	-71.9913
44329	-72.6738
44330	-73.1458
44331	-73.499
44332	-72.3286
44333	-72.7661
44334	-72.8861
44335	-70.6406
44336	-68.2174
44337	-70.1719
44338	-72.2727
44339	-73.3991
44340	-73.4949
44341	-73.6425
44342	-74.0414
44343	-73.9838
44344	-73.9189
44345	-73.6079
44346	-70.8522
44347	-68.6551
44348	-69.5694
44349	-68.5907
44350	-69.5261
44351	-70.0117
44352	-69.2002
44353	-68.6572
44354	-67.6682
44355	-64.0843
44356	-58.5476
44357	-53.868
44358	-55.5826
44359	-54.0885
44360	-53.1104
44361	-58.3696
44362	-64.4509
44363	-67.8978
44364	-69.6411
44365	-70.6632
44366	-69.1578
44367	-65.3048
44368	-63.5885
44369	-63.5687
44370	-63.3316
44371	-64.4771
44372	-68.511
44373	-70.771
44374	-71.4055
44375	-70.5487
44376	-68.8634
44377	-67.3106
44378	-65.0601
44379	-61.4981
44380	-60.3983
44381	-60.26
44382	-62.2225
44383	-64.0928
44384	-67.79
44385	-69.4041
44386	-69.6536
44387	-70.1066
44388	-70.7603
44389	-71.6456
44390	-72.2294
44391	-71.7596
44392	-71.6617
44393	-73.4517
44394	-74.047
44395	-74.4341
44396	-74.1755
44397	-73.6587
44398	-73.291
44399	-73.2435
44400	-73.456
44401	-73.0192
44402	-69.8616
44403	-66.8405
44404	-68.5009
44405	-72.3877
44406	-72.7284
44407	-71.3008
44408	-72.0492
44409	-72.0209
44410	-71.8792
44411	-73.487
44412	-73.8785
44413	-73.4114
44414	-73.2358
44415	-73.9825
44416	-73.2932
44417	-72.3385
44418	-71.1095
44419	-70.3238
44420	-70.6239
44421	-70.8869
44422	-69.5007
44423	-68.1331
44424	-66.0903
44425	-62.2196
44426	-60.0679
44427	-59.7022
44428	-54.0971
44429	-45.9623
44430	-45.0154
44431	-42.8866
44432	-46.9767
44433	-51.0833
44434	-59.0714
44435	-63.5767
44436	-63.6738
44437	-65.5611
44438	-68.1186
44439	-69.4967
44440	-70.5037
44441	-71.0963
44442	-72.1002
44443	-72.1106
44444	-73.9089
44445	-73.8987
44446	-73.5198
44447	-73.9259
44448	-74.7115
44449	-73.5804
44450	-73.3155
44451	-73.0711
44452	-72.2039
44453	-71.8721
44454	-71.8569
44455	-71.4155
44456	-69.5713
44457	-66.2455
44458	-67.0616
44459	-66.5992
44460	-66.1673
44461	-69.7264
44462	-72.9205
44463	-74.5181
44464	-74.6292
44465	-74.473
44466	-74.0937
44467	-74.105
44468	-73.5431
44469	-71.8166
44470	-71.3572
44471	-71.7825
44472	-72.2155
44473	-72.2862
44474	-70.8804
44475	-69.5064
44476	-67.9047
44477	-66.8671
44478	-63.6638
44479	-59.2195
44480	-58.3558
44481	-58.3828
44482	-59.9607
44483	-62.2267
44484	-66.5307
44485	-69.1035
44486	-69.8906
44487	-70.7363
44488	-71.67
44489	-71.1787
44490	-69.082
44491	-69.7473
44492	-66.2647
44493	-64.37
44494	-68.6205
44495	-71.3141
44496	-71.1773
44497	-71.0285
44498	-70.3595
44499	-67.5061
44500	-65.6152
44501	-62.6675
44502	-56.5747
44503	-51.8622
44504	-55.2041
44505	-61.3276
44506	-63.8257
44507	-64.6551
44508	-67.1085
44509	-69.1401
44510	-70.0871
44511	-71.2626
44512	-71.4087
44513	-69.7099
44514	-69.6922
44515	-72.594
44516	-73.165
44517	-73.4095
44518	-73.7871
44519	-74.7161
44520	-74.1651
44521	-73.7158
44522	-72.2767
44523	-71.0896
44524	-70.1301
44525	-65.7264
44526	-63.2538
44527	-67.1522
44528	-71.11
44529	-71.3599
44530	-71.0884
44531	-71.4411
44532	-71.9111
44533	-73.4813
44534	-73.8975
44535	-73.4013
44536	-72.3777
44537	-73.3602
44538	-74.1394
44539	-73.2714
44540	-72.7243
44541	-71.6245
44542	-70.5651
44543	-69.9286
44544	-69.9171
44545	-68.5233
44546	-67.6711
44547	-65.5892
44548	-63.3404
44549	-60.3767
44550	-56.9881
44551	-46.2475
44552	-31.6705
44553	-25.362
44554	-28.6767
44555	-42.7572
44556	-54.9302
44557	-57.7364
44558	-59.7863
44559	-61.6889
44560	-62.8866
44561	-65.8325
44562	-68.4875
44563	-69.2566
44564	-69.1601
44565	-70.4818
44566	-71.4526
44567	-71.8175
44568	-72.1523
44569	-72.8236
44570	-73.6357
44571	-73.8664
44572	-72.3764
44573	-72.5775
44574	-72.8306
44575	-72.347
44576	-72.582
44577	-72.9492
44578	-72.3105
44579	-70.9576
44580	-70.2889
44581	-71.4727
44582	-70.6838
44583	-71.9416
44584	-73.2571
44585	-73.8706
44586	-74.1262
44587	-73.8646
44588	-74.4856
44589	-75.212
44590	-73.8637
44591	-73.005
44592	-71.015
44593	-68.9825
44594	-70.7338
44595	-71.8031
44596	-71.9734
44597	-71.8114
44598	-70.3996
44599	-67.7597
44600	-66.098
44601	-63.3037
44602	-57.8863
44603	-53.5353
44604	-56.9991
44605	-62.5448
44606	-64.309
44607	-65.3273
44608	-67.8512
44609	-70.1191
44610	-70.6148
44611	-70.2336
44612	-68.056
44613	-64.2476
44614	-63.9028
44615	-61.6595
44616	-62.4703
44617	-66.7053
44618	-69.4217
44619	-69.779
44620	-69.213
44621	-66.133
44622	-63.6708
44623	-62.1477
44624	-58.7036
44625	-52.4882
44626	-49.9549
44627	-54.9032
44628	-60.4277
44629	-64.3297
44630	-66.6756
44631	-69.772
44632	-71.0255
44633	-71.4989
44634	-70.9028
44635	-68.8855
44636	-65.869
44637	-68.7707
44638	-72.4694
44639	-73.2607
44640	-74.8587
44641	-74.5188
44642	-73.8699
44643	-73.9152
44644	-73.5964
44645	-72.9843
44646	-72.1361
44647	-71.8691
44648	-72.233
44649	-71.3112
44650	-71.661
44651	-72.7251
44652	-73.6422
44653	-72.7577
44654	-73.0259
44655	-72.7953
44656	-72.1231
44657	-71.7994
44658	-72.5459
44659	-72.8348
44660	-71.8273
44661	-71.4276
44662	-70.8042
44663	-70.527
44664	-69.1171
44665	-67.3012
44666	-67.6101
44667	-66.5544
44668	-64.3068
44669	-61.7716
44670	-60.4862
44671	-58.3052
44672	-55.9053
44673	-51.0214
44674	-39.2811
44675	-26.7032
44676	-24.1931
44677	-31.6019
44678	-44.7872
44679	-54.4242
44680	-58.1584
44681	-60.9613
44682	-63.3301
44683	-65.5998
44684	-66.8947
44685	-67.9215
44686	-67.8491
44687	-69.0669
44688	-69.8091
44689	-70.8782
44690	-72.2615
44691	-73.0566
44692	-72.289
44693	-71.9208
44694	-72.2876
44695	-72.3377
44696	-72.0714
44697	-72.5543
44698	-72.5235
44699	-71.7995
44700	-71.8559
44701	-71.8378
44702	-68.4882
44703	-65.0988
44704	-68.1041
44705	-71.7871
44706	-71.8929
44707	-72.184
44708	-73.7297
44709	-73.7653
44710	-73.865
44711	-73.9653
44712	-73.417
44713	-72.8577
44714	-70.6358
44715	-67.0205
44716	-67.4177
44717	-70.7168
44718	-70.6782
44719	-69.4197
44720	-68.4649
44721	-66.1518
44722	-63.6229
44723	-61.7775
44724	-58.4482
44725	-51.8804
44726	-49.4779
44727	-54.7528
44728	-60.2346
44729	-64.0952
44730	-66.3197
44731	-69.3118
44732	-70.1932
44733	-70.5792
44734	-69.2418
44735	-64.3878
44736	-60.6519
44737	-64.3959
44738	-69.8095
44739	-70.5318
44740	-72.189
44741	-71.7701
44742	-70.8376
44743	-69.8509
44744	-68.7843
44745	-67.5102
44746	-66.257
44747	-66.8726
44748	-69.0599
44749	-66.3766
44750	-66.0694
44751	-68.2328
44752	-68.5683
44753	-69.1535
44754	-69.9414
44755	-71.411
44756	-72.4886
44757	-72.7796
44758	-73.5263
44759	-73.4475
44760	-73.9686
44761	-73.41
44762	-74.1848
44763	-74.3693
44764	-74.1859
44765	-74.4463
44766	-74.0737
44767	-73.2579
44768	-70.2184
44769	-67.1469
44770	-67.6606
44771	-67.5511
44772	-67.518
44773	-70.7431
44774	-71.2687
44775	-72.1296
44776	-72.4345
44777	-72.0561
44778	-73.3577
44779	-73.3437
44780	-74.35
44781	-75.2364
44782	-74.2182
44783	-73.5077
44784	-73.9586
44785	-74.2635
44786	-73.4966
44787	-72.4432
44788	-71.5744
44789	-71.5116
44790	-70.7295
44791	-68.4159
44792	-63.6727
44793	-61.5866
44794	-63.0216
44795	-61.6176
44796	-57.6787
44797	-56.465
44798	-58.6649
44799	-55.774
44800	-56.6008
44801	-61.5174
44802	-63.7856
44803	-63.5178
44804	-65.3207
44805	-68.7614
44806	-71.0848
44807	-71.3884
44808	-71.8607
44809	-72.2527
44810	-72.3671
44811	-73.3592
44812	-74.2341
44813	-74.7126
44814	-75.0776
44815	-74.2282
44816	-74.51
44817	-74.5519
44818	-73.6413
44819	-72.0165
44820	-72.0671
44821	-71.2455
44822	-70.7602
44823	-71.7071
44824	-69.8279
44825	-65.23
44826	-63.7611
44827	-68.1108
44828	-72.1008
44829	-72.6511
44830	-73.4033
44831	-74.1261
44832	-74.1482
44833	-74.4877
44834	-74.3818
44835	-74.1394
44836	-73.6079
44837	-73.5483
44838	-73.7422
44839	-73.2688
44840	-72.0294
44841	-71.2063
44842	-69.8466
44843	-68.9559
44844	-68.0457
44845	-67.6386
44846	-64.9558
44847	-65.7761
44848	-67.847
44849	-66.7551
44850	-66.2343
44851	-68.0827
44852	-69.0482
44853	-69.6344
44854	-71.1155
44855	-72.1797
44856	-72.4063
44857	-70.5613
44858	-66.9091
44859	-64.605
44860	-65.1734
44861	-65.1046
44862	-67.1865
44863	-70.2045
44864	-70.9374
44865	-69.833
44866	-68.0841
44867	-64.3618
44868	-58.1893
44869	-53.4615
44870	-54.8804
44871	-55.4383
44872	-54.5597
44873	-59.7162
44874	-64.2938
44875	-67.4934
44876	-68.8605
44877	-68.9978
44878	-70.8356
44879	-69.8032
44880	-68.9834
44881	-70.0734
44882	-69.1056
44883	-71.2616
44884	-73.7062
44885	-74.0291
44886	-73.6895
44887	-74.1543
44888	-74.2201
44889	-72.6498
44890	-72.781
44891	-70.7969
44892	-66.6347
44893	-63.7963
44894	-68.7206
44895	-71.6971
44896	-71.9215
44897	-71.5056
44898	-72.6999
44899	-72.4544
44900	-72.4552
44901	-72.4747
44902	-72.354
44903	-72.0513
44904	-72.6427
44905	-72.9518
44906	-72.5065
44907	-71.0502
44908	-70.2303
44909	-69.2027
44910	-69.2144
44911	-68.5022
44912	-67.43
44913	-66.5379
44914	-64.1695
44915	-61.5481
44916	-58.8069
44917	-53.5889
44918	-44.9933
44919	-39.1672
44920	-39.8688
44921	-41.6377
44922	-40.756
44923	-47.8073
44924	-55.1484
44925	-58.2285
44926	-59.0999
44927	-62.3812
44928	-64.9417
44929	-67.0641
44930	-67.8058
44931	-68.2045
44932	-69.1319
44933	-70.7291
44934	-71.0848
44935	-70.9905
44936	-71.7855
44937	-72.6884
44938	-72.461
44939	-72.2332
44940	-72.7296
44941	-72.6825
44942	-73.2177
44943	-73.1645
44944	-73.5021
44945	-72.7964
44946	-72.1688
44947	-72.1538
44948	-71.5342
44949	-71.2118
44950	-72.0486
44951	-73.6707
44952	-74.0007
44953	-74.2641
44954	-74.2077
44955	-74.5829
44956	-74.3369
44957	-73.3698
44958	-71.1199
44959	-68.8819
44960	-69.9985
44961	-69.2343
44962	-70.0836
44963	-70.9665
44964	-70.8747
44965	-69.945
44966	-68.3357
44967	-64.86
44968	-58.4038
44969	-54.0439
44970	-55.7067
44971	-56.0479
44972	-54.9295
44973	-60.1535
44974	-64.8674
44975	-67.6052
44976	-69.1423
44977	-70.3915
44978	-69.1328
44979	-65.2545
44980	-64.3315
44981	-64.6707
44982	-61.5311
44983	-61.9116
44984	-67.8872
44985	-70.5697
44986	-70.7757
44987	-69.5139
44988	-67.3641
44989	-65.8128
44990	-63.9229
44991	-60.6524
44992	-53.9957
44993	-51.5409
44994	-58.1797
44995	-63.498
44996	-65.2471
44997	-66.8878
44998	-69.8428
44999	-71.4876
45000	-70.6652
45001	-71.7721
45002	-70.7614
45003	-67.5025
45004	-69.7159
45005	-73.1156
45006	-74.7367
45007	-74.8426
45008	-74.3141
45009	-73.5374
45010	-73.3375
45011	-72.9565
45012	-73.1577
45013	-73.3812
45014	-72.5133
45015	-70.4982
45016	-70.4518
45017	-72.3534
45018	-73.159
45019	-72.7225
45020	-72.0524
45021	-71.9115
45022	-73.3637
45023	-72.7195
45024	-73.0283
45025	-72.8901
45026	-72.6322
45027	-72.8994
45028	-72.6334
45029	-71.2065
45030	-69.7445
45031	-69.3785
45032	-68.8611
45033	-68.648
45034	-68.0626
45035	-66.3147
45036	-63.3509
45037	-61.5792
45038	-59.6939
45039	-57.4569
45040	-53.5411
45041	-39.2118
45042	-26.027
45043	-23.6919
45044	-31.1493
45045	-47.6498
45046	-56.783
45047	-59.7718
45048	-62.3907
45049	-64.2043
45050	-65.7443
45051	-67.5093
45052	-68.9008
45053	-69.1025
45054	-70.1706
45055	-71.5718
45056	-72.3481
45057	-73.023
45058	-73.1381
45059	-73.356
45060	-73.1014
45061	-72.969
45062	-72.5654
45063	-72.9623
45064	-72.4516
45065	-71.8085
45066	-71.5935
45067	-71.7666
45068	-69.0173
45069	-66.3923
45070	-67.2547
45071	-67.3622
45072	-66.9907
45073	-70.1139
45074	-72.6323
45075	-73.6008
45076	-73.8861
45077	-74.2065
45078	-73.9872
45079	-73.8981
45080	-73.2333
45081	-71.8559
45082	-67.8395
45083	-68.0693
45084	-71.6662
45085	-71.4834
45086	-71.0056
45087	-68.7858
45088	-67.0819
45089	-64.7637
45090	-63.3505
45091	-59.8853
45092	-52.6772
45093	-50.5075
45094	-57.4146
45095	-62.7694
45096	-64.6902
45097	-66.1067
45098	-69.0182
45099	-70.7142
45100	-70.786
45101	-70.536
45102	-67.6368
45103	-63.1323
45104	-66.4474
45105	-68.7186
45106	-71.1811
45107	-72.5751
45108	-71.7758
45109	-71.467
45110	-70.5382
45111	-68.5132
45112	-67.6476
45113	-66.5892
45114	-63.2659
45115	-56.1092
45116	-57.5029
45117	-63.7488
45118	-65.897
45119	-66.7224
45120	-67.8118
45121	-69.4442
45122	-71.4585
45123	-72.1919
45124	-72.8625
45125	-71.6947
45126	-71.6
45127	-73.1661
45128	-74.2191
45129	-74.2681
45130	-74.0956
45131	-74.1663
45132	-74.2083
45133	-74.6151
45134	-73.3343
45135	-70.2678
45136	-66.8533
45137	-66.8542
45138	-67.2716
45139	-65.8382
45140	-68.6807
45141	-71.422
45142	-71.5392
45143	-71.639
45144	-72.3407
45145	-73.6945
45146	-73.8957
45147	-73.9852
45148	-74.0143
45149	-74.1003
45150	-73.9514
45151	-74.3984
45152	-74.1292
45153	-73.5315
45154	-72.7583
45155	-71.3632
45156	-71.4877
45157	-70.0645
45158	-68.1271
45159	-65.7037
45160	-64.8287
45161	-63.5461
45162	-61.8732
45163	-55.0239
45164	-40.7665
45165	-32.2244
45166	-33.6321
45167	-45.5754
45168	-57.7087
45169	-60.698
45170	-62.3007
45171	-63.5567
45172	-64.7044
45173	-68.4633
45174	-70.3461
45175	-70.844
45176	-70.8659
45177	-70.8859
45178	-71.4785
45179	-72.8424
45180	-73.7356
45181	-74.5033
45182	-73.9478
45183	-73.5825
45184	-74.2729
45185	-73.785
45186	-72.567
45187	-71.3807
45188	-71.5404
45189	-71.4901
45190	-72.428
45191	-71.0608
45192	-67.042
45193	-65.5378
45194	-70.5146
45195	-72.5965
45196	-72.9706
45197	-72.7034
45198	-73.2728
45199	-74.0057
45200	-74.2863
45201	-74.7229
45202	-74.8115
45203	-73.9485
45204	-72.5197
45205	-71.4529
45206	-72.7668
45207	-72.4108
45208	-70.8443
45209	-71.4743
45210	-70.5612
45211	-68.3293
45212	-67.7992
45213	-67.2446
45214	-65.1362
45215	-59.0389
45216	-60.9856
45217	-65.159
45218	-66.7989
45219	-67.7081
45220	-68.8591
45221	-70.202
45222	-71.6755
45223	-72.084
45224	-70.2352
45225	-65.0038
45226	-62.73
45227	-64.6849
45228	-64.0785
45229	-64.3327
45230	-68.9499
45231	-70.0304
45232	-69.1428
45233	-68.0974
45234	-64.9068
45235	-59.5817
45236	-53.9403
45237	-54.6345
45238	-54.8055
45239	-52.6736
45240	-56.9036
45241	-63.2333
45242	-67.4451
45243	-69.534
45244	-70.4665
45245	-70.6922
45246	-69.8331
45247	-68.6959
45248	-69.2076
45249	-67.7747
45250	-70.137
45251	-73.3292
45252	-73.9946
45253	-74.4134
45254	-74.1949
45255	-74.5543
45256	-73.7728
45257	-72.7585
45258	-70.9127
45259	-69.149
45260	-69.8189
45261	-70.2311
45262	-70.7968
45263	-72.3867
45264	-73.3649
45265	-72.7042
45266	-72.6474
45267	-72.2993
45268	-72.3551
45269	-71.6998
45270	-72.1812
45271	-72.7684
45272	-72.0559
45273	-71.1992
45274	-71.0351
45275	-70.536
45276	-68.9261
45277	-68.1395
45278	-67.7702
45279	-66.8126
45280	-65.0963
45281	-62.7212
45282	-59.9597
45283	-58.4385
45284	-54.8721
45285	-47.6247
45286	-40.1059
45287	-41.2871
45288	-39.4968
45289	-38.3216
45290	-43.2756
45291	-52.0874
45292	-57.362
45293	-59.9194
45294	-62.9134
45295	-65.024
45296	-66.4252
45297	-67.6433
45298	-68.3981
45299	-68.2621
45300	-69.2071
45301	-70.4799
45302	-71.6965
45303	-72.4557
45304	-71.7741
45305	-71.7469
45306	-71.9941
45307	-71.8261
45308	-72.4392
45309	-73.0715
45310	-73.5191
45311	-72.5171
45312	-72.4866
45313	-72.9117
45314	-71.042
45315	-67.9022
45316	-69.1965
45317	-71.8353
45318	-73.1859
45319	-73.5412
45320	-73.7119
45321	-73.8041
45322	-73.9694
45323	-74.0959
45324	-73.6284
45325	-71.4359
45326	-68.6612
45327	-69.8278
45328	-68.6189
45329	-69.3342
45330	-70.1597
45331	-69.2891
45332	-68.6091
45333	-67.9387
45334	-64.8271
45335	-59.6448
45336	-54.235
45337	-54.8958
45338	-54.5428
45339	-52.7911
45340	-57.1969
45341	-63.3739
45342	-67.4819
45343	-69.3089
45344	-70.6228
45345	-69.5357
45346	-66.389
45347	-63.824
45348	-63.3597
45349	-63.4547
45350	-63.986
45351	-68.3382
45352	-70.8353
45353	-71.544
45354	-70.9215
45355	-69.2737
45356	-67.7109
45357	-66.2413
45358	-62.6542
45359	-61.3294
45360	-60.8205
45361	-62.668
45362	-64.393
45363	-67.5903
45364	-69.3684
45365	-69.5318
45366	-70.0256
45367	-70.6867
45368	-71.4888
45369	-72.4416
45370	-72.1943
45371	-71.7454
45372	-73.3302
45373	-74.0594
45374	-74.5874
45375	-74.0828
45376	-73.7645
45377	-73.4384
45378	-73.216
45379	-73.36
45380	-73.0681
45381	-70.3314
45382	-66.8299
45383	-67.4535
45384	-71.5527
45385	-72.6938
45386	-71.4679
45387	-71.6075
45388	-71.8944
45389	-71.7948
45390	-73.0984
45391	-73.7999
45392	-73.8102
45393	-73.1909
45394	-74.2397
45395	-73.4627
45396	-72.7216
45397	-71.5553
45398	-70.5872
45399	-70.5988
45400	-71.2863
45401	-69.9147
45402	-68.754
45403	-66.9685
45404	-62.9896
45405	-60.5462
45406	-60.3369
45407	-55.7857
45408	-47.9465
45409	-45.8051
45410	-43.4319
45411	-47.6822
45412	-50.5032
45413	-58.7432
45414	-63.7382
45415	-63.6511
45416	-65.0577
45417	-68.1474
45418	-69.5434
45419	-70.5631
45420	-71.0088
45421	-72.0679
45422	-72.1872
45423	-73.757
45424	-74.1083
45425	-73.7991
45426	-73.7772
45427	-74.7508
45428	-73.9425
45429	-73.4331
45430	-73.3199
45431	-72.3083
45432	-72.2861
45433	-71.8934
45434	-71.4509
45435	-69.9823
45436	-66.5802
45437	-66.5723
45438	-67.06
45439	-65.913
45440	-68.9116
45441	-72.4133
45442	-74.357
45443	-74.6986
45444	-74.5108
45445	-74.1677
45446	-74.0094
45447	-73.9143
45448	-72.2987
45449	-71.5659
45450	-71.828
45451	-72.3104
45452	-72.398
45453	-71.2647
45454	-69.7461
45455	-68.2589
45456	-67.1844
45457	-64.9098
45458	-60.4843
45459	-58.8483
45460	-58.7305
45461	-60.8069
45462	-62.1969
45463	-66.1544
45464	-68.7751
45465	-69.8626
45466	-70.5689
45467	-71.5077
45468	-71.9028
45469	-69.6368
45470	-69.7745
45471	-66.9996
45472	-63.9042
45473	-67.0519
45474	-71.0301
45475	-71.2716
45476	-71.0899
45477	-70.5228
45478	-67.9751
45479	-65.6475
45480	-63.2301
45481	-57.4734
45482	-51.8788
45483	-53.4271
45484	-60.1424
45485	-63.4407
45486	-64.4015
45487	-66.4106
45488	-68.9894
45489	-69.734
45490	-71.1125
45491	-71.7282
45492	-69.7624
45493	-69.1074
45494	-71.7475
45495	-72.9208
45496	-73.3491
45497	-73.7614
45498	-74.4639
45499	-74.3256
45500	-73.8974
45501	-72.5015
45502	-71.2165
45503	-70.8451
45504	-66.8943
45505	-63.1891
45506	-66.5319
45507	-70.5279
45508	-71.4567
45509	-70.8711
45510	-71.5015
45511	-71.8044
45512	-72.8555
45513	-73.7266
45514	-73.4563
45515	-72.3303
45516	-73.1435
45517	-73.9714
45518	-73.3905
45519	-72.7021
45520	-71.7825
45521	-70.6457
45522	-69.6463
45523	-69.7488
45524	-68.6017
45525	-67.7676
45526	-65.8093
45527	-63.5235
45528	-60.6511
45529	-57.4045
45530	-48.5301
45531	-33.8376
45532	-25.5
45533	-26.9921
45534	-39.1031
45535	-52.7453
45536	-57.5167
45537	-59.1419
45538	-61.417
45539	-62.2319
45540	-65.0051
45541	-68.0139
45542	-69.0847
45543	-68.8154
45544	-70.1195
45545	-71.1601
45546	-71.7329
45547	-72.0543
45548	-72.5549
45549	-73.3617
45550	-74.0607
45551	-72.3801
45552	-72.3862
45553	-72.808
45554	-72.5913
45555	-72.3044
45556	-73.178
45557	-72.6629
45558	-71.3195
45559	-70.5315
45560	-71.6993
45561	-70.874
45562	-71.753
45563	-73.0639
45564	-73.8161
45565	-74.045
45566	-74.0503
45567	-74.217
45568	-75.2101
45569	-73.9613
45570	-73.1946
45571	-71.264
45572	-68.5203
45573	-70.0735
45574	-71.772
45575	-71.807
45576	-71.973
45577	-70.7733
45578	-68.2518
45579	-66.058
45580	-63.681
45581	-58.3423
45582	-53.3607
45583	-55.0882
45584	-61.2856
45585	-63.9878
45586	-64.743
45587	-67.174
45588	-69.5904
45589	-70.57
45590	-70.2761
45591	-68.4241
45592	-64.6599
45593	-63.2781
45594	-62.3927
45595	-61.7867
45596	-66.1291
45597	-69.1827
45598	-69.6188
45599	-69.6478
45600	-66.8065
45601	-64.1485
45602	-62.5397
45603	-59.7215
45604	-54.1962
45605	-49.9094
45606	-54.0089
45607	-59.5379
45608	-64.0506
45609	-66.0955
45610	-69.3991
45611	-70.7827
45612	-71.6352
45613	-71.2484
45614	-69.7367
45615	-66.2512
45616	-68.1723
45617	-72.1599
45618	-73.2402
45619	-74.8278
45620	-74.5876
45621	-73.9544
45622	-73.8301
45623	-73.5094
45624	-73.1283
45625	-72.4704
45626	-72.1486
45627	-72.2887
45628	-71.7189
45629	-71.7829
45630	-72.5927
45631	-73.4705
45632	-72.8761
45633	-73.0764
45634	-73.0014
45635	-72.2641
45636	-71.6269
45637	-72.4525
45638	-73.0007
45639	-72.1164
45640	-71.4764
45641	-70.8775
45642	-70.4831
45643	-69.4013
45644	-67.6237
45645	-67.5329
45646	-66.9351
45647	-64.9534
45648	-62.2593
45649	-60.6616
45650	-58.7632
45651	-56.4292
45652	-52.76
45653	-42.2001
45654	-28.3045
45655	-23.9084
45656	-29.3033
45657	-42.5325
45658	-53.5212
45659	-57.693
45660	-60.6433
45661	-63.1883
45662	-65.6842
45663	-66.9625
45664	-67.9299
45665	-67.836
45666	-68.9862
45667	-69.7131
45668	-70.879
45669	-72.18
45670	-73.0876
45671	-72.653
45672	-71.9515
45673	-72.2525
45674	-72.3919
45675	-72.1616
45676	-72.4689
45677	-72.4784
45678	-71.8622
45679	-71.6161
45680	-72.0362
45681	-68.771
45682	-65.1202
45683	-66.9024
45684	-71.1768
45685	-71.9207
45686	-71.9756
45687	-73.4257
45688	-73.821
45689	-73.8073
45690	-73.7918
45691	-73.5481
45692	-73.0269
45693	-71.2429
45694	-67.723
45695	-66.9625
45696	-70.254
45697	-70.9462
45698	-69.5957
45699	-68.7247
45700	-66.8595
45701	-63.8569
45702	-62.4653
45703	-59.3005
45704	-53.4804
45705	-49.3198
45706	-53.701
45707	-59.2927
45708	-63.9291
45709	-65.8991
45710	-68.989
45711	-70.3474
45712	-70.6627
45713	-69.8404
45714	-65.7789
45715	-61.0255
45716	-63.3331
45717	-69.2662
45718	-70.5078
45719	-72.2343
45720	-72.0326
45721	-71.0237
45722	-69.9872
45723	-69.1071
45724	-68.082
45725	-66.359
45726	-66.6498
45727	-67.9586
45728	-66.2373
45729	-65.7668
45730	-67.5877
45731	-68.5044
45732	-68.8058
45733	-69.8302
45734	-70.9857
45735	-72.4318
45736	-72.7583
45737	-73.6853
45738	-73.4444
45739	-73.9365
45740	-73.4471
45741	-73.9527
45742	-74.2915
45743	-74.1012
45744	-74.6025
45745	-74.3415
45746	-73.4125
45747	-70.8417
45748	-67.3339
45749	-67.1019
45750	-67.7532
45751	-66.9419
45752	-69.9608
45753	-71.293
45754	-71.87
45755	-72.0306
45756	-72.0435
45757	-73.1544
45758	-73.5614
45759	-74.1185
45760	-75.207
45761	-74.664
45762	-73.5199
45763	-73.8926
45764	-74.7068
45765	-73.7626
45766	-72.8467
45767	-71.7423
45768	-71.4999
45769	-71.2583
45770	-69.303
45771	-64.9175
45772	-61.7368
45773	-63.35
45774	-62.3016
45775	-57.9642
45776	-55.6031
45777	-57.7913
45778	-55.4544
45779	-55.2129
45780	-59.9115
45781	-63.2665
45782	-63.2313
45783	-64.3826
45784	-68.0417
45785	-70.3478
45786	-71.3911
45787	-71.8082
45788	-72.1708
45789	-72.2947
45790	-73.1976
45791	-73.9789
45792	-74.4482
45793	-75.083
45794	-74.4299
45795	-74.2468
45796	-74.7406
45797	-73.6892
45798	-71.9943
45799	-71.7652
45800	-71.5565
45801	-70.4728
45802	-71.8577
45803	-70.5825
45804	-66.4081
45805	-63.6046
45806	-67.3544
45807	-71.4593
45808	-72.7433
45809	-73.325
45810	-74.0723
45811	-73.8957
45812	-74.6661
45813	-74.6811
45814	-74.0956
45815	-73.6507
45816	-73.4848
45817	-73.6224
45818	-73.5021
45819	-72.3191
45820	-71.403
45821	-70.044
45822	-69.1617
45823	-68.4168
45824	-68.065
45825	-66.0844
45826	-65.9613
45827	-68.6721
45828	-67.5653
45829	-66.1809
45830	-67.6776
45831	-68.8466
45832	-69.3702
45833	-70.7364
45834	-72.0027
45835	-72.3964
45836	-70.9587
45837	-67.5402
45838	-64.3911
45839	-65.0829
45840	-65.0907
45841	-66.0818
45842	-69.7183
45843	-70.8236
45844	-70.0579
45845	-68.4842
45846	-65.2946
45847	-59.3332
45848	-53.67
45849	-54.2878
45850	-55.5654
45851	-54.0362
45852	-58.3812
45853	-63.6665
45854	-67.0172
45855	-68.8123
45856	-68.9933
45857	-70.1263
45858	-70.3119
45859	-68.7255
45860	-69.8707
45861	-68.9255
45862	-70.7316
45863	-73.3183
45864	-73.9854
45865	-73.7898
45866	-74.1319
45867	-74.1694
45868	-72.9121
45869	-72.8542
45870	-71.3981
45871	-67.8554
45872	-63.9018
45873	-67.6526
45874	-71.6782
45875	-72.1134
45876	-71.4458
45877	-72.6151
45878	-72.4468
45879	-72.5903
45880	-72.2866
45881	-72.3088
45882	-72.0581
45883	-72.4158
45884	-72.8755
45885	-72.4362
45886	-71.1545
45887	-70.2159
45888	-69.2679
45889	-69.026
45890	-68.7601
45891	-67.4185
45892	-66.4096
45893	-64.366
45894	-61.8926
45895	-59.2723
45896	-54.6487
45897	-46.6873
45898	-39.3842
45899	-40.434
45900	-40.4126
45901	-40.3559
45902	-45.736
45903	-53.8344
45904	-57.8923
45905	-58.6755
45906	-61.6963
45907	-64.4044
45908	-66.7105
45909	-67.6909
45910	-68.205
45911	-68.8944
45912	-70.1256
45913	-71.1161
45914	-70.8787
45915	-71.7991
45916	-72.5889
45917	-72.462
45918	-72.0211
45919	-72.7074
45920	-72.6214
45921	-72.6839
45922	-73.2578
45923	-73.6279
45924	-72.9362
45925	-72.3543
45926	-71.8915
45927	-71.6448
45928	-71.2593
45929	-71.7202
45930	-73.1817
45931	-73.7642
45932	-74.3016
45933	-74.2188
45934	-74.3439
45935	-74.4069
45936	-73.5738
45937	-71.6387
45938	-68.8471
45939	-69.4161
45940	-69.1404
45941	-69.787
45942	-70.8296
45943	-70.9444
45944	-70.0703
45945	-68.6862
45946	-65.5769
45947	-59.5529
45948	-54.0929
45949	-54.918
45950	-56.3543
45951	-54.3799
45952	-58.7342
45953	-64.089
45954	-67.2345
45955	-68.8934
45956	-69.9947
45957	-69.5029
45958	-66.0155
45959	-63.9189
45960	-65.2992
45961	-61.9364
45962	-61.6559
45963	-66.6365
45964	-70.7112
45965	-70.8778
45966	-69.7614
45967	-68.0393
45968	-66.3257
45969	-64.4722
45970	-61.7668
45971	-56.0086
45972	-51.7472
45973	-56.7209
45974	-63.4712
45975	-65.4233
45976	-66.7594
45977	-69.3219
45978	-71.6108
45979	-70.8219
45980	-71.4032
45981	-71.42
45982	-68.0005
45983	-69.3466
45984	-72.6374
45985	-74.7555
45986	-75.0309
45987	-74.4295
45988	-73.6553
45989	-73.2175
45990	-73.1059
45991	-73.0019
45992	-73.4348
45993	-72.6467
45994	-70.544
45995	-69.8043
45996	-71.6492
45997	-72.9759
45998	-72.8554
45999	-72.2174
46000	-71.8174
46001	-72.8066
46002	-72.8471
46003	-72.9669
46004	-73.0064
46005	-72.688
46006	-72.8594
46007	-73.0558
46008	-71.7029
46009	-70.1065
46010	-69.4307
46011	-69.2071
46012	-68.8167
46013	-68.6972
46014	-66.6892
46015	-63.9896
46016	-61.8141
46017	-60.3177
46018	-58.2937
46019	-55.0098
46020	-43.2356
46021	-28.1727
46022	-24.0045
46023	-29.4706
46024	-45.7434
46025	-56.4909
46026	-59.6591
46027	-62.1626
46028	-64.2303
46029	-65.6488
46030	-67.536
46031	-68.9076
46032	-69.293
46033	-70.4441
46034	-71.4915
46035	-72.518
46036	-72.9118
46037	-73.3042
46038	-73.3808
46039	-73.0979
46040	-73.1012
46041	-72.8163
46042	-73.0803
46043	-72.5446
46044	-71.8832
46045	-71.5066
46046	-71.8779
46047	-69.6068
46048	-66.4314
46049	-66.822
46050	-67.8047
46051	-66.5498
46052	-69.2751
46053	-72.4551
46054	-73.5331
46055	-73.8719
46056	-74.2559
46057	-74.1926
46058	-73.8649
46059	-73.3128
46060	-72.3043
46061	-68.7616
46062	-67.7494
46063	-71.6529
46064	-71.6772
46065	-71.2368
46066	-69.0369
46067	-67.5566
46068	-65.3816
46069	-63.6434
46070	-60.9734
46071	-54.4543
46072	-50.5597
46073	-55.8329
46074	-62.4942
46075	-64.5246
46076	-65.9188
46077	-68.7701
46078	-70.6583
46079	-71.0381
46080	-70.7945
46081	-69.0131
46082	-63.8201
46083	-65.662
46084	-68.065
46085	-70.0314
46086	-72.4869
46087	-71.7461
46088	-71.6218
46089	-70.9114
46090	-68.8534
46091	-67.3712
46092	-66.5773
46093	-64.0069
46094	-56.1119
46095	-55.7008
46096	-62.6141
46097	-65.1971
46098	-66.5012
46099	-67.528
46100	-69.0568
46101	-71.0737
46102	-72.222
46103	-72.76
46104	-71.877
46105	-70.8298
46106	-72.7967
46107	-73.7459
46108	-74.3735
46109	-73.9645
46110	-74.2658
46111	-74.269
46112	-74.5273
46113	-73.6349
46114	-71.0399
46115	-67.3325
46116	-66.5339
46117	-67.5562
46118	-65.797
46119	-67.7295
46120	-71.1886
46121	-71.5352
46122	-71.5333
46123	-72.2292
46124	-73.3839
46125	-73.8384
46126	-73.9179
46127	-74.0741
46128	-74.0046
46129	-74.0266
46130	-74.4565
46131	-73.8539
46132	-73.6286
46133	-72.598
46134	-71.2539
46135	-71.3902
46136	-70.1835
46137	-68.4065
46138	-66.1876
46139	-65.0483
46140	-63.5958
46141	-61.8789
46142	-56.6684
46143	-42.198
46144	-31.8646
46145	-31.4521
46146	-41.2113
46147	-55.5697
46148	-60.0038
46149	-61.444
46150	-63.0144
46151	-63.932
46152	-67.5073
46153	-69.6416
46154	-70.7527
46155	-70.6941
46156	-70.5118
46157	-71.0341
46158	-72.5547
46159	-73.3511
46160	-74.2391
46161	-74.0887
46162	-73.2299
46163	-74.2084
46164	-73.8022
46165	-72.9554
46166	-71.4903
46167	-71.6792
46168	-71.413
46169	-72.5069
46170	-71.5158
46171	-68.372
46172	-65.59
46173	-69.9918
46174	-72.5318
46175	-73.0165
46176	-72.8036
46177	-73.2341
46178	-73.7528
46179	-74.112
46180	-74.7374
46181	-74.7935
46182	-74.1074
46183	-72.5444
46184	-71.1
46185	-72.2288
46186	-72.5595
46187	-70.9692
46188	-71.3151
46189	-70.9847
46190	-68.8726
46191	-67.5803
46192	-67.1562
46193	-65.3462
46194	-58.5932
46195	-58.6529
46196	-64.3196
46197	-66.464
46198	-67.2663
46199	-68.5552
46200	-69.6961
46201	-71.4008
46202	-71.7999
46203	-71.0703
46204	-65.4741
46205	-63.0241
46206	-63.7313
46207	-64.613
46208	-63.6916
46209	-68.2742
46210	-70.1513
46211	-69.3637
46212	-68.1395
46213	-65.6222
46214	-60.828
46215	-54.6788
46216	-53.8966
46217	-54.919
46218	-52.7256
46219	-55.7578
46220	-62.176
46221	-66.8603
46222	-69.2796
46223	-70.2778
46224	-70.8058
46225	-70.1075
46226	-68.8656
46227	-69.506
46228	-67.9821
46229	-69.3655
46230	-73.1069
46231	-73.7667
46232	-74.4856
46233	-74.0262
46234	-74.5716
46235	-73.916
46236	-73.2187
46237	-71.4196
46238	-69.5584
46239	-70.0245
46240	-70.5086
46241	-70.7281
46242	-72.5611
46243	-73.3421
46244	-72.9847
46245	-72.7577
46246	-72.6094
46247	-72.292
46248	-71.8295
46249	-72.0566
46250	-72.6124
46251	-72.1026
46252	-71.3733
46253	-70.8921
46254	-70.8519
46255	-69.068
46256	-68.2686
46257	-67.7828
46258	-67.0916
46259	-65.5101
46260	-63.2923
46261	-60.5022
46262	-58.4803
46263	-55.8581
46264	-49.2459
46265	-40.8941
46266	-40.5004
46267	-39.1012
46268	-38.4503
46269	-41.5588
46270	-50.6039
46271	-56.8236
46272	-59.3764
46273	-62.297
46274	-64.7884
46275	-66.5941
46276	-67.6643
46277	-68.5159
46278	-68.1938
46279	-69.0249
46280	-70.2308
46281	-71.679
46282	-72.3448
46283	-71.9585
46284	-71.6987
46285	-71.8295
46286	-71.8443
46287	-72.242
46288	-72.954
46289	-73.5662
46290	-72.8614
46291	-72.2964
46292	-72.8622
46293	-71.6722
46294	-67.9588
46295	-68.1964
46296	-71.3864
46297	-72.998
46298	-73.3992
46299	-73.6446
46300	-73.7847
46301	-74.2138
46302	-74.1816
46303	-73.5455
46304	-72.0709
46305	-68.9312
46306	-69.4679
46307	-68.7572
46308	-69.0523
46309	-70.1743
46310	-69.4519
46311	-68.7312
46312	-68.0951
46313	-65.4386
46314	-60.9487
46315	-54.9134
46316	-54.0711
46317	-54.5903
46318	-52.679
46319	-55.8626
46320	-62.2161
46321	-66.8981
46322	-69.0948
46323	-70.4774
46324	-69.822
46325	-67.3439
46326	-63.8328
46327	-63.458
46328	-63.6734
46329	-63.7987
46330	-68.2337
46331	-70.634
46332	-71.633
46333	-71.3313
46334	-69.5273
46335	-68.204
46336	-67.0708
46337	-63.9872
46338	-62.4848
46339	-61.8374
46340	-63.2596
46341	-64.748
46342	-67.6447
46343	-69.432
46344	-69.582
46345	-69.9564
46346	-70.8808
46347	-71.475
46348	-72.5387
46349	-72.6459
46350	-71.9584
46351	-73.0729
46352	-73.9818
46353	-74.4674
46354	-74.1707
46355	-74.0629
46356	-73.6077
46357	-73.2825
46358	-73.4352
46359	-73.2161
46360	-70.8462
46361	-67.0197
46362	-66.5743
46363	-70.4601
46364	-72.3494
46365	-71.7829
46366	-71.2514
46367	-71.8981
46368	-71.709
46369	-72.8823
46370	-73.856
46371	-74.2989
46372	-73.3429
46373	-74.4247
46374	-73.7791
46375	-73.0734
46376	-72.1494
46377	-70.9772
46378	-70.7195
46379	-71.3631
46380	-70.3787
46381	-69.2534
46382	-67.7311
46383	-64.0574
46384	-60.9121
46385	-60.8579
46386	-57.7195
46387	-50.3308
46388	-46.4522
46389	-44.3316
46390	-47.7738
46391	-50.35
46392	-58.0836
46393	-63.8311
46394	-63.8963
46395	-64.6064
46396	-67.7839
46397	-69.4268
46398	-70.7456
46399	-70.9532
46400	-72.1086
46401	-72.4647
46402	-73.4585
46403	-74.2327
46404	-73.9048
46405	-73.782
46406	-74.9217
46407	-74.3235
46408	-73.4089
46409	-73.3335
46410	-72.475
46411	-72.1977
46412	-71.8119
46413	-71.5083
46414	-70.6533
46415	-67.1775
46416	-66.2398
46417	-67.4305
46418	-65.784
46419	-68.1272
46420	-71.9216
46421	-74.1915
46422	-74.7406
46423	-74.6586
46424	-74.323
46425	-74.0422
46426	-74.0108
46427	-72.7662
46428	-71.7191
46429	-72.0715
46430	-72.5706
46431	-72.5114
46432	-71.6108
46433	-69.9832
46434	-68.7003
46435	-67.2965
46436	-66.0949
46437	-61.5384
46438	-59.7383
46439	-59.3957
46440	-61.5264
46441	-62.3367
46442	-65.7665
46443	-68.6451
46444	-69.8398
46445	-70.2928
46446	-71.424
46447	-72.1429
46448	-70.2509
46449	-69.7678
46450	-68.0767
46451	-63.7354
46452	-65.5997
46453	-70.4434
46454	-71.0933
46455	-71.0511
46456	-70.7049
46457	-68.4545
46458	-65.736
46459	-63.8842
46460	-58.3955
46461	-52.2609
46462	-52.0534
46463	-58.6683
46464	-62.743
46465	-64.1295
46466	-65.6965
46467	-68.5267
46468	-69.3386
46469	-70.9707
46470	-71.75
46471	-69.8562
46472	-68.5086
46473	-70.8995
46474	-72.6682
46475	-73.3236
46476	-73.9428
46477	-74.0801
46478	-74.4387
46479	-74.0412
46480	-72.7835
46481	-71.4701
46482	-71.1092
46483	-67.9059
46484	-63.5039
46485	-65.7466
46486	-69.6457
46487	-71.4752
46488	-70.8797
46489	-71.4803
46490	-71.7957
46491	-72.48
46492	-73.5719
46493	-73.4541
46494	-72.3937
46495	-72.6808
46496	-73.7983
46497	-73.5161
46498	-72.5487
46499	-71.765
46500	-70.5881
46501	-69.4652
46502	-69.6122
46503	-68.6003
46504	-67.7594
46505	-65.915
46506	-63.7018
46507	-60.912
46508	-57.7573
46509	-51.0546
46510	-36.5749
46511	-26.0275
46512	-25.7222
46513	-35.7072
46514	-49.702
46515	-56.8024
46516	-58.466
46517	-60.7766
46518	-61.7571
46519	-64.2835
46520	-67.542
46521	-68.825
46522	-68.495
46523	-69.8373
46524	-70.8741
46525	-71.4561
46526	-72.099
46527	-72.284
46528	-73.0884
46529	-73.7748
46530	-72.4403
46531	-72.2442
46532	-72.7767
46533	-72.8538
46534	-72.2806
46535	-73.2178
46536	-72.9041
46537	-71.7099
46538	-70.8949
46539	-71.6568
46540	-71.3665
46541	-71.6573
46542	-72.9998
46543	-73.8722
46544	-73.9661
46545	-74.1857
46546	-74.0017
46547	-75.0583
46548	-74.1719
46549	-73.2657
46550	-71.5468
46551	-68.4624
46552	-69.366
46553	-71.6463
46554	-71.7336
46555	-71.8554
46556	-70.8307
46557	-68.8702
46558	-66.2459
46559	-64.1557
46560	-59.0746
46561	-53.5566
46562	-53.528
46563	-59.9372
46564	-63.482
46565	-64.2508
46566	-66.3511
46567	-69.0242
46568	-70.5128
46569	-70.3304
46570	-68.7253
46571	-65.2909
46572	-62.6851
46573	-63.3838
46574	-61.3796
46575	-65.4473
46576	-68.7942
46577	-69.6444
46578	-69.9165
46579	-67.4993
46580	-64.6437
46581	-62.859
46582	-60.5291
46583	-55.6712
46584	-50.2173
46585	-53.0832
46586	-58.7062
46587	-63.7124
46588	-65.6746
46589	-68.99
46590	-70.6909
46591	-71.7629
46592	-71.4233
46593	-70.2582
46594	-67.001
46595	-67.6588
46596	-71.5439
46597	-73.0623
46598	-74.4873
46599	-74.8436
46600	-74.0717
46601	-73.7526
46602	-73.4567
46603	-73.23
46604	-72.5641
46605	-71.9152
46606	-72.4618
46607	-71.9443
46608	-71.6569
46609	-72.4377
46610	-73.2287
46611	-73.077
46612	-73.0563
46613	-73.1398
46614	-72.4044
46615	-71.6849
46616	-72.3605
46617	-73.3279
46618	-72.3043
46619	-71.5332
46620	-71.075
46621	-70.4663
46622	-69.735
46623	-68.1449
46624	-67.5114
46625	-67.3411
46626	-65.4603
46627	-62.748
46628	-60.7946
46629	-59.288
46630	-57.1379
46631	-53.9357
46632	-44.2989
46633	-30.3468
46634	-23.9873
46635	-27.4753
46636	-40.5997
46637	-52.5882
46638	-57.2297
46639	-60.3726
46640	-62.9503
46641	-65.3544
46642	-66.8087
46643	-67.6528
46644	-68.1009
46645	-68.8412
46646	-69.6804
46647	-70.7024
46648	-71.948
46649	-73.1271
46650	-72.9953
46651	-72.1353
46652	-72.0575
46653	-72.5679
46654	-72.3812
46655	-72.2324
46656	-72.4109
46657	-71.8671
46658	-71.3934
46659	-72.1599
46660	-69.3557
46661	-65.4178
46662	-65.7139
46663	-70.311
46664	-71.9718
46665	-71.7779
46666	-73.1661
46667	-73.9496
46668	-74.0649
46669	-73.852
46670	-73.7
46671	-72.9993
46672	-71.7406
46673	-68.6086
46674	-66.7369
46675	-69.5673
46676	-71.2374
46677	-69.839
46678	-68.8724
46679	-67.4624
46680	-64.1914
46681	-62.8576
46682	-60.1013
46683	-55.093
46684	-49.5173
46685	-52.6352
46686	-58.5086
46687	-63.3365
46688	-65.4081
46689	-68.5316
46690	-70.4614
46691	-70.5219
46692	-70.2326
46693	-67.1306
46694	-61.729
46695	-62.4806
46696	-68.5678
46697	-70.6711
46698	-71.753
46699	-72.1727
46700	-71.1966
46701	-70.1573
46702	-69.4808
46703	-68.513
46704	-66.6333
46705	-66.3036
46706	-66.8482
46707	-66.1498
46708	-65.0969
46709	-66.7724
46710	-68.4735
46711	-68.4638
46712	-69.5773
46713	-70.6456
46714	-72.2463
46715	-72.8905
46716	-73.4374
46717	-73.3673
46718	-73.78
46719	-73.4594
46720	-73.9018
46721	-74.2202
46722	-74.0585
46723	-74.7146
46724	-74.4828
46725	-73.6549
46726	-71.281
46727	-67.6494
46728	-66.5821
46729	-67.7958
46730	-66.5574
46731	-69.1989
46732	-71.3418
46733	-71.7972
46734	-71.9096
46735	-72.1326
46736	-72.9188
46737	-73.6759
46738	-73.8036
46739	-75.1179
46740	-74.8399
46741	-73.5418
46742	-73.9682
46743	-74.8571
46744	-73.7449
46745	-73.3211
46746	-71.9842
46747	-71.4098
46748	-71.4006
46749	-69.8328
46750	-66.0541
46751	-62.1673
46752	-63.5431
46753	-63.1888
46754	-58.6903
46755	-55.0453
46756	-55.7635
46757	-54.8387
46758	-54.0378
46759	-58.6903
46760	-62.7891
46761	-63.1515
46762	-63.5891
46763	-67.2187
46764	-69.7928
46765	-71.3819
46766	-71.6876
46767	-72.1244
46768	-72.118
46769	-72.7638
46770	-73.7878
46771	-74.3055
46772	-74.7999
46773	-74.5367
46774	-74.0554
46775	-74.6461
46776	-73.8505
46777	-72.2181
46778	-71.6017
46779	-71.933
46780	-70.4958
46781	-71.8212
46782	-71.2964
46783	-67.4534
46784	-63.8048
46785	-66.6256
46786	-70.8386
46787	-72.794
46788	-73.4284
46789	-73.8072
46790	-73.8668
46791	-74.4543
46792	-74.6318
46793	-74.1243
46794	-73.6968
46795	-73.5642
46796	-73.5282
46797	-73.7376
46798	-72.7227
46799	-71.599
46800	-70.3013
46801	-69.2845
46802	-68.8257
46803	-68.0482
46804	-66.7584
46805	-66.224
46806	-68.7854
46807	-67.7686
46808	-66.0203
46809	-67.3313
46810	-68.6872
46811	-69.2044
46812	-70.2763
46813	-71.7208
46814	-72.5031
46815	-71.5303
46816	-68.5068
46817	-64.5279
46818	-64.8378
46819	-64.8197
46820	-65.2256
46821	-69.1646
46822	-70.5627
46823	-70.2042
46824	-68.9378
46825	-66.0913
46826	-60.454
46827	-54.2138
46828	-53.5513
46829	-55.142
46830	-53.8147
46831	-57.2847
46832	-62.7978
46833	-66.3932
46834	-68.5898
46835	-68.977
46836	-69.7046
46837	-70.3719
46838	-68.6585
46839	-69.7181
46840	-69.0804
46841	-69.9518
46842	-72.9216
46843	-73.8967
46844	-73.9396
46845	-74.1177
46846	-74.1364
46847	-73.2948
46848	-72.8362
46849	-72.0645
46850	-69.162
46851	-64.3917
46852	-66.7583
46853	-71.324
46854	-72.3602
46855	-71.518
46856	-72.4597
46857	-72.6152
46858	-72.5297
46859	-72.128
46860	-72.3213
46861	-72.0095
46862	-72.1642
46863	-72.7029
46864	-72.3987
46865	-71.4591
46866	-70.2332
46867	-69.5201
46868	-68.8842
46869	-68.8749
46870	-67.6004
46871	-66.5294
46872	-64.6707
46873	-62.1827
46874	-59.5793
46875	-55.6479
46876	-48.4821
46877	-39.8956
46878	-39.7327
46879	-39.5069
46880	-40.2187
46881	-43.7454
46882	-52.4706
46883	-57.4087
46884	-58.3939
46885	-61.145
46886	-63.9916
46887	-66.343
46888	-67.5541
46889	-68.1044
46890	-68.6113
46891	-69.7396
46892	-71.1037
46893	-70.8748
46894	-71.759
46895	-72.2942
46896	-72.4948
46897	-71.9449
46898	-72.6419
46899	-72.3238
46900	-72.4207
46901	-73.0705
46902	-73.6097
46903	-73.1313
46904	-72.5945
46905	-71.8595
46906	-71.6437
46907	-71.1965
46908	-71.4968
46909	-72.918
46910	-73.709
46911	-74.1336
46912	-74.2081
46913	-74.0968
46914	-74.5837
46915	-73.7188
46916	-72.1705
46917	-69.0798
46918	-69.0501
46919	-69.3514
46920	-69.4558
46921	-70.664
46922	-71.0148
46923	-70.3889
46924	-69.0963
46925	-66.2568
46926	-60.8007
46927	-54.5298
46928	-54.0831
46929	-55.9687
46930	-54.0368
46931	-57.414
46932	-63.2935
46933	-66.6288
46934	-68.502
46935	-69.7946
46936	-69.6558
46937	-66.8875
46938	-63.6587
46939	-65.5576
46940	-62.1264
46941	-61.7014
46942	-65.3879
46943	-70.5204
46944	-71.0203
46945	-70.1085
46946	-68.8055
46947	-66.6771
46948	-65.0282
46949	-62.9302
46950	-58.2906
46951	-52.3314
46952	-55.5835
46953	-63.2747
46954	-65.4758
46955	-66.7357
46956	-68.9914
46957	-71.5081
46958	-71.1206
46959	-71.0922
46960	-72.0801
46961	-68.7487
46962	-68.9222
46963	-72.2185
46964	-74.6221
46965	-74.9662
46966	-74.6349
46967	-73.8248
46968	-73.2468
46969	-73.1201
46970	-73.0219
46971	-73.2631
46972	-72.7866
46973	-70.7217
46974	-69.0999
46975	-71.0224
46976	-72.7731
46977	-72.9223
46978	-72.2652
46979	-71.5753
46980	-72.4317
46981	-73.0157
46982	-72.9462
46983	-73.1771
46984	-72.7885
46985	-73.0533
46986	-73.3268
46987	-72.1353
46988	-70.5943
46989	-69.5532
46990	-69.3826
46991	-69.0921
46992	-69.1581
46993	-67.1662
46994	-64.7516
46995	-62.176
46996	-60.7899
46997	-58.7685
46998	-56.3034
46999	-46.7393
47000	-30.7605
47001	-24.6877
47002	-28.2566
47003	-42.368
47004	-55.6755
47005	-59.6067
47006	-62.0114
47007	-64.2091
47008	-65.6836
47009	-67.2721
47010	-68.9993
47011	-69.5421
47012	-70.3503
47013	-71.4858
47014	-72.7117
47015	-73.0216
47016	-73.4994
47017	-73.481
47018	-73.2335
47019	-73.2685
47020	-73.0392
47021	-73.17
47022	-72.7345
47023	-72.0417
47024	-71.5282
47025	-71.8094
47026	-70.1658
47027	-66.8428
47028	-66.3646
47029	-67.9489
47030	-66.3488
47031	-68.5642
47032	-72.4588
47033	-73.562
47034	-73.97
47035	-74.332
47036	-74.3861
47037	-73.8991
47038	-73.5221
47039	-72.5697
47040	-69.8247
47041	-67.6844
47042	-71.2739
47043	-71.9851
47044	-71.3638
47045	-69.4717
47046	-67.8952
47047	-65.9679
47048	-64.0685
47049	-62.1953
47050	-56.5115
47051	-50.9734
47052	-54.5308
47053	-62.418
47054	-64.5133
47055	-65.8076
47056	-68.4346
47057	-70.5775
47058	-71.0754
47059	-70.883
47060	-70.021
47061	-64.886
47062	-65.1844
47063	-67.8444
47064	-68.8097
47065	-72.082
47066	-71.7077
47067	-71.6664
47068	-71.1919
47069	-69.0846
47070	-67.2225
47071	-66.3731
47072	-64.3469
47073	-56.5068
47074	-54.3403
47075	-61.1668
47076	-64.5391
47077	-65.9584
47078	-66.9534
47079	-68.5982
47080	-70.3601
47081	-71.9755
47082	-72.5499
47083	-72.1506
47084	-70.169
47085	-72.2533
47086	-73.2624
47087	-74.1119
47088	-73.8691
47089	-74.4568
47090	-74.2153
47091	-74.3704
47092	-73.8119
47093	-72.1062
47094	-68.0195
47095	-66.1087
47096	-67.6843
47097	-65.9844
47098	-67.1453
47099	-70.6156
47100	-71.6677
47101	-71.3686
47102	-72.2129
47103	-72.9337
47104	-73.8356
47105	-73.9533
47106	-73.9624
47107	-73.9244
47108	-73.9923
47109	-74.2627
47110	-73.8053
47111	-73.5536
47112	-72.5127
47113	-71.4195
47114	-71.1199
47115	-70.2414
47116	-68.5314
47117	-66.8607
47118	-65.1844
47119	-63.6709
47120	-61.9176
47121	-57.7523
47122	-44.2
47123	-31.9853
47124	-29.743
47125	-37.3611
47126	-52.34
47127	-59.2059
47128	-60.8008
47129	-62.4863
47130	-63.4183
47131	-66.5715
47132	-68.8967
47133	-70.7192
47134	-70.4284
47135	-70.2528
47136	-70.7601
47137	-72.1679
47138	-72.8165
47139	-74.0304
47140	-74.0195
47141	-73.0433
47142	-73.8992
47143	-73.7147
47144	-73.1796
47145	-71.7689
47146	-71.4519
47147	-71.4501
47148	-72.6302
47149	-71.8902
47150	-69.4443
47151	-65.9891
47152	-69.1738
47153	-72.5112
47154	-73.152
47155	-72.8237
47156	-73.1132
47157	-73.5623
47158	-74.0237
47159	-74.6517
47160	-74.8657
47161	-74.4416
47162	-72.7055
47163	-70.8212
47164	-71.5205
47165	-72.4999
47166	-71.267
47167	-71.2414
47168	-71.2986
47169	-69.4566
47170	-67.6432
47171	-67.4868
47172	-65.3672
47173	-58.627
47174	-56.8842
47175	-63.4437
47176	-65.9598
47177	-66.8555
47178	-68.0236
47179	-69.3403
47180	-70.9772
47181	-71.6402
47182	-71.2574
47183	-66.1825
47184	-63.043
47185	-62.9228
47186	-65.279
47187	-63.4006
47188	-67.417
47189	-70.2881
47190	-69.6628
47191	-68.4615
47192	-66.2319
47193	-61.9367
47194	-55.7848
47195	-53.4734
47196	-55.1405
47197	-53.0126
47198	-54.5599
47199	-61.1321
47200	-66.2529
47201	-68.9038
47202	-70.1463
47203	-70.8041
47204	-70.2987
47205	-69.1258
47206	-69.4739
47207	-68.323
47208	-68.8658
47209	-72.8301
47210	-73.6582
47211	-74.4119
47212	-73.9925
47213	-74.5716
47214	-74.0909
47215	-73.4437
47216	-71.8965
47217	-70.021
47218	-70.096
47219	-70.6874
47220	-70.7143
47221	-72.4067
47222	-73.1668
47223	-73.2551
47224	-72.8009
47225	-72.721
47226	-72.0977
47227	-72.0767
47228	-71.9313
47229	-72.3929
47230	-72.0865
47231	-71.7198
47232	-70.8378
47233	-70.8214
47234	-69.3969
47235	-68.4112
47236	-68.0279
47237	-67.3566
47238	-65.8791
47239	-63.8089
47240	-60.8868
47241	-58.5102
47242	-56.7231
47243	-50.9661
47244	-42.0893
47245	-39.9836
47246	-39.1296
47247	-38.7937
47248	-40.2033
47249	-49.188
47250	-55.8781
47251	-58.8638
47252	-61.7911
47253	-64.5582
47254	-66.2228
47255	-67.4003
47256	-68.5768
47257	-68.1876
47258	-68.9564
47259	-70.0928
47260	-71.2826
47261	-72.2618
47262	-72.196
47263	-71.7598
47264	-71.7304
47265	-72.0189
47266	-72.0792
47267	-72.7873
47268	-73.3627
47269	-72.9433
47270	-72.1203
47271	-72.8484
47272	-71.9178
47273	-68.0622
47274	-67.1673
47275	-70.7285
47276	-72.7052
47277	-73.2918
47278	-73.5534
47279	-73.8945
47280	-74.2904
47281	-74.1122
47282	-73.6546
47283	-72.7924
47284	-69.3033
47285	-69.1009
47286	-69.0062
47287	-68.6825
47288	-70.0157
47289	-69.5643
47290	-68.8268
47291	-68.3872
47292	-66.1253
47293	-62.0537
47294	-55.9509
47295	-53.6103
47296	-54.7034
47297	-52.8246
47298	-54.6377
47299	-61.0525
47300	-66.4655
47301	-68.89
47302	-70.1959
47303	-70.1597
47304	-68.0919
47305	-64.1726
47306	-63.6093
47307	-63.9474
47308	-63.8902
47309	-67.5754
47310	-70.5448
47311	-71.7985
47312	-71.5744
47313	-69.8443
47314	-68.4749
47315	-67.6867
47316	-65.1726
47317	-63.6149
47318	-62.7894
47319	-63.7416
47320	-65.1788
47321	-67.1019
47322	-69.4527
47323	-69.5707
47324	-69.8344
47325	-70.6911
47326	-71.5275
47327	-72.4205
47328	-72.9411
47329	-72.282
47330	-73.0425
47331	-73.9908
47332	-74.2845
47333	-74.3924
47334	-74.3323
47335	-73.6479
47336	-73.2544
47337	-73.5519
47338	-73.0481
47339	-71.4354
47340	-67.392
47341	-65.8164
47342	-69.3288
47343	-71.985
47344	-72.1899
47345	-70.9449
47346	-71.8958
47347	-71.7013
47348	-72.5798
47349	-73.7163
47350	-74.2937
47351	-73.4451
47352	-74.1985
47353	-73.8784
47354	-73.443
47355	-72.8128
47356	-71.277
47357	-70.9742
47358	-71.3412
47359	-70.8919
47360	-69.9225
47361	-68.2611
47362	-65.1571
47363	-61.408
47364	-61.1209
47365	-59.5751
47366	-52.9474
47367	-47.6113
47368	-45.7133
47369	-47.4862
47370	-50.5878
47371	-57.5703
47372	-63.6735
47373	-64.2265
47374	-64.183
47375	-67.2452
47376	-69.4867
47377	-70.8607
47378	-71.0402
47379	-72.0181
47380	-72.7173
47381	-73.2629
47382	-74.5469
47383	-74.0694
47384	-73.6549
47385	-74.9955
47386	-74.8492
47387	-73.5357
47388	-73.561
47389	-72.6602
47390	-72.1742
47391	-71.7531
47392	-71.7421
47393	-71.1118
47394	-67.9528
47395	-65.9696
47396	-67.4923
47397	-65.86
47398	-67.4482
47399	-71.2978
47400	-73.7953
47401	-74.937
47402	-74.6571
47403	-74.252
47404	-74.1982
47405	-74.1725
47406	-73.2018
47407	-72.1113
47408	-72.3405
47409	-72.8894
47410	-72.8067
47411	-72.1458
47412	-70.2432
47413	-69.0214
47414	-67.5205
47415	-66.7017
47416	-62.8333
47417	-60.5098
47418	-60.2787
47419	-61.6979
47420	-62.8704
47421	-65.612
47422	-68.6609
47423	-69.6502
47424	-70.2572
47425	-71.2635
47426	-72.162
47427	-70.986
47428	-70.0613
47429	-69.1035
47430	-63.8445
47431	-64.1414
47432	-69.5344
47433	-71.0851
47434	-70.962
47435	-70.9761
47436	-68.848
47437	-65.9017
47438	-64.1939
47439	-59.3172
47440	-52.9707
47441	-51.0666
47442	-57.2136
47443	-61.9055
47444	-63.7215
47445	-65.0722
47446	-68.1071
47447	-68.9997
47448	-70.4132
47449	-71.6434
47450	-70.0299
47451	-68.1016
47452	-70.1811
47453	-72.4464
47454	-73.1894
47455	-73.8278
47456	-73.9144
47457	-74.5853
47458	-74.1715
47459	-73.0613
47460	-71.623
47461	-71.2726
47462	-68.8586
47463	-64.0269
47464	-64.889
47465	-68.9515
47466	-71.6209
47467	-70.9412
47468	-71.3758
47469	-71.8484
47470	-72.3429
47471	-73.2886
47472	-73.4007
47473	-72.4219
47474	-72.403
47475	-73.6482
47476	-73.6856
47477	-72.5278
47478	-71.797
47479	-70.6417
47480	-69.4967
47481	-69.3792
47482	-68.6714
47483	-67.5973
47484	-66.2331
47485	-63.9697
47486	-61.2409
47487	-58.2057
47488	-52.9468
47489	-39.6921
47490	-26.9527
47491	-24.8454
47492	-32.6387
47493	-47.1347
47494	-56.0425
47495	-57.9003
47496	-60.2663
47497	-61.3988
47498	-63.6355
47499	-66.9572
47500	-68.5065
47501	-68.3221
47502	-69.1774
47503	-70.5204
47504	-71.022
47505	-71.7943
47506	-72.038
47507	-72.787
47508	-73.5882
47509	-72.8007
47510	-72.2256
47511	-72.7577
47512	-72.7508
47513	-72.3799
47514	-72.9951
47515	-73.1619
47516	-71.9383
47517	-71.1327
47518	-71.4066
47519	-71.7312
47520	-71.5931
47521	-72.8194
47522	-73.609
47523	-73.9189
47524	-74.2765
47525	-73.8429
47526	-75.0195
47527	-74.5322
47528	-73.4375
47529	-71.8844
47530	-68.6746
47531	-68.7134
47532	-71.2134
47533	-71.6206
47534	-71.8042
47535	-70.8897
47536	-69.2674
47537	-66.4472
47538	-64.5473
47539	-59.7435
47540	-54.0729
47541	-52.3828
47542	-58.243
47543	-62.663
47544	-63.8464
47545	-65.6296
47546	-68.4173
47547	-70.3388
47548	-70.3603
47549	-69.2751
47550	-65.9746
47551	-62.3497
47552	-64.3645
47553	-61.2954
47554	-64.7952
47555	-68.4449
47556	-69.8382
47557	-70.0307
47558	-68.0868
47559	-65.145
47560	-63.1729
47561	-61.3297
47562	-57.1255
47563	-50.8833
47564	-52.1904
47565	-57.9323
47566	-63.1321
47567	-65.3931
47568	-68.5022
47569	-70.5355
47570	-71.7568
47571	-71.5035
47572	-70.6332
47573	-67.8392
47574	-67.177
47575	-70.901
47576	-72.9784
47577	-74.0576
47578	-75.001
47579	-74.1673
47580	-73.7633
47581	-73.5432
47582	-73.3939
47583	-72.7549
47584	-71.9652
47585	-72.4979
47586	-72.2512
47587	-71.504
47588	-72.2307
47589	-72.9923
47590	-73.009
47591	-72.6861
47592	-73.0814
47593	-72.5332
47594	-71.8218
47595	-72.2311
47596	-73.3037
47597	-72.4245
47598	-71.7052
47599	-71.4271
47600	-70.6087
47601	-70.1587
47602	-68.634
47603	-67.5655
47604	-67.6011
47605	-66.0949
47606	-63.384
47607	-61.0361
47608	-59.7585
47609	-57.5321
47610	-54.9332
47611	-46.3896
47612	-32.891
47613	-24.4316
47614	-26.0761
47615	-38.266
47616	-51.154
47617	-56.7438
47618	-59.9558
47619	-62.7169
47620	-64.9308
47621	-66.6943
47622	-67.6022
47623	-68.4779
47624	-68.7834
47625	-69.7968
47626	-70.7318
47627	-71.8565
47628	-72.9516
47629	-73.1242
47630	-72.3096
47631	-72.026
47632	-72.7859
47633	-72.7349
47634	-72.1141
47635	-72.3576
47636	-71.9237
47637	-71.405
47638	-72.0859
47639	-69.9303
47640	-65.9581
47641	-64.7471
47642	-69.3836
47643	-71.8756
47644	-71.7553
47645	-72.82
47646	-74.1198
47647	-74.2318
47648	-73.912
47649	-73.8425
47650	-73.1152
47651	-72.1516
47652	-69.4158
47653	-66.8654
47654	-69.033
47655	-71.4678
47656	-70.2237
47657	-68.9284
47658	-67.8776
47659	-64.7205
47660	-63.1809
47661	-60.8741
47662	-56.4454
47663	-50.0712
47664	-51.584
47665	-57.7342
47666	-62.9679
47667	-65.0517
47668	-68.091
47669	-70.3412
47670	-70.4127
47671	-70.6763
47672	-68.3534
47673	-62.7513
47674	-61.9632
47675	-67.6719
47676	-70.6745
47677	-71.3932
47678	-72.3345
47679	-71.2929
47680	-70.2641
47681	-69.8374
47682	-68.8517
47683	-67.1873
47684	-66.1339
47685	-65.924
47686	-65.1422
47687	-64.7334
47688	-65.6448
47689	-68.2953
47690	-68.2298
47691	-69.3381
47692	-70.253
47693	-72.1466
47694	-72.744
47695	-73.3188
47696	-73.2845
47697	-73.3988
47698	-73.5781
47699	-74.0234
47700	-74.1866
47701	-74.2576
47702	-74.7642
47703	-74.598
47704	-73.8332
47705	-71.8605
47706	-68.1074
47707	-66.3364
47708	-67.7489
47709	-66.4593
47710	-68.4187
47711	-71.2735
47712	-71.6894
47713	-71.9407
47714	-72.262
47715	-72.4679
47716	-73.6549
47717	-73.5939
47718	-74.7617
47719	-75.2709
47720	-73.6586
47721	-74.0778
47722	-74.7171
47723	-74.0734
47724	-73.3676
47725	-72.2318
47726	-71.4383
47727	-71.4693
47728	-70.2897
47729	-67.2631
47730	-62.7444
47731	-63.572
47732	-63.8158
47733	-59.7349
47734	-54.7667
47735	-54.1137
47736	-52.696
47737	-53.0069
47738	-57.3562
47739	-62.0114
47740	-63.2063
47741	-62.6801
47742	-66.2979
47743	-69.2624
47744	-71.187
47745	-71.4181
47746	-72.0931
47747	-71.7765
47748	-72.3815
47749	-73.5179
47750	-74.1265
47751	-74.4124
47752	-74.7072
47753	-74.0899
47754	-74.5034
47755	-73.9873
47756	-72.5484
47757	-71.6339
47758	-71.9495
47759	-70.7543
47760	-71.6857
47761	-71.5166
47762	-68.4319
47763	-64.3326
47764	-65.9355
47765	-70.265
47766	-72.8059
47767	-73.245
47768	-73.5165
47769	-73.9542
47770	-74.3625
47771	-74.5034
47772	-74.2439
47773	-73.9223
47774	-73.6261
47775	-73.372
47776	-73.7814
47777	-72.8528
47778	-71.6695
47779	-70.6842
47780	-69.4377
47781	-68.9574
47782	-68.3451
47783	-67.3199
47784	-66.1367
47785	-67.8719
47786	-67.8505
47787	-65.9712
47788	-66.7926
47789	-68.2887
47790	-68.9502
47791	-69.9329
47792	-71.4606
47793	-72.623
47794	-71.7403
47795	-69.2637
47796	-64.6878
47797	-64.5065
47798	-64.4233
47799	-64.7032
47800	-68.473
47801	-70.4373
47802	-70.4067
47803	-69.3131
47804	-66.8666
47805	-61.5372
47806	-55.0541
47807	-53.0459
47808	-54.7839
47809	-53.9041
47810	-55.963
47811	-62.0757
47812	-65.8121
47813	-68.1775
47814	-68.7723
47815	-69.4796
47816	-70.3887
47817	-68.7954
47818	-69.2046
47819	-69.5619
47820	-69.3579
47821	-72.4825
47822	-73.7869
47823	-74.203
47824	-74.0785
47825	-74.0523
47826	-73.7319
47827	-72.939
47828	-72.6729
47829	-70.23
47830	-65.2603
47831	-66.0913
47832	-70.9113
47833	-72.4188
47834	-71.5825
47835	-72.401
47836	-72.9283
47837	-72.467
47838	-72.0588
47839	-72.3589
47840	-72.0463
47841	-72.0792
47842	-72.6172
47843	-72.5235
47844	-71.5712
47845	-70.4779
47846	-69.7296
47847	-68.7496
47848	-68.9965
47849	-67.6798
47850	-66.7536
47851	-65.1791
47852	-62.6029
47853	-59.8446
47854	-56.4893
47855	-49.9675
47856	-40.8126
47857	-39.0399
47858	-39.0258
47859	-40.4927
47860	-42.1707
47861	-50.9718
47862	-56.6996
47863	-58.2388
47864	-60.4146
47865	-63.7086
47866	-65.9296
47867	-67.3378
47868	-67.9336
47869	-68.2723
47870	-69.4712
47871	-70.9269
47872	-70.8603
47873	-71.5659
47874	-72.1226
47875	-72.5337
47876	-72.1033
47877	-72.4821
47878	-72.1834
47879	-72.4238
47880	-73.0936
47881	-73.4629
47882	-73.3248
47883	-72.8031
47884	-71.7659
47885	-71.6953
47886	-71.287
47887	-71.3014
47888	-72.6998
47889	-73.7775
47890	-74.0216
47891	-74.1895
47892	-73.94
47893	-74.5677
47894	-73.7823
47895	-72.7728
47896	-69.3559
47897	-68.6313
47898	-69.7091
47899	-69.2936
47900	-70.3355
47901	-70.9177
47902	-70.5831
47903	-69.4406
47904	-66.845
47905	-61.8275
47906	-55.3208
47907	-53.4682
47908	-55.4793
47909	-54.0494
47910	-56.0773
47911	-62.1101
47912	-66.0074
47913	-68.2326
47914	-69.5412
47915	-70.0138
47916	-67.7309
47917	-63.6905
47918	-65.1959
47919	-62.6356
47920	-61.8411
47921	-64.4257
47922	-70.2537
47923	-71.0957
47924	-70.5458
47925	-69.2252
47926	-67.0427
47927	-65.5346
47928	-64.0061
47929	-60.3506
47930	-53.3039
47931	-54.7801
47932	-62.9835
47933	-65.3867
47934	-66.604
47935	-68.65
47936	-71.1299
47937	-71.4102
47938	-70.9526
47939	-72.1747
47940	-69.7379
47941	-68.7937
47942	-71.7617
47943	-74.3957
47944	-74.8641
47945	-74.5679
47946	-73.8876
47947	-73.2307
47948	-73.1818
47949	-72.9693
47950	-73.1843
47951	-72.8647
47952	-71.0044
47953	-68.4603
47954	-70.4181
47955	-72.6063
47956	-73.0149
47957	-72.267
47958	-71.5401
47959	-72.032
47960	-73.067
47961	-73.1106
47962	-73.2975
47963	-72.8516
47964	-73.3347
47965	-73.4209
47966	-72.5275
47967	-71.1196
47968	-69.7792
47969	-69.5693
47970	-69.4549
47971	-69.4572
47972	-67.7106
47973	-65.6069
47974	-62.6989
47975	-61.348
47976	-59.354
47977	-57.4346
47978	-49.7668
47979	-33.837
47980	-25.7471
47981	-27.4814
47982	-39.5399
47983	-54.5646
47984	-59.5093
47985	-61.8905
47986	-64.0909
47987	-65.7724
47988	-67.1896
47989	-69.0091
47990	-69.7584
47991	-70.1793
47992	-71.3925
47993	-72.7497
47994	-73.0182
47995	-73.6598
47996	-73.5119
47997	-73.4405
47998	-73.2705
47999	-73.1337
48000	-73.2768
48001	-72.9785
48002	-72.1553
48003	-71.5549
48004	-71.6824
48005	-70.7816
48006	-67.4278
48007	-66.132
48008	-67.7451
48009	-66.3993
48010	-67.8788
48011	-71.9139
48012	-73.3918
48013	-74.0884
48014	-74.4025
48015	-74.226
48016	-73.8766
48017	-73.7893
48018	-72.9648
48019	-70.9809
48020	-67.9235
48021	-70.7296
48022	-72.219
48023	-71.5601
48024	-70.1863
48025	-68.2439
48026	-66.4081
48027	-64.7069
48028	-63.0646
48029	-58.7256
48030	-51.7546
48031	-53.5069
48032	-61.8482
48033	-64.5143
48034	-65.8367
48035	-68.1058
48036	-70.4734
48037	-71.3266
48038	-71.0158
48039	-70.8439
48040	-66.3053
48041	-65.017
48042	-68.0671
48043	-67.5609
48044	-71.4604
48045	-71.8076
48046	-71.5292
48047	-71.1739
48048	-69.3883
48049	-67.3153
48050	-66.2244
48051	-64.6878
48052	-57.3047
48053	-53.3943
48054	-58.7248
48055	-63.7786
48056	-65.3177
48057	-66.5327
48058	-68.2386
48059	-69.6917
48060	-71.5993
48061	-72.4257
48062	-72.3355
48063	-69.7469
48064	-71.4571
48065	-72.9058
48066	-73.9047
48067	-73.927
48068	-74.5244
48069	-74.2281
48070	-74.2365
48071	-73.9568
48072	-72.6485
48073	-68.5634
48074	-66.0174
48075	-67.7858
48076	-66.2041
48077	-66.4854
48078	-69.7983
48079	-71.8613
48080	-71.3893
48081	-72.0317
48082	-72.6662
48083	-73.726
48084	-73.8613
48085	-73.7924
48086	-73.603
48087	-73.8998
48088	-74.1959
48089	-73.8178
48090	-73.7257
48091	-72.5705
48092	-71.5368
48093	-70.8531
48094	-70.2976
48095	-68.7058
48096	-66.8858
48097	-65.3588
48098	-63.751
48099	-61.9846
48100	-58.4594
48101	-46.8932
48102	-32.5846
48103	-28.4722
48104	-34.0855
48105	-49.0494
48106	-57.9815
48107	-60.2416
48108	-62.0566
48109	-62.9776
48110	-65.5992
48111	-68.2915
48112	-70.5349
48113	-70.1693
48114	-70.0992
48115	-70.565
48116	-71.4562
48117	-72.4727
48118	-73.7539
48119	-73.887
48120	-73.0894
48121	-73.698
48122	-73.68
48123	-73.1189
48124	-72.0392
48125	-71.3814
48126	-71.5637
48127	-72.4703
48128	-72.3807
48129	-70.2357
48130	-66.7265
48131	-68.5016
48132	-72.1341
48133	-73.083
48134	-73.06
48135	-73.0324
48136	-73.5183
48137	-73.9605
48138	-74.5332
48139	-74.9504
48140	-74.8133
48141	-73.0125
48142	-70.7267
48143	-70.5883
48144	-72.3036
48145	-71.4903
48146	-70.9587
48147	-71.8039
48148	-69.6525
48149	-67.7389
48150	-67.3304
48151	-65.4799
48152	-59.1082
48153	-55.6081
48154	-61.4773
48155	-64.9292
48156	-66.3671
48157	-67.6841
48158	-69.078
48159	-70.5131
48160	-71.5489
48161	-71.3421
48162	-66.9439
48163	-63.0133
48164	-62.3595
48165	-65.5198
48166	-63.3465
48167	-66.2912
48168	-69.9096
48169	-69.9317
48170	-68.5869
48171	-66.7221
48172	-63.0906
48173	-56.9692
48174	-53.4212
48175	-55.5421
48176	-53.5683
48177	-53.7199
48178	-59.8015
48179	-65.6621
48180	-68.4985
48181	-69.9647
48182	-70.7838
48183	-70.5798
48184	-69.1803
48185	-69.0586
48186	-68.7075
48187	-68.4716
48188	-72.0754
48189	-73.5822
48190	-74.3165
48191	-74.1729
48192	-74.4048
48193	-74.1852
48194	-73.5002
48195	-72.3027
48196	-70.6412
48197	-70.1643
48198	-70.7475
48199	-70.9102
48200	-72.2161
48201	-73.0129
48202	-73.4149
48203	-72.942
48204	-72.7275
48205	-72.1668
48206	-72.2408
48207	-71.7321
48208	-72.3077
48209	-72.1587
48210	-71.879
48211	-70.8575
48212	-70.9524
48213	-69.7891
48214	-68.4296
48215	-68.1449
48216	-67.3777
48217	-66.2181
48218	-63.9433
48219	-61.3206
48220	-58.65
48221	-57.4504
48222	-52.2237
48223	-43.6373
48224	-39.6958
48225	-39.5577
48226	-39.3329
48227	-39.2671
48228	-47.6044
48229	-54.9895
48230	-58.6908
48231	-61.4126
48232	-64.0958
48233	-65.918
48234	-67.0842
48235	-68.4111
48236	-68.2965
48237	-68.8814
48238	-69.814
48239	-71.0668
48240	-72.1399
48241	-72.4999
48242	-71.7884
48243	-71.6784
48244	-72.2151
48245	-72.0594
48246	-72.4863
48247	-72.9645
48248	-73.0516
48249	-72.0078
48250	-72.8078
48251	-72.2463
48252	-68.5221
48253	-66.3699
48254	-70.0508
48255	-72.3043
48256	-73.3856
48257	-73.4137
48258	-74.0079
48259	-74.332
48260	-73.9573
48261	-73.8126
48262	-73.3566
48263	-69.8783
48264	-68.7245
48265	-69.375
48266	-68.4512
48267	-69.918
48268	-69.7283
48269	-68.8725
48270	-68.6254
48271	-66.7286
48272	-62.8419
48273	-57.2369
48274	-53.4806
48275	-55.0092
48276	-53.2936
48277	-53.7424
48278	-59.8505
48279	-65.7637
48280	-68.4987
48281	-69.9099
48282	-70.5282
48283	-68.9376
48284	-64.6106
48285	-63.9557
48286	-64.1669
48287	-63.6541
48288	-66.686
48289	-70.4677
48290	-71.9239
48291	-71.5844
48292	-70.3223
48293	-68.7891
48294	-67.915
48295	-66.3967
48296	-64.5797
48297	-64.0576
48298	-64.3779
48299	-65.4116
48300	-66.7326
48301	-69.3811
48302	-69.3999
48303	-69.6997
48304	-70.4838
48305	-71.5147
48306	-72.3825
48307	-73.0387
48308	-72.5187
48309	-72.9158
48310	-73.9231
48311	-74.2192
48312	-74.7675
48313	-74.3247
48314	-73.6682
48315	-73.4808
48316	-73.5059
48317	-72.9979
48318	-71.7936
48319	-67.8961
48320	-65.1529
48321	-68.2792
48322	-71.8255
48323	-72.2247
48324	-70.7273
48325	-71.8305
48326	-71.7345
48327	-72.2089
48328	-73.5915
48329	-74.3255
48330	-73.596
48331	-73.952
48332	-74.2108
48333	-73.7479
48334	-73.0354
48335	-71.7673
48336	-71.2909
48337	-71.4317
48338	-71.1436
48339	-70.3375
48340	-68.9064
48341	-66.2895
48342	-62.2053
48343	-61.4177
48344	-60.9995
48345	-55.546
48346	-49.1401
48347	-47.5466
48348	-47.3555
48349	-51.1594
48350	-57.0378
48351	-63.5257
48352	-64.5917
48353	-63.7195
48354	-66.679
48355	-69.5029
48356	-70.8998
48357	-71.1276
48358	-71.8449
48359	-72.7514
48360	-73.2447
48361	-74.7635
48362	-74.3318
48363	-73.8002
48364	-74.6878
48365	-74.9691
48366	-73.6952
48367	-73.7072
48368	-73.0032
48369	-72.0736
48370	-71.7504
48371	-71.8948
48372	-71.2627
48373	-68.7986
48374	-66.0517
48375	-67.5376
48376	-66.1746
48377	-66.8714
48378	-70.6441
48379	-73.5189
48380	-74.758
48381	-74.6641
48382	-74.2063
48383	-74.0642
48384	-74.094
48385	-73.4182
48386	-72.6238
48387	-72.8629
48388	-72.9048
48389	-72.911
48390	-72.0916
48391	-70.5924
48392	-69.3913
48393	-67.9379
48394	-67.5856
48395	-64.0845
48396	-61.6405
48397	-61.2082
48398	-61.6894
48399	-63.694
48400	-65.7083
48401	-68.5297
48402	-69.7533
48403	-70.4072
48404	-71.1377
48405	-72.1474
48406	-71.5784
48407	-70.5933
48408	-70.0221
48409	-64.2345
48410	-63.0319
48411	-68.3532
48412	-70.8698
48413	-70.8909
48414	-70.9828
48415	-69.2109
48416	-66.335
48417	-64.4446
48418	-59.9435
48419	-53.8798
48420	-50.4521
48421	-55.7196
48422	-60.9936
48423	-63.284
48424	-64.5376
48425	-67.4735
48426	-68.8866
48427	-70.0612
48428	-71.2708
48429	-70.2162
48430	-67.92
48431	-69.4513
48432	-72.1378
48433	-73.0614
48434	-73.663
48435	-73.7438
48436	-74.5039
48437	-74.0517
48438	-73.3704
48439	-71.7261
48440	-71.3963
48441	-69.7765
48442	-64.937
48443	-64.2612
48444	-68.3667
48445	-71.78
48446	-71.2139
48447	-71.3706
48448	-71.7889
48449	-72.1443
48450	-72.9768
48451	-73.3452
48452	-72.5619
48453	-72.2136
48454	-73.3521
48455	-73.7647
48456	-72.5694
48457	-71.7183
48458	-70.5749
48459	-69.6162
48460	-68.9847
48461	-68.751
48462	-67.6816
48463	-66.5128
48464	-64.1644
48465	-61.5659
48466	-58.6125
48467	-54.1494
48468	-42.0754
48469	-28.2919
48470	-24.3473
48471	-30.1151
48472	-44.8594
48473	-54.8929
48474	-57.4896
48475	-59.7596
48476	-61.1415
48477	-63.0316
48478	-65.9612
48479	-67.9858
48480	-68.2024
48481	-68.6734
48482	-70.1629
48483	-70.8094
48484	-71.4522
48485	-71.9429
48486	-72.5709
48487	-73.6471
48488	-72.9345
48489	-72.0237
48490	-72.5043
48491	-72.7258
48492	-72.6088
48493	-72.8064
48494	-73.1881
48495	-72.2149
48496	-71.5544
48497	-71.388
48498	-72.0263
48499	-71.6149
48500	-72.6411
48501	-73.5085
48502	-73.7451
48503	-74.0195
48504	-73.7615
48505	-74.8573
48506	-75.1467
48507	-73.3757
48508	-72.3115
48509	-68.9757
48510	-67.9646
48511	-70.7007
48512	-71.7183
48513	-71.7836
48514	-71.2641
48515	-69.8557
48516	-66.7041
48517	-64.789
48518	-60.4327
48519	-54.759
48520	-51.6222
48521	-56.7281
48522	-61.7262
48523	-63.4776
48524	-65.0905
48525	-67.8482
48526	-70.0565
48527	-70.1915
48528	-69.4808
48529	-66.4222
48530	-62.3923
48531	-63.9663
48532	-61.5892
48533	-64.0129
48534	-67.8891
48535	-70.0136
48536	-70.0843
48537	-68.7127
48538	-65.7464
48539	-63.5537
48540	-62.2097
48541	-58.5139
48542	-51.9154
48543	-51.5343
48544	-57.1225
48545	-62.4965
48546	-65.2915
48547	-68.115
48548	-70.4711
48549	-71.6525
48550	-71.4667
48551	-71.0654
48552	-68.6003
48553	-66.8251
48554	-70.2826
48555	-72.9703
48556	-73.8147
48557	-75.1557
48558	-74.3055
48559	-73.8475
48560	-73.6465
48561	-73.5375
48562	-73.0606
48563	-72.2493
48564	-72.2748
48565	-72.6114
48566	-71.5834
48567	-72.148
48568	-72.8576
48569	-73.1557
48570	-72.5701
48571	-73.2148
48572	-72.6881
48573	-72.1858
48574	-72.1331
48575	-73.2546
48576	-72.8324
48577	-71.8572
48578	-71.7272
48579	-70.9041
48580	-70.4131
48581	-68.9802
48582	-67.6258
48583	-67.807
48584	-66.6214
48585	-63.9423
48586	-61.312
48587	-60.2452
48588	-57.996
48589	-55.7978
48590	-48.9444
48591	-35.708
48592	-25.2487
48593	-25.0778
48594	-35.1428
48595	-48.8264
48596	-56.1963
48597	-59.589
48598	-62.391
48599	-64.608
48600	-66.7551
48601	-67.6691
48602	-68.7074
48603	-68.6454
48604	-69.873
48605	-70.7484
48606	-71.6228
48607	-72.8696
48608	-73.2629
48609	-72.5051
48610	-72.0495
48611	-72.8261
48612	-72.8311
48613	-72.1264
48614	-72.2842
48615	-72.0525
48616	-71.2362
48617	-71.993
48618	-70.5616
48619	-66.6871
48620	-64.1406
48621	-68.4153
48622	-71.5296
48623	-71.6109
48624	-72.5158
48625	-74.2486
48626	-74.0444
48627	-73.9771
48628	-73.7145
48629	-73.2751
48630	-72.514
48631	-70.3648
48632	-67.2943
48633	-68.6271
48634	-71.3116
48635	-70.5825
48636	-69.2048
48637	-68.2994
48638	-65.4901
48639	-63.5073
48640	-61.6625
48641	-57.7874
48642	-50.9883
48643	-50.7758
48644	-56.8614
48645	-62.3148
48646	-64.7861
48647	-67.4711
48648	-70.15
48649	-70.4179
48650	-70.7152
48651	-69.2324
48652	-64.0323
48653	-61.8071
48654	-66.7386
48655	-70.6059
48656	-71.2775
48657	-72.4873
48658	-71.5815
48659	-70.541
48660	-70.0781
48661	-69.0862
48662	-67.7224
48663	-66.0105
48664	-65.2431
48665	-63.8651
48666	-64.1814
48667	-64.5225
48668	-67.8342
48669	-68.1101
48670	-69.0546
48671	-70.0084
48672	-71.8977
48673	-72.5463
48674	-73.3793
48675	-73.2977
48676	-73.1633
48677	-73.6
48678	-73.8809
48679	-74.1022
48680	-74.4133
48681	-74.7307
48682	-74.612
48683	-74.1128
48684	-72.455
48685	-68.7496
48686	-66.1986
48687	-67.6002
48688	-66.596
48689	-67.5889
48690	-70.9563
48691	-71.4799
48692	-71.9995
48693	-72.4667
48694	-72.205
48695	-73.6005
48696	-73.6237
48697	-74.5841
48698	-75.3968
48699	-73.971
48700	-73.9413
48701	-74.3691
48702	-74.2859
48703	-73.3908
48704	-72.3605
48705	-71.5283
48706	-71.5319
48707	-70.7489
48708	-68.1564
48709	-63.6553
48710	-63.234
48711	-64.4032
48712	-60.856
48713	-55.0243
48714	-53.061
48715	-50.4971
48716	-52.0019
48717	-55.6238
48718	-60.8545
48719	-62.9768
48720	-62.0343
48721	-65.1127
48722	-68.7417
48723	-70.6813
48724	-71.1666
48725	-71.9164
48726	-71.7096
48727	-72.0839
48728	-73.1872
48729	-74.0253
48730	-74.1896
48731	-74.8971
48732	-74.0547
48733	-74.4205
48734	-74.2952
48735	-73.042
48736	-71.7561
48737	-72.0179
48738	-71.0205
48739	-71.303
48740	-71.8133
48741	-69.6427
48742	-65.0824
48743	-65.3853
48744	-69.7303
48745	-72.8437
48746	-73.0925
48747	-73.6007
48748	-73.8097
48749	-74.2144
48750	-74.2376
48751	-74.4933
48752	-73.9633
48753	-73.6205
48754	-73.1431
48755	-73.5136
48756	-73.0308
48757	-71.986
48758	-70.8579
48759	-69.736
48760	-69.0897
48761	-68.6889
48762	-67.9212
48763	-66.0228
48764	-67.0548
48765	-67.4583
48766	-65.9708
48767	-66.4233
48768	-68.0636
48769	-68.844
48770	-69.5573
48771	-71.2886
48772	-72.2683
48773	-71.7558
48774	-69.5666
48775	-65.0569
48776	-64.0511
48777	-64.1814
48778	-64.3344
48779	-67.5897
48780	-70.2
48781	-70.6302
48782	-69.3354
48783	-67.3919
48784	-62.6159
48785	-56.2229
48786	-52.7955
48787	-54.6281
48788	-54.3191
48789	-54.9048
48790	-60.8872
48791	-65.0558
48792	-67.8074
48793	-68.705
48794	-69.1111
48795	-70.3653
48796	-69.1251
48797	-68.8631
48798	-69.6855
48799	-68.965
48800	-71.8854
48801	-73.8007
48802	-73.994
48803	-73.9473
48804	-73.941
48805	-73.9801
48806	-73.0058
48807	-73.0225
48808	-70.8289
48809	-66.4282
48810	-65.7127
48811	-70.4692
48812	-72.4106
48813	-71.8117
48814	-72.2247
48815	-73.083
48816	-72.6133
48817	-72.0868
48818	-72.1934
48819	-72.0346
48820	-71.8809
48821	-72.4224
48822	-72.6755
48823	-71.7689
48824	-70.5308
48825	-69.664
48826	-68.642
48827	-68.8869
48828	-67.7263
48829	-66.805
48830	-65.3554
48831	-63.0056
48832	-60.2113
48833	-57.2835
48834	-51.2772
48835	-42.1377
48836	-38.5302
48837	-38.9839
48838	-40.8989
48839	-40.9503
48840	-49.1546
48841	-55.796
48842	-58.1488
48843	-59.8315
48844	-63.0966
48845	-65.3452
48846	-67.0973
48847	-67.8148
48848	-68.192
48849	-69.0865
48850	-70.837
48851	-70.8136
48852	-71.1567
48853	-71.9299
48854	-72.7191
48855	-72.3042
48856	-72.2223
48857	-72.2935
48858	-72.8185
48859	-73.1248
48860	-73.254
48861	-73.4222
48862	-72.8415
48863	-71.7724
48864	-71.5957
48865	-70.999
48866	-70.8588
48867	-72.209
48868	-73.6142
48869	-73.989
48870	-74.2946
48871	-74.1672
48872	-74.6195
48873	-73.9246
48874	-73.1376
48875	-69.7983
48876	-68.2664
48877	-69.6938
48878	-69.0281
48879	-70.1202
48880	-70.8588
48881	-70.5562
48882	-69.6027
48883	-67.2665
48884	-62.7433
48885	-56.3924
48886	-53.1491
48887	-55.2119
48888	-54.4381
48889	-54.9498
48890	-60.95
48891	-65.4541
48892	-67.9129
48893	-69.2131
48894	-70.145
48895	-68.407
48896	-63.9833
48897	-64.4983
48898	-63.4925
48899	-62.0823
48900	-63.7305
48901	-69.9329
48902	-71.2151
48903	-70.8302
48904	-69.4964
48905	-67.5708
48906	-66.089
48907	-64.6822
48908	-61.6591
48909	-54.6834
48910	-54.3741
48911	-62.5291
48912	-65.3918
48913	-66.6023
48914	-68.1489
48915	-70.7314
48916	-71.5966
48917	-70.6966
48918	-72.3145
48919	-70.9605
48920	-69.0088
48921	-71.4138
48922	-73.9624
48923	-74.7641
48924	-74.6942
48925	-74.0077
48926	-73.4493
48927	-73.1087
48928	-73.0062
48929	-73.2468
48930	-73.045
48931	-71.2572
48932	-68.0107
48933	-69.594
48934	-72.3186
48935	-73.0658
48936	-72.2425
48937	-71.687
48938	-71.7079
48939	-73.0783
48940	-73.0609
48941	-73.5322
48942	-73.0136
48943	-73.3934
48944	-73.5192
48945	-72.8653
48946	-71.4193
48947	-70.1627
48948	-69.7975
48949	-69.6074
48950	-69.6658
48951	-68.4245
48952	-66.4826
48953	-63.049
48954	-61.8595
48955	-59.9313
48956	-58.1091
48957	-52.7569
48958	-37.4623
48959	-27.1939
48960	-27.1235
48961	-37.2386
48962	-52.5824
48963	-59.2347
48964	-61.9148
48965	-63.9176
48966	-65.4679
48967	-67.1147
48968	-68.7964
48969	-69.9843
48970	-70.1128
48971	-71.3935
48972	-72.7222
48973	-73.0626
48974	-73.8945
48975	-73.4931
48976	-73.7498
48977	-73.4352
48978	-73.1965
48979	-73.3731
48980	-73.2856
48981	-72.2137
48982	-71.4091
48983	-71.5072
48984	-71.261
48985	-67.891
48986	-65.9613
48987	-67.3366
48988	-66.6066
48989	-67.3471
48990	-70.9847
48991	-73.1275
48992	-74.1661
48993	-74.3072
48994	-74.303
48995	-73.9474
48996	-74.1022
48997	-73.3081
48998	-71.9532
48999	-68.5185
49000	-70.3134
49001	-72.4584
49002	-71.7911
49003	-70.6369
49004	-68.6814
49005	-66.8325
49006	-65.264
49007	-63.7654
49008	-60.3684
49009	-52.909
49010	-52.8989
49011	-61.1134
49012	-64.4985
49013	-65.9867
49014	-67.7937
49015	-70.309
49016	-71.4242
49017	-71.1275
49018	-71.5121
49019	-67.893
49020	-65.1489
49021	-68.6629
49022	-66.3268
49023	-70.6838
49024	-71.8247
49025	-71.3319
49026	-71.2727
49027	-69.4224
49028	-67.3442
49029	-66.1499
49030	-64.5815
49031	-58.4334
49032	-52.8439
49033	-56.3936
49034	-62.5227
49035	-64.8001
49036	-66.161
49037	-67.8429
49038	-69.3115
49039	-71.4136
49040	-72.1698
49041	-72.4109
49042	-69.6104
49043	-70.4448
49044	-72.6324
49045	-73.7295
49046	-74.0189
49047	-74.3598
49048	-74.3725
49049	-74.1661
49050	-73.9363
49051	-72.9464
49052	-69.2458
49053	-66.218
49054	-67.3448
49055	-66.5881
49056	-66.0413
49057	-69.2351
49058	-71.6695
49059	-71.5156
49060	-71.7533
49061	-72.4157
49062	-73.7256
49063	-73.5112
49064	-73.5576
49065	-73.4198
49066	-73.7684
49067	-73.9784
49068	-73.8426
49069	-73.4208
49070	-72.6408
49071	-71.7088
49072	-70.448
49073	-70.2644
49074	-68.8064
49075	-66.9932
49076	-65.4007
49077	-63.7422
49078	-61.7696
49079	-58.846
49080	-49.0976
49081	-33.6577
49082	-27.6188
49083	-31.3308
49084	-45.6169
49085	-56.7755
49086	-59.5721
49087	-61.5666
49088	-62.6684
49089	-64.5745
49090	-67.5669
49091	-69.7841
49092	-69.9471
49093	-70.0139
49094	-70.2152
49095	-70.793
49096	-72.1853
49097	-73.3785
49098	-73.6245
49099	-73.122
49100	-73.4787
49101	-73.6539
49102	-73.2556
49103	-72.3764
49104	-71.4428
49105	-71.6893
49106	-72.4646
49107	-72.6613
49108	-71.0442
49109	-67.763
49110	-68.034
49111	-71.8094
49112	-73.0999
49113	-73.0158
49114	-72.9354
49115	-73.4856
49116	-73.9635
49117	-74.583
49118	-74.9045
49119	-74.7844
49120	-73.2138
49121	-70.8528
49122	-69.9321
49123	-72.0845
49124	-71.8737
49125	-70.7596
49126	-71.9025
49127	-69.9704
49128	-67.7934
49129	-66.9762
49130	-65.6756
49131	-60.0072
49132	-54.7796
49133	-58.8017
49134	-63.7672
49135	-65.7612
49136	-67.4236
49137	-68.6524
49138	-70.0437
49139	-71.6715
49140	-71.437
49141	-67.9408
49142	-63.1349
49143	-62.0868
49144	-65.1929
49145	-63.7082
49146	-65.3236
49147	-69.363
49148	-70.0814
49149	-68.7933
49150	-67.1984
49151	-63.9019
49152	-58.2393
49153	-53.6556
49154	-55.6974
49155	-54.3568
49156	-53.2047
49157	-58.5182
49158	-64.8633
49159	-68.1272
49160	-69.7003
49161	-70.6776
49162	-70.6376
49163	-69.4252
49164	-68.7638
49165	-68.9567
49166	-68.109
49167	-71.2571
49168	-73.3452
49169	-74.3162
49170	-74.3478
49171	-74.2677
49172	-74.3868
49173	-73.6488
49174	-72.7825
49175	-71.1036
49176	-70.2937
49177	-70.8398
49178	-71.2075
49179	-71.9488
49180	-72.8431
49181	-73.5614
49182	-72.909
49183	-72.8111
49184	-72.4297
49185	-72.4553
49186	-71.6761
49187	-72.2059
49188	-72.4207
49189	-71.8666
49190	-70.8907
49191	-71.0313
49192	-70.0535
49193	-68.6911
49194	-68.0277
49195	-67.5234
49196	-66.4508
49197	-64.3557
49198	-61.8632
49199	-58.9336
49200	-57.8705
49201	-53.6029
49202	-45.5682
49203	-39.7505
49204	-40.3895
49205	-39.9538
49206	-38.7275
49207	-45.6614
49208	-53.8115
49209	-58.3695
49210	-60.9598
49211	-63.7397
49212	-65.6528
49213	-66.8325
49214	-68.1383
49215	-68.4718
49216	-68.6851
49217	-69.6214
49218	-70.9562
49219	-72.0288
49220	-72.6838
49221	-72.0039
49222	-71.7683
49223	-72.1768
49224	-72.0927
49225	-72.3393
49226	-72.8002
49227	-73.1795
49228	-72.0935
49229	-72.4267
49230	-72.4339
49231	-69.1338
49232	-65.7643
49233	-68.9497
49234	-71.9176
49235	-73.1626
49236	-73.219
49237	-74.0462
49238	-74.267
49239	-73.847
49240	-74.0977
49241	-73.5628
49242	-70.5844
49243	-68.5278
49244	-69.6053
49245	-68.4004
49246	-69.7391
49247	-69.9083
49248	-68.9762
49249	-68.7262
49250	-67.2314
49251	-63.6944
49252	-58.2324
49253	-53.6654
49254	-55.3108
49255	-53.8907
49256	-53.1544
49257	-58.5836
49258	-64.8583
49259	-68.2123
49260	-69.7635
49261	-70.7095
49262	-69.4485
49263	-65.4468
49264	-64.1132
49265	-64.2442
49266	-63.5722
49267	-65.9505
49268	-70.2723
49269	-71.9233
49270	-71.6973
49271	-70.6481
49272	-69.0645
49273	-68.2079
49274	-67.2895
49275	-65.5005
49276	-65.0806
49277	-65.1902
49278	-65.9128
49279	-66.4555
49280	-68.88
49281	-69.2541
49282	-69.5921
49283	-70.2959
49284	-71.2979
49285	-72.0782
49286	-73.0784
49287	-72.7909
49288	-72.8568
49289	-73.968
49290	-74.1242
49291	-74.9288
49292	-74.3547
49293	-73.695
49294	-73.7136
49295	-73.328
49296	-73.0254
49297	-72.0795
49298	-68.4356
49299	-64.8835
49300	-67.0965
49301	-71.4703
49302	-72.3255
49303	-70.706
49304	-71.7556
49305	-71.815
49306	-72.0466
49307	-73.6719
49308	-74.3656
49309	-73.9358
49310	-73.9319
49311	-74.5226
49312	-73.9229
49313	-73.4339
49314	-72.391
49315	-71.5189
49316	-71.4786
49317	-71.5125
49318	-70.6871
49319	-69.5046
49320	-67.2152
49321	-63.1908
49322	-61.4954
49323	-62.0453
49324	-57.6083
49325	-51.2169
49326	-49.4864
49327	-47.7958
49328	-51.9075
49329	-56.4542
49330	-63.0978
49331	-64.9881
49332	-63.3684
49333	-65.7804
49334	-69.2096
49335	-71.0006
49336	-71.4509
49337	-71.6296
49338	-72.6599
49339	-73.3313
49340	-74.6849
49341	-74.3018
49342	-73.9055
49343	-74.3632
49344	-75.1375
49345	-74.0346
49346	-73.6651
49347	-73.2218
49348	-72.0529
49349	-71.97
49350	-71.9736
49351	-71.5137
49352	-69.5968
49353	-66.3014
49354	-67.316
49355	-66.6091
49356	-66.5276
49357	-70.0903
49358	-73.3244
49359	-74.4589
49360	-74.658
49361	-74.3154
49362	-74.1108
49363	-74.0416
49364	-73.7376
49365	-73.1207
49366	-73.004
49367	-72.9737
49368	-73.235
49369	-72.2505
49370	-70.8913
49371	-69.6109
49372	-68.2272
49373	-67.7541
49374	-65.5814
49375	-62.5089
49376	-62.167
49377	-62.0141
49378	-64.0951
49379	-65.5871
49380	-68.3779
49381	-69.5778
49382	-70.5506
49383	-71.0431
49384	-71.8555
49385	-72.1638
49386	-70.6346
49387	-70.4174
49388	-64.906
49389	-62.2683
49390	-66.9485
49391	-70.5827
49392	-70.9743
49393	-70.7438
49394	-69.564
49395	-66.5496
49396	-64.6393
49397	-60.6712
49398	-54.7865
49399	-50.2018
49400	-53.9532
49401	-60.1222
49402	-62.9365
49403	-64.1507
49404	-66.7941
49405	-68.87
49406	-69.7722
49407	-71.1067
49408	-70.6998
49409	-68.0494
49410	-68.667
49411	-71.7865
49412	-72.9098
49413	-73.4734
49414	-73.7403
49415	-74.2496
49416	-74.0493
49417	-73.7537
49418	-71.9355
49419	-71.3566
49420	-70.5848
49421	-66.2322
49422	-63.8945
49423	-67.7991
49424	-71.6289
49425	-71.6622
49426	-71.3216
49427	-71.924
49428	-72.0706
49429	-72.7081
49430	-73.1443
49431	-72.6696
49432	-72.0422
49433	-72.9892
49434	-73.6979
49435	-72.5889
49436	-71.8056
49437	-70.637
49438	-69.8468
49439	-68.7211
49440	-68.8279
49441	-67.6798
49442	-66.6145
49443	-64.2827
49444	-61.8215
49445	-58.8599
49446	-54.9047
49447	-44.0031
49448	-30.0716
49449	-24.2204
49450	-28.0662
49451	-42.2367
49452	-53.5731
49453	-57.0208
49454	-59.1224
49455	-60.9605
49456	-62.4
49457	-65.2359
49458	-67.5437
49459	-68.1212
49460	-68.2095
49461	-69.7547
49462	-70.8285
49463	-71.1705
49464	-71.6707
49465	-72.5426
49466	-73.3888
49467	-73.0257
49468	-71.9797
49469	-72.3816
49470	-72.8629
49471	-72.9131
49472	-72.524
49473	-73.3784
49474	-72.5522
49475	-71.9129
49476	-71.4372
49477	-72.1789
49478	-71.8062
49479	-72.5031
49480	-73.4062
49481	-73.774
49482	-73.8933
49483	-73.9271
49484	-74.7336
49485	-75.1287
49486	-73.4466
49487	-72.6681
49488	-69.4401
49489	-67.2551
49490	-70.1089
49491	-71.6326
49492	-71.6315
49493	-71.3929
49494	-70.0823
49495	-66.9906
49496	-64.9786
49497	-61.0929
49498	-55.5244
49499	-51.2332
49500	-55.1315
49501	-60.7424
49502	-63.2327
49503	-64.56
49504	-67.1258
49505	-69.8461
49506	-70.1533
49507	-69.6111
49508	-66.9795
49509	-62.7908
49510	-62.9163
49511	-62.1232
49512	-63.2741
49513	-67.3849
49514	-69.7932
49515	-70.085
49516	-69.3582
49517	-66.4388
49518	-64.028
49519	-62.9268
49520	-59.6567
49521	-53.3268
49522	-51.2065
49523	-56.2629
49524	-61.877
49525	-65.225
49526	-67.4678
49527	-70.3183
49528	-71.4318
49529	-71.5173
49530	-71.2551
49531	-69.2998
49532	-66.8616
49533	-69.8544
49534	-72.847
49535	-73.5993
49536	-75.1664
49537	-74.4262
49538	-74.0054
49539	-73.8129
49540	-73.691
49541	-73.3188
49542	-72.4196
49543	-72.0338
49544	-72.3957
49545	-71.4844
49546	-72.0072
49547	-72.7538
49548	-73.4638
49549	-72.4386
49550	-73.1541
49551	-72.8146
49552	-72.2223
49553	-72.01
49554	-73.1697
49555	-73.1736
49556	-72.1538
49557	-71.5454
49558	-71.1866
49559	-70.6649
49560	-69.3468
49561	-67.8165
49562	-68.058
49563	-67.0046
49564	-64.4877
49565	-61.7746
49566	-60.6282
49567	-58.5371
49568	-56.3953
49569	-51.6467
49570	-38.7659
49571	-26.4531
49572	-24.4625
49573	-32.3339
49574	-46.2914
49575	-55.6985
49576	-59.2056
49577	-62.1629
49578	-64.4022
49579	-66.5522
49580	-67.8098
49581	-68.7692
49582	-68.6735
49583	-69.8013
49584	-70.8347
49585	-71.6438
49586	-72.6448
49587	-73.5504
49588	-72.7515
49589	-72.0357
49590	-72.8143
49591	-72.8882
49592	-72.3494
49593	-72.1235
49594	-71.9233
49595	-71.1996
49596	-71.9413
49597	-71.1515
49598	-67.2711
49599	-63.8435
49600	-67.2878
49601	-71.2324
49602	-71.48
49603	-72.216
49604	-74.0086
49605	-74.0611
49606	-74.0148
49607	-73.6567
49608	-73.3775
49609	-72.7025
49610	-71.2506
49611	-67.8381
49612	-68.428
49613	-71.2155
49614	-70.9077
49615	-69.4175
49616	-68.6176
49617	-66.154
49618	-63.8488
49619	-62.3178
49620	-59.0124
49621	-52.2793
49622	-50.3101
49623	-55.7837
49624	-61.4755
49625	-64.6673
49626	-66.9523
49627	-69.8272
49628	-70.5932
49629	-70.8394
49630	-69.9699
49631	-65.4162
49632	-61.8577
49633	-65.8072
49634	-70.5243
49635	-70.9049
49636	-72.4137
49637	-71.6465
49638	-70.8151
49639	-70.5563
49640	-69.4785
49641	-68.1617
49642	-65.7549
49643	-64.7562
49644	-62.7391
49645	-63.2484
49646	-63.5051
49647	-67.0969
49648	-68.0127
49649	-68.5792
49650	-69.8839
49651	-71.4561
49652	-72.3398
49653	-73.1298
49654	-73.1062
49655	-73.0111
49656	-73.5437
49657	-73.7597
49658	-73.9907
49659	-74.2619
49660	-74.4184
49661	-74.5946
49662	-74.2496
49663	-72.8842
49664	-69.4522
49665	-66.4088
49666	-67.1814
49667	-66.8541
49668	-66.8351
49669	-70.2742
49670	-71.3967
49671	-72.2146
49672	-72.3851
49673	-72.0578
49674	-73.484
49675	-73.7316
49676	-74.2713
49677	-75.4509
49678	-74.1814
49679	-73.8947
49680	-74.2083
49681	-74.5309
49682	-73.4504
49683	-72.6302
49684	-71.5266
49685	-71.613
49686	-70.8552
49687	-68.85
49688	-64.7891
49689	-63.1834
49690	-64.9657
49691	-61.9641
49692	-55.6299
49693	-52.5268
49694	-48.8296
49695	-50.9138
49696	-53.5085
49697	-59.3555
49698	-62.753
49699	-61.6677
49700	-64.089
49701	-68.0654
49702	-70.2342
49703	-70.8756
49704	-71.7877
49705	-71.6093
49706	-71.7556
49707	-72.7957
49708	-73.6589
49709	-74.0764
49710	-74.8934
49711	-73.9544
49712	-74.2199
49713	-74.5908
49714	-73.521
49715	-71.8187
49716	-71.9363
49717	-71.3175
49718	-70.918
49719	-72.2308
49720	-70.7363
49721	-66.0735
49722	-64.9629
49723	-69.0896
49724	-72.3848
49725	-73.1492
49726	-73.2847
49727	-73.8205
49728	-74.0601
49729	-74.2373
49730	-74.9296
49731	-74.0577
49732	-73.7231
49733	-72.8892
49734	-73.092
49735	-73.1095
49736	-72.0604
49737	-71.0777
49738	-70.1768
49739	-69.226
49740	-68.8985
49741	-68.4212
49742	-66.0572
49743	-66.3908
49744	-66.2687
49745	-65.4427
49746	-66.1926
49747	-67.8609
49748	-68.4918
49749	-69.372
49750	-71.0151
49751	-72.0829
49752	-71.7918
49753	-69.9675
49754	-65.5591
49755	-63.7322
49756	-64.0992
49757	-64.1829
49758	-66.6891
49759	-69.9722
49760	-70.7768
49761	-69.519
49762	-67.8458
49763	-63.7378
49764	-57.4987
49765	-52.8865
49766	-54.4505
49767	-54.9603
49768	-54.1387
49769	-59.5011
49770	-64.3782
49771	-67.5284
49772	-68.5897
49773	-68.9788
49774	-70.2504
49775	-69.5659
49776	-68.5825
49777	-69.933
49778	-68.6267
49779	-71.1813
49780	-73.595
49781	-73.9969
49782	-73.8225
49783	-73.9912
49784	-74.069
49785	-73.1729
49786	-73.0019
49787	-71.2916
49788	-67.7649
49789	-65.5631
49790	-69.7731
49791	-72.4082
49792	-72.2895
49793	-72.0739
49794	-73.1193
49795	-72.9183
49796	-72.2362
49797	-72.1151
49798	-72.0962
49799	-71.8232
49800	-72.3298
49801	-72.6137
49802	-71.941
49803	-70.6917
49804	-69.4979
49805	-68.7231
49806	-68.6417
49807	-67.9314
49808	-66.7751
49809	-65.4928
49810	-63.4369
49811	-60.6306
49812	-57.8102
49813	-52.5221
49814	-43.8306
49815	-38.4518
49816	-39.3692
49817	-41.3371
49818	-40.1418
49819	-47.4749
49820	-54.7502
49821	-58.1115
49822	-59.3501
49823	-62.5407
49824	-64.8408
49825	-66.7941
49826	-67.6678
49827	-68.0117
49828	-68.826
49829	-70.416
49830	-70.9667
49831	-70.9295
49832	-71.8027
49833	-72.6753
49834	-72.251
49835	-71.8555
49836	-72.497
49837	-72.6827
49838	-72.98
49839	-72.9791
49840	-73.5916
49841	-72.9084
49842	-71.8422
49843	-71.4276
49844	-70.9635
49845	-70.5054
49846	-71.6575
49847	-73.3164
49848	-73.8122
49849	-74.5193
49850	-74.3252
49851	-74.5422
49852	-74.0866
49853	-73.1748
49854	-70.4631
49855	-68.0624
49856	-69.4575
49857	-68.8126
49858	-69.775
49859	-70.7662
49860	-70.6031
49861	-69.5874
49862	-67.6676
49863	-63.8763
49864	-57.3686
49865	-53.0631
49866	-55.0062
49867	-55.0533
49868	-54.1705
49869	-59.7232
49870	-64.7638
49871	-67.8531
49872	-69.0666
49873	-70.1403
49874	-68.9528
49875	-64.5686
49876	-63.9483
49877	-64.4555
49878	-62.1398
49879	-63.3521
49880	-69.0508
49881	-71.303
49882	-71.2738
49883	-69.7328
49884	-68.0694
49885	-66.7926
49886	-65.2207
49887	-62.6152
49888	-56.4962
49889	-54.3733
49890	-61.2332
49891	-65.4867
49892	-66.7945
49893	-67.8186
49894	-70.3778
49895	-71.773
49896	-70.7123
49897	-72.4048
49898	-71.7167
49899	-69.437
49900	-71.0715
49901	-73.5303
49902	-74.8006
49903	-74.8531
49904	-74.2233
49905	-73.6843
49906	-73.1815
49907	-72.9006
49908	-73.1552
49909	-73.0905
49910	-71.6569
49911	-67.8792
49912	-68.6868
49913	-71.9503
49914	-72.8911
49915	-72.2715
49916	-71.6817
49917	-71.5243
49918	-72.7004
49919	-73.1989
49920	-73.7635
49921	-73.241
49922	-73.3744
49923	-73.6387
49924	-73.3301
49925	-71.8094
49926	-70.3918
49927	-70.112
49928	-69.8101
49929	-69.8806
49930	-69.1304
49931	-67.1164
49932	-63.7812
49933	-62.4584
49934	-60.7638
49935	-58.8176
49936	-55.2551
49937	-41.6718
49938	-29.0464
49939	-27.1705
49940	-35.3124
49941	-50.7549
49942	-58.9975
49943	-61.805
49944	-63.8719
49945	-65.3385
49946	-66.9946
49947	-68.7432
49948	-70.2109
49949	-70.162
49950	-71.6288
49951	-72.6107
49952	-73.2249
49953	-73.9009
49954	-73.6771
49955	-73.7416
49956	-73.4983
49957	-73.3838
49958	-73.5646
49959	-73.4718
49960	-72.2988
49961	-71.4879
49962	-71.3867
49963	-71.4956
49964	-68.6636
49965	-65.8695
49966	-67.0311
49967	-66.9468
49968	-66.6871
49969	-70.169
49970	-72.9429
49971	-74.0835
49972	-74.1201
49973	-74.3324
49974	-74.1541
49975	-74.1176
49976	-73.524
49977	-72.4291
49978	-69.3738
49979	-69.7905
49980	-72.4637
49981	-71.96
49982	-71.1595
49983	-69.0786
49984	-67.2681
49985	-65.6139
49986	-64.3956
49987	-61.4273
49988	-54.451
49989	-52.6798
49990	-59.854
49991	-64.5147
49992	-66.1146
49993	-67.5185
49994	-69.8299
49995	-71.2569
49996	-71.2167
49997	-71.7183
49998	-69.4544
49999	-65.5521
