0	-29.3895
1	-31.001
2	-46.9841
3	-66.3629
4	-65.1802
5	-62.3499
6	-60.2347
7	-60.3521
8	-60.1471
9	-62.1423
10	-65.472
11	-68.4668
12	-70.3465
13	-70.8312
14	-71.1836
15	-72.1339
16	-71.3118
17	-71.5026
18	-70.9592
19	-71.4998
20	-71.885
21	-71.977
22	-72.7625
23	-72.0625
24	-68.9014
25	-66.4353
26	-63.9295
27	-68.1967
28	-72.295
29	-71.9547
30	-71.656
31	-70.3947
32	-69.7253
33	-69.8793
34	-69.4109
35	-70.1282
36	-71.8243
37	-71.8864
38	-71.8658
39	-70.2911
40	-68.3687
41	-66.9221
42	-65.8731
43	-65.2179
44	-65.8653
45	-67.3093
46	-68.3389
47	-69.5478
48	-70.0957
49	-69.9478
50	-68.1507
51	-70.0347
52	-70.445
53	-69.6638
54	-68.2104
55	-66.2078
56	-65.3114
57	-65.9651
58	-66.0554
59	-66.7433
60	-67.3377
61	-67.47
62	-67.2992
63	-62.3236
64	-61.7866
65	-64.2822
66	-62.3138
67	-61.3875
68	-61.4445
69	-63.1581
70	-66.1514
71	-68.2162
72	-64.8012
73	-54.9811
74	-49.9151
75	-53.4611
76	-62.5676
77	-67.9803
78	-68.8584
79	-67.7685
80	-66.7294
81	-66.3649
82	-66.6022
83	-65.9361
84	-65.0171
85	-66.112
86	-69.3608
87	-72.0139
88	-72.1663
89	-70.8649
90	-69.0688
91	-67.2625
92	-66.436
93	-68.3931
94	-70.6547
95	-71.1277
96	-71.8501
97	-70.746
98	-69.1917
99	-69.8928
100	-71.1969
101	-71.969
102	-72.9641
103	-71.5429
104	-70.9891
105	-69.9183
106	-69.7585
107	-70.4738
108	-69.7492
109	-68.8953
110	-68.1837
111	-67.9081
112	-65.9524
113	-64.4467
114	-61.9249
115	-58.0235
116	-55.0061
117	-53.0746
118	-53.3175
119	-56.1881
120	-58.9452
121	-57.4692
122	-47.9947
123	-34.8545
124	-29.9078
125	-34.1675
126	-46.0866
127	-55.3263
128	-59.779
129	-61.2437
130	-60.9151
131	-61.5314
132	-61.9473
133	-64.0559
134	-65.2304
135	-65.5987
136	-67.5431
137	-68.9059
138	-69.611
139	-69.9415
140	-71.3187
141	-71.1838
142	-70.8497
143	-70.8378
144	-71.0302
145	-71.7513
146	-72.5049
147	-73.0452
148	-72.7829
149	-71.7289
150	-69.893
151	-71.44
152	-72.327
153	-71.3668
154	-71.4736
155	-70.4234
156	-70.1795
157	-69.7696
158	-69.4412
159	-69.4541
160	-69.1995
161	-70.0516
162	-68.9997
163	-66.4157
164	-65.215
165	-65.7052
166	-64.0319
167	-62.352
168	-63.1507
169	-65.5274
170	-67.4092
171	-68.5704
172	-64.4893
173	-54.889
174	-50.1018
175	-53.6439
176	-62.5316
177	-66.0303
178	-66.8608
179	-64.6373
180	-62.6476
181	-63.1389
182	-63.7305
183	-64.4816
184	-60.9942
185	-61.4944
186	-64.5448
187	-67.3903
188	-66.0808
189	-64.693
190	-60.0184
191	-55.999
192	-57.0163
193	-61.2397
194	-65.6454
195	-69.8723
196	-67.5935
197	-64.3292
198	-61.9924
199	-62.6676
200	-66.7368
201	-67.106
202	-68.4042
203	-69.0156
204	-68.6566
205	-68.7821
206	-68.9355
207	-69.406
208	-69.2034
209	-69.9199
210	-70.9374
211	-71.5603
212	-72.2524
213	-72.3041
214	-71.8937
215	-70.2942
216	-69.5778
217	-72.4774
218	-72.4915
219	-71.8527
220	-71.8044
221	-70.7425
222	-70.0777
223	-69.7366
224	-70.5461
225	-71.1965
226	-70.6395
227	-70.4614
228	-69.7647
229	-69.3556
230	-68.2072
231	-68.4926
232	-67.717
233	-66.6419
234	-65.4723
235	-65.1075
236	-64.6681
237	-63.4031
238	-59.6919
239	-53.4549
240	-47.466
241	-42.7548
242	-43.3734
243	-48.8003
244	-55.831
245	-60.8402
246	-58.0956
247	-51.6598
248	-48.0542
249	-49.8384
250	-55.6609
251	-61.0387
252	-64.3101
253	-65.5528
254	-66.5756
255	-67.2223
256	-67.0059
257	-68.451
258	-68.6191
259	-69.3406
260	-69.6752
261	-70.1495
262	-70.5259
263	-71.52
264	-71.2587
265	-71.1312
266	-70.0566
267	-70.0185
268	-69.969
269	-71.1047
270	-71.5765
271	-69.9382
272	-69.6149
273	-65.7658
274	-62.9595
275	-66.1322
276	-70.8438
277	-71.7206
278	-71.456
279	-69.8699
280	-68.7174
281	-67.7876
282	-67.1069
283	-67.1563
284	-67.5761
285	-67.9802
286	-68.6235
287	-68.8565
288	-68.1571
289	-65.1643
290	-60.045
291	-55.7451
292	-56.5172
293	-60.7614
294	-65.8573
295	-68.0068
296	-65.3565
297	-62.3651
298	-59.5951
299	-61.1479
300	-64.9879
301	-65.0219
302	-65.1352
303	-67.3768
304	-66.606
305	-67.1601
306	-67.0541
307	-68.2681
308	-66.4865
309	-67.1375
310	-66.8917
311	-68.1385
312	-67.8525
313	-67.6433
314	-65.8563
315	-60.3139
316	-60.4682
317	-65.572
318	-68.5051
319	-67.4146
320	-65.49
321	-62.3713
322	-60.8999
323	-61.2932
324	-63.5533
325	-66.3598
326	-68.515
327	-68.9377
328	-70.0562
329	-68.8405
330	-68.404
331	-68.4642
332	-68.5981
333	-68.682
334	-69.4192
335	-70.0356
336	-70.9842
337	-71.4967
338	-70.0568
339	-63.266
340	-62.0082
341	-67.8385
342	-69.3524
343	-70.8246
344	-70.5937
345	-70.3844
346	-70.4432
347	-69.5325
348	-70.4308
349	-70.3636
350	-70.3812
351	-70.3764
352	-70.349
353	-69.3605
354	-68.6803
355	-67.4263
356	-66.625
357	-64.9546
358	-64.8295
359	-64.5587
360	-65.2166
361	-65.8477
362	-65.1144
363	-61.7567
364	-51.7202
365	-43.4308
366	-43.0551
367	-51.7253
368	-62.1201
369	-61.0961
370	-57.8407
371	-54.3363
372	-52.1268
373	-52.3958
374	-54.5696
375	-58.8021
376	-62.5295
377	-66.4086
378	-66.6183
379	-67.6867
380	-68.0572
381	-68.486
382	-68.4029
383	-68.338
384	-68.0492
385	-69.0329
386	-68.7738
387	-69.416
388	-69.1836
389	-68.8969
390	-67.6108
391	-66.2865
392	-67.3676
393	-68.0056
394	-68.9272
395	-68.3543
396	-69.3568
397	-67.5883
398	-67.6199
399	-67.4728
400	-68.7841
401	-68.8702
402	-68.8445
403	-68.3501
404	-67.8773
405	-66.8387
406	-66.7746
407	-66.1849
408	-66.0358
409	-65.8796
410	-65.8336
411	-66.7853
412	-66.6849
413	-66.7653
414	-66.6836
415	-64.347
416	-64.2648
417	-66.0993
418	-65.4263
419	-64.7139
420	-63.3103
421	-61.5131
422	-60.1099
423	-60.9243
424	-62.1895
425	-63.1051
426	-64.2739
427	-64.6474
428	-63.3311
429	-58.7406
430	-60.2474
431	-62.563
432	-61.199
433	-61.0013
434	-61.5413
435	-62.1128
436	-63.2088
437	-63.7392
438	-59.6877
439	-49.0924
440	-48.3248
441	-56.8426
442	-63.158
443	-62.5294
444	-62.7939
445	-61.505
446	-60.9263
447	-60.5173
448	-62.0492
449	-60.331
450	-62.279
451	-61.3478
452	-61.8996
453	-61.7953
454	-61.0783
455	-61.516
456	-60.4202
457	-61.0035
458	-60.0953
459	-60.4912
460	-59.8525
461	-59.8597
462	-59.3259
463	-59.1475
464	-58.9509
465	-58.4572
466	-58.2492
467	-58.104
468	-57.3558
469	-57.4143
470	-56.8567
471	-56.5918
472	-56.1148
473	-55.9965
474	-55.2618
475	-55.1854
476	-54.7122
477	-54.3908
478	-54.0172
479	-53.5986
480	-53.4063
481	-53.0717
482	-53.2496
483	-55.0139
484	-57.9863
485	-52.8213
486	-52.9156
487	-21.4081
488	6.55331
489	17.2257
490	18.0258
491	9.29063
492	-14.0509
493	-56.315
494	-52.9948
495	-58.1366
496	-55.0367
497	-54.2289
498	-53.2625
499	-53.1786
500	-53.4317
501	-54.0121
502	-54.3696
503	-54.7877
504	-54.8718
505	-55.5876
506	-55.5657
507	-56.2354
508	-56.5009
509	-56.8914
510	-57.0467
511	-57.7582
512	-57.6825
513	-58.2785
514	-58.63
515	-58.678
516	-59.1165
517	-59.4025
518	-59.5207
519	-60.1018
520	-60.0358
521	-60.7774
522	-60.1524
523	-61.223
524	-60.6927
525	-61.6825
526	-61.5228
527	-61.9871
528	-62.2044
529	-60.3775
530	-62.1918
531	-60.9915
532	-61.4257
533	-60.8001
534	-61.3006
535	-61.5324
536	-63.0871
537	-62.9839
538	-59.3806
539	-49.0325
540	-48.3032
541	-56.7784
542	-63.7165
543	-62.925
544	-62.9375
545	-60.9861
546	-61.2416
547	-61.5346
548	-61.5433
549	-62.0133
550	-58.5362
551	-62.4601
552	-65.3514
553	-64.4803
554	-63.4392
555	-62.4976
556	-61.1851
557	-60.8904
558	-61.1795
559	-63.0083
560	-64.6313
561	-66.1533
562	-65.9896
563	-65.6096
564	-65.6333
565	-66.2287
566	-66.8311
567	-66.5955
568	-66.2725
569	-66.2966
570	-65.9134
571	-65.7075
572	-66.1928
573	-66.1597
574	-67.5642
575	-67.3169
576	-68.1001
577	-68.712
578	-69.1052
579	-68.4102
580	-68.3039
581	-66.9131
582	-68.1267
583	-67.8731
584	-69.3479
585	-68.1662
586	-68.3885
587	-67.3932
588	-66.781
589	-67.2612
590	-68.4872
591	-69.3835
592	-69.2718
593	-69.0536
594	-68.8094
595	-68.5085
596	-68.0716
597	-68.7445
598	-68.4753
599	-68.3495
600	-67.7626
601	-68.1606
602	-65.888
603	-64.5358
604	-60.2052
605	-55.3554
606	-52.7725
607	-52.6738
608	-54.279
609	-57.7438
610	-61.3121
611	-62.8338
612	-55.1282
613	-45.6716
614	-44.3706
615	-51.3439
616	-61.7068
617	-66.1902
618	-65.372
619	-65.3354
620	-64.4855
621	-64.596
622	-64.8642
623	-65.8438
624	-67.6603
625	-68.2902
626	-69.0526
627	-69.8063
628	-70.2726
629	-70.1844
630	-70.2882
631	-69.7881
632	-70.3271
633	-69.9213
634	-70.1218
635	-70.6674
636	-70.5928
637	-69.8994
638	-67.9076
639	-62.8197
640	-62.2101
641	-69.1622
642	-71.335
643	-70.6682
644	-70.4557
645	-69.2071
646	-69.0333
647	-68.4543
648	-68.3116
649	-68.5346
650	-69.487
651	-70.0581
652	-69.8083
653	-68.5711
654	-66.4415
655	-64.0071
656	-61.6172
657	-60.9673
658	-62.2615
659	-64.9879
660	-66.6184
661	-68.0137
662	-67.4988
663	-62.3555
664	-60.8436
665	-65.9427
666	-68.1989
667	-67.7918
668	-67.5456
669	-67.4331
670	-66.3084
671	-66.8517
672	-67.624
673	-67.6985
674	-67.0644
675	-67.288
676	-66.3109
677	-66.0718
678	-64.121
679	-65.2809
680	-61.2998
681	-58.9399
682	-61.3488
683	-64.8483
684	-67.6584
685	-65.9977
686	-61.7501
687	-57.0518
688	-55.0489
689	-58.6386
690	-64.0079
691	-67.2929
692	-68.9578
693	-68.4008
694	-68.1187
695	-67.1977
696	-67.3751
697	-67.4065
698	-67.2809
699	-68.3115
700	-69.7224
701	-71.1923
702	-72.3172
703	-71.5589
704	-67.1743
705	-63.3251
706	-64.7806
707	-68.5328
708	-70.8697
709	-71.2077
710	-71.1075
711	-70.6983
712	-69.7741
713	-70.3235
714	-71.2061
715	-71.2758
716	-71.0554
717	-71.212
718	-69.9319
719	-69.1793
720	-69.5484
721	-69.084
722	-67.9275
723	-67.4338
724	-67.0248
725	-66.2137
726	-65.4943
727	-64.7863
728	-61.2187
729	-56.1317
730	-50.2767
731	-47.2841
732	-50.2166
733	-56.2188
734	-60.3337
735	-56.4048
736	-49.8269
737	-43.9778
738	-42.2108
739	-46.4016
740	-51.9793
741	-58.7954
742	-62.4245
743	-64.3266
744	-64.9297
745	-65.2826
746	-66.2723
747	-67.9481
748	-68.2783
749	-68.3331
750	-69.2281
751	-69.7591
752	-70.2012
753	-70.9226
754	-71.3755
755	-70.9672
756	-70.242
757	-70.4967
758	-70.4742
759	-71.3814
760	-72.265
761	-72.5558
762	-72.1737
763	-70.3459
764	-69.877
765	-72.15
766	-72.7131
767	-72.316
768	-71.5557
769	-70.4421
770	-69.7913
771	-69.1924
772	-69.2335
773	-68.6453
774	-68.9167
775	-68.4355
776	-68.506
777	-68.3153
778	-66.9737
779	-66.9612
780	-62.7413
781	-61.0229
782	-63.251
783	-67.0045
784	-69.1865
785	-66.6432
786	-61.6475
787	-57.3496
788	-55.5181
789	-58.9172
790	-64.1722
791	-65.553
792	-67.0655
793	-65.2507
794	-61.8431
795	-60.807
796	-63.7623
797	-63.814
798	-63.1336
799	-62.3321
800	-64.1819
801	-66.4329
802	-66.6504
803	-64.0017
804	-55.0068
805	-50.3078
806	-53.6204
807	-63.1669
808	-68.2736
809	-68.3881
810	-66.5912
811	-63.6719
812	-62.618
813	-64.0343
814	-65.7443
815	-65.2501
816	-66.1333
817	-68.6478
818	-70.0873
819	-69.7893
820	-69.0319
821	-69.6377
822	-70.0906
823	-70.277
824	-70.325
825	-71.6004
826	-72.0196
827	-72.4646
828	-72.1092
829	-70.6446
830	-70.7683
831	-72.7329
832	-72.9396
833	-72.6816
834	-71.6983
835	-71.2196
836	-70.9339
837	-70.6357
838	-70.8101
839	-71.3348
840	-70.1227
841	-69.8479
842	-68.8739
843	-67.8141
844	-65.9615
845	-65.2828
846	-64.2682
847	-62.1156
848	-61.5026
849	-60.7635
850	-61.4499
851	-60.3918
852	-56.486
853	-48.2301
854	-36.0804
855	-30.2051
856	-33.5111
857	-45.8611
858	-56.7505
859	-59.0525
860	-57.2868
861	-53.954
862	-53.3265
863	-55.0114
864	-57.8929
865	-61.6346
866	-64.2931
867	-66.0569
868	-67.3678
869	-68.2325
870	-68.5694
871	-69.7213
872	-70.2125
873	-69.9623
874	-69.667
875	-71.3629
876	-71.5449
877	-72.2337
878	-72.3946
879	-70.9627
880	-69.7217
881	-69.1099
882	-70.1825
883	-71.6364
884	-71.3836
885	-70.1803
886	-69.0286
887	-66.8288
888	-66.3766
889	-68.7582
890	-70.2147
891	-72.2164
892	-71.5006
893	-70.2091
894	-66.7138
895	-64.8187
896	-65.6579
897	-66.482
898	-66.293
899	-66.4653
900	-68.1736
901	-68.5283
902	-68.263
903	-64.2979
904	-54.8324
905	-50.2037
906	-53.4066
907	-63.4301
908	-68.344
909	-66.5519
910	-63.7925
911	-61.821
912	-61.9188
913	-62.3222
914	-64.6152
915	-62.554
916	-62.0081
917	-66.4109
918	-68.5899
919	-66.8533
920	-67.3681
921	-66.1077
922	-66.4642
923	-65.4076
924	-66.4495
925	-68.1644
926	-69.435
927	-69.7909
928	-69.2677
929	-65.3674
930	-67.4838
931	-70.2229
932	-69.2443
933	-68.3441
934	-67.0218
935	-65.8803
936	-65.2844
937	-65.4586
938	-66.3618
939	-67.8836
940	-69.6927
941	-71.8427
942	-72.3283
943	-71.6703
944	-70.5709
945	-69.5692
946	-69.736
947	-69.5299
948	-70.6852
949	-71.0493
950	-72.2401
951	-72.2412
952	-68.7684
953	-64.0696
954	-65.4536
955	-68.6546
956	-71.7491
957	-73.1583
958	-72.4728
959	-71.9887
960	-71.9556
961	-71.4052
962	-71.5259
963	-72.1012
964	-71.3571
965	-71.806
966	-71.2453
967	-71.0386
968	-68.8497
969	-66.3251
970	-63.1371
971	-60.7525
972	-60.7609
973	-60.3056
974	-62.5438
975	-64.9888
976	-66.7294
977	-38.764
978	-20.0157
979	-13.6933
980	-16.6602
981	-30.2044
982	-63.8019
983	-65.2137
984	-62.5253
985	-60.38
986	-59.6348
987	-59.637
988	-61.2452
989	-65.255
990	-67.6387
991	-69.8078
992	-71.4059
993	-70.9682
994	-71.6934
995	-72.1602
996	-71.7357
997	-71.1081
998	-71.6819
999	-71.7722
1000	-71.6241
1001	-73.3865
1002	-73.0946
1003	-69.8542
1004	-67.1474
1005	-64.1253
1006	-66.8226
1007	-71.7924
1008	-72.5285
1009	-71.6642
1010	-70.6426
1011	-70.1225
1012	-70.068
1013	-69.4303
1014	-70.2898
1015	-71.4685
1016	-72.4683
1017	-72.2349
1018	-70.72
1019	-68.7634
1020	-67.2079
1021	-66.1984
1022	-65.7012
1023	-65.769
1024	-67.5863
1025	-68.0787
1026	-69.4173
1027	-70.0844
1028	-70.7926
1029	-71.4762
1030	-71.0428
1031	-70.1805
1032	-69.4242
1033	-68.3154
1034	-66.069
1035	-65.0073
1036	-65.5044
1037	-65.5094
1038	-66.5828
1039	-66.6076
1040	-67.2285
1041	-67.4126
1042	-63.0395
1043	-61.2309
1044	-63.9944
1045	-62.4268
1046	-61.2776
1047	-61.3476
1048	-62.6004
1049	-65.4088
1050	-67.9988
1051	-65.8283
1052	-56.4069
1053	-50.09
1054	-52.1563
1055	-60.9557
1056	-67.6802
1057	-68.6098
1058	-68.1598
1059	-66.9302
1060	-66.5531
1061	-66.6089
1062	-66.3625
1063	-64.9449
1064	-65.7238
1065	-68.8775
1066	-71.6998
1067	-72.4044
1068	-70.9174
1069	-69.6256
1070	-67.5657
1071	-66.5073
1072	-68.4618
1073	-69.829
1074	-71.5574
1075	-71.5862
1076	-71.0359
1077	-69.7957
1078	-70.0159
1079	-71.2886
1080	-72.044
1081	-72.989
1082	-71.9489
1083	-71.4825
1084	-70.1014
1085	-69.8359
1086	-70.2638
1087	-69.9554
1088	-69.0879
1089	-68.3385
1090	-67.8771
1091	-66.4298
1092	-64.5584
1093	-62.2219
1094	-58.4696
1095	-54.999
1096	-52.8836
1097	-52.8922
1098	-55.2508
1099	-58.2697
1100	-57.8212
1101	-50.3292
1102	-36.5469
1103	-29.9266
1104	-32.6461
1105	-43.6548
1106	-54.2099
1107	-59.1901
1108	-61.3893
1109	-61.0808
1110	-61.2971
1111	-61.7714
1112	-63.6596
1113	-65.0607
1114	-65.5885
1115	-67.1968
1116	-68.788
1117	-69.6499
1118	-70.094
1119	-71.3613
1120	-71.4655
1121	-70.9509
1122	-71.128
1123	-71.5442
1124	-71.9435
1125	-72.8203
1126	-73.1196
1127	-73.0832
1128	-71.8527
1129	-69.8581
1130	-71.2567
1131	-72.8855
1132	-72.4613
1133	-71.631
1134	-70.9883
1135	-70.0716
1136	-70.0771
1137	-69.6902
1138	-69.4968
1139	-69.2931
1140	-70.0595
1141	-69.4782
1142	-66.9382
1143	-64.8695
1144	-65.8319
1145	-64.0134
1146	-62.311
1147	-62.5759
1148	-65.285
1149	-67.0819
1150	-68.6027
1151	-65.8249
1152	-56.5529
1153	-50.1429
1154	-52.2805
1155	-60.7868
1156	-65.8542
1157	-66.7779
1158	-65.4146
1159	-62.7344
1160	-63.129
1161	-63.5499
1162	-65.4018
1163	-61.3812
1164	-60.8876
1165	-64.1177
1166	-67.3882
1167	-66.9714
1168	-65.3739
1169	-61.3235
1170	-56.586
1171	-56.799
1172	-60.679
1173	-65.1821
1174	-69.1949
1175	-68.9889
1176	-66.044
1177	-63.0635
1178	-63.0518
1179	-67.0562
1180	-67.6549
1181	-68.3905
1182	-69.2422
1183	-68.5848
1184	-69.0007
1185	-69.2982
1186	-69.6521
1187	-69.5388
1188	-69.9962
1189	-71.0294
1190	-72.3227
1191	-72.4132
1192	-72.8742
1193	-72.3693
1194	-71.0298
1195	-69.0784
1196	-72.1844
1197	-72.8488
1198	-72.6569
1199	-72.6036
1200	-71.1037
1201	-70.4745
1202	-70.1491
1203	-70.8765
1204	-71.6783
1205	-71.4489
1206	-70.9431
1207	-70.6827
1208	-69.6822
1209	-68.8813
1210	-68.5574
1211	-68.8007
1212	-67.5007
1213	-65.7581
1214	-65.604
1215	-64.9005
1216	-63.8718
1217	-60.6919
1218	-55.0053
1219	-48.6142
1220	-43.527
1221	-43.1138
1222	-47.894
1223	-54.8401
1224	-60.7952
1225	-59.567
1226	-53.3035
1227	-49.0852
1228	-49.917
1229	-55.5295
1230	-60.6192
1231	-64.5615
1232	-66.0645
1233	-66.6283
1234	-67.7149
1235	-67.084
1236	-68.4404
1237	-69.1644
1238	-70.0371
1239	-70.0984
1240	-70.535
1241	-70.9425
1242	-72.1099
1243	-72.0075
1244	-71.9262
1245	-70.8687
1246	-70.2195
1247	-70.4597
1248	-71.2226
1249	-72.5156
1250	-71.1407
1251	-70.1565
1252	-66.7466
1253	-62.9347
1254	-65.2773
1255	-71.1662
1256	-72.7521
1257	-72.3208
1258	-71.6801
1259	-69.1347
1260	-68.8766
1261	-67.4559
1262	-68.0545
1263	-67.3938
1264	-68.3662
1265	-69.1566
1266	-69.7083
1267	-69.1439
1268	-66.1577
1269	-61.3424
1270	-56.4037
1271	-56.1744
1272	-60.1973
1273	-65.4933
1274	-68.6759
1275	-66.3697
1276	-63.7321
1277	-60.6395
1278	-61.1856
1279	-65.2688
1280	-65.4072
1281	-65.5837
1282	-67.7311
1283	-67.2629
1284	-67.1898
1285	-67.5315
1286	-69.7651
1287	-67.4312
1288	-67.4363
1289	-67.3276
1290	-68.4188
1291	-68.0162
1292	-67.8849
1293	-66.9813
1294	-59.9721
1295	-58.8531
1296	-64.5709
1297	-68.2128
1298	-68.3131
1299	-66.376
1300	-63.0718
1301	-60.9605
1302	-60.9966
1303	-63.1354
1304	-65.9263
1305	-68.319
1306	-69.5465
1307	-71.3235
1308	-69.9992
1309	-69.2172
1310	-69.121
1311	-68.9708
1312	-69.816
1313	-69.8515
1314	-71.1868
1315	-71.827
1316	-72.711
1317	-72.2147
1318	-64.2668
1319	-61.6926
1320	-67.0759
1321	-70.118
1322	-72.4076
1323	-72.809
1324	-71.8203
1325	-72.0102
1326	-71.4294
1327	-71.2662
1328	-71.9957
1329	-72.0921
1330	-71.7611
1331	-71.6586
1332	-70.6706
1333	-70.3151
1334	-69.6216
1335	-67.6595
1336	-66.0455
1337	-65.504
1338	-65.3598
1339	-65.4614
1340	-66.3319
1341	-65.6799
1342	-62.2439
1343	-52.8676
1344	-42.9919
1345	-41.1179
1346	-48.1551
1347	-60.5858
1348	-62.2111
1349	-58.6842
1350	-54.7856
1351	-52.237
1352	-51.7626
1353	-53.6476
1354	-57.8719
1355	-62.4977
1356	-66.4681
1357	-67.913
1358	-68.9428
1359	-69.0735
1360	-70.5666
1361	-70.7155
1362	-70.7438
1363	-69.8462
1364	-70.8137
1365	-71.3423
1366	-71.3342
1367	-72.5495
1368	-72.3218
1369	-69.4745
1370	-68.4629
1371	-68.2881
1372	-70.601
1373	-72.1182
1374	-72.2119
1375	-72.2492
1376	-70.6984
1377	-69.7917
1378	-69.9622
1379	-70.7595
1380	-72.6648
1381	-72.5267
1382	-72.3914
1383	-71.1329
1384	-69.6232
1385	-68.4882
1386	-68.7446
1387	-68.1939
1388	-68.0245
1389	-68.713
1390	-69.1376
1391	-69.3006
1392	-69.1841
1393	-68.7557
1394	-63.8762
1395	-62.6916
1396	-67.0462
1397	-69.0519
1398	-68.2813
1399	-65.7492
1400	-62.6812
1401	-61.3266
1402	-61.5034
1403	-62.8106
1404	-65.0618
1405	-65.8574
1406	-67.5442
1407	-65.3854
1408	-59.2303
1409	-60.5167
1410	-64.1486
1411	-63.0576
1412	-62.8189
1413	-62.2313
1414	-63.9627
1415	-66.1792
1416	-67.1932
1417	-62.3932
1418	-50.228
1419	-47.8686
1420	-54.6593
1421	-68.299
1422	-68.087
1423	-67.6847
1424	-65.5403
1425	-64.4305
1426	-64.5882
1427	-65.2683
1428	-64.6246
1429	-63.603
1430	-65.7433
1431	-69.875
1432	-70.3879
1433	-69.3162
1434	-69.0174
1435	-68.4379
1436	-68.6046
1437	-68.1748
1438	-69.3305
1439	-69.7512
1440	-70.1678
1441	-69.5924
1442	-69.5804
1443	-68.7193
1444	-68.9752
1445	-69.3852
1446	-70.0826
1447	-68.267
1448	-69.204
1449	-68.4588
1450	-67.6284
1451	-67.621
1452	-67.6829
1453	-66.2849
1454	-66.4733
1455	-65.9167
1456	-65.4804
1457	-64.4393
1458	-62.1311
1459	-60.9066
1460	-59.0541
1461	-57.3301
1462	-56.7281
1463	-57.5056
1464	-58.1889
1465	-58.1487
1466	-41.1197
1467	-6.2072
1468	6.56797
1469	8.97719
1470	2.05782
1471	-17.7297
1472	-56.7876
1473	-58.6059
1474	-58.5448
1475	-57.2534
1476	-57.7131
1477	-58.1648
1478	-60.1357
1479	-62.0436
1480	-63.4874
1481	-65.2652
1482	-65.6082
1483	-66.1882
1484	-67.0542
1485	-66.618
1486	-68.0149
1487	-67.3779
1488	-67.9341
1489	-68.6142
1490	-69.3517
1491	-68.4601
1492	-70.0754
1493	-69.2325
1494	-68.0826
1495	-68.1502
1496	-69.3974
1497	-69.295
1498	-70.046
1499	-69.1994
1500	-68.4694
1501	-68.0114
1502	-68.849
1503	-67.6646
1504	-69.1192
1505	-69.7063
1506	-70.11
1507	-69.0171
1508	-63.8434
1509	-64.2227
1510	-64.8873
1511	-64.8115
1512	-63.897
1513	-64.5788
1514	-65.5628
1515	-67.7937
1516	-68.074
1517	-62.3162
1518	-50.1125
1519	-47.7765
1520	-54.599
1521	-67.3699
1522	-66.8277
1523	-65.9666
1524	-63.266
1525	-62.6671
1526	-63.5333
1527	-64.0061
1528	-63.2211
1529	-59.0405
1530	-61.6683
1531	-68.6129
1532	-67.4465
1533	-66.2892
1534	-65.2244
1535	-62.9883
1536	-62.4643
1537	-62.456
1538	-64.4118
1539	-67.665
1540	-69.1347
1541	-70.0951
1542	-70.1063
1543	-68.9439
1544	-69.8838
1545	-69.7443
1546	-69.3135
1547	-69.1801
1548	-68.5888
1549	-68.0615
1550	-67.5262
1551	-68.0689
1552	-68.5631
1553	-69.4993
1554	-70.2436
1555	-71.5559
1556	-72.9552
1557	-72.6416
1558	-71.4437
1559	-70.3161
1560	-68.8249
1561	-69.4998
1562	-70.8005
1563	-71.8083
1564	-71.6932
1565	-71.0024
1566	-69.2282
1567	-67.8333
1568	-68.3029
1569	-70.7153
1570	-72.7739
1571	-71.9455
1572	-71.6354
1573	-71.2413
1574	-70.6626
1575	-70.4288
1576	-71.0646
1577	-70.806
1578	-70.4616
1579	-69.2099
1580	-69.4405
1581	-67.9304
1582	-65.7831
1583	-61.7888
1584	-56.5761
1585	-53.5565
1586	-52.9185
1587	-54.2341
1588	-57.6972
1589	-61.7334
1590	-63.9136
1591	-59.4659
1592	-49.0504
1593	-46.2538
1594	-51.6268
1595	-61.3539
1596	-66.664
1597	-66.7657
1598	-66.0161
1599	-64.9607
1600	-65.2099
1601	-65.1308
1602	-66.4379
1603	-68.3899
1604	-69.9204
1605	-70.7336
1606	-71.1203
1607	-71.5044
1608	-71.8991
1609	-72.1615
1610	-71.5557
1611	-71.3585
1612	-71.2967
1613	-71.5675
1614	-71.7908
1615	-72.9258
1616	-71.6598
1617	-69.2233
1618	-63.7523
1619	-61.9189
1620	-68.4111
1621	-72.7736
1622	-72.1058
1623	-72.0593
1624	-70.6346
1625	-70.0408
1626	-69.7992
1627	-69.439
1628	-69.1095
1629	-69.6945
1630	-70.9421
1631	-71.1989
1632	-69.5763
1633	-67.9116
1634	-65.0245
1635	-62.6382
1636	-61.413
1637	-62.3026
1638	-65.2381
1639	-67.5988
1640	-69.0639
1641	-68.7978
1642	-64.8799
1643	-62.118
1644	-66.197
1645	-68.9443
1646	-68.4902
1647	-68.1903
1648	-67.7278
1649	-66.7869
1650	-66.5329
1651	-67.8581
1652	-68.3743
1653	-67.5021
1654	-67.2567
1655	-66.9247
1656	-66.1506
1657	-64.4495
1658	-65.5835
1659	-61.7891
1660	-58.4276
1661	-60.3849
1662	-64.0402
1663	-67.3871
1664	-67.3585
1665	-62.6729
1666	-57.6463
1667	-54.8432
1668	-57.6021
1669	-63.622
1670	-67.1812
1671	-69.1383
1672	-69.3283
1673	-68.7901
1674	-67.8589
1675	-67.6291
1676	-67.5389
1677	-67.6736
1678	-68.4963
1679	-69.933
1680	-72.0978
1681	-72.6115
1682	-72.3265
1683	-68.531
1684	-63.8122
1685	-64.4502
1686	-68.8443
1687	-71.3637
1688	-71.6919
1689	-71.9692
1690	-71.3288
1691	-70.4621
1692	-70.5606
1693	-71.4513
1694	-72.1871
1695	-72.1971
1696	-71.9387
1697	-70.7222
1698	-70.0614
1699	-69.8936
1700	-69.6466
1701	-68.5429
1702	-67.6151
1703	-66.9664
1704	-66.8704
1705	-65.6219
1706	-64.7524
1707	-61.6666
1708	-56.5719
1709	-50.7141
1710	-46.8377
1711	-49.0069
1712	-54.4039
1713	-59.7835
1714	-57.2322
1715	-50.8723
1716	-44.6639
1717	-41.7822
1718	-45.0989
1719	-50.8657
1720	-57.5588
1721	-61.9079
1722	-64.0129
1723	-64.8078
1724	-65.4709
1725	-66.0425
1726	-67.8383
1727	-68.4555
1728	-68.7104
1729	-68.9348
1730	-70.4167
1731	-70.475
1732	-71.041
1733	-71.7072
1734	-71.3262
1735	-70.7967
1736	-70.7721
1737	-71.1257
1738	-71.8753
1739	-72.9709
1740	-73.1778
1741	-73.0519
1742	-71.376
1743	-70.2834
1744	-72.4376
1745	-73.029
1746	-72.9136
1747	-72.3708
1748	-71.5872
1749	-70.3495
1750	-69.253
1751	-69.5033
1752	-69.083
1753	-69.168
1754	-68.7504
1755	-68.746
1756	-68.7398
1757	-66.9446
1758	-66.997
1759	-63.0688
1760	-60.2482
1761	-62.1161
1762	-66.1603
1763	-69.1762
1764	-67.6088
1765	-62.4659
1766	-57.9653
1767	-55.136
1768	-57.8098
1769	-63.4863
1770	-65.1337
1771	-67.0628
1772	-65.9822
1773	-62.3861
1774	-60.622
1775	-62.9456
1776	-64.449
1777	-63.248
1778	-62.5965
1779	-63.5713
1780	-66.566
1781	-67.1228
1782	-64.856
1783	-56.6602
1784	-50.7942
1785	-52.5238
1786	-61.8661
1787	-68.5456
1788	-68.9744
1789	-67.1436
1790	-64.6093
1791	-63.124
1792	-64.2054
1793	-65.9289
1794	-65.6856
1795	-65.9029
1796	-68.6925
1797	-70.2469
1798	-70.1542
1799	-69.5945
1800	-69.5857
1801	-69.9567
1802	-70.6812
1803	-70.7411
1804	-71.8246
1805	-72.0581
1806	-72.6692
1807	-72.6345
1808	-70.9299
1809	-70.9381
1810	-73.0273
1811	-73.3092
1812	-72.9866
1813	-72.2351
1814	-71.321
1815	-71.3704
1816	-70.8817
1817	-71.02
1818	-71.6349
1819	-70.7354
1820	-69.9157
1821	-69.3154
1822	-68.5786
1823	-66.4077
1824	-65.5053
1825	-64.8244
1826	-62.5146
1827	-61.7311
1828	-61.1038
1829	-61.4402
1830	-61.1647
1831	-57.3775
1832	-50.1733
1833	-38.2148
1834	-30.831
1835	-32.5013
1836	-43.6568
1837	-55.3538
1838	-59.0298
1839	-58.1985
1840	-54.6516
1841	-53.8022
1842	-55.0953
1843	-57.609
1844	-61.5761
1845	-64.1347
1846	-66.0351
1847	-67.6232
1848	-68.2935
1849	-68.9475
1850	-69.5626
1851	-70.6505
1852	-70.1938
1853	-69.8619
1854	-71.1829
1855	-71.813
1856	-72.6656
1857	-72.6762
1858	-71.4832
1859	-70.1071
1860	-68.7753
1861	-69.93
1862	-71.462
1863	-71.6167
1864	-70.7896
1865	-69.246
1866	-67.1007
1867	-66.2689
1868	-68.3655
1869	-70.4136
1870	-72.3786
1871	-72.1722
1872	-70.9803
1873	-67.432
1874	-65.0572
1875	-65.3766
1876	-66.3559
1877	-66.4417
1878	-66.5116
1879	-67.7639
1880	-68.65
1881	-68.7243
1882	-65.5653
1883	-56.5147
1884	-50.531
1885	-52.2769
1886	-61.9827
1887	-68.3886
1888	-67.1732
1889	-64.6897
1890	-62.4575
1891	-62.2437
1892	-62.5901
1893	-64.5879
1894	-63.4875
1895	-61.6983
1896	-66.1687
1897	-68.3853
1898	-67.387
1899	-67.7559
1900	-67.0871
1901	-66.7488
1902	-66.1437
1903	-66.4969
1904	-68.2324
1905	-69.3621
1906	-69.9368
1907	-69.0758
1908	-63.1945
1909	-64.14
1910	-69.86
1911	-69.5676
1912	-68.5825
1913	-67.2573
1914	-66.0213
1915	-64.8655
1916	-65.3617
1917	-66.1108
1918	-67.3517
1919	-69.3428
1920	-71.4317
1921	-72.5099
1922	-71.9504
1923	-70.8712
1924	-69.5803
1925	-69.857
1926	-69.403
1927	-70.1118
1928	-71.1735
1929	-71.9306
1930	-72.7646
1931	-69.991
1932	-64.3869
1933	-64.7337
1934	-68.2305
1935	-71.3562
1936	-73.2812
1937	-72.6741
1938	-72.0412
1939	-72.1474
1940	-71.6025
1941	-71.3725
1942	-72.3715
1943	-71.6256
1944	-71.7552
1945	-71.3383
1946	-71.2096
1947	-69.297
1948	-66.9921
1949	-64.1015
1950	-61.5427
1951	-61.1933
1952	-60.6961
1953	-62.5443
1954	-64.6711
1955	-66.9405
1956	-44.2878
1957	-22.2282
1958	-14.1218
1959	-15.4717
1960	-26.8458
1961	-55.987
1962	-65.3399
1963	-62.7001
1964	-60.3515
1965	-59.2834
1966	-59.4135
1967	-60.6517
1968	-64.2051
1969	-66.7078
1970	-69.224
1971	-71.181
1972	-71.1485
1973	-71.9564
1974	-71.872
1975	-71.8332
1976	-71.226
1977	-71.3954
1978	-71.9964
1979	-71.969
1980	-73.2557
1981	-73.21
1982	-70.7275
1983	-67.7013
1984	-64.6012
1985	-66.2892
1986	-71.3335
1987	-72.7676
1988	-72.0228
1989	-71.0697
1990	-70.2331
1991	-70.2102
1992	-69.9407
1993	-70.308
1994	-71.5865
1995	-72.3661
1996	-72.5198
1997	-71.3011
1998	-69.2065
1999	-67.6962
2000	-66.6744
2001	-66.1117
2002	-66.086
2003	-67.5866
2004	-68.2478
2005	-69.1564
2006	-70.197
2007	-70.6518
2008	-71.5426
2009	-71.5068
2010	-70.627
2011	-69.6941
2012	-68.5242
2013	-66.3333
2014	-64.9647
2015	-65.2227
2016	-65.2653
2017	-66.1864
2018	-66.2929
2019	-66.6507
2020	-67.4458
2021	-64.124
2022	-60.7384
2023	-63.6456
2024	-62.7125
2025	-61.3278
2026	-61.3067
2027	-62.0026
2028	-64.6805
2029	-67.4753
2030	-67.231
2031	-58.271
2032	-50.5057
2033	-51.2228
2034	-59.1072
2035	-67.3862
2036	-68.618
2037	-68.477
2038	-67.4672
2039	-66.5645
2040	-66.6796
2041	-66.3956
2042	-65.0234
2043	-65.3622
2044	-68.3347
2045	-71.2231
2046	-72.3093
2047	-71.5976
2048	-69.9589
2049	-68.1262
2050	-66.6947
2051	-67.9954
2052	-70.0283
2053	-71.643
2054	-71.9464
2055	-71.4422
2056	-70.4334
2057	-69.9933
2058	-71.1721
2059	-72.1388
2060	-73.0894
2061	-72.2341
2062	-71.4992
2063	-70.4299
2064	-69.6392
2065	-70.2242
2066	-70.3326
2067	-69.4174
2068	-68.6419
2069	-67.7351
2070	-66.4688
2071	-64.7463
2072	-62.4653
2073	-59.0028
2074	-55.242
2075	-52.7634
2076	-52.6231
2077	-54.2373
2078	-57.7495
2079	-58.2237
2080	-52.3651
2081	-38.5796
2082	-30.2525
2083	-31.3015
2084	-41.0597
2085	-52.8838
2086	-58.5444
2087	-61.2291
2088	-61.0655
2089	-61.1754
2090	-61.6813
2091	-63.3107
2092	-65.0998
2093	-65.3773
2094	-66.8914
2095	-68.7287
2096	-69.62
2097	-70.0002
2098	-70.9347
2099	-71.782
2100	-71.1855
2101	-71.2544
2102	-71.739
2103	-72.1398
2104	-72.8263
2105	-73.068
2106	-73.465
2107	-71.9699
2108	-69.8839
2109	-70.4813
2110	-72.987
2111	-72.3545
2112	-71.7457
2113	-71.3356
2114	-70.0295
2115	-70.3223
2116	-69.6031
2117	-69.4327
2118	-69.2696
2119	-70.091
2120	-69.5331
2121	-67.5681
2122	-64.9435
2123	-65.5417
2124	-64.0903
2125	-62.3538
2126	-62.1057
2127	-64.3043
2128	-66.6214
2129	-68.5293
2130	-67.1933
2131	-58.396
2132	-50.4598
2133	-51.2399
2134	-59.3223
2135	-65.506
2136	-66.5463
2137	-66.0135
2138	-63.2735
2139	-63.1833
2140	-63.7545
2141	-65.1908
2142	-61.9576
2143	-60.445
2144	-63.8231
2145	-67.6187
2146	-67.5027
2147	-65.8298
2148	-62.4236
2149	-57.4519
2150	-56.6738
2151	-60.0854
2152	-64.4017
2153	-69.1414
2154	-69.6272
2155	-67.4071
2156	-64.4209
2157	-63.6554
2158	-66.9808
2159	-68.1558
2160	-68.0432
2161	-69.417
2162	-68.7955
2163	-69.122
2164	-69.1541
2165	-69.5651
2166	-69.8247
2167	-69.8377
2168	-70.8437
2169	-72.3157
2170	-72.434
2171	-73.0502
2172	-72.5374
2173	-70.9763
2174	-68.7323
2175	-71.2458
2176	-72.9443
2177	-72.573
2178	-72.6352
2179	-71.4017
2180	-70.6104
2181	-70.385
2182	-70.4998
2183	-71.5262
2184	-71.7315
2185	-71.0612
2186	-70.7099
2187	-70.1565
2188	-69.2405
2189	-68.6254
2190	-68.9009
2191	-67.9146
2192	-66.1171
2193	-65.6988
2194	-65.1964
2195	-64.3284
2196	-61.6066
2197	-56.4908
2198	-49.8076
2199	-44.5601
2200	-43.1367
2201	-47.3631
2202	-54.1001
2203	-60.1004
2204	-60.8058
2205	-55.1764
2206	-50.4629
2207	-50.3317
2208	-55.3411
2209	-60.4209
2210	-64.5632
2211	-66.3837
2212	-66.7826
2213	-67.8477
2214	-67.1276
2215	-68.0578
2216	-68.9526
2217	-69.9846
2218	-69.8371
2219	-70.5899
2220	-70.9463
2221	-71.9823
2222	-72.3653
2223	-72.2663
2224	-70.926
2225	-70.397
2226	-70.2791
2227	-70.9533
2228	-72.2425
2229	-71.6268
2230	-70.6111
2231	-67.6819
2232	-63.2347
2233	-64.3682
2234	-70.3868
2235	-72.8927
2236	-72.6318
2237	-72.3275
2238	-69.5174
2239	-69.3115
2240	-67.6876
2241	-67.9705
2242	-67.4897
2243	-68.2814
2244	-69.2075
2245	-69.6746
2246	-69.3475
2247	-66.8649
2248	-62.4899
2249	-57.2132
2250	-56.0338
2251	-59.8319
2252	-64.7971
2253	-68.5478
2254	-67.3396
2255	-64.9602
2256	-61.7187
2257	-61.1561
2258	-65.0052
2259	-66.155
2260	-65.5828
2261	-67.4902
2262	-67.5781
2263	-67.2946
2264	-67.0007
2265	-69.4488
2266	-68.1043
2267	-67.4119
2268	-67.3023
2269	-68.4584
2270	-68.0612
2271	-67.8993
2272	-67.1842
2273	-60.1424
2274	-57.6529
2275	-62.4266
2276	-67.8346
2277	-68.0053
2278	-66.4073
2279	-63.4296
2280	-60.7219
2281	-60.5048
2282	-62.4134
2283	-65.3071
2284	-67.9154
2285	-69.3676
2286	-71.4363
2287	-70.6896
2288	-69.1534
2289	-69.2899
2290	-69.1139
2291	-69.8488
2292	-69.6449
2293	-70.7805
2294	-72.058
2295	-72.4752
2296	-72.5931
2297	-65.6229
2298	-61.5183
2299	-65.6588
2300	-70.1654
2301	-71.9145
2302	-73.2114
2303	-71.8572
2304	-71.8687
2305	-71.703
2306	-71.3938
2307	-72.0685
2308	-71.8655
2309	-71.8226
2310	-71.5804
2311	-70.7933
2312	-70.7128
2313	-70.081
2314	-68.0857
2315	-66.4835
2316	-65.5868
2317	-65.6402
2318	-65.4771
2319	-66.1548
2320	-65.8207
2321	-62.6915
2322	-54.3717
2323	-43.0564
2324	-39.6372
2325	-45.0555
2326	-57.4188
2327	-62.1662
2328	-59.1049
2329	-55.1311
2330	-52.1229
2331	-51.2422
2332	-52.8914
2333	-56.7897
2334	-61.9105
2335	-65.6598
2336	-67.5173
2337	-68.5539
2338	-69.0427
2339	-70.3834
2340	-70.8725
2341	-70.8314
2342	-70.1095
2343	-70.6742
2344	-71.723
2345	-71.379
2346	-72.1185
2347	-72.9469
2348	-70.1816
2349	-68.7529
2350	-68.5194
2351	-70.3119
2352	-72.1096
2353	-72.4358
2354	-72.4709
2355	-71.58
2356	-70.2046
2357	-70.2487
2358	-70.9983
2359	-72.5969
2360	-73.1187
2361	-73.0549
2362	-71.5407
2363	-69.9424
2364	-68.7971
2365	-68.8758
2366	-68.7513
2367	-68.0949
2368	-68.8835
2369	-69.47
2370	-69.3735
2371	-69.3548
2372	-68.8992
2373	-63.2096
2374	-60.9762
2375	-64.9377
2376	-69.4252
2377	-68.5591
2378	-66.1124
2379	-62.921
2380	-61.465
2381	-61.1257
2382	-62.1762
2383	-64.6449
2384	-65.2401
2385	-67.1072
2386	-66.8326
2387	-59.8674
2388	-59.6905
2389	-63.7293
2390	-63.2115
2391	-63.1617
2392	-62.2593
2393	-63.4681
2394	-66.1164
2395	-67.4148
2396	-65.1628
2397	-51.7002
2398	-47.7011
2399	-52.8216
2400	-67.5455
2401	-68.7443
2402	-68.267
2403	-66.6257
2404	-65.2135
2405	-65.3403
2406	-65.4195
2407	-65.7264
2408	-63.7446
2409	-65.511
2410	-70.3712
2411	-71.3318
2412	-70.8568
2413	-69.6031
2414	-69.5406
2415	-70.0869
2416	-69.1019
2417	-70.3397
2418	-71.2814
2419	-71.6148
2420	-72.2648
2421	-71.5559
2422	-70.2496
2423	-71.0655
2424	-72.3712
2425	-73.2034
2426	-72.3863
2427	-71.8883
2428	-71.592
2429	-70.4437
2430	-70.3542
2431	-70.9735
2432	-70.9684
2433	-69.4445
2434	-68.8252
2435	-67.9009
2436	-66.7431
2437	-63.8258
2438	-62.6662
2439	-59.9002
2440	-57.8818
2441	-56.8824
2442	-57.04
2443	-58.4858
2444	-59.1448
2445	-55.6378
2446	-14.4188
2447	0.687299
2448	4.73287
2449	-0.458899
2450	-17.315
2451	-56.6934
2452	-59.5228
2453	-59.0765
2454	-57.587
2455	-57.7375
2456	-58.7906
2457	-60.8711
2458	-63.3643
2459	-64.5592
2460	-67.4146
2461	-68.2538
2462	-69.1602
2463	-69.6866
2464	-70.814
2465	-71.1226
2466	-70.4189
2467	-70.6894
2468	-71.9797
2469	-72.4481
2470	-72.4623
2471	-73.361
2472	-71.6365
2473	-69.4618
2474	-68.4667
2475	-70.8138
2476	-71.9247
2477	-71.5327
2478	-71.0842
2479	-69.6968
2480	-68.4189
2481	-69.5093
2482	-68.9396
2483	-69.579
2484	-71.106
2485	-71.4716
2486	-69.8857
2487	-64.838
2488	-63.7217
2489	-65.1655
2490	-64.9119
2491	-64.4561
2492	-64.4708
2493	-66.0769
2494	-67.8249
2495	-68.4581
2496	-65.42
2497	-51.5112
2498	-47.5418
2499	-52.7023
2500	-66.9397
2501	-67.609
2502	-66.2131
2503	-63.9178
2504	-62.9645
2505	-63.7688
2506	-64.0075
2507	-63.8521
2508	-59.6067
2509	-60.6898
2510	-68.1618
2511	-68.2247
2512	-66.7943
2513	-65.9854
2514	-63.5647
2515	-62.8824
2516	-62.8543
2517	-64.492
2518	-67.6168
2519	-69.1268
2520	-70.5438
2521	-71.8094
2522	-71.3962
2523	-71.4616
2524	-70.431
2525	-69.7081
2526	-69.64
2527	-68.8252
2528	-67.9956
2529	-67.4699
2530	-68.0917
2531	-68.3766
2532	-69.1298
2533	-70.5993
2534	-71.6638
2535	-73.3926
2536	-73.2193
2537	-71.9425
2538	-70.1967
2539	-68.9346
2540	-69.0285
2541	-70.8395
2542	-71.9423
2543	-72.0823
2544	-71.7563
2545	-69.8521
2546	-67.7327
2547	-68.1806
2548	-69.964
2549	-73.2212
2550	-72.3091
2551	-71.6643
2552	-71.7858
2553	-71.1334
2554	-70.7772
2555	-71.2172
2556	-71.0484
2557	-70.6421
2558	-69.6961
2559	-69.5284
2560	-68.5523
2561	-66.6562
2562	-62.914
2563	-57.6547
2564	-54.2754
2565	-53.2245
2566	-54.3759
2567	-57.4061
2568	-61.4354
2569	-64.5965
2570	-63.2934
2571	-53.6497
2572	-49.2907
2573	-53.0409
2574	-61.4938
2575	-66.7786
2576	-67.4272
2577	-66.0008
2578	-65.0935
2579	-65.1512
2580	-64.7103
2581	-66.2694
2582	-68.0077
2583	-69.5839
2584	-70.5341
2585	-71.0835
2586	-71.722
2587	-71.9185
2588	-72.2569
2589	-71.6959
2590	-71.4168
2591	-71.4231
2592	-71.5402
2593	-71.9015
2594	-73.1909
2595	-71.9701
2596	-69.7542
2597	-64.9345
2598	-61.7652
2599	-66.8569
2600	-73.044
2601	-72.7804
2602	-72.1918
2603	-71.1979
2604	-70.208
2605	-70.265
2606	-69.4645
2607	-69.3646
2608	-69.5361
2609	-71.0413
2610	-71.6712
2611	-70.1438
2612	-68.3813
2613	-65.8105
2614	-63.2615
2615	-61.7841
2616	-62.296
2617	-64.9997
2618	-67.8082
2619	-68.7359
2620	-69.459
2621	-67.3147
2622	-63.9083
2623	-66.604
2624	-69.0481
2625	-68.8358
2626	-68.6104
2627	-67.9054
2628	-66.6198
2629	-66.3502
2630	-67.244
2631	-68.2151
2632	-67.7406
2633	-67.0989
2634	-66.9475
2635	-66.1946
2636	-64.435
2637	-65.1437
2638	-62.2704
2639	-58.2214
2640	-59.4576
2641	-63.0687
2642	-66.4066
2643	-67.9896
2644	-63.4987
2645	-58.4648
2646	-54.8784
2647	-56.8084
2648	-62.5997
2649	-66.6905
2650	-68.7316
2651	-69.5844
2652	-68.9452
2653	-68.3062
2654	-67.5288
2655	-67.5277
2656	-67.4827
2657	-68.4093
2658	-69.3808
2659	-72.0242
2660	-72.4483
2661	-72.8582
2662	-69.7367
2663	-64.2501
2664	-63.9417
2665	-68.4998
2666	-71.437
2667	-71.9446
2668	-72.159
2669	-71.5463
2670	-70.6553
2671	-70.9126
2672	-71.4514
2673	-72.1195
2674	-72.5723
2675	-71.9114
2676	-70.8664
2677	-70.0745
2678	-69.7106
2679	-69.7786
2680	-68.7205
2681	-67.7678
2682	-66.6844
2683	-67.008
2684	-65.5762
2685	-64.9635
2686	-61.8478
2687	-57.0454
2688	-51.2509
2689	-46.6189
2690	-47.6456
2691	-52.684
2692	-58.7107
2693	-58.3933
2694	-52.038
2695	-45.2929
2696	-41.5173
2697	-43.8267
2698	-49.5836
2699	-56.4398
2700	-61.0565
2701	-63.6402
2702	-64.6547
2703	-65.3318
2704	-65.7686
2705	-67.5672
2706	-68.511
2707	-68.2724
2708	-68.7775
2709	-69.9884
2710	-70.3759
2711	-70.8107
2712	-71.3859
2713	-71.6177
2714	-70.9017
2715	-70.9367
2716	-71.1299
2717	-71.8723
2718	-73.2227
2719	-73.3548
2720	-73.4875
2721	-71.9299
2722	-70.3078
2723	-72.2626
2724	-72.9957
2725	-72.7957
2726	-72.2904
2727	-71.8885
2728	-70.3235
2729	-69.1432
2730	-69.4185
2731	-69.1913
2732	-69.1195
2733	-68.7465
2734	-68.5343
2735	-68.6262
2736	-66.8998
2737	-66.9385
2738	-63.5364
2739	-59.8403
2740	-61.0238
2741	-65.0953
2742	-68.436
2743	-68.3465
2744	-63.1984
2745	-58.4707
2746	-55.0428
2747	-56.6965
2748	-62.4357
2749	-64.6637
2750	-66.5918
2751	-66.6996
2752	-62.9625
2753	-60.7114
2754	-62.2661
2755	-64.6466
2756	-63.3353
2757	-62.8269
2758	-63.1263
2759	-66.4712
2760	-67.322
2761	-65.5157
2762	-58.5877
2763	-51.6107
2764	-51.8003
2765	-60.3514
2766	-67.9643
2767	-69.4065
2768	-67.8373
2769	-65.8223
2770	-63.6834
2771	-64.3422
2772	-65.8465
2773	-66.1591
2774	-65.8855
2775	-68.3624
2776	-70.0494
2777	-70.2322
2778	-69.6383
2779	-69.8023
2780	-69.9009
2781	-70.7295
2782	-70.8027
2783	-71.7924
2784	-72.0894
2785	-72.5489
2786	-72.9117
2787	-70.9691
2788	-70.766
2789	-72.7262
2790	-73.5178
2791	-73.1729
2792	-72.6
2793	-71.6616
2794	-71.2386
2795	-70.8829
2796	-70.9379
2797	-71.8608
2798	-70.8743
2799	-69.9452
2800	-69.7888
2801	-68.9037
2802	-66.752
2803	-65.6246
2804	-64.9293
2805	-62.9066
2806	-61.6936
2807	-61.1877
2808	-61.33
2809	-61.473
2810	-58.3176
2811	-52.073
2812	-40.4411
2813	-31.8223
2814	-31.8305
2815	-41.4099
2816	-54.1512
2817	-59.234
2818	-59.0268
2819	-55.5274
2820	-54.4045
2821	-54.9837
2822	-57.5005
2823	-61.0537
2824	-64.1075
2825	-66.0988
2826	-67.6758
2827	-68.3683
2828	-68.9239
2829	-69.616
2830	-70.3147
2831	-70.5205
2832	-69.9407
2833	-70.915
2834	-71.8574
2835	-72.2795
2836	-72.9321
2837	-71.9177
2838	-70.0676
2839	-68.7375
2840	-69.3811
2841	-71.0301
2842	-71.4365
2843	-70.9837
2844	-69.5746
2845	-67.5455
2846	-66.1643
2847	-68.0168
2848	-70.0965
2849	-71.9108
2850	-72.3852
2851	-71.5519
2852	-68.095
2853	-65.5158
2854	-65.4047
2855	-66.2117
2856	-66.4117
2857	-66.473
2858	-67.4045
2859	-68.4878
2860	-69.0246
2861	-66.4523
2862	-58.1363
2863	-51.2473
2864	-51.4958
2865	-60.026
2866	-68.2715
2867	-67.9871
2868	-65.378
2869	-63.0046
2870	-62.4987
2871	-63.0216
2872	-64.2821
2873	-64.3892
2874	-61.7037
2875	-65.4083
2876	-68.437
2877	-67.6766
2878	-67.8967
2879	-67.7495
2880	-66.9474
2881	-66.5996
2882	-66.503
2883	-68.1342
2884	-69.2851
2885	-70.0155
2886	-69.4298
2887	-61.8425
2888	-61.3874
2889	-68.3942
2890	-69.563
2891	-68.5987
2892	-67.2539
2893	-66.069
2894	-64.6034
2895	-65.0482
2896	-65.849
2897	-66.8443
2898	-68.7735
2899	-70.9632
2900	-72.5043
2901	-72.1457
2902	-71.0702
2903	-69.8322
2904	-69.5429
2905	-69.7024
2906	-69.7096
2907	-70.6897
2908	-71.867
2909	-72.6266
2910	-70.8052
2911	-64.9018
2912	-64.2759
2913	-67.613
2914	-70.8312
2915	-73.2033
2916	-72.8156
2917	-72.0644
2918	-72.3096
2919	-71.5462
2920	-71.4796
2921	-72.3273
2922	-71.407
2923	-72.148
2924	-71.4423
2925	-71.3337
2926	-69.9292
2927	-67.7661
2928	-65.0949
2929	-62.0343
2930	-61.4171
2931	-61.2373
2932	-62.4462
2933	-64.5468
2934	-66.5581
2935	-50.9862
2936	-24.8424
2937	-14.8414
2938	-14.5895
2939	-23.9755
2940	-48.6459
2941	-65.2547
2942	-62.827
2943	-60.3805
2944	-58.7516
2945	-59.1411
2946	-60.1285
2947	-63.0675
2948	-66.1955
2949	-68.6008
2950	-70.9782
2951	-70.9742
2952	-71.8522
2953	-71.6949
2954	-71.967
2955	-71.2085
2956	-71.3875
2957	-72.0395
2958	-72.0179
2959	-72.8774
2960	-73.2467
2961	-71.474
2962	-68.1481
2963	-65.1733
2964	-65.7032
2965	-70.7048
2966	-73.0813
2967	-72.2155
2968	-71.5397
2969	-70.5288
2970	-70.2779
2971	-70.1562
2972	-70.1276
2973	-71.5196
2974	-72.2803
2975	-72.46
2976	-71.6479
2977	-69.4852
2978	-68.1738
2979	-67.036
2980	-66.5576
2981	-66.355
2982	-67.7498
2983	-68.2939
2984	-69.1102
2985	-70.1613
2986	-70.6564
2987	-69.3701
2988	-69.856
2989	-70.4393
2990	-69.5686
2991	-68.6574
2992	-66.4606
2993	-64.8283
2994	-64.8597
2995	-65.1249
2996	-65.6393
2997	-65.9666
2998	-66.0469
2999	-67.2974
3000	-65.0638
3001	-60.6457
3002	-63.1365
3003	-63.1764
3004	-61.2436
3005	-61.0504
3006	-61.3262
3007	-63.9542
3008	-67.0421
3009	-68.1611
3010	-60.3535
3011	-51.1759
3012	-50.4508
3013	-57.4866
3014	-66.4123
3015	-68.7286
3016	-68.417
3017	-67.9953
3018	-66.4788
3019	-66.7974
3020	-66.6228
3021	-65.3734
3022	-65.0546
3023	-67.6743
3024	-70.9673
3025	-72.0922
3026	-71.955
3027	-70.2628
3028	-68.7466
3029	-66.9544
3030	-67.8204
3031	-70.0551
3032	-71.4238
3033	-71.6086
3034	-72.0205
3035	-70.846
3036	-69.9711
3037	-70.9197
3038	-72.3837
3039	-72.8352
3040	-72.3107
3041	-71.5751
3042	-70.8947
3043	-69.5758
3044	-70.2137
3045	-70.4811
3046	-69.5031
3047	-68.4173
3048	-67.9242
3049	-66.6089
3050	-65.0826
3051	-62.58
3052	-59.7896
3053	-55.5582
3054	-52.9277
3055	-52.4155
3056	-53.4029
3057	-57.2411
3058	-58.1321
3059	-53.8447
3060	-40.9841
3061	-30.8047
3062	-30.1688
3063	-38.7916
3064	-51.0847
3065	-57.7599
3066	-61.1598
3067	-61.3114
3068	-61.0052
3069	-61.6717
3070	-62.8543
3071	-64.959
3072	-65.2559
3073	-66.5915
3074	-68.8428
3075	-69.2501
3076	-69.8458
3077	-70.6832
3078	-71.8873
3079	-71.2972
3080	-71.2622
3081	-71.8069
3082	-72.1385
3083	-72.6951
3084	-73.3017
3085	-73.557
3086	-72.5446
3087	-69.8313
3088	-69.8223
3089	-72.6739
3090	-72.3948
3091	-71.961
3092	-71.3983
3093	-69.9163
3094	-70.1887
3095	-69.4281
3096	-69.402
3097	-69.2581
3098	-69.8332
3099	-69.7953
3100	-67.9352
3101	-65.1237
3102	-65.2552
3103	-64.4484
3104	-62.5035
3105	-61.5295
3106	-63.2807
3107	-66.0808
3108	-68.1621
3109	-67.857
3110	-60.2891
3111	-51.0852
3112	-50.3937
3113	-57.3882
3114	-65.0568
3115	-66.4746
3116	-66.4747
3117	-63.8137
3118	-63.1215
3119	-63.5599
3120	-65.0825
3121	-62.3849
3122	-60.3022
3123	-63.1989
3124	-67.3436
3125	-67.928
3126	-66.3488
3127	-63.6131
3128	-58.5228
3129	-56.8824
3130	-59.7402
3131	-63.7843
3132	-68.6784
3133	-69.9548
3134	-68.4987
3135	-65.6651
3136	-64.6576
3137	-67.091
3138	-68.7611
3139	-68.0985
3140	-69.289
3141	-68.8661
3142	-69.0113
3143	-69.1121
3144	-69.2675
3145	-69.8787
3146	-69.8786
3147	-70.8411
3148	-72.1443
3149	-72.5989
3150	-73.1047
3151	-72.6331
3152	-71.149
3153	-68.4402
3154	-70.4159
3155	-72.766
3156	-72.5094
3157	-72.6208
3158	-71.5206
3159	-70.4692
3160	-70.6652
3161	-70.1841
3162	-71.2587
3163	-71.9377
3164	-71.2084
3165	-70.9277
3166	-70.4294
3167	-69.4289
3168	-68.6885
3169	-69.1221
3170	-68.2381
3171	-66.2895
3172	-65.8247
3173	-65.4602
3174	-64.8462
3175	-62.4138
3176	-57.8839
3177	-51.1975
3178	-45.8016
3179	-43.5327
3180	-46.8646
3181	-53.2568
3182	-59.1936
3183	-61.6084
3184	-57.2562
3185	-52.2383
3186	-50.8822
3187	-55.2576
3188	-60.2718
3189	-64.4672
3190	-66.8175
3191	-66.7965
3192	-67.8644
3193	-67.3415
3194	-67.9769
3195	-68.7716
3196	-69.7411
3197	-69.9618
3198	-70.6551
3199	-70.9093
3200	-71.8185
3201	-72.3567
3202	-72.4753
3203	-71.0865
3204	-70.1962
3205	-70.1806
3206	-71.0299
3207	-72.0779
3208	-71.7696
3209	-70.9647
3210	-68.3319
3211	-63.7459
3212	-63.6422
3213	-69.4638
3214	-72.8654
3215	-72.8236
3216	-72.5698
3217	-69.9741
3218	-69.4152
3219	-68.0427
3220	-67.7299
3221	-67.6424
3222	-68.2117
3223	-69.3469
3224	-69.5604
3225	-69.4503
3226	-67.6359
3227	-63.5588
3228	-58.0233
3229	-56.0932
3230	-59.2598
3231	-64.1441
3232	-68.4848
3233	-68.1143
3234	-65.7262
3235	-63.0615
3236	-61.587
3237	-64.8727
3238	-66.9202
3239	-65.6894
3240	-67.3456
3241	-67.7544
3242	-67.5039
3243	-66.5773
3244	-68.747
3245	-68.816
3246	-67.4239
3247	-67.2038
3248	-68.5217
3249	-68.075
3250	-67.7191
3251	-67.6296
3252	-60.5427
3253	-56.8223
3254	-60.3471
3255	-66.8434
3256	-67.9472
3257	-66.6912
3258	-63.8671
3259	-60.7889
3260	-60.0949
3261	-61.9341
3262	-64.8155
3263	-67.3869
3264	-69.0029
3265	-70.9005
3266	-70.8386
3267	-69.2434
3268	-68.8161
3269	-68.9504
3270	-69.5794
3271	-69.5614
3272	-70.3784
3273	-71.8539
3274	-72.3278
3275	-72.8689
3276	-67.1942
3277	-61.6198
3278	-64.3884
3279	-69.9591
3280	-71.8491
3281	-72.9233
3282	-71.9634
3283	-71.9594
3284	-71.7338
3285	-71.59
3286	-72.0287
3287	-71.7897
3288	-71.8708
3289	-71.7284
3290	-71.0387
3291	-70.4484
3292	-69.9881
3293	-68.449
3294	-66.8158
3295	-65.6321
3296	-65.8425
3297	-65.2623
3298	-66.0049
3299	-65.6424
3300	-62.9927
3301	-55.4929
3302	-43.5632
3303	-38.6367
3304	-42.3987
3305	-54.254
3306	-61.5732
3307	-59.5971
3308	-55.4009
3309	-52.1012
3310	-50.8421
3311	-52.1409
3312	-55.6558
3313	-61.1651
3314	-64.7705
3315	-67.0928
3316	-68.5027
3317	-68.5172
3318	-69.9011
3319	-71.0123
3320	-70.7174
3321	-70.141
3322	-70.2031
3323	-71.5716
3324	-71.342
3325	-71.7187
3326	-72.8368
3327	-70.9204
3328	-69.2171
3329	-68.536
3330	-69.9829
3331	-71.8519
3332	-72.3673
3333	-72.5882
3334	-72.085
3335	-70.3591
3336	-70.316
3337	-71.0279
3338	-72.1398
3339	-73.1906
3340	-73.1179
3341	-71.8109
3342	-70.0664
3343	-68.959
3344	-68.6133
3345	-68.7742
3346	-68.251
3347	-68.6052
3348	-69.5703
3349	-69.2868
3350	-69.2377
3351	-68.9525
3352	-63.051
3353	-59.7059
3354	-62.9158
3355	-68.6524
3356	-68.5667
3357	-66.4461
3358	-63.107
3359	-61.2954
3360	-60.592
3361	-61.8044
3362	-64.1585
3363	-64.6874
3364	-66.5402
3365	-67.588
3366	-60.7964
3367	-59.1567
3368	-63.0874
3369	-63.2276
3370	-63.278
3371	-62.1899
3372	-62.8643
3373	-65.7577
3374	-67.3678
3375	-67.0402
3376	-53.4997
3377	-47.8359
3378	-51.3278
3379	-64.7805
3380	-69.0029
3381	-68.3834
3382	-67.3431
3383	-65.6897
3384	-65.4685
3385	-65.4754
3386	-65.9618
3387	-63.9813
3388	-64.8774
3389	-69.7436
3390	-71.2234
3391	-71.0958
3392	-69.8799
3393	-69.6179
3394	-70.2116
3395	-69.1263
3396	-69.9164
3397	-71.6497
3398	-71.6312
3399	-72.2238
3400	-71.8164
3401	-71.1055
3402	-71.0446
3403	-72.398
3404	-72.651
3405	-72.9317
3406	-71.6698
3407	-71.759
3408	-70.6759
3409	-70.0688
3410	-71.1246
3411	-71.0244
3412	-69.7015
3413	-68.5675
3414	-68.4134
3415	-67.1657
3416	-63.9932
3417	-62.7788
3418	-60.2816
3419	-57.9872
3420	-57.1938
3421	-56.8299
3422	-58.455
3423	-58.6665
3424	-56.2811
3425	-21.7858
3426	-4.02503
3427	1.70423
3428	-1.82203
3429	-16.1526
3430	-54.5702
3431	-59.0596
3432	-59.3471
3433	-58.0924
3434	-57.7395
3435	-58.7034
3436	-60.4859
3437	-63.115
3438	-64.303
3439	-67.5673
3440	-68.2187
3441	-68.9063
3442	-69.5066
3443	-70.6063
3444	-71.0358
3445	-70.4236
3446	-70.5593
3447	-71.359
3448	-72.3605
3449	-73.1087
3450	-72.8466
3451	-72.0982
3452	-69.468
3453	-68.1858
3454	-69.8021
3455	-71.7561
3456	-71.244
3457	-70.7796
3458	-69.5414
3459	-68.2888
3460	-69.2375
3461	-69.2591
3462	-69.0628
3463	-70.6402
3464	-71.2999
3465	-70.3381
3466	-65.7059
3467	-63.3747
3468	-65.1354
3469	-64.5945
3470	-64.6079
3471	-64.1312
3472	-65.6367
3473	-67.3333
3474	-68.5659
3475	-67.2915
3476	-53.238
3477	-47.6103
3478	-51.1263
3479	-64.3927
3480	-68.0311
3481	-66.8196
3482	-64.7487
3483	-63.1099
3484	-63.7573
3485	-64.1653
3486	-64.5192
3487	-60.4083
3488	-60.0413
3489	-66.9962
3490	-68.7819
3491	-67.1834
3492	-66.4367
3493	-64.2214
3494	-63.2998
3495	-63.3667
3496	-64.6172
3497	-67.272
3498	-69.1313
3499	-70.5971
3500	-72.0704
3501	-71.9569
3502	-72.0189
3503	-70.9718
3504	-69.9522
3505	-69.5791
3506	-68.8624
3507	-67.8391
3508	-67.5364
3509	-67.8743
3510	-68.3754
3511	-68.649
3512	-70.5719
3513	-71.3073
3514	-72.8217
3515	-73.6688
3516	-72.2905
3517	-70.208
3518	-69.0037
3519	-68.6952
3520	-70.3614
3521	-71.6787
3522	-72.0671
3523	-71.9691
3524	-70.1402
3525	-67.9075
3526	-67.8818
3527	-69.4149
3528	-72.6229
3529	-72.7164
3530	-71.6619
3531	-71.8505
3532	-71.4731
3533	-70.8075
3534	-71.1982
3535	-71.1605
3536	-70.783
3537	-69.9571
3538	-69.5119
3539	-69.1887
3540	-67.2773
3541	-63.7442
3542	-58.9681
3543	-55.2266
3544	-53.8528
3545	-54.5727
3546	-57.5246
3547	-61.223
3548	-64.4807
3549	-65.5219
3550	-59.992
3551	-54.888
3552	-56.7329
3553	-62.9232
3554	-66.9556
3555	-67.7307
3556	-65.974
3557	-64.9836
3558	-64.8797
3559	-64.3365
3560	-65.8665
3561	-67.6356
3562	-69.1704
3563	-70.199
3564	-71.0334
3565	-71.8325
3566	-71.7585
3567	-72.138
3568	-72.2208
3569	-71.2326
3570	-71.4483
3571	-71.5259
3572	-72.0374
3573	-73.1548
3574	-72.5078
3575	-70.1795
3576	-66.2813
3577	-61.8197
3578	-65.4546
3579	-72.8582
3580	-72.7425
3581	-72.251
3582	-71.5677
3583	-70.2812
3584	-70.4558
3585	-69.6162
3586	-69.5519
3587	-69.5099
3588	-70.8596
3589	-71.7702
3590	-70.3236
3591	-68.7601
3592	-66.3991
3593	-64.0851
3594	-62.3329
3595	-62.4976
3596	-64.6076
3597	-67.7006
3598	-68.7912
3599	-69.6603
3600	-69.4117
3601	-66.3933
3602	-67.6276
3603	-69.3429
3604	-68.9429
3605	-68.8271
3606	-68.0757
3607	-66.2989
3608	-66.4062
3609	-66.5782
3610	-67.8546
3611	-67.6658
3612	-67.0425
3613	-66.7641
3614	-66.1801
3615	-64.5574
3616	-64.6589
3617	-62.8323
3618	-58.3247
3619	-58.5376
3620	-62.1388
3621	-65.553
3622	-68.1544
3623	-64.1778
3624	-59.0975
3625	-55.0453
3626	-55.9167
3627	-61.6873
3628	-65.9911
3629	-68.373
3630	-69.6918
3631	-69.095
3632	-68.3242
3633	-67.476
3634	-67.7071
3635	-67.3713
3636	-68.339
3637	-69.0846
3638	-71.5954
3639	-72.1524
3640	-73.1562
3641	-70.7929
3642	-65.0674
3643	-63.7004
3644	-67.6944
3645	-70.9615
3646	-72.0535
3647	-72.3472
3648	-71.6967
3649	-70.9521
3650	-71.0304
3651	-71.4667
3652	-72.0204
3653	-72.4249
3654	-72.0118
3655	-71.0037
3656	-70.201
3657	-69.5279
3658	-69.9879
3659	-69.0212
3660	-67.9771
3661	-66.7024
3662	-67.1769
3663	-65.6327
3664	-64.8627
3665	-62.1623
3666	-57.5393
3667	-51.7797
3668	-46.7173
3669	-46.4577
3670	-51.0342
3671	-57.5688
3672	-59.3946
3673	-53.1916
3674	-45.9858
3675	-41.4259
3676	-42.6864
3677	-48.3491
3678	-55.0992
3679	-60.3159
3680	-63.2636
3681	-64.5414
3682	-65.1316
3683	-65.5536
3684	-67.282
3685	-68.4027
3686	-68.2176
3687	-68.5191
3688	-69.7644
3689	-70.2969
3690	-70.544
3691	-71.344
3692	-71.8614
3693	-70.9699
3694	-70.9811
3695	-70.9681
3696	-71.7193
3697	-72.9138
3698	-73.3424
3699	-73.8034
3700	-72.293
3701	-70.389
3702	-71.8929
3703	-73.0234
3704	-72.8053
3705	-72.3952
3706	-72.0835
3707	-70.2604
3708	-69.2986
3709	-69.0643
3710	-69.3932
3711	-69.0728
3712	-68.6792
3713	-68.5035
3714	-68.725
3715	-67.1623
3716	-66.6656
3717	-64.0485
3718	-59.6281
3719	-60.1284
3720	-63.8467
3721	-67.567
3722	-68.9818
3723	-63.9032
3724	-59.0952
3725	-55.1222
3726	-55.8344
3727	-61.0518
3728	-64.427
3729	-66.0293
3730	-66.9581
3731	-63.3117
3732	-61.1268
3733	-61.8845
3734	-65.124
3735	-63.2312
3736	-63.0449
3737	-62.7166
3738	-65.8946
3739	-67.3532
3740	-66.0701
3741	-60.2885
3742	-52.5655
3743	-51.3884
3744	-58.675
3745	-67.0715
3746	-69.3539
3747	-68.4234
3748	-66.7713
3749	-64.4478
3750	-64.5366
3751	-65.9487
3752	-66.8173
3753	-65.8643
3754	-68.1624
3755	-69.6881
3756	-70.503
3757	-69.6025
3758	-69.8591
3759	-70.0593
3760	-70.6723
3761	-70.9253
3762	-71.5497
3763	-72.2242
3764	-72.5044
3765	-73.0202
3766	-71.2483
3767	-70.6175
3768	-72.2903
3769	-73.4376
3770	-73.212
3771	-72.6793
3772	-71.7387
3773	-71.3782
3774	-70.9401
3775	-70.8672
3776	-71.6019
3777	-71.0188
3778	-70.1612
3779	-69.8198
3780	-69.0563
3781	-67.1386
3782	-65.6887
3783	-65.0782
3784	-63.5458
3785	-61.8696
3786	-61.5184
3787	-61.4011
3788	-61.7974
3789	-59.3616
3790	-53.8396
3791	-43.0344
3792	-33.1254
3793	-31.5017
3794	-39.2503
3795	-52.5866
3796	-59.2681
3797	-59.6596
3798	-56.6425
3799	-54.9331
3800	-55.0534
3801	-57.4591
3802	-60.7857
3803	-64.2793
3804	-66.2503
3805	-67.4721
3806	-68.5767
3807	-68.8305
3808	-69.6143
3809	-70.0831
3810	-70.5185
3811	-70.0719
3812	-70.6408
3813	-71.661
3814	-72.1539
3815	-72.99
3816	-71.9552
3817	-70.1907
3818	-68.626
3819	-68.9836
3820	-70.6097
3821	-71.5298
3822	-71.3276
3823	-69.875
3824	-68.0513
3825	-66.1078
3826	-67.3852
3827	-69.7616
3828	-71.6543
3829	-72.8652
3830	-71.7928
3831	-68.8439
3832	-66.0154
3833	-65.2006
3834	-66.3717
3835	-66.3336
3836	-66.385
3837	-66.9762
3838	-68.2249
3839	-69.2079
3840	-67.3166
3841	-59.9825
3842	-52.156
3843	-51.0599
3844	-58.1955
3845	-67.0579
3846	-68.4732
3847	-66.2081
3848	-63.7326
3849	-62.7549
3850	-63.3025
3851	-64.2166
3852	-64.926
3853	-61.989
3854	-64.7384
3855	-68.3753
3856	-68.2022
3857	-67.5606
3858	-68.2487
3859	-67.4828
3860	-66.9902
3861	-66.5721
3862	-67.9333
3863	-69.059
3864	-70.3328
3865	-69.8062
3866	-61.2608
3867	-59.2053
3868	-66.0853
3869	-69.8612
3870	-68.6415
3871	-67.2935
3872	-65.9312
3873	-64.4495
3874	-64.6833
3875	-65.4316
3876	-66.5102
3877	-68.2913
3878	-70.44
3879	-72.1802
3880	-72.3049
3881	-71.3288
3882	-69.982
3883	-69.4591
3884	-69.6435
3885	-69.4869
3886	-70.5482
3887	-71.5095
3888	-72.548
3889	-71.6803
3890	-65.696
3891	-63.7081
3892	-67.1099
3893	-70.216
3894	-72.9511
3895	-73.0933
3896	-72.0342
3897	-72.245
3898	-71.7257
3899	-71.3902
3900	-72.5555
3901	-71.5585
3902	-72.0654
3903	-71.6166
3904	-71.4745
3905	-70.5054
3906	-68.4237
3907	-65.9571
3908	-62.7235
3909	-61.6367
3910	-61.8316
3911	-62.6822
3912	-64.3982
3913	-66.3814
3914	-58.8892
3915	-27.9055
3916	-15.8596
3917	-14.0028
3918	-21.5355
3919	-42.4407
3920	-64.5147
3921	-62.8666
3922	-60.4751
3923	-58.4617
3924	-58.9622
3925	-59.5959
3926	-62.116
3927	-65.7386
3928	-67.9286
3929	-70.4727
3930	-70.8994
3931	-71.3577
3932	-71.6354
3933	-72.0399
3934	-71.3139
3935	-71.0401
3936	-71.8247
3937	-71.9649
3938	-72.5738
3939	-73.2054
3940	-71.8637
3941	-68.7307
3942	-65.949
3943	-65.309
3944	-69.8761
3945	-72.978
3946	-72.1654
3947	-71.9384
3948	-70.9075
3949	-70.3221
3950	-70.5145
3951	-70.058
3952	-71.1985
3953	-72.1839
3954	-72.3738
3955	-72.0551
3956	-69.7531
3957	-68.4982
3958	-67.4097
3959	-66.9759
3960	-66.7894
3961	-67.7605
3962	-68.4021
3963	-69.0644
3964	-70.199
3965	-70.6904
3966	-67.4911
3967	-66.1433
3968	-69.7364
3969	-69.6876
3970	-68.7428
3971	-66.7098
3972	-64.6434
3973	-64.2611
3974	-65.0421
3975	-65.1261
3976	-65.8023
3977	-65.5504
3978	-67.0452
3979	-65.859
3980	-60.8632
3981	-62.3626
3982	-63.575
3983	-61.1702
3984	-60.6417
3985	-60.8595
3986	-63.1381
3987	-66.3377
3988	-68.3002
3989	-62.3177
3990	-52.1621
3991	-49.9095
3992	-55.6966
3993	-65.3547
3994	-68.7086
3995	-68.4724
3996	-68.4464
3997	-66.5593
3998	-66.9677
3999	-66.8375
4000	-65.7357
4001	-64.8141
4002	-67.0363
4003	-70.621
4004	-71.9554
4005	-72.3515
4006	-70.4822
4007	-69.3855
4008	-67.2756
4009	-67.6424
4010	-69.9578
4011	-71.1137
4012	-71.6543
4013	-72.4232
4014	-71.1666
4015	-70.1334
4016	-70.8786
4017	-72.3913
4018	-72.8291
4019	-72.5901
4020	-71.733
4021	-71.1058
4022	-69.682
4023	-69.989
4024	-70.6313
4025	-69.6348
4026	-68.3164
4027	-67.9978
4028	-66.9582
4029	-65.2113
4030	-62.8265
4031	-60.2942
4032	-56.0598
4033	-53.135
4034	-51.9828
4035	-52.7343
4036	-56.3328
4037	-58.0866
4038	-55.3005
4039	-43.4925
4040	-31.6923
4041	-29.4363
4042	-36.5322
4043	-49.308
4044	-56.9376
4045	-60.6907
4046	-61.5247
4047	-60.8605
4048	-61.7466
4049	-62.6727
4050	-64.7862
4051	-65.2894
4052	-66.384
4053	-68.4565
4054	-69.1602
4055	-69.8653
4056	-70.3501
4057	-71.6367
4058	-71.4751
4059	-71.1376
4060	-71.7154
4061	-71.9539
4062	-72.5121
4063	-73.2663
4064	-73.5865
4065	-72.5724
4066	-69.957
4067	-69.1872
4068	-71.9068
4069	-72.3661
4070	-72.2006
4071	-71.3891
4072	-69.8856
4073	-70.1399
4074	-69.6153
4075	-69.3419
4076	-69.2962
4077	-69.6575
4078	-70.06
4079	-68.4159
4080	-65.3597
4081	-64.9751
4082	-64.7046
4083	-62.6151
4084	-61.175
4085	-62.436
4086	-65.3512
4087	-67.6874
4088	-68.1733
4089	-61.8146
4090	-52.0212
4091	-49.8237
4092	-55.593
4093	-64.43
4094	-66.4684
4095	-66.5063
4096	-64.2785
4097	-62.9266
4098	-63.5801
4099	-64.8224
4100	-63.1349
4101	-60.4653
4102	-62.5728
4103	-66.553
4104	-68.1242
4105	-67.0138
4106	-64.6206
4107	-59.7047
4108	-57.1011
4109	-59.4027
4110	-63.3297
4111	-68.0901
4112	-70.5064
4113	-69.4495
4114	-67.1079
4115	-65.9702
4116	-67.3604
4117	-69.3305
4118	-68.3147
4119	-69.427
4120	-69.056
4121	-69.2678
4122	-69.2484
4123	-69.0909
4124	-69.7627
4125	-69.8563
4126	-70.8406
4127	-71.6428
4128	-72.8125
4129	-73.1776
4130	-72.7059
4131	-71.3694
4132	-68.371
4133	-69.3565
4134	-72.6213
4135	-72.4788
4136	-72.5002
4137	-71.6756
4138	-70.5063
4139	-70.587
4140	-69.8401
4141	-71.2186
4142	-72.1007
4143	-71.4646
4144	-71.0002
4145	-70.5168
4146	-69.7709
4147	-69.003
4148	-69.2503
4149	-68.5675
4150	-66.694
4151	-65.8515
4152	-65.7868
4153	-65.3295
4154	-63.388
4155	-59.1409
4156	-52.5339
4157	-47.183
4158	-43.9181
4159	-46.4177
4160	-52.3081
4161	-58.3616
4162	-62.3719
4163	-59.5914
4164	-53.9153
4165	-51.9991
4166	-55.1732
4167	-60.2597
4168	-64.4936
4169	-66.9771
4170	-66.7855
4171	-67.5922
4172	-67.5092
4173	-67.9167
4174	-68.6449
4175	-69.5403
4176	-70.0896
4177	-70.5376
4178	-70.8459
4179	-71.7625
4180	-72.263
4181	-72.5184
4182	-71.3065
4183	-70.1832
4184	-70.0477
4185	-70.7359
4186	-71.6454
4187	-72.0774
4188	-70.8157
4189	-68.8366
4190	-64.4036
4191	-63.1341
4192	-68.2481
4193	-72.7917
4194	-72.8993
4195	-72.5576
4196	-70.3649
4197	-69.6135
4198	-68.4456
4199	-67.7443
4200	-67.7191
4201	-68.0983
4202	-68.9837
4203	-69.3822
4204	-69.5259
4205	-68.3358
4206	-64.4892
4207	-59.0875
4208	-56.32
4209	-58.8267
4210	-63.3272
4211	-67.9615
4212	-68.9391
4213	-66.5088
4214	-64.2002
4215	-62.3618
4216	-64.8545
4217	-67.3044
4218	-65.8951
4219	-67.3538
4220	-68.0754
4221	-67.2972
4222	-66.4816
4223	-67.8688
4224	-69.5733
4225	-67.5861
4226	-67.2248
4227	-68.2689
4228	-68.0673
4229	-67.5203
4230	-67.6203
4231	-61.4294
4232	-56.2164
4233	-58.389
4234	-65.6697
4235	-67.8865
4236	-66.8507
4237	-64.2301
4238	-60.9375
4239	-59.9513
4240	-61.4673
4241	-64.279
4242	-66.8331
4243	-68.4174
4244	-70.4195
4245	-71.1601
4246	-69.3545
4247	-68.6973
4248	-68.8265
4249	-69.1258
4250	-69.5303
4251	-70.0841
4252	-71.7512
4253	-72.21
4254	-72.8372
4255	-68.8938
4256	-62.0151
4257	-63.3331
4258	-69.7573
4259	-71.3622
4260	-72.8621
4261	-72.0395
4262	-72.006
4263	-71.9599
4264	-71.5998
4265	-71.8851
4266	-71.9777
4267	-71.9778
4268	-72.071
4269	-71.2127
4270	-70.5005
4271	-70.0343
4272	-68.7524
4273	-67.1506
4274	-65.8331
4275	-65.8669
4276	-65.233
4277	-65.8497
4278	-65.4685
4279	-63.1468
4280	-56.4967
4281	-44.4991
4282	-38.1178
4283	-40.2014
4284	-51.2837
4285	-60.7081
4286	-59.9954
4287	-55.8371
4288	-52.1297
4289	-50.5068
4290	-51.6593
4291	-54.7735
4292	-59.9615
4293	-63.7961
4294	-66.6753
4295	-68.1269
4296	-68.2823
4297	-69.3104
4298	-71.0548
4299	-70.9391
4300	-70.2809
4301	-69.8369
4302	-71.3439
4303	-71.3153
4304	-71.5371
4305	-72.6873
4306	-71.5173
4307	-69.6261
4308	-68.6423
4309	-69.7239
4310	-71.7211
4311	-72.4311
4312	-72.8369
4313	-72.3346
4314	-70.7463
4315	-70.4922
4316	-70.9652
4317	-71.9998
4318	-73.0953
4319	-72.9527
4320	-71.9482
4321	-70.2368
4322	-68.9088
4323	-68.4707
4324	-68.9044
4325	-68.3818
4326	-68.3775
4327	-69.4778
4328	-69.1963
4329	-69.1566
4330	-68.8256
4331	-63.3672
4332	-58.8251
4333	-60.8588
4334	-67.6322
4335	-68.7179
4336	-66.9201
4337	-63.3156
4338	-61.2768
4339	-60.3156
4340	-61.1814
4341	-63.5853
4342	-64.4257
4343	-65.7167
4344	-67.7773
4345	-61.8564
4346	-58.9234
4347	-62.4431
4348	-63.3344
4349	-63.1008
4350	-62.1183
4351	-62.4267
4352	-65.2332
4353	-67.026
4354	-67.6846
4355	-55.6555
4356	-48.2703
4357	-50.158
4358	-61.9453
4359	-69.069
4360	-68.6718
4361	-67.6173
4362	-66.2713
4363	-65.6592
4364	-65.7564
4365	-66.1657
4366	-64.4595
4367	-64.3078
4368	-68.7504
4369	-71.242
4370	-71.2327
4371	-70.014
4372	-69.6464
4373	-70.0091
4374	-69.3522
4375	-69.6609
4376	-71.3414
4377	-71.6737
4378	-71.8837
4379	-71.8842
4380	-71.2238
4381	-70.8348
4382	-72.344
4383	-72.0788
4384	-72.7543
4385	-71.3008
4386	-71.5062
4387	-70.365
4388	-69.8543
4389	-70.7125
4390	-70.5848
4391	-69.4339
4392	-68.3049
4393	-68.242
4394	-67.1935
4395	-64.4338
4396	-62.6609
4397	-60.5882
4398	-58.0805
4399	-57.5029
4400	-56.6141
4401	-58.2661
4402	-58.5584
4403	-57.1661
4404	-29.2685
4405	-8.36778
4406	-0.884234
4407	-2.78518
4408	-14.8719
4409	-46.6514
4410	-58.6191
4411	-59.6935
4412	-58.6419
4413	-57.8403
4414	-58.9298
4415	-60.1655
4416	-62.7309
4417	-64.1122
4418	-66.9115
4419	-68.033
4420	-68.318
4421	-69.0362
4422	-69.8573
4423	-70.4725
4424	-70.3086
4425	-70.1078
4426	-71.0375
4427	-71.8193
4428	-72.4888
4429	-72.2194
4430	-71.8586
4431	-69.3626
4432	-67.7146
4433	-68.8488
4434	-71.3716
4435	-70.8509
4436	-70.7819
4437	-69.5673
4438	-68.3403
4439	-68.6216
4440	-69.1958
4441	-68.7762
4442	-70.425
4443	-71.2703
4444	-70.6199
4445	-66.6974
4446	-63.2817
4447	-64.8936
4448	-64.668
4449	-64.5267
4450	-63.8541
4451	-65.264
4452	-66.7143
4453	-68.3152
4454	-68.4115
4455	-55.3329
4456	-47.9732
4457	-49.8858
4458	-61.5581
4459	-68.366
4460	-66.8896
4461	-65.3745
4462	-63.4018
4463	-63.6006
4464	-64.224
4465	-65.045
4466	-61.5612
4467	-59.6629
4468	-65.6869
4469	-69.3583
4470	-67.7333
4471	-67.0576
4472	-64.9884
4473	-63.9003
4474	-63.8209
4475	-64.7983
4476	-66.9252
4477	-69.0226
4478	-70.5128
4479	-71.8675
4480	-70.2582
4481	-70.0099
4482	-70.717
4483	-69.9722
4484	-69.5313
4485	-69
4486	-67.8353
4487	-67.5205
4488	-67.6995
4489	-68.0641
4490	-68.3577
4491	-70.4843
4492	-71.0009
4493	-72.5406
4494	-73.9396
4495	-72.4712
4496	-70.3552
4497	-69.0936
4498	-68.3578
4499	-69.6724
4500	-71.2217
4501	-72.0128
4502	-71.9515
4503	-70.4052
4504	-67.9938
4505	-67.9093
4506	-68.8203
4507	-72.2453
4508	-72.7577
4509	-71.7775
4510	-71.7223
4511	-71.6721
4512	-71.03
4513	-71.2983
4514	-71.1037
4515	-71.072
4516	-70.3631
4517	-69.5744
4518	-69.5964
4519	-67.8808
4520	-64.765
4521	-60.1309
4522	-56.1834
4523	-54.3922
4524	-54.9227
4525	-57.335
4526	-60.9913
4527	-64.4358
4528	-66.2148
4529	-66.6814
4530	-63.9554
4531	-64.5101
4532	-65.3161
4533	-66.7211
4534	-67.7378
4535	-66.0425
4536	-65.0391
4537	-64.5387
4538	-64.2135
4539	-65.1461
4540	-67.1038
4541	-68.7815
4542	-69.893
4543	-70.9638
4544	-71.5466
4545	-71.9368
4546	-72.2282
4547	-72.414
4548	-71.3146
4549	-71.4718
4550	-71.4213
4551	-71.6967
4552	-73.0618
4553	-72.7915
4554	-70.5666
4555	-67.5888
4556	-62.1806
4557	-64.2636
4558	-72.3351
4559	-72.8536
4560	-72.0942
4561	-71.8848
4562	-70.3837
4563	-70.3275
4564	-69.826
4565	-69.6778
4566	-69.4637
4567	-70.5702
4568	-71.8414
4569	-70.7234
4570	-69.4128
4571	-67.0625
4572	-64.5644
4573	-62.9251
4574	-62.687
4575	-64.4806
4576	-67.4121
4577	-68.6708
4578	-69.8954
4579	-70.5311
4580	-69.1842
4581	-69.2011
4582	-69.7771
4583	-69.27
4584	-68.895
4585	-68.0435
4586	-66.2794
4587	-66.2579
4588	-66.1585
4589	-67.4793
4590	-67.3235
4591	-67.1192
4592	-66.6307
4593	-66.3631
4594	-64.5495
4595	-64.2305
4596	-63.1632
4597	-58.6633
4598	-57.7553
4599	-61.1351
4600	-64.6898
4601	-68.1283
4602	-65.0129
4603	-59.9275
4604	-55.4206
4605	-55.3879
4606	-60.2189
4607	-65.4108
4608	-67.6972
4609	-69.4916
4610	-68.8666
4611	-68.1936
4612	-67.598
4613	-67.6812
4614	-67.3557
4615	-68.0031
4616	-68.732
4617	-70.9733
4618	-72.1859
4619	-73.0527
4620	-71.2454
4621	-66.1042
4622	-63.6775
4623	-66.7779
4624	-70.5493
4625	-71.9791
4626	-72.3804
4627	-71.8624
4628	-71.4637
4629	-71.1937
4630	-71.1795
4631	-72.097
4632	-72.2739
4633	-72.1981
4634	-71.0411
4635	-70.3291
4636	-69.4655
4637	-69.8401
4638	-69.0239
4639	-68.18
4640	-66.9421
4641	-67.2333
4642	-65.7351
4643	-64.6763
4644	-62.4397
4645	-58.2099
4646	-52.3037
4647	-46.9019
4648	-45.5501
4649	-49.6496
4650	-56.1248
4651	-59.9203
4652	-54.0778
4653	-46.7619
4654	-41.6492
4655	-41.867
4656	-47.2713
4657	-53.6597
4658	-59.5784
4659	-63.0308
4660	-64.1884
4661	-65.0182
4662	-65.2779
4663	-66.6619
4664	-67.9746
4665	-68.1638
4666	-68.4897
4667	-69.6557
4668	-70.2699
4669	-70.6
4670	-71.1919
4671	-72.105
4672	-71.0832
4673	-70.9748
4674	-70.8441
4675	-71.633
4676	-72.7117
4677	-73.2633
4678	-73.8773
4679	-72.4809
4680	-70.458
4681	-71.1878
4682	-72.8266
4683	-72.8417
4684	-72.4972
4685	-72.0149
4686	-70.3073
4687	-69.4426
4688	-68.8601
4689	-69.4538
4690	-68.8828
4691	-68.7728
4692	-68.5604
4693	-68.5994
4694	-67.6252
4695	-66.3369
4696	-64.5176
4697	-59.5836
4698	-59.2256
4699	-62.4789
4700	-66.7786
4701	-69.3223
4702	-64.6402
4703	-59.9759
4704	-55.4666
4705	-55.1388
4706	-59.917
4707	-64.2477
4708	-65.3835
4709	-66.7658
4710	-63.901
4711	-61.5014
4712	-61.5996
4713	-65.1995
4714	-63.4328
4715	-63.1492
4716	-62.4412
4717	-65.1296
4718	-67.5029
4719	-66.5422
4720	-61.9991
4721	-53.9469
4722	-51.2965
4723	-57.1989
4724	-66.0285
4725	-69.5293
4726	-69.1662
4727	-67.6672
4728	-65.1513
4729	-64.7417
4730	-66.1152
4731	-67.2124
4732	-65.9825
4733	-67.7803
4734	-69.6066
4735	-70.6129
4736	-69.7768
4737	-69.8586
4738	-70.1362
4739	-70.5825
4740	-71.2359
4741	-71.5249
4742	-72.324
4743	-72.4828
4744	-73.0543
4745	-71.5261
4746	-70.2426
4747	-71.9012
4748	-73.3009
4749	-73.189
4750	-72.6658
4751	-71.8067
4752	-71.3765
4753	-71.0852
4754	-70.7553
4755	-71.2464
4756	-71.3155
4757	-70.3761
4758	-69.9844
4759	-69.1048
4760	-67.6153
4761	-65.9436
4762	-65.3133
4763	-63.9337
4764	-62.1013
4765	-61.8322
4766	-61.3278
4767	-61.7217
4768	-59.8552
4769	-55.1195
4770	-45.664
4771	-34.572
4772	-31.4238
4773	-37.4661
4774	-50.6374
4775	-58.9657
4776	-60.2802
4777	-57.7432
4778	-55.5171
4779	-55.4413
4780	-57.6685
4781	-60.5751
4782	-63.8771
4783	-66.1761
4784	-67.4565
4785	-68.709
4786	-68.8288
4787	-69.6217
4788	-69.9408
4789	-70.6583
4790	-70.1934
4791	-70.4944
4792	-71.6286
4793	-72.0402
4794	-72.8068
4795	-72.1186
4796	-70.3219
4797	-68.6681
4798	-68.6675
4799	-70.2842
4800	-71.4711
4801	-71.5188
4802	-69.8702
4803	-68.34
4804	-65.9714
4805	-66.8327
4806	-69.4218
4807	-71.3893
4808	-73.1056
4809	-72.1087
4810	-69.513
4811	-66.4626
4812	-65.324
4813	-66.1832
4814	-66.3884
4815	-66.4478
4816	-66.6543
4817	-68.0739
4818	-69.1512
4819	-68.1118
4820	-61.8392
4821	-53.3062
4822	-50.8761
4823	-56.6081
4824	-65.9864
4825	-68.9196
4826	-66.9205
4827	-64.4664
4828	-63.2515
4829	-63.4066
4830	-64.2964
4831	-65.5479
4832	-62.5435
4833	-64.0015
4834	-68.4635
4835	-68.2816
4836	-67.3836
4837	-68.3993
4838	-67.9246
4839	-67.6219
4840	-66.7444
4841	-68.0902
4842	-69.0455
4843	-70.0762
4844	-70.0689
4845	-61.297
4846	-57.5532
4847	-63.0328
4848	-69.6422
4849	-69.0385
4850	-67.553
4851	-66.0758
4852	-64.3746
4853	-64.5585
4854	-65.0396
4855	-66.4531
4856	-67.7813
4857	-70.009
4858	-71.9489
4859	-72.5727
4860	-71.4535
4861	-70.0808
4862	-69.3287
4863	-69.5233
4864	-69.1065
4865	-70.3503
4866	-71.4324
4867	-72.2867
4868	-72.1219
4869	-66.6718
4870	-63.4272
4871	-66.5283
4872	-69.6159
4873	-72.679
4874	-73.1317
4875	-72.229
4876	-72.3079
4877	-72.0034
4878	-71.5255
4879	-72.3621
4880	-71.6696
4881	-71.8093
4882	-71.8393
4883	-71.4009
4884	-70.8051
4885	-69.1444
4886	-66.4514
4887	-63.4778
4888	-62.0411
4889	-62.3451
4890	-62.5808
4891	-64.4368
4892	-66.2251
4893	-64.6049
4894	-31.4852
4895	-17.1878
4896	-13.705
4897	-19.4828
4898	-37.292
4899	-63.865
4900	-63.0012
4901	-60.489
4902	-58.2853
4903	-58.6263
4904	-58.8647
4905	-61.0799
4906	-64.9797
4907	-67.4678
4908	-70.0497
4909	-70.768
4910	-71.0084
4911	-71.8651
4912	-71.9174
4913	-71.5762
4914	-70.94
4915	-71.7332
4916	-71.8623
4917	-72.2517
4918	-73.3161
4919	-72.3517
4920	-69.309
4921	-66.8176
4922	-65.1826
4923	-69.1402
4924	-72.684
4925	-72.3224
4926	-72.1962
4927	-71.279
4928	-70.6208
4929	-70.5837
4930	-70.0657
4931	-71.0371
4932	-72.1173
4933	-72.4957
4934	-72.4777
4935	-70.015
4936	-68.7246
4937	-67.6914
4938	-67.2737
4939	-67.0094
4940	-67.6256
4941	-68.6052
4942	-69.0765
4943	-70.1136
4944	-70.5056
4945	-66.3205
4946	-63.0058
4947	-67.6841
4948	-69.5899
4949	-69.0762
4950	-66.9974
4951	-64.5093
4952	-63.9501
4953	-65.0746
4954	-64.4552
4955	-65.4887
4956	-65.2134
4957	-66.4777
4958	-66.4344
4959	-61.3618
4960	-61.5947
4961	-63.5996
4962	-61.2285
4963	-60.374
4964	-60.5575
4965	-62.3775
4966	-65.7854
4967	-68.0928
4968	-63.8164
4969	-53.5105
4970	-49.6535
4971	-54.0865
4972	-64.1182
4973	-68.2274
4974	-68.5417
4975	-68.4126
4976	-66.817
4977	-66.9716
4978	-67.0217
4979	-66.0444
4980	-64.762
4981	-66.4333
4982	-70.0053
4983	-71.8696
4984	-72.4525
4985	-70.6763
4986	-69.5587
4987	-67.6793
4988	-67.5845
4989	-69.6983
4990	-70.8552
4991	-71.7149
4992	-72.493
4993	-71.4732
4994	-70.5644
4995	-70.9603
4996	-72.297
4997	-72.5963
4998	-72.6433
4999	-71.8049
5000	-71.1491
5001	-69.7938
5002	-69.8131
5003	-70.4729
5004	-69.7735
5005	-68.5109
5006	-68.0467
5007	-67.0089
5008	-65.3114
5009	-63.0769
5010	-60.6304
5011	-56.448
5012	-53.3253
5013	-51.7348
5014	-52.2389
5015	-55.5035
5016	-58.1087
5017	-56.5045
5018	-45.848
5019	-32.9192
5020	-29.0429
5021	-34.4626
5022	-47.1947
5023	-56.095
5024	-60.2076
5025	-61.5336
5026	-60.8604
5027	-61.7056
5028	-62.4351
5029	-64.4097
5030	-65.3926
5031	-66.0608
5032	-68.1153
5033	-69.0248
5034	-69.8831
5035	-70.1813
5036	-71.6677
5037	-71.6818
5038	-71.2247
5039	-71.8312
5040	-71.8837
5041	-72.6221
5042	-73.4203
5043	-73.4417
5044	-72.549
5045	-70.0387
5046	-68.3443
5047	-71.033
5048	-72.4588
5049	-72.0843
5050	-71.4899
5051	-70.0201
5052	-69.8041
5053	-69.3693
5054	-69.4386
5055	-69.1818
5056	-69.4178
5057	-70.4782
5058	-68.7866
5059	-65.7395
5060	-64.8049
5061	-64.881
5062	-62.748
5063	-60.9932
5064	-61.8551
5065	-64.8935
5066	-67.2094
5067	-68.402
5068	-63.5202
5069	-53.2816
5070	-49.5566
5071	-54.0207
5072	-63.5536
5073	-66.4239
5074	-66.5907
5075	-64.914
5076	-62.9863
5077	-63.7472
5078	-64.7247
5079	-64.1153
5080	-60.9717
5081	-62.0287
5082	-65.9317
5083	-68.1145
5084	-67.5855
5085	-65.5837
5086	-60.7721
5087	-57.6264
5088	-59.2569
5089	-62.8883
5090	-67.6166
5091	-70.6534
5092	-70.2388
5093	-68.6951
5094	-67.8303
5095	-68.1186
5096	-69.9778
5097	-68.7015
5098	-69.4792
5099	-69.5863
5100	-69.05
5101	-69.1168
5102	-68.9873
5103	-69.8076
5104	-69.9727
5105	-70.6745
5106	-71.4164
5107	-72.825
5108	-73.0648
5109	-72.7157
5110	-71.6788
5111	-68.453
5112	-68.3603
5113	-71.9802
5114	-72.4559
5115	-72.2464
5116	-71.9828
5117	-70.5718
5118	-70.47
5119	-69.8005
5120	-70.981
5121	-72.1275
5122	-71.7681
5123	-71.1559
5124	-70.655
5125	-70.1007
5126	-69.2383
5127	-69.1342
5128	-68.761
5129	-67.294
5130	-66.051
5131	-66.0432
5132	-65.6648
5133	-64.1568
5134	-60.3652
5135	-53.7888
5136	-48.5444
5137	-44.4163
5138	-45.904
5139	-51.4931
5140	-57.9614
5141	-62.8124
5142	-61.6892
5143	-55.9977
5144	-53.2416
5145	-55.5963
5146	-60.247
5147	-64.6642
5148	-67.2223
5149	-66.9569
5150	-67.4702
5151	-67.7179
5152	-67.7972
5153	-68.597
5154	-69.3685
5155	-70.2116
5156	-70.449
5157	-70.8675
5158	-71.5103
5159	-72.1959
5160	-72.4728
5161	-71.6801
5162	-70.2433
5163	-69.9473
5164	-70.7057
5165	-71.4611
5166	-72.314
5167	-70.843
5168	-69.4396
5169	-65.1324
5170	-62.9161
5171	-67.1039
5172	-72.3414
5173	-72.9731
5174	-72.5598
5175	-70.9775
5176	-69.606
5177	-68.8998
5178	-68.0001
5179	-67.8541
5180	-67.994
5181	-68.9493
5182	-69.2669
5183	-69.6611
5184	-68.9331
5185	-65.4514
5186	-60.3913
5187	-56.9163
5188	-58.4293
5189	-62.6599
5190	-67.4756
5191	-69.475
5192	-67.364
5193	-65.4832
5194	-63.5844
5195	-65.1744
5196	-67.6541
5197	-66.3283
5198	-67.2983
5199	-68.2682
5200	-67.1906
5201	-66.3272
5202	-67.1043
5203	-69.6723
5204	-67.8286
5205	-67.2541
5206	-67.9944
5207	-68.1884
5208	-67.2911
5209	-67.3932
5210	-62.5814
5211	-55.9976
5212	-56.7506
5213	-64.0565
5214	-67.7123
5215	-66.9646
5216	-64.782
5217	-61.3185
5218	-59.9968
5219	-60.8645
5220	-63.5438
5221	-66.271
5222	-68.0802
5223	-69.9077
5224	-71.2032
5225	-69.6691
5226	-68.6822
5227	-68.8014
5228	-69.0044
5229	-69.5303
5230	-69.7543
5231	-71.695
5232	-72.1471
5233	-72.8281
5234	-70.3937
5235	-62.6982
5236	-62.5569
5237	-69.1401
5238	-71.1148
5239	-72.7134
5240	-72.3101
5241	-72.0788
5242	-72.3877
5243	-71.7987
5244	-71.7587
5245	-72.0892
5246	-71.8458
5247	-72.032
5248	-71.3727
5249	-70.4828
5250	-70.0129
5251	-68.7282
5252	-67.5953
5253	-66.1095
5254	-65.9206
5255	-65.1092
5256	-65.5845
5257	-65.2111
5258	-63.2613
5259	-57.4768
5260	-45.8413
5261	-37.9323
5262	-38.4302
5263	-48.2823
5264	-59.4074
5265	-60.2264
5266	-56.2214
5267	-52.3133
5268	-50.5002
5269	-51.0953
5270	-53.9196
5271	-58.6751
5272	-62.7785
5273	-66.1314
5274	-67.7154
5275	-67.9591
5276	-68.9633
5277	-70.9801
5278	-70.7298
5279	-70.3589
5280	-69.5924
5281	-71.2113
5282	-71.2811
5283	-71.3405
5284	-72.6387
5285	-72.0872
5286	-69.6407
5287	-68.9139
5288	-69.4673
5289	-71.5107
5290	-72.4646
5291	-72.9451
5292	-72.5186
5293	-71.2794
5294	-70.6995
5295	-71.2069
5296	-71.7934
5297	-73.0948
5298	-72.8487
5299	-72.294
5300	-70.3302
5301	-68.876
5302	-68.4668
5303	-69.0863
5304	-68.621
5305	-68.2599
5306	-69.6155
5307	-69.3957
5308	-69.0609
5309	-68.7164
5310	-64.0233
5311	-58.2104
5312	-59.1111
5313	-65.7984
5314	-68.811
5315	-67.3085
5316	-63.7534
5317	-61.2037
5318	-60.2603
5319	-60.7254
5320	-62.9478
5321	-64.2056
5322	-64.92
5323	-67.3494
5324	-63.0849
5325	-58.8646
5326	-61.9688
5327	-63.6148
5328	-63.016
5329	-62.2269
5330	-62.1043
5331	-64.5347
5332	-66.6894
5333	-67.9948
5334	-58.045
5335	-49.0033
5336	-49.3103
5337	-59.2194
5338	-69.1614
5339	-68.9998
5340	-68.0142
5341	-66.8643
5342	-65.8266
5343	-66.0803
5344	-66.3952
5345	-65.1229
5346	-64.0582
5347	-68.1349
5348	-71.3006
5349	-71.2796
5350	-70.3619
5351	-69.6761
5352	-70.0698
5353	-69.5329
5354	-69.7171
5355	-71.3175
5356	-71.6883
5357	-71.6903
5358	-71.9086
5359	-71.5266
5360	-70.7722
5361	-71.9566
5362	-72.1404
5363	-72.7462
5364	-71.3711
5365	-71.3795
5366	-70.5053
5367	-69.9104
5368	-70.4919
5369	-70.6232
5370	-69.7605
5371	-68.524
5372	-68.2464
5373	-67.2408
5374	-64.9002
5375	-62.7901
5376	-61.1699
5377	-58.4287
5378	-57.4737
5379	-56.61
5380	-57.8999
5381	-58.692
5382	-57.9762
5383	-37.5265
5384	-12.6731
5385	-3.3362
5386	-3.63274
5387	-13.6781
5388	-39.8757
5389	-58.608
5390	-60.1224
5391	-59.2403
5392	-58.1898
5393	-59.1196
5394	-60.0493
5395	-62.5085
5396	-64.0818
5397	-66.2503
5398	-68.2243
5399	-68.3388
5400	-69.0728
5401	-69.8313
5402	-70.2668
5403	-70.49
5404	-69.9203
5405	-70.8721
5406	-71.7693
5407	-72.3872
5408	-72.0305
5409	-72.102
5410	-69.6224
5411	-67.3946
5412	-68.2434
5413	-71.0452
5414	-70.9639
5415	-71.114
5416	-69.8302
5417	-68.4902
5418	-68.3483
5419	-69.2771
5420	-68.5883
5421	-70.3213
5422	-71.4099
5423	-71.0598
5424	-67.7458
5425	-63.4633
5426	-64.577
5427	-64.6652
5428	-64.5754
5429	-63.8973
5430	-64.9789
5431	-66.5228
5432	-68.1815
5433	-68.7711
5434	-57.7437
5435	-48.6295
5436	-48.9677
5437	-58.883
5438	-68.5022
5439	-67.1657
5440	-66.1084
5441	-63.8311
5442	-63.7644
5443	-64.4917
5444	-65.117
5445	-62.7285
5446	-59.5229
5447	-64.4178
5448	-69.8937
5449	-68.1967
5450	-67.5044
5451	-65.9437
5452	-64.4297
5453	-64.2733
5454	-64.9396
5455	-66.5723
5456	-69.0043
5457	-70.3342
5458	-71.4335
5459	-67.6869
5460	-66.9378
5461	-69.8074
5462	-69.8173
5463	-69.5299
5464	-69.1022
5465	-67.8911
5466	-67.3469
5467	-67.4064
5468	-67.7088
5469	-68.2652
5470	-70.0363
5471	-70.9586
5472	-72.108
5473	-73.7939
5474	-72.713
5475	-70.6821
5476	-69.1869
5477	-68.06
5478	-69.145
5479	-70.7857
5480	-71.8083
5481	-71.8907
5482	-70.6773
5483	-68.3983
5484	-67.3789
5485	-68.3643
5486	-71.7453
5487	-72.8978
5488	-72.0479
5489	-71.8067
5490	-71.7212
5491	-71.1164
5492	-71.2185
5493	-71.0809
5494	-70.9261
5495	-70.5861
5496	-69.7409
5497	-69.8217
5498	-68.3477
5499	-65.9783
5500	-61.5134
5501	-57.2282
5502	-55.2043
5503	-55.2966
5504	-57.1713
5505	-60.5
5506	-64.4049
5507	-66.243
5508	-63.7203
5509	-56.8936
5510	-56.1105
5511	-62.317
5512	-65.0387
5513	-67.5289
5514	-66.2626
5515	-65.0552
5516	-64.2059
5517	-64.1175
5518	-64.5856
5519	-66.6129
5520	-68.468
5521	-69.6048
5522	-71.0138
5523	-71.5224
5524	-72.0039
5525	-72.1696
5526	-72.472
5527	-71.2302
5528	-71.3276
5529	-71.3538
5530	-71.5895
5531	-72.6977
5532	-72.9456
5533	-70.9221
5534	-68.4997
5535	-62.7913
5536	-63.4062
5537	-71.2762
5538	-72.7818
5539	-72.1638
5540	-72.1826
5541	-70.7413
5542	-70.2701
5543	-70.1074
5544	-69.7598
5545	-69.4918
5546	-70.2993
5547	-71.6405
5548	-71.0839
5549	-69.5604
5550	-67.5948
5551	-65.2029
5552	-63.5593
5553	-62.9575
5554	-64.53
5555	-67.1554
5556	-68.7411
5557	-69.8191
5558	-70.8893
5559	-71.6001
5560	-70.4854
5561	-70.1658
5562	-69.552
5563	-68.9023
5564	-68.0114
5565	-66.1819
5566	-66.0878
5567	-65.8318
5568	-67.0739
5569	-67.0293
5570	-67.2666
5571	-66.3576
5572	-66.4093
5573	-64.8943
5574	-63.948
5575	-63.7783
5576	-59.0453
5577	-57.0735
5578	-60.1417
5579	-64.0335
5580	-67.4909
5581	-65.8019
5582	-60.8476
5583	-55.913
5584	-54.6488
5585	-58.9473
5586	-64.663
5587	-67.1349
5588	-69.3405
5589	-68.7194
5590	-68.3932
5591	-67.6572
5592	-67.7497
5593	-67.3529
5594	-67.7083
5595	-68.6241
5596	-70.5314
5597	-72.1598
5598	-72.8787
5599	-71.6695
5600	-67.209
5601	-63.8404
5602	-66.0528
5603	-70.0245
5604	-71.7633
5605	-72.4932
5606	-72.0401
5607	-71.5142
5608	-71.3707
5609	-71.1002
5610	-72.0574
5611	-72.1639
5612	-72.364
5613	-71.2915
5614	-70.3658
5615	-69.4463
5616	-69.7206
5617	-69.0847
5618	-68.4497
5619	-67.1638
5620	-66.8539
5621	-65.7079
5622	-64.4786
5623	-62.7919
5624	-58.912
5625	-52.8791
5626	-47.278
5627	-44.9721
5628	-48.4439
5629	-54.8414
5630	-59.5141
5631	-55.178
5632	-47.818
5633	-42.1606
5634	-41.2407
5635	-46.2006
5636	-52.2298
5637	-58.7569
5638	-62.5299
5639	-63.9452
5640	-64.6776
5641	-65.0445
5642	-66.2884
5643	-67.7025
5644	-68.1394
5645	-68.1935
5646	-69.3105
5647	-70.056
5648	-70.6434
5649	-70.8268
5650	-72.2115
5651	-71.3452
5652	-71.1589
5653	-70.9782
5654	-71.6876
5655	-72.615
5656	-73.2845
5657	-73.663
5658	-72.7464
5659	-70.6867
5660	-70.5013
5661	-72.479
5662	-72.9227
5663	-72.4264
5664	-71.8227
5665	-70.4202
5666	-69.661
5667	-68.6581
5668	-69.3787
5669	-68.7033
5670	-68.8027
5671	-68.6734
5672	-68.6574
5673	-68.1109
5674	-66.2085
5675	-65.1521
5676	-59.7726
5677	-58.5072
5678	-61.3319
5679	-65.7334
5680	-68.9206
5681	-65.4769
5682	-60.656
5683	-55.8392
5684	-54.6061
5685	-58.7604
5686	-63.8509
5687	-64.7791
5688	-66.6452
5689	-64.4688
5690	-61.7052
5691	-61.509
5692	-64.6421
5693	-63.5948
5694	-63.2365
5695	-62.3881
5696	-64.527
5697	-67.3554
5698	-67.1007
5699	-63.8843
5700	-55.2858
5701	-51.4746
5702	-55.8617
5703	-64.8408
5704	-69.5618
5705	-69.6626
5706	-68.4278
5707	-66.0349
5708	-65.1686
5709	-66.4311
5710	-67.5658
5711	-66.2862
5712	-67.3836
5713	-69.3924
5714	-70.5907
5715	-69.9838
5716	-69.9286
5717	-70.1994
5718	-70.5121
5719	-71.2493
5720	-71.6205
5721	-72.2955
5722	-72.3566
5723	-73.1018
5724	-71.8849
5725	-69.7916
5726	-71.1202
5727	-73.1727
5728	-73.0804
5729	-72.8286
5730	-71.9654
5731	-71.1439
5732	-71.1484
5733	-70.7675
5734	-70.9218
5735	-71.6103
5736	-70.7702
5737	-70.1561
5738	-69.3376
5739	-68.1059
5740	-66.2976
5741	-65.7082
5742	-64.3942
5743	-62.2183
5744	-61.8666
5745	-61.4527
5746	-61.6873
5747	-60.5735
5748	-56.3617
5749	-47.784
5750	-36.3921
5751	-31.6412
5752	-36.0236
5753	-48.5531
5754	-58.4132
5755	-60.6704
5756	-58.9943
5757	-56.2227
5758	-56.0549
5759	-57.9335
5760	-60.5106
5761	-63.7071
5762	-66.1593
5763	-67.4383
5764	-68.6812
5765	-68.7319
5766	-69.5957
5767	-69.7688
5768	-70.6644
5769	-70.3047
5770	-70.3476
5771	-71.5575
5772	-71.9357
5773	-72.7843
5774	-72.3175
5775	-70.5657
5776	-68.7795
5777	-68.3891
5778	-69.9416
5779	-71.2956
5780	-71.412
5781	-70.2587
5782	-68.6611
5783	-66.0817
5784	-66.4478
5785	-69.1374
5786	-70.885
5787	-72.9597
5788	-72.3089
5789	-70.1848
5790	-67.1533
5791	-65.3918
5792	-65.9306
5793	-66.4134
5794	-66.3935
5795	-66.4487
5796	-67.8602
5797	-68.9209
5798	-68.6311
5799	-63.5533
5800	-54.7053
5801	-51.0024
5802	-55.2405
5803	-64.8653
5804	-69.2473
5805	-67.7154
5806	-65.2088
5807	-63.685
5808	-63.7706
5809	-64.418
5810	-65.9525
5811	-63.302
5812	-63.5381
5813	-68.2518
5814	-68.4713
5815	-67.3027
5816	-68.4044
5817	-68.31
5818	-68.3941
5819	-67.0462
5820	-68.0129
5821	-69.0217
5822	-69.9413
5823	-70.1549
5824	-61.7298
5825	-56.3811
5826	-60.2454
5827	-68.9896
5828	-69.0589
5829	-67.6836
5830	-66.2855
5831	-64.5342
5832	-64.2688
5833	-64.7023
5834	-66.0069
5835	-67.4438
5836	-69.4269
5837	-71.6533
5838	-72.751
5839	-71.7032
5840	-70.1844
5841	-69.129
5842	-69.5652
5843	-69.0884
5844	-70.0283
5845	-71.2922
5846	-72.1209
5847	-72.3222
5848	-67.8355
5849	-63.3293
5850	-65.7704
5851	-69.1658
5852	-72.2293
5853	-73.3289
5854	-72.3321
5855	-72.3811
5856	-72.0718
5857	-71.5082
5858	-72.175
5859	-71.7895
5860	-71.5399
5861	-71.8489
5862	-71.3025
5863	-70.9712
5864	-69.5121
5865	-66.8382
5866	-64.3575
5867	-62.6128
5868	-62.941
5869	-62.8184
5870	-64.5016
5871	-65.9796
5872	-65.453
5873	-35.6816
5874	-18.8423
5875	-13.6928
5876	-17.7859
5877	-32.9516
5878	-62.8883
5879	-63.0988
5880	-60.5565
5881	-58.322
5882	-58.0382
5883	-58.2907
5884	-60.2084
5885	-64.2643
5886	-67.2481
5887	-69.3472
5888	-70.611
5889	-70.7116
5890	-71.8977
5891	-71.8822
5892	-71.5175
5893	-70.9064
5894	-71.5192
5895	-71.7947
5896	-71.9584
5897	-73.4665
5898	-72.6378
5899	-70.0347
5900	-67.5876
5901	-65.4041
5902	-68.3639
5903	-72.2623
5904	-72.4128
5905	-72.3591
5906	-71.4346
5907	-70.9121
5908	-70.7299
5909	-70.0671
5910	-70.7929
5911	-72.1523
5912	-72.3122
5913	-72.6324
5914	-70.2937
5915	-68.7701
5916	-68.1207
5917	-67.566
5918	-67.4769
5919	-67.7544
5920	-68.8933
5921	-69.0838
5922	-70.0658
5923	-70.5445
5924	-65.7902
5925	-60.8664
5926	-64.597
5927	-69.4015
5928	-69.3242
5929	-67.1855
5930	-64.5575
5931	-63.6402
5932	-64.9332
5933	-64.2161
5934	-65.0908
5935	-65.0427
5936	-65.6448
5937	-66.8167
5938	-62.0289
5939	-60.8896
5940	-63.3961
5941	-61.2721
5942	-60.3835
5943	-60.51
5944	-61.7635
5945	-65.0895
5946	-67.8296
5947	-65.057
5948	-55.2782
5949	-49.7364
5950	-52.8359
5951	-62.4748
5952	-67.9662
5953	-68.676
5954	-68.5631
5955	-67.2018
5956	-66.8725
5957	-67.0778
5958	-66.3223
5959	-64.8422
5960	-65.9561
5961	-69.4035
5962	-72.0103
5963	-72.1571
5964	-71.0731
5965	-69.8481
5966	-68.1378
5967	-67.679
5968	-69.2635
5969	-70.8497
5970	-71.7504
5971	-72.6113
5972	-71.758
5973	-70.858
5974	-71.0681
5975	-72.0503
5976	-72.3539
5977	-72.7282
5978	-71.7582
5979	-71.2106
5980	-70.1167
5981	-69.536
5982	-70.3057
5983	-69.9796
5984	-68.7069
5985	-68.0126
5986	-67.2131
5987	-65.5634
5988	-63.5849
5989	-61.0179
5990	-56.8337
5991	-53.4925
5992	-51.5884
5993	-51.8876
5994	-54.6045
5995	-57.8168
5996	-57.1025
5997	-48.2323
5998	-34.4891
5999	-28.9711
6000	-32.8052
6001	-44.9744
6002	-55.0116
6003	-59.6517
6004	-61.6054
6005	-61.0328
6006	-61.632
6007	-62.1576
6008	-64.1597
6009	-65.5674
6010	-65.8756
6011	-67.7953
6012	-69.0401
6013	-69.8626
6014	-70.2423
6015	-71.4314
6016	-71.7018
6017	-71.2374
6018	-71.6563
6019	-71.8444
6020	-72.4121
6021	-73.3844
6022	-73.3797
6023	-72.6127
6024	-70.2308
6025	-67.6564
6026	-70.1713
6027	-72.6013
6028	-72.1077
6029	-71.5797
6030	-70.3878
6031	-69.4586
6032	-69.5376
6033	-69.5494
6034	-69.0511
6035	-69.2382
6036	-70.3468
6037	-69.1578
6038	-66.1669
6039	-64.6402
6040	-64.8825
6041	-62.8102
6042	-61.0429
6043	-61.4965
6044	-64.2434
6045	-66.6565
6046	-68.1141
6047	-64.9461
6048	-54.9262
6049	-49.5201
6050	-52.6758
6051	-62.0587
6052	-65.9739
6053	-66.5201
6054	-65.5168
6055	-63.2638
6056	-63.82
6057	-64.5478
6058	-65.0959
6059	-61.1736
6060	-61.3532
6061	-65.3972
6062	-68.2483
6063	-68.013
6064	-66.5339
6065	-61.9377
6066	-58.2821
6067	-59.1776
6068	-62.6057
6069	-66.8291
6070	-70.457
6071	-70.7331
6072	-70.3828
6073	-69.4063
6074	-69.4371
6075	-70.841
6076	-69.2568
6077	-69.5901
6078	-69.9082
6079	-68.89
6080	-69.0169
6081	-69.0278
6082	-69.8619
6083	-70.0445
6084	-70.6271
6085	-71.1954
6086	-72.7677
6087	-73.0275
6088	-73.0788
6089	-71.996
6090	-68.714
6091	-67.5887
6092	-71.3111
6093	-72.1711
6094	-72.2154
6095	-72.2378
6096	-70.7408
6097	-70.2825
6098	-69.7609
6099	-70.7744
6100	-71.8654
6101	-72.0237
6102	-71.28
6103	-70.7607
6104	-70.3175
6105	-69.2988
6106	-69.1435
6107	-69.0984
6108	-67.8698
6109	-66.4267
6110	-66.2791
6111	-65.8124
6112	-64.7174
6113	-61.4863
6114	-55.4846
6115	-49.6221
6116	-45.1778
6117	-45.5733
6118	-50.6708
6119	-57.269
6120	-62.7227
6121	-63.1029
6122	-58.4332
6123	-55.1045
6124	-56.3347
6125	-60.6326
6126	-64.6242
6127	-67.5622
6128	-67.2112
6129	-67.554
6130	-67.8157
6131	-67.578
6132	-68.6295
6133	-69.2341
6134	-70.0053
6135	-70.3908
6136	-70.9757
6137	-71.2793
6138	-72.1558
6139	-72.3431
6140	-71.9473
6141	-70.5011
6142	-69.7819
6143	-70.4656
6144	-71.3987
6145	-72.4704
6146	-71.1505
6147	-69.9506
6148	-66.0376
6149	-62.8386
6150	-65.9689
6151	-71.7285
6152	-72.896
6153	-72.6755
6154	-71.9128
6155	-69.7975
6156	-69.1902
6157	-68.1173
6158	-68.068
6159	-67.9667
6160	-69.0658
6161	-69.1834
6162	-69.9761
6163	-69.5162
6164	-66.5086
6165	-61.5765
6166	-57.4323
6167	-57.9391
6168	-62.0595
6169	-67.0982
6170	-69.5337
6171	-68.2852
6172	-66.6802
6173	-64.7861
6174	-65.6138
6175	-68.0034
6176	-66.9821
6177	-67.2234
6178	-68.3953
6179	-67.0873
6180	-66.1966
6181	-66.4647
6182	-69.6085
6183	-68.1214
6184	-67.2125
6185	-67.6227
6186	-68.3727
6187	-67.1185
6188	-67.2244
6189	-63.4431
6190	-56.0547
6191	-55.5124
6192	-62.2868
6193	-67.3746
6194	-67.1574
6195	-65.3443
6196	-61.8298
6197	-59.8823
6198	-60.2328
6199	-62.6906
6200	-65.6291
6201	-67.6644
6202	-69.2034
6203	-71.0707
6204	-69.9108
6205	-68.6497
6206	-68.8883
6207	-68.7817
6208	-69.5796
6209	-69.5476
6210	-71.2254
6211	-72.077
6212	-72.6116
6213	-71.5673
6214	-63.6524
6215	-62.073
6216	-68.1351
6217	-70.9751
6218	-72.6749
6219	-72.7366
6220	-71.9784
6221	-72.4021
6222	-71.7519
6223	-71.704
6224	-72.0945
6225	-71.6094
6226	-72.0268
6227	-71.4441
6228	-70.6711
6229	-70.1911
6230	-68.8036
6231	-67.8071
6232	-66.3878
6233	-65.7836
6234	-65.0953
6235	-65.2927
6236	-65.0264
6237	-63.4991
6238	-58.226
6239	-47.584
6240	-38.0978
6241	-37.0659
6242	-45.3858
6243	-57.5894
6244	-60.4659
6245	-56.8813
6246	-52.74
6247	-50.4983
6248	-50.486
6249	-52.9314
6250	-57.4912
6251	-61.9043
6252	-65.4985
6253	-67.2291
6254	-67.7802
6255	-68.6528
6256	-70.2638
6257	-70.8205
6258	-70.4226
6259	-69.5388
6260	-71.0404
6261	-71.2501
6262	-71.193
6263	-72.1825
6264	-72.6441
6265	-69.9814
6266	-69.301
6267	-69.3549
6268	-71.2808
6269	-72.4067
6270	-72.854
6271	-72.7307
6272	-71.6288
6273	-70.7623
6274	-71.2817
6275	-71.6439
6276	-73.3154
6277	-72.8435
6278	-72.377
6279	-70.5226
6280	-68.8399
6281	-68.5154
6282	-69.1855
6283	-68.7822
6284	-68.3895
6285	-69.337
6286	-69.4902
6287	-69.0381
6288	-68.6666
6289	-64.8082
6290	-58.016
6291	-57.5969
6292	-63.8537
6293	-68.6784
6294	-67.6886
6295	-64.2386
6296	-61.4654
6297	-60.2659
6298	-60.3604
6299	-62.0943
6300	-63.9685
6301	-64.1368
6302	-66.7137
6303	-64.5682
6304	-59.0912
6305	-61.2741
6306	-63.6746
6307	-62.7555
6308	-62.5188
6309	-61.9515
6310	-63.8506
6311	-66.4704
6312	-67.8115
6313	-60.7403
6314	-50.0418
6315	-48.7703
6316	-56.8297
6317	-69.1899
6318	-69.2036
6319	-68.3638
6320	-67.3778
6321	-66.0463
6322	-66.3344
6323	-66.4051
6324	-65.7975
6325	-64.0519
6326	-67.3075
6327	-71.2933
6328	-71.2388
6329	-70.7933
6330	-69.7059
6331	-70.2599
6332	-70.02
6333	-69.887
6334	-71.3747
6335	-71.8369
6336	-71.7258
6337	-72.3544
6338	-71.7756
6339	-71.0409
6340	-71.9233
6341	-72.5336
6342	-73.0348
6343	-71.6484
6344	-71.5353
6345	-70.8229
6346	-70.2416
6347	-70.5744
6348	-70.7018
6349	-70.6983
6350	-68.9201
6351	-68.6479
6352	-67.6014
6353	-65.5799
6354	-63.1507
6355	-61.6501
6356	-58.8156
6357	-57.4908
6358	-56.5382
6359	-57.4105
6360	-58.5312
6361	-58.6847
6362	-47.2051
6363	-17.133
6364	-5.80678
6365	-4.50173
6366	-12.6543
6367	-34.7827
6368	-58.3937
6369	-60.487
6370	-59.6262
6371	-58.5217
6372	-59.2869
6373	-60.1467
6374	-62.4448
6375	-64.3207
6376	-65.9674
6377	-68.3824
6378	-68.7499
6379	-69.4763
6380	-69.9375
6381	-70.7037
6382	-70.8119
6383	-70.207
6384	-70.8972
6385	-71.9581
6386	-72.5626
6387	-72.3922
6388	-72.5885
6389	-70.1863
6390	-67.2675
6391	-67.5424
6392	-70.6343
6393	-71.3301
6394	-71.2441
6395	-70.3349
6396	-68.8207
6397	-68.1464
6398	-69.3102
6399	-68.5729
6400	-69.9247
6401	-71.4226
6402	-71.461
6403	-68.8693
6404	-63.9334
6405	-64.3575
6406	-64.7736
6407	-64.5443
6408	-63.9346
6409	-64.6373
6410	-66.1927
6411	-68.0777
6412	-68.6479
6413	-60.3961
6414	-49.5908
6415	-48.3546
6416	-56.4532
6417	-68.4933
6418	-67.5068
6419	-66.6356
6420	-64.3025
6421	-63.832
6422	-64.7201
6423	-65.207
6424	-63.5792
6425	-59.6982
6426	-63.2058
6427	-70.1087
6428	-68.6873
6429	-67.8866
6430	-66.9474
6431	-65.1063
6432	-64.741
6433	-64.9407
6434	-66.4872
6435	-69.2206
6436	-70.4127
6437	-71.0356
6438	-66.1249
6439	-64.4899
6440	-68.2013
6441	-69.6775
6442	-69.5382
6443	-69.2769
6444	-67.9357
6445	-67.1033
6446	-67.1053
6447	-67.5584
6448	-68.0888
6449	-69.645
6450	-70.893
6451	-71.7517
6452	-73.7727
6453	-73.2118
6454	-70.8553
6455	-69.2982
6456	-67.8776
6457	-68.676
6458	-70.362
6459	-71.672
6460	-71.8306
6461	-71.0699
6462	-68.7372
6463	-67.2133
6464	-68.1302
6465	-70.8749
6466	-73.2031
6467	-72.2379
6468	-71.8924
6469	-71.7847
6470	-71.2811
6471	-71.2305
6472	-71.1912
6473	-70.8771
6474	-70.7926
6475	-70.0492
6476	-70.0602
6477	-69.0939
6478	-67.0951
6479	-63.1866
6480	-58.0896
6481	-55.8924
6482	-55.7253
6483	-57.1929
6484	-60.2471
6485	-64.351
6486	-66.2652
6487	-61.4726
6488	-51.4759
6489	-49.61
6490	-55.924
6491	-63.0111
6492	-66.8475
6493	-66.3807
6494	-64.9491
6495	-63.9153
6496	-64.0063
6497	-64.1063
6498	-66.2367
6499	-68.174
6500	-69.3239
6501	-70.7275
6502	-71.2652
6503	-71.8186
6504	-72.0027
6505	-72.3401
6506	-71.3558
6507	-71.2606
6508	-71.4626
6509	-71.5314
6510	-72.5024
6511	-73.0648
6512	-71.455
6513	-69.2657
6514	-63.664
6515	-62.8536
6516	-69.8624
6517	-72.8454
6518	-72.2809
6519	-72.4017
6520	-71.2697
6521	-70.3539
6522	-70.2984
6523	-69.8363
6524	-69.6493
6525	-70.1351
6526	-71.4377
6527	-71.4273
6528	-69.8594
6529	-68.123
6530	-66.0097
6531	-64.1475
6532	-63.3641
6533	-64.4979
6534	-67.0255
6535	-68.7807
6536	-69.8492
6537	-70.683
6538	-71.2069
6539	-71.0186
6540	-70.5805
6541	-69.7502
6542	-68.9836
6543	-68.1463
6544	-66.2923
6545	-65.7441
6546	-65.5815
6547	-66.5615
6548	-66.8219
6549	-67.3921
6550	-66.0164
6551	-66.4593
6552	-65.1569
6553	-63.7794
6554	-64.2199
6555	-59.541
6556	-56.6178
6557	-59.1517
6558	-63.1636
6559	-66.8019
6560	-66.7131
6561	-61.7699
6562	-56.5032
6563	-54.3065
6564	-57.7695
6565	-63.9788
6566	-66.8225
6567	-68.8539
6568	-68.753
6569	-68.458
6570	-67.9161
6571	-67.7709
6572	-67.426
6573	-67.4859
6574	-68.255
6575	-70.0128
6576	-71.9356
6577	-72.6017
6578	-72.1695
6579	-68.3612
6580	-64.1783
6581	-65.6472
6582	-69.7776
6583	-71.6762
6584	-72.4012
6585	-72.1626
6586	-71.7806
6587	-71.3282
6588	-71.0777
6589	-71.973
6590	-72.1927
6591	-72.1938
6592	-71.3861
6593	-70.4645
6594	-69.6482
6595	-69.6351
6596	-69.1371
6597	-68.5035
6598	-67.1818
6599	-66.7382
6600	-66.0041
6601	-64.3647
6602	-63.0532
6603	-59.3277
6604	-53.6564
6605	-47.8257
6606	-44.6471
6607	-47.3768
6608	-53.1407
6609	-58.6835
6610	-55.9358
6611	-49.1247
6612	-42.9533
6613	-40.7582
6614	-44.9565
6615	-51.0587
6616	-57.7706
6617	-61.7992
6618	-63.5956
6619	-64.425
6620	-64.9464
6621	-66.0268
6622	-67.7586
6623	-68.134
6624	-68.1497
6625	-68.9577
6626	-70.0986
6627	-70.7421
6628	-70.6784
6629	-71.8741
6630	-71.646
6631	-71.3146
6632	-71.2072
6633	-71.705
6634	-72.5253
6635	-73.5788
6636	-73.5547
6637	-73.1006
6638	-70.8211
6639	-70
6640	-72.2086
6641	-72.895
6642	-72.4636
6643	-71.8161
6644	-70.6803
6645	-69.7914
6646	-68.6093
6647	-69.1225
6648	-68.7157
6649	-68.9447
6650	-68.7701
6651	-68.5158
6652	-68.3187
6653	-65.9799
6654	-65.5553
6655	-60.2171
6656	-57.9773
6657	-60.343
6658	-64.7276
6659	-68.4699
6660	-66.5429
6661	-61.447
6662	-56.5038
6663	-54.2289
6664	-57.766
6665	-63.3778
6666	-64.3373
6667	-66.3502
6668	-65.1652
6669	-62.1748
6670	-61.4121
6671	-63.9037
6672	-63.976
6673	-63.3083
6674	-62.6353
6675	-63.929
6676	-67.2374
6677	-68.0162
6678	-65.0968
6679	-56.8018
6680	-51.9247
6681	-54.7362
6682	-63.6727
6683	-69.5071
6684	-69.9907
6685	-69.0173
6686	-67.0718
6687	-65.7231
6688	-66.7655
6689	-67.8438
6690	-66.6723
6691	-67.1256
6692	-69.3781
6693	-70.4535
6694	-70.1576
6695	-70.2246
6696	-70.1422
6697	-70.5017
6698	-71.1212
6699	-71.6309
6700	-72.2557
6701	-72.1963
6702	-73.0456
6703	-72.1731
6704	-69.5497
6705	-70.2203
6706	-72.789
6707	-73.0683
6708	-73.0547
6709	-72.2479
6710	-71.06
6711	-71.1041
6712	-70.688
6713	-70.753
6714	-71.7721
6715	-70.9497
6716	-70.3855
6717	-69.5826
6718	-68.7006
6719	-66.5058
6720	-65.9462
6721	-64.8054
6722	-62.4027
6723	-61.9934
6724	-61.6893
6725	-61.731
6726	-61.496
6727	-57.6081
6728	-49.8489
6729	-38.3704
6730	-32.1887
6731	-34.9216
6732	-46.5748
6733	-57.4264
6734	-60.8156
6735	-60.1368
6736	-57.1085
6737	-56.4687
6738	-58.1662
6739	-60.5212
6740	-63.5651
6741	-66.11
6742	-67.4138
6743	-68.6727
6744	-68.8451
6745	-69.5027
6746	-69.636
6747	-70.6717
6748	-70.4319
6749	-70.333
6750	-71.4656
6751	-71.9361
6752	-72.7181
6753	-72.7716
6754	-70.7214
6755	-69.0576
6756	-68.1854
6757	-69.6172
6758	-71.1895
6759	-71.2412
6760	-70.429
6761	-68.7777
6762	-66.3784
6763	-66.0528
6764	-68.529
6765	-70.6198
6766	-72.9923
6767	-72.551
6768	-70.7631
6769	-67.8725
6770	-65.6047
6771	-65.7934
6772	-66.428
6773	-66.5028
6774	-66.4134
6775	-67.7716
6776	-68.8073
6777	-68.9813
6778	-64.9464
6779	-56.2221
6780	-51.4423
6781	-54.0573
6782	-63.7347
6783	-69.3959
6784	-68.1392
6785	-66.0166
6786	-64.3463
6787	-64.2288
6788	-64.7704
6789	-66.1983
6790	-64.1696
6791	-63.3605
6792	-67.8419
6793	-68.7207
6794	-67.0987
6795	-68.3063
6796	-68.7336
6797	-68.8414
6798	-67.4718
6799	-68.1252
6800	-69.0782
6801	-69.5854
6802	-70.1879
6803	-62.6029
6804	-55.6284
6805	-57.8977
6806	-67.7532
6807	-69.0975
6808	-67.8025
6809	-66.5383
6810	-64.6384
6811	-63.8828
6812	-64.3487
6813	-65.6132
6814	-66.9001
6815	-68.5117
6816	-71.26
6817	-72.7672
6818	-71.8338
6819	-70.2454
6820	-69.15
6821	-69.4541
6822	-69.0085
6823	-69.6534
6824	-70.8177
6825	-71.9595
6826	-72.4155
6827	-69.1277
6828	-63.5398
6829	-65.001
6830	-68.6377
6831	-71.7206
6832	-73.4156
6833	-72.601
6834	-72.3283
6835	-72.15
6836	-71.4819
6837	-71.8776
6838	-72.0777
6839	-71.2818
6840	-71.7834
6841	-71.3273
6842	-71.1657
6843	-69.8175
6844	-67.4034
6845	-65.1765
6846	-63.0993
6847	-63.4279
6848	-62.8698
6849	-64.5695
6850	-65.6101
6851	-65.3189
6852	-40.6519
6853	-20.845
6854	-13.9659
6855	-16.4216
6856	-29.2578
6857	-60.0242
6858	-62.9024
6859	-60.6565
6860	-58.4548
6861	-57.7174
6862	-57.8617
6863	-59.5985
6864	-63.3934
6865	-66.0763
6866	-68.5309
6867	-70.314
6868	-70.4876
6869	-71.5934
6870	-71.7389
6871	-71.6196
6872	-70.884
6873	-71.3167
6874	-71.938
6875	-71.7711
6876	-73.1248
6877	-72.9949
6878	-70.9008
6879	-68.1472
6880	-65.635
6881	-67.6771
6882	-71.9825
6883	-72.5317
6884	-72.2979
6885	-71.6216
6886	-71.1076
6887	-70.8386
6888	-70.2063
6889	-70.6576
6890	-72.2053
6891	-72.3014
6892	-72.604
6893	-70.5852
6894	-68.6999
6895	-68.4461
6896	-67.9353
6897	-67.6296
6898	-67.8587
6899	-69.1341
6900	-69.2918
6901	-69.8787
6902	-70.6983
6903	-65.8657
6904	-59.4384
6905	-61.6235
6906	-68.8933
6907	-69.2794
6908	-67.4615
6909	-64.6846
6910	-63.4833
6911	-64.4435
6912	-64.0562
6913	-64.6602
6914	-64.8848
6915	-64.7482
6916	-66.8845
6917	-62.9508
6918	-60.449
6919	-63.2182
6920	-61.594
6921	-60.5054
6922	-60.3403
6923	-61.3071
6924	-64.3437
6925	-67.4444
6926	-66.426
6927	-57.0725
6928	-50.0651
6929	-51.8021
6930	-60.5443
6931	-67.6303
6932	-68.7076
6933	-68.528
6934	-67.686
6935	-66.8141
6936	-67.1211
6937	-66.8263
6938	-65.0643
6939	-65.5443
6940	-68.9398
6941	-71.8722
6942	-72.148
6943	-71.4753
6944	-70.1306
6945	-68.7367
6946	-67.7678
6947	-68.9604
6948	-70.9701
6949	-71.8772
6950	-72.5955
6951	-72.1493
6952	-71.2182
6953	-71.1726
6954	-71.9183
6955	-72.3461
6956	-72.6286
6957	-71.8749
6958	-71.4046
6959	-70.5509
6960	-69.4391
6961	-70.1481
6962	-70.3329
6963	-69.0129
6964	-68.2136
6965	-67.1248
6966	-65.877
6967	-63.9009
6968	-61.2135
6969	-57.4136
6970	-53.7372
6971	-51.5602
6972	-51.6661
6973	-53.8283
6974	-57.2622
6975	-57.4957
6976	-50.8507
6977	-36.4088
6978	-29.2121
6979	-31.4995
6980	-42.3824
6981	-54.0197
6982	-59.1999
6983	-61.4284
6984	-61.2951
6985	-61.4304
6986	-62.0629
6987	-64.0404
6988	-65.4235
6989	-65.6688
6990	-67.3813
6991	-69.055
6992	-69.7774
6993	-70.2403
6994	-71.0479
6995	-71.8181
6996	-71.4432
6997	-71.5771
6998	-71.9097
6999	-72.3924
7000	-73.2476
7001	-73.3969
7002	-72.7971
7003	-70.6221
7004	-67.2127
7005	-69.1923
7006	-72.5425
7007	-72.1603
7008	-71.6952
7009	-70.714
7010	-69.1972
7011	-69.6757
7012	-69.3324
7013	-69.0732
7014	-69.0459
7015	-70.1238
7016	-69.4083
7017	-66.7092
7018	-64.5714
7019	-65.0359
7020	-62.9925
7021	-61.1654
7022	-61.1279
7023	-63.5877
7024	-66.0276
7025	-67.9422
7026	-66.3264
7027	-56.7996
7028	-49.7932
7029	-51.5679
7030	-60.4565
7031	-65.5721
7032	-66.2462
7033	-66.0515
7034	-63.7143
7035	-63.73
7036	-64.4583
7037	-65.7602
7038	-61.592
7039	-60.8815
7040	-65.0399
7041	-68.4029
7042	-68.323
7043	-67.0577
7044	-63.1286
7045	-59.0662
7046	-59.2164
7047	-62.2617
7048	-66.1335
7049	-70.01
7050	-71.188
7051	-71.4493
7052	-70.967
7053	-70.7037
7054	-70.9189
7055	-69.8329
7056	-69.5151
7057	-70.0381
7058	-68.8293
7059	-69.08
7060	-68.9858
7061	-69.6868
7062	-69.9071
7063	-70.4837
7064	-71.1417
7065	-72.3759
7066	-73.1919
7067	-73.1342
7068	-72.1389
7069	-69.0988
7070	-66.9738
7071	-70.4528
7072	-72.0272
7073	-72.2497
7074	-72.3263
7075	-71.0137
7076	-70.1304
7077	-69.9076
7078	-70.4836
7079	-71.5577
7080	-72.4722
7081	-71.4484
7082	-70.9634
7083	-70.5162
7084	-69.5651
7085	-69.17
7086	-69.3915
7087	-68.3237
7088	-66.5671
7089	-66.3617
7090	-66.1104
7091	-65.2249
7092	-62.5659
7093	-57.0209
7094	-50.8086
7095	-46.1696
7096	-45.6109
7097	-50.1061
7098	-56.6077
7099	-62.634
7100	-64.1919
7101	-61.1182
7102	-57.583
7103	-57.9058
7104	-61.2451
7105	-64.505
7106	-67.8631
7107	-67.6692
7108	-67.5932
7109	-67.7678
7110	-67.4047
7111	-68.3649
7112	-68.9286
7113	-69.689
7114	-70.5614
7115	-71.0054
7116	-71.104
7117	-72.1308
7118	-72.4085
7119	-72.2577
7120	-70.7664
7121	-69.7632
7122	-70.1286
7123	-71.2462
7124	-72.4912
7125	-71.4174
7126	-70.4226
7127	-67.0633
7128	-62.9985
7129	-64.9499
7130	-71.2185
7131	-73.0231
7132	-72.714
7133	-72.1777
7134	-70.0516
7135	-69.7844
7136	-68.325
7137	-68.2552
7138	-67.9021
7139	-68.9785
7140	-69.2391
7141	-69.9026
7142	-69.8276
7143	-67.418
7144	-62.697
7145	-58.2096
7146	-57.7899
7147	-61.6202
7148	-66.5401
7149	-69.429
7150	-69.0095
7151	-67.8859
7152	-66.3721
7153	-66.4284
7154	-68.4177
7155	-67.4973
7156	-67.2147
7157	-68.5299
7158	-67.1361
7159	-66.1
7160	-66.1378
7161	-68.8296
7162	-68.4921
7163	-67.0826
7164	-67.3529
7165	-68.3493
7166	-67.085
7167	-66.9718
7168	-64.5848
7169	-56.3568
7170	-54.5678
7171	-60.4126
7172	-66.8509
7173	-67.3121
7174	-65.5249
7175	-62.3472
7176	-59.6985
7177	-59.7512
7178	-61.9937
7179	-64.9489
7180	-67.0579
7181	-68.6774
7182	-70.8773
7183	-70.2758
7184	-68.7052
7185	-69.0167
7186	-68.6143
7187	-69.546
7188	-69.1975
7189	-70.6249
7190	-71.8122
7191	-72.6469
7192	-72.151
7193	-64.8926
7194	-61.8465
7195	-66.7991
7196	-70.818
7197	-72.4935
7198	-73.0448
7199	-71.906
7200	-72.3369
7201	-72.0214
7202	-71.4604
7203	-72.1072
7204	-71.5393
7205	-71.9242
7206	-71.3548
7207	-70.5676
7208	-70.2536
7209	-69.0788
7210	-68.0969
7211	-66.651
7212	-65.6727
7213	-65.1046
7214	-64.933
7215	-64.9052
7216	-63.8675
7217	-58.8742
7218	-49.4061
7219	-38.5641
7220	-36.0816
7221	-42.7065
7222	-55.2513
7223	-60.3804
7224	-57.3432
7225	-53.2452
7226	-50.473
7227	-49.9903
7228	-52.0834
7229	-56.3853
7230	-61.2394
7231	-64.7788
7232	-66.7226
7233	-67.9285
7234	-68.4895
7235	-69.6874
7236	-70.8021
7237	-70.3805
7238	-69.5658
7239	-70.4799
7240	-71.3776
7241	-71.0581
7242	-71.8515
7243	-72.7563
7244	-70.5644
7245	-69.6822
7246	-69.2924
7247	-71.1817
7248	-72.3969
7249	-72.8626
7250	-73.0951
7251	-71.8669
7252	-70.9432
7253	-71.3225
7254	-71.6224
7255	-73.0051
7256	-72.9398
7257	-72.7246
7258	-70.7271
7259	-68.9719
7260	-68.3803
7261	-69.0115
7262	-69.14
7263	-68.3166
7264	-69.1317
7265	-69.4768
7266	-69.1409
7267	-68.6455
7268	-65.7639
7269	-58.1249
7270	-56.4372
7271	-61.8988
7272	-68.4652
7273	-67.7986
7274	-64.7443
7275	-61.6581
7276	-60.1867
7277	-59.9311
7278	-61.4411
7279	-63.7633
7280	-63.5133
7281	-65.9056
7282	-65.8512
7283	-59.615
7284	-60.4104
7285	-63.6295
7286	-62.7605
7287	-62.8851
7288	-61.8633
7289	-63.2839
7290	-66.244
7291	-67.7478
7292	-63.5796
7293	-51.3957
7294	-48.533
7295	-54.8416
7296	-69.0494
7297	-69.3207
7298	-68.6732
7299	-67.8418
7300	-66.4558
7301	-66.5756
7302	-66.4755
7303	-66.4285
7304	-64.2677
7305	-66.5997
7306	-71.1793
7307	-71.4519
7308	-71.1067
7309	-69.849
7310	-70.1559
7311	-70.5525
7312	-70.1224
7313	-71.2038
7314	-72.0434
7315	-71.9917
7316	-72.5728
7317	-71.9268
7318	-71.1631
7319	-71.8044
7320	-73.0466
7321	-72.9805
7322	-72.2979
7323	-71.6968
7324	-71.3498
7325	-70.3469
7326	-70.4902
7327	-70.9718
7328	-71.6035
7329	-69.5026
7330	-68.8114
7331	-67.8757
7332	-66.3326
7333	-63.3971
7334	-62.1358
7335	-59.2485
7336	-57.5736
7337	-56.5752
7338	-57.0088
7339	-58.3892
7340	-59.2026
7341	-54.7742
7342	-21.8933
7343	-8.39079
7344	-5.46909
7345	-11.8378
7346	-30.6504
7347	-57.8995
7348	-60.5078
7349	-60.1974
7350	-58.8359
7351	-59.2549
7352	-60.3186
7353	-62.3692
7354	-64.5384
7355	-65.7886
7356	-68.3955
7357	-68.928
7358	-69.9385
7359	-69.8681
7360	-70.7618
7361	-71.259
7362	-70.6307
7363	-71.0295
7364	-72.2621
7365	-72.6684
7366	-72.7289
7367	-72.6521
7368	-70.844
7369	-67.499
7370	-66.9046
7371	-70.0167
7372	-71.5113
7373	-71.4639
7374	-70.5825
7375	-69.0768
7376	-67.987
7377	-69.0905
7378	-68.5945
7379	-69.7598
7380	-71.2956
7381	-71.7868
7382	-69.5679
7383	-64.6198
7384	-64.0029
7385	-64.7971
7386	-64.446
7387	-63.9401
7388	-64.2437
7389	-65.8679
7390	-67.7279
7391	-68.4949
7392	-63.4305
7393	-50.8705
7394	-48.0405
7395	-54.3784
7396	-68.015
7397	-67.9078
7398	-66.9793
7399	-64.9159
7400	-64.1052
7401	-64.8796
7402	-65.3965
7403	-64.343
7404	-60.1288
7405	-62.204
7406	-69.4473
7407	-68.9271
7408	-68.0161
7409	-67.3696
7410	-65.599
7411	-65.4495
7412	-65.1649
7413	-66.7331
7414	-69.2414
7415	-70.2799
7416	-70.8545
7417	-65.2936
7418	-62.3363
7419	-65.9053
7420	-69.5118
7421	-69.5191
7422	-69.2723
7423	-67.9998
7424	-67.0115
7425	-66.9018
7426	-67.3546
7427	-67.8321
7428	-69.1169
7429	-70.6934
7430	-71.5428
7431	-73.5988
7432	-73.3493
7433	-71.1986
7434	-69.4082
7435	-67.8726
7436	-68.1305
7437	-70.0056
7438	-71.4113
7439	-71.9266
7440	-71.322
7441	-69.0417
7442	-67.0453
7443	-67.7217
7444	-70.1214
7445	-73.3301
7446	-72.4565
7447	-71.9468
7448	-71.934
7449	-71.4698
7450	-71.198
7451	-71.1725
7452	-70.8291
7453	-70.9053
7454	-70.3281
7455	-70.3874
7456	-69.7171
7457	-67.6796
7458	-64.3186
7459	-59.2117
7460	-56.5506
7461	-56.1448
7462	-57.4317
7463	-60.1798
7464	-64.0353
7465	-66.2346
7466	-60.7295
7467	-49.0352
7468	-45.6198
7469	-50.9259
7470	-60.4704
7471	-65.904
7472	-66.4508
7473	-64.8859
7474	-63.7713
7475	-63.9089
7476	-63.7486
7477	-65.8804
7478	-67.7136
7479	-68.9683
7480	-70.4884
7481	-71.0832
7482	-71.8237
7483	-71.7704
7484	-72.4278
7485	-71.3827
7486	-71.1588
7487	-71.4637
7488	-71.4547
7489	-72.2264
7490	-73.1536
7491	-72.115
7492	-69.6983
7493	-64.8053
7494	-62.5716
7495	-68.4901
7496	-73.0653
7497	-72.4601
7498	-72.2866
7499	-71.7615
7500	-70.58
7501	-70.4739
7502	-69.9186
7503	-69.7917
7504	-70.102
7505	-71.1961
7506	-71.7548
7507	-70.1113
7508	-68.5039
7509	-66.9014
7510	-64.7827
7511	-63.9685
7512	-64.5644
7513	-66.8659
7514	-69.118
7515	-69.7197
7516	-70.6791
7517	-70.5724
7518	-69.3761
7519	-70.3235
7520	-69.9218
7521	-69.151
7522	-68.3518
7523	-66.3958
7524	-65.5837
7525	-65.3878
7526	-66.004
7527	-66.7319
7528	-66.9194
7529	-65.8242
7530	-66.2823
7531	-65.4003
7532	-63.5528
7533	-64.379
7534	-60.0183
7535	-56.4402
7536	-58.2762
7537	-62.1948
7538	-66.1158
7539	-67.3187
7540	-62.605
7541	-57.2978
7542	-54.2223
7543	-56.9523
7544	-63.0941
7545	-66.5149
7546	-68.4508
7547	-68.9823
7548	-68.4576
7549	-68.1299
7550	-67.735
7551	-67.4571
7552	-67.4639
7553	-68.0756
7554	-69.5639
7555	-71.8207
7556	-72.4293
7557	-72.4033
7558	-69.2936
7559	-64.7671
7560	-65.0551
7561	-69.2669
7562	-71.7302
7563	-72.203
7564	-72.3097
7565	-72.0038
7566	-71.4728
7567	-71.2025
7568	-71.9011
7569	-72.2891
7570	-72.055
7571	-71.5093
7572	-70.6438
7573	-69.6858
7574	-69.4612
7575	-69.2647
7576	-68.5101
7577	-67.2475
7578	-66.5402
7579	-66.2222
7580	-64.4894
7581	-63.3101
7582	-59.8412
7583	-54.3863
7584	-48.5281
7585	-44.518
7586	-46.3099
7587	-51.5463
7588	-57.6962
7589	-56.9726
7590	-50.3632
7591	-43.7895
7592	-40.4972
7593	-43.7211
7594	-49.9167
7595	-56.6948
7596	-61.1101
7597	-63.2745
7598	-64.2865
7599	-64.839
7600	-65.7731
7601	-67.4643
7602	-68.13
7603	-68.343
7604	-68.654
7605	-70.0373
7606	-70.5259
7607	-70.6914
7608	-71.6665
7609	-71.9535
7610	-71.3556
7611	-71.4698
7612	-71.7404
7613	-72.4404
7614	-73.5032
7615	-73.3892
7616	-73.0422
7617	-70.958
7618	-69.5535
7619	-71.598
7620	-72.869
7621	-72.4092
7622	-71.8054
7623	-70.9451
7624	-69.6563
7625	-68.6971
7626	-68.7685
7627	-68.8762
7628	-69.0753
7629	-68.8312
7630	-68.4442
7631	-68.3297
7632	-66.0158
7633	-65.6097
7634	-60.8358
7635	-57.6951
7636	-59.3201
7637	-63.7525
7638	-67.8884
7639	-67.3742
7640	-62.2559
7641	-57.2638
7642	-54.0521
7643	-56.6289
7644	-62.5391
7645	-64.0201
7646	-66.0905
7647	-65.9152
7648	-62.7192
7649	-61.4704
7650	-63.2683
7651	-64.4607
7652	-63.3968
7653	-62.9314
7654	-63.4906
7655	-67.2018
7656	-68.0711
7657	-66.0997
7658	-58.5795
7659	-52.7556
7660	-53.9435
7661	-62.5771
7662	-69.0766
7663	-70.3756
7664	-69.7216
7665	-68.1463
7666	-66.5655
7667	-67.1399
7668	-68.1527
7669	-67.2564
7670	-67.0606
7671	-69.2877
7672	-70.3592
7673	-70.4203
7674	-70.0091
7675	-70.1406
7676	-70.3383
7677	-71.0359
7678	-71.7249
7679	-72.1808
7680	-72.1679
7681	-72.8159
7682	-72.4743
7683	-69.4953
7684	-69.4559
7685	-72.2484
7686	-72.9408
7687	-73.2206
7688	-72.1422
7689	-71.1337
7690	-71.0415
7691	-70.6719
7692	-70.5965
7693	-71.7856
7694	-71.1388
7695	-70.4931
7696	-69.8907
7697	-69.1232
7698	-66.9144
7699	-66.1623
7700	-65.1276
7701	-62.8434
7702	-62.1132
7703	-61.7354
7704	-61.7381
7705	-61.9733
7706	-58.609
7707	-51.865
7708	-40.5552
7709	-33.0847
7710	-34.1595
7711	-44.7123
7712	-56.2813
7713	-60.8509
7714	-61.2673
7715	-58.1289
7716	-57.2788
7717	-58.4718
7718	-60.4766
7719	-63.51
7720	-66.1936
7721	-67.3752
7722	-68.7218
7723	-69.0391
7724	-69.4717
7725	-69.7994
7726	-70.4823
7727	-70.7596
7728	-70.2792
7729	-71.3017
7730	-72.0987
7731	-72.5307
7732	-72.8488
7733	-71.1284
7734	-69.2048
7735	-67.9405
7736	-69.0894
7737	-70.8406
7738	-71.2579
7739	-70.7787
7740	-69.0274
7741	-66.8118
7742	-65.8488
7743	-68.088
7744	-70.3498
7745	-72.6417
7746	-72.762
7747	-71.4977
7748	-68.4245
7749	-65.9894
7750	-65.6612
7751	-66.4208
7752	-66.5092
7753	-66.4606
7754	-67.3277
7755	-68.84
7756	-69.1661
7757	-66.0361
7758	-57.8146
7759	-52.0009
7760	-53.197
7761	-62.1553
7762	-69.089
7763	-68.6685
7764	-66.7126
7765	-65.0053
7766	-64.6336
7767	-65.2824
7768	-66.427
7769	-65.0666
7770	-63.3774
7771	-67.3072
7772	-68.9908
7773	-66.8777
7774	-67.9412
7775	-69.077
7776	-68.9447
7777	-67.7494
7778	-68.0281
7779	-68.8161
7780	-69.2863
7781	-70.0582
7782	-63.9061
7783	-55.2792
7784	-55.9653
7785	-65.7956
7786	-68.898
7787	-67.7978
7788	-66.4494
7789	-64.7983
7790	-63.5642
7791	-64.1872
7792	-65.2262
7793	-66.4093
7794	-67.8707
7795	-70.6178
7796	-72.4468
7797	-71.8863
7798	-70.413
7799	-69.2637
7800	-69.6122
7801	-69.1636
7802	-69.187
7803	-70.4774
7804	-71.7221
7805	-72.4118
7806	-70.0864
7807	-64.019
7808	-64.343
7809	-68.0841
7810	-71.2302
7811	-73.1835
7812	-72.7653
7813	-72.191
7814	-72.2428
7815	-71.5781
7816	-71.7289
7817	-72.1597
7818	-71.0229
7819	-71.8509
7820	-71.4634
7821	-71.1473
7822	-70.0542
7823	-67.9971
7824	-65.9469
7825	-63.579
7826	-63.5918
7827	-63.2135
7828	-64.523
7829	-65.3539
7830	-65.2635
7831	-46.689
7832	-23.2251
7833	-14.5268
7834	-15.3721
7835	-26.1043
7836	-53.5122
7837	-62.4781
7838	-60.7407
7839	-58.5234
7840	-57.3516
7841	-57.5125
7842	-58.9671
7843	-62.4092
7844	-65.1266
7845	-67.8683
7846	-69.9827
7847	-70.2816
7848	-71.1218
7849	-71.6707
7850	-71.6227
7851	-70.8353
7852	-71.176
7853	-71.6808
7854	-71.6704
7855	-72.8856
7856	-73.064
7857	-71.4098
7858	-68.6271
7859	-66.1227
7860	-67.3202
7861	-71.3812
7862	-72.7164
7863	-72.256
7864	-71.8831
7865	-71.2526
7866	-71.0354
7867	-70.5973
7868	-70.5468
7869	-72.0292
7870	-72.4664
7871	-72.7466
7872	-70.825
7873	-68.5615
7874	-68.5413
7875	-67.993
7876	-67.9996
7877	-68.2058
7878	-69.202
7879	-69.4786
7880	-69.7279
7881	-70.7168
7882	-66.4381
7883	-58.5642
7884	-59.2096
7885	-67.7324
7886	-69.181
7887	-67.7457
7888	-64.8545
7889	-63.4113
7890	-63.9747
7891	-63.8403
7892	-64.1945
7893	-64.6205
7894	-63.9305
7895	-66.6986
7896	-64.1155
7897	-60.2932
7898	-62.893
7899	-62.0628
7900	-60.4998
7901	-60.4269
7902	-60.9618
7903	-63.5599
7904	-66.8465
7905	-67.576
7906	-59.0412
7907	-50.688
7908	-51.0002
7909	-58.8235
7910	-67.3229
7911	-68.7053
7912	-68.5329
7913	-68.2212
7914	-66.829
7915	-67.236
7916	-67.113
7917	-65.3377
7918	-65.2318
7919	-68.3532
7920	-71.328
7921	-72.0852
7922	-71.9372
7923	-70.3895
7924	-69.3624
7925	-68.0517
7926	-68.7112
7927	-71.1339
7928	-71.8755
7929	-72.3638
7930	-72.5459
7931	-71.6524
7932	-71.3769
7933	-71.8138
7934	-72.4632
7935	-72.4534
7936	-72.2196
7937	-71.5113
7938	-70.6912
7939	-69.3199
7940	-70.1925
7941	-70.6991
7942	-69.3691
7943	-68.1834
7944	-67.2594
7945	-66.101
7946	-64.2843
7947	-61.6027
7948	-58.2194
7949	-54.165
7950	-51.7106
7951	-51.5045
7952	-53.0168
7953	-56.7199
7954	-57.8868
7955	-52.9537
7956	-38.6925
7957	-29.7637
7958	-30.1617
7959	-39.9162
7960	-52.618
7961	-58.5118
7962	-61.3685
7963	-61.648
7964	-61.3561
7965	-62.0964
7966	-63.6797
7967	-65.3138
7968	-65.5387
7969	-67.0715
7970	-69.0496
7971	-69.654
7972	-70.0574
7973	-70.7971
7974	-71.8645
7975	-71.566
7976	-71.5279
7977	-72.0016
7978	-72.4832
7979	-73.0344
7980	-73.5986
7981	-73.091
7982	-71.1255
7983	-67.03
7984	-67.9246
7985	-72.5104
7986	-72.1722
7987	-72.038
7988	-70.9941
7989	-69.1619
7990	-69.6342
7991	-69.1137
7992	-69.1339
7993	-69.0418
7994	-69.8218
7995	-69.7601
7996	-67.3965
7997	-64.6391
7998	-65.1157
7999	-63.2894
8000	-61.3014
8001	-60.8278
8002	-62.6733
8003	-65.4413
8004	-67.7056
8005	-67.2956
8006	-58.825
8007	-50.3432
8008	-50.6708
8009	-58.6905
8010	-65.34
8011	-66.2079
8012	-66.4558
8013	-64.3732
8014	-63.6789
8015	-64.3076
8016	-65.7172
8017	-62.2319
8018	-60.664
8019	-64.4079
8020	-68.2206
8021	-68.523
8022	-67.74
8023	-64.3666
8024	-60.1072
8025	-59.5025
8026	-61.974
8027	-65.5665
8028	-69.6923
8029	-71.4797
8030	-71.7693
8031	-71.7939
8032	-71.327
8033	-70.8689
8034	-70.2273
8035	-69.4262
8036	-70.0211
8037	-68.8847
8038	-69.2307
8039	-68.9567
8040	-69.2886
8041	-69.7081
8042	-70.3035
8043	-71.2566
8044	-71.9606
8045	-73.3747
8046	-73.3154
8047	-72.2675
8048	-69.4832
8049	-66.5403
8050	-69.7544
8051	-72.0055
8052	-72.1169
8053	-72.3978
8054	-71.2902
8055	-70.1518
8056	-69.9766
8057	-70.0419
8058	-71.3297
8059	-72.413
8060	-71.7051
8061	-71.2225
8062	-70.6896
8063	-69.8043
8064	-69.1275
8065	-69.2389
8066	-68.4293
8067	-66.9563
8068	-66.4199
8069	-66.4384
8070	-65.844
8071	-63.4132
8072	-58.7948
8073	-52.2163
8074	-47.4544
8075	-45.9691
8076	-49.8876
8077	-55.844
8078	-61.7814
8079	-64.8702
8080	-63.7715
8081	-60.646
8082	-60.1931
8083	-62.1676
8084	-64.5206
8085	-67.9471
8086	-68.0459
8087	-67.6471
8088	-67.7086
8089	-67.3173
8090	-68.1484
8091	-68.6989
8092	-69.5898
8093	-70.3007
8094	-71.0157
8095	-70.9586
8096	-71.8862
8097	-72.3989
8098	-72.5027
8099	-71.1333
8100	-69.8691
8101	-69.8919
8102	-71.0122
8103	-72.2311
8104	-71.685
8105	-70.6531
8106	-67.8815
8107	-63.421
8108	-64.1456
8109	-70.3177
8110	-73.1225
8111	-72.7622
8112	-72.2846
8113	-70.2503
8114	-70.3685
8115	-68.5797
8116	-68.2642
8117	-67.8526
8118	-68.7572
8119	-69.2713
8120	-69.6647
8121	-69.9464
8122	-67.9781
8123	-63.9439
8124	-59.1129
8125	-57.8883
8126	-61.1596
8127	-65.937
8128	-69.2639
8129	-69.5921
8130	-68.9475
8131	-67.9002
8132	-67.7672
8133	-68.6562
8134	-68.166
8135	-67.3998
8136	-68.6907
8137	-67.4783
8138	-65.9817
8139	-65.4804
8140	-67.9811
8141	-68.7579
8142	-67.2051
8143	-66.9262
8144	-68.2166
8145	-67.1947
8146	-66.814
8147	-65.797
8148	-56.9268
8149	-53.8916
8150	-58.3989
8151	-65.8078
8152	-67.4563
8153	-65.7551
8154	-62.8181
8155	-59.7585
8156	-59.3792
8157	-61.5703
8158	-64.4165
8159	-66.7506
8160	-68.1408
8161	-70.4547
8162	-70.5556
8163	-68.721
8164	-68.8319
8165	-68.6391
8166	-69.3237
8167	-69.0414
8168	-70.0295
8169	-71.7339
8170	-72.4248
8171	-72.4579
8172	-66.3722
8173	-61.8596
8174	-65.5658
8175	-70.5485
8176	-72.138
8177	-73.0571
8178	-71.934
8179	-72.1644
8180	-72.2707
8181	-71.4634
8182	-72.1135
8183	-71.5603
8184	-71.771
8185	-71.357
8186	-70.6969
8187	-70.166
8188	-68.9972
8189	-68.104
8190	-66.8962
8191	-65.7019
8192	-65.1656
8193	-64.6965
8194	-64.8337
8195	-63.914
8196	-59.4877
8197	-51.0161
8198	-39.3602
8199	-35.4076
8200	-40.2772
8201	-52.3864
8202	-59.88
8203	-57.9779
8204	-53.8819
8205	-50.631
8206	-49.6162
8207	-51.3581
8208	-55.3117
8209	-60.5632
8210	-64.0174
8211	-66.2483
8212	-67.814
8213	-68.0365
8214	-69.122
8215	-70.7044
8216	-70.3691
8217	-69.5575
8218	-70.182
8219	-71.3865
8220	-70.9942
8221	-71.7233
8222	-72.7289
8223	-71.1361
8224	-70.102
8225	-69.4507
8226	-70.9771
8227	-72.3879
8228	-72.9053
8229	-73.2384
8230	-72.3314
8231	-71.0528
8232	-71.2298
8233	-71.5596
8234	-72.6794
8235	-72.8046
8236	-72.6885
8237	-71.0948
8238	-69.008
8239	-68.0167
8240	-68.5785
8241	-69.1251
8242	-68.3505
8243	-68.8267
8244	-69.5111
8245	-69.0782
8246	-68.6256
8247	-66.6984
8248	-58.44
8249	-55.5933
8250	-59.9651
8251	-67.2514
8252	-67.9875
8253	-65.2355
8254	-61.8634
8255	-60.0883
8256	-59.5406
8257	-60.9999
8258	-63.5769
8259	-63.1317
8260	-65.0604
8261	-66.5893
8262	-60.4291
8263	-59.7793
8264	-63.2537
8265	-62.7979
8266	-63.1373
8267	-61.8487
8268	-62.8496
8269	-66.0316
8270	-67.6016
8271	-66.1304
8272	-53.0707
8273	-48.5972
8274	-53.2249
8275	-67.394
8276	-69.4642
8277	-68.9809
8278	-68.2008
8279	-67.018
8280	-66.9254
8281	-66.6852
8282	-66.9588
8283	-64.7339
8284	-66.0634
8285	-70.7871
8286	-71.522
8287	-71.3124
8288	-70.1165
8289	-70.1103
8290	-70.9433
8291	-70.2742
8292	-71.2478
8293	-72.1442
8294	-72.1956
8295	-72.7088
8296	-72.0119
8297	-71.2904
8298	-71.4689
8299	-72.9391
8300	-72.9201
8301	-72.9311
8302	-71.6283
8303	-71.5894
8304	-70.3727
8305	-70.2817
8306	-71.0082
8307	-71.7238
8308	-69.9071
8309	-68.8527
8310	-68.3248
8311	-67.0416
8312	-63.8817
8313	-62.6321
8314	-59.7028
8315	-57.6758
8316	-56.8064
8317	-56.7579
8318	-58.3408
8319	-59.2008
8320	-56.5728
8321	-27.0973
8322	-11.1557
8323	-6.58346
8324	-11.247
8325	-27.2749
8326	-57.5507
8327	-60.4568
8328	-60.5909
8329	-59.3054
8330	-59.2365
8331	-60.3482
8332	-62.2407
8333	-64.5398
8334	-65.7009
8335	-68.4235
8336	-69.0359
8337	-70.0098
8338	-69.9348
8339	-70.5959
8340	-71.4252
8341	-70.8706
8342	-71.1826
8343	-72.3202
8344	-72.8085
8345	-73.1299
8346	-72.8024
8347	-71.0333
8348	-67.846
8349	-66.3955
8350	-69.115
8351	-71.4917
8352	-71.451
8353	-70.6051
8354	-69.1753
8355	-67.9227
8356	-68.7201
8357	-68.6745
8358	-69.5901
8359	-71.1789
8360	-71.7414
8361	-70.3919
8362	-65.4481
8363	-63.7103
8364	-65.0231
8365	-64.4153
8366	-64.0007
8367	-63.8374
8368	-65.4644
8369	-67.4035
8370	-68.5614
8371	-66.0231
8372	-52.4811
8373	-48.0224
8374	-52.6828
8375	-66.9072
8376	-68.2594
8377	-67.3379
8378	-65.5343
8379	-64.5184
8380	-65.1693
8381	-65.5847
8382	-65.2882
8383	-60.846
8384	-61.5077
8385	-68.708
8386	-69.2652
8387	-68.2884
8388	-67.7947
8389	-66.3958
8390	-66.0671
8391	-65.6948
8392	-66.8716
8393	-69.0586
8394	-70.3205
8395	-70.8207
8396	-65.0801
8397	-60.7456
8398	-63.4577
8399	-68.7284
8400	-69.5379
8401	-69.4237
8402	-68.0808
8403	-67.0438
8404	-66.7479
8405	-67.0469
8406	-67.6543
8407	-68.4599
8408	-70.3647
8409	-71.303
8410	-73.1948
8411	-73.7141
8412	-71.5993
8413	-69.4972
8414	-68.0748
8415	-67.8599
8416	-69.5042
8417	-71.0779
8418	-71.8029
8419	-71.5652
8420	-69.4787
8421	-67.0768
8422	-67.4732
8423	-69.5682
8424	-73.0687
8425	-72.7005
8426	-71.9813
8427	-72.1349
8428	-71.6739
8429	-71.1633
8430	-71.2084
8431	-70.7985
8432	-70.8951
8433	-70.3801
8434	-70.3456
8435	-69.9882
8436	-68.2197
8437	-65.2133
8438	-60.427
8439	-57.3256
8440	-56.7387
8441	-57.6923
8442	-60.2649
8443	-63.8512
8444	-66.0975
8445	-60.9874
8446	-47.9692
8447	-42.9334
8448	-46.9299
8449	-57.6714
8450	-64.4306
8451	-66.2087
8452	-64.8275
8453	-63.4677
8454	-63.7096
8455	-63.4739
8456	-65.2095
8457	-67.1486
8458	-68.5908
8459	-69.8654
8460	-71.056
8461	-71.619
8462	-71.7498
8463	-72.4929
8464	-71.6356
8465	-71.266
8466	-71.356
8467	-71.3509
8468	-72.1176
8469	-73.175
8470	-72.5926
8471	-70.1521
8472	-66.1364
8473	-62.5574
8474	-67.2508
8475	-73.0239
8476	-72.6271
8477	-72.2428
8478	-72.0545
8479	-70.8524
8480	-70.7025
8481	-69.9418
8482	-69.8618
8483	-70.0351
8484	-71.0091
8485	-71.8249
8486	-70.3141
8487	-68.7984
8488	-67.339
8489	-65.496
8490	-64.4127
8491	-64.8024
8492	-66.7613
8493	-69.1479
8494	-69.4428
8495	-70.535
8496	-69.5242
8497	-67.0339
8498	-68.7905
8499	-69.9816
8500	-69.3907
8501	-68.6963
8502	-66.6281
8503	-65.2165
8504	-65.3096
8505	-65.5015
8506	-66.5126
8507	-66.5816
8508	-65.6354
8509	-65.9721
8510	-65.4062
8511	-63.5684
8512	-64.0892
8513	-60.6703
8514	-56.6325
8515	-57.4193
8516	-61.3676
8517	-65.3299
8518	-67.8011
8519	-63.4556
8520	-58.1224
8521	-54.4272
8522	-56.0509
8523	-61.9938
8524	-65.9791
8525	-68.1882
8526	-69.0724
8527	-68.5879
8528	-68.3215
8529	-67.7179
8530	-67.5554
8531	-67.4862
8532	-68.0111
8533	-69.2523
8534	-71.5362
8535	-72.0796
8536	-72.8394
8537	-70.5561
8538	-65.4603
8539	-64.7428
8540	-68.6957
8541	-71.7247
8542	-72.2929
8543	-72.6134
8544	-72.3143
8545	-71.5327
8546	-71.4111
8547	-71.7375
8548	-72.199
8549	-72.0218
8550	-71.718
8551	-70.8116
8552	-69.7285
8553	-69.2872
8554	-69.3082
8555	-68.5044
8556	-67.3408
8557	-66.4844
8558	-66.144
8559	-64.5498
8560	-63.5239
8561	-60.3688
8562	-55.1083
8563	-49.2415
8564	-44.6559
8565	-45.271
8566	-50.0952
8567	-56.8116
8568	-58.3641
8569	-51.7324
8570	-44.5625
8571	-40.3935
8572	-42.5566
8573	-48.7198
8574	-55.6767
8575	-60.3824
8576	-62.9413
8577	-64.2344
8578	-64.7841
8579	-65.4415
8580	-67.2068
8581	-67.8891
8582	-68.3054
8583	-68.4559
8584	-69.926
8585	-70.4096
8586	-70.6253
8587	-71.4842
8588	-72.206
8589	-71.1034
8590	-71.6909
8591	-71.7063
8592	-72.4619
8593	-73.3029
8594	-73.3852
8595	-73.1629
8596	-71.0353
8597	-69.1914
8598	-70.7806
8599	-72.6448
8600	-72.5677
8601	-71.8912
8602	-71.1657
8603	-69.5583
8604	-68.7594
8605	-68.5782
8606	-69.0573
8607	-68.8676
8608	-68.6464
8609	-68.4247
8610	-68.3507
8611	-66.3837
8612	-65.6094
8613	-61.6498
8614	-57.5504
8615	-58.4798
8616	-62.7243
8617	-66.9564
8618	-68.031
8619	-62.9796
8620	-58.0553
8621	-54.0881
8622	-55.7122
8623	-61.4902
8624	-63.8256
8625	-65.639
8626	-66.6215
8627	-63.0722
8628	-61.8552
8629	-62.86
8630	-64.8241
8631	-63.264
8632	-63.1677
8633	-63.0683
8634	-66.6631
8635	-68.1599
8636	-66.8055
8637	-60.3309
8638	-53.6184
8639	-53.4793
8640	-61.1868
8641	-68.4327
8642	-70.4282
8643	-70.3452
8644	-69.2654
8645	-67.3966
8646	-67.623
8647	-68.5028
8648	-67.9029
8649	-67.1381
8650	-69.1346
8651	-70.1974
8652	-70.5519
8653	-70.0458
8654	-70.2036
8655	-70.3738
8656	-71.0073
8657	-71.5566
8658	-71.988
8659	-72.1976
8660	-72.6164
8661	-72.9126
8662	-69.7214
8663	-68.5313
8664	-71.5853
8665	-72.7461
8666	-73.4359
8667	-72.3146
8668	-71.3403
8669	-71.0213
8670	-70.8667
8671	-70.7
8672	-71.5948
8673	-71.3384
8674	-70.5976
8675	-70.1927
8676	-69.4655
8677	-67.4772
8678	-66.2995
8679	-65.3142
8680	-63.4751
8681	-62.187
8682	-62.0371
8683	-61.9231
8684	-62.5249
8685	-59.7286
8686	-53.7038
8687	-43.0467
8688	-34.3628
8689	-33.7355
8690	-42.7168
8691	-55.0789
8692	-61.2052
8693	-62.0073
8694	-59.4207
8695	-58.1734
8696	-58.7255
8697	-60.7305
8698	-63.5726
8699	-66.307
8700	-67.6172
8701	-68.7689
8702	-69.34
8703	-69.3232
8704	-69.8126
8705	-70.17
8706	-70.7958
8707	-70.3687
8708	-71.0985
8709	-71.8054
8710	-72.3418
8711	-72.9971
8712	-71.642
8713	-69.3278
8714	-67.796
8715	-68.5806
8716	-70.6786
8717	-71.4109
8718	-70.9984
8719	-69.3748
8720	-67.3008
8721	-65.7044
8722	-67.7517
8723	-70.079
8724	-72.3032
8725	-72.9633
8726	-72.0004
8727	-69.1336
8728	-66.5725
8729	-65.7652
8730	-66.3775
8731	-66.4827
8732	-66.5033
8733	-66.9092
8734	-68.5016
8735	-69.3912
8736	-67.0448
8737	-59.6172
8738	-52.7912
8739	-52.6669
8740	-60.4763
8741	-68.3181
8742	-69.3032
8743	-67.3938
8744	-65.7085
8745	-65.1929
8746	-65.8976
8747	-66.563
8748	-65.9111
8749	-63.5771
8750	-66.7893
8751	-69.2066
8752	-66.7735
8753	-67.3905
8754	-69.3431
8755	-69.3217
8756	-68.2449
8757	-67.9125
8758	-68.7734
8759	-69.2169
8760	-69.9628
8761	-65.6696
8762	-55.3034
8763	-54.4204
8764	-62.8267
8765	-68.7703
8766	-68.0224
8767	-66.5305
8768	-64.7465
8769	-63.3726
8770	-63.9004
8771	-64.8684
8772	-66.0522
8773	-67.2497
8774	-69.831
8775	-71.9838
8776	-71.9567
8777	-70.6744
8778	-69.4348
8779	-69.4131
8780	-69.3246
8781	-68.9657
8782	-70.2589
8783	-71.3374
8784	-72.2578
8785	-71.007
8786	-64.8134
8787	-63.761
8788	-67.585
8789	-70.6931
8790	-73.1346
8791	-72.8839
8792	-72.052
8793	-72.2526
8794	-71.6533
8795	-71.7431
8796	-72.1715
8797	-70.8773
8798	-71.8279
8799	-71.4641
8800	-71.1574
8801	-70.3054
8802	-68.3413
8803	-66.6161
8804	-64.059
8805	-63.8739
8806	-63.4636
8807	-64.4871
8808	-65.1105
8809	-65.1549
8810	-53.9819
8811	-26.0227
8812	-15.3812
8813	-14.6249
8814	-23.4175
8815	-46.7309
8816	-61.9673
8817	-60.832
8818	-58.7223
8819	-56.9994
8820	-57.339
8821	-58.3237
8822	-61.4349
8823	-64.7746
8824	-67.1356
8825	-69.5217
8826	-70.1702
8827	-70.5939
8828	-71.5923
8829	-71.6762
8830	-71.001
8831	-70.7562
8832	-71.4334
8833	-71.7241
8834	-72.5978
8835	-73.1409
8836	-72.0694
8837	-69.1235
8838	-66.7703
8839	-67.0654
8840	-70.7356
8841	-72.7664
8842	-72.3194
8843	-72.1914
8844	-71.3993
8845	-71.1991
8846	-70.9188
8847	-70.5897
8848	-71.9068
8849	-72.4952
8850	-72.6974
8851	-71.3297
8852	-68.6118
8853	-68.5718
8854	-68.2671
8855	-68.4275
8856	-68.5847
8857	-69.2113
8858	-69.6907
8859	-69.6363
8860	-70.5103
8861	-67.5125
8862	-58.1781
8863	-57.2813
8864	-65.1951
8865	-69.1126
8866	-68.0136
8867	-65.1734
8868	-63.3035
8869	-63.4439
8870	-63.8492
8871	-63.6584
8872	-64.4293
8873	-63.2556
8874	-66.288
8875	-65.2507
8876	-60.426
8877	-62.2253
8878	-62.7188
8879	-60.4624
8880	-60.2012
8881	-60.463
8882	-62.8428
8883	-66.2922
8884	-68.1156
8885	-61.1261
8886	-51.6009
8887	-50.3808
8888	-57.1769
8889	-66.6002
8890	-68.6955
8891	-68.5378
8892	-68.6977
8893	-67.0018
8894	-67.3713
8895	-67.4013
8896	-65.8506
8897	-65.0625
8898	-67.7958
8899	-70.8738
8900	-72.0012
8901	-72.2238
8902	-70.6235
8903	-69.8716
8904	-68.3711
8905	-68.613
8906	-71.0522
8907	-71.9026
8908	-72.2692
8909	-72.8564
8910	-71.6735
8911	-71.2534
8912	-71.7482
8913	-72.732
8914	-72.3397
8915	-72.2775
8916	-71.4671
8917	-70.8884
8918	-69.4298
8919	-70.1454
8920	-70.8511
8921	-69.6736
8922	-68.1124
8923	-67.5933
8924	-66.4367
8925	-64.7737
8926	-61.9431
8927	-59.0916
8928	-54.8837
8929	-52.0257
8930	-51.3286
8931	-52.381
8932	-56.0977
8933	-57.8769
8934	-54.3248
8935	-41.3409
8936	-30.5426
8937	-29.3108
8938	-37.7001
8939	-50.8115
8940	-57.8608
8941	-61.2724
8942	-61.9058
8943	-61.2816
8944	-62.1787
8945	-63.3293
8946	-65.1481
8947	-65.5416
8948	-66.8492
8949	-68.9536
8950	-69.681
8951	-70.1047
8952	-70.5177
8953	-71.749
8954	-71.6454
8955	-71.5123
8956	-72.1555
8957	-72.4268
8958	-73.0718
8959	-73.4655
8960	-72.9857
8961	-71.4475
8962	-67.1676
8963	-66.8322
8964	-71.631
8965	-72.2366
8966	-71.8533
8967	-71.294
8968	-69.2678
8969	-69.5981
8970	-69.1274
8971	-69.07
8972	-68.9988
8973	-69.6033
8974	-70.1046
8975	-68.0758
8976	-64.9635
8977	-64.8411
8978	-63.7
8979	-61.5846
8980	-60.4988
8981	-61.849
8982	-64.7472
8983	-67.2605
8984	-67.7543
8985	-60.7535
8986	-51.1798
8987	-49.9972
8988	-56.8277
8989	-65.0535
8990	-66.3212
8991	-66.8103
8992	-64.9851
8993	-63.6781
8994	-64.4501
8995	-65.7522
8996	-62.9999
8997	-60.7762
8998	-63.7214
8999	-68.0041
9000	-68.7195
9001	-68.3628
9002	-65.6474
9003	-61.2843
9004	-59.8123
9005	-61.9341
9006	-65.2083
9007	-69.4304
9008	-71.4763
9009	-71.3694
9010	-71.5076
9011	-70.9735
9012	-70.4682
9013	-70.4525
9014	-69.4264
9015	-69.9913
9016	-69.0218
9017	-69.3242
9018	-68.8887
9019	-69.0213
9020	-69.5136
9021	-70.1449
9022	-71.2461
9023	-71.6952
9024	-73.3278
9025	-73.5147
9026	-72.4786
9027	-69.9496
9028	-66.3139
9029	-68.313
9030	-71.4718
9031	-72.0135
9032	-72.246
9033	-71.7487
9034	-70.2718
9035	-69.8961
9036	-69.7497
9037	-71.165
9038	-72.2583
9039	-71.9942
9040	-71.3799
9041	-70.8314
9042	-70.279
9043	-69.3309
9044	-69.1914
9045	-68.7409
9046	-67.207
9047	-66.454
9048	-66.6766
9049	-66.4777
9050	-64.3879
9051	-60.1172
9052	-53.6759
9053	-48.8437
9054	-46.4829
9055	-49.7325
9056	-55.2263
9057	-61.0485
9058	-65.1118
9059	-65.4157
9060	-63.1175
9061	-62.1212
9062	-63.2478
9063	-64.4002
9064	-68.1304
9065	-68.3453
9066	-67.7715
9067	-67.6619
9068	-67.3316
9069	-67.9758
9070	-68.5405
9071	-69.4626
9072	-70.1092
9073	-70.8505
9074	-71.0409
9075	-71.7551
9076	-72.3734
9077	-72.6877
9078	-71.1605
9079	-69.9973
9080	-69.7596
9081	-70.7508
9082	-71.9769
9083	-71.8736
9084	-70.6928
9085	-68.4762
9086	-64.0516
9087	-63.5621
9088	-69.1546
9089	-72.9128
9090	-72.9757
9091	-72.5917
9092	-70.7975
9093	-70.3715
9094	-68.8691
9095	-68.2836
9096	-67.9678
9097	-68.6079
9098	-69.324
9099	-69.4506
9100	-69.9211
9101	-68.5163
9102	-65.0488
9103	-60.1556
9104	-58.1948
9105	-60.9109
9106	-65.4872
9107	-69.0612
9108	-70.1876
9109	-69.7965
9110	-69.5049
9111	-69.4553
9112	-69.0353
9113	-68.6905
9114	-67.7223
9115	-68.5606
9116	-67.75
9117	-66.099
9118	-65.0196
9119	-67.0164
9120	-69.1699
9121	-67.4519
9122	-66.6598
9123	-67.9933
9124	-67.2362
9125	-66.7059
9126	-66.3179
9127	-57.8383
9128	-53.4844
9129	-56.5974
9130	-64.5956
9131	-67.4619
9132	-66.0954
9133	-63.3069
9134	-59.9917
9135	-59.1382
9136	-61.2086
9137	-63.9702
9138	-66.391
9139	-67.524
9140	-70.0331
9141	-70.8074
9142	-68.8198
9143	-68.7224
9144	-68.7847
9145	-68.9955
9146	-69.0731
9147	-69.6557
9148	-71.6718
9149	-72.071
9150	-72.9028
9151	-68.0706
9152	-62.1561
9153	-64.4534
9154	-70.3908
9155	-71.9237
9156	-73.0332
9157	-71.9101
9158	-72.1258
9159	-72.3974
9160	-71.4951
9161	-71.9978
9162	-71.6826
9163	-71.7781
9164	-71.4694
9165	-70.8684
9166	-70.0682
9167	-69.0538
9168	-68.0799
9169	-67.1011
9170	-65.7599
9171	-65.3151
9172	-64.5465
9173	-64.9303
9174	-63.754
9175	-59.9878
9176	-52.5215
9177	-40.5278
9178	-35.0818
9179	-38.2714
9180	-49.7787
9181	-59.0601
9182	-58.5184
9183	-54.2754
9184	-50.7355
9185	-49.3054
9186	-50.8408
9187	-54.3893
9188	-59.7577
9189	-63.1479
9190	-65.8253
9191	-67.3535
9192	-67.7147
9193	-68.671
9194	-70.5904
9195	-70.5134
9196	-69.6983
9197	-69.7966
9198	-71.3137
9199	-70.9839
9200	-71.6547
9201	-72.5808
9202	-71.7331
9203	-70.3705
9204	-69.5465
9205	-70.6181
9206	-72.454
9207	-72.97
9208	-73.076
9209	-72.6248
9210	-71.245
9211	-71.0548
9212	-71.4449
9213	-72.4041
9214	-72.8225
9215	-72.6199
9216	-71.2058
9217	-69.1027
9218	-67.8069
9219	-68.2333
9220	-69.1068
9221	-68.4654
9222	-68.5936
9223	-69.5695
9224	-69.0831
9225	-68.8344
9226	-67.2346
9227	-59.089
9228	-55.0651
9229	-58.1337
9230	-65.8928
9231	-68.1598
9232	-65.9303
9233	-62.166
9234	-60.0912
9235	-59.2094
9236	-60.5073
9237	-63.0871
9238	-62.9529
9239	-64.2849
9240	-67.0776
9241	-61.5236
9242	-59.4368
9243	-62.9024
9244	-62.9023
9245	-63.2697
9246	-61.9861
9247	-62.4006
9248	-65.4356
9249	-67.5974
9250	-67.5186
9251	-55.1053
9252	-48.9586
9253	-51.9661
9254	-64.8785
9255	-69.6232
9256	-69.2814
9257	-68.5436
9258	-67.6183
9259	-67.1507
9260	-67.0713
9261	-67.2169
9262	-65.3006
9263	-65.5724
9264	-70.1627
9265	-71.7062
9266	-71.7474
9267	-70.4575
9268	-70.1365
9269	-70.9895
9270	-70.4427
9271	-71.1284
9272	-72.2082
9273	-72.3483
9274	-72.676
9275	-72.1157
9276	-71.2097
9277	-71.1005
9278	-72.8733
9279	-72.9051
9280	-73.0427
9281	-71.7051
9282	-71.6698
9283	-70.4826
9284	-70.2529
9285	-70.7782
9286	-71.3416
9287	-70.337
9288	-69.175
9289	-68.7214
9290	-67.5655
9291	-64.4077
9292	-63.1903
9293	-60.273
9294	-57.9792
9295	-57.2753
9296	-56.6375
9297	-58.3388
9298	-59.1152
9299	-57.2729
9300	-32.9265
9301	-14.1568
9302	-7.87906
9303	-10.8919
9304	-24.495
9305	-56.3635
9306	-60.4006
9307	-60.8931
9308	-59.9208
9309	-59.4439
9310	-60.5641
9311	-62.0164
9312	-64.3269
9313	-65.628
9314	-68.1573
9315	-69.0867
9316	-69.846
9317	-70.0998
9318	-70.3089
9319	-71.2561
9320	-71.0907
9321	-71.0475
9322	-71.9757
9323	-72.9075
9324	-73.0744
9325	-72.5733
9326	-71.2999
9327	-68.1829
9328	-66.1011
9329	-68.2108
9330	-71.3239
9331	-71.3459
9332	-70.6432
9333	-69.3011
9334	-67.9312
9335	-68.4124
9336	-68.6889
9337	-69.2822
9338	-70.9619
9339	-71.7179
9340	-70.9564
9341	-66.4583
9342	-63.6778
9343	-64.8673
9344	-64.526
9345	-64.092
9346	-63.6301
9347	-65.0691
9348	-67.0714
9349	-68.4651
9350	-67.6615
9351	-54.4547
9352	-48.3012
9353	-51.3379
9354	-64.4282
9355	-68.6844
9356	-67.6253
9357	-66.3531
9358	-64.8564
9359	-65.0987
9360	-65.8563
9361	-65.9922
9362	-61.8615
9363	-61.0767
9364	-67.7122
9365	-69.6198
9366	-68.4272
9367	-68.2371
9368	-67.3406
9369	-66.7032
9370	-66.2042
9371	-67.1611
9372	-68.8799
9373	-70.3049
9374	-70.9429
9375	-65.3993
9376	-59.5987
9377	-61.2717
9378	-67.6048
9379	-69.4166
9380	-69.5329
9381	-68.2769
9382	-67.0196
9383	-66.8294
9384	-66.9096
9385	-67.3679
9386	-67.8858
9387	-69.9854
9388	-71.1606
9389	-72.8705
9390	-73.9534
9391	-71.9539
9392	-69.7422
9393	-68.0957
9394	-67.5892
9395	-69.096
9396	-70.616
9397	-71.7102
9398	-71.6762
9399	-69.908
9400	-67.3045
9401	-67.1966
9402	-68.9882
9403	-72.4671
9404	-72.9866
9405	-71.8774
9406	-72.1357
9407	-71.8619
9408	-71.1328
9409	-71.2942
9410	-70.7965
9411	-70.886
9412	-70.5689
9413	-70.4019
9414	-70.2339
9415	-68.7253
9416	-66.2157
9417	-61.7466
9418	-58.3697
9419	-57.4607
9420	-58.3442
9421	-60.4417
9422	-63.7123
9423	-66.1371
9424	-61.3484
9425	-47.8074
9426	-41.1092
9427	-43.6151
9428	-54.1774
9429	-62.7282
9430	-65.9094
9431	-64.6993
9432	-63.3276
9433	-63.3637
9434	-63.3272
9435	-64.4503
9436	-66.5995
9437	-68.1387
9438	-69.4145
9439	-71.0515
9440	-71.3905
9441	-71.7204
9442	-72.3792
9443	-71.7601
9444	-71.2181
9445	-71.4871
9446	-71.2848
9447	-71.9734
9448	-73.1631
9449	-72.9553
9450	-70.5876
9451	-67.3992
9452	-62.8233
9453	-66.0251
9454	-72.9747
9455	-72.6196
9456	-72.2572
9457	-72.1822
9458	-70.9161
9459	-70.8054
9460	-70.1032
9461	-69.9267
9462	-70.0418
9463	-70.698
9464	-71.8116
9465	-70.6661
9466	-69.0903
9467	-67.8766
9468	-66.1322
9469	-65.0171
9470	-65.0692
9471	-66.767
9472	-69.1398
9473	-69.4166
9474	-70.5267
9475	-68.8471
9476	-64.7757
9477	-66.1872
9478	-69.3943
9479	-69.6783
9480	-68.8598
9481	-66.9136
9482	-65.0001
9483	-65.3336
9484	-65.1337
9485	-66.1705
9486	-66.344
9487	-65.502
9488	-65.8013
9489	-65.6602
9490	-63.7591
9491	-63.784
9492	-61.2456
9493	-56.9782
9494	-56.6835
9495	-60.535
9496	-64.3767
9497	-68.0495
9498	-64.3466
9499	-58.9935
9500	-54.8842
9501	-55.476
9502	-60.9357
9503	-65.5213
9504	-67.5579
9505	-69.1938
9506	-68.6418
9507	-68.2137
9508	-67.7363
9509	-67.7536
9510	-67.424
9511	-67.8763
9512	-68.8651
9513	-71.0062
9514	-71.9636
9515	-73.0086
9516	-71.2037
9517	-66.4151
9518	-64.6941
9519	-68.0197
9520	-71.5958
9521	-72.462
9522	-72.6437
9523	-72.3102
9524	-71.6559
9525	-71.6082
9526	-71.55
9527	-72.2062
9528	-72.0502
9529	-71.8583
9530	-70.9205
9531	-69.9456
9532	-69.2741
9533	-69.3344
9534	-68.7433
9535	-67.5463
9536	-66.5475
9537	-66.0963
9538	-64.6461
9539	-63.7352
9540	-60.7712
9541	-55.9326
9542	-49.9208
9543	-44.9246
9544	-44.4492
9545	-48.7694
9546	-55.3048
9547	-59.3913
9548	-52.9318
9549	-45.4748
9550	-40.5568
9551	-41.6418
9552	-47.6457
9553	-54.3447
9554	-59.7204
9555	-62.6993
9556	-63.9128
9557	-64.6908
9558	-65.2066
9559	-66.8365
9560	-67.7601
9561	-68.2092
9562	-68.3346
9563	-69.6673
9564	-70.2716
9565	-70.7136
9566	-71.2164
9567	-72.2669
9568	-71.0799
9569	-71.8461
9570	-71.5823
9571	-72.5612
9572	-73.3271
9573	-73.5728
9574	-73.2586
9575	-71.1332
9576	-68.7345
9577	-69.9423
9578	-72.319
9579	-72.7222
9580	-72.0111
9581	-71.3271
9582	-69.6279
9583	-68.8931
9584	-68.4549
9585	-69.2391
9586	-68.6602
9587	-68.6307
9588	-68.3791
9589	-68.3801
9590	-66.9448
9591	-65.5998
9592	-62.379
9593	-57.6005
9594	-57.7786
9595	-61.4589
9596	-65.9546
9597	-68.6855
9598	-63.6813
9599	-58.8017
9600	-54.397
9601	-54.9891
9602	-60.3728
9603	-63.8397
9604	-64.9738
9605	-66.748
9606	-63.5439
9607	-61.9933
9608	-62.6028
9609	-65.1889
9610	-63.4318
9611	-63.2455
9612	-62.8735
9613	-65.9186
9614	-68.0285
9615	-67.4424
9616	-62.0655
9617	-54.8838
9618	-53.3284
9619	-59.9381
9620	-67.5444
9621	-70.6307
9622	-70.647
9623	-69.8466
9624	-68.4048
9625	-68.327
9626	-68.9954
9627	-68.5928
9628	-67.3616
9629	-69.1354
9630	-70.1201
9631	-70.6418
9632	-70.0838
9633	-70.1727
9634	-70.3284
9635	-70.9952
9636	-71.504
9637	-71.9567
9638	-72.2845
9639	-72.487
9640	-73.1217
9641	-69.9381
9642	-67.6229
9643	-70.7387
9644	-72.6108
9645	-73.2435
9646	-72.3509
9647	-71.8001
9648	-71.1166
9649	-70.9533
9650	-70.6477
9651	-71.2725
9652	-71.529
9653	-70.8739
9654	-70.594
9655	-69.6845
9656	-67.985
9657	-66.6566
9658	-65.6492
9659	-64.0723
9660	-62.471
9661	-62.2829
9662	-61.9897
9663	-62.5368
9664	-60.6186
9665	-55.4701
9666	-45.6734
9667	-35.7863
9668	-33.6621
9669	-40.8425
9670	-53.6172
9671	-61.2505
9672	-62.5942
9673	-60.7845
9674	-59.0461
9675	-59.3014
9676	-61.1839
9677	-63.6469
9678	-66.6669
9679	-67.7858
9680	-68.8305
9681	-69.7377
9682	-69.2353
9683	-69.9021
9684	-69.9563
9685	-70.6833
9686	-70.4559
9687	-71.0952
9688	-71.6366
9689	-72.2685
9690	-72.9348
9691	-71.9183
9692	-69.6567
9693	-67.8597
9694	-68.1968
9695	-70.2422
9696	-71.5347
9697	-71.1602
9698	-69.6941
9699	-67.8875
9700	-65.7172
9701	-67.0721
9702	-69.6923
9703	-72.071
9704	-73.0981
9705	-72.3563
9706	-69.6365
9707	-67.1071
9708	-65.75
9709	-66.4664
9710	-66.4818
9711	-66.5602
9712	-66.667
9713	-68.0794
9714	-69.3602
9715	-68.0633
9716	-61.4388
9717	-53.9823
9718	-52.4901
9719	-58.9366
9720	-67.4679
9721	-69.6216
9722	-68.1742
9723	-66.3995
9724	-65.8587
9725	-66.4221
9726	-66.7734
9727	-66.6656
9728	-64.0484
9729	-66.3062
9730	-69.3261
9731	-66.7409
9732	-66.7682
9733	-69.0984
9734	-69.5981
9735	-68.7477
9736	-67.7786
9737	-68.6197
9738	-69.1296
9739	-69.8471
9740	-67.5221
9741	-55.704
9742	-53.2313
9743	-60.0015
9744	-68.7566
9745	-68.3419
9746	-66.6593
9747	-64.8407
9748	-63.3792
9749	-63.7512
9750	-64.3425
9751	-65.7624
9752	-66.7132
9753	-68.9743
9754	-71.5841
9755	-72.1771
9756	-70.9703
9757	-69.4919
9758	-69.0489
9759	-69.3575
9760	-68.7729
9761	-70.024
9762	-71.1135
9763	-72.2348
9764	-71.653
9765	-65.8498
9766	-63.3571
9767	-66.9803
9768	-70.2311
9769	-72.8392
9770	-73.0805
9771	-72.0643
9772	-72.3385
9773	-71.8556
9774	-71.7941
9775	-72.116
9776	-71.0019
9777	-71.5082
9778	-71.4724
9779	-71.2548
9780	-70.621
9781	-68.598
9782	-66.9037
9783	-64.6916
9784	-64.0649
9785	-63.8058
9786	-64.4337
9787	-65.0496
9788	-65.0146
9789	-60.1933
9790	-29.2933
9791	-16.5383
9792	-14.1712
9793	-21.1453
9794	-41.014
9795	-61.2322
9796	-60.9592
9797	-58.6933
9798	-56.7793
9799	-57.1113
9800	-57.8432
9801	-60.5581
9802	-64.2145
9803	-66.4522
9804	-69.1784
9805	-70.0985
9806	-70.346
9807	-71.4758
9808	-71.7637
9809	-70.9212
9810	-70.5844
9811	-71.2998
9812	-71.5943
9813	-72.431
9814	-73.1433
9815	-72.3044
9816	-69.7539
9817	-67.4992
9818	-67.005
9819	-70.1774
9820	-72.7061
9821	-72.4168
9822	-72.4262
9823	-71.6276
9824	-71.2776
9825	-71.3176
9826	-70.6161
9827	-71.6708
9828	-72.2621
9829	-72.745
9830	-71.9047
9831	-68.6888
9832	-68.4363
9833	-68.5846
9834	-68.7815
9835	-68.912
9836	-69.3454
9837	-69.8478
9838	-69.6195
9839	-70.4448
9840	-68.7148
9841	-58.2493
9842	-55.769
9843	-62.5318
9844	-68.9288
9845	-68.3325
9846	-65.6457
9847	-63.1677
9848	-62.9307
9849	-63.8219
9850	-63.2753
9851	-64.2576
9852	-62.8231
9853	-65.3194
9854	-66.1656
9855	-60.8281
9856	-61.6368
9857	-62.9185
9858	-60.4822
9859	-59.9343
9860	-60.2116
9861	-62.1469
9862	-65.7279
9863	-67.9862
9864	-63.0505
9865	-52.8212
9866	-50.0212
9867	-55.4607
9868	-65.659
9869	-68.4258
9870	-68.6459
9871	-68.9069
9872	-67.3111
9873	-67.4893
9874	-67.6233
9875	-66.4298
9876	-65.0277
9877	-67.25
9878	-70.4829
9879	-71.8089
9880	-72.2829
9881	-70.9103
9882	-70.0997
9883	-68.6737
9884	-68.6214
9885	-70.9622
9886	-71.8632
9887	-72.1588
9888	-73.0625
9889	-71.9138
9890	-71.4269
9891	-71.7821
9892	-72.6026
9893	-72.2383
9894	-72.2524
9895	-71.4294
9896	-71.1073
9897	-69.5189
9898	-69.714
9899	-70.6357
9900	-70.0534
9901	-68.1856
9902	-67.6468
9903	-66.7334
9904	-65.0812
9905	-62.2871
9906	-59.8804
9907	-55.3135
9908	-52.3147
9909	-51.0802
9910	-51.9686
9911	-55.2905
9912	-57.819
9913	-55.9036
9914	-44.109
9915	-31.6429
9916	-28.811
9917	-35.4249
9918	-48.9689
9919	-57.1093
9920	-60.9146
9921	-61.9787
9922	-61.3286
9923	-62.3826
9924	-63.137
9925	-65.0632
9926	-65.6996
9927	-66.6793
9928	-68.7279
9929	-69.5064
9930	-70.3298
9931	-70.4462
9932	-71.7078
9933	-71.7556
9934	-71.4207
9935	-72.2402
9936	-72.3654
9937	-72.8723
9938	-73.5752
9939	-73.0111
9940	-71.8985
9941	-67.5261
9942	-65.9518
9943	-70.6899
9944	-72.3676
9945	-72.0533
9946	-71.2911
9947	-69.5418
9948	-69.3774
9949	-69.0062
9950	-68.9716
9951	-68.8689
9952	-69.3349
9953	-70.4888
9954	-68.6344
9955	-65.3243
9956	-64.7516
9957	-64.089
9958	-61.8061
9959	-60.3008
9960	-61.2093
9961	-64.1598
9962	-66.8031
9963	-67.724
9964	-62.5074
9965	-52.3302
9966	-49.6492
9967	-55.1302
9968	-64.7737
9969	-66.4209
9970	-66.6607
9971	-65.6459
9972	-63.7649
9973	-64.4717
9974	-65.8732
9975	-63.9626
9976	-61.0491
9977	-62.9484
9978	-67.2649
9979	-68.932
9980	-68.8672
9981	-66.6392
9982	-62.3267
9983	-60.3477
9984	-62.0892
9985	-65.0499
9986	-69.1034
9987	-71.3873
9988	-70.92
9989	-70.2495
9990	-69.4182
9991	-69.3294
9992	-70.1667
9993	-69.6241
9994	-69.9803
9995	-69.3448
9996	-69.0117
9997	-68.9796
9998	-68.9055
9999	-69.4528
10000	-70.0006
10001	-71.0402
10002	-71.3725
10003	-73.2552
10004	-73.5634
10005	-72.5511
10006	-70.278
10007	-66.3418
10008	-67.1975
10009	-70.7085
10010	-71.9379
10011	-72.0147
10012	-71.9533
10013	-70.3381
10014	-69.9252
10015	-69.5766
10016	-71.1278
10017	-72.1876
10018	-72.0768
10019	-71.5385
10020	-70.8437
10021	-70.6593
10022	-69.6246
10023	-69.236
10024	-69.0452
10025	-67.6851
10026	-66.6099
10027	-66.9704
10028	-66.6338
10029	-65.3222
10030	-61.5599
10031	-55.0325
10032	-50.3952
10033	-47.0938
10034	-49.5031
10035	-54.776
10036	-60.7469
10037	-65.1609
10038	-65.891
10039	-63.4429
10040	-61.7388
10041	-63.2045
10042	-63.4856
10043	-67.1314
10044	-68.5103
10045	-67.9885
10046	-67.5842
10047	-67.4662
10048	-67.712
10049	-68.5461
10050	-69.3054
10051	-69.854
10052	-70.7661
10053	-71.2247
10054	-71.6922
10055	-72.1446
10056	-72.5014
10057	-71.4042
10058	-70.0864
10059	-69.619
10060	-70.6971
10061	-71.6733
10062	-72.324
10063	-70.8859
10064	-69.0423
10065	-64.8364
10066	-63.2469
10067	-68.0684
10068	-72.6878
10069	-73.2206
10070	-72.8107
10071	-71.1722
10072	-70.3502
10073	-69.2552
10074	-68.475
10075	-68.092
10076	-68.4844
10077	-69.3321
10078	-69.2643
10079	-69.8475
10080	-68.9807
10081	-65.9116
10082	-61.4488
10083	-58.7759
10084	-60.8133
10085	-64.8858
10086	-68.7575
10087	-70.4091
10088	-70.3339
10089	-70.6495
10090	-70.4548
10091	-69.5891
10092	-69.1737
10093	-68.2304
10094	-68.7968
10095	-68.1532
10096	-66.1784
10097	-64.5194
10098	-66.2142
10099	-69.2646
10100	-67.6292
10101	-66.5561
10102	-67.5058
10103	-67.3962
10104	-66.6014
10105	-66.2467
10106	-59.2033
10107	-53.3362
10108	-55.0124
10109	-63.1396
10110	-67.3348
10111	-66.3915
10112	-63.7911
10113	-60.3165
10114	-59.1416
10115	-60.5117
10116	-63.5037
10117	-65.96
10118	-67.0608
10119	-69.3943
10120	-70.8294
10121	-69.0827
10122	-68.6318
10123	-68.6523
10124	-68.8665
10125	-69.1697
10126	-69.4003
10127	-71.6364
10128	-71.8707
10129	-72.9288
10130	-69.7219
10131	-62.7385
10132	-63.6041
10133	-69.8334
10134	-71.7177
10135	-72.9403
10136	-72.1226
10137	-72.1417
10138	-72.5282
10139	-71.6427
10140	-72.1168
10141	-71.8933
10142	-71.6788
10143	-71.568
10144	-71.0932
10145	-69.9323
10146	-69.0833
10147	-67.8592
10148	-67.3027
10149	-65.8683
10150	-65.3978
10151	-64.2406
10152	-64.6295
10153	-63.6514
10154	-60.3836
10155	-53.7356
10156	-42.0794
10157	-35.2183
10158	-36.6325
10159	-47.3271
10160	-57.7116
10161	-58.8164
10162	-54.827
10163	-50.9331
10164	-49.2593
10165	-50.3909
10166	-53.5761
10167	-58.7006
10168	-62.3559
10169	-65.3978
10170	-66.8657
10171	-67.4334
10172	-68.2968
10173	-70.2432
10174	-70.4654
10175	-69.8909
10176	-69.397
10177	-71.2327
10178	-71.025
10179	-71.419
10180	-72.2007
10181	-72.4163
10182	-70.6251
10183	-69.766
10184	-70.4628
10185	-72.3924
10186	-72.975
10187	-73.0129
10188	-72.7892
10189	-71.5005
10190	-70.834
10191	-71.5018
10192	-72.1942
10193	-72.8364
10194	-72.3668
10195	-71.4441
10196	-69.2237
10197	-67.7508
10198	-68.0456
10199	-69.0323
10200	-68.4804
10201	-68.3519
10202	-69.6451
10203	-69.1124
10204	-68.8605
10205	-67.5713
10206	-60.0739
10207	-54.8263
10208	-56.5225
10209	-64.3242
10210	-68.3276
10211	-66.5859
10212	-62.5881
10213	-60.1453
10214	-59.1186
10215	-60.0375
10216	-62.5142
10217	-62.9457
10218	-63.4549
10219	-66.9049
10220	-62.707
10221	-59.3532
10222	-62.4324
10223	-63.0094
10224	-63.0762
10225	-62.1638
10226	-62.0728
10227	-64.8695
10228	-67.2957
10229	-68.2396
10230	-57.4142
10231	-49.6215
10232	-51.0369
10233	-62.219
10234	-69.7779
10235	-69.575
10236	-68.9643
10237	-68.2258
10238	-67.4288
10239	-67.415
10240	-67.463
10241	-66.0214
10242	-65.3273
10243	-69.3394
10244	-71.891
10245	-71.5436
10246	-70.689
10247	-70.4266
10248	-70.798
10249	-70.4826
10250	-70.9583
10251	-72.0987
10252	-72.3639
10253	-72.6056
10254	-72.2794
10255	-71.0807
10256	-70.5992
10257	-72.4612
10258	-72.8861
10259	-73.0079
10260	-71.6724
10261	-71.7909
10262	-70.698
10263	-70.381
10264	-70.7696
10265	-71.1973
10266	-70.5617
10267	-69.2668
10268	-68.971
10269	-67.8225
10270	-65.0216
10271	-63.1319
10272	-60.9119
10273	-58.2198
10274	-57.4228
10275	-56.6895
10276	-58.3319
10277	-59.0952
10278	-58.0453
10279	-39.6958
10280	-17.4462
10281	-9.38274
10282	-10.7783
10283	-22.209
10284	-51.452
10285	-60.1258
10286	-61.4793
10287	-60.6077
10288	-59.7796
10289	-60.9704
10290	-61.9184
10291	-64.2423
10292	-65.5958
10293	-67.8154
10294	-69.1516
10295	-69.6931
10296	-70.2197
10297	-70.2441
10298	-71.3074
10299	-71.2084
10300	-70.8726
10301	-71.8826
10302	-72.5071
10303	-72.819
10304	-72.5901
10305	-71.4359
10306	-68.4675
10307	-66.0141
10308	-67.3002
10309	-71.0865
10310	-71.2589
10311	-70.7847
10312	-69.5037
10313	-68.2601
10314	-68.1911
10315	-68.8316
10316	-68.9691
10317	-70.7604
10318	-71.8014
10319	-71.3933
10320	-67.4836
10321	-63.8475
10322	-64.8575
10323	-64.6189
10324	-64.2188
10325	-63.5558
10326	-64.8195
10327	-66.709
10328	-68.3509
10329	-68.2916
10330	-56.7727
10331	-48.877
10332	-50.3228
10333	-61.606
10334	-69.0439
10335	-67.7449
10336	-66.9404
10337	-65.3667
10338	-65.2695
10339	-66.1719
10340	-66.4297
10341	-63.0698
10342	-60.9675
10343	-66.4719
10344	-70.0641
10345	-68.4389
10346	-68.488
10347	-68.1925
10348	-67.3001
10349	-66.7595
10350	-67.4669
10351	-68.8229
10352	-70.0966
10353	-70.9736
10354	-65.7852
10355	-58.8939
10356	-59.2328
10357	-65.819
10358	-69.1323
10359	-69.3071
10360	-68.4332
10361	-66.9285
10362	-66.7121
10363	-66.8395
10364	-67.0678
10365	-67.6033
10366	-69.5948
10367	-70.8767
10368	-72.4519
10369	-73.9096
10370	-72.3768
10371	-70.0713
10372	-68.274
10373	-67.2624
10374	-68.5395
10375	-70.1487
10376	-71.4721
10377	-71.7327
10378	-70.2345
10379	-67.6591
10380	-66.9238
10381	-68.4643
10382	-71.8112
10383	-73.2951
10384	-71.9355
10385	-72.001
10386	-72.0164
10387	-71.2291
10388	-71.2809
10389	-70.8816
10390	-70.7643
10391	-70.6704
10392	-70.4871
10393	-70.333
10394	-69.3102
10395	-67.2699
10396	-63.0748
10397	-59.4565
10398	-58.434
10399	-58.866
10400	-60.5871
10401	-63.5689
10402	-65.9403
10403	-61.8424
10404	-48.3586
10405	-39.9447
10406	-40.842
10407	-50.4541
10408	-60.708
10409	-65.1433
10410	-64.5818
10411	-63.3775
10412	-62.9766
10413	-63.1352
10414	-63.8785
10415	-66.0268
10416	-67.7025
10417	-69.0881
10418	-70.6621
10419	-71.2116
10420	-71.6999
10421	-72.216
10422	-71.8906
10423	-71.1237
10424	-71.2068
10425	-71.4103
10426	-71.719
10427	-72.8251
10428	-73.1024
10429	-71.0902
10430	-68.4871
10431	-63.3811
10432	-65.0624
10433	-72.2127
10434	-72.7597
10435	-72.4723
10436	-72.4039
10437	-71.3379
10438	-70.8618
10439	-70.3679
10440	-69.962
10441	-70.1112
10442	-70.6184
10443	-71.775
10444	-71.1698
10445	-69.2922
10446	-68.2188
10447	-66.7128
10448	-65.7096
10449	-65.4424
10450	-66.8588
10451	-68.9869
10452	-69.6702
10453	-70.5866
10454	-68.5581
10455	-63.2758
10456	-63.5056
10457	-68.0519
10458	-69.7183
10459	-68.9803
10460	-67.0819
10461	-64.8504
10462	-65.4187
10463	-64.9081
10464	-65.9513
10465	-65.8813
10466	-65.2714
10467	-65.3759
10468	-66.0604
10469	-64.0635
10470	-63.5197
10471	-61.9139
10472	-57.2524
10473	-56.1747
10474	-59.5628
10475	-63.526
10476	-67.4628
10477	-65.2172
10478	-60.0281
10479	-55.3011
10480	-54.7963
10481	-59.8672
10482	-65.0735
10483	-67.1413
10484	-69.2491
10485	-68.4705
10486	-68.2054
10487	-67.8376
10488	-67.9464
10489	-67.2215
10490	-67.6586
10491	-68.6275
10492	-70.6069
10493	-71.8818
10494	-72.9255
10495	-71.6485
10496	-67.5139
10497	-64.8538
10498	-67.4441
10499	-71.1822
10500	-72.5266
10501	-72.6685
10502	-72.4872
10503	-71.93
10504	-71.9067
10505	-71.4593
10506	-72.278
10507	-71.954
10508	-71.9122
10509	-71.1456
10510	-70.0268
10511	-69.223
10512	-69.3048
10513	-68.8328
10514	-67.8837
10515	-66.7027
10516	-65.9467
10517	-64.8258
10518	-63.5868
10519	-61.3183
10520	-56.8161
10521	-50.6003
10522	-45.3643
10523	-43.8577
10524	-47.6899
10525	-54.1359
10526	-59.3031
10527	-54.0106
10528	-46.4566
10529	-41.0119
10530	-40.951
10531	-46.5276
10532	-53.0292
10533	-59.0566
10534	-62.5315
10535	-63.7137
10536	-64.626
10537	-65.0858
10538	-66.5046
10539	-67.5528
10540	-68.0675
10541	-68.1283
10542	-69.3727
10543	-70.2515
10544	-70.8955
10545	-71.2744
10546	-72.1742
10547	-71.2788
10548	-71.9952
10549	-71.5786
10550	-72.5315
10551	-73.1451
10552	-73.4769
10553	-73.4272
10554	-71.3045
10555	-68.505
10556	-69.0027
10557	-71.9787
10558	-72.8881
10559	-72.0716
10560	-71.3634
10561	-69.7117
10562	-69.1493
10563	-68.2528
10564	-69.0475
10565	-68.5811
10566	-68.7196
10567	-68.5026
10568	-68.6597
10569	-67.2195
10570	-65.5741
10571	-63.1359
10572	-57.8619
10573	-57.1506
10574	-60.3841
10575	-65.0894
10576	-68.3469
10577	-64.547
10578	-59.8533
10579	-54.85
10580	-54.4043
10581	-59.2337
10582	-63.7622
10583	-64.3817
10584	-66.5373
10585	-64.3031
10586	-62.1684
10587	-62.509
10588	-65.3037
10589	-63.8413
10590	-63.4948
10591	-62.9517
10592	-65.2342
10593	-67.8674
10594	-67.9901
10595	-63.9725
10596	-56.3609
10597	-53.4879
10598	-58.9248
10599	-66.6431
10600	-70.5009
10601	-70.8807
10602	-70.6625
10603	-69.548
10604	-68.9482
10605	-69.3456
10606	-69.3131
10607	-67.6377
10608	-69.0789
10609	-70.1382
10610	-70.7796
10611	-70.1132
10612	-70.1622
10613	-70.347
10614	-70.9257
10615	-71.472
10616	-72.0735
10617	-72.2679
10618	-72.357
10619	-73.1214
10620	-70.2932
10621	-66.9858
10622	-69.7687
10623	-72.4211
10624	-73.0248
10625	-72.6296
10626	-71.9685
10627	-71.0815
10628	-71.1193
10629	-70.5498
10630	-70.9587
10631	-71.8831
10632	-71.2511
10633	-70.788
10634	-69.7648
10635	-68.4633
10636	-66.9027
10637	-66.0981
10638	-64.5091
10639	-62.6732
10640	-62.508
10641	-62.1302
10642	-62.471
10643	-61.4104
10644	-56.7927
10645	-48.1275
10646	-37.4868
10647	-33.8785
10648	-39.3487
10649	-51.9729
10650	-60.6783
10651	-62.9022
10652	-62.1427
10653	-60.1995
10654	-60.089
10655	-61.6455
10656	-63.7469
10657	-66.3994
10658	-67.8097
10659	-68.8862
10660	-69.876
10661	-69.297
10662	-69.9433
10663	-69.7459
10664	-70.4981
10665	-70.6032
10666	-70.8978
10667	-71.6725
10668	-72.1682
10669	-73.073
10670	-72.1179
10671	-69.8401
10672	-67.9695
10673	-67.8665
10674	-69.9205
10675	-71.3029
10676	-71.3373
10677	-69.9535
10678	-68.2816
10679	-65.7858
10680	-66.7086
10681	-69.3731
10682	-71.5784
10683	-73.2721
10684	-72.6035
10685	-70.1219
10686	-67.8861
10687	-65.9972
10688	-66.596
10689	-66.5418
10690	-66.5595
10691	-66.5002
10692	-67.854
10693	-69.2535
10694	-68.7007
10695	-63.2866
10696	-55.2604
10697	-52.5061
10698	-57.5926
10699	-66.5863
10700	-69.9872
10701	-68.9303
10702	-67.135
10703	-66.7591
10704	-66.8802
10705	-67.1986
10706	-67.3637
10707	-64.8199
10708	-65.961
10709	-69.4968
10710	-66.7636
10711	-65.9016
10712	-68.5586
10713	-69.8322
10714	-68.9196
10715	-67.7199
10716	-68.5334
10717	-69.0483
10718	-69.6288
10719	-68.8009
10720	-56.4786
10721	-52.3884
10722	-57.4507
10723	-68.2427
10724	-68.4892
10725	-66.9357
10726	-65.1322
10727	-63.5288
10728	-63.5289
10729	-64.0951
10730	-65.6035
10731	-66.2612
10732	-68.1753
10733	-71.3435
10734	-72.4011
10735	-71.1456
10736	-69.6515
10737	-68.899
10738	-69.2266
10739	-68.6337
10740	-69.6646
10741	-71.0555
10742	-72.1948
10743	-72.0591
10744	-66.9926
10745	-63.2286
10746	-66.3381
10747	-69.7798
10748	-72.3931
10749	-73.2375
10750	-72.2104
10751	-72.5309
10752	-72.0735
10753	-71.5147
10754	-71.9645
10755	-71.2104
10756	-71.2551
10757	-71.5943
10758	-71.3725
10759	-70.8798
10760	-68.8966
10761	-67.1207
10762	-65.1478
10763	-64.1974
10764	-64.2338
10765	-64.2296
10766	-64.9983
10767	-64.8483
10768	-62.1419
10769	-33.1172
10770	-18.0111
10771	-14.0054
10772	-19.2495
10773	-36.2068
10774	-60.4916
10775	-61.0775
10776	-58.7527
10777	-56.6836
10778	-56.7869
10779	-57.3092
10780	-59.5974
10781	-63.507
10782	-65.7634
10783	-68.5998
10784	-69.6674
10785	-70.0724
10786	-71.2239
10787	-72.0271
10788	-70.9304
10789	-70.7388
10790	-71.271
10791	-71.5817
10792	-72.1945
10793	-73.03
10794	-72.5212
10795	-70.4232
10796	-68.1104
10797	-67.1326
10798	-69.6623
10799	-72.471
10800	-72.4254
10801	-72.6315
10802	-71.8574
10803	-71.3513
10804	-71.3451
10805	-70.6446
10806	-71.411
10807	-72.2182
10808	-72.4394
10809	-72.1825
10810	-68.8754
10811	-68.1968
10812	-68.7264
10813	-68.6897
10814	-69.0077
10815	-69.3644
10816	-69.8992
10817	-69.645
10818	-70.4616
10819	-69.7015
10820	-58.7446
10821	-54.6565
10822	-59.6735
10823	-68.6524
10824	-68.8238
10825	-66.0098
10826	-63.2553
10827	-62.6747
10828	-63.8669
10829	-63.0327
10830	-64.0149
10831	-62.6507
10832	-64.0054
10833	-66.8078
10834	-61.5129
10835	-61.1125
10836	-62.9938
10837	-60.6723
10838	-59.8686
10839	-60.0922
10840	-61.5629
10841	-65.171
10842	-67.684
10843	-64.624
10844	-54.3819
10845	-50.0031
10846	-54.1252
10847	-64.5093
10848	-68.3187
10849	-68.8505
10850	-68.8336
10851	-67.6241
10852	-67.3889
10853	-67.7195
10854	-66.7809
10855	-65.227
10856	-66.7308
10857	-69.9514
10858	-71.8417
10859	-72.1987
10860	-71.1865
10861	-70.1996
10862	-69.0816
10863	-68.6455
10864	-70.5502
10865	-71.7724
10866	-72.3033
10867	-72.9317
10868	-72.0268
10869	-71.6233
10870	-71.745
10871	-72.3328
10872	-72.3479
10873	-72.1798
10874	-71.4823
10875	-71.2482
10876	-69.6765
10877	-69.3714
10878	-70.2979
10879	-70.2763
10880	-68.3736
10881	-67.7359
10882	-66.8607
10883	-65.2196
10884	-62.777
10885	-60.2163
10886	-55.8658
10887	-52.5093
10888	-51.0407
10889	-51.5724
10890	-54.6775
10891	-57.7781
10892	-56.769
10893	-46.6475
10894	-33.0888
10895	-28.6408
10896	-33.6247
10897	-46.7499
10898	-56.3232
10899	-60.5879
10900	-62.1113
10901	-61.5424
10902	-62.3514
10903	-63.011
10904	-65.0931
10905	-65.958
10906	-66.5767
10907	-68.4056
10908	-69.4428
10909	-70.2887
10910	-70.4366
10911	-71.3086
10912	-71.88
10913	-71.35
10914	-72.1143
10915	-72.3856
10916	-72.6911
10917	-73.5875
10918	-73.1362
10919	-72.1545
10920	-67.9616
10921	-65.2283
10922	-69.5857
10923	-72.5152
10924	-72.048
10925	-71.3771
10926	-69.9538
10927	-69.0286
10928	-69.0592
10929	-68.9865
10930	-68.8178
10931	-69.0686
10932	-70.6317
10933	-69.1482
10934	-65.7957
10935	-64.7678
10936	-64.3023
10937	-62.0828
10938	-60.268
10939	-60.782
10940	-63.6317
10941	-66.5516
10942	-67.5779
10943	-64.2256
10944	-53.8236
10945	-49.5126
10946	-53.7031
10947	-63.6692
10948	-66.3162
10949	-66.5159
10950	-66.1896
10951	-64.0238
10952	-64.6746
10953	-66.0028
10954	-64.8909
10955	-61.5419
10956	-62.4039
10957	-66.7162
10958	-69.0501
10959	-69.305
10960	-67.5391
10961	-63.4781
10962	-61.0745
10963	-62.325
10964	-64.9567
10965	-68.7654
10966	-71.3278
10967	-70.6092
10968	-69.0372
10969	-67.7681
10970	-67.9112
10971	-69.8292
10972	-69.7654
10973	-69.881
10974	-69.5496
10975	-68.8204
10976	-68.968
10977	-68.7443
10978	-69.5549
10979	-69.7521
10980	-70.8943
10981	-71.2226
10982	-72.8239
10983	-73.4191
10984	-72.8883
10985	-70.7373
10986	-66.5833
10987	-66.3332
10988	-69.884
10989	-71.7593
10990	-71.9764
10991	-72.0549
10992	-70.6175
10993	-69.8788
10994	-69.4503
10995	-70.8241
10996	-72.0656
10997	-72.2466
10998	-71.6376
10999	-70.9748
11000	-70.8798
11001	-69.7012
11002	-69.3404
11003	-69.1867
11004	-68.1572
11005	-66.867
11006	-67.1355
11007	-66.9564
11008	-65.8225
11009	-62.6903
11010	-56.5702
11011	-51.688
11012	-47.913
11013	-49.2286
11014	-54.3881
11015	-60.3785
11016	-65.2394
11017	-65.386
11018	-62.0187
11019	-59.1996
11020	-60.5188
11021	-62.1781
11022	-65.7318
11023	-68.2909
11024	-68.0673
11025	-67.5184
11026	-67.76
11027	-67.5583
11028	-68.4179
11029	-69.2131
11030	-69.7019
11031	-70.612
11032	-71.2118
11033	-71.539
11034	-72.0058
11035	-72.4613
11036	-71.525
11037	-70.3071
11038	-69.5295
11039	-70.5219
11040	-71.3901
11041	-72.5148
11042	-71.1668
11043	-69.6462
11044	-65.8122
11045	-63.1548
11046	-67.0191
11047	-72.3084
11048	-73.1398
11049	-72.8644
11050	-71.5201
11051	-70.6
11052	-69.6583
11053	-68.8196
11054	-68.3773
11055	-68.4019
11056	-69.4327
11057	-69.2223
11058	-69.9628
11059	-69.3881
11060	-66.9926
11061	-62.5609
11062	-59.3594
11063	-60.5199
11064	-64.3688
11065	-68.4497
11066	-70.4769
11067	-70.7684
11068	-70.9369
11069	-71.083
11070	-70.2034
11071	-69.5802
11072	-68.729
11073	-68.9967
11074	-68.6049
11075	-66.347
11076	-64.1719
11077	-65.3756
11078	-68.7725
11079	-67.5989
11080	-66.261
11081	-67.1568
11082	-67.6482
11083	-66.5446
11084	-66.1133
11085	-60.459
11086	-53.49
11087	-53.7718
11088	-61.4443
11089	-67.0057
11090	-66.6213
11091	-64.3938
11092	-60.8189
11093	-59.1645
11094	-59.8759
11095	-62.6828
11096	-65.4147
11097	-66.7309
11098	-68.7696
11099	-70.5833
11100	-69.2979
11101	-68.5307
11102	-68.7141
11103	-68.5556
11104	-69.2758
11105	-69.2008
11106	-71.119
11107	-71.9146
11108	-72.7888
11109	-70.9864
11110	-63.6091
11111	-63.0271
11112	-69.0024
11113	-71.6075
11114	-73.0162
11115	-72.5471
11116	-72.2132
11117	-72.49
11118	-71.7771
11119	-72.0532
11120	-72.1435
11121	-71.4431
11122	-71.613
11123	-71.1584
11124	-70.0424
11125	-69.1285
11126	-67.8062
11127	-67.4031
11128	-65.9837
11129	-65.3866
11130	-63.9882
11131	-64.3826
11132	-63.5419
11133	-60.8928
11134	-54.8416
11135	-43.8485
11136	-35.4191
11137	-35.3494
11138	-44.7507
11139	-56.001
11140	-59.1163
11141	-55.5555
11142	-51.2422
11143	-49.3038
11144	-49.8217
11145	-52.7871
11146	-57.6305
11147	-61.6963
11148	-64.9169
11149	-66.5489
11150	-67.3174
11151	-68.0669
11152	-69.6648
11153	-70.413
11154	-70.2241
11155	-69.1609
11156	-70.8876
11157	-71.2325
11158	-71.296
11159	-71.8792
11160	-72.4933
11161	-70.9631
11162	-70.2081
11163	-70.3987
11164	-72.2799
11165	-72.9286
11166	-73.1167
11167	-72.9226
11168	-71.6653
11169	-70.6707
11170	-71.5388
11171	-71.8365
11172	-72.8946
11173	-72.2988
11174	-71.7423
11175	-69.4777
11176	-67.8146
11177	-67.8595
11178	-68.8779
11179	-68.6036
11180	-68.2089
11181	-69.3763
11182	-69.2569
11183	-68.7818
11184	-67.728
11185	-61.1824
11186	-54.7996
11187	-55.1386
11188	-62.4921
11189	-68.1663
11190	-66.9756
11191	-63.1066
11192	-60.4393
11193	-59.2481
11194	-59.602
11195	-61.8596
11196	-63.0758
11197	-62.8641
11198	-66.2771
11199	-64.2452
11200	-59.5345
11201	-62.0374
11202	-63.2341
11203	-62.8298
11204	-62.479
11205	-61.9618
11206	-64.2554
11207	-66.8612
11208	-68.3685
11209	-59.9656
11210	-50.59
11211	-50.4305
11212	-59.7653
11213	-69.9972
11214	-69.6299
11215	-69.3873
11216	-68.9167
11217	-67.7996
11218	-67.6862
11219	-67.6564
11220	-66.9649
11221	-65.2872
11222	-68.6906
11223	-71.9809
11224	-71.5048
11225	-71.1699
11226	-70.3733
11227	-70.7803
11228	-70.7051
11229	-71.0347
11230	-72.1861
11231	-72.4242
11232	-72.479
11233	-72.5007
11234	-71.0912
11235	-70.2378
11236	-71.7907
11237	-72.7731
11238	-73.0427
11239	-71.8903
11240	-71.609
11241	-70.7731
11242	-70.3715
11243	-70.76
11244	-70.9836
11245	-70.8824
11246	-69.4065
11247	-68.9946
11248	-67.9929
11249	-65.6351
11250	-63.2369
11251	-61.4011
11252	-58.5214
11253	-57.3952
11254	-56.8305
11255	-57.8647
11256	-59.0975
11257	-58.8692
11258	-47.3224
11259	-21.0787
11260	-11.118
11261	-10.9111
11262	-20.3523
11263	-44.9268
11264	-60.0192
11265	-61.7723
11266	-61.1995
11267	-60.2011
11268	-61.3019
11269	-62.0475
11270	-64.3115
11271	-65.6906
11272	-67.6911
11273	-69.3937
11274	-69.7683
11275	-70.2727
11276	-70.1198
11277	-70.9845
11278	-71.4282
11279	-70.9336
11280	-71.6156
11281	-72.4388
11282	-72.6216
11283	-72.6574
11284	-71.8333
11285	-68.9828
11286	-66.0112
11287	-66.5766
11288	-70.6243
11289	-71.3432
11290	-71.0679
11291	-69.8836
11292	-68.3868
11293	-67.9796
11294	-68.799
11295	-68.681
11296	-70.4137
11297	-71.7601
11298	-71.86
11299	-68.5972
11300	-64.2691
11301	-64.7305
11302	-64.7367
11303	-64.387
11304	-63.6479
11305	-64.6978
11306	-66.3104
11307	-68.0529
11308	-68.7097
11309	-59.2633
11310	-49.7559
11311	-49.6253
11312	-59.0179
11313	-69.3899
11314	-67.9863
11315	-67.5215
11316	-65.9076
11317	-65.5954
11318	-66.6199
11319	-66.7901
11320	-64.2656
11321	-61.0102
11322	-65.3747
11323	-70.3716
11324	-68.4733
11325	-68.3948
11326	-68.7454
11327	-68.0207
11328	-67.5464
11329	-67.7645
11330	-68.9168
11331	-70.0445
11332	-70.8824
11333	-66.5273
11334	-58.6121
11335	-57.6155
11336	-63.7032
11337	-68.8112
11338	-69.2951
11339	-68.6416
11340	-67.1719
11341	-66.4646
11342	-66.6153
11343	-66.9138
11344	-67.4128
11345	-68.9055
11346	-70.6304
11347	-71.902
11348	-73.9282
11349	-72.7596
11350	-70.4422
11351	-68.4284
11352	-67.1469
11353	-67.9624
11354	-69.6575
11355	-71.3186
11356	-71.5923
11357	-70.5598
11358	-68.0002
11359	-66.6872
11360	-67.9452
11361	-71.158
11362	-73.3501
11363	-72.2173
11364	-71.9386
11365	-72.0861
11366	-71.3868
11367	-71.2267
11368	-70.897
11369	-70.7153
11370	-70.5229
11371	-70.5655
11372	-70.4946
11373	-69.6667
11374	-67.817
11375	-64.5234
11376	-60.3955
11377	-59.393
11378	-59.4675
11379	-60.7779
11380	-63.5722
11381	-65.8829
11382	-62.4651
11383	-49.532
11384	-39.3803
11385	-38.5549
11386	-46.8533
11387	-58.446
11388	-64.0483
11389	-64.4498
11390	-63.3428
11391	-62.6407
11392	-62.9612
11393	-63.3458
11394	-65.6033
11395	-67.3308
11396	-68.8006
11397	-70.4293
11398	-70.9034
11399	-71.6264
11400	-72.0192
11401	-71.9674
11402	-70.999
11403	-71.0113
11404	-71.3827
11405	-71.5573
11406	-72.5823
11407	-73.1543
11408	-71.5324
11409	-69.2055
11410	-64.2323
11411	-64.4369
11412	-71.2943
11413	-72.9268
11414	-72.5851
11415	-72.1011
11416	-71.5896
11417	-70.9168
11418	-70.5622
11419	-70.0119
11420	-70.1001
11421	-70.5936
11422	-71.5932
11423	-71.2973
11424	-69.3973
11425	-68.5182
11426	-67.4091
11427	-66.385
11428	-66.1426
11429	-67.1172
11430	-68.9882
11431	-69.8657
11432	-70.5
11433	-68.7615
11434	-62.326
11435	-61.3911
11436	-66.4488
11437	-69.5053
11438	-69.2098
11439	-67.3964
11440	-64.7684
11441	-65.0316
11442	-64.7978
11443	-65.6226
11444	-65.5768
11445	-64.9088
11446	-64.8807
11447	-66.1585
11448	-64.4392
11449	-63.3668
11450	-62.8171
11451	-57.7779
11452	-55.6937
11453	-58.7372
11454	-62.697
11455	-66.7264
11456	-66.1652
11457	-61.1305
11458	-55.8941
11459	-54.3673
11460	-58.501
11461	-64.5344
11462	-66.6876
11463	-68.9093
11464	-68.3776
11465	-68.3244
11466	-68.0205
11467	-68.1098
11468	-67.225
11469	-67.5538
11470	-68.4073
11471	-70.2763
11472	-71.8914
11473	-72.6771
11474	-71.9777
11475	-68.5172
11476	-65.1326
11477	-66.9694
11478	-70.851
11479	-72.5358
11480	-72.6554
11481	-72.5835
11482	-72.1132
11483	-72.053
11484	-71.6133
11485	-72.359
11486	-71.8345
11487	-71.7134
11488	-71.323
11489	-70.2347
11490	-69.1259
11491	-69.2113
11492	-68.8211
11493	-68.2744
11494	-66.8058
11495	-65.8175
11496	-65.1853
11497	-63.4975
11498	-61.7605
11499	-57.7066
11500	-51.4429
11501	-46.0126
11502	-43.5435
11503	-46.7273
11504	-52.7324
11505	-58.3598
11506	-55.0877
11507	-47.7015
11508	-41.7418
11509	-40.4042
11510	-45.4522
11511	-51.844
11512	-58.2094
11513	-62.054
11514	-63.4891
11515	-64.2651
11516	-64.7786
11517	-66.2005
11518	-67.4385
11519	-68.0104
11520	-68.1129
11521	-69.089
11522	-70.117
11523	-70.8743
11524	-70.9493
11525	-71.9839
11526	-71.6312
11527	-71.8821
11528	-71.7154
11529	-72.5236
11530	-72.8812
11531	-73.516
11532	-73.3622
11533	-71.6489
11534	-68.4544
11535	-68.2836
11536	-71.5197
11537	-72.7849
11538	-72.1727
11539	-71.3945
11540	-69.9818
11541	-68.9867
11542	-68.2206
11543	-68.688
11544	-68.5146
11545	-68.6177
11546	-68.7
11547	-68.4249
11548	-67.5776
11549	-65.6374
11550	-64.0365
11551	-58.3868
11552	-56.6978
11553	-59.4767
11554	-64.0556
11555	-67.9383
11556	-65.5037
11557	-60.648
11558	-55.4512
11559	-53.9392
11560	-58.157
11561	-63.5488
11562	-63.8671
11563	-66.075
11564	-64.9615
11565	-62.5257
11566	-62.543
11567	-64.9045
11568	-63.9552
11569	-63.5734
11570	-63.3296
11571	-64.7443
11572	-67.7478
11573	-68.5173
11574	-65.4804
11575	-57.8273
11576	-53.9614
11577	-57.9554
11578	-65.8591
11579	-70.4015
11580	-71.0945
11581	-71.2028
11582	-70.4574
11583	-69.6198
11584	-69.7691
11585	-69.9374
11586	-68.1515
11587	-68.8123
11588	-70.2975
11589	-70.7654
11590	-70.175
11591	-70.1335
11592	-70.3796
11593	-71.0017
11594	-71.2316
11595	-71.9001
11596	-72.3191
11597	-72.2535
11598	-73.0843
11599	-70.8149
11600	-66.6125
11601	-68.5998
11602	-72.1695
11603	-72.8027
11604	-72.8251
11605	-71.9354
11606	-71.0631
11607	-70.9583
11608	-70.5709
11609	-70.9146
11610	-72.0488
11611	-71.4492
11612	-70.9298
11613	-69.914
11614	-69.0008
11615	-67.2293
11616	-66.4014
11617	-65.1552
11618	-62.8593
11619	-62.6808
11620	-62.357
11621	-62.6126
11622	-62.2167
11623	-58.2027
11624	-50.1783
11625	-39.4123
11626	-34.3825
11627	-38.2057
11628	-50.224
11629	-60.0076
11630	-63.0407
11631	-63.3668
11632	-61.2874
11633	-61.1231
11634	-62.1097
11635	-63.8568
11636	-66.3252
11637	-68.0236
11638	-68.8271
11639	-69.751
11640	-69.4257
11641	-70.0675
11642	-69.7025
11643	-70.4314
11644	-70.6648
11645	-70.8398
11646	-71.6764
11647	-72.1326
11648	-72.9576
11649	-72.4094
11650	-70.1609
11651	-68.1472
11652	-67.6937
11653	-69.7
11654	-71.1078
11655	-71.2834
11656	-70.2581
11657	-68.5411
11658	-65.9774
11659	-66.0902
11660	-68.6856
11661	-71.1767
11662	-73.4323
11663	-72.7992
11664	-70.4906
11665	-68.5565
11666	-66.4068
11667	-66.5355
11668	-66.5241
11669	-66.6363
11670	-66.4504
11671	-67.5934
11672	-69.1477
11673	-69.0815
11674	-64.6509
11675	-56.7262
11676	-52.8578
11677	-56.5157
11678	-65.4311
11679	-70.1916
11680	-69.4198
11681	-67.9574
11682	-67.1446
11683	-67.5947
11684	-67.8827
11685	-67.8333
11686	-65.5454
11687	-65.7635
11688	-69.6854
11689	-66.8632
11690	-65.1216
11691	-67.9743
11692	-69.5702
11693	-69.1206
11694	-67.5474
11695	-68.3993
11696	-68.9797
11697	-69.3076
11698	-69.6179
11699	-57.633
11700	-51.8776
11701	-55.3051
11702	-66.8722
11703	-68.5115
11704	-67.1402
11705	-65.396
11706	-63.756
11707	-63.2432
11708	-63.7944
11709	-65.1504
11710	-65.8399
11711	-67.3579
11712	-71.0598
11713	-72.732
11714	-71.203
11715	-69.8713
11716	-68.883
11717	-69.1708
11718	-68.6345
11719	-69.174
11720	-70.8726
11721	-72.2049
11722	-71.9831
11723	-68.1956
11724	-63.3808
11725	-65.5796
11726	-69.2684
11727	-72.1187
11728	-73.2837
11729	-72.6094
11730	-72.4821
11731	-72.1707
11732	-71.3266
11733	-71.9382
11734	-71.365
11735	-70.9924
11736	-71.7407
11737	-71.1627
11738	-70.7008
11739	-69.1974
11740	-67.3417
11741	-65.7371
11742	-64.2495
11743	-64.3662
11744	-63.8465
11745	-64.8659
11746	-64.7126
11747	-62.2334
11748	-37.6231
11749	-19.8177
11750	-14.1252
11751	-17.7013
11752	-32.1197
11753	-59.2621
11754	-61.0152
11755	-58.8291
11756	-56.8212
11757	-56.4164
11758	-56.8847
11759	-58.8582
11760	-62.5766
11761	-64.8951
11762	-67.9304
11763	-69.215
11764	-69.9073
11765	-70.8287
11766	-71.7667
11767	-71.1174
11768	-70.6294
11769	-70.9333
11770	-71.5243
11771	-72.0803
11772	-72.8511
11773	-72.8991
11774	-71.1791
11775	-68.6656
11776	-67.229
11777	-69.2086
11778	-72.2081
11779	-72.3819
11780	-72.6996
11781	-71.9705
11782	-71.3229
11783	-71.3603
11784	-70.753
11785	-71.0979
11786	-72.1217
11787	-72.2153
11788	-72.2597
11789	-69.2649
11790	-67.809
11791	-68.6998
11792	-68.6137
11793	-69.0798
11794	-69.3492
11795	-70.1125
11796	-69.8174
11797	-70.2304
11798	-70.3541
11799	-59.6354
11800	-53.9127
11801	-57.3249
11802	-67.8736
11803	-68.8249
11804	-66.3549
11805	-63.3896
11806	-62.5274
11807	-63.8543
11808	-62.9375
11809	-63.7788
11810	-62.7668
11811	-62.85
11812	-66.9367
11813	-62.4312
11814	-60.7781
11815	-62.948
11816	-60.9665
11817	-60.069
11818	-60.0946
11819	-61.1389
11820	-64.5391
11821	-67.257
11822	-66.0762
11823	-56.2991
11824	-50.3005
11825	-53.0793
11826	-62.5966
11827	-68.2199
11828	-68.9257
11829	-68.8865
11830	-67.9867
11831	-67.4672
11832	-67.8646
11833	-67.2112
11834	-65.4807
11835	-66.3218
11836	-69.5517
11837	-71.8641
11838	-72.1176
11839	-71.5805
11840	-70.2981
11841	-69.6152
11842	-68.8668
11843	-70.3113
11844	-71.756
11845	-72.3548
11846	-72.8341
11847	-72.4407
11848	-71.7241
11849	-71.6563
11850	-72.1348
11851	-72.5836
11852	-72.0225
11853	-71.478
11854	-71.5357
11855	-70.0098
11856	-69.236
11857	-70.0135
11858	-70.6297
11859	-68.7343
11860	-67.8156
11861	-67.1292
11862	-65.537
11863	-63.3712
11864	-60.6356
11865	-56.4544
11866	-52.8256
11867	-51.0461
11868	-51.3708
11869	-53.9089
11870	-57.3166
11871	-57.4415
11872	-49.2753
11873	-34.8862
11874	-28.7917
11875	-32.1784
11876	-44.3488
11877	-55.3476
11878	-60.1874
11879	-62.1067
11880	-61.902
11881	-62.1897
11882	-62.8815
11883	-64.968
11884	-65.944
11885	-66.3752
11886	-68.2026
11887	-69.3956
11888	-70.4991
11889	-70.5362
11890	-71.0775
11891	-72.0373
11892	-71.4541
11893	-71.9261
11894	-72.3544
11895	-72.5757
11896	-73.4313
11897	-73.238
11898	-72.1254
11899	-68.5198
11900	-64.7823
11901	-68.0995
11902	-72.2039
11903	-72.1532
11904	-71.5503
11905	-70.3269
11906	-68.7067
11907	-69.2353
11908	-68.8732
11909	-68.8759
11910	-68.8579
11911	-70.5861
11912	-69.6298
11913	-66.3312
11914	-64.7091
11915	-64.389
11916	-62.2087
11917	-60.5282
11918	-60.5907
11919	-63.1112
11920	-66.0394
11921	-67.4268
11922	-65.6532
11923	-55.7495
11924	-49.7195
11925	-52.5077
11926	-62.1457
11927	-66.2003
11928	-66.3495
11929	-66.626
11930	-64.6246
11931	-64.818
11932	-65.8177
11933	-65.8139
11934	-61.8883
11935	-61.993
11936	-66.2698
11937	-69.2073
11938	-69.3948
11939	-68.3891
11940	-64.7556
11941	-61.9804
11942	-62.6086
11943	-65.0992
11944	-68.4917
11945	-71.2167
11946	-70.4427
11947	-68.2843
11948	-66.3242
11949	-66.3201
11950	-68.672
11951	-69.7563
11952	-69.7561
11953	-69.7109
11954	-68.7353
11955	-68.9536
11956	-68.4799
11957	-69.2825
11958	-69.5587
11959	-70.6393
11960	-71.2027
11961	-72.4067
11962	-73.3879
11963	-73.3318
11964	-71.2744
11965	-67.0301
11966	-65.6721
11967	-69.1887
11968	-71.5628
11969	-71.8353
11970	-72.1574
11971	-70.8596
11972	-69.8165
11973	-69.3899
11974	-70.5686
11975	-72.0781
11976	-72.2291
11977	-71.6782
11978	-71.2585
11979	-70.9648
11980	-69.9582
11981	-69.4924
11982	-69.2395
11983	-68.5621
11984	-67.3205
11985	-67.433
11986	-67.2718
11987	-66.5283
11988	-63.8348
11989	-58.2596
11990	-52.8946
11991	-48.9948
11992	-49.2673
11993	-53.9679
11994	-59.7044
11995	-65.4841
11996	-64.7614
11997	-60.5369
11998	-56.7226
11999	-57.4546
12000	-60.2119
12001	-64.2687
12002	-67.9551
12003	-68.0365
12004	-67.7087
12005	-67.5189
12006	-67.2945
12007	-68.4251
12008	-69.0505
12009	-69.4581
12010	-70.5111
12011	-71.2273
12012	-71.3055
12013	-71.9036
12014	-72.3876
12015	-71.702
12016	-70.5302
12017	-69.6011
12018	-70.3723
12019	-71.2801
12020	-72.6776
12021	-71.3489
12022	-70.2863
12023	-66.8098
12024	-63.2793
12025	-66.0865
12026	-71.863
12027	-73.1214
12028	-72.9481
12029	-71.814
12030	-70.5456
12031	-70.1035
12032	-68.918
12033	-68.526
12034	-68.3364
12035	-69.5176
12036	-69.3084
12037	-69.8677
12038	-69.584
12039	-68.0213
12040	-63.6754
12041	-60.1719
12042	-60.4248
12043	-64.0293
12044	-68.2076
12045	-70.4188
12046	-70.7737
12047	-70.5658
12048	-70.6623
12049	-69.7714
12050	-70.2017
12051	-69.1938
12052	-69.1467
12053	-68.8734
12054	-66.4401
12055	-63.9493
12056	-64.724
12057	-67.9571
12058	-67.7076
12059	-66.2438
12060	-66.7329
12061	-67.7504
12062	-66.3829
12063	-66.0861
12064	-61.7005
12065	-53.9077
12066	-52.8331
12067	-59.6518
12068	-66.47
12069	-66.7552
12070	-64.8613
12071	-61.5203
12072	-59.1694
12073	-59.4439
12074	-61.9756
12075	-64.8485
12076	-66.3801
12077	-68.0544
12078	-70.3862
12079	-69.6798
12080	-68.455
12081	-68.8442
12082	-68.3864
12083	-69.3478
12084	-68.9745
12085	-70.6425
12086	-71.9632
12087	-72.5521
12088	-71.743
12089	-64.766
12090	-62.7123
12091	-68.0358
12092	-71.4504
12093	-72.7658
12094	-72.9468
12095	-72.3117
12096	-72.4081
12097	-71.9787
12098	-71.7272
12099	-72.1029
12100	-71.3349
12101	-71.5772
12102	-71.0893
12103	-70.1418
12104	-69.3777
12105	-67.846
12106	-67.3577
12107	-66.2784
12108	-65.1904
12109	-63.9802
12110	-64.1541
12111	-63.6415
12112	-61.4344
12113	-55.9053
12114	-45.8028
12115	-35.9532
12116	-34.4187
12117	-42.1919
12118	-54.3812
12119	-59.1916
12120	-56.1303
12121	-51.8208
12122	-49.4099
12123	-49.2996
12124	-51.9577
12125	-56.6427
12126	-60.9809
12127	-64.2849
12128	-66.1787
12129	-67.2943
12130	-67.8887
12131	-69.1441
12132	-70.4733
12133	-70.032
12134	-69.0324
12135	-70.39
12136	-71.3497
12137	-71.1964
12138	-71.7035
12139	-72.4771
12140	-71.3389
12141	-70.5347
12142	-70.3922
12143	-71.9865
12144	-72.9315
12145	-73.2909
12146	-73.0824
12147	-71.6804
12148	-70.588
12149	-71.2294
12150	-71.4992
12151	-73.0038
12152	-72.2843
12153	-71.9501
12154	-69.7959
12155	-67.8608
12156	-67.5052
12157	-68.6877
12158	-68.7193
12159	-68.155
12160	-69.0991
12161	-69.3186
12162	-68.815
12163	-67.7761
12164	-62.442
12165	-55.0267
12166	-54.0962
12167	-60.6602
12168	-67.9801
12169	-67.2019
12170	-63.7194
12171	-60.7515
12172	-59.4496
12173	-59.2266
12174	-61.201
12175	-63.1516
12176	-62.4192
12177	-65.3551
12178	-65.2048
12179	-59.9779
12180	-61.5774
12181	-63.4573
12182	-62.6788
12183	-62.9249
12184	-61.9719
12185	-63.6749
12186	-66.616
12187	-68.4342
12188	-62.6977
12189	-51.8695
12190	-50.1395
12191	-57.6677
12192	-69.9468
12193	-69.7509
12194	-69.5083
12195	-69.2101
12196	-68.2188
12197	-68.2354
12198	-67.8761
12199	-67.5953
12200	-65.48
12201	-68.1098
12202	-71.766
12203	-71.6096
12204	-71.3964
12205	-70.3705
12206	-70.7121
12207	-71.0591
12208	-71.175
12209	-71.8938
12210	-72.5346
12211	-72.3297
12212	-72.5878
12213	-71.097
12214	-69.8235
12215	-71.2497
12216	-72.8331
12217	-73.1292
12218	-72.3254
12219	-71.5019
12220	-71.1265
12221	-70.4584
12222	-70.5329
12223	-70.9197
12224	-71.3744
12225	-69.9785
12226	-69.0578
12227	-68.2339
12228	-66.4201
12229	-63.473
12230	-61.9613
12231	-58.9704
12232	-57.546
12233	-56.8358
12234	-57.4617
12235	-58.892
12236	-59.5886
12237	-53.8917
12238	-25.1192
12239	-13.1075
12240	-11.2949
12241	-18.881
12242	-39.7991
12243	-59.6719
12244	-61.8801
12245	-61.7191
12246	-60.6574
12247	-61.3683
12248	-62.1891
12249	-64.2869
12250	-65.9163
12251	-67.4936
12252	-69.6768
12253	-69.7866
12254	-70.4514
12255	-70.1303
12256	-70.941
12257	-71.4786
12258	-71.2434
12259	-71.4283
12260	-72.4528
12261	-72.5127
12262	-72.7714
12263	-72.3017
12264	-69.496
12265	-66.1514
12266	-65.8687
12267	-69.8341
12268	-71.5026
12269	-71.4526
12270	-70.1646
12271	-68.6129
12272	-67.8954
12273	-68.9273
12274	-68.5905
12275	-70.1048
12276	-71.6015
12277	-72.0602
12278	-69.3796
12279	-64.9898
12280	-64.565
12281	-64.857
12282	-64.2553
12283	-63.6896
12284	-64.5046
12285	-66.0506
12286	-67.7322
12287	-68.5826
12288	-62.0285
12289	-50.9477
12290	-49.2362
12291	-56.8017
12292	-69.2769
12293	-68.3506
12294	-67.8144
12295	-66.2646
12296	-65.8084
12297	-66.8631
12298	-67.1262
12299	-65.103
12300	-61.3575
12301	-64.4655
12302	-70.5377
12303	-68.3818
12304	-68.1868
12305	-68.984
12306	-68.6455
12307	-68.455
12308	-68.2126
12309	-69.079
12310	-70.1093
12311	-70.9295
12312	-67.4936
12313	-58.7253
12314	-56.3414
12315	-61.7931
12316	-68.1619
12317	-69.1932
12318	-68.6951
12319	-67.204
12320	-66.3617
12321	-66.4247
12322	-66.8039
12323	-67.2256
12324	-68.1247
12325	-70.2699
12326	-71.4538
12327	-73.6663
12328	-73.0666
12329	-70.6549
12330	-68.7917
12331	-67.1113
12332	-67.5277
12333	-69.3049
12334	-71.0247
12335	-71.4593
12336	-71.006
12337	-68.482
12338	-66.6497
12339	-67.5922
12340	-70.4379
12341	-73.0359
12342	-72.527
12343	-71.8755
12344	-72.2702
12345	-71.5197
12346	-71.2465
12347	-70.9754
12348	-70.7016
12349	-70.5993
12350	-70.5624
12351	-70.808
12352	-69.9811
12353	-68.3442
12354	-65.3863
12355	-61.6696
12356	-60.0339
12357	-60.2293
12358	-61.1316
12359	-63.6271
12360	-65.2573
12361	-63.2951
12362	-51.276
12363	-39.0967
12364	-36.757
12365	-43.795
12366	-56.098
12367	-62.9214
12368	-64.0989
12369	-63.3271
12370	-62.4524
12371	-62.7761
12372	-62.8329
12373	-65.0717
12374	-66.9885
12375	-68.3198
12376	-70.0009
12377	-70.6559
12378	-71.5886
12379	-71.9661
12380	-72.1322
12381	-71.05
12382	-71.0365
12383	-71.4037
12384	-71.3786
12385	-72.487
12386	-73.1994
12387	-72.1543
12388	-70.1374
12389	-65.3267
12390	-64.0633
12391	-70.3213
12392	-73.2296
12393	-72.5806
12394	-72.0838
12395	-71.7375
12396	-71.0854
12397	-70.7463
12398	-70.1626
12399	-70.2091
12400	-70.5616
12401	-71.2813
12402	-71.4192
12403	-69.4782
12404	-68.681
12405	-68.2862
12406	-67.0447
12407	-66.6994
12408	-67.4916
12409	-69.2297
12410	-69.9861
12411	-70.4196
12412	-68.9788
12413	-61.8989
12414	-59.5722
12415	-64.2055
12416	-69.1471
12417	-69.1372
12418	-67.551
12419	-64.867
12420	-64.665
12421	-64.6423
12422	-65.1116
12423	-65.3643
12424	-64.5527
12425	-64.4578
12426	-65.8709
12427	-64.7878
12428	-63.1618
12429	-63.4085
12430	-58.4014
12431	-55.514
12432	-57.9061
12433	-61.9321
12434	-66.1395
12435	-66.9786
12436	-62.1108
12437	-56.6283
12438	-54.1675
12439	-57.4914
12440	-63.928
12441	-66.4443
12442	-68.5955
12443	-68.4878
12444	-68.3077
12445	-68.2976
12446	-68.0832
12447	-67.3897
12448	-67.4646
12449	-68.2411
12450	-69.9107
12451	-71.8271
12452	-72.5129
12453	-72.3649
12454	-69.5373
12455	-65.6222
12456	-66.7399
12457	-70.5206
12458	-72.5409
12459	-72.5397
12460	-72.7426
12461	-72.4394
12462	-71.85
12463	-71.6591
12464	-72.463
12465	-72.017
12466	-71.5327
12467	-71.3256
12468	-70.3602
12469	-69.2299
12470	-68.8745
12471	-68.7352
12472	-68.415
12473	-66.9344
12474	-65.8596
12475	-65.3386
12476	-63.6645
12477	-62.1107
12478	-58.231
12479	-52.3555
12480	-46.7359
12481	-43.4463
12482	-45.7589
12483	-51.3442
12484	-57.2835
12485	-56.0934
12486	-49.1806
12487	-42.6942
12488	-40.0598
12489	-44.2218
12490	-50.7296
12491	-57.3066
12492	-61.5415
12493	-63.2453
12494	-64.1412
12495	-64.7107
12496	-66.0052
12497	-67.3168
12498	-67.9104
12499	-68.0809
12500	-68.9188
12501	-70.1516
12502	-70.8068
12503	-70.7865
12504	-71.6715
12505	-72.0078
12506	-71.7134
12507	-72.0364
12508	-72.4091
12509	-72.678
12510	-73.284
12511	-73.3208
12512	-71.9088
12513	-68.5677
12514	-67.4346
12515	-70.8601
12516	-72.9021
12517	-72.2834
12518	-71.5265
12519	-70.1721
12520	-69.1426
12521	-68.284
12522	-68.2676
12523	-68.5247
12524	-68.6678
12525	-68.8466
12526	-68.441
12527	-67.9452
12528	-65.712
12529	-64.4895
12530	-58.9961
12531	-56.401
12532	-58.5966
12533	-63.1889
12534	-67.2599
12535	-66.4887
12536	-61.5941
12537	-56.313
12538	-53.687
12539	-57.173
12540	-63.1091
12541	-63.5953
12542	-65.7935
12543	-65.6957
12544	-62.8764
12545	-62.6673
12546	-64.5578
12547	-64.3347
12548	-63.5909
12549	-63.635
12550	-64.3376
12551	-67.7317
12552	-68.6995
12553	-66.9675
12554	-59.5728
12555	-54.8189
12556	-57.1835
12557	-64.9877
12558	-70.183
12559	-71.2572
12560	-71.4571
12561	-71.104
12562	-69.9768
12563	-69.8799
12564	-69.9899
12565	-68.6167
12566	-68.6848
12567	-70.409
12568	-70.7692
12569	-70.3127
12570	-70.2025
12571	-70.1987
12572	-70.7849
12573	-71.2791
12574	-71.7113
12575	-72.3575
12576	-72.3099
12577	-73.0131
12578	-71.4459
12579	-66.5166
12580	-67.5285
12581	-71.8887
12582	-72.5897
12583	-72.9357
12584	-72.0613
12585	-71.1442
12586	-71.0353
12587	-70.7239
12588	-70.7712
12589	-71.8397
12590	-71.8593
12591	-71.0647
12592	-70.0216
12593	-69.6838
12594	-67.4953
12595	-66.5853
12596	-65.4509
12597	-63.1043
12598	-62.8816
12599	-62.3393
12600	-62.6192
12601	-62.7897
12602	-59.5889
12603	-52.4803
12604	-41.56
12605	-35.248
12606	-37.4103
12607	-48.487
12608	-59.033
12609	-63.1754
12610	-64.3133
12611	-62.3845
12612	-62.075
12613	-62.6196
12614	-63.9046
12615	-66.282
12616	-68.2036
12617	-68.9373
12618	-69.7336
12619	-69.6417
12620	-69.9269
12621	-69.7973
12622	-70.3963
12623	-70.8486
12624	-70.7862
12625	-71.6264
12626	-71.9956
12627	-72.6894
12628	-72.7759
12629	-70.7471
12630	-68.4893
12631	-67.6445
12632	-69.1544
12633	-70.9515
12634	-71.4382
12635	-70.6547
12636	-68.8513
12637	-66.3452
12638	-65.7899
12639	-68.1916
12640	-70.7526
12641	-73.3535
12642	-72.8105
12643	-71.0917
12644	-69.2632
12645	-66.9065
12646	-66.3865
12647	-66.7343
12648	-66.6526
12649	-66.6042
12650	-67.3404
12651	-68.9954
12652	-69.2512
12653	-66.0675
12654	-58.2965
12655	-53.5587
12656	-55.6771
12657	-64.3493
12658	-70.0652
12659	-70.0141
12660	-68.8688
12661	-67.7959
12662	-68.3912
12663	-68.6996
12664	-68.4337
12665	-66.2421
12666	-65.7794
12667	-69.4819
12668	-67.1886
12669	-64.3735
12670	-67.1304
12671	-69.2078
12672	-69.507
12673	-67.4416
12674	-68.177
12675	-68.9834
12676	-68.964
12677	-69.8371
12678	-59.167
12679	-51.6949
12680	-53.5243
12681	-64.9581
12682	-68.5085
12683	-67.311
12684	-65.6777
12685	-63.783
12686	-62.8884
12687	-63.6674
12688	-64.8817
12689	-65.5648
12690	-66.7203
12691	-70.3861
12692	-72.3279
12693	-71.476
12694	-69.9157
12695	-68.8144
12696	-69.1492
12697	-68.778
12698	-68.8188
12699	-70.4919
12700	-71.9436
12701	-72.0703
12702	-69.2429
12703	-63.7971
12704	-64.8583
12705	-68.7984
12706	-71.582
12707	-73.1728
12708	-72.6691
12709	-72.4949
12710	-72.1602
12711	-71.3035
12712	-71.9556
12713	-71.6302
12714	-70.761
12715	-71.7794
12716	-71.0567
12717	-70.5333
12718	-69.229
12719	-67.2448
12720	-66.2366
12721	-64.4254
12722	-64.394
12723	-63.4962
12724	-64.5709
12725	-64.2163
12726	-62.2989
12727	-43.0609
12728	-21.9826
12729	-14.5313
12730	-16.4797
12731	-28.6444
12732	-56.6869
12733	-60.6221
12734	-58.9755
12735	-57.0729
12736	-56.1708
12737	-56.5906
12738	-58.1988
12739	-61.8305
12740	-64.1537
12741	-67.1717
12742	-68.8608
12743	-69.7172
12744	-70.3843
12745	-71.5496
12746	-71.2315
12747	-70.5511
12748	-70.7145
12749	-71.291
12750	-71.7293
12751	-72.6298
12752	-72.9926
12753	-71.8711
12754	-69.2189
12755	-67.6057
12756	-69.0244
12757	-72.0554
12758	-72.4094
12759	-72.6277
12760	-72.2336
12761	-71.3847
12762	-71.4227
12763	-70.886
12764	-70.9443
12765	-72.0097
12766	-72.2936
12767	-72.3873
12768	-69.7717
12769	-67.5514
12770	-68.5916
12771	-68.5779
12772	-69.2443
12773	-69.2783
12774	-70.1819
12775	-69.8492
12776	-70.0419
12777	-70.4623
12778	-60.8629
12779	-53.5284
12780	-55.3607
12781	-66.0251
12782	-68.6448
12783	-66.7799
12784	-63.6924
12785	-62.3784
12786	-63.2152
12787	-62.8337
12788	-63.5172
12789	-63.1162
12790	-61.9105
12791	-66.7155
12792	-63.6136
12793	-60.5637
12794	-62.8642
12795	-61.4312
12796	-60.2898
12797	-60.1146
12798	-60.8314
12799	-63.7492
12800	-66.8634
12801	-67.3509
12802	-58.343
12803	-50.8657
12804	-52.1869
12805	-60.7975
12806	-68.0788
12807	-69.035
12808	-68.8905
12809	-68.4335
12810	-67.4681
12811	-67.934
12812	-67.7431
12813	-65.9304
12814	-66.0225
12815	-69.1693
12816	-71.6372
12817	-72.1202
12818	-72.034
12819	-70.5495
12820	-69.988
12821	-69.1265
12822	-70.2053
12823	-71.9395
12824	-72.3282
12825	-72.7072
12826	-72.6473
12827	-71.8475
12828	-71.4965
12829	-72.0447
12830	-72.7553
12831	-71.936
12832	-71.6164
12833	-71.5809
12834	-70.3368
12835	-69.3912
12836	-70.0928
12837	-70.8928
12838	-69.2136
12839	-68.085
12840	-67.2985
12841	-65.9526
12842	-63.8958
12843	-60.9861
12844	-57.2603
12845	-53.3011
12846	-51.1531
12847	-51.26
12848	-53.2146
12849	-56.767
12850	-57.823
12851	-52.1535
12852	-37.0463
12853	-29.2586
12854	-30.8214
12855	-41.7585
12856	-54.538
12857	-59.7591
12858	-62.0665
12859	-62.3171
12860	-62.0545
12861	-62.9116
12862	-64.72
12863	-65.9457
12864	-66.2604
12865	-67.9865
12866	-69.3612
12867	-70.457
12868	-70.5466
12869	-70.9618
12870	-71.9566
12871	-71.5017
12872	-71.8944
12873	-72.3697
12874	-72.5795
12875	-73.3912
12876	-73.4196
12877	-72.2126
12878	-69.2355
12879	-64.6384
12880	-66.7107
12881	-71.9138
12882	-72.2759
12883	-71.6599
12884	-70.554
12885	-68.6658
12886	-69.2275
12887	-68.8403
12888	-68.9761
12889	-68.8589
12890	-70.1844
12891	-69.951
12892	-67.0418
12893	-64.7192
12894	-64.6731
12895	-62.487
12896	-60.7144
12897	-60.5854
12898	-62.5265
12899	-65.332
12900	-67.1434
12901	-66.7684
12902	-57.7822
12903	-50.2299
12904	-51.5762
12905	-60.5516
12906	-65.9892
12907	-66.3068
12908	-66.9089
12909	-65.188
12910	-64.856
12911	-65.6166
12912	-66.5579
12913	-62.4621
12914	-61.6144
12915	-65.7458
12916	-69.2743
12917	-69.5242
12918	-68.8448
12919	-66.0871
12920	-63.0353
12921	-63.1283
12922	-65.2251
12923	-68.1929
12924	-71.0143
12925	-70.4032
12926	-67.8875
12927	-65.1885
12928	-64.7909
12929	-67.5195
12930	-69.4026
12931	-69.6172
12932	-69.7523
12933	-68.7714
12934	-68.9899
12935	-68.4037
12936	-68.9316
12937	-69.3547
12938	-70.3737
12939	-71.3345
12940	-72.0326
12941	-73.4523
12942	-73.4936
12943	-71.7756
12944	-67.6084
12945	-65.2035
12946	-68.4466
12947	-70.9353
12948	-71.7705
12949	-72.3852
12950	-71.0178
12951	-69.8188
12952	-69.4759
12953	-70.2065
12954	-71.8277
12955	-72.3488
12956	-71.6809
12957	-71.4327
12958	-71.0141
12959	-70.1931
12960	-69.542
12961	-69.4213
12962	-68.7887
12963	-67.6607
12964	-67.469
12965	-67.4181
12966	-67.0158
12967	-64.906
12968	-60.1345
12969	-54.3051
12970	-50.4347
12971	-49.7118
12972	-53.8984
12973	-59.4381
12974	-65.5428
12975	-64.2942
12976	-59.7299
12977	-54.9299
12978	-54.7081
12979	-58.4511
12980	-62.854
12981	-67.164
12982	-67.681
12983	-67.4823
12984	-67.2398
12985	-67.0536
12986	-68.244
12987	-68.8503
12988	-69.3396
12989	-70.1885
12990	-71.1856
12991	-71.1245
12992	-71.9149
12993	-72.5233
12994	-72.1178
12995	-70.9245
12996	-69.7323
12997	-70.09
12998	-70.8948
12999	-72.5919
13000	-71.6993
13001	-70.6164
13002	-67.7756
13003	-63.6225
13004	-65.2585
13005	-71.0761
13006	-73.2538
13007	-73.0289
13008	-72.1845
13009	-70.7485
13010	-70.4442
13011	-69.2248
13012	-68.7341
13013	-68.3638
13014	-69.3898
13015	-69.3725
13016	-69.8378
13017	-69.7699
13018	-68.5181
13019	-64.871
13020	-61.1136
13021	-60.6183
13022	-63.8197
13023	-67.9538
13024	-70.2685
13025	-70.7481
13026	-69.9289
13027	-69.1646
13028	-69.1379
13029	-69.9535
13030	-69.2574
13031	-69.3555
13032	-68.9489
13033	-66.6511
13034	-63.9695
13035	-64.0005
13036	-67.2706
13037	-67.8464
13038	-66.3528
13039	-66.2008
13040	-67.771
13041	-66.39
13042	-65.8971
13043	-62.9252
13044	-54.4718
13045	-52.2355
13046	-57.797
13047	-65.3921
13048	-67.0643
13049	-65.3791
13050	-62.1537
13051	-59.2709
13052	-59.23
13053	-61.5127
13054	-64.3947
13055	-66.1023
13056	-67.5614
13057	-69.9987
13058	-70.0291
13059	-68.4326
13060	-68.8669
13061	-68.4179
13062	-69.2343
13063	-68.8386
13064	-70.1005
13065	-71.7214
13066	-72.327
13067	-72.2131
13068	-66.1551
13069	-62.6692
13070	-67.028
13071	-71.4306
13072	-72.5708
13073	-73.1333
13074	-72.2361
13075	-72.3638
13076	-72.1831
13077	-71.7594
13078	-72.0867
13079	-71.3341
13080	-71.3768
13081	-71.0448
13082	-70.2205
13083	-69.3935
13084	-67.8801
13085	-67.4461
13086	-66.5462
13087	-65.0115
13088	-64.1927
13089	-63.8234
13090	-63.4224
13091	-61.7779
13092	-56.7407
13093	-47.7112
13094	-36.8052
13095	-33.8388
13096	-39.8568
13097	-52.0262
13098	-58.6737
13099	-56.7016
13100	-52.4705
13101	-49.5373
13102	-48.9927
13103	-51.152
13104	-55.531
13105	-60.4104
13106	-63.673
13107	-65.8075
13108	-67.0768
13109	-67.5725
13110	-68.675
13111	-70.4919
13112	-69.9866
13113	-69.006
13114	-70.0342
13115	-71.3861
13116	-71.1477
13117	-71.6652
13118	-72.3922
13119	-71.5985
13120	-71.0374
13121	-70.5798
13122	-71.7628
13123	-72.8798
13124	-73.233
13125	-73.0341
13126	-71.6517
13127	-70.59
13128	-70.9046
13129	-71.3241
13130	-72.9185
13131	-72.3105
13132	-72.0575
13133	-70.1513
13134	-68.0767
13135	-67.1325
13136	-68.3001
13137	-68.8214
13138	-68.0888
13139	-68.7737
13140	-69.3619
13141	-68.8814
13142	-67.958
13143	-63.7751
13144	-55.5216
13145	-53.3672
13146	-58.8127
13147	-66.4975
13148	-67.4663
13149	-64.3236
13150	-60.9229
13151	-59.4245
13152	-58.8716
13153	-60.6241
13154	-62.9994
13155	-62.2235
13156	-64.3353
13157	-65.9091
13158	-60.6986
13159	-61.038
13160	-63.5703
13161	-62.8421
13162	-63.3766
13163	-62.0724
13164	-63.2534
13165	-66.2647
13166	-68.1225
13167	-65.4301
13168	-53.4746
13169	-50.1564
13170	-55.9685
13171	-69.5438
13172	-69.9074
13173	-69.9703
13174	-69.5941
13175	-68.6981
13176	-68.5413
13177	-68.0744
13178	-68.0859
13179	-65.9361
13180	-67.4747
13181	-71.6547
13182	-71.8111
13183	-71.4846
13184	-70.5098
13185	-70.6929
13186	-71.075
13187	-71.2562
13188	-71.8134
13189	-72.6229
13190	-72.2748
13191	-72.6036
13192	-71.1431
13193	-69.6229
13194	-70.7013
13195	-72.6279
13196	-72.9476
13197	-72.868
13198	-71.7613
13199	-71.2928
13200	-70.4313
13201	-70.3924
13202	-70.9658
13203	-71.6825
13204	-70.2719
13205	-69.2893
13206	-68.6292
13207	-67.1851
13208	-63.9475
13209	-62.5589
13210	-59.5101
13211	-57.9263
13212	-57.0467
13213	-57.2126
13214	-58.8297
13215	-59.93
13216	-56.8979
13217	-29.6529
13218	-15.3748
13219	-11.9352
13220	-17.7646
13221	-35.6795
13222	-59.3999
13223	-62.0709
13224	-62.2188
13225	-61.2141
13226	-61.5228
13227	-62.4828
13228	-64.2508
13229	-66.0799
13230	-67.3997
13231	-69.7969
13232	-69.9729
13233	-70.7102
13234	-70.2426
13235	-70.7144
13236	-71.342
13237	-71.1356
13238	-71.4354
13239	-72.4513
13240	-72.5004
13241	-73.0968
13242	-72.3829
13243	-69.904
13244	-66.5857
13245	-65.3645
13246	-68.8856
13247	-71.7115
13248	-71.5973
13249	-70.2877
13250	-68.8244
13251	-67.9055
13252	-68.814
13253	-68.5517
13254	-69.8803
13255	-71.5007
13256	-72.4504
13257	-70.1878
13258	-65.8869
13259	-64.462
13260	-65.0501
13261	-64.2763
13262	-63.784
13263	-64.0681
13264	-65.7416
13265	-67.4128
13266	-68.4448
13267	-64.8242
13268	-52.4623
13269	-49.1512
13270	-54.9888
13271	-68.6871
13272	-68.7825
13273	-68.0184
13274	-66.7573
13275	-66.0048
13276	-66.9741
13277	-67.5872
13278	-66.1942
13279	-61.9719
13280	-63.708
13281	-70.3501
13282	-68.5504
13283	-67.7952
13284	-68.7831
13285	-69.1047
13286	-69.4165
13287	-68.4768
13288	-69.0931
13289	-70.178
13290	-70.9137
13291	-68.4661
13292	-59.233
13293	-55.351
13294	-59.6651
13295	-67.1559
13296	-69.1493
13297	-68.8355
13298	-67.3549
13299	-66.2199
13300	-66.2978
13301	-66.5971
13302	-66.8297
13303	-67.6534
13304	-69.6942
13305	-71.0854
13306	-73.4843
13307	-73.3138
13308	-70.9139
13309	-68.898
13310	-67.3245
13311	-67.139
13312	-69.0431
13313	-70.6543
13314	-71.499
13315	-71.4584
13316	-68.9398
13317	-66.7031
13318	-67.4414
13319	-69.82
13320	-72.7542
13321	-72.8171
13322	-72.079
13323	-72.3406
13324	-71.4216
13325	-71.2365
13326	-71.0339
13327	-70.5941
13328	-70.7372
13329	-70.5441
13330	-71.058
13331	-70.1845
13332	-68.7444
13333	-66.2454
13334	-62.8156
13335	-60.8204
13336	-60.9245
13337	-61.6077
13338	-63.7799
13339	-64.9727
13340	-64.0621
13341	-52.797
13342	-39.3353
13343	-35.4006
13344	-40.8944
13345	-53.2261
13346	-61.5614
13347	-63.8542
13348	-63.1723
13349	-62.123
13350	-62.6233
13351	-62.5213
13352	-64.5049
13353	-66.7116
13354	-67.754
13355	-69.5558
13356	-70.4926
13357	-71.3724
13358	-71.8706
13359	-72.4542
13360	-71.0926
13361	-70.959
13362	-71.3565
13363	-71.2848
13364	-72.2064
13365	-73.0214
13366	-72.616
13367	-70.7814
13368	-66.5395
13369	-63.9579
13370	-69.3449
13371	-73.3711
13372	-72.4806
13373	-72.1217
13374	-71.8765
13375	-71.3362
13376	-70.877
13377	-70.1785
13378	-70.1802
13379	-70.5555
13380	-71.0618
13381	-71.7164
13382	-69.7055
13383	-68.7058
13384	-68.6406
13385	-67.9333
13386	-67.2936
13387	-67.9089
13388	-69.2953
13389	-70.2215
13390	-70.312
13391	-69.4299
13392	-61.8922
13393	-58.1021
13394	-62.0307
13395	-68.319
13396	-69.1257
13397	-67.7925
13398	-65.1915
13399	-64.2547
13400	-64.573
13401	-64.6372
13402	-65.3556
13403	-64.2495
13404	-63.9752
13405	-65.5915
13406	-65.1394
13407	-63.1206
13408	-63.5513
13409	-59.146
13410	-55.634
13411	-57.1157
13412	-61.0727
13413	-65.4403
13414	-67.6581
13415	-63.0505
13416	-57.5282
13417	-54.3008
13418	-56.7173
13419	-62.9893
13420	-66.0614
13421	-68.1922
13422	-68.6846
13423	-68.4207
13424	-68.2954
13425	-68.0882
13426	-67.5808
13427	-67.5792
13428	-68.1322
13429	-69.6253
13430	-71.607
13431	-72.2071
13432	-72.6044
13433	-70.4512
13434	-66.294
13435	-66.428
13436	-70.1224
13437	-72.4987
13438	-72.7302
13439	-72.9714
13440	-72.4871
13441	-71.8011
13442	-71.7548
13443	-72.1808
13444	-72.2128
13445	-71.4961
13446	-71.5719
13447	-70.4342
13448	-69.4485
13449	-68.682
13450	-68.9067
13451	-68.3356
13452	-66.9862
13453	-65.875
13454	-65.4462
13455	-63.9115
13456	-62.4142
13457	-58.8234
13458	-53.3401
13459	-47.5751
13460	-43.548
13461	-44.9403
13462	-49.9855
13463	-56.2055
13464	-57.2655
13465	-50.6342
13466	-43.6713
13467	-39.9711
13468	-43.0835
13469	-49.5881
13470	-56.4139
13471	-60.8961
13472	-63.0331
13473	-64.1332
13474	-64.7634
13475	-65.6255
13476	-67.2879
13477	-67.8197
13478	-68.2078
13479	-68.8212
13480	-70.1285
13481	-70.7123
13482	-70.8695
13483	-71.3924
13484	-72.2121
13485	-71.4994
13486	-72.2631
13487	-72.3732
13488	-72.6391
13489	-73.1476
13490	-73.2483
13491	-72.1592
13492	-68.823
13493	-66.8091
13494	-69.8383
13495	-72.8322
13496	-72.2813
13497	-71.7113
13498	-70.4088
13499	-69.0294
13500	-68.3437
13501	-68.0271
13502	-68.6168
13503	-68.5139
13504	-68.682
13505	-68.4106
13506	-68.2342
13507	-65.9761
13508	-64.7743
13509	-59.8634
13510	-56.3564
13511	-57.8471
13512	-62.2938
13513	-66.5026
13514	-67.0847
13515	-62.4395
13516	-57.2744
13517	-53.6938
13518	-56.2045
13519	-62.2862
13520	-63.498
13521	-65.4905
13522	-66.3728
13523	-63.3135
13524	-62.9198
13525	-64.1565
13526	-64.9317
13527	-63.7694
13528	-63.6896
13529	-64.0103
13530	-67.6117
13531	-68.8216
13532	-67.872
13533	-61.3439
13534	-55.7259
13535	-56.7255
13536	-64.0481
13537	-69.737
13538	-71.339
13539	-71.4427
13540	-71.0914
13541	-70.2174
13542	-69.8197
13543	-69.8845
13544	-69.0345
13545	-68.6501
13546	-70.1797
13547	-70.7011
13548	-70.4049
13549	-70.0552
13550	-70.2424
13551	-70.5873
13552	-71.18
13553	-71.6615
13554	-72.2669
13555	-72.5167
13556	-72.9543
13557	-72.2631
13558	-66.6724
13559	-66.3914
13560	-70.9206
13561	-72.3545
13562	-72.9658
13563	-72.1901
13564	-71.4007
13565	-71.0706
13566	-70.8199
13567	-70.7037
13568	-71.7092
13569	-72.0126
13570	-71.2467
13571	-70.2511
13572	-69.8777
13573	-67.9063
13574	-66.9058
13575	-65.975
13576	-63.6263
13577	-62.9278
13578	-62.607
13579	-62.8135
13580	-63.3819
13581	-60.7829
13582	-54.3194
13583	-44.0101
13584	-36.4943
13585	-36.9665
13586	-46.9579
13587	-58.2295
13588	-63.5554
13589	-65.0119
13590	-63.4175
13591	-62.7887
13592	-63.0655
13593	-63.7067
13594	-65.9177
13595	-68.3534
13596	-68.985
13597	-69.8355
13598	-69.8359
13599	-69.8443
13600	-69.995
13601	-70.3026
13602	-70.9364
13603	-70.8536
13604	-71.6615
13605	-71.8542
13606	-72.5625
13607	-73.0421
13608	-71.3032
13609	-68.6374
13610	-67.6245
13611	-68.7859
13612	-70.6965
13613	-71.4273
13614	-71.0219
13615	-69.0811
13616	-66.85
13617	-65.6621
13618	-67.8487
13619	-70.4243
13620	-72.9923
13621	-72.976
13622	-71.7515
13623	-69.845
13624	-67.568
13625	-66.3604
13626	-66.707
13627	-66.7867
13628	-66.6974
13629	-67.066
13630	-68.8932
13631	-69.5278
13632	-67.1672
13633	-59.9959
13634	-54.3173
13635	-55.1225
13636	-63.192
13637	-69.7279
13638	-70.4683
13639	-69.3136
13640	-68.4719
13641	-69.084
13642	-69.3135
13643	-68.8794
13644	-67.061
13645	-66.0306
13646	-69.1129
13647	-67.7663
13648	-63.823
13649	-66.1695
13650	-68.9096
13651	-69.4782
13652	-67.3876
13653	-67.8232
13654	-68.5707
13655	-68.7132
13656	-69.7466
13657	-61.057
13658	-51.838
13659	-52.0867
13660	-61.8849
13661	-68.5103
13662	-67.5258
13663	-65.9774
13664	-64.0204
13665	-62.7089
13666	-63.6987
13667	-64.7359
13668	-65.4787
13669	-65.9898
13670	-69.4111
13671	-72.0146
13672	-71.4765
13673	-70.038
13674	-68.8533
13675	-69.0442
13676	-68.754
13677	-68.5938
13678	-70.1546
13679	-71.4862
13680	-72.0698
13681	-70.5097
13682	-64.4891
13683	-64.3355
13684	-68.4118
13685	-71.1782
13686	-72.9776
13687	-72.7871
13688	-72.352
13689	-72.2622
13690	-71.5198
13691	-71.9284
13692	-71.7648
13693	-70.5101
13694	-71.6619
13695	-71.014
13696	-70.4625
13697	-69.4284
13698	-67.2226
13699	-66.6291
13700	-64.572
13701	-64.3799
13702	-63.2998
13703	-64.1607
13704	-63.9493
13705	-62.4455
13706	-49.495
13707	-24.5391
13708	-15.2273
13709	-15.5688
13710	-25.6849
13711	-51.4844
13712	-60.2537
13713	-59.1481
13714	-57.2411
13715	-55.8657
13716	-56.4164
13717	-57.5683
13718	-61.0508
13719	-63.6535
13720	-66.4508
13721	-68.7217
13722	-69.4972
13723	-70.146
13724	-71.284
13725	-71.4202
13726	-70.5666
13727	-70.5332
13728	-71.0611
13729	-71.6382
13730	-72.3938
13731	-72.8582
13732	-72.3731
13733	-69.8054
13734	-68.2137
13735	-68.8972
13736	-71.8601
13737	-72.6087
13738	-72.5911
13739	-72.2416
13740	-71.3913
13741	-71.4043
13742	-70.9631
13743	-70.8802
13744	-71.8094
13745	-72.2476
13746	-72.3701
13747	-70.1869
13748	-67.2005
13749	-68.1581
13750	-68.6637
13751	-69.3178
13752	-69.3269
13753	-70.1012
13754	-69.8878
13755	-69.9473
13756	-70.419
13757	-62.462
13758	-53.4924
13759	-53.7554
13760	-63.2422
13761	-68.8242
13762	-67.2046
13763	-64.1086
13764	-62.2606
13765	-62.665
13766	-62.7844
13767	-63.0435
13768	-63.1314
13769	-61.2482
13770	-65.9021
13771	-64.7488
13772	-60.6118
13773	-62.4086
13774	-62.0362
13775	-60.3017
13776	-60.1991
13777	-60.626
13778	-62.9634
13779	-66.5885
13780	-68.1937
13781	-60.4377
13782	-51.7095
13783	-51.5319
13784	-59.1081
13785	-67.7535
13786	-68.8906
13787	-68.9295
13788	-68.9016
13789	-67.6197
13790	-68.0256
13791	-68.08
13792	-66.4011
13793	-65.9127
13794	-68.7684
13795	-71.387
13796	-72.0257
13797	-72.4198
13798	-70.8599
13799	-70.4015
13800	-69.3874
13801	-69.9729
13802	-72.1031
13803	-72.363
13804	-72.6468
13805	-73.1063
13806	-71.7538
13807	-71.2935
13808	-71.9681
13809	-72.7273
13810	-71.9624
13811	-71.9175
13812	-71.5523
13813	-70.5224
13814	-69.4138
13815	-70.1206
13816	-71.0638
13817	-69.6644
13818	-68.148
13819	-67.457
13820	-66.2917
13821	-64.4824
13822	-61.489
13823	-58.1595
13824	-54.0646
13825	-51.4694
13826	-51.2057
13827	-52.5787
13828	-56.2277
13829	-58.1274
13830	-54.0898
13831	-39.5882
13832	-30.0421
13833	-29.8555
13834	-39.367
13835	-52.8992
13836	-59.0898
13837	-62.0534
13838	-62.6485
13839	-62.0664
13840	-63.1433
13841	-64.3666
13842	-66.002
13843	-66.2502
13844	-67.6957
13845	-69.2943
13846	-70.5277
13847	-70.6397
13848	-70.7599
13849	-71.7344
13850	-71.7218
13851	-71.884
13852	-72.3473
13853	-72.607
13854	-72.9108
13855	-73.3127
13856	-72.3771
13857	-69.9591
13858	-64.7837
13859	-65.3329
13860	-71.5849
13861	-72.5234
13862	-71.8444
13863	-70.9246
13864	-68.7871
13865	-69.2171
13866	-69.0035
13867	-69.0761
13868	-68.9223
13869	-69.8882
13870	-70.3784
13871	-67.8263
13872	-65.0228
13873	-64.984
13874	-63.0203
13875	-61.033
13876	-60.3804
13877	-61.8433
13878	-64.6291
13879	-66.9092
13880	-67.3122
13881	-60.0109
13882	-51.0206
13883	-50.8758
13884	-58.7736
13885	-65.9013
13886	-66.4492
13887	-67.1157
13888	-65.8188
13889	-64.9523
13890	-65.5945
13891	-66.9489
13892	-63.2984
13893	-61.5485
13894	-65.0516
13895	-68.9645
13896	-69.4957
13897	-69.228
13898	-67.3685
13899	-64.3363
13900	-63.7585
13901	-65.3792
13902	-67.9764
13903	-70.7144
13904	-70.4613
13905	-67.6852
13906	-64.4133
13907	-63.3909
13908	-66.1053
13909	-68.9484
13910	-69.5441
13911	-69.8861
13912	-68.9487
13913	-68.9903
13914	-68.4735
13915	-68.7746
13916	-69.0779
13917	-70.0106
13918	-71.2818
13919	-71.8674
13920	-73.2663
13921	-73.6449
13922	-72.2018
13923	-68.137
13924	-64.9298
13925	-67.442
13926	-70.3733
13927	-71.6152
13928	-72.277
13929	-71.4443
13930	-70.0821
13931	-69.326
13932	-69.9852
13933	-71.6209
13934	-72.3541
13935	-71.8569
13936	-71.5882
13937	-71.1781
13938	-70.5524
13939	-69.6208
13940	-69.4851
13941	-68.92
13942	-67.9079
13943	-67.3555
13944	-67.55
13945	-67.4107
13946	-66.0354
13947	-61.7323
13948	-55.7941
13949	-51.8349
13950	-50.4773
13951	-54.0779
13952	-59.0215
13953	-65.0599
13954	-64.258
13955	-59.2855
13956	-53.733
13957	-52.4649
13958	-56.5872
13959	-60.8277
13960	-66.1065
13961	-67.4551
13962	-67.3357
13963	-67.0051
13964	-66.8834
13965	-67.7699
13966	-68.6585
13967	-69.2037
13968	-69.9444
13969	-71.1146
13970	-71.0686
13971	-71.91
13972	-72.4232
13973	-72.3789
13974	-71.2424
13975	-69.8632
13976	-69.8291
13977	-70.7255
13978	-72.4367
13979	-72.0371
13980	-70.9137
13981	-68.6807
13982	-64.1977
13983	-64.5794
13984	-70.2353
13985	-73.2817
13986	-73.0833
13987	-72.4712
13988	-71.1599
13989	-70.5992
13990	-69.5513
13991	-68.9656
13992	-68.5405
13993	-69.1535
13994	-69.4302
13995	-69.8906
13996	-69.7256
13997	-68.7907
13998	-66.047
13999	-62.2451
14000	-61.0606
14001	-63.7485
14002	-67.6012
14003	-70.1881
14004	-70.6612
14005	-69.3349
14006	-67.9074
14007	-67.4862
14008	-68.7465
14009	-69.3089
14010	-69.3785
14011	-69.0561
14012	-66.9558
14013	-64.1572
14014	-63.5521
14015	-66.3402
14016	-67.7599
14017	-66.1829
14018	-65.7502
14019	-67.4257
14020	-66.4719
14021	-65.9752
14022	-64.3675
14023	-55.3623
14024	-51.9322
14025	-55.9843
14026	-64.1987
14027	-67.2587
14028	-65.7234
14029	-62.8251
14030	-59.4427
14031	-58.9096
14032	-61.2594
14033	-63.9577
14034	-65.8603
14035	-66.9387
14036	-69.4067
14037	-70.2342
14038	-68.5728
14039	-68.637
14040	-68.5844
14041	-68.9606
14042	-68.8511
14043	-69.7545
14044	-71.5557
14045	-72.0583
14046	-72.8603
14047	-67.8096
14048	-62.8861
14049	-66.0619
14050	-71.2572
14051	-72.5162
14052	-73.1384
14053	-72.3285
14054	-72.2745
14055	-72.4558
14056	-71.4745
14057	-72.1458
14058	-71.4312
14059	-71.1799
14060	-71.0562
14061	-70.3438
14062	-69.3911
14063	-67.9574
14064	-67.4539
14065	-66.8081
14066	-64.9941
14067	-64.4483
14068	-63.6239
14069	-63.4329
14070	-61.9912
14071	-57.4875
14072	-49.2312
14073	-37.9803
14074	-33.5483
14075	-37.8463
14076	-49.517
14077	-58.0448
14078	-57.4952
14079	-53.1464
14080	-49.7552
14081	-48.7182
14082	-50.6285
14083	-54.5735
14084	-59.7258
14085	-62.9595
14086	-65.2625
14087	-66.809
14088	-67.2377
14089	-68.2569
14090	-70.2929
14091	-70.077
14092	-69.0975
14093	-69.6919
14094	-71.2066
14095	-71.157
14096	-71.7145
14097	-72.3217
14098	-71.8636
14099	-71.2359
14100	-70.6754
14101	-71.5991
14102	-73.0627
14103	-72.9507
14104	-72.8701
14105	-71.8933
14106	-70.5103
14107	-70.4902
14108	-71.1222
14109	-72.518
14110	-72.433
14111	-72.1309
14112	-70.4524
14113	-68.1715
14114	-66.9432
14115	-67.9263
14116	-68.7998
14117	-68.1956
14118	-68.5602
14119	-69.4233
14120	-68.8852
14121	-68.0647
14122	-64.9912
14123	-56.2625
14124	-52.9373
14125	-57.1205
14126	-65.0844
14127	-67.687
14128	-65.0284
14129	-61.2064
14130	-59.611
14131	-58.6142
14132	-60.1596
14133	-62.8413
14134	-62.1407
14135	-63.4677
14136	-66.4888
14137	-61.6966
14138	-60.5536
14139	-63.4399
14140	-62.8562
14141	-63.6543
14142	-62.082
14143	-62.9097
14144	-65.9687
14145	-68.0298
14146	-67.3904
14147	-55.428
14148	-50.4837
14149	-54.64
14150	-68.0859
14151	-70.0931
14152	-70.0081
14153	-69.8811
14154	-69.2443
14155	-68.8828
14156	-68.3814
14157	-68.4653
14158	-66.4618
14159	-67.0211
14160	-71.396
14161	-71.8447
14162	-71.811
14163	-70.7864
14164	-70.7792
14165	-71.1358
14166	-71.202
14167	-71.9338
14168	-72.5025
14169	-72.3343
14170	-72.6477
14171	-71.177
14172	-69.1234
14173	-69.8956
14174	-72.1474
14175	-72.7195
14176	-73.0406
14177	-71.752
14178	-71.4665
14179	-70.486
14180	-70.4178
14181	-70.7394
14182	-71.9195
14183	-70.6743
14184	-69.7185
14185	-69.1413
14186	-67.8763
14187	-64.6445
14188	-63.2835
14189	-60.1224
14190	-58.1112
14191	-57.5169
14192	-57.134
14193	-58.7566
14194	-59.9206
14195	-57.9438
14196	-34.8068
14197	-17.9464
14198	-12.8389
14199	-16.9819
14200	-32.2472
14201	-59.0843
14202	-62.1548
14203	-62.6692
14204	-62.0667
14205	-61.7573
14206	-62.7355
14207	-64.2661
14208	-66.0486
14209	-67.4408
14210	-69.6801
14211	-70.0184
14212	-70.6223
14213	-70.4624
14214	-70.5064
14215	-71.3234
14216	-71.3236
14217	-71.3398
14218	-72.2907
14219	-72.7927
14220	-73.0139
14221	-72.5245
14222	-70.2259
14223	-66.9667
14224	-65.1176
14225	-67.9804
14226	-71.5188
14227	-71.7606
14228	-70.5099
14229	-69.0104
14230	-67.8504
14231	-68.5681
14232	-68.518
14233	-69.6886
14234	-71.2687
14235	-72.6742
14236	-70.9181
14237	-66.7362
14238	-64.5189
14239	-65.0654
14240	-64.5379
14241	-63.9236
14242	-63.7144
14243	-65.4114
14244	-67.2439
14245	-68.482
14246	-67.1136
14247	-54.3315
14248	-49.3683
14249	-53.55
14250	-67.2844
14251	-69.1307
14252	-68.2925
14253	-67.2989
14254	-66.4922
14255	-67.1791
14256	-68.2855
14257	-67.0516
14258	-62.837
14259	-63.1966
14260	-69.93
14261	-68.9695
14262	-67.3201
14263	-68.5585
14264	-69.6726
14265	-69.8193
14266	-68.9642
14267	-69.2157
14268	-70.149
14269	-70.7073
14270	-69.2574
14271	-60.0626
14272	-54.7398
14273	-57.6196
14274	-65.773
14275	-69.063
14276	-69.0598
14277	-67.5214
14278	-66.3188
14279	-66.1616
14280	-66.3032
14281	-66.6283
14282	-67.046
14283	-69.1007
14284	-70.6847
14285	-73.067
14286	-73.3974
14287	-71.281
14288	-69.2275
14289	-67.6019
14290	-66.8658
14291	-68.7094
14292	-70.1928
14293	-71.4108
14294	-71.5508
14295	-69.3802
14296	-66.9272
14297	-67.3673
14298	-69.2549
14299	-72.4766
14300	-73.1397
14301	-72.1344
14302	-72.163
14303	-71.5491
14304	-71.0898
14305	-71.101
14306	-70.5855
14307	-70.8014
14308	-70.4215
14309	-70.9071
14310	-70.3042
14311	-69.0848
14312	-66.9909
14313	-63.7748
14314	-61.7391
14315	-61.7476
14316	-62.1859
14317	-63.8867
14318	-64.9486
14319	-64.2826
14320	-54.6246
14321	-40.0187
14322	-34.4506
14323	-38.2504
14324	-50.3188
14325	-59.9751
14326	-63.3872
14327	-63.1152
14328	-61.8594
14329	-62.4105
14330	-62.2485
14331	-63.9147
14332	-66.1897
14333	-67.2502
14334	-69.3489
14335	-70.4792
14336	-71.202
14337	-72.081
14338	-72.2034
14339	-71.1497
14340	-71.0489
14341	-71.3592
14342	-71.4188
14343	-72.0683
14344	-72.9139
14345	-72.9883
14346	-71.3556
14347	-67.7273
14348	-64.1671
14349	-68.3227
14350	-73.2539
14351	-72.3167
14352	-72.3061
14353	-71.9768
14354	-71.3632
14355	-70.9491
14356	-70.3494
14357	-70.0575
14358	-70.5708
14359	-70.8533
14360	-71.7055
14361	-70.0723
14362	-68.6533
14363	-69.0622
14364	-68.5852
14365	-67.9304
14366	-68.369
14367	-69.3137
14368	-70.3248
14369	-70.3683
14370	-69.9263
14371	-62.3068
14372	-57.1281
14373	-59.9422
14374	-67.1225
14375	-69.2427
14376	-68.0812
14377	-65.5566
14378	-63.8114
14379	-64.516
14380	-64.4507
14381	-65.3338
14382	-64.1227
14383	-63.6141
14384	-65.1926
14385	-65.3443
14386	-63.2397
14387	-63.5429
14388	-59.8747
14389	-55.8874
14390	-56.3637
14391	-60.456
14392	-64.4237
14393	-68.2407
14394	-63.9632
14395	-58.4658
14396	-54.783
14397	-55.9504
14398	-61.8435
14399	-65.7233
14400	-67.6914
14401	-68.7747
14402	-68.5252
14403	-68.2658
14404	-68.1027
14405	-67.9514
14406	-67.451
14407	-68.014
14408	-69.2798
14409	-71.3499
14410	-72.0862
14411	-72.7919
14412	-71.1989
14413	-67.1394
14414	-66.3132
14415	-69.5435
14416	-72.439
14417	-72.7806
14418	-72.9244
14419	-72.4891
14420	-71.8018
14421	-72.0025
14422	-71.8385
14423	-72.1811
14424	-71.6797
14425	-71.5338
14426	-70.7052
14427	-69.6727
14428	-68.6752
14429	-69.1744
14430	-68.4004
14431	-67.1946
14432	-65.9288
14433	-65.528
14434	-64.154
14435	-62.8434
14436	-59.6655
14437	-54.262
14438	-48.3053
14439	-43.793
14440	-44.1711
14441	-48.7314
14442	-55.2215
14443	-58.6372
14444	-52.1385
14445	-44.6345
14446	-40.068
14447	-42.0891
14448	-48.5289
14449	-55.6111
14450	-60.3277
14451	-62.8213
14452	-64.0099
14453	-64.7162
14454	-65.4303
14455	-67.1133
14456	-67.833
14457	-68.4084
14458	-68.5724
14459	-69.9759
14460	-70.6433
14461	-70.828
14462	-71.2802
14463	-72.3248
14464	-71.367
14465	-72.3643
14466	-72.5424
14467	-72.7104
14468	-73.1043
14469	-73.1431
14470	-72.3802
14471	-69.177
14472	-66.3271
14473	-68.7817
14474	-72.5449
14475	-72.4244
14476	-71.8572
14477	-70.7305
14478	-69.0182
14479	-68.3941
14480	-68.0445
14481	-68.692
14482	-68.3525
14483	-68.6448
14484	-68.3381
14485	-68.1795
14486	-66.3768
14487	-65.004
14488	-60.8501
14489	-56.4907
14490	-57.1223
14491	-61.2597
14492	-65.7872
14493	-67.8933
14494	-63.0973
14495	-58.134
14496	-53.9134
14497	-55.5352
14498	-61.1829
14499	-63.5376
14500	-64.9068
14501	-66.7806
14502	-63.7339
14503	-63.0165
14504	-63.9732
14505	-65.3869
14506	-63.8429
14507	-63.662
14508	-63.8021
14509	-67.0056
14510	-68.9202
14511	-68.492
14512	-63.0923
14513	-57.0373
14514	-56.6042
14515	-63.212
14516	-69.2131
14517	-71.3099
14518	-71.2608
14519	-70.6479
14520	-70.1088
14521	-69.3431
14522	-69.6773
14523	-69.3292
14524	-68.606
14525	-70.0923
14526	-70.7688
14527	-70.378
14528	-70.0194
14529	-70.1309
14530	-70.3908
14531	-71.1561
14532	-71.4907
14533	-72.1433
14534	-72.5432
14535	-72.7419
14536	-72.6959
14537	-67.0887
14538	-65.4605
14539	-69.8292
14540	-71.903
14541	-72.9965
14542	-72.3151
14543	-71.5249
14544	-70.9586
14545	-71.044
14546	-70.8028
14547	-71.5051
14548	-71.8945
14549	-71.4831
14550	-70.6859
14551	-70.0705
14552	-68.3478
14553	-67.2341
14554	-66.196
14555	-64.216
14556	-63.0889
14557	-62.9596
14558	-63.1287
14559	-63.6517
14560	-61.8725
14561	-56.2257
14562	-46.705
14563	-37.9623
14564	-36.8806
14565	-45.2785
14566	-57.251
14567	-63.9432
14568	-65.2812
14569	-64.185
14570	-63.0554
14571	-63.2712
14572	-63.3475
14573	-65.2757
14574	-68.2121
14575	-69.1271
14576	-69.9486
14577	-70.1853
14578	-69.848
14579	-70.2575
14580	-70.0132
14581	-70.8475
14582	-70.7576
14583	-71.6465
14584	-71.8581
14585	-72.39
14586	-73.1264
14587	-71.9155
14588	-69.0194
14589	-67.562
14590	-68.2758
14591	-70.3829
14592	-71.6814
14593	-71.1081
14594	-69.4279
14595	-67.4802
14596	-65.7248
14597	-67.5194
14598	-70.204
14599	-72.4646
14600	-73.2102
14601	-72.2879
14602	-70.2033
14603	-68.1466
14604	-66.5584
14605	-66.7429
14606	-66.823
14607	-66.8158
14608	-66.9515
14609	-68.4919
14610	-69.5409
14611	-68.1019
14612	-61.8703
14613	-55.4331
14614	-54.8932
14615	-61.9352
14616	-69.1437
14617	-70.7342
14618	-69.771
14619	-69.0805
14620	-69.5362
14621	-69.6335
14622	-69.2787
14623	-67.7784
14624	-66.5215
14625	-68.9477
14626	-68.4467
14627	-63.5472
14628	-65.1042
14629	-68.6194
14630	-69.1311
14631	-67.3743
14632	-67.4694
14633	-68.1888
14634	-68.5266
14635	-69.3962
14636	-63.288
14637	-52.31
14638	-50.975
14639	-59.0519
14640	-68.3332
14641	-67.8654
14642	-66.2566
14643	-64.087
14644	-62.7999
14645	-63.2843
14646	-64.178
14647	-65.398
14648	-65.3865
14649	-68.2994
14650	-71.6764
14651	-71.8098
14652	-70.2424
14653	-69.0004
14654	-68.862
14655	-68.7617
14656	-68.5464
14657	-69.8782
14658	-71.0633
14659	-72.0964
14660	-71.3917
14661	-65.4724
14662	-63.8976
14663	-67.8213
14664	-70.9177
14665	-72.8702
14666	-72.7421
14667	-72.3278
14668	-72.3696
14669	-71.5296
14670	-71.6922
14671	-71.8572
14672	-70.4878
14673	-71.3461
14674	-70.9997
14675	-70.4409
14676	-69.6575
14677	-67.4792
14678	-66.7054
14679	-64.7406
14680	-64.1807
14681	-63.0727
14682	-63.8097
14683	-63.7765
14684	-62.6458
14685	-55.645
14686	-27.5332
14687	-16.2204
14688	-14.9576
14689	-23.1749
14690	-45.1847
14691	-59.7319
14692	-59.3551
14693	-57.3969
14694	-55.6122
14695	-56.2823
14696	-57.0686
14697	-60.2611
14698	-63.3256
14699	-65.6849
14700	-68.3211
14701	-69.2392
14702	-69.8671
14703	-70.9679
14704	-71.7214
14705	-70.5607
14706	-70.2252
14707	-70.944
14708	-71.5813
14709	-72.1298
14710	-72.8886
14711	-72.6551
14712	-70.4766
14713	-68.7501
14714	-68.8299
14715	-71.5882
14716	-72.6896
14717	-72.637
14718	-72.5066
14719	-71.6335
14720	-71.3074
14721	-71.1943
14722	-70.7977
14723	-71.5871
14724	-72.2104
14725	-72.3597
14726	-70.7077
14727	-67.0954
14728	-67.6774
14729	-68.7743
14730	-69.2387
14731	-69.1655
14732	-69.9707
14733	-69.8747
14734	-69.9719
14735	-70.3909
14736	-64.2989
14737	-53.8031
14738	-52.492
14739	-60.5024
14740	-68.6285
14741	-67.5833
14742	-64.5407
14743	-62.249
14744	-62.3642
14745	-62.9499
14746	-62.6525
14747	-63.2876
14748	-60.8672
14749	-64.3377
14750	-66.0195
14751	-60.9346
14752	-61.918
14753	-62.4489
14754	-60.3241
14755	-60.1107
14756	-60.2641
14757	-62.2838
14758	-66.2125
14759	-68.0508
14760	-62.5807
14761	-52.8569
14762	-51.1429
14763	-57.4977
14764	-67.3428
14765	-68.933
14766	-68.9626
14767	-69.1358
14768	-67.9524
14769	-68.1574
14770	-68.2485
14771	-66.9581
14772	-65.8761
14773	-68.3813
14774	-71.0665
14775	-72.0831
14776	-72.3367
14777	-71.2896
14778	-70.7498
14779	-69.7965
14780	-70.0906
14781	-71.9714
14782	-72.3515
14783	-72.6428
14784	-73.1197
14785	-71.5939
14786	-71.13
14787	-71.884
14788	-72.7639
14789	-72.12
14790	-71.9623
14791	-71.5555
14792	-70.9295
14793	-69.4387
14794	-70.005
14795	-70.725
14796	-70.1758
14797	-68.2889
14798	-67.5746
14799	-66.6009
14800	-65.1121
14801	-62.1822
14802	-59.0059
14803	-54.6451
14804	-51.811
14805	-51.0072
14806	-52.0781
14807	-55.6699
14808	-58.1152
14809	-55.6297
14810	-42.5082
14811	-31.0739
14812	-29.2591
14813	-37.1057
14814	-51.2465
14815	-58.5425
14816	-61.8599
14817	-62.8916
14818	-62.19
14819	-63.3404
14820	-64.1174
14821	-66.007
14822	-66.4034
14823	-67.5975
14824	-69.3303
14825	-70.3377
14826	-70.7649
14827	-70.7419
14828	-71.5511
14829	-71.941
14830	-71.7349
14831	-72.1942
14832	-72.4942
14833	-72.5532
14834	-73.278
14835	-72.5456
14836	-70.5578
14837	-65.1994
14838	-64.3625
14839	-70.683
14840	-72.5824
14841	-71.8242
14842	-71.0767
14843	-68.9955
14844	-69.063
14845	-68.9478
14846	-68.7856
14847	-68.9122
14848	-69.4462
14849	-70.7723
14850	-68.6027
14851	-65.4275
14852	-65.033
14853	-63.5709
14854	-61.3838
14855	-60.1807
14856	-61.2201
14857	-64.0847
14858	-66.608
14859	-67.5197
14860	-61.9466
14861	-52.0865
14862	-50.3859
14863	-56.948
14864	-65.7937
14865	-66.7078
14866	-67.2816
14867	-66.5962
14868	-65.0633
14869	-65.7631
14870	-67.3384
14871	-64.1718
14872	-61.7882
14873	-64.267
14874	-68.5437
14875	-69.4451
14876	-69.5106
14877	-68.3017
14878	-65.4695
14879	-64.6451
14880	-65.8702
14881	-67.9483
14882	-70.4405
14883	-70.4908
14884	-67.7088
14885	-63.924
14886	-62.3224
14887	-64.6331
14888	-68.309
14889	-69.5475
14890	-69.8862
14891	-68.9778
14892	-68.8813
14893	-68.4631
14894	-68.5454
14895	-68.8125
14896	-69.7123
14897	-71.03
14898	-71.5878
14899	-73.2007
14900	-73.7455
14901	-72.4164
14902	-68.6947
14903	-64.9002
14904	-66.4123
14905	-69.7565
14906	-71.4443
14907	-72.1089
14908	-71.5786
14909	-70.2892
14910	-69.2853
14911	-69.4902
14912	-71.3035
14913	-72.3616
14914	-71.9537
14915	-71.672
14916	-71.3403
14917	-70.9746
14918	-69.8543
14919	-69.528
14920	-68.9364
14921	-68.3799
14922	-67.3259
14923	-67.7683
14924	-67.6964
14925	-66.6934
14926	-63.3341
14927	-57.1602
14928	-53.5618
14929	-51.3385
14930	-54.2871
14931	-58.854
14932	-64.4508
14933	-64.737
14934	-59.1901
14935	-53.0739
14936	-50.6539
14937	-54.5277
14938	-58.8661
14939	-64.8103
14940	-67.1407
14941	-67.1776
14942	-66.8661
14943	-66.7041
14944	-67.3505
14945	-68.474
14946	-69.0611
14947	-69.7346
14948	-70.9733
14949	-71.0655
14950	-71.8523
14951	-72.1725
14952	-72.2877
14953	-71.3336
14954	-70.0718
14955	-69.7293
14956	-70.6461
14957	-72.1014
14958	-72.2858
14959	-71.1596
14960	-69.3384
14961	-65.0043
14962	-64.1739
14963	-69.4559
14964	-73.021
14965	-73.322
14966	-72.768
14967	-71.3285
14968	-70.7102
14969	-69.7987
14970	-69.1883
14971	-68.8191
14972	-68.942
14973	-69.4885
14974	-69.6216
14975	-69.8014
14976	-69.2602
14977	-67.2096
14978	-63.4535
14979	-61.8216
14980	-63.8534
14981	-67.3679
14982	-70.0805
14983	-70.8649
14984	-68.9968
14985	-66.9492
14986	-65.9542
14987	-67.2754
14988	-69.2669
14989	-69.3632
14990	-69.1977
14991	-67.491
14992	-64.4804
14993	-63.1438
14994	-65.488
14995	-67.6176
14996	-66.0115
14997	-65.377
14998	-66.9259
14999	-66.6293
15000	-66.0054
15001	-65.0703
15002	-56.7083
15003	-51.7872
15004	-54.4435
15005	-62.834
15006	-67.2734
15007	-66.1673
15008	-63.2993
15009	-59.7852
15010	-58.7239
15011	-60.7196
15012	-63.6136
15013	-65.5732
15014	-66.4348
15015	-69.0521
15016	-70.4985
15017	-68.7361
15018	-68.6455
15019	-68.6783
15020	-68.8157
15021	-68.8681
15022	-69.559
15023	-71.4524
15024	-71.9642
15025	-73.145
15026	-69.3592
15027	-63.393
15028	-65.2163
15029	-70.8558
15030	-72.4867
15031	-73.1186
15032	-72.3372
15033	-72.2333
15034	-72.5932
15035	-71.5217
15036	-72.1809
15037	-71.5411
15038	-71.0435
15039	-71.1212
15040	-70.4724
15041	-69.307
15042	-68.0194
15043	-67.1992
15044	-66.8409
15045	-65.0181
15046	-64.2513
15047	-63.2623
15048	-63.3837
15049	-62.2662
15050	-58.2392
15051	-50.8277
15052	-39.496
15053	-33.6027
15054	-36.1888
15055	-47.1795
15056	-57.1276
15057	-57.8394
15058	-53.9363
15059	-49.985
15060	-48.6433
15061	-50.2051
15062	-53.7992
15063	-59.0531
15064	-62.2118
15065	-64.9265
15066	-66.367
15067	-67.1187
15068	-67.9059
15069	-69.9957
15070	-70.0994
15071	-69.2966
15072	-69.4273
15073	-71.0751
15074	-71.3653
15075	-71.7476
15076	-72.1518
15077	-72.2867
15078	-71.4787
15079	-70.7989
15080	-71.6226
15081	-73.1517
15082	-72.9165
15083	-72.6767
15084	-72.0966
15085	-70.3747
15086	-69.9329
15087	-70.9999
15088	-72.0299
15089	-72.4325
15090	-72.0044
15091	-70.8282
15092	-68.3781
15093	-66.7107
15094	-67.7026
15095	-68.7781
15096	-68.3448
15097	-68.2591
15098	-69.3249
15099	-68.9636
15100	-68.1161
15101	-65.9504
15102	-57.2948
15103	-52.8045
15104	-55.4823
15105	-63.6778
15106	-68.0098
15107	-65.8363
15108	-61.6858
15109	-59.5812
15110	-58.5131
15111	-59.8313
15112	-62.5226
15113	-62.1646
15114	-62.7544
15115	-66.7774
15116	-63.0082
15117	-60.3996
15118	-63.3118
15119	-62.9783
15120	-63.4449
15121	-62.4329
15122	-62.6148
15123	-65.5068
15124	-67.979
15125	-68.4568
15126	-57.7138
15127	-51.1225
15128	-53.668
15129	-65.8133
15130	-70.2636
15131	-70.1492
15132	-70.2294
15133	-69.5087
15134	-69.0775
15135	-68.7638
15136	-68.7019
15137	-67.1656
15138	-66.8059
15139	-70.74
15140	-72.0144
15141	-71.673
15142	-71.0228
15143	-70.7126
15144	-71.3221
15145	-71.0977
15146	-71.8469
15147	-72.3616
15148	-72.3042
15149	-72.5938
15150	-71.4126
15151	-69.0069
15152	-69.0992
15153	-71.4532
15154	-72.5483
15155	-73.1941
15156	-71.7998
15157	-71.5555
15158	-70.5841
15159	-70.4538
15160	-70.6652
15161	-71.9448
15162	-71.1612
15163	-69.9803
15164	-69.4575
15165	-68.2251
15166	-65.4282
15167	-63.7759
15168	-60.9129
15169	-58.4737
15170	-57.704
15171	-57.1882
15172	-58.8541
15173	-59.9437
15174	-58.764
15175	-40.8442
15176	-20.8533
15177	-14.0144
15178	-16.5183
15179	-29.4344
15180	-57.9476
15181	-62.0868
15182	-63.2079
15183	-62.6622
15184	-62.0846
15185	-63.1007
15186	-64.1359
15187	-66.1158
15188	-67.4882
15189	-69.3943
15190	-70.0724
15191	-70.5821
15192	-70.7092
15193	-70.4605
15194	-71.4115
15195	-71.4313
15196	-71.2914
15197	-72.143
15198	-72.7904
15199	-72.8512
15200	-72.5031
15201	-70.5986
15202	-67.4598
15203	-64.9807
15204	-67.0195
15205	-71.3477
15206	-71.754
15207	-70.6262
15208	-69.2533
15209	-68.0305
15210	-68.4169
15211	-68.539
15212	-69.4513
15213	-71.0437
15214	-72.5544
15215	-71.4491
15216	-67.6369
15217	-64.7094
15218	-65.3909
15219	-64.6978
15220	-64.1414
15221	-63.613
15222	-65.1101
15223	-67.0312
15224	-68.3418
15225	-68.0157
15226	-56.5206
15227	-49.8893
15228	-52.4575
15229	-65.0184
15230	-69.4593
15231	-68.5241
15232	-67.9598
15233	-66.8754
15234	-67.3802
15235	-68.6216
15236	-67.8122
15237	-63.9229
15238	-62.9753
15239	-69.3235
15240	-69.1314
15241	-66.8079
15242	-68.3166
15243	-69.7977
15244	-69.7716
15245	-69.2625
15246	-69.2437
15247	-70.1507
15248	-70.5805
15249	-69.9224
15250	-61.1943
15251	-54.5186
15252	-55.8517
15253	-64.0799
15254	-68.832
15255	-69.1195
15256	-67.7919
15257	-66.3355
15258	-66.0329
15259	-66.2176
15260	-66.4883
15261	-66.6275
15262	-68.4747
15263	-70.3947
15264	-72.6165
15265	-73.3752
15266	-71.7965
15267	-69.4463
15268	-67.8626
15269	-66.8312
15270	-68.3979
15271	-69.8836
15272	-71.4916
15273	-71.677
15274	-69.7805
15275	-67.2954
15276	-67.0187
15277	-68.759
15278	-72.294
15279	-73.452
15280	-72.2451
15281	-71.9709
15282	-71.8347
15283	-71.0591
15284	-71.0679
15285	-70.4852
15286	-70.6127
15287	-70.3874
15288	-70.8952
15289	-70.4594
15290	-69.6329
15291	-67.7148
15292	-64.7318
15293	-62.4595
15294	-62.5843
15295	-62.7776
15296	-64.0486
15297	-65.1604
15298	-64.1718
15299	-56.2362
15300	-41.1332
15301	-33.8834
15302	-35.9559
15303	-47.0596
15304	-58.2983
15305	-62.7038
15306	-63.0354
15307	-61.9004
15308	-62.0731
15309	-62.0787
15310	-63.4094
15311	-65.6459
15312	-66.9494
15313	-68.6374
15314	-70.3015
15315	-70.8738
15316	-71.7564
15317	-72.1623
15318	-71.247
15319	-71.0117
15320	-71.1387
15321	-71.339
15322	-71.8146
15323	-72.7573
15324	-73.3011
15325	-71.6503
15326	-68.71
15327	-64.6659
15328	-67.4286
15329	-72.9069
15330	-72.4016
15331	-72.388
15332	-72.0225
15333	-71.447
15334	-71.1156
15335	-70.5368
15336	-70.0341
15337	-70.5647
15338	-70.7367
15339	-71.7093
15340	-70.2417
15341	-68.5006
15342	-69.1121
15343	-68.7795
15344	-68.5594
15345	-68.9089
15346	-69.5979
15347	-70.5222
15348	-70.5328
15349	-70.2258
15350	-63.0804
15351	-56.5417
15352	-58.0358
15353	-65.4806
15354	-69.3764
15355	-68.6179
15356	-65.9408
15357	-63.5934
15358	-64.4799
15359	-64.3861
15360	-65.0708
15361	-64.152
15362	-63.2357
15363	-64.6416
15364	-65.8369
15365	-63.517
15366	-63.2601
15367	-60.5929
15368	-56.2653
15369	-55.8149
15370	-59.6175
15371	-63.4936
15372	-68.1254
15373	-65.0142
15374	-59.4474
15375	-55.2287
15376	-55.3573
15377	-60.9763
15378	-65.4578
15379	-67.309
15380	-68.966
15381	-68.3728
15382	-68.2182
15383	-68.0735
15384	-68.2095
15385	-67.2898
15386	-67.942
15387	-68.95
15388	-71.0141
15389	-72.1083
15390	-72.8332
15391	-71.5721
15392	-68.0214
15393	-66.3498
15394	-69.1214
15395	-72.1698
15396	-72.858
15397	-72.9246
15398	-72.5967
15399	-71.997
15400	-72.2889
15401	-71.5619
15402	-72.2997
15403	-71.733
15404	-71.3944
15405	-70.8808
15406	-69.8827
15407	-68.7141
15408	-69.1623
15409	-68.5429
15410	-67.4368
15411	-66.1671
15412	-65.4747
15413	-64.3671
15414	-63.0533
15415	-60.1161
15416	-55.2813
15417	-49.0715
15418	-44.2207
15419	-43.5828
15420	-47.6293
15421	-53.9997
15422	-59.6013
15423	-53.3563
15424	-45.7505
15425	-40.4689
15426	-41.3419
15427	-47.4816
15428	-54.2564
15429	-59.7849
15430	-62.6532
15431	-63.9787
15432	-64.7379
15433	-65.3274
15434	-66.7477
15435	-67.624
15436	-68.3685
15437	-68.3726
15438	-69.625
15439	-70.5824
15440	-71.1114
15441	-71.2412
15442	-72.2473
15443	-71.4126
15444	-72.3206
15445	-72.2294
15446	-72.7064
15447	-73.135
15448	-73.0282
15449	-72.643
15450	-69.5547
15451	-66.053
15452	-67.6833
15453	-72.0179
15454	-72.8244
15455	-72.0335
15456	-71.033
15457	-69.1095
15458	-68.5821
15459	-67.9518
15460	-68.6417
15461	-68.3414
15462	-68.6958
15463	-68.4727
15464	-68.3433
15465	-66.8265
15466	-65.1288
15467	-61.6588
15468	-56.751
15469	-56.5093
15470	-60.1326
15471	-64.8047
15472	-68.0555
15473	-63.9882
15474	-59.0174
15475	-54.4029
15476	-54.7981
15477	-60.2132
15478	-63.7463
15479	-64.3074
15480	-66.5399
15481	-64.3601
15482	-63.1982
15483	-64.0067
15484	-65.533
15485	-64.1769
15486	-63.7806
15487	-63.8286
15488	-66.5033
15489	-68.6886
15490	-69.0625
15491	-64.8369
15492	-58.5862
15493	-56.835
15494	-62.429
15495	-68.8482
15496	-71.2301
15497	-71.0558
15498	-70.328
15499	-69.5061
15500	-68.8746
15501	-69.3385
15502	-69.4795
15503	-68.6064
15504	-70.2684
15505	-70.8241
15506	-70.4835
15507	-70.0586
15508	-70.0839
15509	-70.2112
15510	-71.0187
15511	-71.3975
15512	-72.07
15513	-72.3903
15514	-72.5325
15515	-72.9827
15516	-67.7935
15517	-64.793
15518	-68.7164
15519	-71.6037
15520	-73.0353
15521	-72.5001
15522	-71.7643
15523	-71.0057
15524	-70.9762
15525	-70.6634
15526	-71.2082
15527	-71.8804
15528	-72.1203
15529	-71.0317
15530	-70.3536
15531	-68.778
15532	-67.7943
15533	-66.6503
15534	-64.82
15535	-63.3078
15536	-63.2845
15537	-63.084
15538	-63.8946
15539	-62.7432
15540	-57.9895
15541	-49.4082
15542	-39.7373
15543	-37.1699
15544	-43.7806
15545	-55.8662
15546	-63.5144
15547	-65.1926
15548	-64.2317
15549	-62.7591
15550	-62.6228
15551	-62.5536
15552	-64.6144
15553	-67.651
15554	-68.9673
15555	-69.8543
15556	-70.098
15557	-69.6495
15558	-70.1119
15559	-69.8218
15560	-70.2296
15561	-70.4792
15562	-71.5086
15563	-71.5364
15564	-71.623
15565	-72.0899
15566	-71.769
15567	-68.976
15568	-67.5411
15569	-67.5985
15570	-69.9401
15571	-71.4397
15572	-70.9542
15573	-69.7388
15574	-67.7464
15575	-65.7784
15576	-67.0739
15577	-69.668
15578	-71.856
15579	-73.4236
15580	-72.4168
15581	-70.2847
15582	-68.7246
15583	-66.939
15584	-66.8228
15585	-66.8108
15586	-66.7109
15587	-66.8221
15588	-68.2631
15589	-69.4493
15590	-68.8178
15591	-63.6966
15592	-56.7853
15593	-54.9639
15594	-60.7916
15595	-68.5265
15596	-70.9522
15597	-70.1497
15598	-69.424
15599	-69.8572
15600	-70
15601	-69.6847
15602	-68.2809
15603	-67.0897
15604	-68.9858
15605	-69.2353
15606	-63.554
15607	-63.9786
15608	-67.9874
15609	-68.8565
15610	-67.58
15611	-66.9473
15612	-67.8766
15613	-68.4413
15614	-69.0062
15615	-65.8298
15616	-53.1157
15617	-50.1796
15618	-56.4563
15619	-68.0541
15620	-68.1311
15621	-66.5308
15622	-64.3573
15623	-62.8458
15624	-63.0341
15625	-63.7848
15626	-65.1236
15627	-64.9854
15628	-67.2631
15629	-71.3061
15630	-72.3147
15631	-70.4545
15632	-69.1984
15633	-68.6765
15634	-68.7662
15635	-68.4369
15636	-69.5873
15637	-70.8818
15638	-72.1966
15639	-71.8026
15640	-66.6923
15641	-63.694
15642	-67.2161
15643	-70.6979
15644	-72.7888
15645	-72.9342
15646	-72.2761
15647	-72.3743
15648	-71.6092
15649	-71.4532
15650	-71.7241
15651	-70.6788
15652	-71.095
15653	-71.0135
15654	-70.3981
15655	-69.9786
15656	-67.803
15657	-66.6976
15658	-64.9557
15659	-63.9322
15660	-62.919
15661	-63.431
15662	-63.5322
15663	-62.6481
15664	-58.5169
15665	-31.0314
15666	-17.5209
15667	-14.6383
15668	-21.0668
15669	-39.9165
15670	-59.0258
15671	-59.597
15672	-57.5009
15673	-55.5747
15674	-55.9826
15675	-56.6693
15676	-59.4121
15677	-62.9841
15678	-64.8949
15679	-67.8791
15680	-68.918
15681	-69.5937
15682	-70.6463
15683	-71.8792
15684	-70.5787
15685	-70.1868
15686	-70.6813
15687	-71.4916
15688	-71.9538
15689	-72.7921
15690	-72.8285
15691	-71.1566
15692	-69.3888
15693	-68.8462
15694	-71.22
15695	-72.6527
15696	-72.6203
15697	-72.6331
15698	-71.9022
15699	-71.2401
15700	-71.5646
15701	-70.7892
15702	-71.4298
15703	-72.1719
15704	-72.1292
15705	-71.1477
15706	-67.1907
15707	-67.1655
15708	-68.8201
15709	-68.9564
15710	-69.0674
15711	-69.6319
15712	-69.8693
15713	-70.0837
15714	-70.3604
15715	-66.2936
15716	-54.46
15717	-51.5587
15718	-57.8035
15719	-68.3589
15720	-67.9786
15721	-65.0559
15722	-62.5087
15723	-62.0547
15724	-62.9724
15725	-62.4002
15726	-63.1912
15727	-60.776
15728	-62.9599
15729	-67.1704
15730	-61.5303
15731	-61.6024
15732	-62.6483
15733	-60.5312
15734	-59.9239
15735	-60.237
15736	-61.8426
15737	-65.7616
15738	-67.791
15739	-64.3892
15740	-54.3303
15741	-51.0463
15742	-56.1147
15743	-66.4666
15744	-68.6928
15745	-68.962
15746	-69.2662
15747	-68.3242
15748	-68.0926
15749	-68.3954
15750	-67.4375
15751	-65.9482
15752	-68.0064
15753	-70.8416
15754	-72.1437
15755	-72.2799
15756	-71.6341
15757	-70.8452
15758	-70.4192
15759	-70.1129
15760	-71.8706
15761	-72.507
15762	-72.7227
15763	-73.0046
15764	-71.6144
15765	-70.7971
15766	-71.474
15767	-72.5246
15768	-72.3778
15769	-71.9447
15770	-71.4143
15771	-71.3411
15772	-69.5993
15773	-69.667
15774	-70.3802
15775	-70.5619
15776	-68.5601
15777	-67.6354
15778	-66.8395
15779	-65.4401
15780	-62.5899
15781	-59.843
15782	-55.154
15783	-52.0975
15784	-50.987
15785	-51.7657
15786	-55.1246
15787	-58.1024
15788	-56.9478
15789	-45.5381
15790	-32.4066
15791	-29.0021
15792	-35.1572
15793	-49.2455
15794	-57.95
15795	-61.7164
15796	-62.9031
15797	-62.4599
15798	-63.5741
15799	-64.0879
15800	-66.0248
15801	-66.6098
15802	-67.5311
15803	-69.3856
15804	-70.2613
15805	-70.8087
15806	-70.7517
15807	-71.256
15808	-71.9165
15809	-71.5588
15810	-72.1745
15811	-72.5189
15812	-72.3351
15813	-73.1433
15814	-72.7005
15815	-71.0034
15816	-65.8668
15817	-63.6725
15818	-69.3339
15819	-72.6496
15820	-71.8898
15821	-71.2732
15822	-69.3588
15823	-68.945
15824	-68.9707
15825	-68.6796
15826	-68.8586
15827	-69.1083
15828	-70.9167
15829	-69.2928
15830	-65.9038
15831	-65.2283
15832	-63.9665
15833	-61.6493
15834	-60.1147
15835	-60.7468
15836	-63.5734
15837	-66.3034
15838	-67.3426
15839	-63.8302
15840	-53.473
15841	-50.1855
15842	-55.4001
15843	-65.4708
15844	-66.7688
15845	-67.0177
15846	-67.1416
15847	-65.2754
15848	-65.9097
15849	-67.6348
15850	-65.2716
15851	-62.2072
15852	-63.6237
15853	-68.1098
15854	-69.4115
15855	-69.5601
15856	-68.7282
15857	-66.7866
15858	-65.5679
15859	-66.4539
15860	-68.074
15861	-70.1846
15862	-70.5964
15863	-67.952
15864	-63.7047
15865	-61.3075
15866	-63.1787
15867	-67.2704
15868	-69.5148
15869	-69.9085
15870	-69.0492
15871	-68.883
15872	-68.6329
15873	-68.3787
15874	-68.7343
15875	-69.3003
15876	-70.7626
15877	-71.4563
15878	-72.9587
15879	-73.629
15880	-72.6226
15881	-69.2986
15882	-65.1218
15883	-65.5933
15884	-69.059
15885	-71.1527
15886	-71.8091
15887	-71.8489
15888	-70.409
15889	-69.2821
15890	-69.2543
15891	-71.0996
15892	-72.3741
15893	-72.036
15894	-71.7831
15895	-71.4264
15896	-71.2964
15897	-70.0611
15898	-69.6477
15899	-69.0113
15900	-68.5804
15901	-67.5808
15902	-68.1274
15903	-68.0192
15904	-67.36
15905	-64.8115
15906	-58.8848
15907	-55.2297
15908	-52.3887
15909	-54.4584
15910	-58.946
15911	-64.0141
15912	-65.1964
15913	-59.0171
15914	-52.7458
15915	-49.2229
15916	-52.3041
15917	-57.0433
15918	-63.25
15919	-66.6033
15920	-66.88
15921	-66.7586
15922	-66.5989
15923	-67.0597
15924	-68.2573
15925	-68.9573
15926	-69.4856
15927	-70.6486
15928	-71.0624
15929	-71.5591
15930	-72.0184
15931	-72.2129
15932	-71.3176
15933	-70.4339
15934	-69.6998
15935	-70.6348
15936	-71.6453
15937	-72.4018
15938	-71.4905
15939	-70.0157
15940	-65.9335
15941	-64.043
15942	-68.5464
15943	-72.6479
15944	-73.254
15945	-72.9027
15946	-71.5413
15947	-70.8351
15948	-70.1266
15949	-69.3876
15950	-68.9176
15951	-68.8228
15952	-69.6085
15953	-69.4923
15954	-70.0077
15955	-69.3337
15956	-68.1057
15957	-64.6184
15958	-62.5775
15959	-64.0744
15960	-67.0994
15961	-70.0398
15962	-70.9581
15963	-68.9186
15964	-66.1348
15965	-64.6408
15966	-65.8762
15967	-68.718
15968	-69.3259
15969	-69.2034
15970	-68.0995
15971	-64.9707
15972	-62.7891
15973	-64.6098
15974	-67.5014
15975	-65.8665
15976	-65.0747
15977	-66.5952
15978	-66.9334
15979	-65.9596
15980	-65.2235
15981	-58.0244
15982	-51.928
15983	-53.1219
15984	-61.3285
15985	-67.0877
15986	-66.4072
15987	-63.8589
15988	-60.3144
15989	-58.7949
15990	-60.0408
15991	-63.1521
15992	-65.2608
15993	-66.0267
15994	-68.5945
15995	-70.365
15996	-68.9539
15997	-68.6267
15998	-68.7325
15999	-68.6421
16000	-69.101
16001	-69.1067
16002	-71.2905
16003	-71.9504
16004	-73.0583
16005	-70.754
16006	-64.1884
16007	-64.5921
16008	-70.4274
16009	-72.3113
16010	-73.1102
16011	-72.5475
16012	-72.3259
16013	-72.5151
16014	-71.6834
16015	-72.0332
16016	-71.8717
16017	-70.9729
16018	-71.2263
16019	-70.6121
16020	-69.3052
16021	-68.1371
16022	-67.192
16023	-66.7359
16024	-65.2156
16025	-64.3714
16026	-63.018
16027	-63.3188
16028	-62.4668
16029	-58.8326
16030	-52.1501
16031	-41.1689
16032	-33.9301
16033	-34.8687
16034	-45.0253
16035	-55.4423
16036	-58.1615
16037	-54.5732
16038	-50.3277
16039	-48.7576
16040	-49.7164
16041	-53.1438
16042	-58.062
16043	-61.5605
16044	-64.5045
16045	-66.056
16046	-67.0002
16047	-67.8833
16048	-69.4119
16049	-70.1407
16050	-69.5853
16051	-69.1101
16052	-70.7473
16053	-71.1893
16054	-71.8008
16055	-71.9298
16056	-72.4927
16057	-71.5761
16058	-71.0745
16059	-71.6623
16060	-73.1062
16061	-72.7274
16062	-72.6243
16063	-72.2877
16064	-70.1262
16065	-69.5655
16066	-70.8263
16067	-71.7598
16068	-72.5296
16069	-71.8601
16070	-71.2121
16071	-68.6224
16072	-66.7542
16073	-67.2276
16074	-68.6049
16075	-68.2829
16076	-67.9634
16077	-69.2154
16078	-69.0923
16079	-68.2348
16080	-66.6523
16081	-58.4972
16082	-52.9006
16083	-54.0598
16084	-62.1195
16085	-67.9195
16086	-66.3412
16087	-62.3132
16088	-59.8515
16089	-58.6084
16090	-59.401
16091	-62.0964
16092	-62.3606
16093	-62.2058
16094	-66.0187
16095	-64.2217
16096	-60.5337
16097	-63.0535
16098	-63.1719
16099	-63.2136
16100	-62.8535
16101	-62.3844
16102	-64.8883
16103	-67.6792
16104	-68.7324
16105	-60.1709
16106	-52.0761
16107	-53.0404
16108	-63.5124
16109	-70.5012
16110	-70.0557
16111	-70.2587
16112	-69.9079
16113	-69.3004
16114	-69.1446
16115	-68.8223
16116	-67.9228
16117	-66.7991
16118	-70.1413
16119	-72.1416
16120	-71.6601
16121	-71.2076
16122	-70.6964
16123	-71.1613
16124	-71.1633
16125	-71.8555
16126	-72.2166
16127	-72.2616
16128	-72.5734
16129	-71.9188
16130	-68.9475
16131	-68.497
16132	-70.6833
16133	-72.3709
16134	-73.3462
16135	-71.9277
16136	-71.754
16137	-70.7968
16138	-70.509
16139	-70.6714
16140	-71.4997
16141	-71.2828
16142	-70.1489
16143	-69.7997
16144	-68.5104
16145	-66.0111
16146	-63.8433
16147	-61.5248
16148	-58.7112
16149	-57.8149
16150	-57.4055
16151	-58.7681
16152	-59.964
16153	-59.6034
16154	-47.3927
16155	-24.1335
16156	-15.4725
16157	-16.3644
16158	-27.1667
16159	-54.2035
16160	-62.0911
16161	-63.5795
16162	-63.2378
16163	-62.4785
16164	-63.4922
16165	-64.0166
16166	-66.0289
16167	-67.3188
16168	-69.1941
16169	-70.3824
16170	-70.6482
16171	-70.8467
16172	-70.4216
16173	-71.3472
16174	-71.6834
16175	-71.2713
16176	-72.062
16177	-72.5822
16178	-72.6283
16179	-72.6151
16180	-71.0615
16181	-67.972
16182	-65.066
16183	-66.2166
16184	-70.8356
16185	-71.6154
16186	-70.8975
16187	-69.5277
16188	-68.1888
16189	-68.2451
16190	-68.6782
16191	-69.0633
16192	-70.8259
16193	-72.3723
16194	-71.8571
16195	-68.6504
16196	-65.1449
16197	-65.3084
16198	-65.1482
16199	-64.4636
16200	-63.7822
16201	-64.9234
16202	-66.7094
16203	-68.1788
16204	-68.5981
16205	-58.8888
16206	-50.7201
16207	-51.6993
16208	-62.434
16209	-69.8236
16210	-68.6469
16211	-68.3543
16212	-67.2504
16213	-67.3234
16214	-68.8561
16215	-68.4473
16216	-65.1465
16217	-63.0027
16218	-68.3657
16219	-69.4184
16220	-66.1433
16221	-67.7008
16222	-69.4862
16223	-69.7403
16224	-69.3441
16225	-69.0993
16226	-69.8078
16227	-70.4536
16228	-70.313
16229	-62.5829
16230	-54.4864
16231	-54.4677
16232	-61.9079
16233	-68.3895
16234	-69.0809
16235	-67.9752
16236	-66.4274
16237	-65.8639
16238	-66.1541
16239	-66.4146
16240	-66.4566
16241	-67.7504
16242	-70.1504
16243	-72.3897
16244	-73.386
16245	-72.2959
16246	-69.6405
16247	-68.1225
16248	-66.6761
16249	-67.9012
16250	-69.5485
16251	-71.217
16252	-71.5247
16253	-70.0855
16254	-67.5703
16255	-66.7541
16256	-68.3071
16257	-71.7601
16258	-73.3258
16259	-72.445
16260	-71.96
16261	-72.0285
16262	-71.1651
16263	-71.0713
16264	-70.5363
16265	-70.5967
16266	-70.4429
16267	-70.7249
16268	-70.5547
16269	-69.5429
16270	-67.8238
16271	-65.4392
16272	-63.2142
16273	-63.503
16274	-63.294
16275	-63.969
16276	-65.2565
16277	-64.1617
16278	-57.7952
16279	-42.6749
16280	-33.6864
16281	-34.0507
16282	-43.7358
16283	-56.4626
16284	-61.8342
16285	-63.0007
16286	-61.9103
16287	-61.6149
16288	-61.9341
16289	-62.7185
16290	-65.1709
16291	-66.4747
16292	-68.215
16293	-70.07
16294	-70.4978
16295	-71.4624
16296	-71.9774
16297	-71.4927
16298	-70.8156
16299	-70.9118
16300	-71.3824
16301	-71.475
16302	-72.5252
16303	-73.3983
16304	-72.0288
16305	-69.7515
16306	-65.4616
16307	-66.7179
16308	-72.2692
16309	-72.6857
16310	-72.3775
16311	-72.1022
16312	-71.5298
16313	-71.1795
16314	-70.7655
16315	-70.1726
16316	-70.6692
16317	-70.6865
16318	-71.534
16319	-70.459
16320	-68.3228
16321	-69.2034
16322	-69.1508
16323	-68.8771
16324	-69.5727
16325	-70.0196
16326	-70.7756
16327	-70.7465
16328	-70.6456
16329	-64.1672
16330	-56.317
16331	-56.4105
16332	-63.4177
16333	-69.0712
16334	-68.6493
16335	-66.3984
16336	-63.5964
16337	-64.4617
16338	-64.2711
16339	-64.7885
16340	-64.1222
16341	-62.7376
16342	-64.1007
16343	-66.3411
16344	-63.9743
16345	-63.0756
16346	-61.4752
16347	-56.7078
16348	-55.5598
16349	-58.8339
16350	-62.6938
16351	-67.1584
16352	-65.9464
16353	-60.6869
16354	-55.7856
16355	-54.9497
16356	-59.891
16357	-65.3439
16358	-67.0413
16359	-68.947
16360	-68.2888
16361	-68.3061
16362	-68.2127
16363	-68.5004
16364	-67.3643
16365	-67.8544
16366	-68.6956
16367	-70.7327
16368	-71.835
16369	-72.8038
16370	-72.1535
16371	-69.0799
16372	-66.5781
16373	-68.7614
16374	-72.0694
16375	-72.9193
16376	-72.9559
16377	-72.7027
16378	-72.31
16379	-72.1518
16380	-71.6088
16381	-72.2054
16382	-71.5216
16383	-71.2409
16384	-70.905
16385	-70.0962
16386	-68.7547
16387	-68.8097
16388	-68.6292
16389	-67.7031
16390	-66.4027
16391	-65.4463
16392	-64.6324
16393	-63.1531
16394	-60.8161
16395	-56.3706
16396	-49.8954
16397	-44.9034
16398	-43.2306
16399	-46.8026
16400	-52.9217
16401	-58.6927
16402	-54.7135
16403	-46.921
16404	-41.1551
16405	-40.7034
16406	-46.5081
16407	-53.1707
16408	-59.1207
16409	-62.5017
16410	-63.6856
16411	-64.5189
16412	-65.0982
16413	-66.4979
16414	-67.5635
16415	-68.3132
16416	-68.2974
16417	-69.2772
16418	-70.3516
16419	-71.2774
16420	-71.3239
16421	-72.1088
16422	-71.596
16423	-72.1655
16424	-71.9293
16425	-72.7042
16426	-73.0446
16427	-73.1575
16428	-72.7791
16429	-70.0283
16430	-66.0223
16431	-66.7191
16432	-71.5565
16433	-72.8771
16434	-72.147
16435	-71.2999
16436	-69.3578
16437	-68.6789
16438	-67.9467
16439	-68.4156
16440	-68.3185
16441	-68.6366
16442	-68.7686
16443	-68.505
16444	-67.1999
16445	-65.3764
16446	-62.5304
16447	-57.2707
16448	-56.2229
16449	-59.258
16450	-63.9456
16451	-67.5695
16452	-64.9785
16453	-59.9932
16454	-55.0131
16455	-54.2828
16456	-59.2138
16457	-63.9343
16458	-63.9645
16459	-66.1249
16460	-65.12
16461	-63.436
16462	-64.1735
16463	-65.6536
16464	-64.4931
16465	-63.9309
16466	-63.951
16467	-66.0996
16468	-68.4916
16469	-69.3069
16470	-66.4029
16471	-60.2073
16472	-57.4321
16473	-61.8803
16474	-68.3351
16475	-71.036
16476	-70.796
16477	-69.847
16478	-68.8713
16479	-68.161
16480	-68.6412
16481	-69.4214
16482	-68.7736
16483	-70.0294
16484	-70.8395
16485	-70.6177
16486	-70.0893
16487	-69.9561
16488	-70.1511
16489	-70.9531
16490	-71.2879
16491	-71.9389
16492	-72.3833
16493	-72.4796
16494	-73.1873
16495	-68.7879
16496	-64.429
16497	-67.568
16498	-71.3585
16499	-72.854
16500	-72.8679
16501	-71.8678
16502	-71.0593
16503	-70.9748
16504	-70.7053
16505	-71.3631
16506	-72.0362
16507	-72.1918
16508	-71.2435
16509	-70.4146
16510	-69.2787
16511	-67.8811
16512	-67.1197
16513	-65.3993
16514	-63.5195
16515	-63.6542
16516	-63.3493
16517	-63.9518
16518	-63.6838
16519	-59.5646
16520	-51.618
16521	-41.6748
16522	-37.8104
16523	-42.7147
16524	-54.7918
16525	-63.4359
16526	-65.0138
16527	-64.0727
16528	-62.1216
16529	-61.5714
16530	-61.829
16531	-63.7829
16532	-67.1396
16533	-68.9665
16534	-69.8598
16535	-70.3046
16536	-69.8247
16537	-70.2818
16538	-69.8478
16539	-70.7296
16540	-70.9795
16541	-71.4205
16542	-71.7468
16543	-72.142
16544	-72.7935
16545	-72.5133
16546	-69.5701
16547	-67.7251
16548	-67.6631
16549	-69.9671
16550	-71.5997
16551	-71.2529
16552	-70.3327
16553	-68.4343
16554	-66.1763
16555	-66.7767
16556	-69.1963
16557	-71.7236
16558	-73.6763
16559	-73.1357
16560	-70.758
16561	-69.4591
16562	-67.4676
16563	-67.0363
16564	-66.8647
16565	-66.9078
16566	-66.9177
16567	-67.8688
16568	-69.3189
16569	-69.1532
16570	-65.0615
16571	-58.2771
16572	-55.3735
16573	-59.8342
16574	-67.8562
16575	-70.9684
16576	-70.4351
16577	-69.6974
16578	-69.8539
16579	-69.9228
16580	-70.2215
16581	-68.7586
16582	-67.7089
16583	-68.7826
16584	-69.623
16585	-63.9013
16586	-63.0289
16587	-67.0873
16588	-68.7616
16589	-67.6095
16590	-66.6281
16591	-67.5755
16592	-68.4096
16593	-68.6871
16594	-67.4396
16595	-54.2713
16596	-49.6977
16597	-54.2915
16598	-66.916
16599	-68.291
16600	-66.8063
16601	-64.7846
16602	-63.2414
16603	-62.8792
16604	-63.5822
16605	-64.8963
16606	-64.8417
16607	-66.4514
16608	-70.923
16609	-72.2202
16610	-70.5117
16611	-69.3656
16612	-68.6266
16613	-68.8436
16614	-68.3368
16615	-69.1532
16616	-70.8443
16617	-71.8407
16618	-71.9342
16619	-67.7582
16620	-63.7865
16621	-66.5202
16622	-70.1947
16623	-72.526
16624	-73.1361
16625	-72.3878
16626	-72.5917
16627	-71.7298
16628	-71.3554
16629	-71.6819
16630	-70.8707
16631	-70.6866
16632	-71.0797
16633	-70.3821
16634	-69.8819
16635	-67.8977
16636	-66.6147
16637	-65.1133
16638	-63.7571
16639	-62.8313
16640	-62.732
16641	-63.2752
16642	-62.5276
16643	-59.4125
16644	-35.1377
16645	-19.1438
16646	-14.6067
16647	-19.3258
16648	-35.4702
16649	-58.1044
16650	-59.6449
16651	-57.6528
16652	-55.6013
16653	-55.731
16654	-56.3258
16655	-58.6099
16656	-62.1766
16657	-64.1793
16658	-67.4339
16659	-68.5674
16660	-69.3565
16661	-70.3302
16662	-71.825
16663	-70.848
16664	-70.3607
16665	-70.4461
16666	-71.3873
16667	-71.8113
16668	-72.6797
16669	-72.7475
16670	-71.8331
16671	-69.9877
16672	-69.0345
16673	-70.9758
16674	-72.5658
16675	-72.4993
16676	-72.7651
16677	-72.0305
16678	-71.1185
16679	-71.3898
16680	-71.0172
16681	-71.1727
16682	-71.9756
16683	-72.0599
16684	-71.4095
16685	-67.5171
16686	-66.5302
16687	-68.496
16688	-68.5783
16689	-68.8745
16690	-69.3667
16691	-69.8786
16692	-69.9209
16693	-70.2909
16694	-68.2084
16695	-55.4705
16696	-50.9457
16697	-55.5384
16698	-67.4455
16699	-68.3549
16700	-65.6751
16701	-62.5522
16702	-61.8791
16703	-62.9758
16704	-62.3021
16705	-63.2688
16706	-60.9594
16707	-61.7403
16708	-67.4838
16709	-62.4112
16710	-61.3573
16711	-62.8222
16712	-60.9021
16713	-60.0229
16714	-60.1756
16715	-61.4794
16716	-64.9494
16717	-67.4982
16718	-66.113
16719	-56.1373
16720	-51.2805
16721	-55.0186
16722	-65.1523
16723	-68.5746
16724	-68.9383
16725	-69.3734
16726	-68.7788
16727	-68.0754
16728	-68.5816
16729	-67.849
16730	-66.2566
16731	-67.5559
16732	-70.5128
16733	-72.2019
16734	-72.2196
16735	-71.9223
16736	-70.8467
16737	-70.7458
16738	-70.209
16739	-71.7649
16740	-72.7682
16741	-72.9175
16742	-72.8125
16743	-71.7497
16744	-70.6262
16745	-71.2585
16746	-72.1829
16747	-72.4898
16748	-71.8659
16749	-71.3938
16750	-71.6251
16751	-69.8683
16752	-69.405
16753	-70.196
16754	-70.938
16755	-68.7585
16756	-67.8225
16757	-67.2559
16758	-65.7468
16759	-63.2679
16760	-60.4449
16761	-55.8644
16762	-52.5103
16763	-51.1485
16764	-51.6568
16765	-54.5611
16766	-57.8807
16767	-57.6771
16768	-48.2695
16769	-34.0952
16770	-29.0742
16771	-33.6358
16772	-47.0532
16773	-57.3172
16774	-61.5991
16775	-63.0254
16776	-62.8939
16777	-63.3548
16778	-64.1583
16779	-65.9459
16780	-66.8033
16781	-67.4467
16782	-69.2768
16783	-70.041
16784	-70.9528
16785	-70.7476
16786	-71.1211
16787	-71.9214
16788	-71.5995
16789	-72.028
16790	-72.5503
16791	-72.361
16792	-73.2451
16793	-72.7552
16794	-71.1733
16795	-66.6924
16796	-63.2249
16797	-67.6626
16798	-72.448
16799	-71.9428
16800	-71.3744
16801	-69.7305
16802	-68.7312
16803	-68.9993
16804	-68.677
16805	-68.9115
16806	-68.9351
16807	-71.0138
16808	-70.0172
16809	-66.4602
16810	-65.2102
16811	-64.129
16812	-61.8323
16813	-60.3216
16814	-60.4922
16815	-63.1446
16816	-66.1427
16817	-67.3181
16818	-65.4213
16819	-55.2098
16820	-50.312
16821	-54.1648
16822	-64.3223
16823	-66.8089
16824	-66.9096
16825	-67.5237
16826	-65.6993
16827	-66.2011
16828	-67.8354
16829	-66.1444
16830	-62.6902
16831	-63.1964
16832	-67.6261
16833	-69.4968
16834	-69.3552
16835	-68.8698
16836	-68.144
16837	-66.7545
16838	-67.3284
16839	-68.3522
16840	-70.1731
16841	-71.0178
16842	-68.1475
16843	-63.6234
16844	-60.5561
16845	-61.762
16846	-66.0655
16847	-69.1177
16848	-69.9113
16849	-69.2614
16850	-68.7293
16851	-68.7828
16852	-68.0494
16853	-68.5897
16854	-68.9862
16855	-70.4441
16856	-71.1783
16857	-72.5383
16858	-73.4947
16859	-72.9652
16860	-69.9958
16861	-65.5902
16862	-64.9662
16863	-68.5287
16864	-70.8873
16865	-71.621
16866	-72.1169
16867	-70.6757
16868	-69.4123
16869	-69.1597
16870	-70.7955
16871	-72.3977
16872	-72.2945
16873	-71.9924
16874	-71.3091
16875	-71.3217
16876	-70.2161
16877	-69.7758
16878	-69.1001
16879	-68.8068
16880	-67.8596
16881	-68.1023
16882	-68.0596
16883	-67.8826
16884	-65.9645
16885	-60.6846
16886	-56.6775
16887	-53.8438
16888	-54.9491
16889	-59.2648
16890	-63.7167
16891	-65.9211
16892	-59.1923
16893	-52.8014
16894	-48.1892
16895	-50.3051
16896	-55.5044
16897	-61.5829
16898	-66.1222
16899	-66.6094
16900	-66.6266
16901	-66.5532
16902	-66.7427
16903	-68.0004
16904	-68.9525
16905	-69.2301
16906	-70.2492
16907	-71.0562
16908	-71.3861
16909	-71.911
16910	-72.1927
16911	-71.4584
16912	-70.5932
16913	-69.8812
16914	-70.6468
16915	-71.415
16916	-72.6876
16917	-71.6798
16918	-70.5153
16919	-67.0673
16920	-64.1359
16921	-67.6427
16922	-72.3436
16923	-73.2037
16924	-73.1718
16925	-71.7553
16926	-70.9244
16927	-70.3361
16928	-69.4927
16929	-69.0285
16930	-68.8388
16931	-69.6726
16932	-69.4059
16933	-70.1646
16934	-69.3386
16935	-69.0349
16936	-65.901
16937	-63.6584
16938	-64.3493
16939	-67.1022
16940	-69.9113
16941	-71.1842
16942	-69.024
16943	-65.6944
16944	-63.7288
16945	-64.2949
16946	-67.8538
16947	-69.3326
16948	-69.3329
16949	-68.4433
16950	-65.2999
16951	-62.5008
16952	-63.8185
16953	-67.0744
16954	-65.9089
16955	-64.8325
16956	-66.1151
16957	-67.2584
16958	-65.9118
16959	-65.1859
16960	-59.4169
16961	-52.323
16962	-52.1162
16963	-59.6905
16964	-66.7175
16965	-66.6425
16966	-64.3832
16967	-61.0895
16968	-58.8339
16969	-59.5206
16970	-62.4083
16971	-64.9966
16972	-65.7232
16973	-68.024
16974	-69.8243
16975	-69.3286
16976	-68.5106
16977	-68.7733
16978	-68.5237
16979	-69.2693
16980	-68.8955
16981	-70.9875
16982	-71.9514
16983	-72.7023
16984	-71.7038
16985	-65.2839
16986	-64.2193
16987	-69.6309
16988	-72.2795
16989	-73.081
16990	-72.8558
16991	-72.4091
16992	-72.421
16993	-72.0965
16994	-71.7672
16995	-72.0891
16996	-70.9571
16997	-70.9789
16998	-70.5624
16999	-69.4314
17000	-68.2866
17001	-66.9817
17002	-66.6174
17003	-65.5735
17004	-64.1666
17005	-62.9981
17006	-63.1484
17007	-62.5194
17008	-59.5024
17009	-53.5105
17010	-43.0599
17011	-34.4433
17012	-33.8833
17013	-42.8077
17014	-54.046
17015	-58.4207
17016	-55.4417
17017	-50.8856
17018	-48.8966
17019	-49.2299
17020	-52.2755
17021	-57.1633
17022	-61.118
17023	-64.0897
17024	-65.726
17025	-67.0199
17026	-67.6111
17027	-68.8992
17028	-70.4775
17029	-69.7902
17030	-68.9653
17031	-70.4306
17032	-71.4057
17033	-71.8724
17034	-71.7182
17035	-72.4301
17036	-71.7251
17037	-71.3276
17038	-71.7141
17039	-72.8882
17040	-72.7729
17041	-72.6842
17042	-72.3236
17043	-70.0678
17044	-69.2931
17045	-70.179
17046	-71.4589
17047	-72.5937
17048	-71.9106
17049	-71.431
17050	-68.9436
17051	-66.9779
17052	-66.9505
17053	-68.4071
17054	-68.2661
17055	-67.7767
17056	-68.8361
17057	-69.1529
17058	-68.3727
17059	-67.0519
17060	-59.8753
17061	-53.1528
17062	-52.9772
17063	-60.3603
17064	-67.6862
17065	-66.7813
17066	-63.0654
17067	-60.0762
17068	-58.8259
17069	-59.0467
17070	-61.4556
17071	-62.7207
17072	-61.8867
17073	-65.1758
17074	-65.0826
17075	-60.9437
17076	-62.7717
17077	-63.5585
17078	-63.2406
17079	-63.3189
17080	-62.3943
17081	-64.4179
17082	-67.3552
17083	-68.9109
17084	-62.8138
17085	-53.3527
17086	-52.7529
17087	-61.5194
17088	-70.7134
17089	-70.0569
17090	-70.3029
17091	-70.3133
17092	-69.6547
17093	-69.4438
17094	-68.8358
17095	-68.3612
17096	-67.0366
17097	-69.7176
17098	-72.3446
17099	-71.7205
17100	-71.4442
17101	-70.8001
17102	-70.892
17103	-71.4032
17104	-71.7385
17105	-71.9771
17106	-72.3713
17107	-72.5111
17108	-72.2046
17109	-68.9344
17110	-67.8405
17111	-69.9804
17112	-72.1933
17113	-73.2726
17114	-72.2372
17115	-71.6702
17116	-70.9171
17117	-70.7488
17118	-70.5406
17119	-71.3582
17120	-71.4826
17121	-70.5041
17122	-69.8198
17123	-68.9235
17124	-66.8201
17125	-64.1263
17126	-62.1097
17127	-59.1883
17128	-57.8592
17129	-57.6792
17130	-58.4612
17131	-59.9174
17132	-60.4842
17133	-53.3363
17134	-27.8365
17135	-17.227
17136	-16.5157
17137	-25.3722
17138	-48.5012
17139	-62.1542
17140	-63.7489
17141	-63.7449
17142	-62.84
17143	-63.8157
17144	-63.9943
17145	-65.8876
17146	-67.2555
17147	-68.9802
17148	-70.5219
17149	-70.7343
17150	-70.9215
17151	-70.5245
17152	-71.3771
17153	-71.6652
17154	-71.3245
17155	-71.8558
17156	-72.5059
17157	-72.5827
17158	-72.8019
17159	-71.7224
17160	-68.4679
17161	-65.305
17162	-65.4949
17163	-70.0959
17164	-71.5401
17165	-71.3325
17166	-69.9453
17167	-68.5195
17168	-68.2577
17169	-68.7515
17170	-68.878
17171	-70.5423
17172	-72.1956
17173	-72.2385
17174	-69.5562
17175	-65.7795
17176	-65.2247
17177	-65.2774
17178	-64.3467
17179	-63.9138
17180	-64.7745
17181	-66.4311
17182	-67.9493
17183	-68.7569
17184	-61.5945
17185	-51.8631
17186	-51.2686
17187	-60.1157
17188	-70.2028
17189	-68.9407
17190	-68.7412
17191	-67.5651
17192	-67.62
17193	-68.9227
17194	-68.9454
17195	-66.2861
17196	-63.3227
17197	-67.369
17198	-70.0014
17199	-65.7368
17200	-66.895
17201	-69.1945
17202	-69.4953
17203	-69.2741
17204	-68.6955
17205	-69.4721
17206	-70.251
17207	-70.4501
17208	-64.009
17209	-54.7641
17210	-53.3074
17211	-59.9593
17212	-67.7251
17213	-69.0078
17214	-68.1508
17215	-66.666
17216	-65.8179
17217	-66.0679
17218	-66.3863
17219	-66.2816
17220	-66.9603
17221	-69.5747
17222	-71.6883
17223	-73.3115
17224	-72.6622
17225	-69.9297
17226	-68.3342
17227	-66.7208
17228	-67.3146
17229	-69.1785
17230	-70.8715
17231	-71.4253
17232	-70.5446
17233	-68.1129
17234	-66.592
17235	-67.931
17236	-71.0518
17237	-73.0152
17238	-72.7244
17239	-72.0853
17240	-72.1226
17241	-71.029
17242	-71.2
17243	-70.6638
17244	-70.3499
17245	-70.297
17246	-70.5893
17247	-70.4613
17248	-69.6059
17249	-68.1501
17250	-66.1531
17251	-63.8192
17252	-63.7268
17253	-63.1476
17254	-63.616
17255	-65.0902
17256	-63.755
17257	-59.102
17258	-44.6588
17259	-33.8823
17260	-32.5385
17261	-40.8306
17262	-54.2223
17263	-60.7117
17264	-62.6124
17265	-61.8699
17266	-61.4493
17267	-61.7878
17268	-62.1526
17269	-64.5916
17270	-66.068
17271	-67.5482
17272	-69.7909
17273	-70.1794
17274	-71.2823
17275	-71.8383
17276	-71.6762
17277	-70.8235
17278	-70.8463
17279	-71.1715
17280	-71.2744
17281	-72.3849
17282	-73.2024
17283	-72.2565
17284	-70.6025
17285	-66.5076
17286	-66.2763
17287	-71.5916
17288	-72.9263
17289	-72.3418
17290	-72.1129
17291	-71.6079
17292	-71.359
17293	-70.993
17294	-70.3133
17295	-70.7177
17296	-70.7144
17297	-71.343
17298	-70.758
17299	-68.2706
17300	-68.9011
17301	-69.3483
17302	-69.3202
17303	-69.9255
17304	-70.4935
17305	-71.0881
17306	-71.0037
17307	-70.661
17308	-65.1768
17309	-56.4419
17310	-55.039
17311	-61.4201
17312	-68.437
17313	-68.8866
17314	-66.8271
17315	-63.7372
17316	-63.9147
17317	-64.0706
17318	-64.4965
17319	-64.3194
17320	-62.2961
17321	-63.5158
17322	-66.2465
17323	-64.4776
17324	-62.9728
17325	-62.4071
17326	-57.4017
17327	-55.2582
17328	-58.1553
17329	-62.0281
17330	-66.6548
17331	-66.8741
17332	-61.8398
17333	-56.5806
17334	-54.7284
17335	-58.7551
17336	-65.0532
17337	-66.5752
17338	-68.6071
17339	-68.543
17340	-68.2574
17341	-68.435
17342	-68.5646
17343	-67.5239
17344	-67.8321
17345	-68.7064
17346	-70.4907
17347	-71.7169
17348	-72.5661
17349	-72.3949
17350	-70.0335
17351	-67.0486
17352	-68.6042
17353	-71.9722
17354	-73.0754
17355	-73.0103
17356	-72.7505
17357	-72.4408
17358	-71.9691
17359	-71.7082
17360	-72.1765
17361	-71.5407
17362	-71.2234
17363	-70.9976
17364	-70.2358
17365	-68.9423
17366	-68.78
17367	-68.7112
17368	-68.018
17369	-66.6248
17370	-65.4616
17371	-64.9492
17372	-63.3156
17373	-61.3802
17374	-57.205
17375	-50.9312
17376	-45.6263
17377	-43.1163
17378	-45.9119
17379	-51.6932
17380	-57.4625
17381	-55.7618
17382	-48.3693
17383	-42.0493
17384	-40.2851
17385	-45.3282
17386	-52.0673
17387	-58.3253
17388	-62.1601
17389	-63.4212
17390	-64.3848
17391	-65.0096
17392	-66.3666
17393	-67.6347
17394	-68.2179
17395	-68.4356
17396	-69.1165
17397	-70.4322
17398	-71.3121
17399	-71.2685
17400	-71.9061
17401	-71.9784
17402	-71.8143
17403	-71.9223
17404	-72.5923
17405	-72.7104
17406	-72.9947
17407	-72.8194
17408	-70.6719
17409	-66.1963
17410	-65.7618
17411	-70.4651
17412	-72.8288
17413	-72.1926
17414	-71.5122
17415	-69.6333
17416	-68.8821
17417	-68.0201
17418	-68.0627
17419	-68.2698
17420	-68.4763
17421	-69.0067
17422	-68.6653
17423	-67.5914
17424	-65.6833
17425	-63.4455
17426	-57.8357
17427	-55.8133
17428	-58.5499
17429	-63.0525
17430	-67.0808
17431	-65.9664
17432	-60.9999
17433	-55.7992
17434	-53.9372
17435	-58.2265
17436	-63.8726
17437	-63.7031
17438	-65.7828
17439	-65.7251
17440	-63.6767
17441	-64.4731
17442	-65.5371
17443	-64.7466
17444	-64.0308
17445	-64.233
17446	-65.6098
17447	-68.231
17448	-69.3155
17449	-67.7644
17450	-61.9615
17451	-58.443
17452	-61.5803
17453	-67.9334
17454	-70.9548
17455	-70.5427
17456	-69.5171
17457	-68.1561
17458	-67.2884
17459	-67.8991
17460	-69.1224
17461	-69.0348
17462	-69.7974
17463	-70.8706
17464	-70.7011
17465	-70.0457
17466	-69.9625
17467	-70.0722
17468	-70.8392
17469	-71.036
17470	-71.7578
17471	-72.2272
17472	-72.5811
17473	-73.2256
17474	-69.7641
17475	-64.2741
17476	-66.2965
17477	-71.1199
17478	-72.5547
17479	-73.0975
17480	-71.9539
17481	-71.2204
17482	-71.1024
17483	-70.8943
17484	-71.2191
17485	-72.1633
17486	-72.0457
17487	-71.4783
17488	-70.5596
17489	-69.813
17490	-68.1893
17491	-67.2719
17492	-65.8228
17493	-63.7936
17494	-63.9041
17495	-63.386
17496	-63.9505
17497	-64.1782
17498	-61.1261
17499	-53.916
17500	-43.8865
17501	-38.7508
17502	-42.029
17503	-53.5794
17504	-62.992
17505	-64.8734
17506	-63.796
17507	-61.5012
17508	-60.5292
17509	-60.8346
17510	-62.6953
17511	-66.308
17512	-68.8033
17513	-69.6685
17514	-70.0962
17515	-69.7615
17516	-70.1493
17517	-70.0141
17518	-70.6201
17519	-71.1083
17520	-71.3294
17521	-71.8589
17522	-71.887
17523	-72.5179
17524	-72.7924
17525	-70.1678
17526	-67.9043
17527	-67.5511
17528	-69.6659
17529	-71.36
17530	-71.3216
17531	-70.8963
17532	-68.7895
17533	-66.5481
17534	-66.2418
17535	-68.708
17536	-71.3713
17537	-73.7946
17538	-73.2552
17539	-71.127
17540	-70.0152
17541	-68.024
17542	-67.2074
17543	-67.039
17544	-66.9771
17545	-67.0373
17546	-67.628
17547	-69.2331
17548	-69.2521
17549	-66.5179
17550	-59.8648
17551	-56.0924
17552	-59.1491
17553	-67.0189
17554	-70.8314
17555	-70.5767
17556	-69.713
17557	-69.3264
17558	-69.6424
17559	-69.48
17560	-69.0261
17561	-68.1137
17562	-68.7212
17563	-69.8335
17564	-64.4885
17565	-62.2136
17566	-66.0162
17567	-68.2662
17568	-67.8245
17569	-66.3011
17570	-67.3312
17571	-68.2052
17572	-68.2779
17573	-68.531
17574	-55.7846
17575	-49.5206
17576	-52.4869
17577	-65.2422
17578	-68.1187
17579	-66.9801
17580	-65.0884
17581	-63.2615
17582	-62.7615
17583	-63.5277
17584	-64.593
17585	-64.7809
17586	-65.7922
17587	-70.2446
17588	-72.2427
17589	-70.7198
17590	-69.7211
17591	-68.6802
17592	-68.9256
17593	-68.3656
17594	-68.8181
17595	-70.5585
17596	-71.7276
17597	-72.0583
17598	-68.9491
17599	-64.1636
17600	-65.8423
17601	-69.7805
17602	-72.2044
17603	-73.1577
17604	-72.6069
17605	-72.7118
17606	-71.7323
17607	-71.4009
17608	-71.8326
17609	-71.0874
17610	-70.3774
17611	-70.9814
17612	-70.2415
17613	-69.9249
17614	-67.7618
17615	-66.6079
17616	-65.2587
17617	-63.7464
17618	-62.7453
17619	-62.1994
17620	-63.0473
17621	-62.4739
17622	-59.751
17623	-40.0612
17624	-21.1096
17625	-14.8615
17626	-17.9259
17627	-31.6457
17628	-56.8879
17629	-59.5012
17630	-57.8541
17631	-55.8756
17632	-55.4335
17633	-55.9099
17634	-57.9255
17635	-61.4645
17636	-63.5321
17637	-66.7488
17638	-68.2156
17639	-68.987
17640	-69.8611
17641	-71.558
17642	-71.0442
17643	-70.4179
17644	-70.2343
17645	-71.2921
17646	-71.8401
17647	-72.4441
17648	-72.6662
17649	-72.4427
17650	-70.587
17651	-69.4251
17652	-70.7918
17653	-72.6115
17654	-72.3968
17655	-72.5313
17656	-72.0935
17657	-71.1034
17658	-71.1515
17659	-70.9541
17660	-70.9193
17661	-71.9945
17662	-72.2104
17663	-71.6702
17664	-68.0816
17665	-66.0083
17666	-68.1066
17667	-68.3265
17668	-68.823
17669	-69.0017
17670	-69.8346
17671	-69.6167
17672	-70.0166
17673	-69.4348
17674	-56.8381
17675	-50.6491
17676	-53.6314
17677	-65.6571
17678	-68.3131
17679	-66.0856
17680	-62.8178
17681	-61.7418
17682	-62.7523
17683	-62.2719
17684	-63.1502
17685	-61.3696
17686	-60.7771
17687	-66.895
17688	-63.5781
17689	-61.1875
17690	-62.8479
17691	-61.2027
17692	-60.3893
17693	-60.2961
17694	-61.1927
17695	-64.1064
17696	-67.1747
17697	-67.4071
17698	-58.2617
17699	-51.8302
17700	-54.1918
17701	-63.4518
17702	-68.6499
17703	-69.0469
17704	-69.3456
17705	-69.1306
17706	-68.03
17707	-68.6873
17708	-68.3424
17709	-66.8546
17710	-67.2329
17711	-70.1283
17712	-72.0829
17713	-72.2353
17714	-72.4422
17715	-70.9905
17716	-71.0494
17717	-70.3132
17718	-71.5481
17719	-72.8329
17720	-73.0674
17721	-72.6596
17722	-71.9336
17723	-70.4549
17724	-70.8197
17725	-71.8218
17726	-72.5297
17727	-71.8271
17728	-71.3943
17729	-71.6172
17730	-70.0752
17731	-69.3874
17732	-70.1373
17733	-70.9589
17734	-69.2366
17735	-68.1938
17736	-67.5127
17737	-66.1504
17738	-63.9802
17739	-60.8795
17740	-56.7555
17741	-52.9369
17742	-51.3113
17743	-51.6008
17744	-53.9828
17745	-57.3345
17746	-58.3876
17747	-51.1631
17748	-36.1507
17749	-29.4722
17750	-32.2404
17751	-44.3712
17752	-56.48
17753	-61.435
17754	-63.1459
17755	-63.2857
17756	-63.1645
17757	-64.2284
17758	-65.6873
17759	-66.9093
17760	-67.2603
17761	-69.0712
17762	-70.0194
17763	-71.1138
17764	-70.9975
17765	-71.0124
17766	-71.9415
17767	-71.6578
17768	-72.0393
17769	-72.6605
17770	-72.2361
17771	-73.1125
17772	-72.8452
17773	-71.3119
17774	-67.6408
17775	-63.0516
17776	-65.9965
17777	-72.0531
17778	-72.1934
17779	-71.4832
17780	-70.1165
17781	-68.6259
17782	-69.1659
17783	-68.6585
17784	-68.945
17785	-68.9043
17786	-70.5985
17787	-70.4762
17788	-67.2003
17789	-65.3861
17790	-64.4491
17791	-62.0608
17792	-60.55
17793	-60.4544
17794	-62.7451
17795	-65.6709
17796	-67.1043
17797	-66.5295
17798	-57.3022
17799	-50.7616
17800	-53.1459
17801	-62.8574
17802	-66.9198
17803	-66.8662
17804	-67.726
17805	-66.0921
17806	-66.3038
17807	-67.6719
17808	-67.2174
17809	-63.3701
17810	-63.0316
17811	-67.0513
17812	-69.4208
17813	-69.3173
17814	-68.9799
17815	-69.2871
17816	-68.1922
17817	-68.173
17818	-69.003
17819	-70.365
17820	-71.0157
17821	-68.416
17822	-63.8226
17823	-60.109
17824	-60.4977
17825	-64.8079
17826	-68.6706
17827	-69.8077
17828	-69.4822
17829	-68.5657
17830	-68.8443
17831	-67.9433
17832	-68.4046
17833	-68.769
17834	-70.1481
17835	-70.8676
17836	-72.1602
17837	-73.2484
17838	-73.2305
17839	-70.6799
17840	-66.0956
17841	-64.4411
17842	-67.7965
17843	-70.4005
17844	-71.4395
17845	-72.2574
17846	-70.9585
17847	-69.4735
17848	-69.0923
17849	-70.3121
17850	-72.106
17851	-72.496
17852	-72.0033
17853	-71.3059
17854	-71.2171
17855	-70.324
17856	-69.9448
17857	-69.3379
17858	-68.9499
17859	-68.1886
17860	-68.2303
17861	-68.1862
17862	-68.2869
17863	-66.9667
17864	-62.5688
17865	-58.2149
17866	-55.6751
17867	-55.8463
17868	-59.5864
17869	-63.6154
17870	-66.2624
17871	-59.5708
17872	-52.8094
17873	-47.5437
17874	-48.4123
17875	-53.6875
17876	-59.9112
17877	-64.991
17878	-66.3739
17879	-66.4737
17880	-66.4968
17881	-66.5014
17882	-67.8011
17883	-68.7836
17884	-68.9985
17885	-69.8654
17886	-70.9608
17887	-71.2563
17888	-71.8252
17889	-72.1246
17890	-71.6682
17891	-70.913
17892	-70.2698
17893	-70.4869
17894	-71.086
17895	-72.6166
17896	-71.8058
17897	-71.0311
17898	-68.2247
17899	-64.4626
17900	-66.7729
17901	-71.9687
17902	-73.1517
17903	-73.1434
17904	-72.0064
17905	-71.1297
17906	-70.5842
17907	-69.6669
17908	-69.2908
17909	-68.8641
17910	-69.7613
17911	-69.4648
17912	-70.1348
17913	-69.4191
17914	-69.3611
17915	-67.153
17916	-64.7887
17917	-64.9804
17918	-67.322
17919	-69.9358
17920	-71.2664
17921	-69.1342
17922	-65.4789
17923	-62.8522
17924	-62.8506
17925	-66.283
17926	-69.1052
17927	-69.6018
17928	-68.7144
17929	-65.622
17930	-62.527
17931	-63.0153
17932	-66.7013
17933	-65.9617
17934	-64.731
17935	-65.2501
17936	-67.3289
17937	-65.8708
17938	-65.1779
17939	-60.7646
17940	-52.8935
17941	-51.4481
17942	-57.9745
17943	-65.6446
17944	-67.0229
17945	-65.0128
17946	-61.9065
17947	-59.0527
17948	-59.2594
17949	-61.9239
17950	-64.5765
17951	-65.6016
17952	-67.2907
17953	-69.5345
17954	-69.8364
17955	-68.436
17956	-68.9257
17957	-68.5057
17958	-69.2555
17959	-68.8104
17960	-70.5675
17961	-71.8481
17962	-72.5539
17963	-72.1593
17964	-66.6744
17965	-64.1237
17966	-68.8512
17967	-72.2279
17968	-73.0706
17969	-73.1672
17970	-72.6341
17971	-72.3
17972	-72.1352
17973	-71.5327
17974	-72.1367
17975	-71.0041
17976	-70.9255
17977	-70.5826
17978	-69.6016
17979	-68.4021
17980	-67.0256
17981	-66.6435
17982	-65.9454
17983	-63.9894
17984	-63.2444
17985	-63.0649
17986	-62.5556
17987	-60.1001
17988	-54.7692
17989	-45.0649
17990	-35.2236
17991	-33.2349
17992	-40.422
17993	-52.3934
17994	-58.3403
17995	-55.9423
17996	-51.6183
17997	-49.0547
17998	-48.8693
17999	-51.5284
18000	-56.1295
18001	-60.5599
18002	-63.4508
18003	-65.4669
18004	-66.6904
18005	-67.5863
18006	-68.6229
18007	-70.3014
18008	-69.6237
18009	-68.9312
18010	-70.1231
18011	-71.168
18012	-71.5344
18013	-71.6851
18014	-72.3059
18015	-71.9179
18016	-71.5103
18017	-71.7683
18018	-72.6594
18019	-72.8788
18020	-72.6476
18021	-72.2981
18022	-70.1361
18023	-68.9956
18024	-69.6989
18025	-71.022
18026	-72.4651
18027	-72.0456
18028	-71.5871
18029	-69.2924
18030	-67.1189
18031	-66.5633
18032	-67.9493
18033	-68.2769
18034	-67.7141
18035	-68.4278
18036	-69.0096
18037	-68.5506
18038	-67.3217
18039	-61.2783
18040	-53.5898
18041	-52.2249
18042	-58.5941
18043	-66.3445
18044	-67.2088
18045	-63.8187
18046	-60.3994
18047	-59.0614
18048	-58.6558
18049	-60.8362
18050	-62.9557
18051	-61.6828
18052	-64.2588
18053	-65.7067
18054	-61.6248
18055	-62.6321
18056	-63.9217
18057	-63.1832
18058	-63.7761
18059	-62.5475
18060	-64.0332
18061	-67.0264
18062	-68.6764
18063	-65.4252
18064	-54.9626
18065	-52.7981
18066	-59.8467
18067	-70.6832
18068	-70.1146
18069	-70.3043
18070	-70.3528
18071	-69.7662
18072	-69.5499
18073	-68.7758
18074	-68.6387
18075	-67.2812
18076	-69.2175
18077	-72.4646
18078	-71.8063
18079	-71.6354
18080	-70.8112
18081	-70.7414
18082	-71.4033
18083	-71.7111
18084	-71.8646
18085	-72.5407
18086	-72.4549
18087	-72.3492
18088	-69.0695
18089	-67.2387
18090	-69.232
18091	-71.9875
18092	-73.162
18093	-72.6916
18094	-71.8566
18095	-71.1787
18096	-71.114
18097	-70.599
18098	-71.1476
18099	-71.6805
18100	-70.7372
18101	-70.1455
18102	-69.3737
18103	-67.6399
18104	-64.6555
18105	-62.822
18106	-59.7662
18107	-58.2143
18108	-57.825
18109	-58.2637
18110	-59.7827
18111	-61.0611
18112	-57.4337
18113	-32.0302
18114	-19.2949
18115	-16.9714
18116	-24.0047
18117	-43.7946
18118	-61.9958
18119	-64.0516
18120	-64.2533
18121	-63.0421
18122	-63.9322
18123	-63.9696
18124	-65.7017
18125	-67.2015
18126	-68.8939
18127	-70.6729
18128	-70.9302
18129	-71.1599
18130	-70.5845
18131	-71.1952
18132	-71.5417
18133	-71.1751
18134	-71.787
18135	-72.4662
18136	-72.5903
18137	-73.1428
18138	-72.0296
18139	-69.0529
18140	-65.7167
18141	-64.9196
18142	-69.0851
18143	-71.6099
18144	-71.7887
18145	-70.1549
18146	-68.6834
18147	-68.0533
18148	-68.91
18149	-68.9164
18150	-70.4805
18151	-72.0884
18152	-72.6332
18153	-70.3101
18154	-66.5941
18155	-65.3265
18156	-65.5258
18157	-64.352
18158	-64.0371
18159	-64.5111
18160	-66.1833
18161	-67.7273
18162	-68.6965
18163	-64.2938
18164	-53.3316
18165	-51.157
18166	-58.219
18167	-70.3077
18168	-69.2857
18169	-68.8929
18170	-67.9544
18171	-67.6668
18172	-69.1173
18173	-69.2109
18174	-67.2943
18175	-63.9255
18176	-66.6319
18177	-70.5199
18178	-65.5124
18179	-65.9528
18180	-68.5596
18181	-69.3526
18182	-68.8566
18183	-68.1469
18184	-69.1276
18185	-69.9836
18186	-70.4585
18187	-65.4082
18188	-55.394
18189	-52.3874
18190	-57.9969
18191	-66.7186
18192	-68.9465
18193	-68.4664
18194	-66.9087
18195	-65.7223
18196	-66.069
18197	-66.2365
18198	-66.2388
18199	-66.3382
18200	-68.8816
18201	-71.1737
18202	-73.1792
18203	-72.8313
18204	-70.2757
18205	-68.5809
18206	-66.8923
18207	-66.9489
18208	-68.8352
18209	-70.487
18210	-71.4507
18211	-71.006
18212	-68.5306
18213	-66.5931
18214	-67.6755
18215	-70.5348
18216	-72.7031
18217	-72.8452
18218	-72.288
18219	-72.0585
18220	-70.9856
18221	-71.1709
18222	-70.7171
18223	-70.3341
18224	-70.3505
18225	-70.4685
18226	-70.3824
18227	-69.5796
18228	-68.1915
18229	-66.4959
18230	-64.1558
18231	-63.4179
18232	-63.007
18233	-63.0194
18234	-64.666
18235	-63.4924
18236	-59.9957
18237	-47.1058
18238	-34.2877
18239	-31.3908
18240	-38.2519
18241	-51.5857
18242	-59.7047
18243	-62.1607
18244	-61.7417
18245	-61.1363
18246	-61.4158
18247	-61.7028
18248	-64.1678
18249	-65.7643
18250	-67.0471
18251	-69.3353
18252	-70.0563
18253	-71.1721
18254	-71.8544
18255	-71.8367
18256	-70.7024
18257	-70.7134
18258	-71.2203
18259	-71.1875
18260	-72.3308
18261	-73.128
18262	-72.4589
18263	-71.3756
18264	-67.6512
18265	-66.1384
18266	-71.055
18267	-73.2125
18268	-72.281
18269	-72.2773
18270	-71.7805
18271	-71.3358
18272	-71.1442
18273	-70.273
18274	-70.7065
18275	-70.6952
18276	-71.2028
18277	-70.9129
18278	-68.4264
18279	-68.4818
18280	-69.4528
18281	-69.7347
18282	-69.7663
18283	-70.6334
18284	-71.2272
18285	-71.0667
18286	-70.6501
18287	-66.3076
18288	-56.9278
18289	-53.9548
18290	-59.2856
18291	-67.4882
18292	-68.6543
18293	-67.0221
18294	-63.9918
18295	-63.4697
18296	-63.8505
18297	-64.2136
18298	-64.4048
18299	-62.0816
18300	-63.0047
18301	-65.7224
18302	-65.1705
18303	-63.0563
18304	-63.0902
18305	-58.1491
18306	-55.2631
18307	-57.4239
18308	-61.3243
18309	-65.8713
18310	-67.6025
18311	-62.9579
18312	-57.4574
18313	-54.8044
18314	-57.8728
18315	-64.2026
18316	-66.2577
18317	-68.4993
18318	-68.4807
18319	-68.4421
18320	-68.4036
18321	-68.6177
18322	-67.8586
18323	-67.8352
18324	-68.5463
18325	-70.0924
18326	-71.5254
18327	-72.3919
18328	-72.4894
18329	-70.8002
18330	-67.6532
18331	-68.5845
18332	-71.5621
18333	-72.9981
18334	-73.0512
18335	-72.9416
18336	-72.5638
18337	-71.8114
18338	-71.8044
18339	-72.0238
18340	-71.7143
18341	-71.2511
18342	-71.1609
18343	-70.4213
18344	-69.226
18345	-68.5092
18346	-68.8237
18347	-68.2365
18348	-66.7137
18349	-65.6437
18350	-65.2451
18351	-63.6781
18352	-61.8224
18353	-57.9273
18354	-52.0697
18355	-46.5694
18356	-43.1846
18357	-45.139
18358	-50.5378
18359	-56.4437
18360	-56.9281
18361	-50.044
18362	-43.2749
18363	-40.1294
18364	-44.2475
18365	-51.0355
18366	-57.5903
18367	-61.7801
18368	-63.3111
18369	-64.4296
18370	-65.0407
18371	-66.1383
18372	-67.6164
18373	-68.0993
18374	-68.5276
18375	-69.0806
18376	-70.3121
18377	-71.2431
18378	-71.2484
18379	-71.6686
18380	-72.2602
18381	-71.6238
18382	-72.1885
18383	-72.374
18384	-72.7229
18385	-72.8477
18386	-72.706
18387	-71.2407
18388	-66.5797
18389	-65.0612
18390	-69.3242
18391	-72.8949
18392	-72.2256
18393	-71.6486
18394	-69.8201
18395	-68.8337
18396	-68.1754
18397	-67.8583
18398	-68.2968
18399	-68.2109
18400	-68.95
18401	-68.6404
18402	-68.0081
18403	-65.8072
18404	-64.122
18405	-58.6443
18406	-55.724
18407	-57.8274
18408	-62.2422
18409	-66.5081
18410	-66.6466
18411	-62.171
18412	-56.8708
18413	-53.9081
18414	-57.3356
18415	-63.3348
18416	-63.7013
18417	-65.7564
18418	-66.1617
18419	-64.0697
18420	-64.9774
18421	-65.59
18422	-65.2183
18423	-64.0584
18424	-64.4451
18425	-65.3042
18426	-68.0152
18427	-69.4
18428	-68.8105
18429	-63.7859
18430	-59.6394
18431	-61.4977
18432	-67.4451
18433	-70.7389
18434	-70.4007
18435	-69.3736
18436	-67.5789
18437	-66.485
18438	-66.9816
18439	-68.5942
18440	-69.071
18441	-69.5319
18442	-70.8928
18443	-70.896
18444	-70.1055
18445	-69.8397
18446	-70.0431
18447	-70.6231
18448	-70.956
18449	-71.5743
18450	-72.2105
18451	-72.7367
18452	-73.15
18453	-70.7432
18454	-64.4062
18455	-65.0949
18456	-70.3616
18457	-71.9255
18458	-72.9183
18459	-72.0497
18460	-71.3196
18461	-71.1698
18462	-70.9807
18463	-71.1415
18464	-72.0327
18465	-72.0548
18466	-71.5649
18467	-70.7703
18468	-70.3567
18469	-68.5008
18470	-67.5809
18471	-66.2454
18472	-64.2303
18473	-64.1249
18474	-63.4713
18475	-64.0882
18476	-64.6369
18477	-62.7528
18478	-55.9678
18479	-46.4427
18480	-40.1143
18481	-41.7376
18482	-52.3217
18483	-62.1296
18484	-65.0647
18485	-63.6416
18486	-60.8577
18487	-59.6072
18488	-59.9772
18489	-61.0991
18490	-65.1703
18491	-68.3017
18492	-69.5757
18493	-69.9493
18494	-69.7688
18495	-70.042
18496	-70.1623
18497	-70.6165
18498	-70.8382
18499	-71.2372
18500	-71.9702
18501	-71.8361
18502	-72.3225
18503	-73.0322
18504	-70.838
18505	-68.2225
18506	-67.6033
18507	-69.2395
18508	-70.9887
18509	-71.4904
18510	-71.2293
18511	-69.1793
18512	-66.9799
18513	-66.0878
18514	-68.2238
18515	-71.2122
18516	-73.4939
18517	-73.5058
18518	-71.5083
18519	-70.4773
18520	-68.5998
18521	-67.34
18522	-67.171
18523	-67.2162
18524	-67.0542
18525	-67.5457
18526	-69.1366
18527	-69.5299
18528	-67.758
18529	-61.5231
18530	-56.9661
18531	-58.7611
18532	-66.1773
18533	-70.7179
18534	-70.5856
18535	-69.5509
18536	-68.937
18537	-68.9641
18538	-68.8766
18539	-69.1007
18540	-68.485
18541	-68.8318
18542	-70.0114
18543	-65.1875
18544	-61.6262
18545	-64.8884
18546	-67.7969
18547	-67.589
18548	-66.0573
18549	-66.8385
18550	-67.9071
18551	-68.0101
18552	-68.9347
18553	-57.6336
18554	-49.6511
18555	-51.019
18556	-62.3015
18557	-68.1624
18558	-67.2497
18559	-65.4529
18560	-63.4988
18561	-62.4853
18562	-63.4779
18563	-64.4626
18564	-64.7785
18565	-65.1289
18566	-69.3201
18567	-71.8217
18568	-70.9258
18569	-69.757
18570	-68.7223
18571	-69.1092
18572	-68.4459
18573	-68.6789
18574	-70.3847
18575	-71.5229
18576	-71.9016
18577	-70.1166
18578	-64.8496
18579	-65.3393
18580	-69.4524
18581	-71.9596
18582	-73.2829
18583	-72.7576
18584	-72.6412
18585	-71.7925
18586	-71.5332
18587	-71.7142
18588	-71.1958
18589	-70.1948
18590	-70.819
18591	-70.2341
18592	-69.8164
18593	-67.9263
18594	-66.3179
18595	-65.4374
18596	-63.3974
18597	-62.7395
18598	-61.7816
18599	-62.7552
18600	-62.1489
18601	-60.0065
18602	-45.8127
18603	-23.4461
18604	-15.4045
18605	-16.8479
18606	-28.3731
18607	-54.5691
18608	-59.1163
18609	-58.0603
18610	-56.1654
18611	-55.2141
18612	-55.7899
18613	-57.344
18614	-60.8843
18615	-63.0463
18616	-66.0067
18617	-67.9523
18618	-68.8059
18619	-69.5467
18620	-71.1763
18621	-71.1774
18622	-70.4149
18623	-70.2272
18624	-71.3184
18625	-71.8987
18626	-72.2529
18627	-72.6838
18628	-73.0131
18629	-70.9077
18630	-69.9717
18631	-70.7294
18632	-72.4127
18633	-72.3196
18634	-72.4842
18635	-72.257
18636	-71.178
18637	-71.0268
18638	-70.8539
18639	-70.7402
18640	-71.6
18641	-72.0814
18642	-71.7747
18643	-68.7229
18644	-65.7426
18645	-67.7112
18646	-68.1471
18647	-68.6888
18648	-68.528
18649	-69.4605
18650	-69.4031
18651	-69.7932
18652	-69.8731
18653	-58.5679
18654	-50.669
18655	-52.0604
18656	-62.9009
18657	-68.4078
18658	-66.5178
18659	-63.2453
18660	-61.5853
18661	-62.2411
18662	-62.3074
18663	-62.9622
18664	-61.9728
18665	-60.0996
18666	-65.8047
18667	-64.7504
18668	-61.3278
18669	-62.878
18670	-61.6313
18671	-60.6317
18672	-60.4335
18673	-61.0894
18674	-63.4348
18675	-66.8728
18676	-68.3823
18677	-60.4045
18678	-52.6559
18679	-53.4991
18680	-61.8118
18681	-68.6059
18682	-69.2286
18683	-69.4638
18684	-69.4274
18685	-68.1432
18686	-68.6325
18687	-68.7191
18688	-67.1578
18689	-67.0238
18690	-69.7515
18691	-71.8146
18692	-72.2612
18693	-72.4805
18694	-71.2325
18695	-71.3225
18696	-70.5568
18697	-71.518
18698	-72.7304
18699	-72.8351
18700	-72.635
18701	-72.0586
18702	-70.349
18703	-70.4913
18704	-71.3665
18705	-72.5454
18706	-71.918
18707	-71.5591
18708	-71.6977
18709	-70.3803
18710	-69.3887
18711	-70.2541
18712	-71.1167
18713	-69.8383
18714	-68.3448
18715	-67.7647
18716	-66.5429
18717	-64.5846
18718	-61.456
18719	-57.7635
18720	-53.6395
18721	-51.5174
18722	-51.6411
18723	-53.349
18724	-56.9008
18725	-58.79
18726	-54.1539
18727	-38.5881
18728	-30.1976
18729	-31.1739
18730	-41.8988
18731	-55.4922
18732	-60.9879
18733	-63.2385
18734	-63.6221
18735	-63.1292
18736	-64.4944
18737	-65.4556
18738	-66.9144
18739	-67.2161
18740	-68.9696
18741	-70.0603
18742	-71.0349
18743	-71.2261
18744	-71.0318
18745	-71.9662
18746	-71.7698
18747	-72.117
18748	-72.6429
18749	-72.309
18750	-72.7462
18751	-73.1277
18752	-71.5591
18753	-68.6397
18754	-63.1436
18755	-64.6433
18756	-71.7561
18757	-72.4141
18758	-71.6661
18759	-70.5205
18760	-68.7877
18761	-69.2279
18762	-68.5857
18763	-68.8578
18764	-68.9328
18765	-70.1243
18766	-70.8816
18767	-67.9918
18768	-65.5278
18769	-64.8853
18770	-62.6329
18771	-61.0025
18772	-60.5731
18773	-62.2177
18774	-64.9597
18775	-66.8728
18776	-67.0093
18777	-59.5681
18778	-51.5298
18779	-52.3981
18780	-61.3515
18781	-66.8572
18782	-66.9448
18783	-67.8619
18784	-66.6228
18785	-66.4979
18786	-67.5842
18787	-67.8082
18788	-64.1136
18789	-63.1542
18790	-66.6595
18791	-69.2148
18792	-69.1872
18793	-68.9562
18794	-69.7139
18795	-69.1021
18796	-69.2863
18797	-69.957
18798	-70.5195
18799	-71.0787
18800	-68.7784
18801	-64.1325
18802	-59.9591
18803	-59.4083
18804	-63.4262
18805	-67.9901
18806	-69.6759
18807	-69.5211
18808	-68.4687
18809	-68.7047
18810	-67.944
18811	-68.1174
18812	-68.6108
18813	-69.7431
18814	-70.7767
18815	-71.87
18816	-73.2086
18817	-73.3332
18818	-71.3793
18819	-66.7548
18820	-64.1271
18821	-66.9287
18822	-69.8486
18823	-71.3928
18824	-72.2598
18825	-71.17
18826	-69.7647
18827	-69.0263
18828	-69.8342
18829	-71.7405
18830	-72.4766
18831	-72.1101
18832	-71.4144
18833	-71.2807
18834	-70.5758
18835	-69.9817
18836	-69.4168
18837	-68.9768
18838	-68.5004
18839	-68.4887
18840	-68.2171
18841	-68.7567
18842	-67.7704
18843	-64.0759
18844	-59.6304
18845	-57.7053
18846	-57.1428
18847	-60.1337
18848	-63.8757
18849	-66.0356
18850	-60.0591
18851	-53.053
18852	-47.1287
18853	-46.8369
18854	-52.1166
18855	-57.938
18856	-63.7771
18857	-65.9377
18858	-66.4623
18859	-66.2873
18860	-66.2342
18861	-67.3384
18862	-68.6785
18863	-68.8758
18864	-69.5816
18865	-70.9155
18866	-71.3396
18867	-71.876
18868	-72.0445
18869	-71.9484
18870	-71.0017
18871	-70.1529
18872	-70.2093
18873	-70.8956
18874	-72.4036
18875	-72.0735
18876	-71.4986
18877	-69.3258
18878	-65.0087
18879	-66.1115
18880	-71.5264
18881	-73.0665
18882	-73.1669
18883	-72.3232
18884	-71.2841
18885	-70.8542
18886	-69.8409
18887	-69.4463
18888	-68.8835
18889	-69.5761
18890	-69.3659
18891	-70.1316
18892	-69.5356
18893	-69.4921
18894	-68.1671
18895	-65.9505
18896	-65.8637
18897	-67.7397
18898	-70.0537
18899	-71.316
18900	-69.2254
18901	-65.4845
18902	-62.3288
18903	-61.5905
18904	-64.823
18905	-68.7193
18906	-69.7248
18907	-68.8268
18908	-65.8503
18909	-62.839
18910	-62.4604
18911	-66.0079
18912	-65.9221
18913	-64.7087
18914	-64.6344
18915	-66.8376
18916	-65.9297
18917	-65.2108
18918	-62.09
18919	-53.7131
18920	-51.1026
18921	-56.2143
18922	-64.3669
18923	-67.3683
18924	-65.7394
18925	-62.6203
18926	-59.4455
18927	-58.9523
18928	-61.6147
18929	-64.2806
18930	-65.4655
18931	-66.6956
18932	-69.2016
18933	-69.9307
18934	-68.5549
18935	-68.6724
18936	-68.6406
18937	-69.0604
18938	-68.8678
18939	-70.2739
18940	-71.6207
18941	-72.3128
18942	-72.5452
18943	-68.1508
18944	-64.3016
18945	-67.9997
18946	-72.1567
18947	-73.0325
18948	-73.2113
18949	-72.6254
18950	-72.3797
18951	-72.197
18952	-71.3655
18953	-72.0613
18954	-71.2041
18955	-70.785
18956	-70.5819
18957	-69.901
18958	-68.4838
18959	-67.2084
18960	-66.7441
18961	-66.1138
18962	-64.0025
18963	-63.4432
18964	-62.8204
18965	-62.5706
18966	-60.5421
18967	-55.6476
18968	-46.8417
18969	-36.3966
18970	-32.9318
18971	-38.3722
18972	-50.0707
18973	-57.6581
18974	-56.7417
18975	-52.4614
18976	-49.2812
18977	-48.6576
18978	-50.9739
18979	-55.2878
18980	-60.1182
18981	-62.9172
18982	-64.9562
18983	-66.5359
18984	-67.2371
18985	-68.1737
18986	-70.2783
18987	-69.7697
18988	-68.9765
18989	-69.8396
18990	-71.0364
18991	-71.3686
18992	-71.8072
18993	-72.174
18994	-72.1519
18995	-71.7391
18996	-71.8443
18997	-72.3127
18998	-72.988
18999	-72.5137
19000	-72.2909
19001	-70.436
19002	-68.7935
19003	-69.1153
19004	-70.6248
19005	-72.1198
19006	-72.2745
19007	-71.6969
19008	-69.5725
19009	-67.2255
19010	-66.1805
19011	-67.4247
19012	-68.2918
19013	-67.7755
19014	-68.0916
19015	-68.9214
19016	-68.7037
19017	-67.4811
19018	-62.8393
19019	-54.3261
19020	-51.8027
19021	-56.9599
19022	-64.9155
19023	-67.5265
19024	-64.504
19025	-60.7333
19026	-59.1748
19027	-58.4744
19028	-60.2697
19029	-63.0252
19030	-61.7806
19031	-63.2876
19032	-66.077
19033	-62.5715
19034	-62.2397
19035	-64.1562
19036	-63.3073
19037	-63.9877
19038	-62.8167
19039	-63.6513
19040	-66.5861
19041	-68.6608
19042	-67.6036
19043	-56.9419
19044	-53.1808
19045	-58.539
19046	-70.2508
19047	-70.4215
19048	-70.1983
19049	-70.3295
19050	-69.9274
19051	-69.5172
19052	-68.7957
19053	-68.8791
19054	-67.6875
19055	-68.835
19056	-72.401
19057	-71.8338
19058	-71.7807
19059	-70.8598
19060	-70.5265
19061	-71.4352
19062	-71.3774
19063	-71.7932
19064	-72.661
19065	-72.2722
19066	-72.5305
19067	-69.442
19068	-66.8635
19069	-68.5244
19070	-71.4389
19071	-72.6872
19072	-73.0446
19073	-72.0263
19074	-71.42
19075	-71.129
19076	-70.6783
19077	-70.9632
19078	-71.8465
19079	-71.1269
19080	-70.1748
19081	-69.7788
19082	-68.2327
19083	-65.3257
19084	-63.5545
19085	-60.3443
19086	-58.7635
19087	-58.1516
19088	-58.2102
19089	-59.7519
19090	-61.2289
19091	-59.2075
19092	-36.8175
19093	-21.6982
19094	-17.7345
19095	-23.0341
19096	-40.015
19097	-61.9652
19098	-64.324
19099	-64.5687
19100	-63.3507
19101	-63.913
19102	-63.9121
19103	-65.2963
19104	-67.2833
19105	-68.7993
19106	-70.6593
19107	-71.0193
19108	-71.2333
19109	-70.8471
19110	-70.9501
19111	-71.5662
19112	-71.2549
19113	-71.811
19114	-72.33
19115	-72.5454
19116	-73.2125
19117	-72.3026
19118	-69.3786
19119	-66.1945
19120	-64.5888
19121	-68.1921
19122	-71.6141
19123	-72.0868
19124	-70.492
19125	-69.0553
19126	-67.9849
19127	-68.9175
19128	-68.8234
19129	-70.1345
19130	-71.9659
19131	-72.939
19132	-70.9239
19133	-67.467
19134	-65.6239
19135	-65.6142
19136	-64.5214
19137	-64.1531
19138	-64.1804
19139	-65.9931
19140	-67.525
19141	-68.6767
19142	-66.7422
19143	-55.1518
19144	-51.3644
19145	-56.7239
19146	-69.7042
19147	-69.599
19148	-69.1305
19149	-68.4375
19150	-67.7537
19151	-69.2376
19152	-69.5967
19153	-68.0687
19154	-64.7439
19155	-66.2422
19156	-70.9667
19157	-65.6235
19158	-65.1567
19159	-68.0661
19160	-68.6416
19161	-68.4528
19162	-67.6191
19163	-68.3438
19164	-69.5374
19165	-70.2161
19166	-66.7485
19167	-56.3779
19168	-51.8182
19169	-55.9689
19170	-65.2995
19171	-68.8591
19172	-68.7376
19173	-67.0608
19174	-65.7541
19175	-65.9477
19176	-65.9754
19177	-66.0653
19178	-65.8746
19179	-68.1451
19180	-70.5977
19181	-73.13
19182	-72.9828
19183	-70.6657
19184	-68.846
19185	-67.2264
19186	-66.6043
19187	-68.7148
19188	-70.1324
19189	-71.4614
19190	-71.2045
19191	-69.078
19192	-66.8258
19193	-67.4708
19194	-69.919
19195	-72.4426
19196	-73.1008
19197	-72.4168
19198	-72.0679
19199	-71.077
19200	-70.9925
19201	-70.8422
19202	-70.269
19203	-70.223
19204	-70.242
19205	-70.3267
19206	-69.5888
19207	-68.1776
19208	-66.8693
19209	-64.3949
19210	-63.1065
19211	-62.5856
19212	-62.3747
19213	-63.995
19214	-63.3532
19215	-60.8865
19216	-49.2195
19217	-35.0852
19218	-30.5909
19219	-35.667
19220	-48.9029
19221	-58.4814
19222	-61.6895
19223	-61.872
19224	-60.9299
19225	-61.2482
19226	-61.4864
19227	-63.669
19228	-65.4616
19229	-66.4995
19230	-68.7387
19231	-69.8964
19232	-70.9478
19233	-71.9619
19234	-72.0009
19235	-70.7217
19236	-70.7215
19237	-71.2305
19238	-71.209
19239	-72.1735
19240	-72.9212
19241	-72.8396
19242	-72.0306
19243	-68.631
19244	-66.3157
19245	-70.5223
19246	-73.2143
19247	-72.2076
19248	-72.2701
19249	-71.9126
19250	-71.4713
19251	-71.0716
19252	-70.3611
19253	-70.3246
19254	-70.7412
19255	-71.0861
19256	-71.0567
19257	-68.5807
19258	-67.9201
19259	-69.3736
19260	-69.5299
19261	-69.7028
19262	-70.3032
19263	-71.0392
19264	-71.0303
19265	-70.5117
19266	-67.3257
19267	-57.7499
19268	-53.2344
19269	-57.3914
19270	-66.1633
19271	-68.5876
19272	-67.3387
19273	-64.3793
19274	-62.9274
19275	-63.8181
19276	-64.0363
19277	-64.669
19278	-62.1062
19279	-62.5056
19280	-65.0765
19281	-65.5821
19282	-63.3544
19283	-63.2852
19284	-59.0098
19285	-55.4968
19286	-56.7239
19287	-60.7431
19288	-64.8726
19289	-68.3385
19290	-63.9472
19291	-58.5317
19292	-55.1775
19293	-57.0609
19294	-63.3775
19295	-66.0385
19296	-68.3876
19297	-68.5988
19298	-68.4805
19299	-68.3288
19300	-68.536
19301	-68.14
19302	-67.8894
19303	-68.4439
19304	-69.8899
19305	-71.453
19306	-72.2425
19307	-72.6905
19308	-71.2204
19309	-68.3544
19310	-68.4682
19311	-71.1167
19312	-73.0149
19313	-73.1359
19314	-73.1094
19315	-72.5078
19316	-71.648
19317	-71.8837
19318	-71.7125
19319	-71.9882
19320	-71.1754
19321	-71.0134
19322	-70.567
19323	-69.5255
19324	-68.4538
19325	-68.9161
19326	-68.3528
19327	-66.9937
19328	-65.7499
19329	-65.4273
19330	-64.0138
19331	-62.2705
19332	-58.6785
19333	-52.9946
19334	-47.3779
19335	-43.4224
19336	-44.5143
19337	-49.3402
19338	-55.5642
19339	-58.2686
19340	-51.661
19341	-44.3363
19342	-40.2321
19343	-43.193
19344	-49.9898
19345	-56.8262
19346	-61.3278
19347	-63.2534
19348	-64.4228
19349	-65.11
19350	-66.0621
19351	-67.7029
19352	-68.2055
19353	-68.6164
19354	-68.9624
19355	-70.2165
19356	-71.212
19357	-71.2543
19358	-71.5185
19359	-72.4823
19360	-71.4481
19361	-72.2481
19362	-72.1763
19363	-72.614
19364	-72.8661
19365	-72.6701
19366	-71.4267
19367	-67.1463
19368	-64.5938
19369	-68.285
19370	-72.7957
19371	-72.4057
19372	-72.0114
19373	-70.2602
19374	-68.6798
19375	-68.2576
19376	-67.7787
19377	-68.3625
19378	-68.1489
19379	-68.8288
19380	-68.6091
19381	-68.3075
19382	-66.1275
19383	-64.4173
19384	-59.6903
19385	-55.9573
19386	-57.1068
19387	-61.4983
19388	-65.6848
19389	-67.3487
19390	-63.0488
19391	-57.9424
19392	-54.1011
19393	-56.5246
19394	-62.5252
19395	-63.7792
19396	-65.3039
19397	-66.5663
19398	-64.5249
19399	-64.9253
19400	-65.7006
19401	-65.8046
19402	-64.2779
19403	-64.5922
19404	-65.1723
19405	-67.9166
19406	-69.4399
19407	-69.3841
19408	-65.614
19409	-61.2471
19410	-61.8223
19411	-67.2333
19412	-70.6381
19413	-70.287
19414	-69.274
19415	-67.1679
19416	-65.6965
19417	-66.1199
19418	-67.8069
19419	-68.8808
19420	-69.3178
19421	-70.8748
19422	-71.0809
19423	-70.2249
19424	-69.8747
19425	-69.9109
19426	-70.3491
19427	-71.0362
19428	-71.3767
19429	-72.2256
19430	-72.8125
19431	-72.9252
19432	-71.7144
19433	-64.8482
19434	-64.1121
19435	-69.3716
19436	-71.4044
19437	-72.9319
19438	-72.2928
19439	-71.5807
19440	-70.9425
19441	-71.0412
19442	-71.0336
19443	-71.9682
19444	-72.0393
19445	-71.6459
19446	-70.949
19447	-70.7664
19448	-68.7842
19449	-67.8806
19450	-66.6154
19451	-64.6139
19452	-64.1383
19453	-63.7654
19454	-64.2959
19455	-64.8735
19456	-63.8989
19457	-58.1096
19458	-49.3604
19459	-41.8148
19460	-41.8621
19461	-51.4301
19462	-61.2722
19463	-65.6115
19464	-63.502
19465	-60.3781
19466	-58.7902
19467	-58.7702
19468	-59.7484
19469	-64.1821
19470	-67.7241
19471	-69.4374
19472	-69.8474
19473	-69.9171
19474	-70.0437
19475	-70.2841
19476	-70.324
19477	-70.7874
19478	-71.0438
19479	-71.936
19480	-71.7912
19481	-72.0714
19482	-73.0026
19483	-71.526
19484	-68.5449
19485	-67.7703
19486	-68.649
19487	-70.7315
19488	-71.6469
19489	-71.3505
19490	-69.5644
19491	-67.5937
19492	-66.1301
19493	-67.8776
19494	-70.7951
19495	-73.1647
19496	-73.5564
19497	-71.9799
19498	-70.8094
19499	-69.1741
19500	-67.5016
19501	-67.2334
19502	-67.3431
19503	-67.1716
19504	-67.4334
19505	-69.0433
19506	-69.7513
19507	-68.5222
19508	-63.3862
19509	-58.2182
19510	-58.6708
19511	-65.4865
19512	-70.5031
19513	-70.6086
19514	-69.4474
19515	-68.346
19516	-67.9895
19517	-68.0714
19518	-69.0149
19519	-68.6636
19520	-68.7756
19521	-69.9703
19522	-66.0529
19523	-61.349
19524	-63.873
19525	-67.3879
19526	-67.2626
19527	-65.9273
19528	-66.3537
19529	-67.5589
19530	-67.8817
19531	-68.94
19532	-59.7731
19533	-50.0901
19534	-49.8745
19535	-59.3654
19536	-68.2259
19537	-67.7707
19538	-65.8279
19539	-63.785
19540	-62.4474
19541	-63.2887
19542	-64.1585
19543	-64.7826
19544	-64.5735
19545	-68.0971
19546	-71.4284
19547	-71.198
19548	-69.9436
19549	-68.8438
19550	-68.932
19551	-68.4713
19552	-68.3812
19553	-70.139
19554	-71.3612
19555	-71.89
19556	-71.0355
19557	-65.7232
19558	-64.9589
19559	-69.0675
19560	-71.7168
19561	-73.0234
19562	-72.6615
19563	-72.448
19564	-71.9849
19565	-71.6135
19566	-71.5703
19567	-71.4506
19568	-70.2076
19569	-70.6831
19570	-70.2365
19571	-69.8897
19572	-68.155
19573	-66.1031
19574	-65.5036
19575	-63.3652
19576	-62.4906
19577	-61.4176
19578	-62.3475
19579	-62.0539
19580	-60.4023
19581	-51.5798
19582	-26.1918
19583	-16.2406
19584	-16.0777
19585	-25.6
19586	-49.8437
19587	-58.7135
19588	-58.4281
19589	-56.3794
19590	-55.0335
19591	-55.8152
19592	-56.7914
19593	-60.2989
19594	-62.726
19595	-65.3125
19596	-67.8032
19597	-68.7808
19598	-69.3286
19599	-70.8188
19600	-71.4156
19601	-70.3647
19602	-70.0254
19603	-71.0465
19604	-71.8827
19605	-72.1155
19606	-72.6555
19607	-73.2048
19608	-71.3022
19609	-70.3935
19610	-70.6638
19611	-72.2692
19612	-72.2856
19613	-72.6521
19614	-72.2731
19615	-71.2398
19616	-70.7717
19617	-71.0553
19618	-70.5427
19619	-71.3327
19620	-72.3091
19621	-71.7549
19622	-69.3395
19623	-65.5902
19624	-67.0149
19625	-68.0304
19626	-68.3986
19627	-68.1366
19628	-69.0746
19629	-69.1203
19630	-69.7232
19631	-69.942
19632	-60.6184
19633	-51.0023
19634	-50.8168
19635	-60.1151
19636	-68.3516
19637	-66.7861
19638	-63.7942
19639	-61.642
19640	-61.8585
19641	-62.4241
19642	-62.6253
19643	-62.4464
19644	-59.7123
19645	-64.065
19646	-66.0089
19647	-61.6093
19648	-62.6611
19649	-62.2117
19650	-60.7907
19651	-60.55
19652	-60.9095
19653	-62.896
19654	-66.7186
19655	-68.4315
19656	-62.7102
19657	-53.7748
19658	-53.1184
19659	-60.2431
19660	-68.5445
19661	-69.3077
19662	-69.3216
19663	-69.6873
19664	-68.3723
19665	-68.6464
19666	-68.7902
19667	-67.5825
19668	-66.9618
19669	-69.3055
19670	-71.645
19671	-72.4332
19672	-72.4036
19673	-71.5666
19674	-71.3313
19675	-70.8448
19676	-71.5881
19677	-72.7614
19678	-72.8164
19679	-72.8054
19680	-72.3135
19681	-70.3401
19682	-69.9367
19683	-70.9243
19684	-72.5617
19685	-72.1773
19686	-71.6339
19687	-71.592
19688	-70.7849
19689	-69.477
19690	-70.3392
19691	-70.9653
19692	-70.3224
19693	-68.5314
19694	-68.067
19695	-66.9353
19696	-65.2907
19697	-62.0826
19698	-58.6262
19699	-54.429
19700	-51.9084
19701	-51.5196
19702	-52.8126
19703	-56.4384
19704	-58.9603
19705	-55.9213
19706	-41.434
19707	-31.2538
19708	-30.5114
19709	-39.5156
19710	-54.107
19711	-60.4419
19712	-63.1852
19713	-64.0232
19714	-63.2715
19715	-64.6186
19716	-65.186
19717	-66.939
19718	-67.2923
19719	-68.9371
19720	-70.1431
19721	-70.8456
19722	-71.3469
19723	-71.1782
19724	-71.9377
19725	-72.0064
19726	-71.9195
19727	-72.5326
19728	-72.4506
19729	-72.516
19730	-73.2196
19731	-71.8182
19732	-69.4552
19733	-63.5217
19734	-63.6056
19735	-70.9415
19736	-72.6583
19737	-71.7473
19738	-70.8866
19739	-69.0075
19740	-69.0623
19741	-68.7983
19742	-68.789
19743	-68.957
19744	-69.7979
19745	-71.1364
19746	-68.7045
19747	-65.9834
19748	-65.4705
19749	-63.4005
19750	-61.2123
19751	-60.4039
19752	-61.6365
19753	-64.4285
19754	-66.7365
19755	-67.394
19756	-61.8598
19757	-52.5983
19758	-51.9116
19759	-59.545
19760	-66.9117
19761	-67.1217
19762	-67.8057
19763	-67.1829
19764	-66.318
19765	-67.5236
19766	-68.4139
19767	-65.0002
19768	-63.4362
19769	-66.0651
19770	-69.005
19771	-68.8877
19772	-68.8883
19773	-69.7021
19774	-69.6126
19775	-70.3438
19776	-70.4686
19777	-70.4831
19778	-70.9384
19779	-69.1565
19780	-64.5952
19781	-59.7749
19782	-58.5076
19783	-62.1104
19784	-67.1268
19785	-69.73
19786	-69.6598
19787	-68.4722
19788	-68.6888
19789	-67.9091
19790	-67.9859
19791	-68.2468
19792	-69.1543
19793	-70.8099
19794	-71.4338
19795	-72.9916
19796	-73.4943
19797	-72.0179
19798	-67.5655
19799	-64.0239
19800	-66.0141
19801	-69.2855
19802	-71.2438
19803	-72.1192
19804	-71.3445
19805	-70.0962
19806	-68.9134
19807	-69.5284
19808	-71.4653
19809	-72.5595
19810	-72.1778
19811	-71.6185
19812	-71.3377
19813	-70.8899
19814	-70.1269
19815	-69.5405
19816	-69.0004
19817	-68.6347
19818	-68.2943
19819	-68.4221
19820	-68.6782
19821	-68.3123
19822	-65.3881
19823	-61.3098
19824	-59.9522
19825	-58.6858
19826	-61.094
19827	-64.2501
19828	-65.4778
19829	-60.6973
19830	-53.5597
19831	-47.0624
19832	-45.5362
19833	-50.5419
19834	-56.1634
19835	-62.4795
19836	-65.3446
19837	-66.1969
19838	-66.157
19839	-65.8226
19840	-66.8582
19841	-68.4366
19842	-68.663
19843	-69.2887
19844	-70.6699
19845	-70.9449
19846	-71.6348
19847	-72.0982
19848	-71.988
19849	-71.0332
19850	-70.0398
19851	-70.0962
19852	-70.863
19853	-72.1169
19854	-72.3697
19855	-71.9159
19856	-70.1731
19857	-65.7532
19858	-65.6885
19859	-70.9826
19860	-73.0651
19861	-73.0454
19862	-72.6286
19863	-71.3989
19864	-71.1157
19865	-70.0589
19866	-69.8753
19867	-69.0652
19868	-69.3294
19869	-69.4325
19870	-69.8864
19871	-69.739
19872	-69.5737
19873	-69.3154
19874	-67.2125
19875	-66.9713
19876	-68.4323
19877	-70.0546
19878	-71.477
19879	-69.457
19880	-65.5252
19881	-61.9127
19882	-60.5981
19883	-63.4371
19884	-67.9741
19885	-69.535
19886	-68.9955
19887	-66.223
19888	-63.2009
19889	-62.1103
19890	-65.147
19891	-65.9425
19892	-64.5292
19893	-64.1212
19894	-66.2957
19895	-66.1439
19896	-65.4474
19897	-63.5351
19898	-54.8875
19899	-51.024
19900	-54.6585
19901	-63.1006
19902	-67.4398
19903	-66.1448
19904	-63.2876
19905	-59.736
19906	-58.7767
19907	-61.2065
19908	-64.0078
19909	-65.1877
19910	-66.2543
19911	-68.8422
19912	-70.1077
19913	-68.7331
19914	-68.5947
19915	-68.8553
19916	-68.917
19917	-69.0332
19918	-69.9735
19919	-71.4392
19920	-72.0848
19921	-72.5689
19922	-69.5193
19923	-64.7501
19924	-67.2983
19925	-72.1775
19926	-73.0181
19927	-73.3646
19928	-72.866
19929	-72.4359
19930	-72.3779
19931	-71.3605
19932	-72.0183
19933	-71.4123
19934	-70.7426
19935	-70.7052
19936	-69.8124
19937	-68.7625
19938	-67.2488
19939	-66.6222
19940	-66.0474
19941	-64.1276
19942	-63.5212
19943	-62.5571
19944	-62.5697
19945	-60.9528
19946	-56.4875
19947	-48.5298
19948	-37.8094
19949	-32.9354
19950	-36.6432
19951	-47.7923
19952	-57.0933
19953	-57.3823
19954	-53.2874
19955	-49.6152
19956	-48.5331
19957	-50.6317
19958	-54.5866
19959	-59.5023
19960	-62.4437
19961	-64.5801
19962	-66.472
19963	-67.1035
19964	-67.9196
19965	-69.8331
19966	-70.1158
19967	-69.1785
19968	-69.5595
19969	-70.9187
19970	-71.1675
19971	-71.8992
19972	-72.1142
19973	-72.2761
19974	-71.9604
19975	-71.7361
19976	-72.1441
19977	-73.1124
19978	-72.4543
19979	-72.1396
19980	-70.6812
19981	-68.6543
19982	-68.483
19983	-70.5069
19984	-71.6676
19985	-72.3383
19986	-71.7318
19987	-70.0737
19988	-67.4207
19989	-66.0144
19990	-67.1496
19991	-68.1712
19992	-67.8869
19993	-67.8429
19994	-68.9115
19995	-68.8272
19996	-67.7288
19997	-64.055
19998	-55.3783
19999	-51.6522
20000	-55.3904
20001	-63.5854
20002	-67.8424
20003	-65.157
20004	-61.2711
20005	-59.3239
20006	-58.4248
20007	-59.9184
20008	-62.8667
20009	-61.9765
20010	-62.4966
20011	-66.1978
20012	-63.725
20013	-62.1203
20014	-64.1581
20015	-63.3561
20016	-64.191
20017	-63.1033
20018	-63.3896
20019	-66.2622
20020	-68.4955
20021	-68.7237
20022	-59.2653
20023	-53.9095
20024	-57.623
20025	-69.4915
20026	-70.4168
20027	-70.0517
20028	-70.3775
20029	-69.707
20030	-69.3403
20031	-68.8095
20032	-68.8472
20033	-68.1289
20034	-68.6035
20035	-71.9128
20036	-71.9805
20037	-71.6619
20038	-71.1098
20039	-70.507
20040	-71.3926
20041	-71.2627
20042	-71.8335
20043	-72.4936
20044	-72.2294
20045	-72.7567
20046	-69.9537
20047	-66.5847
20048	-67.7878
20049	-70.7216
20050	-72.3396
20051	-73.3758
20052	-72.0872
20053	-71.5823
20054	-70.9442
20055	-70.7447
20056	-70.9013
20057	-71.9766
20058	-71.5144
20059	-70.3892
20060	-70.0915
20061	-68.8669
20062	-66.089
20063	-64.3615
20064	-61.0801
20065	-58.8889
20066	-58.5398
20067	-58.202
20068	-59.8055
20069	-61.3355
20070	-60.2393
20071	-42.3786
20072	-24.4644
20073	-18.8122
20074	-22.4408
20075	-37.0012
20076	-61.6548
20077	-64.5285
20078	-64.8045
20079	-63.7642
20080	-63.7458
20081	-63.9369
20082	-64.6732
20083	-66.776
20084	-68.4988
20085	-70.5689
20086	-71.2872
20087	-71.2711
20088	-71.127
20089	-70.8618
20090	-71.6889
20091	-71.4708
20092	-71.7192
20093	-72.4169
20094	-72.4732
20095	-73.0765
20096	-72.4376
20097	-69.7151
20098	-66.64
20099	-64.5185
20100	-67.3247
20101	-71.5064
20102	-72.0031
20103	-70.6011
20104	-69.3532
20105	-68.0605
20106	-68.9228
20107	-68.6512
20108	-69.8336
20109	-71.7627
20110	-72.8654
20111	-71.2563
20112	-68.324
20113	-65.9393
20114	-65.7999
20115	-64.7639
20116	-64.3471
20117	-64.0571
20118	-65.7609
20119	-67.3106
20120	-68.6442
20121	-68.0122
20122	-57.2766
20123	-51.8923
20124	-55.6055
20125	-68.5058
20126	-69.8596
20127	-69.3709
20128	-68.7141
20129	-67.854
20130	-69.111
20131	-69.9118
20132	-68.6236
20133	-65.7607
20134	-66.0972
20135	-70.7094
20136	-65.9246
20137	-64.2839
20138	-67.5257
20139	-68.0705
20140	-68.1078
20141	-67.2212
20142	-67.6168
20143	-69.0491
20144	-69.8323
20145	-67.9557
20146	-57.6177
20147	-51.577
20148	-54.2447
20149	-63.614
20150	-68.6423
20151	-69.0054
20152	-67.3025
20153	-65.885
20154	-65.8501
20155	-65.8956
20156	-66.0984
20157	-65.5114
20158	-67.4279
20159	-70.0985
20160	-72.8062
20161	-73.0963
20162	-71.0764
20163	-69.0716
20164	-67.5514
20165	-66.4305
20166	-68.5168
20167	-69.7988
20168	-71.373
20169	-71.4258
20170	-69.5687
20171	-67.078
20172	-67.3616
20173	-69.442
20174	-72.0989
20175	-73.2394
20176	-72.5606
20177	-72.021
20178	-71.2159
20179	-70.7263
20180	-70.9479
20181	-70.3124
20182	-70.1671
20183	-70.0047
20184	-70.184
20185	-69.6003
20186	-68.1953
20187	-66.8594
20188	-64.5672
20189	-62.8112
20190	-62.0648
20191	-61.5841
20192	-63.1641
20193	-63.2236
20194	-61.2883
20195	-51.4953
20196	-36.2652
20197	-30.1289
20198	-33.3918
20199	-45.8002
20200	-56.9871
20201	-61.2906
20202	-61.7341
20203	-60.8456
20204	-61.0291
20205	-61.2579
20206	-63.0003
20207	-65.0555
20208	-66.0565
20209	-68.1334
20210	-69.7334
20211	-70.4914
20212	-71.3443
20213	-71.8805
20214	-70.977
20215	-70.82
20216	-70.919
20217	-71.2813
20218	-71.968
20219	-72.6476
20220	-73.1457
20221	-72.3096
20222	-69.4409
20223	-66.8058
20224	-70.1181
20225	-73.1492
20226	-72.2169
20227	-72.2866
20228	-71.8482
20229	-71.6483
20230	-70.9734
20231	-70.5205
20232	-70.1681
20233	-70.7842
20234	-70.8714
20235	-71.091
20236	-68.8906
20237	-67.4801
20238	-69.1962
20239	-69.4231
20240	-69.5981
20241	-69.8879
20242	-70.7514
20243	-70.8307
20244	-70.5017
20245	-68.2204
20246	-58.8942
20247	-52.8379
20248	-55.5023
20249	-64.3176
20250	-68.4048
20251	-67.6556
20252	-64.8799
20253	-62.6448
20254	-63.8492
20255	-63.9066
20256	-64.7201
20257	-62.2805
20258	-62.0724
20259	-64.3922
20260	-65.8872
20261	-63.6343
20262	-63.3753
20263	-59.819
20264	-55.8579
20265	-56.1127
20266	-60.128
20267	-63.9449
20268	-68.513
20269	-64.961
20270	-59.5918
20271	-55.7219
20272	-56.5253
20273	-62.4571
20274	-65.922
20275	-67.8029
20276	-68.8751
20277	-68.4842
20278	-68.2647
20279	-68.5474
20280	-68.5696
20281	-67.688
20282	-68.3332
20283	-69.6119
20284	-71.4908
20285	-72.1102
20286	-72.7082
20287	-71.5698
20288	-69.1767
20289	-68.5047
20290	-70.7742
20291	-73.0265
20292	-73.3135
20293	-73.1576
20294	-72.5082
20295	-71.51
20296	-71.7511
20297	-71.5468
20298	-72.2751
20299	-71.2797
20300	-71.039
20301	-70.5287
20302	-69.7382
20303	-68.4572
20304	-68.8885
20305	-68.4878
20306	-67.2906
20307	-65.9503
20308	-65.3459
20309	-64.3845
20310	-62.8077
20311	-59.4851
20312	-54.0574
20313	-48.1995
20314	-43.7952
20315	-43.9773
20316	-48.2385
20317	-54.5293
20318	-59.5384
20319	-53.3684
20320	-45.5732
20321	-40.5755
20322	-42.3949
20323	-49.0512
20324	-55.9081
20325	-60.857
20326	-63.2965
20327	-64.2489
20328	-65.251
20329	-65.9694
20330	-67.303
20331	-68.1763
20332	-68.4875
20333	-68.9431
20334	-70.029
20335	-70.9309
20336	-71.5253
20337	-71.5965
20338	-72.5133
20339	-71.4512
20340	-72.106
20341	-72.0095
20342	-72.5543
20343	-73.0067
20344	-72.6695
20345	-71.7319
20346	-67.7384
20347	-64.3826
20348	-66.9749
20349	-72.1471
20350	-72.6031
20351	-72.0086
20352	-70.6323
20353	-68.7168
20354	-68.4861
20355	-67.8495
20356	-68.2145
20357	-68.0876
20358	-68.6762
20359	-68.6814
20360	-68.6452
20361	-66.6176
20362	-64.7858
20363	-60.7174
20364	-56.2778
20365	-56.5037
20366	-60.5589
20367	-64.9499
20368	-67.6102
20369	-63.9032
20370	-58.8739
20371	-54.5075
20372	-55.8917
20373	-61.599
20374	-64.0496
20375	-64.8264
20376	-66.7282
20377	-65.1352
20378	-65.0641
20379	-65.8212
20380	-66.3722
20381	-64.6464
20382	-64.6616
20383	-65.2085
20384	-67.5854
20385	-69.2076
20386	-69.6833
20387	-67.2016
20388	-63.1801
20389	-62.5759
20390	-67.1478
20391	-70.3787
20392	-70.0986
20393	-69.1979
20394	-66.9523
20395	-65.2733
20396	-65.3106
20397	-66.9267
20398	-68.5862
20399	-69.1971
20400	-70.7545
20401	-71.088
20402	-70.2975
20403	-69.6967
20404	-69.9737
20405	-70.157
20406	-71.1225
20407	-71.2475
20408	-72.3318
20409	-72.6086
20410	-72.8146
20411	-72.4282
20412	-65.6106
20413	-63.3873
20414	-68.28
20415	-70.989
20416	-72.7159
20417	-72.713
20418	-71.638
20419	-71.0804
20420	-70.956
20421	-71.0259
20422	-71.7767
20423	-72.1793
20424	-71.7228
20425	-71.073
20426	-70.8279
20427	-69.0988
20428	-68.2343
20429	-66.9974
20430	-65.2406
20431	-64.09
20432	-64.2336
20433	-64.3858
20434	-65.1813
20435	-65.031
20436	-60.1337
20437	-52.3497
20438	-43.8903
20439	-42.4339
20440	-50.324
20441	-60.7482
20442	-65.992
20443	-63.4175
20444	-60.0655
20445	-57.9553
20446	-57.4346
20447	-58.6941
20448	-62.7484
20449	-66.968
20450	-69.165
20451	-69.7977
20452	-70.0083
20453	-70.1705
20454	-70.3911
20455	-70.1715
20456	-70.7962
20457	-70.9291
20458	-71.7019
20459	-71.948
20460	-71.8869
20461	-72.8642
20462	-72.1358
20463	-68.9602
20464	-67.8007
20465	-68.1814
20466	-70.5266
20467	-71.8651
20468	-71.4948
20469	-70.0774
20470	-68.2267
20471	-66.331
20472	-67.5186
20473	-70.3176
20474	-72.8338
20475	-73.7085
20476	-72.5227
20477	-70.8758
20478	-69.7722
20479	-67.8115
20480	-67.4758
20481	-67.3307
20482	-67.4323
20483	-67.5297
20484	-68.7448
20485	-69.8485
20486	-68.9792
20487	-65.2985
20488	-59.8671
20489	-58.9295
20490	-64.8264
20491	-70.2581
20492	-70.8254
20493	-69.2505
20494	-67.8978
20495	-67.0605
20496	-67.259
20497	-68.3367
20498	-68.6845
20499	-68.8098
20500	-69.7367
20501	-67.0223
20502	-61.3842
20503	-62.8625
20504	-66.9962
20505	-66.9989
20506	-65.8333
20507	-65.8354
20508	-67.0758
20509	-67.7386
20510	-68.6765
20511	-62.1735
20512	-50.8461
20513	-49.0403
20514	-56.5646
20515	-68.2589
20516	-67.9908
20517	-66.1842
20518	-63.946
20519	-62.553
20520	-63.0016
20521	-63.7959
20522	-64.7948
20523	-64.1363
20524	-67.03
20525	-71.1694
20526	-71.5443
20527	-70.138
20528	-69.0658
20529	-68.8157
20530	-68.5949
20531	-68.2735
20532	-69.9662
20533	-71.2137
20534	-72.0097
20535	-71.4557
20536	-66.8464
20537	-64.772
20538	-68.4464
20539	-71.3834
20540	-72.9968
20541	-72.8165
20542	-72.4532
20543	-72.1375
20544	-71.6367
20545	-71.2672
20546	-71.601
20547	-70.3587
20548	-70.4696
20549	-70.2727
20550	-69.7586
20551	-68.53
20552	-66.0343
20553	-65.5293
20554	-63.4542
20555	-62.1914
20556	-61.1818
20557	-61.8656
20558	-62.0835
20559	-60.8025
20560	-55.5369
20561	-29.4016
20562	-17.378
20563	-15.6052
20564	-23.263
20565	-44.0484
20566	-58.1135
20567	-58.6738
20568	-56.6825
20569	-54.8718
20570	-55.6485
20571	-56.4568
20572	-59.6035
20573	-62.4436
20574	-64.6029
20575	-67.4522
20576	-68.4968
20577	-69.0741
20578	-70.3102
20579	-71.442
20580	-70.4799
20581	-69.9417
20582	-70.6124
20583	-71.7155
20584	-71.8299
20585	-72.56
20586	-73.0528
20587	-71.8977
20588	-70.8534
20589	-70.7961
20590	-72.1577
20591	-72.405
20592	-72.5702
20593	-72.332
20594	-71.305
20595	-70.4328
20596	-71.1631
20597	-70.4372
20598	-71.1014
20599	-72.0526
20600	-71.7801
20601	-70.0231
20602	-65.682
20603	-66.2375
20604	-68.003
20605	-68.0095
20606	-67.8688
20607	-68.7611
20608	-68.9407
20609	-69.7029
20610	-69.9005
20611	-62.7827
20612	-51.6566
20613	-49.8881
20614	-57.3717
20615	-68.1631
20616	-67.2574
20617	-64.3704
20618	-61.8289
20619	-61.7019
20620	-62.4925
20621	-62.3314
20622	-62.7308
20623	-59.6091
20624	-62.6151
20625	-67.3507
20626	-62.2173
20627	-62.3838
20628	-62.7149
20629	-60.8448
20630	-60.5748
20631	-60.7393
20632	-62.4415
20633	-66.3484
20634	-68.1797
20635	-64.7525
20636	-55.2117
20637	-53.0405
20638	-58.9258
20639	-68.264
20640	-69.3956
20641	-69.3068
20642	-69.7515
20643	-68.7214
20644	-68.646
20645	-68.8371
20646	-67.8775
20647	-67.1214
20648	-69.0266
20649	-71.4572
20650	-72.6005
20651	-72.4166
20652	-71.8849
20653	-71.1976
20654	-71.1399
20655	-71.4854
20656	-72.5815
20657	-72.8551
20658	-72.9105
20659	-72.6818
20660	-70.3866
20661	-69.5419
20662	-70.5772
20663	-72.316
20664	-72.5926
20665	-71.7172
20666	-71.4442
20667	-71.2721
20668	-69.7204
20669	-70.3556
20670	-70.8164
20671	-70.8204
20672	-68.9483
20673	-68.1012
20674	-67.3867
20675	-65.9115
20676	-62.8891
20677	-59.5741
20678	-55.0412
20679	-52.2469
20680	-51.4821
20681	-52.4424
20682	-55.9606
20683	-58.9656
20684	-57.5641
20685	-44.6746
20686	-32.5957
20687	-30.2073
20688	-37.5475
20689	-52.6107
20690	-60.0303
20691	-63.1742
20692	-64.2416
20693	-63.6003
20694	-64.7026
20695	-65.1771
20696	-66.8061
20697	-67.4567
20698	-68.8025
20699	-70.2192
20700	-70.711
20701	-71.5101
20702	-71.2355
20703	-71.4932
20704	-72.0709
20705	-71.6551
20706	-72.3676
20707	-72.5161
20708	-72.2065
20709	-73.043
20710	-72.0963
20711	-69.8822
20712	-64.1781
20713	-62.8443
20714	-69.5698
20715	-72.7419
20716	-71.8809
20717	-71.1892
20718	-69.1947
20719	-69.0116
20720	-68.8978
20721	-68.7476
20722	-69.0563
20723	-69.4129
20724	-71.2455
20725	-69.4568
20726	-66.4336
20727	-65.7888
20728	-63.764
20729	-61.5723
20730	-60.4158
20731	-61.2453
20732	-63.9526
20733	-66.6218
20734	-67.3742
20735	-63.6874
20736	-53.9611
20737	-51.672
20738	-57.8804
20739	-66.9623
20740	-67.3757
20741	-67.7584
20742	-67.7231
20743	-66.4082
20744	-67.6342
20745	-69.0683
20746	-66.0081
20747	-63.8099
20748	-65.5928
20749	-68.5799
20750	-68.8462
20751	-68.4915
20752	-69.1199
20753	-69.904
20754	-70.4993
20755	-70.9649
20756	-70.2702
20757	-70.8021
20758	-69.4373
20759	-65.2412
20760	-59.9243
20761	-57.7345
20762	-60.6936
20763	-66.0397
20764	-69.3075
20765	-69.7907
20766	-68.6146
20767	-68.5712
20768	-68.0171
20769	-67.9386
20770	-68.0144
20771	-68.6652
20772	-70.5185
20773	-71.2011
20774	-72.9647
20775	-73.5389
20776	-72.5853
20777	-68.3
20778	-64.1541
20779	-65.2594
20780	-68.6849
20781	-70.9322
20782	-71.8375
20783	-71.6043
20784	-70.2234
20785	-68.9592
20786	-69.2574
20787	-71.236
20788	-72.695
20789	-72.3541
20790	-71.8281
20791	-71.2574
20792	-71.097
20793	-70.2187
20794	-69.7372
20795	-68.976
20796	-68.8432
20797	-68.1783
20798	-68.5676
20799	-68.5542
20800	-68.6805
20801	-66.6284
20802	-62.9178
20803	-62.1454
20804	-60.6774
20805	-62.4077
20806	-64.8611
20807	-65.2662
20808	-61.1297
20809	-54.2992
20810	-47.1016
20811	-44.4788
20812	-48.6391
20813	-54.5686
20814	-61.114
20815	-64.9396
20816	-65.7658
20817	-65.8367
20818	-65.6889
20819	-66.3962
20820	-68.1224
20821	-68.5877
20822	-68.9565
20823	-70.4396
20824	-70.6953
20825	-71.3747
20826	-72.1829
20827	-72.0087
20828	-71.2247
20829	-70.1142
20830	-70.2039
20831	-70.7279
20832	-71.8506
20833	-72.449
20834	-72.002
20835	-70.9521
20836	-66.692
20837	-65.4918
20838	-70.3518
20839	-72.9602
20840	-73.1562
20841	-72.886
20842	-71.5611
20843	-71.2946
20844	-70.2457
20845	-69.9046
20846	-69.1095
20847	-69.1672
20848	-69.7098
20849	-69.5602
20850	-69.9719
20851	-69.3835
20852	-69.9481
20853	-68.5736
20854	-68.3159
20855	-69.2495
20856	-70.3809
20857	-71.757
20858	-69.7519
20859	-65.6487
20860	-61.6409
20861	-59.7002
20862	-62.1033
20863	-67.0445
20864	-69.1848
20865	-68.9457
20866	-66.7609
20867	-63.7439
20868	-62.0093
20869	-64.3241
20870	-66.1907
20871	-64.49
20872	-63.849
20873	-65.7487
20874	-66.4457
20875	-65.5795
20876	-64.3205
20877	-56.2613
20878	-51.105
20879	-53.2979
20880	-61.6235
20881	-67.3834
20882	-66.4814
20883	-63.8151
20884	-60.2465
20885	-58.8466
20886	-60.6523
20887	-63.6455
20888	-65.125
20889	-65.9163
20890	-68.4448
20891	-70.1022
20892	-68.9141
20893	-68.6717
20894	-68.9332
20895	-68.808
20896	-69.1992
20897	-69.543
20898	-71.366
20899	-71.9257
20900	-72.6406
20901	-70.731
20902	-65.4882
20903	-66.7626
20904	-71.6709
20905	-72.9007
20906	-73.3458
20907	-72.9174
20908	-72.4072
20909	-72.354
20910	-71.5488
20911	-71.9328
20912	-71.6595
20913	-70.61
20914	-70.5746
20915	-69.8967
20916	-68.9076
20917	-67.2724
20918	-66.538
20919	-66.0578
20920	-64.4089
20921	-63.4888
20922	-62.3566
20923	-62.6908
20924	-61.4469
20925	-57.478
20926	-50.0961
20927	-39.4061
20928	-33.265
20929	-35.2464
20930	-45.7518
20931	-55.6331
20932	-57.7068
20933	-54.1204
20934	-50.005
20935	-48.7388
20936	-50.2719
20937	-53.862
20938	-58.9
20939	-61.946
20940	-64.381
20941	-66.2569
20942	-67.0736
20943	-67.6968
20944	-69.3834
20945	-70.3105
20946	-69.4874
20947	-69.3209
20948	-70.7648
20949	-71.1611
20950	-71.9765
20951	-72.0892
20952	-72.4794
20953	-71.7993
20954	-71.6152
20955	-72.1027
20956	-73.1534
20957	-72.4556
20958	-72.2254
20959	-71.0854
20960	-68.5585
20961	-67.9987
20962	-70.0632
20963	-71.3919
20964	-72.5385
20965	-71.8895
20966	-70.7253
20967	-67.6778
20968	-66.015
20969	-66.6417
20970	-68.012
20971	-67.8387
20972	-67.6348
20973	-68.9319
20974	-68.8801
20975	-67.9967
20976	-65.0693
20977	-56.6033
20978	-51.769
20979	-53.9502
20980	-62.2405
20981	-67.8992
20982	-65.7252
20983	-61.9415
20984	-59.5811
20985	-58.5052
20986	-59.7821
20987	-62.6426
20988	-62.1514
20989	-62.015
20990	-66.0168
20991	-64.9032
20992	-62.2725
20993	-64.3244
20994	-63.6312
20995	-64.0871
20996	-63.6382
20997	-63.3349
20998	-65.8189
20999	-68.4015
21000	-69.1223
21001	-61.7259
21002	-54.986
21003	-57.1102
21004	-67.9219
21005	-70.5814
21006	-70.1487
21007	-70.1913
21008	-69.5213
21009	-68.9873
21010	-68.7335
21011	-68.8983
21012	-68.4335
21013	-68.5082
21014	-71.4524
21015	-72.1124
21016	-71.7426
21017	-71.3149
21018	-70.597
21019	-71.2012
21020	-71.1908
21021	-71.7462
21022	-72.4057
21023	-72.3618
21024	-72.8729
21025	-70.683
21026	-66.4499
21027	-67.0599
21028	-69.9586
21029	-72.0897
21030	-73.4437
21031	-72.273
21032	-71.7691
21033	-70.9767
21034	-70.9031
21035	-70.885
21036	-71.8034
21037	-71.646
21038	-70.7214
21039	-70.1781
21040	-69.4654
21041	-66.826
21042	-64.8928
21043	-61.9222
21044	-59.272
21045	-58.7632
21046	-58.3434
21047	-59.8912
21048	-61.3481
21049	-61.1352
21050	-48.313
21051	-27.629
21052	-20.2162
21053	-22.2144
21054	-34.4785
21055	-60.431
21056	-64.5483
21057	-64.9379
21058	-63.9934
21059	-63.594
21060	-63.8447
21061	-64.0749
21062	-66.4825
21063	-68.2559
21064	-70.4538
21065	-71.3499
21066	-71.4317
21067	-71.226
21068	-70.7967
21069	-71.8716
21070	-71.6746
21071	-71.6157
21072	-72.4034
21073	-72.2587
21074	-72.9469
21075	-72.7746
21076	-70.2106
21077	-67.2584
21078	-64.7312
21079	-66.4161
21080	-71.2397
21081	-71.9647
21082	-70.9135
21083	-69.6321
21084	-68.2358
21085	-68.8247
21086	-68.7131
21087	-69.6396
21088	-71.3739
21089	-72.7024
21090	-71.5986
21091	-69.2943
21092	-66.4682
21093	-65.8617
21094	-65.1464
21095	-64.5464
21096	-64.1525
21097	-65.5476
21098	-67.1372
21099	-68.4548
21100	-68.7793
21101	-59.6355
21102	-52.7455
21103	-54.8561
21104	-66.7064
21105	-70.0953
21106	-69.5215
21107	-68.9287
21108	-67.9877
21109	-68.8713
21110	-69.8999
21111	-69.019
21112	-66.7801
21113	-66.0992
21114	-70.3745
21115	-66.3834
21116	-63.5502
21117	-66.7538
21118	-67.6143
21119	-67.7484
21120	-66.8791
21121	-66.9403
21122	-68.3901
21123	-69.5847
21124	-69.0491
21125	-59.1729
21126	-51.6814
21127	-52.8695
21128	-61.4931
21129	-68.2151
21130	-69.1256
21131	-67.5392
21132	-66.1074
21133	-65.6251
21134	-65.8592
21135	-66.0618
21136	-65.2946
21137	-66.5856
21138	-69.499
21139	-72.4381
21140	-73.1525
21141	-71.4985
21142	-69.305
21143	-67.95
21144	-66.4842
21145	-68.1376
21146	-69.6012
21147	-71.3119
21148	-71.3876
21149	-69.8844
21150	-67.3764
21151	-67.2659
21152	-69.0993
21153	-71.9144
21154	-73.1847
21155	-72.5038
21156	-71.9124
21157	-71.3536
21158	-70.5854
21159	-71.032
21160	-70.3988
21161	-70.1547
21162	-69.9477
21163	-70.1609
21164	-69.5664
21165	-68.2202
21166	-66.6941
21167	-64.5618
21168	-62.4199
21169	-61.3615
21170	-60.8186
21171	-62.0756
21172	-63.1554
21173	-61.4932
21174	-53.7186
21175	-37.8334
21176	-29.9987
21177	-31.5166
21178	-42.5401
21179	-55.5581
21180	-60.3899
21181	-61.5861
21182	-60.8368
21183	-60.7529
21184	-61.1827
21185	-62.4529
21186	-64.6357
21187	-65.6535
21188	-67.686
21189	-69.5159
21190	-70.2041
21191	-70.9551
21192	-71.6541
21193	-71.4201
21194	-70.7563
21195	-70.7437
21196	-71.249
21197	-71.7145
21198	-72.4381
21199	-73.3654
21200	-72.644
21201	-70.3579
21202	-67.5839
21203	-69.5485
21204	-72.8182
21205	-72.4001
21206	-72.1538
21207	-71.9591
21208	-71.5852
21209	-70.9389
21210	-70.6096
21211	-70.1485
21212	-70.7265
21213	-70.7552
21214	-71.1255
21215	-69.1494
21216	-67.0338
21217	-68.7302
21218	-69.0023
21219	-69.0813
21220	-69.2741
21221	-70.2065
21222	-70.7097
21223	-70.5221
21224	-69.1718
21225	-60.3715
21226	-52.759
21227	-54.007
21228	-62.3602
21229	-68.0498
21230	-67.9639
21231	-65.5162
21232	-62.6116
21233	-63.7686
21234	-63.8385
21235	-64.6177
21236	-62.4772
21237	-61.5038
21238	-63.7702
21239	-66.427
21240	-63.9826
21241	-63.3332
21242	-60.6556
21243	-56.274
21244	-55.7647
21245	-59.45
21246	-63.0943
21247	-67.7591
21248	-66.0551
21249	-60.7562
21250	-56.3501
21251	-56.1196
21252	-61.5704
21253	-65.9036
21254	-67.2545
21255	-69.0739
21256	-68.4697
21257	-68.2565
21258	-68.6802
21259	-68.9726
21260	-67.783
21261	-68.3231
21262	-69.3583
21263	-71.3939
21264	-71.952
21265	-72.7811
21266	-72.0008
21267	-70.0732
21268	-68.7909
21269	-70.6578
21270	-72.9695
21271	-73.2865
21272	-73.1222
21273	-72.6098
21274	-71.5318
21275	-71.6473
21276	-71.3787
21277	-72.2886
21278	-71.4198
21279	-71.0992
21280	-70.7
21281	-69.9278
21282	-68.4814
21283	-68.7803
21284	-68.6787
21285	-67.5498
21286	-66.2544
21287	-65.3934
21288	-64.5979
21289	-63.1106
21290	-60.1886
21291	-55.303
21292	-48.9605
21293	-44.406
21294	-43.5761
21295	-47.3406
21296	-53.5729
21297	-59.561
21298	-54.6365
21299	-46.853
21300	-41.2359
21301	-41.733
21302	-48.106
21303	-54.8941
21304	-60.4956
21305	-63.218
21306	-64.1472
21307	-65.2053
21308	-65.8829
21309	-67.0746
21310	-68.005
21311	-68.4793
21312	-68.891
21313	-69.7798
21314	-70.7515
21315	-71.5347
21316	-71.7859
21317	-72.4066
21318	-71.5849
21319	-71.9572
21320	-71.8517
21321	-72.4491
21322	-72.7759
21323	-72.6587
21324	-71.8637
21325	-68.403
21326	-64.3246
21327	-65.8181
21328	-71.373
21329	-72.892
21330	-72.075
21331	-70.9791
21332	-68.8796
21333	-68.5736
21334	-67.9411
21335	-68.146
21336	-68.0495
21337	-68.6764
21338	-68.9128
21339	-68.7974
21340	-67.1124
21341	-65.2056
21342	-61.544
21343	-56.639
21344	-56.1463
21345	-59.6277
21346	-64.127
21347	-67.3349
21348	-64.7695
21349	-59.9222
21350	-55.1743
21351	-55.2486
21352	-60.7234
21353	-64.2193
21354	-64.3647
21355	-66.4936
21356	-65.7974
21357	-65.0994
21358	-66.0915
21359	-66.5253
21360	-64.9617
21361	-64.7481
21362	-65.2046
21363	-67.227
21364	-69.0881
21365	-69.5602
21366	-68.6815
21367	-65.2852
21368	-63.8742
21369	-67.3488
21370	-70.3464
21371	-70.0289
21372	-69.2886
21373	-66.8634
21374	-64.7566
21375	-64.486
21376	-66.0931
21377	-68.197
21378	-69.203
21379	-70.4025
21380	-70.9948
21381	-70.3313
21382	-69.6708
21383	-69.6874
21384	-69.9797
21385	-70.9049
21386	-70.8277
21387	-72.1751
21388	-72.4278
21389	-72.7499
21390	-72.8105
21391	-66.5577
21392	-62.9401
21393	-67.077
21394	-70.6515
21395	-72.6054
21396	-72.9812
21397	-71.8488
21398	-70.9619
21399	-70.9349
21400	-71.1094
21401	-71.613
21402	-72.3313
21403	-71.8109
21404	-71.3341
21405	-70.9305
21406	-69.422
21407	-68.6072
21408	-67.3354
21409	-65.9142
21410	-64.2538
21411	-64.5405
21412	-64.6653
21413	-65.3792
21414	-65.9096
21415	-62.0503
21416	-54.9795
21417	-46.2321
21418	-43.5025
21419	-49.6411
21420	-60.3561
21421	-66.2782
21422	-63.4415
21423	-59.8019
21424	-57.2988
21425	-56.3521
21426	-57.4961
21427	-61.4447
21428	-65.9525
21429	-68.588
21430	-69.4767
21431	-69.9102
21432	-69.8602
21433	-70.3782
21434	-70.1328
21435	-70.9149
21436	-70.8809
21437	-71.6147
21438	-71.8548
21439	-71.8105
21440	-72.6581
21441	-72.5751
21442	-69.501
21443	-67.8698
21444	-67.9291
21445	-70.2974
21446	-71.6767
21447	-71.4319
21448	-70.6277
21449	-68.6922
21450	-66.5964
21451	-67.1984
21452	-69.9279
21453	-72.4099
21454	-73.9767
21455	-73.0739
21456	-71.116
21457	-70.1874
21458	-68.2922
21459	-67.7568
21460	-67.3237
21461	-67.2734
21462	-67.476
21463	-68.4126
21464	-69.7313
21465	-69.3296
21466	-66.6807
21467	-61.4706
21468	-59.557
21469	-64.4432
21470	-70.0189
21471	-70.9863
21472	-69.1888
21473	-67.5169
21474	-66.3495
21475	-66.4647
21476	-67.3562
21477	-68.4248
21478	-68.9075
21479	-69.6218
21480	-67.8929
21481	-61.6799
21482	-61.9337
21483	-66.2607
21484	-66.5941
21485	-65.6952
21486	-65.4458
21487	-66.6423
21488	-67.6163
21489	-68.2925
21490	-64.8433
21491	-51.9321
21492	-48.5091
21493	-54.2915
21494	-67.3113
21495	-68.2599
21496	-66.6548
21497	-64.2527
21498	-62.8381
21499	-62.8746
21500	-63.5223
21501	-64.6908
21502	-63.9602
21503	-66.1258
21504	-70.8721
21505	-71.5923
21506	-70.2712
21507	-69.0996
21508	-68.7738
21509	-68.7737
21510	-68.3037
21511	-69.6339
21512	-71.1345
21513	-71.6585
21514	-71.7016
21515	-67.9511
21516	-64.8202
21517	-67.8335
21518	-71.1304
21519	-72.9782
21520	-73.0642
21521	-72.4682
21522	-72.485
21523	-71.6275
21524	-71.133
21525	-71.7181
21526	-70.6626
21527	-70.2678
21528	-70.4625
21529	-69.4978
21530	-68.6773
21531	-66.1888
21532	-65.5971
21533	-63.5102
21534	-61.9316
21535	-60.9184
21536	-61.2256
21537	-61.6588
21538	-60.7698
21539	-57.1576
21540	-33.1611
21541	-18.8289
21542	-15.4242
21543	-21.3179
21544	-39.1887
21545	-57.5134
21546	-58.9112
21547	-57.141
21548	-54.931
21549	-55.4682
21550	-56.1888
21551	-58.804
21552	-62.0854
21553	-63.9836
21554	-67.0353
21555	-68.1808
21556	-68.8513
21557	-69.8444
21558	-71.5512
21559	-70.7419
21560	-69.9779
21561	-70.3086
21562	-71.567
21563	-71.7823
21564	-72.5043
21565	-72.8952
21566	-72.318
21567	-71.1871
21568	-70.8929
21569	-72.0855
21570	-72.6724
21571	-72.5763
21572	-72.385
21573	-71.3569
21574	-70.0989
21575	-71.1974
21576	-70.3458
21577	-70.8596
21578	-71.8861
21579	-71.8604
21580	-70.5668
21581	-66.0028
21582	-65.448
21583	-67.6387
21584	-67.6174
21585	-67.6359
21586	-68.208
21587	-68.8609
21588	-69.44
21589	-69.7597
21590	-65.1875
21591	-52.6405
21592	-49.2672
21593	-55.0505
21594	-67.7163
21595	-67.7494
21596	-64.9881
21597	-62.1125
21598	-61.5418
21599	-62.4813
21600	-62.1415
21601	-62.8402
21602	-59.7644
21603	-61.3695
21604	-67.9612
21605	-63.0789
21606	-62.2442
21607	-63.0759
21608	-61.1528
21609	-60.6097
21610	-60.6068
21611	-62.1647
21612	-65.8607
21613	-67.8859
21614	-66.5361
21615	-56.9845
21616	-53.2775
21617	-57.8747
21618	-67.8122
21619	-69.3134
21620	-69.2648
21621	-69.6658
21622	-69.0441
21623	-68.496
21624	-68.966
21625	-68.1461
21626	-67.3038
21627	-68.7118
21628	-71.3837
21629	-72.5912
21630	-72.4591
21631	-72.162
21632	-71.1634
21633	-71.2234
21634	-71.1972
21635	-72.2858
21636	-72.9826
21637	-72.9331
21638	-72.6265
21639	-70.6058
21640	-69.3935
21641	-70.1823
21642	-71.7896
21643	-72.8817
21644	-71.791
21645	-71.4607
21646	-71.529
21647	-69.999
21648	-70.117
21649	-70.5844
21650	-71.0156
21651	-69.2744
21652	-68.3541
21653	-67.7309
21654	-66.2897
21655	-63.6324
21656	-60.5065
21657	-55.7826
21658	-52.6089
21659	-51.5993
21660	-52.3069
21661	-55.7252
21662	-58.9122
21663	-58.5428
21664	-48.0288
21665	-34.2258
21666	-30.2481
21667	-35.9892
21668	-50.4859
21669	-59.7748
21670	-63.2811
21671	-64.2456
21672	-64.0121
21673	-64.554
21674	-65.1992
21675	-66.6074
21676	-67.6387
21677	-68.6586
21678	-70.1384
21679	-70.5795
21680	-71.3843
21681	-71.2978
21682	-71.3011
21683	-72.2051
21684	-71.5517
21685	-72.1811
21686	-72.4675
21687	-72.0081
21688	-73.105
21689	-72.4166
21690	-70.1563
21691	-65.1176
21692	-62.349
21693	-67.8591
21694	-72.4927
21695	-71.9874
21696	-71.2217
21697	-69.6144
21698	-69.0794
21699	-69.1124
21700	-68.7265
21701	-68.9569
21702	-69.2361
21703	-71.5431
21704	-70.2368
21705	-67.0093
21706	-66.014
21707	-64.1522
21708	-61.8404
21709	-60.4704
21710	-60.9483
21711	-63.5443
21712	-66.3962
21713	-67.4323
21714	-65.5148
21715	-55.6372
21716	-51.7467
21717	-56.6342
21718	-66.9044
21719	-67.5515
21720	-67.6948
21721	-68.0418
21722	-66.6104
21723	-67.6129
21724	-69.1861
21725	-66.9473
21726	-64.2975
21727	-65.4108
21728	-68.1665
21729	-68.8557
21730	-67.8913
21731	-68.5947
21732	-69.6112
21733	-70.1721
21734	-70.2761
21735	-70.0305
21736	-70.5428
21737	-69.6198
21738	-65.8614
21739	-60.3336
21740	-57.2509
21741	-59.4289
21742	-65.0061
21743	-68.894
21744	-69.9649
21745	-68.8437
21746	-68.5243
21747	-68.2774
21748	-67.79
21749	-67.9111
21750	-68.2931
21751	-70.1691
21752	-70.7378
21753	-72.5943
21754	-73.4288
21755	-72.8208
21756	-69.1191
21757	-64.4989
21758	-64.656
21759	-68.2983
21760	-70.7784
21761	-71.4479
21762	-71.9821
21763	-70.5281
21764	-69.2069
21765	-69.1851
21766	-70.9166
21767	-72.5746
21768	-72.4521
21769	-71.8865
21770	-71.2088
21771	-71.3008
21772	-70.2197
21773	-69.9818
21774	-69.033
21775	-68.9767
21776	-68.0606
21777	-68.67
21778	-68.3383
21779	-68.7499
21780	-67.6814
21781	-63.9407
21782	-62.9925
21783	-62.2026
21784	-63.2739
21785	-65.1758
21786	-65.2651
21787	-61.5151
21788	-54.9135
21789	-47.5912
21790	-43.6648
21791	-46.9047
21792	-53.0953
21793	-59.7038
21794	-64.2905
21795	-65.4299
21796	-65.5076
21797	-65.5652
21798	-66.0652
21799	-67.711
21800	-68.5973
21801	-68.8107
21802	-69.9123
21803	-70.5242
21804	-71.2505
21805	-72.0383
21806	-71.9943
21807	-71.2749
21808	-70.212
21809	-70.3649
21810	-70.7197
21811	-71.5193
21812	-72.6201
21813	-72.1029
21814	-71.4986
21815	-67.8217
21816	-65.5476
21817	-69.7202
21818	-72.8103
21819	-73.0346
21820	-73.0576
21821	-71.7264
21822	-71.3667
21823	-70.5529
21824	-69.8591
21825	-69.4309
21826	-69.1637
21827	-69.873
21828	-69.315
21829	-70.0577
21830	-69.3951
21831	-70.2608
21832	-69.7604
21833	-69.6475
21834	-70.3789
21835	-70.7261
21836	-71.6727
21837	-70.1951
21838	-65.9333
21839	-61.6379
21840	-58.9918
21841	-60.7116
21842	-65.8876
21843	-68.7273
21844	-69.0758
21845	-67.196
21846	-64.1068
21847	-61.7797
21848	-63.5254
21849	-66.3553
21850	-64.4086
21851	-63.6832
21852	-65.0442
21853	-66.7805
21854	-65.6213
21855	-64.5009
21856	-57.6608
21857	-51.4743
21858	-52.1916
21859	-60.2219
21860	-67.0184
21861	-66.9491
21862	-64.3806
21863	-60.9543
21864	-59.0064
21865	-60.1399
21866	-63.2154
21867	-65.1311
21868	-65.6541
21869	-68.0997
21870	-69.669
21871	-69.1734
21872	-68.6968
21873	-68.945
21874	-68.6732
21875	-69.5724
21876	-69.2714
21877	-71.3697
21878	-71.7998
21879	-72.5955
21880	-71.6322
21881	-66.4974
21882	-66.3925
21883	-71.2384
21884	-72.8021
21885	-73.4435
21886	-73.0595
21887	-72.4978
21888	-72.2717
21889	-71.7179
21890	-71.8852
21891	-71.9305
21892	-70.5847
21893	-70.503
21894	-69.933
21895	-69.0145
21896	-67.3984
21897	-66.4318
21898	-66.0888
21899	-64.6831
21900	-63.332
21901	-62.3022
21902	-62.4496
21903	-61.9476
21904	-58.1462
21905	-51.5461
21906	-41.1828
21907	-33.7327
21908	-34.1742
21909	-43.7488
21910	-54.1273
21911	-57.9777
21912	-55.052
21913	-50.5231
21914	-48.9226
21915	-49.7656
21916	-53.111
21917	-58.1032
21918	-61.5251
21919	-64.2568
21920	-65.8031
21921	-66.9498
21922	-67.6858
21923	-69.0085
21924	-70.1021
21925	-69.6574
21926	-69.2418
21927	-70.6062
21928	-71.2224
21929	-71.9914
21930	-72.0474
21931	-72.428
21932	-71.7772
21933	-71.6699
21934	-71.9299
21935	-72.9204
21936	-72.642
21937	-72.2293
21938	-71.407
21939	-68.6207
21940	-67.6766
21941	-69.6075
21942	-71.2793
21943	-72.5551
21944	-71.9558
21945	-70.989
21946	-68.1653
21947	-66.1649
21948	-66.2894
21949	-67.7679
21950	-67.7793
21951	-67.4313
21952	-68.7996
21953	-68.9681
21954	-68.1806
21955	-66.0888
21956	-57.9777
21957	-52.079
21958	-52.7342
21959	-60.7064
21960	-67.5426
21961	-66.4542
21962	-62.8262
21963	-59.8713
21964	-58.7083
21965	-59.388
21966	-62.2177
21967	-62.5015
21968	-61.7293
21969	-65.1834
21970	-65.5109
21971	-62.6871
21972	-64.3308
21973	-64.1187
21974	-64.0365
21975	-64.1186
21976	-63.3199
21977	-65.4212
21978	-68.1717
21979	-69.302
21980	-64.3843
21981	-56.4332
21982	-56.9954
21983	-66.4037
21984	-70.8151
21985	-69.8632
21986	-69.9823
21987	-69.3419
21988	-68.7182
21989	-68.45
21990	-68.5222
21991	-68.5165
21992	-68.4792
21993	-71.0785
21994	-72.6194
21995	-71.7908
21996	-71.601
21997	-70.6617
21998	-70.9707
21999	-71.3352
22000	-71.7751
22001	-72.276
22002	-72.41
22003	-72.763
22004	-71.5051
22005	-66.7665
22006	-66.3178
22007	-69.3374
22008	-71.8458
22009	-73.3426
22010	-72.5878
22011	-71.8124
22012	-71.1875
22013	-71.1247
22014	-70.8034
22015	-71.7517
22016	-71.6277
22017	-71.0912
22018	-70.3701
22019	-69.7861
22020	-67.4994
22021	-65.3053
22022	-62.6224
22023	-59.8046
22024	-58.8226
22025	-58.781
22026	-59.8542
22027	-61.4008
22028	-61.966
22029	-53.9402
22030	-31.2395
22031	-21.9631
22032	-22.3522
22033	-32.5488
22034	-57.4431
22035	-64.7416
22036	-65.002
22037	-64.0022
22038	-63.1691
22039	-63.6553
22040	-63.4652
22041	-66.0427
22042	-68.0469
22043	-70.1448
22044	-71.3726
22045	-71.3364
22046	-71.3442
22047	-70.9021
22048	-71.6767
22049	-71.7818
22050	-71.5229
22051	-72.1313
22052	-72.2287
22053	-72.7497
22054	-72.982
22055	-70.9499
22056	-67.7628
22057	-64.9094
22058	-65.7384
22059	-70.6538
22060	-71.8453
22061	-71.3549
22062	-69.9553
22063	-68.5736
22064	-68.6857
22065	-68.8967
22066	-69.3665
22067	-71.1889
22068	-72.7476
22069	-72.0262
22070	-70.0596
22071	-67.0857
22072	-66.1407
22073	-65.606
22074	-64.7724
22075	-64.3144
22076	-65.403
22077	-67.1469
22078	-68.3303
22079	-69.0858
22080	-62.3148
22081	-53.9328
22082	-54.4649
22083	-64.6908
22084	-70.3993
22085	-69.5985
22086	-69.1105
22087	-68.1241
22088	-68.6987
22089	-69.8468
22090	-69.414
22091	-67.4744
22092	-66.4216
22093	-69.8293
22094	-67.0076
22095	-63.0528
22096	-65.7727
22097	-67.2312
22098	-67.0385
22099	-66.507
22100	-66.3626
22101	-67.6822
22102	-69.3039
22103	-69.687
22104	-60.9728
22105	-52.1055
22106	-51.6758
22107	-59.4537
22108	-67.7878
22109	-69.0534
22110	-67.8106
22111	-66.3835
22112	-65.5097
22113	-65.822
22114	-66.088
22115	-65.3872
22116	-65.7737
22117	-68.8055
22118	-72.0634
22119	-73.0733
22120	-71.8089
22121	-69.5743
22122	-68.1487
22123	-66.6253
22124	-67.565
22125	-69.3997
22126	-70.9847
22127	-71.388
22128	-70.4065
22129	-67.8359
22130	-67.0747
22131	-68.7464
22132	-71.5815
22133	-72.929
22134	-72.5953
22135	-72.1044
22136	-71.4388
22137	-70.5074
22138	-71.1384
22139	-70.5882
22140	-70.1139
22141	-69.8227
22142	-70.0142
22143	-69.4288
22144	-68.2506
22145	-66.6089
22146	-64.5703
22147	-62.1938
22148	-60.9186
22149	-59.9943
22150	-61.044
22151	-62.7816
22152	-61.4222
22153	-55.6459
22154	-39.8007
22155	-30.1986
22156	-30.0231
22157	-39.5889
22158	-53.6159
22159	-59.4628
22160	-61.6616
22161	-61.0046
22162	-60.5635
22163	-60.9448
22164	-61.8423
22165	-64.237
22166	-65.3547
22167	-66.9925
22168	-69.3891
22169	-69.9043
22170	-70.7013
22171	-71.5107
22172	-71.6172
22173	-70.7286
22174	-70.5486
22175	-71.1414
22176	-71.2971
22177	-72.3809
22178	-73.4065
22179	-72.7116
22180	-71.145
22181	-68.5021
22182	-69.2168
22183	-72.5592
22184	-72.6235
22185	-72.0714
22186	-72.047
22187	-71.6788
22188	-70.9837
22189	-70.7439
22190	-70.2718
22191	-70.684
22192	-70.8378
22193	-71.1025
22194	-69.4017
22195	-66.7897
22196	-68.0221
22197	-68.6893
22198	-68.5932
22199	-68.5759
22200	-69.6628
22201	-70.599
22202	-70.4386
22203	-69.7057
22204	-61.9408
22205	-52.9872
22206	-52.695
22207	-60.318
22208	-67.6812
22209	-68.144
22210	-66.0638
22211	-62.7889
22212	-63.5818
22213	-63.6966
22214	-64.0894
22215	-62.7675
22216	-60.9882
22217	-63.2255
22218	-66.5767
22219	-64.4455
22220	-63.2954
22221	-61.7195
22222	-56.9476
22223	-55.6855
22224	-58.8301
22225	-62.419
22226	-67.3379
22227	-67.0859
22228	-62.0967
22229	-57.1246
22230	-55.9571
22231	-60.642
22232	-65.8553
22233	-66.9655
22234	-68.8701
22235	-68.5627
22236	-68.3342
22237	-68.6754
22238	-68.9307
22239	-68.0429
22240	-68.3759
22241	-69.2244
22242	-71.1541
22243	-71.7359
22244	-72.8523
22245	-72.3455
22246	-70.82
22247	-69.1621
22248	-70.6546
22249	-72.8234
22250	-73.3362
22251	-73.2333
22252	-72.6346
22253	-71.6259
22254	-71.5168
22255	-71.3924
22256	-72.0224
22257	-71.526
22258	-71.0157
22259	-70.8238
22260	-70.2164
22261	-68.6885
22262	-68.6982
22263	-68.8333
22264	-67.9094
22265	-66.4957
22266	-65.5444
22267	-64.8958
22268	-63.4232
22269	-60.9149
22270	-56.5587
22271	-49.9683
22272	-45.1704
22273	-43.4258
22274	-46.7362
22275	-52.5599
22276	-58.179
22277	-56.08
22278	-48.2419
22279	-42.1213
22280	-41.253
22281	-47.1353
22282	-53.9389
22283	-59.869
22284	-63.1629
22285	-64.1464
22286	-65.1591
22287	-65.8087
22288	-66.8424
22289	-67.9359
22290	-68.4522
22291	-68.976
22292	-69.7527
22293	-70.7658
22294	-71.6059
22295	-71.8255
22296	-72.0393
22297	-71.7147
22298	-71.6266
22299	-71.8366
22300	-72.5296
22301	-72.6103
22302	-72.4692
22303	-72.1027
22304	-69.1414
22305	-64.457
22306	-64.7766
22307	-70.4597
22308	-72.8772
22309	-72.1708
22310	-71.3366
22311	-69.1751
22312	-68.7044
22313	-67.986
22314	-67.991
22315	-68.0202
22316	-68.4976
22317	-69.1697
22318	-68.8451
22319	-67.7712
22320	-65.5462
22321	-62.4638
22322	-57.3354
22323	-55.8541
22324	-58.9006
22325	-63.3599
22326	-67.1001
22327	-65.6942
22328	-60.9844
22329	-55.9832
22330	-54.8583
22331	-59.8675
22332	-64.5124
22333	-64.1957
22334	-66.1907
22335	-66.0964
22336	-65.2128
22337	-66.4772
22338	-66.7593
22339	-65.4246
22340	-64.6657
22341	-65.3984
22342	-66.8929
22343	-68.7599
22344	-69.4161
22345	-69.4758
22346	-67.5468
22347	-65.616
22348	-67.9369
22349	-70.2395
22350	-70.1245
22351	-69.3393
22352	-66.8801
22353	-64.3033
22354	-63.7696
22355	-65.2328
22356	-67.5249
22357	-69.101
22358	-70.1354
22359	-71.0695
22360	-70.5548
22361	-69.6494
22362	-69.4637
22363	-69.8634
22364	-70.6918
22365	-70.6232
22366	-71.7935
22367	-72.4231
22368	-72.6674
22369	-73.0909
22370	-67.6616
22371	-62.7541
22372	-65.81
22373	-70.235
22374	-72.2715
22375	-73.2428
22376	-71.9988
22377	-70.9717
22378	-71.0725
22379	-71.1606
22380	-71.5795
22381	-72.3559
22382	-72.0438
22383	-71.4695
22384	-71.0644
22385	-69.8918
22386	-68.9297
22387	-67.7576
22388	-66.4508
22389	-64.6356
22390	-64.7969
22391	-64.6356
22392	-65.5418
22393	-66.3583
22394	-63.8599
22395	-57.4551
22396	-48.9223
22397	-45.1297
22398	-49.5446
22399	-60.1158
22400	-66.4642
22401	-63.5001
22402	-59.717
22403	-56.9221
22404	-55.4107
22405	-56.434
22406	-59.8225
22407	-65.0083
22408	-68.0622
22409	-69.1714
22410	-69.7985
22411	-69.4386
22412	-70.3367
22413	-70.1618
22414	-70.8643
22415	-70.9007
22416	-71.4577
22417	-71.7904
22418	-71.8146
22419	-72.5147
22420	-72.7337
22421	-69.9776
22422	-68.031
22423	-67.847
22424	-70.0655
22425	-71.5712
22426	-71.4806
22427	-71.2818
22428	-69.2684
22429	-67.0628
22430	-66.9885
22431	-69.5266
22432	-72.0716
22433	-74.2823
22434	-73.0997
22435	-71.3442
22436	-70.5315
22437	-68.732
22438	-68.1041
22439	-67.4501
22440	-67.3987
22441	-67.5046
22442	-68.2091
22443	-69.6438
22444	-69.4335
22445	-68.0302
22446	-63.1979
22447	-60.5365
22448	-64.3606
22449	-69.8813
22450	-70.7786
22451	-69.3251
22452	-67.4115
22453	-65.8223
22454	-65.6507
22455	-66.3131
22456	-68.0599
22457	-68.8082
22458	-69.542
22459	-68.6809
22460	-62.1782
22461	-60.9171
22462	-65.1686
22463	-66.3719
22464	-65.5942
22465	-65.0198
22466	-66.1564
22467	-67.5435
22468	-67.7233
22469	-66.6773
22470	-53.3829
22471	-48.2791
22472	-52.3924
22473	-65.9675
22474	-68.2339
22475	-66.9183
22476	-64.6643
22477	-63.0922
22478	-62.8342
22479	-63.4877
22480	-64.4597
22481	-63.9844
22482	-65.3402
22483	-70.364
22484	-71.5403
22485	-70.2815
22486	-69.1634
22487	-68.6409
22488	-69.0018
22489	-68.3807
22490	-69.3101
22491	-70.8716
22492	-71.4764
22493	-71.8255
22494	-69.041
22495	-65.1451
22496	-67.2454
22497	-70.8608
22498	-72.78
22499	-73.3477
22500	-72.6867
22501	-72.6902
22502	-71.5454
22503	-71.1657
22504	-71.7404
22505	-70.8899
22506	-70.1234
22507	-70.4171
22508	-69.3902
22509	-68.7431
22510	-66.3721
22511	-65.5111
22512	-63.6406
22513	-61.7999
22514	-60.759
22515	-60.5891
22516	-61.4249
22517	-60.8457
22518	-57.6458
22519	-37.6448
22520	-20.6105
22521	-15.5315
22522	-19.7327
22523	-35.0586
22524	-56.5771
22525	-58.8263
22526	-57.3044
22527	-55.1903
22528	-55.2872
22529	-55.8233
22530	-58.1874
22531	-61.5741
22532	-63.3568
22533	-66.7722
22534	-67.9532
22535	-68.5168
22536	-69.6104
22537	-71.6019
22538	-70.9472
22539	-70.2899
22540	-70.079
22541	-71.3446
22542	-71.772
22543	-72.4391
22544	-72.8619
22545	-72.8686
22546	-71.4911
22547	-71.0407
22548	-72.1033
22549	-72.7797
22550	-72.2795
22551	-72.1735
22552	-71.478
22553	-69.9736
22554	-70.8184
22555	-70.3923
22556	-70.4639
22557	-71.8602
22558	-71.7874
22559	-70.8855
22560	-66.5826
22561	-64.8177
22562	-67.2097
22563	-67.3779
22564	-67.5173
22565	-67.725
22566	-68.7432
22567	-69.0573
22568	-69.6308
22569	-67.2205
22570	-53.9679
22571	-48.9482
22572	-53.0827
22573	-66.0614
22574	-68.0593
22575	-65.6068
22576	-62.4776
22577	-61.4626
22578	-62.4717
22579	-62.2277
22580	-63.0666
22581	-60.1818
22582	-60.3424
22583	-67.4481
22584	-64.1031
22585	-62.2889
22586	-63.2119
22587	-61.3984
22588	-60.8984
22589	-60.7046
22590	-62.1345
22591	-64.983
22592	-67.7523
22593	-67.9078
22594	-59.0788
22595	-53.8488
22596	-57.0576
22597	-66.6649
22598	-69.288
22599	-69.2758
22600	-69.6415
22601	-69.3162
22602	-68.4476
22603	-69.0764
22604	-68.6295
22605	-67.6087
22606	-68.4846
22607	-71.1224
22608	-72.637
22609	-72.5615
22610	-72.2704
22611	-71.2935
22612	-71.3501
22613	-71.0914
22614	-72.0135
22615	-72.9311
22616	-72.9085
22617	-72.4536
22618	-70.9292
22619	-69.0707
22620	-69.7644
22621	-71.1889
22622	-72.9485
22623	-71.9347
22624	-71.4228
22625	-71.6101
22626	-70.2959
22627	-70.0593
22628	-70.4708
22629	-71.1371
22630	-69.7722
22631	-68.6144
22632	-68.0934
22633	-66.7325
22634	-64.5194
22635	-61.2555
22636	-56.5842
22637	-53.1755
22638	-51.8409
22639	-52.3401
22640	-55.1963
22641	-58.4532
22642	-59.5622
22643	-51.0415
22644	-36.2297
22645	-30.631
22646	-34.6404
22647	-47.956
22648	-59.2238
22649	-63.5747
22650	-64.5237
22651	-64.3102
22652	-64.4066
22653	-65.197
22654	-66.3168
22655	-67.5099
22656	-68.4645
22657	-70.1693
22658	-70.473
22659	-71.457
22660	-71.4102
22661	-71.179
22662	-72.2886
22663	-71.5775
22664	-71.9696
22665	-72.6843
22666	-71.9555
22667	-72.9265
22668	-72.5723
22669	-70.2731
22670	-66.171
22671	-62.1135
22672	-66.0726
22673	-72.3416
22674	-72.3267
22675	-71.3858
22676	-70.167
22677	-69.0161
22678	-69.2723
22679	-68.695
22680	-69.0456
22681	-69.1519
22682	-71.3525
22683	-70.91
22684	-67.6768
22685	-66.1764
22686	-64.5242
22687	-62.1269
22688	-60.7708
22689	-60.9295
22690	-63.1855
22691	-66.0115
22692	-67.3378
22693	-66.922
22694	-57.6344
22695	-52.1548
22696	-55.6325
22697	-65.6528
22698	-67.7574
22699	-67.6542
22700	-68.1606
22701	-66.9181
22702	-67.4057
22703	-69.0421
22704	-67.9462
22705	-64.9441
22706	-65.2798
22707	-67.7887
22708	-68.6631
22709	-67.5553
22710	-68.1057
22711	-69.1306
22712	-69.3942
22713	-69.3272
22714	-69.3899
22715	-69.994
22716	-70.1787
22717	-66.4991
22718	-60.8033
22719	-57.1072
22720	-58.2361
22721	-63.6742
22722	-68.3815
22723	-69.9465
22724	-69.13
22725	-68.4399
22726	-68.3221
22727	-67.5835
22728	-67.8997
22729	-68.0792
22730	-69.6955
22731	-70.414
22732	-72.3535
22733	-73.0659
22734	-72.8648
22735	-69.9819
22736	-65.0369
22737	-64.1945
22738	-67.8326
22739	-70.4431
22740	-71.1722
22741	-72.014
22742	-70.8318
22743	-69.4345
22744	-69.1697
22745	-70.427
22746	-72.4662
22747	-72.5158
22748	-72.0462
22749	-71.1571
22750	-71.0949
22751	-70.1907
22752	-70.0178
22753	-69.0962
22754	-69.2244
22755	-68.1318
22756	-68.6235
22757	-68.2493
22758	-68.4581
22759	-68.1774
22760	-64.7674
22761	-63.0132
22762	-62.2701
22763	-62.7896
22764	-64.7632
22765	-65.0861
22766	-62.3939
22767	-55.6644
22768	-48.098
22769	-43.1707
22770	-45.2501
22771	-51.3216
22772	-58.4007
22773	-63.2487
22774	-65.135
22775	-65.3262
22776	-65.5244
22777	-65.7887
22778	-67.3581
22779	-68.4418
22780	-68.5947
22781	-69.4519
22782	-70.5389
22783	-71.1546
22784	-71.863
22785	-72.016
22786	-71.4482
22787	-70.4212
22788	-70.5167
22789	-70.7077
22790	-71.2921
22791	-72.5099
22792	-72.1966
22793	-71.9067
22794	-69.0422
22795	-65.843
22796	-68.9568
22797	-72.6156
22798	-72.957
22799	-73.0799
22800	-72.0256
22801	-71.223
22802	-70.5667
22803	-69.9616
22804	-69.6169
22805	-69.2236
22806	-69.9629
22807	-69.2426
22808	-70.1591
22809	-69.2832
22810	-70.2483
22811	-70.4707
22812	-70.4923
22813	-71.2921
22814	-71.2938
22815	-71.7808
22816	-70.493
22817	-66.3469
22818	-61.8194
22819	-58.6252
22820	-59.4578
22821	-64.5323
22822	-68.0814
22823	-69.015
22824	-67.5646
22825	-64.4863
22826	-61.8658
22827	-62.8403
22828	-66.3214
22829	-64.4778
22830	-63.5481
22831	-64.3956
22832	-66.9114
22833	-65.8026
22834	-64.6379
22835	-59.1047
22836	-52.0242
22837	-51.4276
22838	-58.6569
22839	-66.1036
22840	-67.3808
22841	-65.0897
22842	-61.8809
22843	-59.2158
22844	-59.8026
22845	-62.7505
22846	-65.1067
22847	-65.4501
22848	-67.5483
22849	-69.3324
22850	-69.3722
22851	-68.7737
22852	-69.0039
22853	-68.7681
22854	-69.6184
22855	-69.239
22856	-71.0892
22857	-71.7619
22858	-72.4884
22859	-72.2826
22860	-67.7293
22861	-66.2895
22862	-70.8363
22863	-73.0226
22864	-73.3007
22865	-73.127
22866	-72.6447
22867	-72.1053
22868	-71.977
22869	-71.5357
22870	-72.2335
22871	-70.8128
22872	-70.373
22873	-69.9162
22874	-69.1712
22875	-67.664
22876	-66.5327
22877	-66.2987
22878	-64.9344
22879	-63.2402
22880	-62.4012
22881	-62.3903
22882	-62.1027
22883	-58.8837
22884	-52.9832
22885	-43.2149
22886	-34.4225
22887	-33.4282
22888	-41.7178
22889	-52.8153
22890	-58.1477
22891	-55.8232
22892	-51.3279
22893	-49.1696
22894	-49.3867
22895	-52.4708
22896	-57.0458
22897	-61.1444
22898	-63.9173
22899	-65.4569
22900	-66.7517
22901	-67.5986
22902	-68.6808
22903	-70.0731
22904	-69.7315
22905	-69.2195
22906	-70.3827
22907	-71.1525
22908	-72.0376
22909	-72.0927
22910	-72.3554
22911	-71.7784
22912	-71.4806
22913	-71.7606
22914	-72.5692
22915	-72.729
22916	-72.3839
22917	-71.4959
22918	-68.7833
22919	-67.4205
22920	-68.951
22921	-70.999
22922	-72.407
22923	-72.1301
22924	-71.1577
22925	-68.5379
22926	-66.3295
22927	-66.0324
22928	-67.3849
22929	-67.7032
22930	-67.4099
22931	-68.3413
22932	-68.8756
22933	-68.2863
22934	-66.6448
22935	-59.3441
22936	-52.4894
22937	-51.8901
22938	-59.0222
22939	-66.4101
22940	-67.1338
22941	-63.5666
22942	-60.3432
22943	-58.9801
22944	-59.0864
22945	-61.4144
22946	-62.9634
22947	-61.6536
22948	-64.5358
22949	-65.893
22950	-63.355
22951	-64.4654
22952	-64.6326
22953	-64.1033
22954	-64.4296
22955	-63.3702
22956	-65.1252
22957	-67.8328
22958	-69.2573
22959	-66.8536
22960	-58.2747
22961	-57.2914
22962	-65.2241
22963	-70.9043
22964	-69.8383
22965	-69.6467
22966	-69.1223
22967	-68.2797
22968	-68.2239
22969	-68.3063
22970	-68.5276
22971	-68.5323
22972	-70.6812
22973	-72.8054
22974	-71.8799
22975	-71.8609
22976	-70.5625
22977	-70.595
22978	-71.2653
22979	-71.6772
22980	-71.9569
22981	-72.4619
22982	-72.5992
22983	-72.0671
22984	-67.0777
22985	-65.4615
22986	-68.7965
22987	-71.4264
22988	-73.1789
22989	-73.0232
22990	-71.7764
22991	-71.412
22992	-71.5205
22993	-70.8998
22994	-71.7869
22995	-71.7332
22996	-71.5114
22997	-70.5648
22998	-70.1331
22999	-68.2319
23000	-65.7216
23001	-63.3579
23002	-60.3942
23003	-59.0289
23004	-59.0714
23005	-59.6592
23006	-61.3823
23007	-62.8462
23008	-58.5538
23009	-35.3606
23010	-24.0765
23011	-22.8597
23012	-31.1471
23013	-53.0163
23014	-64.9374
23015	-65.1746
23016	-64.1
23017	-62.7806
23018	-63.3163
23019	-62.9223
23020	-65.3169
23021	-67.8204
23022	-69.898
23023	-71.2385
23024	-71.4202
23025	-71.4812
23026	-70.957
23027	-71.5891
23028	-71.6486
23029	-71.6291
23030	-72.1696
23031	-72.2549
23032	-72.5127
23033	-73.3987
23034	-71.5477
23035	-68.2935
23036	-65.2521
23037	-65.0523
23038	-69.721
23039	-72.0123
23040	-71.8474
23041	-70.3078
23042	-69.0907
23043	-68.3977
23044	-68.9869
23045	-69.2435
23046	-70.9299
23047	-72.5763
23048	-72.5141
23049	-70.5513
23050	-67.7942
23051	-66.3679
23052	-65.7535
23053	-64.8353
23054	-64.5178
23055	-65.3961
23056	-66.8388
23057	-68.0915
23058	-69.0371
23059	-64.9492
23060	-55.4655
23061	-54.4318
23062	-62.7891
23063	-70.6473
23064	-69.7335
23065	-69.3669
23066	-68.202
23067	-68.2968
23068	-69.6237
23069	-69.5186
23070	-67.938
23071	-66.6649
23072	-69.4273
23073	-67.7613
23074	-62.8368
23075	-64.8224
23076	-66.9381
23077	-66.3954
23078	-65.8252
23079	-65.8089
23080	-67.0928
23081	-68.9217
23082	-69.6935
23083	-62.832
23084	-52.7083
23085	-50.7193
23086	-57.4427
23087	-66.7915
23088	-68.9739
23089	-68.1589
23090	-66.6007
23091	-65.3865
23092	-65.9548
23093	-66.0175
23094	-65.5353
23095	-65.2293
23096	-68.2684
23097	-71.4547
23098	-72.8892
23099	-72.2193
23100	-69.9403
23101	-68.332
23102	-66.8392
23103	-67.1968
23104	-69.0574
23105	-70.6547
23106	-71.343
23107	-70.7218
23108	-68.3576
23109	-67.0642
23110	-68.4163
23111	-71.1004
23112	-72.709
23113	-72.6336
23114	-72.273
23115	-71.5464
23116	-70.5716
23117	-70.9531
23118	-70.715
23119	-70.1761
23120	-69.9412
23121	-69.7014
23122	-69.1585
23123	-68.2655
23124	-66.5547
23125	-64.4664
23126	-61.8766
23127	-60.5017
23128	-59.3731
23129	-59.9312
23130	-62.2581
23131	-61.1567
23132	-57.0719
23133	-42.185
23134	-30.7414
23135	-28.8785
23136	-36.945
23137	-51.2434
23138	-58.5378
23139	-61.258
23140	-60.8597
23141	-60.3677
23142	-60.6989
23143	-61.3931
23144	-63.8791
23145	-65.2655
23146	-66.4309
23147	-68.8322
23148	-69.9266
23149	-70.4706
23150	-71.2573
23151	-71.6891
23152	-70.7096
23153	-70.4839
23154	-71.1797
23155	-71.2486
23156	-72.2467
23157	-73.2492
23158	-72.8962
23159	-71.7993
23160	-69.3726
23161	-69.2665
23162	-72.2083
23163	-72.8151
23164	-72.1603
23165	-72.141
23166	-71.7651
23167	-71.3041
23168	-70.7856
23169	-70.2364
23170	-70.7723
23171	-70.8757
23172	-71.0871
23173	-69.8221
23174	-66.7062
23175	-67.3875
23176	-68.4973
23177	-68.1623
23178	-67.9635
23179	-68.9407
23180	-70.1815
23181	-70.4355
23182	-70.1417
23183	-63.5169
23184	-53.5235
23185	-51.6647
23186	-58.1988
23187	-66.9632
23188	-68.1687
23189	-66.4662
23190	-63.0794
23191	-63.0363
23192	-63.5322
23193	-63.8231
23194	-63.3378
23195	-60.7351
23196	-62.5859
23197	-66.1514
23198	-65.1327
23199	-63.3717
23200	-62.6037
23201	-57.8146
23202	-55.53
23203	-58.1384
23204	-61.7949
23205	-66.6649
23206	-67.8871
23207	-63.3135
23208	-58.0297
23209	-56.0038
23210	-59.7355
23211	-65.606
23212	-66.6585
23213	-68.6781
23214	-68.6695
23215	-68.3599
23216	-68.6993
23217	-68.9063
23218	-68.2303
23219	-68.3468
23220	-69.2595
23221	-70.8906
23222	-71.7794
23223	-72.7128
23224	-72.5628
23225	-71.2708
23226	-69.6391
23227	-70.679
23228	-72.8931
23229	-73.2622
23230	-73.3352
23231	-72.7213
23232	-71.673
23233	-71.2768
23234	-71.4973
23235	-72.0209
23236	-71.8025
23237	-70.9779
23238	-70.7668
23239	-70.2514
23240	-69.0322
23241	-68.5707
23242	-69.0716
23243	-68.2462
23244	-66.6387
23245	-65.6619
23246	-65.3623
23247	-63.8599
23248	-61.5238
23249	-57.4066
23250	-51.1581
23251	-46.0469
23252	-43.4619
23253	-45.8989
23254	-51.4758
23255	-57.1187
23256	-57.2273
23257	-49.9339
23258	-43.2496
23259	-41.0441
23260	-46.1132
23261	-53.0335
23262	-59.2405
23263	-62.8932
23264	-64.1001
23265	-65.1283
23266	-65.7309
23267	-66.5404
23268	-67.991
23269	-68.4726
23270	-69.0555
23271	-69.5262
23272	-70.6352
23273	-71.5468
23274	-71.8121
23275	-71.9617
23276	-71.9934
23277	-71.4291
23278	-71.9959
23279	-72.3166
23280	-72.2928
23281	-72.4873
23282	-72.113
23283	-69.7994
23284	-64.806
23285	-63.9715
23286	-69.3829
23287	-72.7415
23288	-72.3263
23289	-71.5978
23290	-69.52
23291	-68.7954
23292	-68.2055
23293	-67.9467
23294	-68.0781
23295	-68.22
23296	-69.0899
23297	-69.0841
23298	-68.1196
23299	-66.0118
23300	-63.4897
23301	-57.9937
23302	-55.7087
23303	-58.3392
23304	-62.6168
23305	-66.5952
23306	-66.6025
23307	-62.1549
23308	-57.0086
23309	-54.7972
23310	-59.1539
23311	-64.6292
23312	-64.2045
23313	-66.1609
23314	-66.5206
23315	-65.4541
23316	-66.9252
23317	-66.8085
23318	-66.0122
23319	-64.6411
23320	-65.3681
23321	-66.5982
23322	-68.6125
23323	-69.2422
23324	-69.747
23325	-69.3533
23326	-67.7175
23327	-69.099
23328	-70.3769
23329	-70.1948
23330	-69.343
23331	-67.007
23332	-64.0634
23333	-62.9992
23334	-64.3711
23335	-66.7641
23336	-68.6779
23337	-69.9841
23338	-71.2078
23339	-70.7801
23340	-69.7048
23341	-69.3759
23342	-69.6719
23343	-70.4352
23344	-70.5647
23345	-71.4681
23346	-72.5073
23347	-72.6166
23348	-73.1328
23349	-69.0484
23350	-62.8281
23351	-64.5267
23352	-69.8074
23353	-71.7125
23354	-73.1206
23355	-72.1047
23356	-71.1359
23357	-70.9974
23358	-70.9444
23359	-71.3072
23360	-72.4837
23361	-72.0328
23362	-71.6325
23363	-71.1575
23364	-70.5404
23365	-69.2599
23366	-68.3893
23367	-66.8702
23368	-64.858
23369	-65.0219
23370	-64.7055
23371	-65.6938
23372	-66.5945
23373	-65.4877
23374	-59.6895
23375	-52.1864
23376	-47.2373
23377	-50.1336
23378	-60.1184
23379	-66.1849
23380	-63.8077
23381	-59.7035
23382	-56.4138
23383	-54.5802
23384	-55.6023
23385	-58.2745
23386	-63.7976
23387	-67.3993
23388	-68.935
23389	-69.5151
23390	-69.3266
23391	-70.2138
23392	-70.2493
23393	-70.7363
23394	-70.8509
23395	-71.2658
23396	-71.7354
23397	-71.8807
23398	-72.1533
23399	-73.0785
23400	-70.5672
23401	-68.2442
23402	-67.9385
23403	-69.7028
23404	-71.3347
23405	-71.67
23406	-71.4967
23407	-69.816
23408	-67.6645
23409	-66.9857
23410	-69.1334
23411	-71.7356
23412	-73.9768
23413	-73.2973
23414	-71.5748
23415	-70.788
23416	-69.3667
23417	-68.2293
23418	-67.7639
23419	-67.6508
23420	-67.6162
23421	-68.138
23422	-69.6496
23423	-69.5328
23424	-68.8683
23425	-65.1512
23426	-61.8716
23427	-64.5109
23428	-69.9575
23429	-70.8156
23430	-69.5897
23431	-67.0472
23432	-65.4233
23433	-64.8279
23434	-65.4837
23435	-67.5646
23436	-68.6397
23437	-69.4511
23438	-69.4023
23439	-62.9239
23440	-60.2678
23441	-64.1963
23442	-66.082
23443	-65.4234
23444	-64.7242
23445	-65.647
23446	-67.1322
23447	-67.3403
23448	-67.5641
23449	-55.1169
23450	-48.3446
23451	-50.8396
23452	-63.4655
23453	-68.2589
23454	-67.2253
23455	-65.2247
23456	-63.4008
23457	-62.8245
23458	-63.5514
23459	-64.34
23460	-64.2007
23461	-64.6121
23462	-69.4622
23463	-71.4604
23464	-70.5191
23465	-69.3274
23466	-68.6967
23467	-69.2464
23468	-68.4309
23469	-68.9638
23470	-70.6448
23471	-71.4018
23472	-71.8479
23473	-70.155
23474	-65.7523
23475	-66.7632
23476	-70.742
23477	-72.5905
23478	-73.3152
23479	-72.9389
23480	-72.7394
23481	-71.4925
23482	-71.0997
23483	-71.5416
23484	-71.0515
23485	-70.0118
23486	-70.2869
23487	-69.4397
23488	-68.7663
23489	-66.4559
23490	-65.1828
23491	-63.779
23492	-61.7368
23493	-60.8038
23494	-60.0856
23495	-61.2774
23496	-60.7602
23497	-58.2205
23498	-42.7892
23499	-22.7459
23500	-15.9269
23501	-18.4835
23502	-31.5375
23503	-55.6594
23504	-58.6709
23505	-57.5686
23506	-55.6447
23507	-55.1846
23508	-55.6284
23509	-57.605
23510	-61.0887
23511	-62.861
23512	-65.9674
23513	-67.7073
23514	-68.4217
23515	-69.2504
23516	-71.1866
23517	-70.9819
23518	-70.4259
23519	-70.0207
23520	-71.313
23521	-71.8155
23522	-72.3494
23523	-72.6639
23524	-73.1798
23525	-71.8272
23526	-71.3157
23527	-71.9639
23528	-72.7579
23529	-72.1736
23530	-72.3178
23531	-71.6014
23532	-70.038
23533	-70.4587
23534	-70.4555
23535	-70.1494
23536	-71.6651
23537	-71.8258
23538	-71.1136
23539	-67.2612
23540	-64.4049
23541	-66.5742
23542	-67.2174
23543	-67.4271
23544	-67.2495
23545	-68.6194
23546	-68.7005
23547	-69.4306
23548	-68.61
23549	-55.6529
23550	-48.9312
23551	-51.4524
23552	-63.5493
23553	-68.1334
23554	-66.1283
23555	-62.8599
23556	-61.4168
23557	-62.2101
23558	-62.2311
23559	-63.2035
23560	-60.8552
23561	-59.6003
23562	-66.083
23563	-65.1884
23564	-62.5119
23565	-63.4115
23566	-61.852
23567	-61.358
23568	-60.9631
23569	-61.9444
23570	-64.2991
23571	-67.6482
23572	-68.4636
23573	-61.3507
23574	-54.7648
23575	-56.5067
23576	-65.4067
23577	-69.4587
23578	-69.3612
23579	-69.7026
23580	-69.5223
23581	-68.5017
23582	-69.0694
23583	-69.0218
23584	-68.0092
23585	-68.3646
23586	-70.7945
23587	-72.5812
23588	-72.6867
23589	-72.5297
23590	-71.5602
23591	-71.3135
23592	-71.0325
23593	-71.8439
23594	-72.7813
23595	-72.8252
23596	-72.3998
23597	-71.1559
23598	-68.9991
23599	-69.3041
23600	-70.61
23601	-72.6027
23602	-72.0663
23603	-71.4472
23604	-71.7326
23605	-70.6585
23606	-69.967
23607	-70.407
23608	-71.2746
23609	-70.1695
23610	-68.9583
23611	-68.475
23612	-67.2102
23613	-65.1785
23614	-61.8294
23615	-57.5882
23616	-53.7881
23617	-52.1841
23618	-52.4859
23619	-54.766
23620	-58.0835
23621	-59.9849
23622	-54.299
23623	-38.6303
23624	-31.3597
23625	-33.5243
23626	-45.3856
23627	-58.532
23628	-63.4402
23629	-64.7415
23630	-64.5765
23631	-64.3776
23632	-65.1464
23633	-66.0767
23634	-67.5684
23635	-68.4047
23636	-70.1569
23637	-70.5601
23638	-71.377
23639	-71.6512
23640	-71.2276
23641	-72.1365
23642	-71.5632
23643	-71.9478
23644	-72.6573
23645	-72.0386
23646	-72.9218
23647	-72.9182
23648	-70.5881
23649	-67.3528
23650	-62.1474
23651	-64.6353
23652	-72.1226
23653	-72.3869
23654	-71.6118
23655	-70.5823
23656	-69.1136
23657	-69.3758
23658	-68.7343
23659	-68.9871
23660	-69.2053
23661	-70.7171
23662	-71.2535
23663	-68.5352
23664	-66.4788
23665	-64.9957
23666	-62.621
23667	-61.0947
23668	-60.9082
23669	-62.8478
23670	-65.5878
23671	-67.2296
23672	-67.2926
23673	-59.9075
23674	-52.9006
23675	-54.844
23676	-64.2653
23677	-67.8715
23678	-67.6673
23679	-68.3578
23680	-67.3687
23681	-67.3742
23682	-68.8531
23683	-68.6722
23684	-65.6385
23685	-65.3497
23686	-67.5222
23687	-68.5236
23688	-67.0275
23689	-67.5571
23690	-68.7506
23691	-68.2803
23692	-67.8457
23693	-68.5053
23694	-69.3521
23695	-70.1227
23696	-67.1476
23697	-61.4499
23698	-57.0822
23699	-57.2092
23700	-62.25
23701	-67.5461
23702	-69.7946
23703	-69.4255
23704	-68.2515
23705	-68.3444
23706	-67.4404
23707	-67.7329
23708	-67.7145
23709	-69.2128
23710	-70.1511
23711	-72.1625
23712	-72.8444
23713	-73.048
23714	-70.7223
23715	-65.8245
23716	-63.8861
23717	-67.1303
23718	-69.8275
23719	-71.0012
23720	-72.3189
23721	-71.041
23722	-69.6099
23723	-69.1797
23724	-70.2471
23725	-72.1385
23726	-72.6152
23727	-72.1191
23728	-71.3472
23729	-71.0756
23730	-70.261
23731	-70.2021
23732	-69.1775
23733	-69.2359
23734	-68.2647
23735	-68.609
23736	-68.2667
23737	-68.2304
23738	-68.2365
23739	-65.308
23740	-62.5388
23741	-61.2247
23742	-61.1599
23743	-63.1368
23744	-64.7607
23745	-63.0616
23746	-56.4837
23747	-48.6392
23748	-43.0594
23749	-43.8546
23750	-49.8188
23751	-56.4891
23752	-62.3903
23753	-64.6297
23754	-65.3525
23755	-65.3985
23756	-65.5126
23757	-66.9495
23758	-68.3868
23759	-68.4741
23760	-69.149
23761	-70.4248
23762	-70.8897
23763	-71.589
23764	-72.1618
23765	-71.6447
23766	-70.6592
23767	-70.3187
23768	-70.5468
23769	-71.1866
23770	-72.3842
23771	-72.2441
23772	-72.1439
23773	-70.3424
23774	-66.3666
23775	-68.2515
23776	-72.3888
23777	-72.9291
23778	-73.1413
23779	-72.3167
23780	-71.2849
23781	-70.7003
23782	-70.0359
23783	-69.8672
23784	-69.149
23785	-69.8856
23786	-69.3027
23787	-70.0957
23788	-69.1265
23789	-69.7921
23790	-70.8102
23791	-70.6406
23792	-71.422
23793	-71.8055
23794	-71.6924
23795	-70.7148
23796	-66.9536
23797	-62.2212
23798	-58.4437
23799	-58.3078
23800	-63.0345
23801	-67.3882
23802	-68.841
23803	-67.9401
23804	-64.6408
23805	-62.0087
23806	-62.1761
23807	-66.124
23808	-64.2295
23809	-63.4605
23810	-63.7829
23811	-66.5861
23812	-65.8974
23813	-64.8427
23814	-60.5926
23815	-52.7787
23816	-51.0151
23817	-57.0363
23818	-65.0157
23819	-67.8505
23820	-65.7476
23821	-62.9027
23822	-59.6231
23823	-59.5485
23824	-62.3355
23825	-64.9329
23826	-65.3065
23827	-67.0132
23828	-68.9307
23829	-69.6979
23830	-68.7802
23831	-68.8558
23832	-68.8471
23833	-69.2813
23834	-69.3288
23835	-70.7509
23836	-71.7655
23837	-72.4568
23838	-72.7126
23839	-69.2373
23840	-66.4936
23841	-70.2624
23842	-72.7988
23843	-73.2597
23844	-73.2934
23845	-72.6154
23846	-72.1939
23847	-72.0068
23848	-71.457
23849	-72.1155
23850	-71.0937
23851	-70.4578
23852	-69.9597
23853	-69.32
23854	-67.7608
23855	-66.746
23856	-66.2017
23857	-65.0726
23858	-63.3201
23859	-62.7086
23860	-62.2763
23861	-62.1193
23862	-59.5632
23863	-54.2934
23864	-45.1968
23865	-35.4754
23866	-33.0154
23867	-39.61
23868	-51.0808
23869	-57.8195
23870	-56.5751
23871	-52.2594
23872	-49.502
23873	-49.1908
23874	-51.9209
23875	-56.2979
23876	-60.6467
23877	-63.4441
23878	-65.3018
23879	-66.7046
23880	-67.5472
23881	-68.5535
23882	-69.8504
23883	-69.8566
23884	-69.3431
23885	-70.0256
23886	-70.9646
23887	-71.9146
23888	-72.2916
23889	-72.2499
23890	-71.9988
23891	-71.4718
23892	-71.7647
23893	-72.4353
23894	-72.6981
23895	-72.0652
23896	-71.3819
23897	-68.9695
23898	-67.2959
23899	-68.2211
23900	-70.4934
23901	-72.0081
23902	-72.1699
23903	-71.4529
23904	-68.9815
23905	-66.4461
23906	-65.8226
23907	-67.0378
23908	-67.6143
23909	-67.3374
23910	-67.9751
23911	-68.8666
23912	-68.4822
23913	-67.0238
23914	-61.0155
23915	-53.1204
23916	-51.3828
23917	-57.4273
23918	-65.1716
23919	-67.6203
23920	-64.3688
23921	-60.7856
23922	-59.2208
23923	-58.8078
23924	-60.9098
23925	-63.2956
23926	-61.6927
23927	-63.6472
23928	-66.0391
23929	-64.2094
23930	-64.5209
23931	-64.9985
23932	-64.1528
23933	-64.8139
23934	-63.6407
23935	-64.8335
23936	-67.5982
23937	-69.1464
23938	-68.6465
23939	-60.5958
23940	-58.0277
23941	-64.4471
23942	-70.8019
23943	-69.9162
23944	-69.4809
23945	-68.9542
23946	-68.0705
23947	-67.9559
23948	-67.9444
23949	-68.3954
23950	-68.6388
23951	-70.2704
23952	-72.7835
23953	-71.8411
23954	-71.8993
23955	-70.502
23956	-70.2732
23957	-71.2618
23958	-71.2811
23959	-71.6767
23960	-72.4617
23961	-72.3709
23962	-72.487
23963	-67.7802
23964	-64.8575
23965	-68.0585
23966	-70.8733
23967	-72.9449
23968	-73.1943
23969	-71.8259
23970	-71.616
23971	-71.5786
23972	-70.9905
23973	-71.4825
23974	-71.8414
23975	-71.7639
23976	-70.7455
23977	-70.4954
23978	-68.8771
23979	-66.295
23980	-64.1704
23981	-60.9744
23982	-59.3553
23983	-59.3297
23984	-59.542
23985	-61.3419
23986	-63.1923
23987	-61.0433
23988	-40.0907
23989	-26.5882
23990	-23.7507
23991	-30.2422
23992	-48.9827
23993	-64.8835
23994	-65.4759
23995	-64.1685
23996	-62.615
23997	-62.6864
23998	-62.493
23999	-64.557
24000	-67.3228
24001	-69.4934
24002	-71.1871
24003	-71.334
24004	-71.5405
24005	-71.1805
24006	-71.4993
24007	-71.72
24008	-71.6836
24009	-72.2526
24010	-72.3267
24011	-72.3971
24012	-73.3617
24013	-72.0666
24014	-68.716
24015	-65.8178
24016	-64.6258
24017	-68.942
24018	-71.9619
24019	-71.9
24020	-70.5058
24021	-69.2736
24022	-68.2582
24023	-69.1246
24024	-69.1103
24025	-70.7725
24026	-72.5093
24027	-73.0236
24028	-70.9978
24029	-68.5522
24030	-66.8149
24031	-66.0786
24032	-65.1046
24033	-64.7915
24034	-65.0284
24035	-66.6667
24036	-67.9663
24037	-69.0848
24038	-67.2286
24039	-57.3753
24040	-54.762
24041	-61.3516
24042	-70.8442
24043	-69.8159
24044	-69.3208
24045	-68.2727
24046	-67.8995
24047	-69.0986
24048	-69.1372
24049	-68.2563
24050	-67.0907
24051	-68.9014
24052	-68.4761
24053	-62.8925
24054	-63.537
24055	-66.5713
24056	-65.8853
24057	-65.3519
24058	-65.0584
24059	-66.5861
24060	-68.2855
24061	-69.441
24062	-64.6458
24063	-53.6423
24064	-50.1025
24065	-55.4484
24066	-65.6379
24067	-68.8566
24068	-68.436
24069	-66.8561
24070	-65.5166
24071	-65.9245
24072	-65.7959
24073	-65.8138
24074	-64.9289
24075	-67.5451
24076	-70.8627
24077	-72.6492
24078	-72.5587
24079	-70.2474
24080	-68.6833
24081	-67.1756
24082	-67.0079
24083	-68.9106
24084	-70.2753
24085	-71.3786
24086	-71.0542
24087	-69.019
24088	-67.2251
24089	-68.1637
24090	-70.731
24091	-72.6004
24092	-72.7475
24093	-72.3558
24094	-71.8238
24095	-70.5938
24096	-70.7635
24097	-70.8994
24098	-70.1762
24099	-69.9302
24100	-69.4521
24101	-69.0599
24102	-68.1758
24103	-66.5531
24104	-64.4857
24105	-61.8263
24106	-59.9919
24107	-58.8211
24108	-58.9529
24109	-61.2403
24110	-61.1851
24111	-58.1667
24112	-45.0016
24113	-31.5272
24114	-28.0658
24115	-34.3732
24116	-48.6711
24117	-57.6866
24118	-60.8693
24119	-60.8396
24120	-60.2832
24121	-60.5367
24122	-61.1355
24123	-63.5188
24124	-64.9638
24125	-65.9121
24126	-68.288
24127	-69.5499
24128	-70.3024
24129	-70.979
24130	-71.7763
24131	-70.7167
24132	-70.6426
24133	-71.1076
24134	-71.1595
24135	-72.0198
24136	-73.1422
24137	-73.0348
24138	-72.4737
24139	-70.0917
24140	-69.3844
24141	-71.9413
24142	-72.954
24143	-72.218
24144	-72.2057
24145	-71.6087
24146	-71.3612
24147	-70.8286
24148	-70.1365
24149	-70.4241
24150	-70.6487
24151	-71.1334
24152	-70.1016
24153	-66.8272
24154	-66.6797
24155	-68.2259
24156	-67.6673
24157	-67.2708
24158	-68.074
24159	-69.5195
24160	-69.9224
24161	-70.0577
24162	-65.0261
24163	-54.3731
24164	-50.9635
24165	-56.2955
24166	-65.8343
24167	-67.8595
24168	-66.7018
24169	-63.559
24170	-62.5506
24171	-63.4688
24172	-63.6422
24173	-63.7981
24174	-60.7572
24175	-61.9726
24176	-65.4215
24177	-65.7699
24178	-63.6165
24179	-63.2056
24180	-58.6485
24181	-55.711
24182	-57.5642
24183	-61.2752
24184	-65.7527
24185	-68.5523
24186	-64.4239
24187	-59.1392
24188	-56.3536
24189	-58.9581
24190	-65.2155
24191	-66.5158
24192	-68.7289
24193	-68.7515
24194	-68.5718
24195	-68.5945
24196	-68.8188
24197	-68.5623
24198	-68.254
24199	-69.1568
24200	-70.5915
24201	-71.8247
24202	-72.5337
24203	-72.8009
24204	-71.7109
24205	-70.0461
24206	-70.6423
24207	-72.7567
24208	-73.206
24209	-73.5462
24210	-72.783
24211	-71.6461
24212	-71.0399
24213	-71.2218
24214	-71.8528
24215	-71.9932
24216	-71.0163
24217	-70.6601
24218	-70.2351
24219	-69.3303
24220	-68.4883
24221	-68.9418
24222	-68.3852
24223	-66.8567
24224	-65.84
24225	-65.7586
24226	-64.3202
24227	-62.1432
24228	-58.2156
24229	-52.17
24230	-47.0219
24231	-43.651
24232	-45.3428
24233	-50.5652
24234	-56.2246
24235	-58.5158
24236	-51.8321
24237	-44.6692
24238	-41.1322
24239	-45.0708
24240	-52.1527
24241	-58.7663
24242	-62.7569
24243	-64.0758
24244	-65.13
24245	-65.8088
24246	-66.6717
24247	-68.0376
24248	-68.5844
24249	-69.2397
24250	-69.5045
24251	-70.3974
24252	-71.3383
24253	-71.8508
24254	-71.901
24255	-72.3334
24256	-71.348
24257	-72.0113
24258	-72.018
24259	-72.2845
24260	-72.7257
24261	-72.1971
24262	-70.3463
24263	-65.4119
24264	-63.4069
24265	-68.2809
24266	-72.7418
24267	-72.5396
24268	-71.7666
24269	-69.9655
24270	-68.7311
24271	-68.3799
24272	-68.0211
24273	-68.1641
24274	-68.0289
24275	-68.9902
24276	-69.0144
24277	-68.3739
24278	-66.3584
24279	-64.0925
24280	-58.938
24281	-55.9132
24282	-57.5575
24283	-61.862
24284	-66.0245
24285	-67.2922
24286	-63.1392
24287	-58.213
24288	-54.9702
24289	-58.2511
24290	-64.1386
24291	-64.2608
24292	-65.7955
24293	-66.8597
24294	-65.7854
24295	-67.0548
24296	-67.0214
24297	-66.605
24298	-64.7983
24299	-65.5058
24300	-66.4951
24301	-68.4331
24302	-69.1415
24303	-69.901
24304	-70.3456
24305	-69.915
24306	-70.5012
24307	-70.8098
24308	-70.3396
24309	-69.223
24310	-67.3216
24311	-64.0697
24312	-62.5274
24313	-63.6161
24314	-66.0033
24315	-68.2664
24316	-69.8564
24317	-71.0128
24318	-70.9722
24319	-69.8117
24320	-69.2672
24321	-69.5582
24322	-70.1336
24323	-70.4339
24324	-71.1267
24325	-72.531
24326	-72.5628
24327	-72.935
24328	-70.3419
24329	-63.1867
24330	-63.4825
24331	-69.2903
24332	-71.1729
24333	-72.6675
24334	-72.4088
24335	-71.5155
24336	-70.9908
24337	-70.9439
24338	-71.2185
24339	-72.2821
24340	-72.1322
24341	-71.9192
24342	-71.0766
24343	-71.0043
24344	-69.5268
24345	-68.4573
24346	-67.2323
24347	-65.2368
24348	-65.118
24349	-64.9349
24350	-65.7685
24351	-66.6972
24352	-66.6947
24353	-61.9017
24354	-56.0935
24355	-50.1001
24356	-51.6181
24357	-60.3266
24358	-66.0886
24359	-64.3233
24360	-59.8216
24361	-56.1778
24362	-54.0455
24363	-54.79
24364	-57.0331
24365	-62.5857
24366	-66.4913
24367	-68.6354
24368	-69.3182
24369	-69.3234
24370	-69.8306
24371	-70.277
24372	-70.6952
24373	-70.6456
24374	-71.0499
24375	-71.5525
24376	-71.7767
24377	-71.8319
24378	-72.8884
24379	-71.3695
24380	-68.5607
24381	-67.9986
24382	-69.1893
24383	-71.0677
24384	-72.0302
24385	-71.6603
24386	-70.3518
24387	-68.2458
24388	-67.0673
24389	-68.8181
24390	-71.2595
24391	-73.5912
24392	-73.6655
24393	-71.8768
24394	-70.9116
24395	-69.7354
24396	-68.2931
24397	-67.8933
24398	-68.0108
24399	-67.6593
24400	-68.2041
24401	-69.6181
24402	-69.6588
24403	-69.4186
24404	-67.3367
24405	-63.7646
24406	-65.0816
24407	-70.0026
24408	-70.9964
24409	-69.7733
24410	-66.8958
24411	-65.1368
24412	-64.1732
24413	-64.7211
24414	-67.008
24415	-68.4492
24416	-69.2166
24417	-69.6366
24418	-63.836
24419	-59.938
24420	-63.3078
24421	-65.8884
24422	-65.332
24423	-64.4773
24424	-65.0239
24425	-66.7293
24426	-67.1701
24427	-67.9043
24428	-57.123
24429	-48.7126
24430	-49.6121
24431	-60.4166
24432	-68.4544
24433	-67.6635
24434	-65.6741
24435	-63.7174
24436	-62.7216
24437	-63.5967
24438	-64.2834
24439	-64.393
24440	-64.0789
24441	-68.459
24442	-71.0604
24443	-70.8705
24444	-69.7162
24445	-68.8516
24446	-69.2305
24447	-68.5356
24448	-68.6744
24449	-70.5461
24450	-71.3533
24451	-71.9734
24452	-71.0415
24453	-66.6718
24454	-66.5096
24455	-70.3386
24456	-72.3608
24457	-73.5192
24458	-72.9625
24459	-72.6187
24460	-71.7011
24461	-71.1742
24462	-71.3777
24463	-71.2168
24464	-70.0607
24465	-70.1178
24466	-69.5906
24467	-68.8448
24468	-66.7029
24469	-64.9576
24470	-63.9544
24471	-61.6892
24472	-60.7857
24473	-59.7935
24474	-60.9677
24475	-60.6877
24476	-58.6733
24477	-48.0989
24478	-25.2674
24479	-16.6134
24480	-17.5527
24481	-28.467
24482	-53.2463
24483	-58.2491
24484	-57.8606
24485	-55.9068
24486	-54.9115
24487	-55.731
24488	-57.0709
24489	-60.6179
24490	-62.5577
24491	-65.273
24492	-67.4244
24493	-68.4665
24494	-68.9767
24495	-70.6222
24496	-71.0506
24497	-70.4297
24498	-69.9134
24499	-71.1704
24500	-72.0269
24501	-72.123
24502	-72.5492
24503	-73.1826
24504	-71.9652
24505	-71.2409
24506	-71.7676
24507	-72.7409
24508	-72.1442
24509	-72.0599
24510	-71.6093
24511	-70.0767
24512	-69.9245
24513	-70.4713
24514	-69.9856
24515	-71.363
24516	-71.8561
24517	-71.3058
24518	-67.9891
24519	-64.2068
24520	-65.9655
24521	-67.152
24522	-67.2972
24523	-66.8527
24524	-68.0945
24525	-68.4289
24526	-69.4141
24527	-68.989
24528	-57.6557
24529	-49.2159
24530	-50.1492
24531	-60.8124
24532	-68.0983
24533	-66.4077
24534	-63.4274
24535	-61.5123
24536	-61.7986
24537	-62.2123
24538	-63.1861
24539	-61.6863
24540	-59.1514
24541	-64.4724
24542	-66.4503
24543	-62.96
24544	-63.6427
24545	-62.4042
24546	-61.5876
24547	-61.2862
24548	-61.8611
24549	-63.7905
24550	-67.3171
24551	-68.7912
24552	-63.5968
24553	-55.9763
24554	-56.2767
24555	-64.0355
24556	-69.3692
24557	-69.3951
24558	-69.6096
24559	-69.7098
24560	-68.5336
24561	-68.9213
24562	-68.905
24563	-68.2547
24564	-68.3586
24565	-70.3926
24566	-72.395
24567	-72.8912
24568	-72.7368
24569	-71.5348
24570	-71.2039
24571	-71.1185
24572	-71.6134
24573	-72.7252
24574	-72.698
24575	-72.3878
24576	-71.4272
24577	-69.1017
24578	-68.8476
24579	-70.0364
24580	-72.3984
24581	-72.3527
24582	-71.5269
24583	-71.6861
24584	-71.0393
24585	-69.9146
24586	-70.489
24587	-71.3249
24588	-70.6966
24589	-69.3016
24590	-68.44
24591	-67.6557
24592	-65.7411
24593	-62.5618
24594	-58.5932
24595	-54.5855
24596	-52.5814
24597	-52.4566
24598	-54.216
24599	-57.6605
24600	-60.4422
24601	-57.1372
24602	-41.4507
24603	-32.444
24604	-32.8718
24605	-43.0607
24606	-57.7075
24607	-63.117
24608	-64.8568
24609	-64.9271
24610	-64.4438
24611	-65.2924
24612	-65.765
24613	-67.3716
24614	-68.2982
24615	-70.1174
24616	-70.5274
24617	-71.2921
24618	-71.9306
24619	-71.4504
24620	-72.2158
24621	-71.8019
24622	-72.0237
24623	-72.4887
24624	-72.0919
24625	-72.7059
24626	-73.1603
24627	-70.9913
24628	-68.5636
24629	-62.457
24630	-63.5104
24631	-71.4251
24632	-72.6378
24633	-71.7821
24634	-70.8708
24635	-69.264
24636	-69.3377
24637	-68.8897
24638	-68.9575
24639	-69.1806
24640	-70.3599
24641	-71.4894
24642	-69.1825
24643	-66.8992
24644	-65.6173
24645	-63.3256
24646	-61.478
24647	-60.9283
24648	-62.5055
24649	-65.2361
24650	-67.2568
24651	-67.6718
24652	-62.3149
24653	-53.991
24654	-54.379
24655	-62.9062
24656	-67.9329
24657	-67.8199
24658	-68.4883
24659	-67.7172
24660	-67.2741
24661	-68.566
24662	-69.3744
24663	-66.165
24664	-65.6544
24665	-67.4542
24666	-68.4065
24667	-66.8436
24668	-66.9444
24669	-68.3026
24670	-67.2005
24671	-66.6502
24672	-67.5768
24673	-68.6414
24674	-70.1022
24675	-67.6299
24676	-62.1818
24677	-56.9864
24678	-56.3007
24679	-60.9322
24680	-66.6138
24681	-69.6269
24682	-69.8029
24683	-68.2826
24684	-68.3336
24685	-67.4355
24686	-67.583
24687	-67.4386
24688	-68.6611
24689	-70.018
24690	-71.63
24691	-72.6989
24692	-73.2229
24693	-71.4272
24694	-66.7395
24695	-63.7468
24696	-66.077
24697	-69.3789
24698	-71.106
24699	-72.1429
24700	-71.0711
24701	-69.9769
24702	-69.0669
24703	-69.7698
24704	-71.8307
24705	-72.7244
24706	-72.2036
24707	-71.4839
24708	-71.0001
24709	-70.4076
24710	-70.4602
24711	-69.4099
24712	-69.1703
24713	-68.4821
24714	-68.4513
24715	-68.3953
24716	-67.8298
24717	-68.0161
24718	-65.2804
24719	-62.0008
24720	-59.889
24721	-58.9637
24722	-61.0031
24723	-63.9084
24724	-63.1911
24725	-57.3208
24726	-49.3581
24727	-43.0896
24728	-42.7162
24729	-48.4629
24730	-54.7838
24731	-61.276
24732	-64.1376
24733	-65.1821
24734	-65.2276
24735	-65.1949
24736	-66.5249
24737	-68.0838
24738	-68.4729
24739	-68.8677
24740	-70.1164
24741	-70.7643
24742	-71.4005
24743	-71.8706
24744	-71.7409
24745	-70.8552
24746	-70.1718
24747	-70.5014
24748	-70.9946
24749	-72.2164
24750	-72.3617
24751	-72.3843
24752	-71.1591
24753	-67.1089
24754	-67.7925
24755	-72.234
24756	-72.9647
24757	-72.9595
24758	-72.6438
24759	-71.2783
24760	-70.8404
24761	-70.0786
24762	-70.1579
24763	-69.1387
24764	-69.7672
24765	-69.2669
24766	-69.9022
24767	-69.1634
24768	-69.1409
24769	-70.8355
24770	-70.3056
24771	-70.5179
24772	-71.1896
24773	-71.3237
24774	-71.0223
24775	-67.6932
24776	-62.7685
24777	-58.3013
24778	-57.3627
24779	-61.6367
24780	-66.8056
24781	-68.5279
24782	-68.0008
24783	-64.9611
24784	-62.3555
24785	-61.7522
24786	-65.2515
24787	-64.272
24788	-63.4562
24789	-63.354
24790	-65.9725
24791	-66.0724
24792	-65.0942
24793	-61.9703
24794	-53.8111
24795	-50.8041
24796	-55.4737
24797	-63.7861
24798	-67.9743
24799	-66.5031
24800	-63.8248
24801	-60.1767
24802	-59.4548
24803	-62.1354
24804	-64.7696
24805	-65.1382
24806	-66.5508
24807	-68.6851
24808	-69.9752
24809	-68.8883
24810	-68.8039
24811	-69.0855
24812	-69.1817
24813	-69.4045
24814	-70.4315
24815	-71.4916
24816	-72.3685
24817	-72.6353
24818	-70.1339
24819	-66.9605
24820	-69.79
24821	-72.6014
24822	-73.3757
24823	-73.6101
24824	-72.6147
24825	-72.1994
24826	-72.157
24827	-71.3673
24828	-71.8711
24829	-71.3373
24830	-70.5483
24831	-70.0568
24832	-69.334
24833	-68.1506
24834	-66.8385
24835	-66.3417
24836	-65.3152
24837	-63.4874
24838	-62.8733
24839	-62.1501
24840	-62.0377
24841	-60.0206
24842	-55.4216
24843	-46.8587
24844	-36.8685
24845	-32.9518
24846	-37.8071
24847	-49.0313
24848	-57.33
24849	-57.4146
24850	-53.1571
24851	-49.7554
24852	-49.077
24853	-51.5639
24854	-55.6961
24855	-60.3622
24856	-63.0712
24857	-64.972
24858	-66.7603
24859	-67.4085
24860	-68.2962
24861	-69.6033
24862	-70.0598
24863	-69.3965
24864	-69.7522
24865	-70.9039
24866	-71.738
24867	-72.3263
24868	-72.2499
24869	-72.2002
24870	-71.5058
24871	-71.2616
24872	-72.0697
24873	-72.8355
24874	-71.9288
24875	-71.3485
24876	-69.2739
24877	-67.1839
24878	-67.6001
24879	-70.0542
24880	-71.6409
24881	-72.2901
24882	-71.6743
24883	-69.4948
24884	-66.6548
24885	-65.6115
24886	-66.6678
24887	-67.517
24888	-67.3211
24889	-67.6194
24890	-68.8206
24891	-68.6665
24892	-67.3746
24893	-62.4224
24894	-54.0814
24895	-51.2165
24896	-55.8401
24897	-64.0288
24898	-68.0316
24899	-65.0898
24900	-61.3371
24901	-59.5178
24902	-58.7993
24903	-60.5483
24904	-63.3931
24905	-61.9397
24906	-62.814
24907	-66.1201
24908	-65.1342
24909	-64.5854
24910	-65.2776
24911	-64.2995
24912	-65.0302
24913	-64.0379
24914	-64.6316
24915	-67.383
24916	-69.2059
24917	-69.3478
24918	-63.1834
24919	-59.2405
24920	-64.1528
24921	-70.7951
24922	-69.884
24923	-69.3823
24924	-68.8304
24925	-67.7003
24926	-67.4728
24927	-67.4981
24928	-67.9897
24929	-68.7758
24930	-69.9704
24931	-72.5446
24932	-71.8118
24933	-71.8396
24934	-70.6453
24935	-70.1812
24936	-71.0206
24937	-71.0036
24938	-71.6875
24939	-72.3345
24940	-72.3279
24941	-72.7722
24942	-68.488
24943	-64.4847
24944	-67.2307
24945	-70.2465
24946	-72.5809
24947	-73.2332
24948	-72.0271
24949	-71.7288
24950	-71.4931
24951	-70.9457
24952	-71.3841
24953	-71.9073
24954	-71.8735
24955	-70.8931
24956	-70.6867
24957	-69.487
24958	-67.0732
24959	-64.9779
24960	-61.6136
24961	-59.8393
24962	-59.739
24963	-59.5241
24964	-61.4452
24965	-63.2411
24966	-62.5333
24967	-45.4332
24968	-29.5426
24969	-25.0506
24970	-29.8278
24971	-45.9131
24972	-64.9771
24973	-65.6652
24974	-64.1661
24975	-62.4025
24976	-62.044
24977	-61.7981
24978	-63.6724
24979	-66.6123
24980	-69.0237
24981	-70.9055
24982	-71.3082
24983	-71.4224
24984	-71.3726
24985	-71.4827
24986	-71.9954
24987	-71.6526
24988	-72.1047
24989	-72.3193
24990	-72.2203
24991	-73.2072
24992	-72.5092
24993	-69.2864
24994	-66.3362
24995	-64.5054
24996	-68.1791
24997	-71.777
24998	-72.0043
24999	-70.7929
25000	-69.6756
25001	-68.3347
25002	-69.0405
25003	-69.1712
25004	-70.5193
25005	-72.5439
25006	-73.1781
25007	-71.3067
25008	-69.4399
25009	-67.146
25010	-66.3735
25011	-65.2637
25012	-64.9194
25013	-64.9111
25014	-66.5903
25015	-67.9024
25016	-69.0619
25017	-68.7513
25018	-59.5925
25019	-55.462
25020	-60.3654
25021	-70.5803
25022	-70.0052
25023	-69.3721
25024	-68.3362
25025	-67.4679
25026	-68.5685
25027	-68.6405
25028	-68.3889
25029	-67.3417
25030	-68.5514
25031	-69.1959
25032	-63.2219
25033	-62.5299
25034	-66.1009
25035	-65.5613
25036	-65.0564
25037	-64.5315
25038	-65.8783
25039	-67.7562
25040	-69.1563
25041	-66.2712
25042	-54.9042
25043	-49.799
25044	-53.7429
25045	-63.8434
25046	-68.7747
25047	-68.6756
25048	-67.1806
25049	-65.7281
25050	-65.8249
25051	-65.669
25052	-65.7275
25053	-64.7475
25054	-66.7143
25055	-70.1992
25056	-72.4735
25057	-72.7177
25058	-70.4313
25059	-69.0088
25060	-67.3858
25061	-66.724
25062	-68.9214
25063	-69.966
25064	-71.4863
25065	-71.2579
25066	-69.6106
25067	-67.4552
25068	-68.0394
25069	-70.2009
25070	-72.2687
25071	-72.9117
25072	-72.3861
25073	-71.8581
25074	-70.7261
25075	-70.634
25076	-70.8034
25077	-70.1715
25078	-69.7931
25079	-69.3596
25080	-69.2483
25081	-68.2204
25082	-66.532
25083	-64.4868
25084	-61.7971
25085	-59.7494
25086	-58.2558
25087	-58.118
25088	-60.2243
25089	-60.9261
25090	-58.8184
25091	-47.4957
25092	-32.6368
25093	-27.5755
25094	-32.0455
25095	-45.7313
25096	-56.509
25097	-60.2108
25098	-60.9143
25099	-60.2302
25100	-60.331
25101	-60.8448
25102	-62.9093
25103	-64.6047
25104	-65.4155
25105	-67.7401
25106	-69.2386
25107	-70.0557
25108	-70.6171
25109	-71.8766
25110	-70.8404
25111	-70.7624
25112	-70.9024
25113	-71.2691
25114	-71.9427
25115	-72.9926
25116	-73.1111
25117	-72.9453
25118	-70.8199
25119	-69.7691
25120	-71.6242
25121	-72.9665
25122	-72.3599
25123	-72.3563
25124	-71.5737
25125	-71.3598
25126	-70.8725
25127	-70.1341
25128	-70.2428
25129	-70.4919
25130	-70.9965
25131	-70.3602
25132	-67.1619
25133	-66.1427
25134	-67.7967
25135	-67.1568
25136	-66.6252
25137	-67.1751
25138	-68.9304
25139	-69.6703
25140	-69.8268
25141	-66.3318
25142	-55.5544
25143	-50.5663
25144	-54.3964
25145	-64.269
25146	-67.5654
25147	-67.1626
25148	-64.074
25149	-62.315
25150	-63.4344
25151	-63.624
25152	-64.239
25153	-61.0553
25154	-61.6179
25155	-64.6899
25156	-66.1572
25157	-64.0269
25158	-63.507
25159	-59.456
25160	-56.022
25161	-57.0158
25162	-60.8345
25163	-64.9515
25164	-68.8263
25165	-65.6009
25166	-60.4285
25167	-56.8909
25168	-58.4468
25169	-64.4644
25170	-66.5158
25171	-68.4718
25172	-68.9563
25173	-68.687
25174	-68.4593
25175	-68.7041
25176	-68.8759
25177	-68.2519
25178	-69.096
25179	-70.2778
25180	-71.9129
25181	-72.3628
25182	-72.8516
25183	-72.0973
25184	-70.6102
25185	-70.5846
25186	-72.4971
25187	-73.3692
25188	-73.6437
25189	-72.8008
25190	-71.6895
25191	-70.7783
25192	-71.0737
25193	-71.4452
25194	-72.3343
25195	-71.0892
25196	-70.5877
25197	-70.3975
25198	-69.6035
25199	-68.6523
25200	-68.8754
25201	-68.615
25202	-67.2089
25203	-66.1334
25204	-65.8893
25205	-64.5291
25206	-62.8293
25207	-59.1587
25208	-53.3348
25209	-47.8743
25210	-43.995
25211	-44.8878
25212	-49.4637
25213	-55.3614
25214	-59.8922
25215	-53.738
25216	-46.0116
25217	-41.489
25218	-44.3345
25219	-51.2721
25220	-57.9858
25221	-62.42
25222	-64.1473
25223	-64.9828
25224	-66.0486
25225	-66.4928
25226	-67.9075
25227	-68.6479
25228	-69.1666
25229	-69.3974
25230	-70.415
25231	-71.0604
25232	-71.8844
25233	-72.0974
25234	-72.3223
25235	-71.2445
25236	-71.7841
25237	-71.748
25238	-72.2587
25239	-72.7179
25240	-72.093
25241	-70.6248
25242	-66.2768
25243	-63.0717
25244	-66.9061
25245	-72.3001
25246	-72.6099
25247	-72.0408
25248	-70.4401
25249	-68.6122
25250	-68.6151
25251	-67.9024
25252	-68.0401
25253	-68.0003
25254	-68.8941
25255	-69.0485
25256	-68.7579
25257	-66.8611
25258	-64.545
25259	-59.9946
25260	-56.3446
25261	-57.0096
25262	-61.2062
25263	-65.4194
25264	-67.5915
25265	-64.1224
25266	-59.2977
25267	-55.4355
25268	-57.6411
25269	-63.5207
25270	-64.3301
25271	-65.571
25272	-66.9503
25273	-66.0972
25274	-67.0429
25275	-67.1245
25276	-67.2784
25277	-65.1793
25278	-65.7184
25279	-66.3219
25280	-68.3533
25281	-69.1448
25282	-69.5385
25283	-70.1245
25284	-70.889
25285	-71.2742
25286	-71.1268
25287	-70.3524
25288	-69.0856
25289	-67.4397
25290	-64.3626
25291	-62.2838
25292	-62.7342
25293	-65.1991
25294	-67.8734
25295	-69.5773
25296	-70.6691
25297	-71.2486
25298	-69.8914
25299	-69.0791
25300	-69.4661
25301	-69.8715
25302	-70.5278
25303	-70.7238
25304	-72.5007
25305	-72.4155
25306	-72.8635
25307	-71.3332
25308	-63.8512
25309	-62.6857
25310	-68.2534
25311	-70.8373
25312	-72.4768
25313	-72.8041
25314	-71.5999
25315	-70.9208
25316	-71.0984
25317	-71.2888
25318	-72.1856
25319	-72.3018
25320	-71.8711
25321	-71.1722
25322	-71.1852
25323	-69.7132
25324	-68.7182
25325	-67.5515
25326	-65.6842
25327	-65.0882
25328	-65.3191
25329	-65.7792
25330	-66.8056
25331	-67.5957
25332	-63.7823
25333	-60.2296
25334	-54.1004
25335	-54.4885
25336	-61.4614
25337	-66.2377
25338	-64.4029
25339	-59.9283
25340	-55.9334
25341	-53.6946
25342	-53.7453
25343	-56.0104
25344	-60.8826
25345	-65.3597
25346	-68.102
25347	-69.1186
25348	-69.1089
25349	-69.5394
25350	-70.41
25351	-70.6602
25352	-70.7121
25353	-70.8091
25354	-71.4056
25355	-71.79
25356	-71.7348
25357	-72.7282
25358	-71.8822
25359	-68.9052
25360	-68.2939
25361	-68.8286
25362	-70.8576
25363	-72.0943
25364	-71.8672
25365	-70.8928
25366	-68.9005
25367	-67.1778
25368	-68.5616
25369	-70.9505
25370	-73.1473
25371	-74.0201
25372	-72.217
25373	-70.9392
25374	-70.1886
25375	-68.4021
25376	-68.1377
25377	-67.9997
25378	-67.7524
25379	-68.2572
25380	-69.3836
25381	-69.8357
25382	-69.7391
25383	-68.9436
25384	-65.9252
25385	-66.2712
25386	-70.3544
25387	-70.894
25388	-69.7303
25389	-66.9235
25390	-64.9721
25391	-63.7062
25392	-64.0685
25393	-65.9019
25394	-67.998
25395	-68.8742
25396	-69.6669
25397	-64.9769
25398	-59.9234
25399	-62.3874
25400	-65.7511
25401	-65.2974
25402	-64.4894
25403	-64.4677
25404	-66.2605
25405	-67.0206
25406	-68.0414
25407	-59.5117
25408	-49.3849
25409	-48.6984
25410	-57.5188
25411	-68.4192
25412	-68.0346
25413	-66.1813
25414	-64.0047
25415	-62.7605
25416	-63.4438
25417	-63.9946
25418	-64.6638
25419	-63.6824
25420	-67.2772
25421	-70.8152
25422	-71.1698
25423	-70.0009
25424	-69.1196
25425	-69.1686
25426	-68.6841
25427	-68.5571
25428	-70.4129
25429	-71.3735
25430	-71.9003
25431	-71.5394
25432	-67.5453
25433	-66.4485
25434	-69.9826
25435	-72.2282
25436	-73.5371
25437	-72.9198
25438	-72.4664
25439	-71.8854
25440	-71.2247
25441	-71.1495
25442	-71.4598
25443	-70.4103
25444	-69.883
25445	-69.687
25446	-69.0768
25447	-67.1357
25448	-64.7967
25449	-64.1492
25450	-61.817
25451	-60.5968
25452	-59.5501
25453	-60.4713
25454	-60.8243
25455	-59.1866
25456	-52.3605
25457	-28.2209
25458	-17.597
25459	-16.9278
25460	-25.8756
25461	-48.6233
25462	-57.8086
25463	-58.2636
25464	-56.2584
25465	-54.7905
25466	-55.7041
25467	-56.6371
25468	-59.9968
25469	-62.3631
25470	-64.7357
25471	-67.2012
25472	-68.2045
25473	-68.8589
25474	-70.1667
25475	-71.0966
25476	-70.4106
25477	-69.7944
25478	-70.9253
25479	-72.0265
25480	-71.9624
25481	-72.5205
25482	-73.0862
25483	-72.0654
25484	-71.2863
25485	-71.6789
25486	-72.5931
25487	-72.1441
25488	-72.0194
25489	-71.4976
25490	-70.1398
25491	-69.4665
25492	-70.6456
25493	-69.9114
25494	-70.9611
25495	-71.7694
25496	-71.4218
25497	-68.748
25498	-64.2823
25499	-65.4101
25500	-66.9234
25501	-67.1163
25502	-66.6339
25503	-67.5992
25504	-68.2006
25505	-69.3851
25506	-69.155
25507	-59.7943
25508	-49.8085
25509	-49.1592
25510	-57.897
25511	-67.9494
25512	-66.8278
25513	-64.1672
25514	-61.7064
25515	-61.6253
25516	-62.2555
25517	-62.7337
25518	-62.3694
25519	-58.9961
25520	-62.9849
25521	-67.5138
25522	-63.6865
25523	-63.9138
25524	-63.0546
25525	-61.6864
25526	-61.4874
25527	-61.7365
25528	-63.46
25529	-67.0324
25530	-68.7323
25531	-65.885
25532	-57.506
25533	-56.3849
25534	-62.8718
25535	-69.3758
25536	-69.3487
25537	-69.4988
25538	-69.5755
25539	-68.5985
25540	-68.7459
25541	-68.7272
25542	-68.3441
25543	-68.4829
25544	-70.1562
25545	-72.3211
25546	-72.8487
25547	-72.8566
25548	-71.6207
25549	-71.0401
25550	-71.2471
25551	-71.394
25552	-72.6613
25553	-72.6541
25554	-72.3626
25555	-71.6244
25556	-69.254
25557	-68.6772
25558	-69.6429
25559	-71.9035
25560	-72.6709
25561	-71.7371
25562	-71.6476
25563	-71.2865
25564	-69.9804
25565	-70.7227
25566	-71.222
25567	-71.0386
25568	-69.6268
25569	-68.6267
25570	-68.0805
25571	-66.3399
25572	-63.3908
25573	-59.6994
25574	-55.4002
25575	-52.9921
25576	-52.7131
25577	-53.7754
25578	-57.2325
25579	-60.42
25580	-58.9128
25581	-44.7343
25582	-33.8978
25583	-32.6205
25584	-41.1064
25585	-56.4842
25586	-62.8109
25587	-64.9838
25588	-65.316
25589	-64.5429
25590	-65.4148
25591	-65.5454
25592	-66.9843
25593	-68.2083
25594	-70.0223
25595	-70.5743
25596	-71.1738
25597	-71.9762
25598	-71.5844
25599	-72.1215
25600	-71.9147
25601	-71.9343
25602	-72.2663
25603	-72.1946
25604	-72.4919
25605	-73.2491
25606	-71.261
25607	-69.2317
25608	-63.0422
25609	-62.6786
25610	-70.2318
25611	-72.7543
25612	-71.9374
25613	-71.1874
25614	-69.5552
25615	-69.2203
25616	-69.1494
25617	-68.9015
25618	-69.1317
25619	-69.9953
25620	-71.6778
25621	-69.9242
25622	-67.4981
25623	-66.0934
25624	-63.9735
25625	-61.8702
25626	-60.9519
25627	-62.0643
25628	-64.7923
25629	-67.0562
25630	-67.7706
25631	-64.3521
25632	-55.4101
25633	-54.212
25634	-61.3732
25635	-68.0823
25636	-67.9797
25637	-68.5064
25638	-68.0245
25639	-67.2528
25640	-68.4458
25641	-69.5728
25642	-66.8399
25643	-66.0045
25644	-67.3671
25645	-68.2894
25646	-66.8244
25647	-66.2533
25648	-67.8769
25649	-66.4373
25650	-65.3593
25651	-66.5293
25652	-67.7581
25653	-69.6977
25654	-68.2527
25655	-62.8838
25656	-57.199
25657	-55.5548
25658	-59.5715
25659	-65.4499
25660	-69.2582
25661	-69.7302
25662	-68.4457
25663	-68.275
25664	-67.5786
25665	-67.5251
25666	-67.3153
25667	-68.0802
25668	-69.7475
25669	-70.9832
25670	-72.6167
25671	-73.1625
25672	-72.0611
25673	-67.6613
25674	-63.7911
25675	-65.3187
25676	-68.9637
25677	-71.0258
25678	-71.8415
25679	-71.3547
25680	-70.1556
25681	-69.0931
25682	-69.5919
25683	-71.5362
25684	-72.7619
25685	-72.3986
25686	-71.6849
25687	-70.9721
25688	-70.6422
25689	-70.3897
25690	-69.5781
25691	-69.0858
25692	-68.6721
25693	-68.1768
25694	-68.5611
25695	-67.4733
25696	-67.7423
25697	-65.2934
25698	-61.7217
25699	-58.8285
25700	-57.1245
25701	-58.8792
25702	-62.8627
25703	-63.0452
25704	-58.2037
25705	-50.3731
25706	-43.3162
25707	-41.6769
25708	-46.756
25709	-53.1555
25710	-59.8215
25711	-63.6152
25712	-64.6809
25713	-64.8507
25714	-65.0761
25715	-65.9909
25716	-67.8495
25717	-68.464
25718	-68.5899
25719	-69.972
25720	-70.5223
25721	-71.1432
25722	-71.6435
25723	-71.8347
25724	-70.9793
25725	-70.1646
25726	-70.6838
25727	-70.8359
25728	-72.0529
25729	-72.4985
25730	-72.5269
25731	-71.8779
25732	-68.0347
25733	-67.5637
25734	-71.8849
25735	-72.8621
25736	-72.8171
25737	-72.7746
25738	-71.4221
25739	-71.0013
25740	-70.1713
25741	-70.3103
25742	-69.1591
25743	-69.5669
25744	-69.3269
25745	-69.662
25746	-69.3929
25747	-68.5994
25748	-70.6751
25749	-69.5523
25750	-69.0397
25751	-70.0214
25752	-70.7337
25753	-71.1374
25754	-68.4029
25755	-63.3225
25756	-58.4313
25757	-56.6109
25758	-60.3164
25759	-66.0985
25760	-68.1586
25761	-68.0277
25762	-65.4207
25763	-62.7481
25764	-61.5979
25765	-64.3887
25766	-64.6386
25767	-63.4885
25768	-63.1296
25769	-65.3737
25770	-66.3637
25771	-65.4355
25772	-63.2369
25773	-55.0626
25774	-50.902
25775	-54.1818
25776	-62.5217
25777	-68.0496
25778	-67.0021
25779	-64.4144
25780	-60.7352
25781	-59.4435
25782	-61.7938
25783	-64.5078
25784	-65.2002
25785	-66.2351
25786	-68.5085
25787	-69.7749
25788	-69.1252
25789	-68.9024
25790	-69.2518
25791	-69.1767
25792	-69.5991
25793	-70.1407
25794	-71.414
25795	-72.1194
25796	-72.5309
25797	-71.0598
25798	-67.682
25799	-69.4574
25800	-72.5183
25801	-73.5435
25802	-73.6191
25803	-72.6683
25804	-72.0516
25805	-72.0328
25806	-71.3865
25807	-71.7831
25808	-71.5762
25809	-70.624
25810	-70.2199
25811	-69.3524
25812	-68.3381
25813	-66.8831
25814	-66.1857
25815	-65.6347
25816	-63.781
25817	-62.9602
25818	-62.0867
25819	-62.1944
25820	-60.5678
25821	-56.2974
25822	-48.5798
25823	-38.3593
25824	-33.2628
25825	-36.3217
25826	-46.9251
25827	-56.4635
25828	-57.7323
25829	-54.1601
25830	-50.2565
25831	-49.1619
25832	-51.2228
25833	-55.1246
25834	-59.8603
25835	-62.7647
25836	-64.6142
25837	-66.6126
25838	-67.3836
25839	-68.0312
25840	-69.3495
25841	-70.1503
25842	-69.5134
25843	-69.5524
25844	-70.9849
25845	-71.5362
25846	-72.3582
25847	-72.2332
25848	-72.2463
25849	-71.3528
25850	-71.0142
25851	-71.7795
25852	-72.7704
25853	-71.8826
25854	-71.394
25855	-69.7412
25856	-67.2548
25857	-66.9456
25858	-69.7384
25859	-71.2474
25860	-72.3743
25861	-71.8213
25862	-70.115
25863	-66.9498
25864	-65.6634
25865	-66.4443
25866	-67.4188
25867	-67.4405
25868	-67.3282
25869	-68.7495
25870	-68.7193
25871	-67.7697
25872	-63.7321
25873	-55.4602
25874	-51.284
25875	-54.5577
25876	-62.9313
25877	-68.0944
25878	-65.5797
25879	-62.0535
25880	-59.8317
25881	-59.0169
25882	-60.3815
25883	-63.3342
25884	-62.2638
25885	-62.2224
25886	-66.1433
25887	-65.8962
25888	-64.8332
25889	-65.4766
25890	-64.5717
25891	-65.1061
25892	-64.399
25893	-64.5483
25894	-67.0035
25895	-69.0691
25896	-69.6361
25897	-65.9735
25898	-61.0062
25899	-64.3951
25900	-70.5803
25901	-70.0012
25902	-69.248
25903	-68.5929
25904	-67.597
25905	-67.0251
25906	-67.0757
25907	-67.7266
25908	-68.6095
25909	-69.7247
25910	-72.2202
25911	-71.9989
25912	-71.63
25913	-70.7712
25914	-70.1685
25915	-70.8899
25916	-70.795
25917	-71.5435
25918	-72.1113
25919	-72.427
25920	-72.9851
25921	-69.3466
25922	-64.4188
25923	-66.3194
25924	-69.7311
25925	-72.0877
25926	-73.3896
25927	-72.3298
25928	-71.8212
25929	-71.4476
25930	-71.0731
25931	-71.2299
25932	-71.9141
25933	-71.9215
25934	-71.2044
25935	-70.7749
25936	-70.2449
25937	-67.6069
25938	-65.7677
25939	-62.4359
25940	-60.3055
25941	-59.9882
25942	-59.6599
25943	-61.4966
25944	-63.3502
25945	-63.5103
25946	-51.2499
25947	-33.002
25948	-26.801
25949	-29.9201
25950	-43.6812
25951	-65.0637
25952	-65.8401
25953	-64.1155
25954	-62.2981
25955	-61.4052
25956	-61.2169
25957	-62.8812
25958	-65.9467
25959	-68.7182
25960	-70.7265
25961	-71.432
25962	-71.3885
25963	-71.5243
25964	-71.4388
25965	-72.1201
25966	-71.6015
25967	-71.8714
25968	-72.4401
25969	-72.1014
25970	-73.0681
25971	-72.8712
25972	-69.7057
25973	-66.7716
25974	-64.6887
25975	-67.0818
25976	-71.5887
25977	-72.1417
25978	-71.0594
25979	-70.0354
25980	-68.6264
25981	-69.1553
25982	-69.1266
25983	-70.3459
25984	-72.1594
25985	-73.1436
25986	-71.7405
25987	-70.3917
25988	-67.6688
25989	-66.6327
25990	-65.5595
25991	-65.058
25992	-64.9376
25993	-66.5285
25994	-67.8747
25995	-68.8819
25996	-69.556
25997	-62.1555
25998	-56.5542
25999	-59.8236
26000	-70.1579
26001	-70.2471
26002	-69.2485
26003	-68.3079
26004	-67.1216
26005	-67.8478
26006	-68.1094
26007	-68.4192
26008	-67.5619
26009	-68.2691
26010	-69.6593
26011	-63.8071
26012	-61.7728
26013	-65.6668
26014	-65.2028
26015	-64.7887
26016	-64.0962
26017	-65.2221
26018	-67.2633
26019	-68.7918
26020	-67.5769
26021	-56.489
26022	-49.8124
26023	-52.1971
26024	-61.9673
26025	-68.3594
26026	-68.9354
26027	-67.4208
26028	-66.0203
26029	-65.6346
26030	-65.6653
26031	-65.8175
26032	-64.6991
26033	-65.8896
26034	-69.3791
26035	-72.2625
26036	-72.6703
26037	-70.8246
26038	-69.1974
26039	-67.6728
26040	-66.5873
26041	-68.5486
26042	-69.7542
26043	-71.3551
26044	-71.4035
26045	-70.0572
26046	-67.8125
26047	-67.9078
26048	-69.9307
26049	-72.0325
26050	-73.0475
26051	-72.4075
26052	-71.9456
26053	-71.0156
26054	-70.3101
26055	-70.8316
26056	-70.3614
26057	-69.7403
26058	-69.3898
26059	-69.0411
26060	-68.302
26061	-66.6415
26062	-64.5848
26063	-61.8973
26064	-59.3554
26065	-57.7735
26066	-57.52
26067	-59.2538
26068	-60.8996
26069	-59.1713
26070	-50.069
26071	-34.119
26072	-27.4033
26073	-30.0884
26074	-42.4663
26075	-55.1826
26076	-59.603
26077	-60.7776
26078	-60.1637
26079	-60.0715
26080	-60.6963
26081	-62.4332
26082	-64.257
26083	-65.0488
26084	-67.335
26085	-69.0498
26086	-69.7578
26087	-70.3764
26088	-71.4595
26089	-71.1159
26090	-70.7742
26091	-70.6044
26092	-71.3948
26093	-71.8522
26094	-72.6687
26095	-73.2228
26096	-73.1311
26097	-71.6349
26098	-70.294
26099	-71.2808
26100	-72.9
26101	-72.4015
26102	-72.5079
26103	-71.5641
26104	-71.208
26105	-70.8653
26106	-70.1495
26107	-70.0638
26108	-70.1569
26109	-70.6586
26110	-70.5486
26111	-67.6583
26112	-65.6335
26113	-67.3394
26114	-66.8005
26115	-66.2854
26116	-66.4108
26117	-68.2272
26118	-69.3559
26119	-69.6422
26120	-67.5587
26121	-57.0694
26122	-50.4784
26123	-52.8504
26124	-62.3062
26125	-67.2439
26126	-67.3591
26127	-64.7363
26128	-62.2721
26129	-63.3314
26130	-63.8186
26131	-64.5464
26132	-61.3909
26133	-60.8078
26134	-64.0652
26135	-66.4566
26136	-64.4376
26137	-63.8602
26138	-60.3613
26139	-56.4398
26140	-56.6134
26141	-60.2114
26142	-63.9949
26143	-68.5554
26144	-66.6784
26145	-61.6203
26146	-57.578
26147	-58.112
26148	-63.744
26149	-66.6917
26150	-67.9562
26151	-69.1062
26152	-68.7211
26153	-68.351
26154	-68.8121
26155	-69.0944
26156	-68.3554
26157	-68.9731
26158	-70.0343
26159	-72.1406
26160	-72.4434
26161	-72.9536
26162	-72.4183
26163	-71.1819
26164	-70.5307
26165	-72.4319
26166	-73.4417
26167	-73.5001
26168	-72.8897
26169	-71.7965
26170	-70.7386
26171	-70.8972
26172	-71.2016
26173	-72.267
26174	-71.2166
26175	-70.7014
26176	-70.7992
26177	-69.7847
26178	-68.6374
26179	-68.8724
26180	-69.1178
26181	-67.6955
26182	-66.3012
26183	-65.823
26184	-64.92
26185	-63.4031
26186	-60.0002
26187	-54.5807
26188	-48.636
26189	-44.541
26190	-44.5405
26191	-48.5357
26192	-54.5508
26193	-60.0457
26194	-55.3089
26195	-47.581
26196	-42.1453
26197	-43.7001
26198	-50.4746
26199	-57.2091
26200	-62.1847
26201	-64.4334
26202	-65.1501
26203	-66.2511
26204	-66.357
26205	-67.7368
26206	-68.5302
26207	-69.0892
26208	-69.4649
26209	-70.1859
26210	-70.9103
26211	-71.9058
26212	-72.0328
26213	-72.3511
26214	-71.3859
26215	-71.7104
26216	-71.5849
26217	-72.0181
26218	-72.7576
26219	-72.2974
26220	-71.0088
26221	-67.0347
26222	-63.0156
26223	-65.5604
26224	-71.4896
26225	-72.7956
26226	-72.1454
26227	-70.8804
26228	-68.7918
26229	-68.7733
26230	-67.8107
26231	-68.1652
26232	-67.9102
26233	-68.7831
26234	-69.3258
26235	-69.1514
26236	-67.3093
26237	-65.1467
26238	-61.1591
26239	-56.7042
26240	-56.5645
26241	-60.368
26242	-64.7807
26243	-67.4824
26244	-64.9734
26245	-60.4777
26246	-56.0226
26247	-56.9883
26248	-62.9082
26249	-64.6108
26250	-65.3147
26251	-66.9405
26252	-66.4879
26253	-66.7875
26254	-67.449
26255	-67.7781
26256	-65.7329
26257	-65.8475
26258	-66.268
26259	-68.1608
26260	-68.9204
26261	-69.1495
26262	-69.7802
26263	-70.3775
26264	-71.0924
26265	-70.9425
26266	-70.313
26267	-69.1851
26268	-67.5308
26269	-64.469
26270	-61.9449
26271	-62.0332
26272	-64.4827
26273	-67.2485
26274	-69.3449
26275	-70.3478
26276	-71.078
26277	-70.1169
26278	-69.0727
26279	-69.3978
26280	-69.6757
26281	-70.6327
26282	-70.4642
26283	-72.1719
26284	-72.4064
26285	-72.8979
26286	-72.1468
26287	-64.8162
26288	-62.1519
26289	-67.149
26290	-70.5717
26291	-72.3511
26292	-73.1532
26293	-71.4776
26294	-71.02
26295	-70.9733
26296	-71.1888
26297	-71.9828
26298	-72.3172
26299	-71.8631
26300	-71.3172
26301	-71.1948
26302	-69.9324
26303	-69.061
26304	-67.75
26305	-66.3284
26306	-65.1477
26307	-65.5491
26308	-65.8891
26309	-66.7519
26310	-68.0576
26311	-65.6173
26312	-63.3453
26313	-60.1272
26314	-59.6024
26315	-64.0254
26316	-66.3613
26317	-64.4633
26318	-60.2376
26319	-55.9766
26320	-53.4522
26321	-52.7767
26322	-54.7268
26323	-59.5138
26324	-64.3026
26325	-67.5293
26326	-68.7147
26327	-68.9746
26328	-69.3185
26329	-70.5184
26330	-70.4214
26331	-70.8093
26332	-70.6666
26333	-71.2731
26334	-71.6286
26335	-71.5951
26336	-72.654
26337	-72.3727
26338	-69.2924
26339	-68.457
26340	-68.5126
26341	-70.7041
26342	-71.9115
26343	-71.7538
26344	-71.277
26345	-69.4168
26346	-67.4158
26347	-68.3499
26348	-70.7189
26349	-72.7751
26350	-74.0777
26351	-72.6354
26352	-71.068
26353	-70.5612
26354	-68.6566
26355	-68.4126
26356	-68.027
26357	-67.6295
26358	-68.2765
26359	-69.086
26360	-69.9862
26361	-69.8768
26362	-69.8869
26363	-68.3753
26364	-68.1943
26365	-71.0045
26366	-70.8492
26367	-69.6225
26368	-67.1185
26369	-64.8054
26370	-63.3314
26371	-63.3504
26372	-64.7994
26373	-67.4849
26374	-68.4076
26375	-69.3981
26376	-66.2239
26377	-60.135
26378	-61.4185
26379	-65.4001
26380	-65.0226
26381	-64.3738
26382	-63.9405
26383	-65.619
26384	-66.9933
26385	-67.8239
26386	-62.0238
26387	-50.3778
26388	-48.0873
26389	-55.0962
26390	-68.1259
26391	-68.3419
26392	-66.6206
26393	-64.3198
26394	-62.9377
26395	-63.3293
26396	-63.8322
26397	-64.7295
26398	-63.5314
26399	-66.3614
26400	-70.5769
26401	-71.1629
26402	-70.1537
26403	-69.0067
26404	-69.005
26405	-68.984
26406	-68.6615
26407	-70.1859
26408	-71.286
26409	-71.7566
26410	-71.8173
26411	-68.4914
26412	-66.6204
26413	-69.5907
26414	-72.2131
26415	-73.4528
26416	-73.1052
26417	-72.4346
26418	-72.1551
26419	-71.3311
26420	-70.8849
26421	-71.8771
26422	-70.8063
26423	-69.8538
26424	-69.718
26425	-68.9333
26426	-67.5856
26427	-64.7931
26428	-64.4438
26429	-61.9257
26430	-60.3849
26431	-59.4544
26432	-59.9625
26433	-60.5927
26434	-59.6015
26435	-54.9371
26436	-31.677
26437	-18.8877
26438	-16.6
26439	-23.7117
26440	-43.3759
26441	-57.3362
26442	-58.5389
26443	-56.6979
26444	-54.8437
26445	-55.504
26446	-56.4737
26447	-59.3664
26448	-62.0529
26449	-64.1718
26450	-66.9766
26451	-67.9011
26452	-68.6979
26453	-69.7751
26454	-71.3224
26455	-70.5334
26456	-69.859
26457	-70.5335
26458	-71.8094
26459	-71.9503
26460	-72.5679
26461	-73.02
26462	-72.234
26463	-71.2594
26464	-71.5353
26465	-72.1978
26466	-72.4182
26467	-71.9577
26468	-71.4895
26469	-70.2232
26470	-69.0953
26471	-70.6104
26472	-69.7597
26473	-70.6299
26474	-71.8741
26475	-71.5274
26476	-69.4961
26477	-64.6239
26478	-64.7025
26479	-66.77
26480	-66.6294
26481	-66.4966
26482	-67.163
26483	-67.8973
26484	-69.2026
26485	-69.1635
26486	-62.2655
26487	-50.7182
26488	-48.4735
26489	-55.4714
26490	-67.777
26491	-67.3744
26492	-64.7663
26493	-61.9519
26494	-61.5953
26495	-62.3749
26496	-62.4809
26497	-62.8953
26498	-59.1324
26499	-61.649
26500	-68.1688
26501	-64.6527
26502	-63.9186
26503	-63.5745
26504	-61.9095
26505	-61.6394
26506	-61.563
26507	-63.2221
26508	-66.884
26509	-68.5663
26510	-67.7031
26511	-59.3946
26512	-56.8604
26513	-62.0728
26514	-69.3808
26515	-69.3385
26516	-69.4436
26517	-69.5949
26518	-68.7739
26519	-68.4809
26520	-68.6802
26521	-68.4825
26522	-68.5482
26523	-69.9342
26524	-72.2569
26525	-72.9544
26526	-73.0248
26527	-71.844
26528	-70.8812
26529	-70.9065
26530	-71.129
26531	-72.2648
26532	-72.7035
26533	-72.41
26534	-71.821
26535	-69.5841
26536	-68.3123
26537	-69.0862
26538	-71.255
26539	-73.1168
26540	-71.8975
26541	-71.6915
26542	-71.4095
26543	-70.2189
26544	-70.6681
26545	-71.0414
26546	-71.2646
26547	-70.1149
26548	-68.9318
26549	-68.4439
26550	-67.0343
26551	-64.3676
26552	-60.7506
26553	-56.1612
26554	-53.3098
26555	-52.7032
26556	-53.601
26557	-56.9592
26558	-60.4815
26559	-60.1159
26560	-48.3711
26561	-35.7082
26562	-32.7568
26563	-39.6789
26564	-54.8068
26565	-62.7055
26566	-65.1517
26567	-65.3656
26568	-64.6604
26569	-65.4374
26570	-65.2814
26571	-66.6153
26572	-68.3202
26573	-69.8447
26574	-70.6791
26575	-71.1311
26576	-72.1286
26577	-71.7969
26578	-71.9028
26579	-72.0834
26580	-71.7879
26581	-72.0609
26582	-72.3107
26583	-72.1875
26584	-73.1056
26585	-71.7725
26586	-69.6024
26587	-63.9051
26588	-62.1019
26589	-68.6428
26590	-72.6785
26591	-72.3921
26592	-71.3948
26593	-69.8582
26594	-69.4242
26595	-69.6379
26596	-68.8889
26597	-69.1704
26598	-69.7881
26599	-71.7034
26600	-70.6072
26601	-68.046
26602	-66.6715
26603	-64.4657
26604	-62.2627
26605	-61.0956
26606	-61.8039
26607	-64.437
26608	-67.0236
26609	-67.837
26610	-66.231
26611	-57.1341
26612	-54.3501
26613	-60.1682
26614	-68.1402
26615	-68.2925
26616	-68.4281
26617	-68.2764
26618	-67.2717
26619	-68.3644
26620	-69.6062
26621	-67.7381
26622	-66.2638
26623	-67.2699
26624	-68.2167
26625	-66.8934
26626	-65.7366
26627	-67.6823
26628	-65.9661
26629	-64.476
26630	-65.5112
26631	-66.9436
26632	-69.0972
26633	-68.722
26634	-63.7198
26635	-57.7082
26636	-55.1662
26637	-58.3003
26638	-64.4488
26639	-68.7774
26640	-69.9153
26641	-68.6769
26642	-68.3851
26643	-67.6642
26644	-67.4794
26645	-67.2339
26646	-67.6719
26647	-69.5985
26648	-70.4148
26649	-72.6831
26650	-73.1482
26651	-72.3819
26652	-68.5013
26653	-64.0274
26654	-64.8512
26655	-68.5597
26656	-70.8536
26657	-71.6404
26658	-71.5807
26659	-70.3557
26660	-69.1927
26661	-69.5755
26662	-71.0771
26663	-72.6015
26664	-72.4691
26665	-71.8138
26666	-70.9566
26667	-70.6972
26668	-70.2095
26669	-69.811
26670	-69.0312
26671	-68.8016
26672	-68.0692
26673	-68.5813
26674	-67.264
26675	-67.494
26676	-65.221
26677	-61.6674
26678	-58.2042
26679	-55.6615
26680	-57.0325
26681	-61.0789
26682	-62.5241
26683	-58.6631
26684	-51.5333
26685	-43.8379
26686	-40.8608
26687	-45.0536
26688	-51.7728
26689	-58.4804
26690	-63.1437
26691	-64.2663
26692	-64.4526
26693	-64.9625
26694	-65.6296
26695	-67.4797
26696	-68.4701
26697	-68.3697
26698	-69.449
26699	-70.2743
26700	-70.8351
26701	-71.4203
26702	-71.823
26703	-71.1314
26704	-70.289
26705	-70.877
26706	-70.7713
26707	-71.7035
26708	-72.7345
26709	-72.6033
26710	-72.3552
26711	-69.1557
26712	-67.5762
26713	-71.478
26714	-72.7438
26715	-72.7676
26716	-72.7307
26717	-71.7435
26718	-71.1145
26719	-70.1383
26720	-70.2577
26721	-69.3475
26722	-69.4011
26723	-69.4642
26724	-69.28
26725	-69.339
26726	-68.2716
26727	-69.8113
26728	-68.7329
26729	-67.8113
26730	-68.6192
26731	-70.0777
26732	-71.0034
26733	-68.8317
26734	-63.8181
26735	-58.7067
26736	-56.0495
26737	-58.9621
26738	-64.8577
26739	-67.5725
26740	-68.0601
26741	-66.0221
26742	-63.1048
26743	-61.4597
26744	-63.5486
26745	-65.181
26746	-63.4212
26747	-63.0337
26748	-64.6774
26749	-66.6718
26750	-65.6482
26751	-63.9577
26752	-56.5259
26753	-51.2412
26754	-52.9587
26755	-61.0624
26756	-67.8585
26757	-67.3991
26758	-64.9136
26759	-61.4455
26760	-59.7362
26761	-61.3898
26762	-64.2869
26763	-65.3143
26764	-65.9426
26765	-68.2645
26766	-69.5876
26767	-69.31
26768	-68.9454
26769	-69.4156
26770	-69.1598
26771	-69.8144
26772	-69.9596
26773	-71.3459
26774	-71.9688
26775	-72.5755
26776	-71.9325
26777	-68.571
26778	-69.3019
26779	-72.3817
26780	-73.465
26781	-73.3958
26782	-72.9928
26783	-72.0007
26784	-71.9043
26785	-71.5194
26786	-71.7368
26787	-71.8532
26788	-70.5241
26789	-70.1961
26790	-69.4113
26791	-68.6698
26792	-67.0152
26793	-66.0843
26794	-65.7705
26795	-64.1287
26796	-62.9509
26797	-62.0072
26798	-62.2291
26799	-61.2253
26800	-57.2332
26801	-50.0835
26802	-40.0296
26803	-33.681
26804	-35.1554
26805	-45.064
26806	-54.8949
26807	-58.0233
26808	-55.1745
26809	-50.8145
26810	-49.5695
26811	-50.8892
26812	-54.5648
26813	-59.354
26814	-62.4067
26815	-64.4541
26816	-66.337
26817	-67.3875
26818	-67.9939
26819	-69.2039
26820	-70.1868
26821	-69.7673
26822	-69.4478
26823	-70.7586
26824	-71.4129
26825	-72.4083
26826	-72.5236
26827	-72.4436
26828	-71.3075
26829	-70.9026
26830	-71.5139
26831	-72.5766
26832	-71.921
26833	-71.5942
26834	-70.1538
26835	-67.4894
26836	-66.4514
26837	-69.0901
26838	-71.0676
26839	-72.5907
26840	-72.011
26841	-70.6278
26842	-67.419
26843	-65.7873
26844	-66.0975
26845	-67.2647
26846	-67.3637
26847	-67.3284
26848	-68.7399
26849	-68.8339
26850	-68.154
26851	-64.8665
26852	-56.6679
26853	-51.6041
26854	-53.2368
26855	-61.5606
26856	-67.8593
26857	-66.1879
26858	-62.8867
26859	-60.1989
26860	-59.1983
26861	-60.3404
26862	-63.1359
26863	-62.5937
26864	-61.9338
26865	-65.6457
26866	-66.1499
26867	-65.0797
26868	-65.6482
26869	-65.0788
26870	-65.1569
26871	-64.8718
26872	-64.5947
26873	-66.7198
26874	-68.8338
26875	-69.7368
26876	-68.7998
26877	-63.4674
26878	-65.1898
26879	-70.3655
26880	-70.2274
26881	-69.2899
26882	-68.4226
26883	-67.5572
26884	-66.5085
26885	-66.5632
26886	-67.4503
26887	-68.2722
26888	-69.5478
26889	-72.0118
26890	-72.2979
26891	-71.4414
26892	-70.9665
26893	-70.1638
26894	-70.5818
26895	-70.7649
26896	-71.4345
26897	-71.9331
26898	-72.4512
26899	-73.0513
26900	-70.3292
26901	-64.6487
26902	-65.2465
26903	-69.0378
26904	-71.5481
26905	-73.3702
26906	-72.7815
26907	-72.0084
26908	-71.6545
26909	-71.2673
26910	-71.151
26911	-71.9954
26912	-71.8648
26913	-71.5545
26914	-70.9456
26915	-70.8416
26916	-68.2012
26917	-66.5679
26918	-63.2673
26919	-60.8551
26920	-60.2664
26921	-60.0471
26922	-61.5202
26923	-63.4245
26924	-64.4893
26925	-56.9957
26926	-37.0581
26927	-29.0693
26928	-30.5652
26929	-42.1942
26930	-64.8407
26931	-66.145
26932	-64.1584
26933	-62.0541
26934	-60.9659
26935	-60.8305
26936	-61.8967
26937	-65.3726
26938	-68.3138
26939	-70.3161
26940	-71.5598
26941	-71.389
26942	-71.6499
26943	-71.3434
26944	-72.1545
26945	-71.4591
26946	-71.8752
26947	-72.3618
26948	-72.0743
26949	-72.8339
26950	-73.1669
26951	-70.3219
26952	-67.2574
26953	-64.876
26954	-66.3291
26955	-71.003
26956	-72.164
26957	-71.4735
26958	-70.2747
26959	-68.9737
26960	-69.1754
26961	-69.1886
26962	-70.0349
26963	-71.9085
26964	-73.0904
26965	-72.1607
26966	-70.6063
26967	-68.1756
26968	-66.7895
26969	-65.9652
26970	-65.3926
26971	-65.0513
26972	-66.4474
26973	-67.796
26974	-68.6972
26975	-69.8026
26976	-64.8519
26977	-58.0623
26978	-59.7493
26979	-69.4996
26980	-70.3174
26981	-69.3889
26982	-68.1794
26983	-66.879
26984	-67.2534
26985	-67.6032
26986	-68.3734
26987	-67.8485
26988	-68.1634
26989	-69.6657
26990	-64.6603
26991	-61.2952
26992	-65.0604
26993	-65.0346
26994	-64.5395
26995	-63.8982
26996	-64.47
26997	-66.4792
26998	-68.3908
26999	-68.6183
27000	-58.382
27001	-50.147
27002	-50.9614
27003	-59.8504
27004	-67.869
27005	-68.9549
27006	-67.5802
27007	-66.2476
27008	-65.6981
27009	-65.8017
27010	-66.0658
27011	-64.7175
27012	-65.1909
27013	-68.5362
27014	-71.889
27015	-72.8976
27016	-71.1655
27017	-69.4353
27018	-68.047
27019	-66.6464
27020	-68.0377
27021	-69.7002
27022	-71.2554
27023	-71.4074
27024	-70.4332
27025	-68.1851
27026	-67.8037
27027	-69.7274
27028	-71.9055
27029	-72.9935
27030	-72.407
27031	-71.9635
27032	-71.1152
27033	-70.1733
27034	-70.7551
27035	-70.4753
27036	-69.8294
27037	-69.4592
27038	-69.0256
27039	-68.2462
27040	-66.6882
27041	-64.6258
27042	-62.0755
27043	-59.1408
27044	-57.5959
27045	-56.8679
27046	-58.2411
27047	-60.4474
27048	-59.4329
27049	-52.6006
27050	-35.9846
27051	-27.5487
27052	-28.5246
27053	-39.3948
27054	-53.8402
27055	-58.9271
27056	-60.8888
27057	-60.3483
27058	-60.0016
27059	-60.6169
27060	-61.8873
27061	-63.9438
27062	-64.7788
27063	-66.6669
27064	-68.7629
27065	-69.5339
27066	-70.1881
27067	-71.3153
27068	-71.325
27069	-70.8575
27070	-70.6031
27071	-71.3211
27072	-71.7077
27073	-72.541
27074	-73.3413
27075	-73.3644
27076	-71.9983
27077	-70.6688
27078	-71.0346
27079	-73.0053
27080	-72.4298
27081	-72.2624
27082	-71.8092
27083	-71.1555
27084	-70.8072
27085	-70.3123
27086	-69.9315
27087	-70.0733
27088	-70.656
27089	-70.6917
27090	-68.2442
27091	-65.407
27092	-66.7803
27093	-66.5958
27094	-65.8602
27095	-65.8662
27096	-67.5219
27097	-68.9069
27098	-69.4866
27099	-68.4853
27100	-58.917
27101	-50.7011
27102	-51.5432
27103	-60.3169
27104	-66.861
27105	-67.4008
27106	-65.4181
27107	-62.4477
27108	-63.2402
27109	-63.719
27110	-64.341
27111	-61.7138
27112	-60.3229
27113	-63.5687
27114	-66.6642
27115	-64.9776
27116	-63.9858
27117	-61.4365
27118	-57.0665
27119	-56.474
27120	-59.6331
27121	-63.291
27122	-68.0994
27123	-67.6195
27124	-63.0832
27125	-58.4731
27126	-58.0386
27127	-63.0522
27128	-66.8776
27129	-67.6645
27130	-68.9857
27131	-68.7331
27132	-68.3517
27133	-68.8545
27134	-69.2581
27135	-68.5599
27136	-68.9957
27137	-69.9224
27138	-72.2727
27139	-72.282
27140	-73.204
27141	-72.7517
27142	-71.7811
27143	-70.5889
27144	-72.1208
27145	-73.4299
27146	-73.5314
27147	-72.9097
27148	-72.0503
27149	-70.7264
27150	-70.7466
27151	-71.1474
27152	-72.0814
27153	-71.4098
27154	-70.9491
27155	-70.7952
27156	-70.2591
27157	-68.8017
27158	-68.8222
27159	-69.3231
27160	-68.1005
27161	-66.4582
27162	-65.8948
27163	-65.3936
27164	-63.8085
27165	-60.7402
27166	-55.9464
27167	-49.5786
27168	-45.2937
27169	-44.3475
27170	-47.8105
27171	-53.7359
27172	-59.4821
27173	-56.9858
27174	-49.0734
27175	-43.0834
27176	-43.1599
27177	-49.676
27178	-56.4429
27179	-61.9276
27180	-64.4683
27181	-65.1977
27182	-66.1421
27183	-66.2856
27184	-67.3044
27185	-68.4153
27186	-68.9954
27187	-69.4934
27188	-70.22
27189	-70.9168
27190	-72.0267
27191	-72.1246
27192	-72.1325
27193	-71.5235
27194	-71.4273
27195	-71.5876
27196	-71.9427
27197	-72.5024
27198	-72.3109
27199	-71.2142
27200	-67.923
27201	-63.237
27202	-64.4245
27203	-70.8243
27204	-72.8552
27205	-72.3177
27206	-71.3945
27207	-68.9922
27208	-68.9514
27209	-67.8775
27210	-68.095
27211	-67.8607
27212	-68.6789
27213	-69.6136
27214	-69.4439
27215	-67.9053
27216	-65.6631
27217	-61.8841
27218	-57.2707
27219	-56.2642
27220	-59.753
27221	-64.0746
27222	-67.4088
27223	-65.8432
27224	-61.6389
27225	-56.9107
27226	-56.5925
27227	-62.0983
27228	-64.9941
27229	-65.0529
27230	-66.8721
27231	-66.8685
27232	-66.6755
27233	-67.9089
27234	-68.1066
27235	-66.2649
27236	-65.8485
27237	-66.4874
27238	-68.11
27239	-68.711
27240	-68.6329
27241	-69.4194
27242	-69.454
27243	-68.959
27244	-70.4211
27245	-70.0307
27246	-69.1961
27247	-67.7207
27248	-64.573
27249	-61.6483
27250	-61.3058
27251	-63.5518
27252	-66.5642
27253	-69.0325
27254	-70.1621
27255	-71.096
27256	-70.3535
27257	-69.1419
27258	-69.1201
27259	-69.4589
27260	-70.534
27261	-70.3582
27262	-71.7172
27263	-72.4683
27264	-72.9209
27265	-72.7874
27266	-66.0058
27267	-61.8837
27268	-66.0764
27269	-70.2648
27270	-71.8898
27271	-73.5214
27272	-71.5287
27273	-71.0935
27274	-71.0402
27275	-71.087
27276	-71.7126
27277	-72.4126
27278	-71.8121
27279	-71.4329
27280	-71.0679
27281	-70.1735
27282	-69.3883
27283	-68.0406
27284	-66.8037
27285	-65.3264
27286	-65.7765
27287	-65.9393
27288	-66.6101
27289	-68.2305
27290	-67.1477
27291	-64.6154
27292	-63.8192
27293	-62.4373
27294	-65.4136
27295	-66.4688
27296	-64.597
27297	-60.5092
27298	-56.2276
27299	-53.2462
27300	-51.8979
27301	-53.6941
27302	-58.0441
27303	-63.3018
27304	-66.9928
27305	-68.327
27306	-68.8981
27307	-68.9937
27308	-70.3756
27309	-70.3376
27310	-70.7653
27311	-70.4792
27312	-71.1433
27313	-71.5882
27314	-71.5568
27315	-72.5516
27316	-72.5231
27317	-69.8192
27318	-68.6892
27319	-68.37
27320	-70.6006
27321	-71.8569
27322	-71.7806
27323	-71.8222
27324	-70.0426
27325	-67.8387
27326	-68.2981
27327	-70.4909
27328	-72.5334
27329	-73.8158
27330	-72.9258
27331	-71.2203
27332	-70.633
27333	-69.2212
27334	-68.6756
27335	-68.1315
27336	-67.749
27337	-68.2425
27338	-68.8911
27339	-69.9012
27340	-69.7899
27341	-70.3324
27342	-70.7682
27343	-70.599
27344	-71.6543
27345	-71.0443
27346	-69.6552
27347	-67.506
27348	-64.6551
27349	-62.9614
27350	-62.6587
27351	-63.9106
27352	-66.8798
27353	-67.8889
27354	-69.0716
27355	-67.4422
27356	-60.6131
27357	-60.4296
27358	-64.6392
27359	-64.8523
27360	-64.2328
27361	-63.6077
27362	-65.0215
27363	-67.0839
27364	-67.5104
27365	-64.5202
27366	-51.7148
27367	-47.7755
27368	-53.0657
27369	-66.9289
27370	-68.2841
27371	-67.057
27372	-64.7263
27373	-63.1408
27374	-63.2354
27375	-63.777
27376	-64.803
27377	-63.6375
27378	-65.5228
27379	-70.3313
27380	-71.1247
27381	-70.29
27382	-69.0657
27383	-68.9588
27384	-69.3888
27385	-68.7497
27386	-69.8903
27387	-71.3903
27388	-71.5707
27389	-71.9049
27390	-69.6057
27391	-66.9599
27392	-69.2345
27393	-71.9763
27394	-73.545
27395	-73.1915
27396	-72.5244
27397	-72.2366
27398	-71.2824
27399	-70.7763
27400	-71.6645
27401	-70.9883
27402	-69.884
27403	-69.7116
27404	-68.7666
27405	-67.7766
27406	-64.9724
27407	-64.5217
27408	-62.1799
27409	-60.3702
27410	-59.3424
27411	-59.567
27412	-60.2952
27413	-59.7038
27414	-56.1621
27415	-35.781
27416	-20.4995
27417	-16.5642
27418	-21.9323
27419	-38.8671
27420	-56.7028
27421	-58.5475
27422	-57.1533
27423	-55.0958
27424	-55.4606
27425	-56.2178
27426	-58.7401
27427	-62.0208
27428	-63.6609
27429	-66.8567
27430	-67.7666
27431	-68.6098
27432	-69.4192
27433	-71.3598
27434	-70.7017
27435	-70.0205
27436	-70.3734
27437	-71.5617
27438	-71.9197
27439	-72.5471
27440	-72.9311
27441	-72.5099
27442	-71.3034
27443	-71.2349
27444	-72.0521
27445	-72.6071
27446	-71.9558
27447	-71.431
27448	-70.4849
27449	-68.8724
27450	-70.2332
27451	-69.9232
27452	-70.304
27453	-71.833
27454	-71.5879
27455	-69.986
27456	-65.2365
27457	-64.1076
27458	-66.3534
27459	-66.4107
27460	-66.3468
27461	-66.6394
27462	-67.8182
27463	-68.5956
27464	-68.9773
27465	-64.7611
27466	-51.9582
27467	-48.0883
27468	-53.3947
27469	-66.7461
27470	-67.8466
27471	-65.2311
27472	-62.4212
27473	-61.5973
27474	-62.4989
27475	-62.388
27476	-63.1811
27477	-59.4774
27478	-60.5467
27479	-67.9201
27480	-65.5491
27481	-64.1749
27482	-64.0109
27483	-62.2334
27484	-61.9645
27485	-61.6339
27486	-63.1758
27487	-66.3196
27488	-68.4134
27489	-68.8534
27490	-61.6419
27491	-57.7411
27492	-61.6511
27493	-69.3709
27494	-69.5489
27495	-69.4697
27496	-69.7918
27497	-68.8249
27498	-68.2755
27499	-68.7541
27500	-68.7398
27501	-68.5374
27502	-69.749
27503	-72.0722
27504	-73.1375
27505	-73.0376
27506	-72.0332
27507	-70.9116
27508	-70.6713
27509	-70.9974
27510	-72.0074
27511	-72.6569
27512	-72.5685
27513	-72.1232
27514	-69.8775
27515	-68.165
27516	-68.6405
27517	-70.5785
27518	-73.0349
27519	-72.1474
27520	-71.7507
27521	-71.4768
27522	-70.6646
27523	-70.4504
27524	-70.9191
27525	-71.3949
27526	-70.4649
27527	-69.2144
27528	-68.8479
27529	-67.6445
27530	-65.2932
27531	-61.8267
27532	-56.8898
27533	-53.8926
27534	-52.9821
27535	-53.5884
27536	-56.7599
27537	-60.1568
27538	-61.1003
27539	-52.1477
27540	-37.8439
27541	-33.2845
27542	-38.4296
27543	-52.7334
27544	-62.6536
27545	-65.3432
27546	-65.5418
27547	-64.8088
27548	-65.162
27549	-65.14
27550	-66.3133
27551	-68.0711
27552	-69.7746
27553	-70.7051
27554	-70.9733
27555	-72.169
27556	-71.5914
27557	-71.741
27558	-72.2435
27559	-71.5904
27560	-71.8712
27561	-72.2864
27562	-71.9955
27563	-72.9476
27564	-72.2686
27565	-69.8299
27566	-65.0423
27567	-61.7858
27568	-66.7774
27569	-72.5219
27570	-72.2596
27571	-71.4578
27572	-70.2852
27573	-69.6704
27574	-69.6947
27575	-68.9472
27576	-69.3673
27577	-69.7225
27578	-71.6202
27579	-71.1669
27580	-68.537
27581	-67.1147
27582	-64.9088
27583	-62.5488
27584	-61.3271
27585	-61.7906
27586	-64.0448
27587	-66.8406
27588	-67.8054
27589	-67.609
27590	-59.2025
27591	-54.829
27592	-59.207
27593	-67.962
27594	-68.7719
27595	-68.3843
27596	-68.61
27597	-67.3145
27598	-68.1389
27599	-69.1691
27600	-68.6253
27601	-66.546
27602	-67.3039
27603	-67.9755
27604	-66.9817
27605	-65.4343
27606	-67.054
27607	-65.8454
27608	-63.5859
27609	-64.2869
27610	-66.2154
27611	-68.2911
27612	-69.1807
27613	-64.5116
27614	-58.4243
27615	-54.9287
27616	-57.1037
27617	-63.3279
27618	-68.1436
27619	-69.7899
27620	-68.9809
27621	-68.3673
27622	-67.6942
27623	-67.3627
27624	-67.3697
27625	-67.2294
27626	-69.1116
27627	-70.007
27628	-72.5198
27629	-73.1461
27630	-72.4742
27631	-69.3981
27632	-64.4777
27633	-64.395
27634	-68.0555
27635	-70.6339
27636	-71.3515
27637	-71.7028
27638	-70.5145
27639	-69.4963
27640	-69.5524
27641	-70.6377
27642	-72.417
27643	-72.3924
27644	-71.9519
27645	-70.9865
27646	-70.7523
27647	-70.0285
27648	-70.1231
27649	-69.0588
27650	-68.8413
27651	-67.9218
27652	-68.5549
27653	-67.1718
27654	-67.1196
27655	-65.024
27656	-61.578
27657	-57.7782
27658	-54.4871
27659	-55.3112
27660	-59.0631
27661	-62.0187
27662	-59.5492
27663	-52.5112
27664	-44.631
27665	-40.3619
27666	-43.4361
27667	-50.1485
27668	-57.3398
27669	-62.2299
27670	-64.0097
27671	-64.268
27672	-64.8756
27673	-65.4039
27674	-67.0652
27675	-68.1863
27676	-68.3883
27677	-69.0412
27678	-70.2204
27679	-70.5664
27680	-71.1632
27681	-71.7164
27682	-71.2824
27683	-70.3867
27684	-70.7693
27685	-70.9246
27686	-71.5138
27687	-72.8203
27688	-72.7258
27689	-72.697
27690	-70.2969
27691	-67.8239
27692	-71.14
27693	-72.808
27694	-72.7466
27695	-72.5149
27696	-72.0257
27697	-71.2183
27698	-70.1078
27699	-70.1128
27700	-69.6153
27701	-69.4107
27702	-69.6766
27703	-68.9691
27704	-69.359
27705	-67.961
27706	-69.1397
27707	-68.1457
27708	-66.4376
27709	-67.326
27710	-69.1746
27711	-70.6805
27712	-69.2996
27713	-64.4133
27714	-59.1818
27715	-55.7106
27716	-57.6655
27717	-63.649
27718	-66.8997
27719	-68.2216
27720	-66.64
27721	-63.4337
27722	-61.392
27723	-62.8162
27724	-65.7513
27725	-63.4349
27726	-62.9799
27727	-63.9935
27728	-66.7224
27729	-65.8847
27730	-64.547
27731	-58.0085
27732	-51.7729
27733	-52.0909
27734	-59.715
27735	-66.9434
27736	-67.8605
27737	-65.6043
27738	-62.398
27739	-59.9588
27740	-60.9726
27741	-63.933
27742	-65.5916
27743	-65.8373
27744	-67.9382
27745	-69.2977
27746	-69.4457
27747	-68.8749
27748	-69.5225
27749	-69.1378
27750	-69.9677
27751	-69.8658
27752	-71.4359
27753	-71.9271
27754	-72.6898
27755	-72.6682
27756	-69.5094
27757	-69.3594
27758	-72.231
27759	-73.4332
27760	-73.2236
27761	-72.9693
27762	-72.0237
27763	-71.8095
27764	-71.5956
27765	-71.4797
27766	-72.0309
27767	-70.5916
27768	-70.1325
27769	-69.6242
27770	-68.9395
27771	-67.1414
27772	-66.1537
27773	-66.0293
27774	-64.2059
27775	-62.9285
27776	-62.0793
27777	-62.1522
27778	-61.7947
27779	-58.1039
27780	-51.7111
27781	-42.0404
27782	-34.2854
27783	-34.3085
27784	-43.2874
27785	-53.6493
27786	-58.2962
27787	-56.228
27788	-51.5506
27789	-49.8544
27790	-50.546
27791	-53.9138
27792	-58.5983
27793	-62.1179
27794	-64.5092
27795	-66.1164
27796	-67.2858
27797	-67.8158
27798	-68.9515
27799	-70.0776
27800	-69.9896
27801	-69.4946
27802	-70.3925
27803	-71.2303
27804	-72.3874
27805	-72.5889
27806	-72.3392
27807	-71.2878
27808	-70.6556
27809	-71.2415
27810	-72.2316
27811	-72.031
27812	-71.7554
27813	-70.4167
27814	-67.7161
27815	-66.1943
27816	-68.5105
27817	-70.7625
27818	-72.4197
27819	-72.1271
27820	-70.8542
27821	-67.9469
27822	-66.0369
27823	-65.8913
27824	-67.0154
27825	-67.2788
27826	-67.194
27827	-68.5041
27828	-68.8571
27829	-68.4032
27830	-65.7698
27831	-57.9955
27832	-52.0199
27833	-52.266
27834	-59.9388
27835	-66.9472
27836	-67.0381
27837	-63.7852
27838	-60.7222
27839	-59.4071
27840	-60.0654
27841	-62.6772
27842	-63.1634
27843	-61.858
27844	-65.0996
27845	-66.4094
27846	-65.6026
27847	-65.8329
27848	-65.672
27849	-65.3462
27850	-65.1541
27851	-64.6566
27852	-66.6957
27853	-68.7689
27854	-69.6737
27855	-69.8786
27856	-66.8627
27857	-66.7587
27858	-70.3769
27859	-70.3772
27860	-69.2152
27861	-68.3133
27862	-67.4311
27863	-66.1838
27864	-66.1812
27865	-66.9622
27866	-67.9861
27867	-69.3614
27868	-71.5767
27869	-72.5279
27870	-71.4794
27871	-71.1293
27872	-70.3257
27873	-70.3993
27874	-70.69
27875	-71.1497
27876	-71.8645
27877	-72.3771
27878	-72.8822
27879	-71.2354
27880	-65.1307
27881	-64.3803
27882	-68.398
27883	-71.1632
27884	-73.2145
27885	-73.0204
27886	-72.0072
27887	-71.6912
27888	-71.493
27889	-71.113
27890	-72.1345
27891	-71.9507
27892	-71.8415
27893	-71.1354
27894	-71.1676
27895	-68.8743
27896	-67.1122
27897	-64.123
27898	-61.3365
27899	-60.4503
27900	-60.3044
27901	-61.411
27902	-63.3786
27903	-65.3459
27904	-61.5562
27905	-41.8537
27906	-31.9687
27907	-31.8585
27908	-41.4553
27909	-63.3533
27910	-66.4066
27911	-64.3783
27912	-61.7683
27913	-60.3263
27914	-60.6171
27915	-61.1337
27916	-64.4665
27917	-67.5347
27918	-69.762
27919	-71.3681
27920	-71.2592
27921	-71.8869
27922	-71.4051
27923	-71.9932
27924	-71.5096
27925	-71.8253
27926	-72.1706
27927	-72.1656
27928	-72.6508
27929	-73.4534
27930	-71.0962
27931	-67.7256
27932	-65.2357
27933	-65.808
27934	-70.4467
27935	-72.2166
27936	-71.7831
27937	-70.5498
27938	-69.479
27939	-69.1469
27940	-69.3438
27941	-69.8208
27942	-71.5564
27943	-72.9396
27944	-72.5569
27945	-70.9411
27946	-68.8465
27947	-67.216
27948	-66.1772
27949	-65.6301
27950	-65.3164
27951	-66.4536
27952	-67.6681
27953	-68.6313
27954	-69.7021
27955	-67.4227
27956	-60.037
27957	-60.1681
27958	-68.7146
27959	-70.3414
27960	-69.6492
27961	-68.2805
27962	-66.7165
27963	-66.6355
27964	-67.1692
27965	-68.0372
27966	-68.1553
27967	-67.9606
27968	-69.4021
27969	-65.6576
27970	-60.9864
27971	-64.1037
27972	-65.0232
27973	-64.0947
27974	-63.8646
27975	-63.9211
27976	-65.8324
27977	-68.0919
27978	-68.8282
27979	-60.4373
27980	-50.7808
27981	-49.9448
27982	-57.7776
27983	-67.2371
27984	-68.7946
27985	-67.9052
27986	-66.5519
27987	-65.558
27988	-66.1447
27989	-65.9701
27990	-64.8846
27991	-64.6377
27992	-67.9886
27993	-71.6129
27994	-72.4182
27995	-71.6168
27996	-69.6671
27997	-68.3433
27998	-66.9451
27999	-67.5453
28000	-69.4964
28001	-70.8962
28002	-71.525
28003	-70.7426
28004	-68.6767
28005	-67.9257
28006	-69.5505
28007	-71.7437
28008	-72.9041
28009	-72.5698
28010	-72.1314
28011	-71.3774
28012	-70.1869
28013	-70.7911
28014	-70.6112
28015	-70.0391
28016	-69.5314
28017	-68.9242
28018	-68.145
28019	-66.7592
28020	-64.5751
28021	-62.2001
28022	-59.0791
28023	-57.3526
28024	-56.3374
28025	-57.3549
28026	-59.9509
28027	-59.6556
28028	-54.608
28029	-38.2499
28030	-28.0139
28031	-27.3102
28032	-36.6126
28033	-51.5332
28034	-58.0347
28035	-60.7145
28036	-60.4599
28037	-59.7914
28038	-60.3618
28039	-61.3732
28040	-63.7867
28041	-64.6678
28042	-66.1692
28043	-68.4999
28044	-69.364
28045	-70.0836
28046	-71.0688
28047	-71.6369
28048	-70.9774
28049	-70.713
28050	-71.2754
28051	-71.6656
28052	-72.342
28053	-73.1848
28054	-73.3513
28055	-72.6048
28056	-71.014
28057	-70.8811
28058	-72.8874
28059	-72.515
28060	-72.1451
28061	-71.828
28062	-70.9825
28063	-70.9934
28064	-70.4217
28065	-69.8633
28066	-70.1135
28067	-70.6969
28068	-70.8007
28069	-68.6577
28070	-65.3786
28071	-66.2255
28072	-66.5776
28073	-65.6341
28074	-65.2476
28075	-66.5855
28076	-68.4296
28077	-69.3395
28078	-69.0212
28079	-60.9654
28080	-51.2292
28081	-50.4633
28082	-58.1274
28083	-66.3958
28084	-67.3464
28085	-65.9228
28086	-62.688
28087	-62.8862
28088	-63.4237
28089	-63.8623
28090	-62.1811
28091	-59.9773
28092	-62.8767
28093	-66.7848
28094	-65.5773
28095	-64.1723
28096	-62.4627
28097	-57.9673
28098	-56.4367
28099	-59.0728
28100	-62.8042
28101	-67.6495
28102	-68.3847
28103	-64.4609
28104	-59.5715
28105	-58.1944
28106	-62.3923
28107	-66.9661
28108	-67.498
28109	-68.8653
28110	-68.8438
28111	-68.3904
28112	-68.9143
28113	-69.226
28114	-68.8223
28115	-69.0367
28116	-69.8702
28117	-71.9897
28118	-72.2895
28119	-73.1754
28120	-72.8674
28121	-72.1895
28122	-70.6617
28123	-71.6952
28124	-73.3268
28125	-73.3628
28126	-73.044
28127	-72.1043
28128	-70.8226
28129	-70.5866
28130	-70.8451
28131	-71.8781
28132	-71.6905
28133	-71.0767
28134	-70.8182
28135	-70.3709
28136	-69.0874
28137	-68.877
28138	-69.4602
28139	-68.6089
28140	-66.7786
28141	-66.0288
28142	-65.6787
28143	-64.3097
28144	-61.5139
28145	-57.3095
28146	-50.7741
28147	-46.2108
28148	-44.3594
28149	-47.2706
28150	-53.1038
28151	-58.4293
28152	-58.2448
28153	-50.7843
28154	-44.2377
28155	-42.9579
28156	-48.7294
28157	-55.7667
28158	-61.5054
28159	-64.4087
28160	-65.2993
28161	-66.0278
28162	-66.2891
28163	-67.1311
28164	-68.3551
28165	-69.0388
28166	-69.6107
28167	-70.0408
28168	-70.8996
28169	-71.93
28170	-72.3406
28171	-71.9216
28172	-71.556
28173	-71.2384
28174	-71.5358
28175	-71.9364
28176	-72.1679
28177	-72.2996
28178	-71.518
28179	-68.7758
28180	-63.6396
28181	-63.4983
28182	-69.7095
28183	-72.9973
28184	-72.4453
28185	-71.6732
28186	-69.4594
28187	-69.005
28188	-68.0562
28189	-68.0403
28190	-67.9375
28191	-68.3928
28192	-69.6809
28193	-69.711
28194	-68.3011
28195	-66.2638
28196	-62.8946
28197	-57.8802
28198	-56.1896
28199	-59.1814
28200	-63.3912
28201	-67.0474
28202	-66.7158
28203	-62.8236
28204	-57.9875
28205	-56.5006
28206	-61.4955
28207	-65.5083
28208	-64.9421
28209	-66.6978
28210	-67.1913
28211	-66.6904
28212	-67.7766
28213	-68.3826
28214	-66.8964
28215	-65.7816
28216	-66.548
28217	-67.9852
28218	-68.5053
28219	-68.277
28220	-69.1634
28221	-68.2755
28222	-66.5034
28223	-68.7954
28224	-69.8548
28225	-69.297
28226	-67.8301
28227	-64.9144
28228	-61.6185
28229	-60.7536
28230	-62.8384
28231	-65.7534
28232	-68.6672
28233	-70.1279
28234	-71.0325
28235	-70.4577
28236	-69.2263
28237	-68.8546
28238	-69.2736
28239	-70.1953
28240	-70.225
28241	-71.18
28242	-72.6445
28243	-72.6391
28244	-73.0706
28245	-67.4931
28246	-61.8917
28247	-64.612
28248	-69.8723
28249	-71.5514
28250	-73.1579
28251	-71.6238
28252	-71.2992
28253	-71.048
28254	-71.0772
28255	-71.5776
28256	-72.4432
28257	-71.9199
28258	-71.631
28259	-71.2443
28260	-70.4913
28261	-69.841
28262	-68.3652
28263	-67.1454
28264	-65.5538
28265	-65.9647
28266	-65.8852
28267	-66.5408
28268	-67.8386
28269	-67.1864
28270	-63.6982
28271	-59.8344
28272	-56.7114
28273	-60.1757
28274	-65.2457
28275	-64.529
28276	-60.8037
28277	-56.538
28278	-53.1622
28279	-51.2311
28280	-52.8779
28281	-56.626
28282	-62.3726
28283	-66.2021
28284	-68.0046
28285	-68.9879
28286	-68.691
28287	-70.0483
28288	-70.4651
28289	-70.6847
28290	-70.4064
28291	-70.866
28292	-71.5367
28293	-71.6572
28294	-72.2624
28295	-72.8359
28296	-70.4794
28297	-68.7433
28298	-68.3977
28299	-70.3565
28300	-71.677
28301	-71.8393
28302	-71.9755
28303	-70.8748
28304	-68.5054
28305	-68.2566
28306	-70.2653
28307	-72.1863
28308	-73.6725
28309	-73.2034
28310	-71.5009
28311	-70.7683
28312	-69.4977
28313	-68.7688
28314	-68.3969
28315	-68.1197
28316	-68.2749
28317	-68.7598
28318	-69.7039
28319	-69.7721
28320	-70.5292
28321	-71.7681
28322	-72.0216
28323	-72.2555
28324	-71.1292
28325	-69.7871
28326	-68.083
28327	-64.7505
28328	-62.7507
28329	-61.9223
28330	-63.1088
28331	-66.0556
28332	-67.4419
28333	-68.6533
28334	-68.0714
28335	-61.319
28336	-59.6639
28337	-63.8305
28338	-64.8309
28339	-64.079
28340	-63.408
28341	-64.6361
28342	-66.7321
28343	-67.1446
28344	-66.2737
28345	-53.3366
28346	-47.7589
28347	-51.3953
28348	-64.9662
28349	-68.3731
28350	-67.4326
28351	-65.3437
28352	-63.4808
28353	-63.3541
28354	-63.819
28355	-64.859
28356	-63.897
28357	-64.7227
28358	-69.6244
28359	-71.0922
28360	-70.4279
28361	-69.2696
28362	-69.0061
28363	-69.7259
28364	-68.8522
28365	-69.4761
28366	-71.3791
28367	-71.4806
28368	-71.9837
28369	-70.6558
28370	-67.6146
28371	-69.0365
28372	-71.795
28373	-73.3082
28374	-73.3624
28375	-72.6354
28376	-72.2225
28377	-71.1751
28378	-70.7694
28379	-71.5104
28380	-71.2605
28381	-69.9246
28382	-69.6623
28383	-68.8026
28384	-67.9794
28385	-65.2383
28386	-64.4122
28387	-62.4417
28388	-60.4647
28389	-59.4824
28390	-59.0944
28391	-60.2327
28392	-59.8343
28393	-56.8657
28394	-40.4697
28395	-22.4519
28396	-16.8184
28397	-20.5073
28398	-35.0385
28399	-55.9456
28400	-58.6244
28401	-57.5761
28402	-55.5139
28403	-55.3867
28404	-56.0975
28405	-58.2237
28406	-61.7381
28407	-63.2396
28408	-66.3249
28409	-67.7018
28410	-68.5981
28411	-69.244
28412	-70.9835
28413	-70.9452
28414	-70.2143
28415	-70.1224
28416	-71.5092
28417	-71.9863
28418	-72.5555
28419	-72.9772
28420	-72.5472
28421	-71.4408
28422	-70.9242
28423	-71.8904
28424	-72.6415
28425	-71.9611
28426	-71.3941
28427	-70.6204
28428	-68.823
28429	-69.6934
28430	-69.9258
28431	-69.9067
28432	-71.6699
28433	-71.6521
28434	-70.4445
28435	-66.0226
28436	-63.8096
28437	-65.8415
28438	-66.3579
28439	-66.3028
28440	-66.1453
28441	-67.7471
28442	-68.1962
28443	-68.8696
28444	-66.9704
28445	-53.5635
28446	-47.9993
28447	-51.6621
28448	-64.9364
28449	-67.9103
28450	-65.8268
28451	-63.0692
28452	-61.6556
28453	-62.359
28454	-62.4412
28455	-63.5752
28456	-60.1026
28457	-59.7293
28458	-66.833
28459	-66.451
28460	-64.5274
28461	-64.2417
28462	-62.6087
28463	-62.2906
28464	-61.8668
28465	-63.0838
28466	-65.6516
28467	-68.2186
28468	-69.1611
28469	-64.0453
28470	-58.9968
28471	-61.4159
28472	-69.0226
28473	-69.7009
28474	-69.5055
28475	-69.6504
28476	-68.8961
28477	-68.2899
28478	-68.6421
28479	-68.8187
28480	-68.5396
28481	-69.5637
28482	-71.7158
28483	-72.9837
28484	-73.0871
28485	-72.1739
28486	-71.055
28487	-70.4839
28488	-70.589
28489	-71.6982
28490	-72.5569
28491	-72.5736
28492	-72.2665
28493	-70.1653
28494	-67.9781
28495	-68.2544
28496	-69.9135
28497	-72.5936
28498	-72.2819
28499	-71.7785
28500	-71.6311
28501	-71.0927
28502	-70.433
28503	-70.7875
28504	-71.4148
28505	-70.861
28506	-69.6314
28507	-68.9979
28508	-68.2217
28509	-66.1747
28510	-62.6769
28511	-57.9095
28512	-54.491
28513	-53.3272
28514	-53.7496
28515	-56.4539
28516	-59.8103
28517	-61.8635
28518	-55.8021
28519	-40.4114
28520	-34.2195
28521	-37.6172
28522	-50.2814
28523	-62.3114
28524	-65.6075
28525	-65.8408
28526	-65.0058
28527	-64.8975
28528	-64.9621
28529	-65.9527
28530	-67.4276
28531	-69.5957
28532	-70.9189
28533	-70.8579
28534	-72.0763
28535	-71.5708
28536	-71.6297
28537	-72.3163
28538	-71.5068
28539	-71.8252
28540	-72.2604
28541	-72.0229
28542	-72.8463
28543	-72.788
28544	-70.103
28545	-66.3301
28546	-61.7355
28547	-65.239
28548	-72.4946
28549	-72.4317
28550	-71.6341
28551	-70.7016
28552	-69.5581
28553	-69.8557
28554	-69.0358
28555	-69.3556
28556	-69.6802
28557	-71.1507
28558	-71.5766
28559	-69.1155
28560	-67.4163
28561	-65.3767
28562	-63.0228
28563	-61.7631
28564	-61.8282
28565	-63.7696
28566	-66.448
28567	-67.8377
28568	-68.0524
28569	-61.567
28570	-55.6743
28571	-58.5679
28572	-67.5995
28573	-68.6929
28574	-68.2947
28575	-68.4694
28576	-67.4084
28577	-67.8808
28578	-68.666
28579	-69.1798
28580	-66.8809
28581	-67.383
28582	-67.7344
28583	-67.156
28584	-65.235
28585	-66.2705
28586	-65.7205
28587	-62.9845
28588	-63.2533
28589	-65.3794
28590	-67.4475
28591	-69.4867
28592	-65.3831
28593	-59.3019
28594	-55.0617
28595	-56.0683
28596	-61.9484
28597	-67.2189
28598	-69.4801
28599	-69.3325
28600	-68.3524
28601	-67.6969
28602	-67.2748
28603	-67.4532
28604	-66.9987
28605	-68.5234
28606	-69.6429
28607	-72.2551
28608	-72.9842
28609	-72.732
28610	-70.0582
28611	-65.205
28612	-64.195
28613	-67.6505
28614	-70.2276
28615	-71.097
28616	-72.0052
28617	-70.6867
28618	-69.7441
28619	-69.6423
28620	-70.3757
28621	-72.1453
28622	-72.3981
28623	-71.9302
28624	-71.189
28625	-70.6421
28626	-69.9524
28627	-70.2624
28628	-69.1771
28629	-68.99
28630	-67.7704
28631	-68.5415
28632	-67.3884
28633	-66.7734
28634	-65.1042
28635	-61.6182
28636	-57.6017
28637	-53.714
28638	-53.8648
28639	-57.1632
28640	-61.4256
28641	-60.443
28642	-53.8152
28643	-45.4521
28644	-40.2049
28645	-42.1097
28646	-48.6594
28647	-55.9625
28648	-61.5049
28649	-63.74
28650	-64.3357
28651	-64.7366
28652	-64.9138
28653	-66.6935
28654	-67.967
28655	-68.1072
28656	-68.7694
28657	-70.0568
28658	-70.4979
28659	-70.9343
28660	-71.6232
28661	-71.5611
28662	-70.5041
28663	-70.7043
28664	-70.791
28665	-71.4992
28666	-72.6568
28667	-72.7051
28668	-72.9394
28669	-71.2108
28670	-68.2642
28671	-70.7496
28672	-72.7685
28673	-72.8049
28674	-72.4922
28675	-72.1368
28676	-71.0856
28677	-70.2358
28678	-70.0305
28679	-69.799
28680	-69.3084
28681	-69.8419
28682	-68.9255
28683	-69.2455
28684	-67.8188
28685	-68.3819
28686	-67.8881
28687	-65.4045
28688	-66.0569
28689	-68.2312
28690	-70.1606
28691	-69.7743
28692	-65.112
28693	-59.8156
28694	-55.7111
28695	-56.5586
28696	-62.2492
28697	-66.3606
28698	-68.2009
28699	-67.1456
28700	-63.5161
28701	-61.673
28702	-62.2661
28703	-66.2264
28704	-63.2499
28705	-62.8506
28706	-63.3317
28707	-66.412
28708	-66.2556
28709	-64.7229
28710	-59.4331
28711	-52.4855
28712	-51.5675
28713	-58.3535
28714	-65.8097
28715	-68.3886
28716	-66.3934
28717	-63.4281
28718	-60.4819
28719	-60.7128
28720	-63.6355
28721	-65.5829
28722	-65.5251
28723	-67.6459
28724	-68.8782
28725	-69.7045
28726	-68.8596
28727	-69.3935
28728	-69.192
28729	-69.9149
28730	-69.9382
28731	-71.5131
28732	-71.9901
28733	-72.7509
28734	-72.835
28735	-70.3836
28736	-69.3236
28737	-71.95
28738	-73.4527
28739	-73.1713
28740	-72.9566
28741	-72.1208
28742	-71.7123
28743	-71.6886
28744	-71.2251
28745	-72.0542
28746	-70.8457
28747	-70.0666
28748	-69.8196
28749	-69.0878
28750	-67.3845
28751	-66.3357
28752	-65.9828
28753	-64.5603
28754	-63.0365
28755	-62.3569
28756	-62.0504
28757	-62.0327
28758	-58.9397
28759	-53.1161
28760	-44.0606
28761	-35.2263
28762	-33.7853
28763	-41.4757
28764	-52.3061
28765	-58.4718
28766	-57.0359
28767	-52.5573
28768	-50.3675
28769	-50.3828
28770	-53.5105
28771	-57.8474
28772	-61.8374
28773	-64.3541
28774	-65.8965
28775	-67.2922
28776	-67.7519
28777	-68.8235
28778	-69.8515
28779	-70.1027
28780	-69.5884
28781	-70.1925
28782	-71.1252
28783	-72.2779
28784	-72.7546
28785	-72.1351
28786	-71.2985
28787	-70.6186
28788	-71.0128
28789	-71.7637
28790	-72.2505
28791	-71.8772
28792	-70.5424
28793	-67.9378
28794	-66.1309
28795	-67.5746
28796	-70.5169
28797	-72.0982
28798	-72.2401
28799	-71.2036
28800	-68.5459
28801	-66.3142
28802	-65.6447
28803	-66.8553
28804	-67.1646
28805	-67.105
28806	-68.0222
28807	-68.8579
28808	-68.4969
28809	-66.6053
28810	-59.5742
28811	-52.6558
28812	-51.6435
28813	-58.4018
28814	-65.7728
28815	-67.6725
28816	-64.5645
28817	-61.2243
28818	-59.7857
28819	-59.8199
28820	-62.0547
28821	-63.7144
28822	-62.0372
28823	-64.4221
28824	-66.6481
28825	-66.2842
28826	-66.2055
28827	-66.1061
28828	-65.3931
28829	-65.5375
28830	-64.8841
28831	-66.4239
28832	-68.5876
28833	-69.543
28834	-70.1998
28835	-70.0628
28836	-69.1567
28837	-70.5729
28838	-70.4128
28839	-69.1546
28840	-68.2931
28841	-67.1672
28842	-65.9234
28843	-65.8309
28844	-66.3749
28845	-67.6929
28846	-69.1166
28847	-71.2164
28848	-72.5828
28849	-71.6771
28850	-71.1597
28851	-70.278
28852	-70.0153
28853	-70.5157
28854	-70.7643
28855	-71.5757
28856	-72.2112
28857	-72.6832
28858	-72.088
28859	-65.8639
28860	-63.6845
28861	-67.6699
28862	-70.7239
28863	-73.1014
28864	-73.2799
28865	-72.0111
28866	-71.7826
28867	-71.5891
28868	-71.1033
28869	-72.1981
28870	-71.9135
28871	-71.9978
28872	-71.3664
28873	-71.1369
28874	-69.6096
28875	-67.4611
28876	-65.0017
28877	-61.8519
28878	-60.6461
28879	-60.6882
28880	-61.3553
28881	-63.3765
28882	-65.8111
28883	-64.0947
28884	-47.5463
28885	-35.709
28886	-33.9943
28887	-41.7142
28888	-61.8117
28889	-66.7212
28890	-64.5026
28891	-61.6625
28892	-59.8065
28893	-60.0412
28894	-60.4272
28895	-63.221
28896	-66.8024
28897	-69.1702
28898	-71.1366
28899	-71.2115
28900	-71.8647
28901	-71.6408
28902	-72.0243
28903	-71.6296
28904	-71.6419
28905	-72.1772
28906	-72.2997
28907	-72.4902
28908	-73.3713
28909	-71.619
28910	-68.2052
28911	-65.714
28912	-65.341
28913	-69.8545
28914	-72.2585
28915	-71.9463
28916	-70.8728
28917	-69.8794
28918	-68.9392
28919	-69.3386
28920	-69.586
28921	-71.159
28922	-72.8427
28923	-72.6633
28924	-71.3265
28925	-69.5362
28926	-67.6455
28927	-66.5308
28928	-65.9818
28929	-65.5132
28930	-66.3582
28931	-67.5119
28932	-68.5899
28933	-69.7436
28934	-69.2621
28935	-62.5191
28936	-61.1419
28937	-68.1159
28938	-70.3485
28939	-69.6663
28940	-68.431
28941	-66.546
28942	-65.9545
28943	-66.7898
28944	-67.2567
28945	-67.7965
28946	-67.6479
28947	-69.148
28948	-66.5571
28949	-61.0072
28950	-62.981
28951	-65.0521
28952	-63.677
28953	-63.4573
28954	-63.2054
28955	-65.1663
28956	-67.451
28957	-68.8072
28958	-62.5972
28959	-51.6794
28960	-49.2397
28961	-55.6642
28962	-66.3725
28963	-68.8476
28964	-68.2376
28965	-66.8755
28966	-65.5947
28967	-65.8999
28968	-65.8769
28969	-65.1109
28970	-64.3031
28971	-67.227
28972	-71.1157
28973	-72.1682
28974	-71.9328
28975	-69.9011
28976	-68.8413
28977	-67.47
28978	-67.3069
28979	-69.2801
28980	-70.603
28981	-71.5741
28982	-71.2209
28983	-69.3012
28984	-68.2773
28985	-69.394
28986	-71.5857
28987	-72.7372
28988	-72.7534
28989	-72.3767
28990	-71.5336
28991	-70.2367
28992	-70.5667
28993	-70.7677
28994	-69.9795
28995	-69.6206
28996	-68.8372
28997	-68.1341
28998	-66.8581
28999	-64.6167
29000	-62.3261
29001	-59.1143
29002	-57.1614
29003	-56.0561
29004	-56.4957
29005	-59.306
29006	-59.3381
29007	-56.0872
29008	-40.937
29009	-28.8088
29010	-26.4247
29011	-33.9698
29012	-49.1832
29013	-57.2811
29014	-60.4941
29015	-60.4988
29016	-59.7881
29017	-60.2291
29018	-61.0666
29019	-63.5952
29020	-64.6312
29021	-65.6762
29022	-68.156
29023	-69.0991
29024	-69.9126
29025	-70.6114
29026	-71.9535
29027	-71.0799
29028	-70.7504
29029	-71.3608
29030	-71.6061
29031	-72.0373
29032	-73.3043
29033	-73.2837
29034	-73.0224
29035	-71.29
29036	-70.9132
29037	-72.6054
29038	-72.5595
29039	-72.0805
29040	-71.919
29041	-70.7137
29042	-70.9079
29043	-70.4481
29044	-69.7066
29045	-69.9572
29046	-70.4598
29047	-70.8796
29048	-69.1591
29049	-65.5023
29050	-65.6896
29051	-66.3885
29052	-65.4935
29053	-64.7798
29054	-65.7374
29055	-67.7055
29056	-69.1051
29057	-69.0727
29058	-63.0151
29059	-52.0455
29060	-49.7068
29061	-56.1382
29062	-65.8031
29063	-67.3793
29064	-66.3399
29065	-63.0885
29066	-62.6239
29067	-63.3726
29068	-63.6538
29069	-62.8728
29070	-59.8965
29071	-62.0714
29072	-66.3131
29073	-66.241
29074	-64.4907
29075	-63.3678
29076	-58.8263
29077	-56.5247
29078	-58.6715
29079	-62.2356
29080	-66.9781
29081	-68.9554
29082	-65.7689
29083	-60.8269
29084	-58.5848
29085	-61.793
29086	-66.8521
29087	-67.5325
29088	-68.8954
29089	-68.944
29090	-68.4517
29091	-68.817
29092	-69.1418
29093	-69.0137
29094	-68.9
29095	-69.9512
29096	-71.6162
29097	-72.4306
29098	-73.0474
29099	-72.7455
29100	-72.4882
29101	-70.8341
29102	-71.1968
29103	-73.0844
29104	-73.2009
29105	-73.0181
29106	-72.0267
29107	-70.8721
29108	-70.4895
29109	-70.4579
29110	-71.6102
29111	-72.0807
29112	-71.0666
29113	-70.7107
29114	-70.4136
29115	-69.4837
29116	-68.8604
29117	-69.5032
29118	-68.7482
29119	-67.1138
29120	-66.2103
29121	-66.0211
29122	-64.7971
29123	-62.2538
29124	-58.2128
29125	-51.8965
29126	-47.2811
29127	-44.4763
29128	-46.6793
29129	-51.9938
29130	-57.3928
29131	-59.6053
29132	-52.7459
29133	-45.7333
29134	-43.0626
29135	-47.866
29136	-55.1336
29137	-61.1318
29138	-64.2839
29139	-65.3903
29140	-65.9936
29141	-66.4878
29142	-66.8947
29143	-68.2917
29144	-69.1472
29145	-69.8369
29146	-70.1335
29147	-70.817
29148	-71.7265
29149	-72.5816
29150	-71.8924
29151	-71.7614
29152	-71.1147
29153	-71.5644
29154	-71.8602
29155	-72.0062
29156	-72.2629
29157	-71.4226
29158	-69.4533
29159	-64.2417
29160	-62.8479
29161	-68.4797
29162	-73.0346
29163	-72.5407
29164	-71.9295
29165	-69.8103
29166	-69.0155
29167	-68.397
29168	-68.1557
29169	-67.9571
29170	-68.1587
29171	-69.2914
29172	-69.7558
29173	-68.672
29174	-66.9102
29175	-63.7527
29176	-58.7926
29177	-56.3422
29178	-58.5368
29179	-62.7355
29180	-66.8642
29181	-67.6274
29182	-63.8203
29183	-59.2204
29184	-56.7322
29185	-60.7665
29186	-65.7962
29187	-64.9359
29188	-66.5374
29189	-67.4278
29190	-66.8119
29191	-67.4428
29192	-68.3787
29193	-67.6532
29194	-65.8532
29195	-66.7285
29196	-67.811
29197	-68.4524
29198	-68.0654
29199	-68.8585
29200	-67.3847
29201	-64.4852
29202	-66.6682
29203	-68.8523
29204	-69.3882
29205	-68.0225
29206	-65.5121
29207	-61.774
29208	-60.3755
29209	-62.0806
29210	-64.985
29211	-68.0897
29212	-69.8992
29213	-70.9259
29214	-70.5854
29215	-69.3512
29216	-68.7456
29217	-69.1473
29218	-69.7895
29219	-70.0341
29220	-70.6597
29221	-72.6051
29222	-72.3914
29223	-73.1178
29224	-68.8981
29225	-62.1817
29226	-63.4819
29227	-69.3797
29228	-71.3195
29229	-72.8438
29230	-71.8691
29231	-71.478
29232	-71.0935
29233	-71.0077
29234	-71.4785
29235	-72.3976
29236	-72.0545
29237	-71.692
29238	-71.2131
29239	-70.9705
29240	-69.9279
29241	-68.7772
29242	-67.4462
29243	-65.8967
29244	-66.0634
29245	-65.9651
29246	-66.5407
29247	-67.3684
29248	-67.2563
29249	-62.8635
29250	-57.1136
29251	-52.4804
29252	-54.9873
29253	-62.4615
29254	-64.4905
29255	-61.2897
29256	-57.0386
29257	-52.8685
29258	-50.7865
29259	-52.2991
29260	-55.4977
29261	-61.2258
29262	-65.2569
29263	-67.6908
29264	-68.7892
29265	-68.457
29266	-69.3909
29267	-70.5237
29268	-70.663
29269	-70.2422
29270	-70.5079
29271	-71.4111
29272	-71.6859
29273	-71.8138
29274	-72.8614
29275	-71.135
29276	-68.8528
29277	-68.5199
29278	-69.7856
29279	-71.4064
29280	-72.0316
29281	-72.1108
29282	-71.4219
29283	-69.1969
29284	-68.1927
29285	-70.008
29286	-71.9665
29287	-73.4529
29288	-73.3357
29289	-71.8873
29290	-70.8054
29291	-69.7401
29292	-68.6881
29293	-68.6251
29294	-68.1923
29295	-68.1674
29296	-68.7303
29297	-69.7078
29298	-69.8275
29299	-70.1084
29300	-71.209
29301	-71.5049
29302	-71.3571
29303	-71.1307
29304	-69.9461
29305	-68.6015
29306	-64.8266
29307	-62.5001
29308	-61.459
29309	-62.3943
29310	-65.2499
29311	-67.0428
29312	-68.1828
29313	-68.7099
29314	-62.2545
29315	-59.2445
29316	-63.1334
29317	-64.8826
29318	-64.0452
29319	-63.3061
29320	-63.8571
29321	-66.276
29322	-66.9494
29323	-66.9363
29324	-55.2262
29325	-48.0385
29326	-50.0614
29327	-62.2973
29328	-68.5531
29329	-67.7031
29330	-65.9716
29331	-63.9481
29332	-63.416
29333	-63.9024
29334	-64.7252
29335	-64.2613
29336	-64.1118
29337	-68.7924
29338	-70.8664
29339	-70.7147
29340	-69.6108
29341	-69.0691
29342	-69.7873
29343	-68.9706
29344	-69.2045
29345	-71.1818
29346	-71.5278
29347	-71.9879
29348	-71.3785
29349	-68.1355
29350	-68.7417
29351	-71.6373
29352	-72.957
29353	-73.5026
29354	-72.6846
29355	-72.1636
29356	-71.4187
29357	-70.8086
29358	-71.2702
29359	-71.4032
29360	-70.034
29361	-69.7644
29362	-68.9955
29363	-68.1304
29364	-65.6135
29365	-64.1943
29366	-62.7509
29367	-60.4272
29368	-59.5204
29369	-58.7402
29370	-60.0574
29371	-59.8389
29372	-57.4875
29373	-45.2676
29374	-24.7721
29375	-17.3636
29376	-19.4148
29377	-31.7775
29378	-54.8879
29379	-58.3615
29380	-57.794
29381	-55.9609
29382	-55.3773
29383	-56.0446
29384	-57.841
29385	-61.2735
29386	-62.8931
29387	-65.8106
29388	-67.5461
29389	-68.5671
29390	-69.0128
29391	-70.5965
29392	-71.1048
29393	-70.2762
29394	-70.1167
29395	-71.2285
29396	-72.0854
29397	-72.5084
29398	-72.9137
29399	-72.6942
29400	-71.2818
29401	-70.5535
29402	-71.495
29403	-72.6063
29404	-71.7584
29405	-71.3506
29406	-70.7384
29407	-68.9292
29408	-69.2626
29409	-69.8147
29410	-69.6848
29411	-71.3625
29412	-71.6679
29413	-70.8778
29414	-67.0084
29415	-63.6389
29416	-65.3674
29417	-66.2514
29418	-66.3745
29419	-65.8249
29420	-67.2286
29421	-67.9801
29422	-68.8042
29423	-68.1257
29424	-55.4455
29425	-48.2068
29426	-50.2617
29427	-62.1878
29428	-68.2033
29429	-66.4124
29430	-63.5968
29431	-61.8507
29432	-62.1068
29433	-62.5472
29434	-63.7233
29435	-60.9978
29436	-59.1963
29437	-65.5205
29438	-67.378
29439	-65.1117
29440	-64.6302
29441	-63.1959
29442	-62.6939
29443	-62.1983
29444	-63.114
29445	-65.1857
29446	-68.1016
29447	-69.3142
29448	-66.3226
29449	-60.6997
29450	-61.6491
29451	-68.4598
29452	-69.8229
29453	-69.5994
29454	-69.4694
29455	-68.9589
29456	-68.2167
29457	-68.4829
29458	-68.5953
29459	-68.536
29460	-69.5027
29461	-71.2419
29462	-72.8382
29463	-73.0912
29464	-72.3617
29465	-71.201
29466	-70.4611
29467	-70.3943
29468	-71.2078
29469	-72.3325
29470	-72.5699
29471	-72.3027
29472	-70.6699
29473	-67.9743
29474	-68.0033
29475	-69.3324
29476	-72.2022
29477	-72.5335
29478	-71.8026
29479	-71.8908
29480	-71.3195
29481	-70.5489
29482	-70.8043
29483	-71.4394
29484	-71.1552
29485	-70.2532
29486	-69.1833
29487	-68.7772
29488	-66.7196
29489	-63.2806
29490	-58.9649
29491	-55.2036
29492	-53.7957
29493	-53.8553
29494	-56.2351
29495	-59.4124
29496	-62.2201
29497	-59.3623
29498	-43.4732
29499	-35.5909
29500	-37.2132
29501	-48.2958
29502	-61.7553
29503	-65.6646
29504	-65.9569
29505	-65.1024
29506	-64.5975
29507	-64.8449
29508	-65.4696
29509	-67.0472
29510	-69.4744
29511	-70.5917
29512	-70.8374
29513	-71.7775
29514	-71.6524
29515	-71.622
29516	-72.3075
29517	-71.6168
29518	-71.9767
29519	-72.3181
29520	-72.0621
29521	-72.7635
29522	-73.0384
29523	-70.4789
29524	-67.4674
29525	-61.9654
29526	-64.0161
29527	-72.1922
29528	-72.51
29529	-71.7991
29530	-71.1072
29531	-69.6544
29532	-69.7348
29533	-69.2422
29534	-69.4167
29535	-69.5691
29536	-70.8229
29537	-72.1848
29538	-69.7345
29539	-67.9578
29540	-65.8817
29541	-63.6633
29542	-62.2242
29543	-61.8356
29544	-63.7486
29545	-66.1654
29546	-67.9873
29547	-68.5612
29548	-64.1391
29549	-56.9094
29550	-58.369
29551	-66.687
29552	-68.7535
29553	-68.3857
29554	-68.4108
29555	-67.5268
29556	-67.6681
29557	-68.0962
29558	-69.5103
29559	-67.4115
29560	-67.4548
29561	-67.6349
29562	-67.0542
29563	-65.0412
29564	-65.5503
29565	-65.6622
29566	-62.5993
29567	-62.2735
29568	-64.4514
29569	-66.6595
29570	-69.097
29571	-66.1133
29572	-60.303
29573	-55.1021
29574	-55.1319
29575	-60.639
29576	-66.4737
29577	-69.1453
29578	-69.6365
29579	-68.4267
29580	-67.8213
29581	-67.3063
29582	-67.403
29583	-66.8277
29584	-68.0766
29585	-69.3489
29586	-72.0453
29587	-72.8543
29588	-72.9833
29589	-70.8237
29590	-66.1368
29591	-63.9204
29592	-66.6889
29593	-69.7989
29594	-71.0382
29595	-72.1621
29596	-70.9491
29597	-70.089
29598	-69.657
29599	-70.22
29600	-72.0584
29601	-72.5878
29602	-72.1318
29603	-71.4841
29604	-70.6021
29605	-69.9254
29606	-70.4888
29607	-69.3524
29608	-68.9584
29609	-67.8418
29610	-68.3231
29611	-67.4316
29612	-66.5143
29613	-65.0993
29614	-61.6881
29615	-57.4822
29616	-53.2119
29617	-52.5884
29618	-55.4712
29619	-60.3125
29620	-60.9352
29621	-54.6934
29622	-46.3395
29623	-40.352
29624	-40.9811
29625	-47.3636
29626	-54.3062
29627	-60.5374
29628	-63.274
29629	-64.1467
29630	-64.4757
29631	-64.6854
29632	-66.186
29633	-67.559
29634	-68.0257
29635	-68.5713
29636	-69.7742
29637	-70.4358
29638	-70.8518
29639	-71.4395
29640	-71.6399
29641	-70.7102
29642	-70.5868
29643	-70.6918
29644	-71.2224
29645	-72.4713
29646	-72.6789
29647	-73.2703
29648	-72.1683
29649	-68.901
29650	-70.5146
29651	-72.8149
29652	-72.9061
29653	-72.5103
29654	-72.2814
29655	-71.2011
29656	-70.4438
29657	-69.992
29658	-70.0456
29659	-69.2015
29660	-69.777
29661	-68.9079
29662	-69.0738
29663	-67.8456
29664	-67.8169
29665	-67.5799
29666	-64.6354
29667	-64.7776
29668	-67.0919
29669	-69.5165
29670	-70.1235
29671	-65.9549
29672	-60.515
29673	-55.6349
29674	-55.5706
29675	-60.8386
29676	-65.7488
29677	-67.5698
29678	-67.417
29679	-63.8156
29680	-61.8422
29681	-61.9135
29682	-65.9323
29683	-63.249
29684	-62.7313
29685	-62.8069
29686	-65.9798
29687	-66.544
29688	-65.059
29689	-60.9029
29690	-53.4103
29691	-51.2834
29692	-56.905
29693	-64.6418
29694	-68.463
29695	-67.0631
29696	-64.5472
29697	-61.134
29698	-60.6249
29699	-63.4715
29700	-65.5991
29701	-65.3539
29702	-67.2596
29703	-68.6749
29704	-69.9688
29705	-69.0291
29706	-69.3945
29707	-69.3489
29708	-69.7809
29709	-70.0089
29710	-71.0715
29711	-71.9075
29712	-72.522
29713	-72.8361
29714	-71.0907
29715	-69.5311
29716	-71.6697
29717	-73.3609
29718	-73.2335
29719	-72.9545
29720	-72.1347
29721	-71.6605
29722	-71.7338
29723	-71.0861
29724	-71.8144
29725	-71.219
29726	-70.2324
29727	-69.7677
29728	-69.1699
29729	-67.7325
29730	-66.5677
29731	-66.1496
29732	-64.9336
29733	-63.2512
29734	-62.7605
29735	-62.0637
29736	-61.9789
29737	-59.6243
29738	-54.4738
29739	-45.8517
29740	-36.5347
29741	-33.5983
29742	-39.5976
29743	-50.5408
29744	-58.0333
29745	-57.882
29746	-53.5977
29747	-50.6738
29748	-50.3314
29749	-53.217
29750	-57.2832
29751	-61.533
29752	-64.1915
29753	-65.7908
29754	-67.392
29755	-67.8327
29756	-68.7569
29757	-69.7298
29758	-70.2215
29759	-69.7685
29760	-69.9277
29761	-71.1314
29762	-72.1028
29763	-72.8555
29764	-72.1247
29765	-71.4237
29766	-70.5469
29767	-70.7183
29768	-71.4492
29769	-72.3772
29770	-71.7788
29771	-70.5597
29772	-68.2742
29773	-66.1593
29774	-66.8722
29775	-69.9954
29776	-71.6447
29777	-72.4192
29778	-71.662
29779	-69.1314
29780	-66.5245
29781	-65.7897
29782	-66.5857
29783	-67.0204
29784	-67.105
29785	-67.6382
29786	-68.8557
29787	-68.6652
29788	-67.0098
29789	-61.1996
29790	-53.417
29791	-51.3765
29792	-56.8084
29793	-64.6506
29794	-68.1529
29795	-65.2937
29796	-61.9479
29797	-60.2144
29798	-59.7681
29799	-61.7057
29800	-64.0223
29801	-62.3478
29802	-63.7651
29803	-66.6997
29804	-66.9065
29805	-66.4984
29806	-66.5373
29807	-65.6096
29808	-65.8716
29809	-65.0818
29810	-66.3859
29811	-68.3508
29812	-69.4777
29813	-70.1883
29814	-70.9291
29815	-71.5271
29816	-70.7852
29817	-70.5485
29818	-69.3215
29819	-68.3944
29820	-67.0242
29821	-65.614
29822	-65.4509
29823	-65.9273
29824	-67.1524
29825	-68.87
29826	-70.599
29827	-72.5302
29828	-71.936
29829	-71.2402
29830	-70.274
29831	-69.7442
29832	-70.3495
29833	-70.4811
29834	-71.3439
29835	-71.9687
29836	-72.5262
29837	-72.4427
29838	-66.788
29839	-63.2531
29840	-66.897
29841	-69.9247
29842	-72.9449
29843	-73.3413
29844	-72.0317
29845	-71.966
29846	-71.7488
29847	-71.2048
29848	-72.1041
29849	-72.0112
29850	-72.108
29851	-71.5046
29852	-71.0882
29853	-70.178
29854	-68.0287
29855	-65.8172
29856	-62.5289
29857	-61.0265
29858	-61.2253
29859	-61.2774
29860	-63.4499
29861	-65.7634
29862	-65.5591
29863	-54.282
29864	-40.7518
29865	-37.4231
29866	-43.3699
29867	-60.8664
29868	-66.7865
29869	-64.6447
29870	-61.6728
29871	-59.5651
29872	-59.448
29873	-59.5507
29874	-62.1364
29875	-66.0905
29876	-68.8182
29877	-70.9131
29878	-71.1915
29879	-71.6394
29880	-71.8478
29881	-71.8905
29882	-71.7632
29883	-71.493
29884	-71.9384
29885	-72.2418
29886	-72.3264
29887	-73.2073
29888	-72.2256
29889	-68.7621
29890	-66.31
29891	-65.0709
29892	-69.0524
29893	-72.0753
29894	-72.1094
29895	-71.1479
29896	-70.0943
29897	-68.9948
29898	-69.4432
29899	-69.4911
29900	-70.9528
29901	-72.6335
29902	-72.8355
29903	-71.6599
29904	-70.5463
29905	-67.9837
29906	-66.8133
29907	-66.1829
29908	-65.8233
29909	-66.1737
29910	-67.5825
29911	-68.5786
29912	-69.5702
29913	-70.1402
29914	-65.4963
29915	-62.7926
29916	-68.0565
29917	-70.4399
29918	-69.6392
29919	-68.3782
29920	-66.4266
29921	-65.6151
29922	-66.4362
29923	-66.4998
29924	-67.4718
29925	-67.4537
29926	-68.8994
29927	-67.3937
29928	-61.3306
29929	-61.7884
29930	-64.749
29931	-63.4241
29932	-63.1764
29933	-62.7242
29934	-64.5325
29935	-66.7795
29936	-68.5587
29937	-64.6923
29938	-52.8758
29939	-48.8498
29940	-53.9476
29941	-64.8024
29942	-68.6745
29943	-68.5075
29944	-67.2245
29945	-65.7264
29946	-65.795
29947	-65.7199
29948	-65.4415
29949	-64.1779
29950	-66.5081
29951	-70.4394
29952	-71.9926
29953	-72.225
29954	-70.0885
29955	-68.9887
29956	-67.5225
29957	-67.1752
29958	-69.237
29959	-70.2983
29960	-71.5961
29961	-71.4037
29962	-69.9403
29963	-68.3481
29964	-69.3867
29965	-71.2724
29966	-72.649
29967	-72.9776
29968	-72.2035
29969	-71.7729
29970	-70.345
29971	-70.3289
29972	-70.8532
29973	-70.1267
29974	-69.4266
29975	-68.8392
29976	-68.2026
29977	-66.9337
29978	-64.7579
29979	-62.5054
29980	-59.2704
29981	-56.9391
29982	-55.7983
29983	-55.9094
29984	-58.4781
29985	-59.3148
29986	-57.0721
29987	-44.029
29988	-29.8842
29989	-25.8568
29990	-31.5543
29991	-46.4382
29992	-56.4829
29993	-60.0104
29994	-60.611
29995	-59.6877
29996	-60.2427
29997	-60.78
29998	-62.9236
29999	-64.5724
30000	-65.2336
30001	-67.7401
30002	-68.919
30003	-69.6664
30004	-70.198
30005	-71.8996
30006	-71.2221
30007	-70.7447
30008	-71.235
30009	-71.6232
30010	-71.8614
30011	-73.2767
30012	-73.1341
30013	-73.4172
30014	-71.4932
30015	-70.9622
30016	-72.2591
30017	-72.779
30018	-72.1249
30019	-71.876
30020	-70.6667
30021	-70.6406
30022	-70.5589
30023	-69.663
30024	-69.8354
30025	-70.2157
30026	-70.9844
30027	-69.6258
30028	-65.763
30029	-65.0911
30030	-66.2135
30031	-65.1173
30032	-64.2879
30033	-64.99
30034	-67.0923
30035	-68.6816
30036	-69.2134
30037	-64.5639
30038	-53.158
30039	-49.241
30040	-54.2376
30041	-64.7376
30042	-66.9923
30043	-66.5205
30044	-63.6414
30045	-62.4311
30046	-63.2955
30047	-63.7126
30048	-63.6409
30049	-60.1457
30050	-61.4722
30051	-65.5638
30052	-66.8085
30053	-64.9997
30054	-63.9594
30055	-59.6551
30056	-56.7913
30057	-58.3258
30058	-61.8841
30059	-66.065
30060	-69.2589
30061	-66.8347
30062	-62.1136
30063	-59.2954
30064	-61.4699
30065	-66.7242
30066	-67.544
30067	-68.9502
30068	-69.1503
30069	-68.6074
30070	-68.6354
30071	-69.2006
30072	-69.1547
30073	-68.946
30074	-69.8841
30075	-71.1054
30076	-72.59
30077	-72.8996
30078	-72.9449
30079	-72.3768
30080	-70.9024
30081	-70.6969
30082	-72.9285
30083	-73.1321
30084	-73.01
30085	-72.1221
30086	-70.9442
30087	-70.3241
30088	-70.2499
30089	-71.5349
30090	-72.1822
30091	-71.2082
30092	-70.6061
30093	-70.5302
30094	-69.7745
30095	-68.9507
30096	-69.3642
30097	-68.9526
30098	-67.4897
30099	-66.3772
30100	-66.3841
30101	-65.0426
30102	-63.175
30103	-59.2094
30104	-53.0771
30105	-48.168
30106	-44.8203
30107	-46.3351
30108	-51.3342
30109	-56.6861
30110	-60.6702
30111	-54.9427
30112	-47.5136
30113	-43.5285
30114	-47.1808
30115	-54.4642
30116	-60.6156
30117	-64.278
30118	-65.4414
30119	-66.0709
30120	-66.7218
30121	-66.8308
30122	-68.1875
30123	-69.2982
30124	-70.1656
30125	-69.9918
30126	-70.7721
30127	-71.4595
30128	-72.352
30129	-72.011
30130	-71.9479
30131	-71.0978
30132	-71.4604
30133	-71.475
30134	-71.8566
30135	-72.4772
30136	-71.448
30137	-70.0743
30138	-65.0538
30139	-62.3827
30140	-67.1859
30141	-72.5822
30142	-72.5468
30143	-72.1964
30144	-70.4943
30145	-68.9707
30146	-68.7819
30147	-68.1418
30148	-67.9785
30149	-68.0888
30150	-69.1879
30151	-69.7247
30152	-69.0416
30153	-67.3411
30154	-64.5696
30155	-59.8197
30156	-56.7925
30157	-58.011
30158	-62.0513
30159	-66.2417
30160	-68.0826
30161	-64.7803
30162	-60.4789
30163	-57.1764
30164	-60.0568
30165	-65.6572
30166	-65.0497
30167	-66.5064
30168	-67.503
30169	-67.0363
30170	-67.244
30171	-68.3714
30172	-68.5492
30173	-66.1618
30174	-66.8539
30175	-67.6756
30176	-68.3457
30177	-67.9973
30178	-68.3906
30179	-66.9613
30180	-63.1221
30181	-64.4643
30182	-67.7223
30183	-69.2119
30184	-68.1017
30185	-65.7235
30186	-61.9628
30187	-60.2014
30188	-61.2387
30189	-64.2407
30190	-67.458
30191	-69.4894
30192	-70.5728
30193	-70.7189
30194	-69.5298
30195	-68.6796
30196	-69.02
30197	-69.4637
30198	-70.0123
30199	-70.2563
30200	-72.4259
30201	-72.3026
30202	-72.9943
30203	-70.1947
30204	-62.7631
30205	-62.6173
30206	-68.6383
30207	-70.8969
30208	-72.6566
30209	-72.3744
30210	-71.652
30211	-71.1252
30212	-71.0093
30213	-71.587
30214	-72.2985
30215	-72.1478
30216	-71.7629
30217	-71.1206
30218	-71.0895
30219	-70.0598
30220	-69.0694
30221	-67.7852
30222	-66.3856
30223	-66.1737
30224	-66.1207
30225	-66.3193
30226	-67.0266
30227	-66.8723
30228	-62.6259
30229	-56.1779
30230	-50.0902
30231	-51.1284
30232	-58.6529
30233	-64.026
30234	-61.6748
30235	-57.1429
30236	-52.724
30237	-50.4727
30238	-51.5252
30239	-54.4606
30240	-59.7666
30241	-64.1069
30242	-67.209
30243	-68.4369
30244	-68.2425
30245	-68.9543
30246	-70.3981
30247	-70.545
30248	-70.1857
30249	-70.1979
30250	-71.1684
30251	-71.5899
30252	-71.5797
30253	-73.0842
30254	-71.6488
30255	-69.1069
30256	-69.019
30257	-69.3907
30258	-71.2137
30259	-72.2458
30260	-72.2512
30261	-71.969
30262	-69.8748
30263	-68.2727
30264	-69.9654
30265	-71.7406
30266	-73.2024
30267	-73.372
30268	-72.2184
30269	-70.7781
30270	-69.8866
30271	-68.7319
30272	-68.9915
30273	-68.4118
30274	-68.0319
30275	-68.797
30276	-69.7447
30277	-69.5999
30278	-69.814
30279	-70.4993
30280	-69.3341
30281	-69.4952
30282	-70.9534
30283	-69.9701
30284	-68.7766
30285	-65.0053
30286	-62.3742
30287	-61.167
30288	-61.7877
30289	-64.4016
30290	-66.5282
30291	-67.6783
30292	-68.7729
30293	-63.3522
30294	-59.1264
30295	-62.2106
30296	-64.7301
30297	-64.1765
30298	-63.2696
30299	-63.348
30300	-65.794
30301	-66.8072
30302	-67.3786
30303	-57.3941
30304	-48.6185
30305	-49.0469
30306	-59.1965
30307	-68.5528
30308	-68.1617
30309	-66.4391
30310	-64.4001
30311	-63.4567
30312	-63.973
30313	-64.6232
30314	-64.6271
30315	-63.7007
30316	-67.9042
30317	-70.745
30318	-70.9793
30319	-69.9787
30320	-69.1451
30321	-69.6232
30322	-69.2165
30323	-69.1987
30324	-70.9569
30325	-71.5309
30326	-71.912
30327	-71.9746
30328	-68.9533
30329	-68.7333
30330	-71.2523
30331	-72.8266
30332	-73.5629
30333	-72.7432
30334	-72.2649
30335	-71.4002
30336	-70.9151
30337	-71.1362
30338	-71.2672
30339	-70.3232
30340	-69.527
30341	-69.254
30342	-68.3155
30343	-66.0324
30344	-64.0554
30345	-63.0374
30346	-60.5178
30347	-59.5417
30348	-58.5712
30349	-59.7062
30350	-59.9013
30351	-58.0266
30352	-49.7484
30353	-27.4983
30354	-18.204
30355	-18.6389
30356	-28.9683
30357	-52.3371
30358	-58.0996
30359	-58.2874
30360	-56.3499
30361	-55.2521
30362	-56.1464
30363	-57.399
30364	-60.9649
30365	-62.6397
30366	-65.2288
30367	-67.4361
30368	-68.2904
30369	-68.9481
30370	-70.304
30371	-71.0624
30372	-70.3286
30373	-70.0248
30374	-70.9753
30375	-72.1989
30376	-72.5655
30377	-72.8906
30378	-72.8382
30379	-71.3707
30380	-70.2649
30381	-70.8833
30382	-72.3576
30383	-71.7145
30384	-71.3884
30385	-70.6762
30386	-69.2059
30387	-68.8627
30388	-69.7402
30389	-69.5771
30390	-70.9258
30391	-71.7018
30392	-71.1824
30393	-68.0246
30394	-63.6294
30395	-64.8945
30396	-66.2122
30397	-66.0776
30398	-65.6143
30399	-66.7639
30400	-67.7548
30401	-68.7745
30402	-68.6066
30403	-57.5309
30404	-48.714
30405	-49.1792
30406	-59.2241
30407	-68.1728
30408	-66.9481
30409	-64.2994
30410	-62.1426
30411	-62.0064
30412	-62.5722
30413	-63.5785
30414	-62.0566
30415	-58.9465
30416	-63.9306
30417	-68.0998
30418	-65.7102
30419	-65.1116
30420	-63.8387
30421	-62.9044
30422	-62.6525
30423	-63.0655
30424	-64.8559
30425	-68.0252
30426	-69.5468
30427	-68.323
30428	-62.7338
30429	-62.4459
30430	-68.1404
30431	-70.0351
30432	-69.4261
30433	-69.3967
30434	-69.0043
30435	-68.0426
30436	-68.1082
30437	-68.1524
30438	-68.5571
30439	-69.4065
30440	-70.9549
30441	-72.6497
30442	-73.225
30443	-72.4914
30444	-71.1814
30445	-70.3298
30446	-70.3353
30447	-70.7602
30448	-72.0524
30449	-72.3815
30450	-72.2124
30451	-70.9293
30452	-68.2303
30453	-67.5305
30454	-68.9471
30455	-71.7837
30456	-72.9986
30457	-71.9327
30458	-71.857
30459	-71.6008
30460	-70.4888
30461	-70.8931
30462	-71.4269
30463	-71.4148
30464	-70.5348
30465	-69.4215
30466	-69.2505
30467	-67.3145
30468	-64.2561
30469	-60.0575
30470	-56.1855
30471	-54.2582
30472	-54.0532
30473	-55.8306
30474	-58.9989
30475	-62.4676
30476	-61.6561
30477	-47.0891
30478	-37.4463
30479	-37.3566
30480	-46.8665
30481	-61.1248
30482	-65.6737
30483	-66.0946
30484	-65.1229
30485	-64.3809
30486	-64.7747
30487	-65.037
30488	-66.6316
30489	-68.864
30490	-70.3779
30491	-70.8278
30492	-71.5078
30493	-71.8648
30494	-71.6805
30495	-72.3408
30496	-71.8232
30497	-71.8204
30498	-72.1515
30499	-72.0656
30500	-72.8823
30501	-73.2247
30502	-70.8645
30503	-68.3855
30504	-62.4708
30505	-63.111
30506	-71.1915
30507	-72.7084
30508	-71.9952
30509	-71.4446
30510	-69.9577
30511	-69.7113
30512	-69.5508
30513	-69.4066
30514	-69.5199
30515	-70.466
30516	-72.0626
30517	-70.3974
30518	-68.4083
30519	-66.3444
30520	-64.1886
30521	-62.5452
30522	-61.8746
30523	-63.4126
30524	-66.0666
30525	-67.8355
30526	-68.6741
30527	-66.3686
30528	-58.5629
30529	-58.4124
30530	-65.8129
30531	-68.9591
30532	-68.6231
30533	-68.4685
30534	-67.6125
30535	-67.3745
30536	-67.6748
30537	-68.9841
30538	-67.9162
30539	-67.3579
30540	-67.6591
30541	-67.0025
30542	-64.9113
30543	-65.0285
30544	-65.6253
30545	-62.6192
30546	-61.4647
30547	-63.5306
30548	-65.9417
30549	-68.5462
30550	-66.9448
30551	-61.2213
30552	-55.3326
30553	-54.2924
30554	-59.2787
30555	-65.4535
30556	-68.8455
30557	-69.5897
30558	-68.5926
30559	-68.0271
30560	-67.3439
30561	-67.3308
30562	-66.8212
30563	-67.629
30564	-69.1148
30565	-71.0861
30566	-72.7392
30567	-73.137
30568	-71.3834
30569	-67.0245
30570	-63.8943
30571	-65.9286
30572	-69.6917
30573	-71.169
30574	-71.8834
30575	-71.3632
30576	-70.3134
30577	-69.5625
30578	-70.1508
30579	-71.8405
30580	-72.4968
30581	-72.4062
30582	-71.4754
30583	-70.7394
30584	-70.0475
30585	-70.5339
30586	-69.5875
30587	-68.9842
30588	-68.082
30589	-68.1626
30590	-67.4292
30591	-66.2258
30592	-65.1449
30593	-61.8726
30594	-57.5289
30595	-53.0885
30596	-51.5366
30597	-54.0405
30598	-59.1872
30599	-60.7694
30600	-55.7885
30601	-47.346
30602	-40.6321
30603	-39.9983
30604	-45.8954
30605	-52.6553
30606	-59.3467
30607	-62.853
30608	-63.8157
30609	-64.207
30610	-64.5843
30611	-65.6853
30612	-67.2224
30613	-68.0055
30614	-68.3163
30615	-69.4429
30616	-70.3029
30617	-70.7807
30618	-71.137
30619	-71.7906
30620	-70.8689
30621	-70.5847
30622	-70.9438
30623	-71.0681
30624	-72.2561
30625	-72.7956
30626	-73.3255
30627	-72.7053
30628	-69.7325
30629	-70.2353
30630	-72.8372
30631	-72.9291
30632	-72.6911
30633	-72.6038
30634	-71.6304
30635	-70.566
30636	-69.9485
30637	-70.1011
30638	-69.2009
30639	-69.8581
30640	-68.9781
30641	-68.8809
30642	-67.9918
30643	-67.2965
30644	-67.4224
30645	-64.2737
30646	-63.6103
30647	-65.788
30648	-68.6697
30649	-69.8849
30650	-66.7549
30651	-61.3258
30652	-55.9726
30653	-54.7872
30654	-59.5191
30655	-65.1916
30656	-66.9878
30657	-67.216
30658	-64.3168
30659	-62.0416
30660	-61.8775
30661	-64.8586
30662	-63.5166
30663	-62.794
30664	-62.5497
30665	-65.4124
30666	-66.6667
30667	-65.5261
30668	-62.4781
30669	-54.5677
30670	-51.2872
30671	-55.4971
30672	-63.559
30673	-68.7702
30674	-67.7867
30675	-65.2778
30676	-61.9292
30677	-60.749
30678	-63.389
30679	-65.6129
30680	-65.4272
30681	-67.1215
30682	-68.6707
30683	-69.7676
30684	-69.2897
30685	-69.3679
30686	-69.6099
30687	-69.6648
30688	-70.1892
30689	-70.8259
30690	-71.735
30691	-72.297
30692	-72.9985
30693	-71.7868
30694	-69.9656
30695	-71.5119
30696	-73.2502
30697	-73.3621
30698	-73.0563
30699	-72.1717
30700	-71.5824
30701	-71.666
30702	-71.2369
30703	-71.526
30704	-71.5366
30705	-70.5115
30706	-69.8397
30707	-69.2062
30708	-68.0547
30709	-66.7118
30710	-66.2732
30711	-65.3117
30712	-63.4854
30713	-62.8307
30714	-62.1371
30715	-62.0151
30716	-60.2254
30717	-55.6055
30718	-47.5705
30719	-37.9839
30720	-33.7833
30721	-38.029
30722	-48.795
30723	-57.4427
30724	-58.4449
30725	-54.7318
30726	-51.1918
30727	-50.3985
30728	-52.9962
30729	-56.9379
30730	-61.2359
30731	-64.0215
30732	-65.6249
30733	-67.4787
30734	-67.84
30735	-68.6117
30736	-69.5238
30737	-70.3178
30738	-69.8074
30739	-69.8555
30740	-71.4177
30741	-71.9458
30742	-72.9703
30743	-72.1968
30744	-71.4828
30745	-70.5273
30746	-70.275
30747	-71.2229
30748	-72.207
30749	-71.8475
30750	-70.8632
30751	-68.7266
30752	-66.148
30753	-66.2407
30754	-69.5594
30755	-71.3542
30756	-72.8581
30757	-72.0576
30758	-69.7667
30759	-66.8462
30760	-65.6111
30761	-66.3272
30762	-66.9864
30763	-67.0913
30764	-67.2774
30765	-68.7736
30766	-68.674
30767	-67.6455
30768	-62.695
30769	-54.5704
30770	-51.4044
30771	-55.4123
30772	-63.6283
30773	-68.4393
30774	-65.9823
30775	-62.749
30776	-60.6695
30777	-60.0289
30778	-61.6209
30779	-64.1853
30780	-62.7128
30781	-63.1111
30782	-66.5497
30783	-67.1222
30784	-66.9058
30785	-66.8335
30786	-65.9
30787	-65.9974
30788	-65.4008
30789	-66.2823
30790	-68.1464
30791	-69.5993
30792	-69.9668
30793	-70.7101
30794	-71.4831
30795	-71.1713
30796	-70.4849
30797	-69.3643
30798	-68.4716
30799	-66.9844
30800	-65.5737
30801	-65.1876
30802	-65.6551
30803	-66.7015
30804	-68.4375
30805	-70.2541
30806	-72.3655
30807	-72.2233
30808	-71.1997
30809	-70.3604
30810	-69.6408
30811	-70.4706
30812	-70.2683
30813	-71.0901
30814	-71.8232
30815	-72.3641
30816	-72.7321
30817	-67.9117
30818	-63.119
30819	-65.9913
30820	-69.4209
30821	-72.3378
30822	-73.3042
30823	-72.1428
30824	-72.1097
30825	-71.7893
30826	-71.3337
30827	-71.8328
30828	-72.1769
30829	-72.0899
30830	-71.6277
30831	-71.2197
30832	-70.5452
30833	-68.6078
30834	-66.3623
30835	-63.3071
30836	-61.5178
30837	-61.5201
30838	-61.3274
30839	-63.4011
30840	-65.625
30841	-66.5342
30842	-62.1013
30843	-48.5158
30844	-43.5969
30845	-47.8429
30846	-62.3252
30847	-66.5598
30848	-64.7636
30849	-61.7757
30850	-59.3289
30851	-58.7739
30852	-58.9092
30853	-61.0976
30854	-65.2838
30855	-68.1856
30856	-70.4247
30857	-71.1895
30858	-71.2781
30859	-72.0965
30860	-71.7932
30861	-71.8664
30862	-71.2199
30863	-71.7531
30864	-72.1857
30865	-72.2361
30866	-73.1183
30867	-72.9675
30868	-69.3952
30869	-66.8175
30870	-65.1053
30871	-68.123
30872	-71.8432
30873	-72.2878
30874	-71.4048
30875	-70.3891
30876	-69.3163
30877	-69.5273
30878	-69.4858
30879	-70.7657
30880	-72.4331
30881	-72.9785
30882	-72.0284
30883	-70.7827
30884	-68.421
30885	-67.2438
30886	-66.4225
30887	-65.9154
30888	-66.1307
30889	-67.7578
30890	-68.4944
30891	-69.3659
30892	-70.4321
30893	-68.6247
30894	-65.2623
30895	-68.7214
30896	-70.6241
30897	-69.5427
30898	-68.3871
30899	-66.4756
30900	-65.3345
30901	-65.9717
30902	-65.8777
30903	-67.0876
30904	-67.3194
30905	-68.285
30906	-68.1104
30907	-61.9826
30908	-60.8709
30909	-64.5336
30910	-63.301
30911	-62.874
30912	-62.3858
30913	-63.7706
30914	-66.2239
30915	-68.3276
30916	-66.3886
30917	-54.3908
30918	-48.7705
30919	-52.3139
30920	-62.8911
30921	-68.523
30922	-68.6764
30923	-67.4979
30924	-65.9557
30925	-65.7379
30926	-65.7453
30927	-65.774
30928	-64.1978
30929	-65.7509
30930	-69.6945
30931	-71.7929
30932	-72.4405
30933	-70.3344
30934	-69.1093
30935	-67.7836
30936	-67.1121
30937	-68.9748
30938	-70.0577
30939	-71.5354
30940	-71.5316
30941	-70.4292
30942	-68.5716
30943	-69.2218
30944	-71.1636
30945	-72.4831
30946	-73.4148
30947	-72.1668
30948	-71.8533
30949	-70.2935
30950	-70.0344
30951	-70.7475
30952	-70.1562
30953	-69.4475
30954	-68.955
30955	-68.1739
30956	-67.0373
30957	-64.9231
30958	-62.7035
30959	-59.4836
30960	-56.7831
30961	-55.6468
30962	-55.3809
30963	-57.6244
30964	-59.2034
30965	-57.5483
30966	-46.8657
30967	-31.2337
30968	-25.6004
30969	-29.4594
30970	-43.2534
30971	-55.3987
30972	-59.4357
30973	-60.4943
30974	-59.7203
30975	-59.9544
30976	-60.5898
30977	-62.6113
30978	-64.4537
30979	-64.8505
30980	-67.4103
30981	-68.7148
30982	-69.3364
30983	-69.9864
30984	-71.6444
30985	-71.218
30986	-70.8975
30987	-71.0484
30988	-71.6523
30989	-71.907
30990	-72.9318
30991	-73.1327
30992	-73.3453
30993	-71.6394
30994	-70.8192
30995	-71.9801
30996	-73.1289
30997	-72.1469
30998	-71.8334
30999	-70.8057
31000	-70.5323
31001	-70.5336
31002	-69.6515
31003	-69.7971
31004	-69.9444
31005	-70.8584
31006	-69.8625
31007	-66.2631
31008	-64.6478
31009	-66.1017
31010	-64.7794
31011	-64.0121
31012	-64.4348
31013	-66.4538
31014	-68.2339
31015	-69.0884
31016	-66.1833
31017	-54.5963
31018	-49.0842
31019	-52.5867
31020	-63.0291
31021	-66.815
31022	-66.6105
31023	-64.3157
31024	-62.4266
31025	-63.2805
31026	-64.0387
31027	-64.3393
31028	-60.6737
31029	-60.6022
31030	-64.9534
31031	-67.0778
31032	-65.571
31033	-64.4013
31034	-60.542
31035	-57.1856
31036	-58.0066
31037	-61.3871
31038	-65.2626
31039	-69.0021
31040	-67.767
31041	-63.5247
31042	-60.125
31043	-61.3391
31044	-66.3999
31045	-67.6186
31046	-68.6621
31047	-69.3498
31048	-68.7647
31049	-68.5113
31050	-69.2101
31051	-69.4213
31052	-69.1249
31053	-69.7924
31054	-70.8926
31055	-72.6839
31056	-72.8362
31057	-73.0327
31058	-72.4876
31059	-71.0163
31060	-70.1689
31061	-72.4645
31062	-73.0827
31063	-72.9795
31064	-72.2651
31065	-71.1443
31066	-70.1845
31067	-70.1948
31068	-71.2368
31069	-72.2605
31070	-71.4511
31071	-70.6541
31072	-70.6725
31073	-70.1341
31074	-69.0811
31075	-69.2347
31076	-69.3552
31077	-68.0503
31078	-66.5221
31079	-66.3892
31080	-65.4723
31081	-63.8066
31082	-60.153
31083	-54.414
31084	-48.9224
31085	-45.3304
31086	-46.0791
31087	-50.3949
31088	-55.9374
31089	-60.9245
31090	-57.0432
31091	-49.2235
31092	-44.3116
31093	-46.7086
31094	-53.8497
31095	-60.153
31096	-64.2816
31097	-65.6631
31098	-66.0182
31099	-66.8678
31100	-66.7972
31101	-67.9914
31102	-68.8759
31103	-70.1219
31104	-69.9354
31105	-70.8109
31106	-71.2162
31107	-72.1289
31108	-71.9892
31109	-72.1089
31110	-71.1399
31111	-71.16
31112	-71.2676
31113	-71.6926
31114	-72.6167
31115	-71.641
31116	-70.5493
31117	-66.1091
31118	-62.2319
31119	-65.9056
31120	-71.9484
31121	-72.6185
31122	-72.3103
31123	-71.1476
31124	-69.0237
31125	-68.9728
31126	-68.0968
31127	-68.151
31128	-68.171
31129	-69.0168
31130	-69.8758
31131	-69.4243
31132	-67.7222
31133	-65.1991
31134	-60.8617
31135	-57.1506
31136	-57.5882
31137	-61.5023
31138	-65.7165
31139	-68.0848
31140	-65.6545
31141	-61.8008
31142	-57.9
31143	-59.5728
31144	-65.291
31145	-65.3007
31146	-66.6397
31147	-67.6603
31148	-67.2289
31149	-67.1359
31150	-68.0361
31151	-69.3521
31152	-66.6083
31153	-66.9373
31154	-67.469
31155	-68.3247
31156	-67.9095
31157	-67.8632
31158	-66.9188
31159	-62.3267
31160	-62.5192
31161	-66.4756
31162	-68.7818
31163	-68.2092
31164	-65.8548
31165	-62.3465
31166	-59.9082
31167	-60.4417
31168	-63.5189
31169	-66.809
31170	-69.0296
31171	-70.1916
31172	-70.8082
31173	-69.7361
31174	-68.6622
31175	-69.1124
31176	-69.1441
31177	-70.1088
31178	-70.0467
31179	-72.1914
31180	-72.437
31181	-72.8719
31182	-71.3768
31183	-63.6633
31184	-61.9962
31185	-67.675
31186	-70.6274
31187	-72.2935
31188	-72.8623
31189	-71.5814
31190	-71.1513
31191	-71.0482
31192	-71.3652
31193	-72.171
31194	-72.209
31195	-71.8227
31196	-71.1645
31197	-70.8564
31198	-70.0866
31199	-69.4034
31200	-68.0698
31201	-66.6983
31202	-66.2306
31203	-66.1199
31204	-66.1637
31205	-66.7426
31206	-66.6429
31207	-62.6096
31208	-55.9597
31209	-48.6544
31210	-48.2263
31211	-55.1468
31212	-62.9013
31213	-61.9934
31214	-57.4134
31215	-52.8965
31216	-50.3534
31217	-50.5552
31218	-53.1368
31219	-58.4227
31220	-63.0254
31221	-66.5837
31222	-67.8652
31223	-68.147
31224	-68.5818
31225	-70.3275
31226	-70.5133
31227	-70.2999
31228	-69.9813
31229	-71.0046
31230	-71.3877
31231	-71.2992
31232	-72.9615
31233	-72.2302
31234	-69.4002
31235	-69.2433
31236	-69.1779
31237	-71.1151
31238	-72.2702
31239	-72.2421
31240	-72.3839
31241	-70.5426
31242	-68.5067
31243	-69.9192
31244	-71.5403
31245	-73.1451
31246	-73.3339
31247	-72.5265
31248	-70.8522
31249	-70.0736
31250	-68.8856
31251	-68.9821
31252	-68.6302
31253	-68.0439
31254	-68.8547
31255	-69.6601
31256	-69.5058
31257	-69.4919
31258	-69.7816
31259	-67.1707
31260	-67.2511
31261	-70.0011
31262	-69.782
31263	-68.7983
31264	-65.298
31265	-62.6373
31266	-60.8966
31267	-61.0999
31268	-63.3489
31269	-66.0504
31270	-67.1928
31271	-68.6276
31272	-64.661
31273	-59.2768
31274	-61.3643
31275	-64.5394
31276	-64.0814
31277	-63.3867
31278	-63.0007
31279	-65.1424
31280	-66.7267
31281	-67.3149
31282	-59.8732
31283	-49.5074
31284	-48.3421
31285	-56.6107
31286	-68.3059
31287	-68.3291
31288	-67.0206
31289	-64.8787
31290	-63.6255
31291	-64.0113
31292	-64.4739
31293	-65.0611
31294	-63.5522
31295	-66.9667
31296	-70.5527
31297	-71.0317
31298	-70.0901
31299	-69.1935
31300	-69.5788
31301	-69.4621
31302	-69.1314
31303	-70.6372
31304	-71.3938
31305	-71.8
31306	-72.3052
31307	-70.0197
31308	-68.9907
31309	-71.0579
31310	-72.894
31311	-73.5871
31312	-72.8409
31313	-72.2304
31314	-71.5442
31315	-70.9826
31316	-70.9688
31317	-71.269
31318	-70.7071
31319	-69.5273
31320	-69.2735
31321	-68.483
31322	-66.6851
31323	-64.0017
31324	-63.3141
31325	-60.7892
31326	-59.4466
31327	-58.4922
31328	-59.2733
31329	-60.0031
31330	-58.6262
31331	-53.2122
31332	-30.6894
31333	-19.3473
31334	-18.1683
31335	-26.5586
31336	-47.9744
31337	-57.7016
31338	-58.6703
31339	-56.8432
31340	-55.3652
31341	-56.1129
31342	-57.1907
31343	-60.3687
31344	-62.5256
31345	-64.826
31346	-67.2675
31347	-68.0806
31348	-68.9759
31349	-69.9925
31350	-71.104
31351	-70.4315
31352	-69.9972
31353	-70.752
31354	-72.1604
31355	-72.5889
31356	-73.0778
31357	-72.8661
31358	-71.5596
31359	-70.1826
31360	-70.2459
31361	-71.7765
31362	-71.8033
31363	-71.5852
31364	-70.7071
31365	-69.2644
31366	-68.4765
31367	-69.6416
31368	-69.4798
31369	-70.6545
31370	-71.9732
31371	-71.3865
31372	-68.9189
31373	-63.9104
31374	-64.5217
31375	-66.1646
31376	-65.885
31377	-65.4828
31378	-66.3154
31379	-67.417
31380	-68.7222
31381	-68.8506
31382	-59.8804
31383	-49.5301
31384	-48.4056
31385	-56.6344
31386	-68.2177
31387	-67.3953
31388	-64.9455
31389	-62.332
31390	-62.0431
31391	-62.7162
31392	-63.2528
31393	-62.8893
31394	-58.9877
31395	-62.5653
31396	-68.5549
31397	-66.4025
31398	-65.4751
31399	-64.5311
31400	-63.1098
31401	-63.1952
31402	-63.0034
31403	-64.7425
31404	-67.9058
31405	-69.1583
31406	-69.7524
31407	-65.3891
31408	-63.9269
31409	-68.2682
31410	-70.2043
31411	-69.4166
31412	-69.3676
31413	-68.8902
31414	-67.9624
31415	-67.844
31416	-67.9808
31417	-68.656
31418	-69.327
31419	-70.7851
31420	-72.4998
31421	-73.408
31422	-72.6337
31423	-71.3765
31424	-70.1961
31425	-70.1224
31426	-70.3175
31427	-71.7573
31428	-72.1801
31429	-72.1491
31430	-71.2425
31431	-68.5766
31432	-67.1973
31433	-68.5196
31434	-71.0456
31435	-73.5128
31436	-72.1806
31437	-71.8858
31438	-71.7103
31439	-70.6335
31440	-70.9915
31441	-71.5761
31442	-71.3832
31443	-70.9591
31444	-69.656
31445	-69.6168
31446	-67.9887
31447	-65.3458
31448	-61.2228
31449	-57.1908
31450	-54.6932
31451	-54.467
31452	-55.5705
31453	-58.7249
31454	-62.5058
31455	-62.9024
31456	-51.2642
31457	-39.8582
31458	-38.0721
31459	-45.8859
31460	-60.156
31461	-65.9515
31462	-66.3989
31463	-65.2615
31464	-64.334
31465	-64.6603
31466	-64.7162
31467	-66.3375
31468	-68.4271
31469	-70.1404
31470	-70.8021
31471	-71.3472
31472	-72.0658
31473	-71.9087
31474	-72.2894
31475	-71.9246
31476	-71.7441
31477	-71.8708
31478	-72.0497
31479	-72.6051
31480	-73.1017
31481	-71.1854
31482	-68.9771
31483	-63.2585
31484	-62.4558
31485	-69.9477
31486	-72.9022
31487	-72.1467
31488	-71.8358
31489	-70.2952
31490	-69.7272
31491	-69.8989
31492	-69.3724
31493	-69.5877
31494	-70.2869
31495	-72.0634
31496	-70.9905
31497	-68.969
31498	-67.0062
31499	-64.766
31500	-62.9529
31501	-62.1477
31502	-63.2058
31503	-65.6242
31504	-67.8625
31505	-68.6706
31506	-68.033
31507	-60.598
31508	-58.93
31509	-65.1749
31510	-69.2237
31511	-68.841
31512	-68.7132
31513	-67.6647
31514	-67.1308
31515	-67.372
31516	-68.4068
31517	-68.1541
31518	-67.4343
31519	-67.7272
31520	-66.9947
31521	-65.0065
31522	-64.5682
31523	-65.6089
31524	-62.6598
31525	-60.8298
31526	-62.5361
31527	-65.2992
31528	-67.9194
31529	-67.6917
31530	-62.1158
31531	-55.8117
31532	-53.8137
31533	-57.941
31534	-64.3463
31535	-68.485
31536	-69.3833
31537	-68.7403
31538	-68.1244
31539	-67.4998
31540	-67.3268
31541	-66.9592
31542	-67.2414
31543	-68.6579
31544	-70.3918
31545	-72.5857
31546	-73.1064
31547	-71.7036
31548	-68.1093
31549	-64.0689
31550	-65.4409
31551	-69.0867
31552	-71.1013
31553	-71.639
31554	-71.5672
31555	-70.5918
31556	-69.5637
31557	-70.163
31558	-71.5008
31559	-72.3511
31560	-72.4525
31561	-71.6697
31562	-70.7534
31563	-70.2044
31564	-70.2503
31565	-69.8394
31566	-69.1058
31567	-68.2908
31568	-67.8468
31569	-67.5543
31570	-66.2006
31571	-65.2404
31572	-61.9022
31573	-57.7175
31574	-53.0703
31575	-50.7269
31576	-52.9256
31577	-57.7832
31578	-60.4511
31579	-56.5857
31580	-48.6477
31581	-41.119
31582	-39.1092
31583	-44.2147
31584	-51.262
31585	-58.1112
31586	-62.3179
31587	-63.4889
31588	-63.8677
31589	-64.4393
31590	-65.3152
31591	-67.1913
31592	-68.0949
31593	-67.9872
31594	-68.9853
31595	-70.1796
31596	-70.556
31597	-70.9292
31598	-71.9715
31599	-71.0699
31600	-70.7565
31601	-70.9584
31602	-71.138
31603	-72.0772
31604	-72.9793
31605	-73.3884
31606	-73.0324
31607	-70.5449
31608	-69.988
31609	-72.6867
31610	-73.0398
31611	-72.7605
31612	-72.2703
31613	-71.7107
31614	-70.7248
31615	-69.6355
31616	-69.9932
31617	-69.1156
31618	-69.6243
31619	-69.161
31620	-68.8214
31621	-68.3116
31622	-66.827
31623	-67.3255
31624	-64.2284
31625	-62.6703
31626	-64.5536
31627	-67.7547
31628	-70.1116
31629	-67.6152
31630	-62.1179
31631	-56.3873
31632	-54.2452
31633	-58.2236
31634	-64.3479
31635	-66.4987
31636	-67.2529
31637	-64.9246
31638	-62.3556
31639	-61.6545
31640	-63.8859
31641	-64.0482
31642	-62.9832
31643	-62.5905
31644	-64.6777
31645	-66.9464
31646	-66.1104
31647	-63.5778
31648	-55.9571
31649	-51.6104
31650	-54.4212
31651	-62.3613
31652	-68.6189
31653	-68.4159
31654	-65.9818
31655	-62.6577
31656	-61.0992
31657	-63.1615
31658	-65.5778
31659	-65.643
31660	-66.7564
31661	-68.6445
31662	-69.6846
31663	-69.5212
31664	-69.3425
31665	-69.6974
31666	-69.466
31667	-70.3757
31668	-70.6448
31669	-71.7544
31670	-72.2225
31671	-73.1091
31672	-72.5583
31673	-70.4134
31674	-71.3594
31675	-73.2756
31676	-73.4246
31677	-73.3116
31678	-72.4748
31679	-71.4886
31680	-71.4979
31681	-71.2204
31682	-71.2278
31683	-72.0036
31684	-70.6289
31685	-70.1454
31686	-69.4189
31687	-68.3274
31688	-67.013
31689	-66.3555
31690	-65.6882
31691	-63.7217
31692	-62.9019
31693	-62.1266
31694	-62.1204
31695	-60.8867
31696	-56.6688
31697	-49.2152
31698	-39.5526
31699	-34.2501
31700	-36.7768
31701	-46.8424
31702	-56.2905
31703	-58.7327
31704	-55.9339
31705	-51.8652
31706	-50.7673
31707	-52.8703
31708	-56.4926
31709	-60.8317
31710	-63.8349
31711	-65.363
31712	-67.2322
31713	-67.8406
31714	-68.5196
31715	-69.4008
31716	-70.2373
31717	-69.9465
31718	-69.7734
31719	-71.164
31720	-71.6101
31721	-72.7304
31722	-72.3649
31723	-71.6072
31724	-70.5518
31725	-69.7995
31726	-70.8762
31727	-71.8983
31728	-71.6831
31729	-70.8911
31730	-69.1219
31731	-66.4012
31732	-65.671
31733	-69.0601
31734	-71.0402
31735	-72.7519
31736	-72.3178
31737	-70.3504
31738	-67.2274
31739	-65.7691
31740	-66.1237
31741	-66.9659
31742	-67.2032
31743	-67.2956
31744	-68.5215
31745	-68.8769
31746	-68.3943
31747	-63.8775
31748	-55.9726
31749	-51.6399
31750	-54.2902
31751	-62.5963
31752	-68.3115
31753	-66.6292
31754	-63.5888
31755	-61.0875
31756	-60.4041
31757	-61.5552
31758	-64.2738
31759	-63.0495
31760	-62.7204
31761	-66.3539
31762	-67.3302
31763	-67.0797
31764	-67.2387
31765	-66.3373
31766	-66.287
31767	-65.854
31768	-66.2789
31769	-68.0591
31770	-69.4949
31771	-69.9167
31772	-70.1573
31773	-68.6979
31774	-70.1732
31775	-70.6379
31776	-69.4659
31777	-68.6164
31778	-66.9676
31779	-65.5122
31780	-64.7261
31781	-65.1064
31782	-66.3136
31783	-67.8135
31784	-70.1598
31785	-72.0099
31786	-72.4615
31787	-71.0988
31788	-70.4477
31789	-69.599
31790	-70.291
31791	-70.024
31792	-70.7796
31793	-71.7545
31794	-72.3525
31795	-72.9735
31796	-69.1927
31797	-63.2763
31798	-64.8965
31799	-68.9557
31800	-71.6757
31801	-73.3585
31802	-72.4528
31803	-72.2012
31804	-71.9379
31805	-71.552
31806	-71.6174
31807	-72.3244
31808	-72.1527
31809	-71.8942
31810	-71.4761
31811	-70.8377
31812	-69.1554
31813	-67.0286
31814	-64.2426
31815	-62.062
31816	-61.8025
31817	-61.5649
31818	-63.2404
31819	-65.5317
31820	-67.038
31821	-66.3545
31822	-66.689
31823	-67.447
31824	-67.0707
31825	-66.6666
31826	-66.1406
31827	-65.1362
31828	-61.8893
31829	-59.2347
31830	-58.2827
31831	-58.4423
31832	-60.226
31833	-64.3251
31834	-67.5816
31835	-69.6575
31836	-71.0844
31837	-71.0635
31838	-72.0806
31839	-71.7204
31840	-72.0299
31841	-71.2041
31842	-71.5372
31843	-72.2572
31844	-72.0527
31845	-72.8445
31846	-73.2697
31847	-70.0503
31848	-67.2827
31849	-65.2551
31850	-67.3106
31851	-71.3983
31852	-72.5378
31853	-71.6964
31854	-70.7737
31855	-69.6845
31856	-69.6831
31857	-69.6837
31858	-70.5997
31859	-72.421
31860	-73.1327
31861	-72.4365
31862	-70.9842
31863	-68.979
31864	-67.6771
31865	-66.684
31866	-66.1264
31867	-66.2117
31868	-67.8321
31869	-68.446
31870	-69.1993
31871	-70.5322
31872	-70.4237
31873	-68.6353
31874	-70.2256
31875	-70.974
31876	-69.618
31877	-68.4629
31878	-66.4115
31879	-65.1148
31880	-65.4842
31881	-65.4736
31882	-66.7385
31883	-67.2109
31884	-67.6755
31885	-68.4207
31886	-62.7762
31887	-60.248
31888	-64.2388
31889	-63.3383
31890	-62.8248
31891	-62.3144
31892	-63.1411
31893	-65.6398
31894	-67.9731
31895	-67.4587
31896	-56.2848
31897	-48.9995
31898	-50.9992
31899	-60.9
31900	-68.2656
31901	-68.7367
31902	-67.718
31903	-66.2411
31904	-65.7784
31905	-65.9351
31906	-66.0732
31907	-64.3682
31908	-64.9083
31909	-68.8268
31910	-71.6913
31911	-72.3828
31912	-70.6974
31913	-69.4004
31914	-68.2046
31915	-67.2137
31916	-68.5878
31917	-69.9388
31918	-71.4891
31919	-71.6793
31920	-70.8478
31921	-68.9488
31922	-69.1437
31923	-71.0883
31924	-72.2786
31925	-73.2358
31926	-72.278
31927	-71.759
31928	-70.4869
31929	-69.9026
31930	-70.6059
31931	-70.3695
31932	-69.5989
31933	-68.9675
31934	-68.2154
31935	-67.2335
31936	-65.2112
31937	-62.7742
31938	-59.8772
31939	-56.8202
31940	-55.2334
31941	-54.9794
31942	-56.7229
31943	-58.9798
31944	-58.0979
31945	-49.6986
31946	-32.9573
31947	-25.6539
31948	-27.7837
31949	-40.0079
31950	-54.2016
31951	-58.9682
31952	-60.495
31953	-59.8881
31954	-59.7835
31955	-60.5378
31956	-62.2778
31957	-64.1177
31958	-64.5929
31959	-66.9124
31960	-68.5913
31961	-69.2595
31962	-70.0283
31963	-71.4462
31964	-71.3193
31965	-71.0539
31966	-70.9164
31967	-71.5443
31968	-72.0612
31969	-72.6825
31970	-73.1913
31971	-73.2026
31972	-71.8082
31973	-70.7406
31974	-71.6669
31975	-73.1197
31976	-72.0636
31977	-71.9159
31978	-71.013
31979	-70.1907
31980	-70.5504
31981	-69.7292
31982	-69.5797
31983	-69.9945
31984	-70.7133
31985	-70.1539
31986	-66.9447
31987	-64.4056
31988	-65.8707
31989	-64.7379
31990	-63.849
31991	-64.0345
31992	-65.803
31993	-67.74
31994	-68.8783
31995	-67.594
31996	-56.3934
31997	-49.2338
31998	-51.2262
31999	-61.0882
32000	-66.5683
32001	-66.951
32002	-65.1585
32003	-62.5576
32004	-63.2382
32005	-64.0517
32006	-64.6709
32007	-61.1174
32008	-60.0231
32009	-64.4779
32010	-67.4302
32011	-66.0708
32012	-64.9141
32013	-61.4577
32014	-57.8042
32015	-57.9007
32016	-60.9336
32017	-64.5724
32018	-68.8081
32019	-68.7264
32020	-65.021
32021	-61.204
32022	-61.412
32023	-66.2279
32024	-67.8542
32025	-68.6134
32026	-69.3021
32027	-68.8159
32028	-68.6117
32029	-69.059
32030	-69.3808
32031	-69.274
32032	-69.664
32033	-70.7629
32034	-72.6063
32035	-72.729
32036	-73.1798
32037	-72.2922
32038	-71.0964
32039	-69.7181
32040	-71.9337
32041	-73.0705
32042	-72.848
32043	-72.7203
32044	-71.3873
32045	-70.1096
32046	-70.2225
32047	-70.6969
32048	-72.1902
32049	-71.7497
32050	-70.8633
32051	-70.8304
32052	-70.3608
32053	-69.2551
32054	-69.2515
32055	-69.5176
32056	-68.6193
32057	-66.7442
32058	-66.4457
32059	-65.8104
32060	-64.4704
32061	-61.0346
32062	-55.8081
32063	-49.8215
32064	-46.0901
32065	-45.9511
32066	-49.6402
32067	-55.246
32068	-60.7242
32069	-58.7898
32070	-51.035
32071	-45.4123
32072	-46.3989
32073	-53.4233
32074	-59.7282
32075	-64.2308
32076	-65.7555
32077	-66.0351
32078	-66.9403
32079	-66.6604
32080	-67.6755
32081	-68.7493
32082	-69.92
32083	-69.8952
32084	-70.7791
32085	-71.1588
32086	-72.0946
32087	-72.1321
32088	-72.1213
32089	-71.2662
32090	-70.9183
32091	-71.0183
32092	-71.5044
32093	-72.579
32094	-71.8334
32095	-70.8139
32096	-67.0669
32097	-62.3358
32098	-64.6716
32099	-71.4239
32100	-72.6116
32101	-72.5438
32102	-71.624
32103	-69.246
32104	-69.2351
32105	-68.1118
32106	-68.3415
32107	-67.9913
32108	-68.9832
32109	-69.85
32110	-69.7471
32111	-68.3901
32112	-65.8998
32113	-61.8898
32114	-57.6099
32115	-57.2947
32116	-60.8657
32117	-65.1607
32118	-67.9644
32119	-66.5699
32120	-63.1572
32121	-58.9757
32122	-59.3816
32123	-64.7267
32124	-65.7312
32125	-66.3467
32126	-67.7685
32127	-67.3832
32128	-67.1168
32129	-67.6026
32130	-70.059
32131	-67.1652
32132	-66.98
32133	-67.3358
32134	-68.3282
32135	-67.8512
32136	-67.415
32137	-67.0643
32138	-61.9251
32139	-60.8416
32140	-65.023
32141	-68.1675
32142	-68.4725
32143	-66.1816
32144	-62.7879
32145	-59.7987
32146	-59.7913
32147	-62.6927
32148	-66.1614
32149	-68.6606
32150	-69.8035
32151	-70.9129
32152	-69.9384
32153	-68.6355
32154	-68.9288
32155	-68.9475
32156	-69.9729
32157	-69.8708
32158	-71.6737
32159	-72.3912
32160	-72.6417
32161	-72.2895
32162	-64.7985
32163	-61.6465
32164	-66.631
32165	-70.4659
32166	-71.9009
32167	-72.9942
32168	-71.6611
32169	-71.3863
32170	-71.1358
32171	-71.282
32172	-72.1431
32173	-72.1215
32174	-71.8756
32175	-71.3137
32176	-70.8664
32177	-70.4192
32178	-69.7745
32179	-68.226
32180	-66.9167
32181	-66.1915
32182	-66.1441
32183	-66.0746
32184	-66.6189
32185	-66.4527
32186	-62.8975
32187	-56.2743
32188	-47.9237
32189	-46.0395
32190	-52.1274
32191	-61.5381
32192	-62.2671
32193	-57.8792
32194	-53.3347
32195	-50.4021
32196	-49.6738
32197	-52.0918
32198	-57.1731
32199	-62.1099
32200	-65.9612
32201	-67.4752
32202	-68.2231
32203	-68.3088
32204	-70.1759
32205	-70.3457
32206	-70.4309
32207	-69.9519
32208	-70.8179
32209	-71.4231
32210	-71.184
32211	-72.3507
32212	-72.5031
32213	-69.9305
32214	-69.377
32215	-69.1015
32216	-70.8472
32217	-72.1086
32218	-72.2175
32219	-72.3255
32220	-71.1799
32221	-68.9084
32222	-69.8324
32223	-71.3743
32224	-72.9125
32225	-73.2021
32226	-72.9118
32227	-71.0405
32228	-70.1633
32229	-69.1132
32230	-69.2422
32231	-68.7472
32232	-68.0703
32233	-68.8359
32234	-69.578
32235	-69.3776
32236	-69.2489
32237	-69.3594
32238	-65.7769
32239	-65.0048
32240	-68.1801
32241	-69.7267
32242	-68.7556
32243	-65.7161
32244	-62.7427
32245	-60.7659
32246	-60.5165
32247	-62.4075
32248	-65.595
32249	-66.6178
32250	-68.2315
32251	-65.8009
32252	-59.6989
32253	-60.4821
32254	-64.3363
32255	-64.0232
32256	-63.5644
32257	-62.7997
32258	-64.5923
32259	-66.6141
32260	-67.1353
32261	-62.5279
32262	-50.7186
32263	-47.9391
32264	-54.4403
32265	-67.943
32266	-68.4679
32267	-67.4067
32268	-65.3923
32269	-63.8927
32270	-64.0736
32271	-64.4416
32272	-65.3479
32273	-63.6708
32274	-66.0608
32275	-70.331
32276	-71.0554
32277	-70.1481
32278	-69.27
32279	-69.4638
32280	-69.9031
32281	-69.2613
32282	-70.3917
32283	-71.4701
32284	-71.6904
32285	-72.4672
32286	-70.918
32287	-69.2197
32288	-71.1292
32289	-73.0067
32290	-73.4875
32291	-72.8746
32292	-72.124
32293	-71.7688
32294	-70.9293
32295	-70.7597
32296	-71.3824
32297	-71.1731
32298	-69.641
32299	-69.2469
32300	-68.423
32301	-66.8986
32302	-64.1561
32303	-63.5867
32304	-61.1149
32305	-59.469
32306	-58.4725
32307	-58.8687
32308	-59.8818
32309	-59.1795
32310	-55.0065
32311	-34.4636
32312	-20.8048
32313	-17.9957
32314	-24.5727
32315	-43.2008
32316	-57.2531
32317	-58.8139
32318	-57.4801
32319	-55.6487
32320	-56.0133
32321	-57.0935
32322	-59.8302
32323	-62.4227
32324	-64.457
32325	-67.1153
32326	-67.9039
32327	-68.9807
32328	-69.7613
32329	-71.0709
32330	-70.6182
32331	-70.0909
32332	-70.568
32333	-72.0845
32334	-72.2728
32335	-72.8774
32336	-72.952
32337	-71.8756
32338	-70.1114
32339	-69.6464
32340	-71.355
32341	-71.9326
32342	-71.5681
32343	-70.7277
32344	-69.4373
32345	-68.1974
32346	-69.3788
32347	-69.4324
32348	-70.3262
32349	-72.0087
32350	-71.5632
32351	-69.3737
32352	-64.4475
32353	-64.007
32354	-65.9766
32355	-65.6484
32356	-65.4858
32357	-65.9476
32358	-67.358
32359	-68.5511
32360	-68.747
32361	-62.4746
32362	-50.6686
32363	-47.9322
32364	-54.4374
32365	-67.7032
32366	-67.8224
32367	-65.4795
32368	-62.8042
32369	-62.1787
32370	-62.9871
32371	-63.0954
32372	-63.3725
32373	-59.3101
32374	-61.3607
32375	-68.7226
32376	-67.081
32377	-65.8118
32378	-65.1802
32379	-63.5075
32380	-63.5047
32381	-63.0387
32382	-64.6277
32383	-67.7348
32384	-69.0043
32385	-70.1292
32386	-68.2169
32387	-66.2492
32388	-68.8043
32389	-70.4801
32390	-69.4489
32391	-69.4466
32392	-68.8042
32393	-67.8647
32394	-67.4236
32395	-67.953
32396	-68.4775
32397	-69.0373
32398	-70.5419
32399	-72.2985
32400	-73.228
32401	-72.8879
32402	-71.4592
32403	-70.0686
32404	-69.9281
32405	-69.9386
32406	-71.5476
32407	-72.0663
32408	-72.3139
32409	-71.586
32410	-69.0179
32411	-67.0399
32412	-68.2331
32413	-70.2765
32414	-73.5793
32415	-72.5209
32416	-71.942
32417	-71.8566
32418	-70.9666
32419	-70.9627
32420	-71.5478
32421	-71.4279
32422	-71.161
32423	-69.9013
32424	-69.8403
32425	-68.6867
32426	-66.3218
32427	-62.4842
32428	-57.8904
32429	-55.2319
32430	-54.6467
32431	-55.4808
32432	-58.6719
32433	-62.4181
32434	-63.7372
32435	-55.9167
32436	-42.9235
32437	-39.4526
32438	-45.5914
32439	-58.9781
32440	-66.3757
32441	-66.6142
32442	-65.4222
32443	-64.2398
32444	-64.5744
32445	-64.2838
32446	-65.9193
32447	-67.8463
32448	-69.8673
32449	-70.8618
32450	-71.2597
32451	-72.0992
32452	-71.9732
32453	-72.2246
32454	-71.8682
32455	-71.4574
32456	-71.7604
32457	-72.3093
32458	-72.2573
32459	-72.9961
32460	-71.7057
32461	-69.3451
32462	-64.3332
32463	-62.0363
32464	-68.016
32465	-72.8931
32466	-72.3843
32467	-71.8563
32468	-70.5822
32469	-69.8579
32470	-70.1272
32471	-69.3379
32472	-69.5482
32473	-70.1282
32474	-72.0681
32475	-71.5893
32476	-69.5975
32477	-67.6069
32478	-65.3303
32479	-63.2981
32480	-62.5028
32481	-63.1575
32482	-65.341
32483	-67.9089
32484	-68.5809
32485	-68.8461
32486	-63.0025
32487	-59.9468
32488	-64.6449
32489	-69.3031
32490	-69.0023
32491	-68.6191
32492	-67.8332
32493	-66.9705
32494	-67.1341
32495	-67.8998
32496	-68.2831
32497	-67.499
32498	-67.7712
32499	-67.1135
32500	-65.2407
32501	-64.1644
32502	-65.537
32503	-62.9156
32504	-60.3922
32505	-61.6132
32506	-64.387
32507	-67.2157
32508	-68.3926
32509	-62.9909
32510	-56.5948
32511	-53.6059
32512	-56.7466
32513	-63.3675
32514	-67.9323
32515	-69.3338
32516	-68.9332
32517	-68.1026
32518	-67.5939
32519	-67.2382
32520	-66.96
32521	-66.8983
32522	-68.2205
32523	-70.0039
32524	-72.5091
32525	-72.8363
32526	-71.9533
32527	-68.9615
32528	-64.4398
32529	-65.0785
32530	-68.6568
32531	-71.0954
32532	-71.6121
32533	-71.7004
32534	-70.7973
32535	-69.7357
32536	-70.2841
32537	-71.1757
32538	-72.2552
32539	-72.4644
32540	-71.8116
32541	-70.7964
32542	-70.2842
32543	-69.859
32544	-70.1039
32545	-69.4143
32546	-68.4924
32547	-67.529
32548	-67.6974
32549	-66.0518
32550	-65.3075
32551	-62.1295
32552	-57.922
32553	-53.2507
32554	-50.2992
32555	-51.632
32556	-56.0221
32557	-59.8907
32558	-57.5608
32559	-50.0372
32560	-41.9519
32561	-38.5365
32562	-42.6004
32563	-49.8605
32564	-56.889
32565	-61.6044
32566	-63.2778
32567	-63.6925
32568	-64.4931
32569	-64.9957
32570	-66.9301
32571	-67.7746
32572	-67.9138
32573	-68.562
32574	-69.9403
32575	-70.3206
32576	-70.8201
32577	-71.7439
32578	-71.3708
32579	-70.6754
32580	-71.2182
32581	-71.2521
32582	-71.9717
32583	-73.1413
32584	-73.2509
32585	-73.285
32586	-71.4381
32587	-69.9089
32588	-72.5247
32589	-73.0119
32590	-72.588
32591	-72.2453
32592	-71.71
32593	-70.6768
32594	-69.4975
32595	-69.9837
32596	-69.2216
32597	-69.4631
32598	-69.2386
32599	-68.6532
32600	-68.4503
32601	-66.6222
32602	-67.1396
32603	-64.3926
32604	-61.9765
32605	-63.591
32606	-66.7621
32607	-69.5468
32608	-68.3473
32609	-62.907
32610	-57.052
32611	-53.8688
32612	-56.8708
32613	-63.4254
32614	-65.9806
32615	-67.317
32616	-65.6385
32617	-62.6619
32618	-61.6449
32619	-63.2265
32620	-64.7577
32621	-62.9715
32622	-62.617
32623	-63.9821
32624	-66.859
32625	-66.4279
32626	-64.3439
32627	-57.4084
32628	-52.1203
32629	-53.4244
32630	-61.1002
32631	-67.8229
32632	-68.8494
32633	-66.7178
32634	-63.6085
32635	-61.5534
32636	-62.9349
32637	-65.5832
32638	-65.9925
32639	-66.5006
32640	-68.5016
32641	-69.4417
32642	-69.7588
32643	-69.2229
32644	-69.7562
32645	-69.5255
32646	-70.3457
32647	-70.6925
32648	-71.7617
32649	-72.1969
32650	-72.8863
32651	-73.0956
32652	-70.6507
32653	-71.0428
32654	-73.2504
32655	-73.5355
32656	-73.0925
32657	-72.5798
32658	-71.4773
32659	-71.3056
32660	-71.1038
32661	-71.0447
32662	-71.9561
32663	-70.7872
32664	-70.0469
32665	-69.7302
32666	-68.7347
32667	-67.0655
32668	-66.3592
32669	-65.9005
32670	-63.8973
32671	-62.9303
32672	-62.2201
32673	-62.4583
32674	-61.6595
32675	-57.7001
32676	-50.8209
32677	-41.4132
32678	-34.7828
32679	-35.839
32680	-45.1797
32681	-54.9465
32682	-59.003
32683	-57.009
32684	-52.6479
32685	-51.2899
32686	-52.6063
32687	-56.0994
32688	-60.5022
32689	-63.6967
32690	-65.3108
32691	-67.1919
32692	-67.8145
32693	-68.4024
32694	-69.3021
32695	-70.1571
32696	-70.1282
32697	-69.7565
32698	-70.7888
32699	-71.4207
32700	-72.6131
32701	-72.6279
32702	-71.7824
32703	-70.6295
32704	-69.5973
32705	-70.4866
32706	-71.565
32707	-71.567
32708	-71.0526
32709	-69.3769
32710	-66.6854
32711	-65.3163
32712	-68.1634
32713	-70.7529
32714	-72.6947
32715	-72.4178
32716	-70.7788
32717	-67.7984
32718	-66.1239
32719	-66.007
32720	-66.8964
32721	-67.1946
32722	-67.1058
32723	-68.3639
32724	-69.1295
32725	-68.702
32726	-64.9834
32727	-57.2184
32728	-52.1059
32729	-53.2988
32730	-61.3661
32731	-67.5877
32732	-67.2539
32733	-64.4344
32734	-61.7018
32735	-60.5712
32736	-61.6386
32737	-64.1226
32738	-63.5904
32739	-62.7101
32740	-65.8968
32741	-67.4294
32742	-67.2441
32743	-67.5567
32744	-66.9476
32745	-66.617
32746	-66.2107
32747	-66.2256
32748	-67.9639
32749	-69.2266
32750	-69.8924
32751	-69.6848
32752	-65.9079
32753	-66.7152
32754	-70.0972
32755	-69.5403
32756	-68.5518
32757	-66.9985
32758	-65.4546
32759	-64.2418
32760	-64.6567
32761	-65.7835
32762	-67.2932
32763	-69.513
32764	-71.5548
32765	-72.6315
32766	-71.1354
32767	-70.6027
32768	-69.7123
32769	-69.9641
32770	-69.8945
32771	-70.5644
32772	-71.5202
32773	-72.1535
32774	-72.9337
32775	-70.3603
32776	-63.6184
32777	-63.9282
32778	-68.4141
32779	-71.1798
32780	-73.2836
32781	-72.7924
32782	-72.1823
32783	-71.964
32784	-71.531
32785	-71.5918
32786	-72.5796
32787	-71.9541
32788	-71.922
32789	-71.6164
32790	-71.043
32791	-69.7535
32792	-67.6616
32793	-65.0108
32794	-62.5364
32795	-62.1331
32796	-61.9626
32797	-63.2352
32798	-65.4039
32799	-67.1613
32800	-65.2638
32801	-53.3225
32802	-45.2283
32803	-46.2227
32804	-56.8599
32805	-65.5507
32806	-65.1406
32807	-61.9759
32808	-59.2454
32809	-57.8108
32810	-58.1735
32811	-59.5066
32812	-63.0992
32813	-66.5878
32814	-69.1203
32815	-71.1056
32816	-70.8292
32817	-71.8864
32818	-71.642
32819	-72.0126
32820	-71.2837
32821	-71.4343
32822	-72.2693
32823	-72.0539
32824	-72.5946
32825	-73.3287
32826	-70.8559
32827	-67.8021
32828	-65.6423
32829	-66.7923
32830	-70.9437
32831	-72.6203
32832	-72.096
32833	-71.0517
32834	-70.1108
32835	-69.7363
32836	-69.9105
32837	-70.3095
32838	-72.1291
32839	-73.062
32840	-72.6428
32841	-70.9405
32842	-69.4144
32843	-67.8768
32844	-66.8835
32845	-66.5689
32846	-66.4087
32847	-67.7877
32848	-68.4364
32849	-69.2078
32850	-70.5853
32851	-70.8224
32852	-71.6119
32853	-71.7243
32854	-71.1793
32855	-69.6969
32856	-68.7491
32857	-66.4268
32858	-65.0771
32859	-64.8667
32860	-65.1356
32861	-66.1726
32862	-66.7218
32863	-67.0394
32864	-68.4569
32865	-63.8783
32866	-59.9157
32867	-63.6312
32868	-63.5664
32869	-62.677
32870	-62.2664
32871	-62.6646
32872	-65.0062
32873	-67.6406
32874	-68.1536
32875	-58.5424
32876	-49.5377
32877	-49.9039
32878	-58.7796
32879	-67.9316
32880	-68.7977
32881	-67.8689
32882	-66.7864
32883	-65.9042
32884	-66.1681
32885	-66.1487
32886	-64.5374
32887	-64.4719
32888	-68.1526
32889	-71.4559
32890	-72.2436
32891	-71.08
32892	-69.7532
32893	-68.5755
32894	-67.3558
32895	-68.3125
32896	-69.9893
32897	-71.4039
32898	-71.6745
32899	-71.281
32900	-69.5189
32901	-69.2017
32902	-70.7251
32903	-72.332
32904	-73.0983
32905	-72.5248
32906	-71.7946
32907	-70.8077
32908	-69.9544
32909	-70.4467
32910	-70.6556
32911	-69.7058
32912	-69.0035
32913	-68.2127
32914	-67.1206
32915	-65.5472
32916	-62.8992
32917	-60.4585
32918	-56.9503
32919	-55.1378
32920	-54.5642
32921	-55.9476
32922	-58.5568
32923	-58.4425
32924	-52.4391
32925	-35.0693
32926	-26.0194
32927	-26.466
32928	-37.0448
32929	-52.5782
32930	-58.1792
32931	-60.4958
32932	-60.1734
32933	-59.6486
32934	-60.3237
32935	-61.8977
32936	-63.9047
32937	-64.5498
32938	-66.3748
32939	-68.4826
32940	-69.276
32941	-69.8729
32942	-70.9377
32943	-71.4174
32944	-71.2854
32945	-70.9899
32946	-71.6361
32947	-72.0762
32948	-72.6083
32949	-73.3616
32950	-73.1498
32951	-71.9857
32952	-70.5817
32953	-71.1324
32954	-72.9629
32955	-72.0887
32956	-71.9982
32957	-71.2867
32958	-69.8758
32959	-70.5021
32960	-69.852
32961	-69.6369
32962	-69.7425
32963	-70.6003
32964	-70.3717
32965	-67.5936
32966	-64.3234
32967	-65.5345
32968	-64.9036
32969	-64.0161
32970	-63.6388
32971	-64.9856
32972	-67.1815
32973	-68.6801
32974	-68.1218
32975	-58.5379
32976	-49.6923
32977	-50.0743
32978	-58.8638
32979	-66.3201
32980	-66.8698
32981	-65.6241
32982	-62.8606
32983	-63.1196
32984	-63.7912
32985	-64.5339
32986	-61.5771
32987	-59.7346
32988	-63.6202
32989	-67.6169
32990	-66.7233
32991	-65.3749
32992	-62.4569
32993	-58.7109
32994	-57.9312
32995	-60.4806
32996	-64.0111
32997	-68.6074
32998	-69.1683
32999	-66.6522
33000	-62.5641
33001	-61.9247
33002	-66.0979
33003	-68.1314
33004	-68.508
33005	-69.3525
33006	-68.9708
33007	-68.4957
33008	-69.0132
33009	-69.2903
33010	-69.3363
33011	-69.6713
33012	-70.5896
33013	-72.5792
33014	-72.6764
33015	-73.3625
33016	-72.3807
33017	-71.0794
33018	-69.4579
33019	-71.3595
33020	-72.8654
33021	-72.6742
33022	-72.7606
33023	-71.5684
33024	-70.0606
33025	-70.1031
33026	-70.2702
33027	-71.8834
33028	-72.0323
33029	-71.0781
33030	-71.1411
33031	-70.5164
33032	-69.5314
33033	-69.3534
33034	-69.7344
33035	-69.1718
33036	-67.0753
33037	-66.6354
33038	-66.1522
33039	-64.9804
33040	-61.8792
33041	-57.3454
33042	-50.9552
33043	-46.9307
33044	-45.935
33045	-49.0295
33046	-54.5374
33047	-60.0214
33048	-60.3191
33049	-53.0038
33050	-46.7608
33051	-46.515
33052	-52.7384
33053	-59.4198
33054	-64.1904
33055	-65.9536
33056	-66.2822
33057	-67.0353
33058	-66.6871
33059	-67.2742
33060	-68.5556
33061	-69.534
33062	-69.7743
33063	-70.7302
33064	-71.0197
33065	-71.9826
33066	-72.2562
33067	-72.1938
33068	-71.3355
33069	-70.7165
33070	-70.9683
33071	-71.46
33072	-72.3302
33073	-71.9988
33074	-70.8156
33075	-67.9887
33076	-62.7101
33077	-63.6094
33078	-70.3417
33079	-72.8318
33080	-72.6266
33081	-72.0611
33082	-69.5625
33083	-69.4925
33084	-68.2652
33085	-68.3554
33086	-68.0359
33087	-68.784
33088	-70.0909
33089	-70.0386
33090	-68.8836
33091	-66.6438
33092	-62.7599
33093	-58.2952
33094	-57.1413
33095	-60.2838
33096	-64.591
33097	-67.8418
33098	-67.4192
33099	-64.3859
33100	-60.1652
33101	-59.4576
33102	-64.2816
33103	-66.3194
33104	-66.0297
33105	-67.659
33106	-67.7467
33107	-67.2557
33108	-67.0644
33109	-69.8611
33110	-67.7267
33111	-67.0399
33112	-67.3226
33113	-68.3392
33114	-67.7749
33115	-67.1714
33116	-67.2493
33117	-61.8963
33118	-59.6201
33119	-63.3858
33120	-67.3776
33121	-68.4321
33122	-66.4315
33123	-63.2094
33124	-59.8458
33125	-59.323
33126	-61.8695
33127	-65.2738
33128	-68.2593
33129	-69.4656
33130	-70.7094
33131	-70.0736
33132	-68.7159
33133	-68.6097
33134	-68.8425
33135	-69.6902
33136	-69.7316
33137	-71.0568
33138	-72.3089
33139	-72.4719
33140	-72.8715
33141	-66.1827
33142	-61.5662
33143	-65.3505
33144	-70.2274
33145	-71.5749
33146	-73.0451
33147	-71.7376
33148	-71.4712
33149	-71.3534
33150	-71.3325
33151	-71.8877
33152	-72.0544
33153	-72.0479
33154	-71.406
33155	-70.9468
33156	-70.5783
33157	-70.2634
33158	-68.4349
33159	-67.167
33160	-66.2172
33161	-66.2357
33162	-65.9146
33163	-66.3962
33164	-66.3143
33165	-63.1991
33166	-56.764
33167	-47.6841
33168	-44.4492
33169	-49.1727
33170	-58.9946
33171	-62.3189
33172	-58.301
33173	-53.9682
33174	-50.4251
33175	-49.0543
33176	-51.2485
33177	-55.7412
33178	-61.3452
33179	-65.1671
33180	-66.9891
33181	-68.0033
33182	-67.9703
33183	-69.5728
33184	-70.2398
33185	-70.3957
33186	-69.9762
33187	-70.511
33188	-71.4259
33189	-71.2832
33190	-71.8874
33191	-72.7162
33192	-70.5506
33193	-69.4911
33194	-69.0442
33195	-70.5336
33196	-71.9008
33197	-72.1598
33198	-72.4075
33199	-71.6562
33200	-69.4999
33201	-69.8115
33202	-71.2434
33203	-72.6267
33204	-73.199
33205	-73.1751
33206	-71.2624
33207	-70.5092
33208	-69.3799
33209	-69.083
33210	-68.9503
33211	-68.163
33212	-68.7251
33213	-69.5661
33214	-69.3363
33215	-69.0727
33216	-68.9602
33217	-65.1842
33218	-63.114
33219	-66.1728
33220	-69.3089
33221	-68.9062
33222	-66.3732
33223	-62.9527
33224	-60.8629
33225	-59.8765
33226	-61.7304
33227	-64.9378
33228	-66.0247
33229	-67.7235
33230	-66.7993
33231	-60.3674
33232	-59.7163
33233	-63.9176
33234	-64.1136
33235	-63.4225
33236	-62.5626
33237	-64.0017
33238	-66.4412
33239	-67.0066
33240	-64.8737
33241	-52.2321
33242	-47.8325
33243	-52.6368
33244	-66.5505
33245	-68.5903
33246	-67.8288
33247	-66.0272
33248	-64.248
33249	-64.2038
33250	-64.4723
33251	-65.3888
33252	-63.9607
33253	-65.2844
33254	-69.9512
33255	-71.1771
33256	-70.3199
33257	-69.5599
33258	-69.388
33259	-70.2848
33260	-69.4477
33261	-70.1509
33262	-71.5146
33263	-71.6902
33264	-72.3454
33265	-71.4545
33266	-69.6301
33267	-71.072
33268	-72.7711
33269	-73.4017
33270	-73.0795
33271	-72.038
33272	-71.8906
33273	-70.9017
33274	-70.6137
33275	-71.4234
33276	-71.645
33277	-69.7576
33278	-69.1795
33279	-68.4624
33280	-67.2483
33281	-64.543
33282	-63.8428
33283	-61.4746
33284	-59.6462
33285	-58.5843
33286	-58.5887
33287	-59.7013
33288	-59.2302
33289	-56.0466
33290	-38.8244
33291	-22.5931
33292	-18.117
33293	-22.9669
33294	-39.0181
33295	-56.5733
33296	-58.8316
33297	-58.0344
33298	-56.008
33299	-56.0914
33300	-56.9354
33301	-59.4053
33302	-62.381
33303	-64.0461
33304	-66.9669
33305	-67.9221
33306	-69.0458
33307	-69.5382
33308	-70.6715
33309	-70.9213
33310	-70.2148
33311	-70.3443
33312	-71.8884
33313	-72.2324
33314	-72.8652
33315	-73.1041
33316	-72.0549
33317	-70.1021
33318	-69.267
33319	-71.1721
33320	-72.0185
33321	-71.6531
33322	-70.7822
33323	-69.6394
33324	-68.0231
33325	-69.0903
33326	-69.3809
33327	-69.864
33328	-71.6693
33329	-71.6461
33330	-69.9953
33331	-65.2812
33332	-63.7019
33333	-65.5065
33334	-65.4465
33335	-65.4777
33336	-65.4513
33337	-67.0832
33338	-68.1211
33339	-68.6355
33340	-65.0271
33341	-52.1519
33342	-47.7558
33343	-52.584
33344	-66.2238
33345	-68.0697
33346	-65.8739
33347	-63.44
33348	-62.2443
33349	-63.0502
33350	-63.1321
33351	-64.0373
33352	-59.8946
33353	-60.4721
33354	-67.7217
33355	-67.7193
33356	-66.2559
33357	-65.5486
33358	-63.8493
33359	-63.7785
33360	-63.1965
33361	-64.5495
33362	-67.3097
33363	-68.9586
33364	-70.1333
33365	-70.425
33366	-69.4608
33367	-70.0051
33368	-70.695
33369	-69.5858
33370	-69.4913
33371	-68.8271
33372	-67.7851
33373	-67.2325
33374	-67.8409
33375	-68.216
33376	-68.826
33377	-70.3634
33378	-71.9867
33379	-72.9786
33380	-73.1545
33381	-71.57
33382	-70.0058
33383	-69.6351
33384	-69.5771
33385	-71.1042
33386	-72.049
33387	-72.4347
33388	-72.0398
33389	-69.3918
33390	-67.0723
33391	-67.6959
33392	-69.5857
33393	-72.972
33394	-72.6487
33395	-71.9959
33396	-71.9983
33397	-71.4659
33398	-70.9534
33399	-71.3498
33400	-71.7672
33401	-71.1698
33402	-70.3548
33403	-69.9395
33404	-69.2038
33405	-66.9699
33406	-63.5974
33407	-58.7694
33408	-55.7216
33409	-55.0778
33410	-55.6472
33411	-58.5457
33412	-62.0719
33413	-64.3932
33414	-60.6218
33415	-46.8842
33416	-41.6984
33417	-46.069
33418	-58.3286
33419	-66.3992
33420	-66.9219
33421	-65.5685
33422	-64.1392
33423	-64.1759
33424	-63.9079
33425	-65.4015
33426	-67.4586
33427	-69.5922
33428	-70.6515
33429	-71.1446
33430	-72.1299
33431	-71.8294
33432	-72.0576
33433	-72.0512
33434	-71.3841
33435	-71.7721
33436	-72.0205
33437	-72.0292
33438	-73.1654
33439	-72.3984
33440	-69.7011
33441	-65.7278
33442	-61.9026
33443	-66.4374
33444	-72.8313
33445	-72.5171
33446	-71.8414
33447	-71.0368
33448	-70.0551
33449	-70.1697
33450	-69.4094
33451	-69.649
33452	-70.1121
33453	-71.8334
33454	-72.0254
33455	-69.9489
33456	-68.0886
33457	-65.9002
33458	-63.8
33459	-62.8919
33460	-63.2005
33461	-65.066
33462	-67.7385
33463	-68.7181
33464	-69.4246
33465	-65.695
33466	-61.5239
33467	-64.6427
33468	-69.3335
33469	-69.1572
33470	-68.7136
33471	-67.9057
33472	-66.7032
33473	-66.9633
33474	-67.3734
33475	-68.148
33476	-67.5111
33477	-67.713
33478	-67.1636
33479	-65.4745
33480	-64.0728
33481	-65.1378
33482	-63.0838
33483	-60.2011
33484	-60.866
33485	-63.4728
33486	-66.3959
33487	-68.8575
33488	-63.9502
33489	-57.4766
33490	-53.6347
33491	-55.719
33492	-62.1649
33493	-67.2426
33494	-69.0731
33495	-69.1954
33496	-68.1854
33497	-67.5871
33498	-67.1736
33499	-67.0461
33500	-66.6793
33501	-67.8617
33502	-69.4121
33503	-72.3728
33504	-72.6227
33505	-72.3929
33506	-69.8005
33507	-65.0504
33508	-64.7169
33509	-68.2756
33510	-70.7418
33511	-71.6399
33512	-71.9761
33513	-71.0614
33514	-70.0197
33515	-70.4047
33516	-71.0352
33517	-72.1373
33518	-72.5904
33519	-71.9214
33520	-70.9968
33521	-70.1946
33522	-69.7395
33523	-70.3067
33524	-69.2751
33525	-68.5594
33526	-67.2759
33527	-67.8023
33528	-66.1031
33529	-65.3666
33530	-62.4702
33531	-58.2607
33532	-53.5172
33533	-49.9346
33534	-50.745
33535	-54.4367
33536	-59.2447
33537	-58.6831
33538	-51.3005
33539	-43.0252
33540	-38.3113
33541	-41.2005
33542	-48.3271
33543	-55.7728
33544	-60.7942
33545	-63.0357
33546	-63.7107
33547	-64.2128
33548	-64.6653
33549	-66.3898
33550	-67.5259
33551	-67.7369
33552	-68.3012
33553	-69.7035
33554	-70.129
33555	-70.5744
33556	-71.4529
33557	-71.573
33558	-70.7141
33559	-71.2825
33560	-71.1781
33561	-71.8672
33562	-73.2229
33563	-73.105
33564	-73.6341
33565	-72.1623
33566	-70.1134
33567	-72.1806
33568	-72.9444
33569	-72.5608
33570	-72.1736
33571	-71.8671
33572	-70.6939
33573	-69.5694
33574	-69.7624
33575	-69.3638
33576	-69.4246
33577	-69.3575
33578	-68.5586
33579	-68.3984
33580	-66.6869
33581	-66.8922
33582	-64.6527
33583	-61.5103
33584	-62.6147
33585	-65.7793
33586	-68.7698
33587	-69.0937
33588	-63.783
33589	-57.8886
33590	-53.8009
33591	-55.7525
33592	-62.1303
33593	-65.3105
33594	-67.2672
33595	-66.2971
33596	-62.7434
33597	-61.8118
33598	-62.5577
33599	-65.689
33600	-62.6134
33601	-62.448
33602	-63.3945
33603	-66.7075
33604	-66.8076
33605	-65.0287
33606	-58.9362
33607	-52.8035
33608	-52.7952
33609	-59.9469
33610	-66.7668
33611	-69.1356
33612	-67.4411
33613	-64.6925
33614	-62.0916
33615	-62.7797
33616	-65.4949
33617	-66.3572
33618	-66.3209
33619	-68.3382
33620	-69.1214
33621	-69.9642
33622	-69.1487
33623	-69.755
33624	-69.6158
33625	-70.3468
33626	-70.813
33627	-71.781
33628	-72.2543
33629	-72.7871
33630	-72.9829
33631	-71.1179
33632	-70.7926
33633	-72.9165
33634	-73.6596
33635	-73.1131
33636	-72.6174
33637	-71.4946
33638	-71.2728
33639	-71.1763
33640	-70.9864
33641	-71.9576
33642	-70.8679
33643	-70.091
33644	-69.8657
33645	-69.1954
33646	-67.3454
33647	-66.531
33648	-65.8563
33649	-64.2983
33650	-63.1481
33651	-62.5581
33652	-62.2751
33653	-62.269
33654	-58.6879
33655	-52.3715
33656	-43.4711
33657	-35.6227
33658	-35.2187
33659	-43.6174
33660	-53.8513
33661	-59.2886
33662	-58.0902
33663	-53.6524
33664	-51.8589
33665	-52.4757
33666	-55.7838
33667	-60.0697
33668	-63.5422
33669	-65.4858
33670	-67.0249
33671	-67.9635
33672	-68.2239
33673	-69.1854
33674	-70.0717
33675	-70.3355
33676	-69.8024
33677	-70.4799
33678	-71.4307
33679	-72.4864
33680	-72.7181
33681	-72.0359
33682	-70.7041
33683	-69.3782
33684	-70.1321
33685	-71.2056
33686	-71.6059
33687	-71.2579
33688	-69.6774
33689	-67.0919
33690	-65.204
33691	-67.4643
33692	-70.5604
33693	-72.4257
33694	-72.5287
33695	-71.1472
33696	-68.449
33697	-66.4335
33698	-65.8699
33699	-66.7468
33700	-66.9229
33701	-67.0183
33702	-68.044
33703	-69.0973
33704	-68.7395
33705	-65.9913
33706	-58.7083
33707	-52.8064
33708	-52.5658
33709	-59.8652
33710	-66.6655
33711	-67.9091
33712	-65.1159
33713	-62.3572
33714	-61.0045
33715	-61.5618
33716	-63.8046
33717	-64.2165
33718	-62.7614
33719	-65.5588
33720	-67.5453
33721	-67.5938
33722	-67.7146
33723	-67.5608
33724	-66.8659
33725	-66.5083
33726	-66.3321
33727	-67.9108
33728	-69.1494
33729	-69.8036
33730	-69.4843
33731	-64.0978
33732	-63.5055
33733	-69.2291
33734	-69.6795
33735	-68.6293
33736	-67.1068
33737	-65.3552
33738	-63.9724
33739	-64.3623
33740	-65.2594
33741	-66.8866
33742	-68.9416
33743	-70.923
33744	-72.7013
33745	-71.3299
33746	-70.7252
33747	-70.0575
33748	-69.8146
33749	-69.7844
33750	-70.1345
33751	-71.1934
33752	-71.8879
33753	-72.7767
33754	-71.3087
33755	-64.2945
33756	-63.1569
33757	-67.7328
33758	-70.6576
33759	-73.1758
33760	-73.017
33761	-72.1074
33762	-72.1922
33763	-71.6411
33764	-71.6978
33765	-72.5633
33766	-71.7943
33767	-71.9096
33768	-71.6557
33769	-71.1219
33770	-70.0991
33771	-68.219
33772	-65.725
33773	-62.9636
33774	-62.2998
33775	-62.3682
33776	-63.2075
33777	-65.3234
33778	-67.008
33779	-65.3036
33780	-50.4631
33781	-40.1356
33782	-39.4866
33783	-48.5433
33784	-64.4197
33785	-65.0932
33786	-62.2806
33787	-59.3432
33788	-57.4724
33789	-57.9139
33790	-58.8244
33791	-61.9622
33792	-65.8741
33793	-68.6029
33794	-70.8254
33795	-70.8044
33796	-71.4821
33797	-71.7589
33798	-72.1339
33799	-71.3993
33800	-71.2653
33801	-72.1612
33802	-72.0267
33803	-72.4609
33804	-73.4122
33805	-71.5112
33806	-68.2467
33807	-66.174
33808	-66.5286
33809	-70.5326
33810	-72.6987
33811	-72.1344
33812	-71.3912
33813	-70.4849
33814	-69.7342
33815	-69.9844
33816	-70.1566
33817	-71.7071
33818	-72.8704
33819	-72.5905
33820	-71.3722
33821	-69.7826
33822	-68.2474
33823	-67.1014
33824	-67.0338
33825	-66.7413
33826	-67.7125
33827	-68.4313
33828	-69.2527
33829	-70.2628
33830	-70.7593
33831	-71.193
33832	-71.7709
33833	-70.9508
33834	-69.6998
33835	-69.1002
33836	-66.5244
33837	-64.7755
33838	-64.1746
33839	-64.8345
33840	-65.4454
33841	-66.3229
33842	-66.5108
33843	-68.3888
33844	-65.1432
33845	-59.8804
33846	-62.6675
33847	-63.7303
33848	-62.3143
33849	-62.0472
33850	-62.1917
33851	-64.4765
33852	-67.1126
33853	-68.3113
33854	-60.7247
33855	-50.3789
33856	-49.0877
33857	-56.6138
33858	-67.2441
33859	-68.638
33860	-67.9996
33861	-67.1637
33862	-65.7376
33863	-66.1361
33864	-66.3947
33865	-64.9993
33866	-64.1845
33867	-67.5661
33868	-71.2052
33869	-72.0654
33870	-71.5843
33871	-69.8283
33872	-69.0498
33873	-67.6864
33874	-68.0293
33875	-70.0378
33876	-71.2119
33877	-71.6286
33878	-71.7781
33879	-70.2634
33880	-69.4485
33881	-70.5139
33882	-72.4428
33883	-73.0659
33884	-72.5883
33885	-72.0531
33886	-71.0895
33887	-70.0393
33888	-70.2678
33889	-70.8373
33890	-69.834
33891	-69.1221
33892	-68.3449
33893	-67.2497
33894	-65.5617
33895	-63.0855
33896	-61.0286
33897	-57.1823
33898	-55.1463
33899	-54.3758
33900	-55.2127
33901	-58.1165
33902	-58.3777
33903	-54.2972
33904	-37.5919
33905	-26.7027
33906	-25.4811
33907	-34.27
33908	-50.2998
33909	-57.4342
33910	-60.4124
33911	-60.4646
33912	-59.6018
33913	-60.2799
33914	-61.4995
33915	-63.6805
33916	-64.5401
33917	-65.9551
33918	-68.5601
33919	-69.0725
33920	-69.7189
33921	-70.4807
33922	-71.5482
33923	-71.3722
33924	-70.9975
33925	-71.5342
33926	-72.1261
33927	-72.3723
33928	-73.4237
33929	-73.1484
33930	-72.3471
33931	-70.3849
33932	-70.2203
33933	-72.536
33934	-72.105
33935	-72.0056
33936	-71.4765
33937	-69.7801
33938	-70.2093
33939	-69.9383
33940	-69.4918
33941	-69.6596
33942	-70.315
33943	-70.5062
33944	-68.2469
33945	-64.4693
33946	-65.1508
33947	-65.0006
33948	-63.7369
33949	-63.2516
33950	-64.1768
33951	-66.6115
33952	-68.3792
33953	-68.3452
33954	-60.9133
33955	-50.4571
33956	-49.2335
33957	-56.7427
33958	-65.8702
33959	-66.8047
33960	-65.9733
33961	-63.1865
33962	-62.9297
33963	-63.5912
33964	-64.3061
33965	-62.1927
33966	-59.5422
33967	-62.7695
33968	-67.5306
33969	-67.4114
33970	-65.8686
33971	-63.542
33972	-59.6044
33973	-58.025
33974	-60.1577
33975	-63.5329
33976	-68.2238
33977	-69.6496
33978	-67.906
33979	-64.0378
33980	-62.8084
33981	-65.8915
33982	-68.5175
33983	-68.4569
33984	-69.3084
33985	-69.0716
33986	-68.562
33987	-69.0365
33988	-69.287
33989	-69.2882
33990	-69.669
33991	-70.4912
33992	-72.0854
33993	-72.7671
33994	-73.313
33995	-72.4151
33996	-71.2005
33997	-69.2401
33998	-70.8047
33999	-72.7461
34000	-72.5835
34001	-72.6162
34002	-71.6411
34003	-70.1725
34004	-70.0022
34005	-69.8917
34006	-71.4987
34007	-72.3014
34008	-71.3838
34009	-71.0778
34010	-70.7039
34011	-69.8221
34012	-69.3473
34013	-69.8174
34014	-69.4299
34015	-67.5178
34016	-66.7685
34017	-66.6173
34018	-65.5369
34019	-62.7205
34020	-58.6644
34021	-52.2765
34022	-47.9304
34023	-45.9936
34024	-48.6731
34025	-53.96
34026	-59.2188
34027	-61.3505
34028	-55.2953
34029	-48.4667
34030	-46.8213
34031	-52.1389
34032	-59.1183
34033	-64.0606
34034	-66.1489
34035	-66.4849
34036	-66.9341
34037	-66.8868
34038	-67.1655
34039	-68.3121
34040	-69.3412
34041	-69.8748
34042	-70.5632
34043	-70.9168
34044	-71.7497
34045	-72.3652
34046	-72.2719
34047	-71.4245
34048	-70.724
34049	-70.9155
34050	-71.2752
34051	-72.1304
34052	-72.0813
34053	-70.9831
34054	-68.7624
34055	-63.3323
34056	-62.869
34057	-69.3215
34058	-73.0525
34059	-72.6338
34060	-72.3869
34061	-70.1462
34062	-69.6456
34063	-68.604
34064	-68.2878
34065	-68.0845
34066	-68.6063
34067	-69.6783
34068	-69.981
34069	-69.1855
34070	-67.4165
34071	-63.8218
34072	-59.2228
34073	-57.2848
34074	-59.7923
34075	-63.9657
34076	-67.6922
34077	-68.2626
34078	-65.4373
34079	-61.4797
34080	-59.7753
34081	-63.9694
34082	-67.0771
34083	-66.0148
34084	-67.5788
34085	-67.977
34086	-67.429
34087	-66.7927
34088	-69.0955
34089	-68.4946
34090	-67.0843
34091	-67.1717
34092	-68.288
34093	-67.7846
34094	-66.8069
34095	-67.4177
34096	-62.1926
34097	-58.7147
34098	-61.6262
34099	-66.4338
34100	-68.4445
34101	-66.817
34102	-63.8147
34103	-60.117
34104	-58.9737
34105	-61.1955
34106	-64.5657
34107	-67.7778
34108	-69.2254
34109	-70.5239
34110	-70.2266
34111	-68.7929
34112	-68.4415
34113	-68.7867
34114	-69.2779
34115	-69.6222
34116	-70.5434
34117	-72.3057
34118	-72.4013
34119	-72.8993
34120	-67.7635
34121	-61.763
34122	-64.0739
34123	-69.9584
34124	-71.4155
34125	-72.8561
34126	-71.8059
34127	-71.4849
34128	-71.3545
34129	-71.326
34130	-71.6967
34131	-72.1233
34132	-72.2758
34133	-71.5657
34134	-71.1235
34135	-70.5961
34136	-70.1849
34137	-68.9605
34138	-67.4334
34139	-66.2764
34140	-66.3704
34141	-65.9151
34142	-66.1373
34143	-65.9571
34144	-63.416
34145	-57.1299
34146	-47.9829
34147	-43.3773
34148	-46.6205
34149	-56.0082
34150	-61.9886
34151	-58.9911
34152	-54.3757
34153	-50.5448
34154	-48.6309
34155	-50.6048
34156	-54.4773
34157	-60.3929
34158	-64.2554
34159	-66.6116
34160	-67.8672
34161	-67.8388
34162	-69.0438
34163	-70.3827
34164	-70.4805
34165	-69.7864
34166	-70.0746
34167	-71.1777
34168	-71.1776
34169	-71.5942
34170	-72.6797
34171	-71.158
34172	-69.5824
34173	-69.1274
34174	-70.1788
34175	-71.7269
34176	-72.266
34177	-72.5485
34178	-72.144
34179	-70.2706
34180	-69.8417
34181	-71.2052
34182	-72.3452
34183	-73.2961
34184	-73.2445
34185	-71.7852
34186	-70.4852
34187	-69.4317
34188	-68.9235
34189	-69.1496
34190	-68.4167
34191	-68.6766
34192	-69.3557
34193	-69.2601
34194	-68.8553
34195	-68.7608
34196	-64.5969
34197	-61.6885
34198	-64.2982
34199	-68.5949
34200	-69.0886
34201	-67.0766
34202	-63.2099
34203	-60.6635
34204	-59.5514
34205	-61.1159
34206	-64.2845
34207	-65.5518
34208	-67.2747
34209	-67.4603
34210	-61.207
34211	-59.2163
34212	-63.128
34213	-64.0509
34214	-63.3836
34215	-62.562
34216	-63.3057
34217	-66.2133
34218	-67.071
34219	-66.145
34220	-54.0395
34221	-48.0223
34222	-51.1835
34223	-64.2764
34224	-68.7498
34225	-68.1558
34226	-66.5249
34227	-64.6561
34228	-64.3951
34229	-64.7038
34230	-65.573
34231	-64.3415
34232	-64.6194
34233	-69.4517
34234	-71.1006
34235	-70.6274
34236	-69.8067
34237	-69.3967
34238	-70.3022
34239	-69.722
34240	-69.97
34241	-71.5718
34242	-71.7502
34243	-72.2931
34244	-71.8346
34245	-70.2179
34246	-70.7886
34247	-72.7462
34248	-72.9913
34249	-73.267
34250	-72.0067
34251	-71.9398
34252	-70.9257
34253	-70.5831
34254	-71.4272
34255	-71.7268
34256	-69.981
34257	-69.2896
34258	-68.7097
34259	-67.6012
34260	-64.8596
34261	-63.7759
34262	-61.8245
34263	-59.7685
34264	-58.7262
34265	-58.3468
34266	-59.595
34267	-59.4834
34268	-56.7477
34269	-43.1825
34270	-24.735
34271	-18.5316
34272	-21.7123
34273	-35.4702
34274	-55.94
34275	-58.818
34276	-58.3764
34277	-56.5074
34278	-56.1911
34279	-57.0135
34280	-59.0027
34281	-62.2278
34282	-63.8463
34283	-66.5731
34284	-67.9569
34285	-69.1402
34286	-69.359
34287	-70.3972
34288	-71.0571
34289	-70.4892
34290	-70.281
34291	-71.7336
34292	-72.3155
34293	-73.0374
34294	-73.2085
34295	-72.1469
34296	-69.9929
34297	-68.9096
34298	-70.4116
34299	-71.8547
34300	-71.5686
34301	-70.9531
34302	-69.8346
34303	-68.027
34304	-68.6547
34305	-69.2273
34306	-69.5621
34307	-71.2911
34308	-71.6507
34309	-70.6418
34310	-66.1838
34311	-63.521
34312	-65.0325
34313	-65.5426
34314	-65.4741
34315	-65.1274
34316	-66.5928
34317	-67.7545
34318	-68.5268
34319	-67.0139
34320	-53.9163
34321	-47.8755
34322	-51.0669
34323	-64.0267
34324	-68.3591
34325	-66.4519
34326	-64.1851
34327	-62.5315
34328	-62.8979
34329	-63.2747
34330	-64.3925
34331	-60.7663
34332	-59.8706
34333	-66.6828
34334	-68.3708
34335	-66.561
34336	-66.054
34337	-64.4337
34338	-64.1611
34339	-63.5416
34340	-64.6197
34341	-66.874
34342	-68.9705
34343	-70.0392
34344	-71.4785
34345	-71.6403
34346	-71.3281
34347	-70.7309
34348	-70.002
34349	-69.3842
34350	-68.7889
34351	-67.6859
34352	-67.2136
34353	-67.5674
34354	-67.9999
34355	-68.496
34356	-70.3503
34357	-71.5872
34358	-72.7057
34359	-73.1942
34360	-71.705
34361	-70.1763
34362	-69.5674
34363	-69.3648
34364	-70.6082
34365	-71.5799
34366	-72.2829
34367	-72.2734
34368	-69.9693
34369	-67.1912
34370	-67.417
34371	-69.0064
34372	-72.3888
34373	-72.8767
34374	-72.0483
34375	-71.9399
34376	-71.9604
34377	-71.0074
34378	-71.2956
34379	-71.7017
34380	-71.3364
34381	-70.8148
34382	-70.1165
34383	-69.7477
34384	-67.6485
34385	-64.5256
34386	-59.8933
34387	-56.4232
34388	-55.524
34389	-55.9169
34390	-58.4597
34391	-61.7391
34392	-64.6312
34393	-64.1327
34394	-51.9693
34395	-45.2789
34396	-47.8469
34397	-58.4776
34398	-66.2892
34399	-67.1031
34400	-65.5799
34401	-64.2145
34402	-63.7924
34403	-63.6532
34404	-64.6738
34405	-66.947
34406	-68.9732
34407	-70.3661
34408	-71.0533
34409	-72.0802
34410	-71.6967
34411	-71.9054
34412	-72.4025
34413	-71.442
34414	-71.6684
34415	-71.9682
34416	-71.982
34417	-73.0719
34418	-73.1407
34419	-70.0609
34420	-66.9078
34421	-62.0483
34422	-65.1121
34423	-72.619
34424	-72.6282
34425	-71.8863
34426	-71.5645
34427	-70.1247
34428	-70.1327
34429	-69.599
34430	-69.8306
34431	-70.0544
34432	-71.1947
34433	-72.1416
34434	-70.2929
34435	-68.5472
34436	-66.407
34437	-64.3765
34438	-63.3433
34439	-63.2064
34440	-64.9356
34441	-67.3399
34442	-68.6164
34443	-69.6005
34444	-68.2905
34445	-63.6157
34446	-65.2276
34447	-69.4525
34448	-69.2778
34449	-68.8232
34450	-67.8592
34451	-66.3894
34452	-66.689
34453	-66.9039
34454	-67.8165
34455	-67.6496
34456	-67.5813
34457	-66.9832
34458	-65.6097
34459	-63.8183
34460	-64.6558
34461	-63.1838
34462	-59.9586
34463	-60.0135
34464	-62.5396
34465	-65.5909
34466	-68.6274
34467	-64.7599
34468	-58.5961
34469	-53.7383
34470	-54.7383
34471	-60.8139
34472	-66.4806
34473	-68.5326
34474	-69.4135
34475	-68.3821
34476	-67.5729
34477	-67.1653
34478	-67.1736
34479	-66.4365
34480	-67.4667
34481	-69.071
34482	-71.5564
34483	-72.4322
34484	-72.7089
34485	-70.4657
34486	-65.8893
34487	-64.5016
34488	-67.5885
34489	-70.4962
34490	-71.6721
34491	-72.1393
34492	-71.1979
34493	-70.3837
34494	-70.4545
34495	-71.0967
34496	-72.0731
34497	-72.7323
34498	-72.1418
34499	-71.0628
34500	-70.1797
34501	-69.6368
34502	-70.3427
34503	-69.4428
34504	-68.6701
34505	-67.2853
34506	-67.8905
34507	-66.1751
34508	-65.2419
34509	-62.6649
34510	-58.7071
34511	-53.7522
34512	-49.6867
34513	-49.6955
34514	-52.9224
34515	-58.2327
34516	-59.4497
34517	-52.816
34518	-44.0593
34519	-38.4135
34520	-40.0276
34521	-47.0363
34522	-54.4572
34523	-60.0474
34524	-62.7857
34525	-63.445
34526	-64.0915
34527	-64.3831
34528	-65.9579
34529	-67.2849
34530	-67.4836
34531	-68.1897
34532	-69.6623
34533	-69.9597
34534	-70.4382
34535	-71.1623
34536	-71.6955
34537	-70.821
34538	-71.1546
34539	-71.1965
34540	-71.6909
34541	-73.1554
34542	-73.1166
34543	-73.7564
34544	-72.5049
34545	-70.4692
34546	-71.7409
34547	-72.9396
34548	-72.6312
34549	-72.2778
34550	-71.9218
34551	-70.6234
34552	-69.7457
34553	-69.4735
34554	-69.5487
34555	-69.0879
34556	-69.3717
34557	-68.5453
34558	-68.3983
34559	-66.7527
34560	-66.6469
34561	-64.7862
34562	-61.1905
34563	-61.477
34564	-64.7185
34565	-67.9924
34566	-69.1916
34567	-64.7129
34568	-58.7619
34569	-53.8345
34570	-54.7137
34571	-60.6752
34572	-64.8868
34573	-66.7138
34574	-66.8657
34575	-63.0417
34576	-61.7672
34577	-62.2247
34578	-66.4777
34579	-62.6571
34580	-62.383
34581	-62.8685
34582	-66.4209
34583	-67.2932
34584	-65.4882
34585	-60.3558
34586	-53.681
34587	-52.451
34588	-58.6502
34589	-65.7378
34590	-69.1265
34591	-68.201
34592	-65.8526
34593	-62.9275
34594	-62.8472
34595	-65.4265
34596	-66.7121
34597	-66.3901
34598	-68.1586
34599	-68.974
34600	-70.3459
34601	-69.2296
34602	-69.7217
34603	-69.8113
34604	-70.1193
34605	-70.986
34606	-71.8046
34607	-72.332
34608	-72.7148
34609	-72.9625
34610	-71.6936
34611	-70.3791
34612	-72.4793
34613	-73.6128
34614	-73.2036
34615	-72.6849
34616	-71.6499
34617	-71.3188
34618	-71.2823
34619	-70.8052
34620	-71.8736
34621	-71.0003
34622	-70.2743
34623	-70.0272
34624	-69.3468
34625	-67.6767
34626	-66.6215
34627	-66.0678
34628	-64.803
34629	-63.2947
34630	-62.7829
34631	-62.3548
34632	-62.4261
34633	-59.6565
34634	-54.0359
34635	-45.479
34636	-36.8302
34637	-34.9259
34638	-42.0257
34639	-52.6095
34640	-59.3547
34641	-58.9442
34642	-54.8838
34643	-52.5851
34644	-52.5467
34645	-55.6718
34646	-59.6292
34647	-63.4032
34648	-65.7456
34649	-66.8579
34650	-68.264
34651	-68.0566
34652	-69.1296
34653	-69.9091
34654	-70.5108
34655	-70.0009
34656	-70.3359
34657	-71.4032
34658	-72.219
34659	-72.814
34660	-72.136
34661	-70.7877
34662	-69.4448
34663	-69.7864
34664	-70.9084
34665	-71.7229
34666	-71.4031
34667	-70.0004
34668	-67.6872
34669	-65.302
34670	-66.607
34671	-70.299
34672	-72.1695
34673	-72.893
34674	-71.7292
34675	-69.0118
34676	-66.8233
34677	-65.7332
34678	-66.6927
34679	-66.8757
34680	-67.0544
34681	-67.7586
34682	-69.091
34683	-68.9103
34684	-66.9428
34685	-60.3798
34686	-53.4183
34687	-52.182
34688	-58.2984
34689	-65.7948
34690	-68.5365
34691	-65.8371
34692	-63.0362
34693	-61.5269
34694	-61.518
34695	-63.6296
34696	-64.6729
34697	-63.0456
34698	-65.0775
34699	-67.5377
34700	-67.9883
34701	-67.5506
34702	-68.021
34703	-67.2358
34704	-66.9283
34705	-66.471
34706	-67.8892
34707	-69.0781
34708	-69.6251
34709	-69.4196
34710	-63.1754
34711	-60.9954
34712	-67.4173
34713	-69.6999
34714	-68.9334
34715	-67.2222
34716	-65.3882
34717	-63.8689
34718	-64.1789
34719	-64.7966
34720	-66.4516
34721	-68.5008
34722	-70.3909
34723	-72.4548
34724	-71.6252
34725	-70.7637
34726	-69.9902
34727	-69.5804
34728	-69.8056
34729	-69.9472
34730	-71.1105
34731	-71.6952
34732	-72.4842
34733	-72.1252
34734	-65.2755
34735	-62.6563
34736	-67.0345
34737	-70.0233
34738	-72.9888
34739	-73.1591
34740	-72.0622
34741	-72.1844
34742	-72.008
34743	-71.4484
34744	-72.5201
34745	-71.8905
34746	-71.9027
34747	-71.8003
34748	-71.1754
34749	-70.5348
34750	-68.8118
34751	-66.2764
34752	-63.6092
34753	-62.7096
34754	-62.8912
34755	-63.3367
34756	-65.1253
34757	-66.7534
34758	-65.7078
34759	-50.3511
34760	-37.9342
34761	-35.6551
34762	-42.8709
34763	-61.1922
34764	-64.8404
34765	-62.5365
34766	-59.41
34767	-57.1671
34768	-57.4397
34769	-57.887
34770	-60.9839
34771	-65.2375
34772	-67.9891
34773	-70.3979
34774	-70.6135
34775	-71.0425
34776	-71.6782
34777	-72.0417
34778	-71.5019
34779	-71.2612
34780	-72.0129
34781	-72.004
34782	-72.2521
34783	-73.2959
34784	-72.0032
34785	-68.7234
34786	-66.8524
34787	-66.2289
34788	-69.8957
34789	-72.5575
34790	-72.3144
34791	-71.7234
34792	-70.8437
34793	-69.8999
34794	-70.0519
34795	-70.1193
34796	-71.4226
34797	-72.8956
34798	-72.5961
34799	-71.9474
34800	-70.1448
34801	-68.4916
34802	-67.6048
34803	-67.2297
34804	-66.907
34805	-67.8466
34806	-68.5416
34807	-69.2503
34808	-70.0405
34809	-70.5406
34810	-69.5902
34811	-69.8174
34812	-70.6478
34813	-69.7638
34814	-69.0942
34815	-66.7845
34816	-64.6263
34817	-63.808
34818	-64.7495
34819	-64.7272
34820	-65.9012
34821	-66.0749
34822	-67.7967
34823	-66.3497
34824	-60.1379
34825	-61.498
34826	-63.8216
34827	-62.1017
34828	-61.913
34829	-61.69
34830	-63.6004
34831	-66.4166
34832	-68.3267
34833	-63.2949
34834	-51.4942
34835	-48.6003
34836	-54.7088
34837	-66.1238
34838	-68.5815
34839	-68.324
34840	-67.6691
34841	-66.002
34842	-66.1424
34843	-66.2893
34844	-65.2772
34845	-64.0078
34846	-66.7085
34847	-70.6801
34848	-71.8936
34849	-71.9033
34850	-69.9257
34851	-69.2904
34852	-68.0882
34853	-67.8748
34854	-69.9903
34855	-70.8886
34856	-71.6361
34857	-72.0495
34858	-70.9402
34859	-69.6268
34860	-70.5425
34861	-72.2115
34862	-72.9149
34863	-72.6736
34864	-72.1115
34865	-71.3986
34866	-70.0799
34867	-70.2073
34868	-70.8178
34869	-70.0508
34870	-68.9963
34871	-68.464
34872	-67.5232
34873	-65.8712
34874	-63.2309
34875	-61.19
34876	-57.4863
34877	-55.2154
34878	-54.266
34879	-54.6145
34880	-57.5671
34881	-58.3143
34882	-55.7089
34883	-40.551
34884	-27.7141
34885	-24.8145
34886	-31.7773
34887	-47.6872
34888	-56.7895
34889	-60.094
34890	-60.751
34891	-59.6599
34892	-60.2882
34893	-61.2204
34894	-63.3711
34895	-64.6423
34896	-65.5949
34897	-68.0766
34898	-68.9419
34899	-69.5743
34900	-70.1702
34901	-71.8213
34902	-71.4967
34903	-70.8927
34904	-71.4271
34905	-71.9602
34906	-72.1664
34907	-73.3363
34908	-73.2326
34909	-72.661
34910	-70.3431
34911	-69.4115
34912	-72.0126
34913	-72.2361
34914	-71.8671
34915	-71.5376
34916	-69.8318
34917	-69.9926
34918	-69.8378
34919	-69.2851
34920	-69.5084
34921	-70.0799
34922	-70.6014
34923	-68.8492
34924	-64.8685
34925	-64.7116
34926	-65.1864
34927	-63.7386
34928	-62.8365
34929	-63.6269
34930	-65.894
34931	-67.9497
34932	-68.508
34933	-63.0297
34934	-51.5208
34935	-48.6701
34936	-54.8113
34937	-65.1686
34938	-66.8823
34939	-66.3915
34940	-63.7138
34941	-62.7958
34942	-63.614
34943	-64.2891
34944	-63.0736
34945	-59.6748
34946	-61.9571
34947	-67.0501
34948	-67.8328
34949	-66.3159
34950	-64.4629
34951	-60.4177
34952	-58.2914
34953	-60.0904
34954	-63.2341
34955	-67.4791
34956	-69.879
34957	-68.9259
34958	-65.7295
34959	-63.9862
34960	-66.0257
34961	-68.9457
34962	-68.6313
34963	-69.5222
34964	-69.3269
34965	-68.6373
34966	-68.6866
34967	-69.078
34968	-69.3446
34969	-69.6708
34970	-70.6282
34971	-71.5604
34972	-73.033
34973	-73.2219
34974	-72.5624
34975	-71.5311
34976	-69.1874
34977	-69.7602
34978	-72.4869
34979	-72.4778
34980	-72.2946
34981	-71.6359
34982	-70.3431
34983	-69.8928
34984	-69.6638
34985	-71.2135
34986	-72.4325
34987	-71.5305
34988	-71.0179
34989	-70.8927
34990	-70.0329
34991	-69.4068
34992	-69.8481
34993	-69.5945
34994	-67.9129
34995	-66.8967
34996	-66.9542
34997	-65.9624
34998	-63.7503
34999	-59.7386
35000	-53.4244
35001	-49.0093
35002	-46.3156
35003	-48.3625
35004	-53.3065
35005	-58.4624
35006	-62.2154
35007	-57.821
35008	-50.5811
35009	-47.6302
35010	-51.7626
35011	-58.7578
35012	-63.9062
35013	-66.3937
35014	-66.5572
35015	-66.6937
35016	-66.8951
35017	-67.0577
35018	-68.1191
35019	-69.1881
35020	-70.0729
35021	-70.5829
35022	-70.8987
35023	-71.5558
35024	-72.2132
35025	-72.383
35026	-71.6342
35027	-70.8691
35028	-70.9497
35029	-71.2601
35030	-71.9799
35031	-72.4812
35032	-71.0514
35033	-69.3266
35034	-64.2657
35035	-62.2845
35036	-68.1063
35037	-73.1063
35038	-72.6664
35039	-72.4152
35040	-70.543
35041	-69.6113
35042	-69.0668
35043	-68.3577
35044	-68.1411
35045	-68.5458
35046	-69.6943
35047	-70.0012
35048	-69.3905
35049	-68.2395
35050	-64.6295
35051	-60.1929
35052	-57.7937
35053	-59.4037
35054	-63.4381
35055	-67.3893
35056	-68.801
35057	-66.2946
35058	-62.9767
35059	-60.4357
35060	-63.8857
35061	-67.355
35062	-66.2135
35063	-67.5467
35064	-68.1349
35065	-67.4388
35066	-66.87
35067	-68.1642
35068	-69.3133
35069	-67.0823
35070	-67.1529
35071	-68.2197
35072	-67.8999
35073	-66.6405
35074	-67.3301
35075	-62.8433
35076	-58.0877
35077	-59.9612
35078	-65.5093
35079	-68.1365
35080	-67.1035
35081	-64.2518
35082	-60.3349
35083	-58.7495
35084	-60.3987
35085	-64.0278
35086	-67.2554
35087	-68.8627
35088	-70.3275
35089	-70.5145
35090	-68.9745
35091	-68.4045
35092	-68.7252
35093	-69.0345
35094	-69.6451
35095	-70.0737
35096	-72.2345
35097	-72.3501
35098	-73.0372
35099	-69.3064
35100	-62.2508
35101	-63.1286
35102	-69.437
35103	-71.2642
35104	-72.4819
35105	-72.1978
35106	-71.6278
35107	-71.5127
35108	-71.1863
35109	-71.6095
35110	-72.1465
35111	-72.3072
35112	-71.8485
35113	-71.2419
35114	-70.4426
35115	-70.0118
35116	-69.1253
35117	-67.7673
35118	-66.4528
35119	-66.392
35120	-66.0044
35121	-66.1834
35122	-65.6466
35123	-63.6243
35124	-57.8615
35125	-48.6363
35126	-42.7501
35127	-44.4887
35128	-53.2675
35129	-61.1719
35130	-59.5596
35131	-55.0146
35132	-50.5052
35133	-48.3066
35134	-49.9403
35135	-53.4597
35136	-59.2549
35137	-63.1965
35138	-66.0552
35139	-67.5014
35140	-67.6438
35141	-68.4454
35142	-70.2885
35143	-70.3983
35144	-69.7806
35145	-69.6811
35146	-71.0759
35147	-71.2515
35148	-71.3244
35149	-72.5533
35150	-71.6418
35151	-69.7269
35152	-69.3513
35153	-69.9059
35154	-71.5428
35155	-72.6157
35156	-72.6089
35157	-72.6148
35158	-70.7374
35159	-69.9605
35160	-71.192
35161	-72.2924
35162	-73.3182
35163	-73.0292
35164	-71.9818
35165	-70.4282
35166	-69.3685
35167	-68.7306
35168	-69.2151
35169	-68.5603
35170	-68.4077
35171	-69.3016
35172	-69.3157
35173	-68.9407
35174	-68.5288
35175	-64.5885
35176	-60.8192
35177	-62.5068
35178	-67.5492
35179	-69.2003
35180	-67.5266
35181	-63.5081
35182	-60.5837
35183	-59.292
35184	-60.3794
35185	-63.4597
35186	-65.0679
35187	-66.5769
35188	-67.6574
35189	-62.3027
35190	-59.0275
35191	-62.3557
35192	-63.8789
35193	-63.5481
35194	-62.747
35195	-62.7501
35196	-65.7635
35197	-66.9519
35198	-66.9529
35199	-56.05
35200	-48.5106
35201	-50.0628
35202	-61.4807
35203	-68.8235
35204	-68.5288
35205	-67.1186
35206	-65.1919
35207	-64.5737
35208	-64.9586
35209	-65.6541
35210	-64.8402
35211	-64.192
35212	-68.6591
35213	-71.0504
35214	-70.8095
35215	-70.0586
35216	-69.4127
35217	-70.1845
35218	-70.0172
35219	-69.8315
35220	-71.5084
35221	-71.903
35222	-72.1469
35223	-72.3267
35224	-71.0021
35225	-70.6549
35226	-72.3712
35227	-72.8687
35228	-73.4141
35229	-72.1087
35230	-72.1051
35231	-71.1899
35232	-70.6309
35233	-71.2127
35234	-71.3163
35235	-70.2878
35236	-69.3533
35237	-69.0022
35238	-67.962
35239	-65.2775
35240	-63.8274
35241	-62.3443
35242	-59.8684
35243	-59.057
35244	-58.2279
35245	-59.4674
35246	-59.5916
35247	-57.3999
35248	-47.6882
35249	-27.2627
35250	-19.2418
35251	-20.7889
35252	-32.4652
35253	-54.6619
35254	-58.7246
35255	-58.8441
35256	-57.0026
35257	-56.3577
35258	-57.3161
35259	-58.7142
35260	-61.9556
35261	-63.6435
35262	-66.1773
35263	-67.8458
35264	-68.9849
35265	-69.383
35266	-70.1237
35267	-70.9934
35268	-70.4819
35269	-70.2631
35270	-71.442
35271	-72.1558
35272	-72.888
35273	-73.1611
35274	-72.3062
35275	-70.0674
35276	-68.6036
35277	-69.7061
35278	-71.7566
35279	-71.4683
35280	-71.0025
35281	-70.1715
35282	-68.2478
35283	-68.3123
35284	-69.1289
35285	-69.4268
35286	-71.0207
35287	-71.7684
35288	-70.9561
35289	-67.322
35290	-63.5576
35291	-64.7073
35292	-65.6817
35293	-65.5305
35294	-65.0626
35295	-66.1494
35296	-67.4835
35297	-68.4989
35298	-67.8389
35299	-55.8932
35300	-48.2915
35301	-49.877
35302	-61.3005
35303	-68.5991
35304	-67.059
35305	-65.0334
35306	-62.903
35307	-62.8102
35308	-63.3981
35309	-64.4965
35310	-61.987
35311	-59.5496
35312	-65.2371
35313	-68.893
35314	-66.9932
35315	-66.6357
35316	-65.1835
35317	-64.4349
35318	-63.9881
35319	-64.7656
35320	-66.6683
35321	-68.9345
35322	-69.9348
35323	-71.6422
35324	-71.8622
35325	-71.6746
35326	-70.9087
35327	-70.2307
35328	-69.2948
35329	-68.8244
35330	-67.6594
35331	-67.1535
35332	-67.2923
35333	-67.5324
35334	-68.2514
35335	-70.2393
35336	-71.2812
35337	-72.5167
35338	-73.6735
35339	-72.0005
35340	-70.3423
35341	-69.5581
35342	-69.2403
35343	-70.1674
35344	-71.2201
35345	-72.0453
35346	-72.2725
35347	-70.5064
35348	-67.3076
35349	-66.9134
35350	-68.4996
35351	-71.8249
35352	-73.2423
35353	-72.0702
35354	-71.8925
35355	-72.2319
35356	-71.1244
35357	-71.2455
35358	-71.6468
35359	-71.4792
35360	-71.1297
35361	-70.2992
35362	-70.3087
35363	-68.218
35364	-65.3752
35365	-60.9443
35366	-57.3586
35367	-56.2344
35368	-56.2499
35369	-58.4541
35370	-61.5148
35371	-64.8849
35372	-65.5536
35373	-59.4238
35374	-51.724
35375	-52.2654
35376	-60.5234
35377	-66.3791
35378	-67.4064
35379	-65.6046
35380	-64.015
35381	-63.3913
35382	-63.3236
35383	-63.9873
35384	-66.4434
35385	-68.6152
35386	-70.0567
35387	-70.9785
35388	-71.8611
35389	-71.781
35390	-71.856
35391	-72.6141
35392	-71.5033
35393	-71.5476
35394	-71.8103
35395	-72.0143
35396	-72.8831
35397	-73.1316
35398	-70.5351
35399	-67.7993
35400	-62.4727
35401	-64.098
35402	-71.9734
35403	-72.7449
35404	-72.0055
35405	-71.6392
35406	-70.3746
35407	-70.0454
35408	-69.9021
35409	-69.8909
35410	-70.0174
35411	-70.8155
35412	-72.0722
35413	-70.7448
35414	-69.1111
35415	-66.946
35416	-64.9346
35417	-63.7653
35418	-63.3411
35419	-64.8999
35420	-67.1198
35421	-68.6015
35422	-69.6778
35423	-70.2433
35424	-66.4187
35425	-66.6495
35426	-69.507
35427	-69.4136
35428	-68.9552
35429	-67.9218
35430	-66.2139
35431	-66.3742
35432	-66.4634
35433	-67.3455
35434	-67.5633
35435	-67.5029
35436	-66.8661
35437	-65.8479
35438	-63.8193
35439	-64.3603
35440	-63.5056
35441	-59.973
35442	-59.3172
35443	-61.6856
35444	-64.9041
35445	-68.0796
35446	-65.6698
35447	-59.7419
35448	-54.15
35449	-53.774
35450	-59.5071
35451	-65.7172
35452	-68.1899
35453	-69.3989
35454	-68.5756
35455	-67.7267
35456	-67.2969
35457	-67.2592
35458	-66.5233
35459	-67.2896
35460	-68.769
35461	-70.9118
35462	-72.3224
35463	-72.9087
35464	-71.0041
35465	-66.7376
35466	-64.4767
35467	-66.8355
35468	-70.0407
35469	-71.5545
35470	-72.0057
35471	-71.5798
35472	-70.8447
35473	-70.3415
35474	-70.9792
35475	-72.0784
35476	-72.5649
35477	-72.3496
35478	-71.2026
35479	-70.326
35480	-69.7314
35481	-70.1764
35482	-69.5593
35483	-68.7847
35484	-67.5806
35485	-67.7952
35486	-66.4619
35487	-64.9892
35488	-62.9023
35489	-59.1639
35490	-54.0521
35491	-49.779
35492	-48.8328
35493	-51.6648
35494	-57.1003
35495	-59.5183
35496	-53.825
35497	-45.1802
35498	-38.699
35499	-39.1057
35500	-45.7063
35501	-52.8886
35502	-59.2338
35503	-62.474
35504	-63.2936
35505	-63.715
35506	-64.2493
35507	-65.6362
35508	-66.9343
35509	-67.4219
35510	-67.8975
35511	-69.4717
35512	-69.9379
35513	-70.4413
35514	-70.9218
35515	-71.9819
35516	-71.0105
35517	-71.3254
35518	-71.0623
35519	-71.5888
35520	-72.7231
35521	-73.1676
35522	-73.7556
35523	-72.7407
35524	-70.6368
35525	-71.0589
35526	-72.9909
35527	-72.8229
35528	-72.3919
35529	-71.928
35530	-70.7021
35531	-69.8093
35532	-69.2635
35533	-69.7637
35534	-68.9406
35535	-69.3739
35536	-68.65
35537	-68.4002
35538	-66.9162
35539	-66.2899
35540	-65.2009
35541	-61.133
35542	-60.6754
35543	-63.5194
35544	-67.1159
35545	-69.008
35546	-65.6732
35547	-59.7242
35548	-54.104
35549	-53.8682
35550	-59.3524
35551	-64.6406
35552	-66.1859
35553	-66.9469
35554	-63.6039
35555	-61.8508
35556	-62.1165
35557	-65.875
35558	-62.8976
35559	-62.5812
35560	-62.5815
35561	-65.8124
35562	-67.4154
35563	-66.1217
35564	-61.9207
35565	-54.769
35566	-52.3729
35567	-57.3902
35568	-64.7181
35569	-69.272
35570	-69.0913
35571	-66.7753
35572	-63.8719
35573	-63.0999
35574	-65.441
35575	-66.948
35576	-66.308
35577	-68.0471
35578	-68.9115
35579	-70.0565
35580	-69.4621
35581	-69.657
35582	-70.0516
35583	-70.0563
35584	-70.9997
35585	-71.6962
35586	-72.2329
35587	-72.5805
35588	-73.1193
35589	-72.0428
35590	-70.0197
35591	-71.969
35592	-73.5159
35593	-73.1955
35594	-72.8652
35595	-71.9273
35596	-71.2352
35597	-71.3381
35598	-70.7693
35599	-71.6259
35600	-71.3342
35601	-70.6295
35602	-70.0179
35603	-69.4368
35604	-68.0468
35605	-66.9211
35606	-66.5153
35607	-65.2306
35608	-63.4126
35609	-63.0614
35610	-62.4853
35611	-62.3339
35612	-60.3774
35613	-55.3241
35614	-47.1804
35615	-38.2586
35616	-34.9836
35617	-40.379
35618	-50.8436
35619	-58.8101
35620	-59.7074
35621	-56.1635
35622	-53.2332
35623	-52.6663
35624	-55.7019
35625	-59.378
35626	-63.1457
35627	-65.7139
35628	-66.7717
35629	-68.3675
35630	-68.0042
35631	-69.2131
35632	-69.6754
35633	-70.6118
35634	-69.969
35635	-70.2752
35636	-71.4864
35637	-71.9055
35638	-72.7315
35639	-72.1615
35640	-70.8796
35641	-69.5682
35642	-69.5443
35643	-70.6177
35644	-71.7096
35645	-71.5637
35646	-70.2357
35647	-68.1971
35648	-65.5896
35649	-66.0449
35650	-69.6452
35651	-71.8222
35652	-73.001
35653	-72.0283
35654	-69.5177
35655	-67.2889
35656	-65.9322
35657	-66.4933
35658	-66.8041
35659	-67.086
35660	-67.4935
35661	-68.8201
35662	-69.0771
35663	-67.6738
35664	-61.9306
35665	-54.4403
35666	-52.0886
35667	-56.9192
35668	-64.7669
35669	-68.8624
35670	-66.6879
35671	-63.843
35672	-62.0718
35673	-61.7543
35674	-63.5192
35675	-65.3097
35676	-63.5032
35677	-64.5687
35678	-67.6442
35679	-68.2207
35680	-67.4071
35681	-68.2616
35682	-67.669
35683	-67.3773
35684	-66.6615
35685	-67.8893
35686	-68.8689
35687	-69.6079
35688	-69.5389
35689	-62.8617
35690	-59.1538
35691	-64.3643
35692	-69.5715
35693	-68.8209
35694	-67.634
35695	-65.5996
35696	-63.9165
35697	-63.7917
35698	-64.4031
35699	-66.1558
35700	-68.1268
35701	-69.8991
35702	-71.9772
35703	-72.0734
35704	-70.7222
35705	-69.9728
35706	-69.3304
35707	-69.9475
35708	-69.7134
35709	-70.7541
35710	-71.5503
35711	-72.2411
35712	-72.4826
35713	-66.4586
35714	-62.4371
35715	-66.1128
35716	-69.5733
35717	-72.6281
35718	-73.1352
35719	-72.1422
35720	-72.2413
35721	-71.92
35722	-71.5091
35723	-72.2164
35724	-71.8564
35725	-71.8736
35726	-72.0024
35727	-71.3059
35728	-70.8054
35729	-69.3493
35730	-66.9027
35731	-64.4065
35732	-63.1238
35733	-63.3281
35734	-63.2746
35735	-65.034
35736	-66.6124
35737	-65.8917
35738	-51.6013
35739	-37.0914
35740	-33.1512
35741	-38.6024
35742	-55.4078
35743	-64.1868
35744	-62.5628
35745	-59.5501
35746	-56.9983
35747	-56.774
35748	-57.189
35749	-59.9314
35750	-64.3681
35751	-67.3403
35752	-69.6582
35753	-70.3608
35754	-70.8162
35755	-71.7502
35756	-71.8619
35757	-71.4489
35758	-71.0654
35759	-71.7708
35760	-71.9484
35761	-72.2353
35762	-72.9681
35763	-72.5015
35764	-69.3411
35765	-67.3335
35766	-66.1575
35767	-69.2307
35768	-72.3411
35769	-72.4019
35770	-72.0487
35771	-71.2274
35772	-70.149
35773	-70.2305
35774	-69.9519
35775	-71.2695
35776	-72.707
35777	-72.6654
35778	-72.2261
35779	-70.2815
35780	-68.6315
35781	-67.9871
35782	-67.5006
35783	-67.2162
35784	-67.892
35785	-68.7642
35786	-69.1768
35787	-69.6813
35788	-70.5539
35789	-68.0685
35790	-66.0775
35791	-69.2189
35792	-69.7395
35793	-69.0771
35794	-67.027
35795	-64.7015
35796	-63.6222
35797	-64.5937
35798	-64.2798
35799	-65.4244
35800	-65.6596
35801	-67.1172
35802	-67.1836
35803	-60.6797
35804	-60.537
35805	-63.6829
35806	-62.0824
35807	-61.7728
35808	-61.4202
35809	-62.9758
35810	-65.806
35811	-68.089
35812	-65.0765
35813	-52.9151
35814	-48.4243
35815	-53.1774
35816	-64.482
35817	-68.5027
35818	-68.5528
35819	-67.9035
35820	-66.3246
35821	-66.2902
35822	-66.1836
35823	-65.7727
35824	-64.0663
35825	-65.8977
35826	-70.0651
35827	-71.7185
35828	-72.2827
35829	-70.1847
35830	-69.5527
35831	-68.3148
35832	-67.7518
35833	-69.6645
35834	-70.7076
35835	-71.7449
35836	-72.2792
35837	-71.3229
35838	-70.0018
35839	-70.5598
35840	-72.039
35841	-72.8847
35842	-72.8383
35843	-71.9357
35844	-71.6776
35845	-70.0024
35846	-69.9868
35847	-70.6624
35848	-70.2758
35849	-69.1052
35850	-68.7157
35851	-67.4473
35852	-66.0825
35853	-63.5846
35854	-61.4762
35855	-57.8551
35856	-55.1387
35857	-54.1915
35858	-54.2595
35859	-56.762
35860	-58.4347
35861	-56.561
35862	-43.9274
35863	-29.0472
35864	-24.4581
35865	-29.5028
35866	-44.6739
35867	-56.0532
35868	-59.8624
35869	-60.7225
35870	-59.742
35871	-60.2921
35872	-60.9835
35873	-62.9714
35874	-64.7401
35875	-65.2495
35876	-67.6816
35877	-68.8579
35878	-69.5678
35879	-69.9661
35880	-71.6724
35881	-71.5185
35882	-70.9715
35883	-71.2552
35884	-71.8703
35885	-72.2591
35886	-73.2735
35887	-73.3413
35888	-72.8454
35889	-70.4558
35890	-68.8596
35891	-71.3239
35892	-72.4616
35893	-71.8291
35894	-71.4657
35895	-70.0063
35896	-69.7653
35897	-69.926
35898	-69.2014
35899	-69.3709
35900	-69.8356
35901	-70.6469
35902	-69.2673
35903	-65.3957
35904	-64.3074
35905	-65.0644
35906	-63.5789
35907	-62.6764
35908	-63.1134
35909	-65.3265
35910	-67.5116
35911	-68.4836
35912	-64.9683
35913	-52.8724
35914	-48.42
35915	-53.066
35916	-64.1337
35917	-66.7773
35918	-66.5211
35919	-64.4557
35920	-62.9431
35921	-63.7089
35922	-64.4774
35923	-63.9838
35924	-60.1455
35925	-61.0366
35926	-66.408
35927	-68.0641
35928	-66.8451
35929	-65.3561
35930	-61.327
35931	-58.6575
35932	-59.9147
35933	-62.9084
35934	-66.7288
35935	-69.6729
35936	-69.5952
35937	-67.4583
35938	-65.5314
35939	-66.5205
35940	-69.4
35941	-68.8212
35942	-69.4021
35943	-69.5837
35944	-68.8447
35945	-68.4959
35946	-68.9741
35947	-69.3907
35948	-69.6818
35949	-70.6099
35950	-71.2594
35951	-73.0874
35952	-73.1923
35953	-72.7071
35954	-71.7148
35955	-69.276
35956	-68.8486
35957	-71.8977
35958	-72.2979
35959	-72.1765
35960	-71.8574
35961	-70.5565
35962	-69.7347
35963	-69.6553
35964	-70.9252
35965	-72.3807
35966	-71.8251
35967	-71.1212
35968	-70.8804
35969	-70.3361
35970	-69.565
35971	-69.7523
35972	-69.7285
35973	-68.3479
35974	-66.9981
35975	-67.1836
35976	-66.2861
35977	-64.6463
35978	-60.7975
35979	-54.6603
35980	-49.8906
35981	-46.8381
35982	-48.2333
35983	-52.8461
35984	-57.8747
35985	-62.4484
35986	-60.4959
35987	-52.8981
35988	-48.9513
35989	-51.8776
35990	-58.5616
35991	-63.8756
35992	-66.6995
35993	-66.5345
35994	-66.6195
35995	-67.0325
35996	-66.9122
35997	-67.8266
35998	-69.0186
35999	-70.0876
36000	-70.6267
36001	-70.9813
36002	-71.427
36003	-72.0821
36004	-72.2786
36005	-71.6732
36006	-70.8886
36007	-70.7599
36008	-71.0708
36009	-71.7048
36010	-72.7895
36011	-71.1928
36012	-69.892
36013	-65.1798
36014	-62.0146
36015	-66.6603
36016	-72.592
36017	-72.6558
36018	-72.4966
36019	-71.3189
36020	-69.5767
36021	-69.4286
36022	-68.345
36023	-68.1957
36024	-68.4046
36025	-69.5746
36026	-70.1336
36027	-69.5953
36028	-68.5871
36029	-65.3956
36030	-61.2393
36031	-58.0876
36032	-59.1468
36033	-62.9649
36034	-66.8223
36035	-68.9384
36036	-67.207
36037	-64.4373
36038	-61.4594
36039	-63.7362
36040	-67.5082
36041	-66.5907
36042	-67.6048
36043	-68.2215
36044	-67.1544
36045	-66.7313
36046	-67.3992
36047	-69.9481
36048	-67.3843
36049	-67.1593
36050	-68.0211
36051	-67.9381
36052	-66.6426
36053	-66.8561
36054	-63.2794
36055	-57.7919
36056	-58.454
36057	-64.0814
36058	-67.6631
36059	-67.2342
36060	-64.6194
36061	-60.649
36062	-58.5455
36063	-59.5447
36064	-63.2006
36065	-66.5296
36066	-68.4296
36067	-69.9885
36068	-70.5061
36069	-69.1582
36070	-68.4018
36071	-68.642
36072	-68.7556
36073	-69.7099
36074	-69.72
36075	-71.8939
36076	-72.443
36077	-72.9125
36078	-70.3692
36079	-63.0766
36080	-62.4315
36081	-68.5603
36082	-71.0888
36083	-72.2973
36084	-72.3523
36085	-71.7328
36086	-71.694
36087	-71.2713
36088	-71.514
36089	-72.1998
36090	-72.1228
36091	-71.8626
36092	-71.2529
36093	-70.5477
36094	-69.9049
36095	-69.2025
36096	-68.1562
36097	-66.6141
36098	-66.2903
36099	-66.0519
36100	-65.9441
36101	-65.4141
36102	-63.7321
36103	-58.3808
36104	-49.5692
36105	-42.3973
36106	-42.707
36107	-50.8498
36108	-59.8446
36109	-60.0633
36110	-55.3673
36111	-50.6872
36112	-48.1956
36113	-49.2175
36114	-52.375
36115	-57.8881
36116	-62.3318
36117	-65.5032
36118	-67.0089
36119	-67.4258
36120	-68.0474
36121	-70.2147
36122	-70.1843
36123	-69.7334
36124	-69.5392
36125	-70.9278
36126	-71.2629
36127	-71.1132
36128	-72.3638
36129	-72.081
36130	-69.856
36131	-69.5419
36132	-69.7432
36133	-71.5272
36134	-72.7306
36135	-72.719
36136	-72.7712
36137	-71.3116
36138	-70.0622
36139	-71.2483
36140	-72.2162
36141	-73.2989
36142	-72.9279
36143	-72.375
36144	-70.3986
36145	-69.3216
36146	-68.7358
36147	-69.3403
36148	-68.6787
36149	-68.3009
36150	-69.2116
36151	-69.4651
36152	-68.9785
36153	-68.3499
36154	-64.9322
36155	-60.1436
36156	-60.823
36157	-66.0503
36158	-69.1002
36159	-67.9982
36160	-63.8582
36161	-60.7608
36162	-59.0424
36163	-59.8122
36164	-62.628
36165	-64.8196
36166	-65.8668
36167	-67.5229
36168	-63.4964
36169	-59.1076
36170	-61.6485
36171	-63.8562
36172	-63.5882
36173	-62.8548
36174	-62.4239
36175	-65.1816
36176	-66.8914
36177	-67.3382
36178	-58.4142
36179	-49.3028
36180	-49.2596
36181	-58.7778
36182	-68.7268
36183	-68.7923
36184	-67.6273
36185	-65.8718
36186	-64.9651
36187	-65.0099
36188	-65.5925
36189	-65.4196
36190	-64.0317
36191	-67.9432
36192	-70.9922
36193	-70.8333
36194	-70.3064
36195	-69.4702
36196	-70.1956
36197	-70.218
36198	-69.828
36199	-71.3617
36200	-71.9733
36201	-72.0497
36202	-72.7581
36203	-71.7198
36204	-70.7664
36205	-72.0591
36206	-72.9044
36207	-73.3159
36208	-72.2759
36209	-72.0458
36210	-71.3435
36211	-70.5517
36212	-71.0466
36213	-71.1887
36214	-70.7565
36215	-69.5386
36216	-69.1363
36217	-68.0896
36218	-65.8943
36219	-63.7679
36220	-62.7595
36221	-60.054
36222	-59.0666
36223	-58.1928
36224	-59.0446
36225	-59.6113
36226	-58.0681
36227	-51.3616
36228	-30.2253
36229	-20.2533
36230	-20.1821
36231	-29.9372
36232	-51.8982
36233	-58.6231
36234	-59.3928
36235	-57.6212
36236	-56.4438
36237	-57.3993
36238	-58.5691
36239	-61.6853
36240	-63.5725
36241	-65.9566
36242	-67.7878
36243	-68.7492
36244	-69.4177
36245	-70.0238
36246	-70.8887
36247	-70.5875
36248	-70.2294
36249	-71.0963
36250	-72.1134
36251	-72.7592
36252	-73.2084
36253	-72.428
36254	-70.5247
36255	-68.4545
36256	-68.8492
36257	-71.2117
36258	-71.4768
36259	-71.211
36260	-70.1943
36261	-68.4647
36262	-67.9648
36263	-68.9911
36264	-69.3831
36265	-70.7743
36266	-71.9759
36267	-71.3231
36268	-68.1613
36269	-63.7566
36270	-64.4676
36271	-65.7242
36272	-65.3633
36273	-64.9892
36274	-65.8316
36275	-67.3196
36276	-68.6876
36277	-68.4307
36278	-58.1547
36279	-49.0103
36280	-49.0031
36281	-58.5147
36282	-68.7197
36283	-67.4758
36284	-65.6069
36285	-63.3995
36286	-62.9485
36287	-63.5555
36288	-64.2979
36289	-63.1988
36290	-59.5264
36291	-63.9613
36292	-69.5138
36293	-67.5198
36294	-67.0956
36295	-66.1518
36296	-64.7721
36297	-64.5346
36298	-64.9327
36299	-66.483
36300	-69.0299
36301	-70.0073
36302	-71.5931
36303	-69.9561
36304	-69.1178
36305	-70.5927
36306	-70.2141
36307	-69.3618
36308	-68.7621
36309	-67.7668
36310	-67.0403
36311	-67.0089
36312	-67.2572
36313	-68.006
36314	-69.8007
36315	-71.0093
36316	-72.3496
36317	-73.692
36318	-72.4016
36319	-70.4299
36320	-69.5472
36321	-69.001
36322	-69.5266
36323	-70.9355
36324	-71.9154
36325	-72.2836
36326	-70.7422
36327	-67.4919
36328	-66.4308
36329	-68.0416
36330	-71.1085
36331	-73.4278
36332	-72.2077
36333	-72.05
36334	-72.0965
36335	-71.272
36336	-71.2819
36337	-71.5877
36338	-71.3278
36339	-71.3427
36340	-70.5041
36341	-70.5434
36342	-68.8394
36343	-66.356
36344	-62.1991
36345	-58.3521
36346	-56.7921
36347	-56.6425
36348	-58.1411
36349	-61.1995
36350	-64.9109
36351	-65.9865
36352	-66.9966
36353	-66.1272
36354	-65.7413
36355	-65.9463
36356	-66.3783
36357	-67.3965
36358	-65.7427
36359	-64.0368
36360	-63.1819
36361	-63.205
36362	-63.4832
36363	-65.8583
36364	-68.2731
36365	-69.7936
36366	-70.9395
36367	-71.5658
36368	-71.8033
36369	-72.0456
36370	-72.5129
36371	-71.4052
36372	-71.4447
36373	-71.7296
36374	-71.9728
36375	-72.7605
36376	-73.1342
36377	-70.9306
36378	-68.5563
36379	-63.1799
36380	-63.3847
36381	-70.9167
36382	-72.7904
36383	-72.3252
36384	-71.9227
36385	-70.8301
36386	-70.0942
36387	-70.1456
36388	-69.8929
36389	-70.0824
36390	-70.5829
36391	-72.1209
36392	-71.3427
36393	-69.6036
36394	-67.508
36395	-65.5077
36396	-64.1609
36397	-63.5848
36398	-64.9132
36399	-66.9817
36400	-68.6012
36401	-69.7352
36402	-70.6551
36403	-69.6863
36404	-68.8782
36405	-70.0002
36406	-69.5537
36407	-69.0367
36408	-68.0955
36409	-66.3238
36410	-66.1442
36411	-66.1601
36412	-66.8442
36413	-67.2696
36414	-67.5047
36415	-66.7296
36416	-65.9953
36417	-63.8333
36418	-63.9691
36419	-63.7526
36420	-60.2862
36421	-58.7877
36422	-60.9046
36423	-64.2334
36424	-67.2869
36425	-66.6099
36426	-60.8961
36427	-54.6209
36428	-53.1917
36429	-58.0925
36430	-64.7791
36431	-67.8913
36432	-69.3458
36433	-68.6283
36434	-68.0272
36435	-67.5278
36436	-67.3225
36437	-66.7065
36438	-66.9968
36439	-68.198
36440	-70.5949
36441	-72.2555
36442	-72.9406
36443	-71.2127
36444	-67.7952
36445	-64.6003
36446	-66.2163
36447	-69.6112
36448	-71.2856
36449	-71.9688
36450	-71.7248
36451	-71.2365
36452	-70.3483
36453	-70.8319
36454	-72.0404
36455	-72.3342
36456	-72.4998
36457	-71.3103
36458	-70.5804
36459	-69.5614
36460	-70.1616
36461	-69.5934
36462	-68.8901
36463	-67.7283
36464	-67.5771
36465	-66.5066
36466	-64.7522
36467	-63.2153
36468	-59.6038
36469	-54.5484
36470	-49.9643
36471	-48.1892
36472	-50.6106
36473	-55.9859
36474	-59.1061
36475	-54.9462
36476	-46.412
36477	-39.164
36478	-38.1702
36479	-44.1599
36480	-51.4678
36481	-58.1506
36482	-62.2694
36483	-63.1253
36484	-63.3754
36485	-64.1375
36486	-65.3703
36487	-66.8507
36488	-67.3409
36489	-67.6942
36490	-69.0395
36491	-70.0008
36492	-70.409
36493	-70.653
36494	-72.1652
36495	-71.1448
36496	-71.2335
36497	-71.1783
36498	-71.5318
36499	-72.4528
36500	-73.1958
36501	-73.7534
36502	-72.8978
36503	-70.9152
36504	-70.624
36505	-72.9922
36506	-72.9652
36507	-72.4141
36508	-71.8111
36509	-70.7289
36510	-70.0295
36511	-69.0429
36512	-69.7627
36513	-68.9479
36514	-69.4367
36515	-68.9139
36516	-68.4555
36517	-67.2461
36518	-65.9134
36519	-65.3089
36520	-61.2924
36521	-60.0217
36522	-62.4769
36523	-66.2537
36524	-68.8363
36525	-66.5145
36526	-60.7209
36527	-54.7361
36528	-53.2358
36529	-58.2313
36530	-64.0548
36531	-65.6916
36532	-66.845
36533	-64.2661
36534	-62.1712
36535	-62.1356
36536	-64.7921
36537	-63.4178
36538	-62.7884
36539	-62.5704
36540	-65.1105
36541	-67.5413
36542	-66.55
36543	-63.5087
36544	-56.0446
36545	-52.6381
36546	-56.3366
36547	-63.7283
36548	-69.251
36549	-69.5669
36550	-67.6829
36551	-64.7994
36552	-63.5752
36553	-65.5202
36554	-67.2157
36555	-66.4794
36556	-67.976
36557	-68.8831
36558	-69.8196
36559	-69.6189
36560	-69.6289
36561	-70.1147
36562	-70.0314
36563	-71.1105
36564	-71.5905
36565	-72.1258
36566	-72.4179
36567	-72.977
36568	-72.2163
36569	-69.7233
36570	-71.253
36571	-73.3453
36572	-73.2221
36573	-72.9615
36574	-71.9928
36575	-71.1969
36576	-71.2103
36577	-70.7528
36578	-71.1387
36579	-71.6649
36580	-70.8269
36581	-70.1668
36582	-69.6278
36583	-68.3692
36584	-67.0565
36585	-66.8147
36586	-65.6571
36587	-63.7036
36588	-63.3508
36589	-62.5927
36590	-62.3668
36591	-61.1267
36592	-56.5391
36593	-48.826
36594	-39.7678
36595	-35.4105
36596	-39.0524
36597	-49.315
36598	-57.9958
36599	-60.1134
36600	-57.6286
36601	-54.0691
36602	-53.0757
36603	-55.79
36604	-59.2503
36605	-62.8945
36606	-65.6597
36607	-66.6668
36608	-68.2915
36609	-68.1563
36610	-69.2264
36611	-69.5341
36612	-70.4186
36613	-70.0415
36614	-70.2863
36615	-71.3325
36616	-71.8798
36617	-72.6375
36618	-72.315
36619	-70.7936
36620	-69.5464
36621	-69.1108
36622	-70.3441
36623	-71.5494
36624	-71.385
36625	-70.6008
36626	-68.6127
36627	-65.6707
36628	-65.3767
36629	-69.1075
36630	-71.4051
36631	-73.1869
36632	-72.3653
36633	-70.1281
36634	-67.699
36635	-66.1448
36636	-66.4556
36637	-66.9307
36638	-67.1249
36639	-67.3705
36640	-68.486
36641	-69.1526
36642	-68.3454
36643	-63.29
36644	-55.7134
36645	-52.3192
36646	-55.734
36647	-63.7487
36648	-69.1228
36649	-67.6081
36650	-64.6976
36651	-62.7136
36652	-62.1961
36653	-63.5862
36654	-65.6603
36655	-64.0566
36656	-64.2069
36657	-67.545
36658	-68.3852
36659	-67.4041
36660	-68.3752
36661	-67.977
36662	-67.7943
36663	-66.865
36664	-67.8565
36665	-68.7798
36666	-69.3164
36667	-69.6484
36668	-63.0783
36669	-57.8622
36670	-61.425
36671	-68.9974
36672	-68.6924
36673	-67.7044
36674	-65.7663
36675	-63.9276
36676	-63.3901
36677	-64.0077
36678	-65.6901
36679	-67.4775
36680	-69.2728
36681	-71.6974
36682	-72.4547
36683	-70.7961
36684	-69.9274
36685	-69.2162
36686	-69.9547
36687	-69.5716
36688	-70.3174
36689	-71.4705
36690	-72.1043
36691	-72.7967
36692	-67.8915
36693	-62.5263
36694	-65.1699
36695	-69.3184
36696	-71.99
36697	-73.1645
36698	-72.3618
36699	-72.3872
36700	-72.0235
36701	-71.4801
36702	-72.0144
36703	-72.1884
36704	-71.6995
36705	-72.1328
36706	-71.2711
36707	-70.8452
36708	-69.7443
36709	-67.3007
36710	-65.0289
36711	-63.4478
36712	-63.6493
36713	-63.2949
36714	-64.9198
36715	-66.2114
36716	-65.8828
36717	-53.751
36718	-37.1545
36719	-31.497
36720	-35.2529
36721	-49.8156
36722	-63.3135
36723	-62.5738
36724	-59.6209
36725	-56.9337
36726	-56.3731
36727	-56.6873
36728	-59.0081
36729	-63.3332
36730	-66.8131
36731	-68.9669
36732	-70.1504
36733	-70.39
36734	-71.6921
36735	-71.6531
36736	-71.5673
36737	-70.9157
36738	-71.3902
36739	-71.8269
36740	-72.0162
36741	-72.748
36742	-73.0286
36743	-70.0891
36744	-67.7395
36745	-66.2287
36746	-68.5035
36747	-71.9391
36748	-72.3992
36749	-72.2529
36750	-71.4952
36751	-70.4623
36752	-70.4265
36753	-70.0051
36754	-71.1289
36755	-72.8383
36756	-72.7951
36757	-72.5697
36758	-70.4754
36759	-68.8057
36760	-68.312
36761	-67.8412
36762	-67.3713
36763	-67.7977
36764	-68.8748
36765	-69.2321
36766	-69.5196
36767	-70.5694
36768	-67.4197
36769	-63.3024
36770	-66.2843
36771	-69.7625
36772	-69.0959
36773	-67.2189
36774	-64.554
36775	-63.4109
36776	-64.3567
36777	-63.9298
36778	-65.0295
36779	-65.351
36780	-66.3366
36781	-67.7943
36782	-61.525
36783	-59.8707
36784	-63.5196
36785	-62.2627
36786	-61.7535
36787	-61.3036
36788	-62.3118
36789	-65.1213
36790	-67.887
36791	-66.4572
36792	-54.6569
36793	-48.5521
36794	-51.7245
36795	-62.4854
36796	-68.3743
36797	-68.6785
36798	-67.8975
36799	-66.7067
36800	-66.2376
36801	-66.2729
36802	-66.2492
36803	-64.2633
36804	-65.1121
36805	-69.3231
36806	-71.6898
36807	-72.2391
36808	-70.5429
36809	-69.7921
36810	-68.8224
36811	-67.8194
36812	-69.3371
36813	-70.6908
36814	-71.7425
36815	-72.2116
36816	-71.6045
36817	-70.2853
36818	-70.6427
36819	-71.9151
36820	-72.6895
36821	-72.8548
36822	-71.9654
36823	-71.6772
36824	-70.1801
36825	-69.837
36826	-70.4724
36827	-70.5331
36828	-69.3357
36829	-68.7162
36830	-67.514
36831	-66.3039
36832	-64.0603
36833	-61.6739
36834	-58.2418
36835	-55.2551
36836	-53.9623
36837	-53.9312
36838	-55.972
36839	-58.317
36840	-57.0827
36841	-47.0786
36842	-30.6186
36843	-24.4081
36844	-27.6924
36845	-41.3306
36846	-54.9881
36847	-59.4211
36848	-60.6154
36849	-59.9779
36850	-60.1618
36851	-60.8964
36852	-62.7887
36853	-64.6605
36854	-64.9368
36855	-67.3929
36856	-68.7501
36857	-69.5228
36858	-69.8618
36859	-71.4855
36860	-71.5153
36861	-70.9948
36862	-71.2236
36863	-71.9226
36864	-72.2718
36865	-73.15
36866	-73.4035
36867	-72.8769
36868	-70.6087
36869	-68.536
36870	-70.5446
36871	-72.4785
36872	-71.8141
36873	-71.5574
36874	-70.2659
36875	-69.3619
36876	-69.9492
36877	-69.3462
36878	-69.1679
36879	-69.6757
36880	-70.7851
36881	-69.6617
36882	-66.0645
36883	-64.0622
36884	-65.1363
36885	-63.5703
36886	-62.5096
36887	-62.7625
36888	-64.6937
36889	-67.0337
36890	-68.3606
36891	-66.6657
36892	-54.5402
36893	-48.4768
36894	-51.6095
36895	-62.4564
36896	-66.6352
36897	-66.6898
36898	-65.3206
36899	-63.1733
36900	-63.7543
36901	-64.5307
36902	-64.7033
36903	-60.722
36904	-60.3548
36905	-65.776
36906	-68.2978
36907	-67.2792
36908	-66.0912
36909	-62.1408
36910	-59.2537
36911	-59.9529
36912	-62.6521
36913	-66.0907
36914	-69.4641
36915	-69.9597
36916	-69.4112
36917	-67.4466
36918	-67.5509
36919	-69.9057
36920	-69.1804
36921	-69.4161
36922	-69.6161
36923	-68.8199
36924	-68.365
36925	-68.9643
36926	-69.6394
36927	-69.6085
36928	-70.4087
36929	-71.1584
36930	-72.7013
36931	-73.1729
36932	-73.0132
36933	-71.7043
36934	-69.3279
36935	-68.1554
36936	-71.1099
36937	-72.1814
36938	-72.2041
36939	-72.162
36940	-70.8315
36941	-69.5986
36942	-69.6119
36943	-70.5053
36944	-72.0788
36945	-72.2017
36946	-71.3011
36947	-71.0049
36948	-70.6613
36949	-69.8132
36950	-69.7174
36951	-69.7127
36952	-69.018
36953	-67.2982
36954	-67.3332
36955	-66.558
36956	-65.2885
36957	-61.7227
36958	-56.2705
36959	-50.7734
36960	-47.574
36961	-48.2569
36962	-52.2534
36963	-57.3941
36964	-62.5533
36965	-62.2683
36966	-55.3939
36967	-50.8114
36968	-52.4787
36969	-58.643
36970	-63.6988
36971	-66.9861
36972	-66.7745
36973	-66.6554
36974	-67.0033
36975	-66.9007
36976	-67.6573
36977	-68.9091
36978	-69.9292
36979	-70.5713
36980	-70.9942
36981	-71.2037
36982	-71.991
36983	-72.2414
36984	-71.9729
36985	-71.0863
36986	-70.5574
36987	-70.8017
36988	-71.4537
36989	-72.7052
36990	-71.5444
36991	-70.3866
36992	-66.3231
36993	-62.0328
36994	-65.372
36995	-72.0968
36996	-72.7088
36997	-72.5898
36998	-71.8748
36999	-69.6834
37000	-69.8126
37001	-68.5126
37002	-68.3811
37003	-68.2948
37004	-69.4283
37005	-70.05
37006	-69.8421
37007	-68.9658
37008	-66.36
37009	-62.0995
37010	-58.6195
37011	-58.9522
37012	-62.5435
37013	-66.549
37014	-68.8586
37015	-68.0898
37016	-65.8512
37017	-62.8542
37018	-63.803
37019	-67.5609
37020	-67.0319
37021	-67.6671
37022	-68.3345
37023	-67.1555
37024	-66.5278
37025	-66.7502
37026	-70.0073
37027	-67.9007
37028	-67.0742
37029	-67.6107
37030	-68.0364
37031	-66.6992
37032	-66.4259
37033	-64.1619
37034	-57.7163
37035	-57.1187
37036	-62.5244
37037	-66.925
37038	-67.4935
37039	-65.0401
37040	-61.1763
37041	-58.4473
37042	-58.8921
37043	-62.3931
37044	-65.7485
37045	-68.0225
37046	-69.5296
37047	-70.7293
37048	-69.5312
37049	-68.3504
37050	-68.6263
37051	-68.5526
37052	-69.5896
37053	-69.2968
37054	-71.3092
37055	-72.377
37056	-72.7015
37057	-71.3663
37058	-64.1208
37059	-61.9895
37060	-67.5144
37061	-70.961
37062	-72.2464
37063	-72.8543
37064	-71.7885
37065	-71.8728
37066	-71.5946
37067	-71.5547
37068	-72.124
37069	-72.0334
37070	-71.8694
37071	-71.3017
37072	-70.5731
37073	-69.9253
37074	-69.2832
37075	-68.2845
37076	-66.9412
37077	-66.2994
37078	-65.971
37079	-65.6423
37080	-65.2434
37081	-63.9257
37082	-58.8737
37083	-50.7826
37084	-42.4256
37085	-41.3765
37086	-48.4521
37087	-58.2038
37088	-60.6095
37089	-56.056
37090	-51.0974
37091	-48.311
37092	-48.4157
37093	-51.2277
37094	-56.6574
37095	-61.4478
37096	-65.0322
37097	-66.641
37098	-67.1943
37099	-67.7238
37100	-69.6262
37101	-70.0273
37102	-69.897
37103	-69.4044
37104	-70.8649
37105	-71.175
37106	-70.9375
37107	-72.0418
37108	-72.4855
37109	-70.2577
37110	-69.7664
37111	-69.6792
37112	-71.3897
37113	-72.5095
37114	-72.9254
37115	-72.9728
37116	-71.7185
37117	-70.2743
37118	-71.2228
37119	-72.2695
37120	-73.104
37121	-72.8898
37122	-72.5813
37123	-70.5662
37124	-69.3821
37125	-68.7712
37126	-69.2687
37127	-68.9331
37128	-68.2767
37129	-69.0167
37130	-69.412
37131	-68.8398
37132	-68.0984
37133	-65.5782
37134	-59.8185
37135	-59.4288
37136	-64.242
37137	-68.6651
37138	-68.1981
37139	-64.281
37140	-61.0905
37141	-59.02
37142	-59.2051
37143	-61.7672
37144	-64.5064
37145	-65.2684
37146	-67.1434
37147	-64.516
37148	-59.4177
37149	-61.0972
37150	-63.9998
37151	-63.4715
37152	-63.0801
37153	-62.2493
37154	-64.4884
37155	-66.6966
37156	-67.3213
37157	-60.9165
37158	-50.404
37159	-48.7659
37160	-56.4902
37161	-68.5873
37162	-69.0519
37163	-68.1891
37164	-66.5297
37165	-65.1893
37166	-65.2624
37167	-65.5637
37168	-65.8618
37169	-64.1166
37170	-67.1269
37171	-70.8525
37172	-70.9703
37173	-70.3556
37174	-69.5255
37175	-70.0013
37176	-70.4786
37177	-69.991
37178	-71.0903
37179	-72.0086
37180	-72.0224
37181	-72.9431
37182	-71.9717
37183	-70.9955
37184	-72.0233
37185	-73.0002
37186	-73.2867
37187	-72.4656
37188	-71.9668
37189	-71.4664
37190	-70.6524
37191	-70.9461
37192	-71.1903
37193	-71.5027
37194	-69.7048
37195	-69.0782
37196	-68.2153
37197	-66.4479
37198	-63.8626
37199	-63.0534
37200	-60.5876
37201	-59.049
37202	-58.1373
37203	-58.6909
37204	-59.5764
37205	-58.7105
37206	-54.1118
37207	-33.7177
37208	-21.5754
37209	-19.8822
37210	-27.7292
37211	-47.9085
37212	-58.2003
37213	-59.629
37214	-58.305
37215	-56.7206
37216	-57.3799
37217	-58.5252
37218	-61.3582
37219	-63.5701
37220	-65.7482
37221	-67.8663
37222	-68.5991
37223	-69.4093
37224	-69.9997
37225	-70.7342
37226	-70.8061
37227	-70.2275
37228	-70.9317
37229	-72.1822
37230	-72.5543
37231	-73.1959
37232	-72.5526
37233	-70.8483
37234	-68.3032
37235	-68.3065
37236	-70.6025
37237	-71.4569
37238	-71.3497
37239	-70.0982
37240	-68.6614
37241	-67.6475
37242	-68.7192
37243	-69.1685
37244	-70.4089
37245	-72.2938
37246	-71.5676
37247	-68.8189
37248	-64.2282
37249	-64.2129
37250	-65.648
37251	-65.1888
37252	-64.9596
37253	-65.4692
37254	-67.017
37255	-68.4051
37256	-68.6713
37257	-60.7393
37258	-50.0438
37259	-48.4364
37260	-56.1625
37261	-68.5567
37262	-67.8254
37263	-66.0703
37264	-63.7487
37265	-63.1623
37266	-63.8611
37267	-64.2619
37268	-63.9445
37269	-59.7808
37270	-62.8093
37271	-69.558
37272	-67.9833
37273	-67.4783
37274	-66.9481
37275	-65.2842
37276	-65.2052
37277	-65.0641
37278	-66.3888
37279	-69.1327
37280	-69.8222
37281	-71.1735
37282	-67.9053
37283	-66.0237
37284	-69.3782
37285	-70.2329
37286	-69.3198
37287	-68.8094
37288	-67.926
37289	-66.83
37290	-66.5987
37291	-67.1366
37292	-67.8525
37293	-69.1828
37294	-70.8347
37295	-72.1132
37296	-73.6784
37297	-72.7701
37298	-70.6517
37299	-69.4811
37300	-68.9539
37301	-69.0826
37302	-70.641
37303	-71.6443
37304	-72.1939
37305	-71.076
37306	-67.9501
37307	-66.1931
37308	-67.6522
37309	-70.4255
37310	-73.3144
37311	-72.512
37312	-72.089
37313	-72.037
37314	-71.5542
37315	-71.4444
37316	-71.6724
37317	-71.3791
37318	-71.6535
37319	-70.6663
37320	-70.7529
37321	-69.5423
37322	-67.2016
37323	-63.6243
37324	-59.2377
37325	-57.221
37326	-56.9747
37327	-58.1878
37328	-61.069
37329	-64.9451
37330	-66.3811
37331	-63.3784
37332	-53.1308
37333	-50.8374
37334	-57.1192
37335	-64.2961
37336	-67.0311
37337	-65.8623
37338	-64.1178
37339	-62.8239
37340	-62.8833
37341	-63.0484
37342	-65.2431
37343	-67.6116
37344	-69.3518
37345	-70.723
37346	-71.3177
37347	-71.8919
37348	-71.9251
37349	-72.4919
37350	-71.4361
37351	-71.3281
37352	-71.6343
37353	-71.895
37354	-72.7175
37355	-73.1992
37356	-71.4986
37357	-69.1049
37358	-64.1684
37359	-62.8642
37360	-69.5223
37361	-72.9291
37362	-72.4234
37363	-72.0717
37364	-71.21
37365	-70.2155
37366	-70.3464
37367	-69.8295
37368	-70.0637
37369	-70.5055
37370	-72.1027
37371	-72.0247
37372	-69.9584
37373	-67.9194
37374	-66.1573
37375	-64.5375
37376	-64.0307
37377	-65.0088
37378	-66.8376
37379	-68.8308
37380	-69.5544
37381	-70.5776
37382	-71.5287
37383	-70.7875
37384	-70.5345
37385	-69.7835
37386	-69.2563
37387	-68.1018
37388	-66.1428
37389	-65.9732
37390	-66.0362
37391	-66.4447
37392	-67.0624
37393	-67.26
37394	-66.468
37395	-66.2617
37396	-63.9789
37397	-63.4018
37398	-64.0156
37399	-60.6089
37400	-58.5083
37401	-60.2273
37402	-63.3435
37403	-66.5901
37404	-67.4485
37405	-62.0108
37406	-55.2544
37407	-52.9432
37408	-56.954
37409	-63.7327
37410	-67.4958
37411	-69.0203
37412	-68.7201
37413	-68.0383
37414	-67.6851
37415	-67.3093
37416	-66.7433
37417	-66.7488
37418	-67.7801
37419	-70.1918
37420	-72.1831
37421	-72.818
37422	-71.4681
37423	-68.7395
37424	-64.875
37425	-65.8091
37426	-69.3893
37427	-71.2202
37428	-71.9593
37429	-71.9858
37430	-71.3982
37431	-70.5528
37432	-70.8023
37433	-71.8033
37434	-72.2378
37435	-72.6965
37436	-71.4864
37437	-70.8258
37438	-69.6449
37439	-69.8273
37440	-69.6887
37441	-69.055
37442	-68.0336
37443	-67.2858
37444	-66.6912
37445	-64.7894
37446	-63.4819
37447	-60.0214
37448	-55.1424
37449	-50.3734
37450	-47.8366
37451	-49.7167
37452	-54.6164
37453	-58.6525
37454	-55.982
37455	-47.9074
37456	-39.9256
37457	-37.4767
37458	-42.5503
37459	-50.14
37460	-57.0008
37461	-61.4391
37462	-62.8533
37463	-63.4148
37464	-63.9982
37465	-65.0084
37466	-66.7446
37467	-67.312
37468	-67.6315
37469	-68.5705
37470	-69.7305
37471	-70.2842
37472	-70.6181
37473	-71.9662
37474	-71.4003
37475	-71.2549
37476	-71.4567
37477	-71.5753
37478	-72.2516
37479	-73.2734
37480	-73.5366
37481	-73.0971
37482	-71.0465
37483	-70.0836
37484	-72.5605
37485	-73.1374
37486	-72.3803
37487	-71.8637
37488	-70.71
37489	-70.0066
37490	-68.9658
37491	-69.6546
37492	-68.9085
37493	-69.4257
37494	-69.2709
37495	-68.5095
37496	-67.7021
37497	-65.7272
37498	-65.5591
37499	-61.6973
37500	-59.4866
37501	-61.5778
37502	-65.3655
37503	-68.3966
37504	-67.3634
37505	-61.8058
37506	-55.3479
37507	-52.828
37508	-56.8208
37509	-63.3956
37510	-65.2256
37511	-66.8093
37512	-64.9631
37513	-62.5187
37514	-62.2072
37515	-63.9728
37516	-64.1118
37517	-62.7164
37518	-62.7273
37519	-64.4227
37520	-67.3553
37521	-67.1984
37522	-64.5421
37523	-57.5051
37524	-53.1305
37525	-55.488
37526	-62.7227
37527	-68.6146
37528	-70.0416
37529	-68.4239
37530	-65.89
37531	-64.2464
37532	-65.6045
37533	-67.5335
37534	-66.8336
37535	-67.6807
37536	-68.9409
37537	-69.6523
37538	-69.8227
37539	-69.6396
37540	-70.2267
37541	-70.0805
37542	-70.988
37543	-71.7006
37544	-72.1986
37545	-72.359
37546	-72.9557
37547	-72.4903
37548	-69.6516
37549	-70.5084
37550	-73.1674
37551	-73.1437
37552	-72.9443
37553	-72.2534
37554	-71.0874
37555	-70.9923
37556	-70.6557
37557	-70.8659
37558	-71.8649
37559	-70.9399
37560	-70.3782
37561	-69.8781
37562	-68.7808
37563	-67.2623
37564	-67.0999
37565	-66.0061
37566	-64.0313
37567	-63.3175
37568	-62.62
37569	-62.5482
37570	-61.9636
37571	-57.7631
37572	-50.6112
37573	-41.5287
37574	-35.9827
37575	-38.0471
37576	-47.5937
37577	-56.8943
37578	-60.6092
37579	-58.9093
37580	-54.9905
37581	-53.838
37582	-55.8306
37583	-59.0866
37584	-62.7318
37585	-65.6942
37586	-66.7268
37587	-68.1877
37588	-68.2858
37589	-68.9503
37590	-69.4092
37591	-70.2201
37592	-70.3318
37593	-70.2974
37594	-71.0322
37595	-71.8267
37596	-72.6099
37597	-72.6557
37598	-71.007
37599	-69.6228
37600	-68.8624
37601	-70.1463
37602	-71.3936
37603	-71.3544
37604	-70.8342
37605	-68.8815
37606	-65.9524
37607	-64.9601
37608	-68.2816
37609	-71.1701
37610	-73.1793
37611	-72.5385
37612	-70.8025
37613	-68.2306
37614	-66.5391
37615	-66.2839
37616	-66.9333
37617	-67.0528
37618	-67.3406
37619	-68.134
37620	-69.2329
37621	-68.8594
37622	-64.4607
37623	-56.991
37624	-52.7251
37625	-54.8096
37626	-62.7058
37627	-68.6378
37628	-67.9986
37629	-65.6117
37630	-63.5072
37631	-62.6
37632	-63.8009
37633	-65.8992
37634	-64.5381
37635	-64.0724
37636	-67.2741
37637	-68.3012
37638	-67.3775
37639	-68.3386
37640	-68.3923
37641	-68.0232
37642	-67.1947
37643	-67.7824
37644	-68.6727
37645	-69.2107
37646	-69.7126
37647	-63.8096
37648	-57.0449
37649	-58.976
37650	-68.0165
37651	-68.6601
37652	-67.6766
37653	-65.9224
37654	-64.0058
37655	-62.9648
37656	-63.6832
37657	-65.1642
37658	-66.8447
37659	-68.5727
37660	-71.4139
37661	-72.6293
37662	-70.9117
37663	-69.9228
37664	-69.1655
37665	-69.9062
37666	-69.6192
37667	-70.0722
37668	-71.2758
37669	-72.0589
37670	-72.7876
37671	-69.4694
37672	-62.7829
37673	-64.1127
37674	-68.8274
37675	-71.4048
37676	-73.2711
37677	-72.6634
37678	-72.406
37679	-72.1262
37680	-71.4898
37681	-71.9699
37682	-72.3888
37683	-71.4716
37684	-72.1796
37685	-71.3615
37686	-70.9617
37687	-70.0204
37688	-67.8648
37689	-65.7556
37690	-63.822
37691	-63.8789
37692	-63.5424
37693	-64.8234
37694	-66.0413
37695	-65.5674
37696	-56.5159
37697	-37.9454
37698	-30.4838
37699	-32.589
37700	-44.9936
37701	-62.2183
37702	-62.7166
37703	-59.7138
37704	-56.9972
37705	-55.9415
37706	-56.356
37707	-58.2963
37708	-62.2084
37709	-65.5826
37710	-68.2078
37711	-70.0144
37712	-70.2091
37713	-71.2801
37714	-71.6182
37715	-71.6163
37716	-70.9466
37717	-71.0381
37718	-71.7277
37719	-71.9744
37720	-72.5417
37721	-73.2383
37722	-70.8971
37723	-68.2468
37724	-66.5087
37725	-67.9535
37726	-71.5583
37727	-72.4926
37728	-72.1595
37729	-71.7079
37730	-70.6289
37731	-70.6173
37732	-70.2498
37733	-71.0152
37734	-72.6719
37735	-72.9056
37736	-72.7969
37737	-70.6857
37738	-68.9232
37739	-68.6329
37740	-67.8092
37741	-67.6635
37742	-67.8833
37743	-69.0543
37744	-69.3442
37745	-69.6492
37746	-70.5951
37747	-67.4716
37748	-61.5018
37749	-63.4674
37750	-69.3975
37751	-69.3528
37752	-67.5257
37753	-64.6106
37754	-63.3145
37755	-63.9271
37756	-63.7584
37757	-64.5275
37758	-65.1773
37759	-65.5394
37760	-67.8509
37761	-62.5682
37762	-59.4874
37763	-63.2677
37764	-62.4219
37765	-61.7072
37766	-61.4209
37767	-61.8273
37768	-64.5708
37769	-67.4479
37770	-67.6133
37771	-56.7775
37772	-48.9856
37773	-50.5279
37774	-60.3133
37775	-68.2541
37776	-68.7877
37777	-68.0032
37778	-67.1517
37779	-66.241
37780	-66.5438
37781	-66.6911
37782	-64.6058
37783	-64.587
37784	-68.7194
37785	-71.5335
37786	-72.077
37787	-70.9748
37788	-69.841
37789	-69.1452
37790	-68.1115
37791	-69.1281
37792	-70.6976
37793	-71.6744
37794	-72.084
37795	-71.9525
37796	-70.7185
37797	-70.6599
37798	-71.8785
37799	-72.7057
37800	-72.7824
37801	-72.1895
37802	-71.7061
37803	-70.5587
37804	-69.6462
37805	-70.3337
37806	-70.7893
37807	-69.5912
37808	-68.4975
37809	-67.6359
37810	-66.5938
37811	-64.4682
37812	-61.7925
37813	-58.8451
37814	-55.5227
37815	-53.9262
37816	-53.6196
37817	-55.2979
37818	-57.9454
37819	-57.5605
37820	-50.2358
37821	-32.5651
37822	-24.6648
37823	-26.255
37824	-38.1947
37825	-53.9165
37826	-58.9212
37827	-60.6949
37828	-60.3113
37829	-60.0556
37830	-60.7855
37831	-62.5107
37832	-64.5589
37833	-64.741
37834	-67.019
37835	-68.8279
37836	-69.4866
37837	-69.883
37838	-71.0143
37839	-71.5121
37840	-71.1211
37841	-71.221
37842	-71.8141
37843	-72.3307
37844	-73.1021
37845	-73.5402
37846	-72.9957
37847	-70.8205
37848	-68.4715
37849	-69.3632
37850	-72.437
37851	-71.8905
37852	-71.7208
37853	-70.6073
37854	-69.1353
37855	-69.728
37856	-69.5331
37857	-69.2458
37858	-69.5026
37859	-70.6296
37860	-70.0543
37861	-66.7742
37862	-63.9718
37863	-65.3183
37864	-63.7026
37865	-62.5732
37866	-62.5248
37867	-64.0738
37868	-66.5313
37869	-68.1435
37870	-67.5387
37871	-56.5915
37872	-48.8377
37873	-50.3811
37874	-60.3437
37875	-66.4792
37876	-66.7281
37877	-65.8454
37878	-63.4785
37879	-63.7166
37880	-64.4476
37881	-65.09
37882	-61.3673
37883	-59.9339
37884	-64.9768
37885	-68.534
37886	-67.7496
37887	-66.6929
37888	-63.1167
37889	-60.1189
37890	-60.0174
37891	-62.4378
37892	-65.5661
37893	-69.388
37894	-70.3178
37895	-71.0639
37896	-69.3291
37897	-69.3211
37898	-70.5903
37899	-69.5438
37900	-69.5376
37901	-69.6376
37902	-68.8023
37903	-68.3885
37904	-68.8912
37905	-69.2865
37906	-69.4202
37907	-70.2791
37908	-71.0022
37909	-72.3526
37910	-73.2119
37911	-73.2871
37912	-71.8931
37913	-69.5001
37914	-67.6747
37915	-70.4203
37916	-72.0874
37917	-72.1804
37918	-72.2692
37919	-71.1137
37920	-69.5914
37921	-69.7322
37922	-69.9767
37923	-71.7362
37924	-72.5968
37925	-71.3391
37926	-71.2041
37927	-70.6988
37928	-69.9004
37929	-69.7953
37930	-69.7935
37931	-69.3809
37932	-67.6781
37933	-67.3223
37934	-67.0449
37935	-65.9119
37936	-62.6604
37937	-57.7804
37938	-51.9137
37939	-48.447
37940	-48.2828
37941	-51.6376
37942	-56.8476
37943	-62.2004
37944	-63.6013
37945	-58.3319
37946	-53.1518
37947	-53.5234
37948	-58.813
37949	-63.5131
37950	-67.2468
37951	-67.1751
37952	-66.8464
37953	-67.003
37954	-66.8149
37955	-67.5605
37956	-68.597
37957	-69.5614
37958	-70.2935
37959	-70.9217
37960	-71.0687
37961	-71.9307
37962	-72.1923
37963	-72.2418
37964	-71.1238
37965	-70.5468
37966	-70.5634
37967	-71.4152
37968	-72.7094
37969	-71.8353
37970	-70.6278
37971	-67.2626
37972	-62.3195
37973	-64.2312
37974	-71.2395
37975	-72.9058
37976	-72.5443
37977	-72.2864
37978	-69.9681
37979	-70.1284
37980	-68.8045
37981	-68.5966
37982	-68.3095
37983	-69.2726
37984	-70.167
37985	-70.126
37986	-69.4646
37987	-67.1857
37988	-63.1585
37989	-59.3256
37990	-58.7796
37991	-62.0743
37992	-66.1726
37993	-68.701
37994	-68.9514
37995	-67.257
37996	-64.4293
37997	-64.4128
37998	-67.6093
37999	-67.5052
38000	-67.5445
38001	-68.5311
38002	-67.267
38003	-66.529
38004	-66.2383
38005	-69.2186
38006	-68.4472
38007	-67.0873
38008	-67.3026
38009	-68.0144
38010	-66.798
38011	-66.0325
38012	-65.0267
38013	-57.9507
38014	-56.1511
38015	-60.9252
38016	-66.1061
38017	-67.6181
38018	-65.4414
38019	-61.8377
38020	-58.681
38021	-58.4246
38022	-61.647
38023	-65.0353
38024	-67.4391
38025	-69.0534
38026	-70.2887
38027	-69.7522
38028	-68.3931
38029	-68.5341
38030	-68.5174
38031	-69.2823
38032	-69.1041
38033	-70.7182
38034	-72.242
38035	-72.4355
38036	-71.9943
38037	-65.3525
38038	-61.8156
38039	-66.4039
38040	-70.8432
38041	-71.9413
38042	-72.9876
38043	-71.8903
38044	-71.9499
38045	-71.7808
38046	-71.4827
38047	-72.1149
38048	-71.9506
38049	-72.0028
38050	-71.383
38051	-70.669
38052	-69.9787
38053	-69.481
38054	-68.5354
38055	-67.3048
38056	-66.2757
38057	-65.9486
38058	-65.4134
38059	-65.2307
38060	-64.0246
38061	-59.4122
38062	-51.9316
38063	-42.8419
38064	-40.3575
38065	-46.1547
38066	-56.2895
38067	-60.7204
38068	-56.4781
38069	-51.765
38070	-48.4551
38071	-47.712
38072	-50.3259
38073	-55.4074
38074	-60.717
38075	-64.3001
38076	-66.1443
38077	-67.1909
38078	-67.4717
38079	-69.1461
38080	-70.0375
38081	-69.9408
38082	-69.3024
38083	-70.5573
38084	-71.1058
38085	-70.796
38086	-71.7408
38087	-72.4299
38088	-70.7552
38089	-70.1717
38090	-69.8049
38091	-71.1704
38092	-72.3153
38093	-72.8868
38094	-73.1737
38095	-72.1717
38096	-70.6539
38097	-71.2402
38098	-72.0647
38099	-72.9276
38100	-72.9245
38101	-72.7309
38102	-70.8012
38103	-69.3982
38104	-68.7096
38105	-69.0901
38106	-69.0041
38107	-68.3965
38108	-68.7922
38109	-69.392
38110	-68.8452
38111	-68.0309
38112	-66.1548
38113	-59.8341
38114	-58.2336
38115	-62.6297
38116	-67.8882
38117	-68.4645
38118	-64.8594
38119	-61.5079
38120	-59.2721
38121	-58.5364
38122	-61.0167
38123	-64.0943
38124	-64.6046
38125	-66.662
38126	-65.4395
38127	-60.0711
38128	-60.4078
38129	-63.9318
38130	-63.4351
38131	-63.2834
38132	-62.1418
38133	-63.9641
38134	-66.4705
38135	-67.2849
38136	-63.4737
38137	-51.8128
38138	-48.5745
38139	-54.5752
38140	-67.9544
38141	-69.1906
38142	-68.5095
38143	-67.1722
38144	-65.5346
38145	-65.5458
38146	-65.7234
38147	-66.3069
38148	-64.3898
38149	-66.2988
38150	-70.536
38151	-71.0886
38152	-70.4852
38153	-69.7327
38154	-69.8778
38155	-70.7507
38156	-70.2801
38157	-70.9302
38158	-71.9684
38159	-72.0244
38160	-72.855
38161	-72.0433
38162	-71.0577
38163	-71.7167
38164	-73.1874
38165	-73.079
38166	-72.9408
38167	-71.6895
38168	-71.564
38169	-70.6634
38170	-70.7813
38171	-71.2098
38172	-71.7646
38173	-69.9019
38174	-69.0652
38175	-68.437
38176	-66.9306
38177	-64.0975
38178	-63.3193
38179	-60.8861
38180	-59.2206
38181	-58.3256
38182	-58.4789
38183	-59.5034
38184	-59.3168
38185	-55.5371
38186	-37.7973
38187	-23.2219
38188	-19.8832
38189	-25.9351
38190	-43.5949
38191	-57.8014
38192	-59.7004
38193	-59.0225
38194	-57.1714
38195	-57.4963
38196	-58.5693
38197	-61.0491
38198	-63.5349
38199	-65.4933
38200	-67.8595
38201	-68.53
38202	-69.4832
38203	-69.758
38204	-70.5188
38205	-70.8968
38206	-70.3783
38207	-70.7859
38208	-72.2564
38209	-72.5285
38210	-73.264
38211	-72.5062
38212	-71.0817
38213	-68.276
38214	-67.8865
38215	-70.1845
38216	-71.4458
38217	-71.535
38218	-70.1663
38219	-69.0243
38220	-67.4492
38221	-68.5673
38222	-68.9556
38223	-70.0032
38224	-71.9991
38225	-71.7261
38226	-69.5124
38227	-64.9898
38228	-63.9323
38229	-65.3902
38230	-65.0529
38231	-64.9403
38232	-65.0528
38233	-66.7236
38234	-68.1894
38235	-68.8111
38236	-63.2211
38237	-51.4077
38238	-48.1692
38239	-54.1912
38240	-67.5809
38241	-68.219
38242	-66.4961
38243	-64.4022
38244	-63.4339
38245	-64.266
38246	-64.3527
38247	-64.5632
38248	-60.3118
38249	-61.8449
38250	-68.9827
38251	-68.5574
38252	-67.6372
38253	-67.2586
38254	-65.8682
38255	-65.6833
38256	-65.2548
38257	-66.4548
38258	-68.9778
38259	-69.7894
38260	-71.0608
38261	-66.7445
38262	-63.39
38263	-66.8749
38264	-70.1766
38265	-69.3786
38266	-68.9267
38267	-67.9565
38268	-66.618
38269	-66.3002
38270	-66.8826
38271	-67.6757
38272	-68.6131
38273	-70.8044
38274	-71.7626
38275	-73.3776
38276	-72.9711
38277	-70.9463
38278	-69.4609
38279	-68.8279
38280	-68.7853
38281	-70.271
38282	-71.3434
38283	-72.1894
38284	-71.5741
38285	-68.6354
38286	-66.1857
38287	-67.2519
38288	-69.8853
38289	-73.2471
38290	-72.6775
38291	-72.1612
38292	-72.0632
38293	-71.6671
38294	-71.3794
38295	-71.6066
38296	-71.567
38297	-71.4358
38298	-70.9246
38299	-70.85
38300	-70.3349
38301	-67.9083
38302	-64.7441
38303	-60.2045
38304	-57.7555
38305	-57.4742
38306	-58.2832
38307	-60.9765
38308	-64.4532
38309	-66.3432
38310	-61.6457
38311	-48.2806
38312	-44.365
38313	-49.5587
38314	-61.4047
38315	-66.3249
38316	-66.1222
38317	-64.1141
38318	-62.7047
38319	-62.7086
38320	-62.6192
38321	-64.4951
38322	-67.1074
38323	-68.7508
38324	-70.4587
38325	-71.2118
38326	-71.8771
38327	-71.8655
38328	-72.4632
38329	-71.5809
38330	-71.3435
38331	-71.5429
38332	-71.9033
38333	-72.4194
38334	-73.3049
38335	-72.2157
38336	-69.5172
38337	-65.4025
38338	-62.6557
38339	-68.1525
38340	-73.0167
38341	-72.4437
38342	-72.0194
38343	-71.4523
38344	-70.3983
38345	-70.4737
38346	-69.8589
38347	-70.0654
38348	-70.5992
38349	-71.9343
38350	-72.2694
38351	-70.1799
38352	-68.3871
38353	-66.6328
38354	-65.0801
38355	-64.5741
38356	-65.1217
38357	-66.7919
38358	-68.9383
38359	-69.3913
38360	-70.6572
38361	-71.1556
38362	-71.2387
38363	-70.7656
38364	-70.0263
38365	-69.315
38366	-68.3092
38367	-66.3122
38368	-65.5898
38369	-65.9544
38370	-65.9874
38371	-66.8211
38372	-66.8535
38373	-66.2673
38374	-66.2234
38375	-64.2864
38376	-63.1015
38377	-64.1154
38378	-61.0617
38379	-58.4363
38380	-59.5531
38381	-62.5335
38382	-65.9117
38383	-68.2186
38384	-62.9295
38385	-56.1861
38386	-52.861
38387	-55.9529
38388	-62.6675
38389	-67.0527
38390	-68.7156
38391	-69.0049
38392	-67.9419
38393	-67.7449
38394	-67.3511
38395	-66.924
38396	-66.6037
38397	-67.4825
38398	-69.6857
38399	-72.0431
38400	-72.4626
38401	-71.8842
38402	-69.6196
38403	-65.3757
38404	-65.656
38405	-68.8898
38406	-71.4197
38407	-72.0131
38408	-72.3225
38409	-71.5623
38410	-70.8253
38411	-70.8826
38412	-71.6378
38413	-72.2219
38414	-72.4924
38415	-71.7416
38416	-70.8673
38417	-69.7082
38418	-69.626
38419	-69.9181
38420	-69.1257
38421	-67.9825
38422	-67.2052
38423	-66.9919
38424	-65.0634
38425	-63.6727
38426	-60.4225
38427	-55.6933
38428	-50.8058
38429	-47.7233
38430	-48.9199
38431	-53.1631
38432	-58.0524
38433	-57.1962
38434	-49.5141
38435	-41.0098
38436	-37.1525
38437	-41.0312
38438	-48.6875
38439	-56.0561
38440	-60.6478
38441	-62.681
38442	-63.3558
38443	-63.9565
38444	-64.805
38445	-66.4618
38446	-67.1594
38447	-67.659
38448	-68.2494
38449	-69.6292
38450	-70.1173
38451	-70.5443
38452	-71.6385
38453	-71.7094
38454	-71.1777
38455	-71.7458
38456	-71.6552
38457	-72.2236
38458	-73.2864
38459	-73.3381
38460	-73.3741
38461	-71.1906
38462	-69.6052
38463	-71.7824
38464	-72.8582
38465	-72.374
38466	-71.7796
38467	-70.7378
38468	-69.8814
38469	-69.1324
38470	-69.2586
38471	-69.0282
38472	-69.1524
38473	-69.1667
38474	-68.4206
38475	-67.7149
38476	-65.7602
38477	-65.5795
38478	-62.2239
38479	-59.2979
38480	-60.7241
38481	-64.4409
38482	-67.7058
38483	-68.2496
38484	-62.7962
38485	-56.2911
38486	-52.6787
38487	-55.6674
38488	-62.4908
38489	-64.81
38490	-66.4926
38491	-65.7099
38492	-62.7374
38493	-62.3707
38494	-63.3409
38495	-65.0249
38496	-62.4834
38497	-62.6641
38498	-63.8257
38499	-67.2479
38500	-67.6535
38501	-65.5535
38502	-59.0299
38503	-53.8049
38504	-54.794
38505	-61.8864
38506	-67.8855
38507	-70.0953
38508	-69.2238
38509	-67.1482
38510	-65.0936
38511	-65.8381
38512	-67.8028
38513	-67.3049
38514	-67.4958
38515	-68.9564
38516	-69.4951
38517	-70.2252
38518	-69.5345
38519	-70.172
38520	-70.1255
38521	-70.7505
38522	-71.688
38523	-72.3242
38524	-72.3418
38525	-72.8824
38526	-72.8057
38527	-69.7266
38528	-69.6719
38529	-72.8074
38530	-73.2373
38531	-72.9624
38532	-72.2752
38533	-71.1101
38534	-70.8906
38535	-70.8546
38536	-70.7171
38537	-71.7298
38538	-71.0381
38539	-70.4777
38540	-70.123
38541	-69.2748
38542	-67.5761
38543	-67.2749
38544	-66.1532
38545	-64.2934
38546	-63.3455
38547	-62.9354
38548	-62.8477
38549	-62.547
38550	-58.8579
38551	-52.161
38552	-43.5877
38553	-36.7223
38554	-37.3587
38555	-46.1581
38556	-55.8542
38557	-60.836
38558	-60.2402
38559	-56.1251
38560	-54.8413
38561	-55.9229
38562	-59.0607
38563	-62.6529
38564	-65.7458
38565	-66.6969
38566	-68.2104
38567	-68.5043
38568	-68.7902
38569	-69.4255
38570	-69.9951
38571	-70.5517
38572	-70.1632
38573	-70.8786
38574	-71.5781
38575	-72.5175
38576	-72.8522
38577	-71.3981
38578	-69.7616
38579	-68.7336
38580	-69.9266
38581	-71.0596
38582	-71.4334
38583	-70.9835
38584	-69.2163
38585	-66.2837
38586	-64.7815
38587	-67.6629
38588	-70.9041
38589	-73.0341
38590	-72.7041
38591	-71.3461
38592	-68.8402
38593	-66.7287
38594	-66.1541
38595	-66.854
38596	-66.9446
38597	-67.2973
38598	-67.8602
38599	-69.2847
38600	-69.2638
38601	-65.6566
38602	-58.4445
38603	-53.4118
38604	-54.1625
38605	-61.6329
38606	-67.9112
38607	-68.6426
38608	-66.2901
38609	-64.4232
38610	-63.1771
38611	-64.0931
38612	-65.9597
38613	-65.0568
38614	-64.0844
38615	-67.0768
38616	-68.3157
38617	-67.3356
38618	-67.7993
38619	-68.9127
38620	-68.3744
38621	-67.6893
38622	-67.8124
38623	-68.5383
38624	-69.1105
38625	-69.637
38626	-65.0228
38627	-56.6634
38628	-56.9812
38629	-66.2941
38630	-68.7359
38631	-67.8196
38632	-66.1077
38633	-64.0776
38634	-62.6696
38635	-63.3767
38636	-64.6708
38637	-66.3064
38638	-68.0297
38639	-70.5289
38640	-72.7082
38641	-71.0362
38642	-70.0671
38643	-69.2302
38644	-69.6315
38645	-69.4884
38646	-69.6621
38647	-71.0297
38648	-71.8677
38649	-72.6907
38650	-70.5081
38651	-63.3512
38652	-63.2261
38653	-68.1883
38654	-71.0848
38655	-73.1982
38656	-72.8383
38657	-72.2292
38658	-72.2482
38659	-71.6387
38660	-71.8739
38661	-72.4555
38662	-71.3245
38663	-72.1317
38664	-71.5492
38665	-70.9849
38666	-70.4186
38667	-68.4305
38668	-66.2652
38669	-64.2637
38670	-64.104
38671	-63.7204
38672	-64.8513
38673	-65.8484
38674	-65.3891
38675	-59.3428
38676	-39.4091
38677	-30.0045
38678	-30.4817
38679	-40.8831
38680	-60.6408
38681	-62.5874
38682	-60.0641
38683	-57.2587
38684	-55.6535
38685	-56.1067
38686	-57.6301
38687	-61.164
38688	-64.7126
38689	-67.6196
38690	-69.6254
38691	-70.0438
38692	-70.9178
38693	-71.736
38694	-71.6483
38695	-71.0703
38696	-70.8846
38697	-71.6325
38698	-71.7467
38699	-72.4595
38700	-73.232
38701	-71.4699
38702	-68.6492
38703	-66.9525
38704	-67.5989
38705	-71.0943
38706	-72.4226
38707	-72.2839
38708	-71.9428
38709	-70.9897
38710	-70.7792
38711	-70.5603
38712	-70.9654
38713	-72.3549
38714	-72.7145
38715	-72.8641
38716	-70.9021
38717	-68.9167
38718	-68.7076
38719	-67.9063
38720	-68.1027
38721	-68.1897
38722	-69.1179
38723	-69.5081
38724	-69.8583
38725	-70.6115
38726	-67.5222
38727	-60.3935
38728	-60.7666
38729	-68.0411
38730	-69.1781
38731	-67.8935
38732	-64.8068
38733	-63.2572
38734	-63.2121
38735	-63.7363
38736	-63.9511
38737	-64.8158
38738	-64.8094
38739	-67.6102
38740	-63.9001
38741	-59.386
38742	-62.6684
38743	-62.7886
38744	-61.6591
38745	-61.3053
38746	-61.6006
38747	-63.9037
38748	-67.0088
38749	-68.3003
38750	-59.2153
38751	-49.7276
38752	-49.5991
38753	-58.2082
38754	-68.0557
38755	-68.8176
38756	-68.277
38757	-67.6696
38758	-66.2904
38759	-66.7184
38760	-66.9037
38761	-64.9844
38762	-64.3333
38763	-68.2416
38764	-71.2286
38765	-72.0106
38766	-71.3686
38767	-70.0287
38768	-69.6497
38769	-68.4257
38770	-68.9171
38771	-70.8563
38772	-71.5
38773	-71.8763
38774	-72.3557
38775	-71.2722
38776	-70.7416
38777	-71.7461
38778	-72.7086
38779	-72.7151
38780	-72.3074
38781	-71.7465
38782	-70.7334
38783	-69.6309
38784	-70.2502
38785	-70.8677
38786	-69.811
38787	-68.5973
38788	-67.7756
38789	-66.7332
38790	-64.7276
38791	-62.0319
38792	-59.6274
38793	-55.8838
38794	-54.0313
38795	-53.3611
38796	-54.6741
38797	-57.5374
38798	-57.8891
38799	-53.0458
38800	-34.9098
38801	-25.2323
38802	-25.159
38803	-35.2225
38804	-51.907
38805	-58.1682
38806	-60.6574
38807	-60.69
38808	-59.9528
38809	-60.778
38810	-62.251
38811	-64.213
38812	-64.6879
38813	-66.6305
38814	-68.822
38815	-69.4114
38816	-70.0816
38817	-70.584
38818	-71.492
38819	-71.3858
38820	-71.24
38821	-71.9204
38822	-72.3806
38823	-72.9756
38824	-73.6652
38825	-72.9765
38826	-71.0858
38827	-68.1553
38828	-68.2556
38829	-72.1594
38830	-72.0273
38831	-71.9889
38832	-70.9659
38833	-69.1196
38834	-69.5029
38835	-69.5225
38836	-69.234
38837	-69.4975
38838	-70.3856
38839	-70.4802
38840	-67.5507
38841	-64.0128
38842	-64.8611
38843	-64.0253
38844	-62.6957
38845	-62.1982
38846	-63.3971
38847	-65.8933
38848	-67.839
38849	-67.9417
38850	-58.9949
38851	-49.5067
38852	-49.4539
38853	-58.0546
38854	-66.1753
38855	-66.6003
38856	-66.0976
38857	-63.8168
38858	-63.5694
38859	-64.3535
38860	-65.1543
38861	-62.0478
38862	-59.763
38863	-64.0849
38864	-68.6062
38865	-68.0949
38866	-67.356
38867	-64.2783
38868	-61.0122
38869	-60.2835
38870	-62.2441
38871	-65.1567
38872	-69.5361
38873	-70.582
38874	-71.5268
38875	-71.0109
38876	-71.1935
38877	-71.0086
38878	-69.9855
38879	-69.5913
38880	-69.804
38881	-68.8313
38882	-68.4963
38883	-68.7843
38884	-69.0011
38885	-69.2778
38886	-70.1537
38887	-70.8397
38888	-72.1444
38889	-73.2794
38890	-73.472
38891	-72.1279
38892	-69.9124
38893	-67.3683
38894	-69.8249
38895	-71.9839
38896	-72.2046
38897	-72.3847
38898	-71.3877
38899	-69.7434
38900	-69.6828
38901	-69.5124
38902	-71.434
38903	-72.7295
38904	-71.5009
38905	-71.4772
38906	-70.8575
38907	-70.066
38908	-69.6557
38909	-69.8939
38910	-69.5996
38911	-67.8952
38912	-67.4126
38913	-67.4289
38914	-66.5345
38915	-63.6721
38916	-59.3526
38917	-53.2409
38918	-49.5044
38919	-48.3815
38920	-51.2968
38921	-56.3926
38922	-61.6873
38923	-64.5106
38924	-61.6185
38925	-56.2741
38926	-55.4339
38927	-59.7372
38928	-63.6288
38929	-67.6782
38930	-67.5314
38931	-66.9934
38932	-66.885
38933	-66.749
38934	-67.1971
38935	-68.3745
38936	-69.4575
38937	-70.1075
38938	-71.0189
38939	-71.0732
38940	-71.9676
38941	-72.2737
38942	-72.4192
38943	-71.2396
38944	-70.5255
38945	-70.4873
38946	-71.1976
38947	-72.4582
38948	-72.2751
38949	-70.6667
38950	-68.1842
38951	-62.8532
38952	-63.3831
38953	-70.3847
38954	-73.0004
38955	-72.4964
38956	-72.3495
38957	-70.2039
38958	-70.1225
38959	-69.2481
38960	-68.6905
38961	-68.3273
38962	-69.1017
38963	-70.102
38964	-70.2597
38965	-69.719
38966	-67.6843
38967	-64.0419
38968	-60.184
38969	-58.8883
38970	-61.6177
38971	-65.7039
38972	-68.7018
38973	-69.4943
38974	-68.2159
38975	-66.3175
38976	-65.5495
38977	-67.8613
38978	-68.2266
38979	-67.5153
38980	-68.5971
38981	-67.4297
38982	-66.5698
38983	-65.792
38984	-68.2062
38985	-68.5792
38986	-67.2605
38987	-66.9159
38988	-67.9103
38989	-66.9096
38990	-65.8075
38991	-65.6395
38992	-58.4973
38993	-55.5201
38994	-59.4285
38995	-65.1311
38996	-67.7286
38997	-65.7798
38998	-62.6367
38999	-58.884
39000	-58.0636
39001	-60.8617
39002	-64.4432
39003	-67.002
39004	-68.6295
39005	-70.0625
39006	-69.7425
39007	-68.467
39008	-68.4483
39009	-68.5536
39010	-69.1312
39011	-69.0873
39012	-70.1398
39013	-72.2083
39014	-72.3635
39015	-72.6033
39016	-66.8951
39017	-61.9123
39018	-65.1919
39019	-70.4466
39020	-71.7395
39021	-72.8856
39022	-71.9684
39023	-71.8347
39024	-72.0518
39025	-71.3992
39026	-72.054
39027	-71.7702
39028	-72.2199
39029	-71.5374
39030	-70.9573
39031	-70.0562
39032	-69.5774
39033	-68.6887
39034	-67.6076
39035	-66.2152
39036	-66.014
39037	-65.2361
39038	-65.2282
39039	-64.1237
39040	-59.9254
39041	-52.8739
39042	-43.5522
39043	-39.6644
39044	-43.9528
39045	-53.6446
39046	-60.4228
39047	-57.1967
39048	-52.5987
39049	-48.6278
39050	-47.2356
39051	-49.6586
39052	-54.2546
39053	-59.881
39054	-63.6065
39055	-65.6774
39056	-67.1757
39057	-67.3653
39058	-68.4577
39059	-70.2775
39060	-70.0666
39061	-69.2686
39062	-70.0925
39063	-70.9201
39064	-70.7283
39065	-71.4671
39066	-72.3965
39067	-71.3695
39068	-70.4948
39069	-69.9788
39070	-71.0435
39071	-72.1814
39072	-72.9876
39073	-73.2488
39074	-72.51
39075	-71.0889
39076	-71.1873
39077	-72.0481
39078	-72.8903
39079	-72.9131
39080	-72.8115
39081	-71.1098
39082	-69.3949
39083	-68.5275
39084	-68.7512
39085	-69.2145
39086	-68.4499
39087	-68.5866
39088	-69.3427
39089	-68.9604
39090	-68.112
39091	-66.5846
39092	-59.9986
39093	-57.346
39094	-61.0461
39095	-66.9216
39096	-68.5638
39097	-65.6118
39098	-61.8465
39099	-59.3549
39100	-58.1369
39101	-60.3298
39102	-63.6298
39103	-64.1518
39104	-65.9938
39105	-65.9665
39106	-60.8327
39107	-59.7715
39108	-63.5125
39109	-63.3955
39110	-63.2503
39111	-62.1285
39112	-63.3385
39113	-66.3255
39114	-67.3591
39115	-65.5478
39116	-53.5735
39117	-48.6835
39118	-53.0087
39119	-66.3226
39120	-69.384
39121	-68.8518
39122	-67.6811
39123	-66.0646
39124	-65.8549
39125	-65.9398
39126	-66.5006
39127	-64.8678
39128	-65.7561
39129	-70.2152
39130	-71.2322
39131	-70.797
39132	-70.1248
39133	-69.8765
39134	-70.9401
39135	-70.6592
39136	-70.916
39137	-72.0109
39138	-72.0422
39139	-72.7807
39140	-72.1278
39141	-71.1562
39142	-71.5277
39143	-73.1529
39144	-72.9954
39145	-73.2079
39146	-71.6623
39147	-71.7329
39148	-70.8054
39149	-70.5076
39150	-71.1655
39151	-71.9649
39152	-70.1788
39153	-69.2619
39154	-68.8914
39155	-67.3259
39156	-64.4898
39157	-63.6417
39158	-61.2964
39159	-59.476
39160	-58.4458
39161	-58.3982
39162	-59.5692
39163	-59.5279
39164	-56.6181
39165	-41.8292
39166	-25.212
39167	-20.1827
39168	-24.5202
39169	-39.735
39170	-57.2681
39171	-59.8382
39172	-59.6384
39173	-57.7127
39174	-57.6145
39175	-58.6681
39176	-60.7705
39177	-63.4969
39178	-65.1915
39179	-67.6984
39180	-68.6413
39181	-69.3843
39182	-69.7863
39183	-70.3043
39184	-71.2422
39185	-70.6207
39186	-70.7079
39187	-72.0376
39188	-72.6569
39189	-73.0656
39190	-72.6929
39191	-71.1367
39192	-68.4276
39193	-67.4855
39194	-69.4462
39195	-71.3284
39196	-71.5286
39197	-70.3202
39198	-69.2066
39199	-67.5093
39200	-68.3477
39201	-68.7522
39202	-69.7124
39203	-71.6818
39204	-71.8513
39205	-70.5317
39206	-65.9942
39207	-63.7354
39208	-65.1072
39209	-65.0046
39210	-65.0547
39211	-64.6936
39212	-66.3409
39213	-67.9463
39214	-68.6452
39215	-65.4691
39216	-53.0848
39217	-48.2004
39218	-52.5563
39219	-65.9728
39220	-68.5561
39221	-66.9237
39222	-65.2722
39223	-63.6743
39224	-64.2313
39225	-64.5639
39226	-65.1478
39227	-61.1144
39228	-61.1907
39229	-68.1934
39230	-69.0475
39231	-67.9238
39232	-67.6404
39233	-66.5698
39234	-66.294
39235	-65.5596
39236	-66.5886
39237	-68.7058
39238	-69.7894
39239	-70.9045
39240	-66.3255
39241	-61.3678
39242	-64.0557
39243	-69.6074
39244	-69.6581
39245	-69.0022
39246	-67.9714
39247	-66.4907
39248	-66.2384
39249	-66.6756
39250	-67.2439
39251	-68.1202
39252	-70.3936
39253	-71.3825
39254	-73.0776
39255	-73.2036
39256	-71.1804
39257	-69.5696
39258	-68.7315
39259	-68.4972
39260	-69.8656
39261	-71.081
39262	-72.0878
39263	-71.7591
39264	-69.1112
39265	-66.4041
39266	-66.9384
39267	-69.1155
39268	-72.786
39269	-72.8883
39270	-72.2575
39271	-72.1456
39272	-71.9002
39273	-71.322
39274	-71.5625
39275	-71.496
39276	-71.4526
39277	-71.359
39278	-70.8585
39279	-70.6453
39280	-68.4263
39281	-65.6649
39282	-61.2918
39283	-58.5209
39284	-57.9963
39285	-58.6776
39286	-60.9824
39287	-64.1729
39288	-66.2507
39289	-61.4951
39290	-46.3159
39291	-40.7102
39292	-44.4375
39293	-57.0994
39294	-65.2965
39295	-66.0626
39296	-64.2032
39297	-62.4383
39298	-62.4713
39299	-62.3228
39300	-63.7715
39301	-66.677
39302	-68.2135
39303	-70.0851
39304	-70.9179
39305	-71.6244
39306	-71.9574
39307	-72.2452
39308	-71.8675
39309	-71.3087
39310	-71.5233
39311	-71.7244
39312	-72.1296
39313	-73.2487
39314	-72.8182
39315	-70.0724
39316	-66.6483
39317	-62.7281
39318	-66.8582
39319	-72.9721
39320	-72.4786
39321	-72.1837
39322	-71.66
39323	-70.6679
39324	-70.5995
39325	-69.9844
39326	-70.1531
39327	-70.6085
39328	-71.4119
39329	-72.3019
39330	-70.5081
39331	-68.765
39332	-67.0967
39333	-65.6485
39334	-65.2361
39335	-65.2644
39336	-66.8169
39337	-68.8172
39338	-69.1487
39339	-70.6423
39340	-70.6168
39341	-69.1166
39342	-70.4802
39343	-70.3131
39344	-69.4552
39345	-68.4714
39346	-66.4395
39347	-65.1194
39348	-65.8159
39349	-65.5888
39350	-66.4651
39351	-66.5223
39352	-66.1863
39353	-66.2091
39354	-64.653
39355	-62.97
39356	-63.9544
39357	-61.3921
39358	-58.3225
39359	-58.8799
39360	-61.5446
39361	-65.2126
39362	-68.2938
39363	-63.8927
39364	-57.319
39365	-52.9535
39366	-55.025
39367	-61.4237
39368	-66.5963
39369	-68.4596
39370	-69.1211
39371	-68.0494
39372	-67.6023
39373	-67.4334
39374	-67.1246
39375	-66.5306
39376	-67.1816
39377	-69.3821
39378	-71.6479
39379	-72.1961
39380	-72.2153
39381	-70.3683
39382	-66.1168
39383	-65.5159
39384	-68.4017
39385	-71.3113
39386	-72.0327
39387	-72.5527
39388	-71.7807
39389	-71.2095
39390	-71.0518
39391	-71.5937
39392	-72.3178
39393	-72.5632
39394	-72.0214
39395	-70.8687
39396	-69.9037
39397	-69.477
39398	-69.9545
39399	-69.2439
39400	-67.9331
39401	-67.0962
39402	-67.066
39403	-65.1762
39404	-63.8756
39405	-61.0299
39406	-56.2827
39407	-51.21
39408	-47.6856
39409	-48.2235
39410	-51.8218
39411	-57.3599
39412	-58.3192
39413	-51.0163
39414	-42.3254
39415	-37.164
39416	-39.7961
39417	-47.3813
39418	-54.9538
39419	-60.0418
39420	-62.5705
39421	-63.2114
39422	-63.8551
39423	-64.3341
39424	-66.0824
39425	-66.9576
39426	-67.4388
39427	-68.1664
39428	-69.6352
39429	-70.0399
39430	-70.4538
39431	-71.4383
39432	-72.1377
39433	-70.9612
39434	-71.9031
39435	-71.7157
39436	-72.3734
39437	-73.3106
39438	-73.3288
39439	-73.4322
39440	-71.3909
39441	-69.3029
39442	-70.8899
39443	-72.7442
39444	-72.6507
39445	-71.8617
39446	-71.0522
39447	-69.9409
39448	-69.3896
39449	-69.0414
39450	-69.2193
39451	-68.8887
39452	-69.2198
39453	-68.3937
39454	-67.7135
39455	-65.8929
39456	-65.6391
39457	-62.6885
39458	-59.0424
39459	-59.7927
39460	-63.5349
39461	-66.9417
39462	-68.5766
39463	-63.7992
39464	-57.3241
39465	-52.736
39466	-54.5868
39467	-61.1619
39468	-64.4067
39469	-66.1625
39470	-66.3782
39471	-62.9999
39472	-62.229
39473	-62.9394
39474	-65.7672
39475	-62.5054
39476	-62.6192
39477	-63.4256
39478	-67.0862
39479	-67.9617
39480	-66.2772
39481	-60.5047
39482	-54.7166
39483	-54.3976
39484	-60.791
39485	-67.0457
39486	-70.1464
39487	-69.8972
39488	-68.1872
39489	-66.1712
39490	-66.4078
39491	-68.1156
39492	-67.8149
39493	-67.4451
39494	-69.0219
39495	-69.4122
39496	-70.3879
39497	-69.4849
39498	-70.161
39499	-70.1213
39500	-70.6635
39501	-71.413
39502	-72.1221
39503	-72.3871
39504	-72.757
39505	-72.9362
39506	-70.0351
39507	-68.6632
39508	-71.937
39509	-72.9292
39510	-73.0321
39511	-72.3772
39512	-71.311
39513	-70.8822
39514	-71.029
39515	-70.6394
39516	-71.5437
39517	-71.2666
39518	-70.7035
39519	-70.3616
39520	-69.5553
39521	-67.996
39522	-67.3481
39523	-66.2967
39524	-64.8506
39525	-63.518
39526	-63.2634
39527	-63.0563
39528	-62.9607
39529	-60.0177
39530	-53.9073
39531	-45.6872
39532	-37.8397
39533	-36.9921
39534	-44.8426
39535	-54.7509
39536	-61.1987
39537	-61.287
39538	-57.528
39539	-55.7895
39540	-56.1854
39541	-59.1825
39542	-62.691
39543	-65.7762
39544	-66.9198
39545	-68.148
39546	-68.7992
39547	-68.6397
39548	-69.5177
39549	-69.685
39550	-70.7034
39551	-70.2255
39552	-70.7496
39553	-71.5943
39554	-72.1672
39555	-72.7798
39556	-71.8126
39557	-69.9178
39558	-68.6674
39559	-69.4439
39560	-70.7261
39561	-71.6532
39562	-70.972
39563	-69.5116
39564	-66.8751
39565	-64.8074
39566	-66.8363
39567	-70.7503
39568	-72.6635
39569	-72.9902
39570	-71.8525
39571	-69.2835
39572	-67.2408
39573	-66.1095
39574	-66.95
39575	-66.8979
39576	-67.2313
39577	-67.5937
39578	-69.1365
39579	-69.304
39580	-66.6949
39581	-60.0294
39582	-54.0106
39583	-53.6697
39584	-60.2736
39585	-67.1223
39586	-69.2802
39587	-67.0188
39588	-65.2128
39589	-63.8151
39590	-64.3601
39591	-66.0215
39592	-65.6674
39593	-64.288
39594	-67.0668
39595	-68.2796
39596	-67.2659
39597	-67.2902
39598	-69.3487
39599	-68.7178
39600	-68.0605
39601	-67.6943
39602	-68.4551
39603	-69.0169
39604	-69.5642
39605	-66.2856
39606	-56.6858
39607	-55.3956
39608	-63.5565
39609	-68.6468
39610	-68.1156
39611	-66.2918
39612	-64.2061
39613	-62.6072
39614	-63.1506
39615	-64.1436
39616	-65.8502
39617	-67.5299
39618	-69.7599
39619	-72.0551
39620	-71.3167
39621	-70.2739
39622	-69.3585
39623	-69.3102
39624	-69.4122
39625	-69.4925
39626	-70.609
39627	-71.6062
39628	-72.4904
39629	-71.5826
39630	-64.2174
39631	-62.6459
39632	-67.6134
39633	-70.4702
39634	-73.061
39635	-73.1152
39636	-72.0923
39637	-72.2171
39638	-71.978
39639	-71.9267
39640	-72.3069
39641	-71.3041
39642	-71.7563
39643	-71.6901
39644	-70.9019
39645	-70.8044
39646	-68.9556
39647	-66.7047
39648	-64.8846
39649	-64.2476
39650	-63.9681
39651	-64.7599
39652	-65.5869
39653	-65.4387
39654	-60.9885
39655	-41.5462
39656	-30.0008
39657	-28.8525
39658	-37.3673
39659	-57.3398
39660	-62.1265
39661	-60.3065
39662	-57.4405
39663	-55.4497
39664	-55.7211
39665	-56.823
39666	-60.1845
39667	-64.0539
39668	-67.026
39669	-69.1224
39670	-69.8633
39671	-70.4056
39672	-71.4587
39673	-71.8225
39674	-70.965
39675	-70.7211
39676	-71.445
39677	-71.6307
39678	-72.2975
39679	-72.9866
39680	-71.9645
39681	-69.1625
39682	-67.5066
39683	-67.6158
39684	-70.5881
39685	-72.4721
39686	-72.5373
39687	-72.2109
39688	-71.3413
39689	-70.8826
39690	-70.7085
39691	-70.8004
39692	-72.1815
39693	-72.6083
39694	-72.8882
39695	-71.2825
39696	-68.9805
39697	-68.5931
39698	-68.2604
39699	-68.3777
39700	-68.2796
39701	-69.1991
39702	-69.4743
39703	-69.6942
39704	-70.3232
39705	-67.9483
39706	-59.8352
39707	-58.6743
39708	-65.9041
39709	-69.1419
39710	-68.1686
39711	-65.0612
39712	-63.2381
39713	-62.6304
39714	-63.4454
39715	-63.3539
39716	-64.4886
39717	-64.1426
39718	-66.6603
39719	-65.3257
39720	-59.5774
39721	-61.748
39722	-63.2209
39723	-61.5371
39724	-61.2879
39725	-61.2208
39726	-63.1204
39727	-66.4498
39728	-68.2806
39729	-61.6826
39730	-50.7732
39731	-49.0148
39732	-56.1919
39733	-67.3249
39734	-68.8327
39735	-68.3631
39736	-68.2522
39737	-66.429
39738	-66.9093
39739	-67.0804
39740	-65.4424
39741	-64.2297
39742	-67.5494
39743	-70.8836
39744	-72.0751
39745	-71.7388
39746	-70.1123
39747	-69.8905
39748	-68.8315
39749	-68.7297
39750	-70.9512
39751	-71.5289
39752	-71.9178
39753	-72.748
39754	-71.6084
39755	-71.005
39756	-71.6871
39757	-72.6983
39758	-72.6344
39759	-72.3795
39760	-71.9978
39761	-71.044
39762	-69.6813
39763	-70.2865
39764	-70.9513
39765	-70.179
39766	-68.6585
39767	-68.0491
39768	-67.0755
39769	-65.189
39770	-62.3427
39771	-60.2277
39772	-56.3487
39773	-54.1544
39774	-53.3262
39775	-54.0762
39776	-57.0667
39777	-58.0337
39778	-54.7526
39779	-37.6803
39780	-26.1185
39781	-24.3866
39782	-32.6824
39783	-49.5957
39784	-57.5511
39785	-60.6108
39786	-61.2103
39787	-60.0721
39788	-60.9308
39789	-62.0128
39790	-64.0035
39791	-64.7686
39792	-66.3147
39793	-68.6801
39794	-69.3526
39795	-69.8522
39796	-70.3066
39797	-71.5871
39798	-71.6
39799	-71.1991
39800	-71.7815
39801	-72.3019
39802	-72.9454
39803	-73.6606
39804	-72.9645
39805	-71.4871
39806	-68.0811
39807	-67.3651
39808	-71.525
39809	-72.0537
39810	-71.6936
39811	-71.2444
39812	-69.4225
39813	-69.4149
39814	-69.3666
39815	-69.0843
39816	-69.3556
39817	-70.0743
39818	-70.594
39819	-68.3446
39820	-64.3075
39821	-64.6628
39822	-64.25
39823	-62.7919
39824	-61.9455
39825	-62.7755
39826	-65.3533
39827	-67.4588
39828	-68.1459
39829	-61.6106
39830	-50.4881
39831	-48.7738
39832	-55.9969
39833	-65.8815
39834	-66.6425
39835	-66.5329
39836	-64.3007
39837	-63.5174
39838	-64.3209
39839	-65.3249
39840	-62.9172
39841	-59.8002
39842	-63.0129
39843	-68.4627
39844	-68.4691
39845	-67.9493
39846	-65.3749
39847	-61.8217
39848	-60.6691
39849	-62.2212
39850	-64.8937
39851	-68.9975
39852	-70.9033
39853	-71.6058
39854	-72.1424
39855	-72.1303
39856	-71.207
39857	-70.3715
39858	-69.629
39859	-69.921
39860	-68.9296
39861	-68.6401
39862	-68.7697
39863	-68.8634
39864	-69.1238
39865	-70.0167
39866	-70.8489
39867	-71.7928
39868	-73.4278
39869	-73.5301
39870	-72.0292
39871	-69.9637
39872	-67.2515
39873	-68.9329
39874	-71.5837
39875	-72.1549
39876	-72.0757
39877	-71.7448
39878	-70.0033
39879	-69.3817
39880	-69.2707
39881	-71.1098
39882	-72.6234
39883	-71.974
39884	-71.4566
39885	-71.0606
39886	-70.4256
39887	-69.7234
39888	-69.9842
39889	-69.9718
39890	-68.3305
39891	-67.4142
39892	-67.8336
39893	-67.0537
39894	-64.7545
39895	-60.6744
39896	-54.5086
39897	-50.6953
39898	-48.6462
39899	-51.264
39900	-55.9142
39901	-60.9576
39902	-64.8332
39903	-64.78
39904	-60.273
39905	-58.5623
39906	-61.5243
39907	-64.1713
39908	-67.7374
39909	-67.8264
39910	-67.0976
39911	-66.7842
39912	-66.7591
39913	-66.9098
39914	-68.2911
39915	-69.0598
39916	-69.871
39917	-70.928
39918	-71.0232
39919	-71.7321
39920	-72.245
39921	-72.5035
39922	-71.2931
39923	-70.5936
39924	-70.4431
39925	-71.2604
39926	-71.9812
39927	-72.4898
39928	-70.9326
39929	-68.8901
39930	-63.6343
39931	-62.7654
39932	-69.0148
39933	-73.0406
39934	-72.7055
39935	-72.5858
39936	-70.7022
39937	-70.0752
39938	-69.5767
39939	-68.8298
39940	-68.3304
39941	-69.0193
39942	-70.0092
39943	-70.1558
39944	-69.9884
39945	-68.3521
39946	-65.0256
39947	-61.1434
39948	-59.2879
39949	-61.3235
39950	-65.3039
39951	-68.5111
39952	-69.7395
39953	-69.2732
39954	-68.2234
39955	-67.2386
39956	-68.398
39957	-68.7767
39958	-67.7708
39959	-68.4961
39960	-67.6241
39961	-66.4126
39962	-65.4953
39963	-67.2998
39964	-68.6937
39965	-67.3841
39966	-66.6288
39967	-67.6777
39968	-66.9487
39969	-65.694
39970	-66.0615
39971	-59.3358
39972	-55.1449
39973	-57.8563
39974	-64.0217
39975	-67.7362
39976	-66.2387
39977	-63.2137
39978	-59.3211
39979	-57.9435
39980	-60.0021
39981	-63.77
39982	-66.6981
39983	-68.2792
39984	-70.0701
39985	-69.9957
39986	-68.4618
39987	-68.2867
39988	-68.4661
39989	-68.8779
39990	-69.0678
39991	-69.8935
39992	-71.8482
39993	-72.2596
39994	-73.2022
39995	-68.4596
39996	-62.2943
39997	-64.1903
39998	-69.9353
39999	-71.7267
40000	-72.7379
40001	-71.9981
40002	-71.7725
40003	-72.2232
40004	-71.3724
40005	-72.0045
40006	-71.7745
40007	-72.2652
40008	-71.5896
40009	-70.907
40010	-69.9951
40011	-69.5234
40012	-68.5869
40013	-67.6985
40014	-66.3032
40015	-66.0107
40016	-65.1642
40017	-65.2381
40018	-63.9878
40019	-60.5141
40020	-53.8344
40021	-44.5763
40022	-39.3262
40023	-42.1128
40024	-51.2563
40025	-59.5526
40026	-57.8832
40027	-53.1864
40028	-48.933
40029	-46.9509
40030	-49.1116
40031	-53.1012
40032	-58.9349
40033	-62.7528
40034	-65.2667
40035	-67.099
40036	-67.2229
40037	-67.892
40038	-69.6624
40039	-70.1262
40040	-69.2007
40041	-69.67
40042	-70.7414
40043	-70.7652
40044	-71.3579
40045	-72.2962
40046	-71.9596
40047	-70.5313
40048	-69.9889
40049	-70.7088
40050	-72.1328
40051	-73.157
40052	-73.172
40053	-72.907
40054	-71.2814
40055	-70.9754
40056	-72.0463
40057	-72.7836
40058	-73.0013
40059	-72.522
40060	-71.4719
40061	-69.4353
40062	-68.5084
40063	-68.5236
40064	-69.2864
40065	-68.5293
40066	-68.3473
40067	-69.4036
40068	-68.9523
40069	-68.0804
40070	-66.9121
40071	-60.5434
40072	-56.7746
40073	-59.4542
40074	-65.6168
40075	-68.6635
40076	-66.3626
40077	-62.2245
40078	-59.4116
40079	-57.9818
40080	-59.6911
40081	-63.1094
40082	-63.8118
40083	-65.2214
40084	-66.5383
40085	-61.8421
40086	-59.4844
40087	-62.9202
40088	-63.4202
40089	-63.3256
40090	-62.3179
40091	-62.8276
40092	-65.904
40093	-67.4298
40094	-66.7781
40095	-55.4377
40096	-49.0926
40097	-51.7848
40098	-64.0561
40099	-69.4364
40100	-69.1903
40101	-68.1268
40102	-66.7833
40103	-66.1621
40104	-66.3759
40105	-66.8467
40106	-65.5321
40107	-65.4397
40108	-69.9377
40109	-71.4309
40110	-70.9979
40111	-70.3332
40112	-69.8742
40113	-70.9353
40114	-70.8438
40115	-71.0256
40116	-72.0796
40117	-72.1925
40118	-72.6314
40119	-72.3523
40120	-71.172
40121	-71.2921
40122	-73.1481
40123	-72.9772
40124	-73.3515
40125	-71.8085
40126	-71.7515
40127	-70.9698
40128	-70.444
40129	-70.9775
40130	-71.4724
40131	-70.4853
40132	-69.4715
40133	-69.0751
40134	-67.7993
40135	-64.9948
40136	-63.8665
40137	-61.8801
40138	-59.6107
40139	-58.6935
40140	-58.3233
40141	-59.5977
40142	-59.8397
40143	-57.3493
40144	-46.2286
40145	-27.5732
40146	-20.7814
40147	-23.4568
40148	-36.469
40149	-56.5447
40150	-59.9031
40151	-60.164
40152	-58.3138
40153	-57.8614
40154	-59.0368
40155	-60.5949
40156	-63.4468
40157	-65.0864
40158	-67.4365
40159	-68.6477
40160	-69.3738
40161	-69.8483
40162	-70.1193
40163	-71.1806
40164	-70.8592
40165	-70.5916
40166	-71.8827
40167	-72.4803
40168	-72.9238
40169	-72.7337
40170	-71.2953
40171	-68.6971
40172	-67.141
40173	-68.703
40174	-71.1681
40175	-71.5463
40176	-70.6067
40177	-69.4118
40178	-67.6358
40179	-67.945
40180	-68.7383
40181	-69.5222
40182	-71.3942
40183	-72.0817
40184	-71.2114
40185	-66.972
40186	-63.7927
40187	-64.865
40188	-65.1979
40189	-65.0763
40190	-64.5667
40191	-65.9686
40192	-67.6211
40193	-68.6151
40194	-67.1662
40195	-54.9379
40196	-48.5302
40197	-51.2536
40198	-63.6003
40199	-68.803
40200	-67.5474
40201	-65.7354
40202	-64.1869
40203	-64.3053
40204	-64.8386
40205	-65.5995
40206	-62.2211
40207	-60.8333
40208	-67.2467
40209	-69.517
40210	-67.9335
40211	-68.0793
40212	-67.3389
40213	-66.8492
40214	-66.0028
40215	-66.8305
40216	-68.4529
40217	-69.7879
40218	-70.7994
40219	-66.4991
40220	-60.0526
40221	-61.5408
40222	-68.5283
40223	-69.6277
40224	-68.9688
40225	-67.8847
40226	-66.4695
40227	-66.0623
40228	-66.5498
40229	-66.8722
40230	-67.7443
40231	-69.8494
40232	-71.2137
40233	-72.7305
40234	-73.476
40235	-71.4752
40236	-69.7078
40237	-68.7971
40238	-68.3373
40239	-69.4004
40240	-70.7134
40241	-71.8981
40242	-71.9196
40243	-69.68
40244	-66.5217
40245	-66.5346
40246	-68.4929
40247	-72.0181
40248	-73.3106
40249	-72.2444
40250	-72.1417
40251	-72.0019
40252	-71.337
40253	-71.4602
40254	-71.4647
40255	-71.2249
40256	-71.3719
40257	-70.8503
40258	-70.7771
40259	-68.8494
40260	-66.5976
40261	-62.4362
40262	-59.2918
40263	-58.7744
40264	-59.1097
40265	-61.0546
40266	-64.0414
40267	-66.2555
40268	-62.1784
40269	-45.6635
40270	-38.3687
40271	-40.4657
40272	-52.1926
40273	-63.4617
40274	-65.8167
40275	-63.9984
40276	-62.3261
40277	-62.0505
40278	-62.0403
40279	-63.2501
40280	-65.9102
40281	-67.7127
40282	-69.5635
40283	-70.9637
40284	-71.4549
40285	-71.772
40286	-72.1139
40287	-72.0254
40288	-71.2154
40289	-71.4861
40290	-71.5763
40291	-72.01
40292	-73.1318
40293	-73.1904
40294	-70.7645
40295	-67.7459
40296	-63.1018
40297	-65.737
40298	-72.5998
40299	-72.5843
40300	-72.2423
40301	-71.8987
40302	-70.9551
40303	-70.6641
40304	-70.0761
40305	-70.1552
40306	-70.5308
40307	-71.0751
40308	-72.5197
40309	-70.8821
40310	-69.1036
40311	-67.695
40312	-66.126
40313	-65.6096
40314	-65.4684
40315	-66.9334
40316	-68.6572
40317	-69.1859
40318	-70.5274
40319	-70.0532
40320	-66.4535
40321	-67.7248
40322	-70.2286
40323	-69.4665
40324	-68.6583
40325	-66.5473
40326	-64.9132
40327	-65.6689
40328	-65.3055
40329	-66.0657
40330	-66.1864
40331	-65.9582
40332	-66.1039
40333	-64.9016
40334	-63.0062
40335	-63.7185
40336	-61.6532
40337	-58.2844
40338	-58.1894
40339	-60.7983
40340	-64.4154
40341	-67.83
40342	-64.8306
40343	-58.5382
40344	-53.2746
40345	-53.9189
40346	-60.1831
40347	-66.0632
40348	-68.0112
40349	-69.1626
40350	-68.3053
40351	-67.6694
40352	-67.5405
40353	-67.4211
40354	-66.4789
40355	-66.988
40356	-68.8845
40357	-71.0894
40358	-71.9987
40359	-72.5897
40360	-70.7869
40361	-67.0198
40362	-65.3265
40363	-67.9214
40364	-70.9348
40365	-72.1259
40366	-72.492
40367	-72.2209
40368	-71.4612
40369	-71.1833
40370	-71.5686
40371	-72.2636
40372	-72.443
40373	-72.0855
40374	-71.024
40375	-69.9378
40376	-69.5442
40377	-69.9006
40378	-69.255
40379	-68.1292
40380	-67.1071
40381	-66.762
40382	-65.2394
40383	-64.0164
40384	-61.2386
40385	-56.9291
40386	-51.6464
40387	-47.8337
40388	-47.5694
40389	-50.6061
40390	-56.2407
40391	-58.8724
40392	-52.4754
40393	-43.5642
40394	-37.4169
40395	-38.75
40396	-45.9951
40397	-53.5933
40398	-59.3993
40399	-62.3434
40400	-63.1343
40401	-63.6273
40402	-64.1377
40403	-65.7968
40404	-66.7885
40405	-67.301
40406	-67.965
40407	-69.4607
40408	-69.9748
40409	-70.4716
40410	-70.9413
40411	-72.3763
40412	-71.0103
40413	-71.8316
40414	-71.6763
40415	-72.3733
40416	-73.2689
40417	-73.3822
40418	-73.3424
40419	-71.65
40420	-69.0387
40421	-70.0617
40422	-72.5704
40423	-72.6723
40424	-71.9166
40425	-71.3407
40426	-69.8895
40427	-69.4878
40428	-68.7795
40429	-69.3182
40430	-68.634
40431	-69.1741
40432	-68.4693
40433	-68.0183
40434	-66.2103
40435	-65.6448
40436	-63.0727
40437	-59.1561
40438	-59.012
40439	-62.3133
40440	-66.2666
40441	-68.3819
40442	-64.7373
40443	-58.3793
40444	-52.9804
40445	-53.6887
40446	-59.8476
40447	-64.2079
40448	-65.6601
40449	-66.8323
40450	-63.4832
40451	-62.3159
40452	-62.8647
40453	-66.2506
40454	-62.8226
40455	-62.5963
40456	-63.2807
40457	-66.558
40458	-68.2452
40459	-66.9967
40460	-62.0226
40461	-55.7363
40462	-54.2841
40463	-59.751
40464	-66.1946
40465	-70.1791
40466	-70.5396
40467	-69.0975
40468	-67.2936
40469	-67.0198
40470	-68.5415
40471	-68.472
40472	-67.5599
40473	-69.0683
40474	-69.3397
40475	-70.4484
40476	-69.5459
40477	-70.0286
40478	-70.1724
40479	-70.7185
40480	-71.2584
40481	-72.0922
40482	-72.5211
40483	-72.7276
40484	-72.956
40485	-70.497
40486	-67.8611
40487	-71.0316
40488	-72.6413
40489	-73.1089
40490	-72.5126
40491	-71.5989
40492	-70.9985
40493	-70.8496
40494	-70.5759
40495	-71.5055
40496	-71.5959
40497	-70.88
40498	-70.6146
40499	-69.8793
40500	-68.3821
40501	-67.3757
40502	-66.6985
40503	-65.3431
40504	-63.7203
40505	-63.6364
40506	-63.2895
40507	-63.2405
40508	-60.9693
40509	-55.5998
40510	-47.5397
40511	-39.2066
40512	-36.966
40513	-43.5071
40514	-53.6509
40515	-60.8498
40516	-61.9008
40517	-59.1032
40518	-56.9364
40519	-56.7011
40520	-59.518
40521	-62.6696
40522	-65.8088
40523	-67.3542
40524	-68.088
40525	-69.1003
40526	-68.582
40527	-69.581
40528	-69.4791
40529	-70.4018
40530	-70.2071
40531	-70.894
40532	-71.4406
40533	-71.9852
40534	-72.7209
40535	-72.0793
40536	-70.0692
40537	-68.718
40538	-69.11
40539	-70.4745
40540	-71.6421
40541	-71.0164
40542	-69.8969
40543	-67.6658
40544	-64.9029
40545	-66.2761
40546	-69.9804
40547	-72.2287
40548	-73.2151
40549	-72.1927
40550	-69.7023
40551	-67.8394
40552	-66.2117
40553	-67.0037
40554	-66.89
40555	-67.3403
40556	-67.4442
40557	-68.739
40558	-69.4195
40559	-67.6287
40560	-61.5666
40561	-54.9847
40562	-53.502
40563	-59.0057
40564	-66.2359
40565	-69.6781
40566	-67.9103
40567	-65.8387
40568	-64.6233
40569	-64.7539
40570	-66.2185
40571	-66.4759
40572	-64.7003
40573	-66.6396
40574	-68.3506
40575	-67.1245
40576	-66.7543
40577	-69.1717
40578	-69.1197
40579	-68.3425
40580	-67.5379
40581	-68.5428
40582	-68.8777
40583	-69.4794
40584	-67.574
40585	-57.0898
40586	-54.1929
40587	-60.7029
40588	-68.4267
40589	-68.2023
40590	-66.5117
40591	-64.3001
40592	-62.6589
40593	-62.8598
40594	-63.6902
40595	-65.4983
40596	-67.0838
40597	-68.9841
40598	-71.6123
40599	-71.6578
40600	-70.2992
40601	-69.4344
40602	-69.0566
40603	-69.5237
40604	-69.4599
40605	-70.2911
40606	-71.4805
40607	-72.3076
40608	-72.1006
40609	-65.3696
40610	-62.336
40611	-66.7838
40612	-70.0999
40613	-72.9834
40614	-73.0459
40615	-72.118
40616	-72.307
40617	-72.0589
40618	-71.7812
40619	-72.2531
40620	-71.3847
40621	-71.6309
40622	-71.8532
40623	-71.0222
40624	-70.9528
40625	-69.0804
40626	-67.0675
40627	-65.2919
40628	-64.4072
40629	-64.2229
40630	-64.643
40631	-65.4146
40632	-65.2499
40633	-62.0409
40634	-44.1502
40635	-30.4424
40636	-27.6505
40637	-34.332
40638	-52.6865
40639	-61.4846
40640	-60.373
40641	-57.5977
40642	-55.3576
40643	-55.287
40644	-56.0358
40645	-59.2436
40646	-63.4313
40647	-66.3062
40648	-68.659
40649	-69.5046
40650	-70.1039
40651	-71.2191
40652	-71.7888
40653	-70.8266
40654	-70.6471
40655	-71.3337
40656	-71.5611
40657	-72.1335
40658	-72.6957
40659	-72.5295
40660	-69.7547
40661	-67.9615
40662	-67.4843
40663	-70.1391
40664	-72.4914
40665	-72.5943
40666	-72.4731
40667	-71.6861
40668	-71.0391
40669	-70.8162
40670	-70.6785
40671	-72.0979
40672	-72.6445
40673	-72.9051
40674	-71.7956
40675	-69.1202
40676	-68.4946
40677	-68.6713
40678	-68.6701
40679	-68.5344
40680	-69.1456
40681	-69.6276
40682	-69.6531
40683	-70.0938
40684	-68.7223
40685	-59.7445
40686	-57.0735
40687	-63.1611
40688	-68.9849
40689	-68.3169
40690	-65.4882
40691	-63.1965
40692	-62.2902
40693	-63.3589
40694	-62.8875
40695	-64.1481
40696	-63.7504
40697	-65.753
40698	-66.5305
40699	-60.0482
40700	-60.8109
40701	-63.1587
40702	-61.4932
40703	-61.243
40704	-60.8824
40705	-62.6815
40706	-65.6635
40707	-68.092
40708	-64.0221
40709	-52.1013
40710	-48.7453
40711	-54.5253
40712	-66.3244
40713	-68.7255
40714	-68.4858
40715	-68.4002
40716	-66.7496
40717	-66.9812
40718	-67.0053
40719	-65.9988
40720	-64.2484
40721	-66.6729
40722	-70.609
40723	-71.8488
40724	-72.0457
40725	-70.3368
40726	-70.0509
40727	-69.2019
40728	-68.6845
40729	-70.8199
40730	-71.4961
40731	-72.0752
40732	-72.828
40733	-71.887
40734	-71.2308
40735	-71.5418
40736	-72.6345
40737	-72.5833
40738	-72.3537
40739	-71.8024
40740	-71.3338
40741	-69.8146
40742	-70.0262
40743	-70.8282
40744	-70.5655
40745	-68.8229
40746	-68.2283
40747	-67.1974
40748	-65.6957
40749	-62.7425
40750	-60.6681
40751	-56.7065
40752	-54.2009
40753	-53.4603
40754	-53.7167
40755	-56.6119
40756	-58.1699
40757	-55.8921
40758	-40.908
40759	-27.3365
40760	-23.9271
40761	-30.1791
40762	-46.7176
40763	-56.9546
40764	-60.3009
40765	-61.4529
40766	-60.2804
40767	-60.9773
40768	-61.8814
40769	-63.8742
40770	-64.9776
40771	-66.0383
40772	-68.328
40773	-69.2505
40774	-69.9178
40775	-70.1904
40776	-71.3941
40777	-71.7194
40778	-71.1221
40779	-71.6847
40780	-72.2898
40781	-72.754
40782	-73.5355
40783	-73.2067
40784	-71.9355
40785	-68.2404
40786	-66.6367
40787	-70.6926
40788	-72.1718
40789	-71.6174
40790	-71.4683
40791	-69.4923
40792	-69.2161
40793	-69.4816
40794	-68.9321
40795	-68.9988
40796	-69.8008
40797	-70.6311
40798	-69.02
40799	-64.847
40800	-64.3359
40801	-64.3313
40802	-62.9138
40803	-61.8767
40804	-62.4286
40805	-64.6461
40806	-67.2065
40807	-68.0546
40808	-63.7312
40809	-51.7848
40810	-48.4255
40811	-54.2316
40812	-65.3604
40813	-66.8457
40814	-66.6956
40815	-64.9498
40816	-63.6513
40817	-64.4151
40818	-65.539
40819	-63.7826
40820	-60.1798
40821	-62.1698
40822	-67.7801
40823	-68.8758
40824	-68.4321
40825	-66.2864
40826	-62.7363
40827	-61.1112
40828	-62.3862
40829	-64.7615
40830	-68.5688
40831	-70.5929
40832	-71.4446
40833	-71.5109
40834	-71.0357
40835	-70.6544
40836	-70.3908
40837	-69.8523
40838	-70.1535
40839	-69.0738
40840	-68.5774
40841	-68.5761
40842	-68.777
40843	-69.084
40844	-69.7426
40845	-70.9377
40846	-71.5738
40847	-73.1491
40848	-73.7147
40849	-72.2774
40850	-70.3037
40851	-67.3026
40852	-67.8075
40853	-70.685
40854	-72.0046
40855	-71.8176
40856	-71.6838
40857	-70.2094
40858	-69.1804
40859	-69.1577
40860	-70.763
40861	-72.4517
40862	-72.2542
40863	-71.5129
40864	-71.1111
40865	-70.7589
40866	-69.9449
40867	-70.0601
40868	-69.9936
40869	-68.8355
40870	-67.6105
40871	-67.9119
40872	-67.3943
40873	-65.6835
40874	-61.8666
40875	-55.7119
40876	-51.6906
40877	-49.257
40878	-51.3248
40879	-55.5615
40880	-60.5923
40881	-64.7232
40882	-66.189
40883	-64.1396
40884	-61.9897
40885	-63.5451
40886	-64.3566
40887	-67.5085
40888	-68.1614
40889	-67.2772
40890	-66.7167
40891	-66.8944
40892	-66.5861
40893	-68.0535
40894	-68.7475
40895	-69.7169
40896	-70.7835
40897	-71.0387
40898	-71.487
40899	-71.9687
40900	-72.5893
40901	-71.3226
40902	-70.6546
40903	-70.3381
40904	-71.1163
40905	-71.7546
40906	-72.7111
40907	-71.1539
40908	-69.5641
40909	-64.6797
40910	-62.4068
40911	-67.7741
40912	-73.0434
40913	-72.9316
40914	-72.801
40915	-71.2186
40916	-70.2755
40917	-69.9338
40918	-68.8779
40919	-68.4436
40920	-68.9828
40921	-69.9604
40922	-70.0688
40923	-70.0499
40924	-68.9312
40925	-65.9016
40926	-62.1735
40927	-59.6765
40928	-61.078
40929	-64.8332
40930	-68.1217
40931	-69.8049
40932	-70.0602
40933	-69.7622
40934	-69.1922
40935	-69.0943
40936	-69.1942
40937	-68.1611
40938	-68.6042
40939	-67.9585
40940	-66.4653
40941	-65.3044
40942	-66.5855
40943	-68.7548
40944	-67.6344
40945	-66.4403
40946	-67.4173
40947	-67.0766
40948	-65.6609
40949	-65.9371
40950	-60.3123
40951	-54.9993
40952	-56.4963
40953	-62.7772
40954	-67.308
40955	-66.594
40956	-63.7797
40957	-59.6821
40958	-57.7726
40959	-59.1654
40960	-63.31
40961	-66.1433
40962	-67.8523
40963	-69.6906
40964	-70.2104
40965	-68.5899
40966	-68.2994
40967	-68.5191
40968	-68.5462
40969	-69.2087
40970	-69.5536
40971	-71.7298
40972	-72.2116
40973	-73.0618
40974	-69.748
40975	-62.965
40976	-63.435
40977	-69.2346
40978	-71.5918
40979	-72.7323
40980	-72.0987
40981	-71.9418
40982	-72.342
40983	-71.3948
40984	-71.8179
40985	-71.8868
40986	-72.031
40987	-71.7251
40988	-71.0706
40989	-69.9392
40990	-69.45
40991	-68.4952
40992	-67.8183
40993	-66.4257
40994	-65.8547
40995	-65.1072
40996	-65.0541
40997	-63.9262
40998	-61.0293
40999	-54.7382
41000	-45.7421
41001	-39.2449
41002	-40.5075
41003	-49.0636
41004	-57.8547
41005	-58.6869
41006	-53.9044
41007	-49.0862
41008	-46.8451
41009	-48.5028
41010	-52.2467
41011	-57.8843
41012	-61.959
41013	-64.8517
41014	-66.6231
41015	-66.8212
41016	-67.4995
41017	-69.3685
41018	-69.9836
41019	-69.3286
41020	-69.2396
41021	-70.6876
41022	-70.8518
41023	-71.3071
41024	-71.9709
41025	-72.0551
41026	-70.6189
41027	-70.2401
41028	-70.5323
41029	-72.2527
41030	-73.1813
41031	-73.1851
41032	-73.1383
41033	-71.5211
41034	-70.7244
41035	-71.7224
41036	-72.5228
41037	-73.1629
41038	-72.3257
41039	-71.7262
41040	-69.5013
41041	-68.595
41042	-68.4167
41043	-69.1715
41044	-68.6027
41045	-68.2285
41046	-69.2479
41047	-69.1457
41048	-68.136
41049	-67.1829
41050	-61.1313
41051	-56.5107
41052	-58.0463
41053	-64.1929
41054	-68.5853
41055	-66.9622
41056	-62.7174
41057	-59.5631
41058	-57.8022
41059	-59.0603
41060	-62.3868
41061	-63.6126
41062	-64.6106
41063	-66.8336
41064	-62.9072
41065	-59.4814
41066	-62.296
41067	-63.4772
41068	-63.5158
41069	-62.7143
41070	-62.4083
41071	-65.4007
41072	-67.3461
41073	-67.5699
41074	-57.7424
41075	-49.8048
41076	-50.8928
41077	-61.5219
41078	-69.419
41079	-69.3768
41080	-68.6665
41081	-67.5119
41082	-66.5283
41083	-66.6363
41084	-67.0627
41085	-66.3086
41086	-65.1514
41087	-69.1275
41088	-71.5393
41089	-71.0097
41090	-70.4898
41091	-69.9276
41092	-70.8807
41093	-70.9978
41094	-71.0422
41095	-72.0489
41096	-72.2672
41097	-72.4447
41098	-72.4935
41099	-71.1405
41100	-70.7632
41101	-72.4003
41102	-72.9843
41103	-73.3483
41104	-72.1619
41105	-71.6344
41106	-71.2052
41107	-70.5003
41108	-70.8885
41109	-71.2456
41110	-70.9941
41111	-69.8381
41112	-69.2611
41113	-68.0592
41114	-65.6264
41115	-63.8753
41116	-62.4903
41117	-59.8505
41118	-59.0018
41119	-58.3487
41120	-59.4813
41121	-59.922
41122	-58.0277
41123	-50.1104
41124	-30.3467
41125	-21.6833
41126	-22.7262
41127	-33.7285
41128	-54.979
41129	-59.8478
41130	-60.7334
41131	-58.9996
41132	-58.3065
41133	-59.3902
41134	-60.538
41135	-63.3155
41136	-65.1392
41137	-67.3264
41138	-68.7278
41139	-69.3272
41140	-70.0554
41141	-70.1553
41142	-70.9271
41143	-70.917
41144	-70.4921
41145	-71.5721
41146	-72.3601
41147	-72.7882
41148	-72.8106
41149	-71.5871
41150	-69.0634
41151	-67.0267
41152	-67.9798
41153	-70.8382
41154	-71.4968
41155	-70.8268
41156	-69.6998
41157	-67.8442
41158	-67.6968
41159	-68.6304
41160	-69.5312
41161	-71.1352
41162	-72.3485
41163	-71.6432
41164	-67.8032
41165	-64.042
41166	-64.6918
41167	-65.4521
41168	-65.2114
41169	-64.6397
41170	-65.7214
41171	-67.3082
41172	-68.7277
41173	-67.8874
41174	-57.0705
41175	-49.1609
41176	-50.278
41177	-61.089
41178	-69.1059
41179	-67.9427
41180	-66.4036
41181	-64.6056
41182	-64.601
41183	-65.2863
41184	-65.8309
41185	-63.6137
41186	-60.7637
41187	-65.8745
41188	-69.9903
41189	-68.2403
41190	-68.3596
41191	-68.0851
41192	-67.2539
41193	-66.635
41194	-67.0783
41195	-68.454
41196	-69.7068
41197	-70.7379
41198	-67.1429
41199	-59.2917
41200	-59.3611
41201	-66.5269
41202	-69.4971
41203	-68.9148
41204	-67.9696
41205	-66.5265
41206	-65.9297
41207	-66.3754
41208	-66.5896
41209	-67.6829
41210	-69.1966
41211	-71.0448
41212	-72.4088
41213	-73.6257
41214	-71.8364
41215	-69.9541
41216	-68.8693
41217	-68.1816
41218	-68.9222
41219	-70.3286
41220	-71.5574
41221	-71.8667
41222	-70.2477
41223	-66.716
41224	-66.0218
41225	-68.0052
41226	-71.4043
41227	-73.6012
41228	-72.235
41229	-72.1471
41230	-72.1458
41231	-71.498
41232	-71.4285
41233	-71.3704
41234	-71.0866
41235	-71.3481
41236	-70.9254
41237	-70.9305
41238	-69.3984
41239	-67.4728
41240	-63.7086
41241	-60.1857
41242	-59.5302
41243	-59.6919
41244	-61.2067
41245	-63.8628
41246	-66.118
41247	-63.0621
41248	-45.9393
41249	-36.8797
41250	-37.3435
41251	-47.5145
41252	-61.2744
41253	-65.1789
41254	-64.0193
41255	-62.3441
41256	-61.8024
41257	-61.8583
41258	-62.6278
41259	-65.1302
41260	-67.3833
41261	-69.0949
41262	-70.8442
41263	-71.3709
41264	-71.6682
41265	-72.0902
41266	-72.038
41267	-71.1276
41268	-71.4994
41269	-71.5788
41270	-71.9302
41271	-73.2118
41272	-73.3451
41273	-71.1313
41274	-68.4297
41275	-63.7311
41276	-64.9048
41277	-71.8994
41278	-72.7488
41279	-72.5475
41280	-72.0394
41281	-71.3758
41282	-70.7066
41283	-70.3686
41284	-70.2514
41285	-70.5443
41286	-70.9785
41287	-72.337
41288	-71.3793
41289	-69.2917
41290	-68.0382
41291	-66.7067
41292	-65.9862
41293	-65.8217
41294	-67.052
41295	-68.5954
41296	-69.3684
41297	-70.4044
41298	-69.723
41299	-64.5972
41300	-64.6856
41301	-69.0147
41302	-69.5484
41303	-68.9204
41304	-66.7452
41305	-64.7291
41306	-65.396
41307	-65.1231
41308	-65.6344
41309	-65.8239
41310	-65.5175
41311	-65.71
41312	-65.3651
41313	-63.0214
41314	-63.4185
41315	-62.2613
41316	-58.5558
41317	-57.6797
41318	-60.0993
41319	-63.5564
41320	-67.1033
41321	-66.0024
41322	-59.7957
41323	-53.9442
41324	-53.2189
41325	-58.7617
41326	-65.4641
41327	-67.776
41328	-69.2716
41329	-68.4708
41330	-67.789
41331	-67.7315
41332	-67.5872
41333	-66.4994
41334	-66.8722
41335	-68.2913
41336	-70.6536
41337	-71.9604
41338	-72.8652
41339	-71.2125
41340	-67.9364
41341	-65.4152
41342	-67.4614
41343	-70.613
41344	-72.0412
41345	-72.513
41346	-72.3963
41347	-71.7739
41348	-71.4184
41349	-71.5024
41350	-72.4134
41351	-72.2772
41352	-72.1137
41353	-71.1228
41354	-70.1398
41355	-69.3674
41356	-69.6699
41357	-69.4207
41358	-68.3928
41359	-67.1766
41360	-66.5893
41361	-65.4824
41362	-63.9701
41363	-61.6537
41364	-57.7018
41365	-52.2247
41366	-48.1254
41367	-46.9425
41368	-49.605
41369	-55.1839
41370	-58.6
41371	-53.7192
41372	-44.8782
41373	-37.8645
41374	-37.8611
41375	-44.6183
41376	-52.2614
41377	-58.673
41378	-62.2188
41379	-62.9138
41380	-63.2466
41381	-64.057
41382	-65.6113
41383	-66.7283
41384	-67.1446
41385	-67.8007
41386	-69.0957
41387	-69.9157
41388	-70.5467
41389	-70.7057
41390	-72.1716
41391	-71.2805
41392	-71.8216
41393	-71.7416
41394	-72.2347
41395	-72.9913
41396	-73.3595
41397	-73.4618
41398	-71.8467
41399	-68.8845
41400	-69.1599
41401	-72.4015
41402	-72.7586
41403	-71.9633
41404	-71.4015
41405	-69.939
41406	-69.4171
41407	-68.6726
41408	-69.306
41409	-68.5936
41410	-69.0301
41411	-68.7487
41412	-68.1279
41413	-66.5308
41414	-65.5114
41415	-63.5386
41416	-59.4505
41417	-58.4859
41418	-61.3049
41419	-65.3854
41420	-68.0327
41421	-65.6023
41422	-59.5276
41423	-53.4934
41424	-52.9386
41425	-58.6001
41426	-64.1095
41427	-65.1119
41428	-66.8255
41429	-64.1465
41430	-62.6357
41431	-62.9645
41432	-65.7561
41433	-63.2283
41434	-62.6408
41435	-63.3761
41436	-65.8543
41437	-68.1946
41438	-67.4576
41439	-63.6242
41440	-56.9702
41441	-54.5128
41442	-58.8823
41443	-65.3785
41444	-70.0519
41445	-71.046
41446	-69.8904
41447	-68.6976
41448	-67.9688
41449	-68.9683
41450	-69.1709
41451	-67.8139
41452	-69.2422
41453	-69.441
41454	-70.3792
41455	-69.6422
41456	-69.9819
41457	-70.2077
41458	-70.8411
41459	-71.2265
41460	-71.9998
41461	-72.3864
41462	-72.5579
41463	-72.9338
41464	-70.7714
41465	-67.3059
41466	-69.922
41467	-72.4398
41468	-72.8635
41469	-72.7751
41470	-71.7119
41471	-71.0991
41472	-70.9171
41473	-70.5006
41474	-71.1432
41475	-71.7111
41476	-71.1742
41477	-70.6515
41478	-70.0296
41479	-68.7658
41480	-67.6157
41481	-67.0659
41482	-65.9564
41483	-63.9337
41484	-63.8811
41485	-63.3186
41486	-63.1742
41487	-61.8343
41488	-56.9239
41489	-49.1546
41490	-40.722
41491	-37.3257
41492	-42.0968
41493	-52.1127
41494	-60.083
41495	-62.4198
41496	-60.7499
41497	-58.0396
41498	-57.539
41499	-59.8668
41500	-62.7145
41501	-65.7787
41502	-67.5347
41503	-67.9293
41504	-69.218
41505	-68.5861
41506	-69.5917
41507	-69.3393
41508	-70.3263
41509	-70.2898
41510	-70.8104
41511	-71.2957
41512	-71.9679
41513	-72.7365
41514	-72.1988
41515	-70.2356
41516	-68.7641
41517	-68.7927
41518	-70.1778
41519	-71.487
41520	-71.1883
41521	-70.216
41522	-68.1532
41523	-65.1621
41524	-65.5764
41525	-69.3006
41526	-71.9063
41527	-73.4407
41528	-72.5855
41529	-70.1519
41530	-68.5297
41531	-66.6155
41532	-66.8844
41533	-66.9674
41534	-67.2551
41535	-67.3638
41536	-68.408
41537	-69.4868
41538	-68.4688
41539	-63.0171
41540	-56.2171
41541	-53.6861
41542	-57.8503
41543	-65.3109
41544	-69.8513
41545	-68.6729
41546	-66.6344
41547	-65.576
41548	-65.4319
41549	-66.5579
41550	-67.2246
41551	-65.2053
41552	-66.3411
41553	-68.6323
41554	-67.0508
41555	-66.2455
41556	-68.649
41557	-69.512
41558	-68.5505
41559	-67.353
41560	-68.5988
41561	-68.8235
41562	-69.1013
41563	-68.5192
41564	-57.8313
41565	-53.3514
41566	-58.1429
41567	-67.9128
41568	-68.0815
41569	-66.7973
41570	-64.53
41571	-62.7167
41572	-62.5232
41573	-63.2603
41574	-65.2079
41575	-66.8684
41576	-68.2612
41577	-71.2747
41578	-72.0847
41579	-70.3332
41580	-69.5749
41581	-69.0313
41582	-69.6302
41583	-69.2847
41584	-69.8633
41585	-71.3413
41586	-72.2864
41587	-72.3225
41588	-66.8239
41589	-62.3006
41590	-65.8178
41591	-69.7917
41592	-72.5225
41593	-73.123
41594	-72.111
41595	-72.4604
41596	-72.1628
41597	-71.5461
41598	-72.275
41599	-71.4837
41600	-71.4909
41601	-71.9223
41602	-71.108
41603	-70.7575
41604	-69.1949
41605	-67.4929
41606	-65.6717
41607	-64.6716
41608	-64.6045
41609	-64.4854
41610	-65.1665
41611	-65.1177
41612	-62.4306
41613	-47.0818
41614	-31.3181
41615	-26.8426
41616	-31.7756
41617	-47.7365
41618	-60.6705
41619	-60.5273
41620	-57.8208
41621	-55.1919
41622	-54.877
41623	-55.4791
41624	-58.2485
41625	-62.5852
41626	-65.647
41627	-68.1287
41628	-69.1802
41629	-69.9209
41630	-70.715
41631	-71.6911
41632	-70.918
41633	-70.7263
41634	-71.1135
41635	-71.6626
41636	-72.1143
41637	-72.4839
41638	-72.8232
41639	-70.3734
41640	-68.3719
41641	-67.5965
41642	-69.7005
41643	-72.2649
41644	-72.476
41645	-72.5949
41646	-72.0007
41647	-71.1649
41648	-70.9908
41649	-70.7325
41650	-71.789
41651	-72.7558
41652	-72.8032
41653	-72.2352
41654	-69.3037
41655	-68.3521
41656	-68.682
41657	-68.6354
41658	-68.577
41659	-69.0028
41660	-69.8507
41661	-69.592
41662	-69.9166
41663	-69.4875
41664	-60.076
41665	-55.9061
41666	-60.5372
41667	-68.8218
41668	-68.4525
41669	-66.0008
41670	-63.1705
41671	-62.1617
41672	-63.3256
41673	-62.5757
41674	-63.9363
41675	-63.4984
41676	-64.7542
41677	-67.7585
41678	-60.7975
41679	-60.1666
41680	-63.1398
41681	-61.6138
41682	-61.31
41683	-60.7572
41684	-62.0097
41685	-65.0166
41686	-67.8454
41687	-65.8351
41688	-53.7346
41689	-48.7826
41690	-53.0935
41691	-64.514
41692	-68.8505
41693	-68.8663
41694	-68.4163
41695	-67.1787
41696	-66.9806
41697	-67.0534
41698	-66.5261
41699	-64.5074
41700	-65.8943
41701	-70.0696
41702	-71.7622
41703	-72.0379
41704	-70.6566
41705	-70.0322
41706	-69.6321
41707	-68.6647
41708	-70.6174
41709	-71.4593
41710	-72.2539
41711	-72.6692
41712	-72.0472
41713	-71.3974
41714	-71.5199
41715	-72.3632
41716	-72.71
41717	-72.2658
41718	-71.7123
41719	-71.6292
41720	-70.0567
41721	-69.6595
41722	-70.5146
41723	-70.9228
41724	-69.0062
41725	-68.2675
41726	-67.2663
41727	-66.0677
41728	-63.2788
41729	-61.1006
41730	-57.2205
41731	-54.2686
41732	-53.3728
41733	-53.5587
41734	-55.9038
41735	-58.0708
41736	-56.6644
41737	-44.588
41738	-28.9031
41739	-23.7749
41740	-28.2217
41741	-43.3435
41742	-56.2972
41743	-60.1448
41744	-61.2368
41745	-60.5503
41746	-60.957
41747	-61.7507
41748	-63.6846
41749	-65.2598
41750	-65.8041
41751	-68.0939
41752	-69.127
41753	-69.9757
41754	-70.2047
41755	-71.2908
41756	-71.8028
41757	-71.0382
41758	-71.5487
41759	-72.2963
41760	-72.5421
41761	-73.3996
41762	-73.2978
41763	-72.2113
41764	-68.5622
41765	-65.8805
41766	-69.6704
41767	-72.1294
41768	-71.7031
41769	-71.4642
41770	-69.9195
41771	-68.9349
41772	-69.2722
41773	-68.8554
41774	-68.9264
41775	-69.5526
41776	-70.9716
41777	-69.6382
41778	-65.5365
41779	-64.149
41780	-64.4834
41781	-62.8277
41782	-61.984
41783	-62.1182
41784	-64.0511
41785	-66.7534
41786	-67.9265
41787	-65.8886
41788	-53.3764
41789	-48.3859
41790	-52.6694
41791	-64.1623
41792	-66.9644
41793	-66.7903
41794	-65.6363
41795	-63.9423
41796	-64.6445
41797	-65.4404
41798	-64.7444
41799	-60.9852
41800	-61.4129
41801	-67.2221
41802	-69.2268
41803	-68.6511
41804	-67.269
41805	-63.7061
41806	-61.7106
41807	-62.6162
41808	-64.7752
41809	-67.9559
41810	-70.4673
41811	-71.2377
41812	-70.3255
41813	-68.9409
41814	-69.0879
41815	-70.0271
41816	-69.8079
41817	-70.114
41818	-69.2102
41819	-68.5361
41820	-68.3895
41821	-68.4848
41822	-69.1049
41823	-69.5185
41824	-70.7957
41825	-71.3233
41826	-72.7974
41827	-73.8254
41828	-72.6849
41829	-70.8132
41830	-67.5785
41831	-67.0187
41832	-69.8969
41833	-71.6603
41834	-71.7905
41835	-71.759
41836	-70.5789
41837	-69.1991
41838	-69.0855
41839	-70.4328
41840	-72.3302
41841	-72.3672
41842	-71.6554
41843	-71.2349
41844	-71.1038
41845	-70.1912
41846	-70.0933
41847	-69.7406
41848	-69.4398
41849	-67.9157
41850	-68.0603
41851	-67.6508
41852	-66.4419
41853	-62.9539
41854	-57.1695
41855	-52.5608
41856	-50.0713
41857	-51.4772
41858	-55.4244
41859	-60.2622
41860	-64.8217
41861	-66.3123
41862	-63.8231
41863	-60.8366
41864	-62.3765
41865	-63.3703
41866	-66.3132
41867	-68.2797
41868	-67.2709
41869	-66.7625
41870	-66.6741
41871	-66.3183
41872	-67.7339
41873	-68.5618
41874	-69.5623
41875	-70.4756
41876	-71.0299
41877	-71.3429
41878	-71.8611
41879	-72.4383
41880	-71.5843
41881	-70.8084
41882	-70.282
41883	-70.8847
41884	-71.5327
41885	-72.8807
41886	-71.5064
41887	-70.1443
41888	-65.8036
41889	-62.3279
41890	-66.6231
41891	-72.7182
41892	-73.0175
41893	-72.7267
41894	-71.6187
41895	-70.4431
41896	-70.4824
41897	-69.0436
41898	-68.7612
41899	-68.9547
41900	-69.868
41901	-70.0929
41902	-70.0728
41903	-69.1759
41904	-66.8443
41905	-62.9875
41906	-60.2706
41907	-61.0771
41908	-64.567
41909	-68.0651
41910	-69.8444
41911	-70.4391
41912	-70.7362
41913	-70.6588
41914	-69.8888
41915	-69.5039
41916	-68.6699
41917	-68.7428
41918	-68.3059
41919	-66.4391
41920	-64.9721
41921	-65.9951
41922	-68.4923
41923	-67.752
41924	-66.3549
41925	-67.097
41926	-67.3036
41927	-65.7377
41928	-65.5794
41929	-61.2162
41930	-55.0377
41931	-55.3193
41932	-61.4216
41933	-66.3861
41934	-66.8077
41935	-64.1334
41936	-60.1159
41937	-57.5865
41938	-58.5059
41939	-62.2943
41940	-65.5461
41941	-67.3848
41942	-69.13
41943	-70.1204
41944	-68.9861
41945	-68.289
41946	-68.5731
41947	-68.3936
41948	-69.5385
41949	-69.0679
41950	-71.1915
41951	-72.2452
41952	-72.801
41953	-70.8943
41954	-63.9078
41955	-62.9067
41956	-68.4783
41957	-71.4585
41958	-72.5315
41959	-72.575
41960	-72.2379
41961	-72.1014
41962	-71.5581
41963	-71.6341
41964	-72.0659
41965	-71.8176
41966	-71.6948
41967	-71.0275
41968	-70.0787
41969	-69.3533
41970	-68.3643
41971	-67.8192
41972	-66.7027
41973	-65.7712
41974	-64.9981
41975	-64.7704
41976	-63.9416
41977	-61.5406
41978	-55.5502
41979	-47.0705
41980	-39.459
41981	-39.294
41982	-47.0816
41983	-56.3905
41984	-59.3053
41985	-54.5783
41986	-49.4516
41987	-46.9077
41988	-47.7169
41989	-51.0848
41990	-56.7725
41991	-61.2545
41992	-64.391
41993	-66.0514
41994	-66.6083
41995	-67.2902
41996	-69.0745
41997	-69.9358
41998	-69.4677
41999	-68.9036
42000	-70.6332
42001	-71.0637
42002	-71.0948
42003	-71.6814
42004	-72.1916
42005	-71.0217
42006	-70.5114
42007	-70.4583
42008	-72.235
42009	-72.9214
42010	-73.2611
42011	-73.1657
42012	-71.8621
42013	-70.6326
42014	-71.4964
42015	-72.264
42016	-73.1835
42017	-72.2527
42018	-71.9283
42019	-69.6484
42020	-68.5311
42021	-68.1063
42022	-69.0136
42023	-68.6915
42024	-68.2221
42025	-69.052
42026	-69.0862
42027	-68.3413
42028	-67.1318
42029	-62.0082
42030	-56.4711
42031	-56.8595
42032	-62.5843
42033	-67.9778
42034	-67.5305
42035	-63.2049
42036	-59.8381
42037	-57.7641
42038	-58.449
42039	-61.6413
42040	-63.5959
42041	-63.8921
42042	-66.4707
42043	-63.8239
42044	-59.7307
42045	-61.8179
42046	-63.6903
42047	-63.444
42048	-63.0647
42049	-62.1914
42050	-64.7219
42051	-67.1382
42052	-67.808
42053	-60.0643
42054	-50.8224
42055	-50.3218
42056	-59.2203
42057	-69.4985
42058	-69.5837
42059	-69.2549
42060	-68.1377
42061	-66.9117
42062	-66.9024
42063	-67.1942
42064	-66.905
42065	-65.1603
42066	-68.4251
42067	-71.6415
42068	-71.0814
42069	-70.6232
42070	-70.0451
42071	-70.5337
42072	-70.9587
42073	-71.036
42074	-71.8477
42075	-72.4483
42076	-72.3651
42077	-72.6104
42078	-71.094
42079	-70.4548
42080	-71.9227
42081	-72.9303
42082	-73.4245
42083	-72.3118
42084	-71.6371
42085	-71.2301
42086	-70.4593
42087	-70.8802
42088	-71.212
42089	-71.3755
42090	-70.1165
42091	-69.3323
42092	-68.3766
42093	-66.1874
42094	-63.9346
42095	-62.8547
42096	-60.3205
42097	-59.1546
42098	-58.3306
42099	-59.0932
42100	-59.8901
42101	-58.8068
42102	-53.1963
42103	-33.6084
42104	-22.8961
42105	-22.3159
42106	-31.4576
42107	-52.1021
42108	-59.7304
42109	-61.3824
42110	-59.7784
42111	-58.7922
42112	-59.6279
42113	-60.6421
42114	-63.3619
42115	-65.2135
42116	-67.2032
42117	-68.9298
42118	-69.354
42119	-69.9291
42120	-70.0042
42121	-70.8517
42122	-71.0285
42123	-70.4413
42124	-71.3861
42125	-72.3488
42126	-72.7542
42127	-72.7974
42128	-71.8817
42129	-69.4528
42130	-67.0124
42131	-67.4383
42132	-70.371
42133	-71.3543
42134	-71.1566
42135	-69.8679
42136	-68.1295
42137	-67.4533
42138	-68.4694
42139	-69.259
42140	-70.7635
42141	-72.4407
42142	-71.7924
42143	-68.5735
42144	-64.5299
42145	-64.5355
42146	-65.6366
42147	-65.228
42148	-64.7319
42149	-65.5358
42150	-66.9239
42151	-68.5381
42152	-68.3084
42153	-59.5482
42154	-50.1011
42155	-49.6207
42156	-58.6156
42157	-69.2786
42158	-68.2384
42159	-67.1077
42160	-65.1628
42161	-64.7597
42162	-65.533
42163	-65.9465
42164	-64.6916
42165	-60.9624
42166	-64.7643
42167	-70.536
42168	-68.1605
42169	-68.2174
42170	-68.505
42171	-67.7547
42172	-67.5037
42173	-67.2721
42174	-68.4765
42175	-69.7296
42176	-70.5807
42177	-68.1699
42178	-59.0296
42179	-57.5684
42180	-64.1933
42181	-69.2971
42182	-68.8844
42183	-68.2324
42184	-66.796
42185	-65.9224
42186	-66.0005
42187	-66.4964
42188	-67.2943
42189	-68.4401
42190	-70.5879
42191	-72.0987
42192	-73.6607
42193	-72.2091
42194	-70.2287
42195	-68.9641
42196	-68.1818
42197	-68.4486
42198	-69.9736
42199	-71.2607
42200	-71.8705
42201	-70.689
42202	-67.0922
42203	-65.7064
42204	-67.5905
42205	-70.6602
42206	-73.3767
42207	-72.414
42208	-72.0396
42209	-72.2777
42210	-71.6588
42211	-71.4242
42212	-71.4681
42213	-71.2022
42214	-71.0899
42215	-71.0346
42216	-71.1258
42217	-69.9951
42218	-68.0301
42219	-64.9371
42220	-61.038
42221	-60.1144
42222	-60.1119
42223	-61.4301
42224	-63.7493
42225	-65.9174
42226	-63.808
42227	-46.9717
42228	-36.0435
42229	-34.8744
42230	-43.3987
42231	-58.5642
42232	-64.3103
42233	-63.8619
42234	-62.3438
42235	-61.4027
42236	-61.5665
42237	-62.0547
42238	-64.4484
42239	-66.8591
42240	-68.6184
42241	-70.3717
42242	-71.0871
42243	-71.5697
42244	-71.8586
42245	-72.0041
42246	-71.0444
42247	-71.3124
42248	-71.6119
42249	-71.7075
42250	-72.8387
42251	-73.4197
42252	-71.5508
42253	-69.1384
42254	-64.6031
42255	-64.3113
42256	-70.8243
42257	-72.94
42258	-72.6835
42259	-72.0507
42260	-71.7063
42261	-70.8468
42262	-70.7191
42263	-70.3937
42264	-70.6912
42265	-71.0157
42266	-72.0053
42267	-71.7067
42268	-69.5249
42269	-68.3071
42270	-67.5869
42271	-66.4666
42272	-66.3036
42273	-67.2984
42274	-68.5713
42275	-69.5421
42276	-70.2976
42277	-69.7686
42278	-63.4073
42279	-62.0215
42280	-67.2248
42281	-69.6039
42282	-69.0502
42283	-67.0352
42284	-64.5824
42285	-65.1253
42286	-65.0128
42287	-65.2018
42288	-65.5252
42289	-64.9387
42290	-65.4127
42291	-65.9068
42292	-63.1678
42293	-63.0712
42294	-62.8024
42295	-59.0038
42296	-57.462
42297	-59.4706
42298	-62.8367
42299	-66.375
42300	-66.858
42301	-61.1269
42302	-54.6041
42303	-52.8961
42304	-57.5507
42305	-64.6056
42306	-67.3653
42307	-69.1131
42308	-68.4168
42309	-67.8326
42310	-67.7675
42311	-67.5811
42312	-66.6647
42313	-66.778
42314	-67.8586
42315	-70.4028
42316	-71.9996
42317	-72.7918
42318	-71.4236
42319	-68.9053
42320	-65.7091
42321	-67.0831
42322	-70.3764
42323	-71.9882
42324	-72.2472
42325	-72.5187
42326	-71.9478
42327	-71.2973
42328	-71.4525
42329	-72.3779
42330	-72.1573
42331	-72.0951
42332	-71.1862
42333	-70.4561
42334	-69.2694
42335	-69.5838
42336	-69.4122
42337	-68.7198
42338	-67.4496
42339	-66.5022
42340	-65.8754
42341	-63.9095
42342	-62.1751
42343	-58.537
42344	-53.024
42345	-48.4889
42346	-46.5604
42347	-48.819
42348	-54.084
42349	-58.1498
42350	-54.8994
42351	-46.3113
42352	-38.5403
42353	-37.106
42354	-43.0329
42355	-51.0029
42356	-57.6534
42357	-61.7772
42358	-62.7712
42359	-63.0874
42360	-63.9524
42361	-65.2582
42362	-66.6202
42363	-67.0609
42364	-67.6992
42365	-68.7583
42366	-69.8007
42367	-70.528
42368	-70.6285
42369	-71.9087
42370	-71.603
42371	-71.7095
42372	-71.8232
42373	-72.2807
42374	-72.7878
42375	-73.4806
42376	-73.5142
42377	-71.9925
42378	-68.7601
42379	-68.3832
42380	-71.9935
42381	-72.8715
42382	-72.1125
42383	-71.4585
42384	-70.027
42385	-69.5297
42386	-68.6941
42387	-69.2758
42388	-68.6581
42389	-69.02
42390	-69.1727
42391	-68.3134
42392	-66.9719
42393	-65.4105
42394	-64.0625
42395	-59.8408
42396	-58.1291
42397	-60.538
42398	-64.5583
42399	-67.5143
42400	-66.6579
42401	-60.6619
42402	-54.319
42403	-52.4702
42404	-57.3789
42405	-63.6971
42406	-64.6953
42407	-66.5964
42408	-64.7826
42409	-62.8074
42410	-63.1579
42411	-65.2176
42412	-63.9454
42413	-62.6936
42414	-63.4149
42415	-65.3332
42416	-68.1419
42417	-68.0995
42418	-65.0953
42419	-58.3861
42420	-55.0051
42421	-58.2644
42422	-64.7067
42423	-69.6554
42424	-71.2107
42425	-70.7236
42426	-69.9342
42427	-68.9083
42428	-69.5334
42429	-70.0201
42430	-68.2692
42431	-69.3794
42432	-69.6448
42433	-70.1791
42434	-69.6736
42435	-69.9514
42436	-70.2977
42437	-70.5837
42438	-71.3442
42439	-71.8656
42440	-72.4471
42441	-72.4449
42442	-72.9271
42443	-71.1699
42444	-66.9947
42445	-68.8237
42446	-72.2258
42447	-72.736
42448	-72.7409
42449	-71.8949
42450	-71.153
42451	-70.8887
42452	-70.5616
42453	-70.9986
42454	-71.8555
42455	-71.4592
42456	-70.827
42457	-70.1842
42458	-69.1988
42459	-67.7491
42460	-67.3886
42461	-66.3749
42462	-64.2068
42463	-63.9956
42464	-63.3449
42465	-63.3038
42466	-62.7048
42467	-58.2219
42468	-51.0214
42469	-42.4595
42470	-37.9011
42471	-41.052
42472	-50.8319
42473	-59.2533
42474	-62.7991
42475	-62.4409
42476	-59.4319
42477	-58.6877
42478	-60.4445
42479	-62.8883
42480	-65.7449
42481	-67.7364
42482	-67.9649
42483	-69.2027
42484	-68.6985
42485	-69.5319
42486	-69.3417
42487	-70.2566
42488	-70.3451
42489	-70.7665
42490	-71.2317
42491	-72.0354
42492	-72.8441
42493	-72.3945
42494	-70.5411
42495	-68.8262
42496	-68.5301
42497	-70.026
42498	-71.4404
42499	-71.3253
42500	-70.6815
42501	-68.3855
42502	-65.4273
42503	-65.0578
42504	-68.54
42505	-71.7026
42506	-73.4505
42507	-72.658
42508	-70.6233
42509	-69.1595
42510	-67.2153
42511	-66.8365
42512	-67.1799
42513	-67.1773
42514	-67.3907
42515	-68.065
42516	-69.6172
42517	-69.1086
42518	-64.4355
42519	-57.4658
42520	-54.075
42521	-56.9438
42522	-64.3902
42523	-69.6743
42524	-69.2976
42525	-67.3738
42526	-66.4409
42527	-66.1882
42528	-66.954
42529	-67.6217
42530	-65.7087
42531	-66.2202
42532	-68.7723
42533	-67.1097
42534	-65.6876
42535	-67.7933
42536	-69.5614
42537	-68.9381
42538	-67.2539
42539	-68.3559
42540	-68.9605
42541	-68.8051
42542	-68.8026
42543	-58.8979
42544	-52.8586
42545	-55.9852
42546	-66.8082
42547	-68.0941
42548	-66.9804
42549	-64.7897
42550	-62.8318
42551	-62.1297
42552	-63.0302
42553	-64.7738
42554	-66.3826
42555	-67.6366
42556	-70.9351
42557	-72.1991
42558	-70.3865
42559	-69.5855
42560	-68.8306
42561	-69.4352
42562	-69.141
42563	-69.4769
42564	-71.2409
42565	-72.0967
42566	-72.5966
42567	-68.5192
42568	-62.526
42569	-64.855
42570	-69.407
42571	-71.8346
42572	-73.1787
42573	-72.2471
42574	-72.6198
42575	-72.244
42576	-71.4862
42577	-72.1456
42578	-71.6487
42579	-71.2532
42580	-72.0057
42581	-71.2037
42582	-70.7233
42583	-69.4361
42584	-67.8612
42585	-66.1438
42586	-64.7695
42587	-64.8998
42588	-64.2792
42589	-65.1142
42590	-64.9613
42591	-62.42
42592	-50.5862
42593	-32.6331
42594	-26.4068
42595	-29.6547
42596	-43.3741
42597	-59.697
42598	-60.7362
42599	-57.9522
42600	-55.2089
42601	-54.7038
42602	-55.0689
42603	-57.467
42604	-61.5954
42605	-64.6001
42606	-67.5348
42607	-68.8542
42608	-69.5367
42609	-70.3327
42610	-71.6552
42611	-71.1211
42612	-70.6415
42613	-70.7409
42614	-71.5292
42615	-72.0202
42616	-72.2482
42617	-72.9609
42618	-71.0754
42619	-68.8361
42620	-67.8491
42621	-69.299
42622	-72.0462
42623	-72.4309
42624	-72.583
42625	-72.2387
42626	-71.2465
42627	-71.3163
42628	-70.8537
42629	-71.5636
42630	-72.769
42631	-72.7711
42632	-72.2882
42633	-69.5717
42634	-68.1724
42635	-68.593
42636	-68.595
42637	-68.6918
42638	-69.0223
42639	-69.962
42640	-69.6309
42641	-69.8497
42642	-69.9328
42643	-60.8153
42644	-55.1403
42645	-58.2519
42646	-67.8033
42647	-68.5897
42648	-66.4439
42649	-63.2667
42650	-62.1204
42651	-62.9971
42652	-62.4492
42653	-63.6192
42654	-63.3904
42655	-63.5179
42656	-67.9148
42657	-61.8234
42658	-59.7568
42659	-62.984
42660	-61.7948
42661	-61.3734
42662	-60.9091
42663	-61.544
42664	-64.4802
42665	-67.3808
42666	-67.2158
42667	-55.7057
42668	-49.1236
42669	-51.7991
42670	-62.4154
42671	-68.7925
42672	-69.1313
42673	-68.4207
42674	-67.706
42675	-67.1001
42676	-67.1939
42677	-67.0521
42678	-64.981
42679	-65.3219
42680	-69.5608
42681	-71.5752
42682	-72.0704
42683	-71.0123
42684	-70.0462
42685	-70.1042
42686	-68.8786
42687	-70.4005
42688	-71.5976
42689	-72.1462
42690	-72.5697
42691	-72.2978
42692	-71.5859
42693	-71.5359
42694	-72.333
42695	-72.8704
42696	-72.3129
42697	-71.7028
42698	-71.8195
42699	-70.2562
42700	-69.5651
42701	-70.2864
42702	-71.1857
42703	-69.363
42704	-68.3058
42705	-67.4954
42706	-66.2339
42707	-63.8703
42708	-61.2355
42709	-57.8457
42710	-54.6233
42711	-53.3647
42712	-53.344
42713	-55.2489
42714	-57.8842
42715	-57.3188
42716	-48.0823
42717	-30.7208
42718	-23.9281
42719	-26.6589
42720	-40.0613
42721	-55.2762
42722	-59.8981
42723	-61.3496
42724	-60.9888
42725	-60.946
42726	-61.7718
42727	-63.4627
42728	-65.3322
42729	-65.5349
42730	-67.8969
42731	-69.1317
42732	-70.0702
42733	-70.2807
42734	-70.9117
42735	-71.9492
42736	-71.0667
42737	-71.6273
42738	-72.4545
42739	-72.4374
42740	-73.4354
42741	-73.4036
42742	-72.071
42743	-69.0611
42744	-65.5571
42745	-68.3127
42746	-72.0611
42747	-71.9113
42748	-71.4586
42749	-70.2049
42750	-68.6552
42751	-69.1462
42752	-68.9506
42753	-68.9169
42754	-69.537
42755	-70.9232
42756	-70.098
42757	-66.2534
42758	-63.9961
42759	-64.689
42760	-62.9278
42761	-61.9589
42762	-61.8717
42763	-63.6339
42764	-66.1991
42765	-67.8359
42766	-67.1187
42767	-55.2889
42768	-48.6503
42769	-51.3451
42770	-62.2976
42771	-67.0557
42772	-66.7631
42773	-66.2272
42774	-64.4115
42775	-64.8503
42776	-65.5195
42777	-65.656
42778	-61.6546
42779	-60.8635
42780	-66.4698
42781	-69.4951
42782	-68.9792
42783	-67.9509
42784	-64.7852
42785	-62.5333
42786	-62.9525
42787	-64.9804
42788	-67.5678
42789	-70.4299
42790	-71.0857
42791	-69.3726
42792	-66.8947
42793	-67.1275
42794	-69.3729
42795	-69.8268
42796	-69.8174
42797	-69.314
42798	-68.4108
42799	-68.1671
42800	-68.2566
42801	-68.8025
42802	-69.1646
42803	-70.5589
42804	-71.1431
42805	-72.5301
42806	-73.752
42807	-73.1878
42808	-70.9823
42809	-67.7424
42810	-66.4475
42811	-69.2589
42812	-71.2567
42813	-71.8024
42814	-72.0013
42815	-70.9499
42816	-69.208
42817	-68.9336
42818	-69.9793
42819	-72.3194
42820	-72.4546
42821	-71.6609
42822	-71.4076
42823	-71.1154
42824	-70.3907
42825	-70.1145
42826	-69.7487
42827	-69.7667
42828	-68.3582
42829	-68.2788
42830	-68.0184
42831	-67.2426
42832	-64.0555
42833	-58.7889
42834	-53.6539
42835	-51.0727
42836	-51.7014
42837	-55.1337
42838	-59.7725
42839	-65.0771
42840	-65.7432
42841	-61.6202
42842	-57.0838
42843	-57.9245
42844	-61.4837
42845	-64.6841
42846	-68.1163
42847	-67.4785
42848	-66.7487
42849	-66.4698
42850	-66.1694
42851	-67.4336
42852	-68.436
42853	-69.1866
42854	-70.1106
42855	-71.1341
42856	-71.157
42857	-71.7616
42858	-72.4437
42859	-71.7268
42860	-70.974
42861	-70.3064
42862	-70.5939
42863	-71.2869
42864	-73.0074
42865	-71.7219
42866	-70.3895
42867	-66.9375
42868	-62.5249
42869	-65.4103
42870	-72.1037
42871	-72.9572
42872	-72.7405
42873	-72.0504
42874	-70.465
42875	-70.607
42876	-69.326
42877	-68.9558
42878	-68.7671
42879	-69.756
42880	-70.2552
42881	-70.1891
42882	-69.4561
42883	-67.5996
42884	-64.0043
42885	-61.0898
42886	-61.2414
42887	-64.441
42888	-68.0133
42889	-69.7016
42890	-70.7656
42891	-70.982
42892	-71.2641
42893	-70.677
42894	-69.9178
42895	-69.08
42896	-69.037
42897	-68.4006
42898	-66.3896
42899	-64.8528
42900	-65.2915
42901	-67.8971
42902	-67.7985
42903	-66.3578
42904	-66.7052
42905	-67.5223
42906	-65.8496
42907	-65.2585
42908	-62.1687
42909	-55.3539
42910	-54.3854
42911	-59.8978
42912	-65.5082
42913	-67.0749
42914	-64.6506
42915	-60.8268
42916	-57.7228
42917	-58.0275
42918	-61.6668
42919	-64.9125
42920	-66.8637
42921	-68.5009
42922	-69.8141
42923	-69.272
42924	-68.215
42925	-68.6426
42926	-68.2307
42927	-69.1709
42928	-68.8476
42929	-70.6855
42930	-72.0881
42931	-72.5596
42932	-71.5633
42933	-65.0603
42934	-62.6422
42935	-67.5434
42936	-71.4013
42937	-72.5591
42938	-72.9458
42939	-72.2628
42940	-72.0147
42941	-71.8006
42942	-71.5201
42943	-72.2468
42944	-71.832
42945	-71.7271
42946	-70.9954
42947	-70.238
42948	-69.4254
42949	-68.3767
42950	-67.9057
42951	-66.966
42952	-65.7668
42953	-65.0383
42954	-64.5626
42955	-63.9784
42956	-61.8633
42957	-56.4259
42958	-48.4589
42959	-39.9742
42960	-38.4962
42961	-45.0609
42962	-54.7008
42963	-59.6688
42964	-55.2788
42965	-50.0877
42966	-47.1043
42967	-47.0558
42968	-50.0988
42969	-55.5657
42970	-60.6623
42971	-63.7905
42972	-65.6147
42973	-66.483
42974	-67.212
42975	-68.4557
42976	-69.8812
42977	-69.5822
42978	-68.7402
42979	-70.2341
42980	-70.9976
42981	-70.9454
42982	-71.4566
42983	-72.2898
42984	-71.348
42985	-70.8037
42986	-70.5669
42987	-72.1271
42988	-72.7205
42989	-73.4594
42990	-73.1788
42991	-71.9795
42992	-70.7232
42993	-71.1226
42994	-72.2296
42995	-73.2296
42996	-72.2365
42997	-72.0533
42998	-69.8696
42999	-68.5677
43000	-67.8723
43001	-68.8095
43002	-68.8896
43003	-68.1991
43004	-68.8826
43005	-69.2358
43006	-68.4008
43007	-67.2505
43008	-63.031
43009	-56.7043
43010	-55.8308
43011	-60.9614
43012	-67.0316
43013	-67.7813
43014	-63.7653
43015	-60.4067
43016	-58.0766
43017	-57.8011
43018	-60.8621
43019	-63.5182
43020	-63.4884
43021	-66.1596
43022	-64.554
43023	-60.2392
43024	-61.3766
43025	-63.8634
43026	-63.337
43027	-63.3085
43028	-62.1386
43029	-64.1778
43030	-66.9719
43031	-67.9111
43032	-62.6158
43033	-52.1516
43034	-50.0654
43035	-57.2546
43036	-69.092
43037	-69.8445
43038	-69.5412
43039	-68.7422
43040	-67.4049
43041	-67.4087
43042	-67.4247
43043	-67.5814
43044	-65.4236
43045	-67.8039
43046	-71.4694
43047	-71.0848
43048	-70.9758
43049	-70.2402
43050	-70.3096
43051	-70.8263
43052	-71.2325
43053	-71.6053
43054	-72.4879
43055	-72.3115
43056	-72.6386
43057	-71.3594
43058	-70.0516
43059	-71.4237
43060	-72.9261
43061	-73.3262
43062	-72.62
43063	-71.6665
43064	-71.2856
43065	-70.5061
43066	-70.7599
43067	-71.0235
43068	-71.5915
43069	-70.2297
43070	-69.4614
43071	-68.6117
43072	-66.9349
43073	-64.1748
43074	-63.3187
43075	-60.7137
43076	-59.2642
43077	-58.4973
43078	-58.8178
43079	-59.7929
43080	-59.4791
43081	-55.3373
43082	-37.4267
43083	-24.4314
43084	-22.218
43085	-29.5334
43086	-48.5699
43087	-59.5322
43088	-61.3051
43089	-60.7348
43090	-59.2208
43091	-59.7478
43092	-60.8624
43093	-63.1206
43094	-65.3416
43095	-67.1984
43096	-69.1775
43097	-69.4355
43098	-69.9074
43099	-69.9739
43100	-70.7649
43101	-71.0291
43102	-70.5922
43103	-71.1624
43104	-72.2436
43105	-72.5964
43106	-72.8978
43107	-72.2944
43108	-69.7402
43109	-67.0314
43110	-66.8978
43111	-69.8197
43112	-71.3987
43113	-71.341
43114	-69.9326
43115	-68.5742
43116	-67.2561
43117	-68.3802
43118	-68.878
43119	-70.4324
43120	-72.5633
43121	-72.056
43122	-69.2799
43123	-65.2533
43124	-64.5148
43125	-65.5952
43126	-64.9541
43127	-64.7353
43128	-65.199
43129	-66.7412
43130	-68.4482
43131	-68.6474
43132	-61.9994
43133	-51.3618
43134	-49.2723
43135	-56.5227
43136	-69.1378
43137	-68.6667
43138	-67.5194
43139	-65.9758
43140	-65.0113
43141	-66.0215
43142	-66.2059
43143	-65.5794
43144	-61.4551
43145	-63.9081
43146	-70.6502
43147	-68.2214
43148	-67.9246
43149	-68.6535
43150	-68.3662
43151	-68.1268
43152	-67.5243
43153	-68.6614
43154	-69.9561
43155	-70.3965
43156	-69.2059
43157	-59.1691
43158	-56.1417
43159	-61.7315
43160	-68.906
43161	-68.9146
43162	-68.4123
43163	-66.962
43164	-65.695
43165	-65.6855
43166	-66.2129
43167	-66.9008
43168	-67.7505
43169	-70.356
43170	-71.4787
43171	-73.4903
43172	-72.6209
43173	-70.4337
43174	-68.9623
43175	-68.3211
43176	-68.0223
43177	-69.6121
43178	-70.9783
43179	-71.8542
43180	-71.1468
43181	-67.6944
43182	-65.6294
43183	-67.2352
43184	-70.007
43185	-72.9711
43186	-72.6927
43187	-72.07
43188	-72.2709
43189	-71.6672
43190	-71.5372
43191	-71.6063
43192	-71.1301
43193	-71.0776
43194	-71.1049
43195	-71.3686
43196	-70.5239
43197	-68.421
43198	-65.6717
43199	-62.0938
43200	-60.5795
43201	-60.6128
43202	-61.563
43203	-63.7828
43204	-65.5815
43205	-64.6638
43206	-48.6925
43207	-35.76
43208	-32.9434
43209	-39.6947
43210	-55.3085
43211	-63.2698
43212	-63.7564
43213	-62.3423
43214	-61.0713
43215	-61.3782
43216	-61.5213
43217	-63.7897
43218	-66.5798
43219	-68.0149
43220	-69.9912
43221	-70.7775
43222	-71.3736
43223	-71.8389
43224	-71.9886
43225	-70.9967
43226	-71.0684
43227	-71.4111
43228	-71.5974
43229	-72.591
43230	-73.4801
43231	-71.9781
43232	-69.7812
43233	-65.7069
43234	-64.0425
43235	-69.7104
43236	-73.1549
43237	-72.5508
43238	-72.1749
43239	-71.7728
43240	-71.0603
43241	-70.8877
43242	-70.2495
43243	-70.4138
43244	-71.213
43245	-71.5912
43246	-71.8893
43247	-69.7181
43248	-68.5074
43249	-68.1623
43250	-67.1527
43251	-66.7916
43252	-67.621
43253	-68.6634
43254	-69.7273
43255	-70.0996
43256	-70.0838
43257	-62.8172
43258	-59.8829
43259	-64.8855
43260	-69.6197
43261	-69.034
43262	-67.2626
43263	-64.6308
43264	-64.8813
43265	-64.9062
43266	-64.8437
43267	-65.4979
43268	-64.5535
43269	-65.0287
43270	-65.8155
43271	-63.5578
43272	-62.7265
43273	-63.1318
43274	-59.579
43275	-57.341
43276	-59.02
43277	-62.0006
43278	-65.8165
43279	-67.6474
43280	-62.2926
43281	-55.465
43282	-52.7321
43283	-56.5798
43284	-63.6864
43285	-67.0324
43286	-68.7563
43287	-68.5786
43288	-67.8699
43289	-67.8577
43290	-67.7307
43291	-66.9189
43292	-66.651
43293	-67.6162
43294	-70.1924
43295	-71.7917
43296	-72.5635
43297	-71.704
43298	-69.6357
43299	-66.2003
43300	-66.9263
43301	-70.0836
43302	-71.9645
43303	-72.1976
43304	-72.7407
43305	-72.1154
43306	-71.4256
43307	-71.5283
43308	-72.3055
43309	-72.1247
43310	-71.9808
43311	-71.3715
43312	-70.5986
43313	-69.4117
43314	-69.289
43315	-69.4315
43316	-68.9798
43317	-67.5584
43318	-66.6181
43319	-66.1061
43320	-64.0578
43321	-62.4256
43322	-58.9358
43323	-53.7625
43324	-49.0149
43325	-46.4433
43326	-48.1286
43327	-52.7986
43328	-57.589
43329	-56.1285
43330	-47.9744
43331	-39.5491
43332	-36.6603
43333	-41.5102
43334	-49.6209
43335	-56.6734
43336	-61.014
43337	-62.6713
43338	-63.1284
43339	-63.9235
43340	-64.9158
43341	-66.6166
43342	-67.0866
43343	-67.6198
43344	-68.5687
43345	-69.8142
43346	-70.391
43347	-70.8046
43348	-71.7037
43349	-71.9129
43350	-71.6213
43351	-72.0633
43352	-72.1958
43353	-72.668
43354	-73.466
43355	-73.4856
43356	-72.2041
43357	-68.8669
43358	-67.3824
43359	-70.8887
43360	-72.7652
43361	-72.2239
43362	-71.4444
43363	-70.144
43364	-69.4037
43365	-68.7386
43366	-68.9261
43367	-68.6966
43368	-68.9347
43369	-69.3424
43370	-68.4744
43371	-67.0332
43372	-65.4021
43373	-64.5016
43374	-60.484
43375	-57.9684
43376	-59.7826
43377	-63.7931
43378	-66.9751
43379	-67.3734
43380	-62.0483
43381	-55.0783
43382	-52.2394
43383	-56.1723
43384	-63.1477
43385	-64.4969
43386	-66.1828
43387	-65.583
43388	-63.0695
43389	-63.2926
43390	-64.6134
43391	-64.6604
43392	-62.6112
43393	-63.2881
43394	-64.8261
43395	-68.0231
43396	-68.4703
43397	-66.3712
43398	-59.8977
43399	-55.6977
43400	-57.7044
43401	-63.9605
43402	-69.1366
43403	-71.4094
43404	-71.2517
43405	-70.7764
43406	-69.9332
43407	-70.1167
43408	-70.6536
43409	-68.6081
43410	-69.1008
43411	-69.9618
43412	-70.0324
43413	-69.8828
43414	-69.5995
43415	-70.3489
43416	-70.4638
43417	-71.1024
43418	-71.7689
43419	-72.4487
43420	-72.4706
43421	-72.8233
43422	-71.6866
43423	-66.94
43424	-67.6782
43425	-71.9363
43426	-72.6407
43427	-72.6905
43428	-71.9953
43429	-71.1628
43430	-70.7004
43431	-70.5992
43432	-70.7754
43433	-71.8681
43434	-71.6105
43435	-71.1115
43436	-70.349
43437	-69.7105
43438	-68.0023
43439	-67.6582
43440	-66.8161
43441	-64.6317
43442	-63.9927
43443	-63.7024
43444	-63.5799
43445	-63.336
43446	-59.6029
43447	-52.7432
43448	-44.5169
43449	-38.704
43450	-40.3459
43451	-49.4101
43452	-58.4275
43453	-63.1294
43454	-63.7257
43455	-61.0363
43456	-60.3157
43457	-61.3286
43458	-62.9905
43459	-65.937
43460	-67.9662
43461	-68.1233
43462	-69.3337
43463	-68.8564
43464	-69.5127
43465	-69.4339
43466	-69.9773
43467	-70.5775
43468	-70.7504
43469	-71.2059
43470	-71.7914
43471	-72.602
43472	-72.7625
43473	-70.9698
43474	-68.9967
43475	-68.3851
43476	-69.6847
43477	-71.0882
43478	-71.55
43479	-71.1075
43480	-68.791
43481	-65.8396
43482	-64.7465
43483	-67.9328
43484	-71.4385
43485	-73.4307
43486	-72.6281
43487	-71.0837
43488	-69.6076
43489	-67.4419
43490	-66.7666
43491	-67.2119
43492	-67.1469
43493	-67.561
43494	-67.772
43495	-69.534
43496	-69.503
43497	-65.654
43498	-58.8521
43499	-54.6829
43500	-56.2967
43501	-63.5349
43502	-69.2441
43503	-69.8397
43504	-68.1929
43505	-67.3529
43506	-67.1237
43507	-67.5481
43508	-68.0392
43509	-66.384
43510	-66.362
43511	-68.706
43512	-67.3573
43513	-65.1962
43514	-66.8574
43515	-69.2517
43516	-69.0779
43517	-67.2901
43518	-68.1491
43519	-68.7303
43520	-68.5245
43521	-68.8993
43522	-60.3147
43523	-52.7074
43524	-54.2019
43525	-64.8931
43526	-67.9674
43527	-67.1513
43528	-65.0895
43529	-63.0614
43530	-61.8975
43531	-62.985
43532	-64.513
43533	-65.9388
43534	-67.0062
43535	-70.204
43536	-72.0916
43537	-70.5109
43538	-69.6073
43539	-68.7702
43540	-69.2652
43541	-69.1104
43542	-69.2779
43543	-70.9348
43544	-71.8463
43545	-72.4366
43546	-69.7488
43547	-63.0154
43548	-63.8816
43549	-68.9561
43550	-71.3978
43551	-73.3087
43552	-72.5032
43553	-72.5831
43554	-72.386
43555	-71.5982
43556	-72.073
43557	-72.0497
43558	-71.0767
43559	-71.9584
43560	-71.1034
43561	-70.5604
43562	-69.7525
43563	-67.809
43564	-66.5603
43565	-64.9051
43566	-64.9871
43567	-64.0098
43568	-64.8533
43569	-64.6353
43570	-62.499
43571	-54.1764
43572	-34.4136
43573	-26.33
43574	-27.9308
43575	-39.5998
43576	-58.4268
43577	-60.5545
43578	-58.2176
43579	-55.403
43580	-54.364
43581	-54.9834
43582	-56.7588
43583	-60.6891
43584	-63.8232
43585	-66.7729
43586	-68.5066
43587	-69.3906
43588	-70.1738
43589	-71.3742
43590	-71.4091
43591	-70.6339
43592	-70.4103
43593	-71.1872
43594	-71.7918
43595	-72.1092
43596	-72.8702
43597	-71.9434
43598	-69.3715
43599	-68.1488
43600	-69.0562
43601	-71.8354
43602	-72.4391
43603	-72.6063
43604	-72.3998
43605	-71.371
43606	-71.2994
43607	-71.1209
43608	-71.3877
43609	-72.5426
43610	-72.5679
43611	-72.4396
43612	-69.9929
43613	-67.9253
43614	-68.338
43615	-68.6011
43616	-68.9313
43617	-68.9004
43618	-69.8785
43619	-69.6172
43620	-69.7313
43621	-70.0076
43622	-61.9126
43623	-54.7526
43624	-56.2616
43625	-66.0806
43626	-68.7341
43627	-66.8779
43628	-63.5357
43629	-62.1275
43630	-62.5154
43631	-62.2917
43632	-63.2295
43633	-63.4982
43634	-62.5783
43635	-67.2138
43636	-63.0912
43637	-59.5314
43638	-62.6689
43639	-62.0361
43640	-61.2964
43641	-61.0561
43642	-61.2624
43643	-63.7957
43644	-66.9296
43645	-67.8832
43646	-58.0635
43647	-49.7705
43648	-50.7957
43649	-60.4569
43650	-68.7578
43651	-69.2931
43652	-68.5308
43653	-68.1613
43654	-67.2485
43655	-67.4381
43656	-67.5249
43657	-65.5548
43658	-64.9816
43659	-69.0626
43660	-71.4396
43661	-72.0664
43662	-71.4033
43663	-70.2862
43664	-70.4429
43665	-69.2896
43666	-70.1451
43667	-71.7129
43668	-72.2611
43669	-72.4012
43670	-72.6295
43671	-71.7069
43672	-71.3615
43673	-72.2006
43674	-72.8603
43675	-72.2821
43676	-71.7104
43677	-71.835
43678	-70.5269
43679	-69.5956
43680	-70.1798
43681	-71.1782
43682	-69.7347
43683	-68.4104
43684	-67.7187
43685	-66.651
43686	-64.3545
43687	-61.6329
43688	-58.5936
43689	-55.1973
43690	-53.5251
43691	-53.1417
43692	-54.6912
43693	-57.5671
43694	-57.7531
43695	-51.3404
43696	-32.8972
43697	-24.3888
43698	-25.451
43699	-36.8569
43700	-54.1143
43701	-59.5075
43702	-61.396
43703	-61.4387
43704	-60.8835
43705	-61.8023
43706	-63.2886
43707	-65.223
43708	-65.4656
43709	-67.4786
43710	-69.1387
43711	-70.1928
43712	-70.3134
43713	-70.6903
43714	-71.7945
43715	-71.2723
43716	-71.7701
43717	-72.3009
43718	-72.4944
43719	-73.4525
43720	-73.4855
43721	-72.1661
43722	-69.6019
43723	-65.5287
43724	-66.9837
43725	-71.8481
43726	-72.1225
43727	-71.6184
43728	-70.4994
43729	-68.6025
43730	-69.052
43731	-69.1232
43732	-69.001
43733	-69.4644
43734	-70.7187
43735	-70.5052
43736	-67.1092
43737	-64.1068
43738	-64.7289
43739	-63.2503
43740	-62.1228
43741	-61.6837
43742	-63.209
43743	-65.6989
43744	-67.6528
43745	-67.5125
43746	-57.6082
43747	-49.2197
43748	-50.3275
43749	-60.1098
43750	-67.0476
43751	-66.8272
43752	-66.7468
43753	-65.0155
43754	-64.7409
43755	-65.4366
43756	-66.1465
43757	-62.3252
43758	-60.6188
43759	-65.4894
43760	-69.4321
43761	-69.1644
43762	-68.5873
43763	-65.9529
43764	-63.4999
43765	-63.3614
43766	-65.1402
43767	-67.3257
43768	-70.3667
43769	-71.0659
43770	-68.8473
43771	-65.5153
43772	-65.1891
43773	-67.947
43774	-69.5453
43775	-69.765
43776	-69.4493
43777	-68.4764
43778	-68.1215
43779	-68.1745
43780	-68.5748
43781	-68.8401
43782	-70.2341
43783	-71.069
43784	-72.2115
43785	-73.828
43786	-73.6056
43787	-71.3241
43788	-68.0181
43789	-66.0788
43790	-68.7437
43791	-70.9473
43792	-71.7441
43793	-72.2974
43794	-71.1537
43795	-69.2379
43796	-68.8397
43797	-69.4997
43798	-71.9386
43799	-72.4898
43800	-71.6407
43801	-71.7276
43802	-71.193
43803	-70.5875
43804	-70.1294
43805	-69.8946
43806	-69.7474
43807	-68.6107
43808	-68.3965
43809	-68.2807
43810	-67.7588
43811	-64.9987
43812	-60.5508
43813	-55.0331
43814	-52.158
43815	-51.8296
43816	-54.9244
43817	-59.4583
43818	-64.7809
43819	-65.3281
43820	-60.2746
43821	-54.3012
43822	-54.0851
43823	-59.3607
43824	-63.1047
43825	-67.4449
43826	-67.3901
43827	-66.7728
43828	-66.1663
43829	-66.0853
43830	-66.9563
43831	-68.18
43832	-68.8807
43833	-69.8094
43834	-71.1186
43835	-71.1616
43836	-71.8631
43837	-72.4903
43838	-72.1767
43839	-71.0629
43840	-70.453
43841	-70.4525
43842	-71.219
43843	-72.8706
43844	-72.0147
43845	-70.6733
43846	-67.9202
43847	-62.982
43848	-64.4847
43849	-71.3619
43850	-73.0438
43851	-72.6974
43852	-72.3462
43853	-70.6392
43854	-70.6224
43855	-69.6061
43856	-69.1614
43857	-68.7395
43858	-69.4899
43859	-70.3098
43860	-70.3464
43861	-69.5381
43862	-68.0686
43863	-65.0664
43864	-61.9952
43865	-61.3565
43866	-64.0984
43867	-67.6256
43868	-69.6779
43869	-70.6229
43870	-70.662
43871	-70.3857
43872	-70.1569
43873	-70.392
43874	-69.6576
43875	-69.1449
43876	-68.5447
43877	-66.3806
43878	-64.8447
43879	-64.6563
43880	-67.3469
43881	-67.6281
43882	-66.4999
43883	-66.2267
43884	-67.3061
43885	-65.9726
43886	-65.0473
43887	-63.4413
43888	-55.9986
43889	-53.76
43890	-58.4655
43891	-64.5865
43892	-67.2137
43893	-65.1722
43894	-61.7787
43895	-58.1415
43896	-57.5577
43897	-61.0189
43898	-64.3324
43899	-66.5734
43900	-67.9856
43901	-69.4344
43902	-69.4982
43903	-68.3501
43904	-68.4358
43905	-68.2105
43906	-68.8974
43907	-68.8885
43908	-70.16
43909	-71.8774
43910	-72.3393
43911	-72.4145
43912	-66.4971
43913	-62.6505
43914	-66.5924
43915	-71.3058
43916	-72.3909
43917	-73.0753
43918	-72.281
43919	-72.0265
43920	-72.2142
43921	-71.4093
43922	-72.5056
43923	-71.6818
43924	-71.7766
43925	-71.1261
43926	-70.4105
43927	-69.4173
43928	-68.4888
43929	-68.1467
43930	-67.258
43931	-65.8347
43932	-65.2297
43933	-64.408
43934	-63.8636
43935	-62.1928
43936	-57.2099
43937	-49.5949
43938	-40.7991
43939	-37.8414
43940	-43.1266
43941	-52.8055
43942	-59.2618
43943	-55.9196
43944	-50.965
43945	-47.3814
43946	-46.5386
43947	-49.3838
43948	-54.3997
43949	-59.7791
43950	-63.1825
43951	-65.1558
43952	-66.3798
43953	-67.0356
43954	-68.0641
43955	-69.5293
43956	-69.6657
43957	-68.7174
43958	-69.9298
43959	-70.9583
43960	-70.8484
43961	-71.3452
43962	-72.3201
43963	-71.6384
43964	-71.0802
43965	-70.6821
43966	-71.7855
43967	-72.8258
43968	-73.5987
43969	-73.0583
43970	-72.0186
43971	-70.6741
43972	-70.6796
43973	-71.8843
43974	-72.9621
43975	-72.4118
43976	-71.9726
43977	-70.2205
43978	-68.4876
43979	-67.7585
43980	-68.4538
43981	-68.8853
43982	-68.286
43983	-68.6399
43984	-69.2956
43985	-68.5414
43986	-67.1799
43987	-64.0208
43988	-57.1263
43989	-55.0554
43990	-59.4691
43991	-65.8834
43992	-67.9867
43993	-64.4535
43994	-60.84
43995	-58.4293
43996	-57.3595
43997	-60.1118
43998	-63.1722
43999	-63.1359
44000	-65.4041
44001	-65.123
44002	-61.1368
44003	-60.9365
44004	-63.8146
44005	-63.3013
44006	-63.4754
44007	-62.1065
44008	-63.6646
44009	-66.6715
44010	-67.8807
44011	-64.9416
44012	-53.8798
44013	-50.1179
44014	-55.6236
44015	-68.1397
44016	-69.8954
44017	-69.9433
44018	-69.2723
44019	-67.9891
44020	-67.9472
44021	-67.7098
44022	-67.9495
44023	-65.8826
44024	-67.2091
44025	-71.2267
44026	-71.2099
44027	-70.9871
44028	-70.3623
44029	-70.3501
44030	-70.9484
44031	-71.3867
44032	-71.6247
44033	-72.4423
44034	-72.2719
44035	-72.7168
44036	-71.4773
44037	-69.6432
44038	-70.6962
44039	-72.8822
44040	-73.0336
44041	-72.9688
44042	-71.7182
44043	-71.3789
44044	-70.6183
44045	-70.6512
44046	-70.8745
44047	-71.9322
44048	-70.5129
44049	-69.717
44050	-69.0801
44051	-67.4573
44052	-64.6537
44053	-63.6258
44054	-61.1727
44055	-59.4888
44056	-58.7084
44057	-58.7185
44058	-59.9285
44059	-59.9962
44060	-56.8142
44061	-41.2552
44062	-26.3059
44063	-22.4284
44064	-27.9622
44065	-44.7137
44066	-59.1156
44067	-61.4652
44068	-61.4203
44069	-59.8829
44070	-60.0141
44071	-61.1687
44072	-63.0708
44073	-65.3659
44074	-67.0057
44075	-69.3133
44076	-69.4583
44077	-70.0095
44078	-70.0306
44079	-70.4357
44080	-71.0669
44081	-70.889
44082	-71.155
44083	-72.0805
44084	-72.5641
44085	-72.9355
44086	-72.4041
44087	-70.0043
44088	-67.2617
44089	-66.4718
44090	-69.1144
44091	-71.3911
44092	-71.5266
44093	-70.0496
44094	-68.8335
44095	-67.3866
44096	-68.2386
44097	-68.6838
44098	-70.0852
44099	-72.0362
44100	-72.433
44101	-70.1082
44102	-66.2251
44103	-64.4029
44104	-65.358
44105	-64.9489
44106	-64.7747
44107	-64.8316
44108	-66.4689
44109	-68.1008
44110	-68.7372
44111	-64.4529
44112	-52.969
44113	-49.2281
44114	-54.7886
44115	-67.8461
44116	-69.0538
44117	-67.8911
44118	-66.4087
44119	-65.4119
44120	-66.1973
44121	-66.6876
44122	-66.2383
44123	-62.1402
44124	-63.237
44125	-70.1861
44126	-68.502
44127	-67.5802
44128	-68.5395
44129	-68.9728
44130	-68.8976
44131	-67.8481
44132	-68.6792
44133	-69.8503
44134	-70.2886
44135	-70.0338
44136	-59.7186
44137	-55.1082
44138	-59.3677
44139	-68.0223
44140	-68.9995
44141	-68.4091
44142	-67.0478
44143	-65.5746
44144	-65.6565
44145	-65.9272
44146	-66.7325
44147	-67.2471
44148	-69.5217
44149	-71.0545
44150	-73.4117
44151	-72.8885
44152	-70.6358
44153	-69.0119
44154	-68.3475
44155	-67.7435
44156	-69.3064
44157	-70.729
44158	-71.8014
44159	-71.4947
44160	-68.4702
44161	-65.7738
44162	-66.9016
44163	-69.3723
44164	-72.6483
44165	-73.15
44166	-72.1749
44167	-72.3103
44168	-71.7684
44169	-71.4514
44170	-71.6988
44171	-70.9531
44172	-71.2891
44173	-71.1485
44174	-71.2076
44175	-70.6504
44176	-68.962
44177	-66.3379
44178	-63.1068
44179	-61.1883
44180	-61.2952
44181	-61.9024
44182	-63.7991
44183	-65.2917
44184	-64.55
44185	-51.1117
44186	-35.9806
44187	-31.4807
44188	-36.4552
44189	-51.4407
44190	-62.2313
44191	-63.5314
44192	-62.4279
44193	-60.8181
44194	-61.1708
44195	-61.1879
44196	-63.1087
44197	-65.8791
44198	-67.4303
44199	-69.6495
44200	-70.5714
44201	-71.237
44202	-71.8248
44203	-72.0475
44204	-71.1336
44205	-71.0579
44206	-71.4083
44207	-71.5937
44208	-72.3074
44209	-73.2014
44210	-72.5736
44211	-70.461
44212	-66.9069
44213	-64.0586
44214	-68.7458
44215	-73.1877
44216	-72.3154
44217	-72.3181
44218	-71.9894
44219	-71.1064
44220	-71.0712
44221	-70.1623
44222	-70.2939
44223	-71.3095
44224	-71.4434
44225	-72.104
44226	-69.8965
44227	-68.6836
44228	-68.2712
44229	-67.6692
44230	-67.35
44231	-67.8944
44232	-68.8881
44233	-69.8624
44234	-69.9196
44235	-70.5298
44236	-62.7471
44237	-58.3401
44238	-62.3418
44239	-69.1373
44240	-69.0605
44241	-67.544
44242	-64.7943
44243	-64.3379
44244	-64.7992
44245	-64.5717
44246	-65.5341
44247	-64.3081
44248	-64.588
44249	-65.7396
44250	-64.1335
44251	-62.5511
44252	-63.2904
44253	-60.0356
44254	-57.3206
44255	-58.4403
44256	-61.2164
44257	-65.1867
44258	-68.1581
44259	-63.3973
44260	-56.5732
44261	-52.7627
44262	-55.6991
44263	-62.4973
44264	-66.6109
44265	-68.4615
44266	-68.8859
44267	-68.045
44268	-67.9194
44269	-67.8829
44270	-67.2327
44271	-66.5855
44272	-67.3708
44273	-69.9004
44274	-71.5668
44275	-72.1851
44276	-72.1154
44277	-70.3783
44278	-66.8395
44279	-66.8948
44280	-69.5997
44281	-71.9697
44282	-72.3149
44283	-72.9917
44284	-72.2281
44285	-71.6325
44286	-71.6843
44287	-72.1384
44288	-72.039
44289	-71.8864
44290	-71.596
44291	-70.7281
44292	-69.6651
44293	-69.2287
44294	-69.6522
44295	-69.0444
44296	-67.6679
44297	-66.9445
44298	-66.2385
44299	-64.4268
44300	-62.7591
44301	-59.5467
44302	-54.581
44303	-49.5215
44304	-46.4896
44305	-47.4997
44306	-51.5865
44307	-56.887
44308	-57.4908
44309	-49.7548
44310	-40.8677
44311	-36.5674
44312	-40.209
44313	-48.3005
44314	-55.768
44315	-60.4695
44316	-62.6447
44317	-63.2423
44318	-64.0164
44319	-64.6308
44320	-66.3262
44321	-67.0771
44322	-67.6613
44323	-68.3291
44324	-69.8348
44325	-70.3924
44326	-70.6885
44327	-71.3122
44328	-72.0882
44329	-71.4044
44330	-72.3444
44331	-72.2554
44332	-72.6987
44333	-73.4156
44334	-73.3863
44335	-72.566
44336	-69.1948
44337	-66.6823
44338	-69.8964
44339	-72.6558
44340	-72.2308
44341	-71.6626
44342	-70.3157
44343	-69.2577
44344	-68.8738
44345	-68.5553
44346	-68.6726
44347	-68.6588
44348	-69.2626
44349	-68.4504
44350	-67.2164
44351	-65.5533
44352	-64.6196
44353	-61.2068
44354	-57.8806
44355	-59.0886
44356	-62.9954
44357	-66.3663
44358	-67.8096
44359	-63.0309
44360	-56.2372
44361	-52.2494
44362	-55.1179
44363	-62.1142
44364	-64.3594
44365	-65.8325
44366	-66.2781
44367	-63.3607
44368	-63.1488
44369	-64.1744
44370	-65.3295
44371	-62.7099
44372	-63.0972
44373	-64.4549
44374	-67.8332
44375	-68.7395
44376	-67.2886
44377	-61.4613
44378	-56.6607
44379	-57.3942
44380	-63.2616
44381	-68.6907
44382	-71.3669
44383	-71.694
44384	-71.3496
44385	-70.6587
44386	-70.3251
44387	-70.5749
44388	-69.1261
44389	-68.8548
44390	-69.9877
44391	-69.9438
44392	-70.2342
44393	-69.5494
44394	-70.3872
44395	-70.2016
44396	-71.0391
44397	-71.4095
44398	-72.4577
44399	-72.6328
44400	-72.856
44401	-72.3255
44402	-67.1484
44403	-66.6335
44404	-71.2045
44405	-72.4059
44406	-72.7792
44407	-72.0557
44408	-71.1384
44409	-70.6942
44410	-70.8054
44411	-70.7072
44412	-71.7392
44413	-71.9315
44414	-71.4306
44415	-70.4624
44416	-69.9657
44417	-68.3239
44418	-67.7606
44419	-66.9686
44420	-65.193
44421	-64.1589
44422	-63.8733
44423	-63.9953
44424	-63.7998
44425	-60.9148
44426	-54.4413
44427	-46.6154
44428	-39.7587
44429	-39.9685
44430	-48.2537
44431	-57.6502
44432	-63.4493
44433	-64.5832
44434	-62.71
44435	-61.6249
44436	-62.1145
44437	-63.1483
44438	-65.6809
44439	-68.2988
44440	-68.4046
44441	-69.3941
44442	-69.1413
44443	-69.2175
44444	-69.6545
44445	-69.6892
44446	-70.6034
44447	-70.6692
44448	-71.2875
44449	-71.6857
44450	-72.3822
44451	-73.0142
44452	-71.5764
44453	-69.2273
44454	-68.408
44455	-69.3102
44456	-70.8479
44457	-71.7233
44458	-70.9845
44459	-69.1244
44460	-66.4377
44461	-64.6573
44462	-67.4143
44463	-71.1759
44464	-73.2043
44465	-72.8054
44466	-71.6067
44467	-69.9416
44468	-67.9253
44469	-66.7545
44470	-67.1068
44471	-67.154
44472	-67.4933
44473	-67.5965
44474	-69.2899
44475	-69.774
44476	-66.8795
44477	-60.4405
44478	-55.3759
44479	-55.9327
44480	-62.6069
44481	-68.5735
44482	-70.3238
44483	-69.0158
44484	-68.1855
44485	-68.0351
44486	-68.41
44487	-68.5474
44488	-67.0858
44489	-66.5751
44490	-68.637
44491	-67.7214
44492	-64.7582
44493	-66.1405
44494	-69.0299
44495	-69.1241
44496	-67.3763
44497	-67.923
44498	-68.3692
44499	-68.3517
44500	-68.8419
44501	-62.0053
44502	-52.8952
44503	-52.7733
44504	-62.258
44505	-67.9127
44506	-67.4529
44507	-65.4337
44508	-63.2464
44509	-61.7868
44510	-62.5927
44511	-64.0107
44512	-65.6503
44513	-66.3125
44514	-69.3727
44515	-71.9278
44516	-70.7681
44517	-69.6796
44518	-68.8083
44519	-69.1254
44520	-69.0238
44521	-69.0558
44522	-70.5885
44523	-71.6572
44524	-72.3288
44525	-70.9279
44526	-63.7919
44527	-63.2194
44528	-68.4851
44529	-70.9998
44530	-73.235
44531	-72.6349
44532	-72.2689
44533	-72.3561
44534	-71.7196
44535	-71.8845
44536	-71.9876
44537	-70.9915
44538	-71.781
44539	-71.1014
44540	-70.5413
44541	-70.0935
44542	-67.8566
44543	-67.0796
44544	-65.249
44545	-64.8439
44546	-63.8556
44547	-64.5126
44548	-64.3664
44549	-62.7665
44550	-56.6766
44551	-36.7383
44552	-26.6064
44553	-26.5763
44554	-36.3398
44555	-56.4235
44556	-60.3674
44557	-58.5117
44558	-55.7211
44559	-54.1678
44560	-54.7439
44561	-56.1246
44562	-59.8427
44563	-63.1859
44564	-66.1243
44565	-68.0984
44566	-69.2437
44567	-69.7505
44568	-71.04
44569	-71.6626
44570	-70.6259
44571	-70.2868
44572	-70.932
44573	-71.7573
44574	-72.1365
44575	-72.7337
44576	-72.4121
44577	-69.9513
44578	-68.5401
44579	-68.828
44580	-71.5278
44581	-72.5119
44582	-72.7636
44583	-72.5343
44584	-71.5359
44585	-71.28
44586	-71.0749
44587	-71.2935
44588	-72.2465
44589	-72.6064
44590	-72.5339
44591	-70.4439
44592	-67.6952
44593	-68.0755
44594	-68.7512
44595	-69.1698
44596	-68.8463
44597	-69.9578
44598	-69.6441
44599	-69.777
44600	-70.0037
44601	-63.2477
44602	-54.7294
44603	-54.6355
44604	-63.5342
44605	-68.7423
44606	-67.3434
44607	-63.7906
44608	-62.1103
44609	-61.9424
44610	-62.2944
44611	-62.6828
44612	-63.4708
44613	-61.9224
44614	-65.9556
44615	-64.5288
44616	-59.6246
44617	-62.142
44618	-62.6199
44619	-61.2738
44620	-61.1208
44621	-61.1746
44622	-63.1208
44623	-66.598
44624	-68.1658
44625	-60.5972
44626	-50.7293
44627	-50.1273
44628	-58.3379
44629	-68.5708
44630	-69.3713
44631	-68.6785
44632	-68.6829
44633	-67.3459
44634	-67.824
44635	-67.7529
44636	-66.1164
44637	-64.9092
44638	-68.5344
44639	-71.3823
44640	-72.1791
44641	-71.7833
44642	-70.5121
44643	-70.5584
44644	-69.5825
44645	-70.0334
44646	-71.8095
44647	-72.3162
44648	-72.3753
44649	-73.1298
44650	-71.8178
44651	-71.2858
44652	-72.0565
44653	-72.9967
44654	-72.256
44655	-71.9426
44656	-71.9368
44657	-70.8273
44658	-69.5797
44659	-70.271
44660	-71.0531
44661	-70.1925
44662	-68.5896
44663	-67.9682
44664	-66.9199
44665	-64.8109
44666	-61.942
44667	-59.3915
44668	-55.5576
44669	-53.7121
44670	-53.0016
44671	-54.1675
44672	-57.1759
44673	-58.1223
44674	-54.1991
44675	-35.4828
44676	-25.1628
44677	-24.5764
44678	-34.1551
44679	-51.8894
44680	-58.8838
44681	-61.3728
44682	-61.9476
44683	-60.9936
44684	-62.0031
44685	-63.1068
44686	-65.0476
44687	-65.5352
44688	-67.2339
44689	-69.1886
44690	-70.0792
44691	-70.4493
44692	-70.5157
44693	-71.4344
44694	-71.6303
44695	-71.7185
44696	-72.0356
44697	-72.8741
44698	-73.0132
44699	-73.5415
44700	-72.3681
44701	-70.1062
44702	-65.7266
44703	-65.7825
44704	-71.1838
44705	-72.2277
44706	-71.6925
44707	-70.8317
44708	-68.6985
44709	-69.048
44710	-69.1883
44711	-68.8771
44712	-69.3775
44713	-70.3132
44714	-70.9415
44715	-68.0318
44716	-64.3796
44717	-64.7886
44718	-63.7521
44719	-62.3513
44720	-61.4951
44721	-62.6
44722	-65.0712
44723	-67.3231
44724	-67.8147
44725	-60.2314
44726	-50.0996
44727	-49.5437
44728	-57.8782
44729	-66.8556
44730	-66.8795
44731	-67.0532
44732	-65.4937
44733	-64.8803
44734	-65.5327
44735	-66.5586
44736	-63.1452
44737	-60.5876
44738	-64.5547
44739	-69.2328
44740	-69.3908
44741	-69.0807
44742	-67.0289
44743	-64.4216
44744	-63.9801
44745	-65.3713
44746	-67.2629
44747	-70.2955
44748	-71.1381
44749	-68.6398
44750	-64.6302
44751	-63.5191
44752	-66.5067
44753	-69.1448
44754	-69.7659
44755	-69.608
44756	-68.5836
44757	-68.309
44758	-68.1763
44759	-68.2456
44760	-68.6212
44761	-69.8541
44762	-71.0258
44763	-71.8204
44764	-73.6073
44765	-73.8895
44766	-71.5546
44767	-68.4219
44768	-65.9128
44769	-67.8657
44770	-70.3632
44771	-71.714
44772	-72.1266
44773	-71.409
44774	-69.5063
44775	-68.8193
44776	-69.0743
44777	-71.5462
44778	-72.5966
44779	-71.7421
44780	-71.7274
44781	-71.3067
44782	-70.83
44783	-70.0881
44784	-70.0166
44785	-69.6795
44786	-68.8821
44787	-68.2408
44788	-68.5201
44789	-68.0507
44790	-66.1132
44791	-62.2239
44792	-56.2638
44793	-53.4735
44794	-52.2201
44795	-55.0221
44796	-59.2075
44797	-64.4046
44798	-65.189
44799	-59.7065
44800	-52.5202
44801	-51.255
44802	-56.4764
44803	-61.1582
44804	-66.3821
44805	-67.1366
44806	-66.5747
44807	-65.9452
44808	-66.1542
44809	-66.5689
44810	-67.969
44811	-68.7836
44812	-69.6967
44813	-71.2417
44814	-71.16
44815	-71.7983
44816	-72.5042
44817	-72.3707
44818	-71.1839
44819	-70.6307
44820	-70.4369
44821	-71.0353
44822	-72.3958
44823	-72.4024
44824	-70.9703
44825	-68.9832
44826	-63.6857
44827	-63.8242
44828	-70.3421
44829	-73.1586
44830	-72.7343
44831	-72.5114
44832	-71.1652
44833	-70.4288
44834	-69.905
44835	-69.3827
44836	-68.8372
44837	-69.4605
44838	-70.2133
44839	-70.3223
44840	-69.6911
44841	-68.5042
44842	-66.0428
44843	-62.8921
44844	-61.8773
44845	-63.9247
44846	-67.3149
44847	-69.7515
44848	-70.5949
44849	-70.0965
44850	-69.1208
44851	-68.6508
44852	-69.6568
44853	-69.6655
44854	-69.3047
44855	-68.7336
44856	-66.5976
44857	-65.0551
44858	-64.303
44859	-66.6901
44860	-67.4846
44861	-66.5124
44862	-65.8091
44863	-67.06
44864	-66.2025
44865	-65.0597
44866	-64.3251
44867	-56.9632
44868	-53.3939
44869	-56.9849
44870	-63.5169
44871	-67.3783
44872	-65.6191
44873	-62.4329
44874	-58.6453
44875	-57.4467
44876	-60.2293
44877	-63.8357
44878	-66.1619
44879	-67.6335
44880	-69.2194
44881	-69.6297
44882	-68.3232
44883	-68.4323
44884	-68.2956
44885	-68.9157
44886	-68.8256
44887	-69.9625
44888	-71.6815
44889	-72.2363
44890	-72.7839
44891	-68.1092
44892	-62.9326
44893	-65.6354
44894	-70.9904
44895	-72.2596
44896	-72.9866
44897	-72.2492
44898	-72.1141
44899	-72.3043
44900	-71.4494
44901	-72.3481
44902	-71.8011
44903	-71.5308
44904	-71.2141
44905	-70.4193
44906	-69.3306
44907	-68.47
44908	-68.1721
44909	-67.5972
44910	-65.9059
44911	-65.1112
44912	-64.273
44913	-63.7339
44914	-62.3606
44915	-58.0036
44916	-50.7554
44917	-41.8832
44918	-37.5345
44919	-41.3107
44920	-50.5882
44921	-58.5133
44922	-56.8767
44923	-51.9125
44924	-47.6606
44925	-46.2519
44926	-48.8147
44927	-53.3838
44928	-58.9489
44929	-62.4177
44930	-64.6835
44931	-66.3491
44932	-66.7033
44933	-67.7288
44934	-69.3048
44935	-69.6712
44936	-68.8655
44937	-69.6176
44938	-70.8114
44939	-70.8134
44940	-71.3793
44941	-72.1276
44942	-71.8487
44943	-71.205
44944	-70.8768
44945	-71.5663
44946	-73.1118
44947	-73.2537
44948	-73.0113
44949	-72.24
44950	-70.528
44951	-70.2538
44952	-71.4321
44953	-72.676
44954	-72.5409
44955	-71.9419
44956	-70.647
44957	-68.61
44958	-67.7776
44959	-68.3163
44960	-68.8337
44961	-68.3693
44962	-68.4393
44963	-69.2908
44964	-68.8321
44965	-67.2024
44966	-64.9867
44967	-57.7489
44968	-54.6167
44969	-58.0487
44970	-64.5492
44971	-68.2734
44972	-65.2694
44973	-61.2674
44974	-58.7185
44975	-57.1947
44976	-59.4259
44977	-62.9069
44978	-62.9127
44979	-64.6632
44980	-65.7685
44981	-62.0044
44982	-60.484
44983	-63.6111
44984	-63.2949
44985	-63.552
44986	-62.3554
44987	-63.2851
44988	-66.3428
44989	-67.8719
44990	-66.817
44991	-55.6478
44992	-50.479
44993	-54.3344
44994	-66.7309
44995	-70.0526
44996	-70.039
44997	-69.7656
44998	-68.7875
44999	-68.5078
45000	-68.1006
45001	-68.4405
45002	-66.5884
45003	-66.773
45004	-70.7402
45005	-71.4473
45006	-71.1138
45007	-70.5152
45008	-70.3848
45009	-71.0856
45010	-71.4665
45011	-71.7558
45012	-72.3163
45013	-72.2664
45014	-72.8232
45015	-71.61
45016	-69.3866
45017	-69.9347
45018	-72.3517
45019	-72.7781
45020	-73.1974
45021	-71.8122
45022	-71.2976
45023	-70.7751
45024	-70.492
45025	-70.7205
45026	-71.942
45027	-71.0609
45028	-70.0302
45029	-69.6596
45030	-67.985
45031	-65.2407
45032	-64.0662
45033	-61.7841
45034	-59.6141
45035	-58.962
45036	-58.8102
45037	-60.0415
45038	-60.3423
45039	-57.894
45040	-45.4052
45041	-28.5434
45042	-22.9467
45043	-26.7762
45044	-41.1941
45045	-58.743
45046	-61.5913
45047	-62.0655
45048	-60.5806
45049	-60.3958
45050	-61.546
45051	-63.1056
45052	-65.3775
45053	-66.8452
45054	-69.0672
45055	-69.5124
45056	-70.2121
45057	-70.1973
45058	-70.2982
45059	-71.1398
45060	-71.168
45061	-71.0508
45062	-72.0767
45063	-72.718
45064	-72.9017
45065	-72.4904
45066	-70.3917
45067	-67.5091
45068	-66.1968
45069	-68.3485
45070	-71.18
45071	-71.6675
45072	-70.3249
45073	-68.9972
45074	-67.3966
45075	-68.0834
45076	-68.5905
45077	-69.9249
45078	-71.777
45079	-72.632
45080	-70.9922
45081	-67.2696
45082	-64.4944
45083	-65.3625
45084	-65.0833
45085	-64.9529
45086	-64.611
45087	-66.1666
45088	-67.9055
45089	-68.7011
45090	-66.3952
45091	-54.7046
45092	-49.4884
45093	-53.3833
45094	-66.0173
45095	-69.3217
45096	-68.3098
45097	-66.9105
45098	-65.886
45099	-66.4652
45100	-67.3092
45101	-66.9748
45102	-63.0304
45103	-62.8437
45104	-69.4594
45105	-68.8751
45106	-67.1232
45107	-68.362
45108	-69.5353
45109	-69.5383
45110	-68.3176
45111	-68.6703
45112	-69.7185
45113	-70.2066
45114	-70.7005
45115	-60.5851
45116	-54.4423
45117	-57.2495
45118	-66.7436
45119	-69.1012
45120	-68.6199
45121	-67.1195
45122	-65.5629
45123	-65.4234
45124	-65.7597
45125	-66.4703
45126	-66.8736
45127	-68.8767
45128	-70.778
45129	-73.064
45130	-72.954
45131	-70.9672
45132	-69.1604
45133	-68.3888
45134	-67.5705
45135	-68.9971
45136	-70.275
45137	-71.7588
45138	-71.7008
45139	-69.0209
45140	-66.0246
45141	-66.5085
45142	-68.9079
45143	-72.4622
45144	-73.4442
45145	-72.2733
45146	-72.2853
45147	-72.0296
45148	-71.438
45149	-71.5066
45150	-70.9801
45151	-70.9822
45152	-71.0415
45153	-71.2678
45154	-70.8001
45155	-69.3609
45156	-67.0822
45157	-64.1002
45158	-61.9317
45159	-62.1385
45160	-62.4272
45161	-63.9622
45162	-65.1551
45163	-64.451
45164	-53.7118
45165	-36.727
45166	-30.4426
45167	-33.7098
45168	-47.2289
45169	-60.6824
45170	-63.1933
45171	-62.3687
45172	-60.7564
45173	-60.952
45174	-60.7918
45175	-62.4719
45176	-65.2183
45177	-66.701
45178	-69.0416
45179	-70.4509
45180	-70.9722
45181	-71.8318
45182	-72.0288
45183	-71.3586
45184	-71.0282
45185	-71.3523
45186	-71.5668
45187	-72.0862
45188	-72.9402
45189	-72.9426
45190	-71.2707
45191	-67.9235
45192	-64.3631
45193	-67.8557
45194	-72.9733
45195	-72.3417
45196	-72.4245
45197	-71.9863
45198	-71.3536
45199	-71.0906
45200	-70.2824
45201	-70.2147
45202	-71.2005
45203	-71.2808
45204	-72.476
45205	-70.1949
45206	-68.6076
45207	-68.5288
45208	-67.9932
45209	-68.0655
45210	-68.1235
45211	-69.0321
45212	-70.0295
45213	-69.9323
45214	-70.7193
45215	-63.1505
45216	-57.2745
45217	-60.0545
45218	-67.9667
45219	-69.1726
45220	-67.8023
45221	-65.0862
45222	-63.795
45223	-64.7521
45224	-64.2961
45225	-65.2524
45226	-64.2169
45227	-63.9577
45228	-65.5102
45229	-64.6022
45230	-62.5888
45231	-63.3142
45232	-60.4837
45233	-57.3211
45234	-57.9217
45235	-60.478
45236	-64.2593
45237	-68.2356
45238	-64.4048
45239	-57.7625
45240	-53.0225
45241	-54.7273
45242	-61.3368
45243	-66.4172
45244	-68.2175
45245	-68.9833
45246	-68.1902
45247	-67.9329
45248	-67.9106
45249	-67.4666
45250	-66.6904
45251	-67.2421
45252	-69.2815
45253	-71.2682
45254	-72.0942
45255	-72.4706
45256	-70.7646
45257	-67.6608
45258	-66.7776
45259	-69.2589
45260	-72.0698
45261	-72.4819
45262	-72.9075
45263	-72.4546
45264	-71.8011
45265	-71.8765
45266	-72.0273
45267	-72.167
45268	-71.9272
45269	-71.8454
45270	-70.8175
45271	-69.8583
45272	-69.1369
45273	-69.6699
45274	-69.2794
45275	-67.8727
45276	-66.8562
45277	-66.1512
45278	-64.6775
45279	-63.1303
45280	-60.1441
45281	-55.3234
45282	-50.0638
45283	-46.6416
45284	-46.9873
45285	-50.4162
45286	-55.9291
45287	-58.5262
45288	-51.5466
45289	-42.3663
45290	-36.7594
45291	-39.0743
45292	-46.9407
45293	-54.7878
45294	-59.978
45295	-62.6092
45296	-63.2627
45297	-63.8357
45298	-64.4596
45299	-66.0973
45300	-66.9491
45301	-67.5814
45302	-68.2593
45303	-69.6572
45304	-70.3325
45305	-70.6687
45306	-71.0922
45307	-72.201
45308	-71.3498
45309	-72.3387
45310	-72.2499
45311	-72.7353
45312	-73.3146
45313	-73.2347
45314	-72.7907
45315	-69.7377
45316	-66.2135
45317	-68.7605
45318	-72.5585
45319	-72.3842
45320	-71.8023
45321	-70.7655
45322	-69.2732
45323	-68.9688
45324	-68.4066
45325	-68.6872
45326	-68.5855
45327	-69.0965
45328	-68.5439
45329	-67.5136
45330	-65.7928
45331	-65.0089
45332	-61.7003
45333	-57.9357
45334	-58.2985
45335	-62.0307
45336	-65.5852
45337	-67.7517
45338	-63.945
45339	-57.4759
45340	-52.4541
45341	-54.1653
45342	-60.8057
45343	-64.167
45344	-65.4848
45345	-66.7677
45346	-63.7917
45347	-63.1955
45348	-63.9986
45349	-65.9839
45350	-63.0037
45351	-62.9535
45352	-64.3362
45353	-67.4436
45354	-68.8168
45355	-67.9332
45356	-62.981
45357	-57.7009
45358	-57.3546
45359	-62.533
45360	-68.0345
45361	-71.3439
45362	-71.7494
45363	-71.2086
45364	-70.7605
45365	-69.9709
45366	-70.2026
45367	-69.5771
45368	-68.8493
45369	-69.9189
45370	-69.9445
45371	-70.2497
45372	-69.5834
45373	-70.18
45374	-70.1082
45375	-71.0869
45376	-71.3559
45377	-72.2501
45378	-72.827
45379	-72.8231
45380	-72.778
45381	-67.6113
45382	-65.8106
45383	-70.0792
45384	-72.1187
45385	-72.6024
45386	-72.2966
45387	-71.342
45388	-70.7755
45389	-70.76
45390	-70.6155
45391	-71.5487
45392	-71.8844
45393	-71.564
45394	-70.8416
45395	-70.2321
45396	-68.7058
45397	-68.0342
45398	-67.2144
45399	-65.7374
45400	-64.306
45401	-64.1146
45402	-64.346
45403	-64.1276
45404	-62.0752
45405	-56.2505
45406	-48.7246
45407	-41.0965
45408	-39.9326
45409	-47.3056
45410	-56.6737
45411	-63.658
45412	-65.0336
45413	-64.0668
45414	-62.6768
45415	-62.8686
45416	-63.1158
45417	-65.2849
45418	-68.4508
45419	-68.7087
45420	-69.2066
45421	-69.3847
45422	-69.1499
45423	-69.8148
45424	-69.4741
45425	-70.6525
45426	-70.4457
45427	-71.3742
45428	-71.6484
45429	-72.2182
45430	-72.8303
45431	-71.9936
45432	-69.5176
45433	-68.3331
45434	-69.0039
45435	-70.8313
45436	-72.0184
45437	-70.9142
45438	-69.5618
45439	-67.1834
45440	-64.7463
45441	-66.6359
45442	-70.4537
45443	-72.8109
45444	-72.9754
45445	-72.0965
45446	-70.2238
45447	-68.6356
45448	-66.9379
45449	-67.1611
45450	-67.0552
45451	-67.5251
45452	-67.5215
45453	-68.9228
45454	-69.7056
45455	-67.9097
45456	-61.9513
45457	-56.3099
45458	-55.7645
45459	-61.6035
45460	-67.9224
45461	-70.6276
45462	-69.7118
45463	-69.0131
45464	-69.1222
45465	-69.3115
45466	-69.0462
45467	-67.7592
45468	-66.8516
45469	-68.6297
45470	-68.07
45471	-64.544
45472	-65.4323
45473	-68.7016
45474	-69.1562
45475	-67.4417
45476	-67.5431
45477	-68.1249
45478	-68.2569
45479	-68.6786
45480	-63.9905
45481	-53.4215
45482	-51.6829
45483	-59.4474
45484	-67.8491
45485	-67.6552
45486	-65.8683
45487	-63.3936
45488	-61.9434
45489	-62.2011
45490	-63.2707
45491	-65.1773
45492	-65.8071
45493	-68.2249
45494	-71.4787
45495	-71.2684
45496	-69.7975
45497	-68.9269
45498	-68.9092
45499	-69.129
45500	-68.8011
45501	-70.1832
45502	-71.4193
45503	-72.3363
45504	-71.7154
45505	-64.8655
45506	-62.8235
45507	-67.7189
45508	-70.5804
45509	-73.038
45510	-72.8065
45511	-72.0806
45512	-72.4368
45513	-71.8672
45514	-71.7117
45515	-71.9648
45516	-71.0361
45517	-71.5554
45518	-71.276
45519	-70.5758
45520	-70.0752
45521	-68.0033
45522	-67.1222
45523	-65.4115
45524	-64.7132
45525	-63.767
45526	-64.1775
45527	-64.266
45528	-63.033
45529	-58.3295
45530	-39.583
45531	-27.2367
45532	-25.5711
45533	-33.527
45534	-52.6379
45535	-59.891
45536	-58.7744
45537	-56.1486
45538	-54.013
45539	-54.3797
45540	-55.4891
45541	-58.8892
45542	-62.5118
45543	-65.46
45544	-67.7008
45545	-69.0728
45546	-69.3679
45547	-70.7516
45548	-71.6174
45549	-70.4627
45550	-70.1658
45551	-70.7643
45552	-71.6081
45553	-71.8902
45554	-72.5856
45555	-72.6342
45556	-70.4626
45557	-68.9691
45558	-68.7858
45559	-71.323
45560	-72.5558
45561	-72.8036
45562	-72.7
45563	-71.7327
45564	-71.2649
45565	-71.2494
45566	-71.0952
45567	-72.0142
45568	-72.5201
45569	-72.4656
45570	-70.8085
45571	-67.702
45572	-67.712
45573	-68.8579
45574	-69.1514
45575	-68.8114
45576	-69.8833
45577	-69.7113
45578	-69.8072
45579	-69.9675
45580	-64.8325
45581	-55.0599
45582	-53.3706
45583	-60.8094
45584	-68.6059
45585	-67.6965
45586	-64.219
45587	-62.0994
45588	-61.5863
45589	-62.2223
45590	-62.1742
45591	-63.2922
45592	-61.5596
45593	-64.5903
45594	-65.9428
45595	-60.0244
45596	-61.4674
45597	-62.7976
45598	-61.2988
45599	-61.2568
45600	-60.8788
45601	-62.5667
45602	-66.1703
45603	-68.1078
45604	-63.352
45605	-52.0006
45606	-49.7787
45607	-56.6111
45608	-67.9352
45609	-69.0825
45610	-68.8482
45611	-69.0773
45612	-67.6685
45613	-67.8381
45614	-67.8268
45615	-66.648
45616	-65.0473
45617	-67.908
45618	-71.2903
45619	-72.0783
45620	-72.0197
45621	-70.7102
45622	-70.5994
45623	-70.2256
45624	-69.8774
45625	-71.855
45626	-72.3299
45627	-72.4081
45628	-73.0075
45629	-71.7561
45630	-71.2303
45631	-71.7643
45632	-72.9219
45633	-72.4498
45634	-72.0608
45635	-71.831
45636	-71.1583
45637	-69.6553
45638	-70.367
45639	-71.0738
45640	-70.5952
45641	-68.7327
45642	-68.1084
45643	-67.249
45644	-65.4876
45645	-62.3948
45646	-60.0169
45647	-56.0976
45648	-53.8142
45649	-53.1681
45650	-53.7734
45651	-56.7434
45652	-58.2613
45653	-55.7233
45654	-38.5148
45655	-26.2601
45656	-24.0219
45657	-31.5137
45658	-49.287
45659	-58.3309
45660	-61.4672
45661	-62.2882
45662	-61.2763
45663	-62.2097
45664	-63.0233
45665	-64.9292
45666	-65.7419
45667	-67.1986
45668	-69.2174
45669	-69.835
45670	-70.4893
45671	-70.3999
45672	-71.2882
45673	-71.7952
45674	-71.5446
45675	-71.8853
45676	-72.787
45677	-72.6978
45678	-73.2909
45679	-72.5316
45680	-70.6481
45681	-66.1622
45682	-64.8234
45683	-70.5438
45684	-72.21
45685	-71.6892
45686	-70.9308
45687	-68.9162
45688	-68.8538
45689	-69.0618
45690	-68.7311
45691	-69.0933
45692	-69.9032
45693	-71.0861
45694	-69.0246
45695	-64.9027
45696	-64.6862
45697	-64.0126
45698	-62.5286
45699	-61.4482
45700	-62.2407
45701	-64.587
45702	-66.9772
45703	-67.97
45704	-62.9817
45705	-51.2994
45706	-49.1033
45707	-55.988
45708	-66.5967
45709	-67.0542
45710	-67.3811
45711	-66.1527
45712	-65.0739
45713	-65.8187
45714	-66.822
45715	-64.0692
45716	-60.8363
45717	-63.681
45718	-68.8389
45719	-69.5196
45720	-69.2218
45721	-67.8047
45722	-65.4265
45723	-64.5655
45724	-65.5702
45725	-67.3808
45726	-69.9329
45727	-71.0112
45728	-68.6711
45729	-64.058
45730	-62.0494
45731	-64.8949
45732	-68.6638
45733	-69.7339
45734	-69.7382
45735	-68.5276
45736	-68.2371
45737	-68.2497
45738	-68.1716
45739	-68.5154
45740	-69.55
45741	-70.9754
45742	-71.6075
45743	-73.3056
45744	-74.0011
45745	-71.9121
45746	-68.8643
45747	-65.9471
45748	-67.0299
45749	-69.6629
45750	-71.6015
45751	-71.835
45752	-71.3698
45753	-69.9462
45754	-68.7677
45755	-68.7416
45756	-71.2329
45757	-72.573
45758	-71.9716
45759	-71.7141
45760	-71.4652
45761	-71.0981
45762	-70.2628
45763	-70.2244
45764	-69.6234
45765	-69.3285
45766	-68.2125
45767	-68.7728
45768	-68.299
45769	-66.9044
45770	-63.5203
45771	-57.5972
45772	-54.7053
45773	-52.9781
45774	-55.332
45775	-59.1699
45776	-63.9422
45777	-65.5051
45778	-59.5288
45779	-51.5012
45780	-48.973
45781	-53.52
45782	-59.0611
45783	-65.0404
45784	-66.8713
45785	-66.3398
45786	-65.8095
45787	-66.0447
45788	-66.0633
45789	-67.7585
45790	-68.6401
45791	-69.4896
45792	-70.842
45793	-71.0811
45794	-71.7051
45795	-72.3572
45796	-72.3972
45797	-71.3363
45798	-70.7525
45799	-70.3382
45800	-70.94
45801	-72.0477
45802	-72.7579
45803	-71.3584
45804	-69.8189
45805	-64.6269
45806	-63.4072
45807	-69.2809
45808	-73.1422
45809	-72.9203
45810	-72.689
45811	-71.416
45812	-70.5386
45813	-70.3085
45814	-69.4385
45815	-69.055
45816	-69.3543
45817	-70.2438
45818	-70.4147
45819	-69.8579
45820	-68.9913
45821	-67.068
45822	-63.8651
45823	-62.2771
45824	-63.8759
45825	-67.0764
45826	-69.8949
45827	-70.6054
45828	-69.8377
45829	-67.6436
45830	-66.7154
45831	-68.1556
45832	-69.4697
45833	-69.2972
45834	-68.941
45835	-66.9747
45836	-65.2286
45837	-63.9448
45838	-65.8631
45839	-67.1813
45840	-66.3473
45841	-65.401
45842	-66.7227
45843	-66.504
45844	-65.0593
45845	-64.769
45846	-57.905
45847	-53.2887
45848	-55.6789
45849	-62.262
45850	-67.3476
45851	-66.1355
45852	-63.1735
45853	-59.1121
45854	-57.457
45855	-59.3708
45856	-63.3791
45857	-65.8038
45858	-67.2834
45859	-69.0363
45860	-69.955
45861	-68.3301
45862	-68.4631
45863	-68.4561
45864	-68.5626
45865	-68.9925
45866	-69.6211
45867	-71.5133
45868	-72.2567
45869	-72.9627
45870	-69.4521
45871	-63.4984
45872	-64.9345
45873	-70.3455
45874	-72.3829
45875	-72.8032
45876	-72.2888
45877	-72.2025
45878	-72.408
45879	-71.5372
45880	-72.1054
45881	-71.74
45882	-71.5135
45883	-71.4043
45884	-70.6125
45885	-69.3019
45886	-68.521
45887	-67.8441
45888	-67.5088
45889	-65.9192
45890	-65.0692
45891	-64.1279
45892	-63.7623
45893	-62.5796
45894	-58.6044
45895	-51.91
45896	-43.0679
45897	-37.4713
45898	-39.7861
45899	-48.5336
45900	-57.0687
45901	-57.5602
45902	-52.7429
45903	-48.1657
45904	-46.0972
45905	-48.206
45906	-52.4827
45907	-58.1919
45908	-61.8097
45909	-64.3436
45910	-66.0887
45911	-66.4236
45912	-67.3688
45913	-69.0955
45914	-69.5517
45915	-68.9904
45916	-69.2682
45917	-70.6827
45918	-70.9602
45919	-71.4367
45920	-71.9609
45921	-72.1279
45922	-71.5186
45923	-71.1137
45924	-71.5496
45925	-72.9855
45926	-73.0742
45927	-73.1164
45928	-72.457
45929	-70.3943
45930	-69.7548
45931	-71.1714
45932	-72.2513
45933	-72.7872
45934	-71.993
45935	-70.9245
45936	-68.7321
45937	-67.7005
45938	-67.836
45939	-68.8629
45940	-68.3431
45941	-68.1769
45942	-69.1014
45943	-69.0754
45944	-67.5227
45945	-65.7154
45946	-58.471
45947	-54.374
45948	-56.805
45949	-63.2799
45950	-68.1304
45951	-66.0901
45952	-61.7864
45953	-58.9552
45954	-57.1439
45955	-58.8384
45956	-62.4697
45957	-62.8473
45958	-63.904
45959	-66.2523
45960	-62.8277
45961	-60.3819
45962	-63.2822
45963	-63.3959
45964	-63.6474
45965	-62.7312
45966	-62.9093
45967	-65.9935
45968	-67.9367
45969	-67.9294
45970	-57.85
45971	-51.1494
45972	-53.387
45973	-64.7281
45974	-70.2058
45975	-70.1914
45976	-70.2996
45977	-69.3456
45978	-68.8485
45979	-68.604
45980	-68.6368
45981	-67.4387
45982	-66.5744
45983	-70.3467
45984	-71.57
45985	-71.127
45986	-70.7683
45987	-70.3683
45988	-71.124
45989	-71.2394
45990	-71.7465
45991	-72.2941
45992	-72.2699
45993	-72.8846
45994	-71.9207
45995	-69.0678
45996	-69.1756
45997	-71.6124
45998	-72.5742
45999	-73.3196
46000	-71.9669
46001	-71.3434
46002	-70.9135
46003	-70.4296
46004	-70.7147
46005	-71.8215
46006	-71.4177
46007	-70.3197
46008	-69.7404
46009	-68.5
46010	-65.9114
46011	-64.4044
46012	-62.4797
46013	-59.8956
46014	-59.2133
46015	-58.9062
46016	-59.9942
46017	-60.6729
46018	-58.7084
46019	-49.4519
46020	-31.1791
46021	-23.776
46022	-25.9477
46023	-38.242
46024	-57.6908
46025	-61.6767
46026	-62.7599
46027	-61.4322
46028	-60.9094
46029	-62.0005
46030	-63.1982
46031	-65.3818
46032	-66.8069
46033	-68.8108
46034	-69.659
46035	-70.2547
46036	-70.4215
46037	-70.3163
46038	-71.1106
46039	-71.2545
46040	-70.9307
46041	-71.9621
46042	-72.5606
46043	-72.8069
46044	-72.6303
46045	-70.9462
46046	-67.8983
46047	-66.0985
46048	-67.6441
46049	-70.9235
46050	-71.6511
46051	-70.5825
46052	-69.2121
46053	-67.5029
46054	-67.7692
46055	-68.5225
46056	-69.6668
46057	-71.6413
46058	-72.9974
46059	-71.5472
46060	-68.0748
46061	-64.7546
46062	-65.3285
46063	-65.4349
46064	-65.1817
46065	-64.6178
46066	-65.8384
46067	-67.673
46068	-68.6779
46069	-67.766
46070	-56.7815
46071	-50.0536
46072	-52.3178
46073	-63.8669
46074	-69.5914
46075	-68.7254
46076	-67.5284
46077	-66.4254
46078	-66.8014
46079	-67.5825
46080	-67.5051
46081	-64.165
46082	-62.7288
46083	-68.4696
46084	-69.2228
46085	-66.6847
46086	-68.0822
46087	-69.7573
46088	-69.5846
46089	-68.7074
46090	-68.6496
46091	-69.6009
46092	-70.1028
46093	-70.8132
46094	-61.8418
46095	-54.1323
46096	-55.4895
46097	-64.5878
46098	-68.911
46099	-68.5579
46100	-67.2303
46101	-65.7489
46102	-65.2556
46103	-65.5964
46104	-66.2418
46105	-66.4789
46106	-68.0732
46107	-70.4603
46108	-72.6094
46109	-73.2973
46110	-71.2808
46111	-69.2752
46112	-68.5285
46113	-67.5237
46114	-68.6553
46115	-70.0151
46116	-71.6267
46117	-71.7268
46118	-69.5938
46119	-66.3136
46120	-66.1087
46121	-68.4783
46122	-71.9633
46123	-73.4082
46124	-72.3198
46125	-72.0772
46126	-72.1337
46127	-71.2924
46128	-71.4423
46129	-71.0073
46130	-70.7864
46131	-70.8801
46132	-71.2986
46133	-70.8597
46134	-69.655
46135	-67.6878
46136	-65.0208
46137	-62.6159
46138	-62.9789
46139	-62.7997
46140	-63.9229
46141	-65.1676
46142	-64.4287
46143	-56.2601
46144	-37.7144
46145	-29.801
46146	-31.4071
46147	-43.2698
46148	-58.637
46149	-62.5773
46150	-62.1142
46151	-60.7045
46152	-60.6625
46153	-60.6962
46154	-61.8993
46155	-64.5484
46156	-66.2389
46157	-68.3891
46158	-70.2222
46159	-70.7437
46160	-71.6797
46161	-71.9203
46162	-71.4205
46163	-71.057
46164	-71.2084
46165	-71.4942
46166	-71.9766
46167	-72.8725
46168	-73.3177
46169	-71.6426
46170	-68.8047
46171	-64.9214
46172	-67.2565
46173	-72.5793
46174	-72.4453
46175	-72.3922
46176	-71.9946
46177	-71.5071
46178	-71.1747
46179	-70.6095
46180	-70.2383
46181	-71.1337
46182	-71.2682
46183	-72.4952
46184	-70.5242
46185	-68.5065
46186	-68.7166
46187	-68.3957
46188	-68.3955
46189	-68.5484
46190	-69.3689
46191	-70.0531
46192	-70.0544
46193	-70.9458
46194	-63.9597
46195	-56.6359
46196	-58.0332
46197	-66.0239
46198	-69.3254
46199	-68.1488
46200	-65.4037
46201	-63.5573
46202	-64.7711
46203	-64.1991
46204	-64.9136
46205	-64.1687
46206	-63.1637
46207	-65.2074
46208	-65.0137
46209	-62.6517
46210	-63.1352
46211	-60.986
46212	-57.5613
46213	-57.3325
46214	-59.9355
46215	-63.3722
46216	-67.4211
46217	-65.4359
46218	-59.0559
46219	-53.5546
46220	-53.9179
46221	-60.0504
46222	-66.1889
46223	-67.8871
46224	-68.9928
46225	-68.4009
46226	-67.835
46227	-67.983
46228	-67.7869
46229	-66.609
46230	-67.1931
46231	-68.7123
46232	-71.0329
46233	-72.0879
46234	-72.7778
46235	-71.3907
46236	-68.5766
46237	-66.8661
46238	-69.0059
46239	-71.829
46240	-72.6353
46241	-72.7625
46242	-72.6792
46243	-71.946
46244	-71.8473
46245	-71.8747
46246	-72.3754
46247	-71.8531
46248	-71.7541
46249	-70.9374
46250	-70.0469
46251	-68.9323
46252	-69.4748
46253	-69.4922
46254	-67.9477
46255	-66.8646
46256	-66.1501
46257	-64.9863
46258	-63.5287
46259	-60.6235
46260	-56.167
46261	-50.6506
46262	-46.9927
46263	-46.5299
46264	-49.4011
46265	-55.0101
46266	-58.6766
46267	-52.9492
46268	-43.871
46269	-37.1882
46270	-38.1118
46271	-45.6855
46272	-53.5043
46273	-59.3869
46274	-62.4754
46275	-63.1487
46276	-63.5679
46277	-64.2784
46278	-65.9203
46279	-66.8494
46280	-67.4925
46281	-68.1014
46282	-69.3719
46283	-70.2047
46284	-70.7616
46285	-70.9278
46286	-72.2474
46287	-71.3945
46288	-72.3127
46289	-72.198
46290	-72.7735
46291	-73.0419
46292	-73.1973
46293	-72.8309
46294	-70.2951
46295	-66.0016
46296	-67.6698
46297	-72.1835
46298	-72.6127
46299	-71.8624
46300	-71.1732
46301	-69.3371
46302	-69.009
46303	-68.3962
46304	-68.8287
46305	-68.492
46306	-69.0077
46307	-68.8105
46308	-67.9438
46309	-66.1521
46310	-65.1775
46311	-62.2386
46312	-58.2396
46313	-57.762
46314	-60.9399
46315	-64.9235
46316	-67.6237
46317	-64.8639
46318	-58.7521
46319	-52.9457
46320	-53.2955
46321	-59.6408
46322	-64.1214
46323	-65.0818
46324	-67.004
46325	-64.3626
46326	-63.3606
46327	-64.085
46328	-66.4427
46329	-63.4477
46330	-62.8782
46331	-64.1175
46332	-66.9204
46333	-69.0261
46334	-68.6297
46335	-64.5195
46336	-58.9952
46337	-57.6264
46338	-62.0328
46339	-67.4406
46340	-71.2692
46341	-71.4254
46342	-70.6788
46343	-70.3064
46344	-69.475
46345	-69.7798
46346	-70.1261
46347	-68.9645
46348	-70.0651
46349	-69.8834
46350	-70.3744
46351	-69.5725
46352	-69.8947
46353	-70.0577
46354	-70.9901
46355	-71.2711
46356	-72.0911
46357	-72.7283
46358	-72.7644
46359	-73.0427
46360	-68.2926
46361	-65.242
46362	-68.8436
46363	-71.8335
46364	-72.4611
46365	-72.5913
46366	-71.532
46367	-70.8575
46368	-70.8162
46369	-70.5577
46370	-71.4625
46371	-71.8697
46372	-71.7263
46373	-71.0714
46374	-70.4026
46375	-69.123
46376	-68.3361
46377	-67.683
46378	-66.1996
46379	-64.5043
46380	-64.5767
46381	-64.4438
46382	-64.4053
46383	-63.0279
46384	-58.0321
46385	-50.4393
46386	-42.6454
46387	-40.269
46388	-46.2785
46389	-55.7646
46390	-62.8928
46391	-65.2116
46392	-64.6838
46393	-63.1133
46394	-62.7471
46395	-62.8397
46396	-64.6792
46397	-68.1427
46398	-68.9424
46399	-69.0389
46400	-69.5679
46401	-69.0123
46402	-69.7716
46403	-69.39
46404	-70.5674
46405	-70.3964
46406	-71.353
46407	-71.3876
46408	-72.2142
46409	-72.7639
46410	-72.3781
46411	-69.815
46412	-68.3619
46413	-68.7635
46414	-70.4986
46415	-71.8332
46416	-71.045
46417	-70.1005
46418	-67.8198
46419	-64.987
46420	-66.0133
46421	-69.9655
46422	-72.4208
46423	-73.2646
46424	-72.4744
46425	-70.4474
46426	-69.2787
46427	-67.3618
46428	-67.2872
46429	-67.1125
46430	-67.6374
46431	-67.5842
46432	-68.6546
46433	-69.7122
46434	-68.6378
46435	-63.3666
46436	-57.5304
46437	-55.9317
46438	-60.6832
46439	-67.3014
46440	-70.6319
46441	-70.2967
46442	-69.6893
46443	-70.0287
46444	-69.8582
46445	-69.4792
46446	-68.1978
46447	-67.2254
46448	-68.6894
46449	-68.4458
46450	-64.4903
46451	-64.3526
46452	-67.9846
46453	-68.9725
46454	-67.6171
46455	-66.8869
46456	-67.9391
46457	-68.3212
46458	-68.49
46459	-65.7795
46460	-54.2811
46461	-50.9188
46462	-56.9454
46463	-67.4092
46464	-67.7211
46465	-66.1605
46466	-63.6663
46467	-62.0719
46468	-61.9499
46469	-62.8815
46470	-64.7716
46471	-65.4896
46472	-67.3187
46473	-71.0423
46474	-71.7801
46475	-69.8548
46476	-69.1029
46477	-68.7152
46478	-69.087
46479	-68.7572
46480	-69.7953
46481	-71.0813
46482	-72.2997
46483	-72.2595
46484	-66.2349
46485	-62.7005
46486	-66.7946
46487	-70.3783
46488	-72.8025
46489	-72.9258
46490	-72.051
46491	-72.5867
46492	-71.9806
46493	-71.4959
46494	-72.1581
46495	-71.0084
46496	-71.2203
46497	-71.4615
46498	-70.4199
46499	-70.2051
46500	-67.983
46501	-67.0467
46502	-65.675
46503	-64.5602
46504	-63.7112
46505	-64.0082
46506	-64.0642
46507	-63.0346
46508	-59.1279
46509	-42.5015
46510	-28.2281
46511	-24.9013
46512	-31.0622
46513	-48.5646
46514	-59.1702
46515	-58.9403
46516	-56.3744
46517	-54.0598
46518	-53.9576
46519	-54.8731
46520	-57.9769
46521	-62.0073
46522	-64.7104
46523	-67.303
46524	-68.4933
46525	-69.1106
46526	-70.1756
46527	-71.6307
46528	-70.5125
46529	-70.2475
46530	-70.4796
46531	-71.6486
46532	-71.8139
46533	-72.2932
46534	-72.7807
46535	-71.0551
46536	-69.5651
46537	-68.8696
46538	-71.0981
46539	-72.5596
46540	-72.8981
46541	-72.7468
46542	-72.0076
46543	-71.2235
46544	-71.3609
46545	-71.0737
46546	-71.8119
46547	-72.4189
46548	-72.3634
46549	-71.1519
46550	-67.8558
46551	-67.3553
46552	-68.8598
46553	-68.9641
46554	-68.75
46555	-69.5723
46556	-69.8212
46557	-69.617
46558	-69.808
46559	-66.6044
46560	-55.7218
46561	-52.4497
46562	-58.291
46563	-68.2821
46564	-67.8657
46565	-64.8189
46566	-62.2626
46567	-61.4525
46568	-62.1978
46569	-61.8562
46570	-63.126
46571	-61.4904
46572	-63.3499
46573	-67.584
46574	-60.713
46575	-60.8919
46576	-62.8895
46577	-61.5078
46578	-61.3182
46579	-60.7315
46580	-62.1761
46581	-65.5289
46582	-67.9813
46583	-65.3971
46584	-53.5608
46585	-49.7439
46586	-55.1252
46587	-66.9094
46588	-69.1
46589	-69.1074
46590	-69.1702
46591	-68.1128
46592	-67.9359
46593	-67.9104
46594	-67.2602
46595	-65.3136
46596	-67.218
46597	-70.9145
46598	-72.052
46599	-72.2038
46600	-70.9805
46601	-70.5713
46602	-70.6796
46603	-69.9514
46604	-71.743
46605	-72.3442
46606	-72.5116
46607	-72.8719
46608	-71.7538
46609	-70.9758
46610	-71.5784
46611	-72.7503
46612	-72.7334
46613	-72.0859
46614	-71.6284
46615	-71.4464
46616	-69.8702
46617	-69.9199
46618	-70.7144
46619	-71.2051
46620	-69.0149
46621	-68.1898
46622	-67.3866
46623	-66.1025
46624	-63.0226
46625	-60.6681
46626	-56.6678
46627	-53.8851
46628	-53.2615
46629	-53.5711
46630	-56.2319
46631	-58.4819
46632	-56.7184
46633	-42.0318
46634	-27.696
46635	-23.7801
46636	-29.4071
46637	-46.1502
46638	-57.8758
46639	-61.2086
46640	-62.3637
46641	-61.6154
46642	-62.2179
46643	-63.0144
46644	-64.9899
46645	-66.1357
46646	-66.9198
46647	-69.1759
46648	-69.8196
46649	-70.6534
46650	-70.3359
46651	-71.1774
46652	-71.9054
46653	-71.3653
46654	-71.8364
46655	-72.8207
46656	-72.4635
46657	-73.2208
46658	-72.8634
46659	-70.8697
46660	-66.6361
46661	-64.1724
46662	-69.2195
46663	-72.0982
46664	-71.7077
46665	-70.9866
46666	-69.3035
46667	-68.6545
46668	-69.0382
46669	-68.6937
46670	-68.9755
46671	-69.6174
46672	-71.3066
46673	-69.7785
46674	-65.4358
46675	-64.569
46676	-64.0717
46677	-62.5534
46678	-61.5773
46679	-62.0203
46680	-64.0159
46681	-66.5606
46682	-67.7221
46683	-65.0416
46684	-52.8291
46685	-48.9777
46686	-54.4173
46687	-66.0557
46688	-67.239
46689	-67.4526
46690	-66.6344
46691	-65.1912
46692	-65.9602
46693	-67.0078
46694	-65.0508
46695	-61.4054
46696	-63.0503
46697	-68.4112
46698	-69.5652
46699	-69.3007
46700	-68.3428
46701	-66.5144
46702	-65.3546
46703	-66.0892
46704	-67.5386
46705	-69.7959
46706	-71.0803
46707	-68.8025
46708	-63.8107
46709	-60.8197
46710	-63.0684
46711	-67.468
46712	-69.4088
46713	-69.8822
46714	-68.5915
46715	-68.2485
46716	-68.2775
46717	-67.9282
46718	-68.5443
46719	-69.0714
46720	-70.8803
46721	-71.4386
46722	-73.0473
46723	-73.9777
46724	-72.3746
46725	-69.4413
46726	-66.1547
46727	-66.2645
46728	-68.9892
46729	-71.1277
46730	-71.5517
46731	-71.5104
46732	-70.3192
46733	-68.6894
46734	-68.5806
46735	-70.4981
46736	-72.5903
46737	-72.2658
46738	-71.7549
46739	-71.4692
46740	-71.3213
46741	-70.3961
46742	-70.5164
46743	-69.5451
46744	-69.7246
46745	-68.4871
46746	-69.0201
46747	-68.5189
46748	-67.6327
46749	-64.892
46750	-59.1673
46751	-55.7291
46752	-53.9526
46753	-55.7635
46754	-59.2466
46755	-63.6041
46756	-66.1375
46757	-59.4003
46758	-51.1556
46759	-47.2251
46760	-50.7551
46761	-57.1009
46762	-63.4542
46763	-66.4333
46764	-66.1916
46765	-65.7111
46766	-65.8971
46767	-65.6379
46768	-67.4095
46769	-68.6014
46770	-69.2011
46771	-70.2966
46772	-71.1186
46773	-71.4848
46774	-72.0465
46775	-72.275
46776	-71.4124
46777	-70.8101
46778	-70.3152
46779	-70.8807
46780	-71.8902
46781	-72.8946
46782	-71.8338
46783	-70.3229
46784	-65.7708
46785	-63.2573
46786	-68.1481
46787	-72.8225
46788	-72.8511
46789	-72.7835
46790	-71.6739
46791	-70.6758
46792	-70.7225
46793	-69.523
46794	-69.1849
46795	-69.3432
46796	-70.1846
46797	-70.192
46798	-70.0634
46799	-69.4134
46800	-67.9748
46801	-64.8958
46802	-62.9891
46803	-64.0421
46804	-66.9315
46805	-69.5552
46806	-70.7154
46807	-69.6723
46808	-66.8171
46809	-64.8955
46810	-66.5393
46811	-69.1397
46812	-69.4465
46813	-69.1185
46814	-67.3861
46815	-65.3062
46816	-63.744
46817	-65.2273
46818	-67.1247
46819	-66.197
46820	-65.1635
46821	-66.2985
46822	-66.8197
46823	-65.0099
46824	-64.8142
46825	-58.9843
46826	-53.3775
46827	-54.5857
46828	-60.9657
46829	-66.4386
46830	-66.5846
46831	-63.7532
46832	-59.5488
46833	-57.2829
46834	-58.657
46835	-62.8305
46836	-65.466
46837	-66.9992
46838	-68.6759
46839	-69.7111
46840	-68.6115
46841	-68.3149
46842	-68.478
46843	-68.3255
46844	-69.1051
46845	-69.1684
46846	-71.2862
46847	-72.174
46848	-73.0914
46849	-70.6493
46850	-64.3314
46851	-64.3931
46852	-69.6991
46853	-72.3411
46854	-72.8534
46855	-72.6122
46856	-72.4474
46857	-72.3202
46858	-71.6889
46859	-71.8002
46860	-71.9743
46861	-71.3545
46862	-71.2743
46863	-70.6292
46864	-69.4321
46865	-68.6606
46866	-67.8303
46867	-67.4944
46868	-66.1113
46869	-65.1
46870	-63.9887
46871	-63.7938
46872	-62.7214
46873	-59.3424
46874	-53.0302
46875	-44.4997
46876	-37.7513
46877	-38.5641
46878	-46.7035
46879	-55.5837
46880	-58.2683
46881	-53.574
46882	-48.4591
46883	-46.1306
46884	-47.5845
46885	-51.5398
46886	-57.385
46887	-61.3189
46888	-64.0053
46889	-65.6384
46890	-66.2535
46891	-67.1898
46892	-68.7093
46893	-69.6015
46894	-69.1178
46895	-68.9408
46896	-70.4492
46897	-70.9822
46898	-71.4601
46899	-71.7614
46900	-72.1564
46901	-71.565
46902	-71.2385
46903	-71.5342
46904	-72.8706
46905	-72.9827
46906	-73.0976
46907	-72.6075
46908	-70.3162
46909	-69.3377
46910	-70.6365
46911	-72.1594
46912	-72.8071
46913	-71.808
46914	-71.1673
46915	-68.8422
46916	-67.7746
46917	-67.4445
46918	-68.8151
46919	-68.4641
46920	-68.04
46921	-68.8522
46922	-69.0747
46923	-67.5598
46924	-66.1348
46925	-59.4343
46926	-54.4024
46927	-55.6737
46928	-61.9056
46929	-67.4889
46930	-66.7393
46931	-62.3692
46932	-59.2083
46933	-57.0454
46934	-58.2766
46935	-61.8765
46936	-62.9269
46937	-63.3004
46938	-66.2718
46939	-63.5972
46940	-60.5571
46941	-62.8929
46942	-63.6045
46943	-63.6196
46944	-63.3305
46945	-62.6689
46946	-65.4309
46947	-67.9099
46948	-68.3639
46949	-60.1213
46950	-52.1319
46951	-52.7789
46952	-62.6314
46953	-70.4357
46954	-70.2666
46955	-70.7017
46956	-69.9358
46957	-69.2015
46958	-68.9924
46959	-68.752
46960	-68.2423
46961	-66.6277
46962	-69.8286
46963	-71.7325
46964	-71.1674
46965	-71.0639
46966	-70.3827
46967	-71.0302
46968	-71.23
46969	-71.8643
46970	-72.2017
46971	-72.132
46972	-72.734
46973	-72.1583
46974	-68.9747
46975	-68.4162
46976	-70.9131
46977	-72.4332
46978	-73.5174
46979	-72.2003
46980	-71.5811
46981	-71.0699
46982	-70.5356
46983	-70.7044
46984	-71.5131
46985	-71.3816
46986	-70.6904
46987	-69.8339
46988	-68.9141
46989	-66.4799
46990	-64.5506
46991	-62.8312
46992	-60.3003
46993	-59.4989
46994	-58.9525
46995	-59.9208
46996	-60.752
46997	-59.4797
46998	-52.7593
46999	-34.2736
47000	-24.9229
47001	-25.4607
47002	-35.8028
47003	-55.9984
47004	-61.7171
47005	-63.3066
47006	-62.2757
47007	-61.4108
47008	-62.6044
47009	-63.3013
47010	-65.5494
47011	-66.8028
47012	-68.6691
47013	-70.0055
47014	-70.3938
47015	-70.366
47016	-70.3549
47017	-70.9733
47018	-71.2683
47019	-70.8202
47020	-71.7649
47021	-72.4149
47022	-72.6999
47023	-72.8793
47024	-71.3317
47025	-68.4763
47026	-66.1484
47027	-67.0974
47028	-70.4724
47029	-71.5049
47030	-70.8675
47031	-69.4162
47032	-67.8336
47033	-67.4741
47034	-68.4329
47035	-69.3643
47036	-71.3901
47037	-73.0747
47038	-72.0116
47039	-68.7203
47040	-65.2823
47041	-65.2501
47042	-65.7447
47043	-65.2257
47044	-64.6346
47045	-65.6041
47046	-67.241
47047	-68.5756
47048	-68.1375
47049	-59.1079
47050	-50.9286
47051	-51.5867
47052	-61.7705
47053	-70.0079
47054	-68.9753
47055	-68.1731
47056	-66.943
47057	-67.0461
47058	-68.0472
47059	-68.048
47060	-65.5009
47061	-62.8951
47062	-67.5501
47063	-69.618
47064	-66.1057
47065	-67.6063
47066	-69.5203
47067	-69.655
47068	-68.9771
47069	-68.6922
47070	-69.4619
47071	-69.9816
47072	-70.6614
47073	-63.4819
47074	-54.1773
47075	-53.9534
47076	-62.059
47077	-68.7021
47078	-68.6614
47079	-67.409
47080	-65.9019
47081	-65.1139
47082	-65.4103
47083	-66.0795
47084	-66.2691
47085	-67.2912
47086	-70.0952
47087	-72.0794
47088	-73.3085
47089	-71.6384
47090	-69.4917
47091	-68.4697
47092	-67.6304
47093	-68.2369
47094	-69.7107
47095	-71.3433
47096	-71.7291
47097	-70.2341
47098	-66.6152
47099	-65.7757
47100	-67.9916
47101	-71.2773
47102	-73.2199
47103	-72.6144
47104	-72.1133
47105	-72.2648
47106	-71.2027
47107	-71.4417
47108	-71.046
47109	-70.8588
47110	-70.7824
47111	-71.2189
47112	-71.1176
47113	-69.8787
47114	-67.7271
47115	-65.8548
47116	-63.2283
47117	-63.4921
47118	-63.1595
47119	-63.9337
47120	-65.1108
47121	-64.4359
47122	-58.2424
47123	-39.2361
47124	-29.5394
47125	-29.507
47126	-39.5235
47127	-56.3515
47128	-61.7554
47129	-62.022
47130	-60.8128
47131	-60.2339
47132	-60.5535
47133	-61.2111
47134	-63.8668
47135	-65.9355
47136	-67.7209
47137	-69.9626
47138	-70.5453
47139	-71.3113
47140	-71.7859
47141	-71.4602
47142	-70.89
47143	-71.0006
47144	-71.2689
47145	-71.7306
47146	-72.8196
47147	-73.6115
47148	-71.9201
47149	-69.5861
47150	-65.7384
47151	-66.5298
47152	-72.2363
47153	-72.7442
47154	-72.3391
47155	-72.0649
47156	-71.6095
47157	-71.354
47158	-70.9022
47159	-70.4366
47160	-71.2259
47161	-71.2556
47162	-72.0831
47163	-70.8133
47164	-68.2461
47165	-68.7943
47166	-68.839
47167	-68.9241
47168	-68.9922
47169	-69.6543
47170	-70.2976
47171	-70.1742
47172	-71.0024
47173	-65.1367
47174	-56.4013
47175	-56.148
47176	-63.7564
47177	-69.2535
47178	-68.4681
47179	-65.9256
47180	-63.501
47181	-64.3659
47182	-64.207
47183	-64.4468
47184	-64.2064
47185	-62.5062
47186	-64.7236
47187	-65.5837
47188	-62.8437
47189	-62.9457
47190	-61.8272
47191	-58.0439
47192	-57.0355
47193	-59.3016
47194	-62.6343
47195	-66.7537
47196	-66.5999
47197	-60.5089
47198	-54.3915
47199	-53.463
47200	-58.722
47201	-65.7239
47202	-67.5581
47203	-69.147
47204	-68.4335
47205	-67.8416
47206	-68.068
47207	-67.9755
47208	-66.726
47209	-67.1265
47210	-68.3406
47211	-70.8275
47212	-71.9051
47213	-72.8516
47214	-71.6692
47215	-69.4704
47216	-67.0689
47217	-68.7067
47218	-71.6206
47219	-72.6337
47220	-72.7611
47221	-72.7525
47222	-72.2168
47223	-71.7682
47224	-71.7198
47225	-72.3283
47226	-71.9099
47227	-71.7576
47228	-71.0628
47229	-70.2885
47230	-68.9422
47231	-69.1527
47232	-69.4054
47233	-68.295
47234	-67.0911
47235	-66.1837
47236	-65.292
47237	-63.6766
47238	-61.214
47239	-57.1318
47240	-51.4571
47241	-47.427
47242	-46.1328
47243	-48.6095
47244	-54.0102
47245	-58.2973
47246	-54.2867
47247	-45.3611
47248	-37.7731
47249	-37.3975
47250	-44.1465
47251	-52.3178
47252	-58.6169
47253	-62.2043
47254	-63.1049
47255	-63.3376
47256	-64.2302
47257	-65.7258
47258	-66.9122
47259	-67.3821
47260	-67.951
47261	-69.0553
47262	-70.1324
47263	-70.914
47264	-70.8583
47265	-72.0562
47266	-71.6262
47267	-72.0076
47268	-72.2056
47269	-72.5977
47270	-72.8923
47271	-73.2275
47272	-72.7868
47273	-70.6823
47274	-66.0726
47275	-66.4393
47276	-71.6341
47277	-73.0052
47278	-71.9608
47279	-71.422
47280	-69.4218
47281	-69.2031
47282	-68.3738
47283	-68.8164
47284	-68.512
47285	-68.9049
47286	-69.2137
47287	-68.2274
47288	-66.6511
47289	-65.3576
47290	-62.934
47291	-58.6442
47292	-57.4464
47293	-60.0817
47294	-64.2451
47295	-67.0729
47296	-65.8286
47297	-59.9155
47298	-53.6546
47299	-52.7548
47300	-58.4219
47301	-64.129
47302	-64.7218
47303	-66.6223
47304	-65.0681
47305	-63.5089
47306	-64.355
47307	-66.1142
47308	-63.9934
47309	-62.9584
47310	-64.1871
47311	-66.4827
47312	-69.0547
47313	-69.1265
47314	-66.0394
47315	-60.4739
47316	-58.1681
47317	-61.6444
47318	-66.9235
47319	-71.0165
47320	-71.1713
47321	-70.1493
47322	-69.4019
47323	-68.6362
47324	-69.1771
47325	-69.9218
47326	-69.0849
47327	-70.1939
47328	-69.9356
47329	-70.3006
47330	-69.593
47331	-69.7267
47332	-70.0219
47333	-70.9684
47334	-71.2743
47335	-71.9438
47336	-72.6617
47337	-72.6656
47338	-73.0608
47339	-69.2519
47340	-64.957
47341	-67.6099
47342	-71.4032
47343	-72.3768
47344	-72.8313
47345	-71.6692
47346	-71.0267
47347	-70.7109
47348	-70.538
47349	-71.4954
47350	-71.9437
47351	-71.9328
47352	-71.1868
47353	-70.4296
47354	-69.5416
47355	-68.3435
47356	-67.7418
47357	-66.8001
47358	-64.7703
47359	-64.7601
47360	-64.4389
47361	-64.5869
47362	-63.9799
47363	-59.5116
47364	-52.2916
47365	-44.4413
47366	-40.9203
47367	-45.1922
47368	-54.764
47369	-62.4215
47370	-65.3101
47371	-64.5219
47372	-62.5881
47373	-61.7745
47374	-62.2878
47375	-63.7847
47376	-67.4031
47377	-68.9617
47378	-69.0053
47379	-69.4598
47380	-68.9332
47381	-69.7634
47382	-69.4201
47383	-70.3999
47384	-70.5369
47385	-71.3842
47386	-71.3172
47387	-71.9778
47388	-72.6372
47389	-72.5019
47390	-70.2112
47391	-68.3647
47392	-68.4792
47393	-70.294
47394	-71.8455
47395	-71.2618
47396	-70.6276
47397	-68.183
47398	-65.3751
47399	-65.4977
47400	-69.2384
47401	-72.227
47402	-73.576
47403	-72.7946
47404	-70.8189
47405	-69.8933
47406	-67.988
47407	-67.4517
47408	-67.3914
47409	-67.6273
47410	-67.7414
47411	-68.3372
47412	-69.6641
47413	-69.1104
47414	-64.753
47415	-58.832
47416	-56.3024
47417	-59.9103
47418	-66.6653
47419	-70.3977
47420	-70.7266
47421	-69.8811
47422	-70.3652
47423	-70.0952
47424	-69.8803
47425	-68.6659
47426	-67.8429
47427	-68.7858
47428	-68.7755
47429	-64.6419
47430	-63.5006
47431	-66.981
47432	-68.8519
47433	-67.7697
47434	-66.4752
47435	-67.7707
47436	-68.2173
47437	-68.0844
47438	-67.0446
47439	-55.4361
47440	-50.4722
47441	-54.8
47442	-66.448
47443	-67.7383
47444	-66.4934
47445	-64.0075
47446	-62.0886
47447	-61.752
47448	-62.694
47449	-64.4755
47450	-65.4088
47451	-66.5599
47452	-70.568
47453	-71.9312
47454	-69.7952
47455	-69.2209
47456	-68.6978
47457	-69.009
47458	-68.7703
47459	-69.4666
47460	-70.9757
47461	-72.0341
47462	-72.313
47463	-67.8634
47464	-62.8429
47465	-65.9405
47466	-70.1954
47467	-72.4106
47468	-73.1181
47469	-72.16
47470	-72.8241
47471	-71.9555
47472	-71.5213
47473	-72.2357
47474	-71.0541
47475	-70.8838
47476	-71.3835
47477	-70.431
47478	-70.0731
47479	-68.1721
47480	-67.0361
47481	-65.8856
47482	-64.4866
47483	-63.767
47484	-63.5239
47485	-63.9819
47486	-62.869
47487	-59.5628
47488	-46.0041
47489	-29.5964
47490	-24.5577
47491	-28.9802
47492	-44.1109
47493	-58.239
47494	-59.1706
47495	-56.6426
47496	-54.0545
47497	-53.8142
47498	-54.3454
47499	-57.1559
47500	-61.2483
47501	-63.8971
47502	-66.9379
47503	-68.1046
47504	-68.8195
47505	-69.7152
47506	-71.589
47507	-70.6767
47508	-70.2413
47509	-70.2505
47510	-71.4722
47511	-71.7908
47512	-72.084
47513	-72.8339
47514	-71.8574
47515	-70.0933
47516	-69.1142
47517	-70.7279
47518	-72.605
47519	-72.7634
47520	-72.7609
47521	-72.2978
47522	-71.166
47523	-71.3548
47524	-70.9282
47525	-71.6561
47526	-72.4248
47527	-72.406
47528	-71.4674
47529	-68.1181
47530	-66.8916
47531	-68.3463
47532	-68.7827
47533	-68.7096
47534	-69.2927
47535	-69.8205
47536	-69.4914
47537	-69.7293
47538	-68.0045
47539	-56.6955
47540	-51.8615
47541	-56.1229
47542	-67.188
47543	-68.0124
47544	-65.5152
47545	-62.3646
47546	-61.3326
47547	-62.1863
47548	-61.7603
47549	-63.1083
47550	-61.6368
47551	-62.2059
47552	-68.7276
47553	-61.6707
47554	-60.4416
47555	-62.8034
47556	-61.555
47557	-61.5755
47558	-60.8942
47559	-61.7905
47560	-64.8408
47561	-67.5944
47562	-67.0489
47563	-55.4292
47564	-50.0185
47565	-53.7976
47566	-65.1063
47567	-69.2524
47568	-69.2449
47569	-69.1868
47570	-68.6183
47571	-67.926
47572	-68.0509
47573	-67.8642
47574	-65.7735
47575	-66.7112
47576	-70.472
47577	-71.923
47578	-72.2534
47579	-71.3551
47580	-70.4812
47581	-70.9924
47582	-70.0624
47583	-71.6646
47584	-72.419
47585	-72.7705
47586	-72.6454
47587	-71.9867
47588	-70.7164
47589	-71.2056
47590	-72.3245
47591	-72.8622
47592	-72.059
47593	-71.734
47594	-71.4692
47595	-70.0202
47596	-69.7576
47597	-70.4229
47598	-71.3274
47599	-69.4678
47600	-68.3657
47601	-67.5756
47602	-66.4711
47603	-63.686
47604	-61.1362
47605	-57.3437
47606	-54.1946
47607	-53.3098
47608	-53.4799
47609	-55.7997
47610	-58.2562
47611	-57.5206
47612	-46.0547
47613	-29.4935
47614	-23.8476
47615	-27.7249
47616	-42.6002
47617	-57.2723
47618	-61.1373
47619	-62.4162
47620	-62.0723
47621	-62.3222
47622	-63.0966
47623	-64.9414
47624	-66.3453
47625	-66.774
47626	-69.0565
47627	-69.8445
47628	-70.6717
47629	-70.5139
47630	-70.8654
47631	-71.8685
47632	-71.3229
47633	-71.8241
47634	-72.735
47635	-72.3276
47636	-73.2141
47637	-73.1971
47638	-71.0996
47639	-67.3023
47640	-63.817
47641	-67.753
47642	-72.0745
47643	-71.8721
47644	-71.1578
47645	-69.7313
47646	-68.5337
47647	-68.9505
47648	-68.6404
47649	-68.9565
47650	-69.512
47651	-71.2854
47652	-70.3779
47653	-66.1603
47654	-64.507
47655	-64.353
47656	-62.5631
47657	-61.6244
47658	-61.8065
47659	-63.5951
47660	-66.3206
47661	-67.7324
47662	-66.8228
47663	-54.6823
47664	-49.1593
47665	-53.0128
47666	-64.6293
47667	-67.4699
47668	-67.3391
47669	-67.0556
47670	-65.472
47671	-66.0949
47672	-67.2452
47673	-66.1136
47674	-62.1444
47675	-62.4798
47676	-67.9067
47677	-69.5582
47678	-69.2166
47679	-68.6376
47680	-67.7778
47681	-66.4474
47682	-66.7501
47683	-67.9134
47684	-69.7763
47685	-71.3376
47686	-69.0019
47687	-63.8904
47688	-59.9699
47689	-61.533
47690	-66.1275
47691	-69.1622
47692	-69.8929
47693	-68.8402
47694	-68.1343
47695	-68.0154
47696	-67.6829
47697	-68.2775
47698	-68.6538
47699	-70.3418
47700	-71.1584
47701	-72.7451
47702	-73.6547
47703	-72.6771
47704	-70.0117
47705	-66.4046
47706	-65.7055
47707	-68.472
47708	-70.6688
47709	-71.401
47710	-71.7608
47711	-70.6555
47712	-68.7604
47713	-68.5228
47714	-70.0194
47715	-72.5434
47716	-72.4094
47717	-71.8389
47718	-71.4945
47719	-71.4169
47720	-70.5001
47721	-70.5214
47722	-69.5715
47723	-69.746
47724	-68.9006
47725	-69.177
47726	-68.7132
47727	-68.3319
47728	-65.8049
47729	-60.8569
47730	-56.8645
47731	-55.1953
47732	-56.2319
47733	-59.4102
47734	-63.5734
47735	-66.6506
47736	-59.6561
47737	-51.34
47738	-45.8904
47739	-48.2717
47740	-55.1906
47741	-61.686
47742	-65.8998
47743	-65.9427
47744	-65.6984
47745	-65.6944
47746	-65.3586
47747	-67.0413
47748	-68.2742
47749	-68.9575
47750	-69.8749
47751	-70.8765
47752	-71.2911
47753	-71.9463
47754	-72.2956
47755	-71.4694
47756	-71.006
47757	-70.4425
47758	-70.8024
47759	-71.7162
47760	-72.9437
47761	-72.1154
47762	-70.6496
47763	-66.9098
47764	-63.3691
47765	-67.026
47766	-72.6409
47767	-72.8658
47768	-72.7433
47769	-71.8533
47770	-70.8616
47771	-70.8874
47772	-69.8805
47773	-69.4089
47774	-69.2871
47775	-70.1839
47776	-70.1754
47777	-70.3882
47778	-69.3272
47779	-68.5446
47780	-65.9158
47781	-64.0613
47782	-64.4661
47783	-66.9534
47784	-69.5366
47785	-70.8326
47786	-69.6291
47787	-66.3535
47788	-63.5117
47789	-64.6099
47790	-68.0775
47791	-69.5196
47792	-69.3127
47793	-67.6894
47794	-65.6144
47795	-63.5506
47796	-64.4589
47797	-67.0697
47798	-66.0017
47799	-64.8594
47800	-66.0899
47801	-67.0869
47802	-65.1898
47803	-64.6509
47804	-60.0146
47805	-53.6864
47806	-53.6947
47807	-59.6789
47808	-65.5388
47809	-66.876
47810	-64.1645
47811	-60.2455
47812	-57.3336
47813	-58.1613
47814	-62.1515
47815	-65.0426
47816	-66.6167
47817	-68.5056
47818	-69.3282
47819	-68.9319
47820	-68.2305
47821	-68.5466
47822	-68.2935
47823	-69.1839
47824	-68.9322
47825	-70.9869
47826	-72.0693
47827	-72.786
47828	-71.4755
47829	-65.4026
47830	-64.0608
47831	-69.0069
47832	-72.2295
47833	-72.8986
47834	-72.8713
47835	-72.6326
47836	-72.1835
47837	-72.0057
47838	-71.5907
47839	-72.2492
47840	-71.3416
47841	-71.1708
47842	-70.6605
47843	-69.6717
47844	-68.681
47845	-67.6789
47846	-67.2971
47847	-66.4807
47848	-64.9691
47849	-64.0515
47850	-63.6434
47851	-62.9239
47852	-60.1197
47853	-54.1197
47854	-45.9302
47855	-38.2675
47856	-37.6933
47857	-44.9765
47858	-54.2063
47859	-58.9051
47860	-54.5246
47861	-49.0361
47862	-46.351
47863	-46.988
47864	-50.489
47865	-56.362
47866	-60.789
47867	-63.7252
47868	-65.2264
47869	-66.1461
47870	-67.0107
47871	-68.2438
47872	-69.5983
47873	-69.4376
47874	-68.7149
47875	-70.1659
47876	-71.0035
47877	-71.4082
47878	-71.6069
47879	-72.2885
47880	-71.6076
47881	-71.3804
47882	-71.5935
47883	-72.8264
47884	-72.8968
47885	-73.0849
47886	-72.7426
47887	-70.3409
47888	-69.062
47889	-70.112
47890	-71.7997
47891	-72.7748
47892	-71.8526
47893	-71.4055
47894	-69.1185
47895	-68.019
47896	-67.2038
47897	-68.536
47898	-68.4918
47899	-67.9979
47900	-68.6485
47901	-69.1472
47902	-67.8966
47903	-66.4012
47904	-60.5539
47905	-54.7459
47906	-54.6953
47907	-60.3753
47908	-66.608
47909	-67.2882
47910	-62.9863
47911	-59.6439
47912	-57.2659
47913	-57.6532
47914	-61.0311
47915	-63.0549
47916	-62.8837
47917	-65.6932
47918	-64.3193
47919	-60.9968
47920	-62.5734
47921	-64.0792
47922	-63.5585
47923	-63.9204
47924	-62.5969
47925	-64.902
47926	-67.6853
47927	-68.588
47928	-62.5724
47929	-53.4359
47930	-52.5049
47931	-60.7667
47932	-70.315
47933	-70.2551
47934	-70.7513
47935	-70.4182
47936	-69.5152
47937	-69.5605
47938	-68.9545
47939	-68.6337
47940	-66.8661
47941	-69.3818
47942	-71.8862
47943	-71.1699
47944	-71.1873
47945	-70.4005
47946	-70.8451
47947	-71.0736
47948	-71.7006
47949	-71.8793
47950	-72.2186
47951	-72.5098
47952	-72.3569
47953	-69.1542
47954	-67.6685
47955	-70.1464
47956	-72.3649
47957	-73.5346
47958	-72.4663
47959	-71.7578
47960	-71.2219
47961	-70.6933
47962	-70.7165
47963	-71.1835
47964	-71.6879
47965	-70.9954
47966	-70.1089
47967	-69.2184
47968	-67.2044
47969	-64.8761
47970	-63.3944
47971	-60.8037
47972	-59.7693
47973	-59.1829
47974	-59.6361
47975	-60.6551
47976	-60.2913
47977	-55.5842
47978	-37.9028
47979	-26.3983
47980	-25.3059
47981	-33.8305
47982	-53.3345
47983	-61.8206
47984	-63.4462
47985	-62.9685
47986	-62.0034
47987	-62.8802
47988	-63.4105
47989	-65.2819
47990	-66.8453
47991	-68.6592
47992	-70.2694
47993	-70.5975
47994	-70.3116
47995	-70.3118
47996	-70.8854
47997	-71.231
47998	-70.849
47999	-71.6658
48000	-72.244
48001	-72.606
48002	-73.0306
48003	-71.8125
48004	-68.6741
48005	-66.2364
48006	-66.5394
48007	-69.8388
48008	-71.4979
48009	-71.2171
48010	-69.7028
48011	-68.2842
48012	-67.3043
48013	-68.4027
48014	-69.1607
48015	-71.006
48016	-73.0132
48017	-72.4666
48018	-69.419
48019	-66.0159
48020	-65.1988
48021	-65.7408
48022	-65.1559
48023	-64.8553
48024	-65.4197
48025	-66.91
48026	-68.4955
48027	-68.4989
48028	-61.541
48029	-52.1228
48030	-51.1808
48031	-59.5917
48032	-70.1819
48033	-69.377
48034	-68.7349
48035	-67.41
48036	-67.2391
48037	-68.4321
48038	-68.4307
48039	-66.5143
48040	-63.2875
48041	-66.7272
48042	-70.3365
48043	-65.7128
48044	-66.836
48045	-69.401
48046	-69.8106
48047	-69.1387
48048	-68.5007
48049	-69.2153
48050	-69.8478
48051	-70.4862
48052	-65.2984
48053	-54.5785
48054	-52.7495
48055	-59.6985
48056	-68.2669
48057	-68.5968
48058	-67.6505
48059	-66.1168
48060	-64.9581
48061	-65.3187
48062	-65.9344
48063	-66.0395
48064	-66.5285
48065	-69.4293
48066	-71.6096
48067	-73.2921
48068	-72.0266
48069	-69.7639
48070	-68.6071
48071	-67.8313
48072	-67.8172
48073	-69.458
48074	-70.8548
48075	-71.7206
48076	-70.7127
48077	-67.1462
48078	-65.6348
48079	-67.6663
48080	-70.6538
48081	-72.9209
48082	-72.9079
48083	-72.3048
48084	-72.3164
48085	-71.2458
48086	-71.5293
48087	-71.1872
48088	-70.7243
48089	-70.8367
48090	-70.9742
48091	-71.1645
48092	-70.0414
48093	-68.0178
48094	-66.4872
48095	-63.7923
48096	-63.768
48097	-63.4763
48098	-63.8279
48099	-65.0303
48100	-64.1269
48101	-59.9893
48102	-41.2511
48103	-29.6503
48104	-27.9812
48105	-36.0218
48106	-53.2653
48107	-61.0275
48108	-61.9553
48109	-60.9271
48110	-60.0274
48111	-60.2779
48112	-60.7189
48113	-63.3066
48114	-65.4301
48115	-67.0941
48116	-69.5338
48117	-70.3483
48118	-71.191
48119	-71.8189
48120	-71.7327
48121	-70.7371
48122	-70.833
48123	-71.1062
48124	-71.474
48125	-72.4748
48126	-73.5419
48127	-72.133
48128	-70.1812
48129	-66.7613
48130	-66.1863
48131	-71.3918
48132	-72.9424
48133	-72.2665
48134	-72.1174
48135	-71.8031
48136	-71.4777
48137	-71.0818
48138	-70.5389
48139	-71.0689
48140	-71.1618
48141	-71.7364
48142	-71.1203
48143	-68.2124
48144	-68.5851
48145	-69.131
48146	-69.1109
48147	-69.4348
48148	-69.9385
48149	-70.4953
48150	-70.3629
48151	-70.8046
48152	-66.5937
48153	-56.5543
48154	-54.7295
48155	-61.4045
48156	-68.9468
48157	-68.4604
48158	-66.2265
48159	-63.5339
48160	-63.8915
48161	-64.2121
48162	-63.9912
48163	-64.287
48164	-62.0891
48165	-64.0945
48166	-65.9404
48167	-63.1981
48168	-62.6521
48169	-62.3906
48170	-58.5802
48171	-56.9666
48172	-58.8362
48173	-61.9771
48174	-66.03
48175	-67.3762
48176	-61.8156
48177	-55.3185
48178	-53.2065
48179	-57.6879
48180	-64.9031
48181	-67.2502
48182	-69.0523
48183	-68.7012
48184	-67.8652
48185	-68.1267
48186	-68.3198
48187	-67.0734
48188	-67.115
48189	-68.0677
48190	-70.5236
48191	-71.7939
48192	-72.7397
48193	-71.9017
48194	-70.112
48195	-67.4212
48196	-68.5989
48197	-71.4084
48198	-72.5932
48199	-72.7909
48200	-72.8546
48201	-72.3623
48202	-71.7285
48203	-71.7182
48204	-72.3247
48205	-71.8327
48206	-71.6636
48207	-71.126
48208	-70.5291
48209	-69.1121
48210	-68.9645
48211	-69.4532
48212	-68.8317
48213	-67.2795
48214	-66.3332
48215	-65.5813
48216	-63.7785
48217	-61.6195
48218	-57.9809
48219	-52.4521
48220	-48.1153
48221	-45.9686
48222	-48.0736
48223	-52.9838
48224	-57.6228
48225	-55.5864
48226	-46.9884
48227	-38.7157
48228	-36.8418
48229	-42.6453
48230	-51.0116
48231	-57.7786
48232	-61.8447
48233	-62.9878
48234	-63.4145
48235	-64.3104
48236	-65.4535
48237	-66.859
48238	-67.5837
48239	-67.9572
48240	-68.8456
48241	-70.1948
48242	-70.91
48243	-70.9209
48244	-71.6346
48245	-72.0244
48246	-71.7276
48247	-72.2831
48248	-72.4904
48249	-72.758
48250	-73.1134
48251	-72.9228
48252	-71.1411
48253	-66.4082
48254	-65.4676
48255	-70.6477
48256	-72.9616
48257	-72.042
48258	-71.4164
48259	-69.6002
48260	-69.0913
48261	-68.4175
48262	-68.6568
48263	-68.4835
48264	-68.581
48265	-69.5221
48266	-68.5878
48267	-66.7973
48268	-65.3707
48269	-63.4377
48270	-59.494
48271	-57.3315
48272	-59.4435
48273	-63.56
48274	-66.6679
48275	-66.7597
48276	-61.1967
48277	-54.5784
48278	-52.464
48279	-57.2913
48280	-64.0208
48281	-64.5503
48282	-66.3413
48283	-65.7572
48284	-63.7242
48285	-64.6297
48286	-65.9623
48287	-64.8563
48288	-62.9652
48289	-64.0811
48290	-66.03
48291	-68.7061
48292	-69.4598
48293	-67.3835
48294	-61.9624
48295	-58.986
48296	-61.4976
48297	-66.667
48298	-70.6708
48299	-71.0814
48300	-69.8428
48301	-68.7673
48302	-67.5774
48303	-68.1884
48304	-69.65
48305	-69.2499
48306	-69.9434
48307	-70.0088
48308	-70.2063
48309	-69.5892
48310	-69.4503
48311	-69.9039
48312	-70.6438
48313	-71.0718
48314	-71.7358
48315	-72.5099
48316	-72.8374
48317	-73.0438
48318	-70.1338
48319	-64.8532
48320	-66.3626
48321	-70.9562
48322	-72.3391
48323	-72.9127
48324	-71.8391
48325	-71.1083
48326	-70.5652
48327	-70.6526
48328	-71.2821
48329	-71.9855
48330	-72.1182
48331	-71.33
48332	-70.7059
48333	-70.0454
48334	-68.4861
48335	-67.9533
48336	-67.096
48337	-65.1135
48338	-64.8966
48339	-64.6849
48340	-64.9065
48341	-64.5811
48342	-61.0617
48343	-54.1697
48344	-46.5575
48345	-41.8613
48346	-44.5534
48347	-53.8858
48348	-62.0385
48349	-65.1824
48350	-64.0472
48351	-61.707
48352	-60.4204
48353	-61.2979
48354	-62.526
48355	-66.3837
48356	-68.6506
48357	-69.0653
48358	-69.3235
48359	-68.8903
48360	-69.5644
48361	-69.522
48362	-70.2067
48363	-70.6024
48364	-71.2472
48365	-71.5223
48366	-71.8745
48367	-72.3992
48368	-72.6898
48369	-70.712
48370	-68.4835
48371	-68.48
48372	-70.0581
48373	-71.4186
48374	-71.443
48375	-71.165
48376	-68.6394
48377	-65.8681
48378	-65.2101
48379	-68.4707
48380	-72.0487
48381	-73.8547
48382	-73.1316
48383	-71.1833
48384	-70.434
48385	-68.3665
48386	-67.648
48387	-67.618
48388	-67.7216
48389	-67.7842
48390	-68.0418
48391	-69.6306
48392	-69.5465
48393	-66.2306
48394	-60.2188
48395	-56.9368
48396	-59.3772
48397	-65.9137
48398	-70.0527
48399	-70.8872
48400	-70.0189
48401	-70.2792
48402	-70.0818
48403	-69.8426
48404	-69.0746
48405	-68.5279
48406	-68.8567
48407	-69.2586
48408	-65.0407
48409	-62.8263
48410	-65.894
48411	-68.7025
48412	-67.8341
48413	-66.2758
48414	-67.576
48415	-68.2212
48416	-67.7458
48417	-67.805
48418	-56.8567
48419	-50.3419
48420	-53.0095
48421	-64.6498
48422	-67.6785
48423	-66.7057
48424	-64.3838
48425	-62.2786
48426	-61.5596
48427	-62.6441
48428	-64.1273
48429	-65.2978
48430	-65.9611
48431	-70.0337
48432	-71.7498
48433	-69.9775
48434	-69.3255
48435	-68.6959
48436	-68.96
48437	-68.7536
48438	-69.1285
48439	-70.8381
48440	-71.7718
48441	-72.3187
48442	-69.2067
48443	-63.2684
48444	-65.0979
48445	-69.8877
48446	-72.0128
48447	-73.0777
48448	-72.3355
48449	-72.9335
48450	-71.9867
48451	-71.6468
48452	-72.0933
48453	-71.3483
48454	-70.7076
48455	-71.2899
48456	-70.5115
48457	-70.0154
48458	-68.3296
48459	-67.0094
48460	-66.122
48461	-64.4999
48462	-63.8079
48463	-62.9884
48464	-63.7583
48465	-62.8929
48466	-59.8673
48467	-49.7476
48468	-31.3705
48469	-24.5357
48470	-27.2784
48471	-40.2502
48472	-57.2289
48473	-59.1683
48474	-56.9618
48475	-54.1873
48476	-53.7255
48477	-54.0986
48478	-56.4474
48479	-60.4888
48480	-63.1927
48481	-66.2175
48482	-67.7905
48483	-68.551
48484	-69.3796
48485	-71.2672
48486	-70.9994
48487	-70.3665
48488	-69.998
48489	-71.2339
48490	-71.9638
48491	-72.0109
48492	-72.7052
48493	-72.4758
48494	-70.5244
48495	-69.4895
48496	-70.4853
48497	-72.6365
48498	-72.5813
48499	-72.7492
48500	-72.4556
48501	-71.2216
48502	-71.2698
48503	-70.9769
48504	-71.5559
48505	-72.2052
48506	-72.411
48507	-71.6917
48508	-68.6172
48509	-66.4531
48510	-67.9278
48511	-68.6011
48512	-68.7493
48513	-68.9281
48514	-69.7349
48515	-69.4253
48516	-69.7144
48517	-68.9016
48518	-57.9494
48519	-51.5995
48520	-54.2782
48521	-65.4504
48522	-68.2228
48523	-66.1916
48524	-62.62
48525	-61.2484
48526	-61.754
48527	-61.7475
48528	-62.8883
48529	-61.8936
48530	-61.266
48531	-67.3193
48532	-62.9585
48533	-60.2243
48534	-62.7684
48535	-61.742
48536	-61.531
48537	-61.0559
48538	-61.4733
48539	-64.0331
48540	-67.2348
48541	-68.0458
48542	-57.6473
48543	-50.6037
48544	-52.7668
48545	-63.1585
48546	-69.4064
48547	-69.5258
48548	-69.1659
48549	-69.1636
48550	-68.0729
48551	-68.3311
48552	-68.357
48553	-66.3969
48554	-66.2998
48555	-70.0737
48556	-71.8389
48557	-72.3063
48558	-71.6394
48559	-70.7116
48560	-71.1238
48561	-70.2523
48562	-71.4606
48563	-72.4246
48564	-72.8463
48565	-72.4598
48566	-72.2145
48567	-70.4745
48568	-70.8379
48569	-71.7444
48570	-72.7345
48571	-72.1565
48572	-71.6019
48573	-71.6948
48574	-70.3041
48575	-69.7639
48576	-70.3126
48577	-71.3194
48578	-69.8803
48579	-68.6022
48580	-68.0497
48581	-66.7043
48582	-64.4436
48583	-61.5537
48584	-58.1494
48585	-54.7866
48586	-53.5705
48587	-53.3207
48588	-55.3235
48589	-57.9704
48590	-58.2645
48591	-49.8191
48592	-31.6023
48593	-24.2249
48594	-26.4174
48595	-39.2408
48596	-56.2928
48597	-61.0859
48598	-62.546
48599	-62.622
48600	-62.197
48601	-63.2821
48602	-64.6561
48603	-66.3575
48604	-66.7164
48605	-68.8811
48606	-69.8318
48607	-70.6919
48608	-70.787
48609	-70.7619
48610	-71.7171
48611	-71.4169
48612	-71.9067
48613	-72.4939
48614	-72.2926
48615	-72.9584
48616	-73.2285
48617	-71.282
48618	-68.1178
48619	-63.7466
48620	-66.3785
48621	-71.9299
48622	-72.0888
48623	-71.3561
48624	-70.0811
48625	-68.4333
48626	-68.894
48627	-68.8363
48628	-68.9164
48629	-69.62
48630	-71.0742
48631	-70.9087
48632	-66.9864
48633	-64.6895
48634	-64.6573
48635	-62.9296
48636	-61.8767
48637	-61.6811
48638	-63.2436
48639	-65.8259
48640	-67.5678
48641	-67.3111
48642	-56.8655
48643	-49.6472
48644	-51.876
48645	-62.8201
48646	-67.7553
48647	-67.4241
48648	-67.4487
48649	-66.036
48650	-66.127
48651	-67.4258
48652	-67.1016
48653	-63.0466
48654	-62.1903
48655	-67.2887
48656	-69.5541
48657	-69.051
48658	-68.8656
48659	-68.7632
48660	-67.5545
48661	-67.5703
48662	-68.5188
48663	-69.8736
48664	-71.437
48665	-69.2662
48666	-64.1626
48667	-59.4445
48668	-60.1449
48669	-64.8097
48670	-68.7933
48671	-69.8989
48672	-69.1092
48673	-67.8929
48674	-67.8895
48675	-67.5855
48676	-67.8897
48677	-68.1811
48678	-69.9711
48679	-70.9293
48680	-72.3856
48681	-73.548
48682	-73.0123
48683	-70.514
48684	-66.7703
48685	-65.3389
48686	-68.0324
48687	-70.1907
48688	-71.3681
48689	-71.9349
48690	-70.9234
48691	-68.8744
48692	-68.5649
48693	-69.5596
48694	-72.2668
48695	-72.6084
48696	-72.0109
48697	-71.5686
48698	-71.5211
48699	-70.6774
48700	-70.4475
48701	-69.613
48702	-69.6493
48703	-69.3325
48704	-69.2397
48705	-68.935
48706	-68.7859
48707	-66.8277
48708	-62.6147
48709	-58.2511
48710	-56.561
48711	-56.8579
48712	-59.7186
48713	-63.3792
48714	-66.3219
48715	-60.0433
48716	-51.8856
48717	-44.9791
48718	-46.2024
48719	-53.1874
48720	-59.8831
48721	-64.9373
48722	-65.7556
48723	-65.5732
48724	-65.2959
48725	-65.202
48726	-66.6153
48727	-67.8715
48728	-68.5532
48729	-69.4568
48730	-70.8926
48731	-71.0484
48732	-71.9531
48733	-72.1643
48734	-71.7163
48735	-71.0296
48736	-70.5739
48737	-70.6474
48738	-71.3426
48739	-72.6428
48740	-72.1303
48741	-71.0199
48742	-68.1283
48743	-63.7532
48744	-66.1839
48745	-72.2709
48746	-72.9016
48747	-72.8513
48748	-72.1335
48749	-71.0755
48750	-70.9932
48751	-69.8655
48752	-69.5656
48753	-69.2602
48754	-70.0015
48755	-70.2686
48756	-70.6486
48757	-69.2348
48758	-68.9168
48759	-66.8683
48760	-64.9156
48761	-64.9604
48762	-67.1189
48763	-69.5088
48764	-70.768
48765	-69.797
48766	-66.1226
48767	-62.5685
48768	-62.9199
48769	-66.6527
48770	-69.4721
48771	-69.4632
48772	-68.1112
48773	-65.4228
48774	-63.5434
48775	-63.8535
48776	-66.6503
48777	-65.8377
48778	-64.7915
48779	-65.2177
48780	-67.14
48781	-65.3651
48782	-64.5436
48783	-61.1261
48784	-54.2893
48785	-52.9788
48786	-58.3324
48787	-64.6483
48788	-67.214
48789	-64.8123
48790	-61.2284
48791	-57.6575
48792	-57.5943
48793	-61.4908
48794	-64.6222
48795	-66.1281
48796	-67.879
48797	-69.0156
48798	-69.221
48799	-68.265
48800	-68.5398
48801	-68.1812
48802	-68.9632
48803	-68.8679
48804	-70.6464
48805	-72.0121
48806	-72.4785
48807	-72.3555
48808	-66.7512
48809	-64.0054
48810	-68.2244
48811	-72.1573
48812	-73.0089
48813	-73.0765
48814	-72.8028
48815	-72.2259
48816	-72.2703
48817	-71.4076
48818	-72.4152
48819	-71.2113
48820	-71.152
48821	-70.7646
48822	-69.9646
48823	-68.6633
48824	-67.7657
48825	-67.3638
48826	-66.5479
48827	-64.9884
48828	-64.3179
48829	-63.6914
48830	-62.9187
48831	-60.5507
48832	-55.2176
48833	-47.2638
48834	-39.0604
48835	-37.1126
48836	-43.2203
48837	-52.7981
48838	-58.9631
48839	-55.192
48840	-49.8707
48841	-46.6699
48842	-46.4885
48843	-49.7128
48844	-55.1057
48845	-60.0089
48846	-63.1696
48847	-64.8503
48848	-66.0029
48849	-66.8735
48850	-67.8299
48851	-69.4366
48852	-69.3662
48853	-68.652
48854	-69.8927
48855	-70.9416
48856	-71.3819
48857	-71.4966
48858	-72.2802
48859	-71.6986
48860	-71.589
48861	-71.6431
48862	-72.7427
48863	-73.0207
48864	-73.0865
48865	-72.6135
48866	-70.4306
48867	-68.827
48868	-69.4313
48869	-71.3899
48870	-72.6284
48871	-72.0517
48872	-71.4887
48873	-69.5648
48874	-67.8488
48875	-67.157
48876	-68.1645
48877	-68.63
48878	-68.046
48879	-68.4506
48880	-69.1716
48881	-68.1953
48882	-66.6346
48883	-61.8405
48884	-55.2414
48885	-53.8947
48886	-59.0487
48887	-65.3795
48888	-67.6778
48889	-63.7078
48890	-60.2278
48891	-57.6637
48892	-57.176
48893	-60.3303
48894	-63.0906
48895	-62.7189
48896	-65.2133
48897	-64.9002
48898	-61.7235
48899	-62.3365
48900	-64.2552
48901	-63.7281
48902	-63.9134
48903	-62.6342
48904	-64.3435
48905	-67.4486
48906	-68.6154
48907	-64.9715
48908	-55.167
48909	-52.5611
48910	-59.2207
48911	-70.0851
48912	-70.3418
48913	-70.7728
48914	-70.6187
48915	-69.942
48916	-69.7467
48917	-69.0838
48918	-68.8774
48919	-67.2646
48920	-68.9708
48921	-71.9751
48922	-71.261
48923	-71.2039
48924	-70.4105
48925	-70.6033
48926	-71.1587
48927	-71.6688
48928	-71.8103
48929	-72.3332
48930	-72.3205
48931	-72.6791
48932	-69.5255
48933	-66.9423
48934	-69.3
48935	-72.2281
48936	-73.2188
48937	-72.7616
48938	-71.9687
48939	-71.3642
48940	-70.9835
48941	-70.7512
48942	-71.0255
48943	-71.8522
48944	-71.1489
48945	-70.2239
48946	-69.7881
48947	-67.9909
48948	-65.3073
48949	-64.0436
48950	-61.3902
48951	-59.8703
48952	-59.3954
48953	-59.497
48954	-60.7507
48955	-61.0909
48956	-57.3201
48957	-41.6315
48958	-28.218
48959	-25.4784
48960	-32.2737
48961	-50.2584
48962	-61.73
48963	-63.6171
48964	-63.858
48965	-62.4806
48966	-63.2115
48967	-63.4456
48968	-65.1182
48969	-66.9879
48970	-68.6528
48971	-70.1777
48972	-70.5355
48973	-70.4482
48974	-70.4021
48975	-70.7429
48976	-71.3013
48977	-70.9547
48978	-71.5279
48979	-72.2422
48980	-72.6272
48981	-73.0765
48982	-72.2235
48983	-69.0093
48984	-66.4793
48985	-66.1646
48986	-69.209
48987	-71.4908
48988	-71.7502
48989	-69.8996
48990	-68.6217
48991	-67.2669
48992	-68.35
48993	-68.9574
48994	-70.5824
48995	-72.7187
48996	-72.7846
48997	-70.1872
48998	-66.8954
48999	-65.3575
49000	-65.8659
49001	-65.1364
49002	-64.9866
49003	-65.1592
49004	-66.6929
49005	-68.3864
49006	-68.7879
49007	-64.0902
49008	-53.6749
49009	-51.0944
49010	-57.8743
49011	-69.659
49012	-69.7501
49013	-69.0863
49014	-67.8913
49015	-67.5103
49016	-68.7628
49017	-69.0208
49018	-67.2834
49019	-63.8763
49020	-66.098
49021	-71.4691
49022	-65.6488
49023	-65.8021
49024	-68.7586
49025	-69.7126
49026	-69.025
49027	-68.15
49028	-68.9117
49029	-69.629
49030	-70.289
49031	-66.8604
49032	-55.3434
49033	-51.8711
49034	-57.3811
49035	-67.4526
49036	-68.6306
49037	-67.8848
49038	-66.5136
49039	-64.8847
49040	-65.1912
49041	-65.4466
49042	-65.9576
49043	-65.9539
49044	-68.6589
49045	-71.1689
49046	-73.0811
49047	-72.1446
49048	-70.0246
49049	-68.6102
49050	-68.1243
49051	-67.3857
49052	-69.0645
49053	-70.4861
49054	-71.6891
49055	-71.1253
49056	-67.8254
49057	-65.6261
49058	-67.1685
49059	-70.0215
49060	-72.5859
49061	-73.0287
49062	-72.5349
49063	-72.3247
49064	-71.2869
49065	-71.3901
49066	-71.385
49067	-70.5398
49068	-70.6659
49069	-70.951
49070	-70.89
49071	-70.2497
49072	-68.2937
49073	-66.8104
49074	-64.3783
49075	-63.8516
49076	-63.487
49077	-63.3889
49078	-64.7664
49079	-63.9194
49080	-61.0166
49081	-43.7897
49082	-30.1336
49083	-26.8096
49084	-32.9882
49085	-49.6544
49086	-59.9949
49087	-61.8802
49088	-61.0324
49089	-59.7322
49090	-60.0006
49091	-60.3126
49092	-62.8987
49093	-65.074
49094	-66.4843
49095	-69.0089
49096	-70.1379
49097	-70.7198
49098	-71.6642
49099	-71.9077
49100	-70.6563
49101	-70.6884
49102	-71.1249
49103	-71.317
49104	-72.0856
49105	-73.2795
49106	-72.2665
49107	-70.966
49108	-67.7082
49109	-66.1408
49110	-70.5688
49111	-73.0225
49112	-72.2037
49113	-72.3597
49114	-71.8223
49115	-71.4102
49116	-71.2072
49117	-70.3585
49118	-70.8418
49119	-71.2164
49120	-71.5033
49121	-71.4377
49122	-68.3497
49123	-68.3138
49124	-69.181
49125	-69.1551
49126	-69.5372
49127	-70.0531
49128	-70.6458
49129	-70.8064
49130	-70.5751
49131	-67.9489
49132	-57.0853
49133	-53.6706
49134	-59.1211
49135	-68.3214
49136	-68.4502
49137	-66.5777
49138	-63.6563
49139	-63.245
49140	-64.0316
49141	-63.7556
49142	-64.2927
49143	-61.936
49144	-63.4067
49145	-65.8698
49146	-63.8575
49147	-62.5351
49148	-62.7628
49149	-59.386
49150	-56.9134
49151	-58.5197
49152	-61.3382
49153	-65.3694
49154	-67.9898
49155	-63.0588
49156	-56.4708
49157	-53.2845
49158	-56.7254
49159	-64.056
49160	-66.9535
49161	-68.7809
49162	-68.7816
49163	-68.0805
49164	-68.1416
49165	-68.434
49166	-67.485
49167	-67.0521
49168	-67.9029
49169	-70.1529
49170	-71.6851
49171	-72.5367
49172	-72.0095
49173	-70.651
49174	-67.9438
49175	-68.7131
49176	-71.0637
49177	-72.4745
49178	-72.7833
49179	-73.1546
49180	-72.3162
49181	-71.7635
49182	-71.976
49183	-72.1119
49184	-71.8103
49185	-71.519
49186	-71.1642
49187	-70.7486
49188	-69.4532
49189	-68.8237
49190	-69.5701
49191	-69.0726
49192	-67.5164
49193	-66.407
49194	-66.0194
49195	-64.0668
49196	-62.0445
49197	-58.6043
49198	-53.2807
49199	-48.5903
49200	-45.9552
49201	-47.5284
49202	-51.9281
49203	-56.9366
49204	-56.9491
49205	-48.8312
49206	-39.9681
49207	-36.6398
49208	-41.282
49209	-49.8283
49210	-56.8998
49211	-61.3575
49212	-62.8969
49213	-63.5033
49214	-64.3684
49215	-65.2895
49216	-66.8988
49217	-67.4204
49218	-67.9414
49219	-68.8934
49220	-70.2301
49221	-70.9568
49222	-71.0353
49223	-71.353
49224	-72.2315
49225	-71.5555
49226	-72.3312
49227	-72.3684
49228	-72.7871
49229	-73.1233
49230	-72.9141
49231	-71.7769
49232	-66.853
49233	-64.7229
49234	-69.4475
49235	-73.0249
49236	-72.1283
49237	-71.5466
49238	-69.8594
49239	-68.8737
49240	-68.7397
49241	-68.4082
49242	-68.4646
49243	-68.4393
49244	-69.5593
49245	-68.8285
49246	-66.9516
49247	-65.5692
49248	-63.8968
49249	-60.0313
49250	-57.422
49251	-59.0111
49252	-62.7701
49253	-66.0472
49254	-67.413
49255	-62.4386
49256	-55.6002
49257	-52.4012
49258	-56.2433
49259	-63.3287
49260	-64.6953
49261	-65.9324
49262	-66.3175
49263	-64.0275
49264	-64.6294
49265	-65.7773
49266	-65.4334
49267	-63.0596
49268	-64.0416
49269	-65.6944
49270	-68.4665
49271	-69.5599
49272	-68.421
49273	-63.5699
49274	-60.192
49275	-61.5309
49276	-66.3263
49277	-70.2852
49278	-70.9507
49279	-69.7142
49280	-68.0789
49281	-66.5138
49282	-67.1288
49283	-69.1063
49284	-69.4656
49285	-69.5567
49286	-70.2682
49287	-70.2529
49288	-69.7502
49289	-69.4417
49290	-69.9215
49291	-70.31
49292	-70.9437
49293	-71.4311
49294	-72.4254
49295	-72.9068
49296	-73.0583
49297	-70.8883
49298	-65.0325
49299	-65.2804
49300	-70.2818
49301	-71.8954
49302	-72.8111
49303	-71.9813
49304	-71.113
49305	-70.5079
49306	-70.6965
49307	-71.1995
49308	-72.0009
49309	-72.0586
49310	-71.5033
49311	-70.9464
49312	-70.4456
49313	-68.8298
49314	-68.1796
49315	-67.3834
49316	-65.526
49317	-64.9516
49318	-64.7676
49319	-65.0312
49320	-65.1754
49321	-62.5792
49322	-55.9377
49323	-48.8206
49324	-43.0619
49325	-44.3001
49326	-52.9558
49327	-61.3068
49328	-65.2205
49329	-63.7056
49330	-60.8289
49331	-58.9973
49332	-60.1254
49333	-60.9806
49334	-65.1921
49335	-68.4232
49336	-69.1755
49337	-69.2309
49338	-69.0396
49339	-69.572
49340	-69.6491
49341	-69.9885
49342	-70.5271
49343	-71.131
49344	-71.7015
49345	-71.8591
49346	-72.1898
49347	-72.8478
49348	-71.2211
49349	-68.7817
49350	-68.3991
49351	-69.5448
49352	-71.0793
49353	-71.6951
49354	-71.4177
49355	-69.1112
49356	-66.4968
49357	-65.0971
49358	-67.9009
49359	-71.5627
49360	-73.9113
49361	-73.176
49362	-71.5224
49363	-70.6531
49364	-68.7147
49365	-67.7594
49366	-67.6744
49367	-67.6357
49368	-67.8911
49369	-67.919
49370	-69.4148
49371	-69.8734
49372	-67.5036
49373	-61.8128
49374	-57.7646
49375	-59.1105
49376	-65.1809
49377	-69.847
49378	-71.032
49379	-70.068
49380	-69.8868
49381	-69.4533
49382	-69.2264
49383	-69.3574
49384	-68.7738
49385	-68.9577
49386	-69.4815
49387	-65.5992
49388	-62.3395
49389	-64.8345
49390	-68.4478
49391	-67.6823
49392	-66.3145
49393	-67.2871
49394	-67.9202
49395	-67.5608
49396	-68.1501
49397	-58.5304
49398	-50.5286
49399	-51.5624
49400	-62.2753
49401	-67.6429
49402	-67.0715
49403	-64.8334
49404	-62.545
49405	-61.4192
49406	-62.4655
49407	-63.9196
49408	-65.2806
49409	-65.3688
49410	-68.9693
49411	-71.4805
49412	-70.2663
49413	-69.3921
49414	-68.6954
49415	-68.9731
49416	-68.9172
49417	-68.8546
49418	-70.5958
49419	-71.5445
49420	-72.1866
49421	-70.6686
49422	-63.9772
49423	-64.3886
49424	-69.4483
49425	-71.8457
49426	-73.1953
49427	-72.5278
49428	-72.8368
49429	-72.1857
49430	-71.7901
49431	-71.9565
49432	-71.498
49433	-70.6302
49434	-71.0871
49435	-70.565
49436	-70.0736
49437	-68.4941
49438	-66.7358
49439	-66.221
49440	-64.4002
49441	-63.763
49442	-62.6189
49443	-63.4477
49444	-62.6885
49445	-60.2007
49446	-52.6565
49447	-33.6126
49448	-24.8348
49449	-25.9299
49450	-36.9111
49451	-55.8379
49452	-58.9763
49453	-57.3541
49454	-54.4623
49455	-53.3909
49456	-53.9824
49457	-55.8324
49458	-59.7369
49459	-62.548
49460	-65.5502
49461	-67.645
49462	-68.4641
49463	-69.1784
49464	-70.7753
49465	-71.3304
49466	-70.405
49467	-69.9029
49468	-70.8716
49469	-71.8402
49470	-72.0522
49471	-72.5148
49472	-72.9098
49473	-70.8933
49474	-69.847
49475	-70.4159
49476	-72.5448
49477	-72.4574
49478	-72.6374
49479	-72.5621
49480	-71.2919
49481	-70.9256
49482	-71.1824
49483	-71.2692
49484	-72.0853
49485	-72.4455
49486	-71.6891
49487	-69.1747
49488	-66.2148
49489	-67.465
49490	-68.5365
49491	-68.7607
49492	-68.5269
49493	-69.612
49494	-69.3117
49495	-69.6022
49496	-69.4279
49497	-59.424
49498	-51.6634
49499	-52.7272
49500	-62.8645
49501	-68.3861
49502	-66.6769
49503	-62.9791
49504	-61.3853
49505	-61.5292
49506	-61.5938
49507	-62.5538
49508	-62.3289
49509	-60.622
49510	-65.6631
49511	-64.2281
49512	-60.2772
49513	-62.6395
49514	-62.0791
49515	-61.576
49516	-61.2321
49517	-61.4232
49518	-63.4526
49519	-66.9297
49520	-68.3909
49521	-60.2074
49522	-51.5033
49523	-52.0512
49524	-61.1834
49525	-69.4838
49526	-69.649
49527	-69.2866
49528	-69.4257
49529	-68.2894
49530	-68.6381
49531	-68.4509
49532	-67.0084
49533	-66.2134
49534	-69.6481
49535	-71.7817
49536	-72.3664
49537	-71.7715
49538	-71.0003
49539	-71.3235
49540	-70.5223
49541	-71.3859
49542	-72.4719
49543	-72.6454
49544	-72.4157
49545	-72.3959
49546	-70.3242
49547	-70.3796
49548	-71.3084
49549	-72.8269
49550	-72.371
49551	-71.7912
49552	-71.9122
49553	-70.5721
49554	-69.8241
49555	-70.2381
49556	-71.3656
49557	-70.3216
49558	-68.7889
49559	-68.2646
49560	-67.124
49561	-64.9711
49562	-62.0417
49563	-58.945
49564	-55.2978
49565	-53.7808
49566	-53.2309
49567	-54.856
49568	-57.73
49569	-58.7173
49570	-53.4456
49571	-34.0456
49572	-24.9163
49573	-25.4592
49574	-36.3818
49575	-54.8855
49576	-60.6734
49577	-62.5837
49578	-63.0357
49579	-62.3167
49580	-63.5461
49581	-64.4532
49582	-66.3062
49583	-66.6257
49584	-68.6582
49585	-70.0531
49586	-70.6589
49587	-70.9652
49588	-70.699
49589	-71.5621
49590	-71.8117
49591	-71.9875
49592	-72.4652
49593	-72.4117
49594	-72.7236
49595	-73.1595
49596	-71.5107
49597	-68.8471
49598	-63.9373
49599	-64.9966
49600	-71.373
49601	-72.2215
49602	-71.5834
49603	-70.3053
49604	-68.4807
49605	-68.9515
49606	-69.1073
49607	-68.7625
49608	-69.5209
49609	-70.7359
49610	-71.2629
49611	-67.9861
49612	-64.9337
49613	-65.0081
49614	-63.4299
49615	-62.0995
49616	-61.4565
49617	-63.0237
49618	-65.302
49619	-67.3154
49620	-67.5914
49621	-59.4928
49622	-50.4456
49623	-51.039
49624	-60.549
49625	-68.0838
49626	-67.5442
49627	-67.727
49628	-66.7786
49629	-66.3591
49630	-67.5271
49631	-67.7827
49632	-63.8828
49633	-62.1327
49634	-66.329
49635	-69.5609
49636	-68.957
49637	-68.9237
49638	-69.362
49639	-68.4929
49640	-68.5433
49641	-69.0616
49642	-69.8963
49643	-71.2186
49644	-69.5837
49645	-64.6117
49646	-59.1338
49647	-58.8609
49648	-63.366
49649	-68.2808
49650	-69.854
49651	-69.2056
49652	-67.8619
49653	-68.0347
49654	-67.6011
49655	-67.689
49656	-67.8933
49657	-69.3195
49658	-70.86
49659	-71.8333
49660	-73.3941
49661	-73.5855
49662	-71.0097
49663	-67.3077
49664	-65.1312
49665	-67.3349
49666	-69.7156
49667	-71.3196
49668	-71.8953
49669	-70.948
49670	-69.1249
49671	-68.3682
49672	-69.0932
49673	-71.7213
49674	-72.721
49675	-72.0176
49676	-71.8138
49677	-71.6767
49678	-70.8973
49679	-70.387
49680	-69.6718
49681	-69.6927
49682	-69.5871
49683	-69.0653
49684	-69.1658
49685	-69.0208
49686	-67.6284
49687	-64.1697
49688	-59.4765
49689	-58.1938
49690	-57.6917
49691	-60.2494
49692	-63.5959
49693	-65.7448
49694	-60.5748
49695	-52.23
49696	-44.4315
49697	-44.4853
49698	-51.1848
49699	-57.9194
49700	-63.7695
49701	-65.4434
49702	-65.3434
49703	-65.0691
49704	-65.2116
49705	-66.0225
49706	-67.7519
49707	-68.3163
49708	-69.1228
49709	-70.791
49710	-71.0369
49711	-71.7995
49712	-72.0891
49713	-71.9064
49714	-70.9136
49715	-70.7252
49716	-70.6204
49717	-71.1487
49718	-72.2445
49719	-72.475
49720	-71.4613
49721	-69.4662
49722	-64.396
49723	-65.4993
49724	-71.7379
49725	-72.9726
49726	-72.9599
49727	-72.3017
49728	-71.278
49729	-70.9286
49730	-70.0405
49731	-69.8176
49732	-69.3483
49733	-69.7913
49734	-70.257
49735	-70.4448
49736	-69.3368
49737	-69.1585
49738	-67.9048
49739	-66.1121
49740	-65.694
49741	-67.5514
49742	-69.5882
49743	-70.9546
49744	-69.9656
49745	-66.1468
49746	-61.9108
49747	-61.4312
49748	-65.0579
49749	-69.1115
49750	-69.4966
49751	-68.3203
49752	-65.5451
49753	-63.6954
49754	-63.3959
49755	-66.0641
49756	-65.7668
49757	-64.6891
49758	-64.5022
49759	-66.7708
49760	-65.6027
49761	-64.5012
49762	-62.3589
49763	-55.2518
49764	-52.5621
49765	-56.9355
49766	-63.5517
49767	-67.3444
49768	-65.4932
49769	-61.9961
49770	-58.2194
49771	-57.3895
49772	-60.7895
49773	-64.2003
49774	-65.7558
49775	-67.3263
49776	-68.9135
49777	-69.2978
49778	-68.4638
49779	-68.4002
49780	-68.2471
49781	-68.8222
49782	-68.8779
49783	-70.2621
49784	-71.9175
49785	-72.2973
49786	-72.7488
49787	-68.2066
49788	-64.2279
49789	-67.4385
49790	-72.0576
49791	-72.9635
49792	-73.1211
49793	-72.719
49794	-72.3149
49795	-72.4611
49796	-71.3653
49797	-72.3245
49798	-71.3235
49799	-71.1065
49800	-70.9143
49801	-70.1099
49802	-68.8337
49803	-67.955
49804	-67.4323
49805	-66.7544
49806	-65.2062
49807	-64.4229
49808	-63.7117
49809	-62.8989
49810	-61.0064
49811	-56.1034
49812	-48.5393
49813	-40.1011
49814	-36.761
49815	-41.5234
49816	-50.7738
49817	-58.2274
49818	-56.1069
49819	-50.8954
49820	-47.0356
49821	-46.2317
49822	-49.1648
49823	-54.1754
49824	-59.358
49825	-62.5758
49826	-64.5073
49827	-66.0426
49828	-66.6854
49829	-67.5783
49830	-69.285
49831	-69.4728
49832	-68.7462
49833	-69.7247
49834	-70.8827
49835	-71.2485
49836	-71.4527
49837	-71.9739
49838	-72.0344
49839	-71.9017
49840	-71.7889
49841	-72.5005
49842	-73.1159
49843	-72.8214
49844	-72.5149
49845	-70.6338
49846	-68.6705
49847	-68.6604
49848	-70.9686
49849	-72.4599
49850	-72.2455
49851	-71.5582
49852	-69.8454
49853	-67.8609
49854	-67.1065
49855	-67.8499
49856	-68.4847
49857	-68.0818
49858	-68.2926
49859	-68.9801
49860	-68.4974
49861	-66.6729
49862	-62.9535
49863	-55.9719
49864	-53.4247
49865	-57.6695
49866	-64.2567
49867	-68.0772
49868	-64.519
49869	-60.7183
49870	-58.2439
49871	-56.9811
49872	-59.7089
49873	-62.9782
49874	-62.7232
49875	-64.666
49876	-65.5097
49877	-62.7525
49878	-62.0352
49879	-64.3231
49880	-63.6461
49881	-63.9216
49882	-62.7917
49883	-64.003
49884	-66.9019
49885	-68.5361
49886	-67.0095
49887	-56.9368
49888	-52.9491
49889	-57.9821
49890	-69.0807
49891	-70.3472
49892	-70.7943
49893	-70.7649
49894	-70.0894
49895	-69.5867
49896	-69.1364
49897	-69.0497
49898	-67.8062
49899	-68.6116
49900	-71.821
49901	-71.3878
49902	-71.2306
49903	-70.5418
49904	-70.4056
49905	-71.33
49906	-71.4759
49907	-71.9122
49908	-72.4294
49909	-72.1939
49910	-73.0249
49911	-70.0574
49912	-66.3905
49913	-68.4823
49914	-71.9393
49915	-72.7092
49916	-72.9856
49917	-71.9928
49918	-71.2909
49919	-71.073
49920	-70.7403
49921	-70.941
49922	-71.9543
49923	-71.4156
49924	-70.457
49925	-70.0084
49926	-68.4729
49927	-65.8801
49928	-64.6143
49929	-62.0478
49930	-59.9624
49931	-59.7194
49932	-59.5701
49933	-60.8965
49934	-61.3486
49935	-58.9689
49936	-45.5536
49937	-30.4039
49938	-25.9783
49939	-30.9974
49940	-46.8982
49941	-61.5616
49942	-63.8073
49943	-64.3867
49944	-62.9326
49945	-63.3687
49946	-63.6518
49947	-64.8109
49948	-66.9744
49949	-68.4607
49950	-70.212
49951	-70.6471
49952	-70.7734
49953	-70.4941
49954	-70.6067
49955	-71.3127
49956	-71.231
49957	-71.4076
49958	-72.1703
49959	-72.5787
49960	-73.0123
49961	-72.3531
49962	-69.4919
49963	-66.8514
49964	-65.8375
49965	-68.5386
49966	-71.3052
49967	-71.6754
49968	-70.1711
49969	-68.8322
49970	-67.36
49971	-68.3775
49972	-68.778
49973	-70.2609
49974	-72.4017
49975	-72.9844
49976	-70.7831
49977	-67.832
49978	-65.6372
49979	-65.8794
49980	-65.2439
49981	-65.0486
49982	-65.0014
49983	-66.6155
49984	-68.2084
49985	-68.8085
49986	-66.0734
49987	-55.3578
49988	-51.3275
49989	-56.5168
49990	-68.4269
49991	-69.9521
49992	-69.409
49993	-68.3788
49994	-67.8008
49995	-68.9861
49996	-69.4452
49997	-68.0833
49998	-64.697
49999	-65.7799
